VTuber ID,Video Type,Title,Publish Time,URL,Thumbnail URL
7342e2aefa41449880565dfd15a35cad,upcoming,「Misù Ch. 鹿咲ミス 」直播,1970-01-01T00:00:00Z,https://www.youtube.com/watch?v=N7UR2Tago5s,https://i.ytimg.com/vi/N7UR2Tago5s/mqdefault_live.jpg
fcf160e0e39147b4b4037d1e4d18f076,upcoming,【測測試試】我要再看一次我的網路會不會爆炸 【夜楓月宸】,1970-01-01T00:00:00Z,https://www.youtube.com/watch?v=5yH86cLVwA4,https://i.ytimg.com/vi/5yH86cLVwA4/mqdefault_live.jpg
73abc31606db493f971f679dfde4f7e5,upcoming,🌟LIVE 03.11 —【星海☆ StarOcean】海洋精靈 VTuber｜突襲直播！老闆和員工一起修車！？,1970-01-01T00:00:00Z,https://www.youtube.com/watch?v=fMAcEAeK8Rs,https://i.ytimg.com/vi/fMAcEAeK8Rs/mqdefault_live.jpg
aa9fa329d639488dbb860b8f8b3235f8,upcoming,Rie Miyasaka ch. 宮榊リエ Live Stream,1970-01-01T00:00:00Z,https://www.youtube.com/watch?v=q4mKGuofTdg,https://i.ytimg.com/vi/q4mKGuofTdg/mqdefault_live.jpg
018244f1ad404c9eaa4ddf747c3bafa0,upcoming,【異界魔姬】審判之日臨近，掀起革命風暴！朝王都出發回到人界復仇(Switch),1970-01-01T00:00:00Z,https://www.youtube.com/watch?v=CoXLTUdY87s,https://i.ytimg.com/vi/CoXLTUdY87s/mqdefault_live.jpg
28e0e0a574fe4deca3d5ded0aa5d64ef,upcoming,「Belmoru Ch.莫爾」直播,1970-01-01T00:00:00Z,https://www.youtube.com/watch?v=8fnDurmJjsE,https://i.ytimg.com/vi/8fnDurmJjsE/mqdefault_live.jpg
2e58c53f72f144dbad853ca8630dab19,upcoming,「蛸宮綿子🐙🧪」直播,1970-01-01T00:00:00Z,https://www.youtube.com/watch?v=-N1zeSRLWCw,https://i.ytimg.com/vi/-N1zeSRLWCw/mqdefault_live.jpg
e63fd2ead17a4b57b256fcd55fe83b0e,upcoming,【FINAL FANTASY XIV and Never Grave: The Witch and The Curse】究竟是流浪街頭還是成為有房一族呢！？,1970-01-01T00:00:00Z,https://www.youtube.com/watch?v=_u2Oxv9X6Ek,https://i.ytimg.com/vi/_u2Oxv9X6Ek/mqdefault_live.jpg
07930a961f0b4078a14f0a57f0a93965,upcoming,【Resident Evil 6】里昂線 pt.3 救一個妹妹然後毀滅全世界【鶴目瑞羽】,1970-01-01T00:00:00Z,https://www.youtube.com/watch?v=9xRpU4L47lI,https://i.ytimg.com/vi/9xRpU4L47lI/mqdefault_live.jpg
3353f8693d7b4caa82abeb2de3d89815,upcoming,【4/19】 星期六! ヾ(*ΦωΦ)ツ   #貓貓桃實 #深夜  #初見歡迎 #讀空氣,1970-01-01T00:00:00Z,https://www.youtube.com/watch?v=JgU-sxLlfGs,https://i.ytimg.com/vi/JgU-sxLlfGs/mqdefault_live.jpg
78b333b99eb242ad96a8ee82275a0e98,upcoming,「呼嚕嚕」直播,1970-01-01T00:00:00Z,https://www.youtube.com/watch?v=QTMux5RO8as,https://i.ytimg.com/vi/QTMux5RO8as/mqdefault_live.jpg
e0535f2d38f04d26aca33772bccb33b8,upcoming,【魔獸世界】魔獸世界12.0至暗之夜最新傳奇5人副本【橘拉芙/VTuber】,1970-01-01T00:00:00Z,https://www.youtube.com/watch?v=SWl0ASXizc0,https://i.ytimg.com/vi/SWl0ASXizc0/mqdefault_live.jpg
951dd0b605d04163b38de18262e9a438,upcoming,【全物品收集2.0 - EP 2】來看看兔子今天又有多遠的路要走吧  | YukiのSakura雪也櫻,1970-01-01T00:00:00Z,https://www.youtube.com/watch?v=mhe0C2D_ers,https://i.ytimg.com/vi/mhe0C2D_ers/mqdefault_live.jpg
6885bffce2184355bed557901e079522,upcoming,【惡靈古堡：安魂曲】突發 瘋狂無傷 練習 禁無限 #初見歡迎 #降落歡迎,1970-01-01T00:00:00Z,https://www.youtube.com/watch?v=YMVsSrU5be8,https://i.ytimg.com/vi/YMVsSrU5be8/mqdefault_live.jpg
31888d1a66654eee82d4dd22017db978,upcoming,「小企來啦」直播,1970-01-01T00:00:00Z,https://www.youtube.com/watch?v=FCoJ3gp5t7o,https://i.ytimg.com/vi/FCoJ3gp5t7o/mqdefault_live.jpg
2ff93e20894245d49004276e3b51e64f,upcoming,「祈音 💌 2/22初配信」直播,1970-01-01T00:00:00Z,https://www.youtube.com/watch?v=V8FJZEhKjL0,https://i.ytimg.com/vi/V8FJZEhKjL0/mqdefault_live.jpg
aab094af87d74f3cbcb332bdac03fa23,upcoming,【雜談】開台發呆！【赫姆‧謝普蘇】,1970-01-01T00:00:00Z,https://www.youtube.com/watch?v=dmV2zfhtncI,https://i.ytimg.com/vi/dmV2zfhtncI/mqdefault_live.jpg
1645f4035c9b42019c61d630fc75d5e0,upcoming,【突發!!!遊雜】久違的在YT開 打打魔物喝喝酒#初見さん大歓迎 #遊戲實況,1970-01-01T00:00:00Z,https://www.youtube.com/watch?v=c1hq0m2fQWE,https://i.ytimg.com/vi/c1hq0m2fQWE/mqdefault_live.jpg
8c494e45ce5b462aa744d46bbdc54021,upcoming,"🔴【直播】📣來建造防禦工事和雇傭超級打手🤖｜外面的殭屍們通通給我下去☠️｜Re: 從零開始的異世界殖民計畫🎬【Mr.Taylor Channel】Ft. Qinya, 白月詩凜",1970-01-01T00:00:00Z,https://www.youtube.com/watch?v=QaiIqTLr8Zc,https://i.ytimg.com/vi/QaiIqTLr8Zc/mqdefault_live.jpg
9fb51e14ba1c499eb6383a7a166a4d52,upcoming,│20260308│#轮回修仙传 #輪迴修仙傳│又一個輪迴的遊戲！這次是修仙│ #vtuber  #古風 #初見歡迎  #陪伴 #遊戲 #steam #battle #歡迎降落,1970-01-01T00:00:00Z,https://www.youtube.com/watch?v=t68rT9wAxAQ,https://i.ytimg.com/vi/t68rT9wAxAQ/mqdefault_live.jpg
f5ef8ac02db547dd92da5e87717a8dca,upcoming,【0419】遙遠的銀牌,1970-01-01T00:00:00Z,https://www.youtube.com/watch?v=S4t2GRR52Jg,https://i.ytimg.com/vi/S4t2GRR52Jg/mqdefault_live.jpg
566e5b6f438a4cacb3e4036eb9ffe9b8,upcoming,重開阿,1970-01-01T00:00:00Z,https://www.youtube.com/watch?v=wFgCRVYE1Ts,https://i.ytimg.com/vi/wFgCRVYE1Ts/mqdefault_live.jpg
20b9316c0979495fbff724be3442d4a4,upcoming,【霍格沃兹之遗 Hogwarts Legacy】EP09 [城 游音Yune] #游音,1970-01-01T00:00:00Z,https://www.youtube.com/watch?v=ixpCmVfeFFA,https://i.ytimg.com/vi/ixpCmVfeFFA/mqdefault_live.jpg
83e0f3520699474ba7f017e5e4388a5f,upcoming,直播測試 (我沒有架麥克風所以沒有聲音),1970-01-01T00:00:00Z,https://www.youtube.com/watch?v=cHOmHvZiBNA,https://i.ytimg.com/vi/cHOmHvZiBNA/mqdefault_live.jpg
433b2802b62441a39c721400926d59eb,upcoming,【Minecraft】MacOS OBS壓力測試,1970-01-01T00:00:00Z,https://www.youtube.com/watch?v=5cVjxcYhFFU,https://i.ytimg.com/vi/5cVjxcYhFFU/mqdefault_live.jpg
095d5621db8b44ed914d81f9e1183673,upcoming,【練歌回】我再不唱歌就要發霉了【拉爾妮蒂 Lar Niti】,1970-01-01T00:00:00Z,https://www.youtube.com/watch?v=MyjwpBvfIB4,https://i.ytimg.com/vi/MyjwpBvfIB4/mqdefault_live.jpg
281c7713c21e41bcb6e81365f328ab8c,upcoming,【巔峰極速】突然想起好像要開直播才行~沒技術請放心【喵奈ネコドン】,1970-01-01T00:00:00Z,https://www.youtube.com/watch?v=W0tBvjrAcRU,https://i.ytimg.com/vi/W0tBvjrAcRU/mqdefault_live.jpg
7c6c40e2c7b64a6997fb2173f446860f,upcoming,【雜談】補充昨天大翻車的初配信內容【哀別·骼雷夫 - Aibelz Grave -】,1970-01-01T00:00:00Z,https://www.youtube.com/watch?v=O26Eu-dHtHQ,https://i.ytimg.com/vi/O26Eu-dHtHQ/mqdefault_live.jpg
08d8f03223a54fb3807d49fb7c30b434,upcoming,「雪月Yuzuki 【】個人勢【】」直播,1970-01-01T00:00:00Z,https://www.youtube.com/watch?v=eUP4h0Lafk4,https://i.ytimg.com/vi/eUP4h0Lafk4/mqdefault_live.jpg
b1cb513e2511484cabbac00140b4a95c,upcoming,「Shizuru Ch.詩瑠」直播,1970-01-01T00:00:00Z,https://www.youtube.com/watch?v=8rmnesrOh-0,https://i.ytimg.com/vi/8rmnesrOh-0/mqdefault_live.jpg
f5a99c6ea78e4023b1bc84c1502f432d,upcoming,麻雀河豚復古狩獵台【Vsupport Fugu Aurelius｝,1970-01-01T00:00:00Z,https://www.youtube.com/watch?v=2GVBujEP2TM,https://i.ytimg.com/vi/2GVBujEP2TM/mqdefault_live.jpg
cf100db6a3dc4010b32802b75f5abc14,upcoming,[個人勢VT-武闇],1970-01-01T00:00:00Z,https://www.youtube.com/watch?v=dfHMR0Xn3i0,https://i.ytimg.com/vi/dfHMR0Xn3i0/mqdefault_live.jpg
9ad37d3249e24861bc8cb84368883258,upcoming,▲ #residentevilrevelations2 ▼ 切切切 _夏賀円那 | #台灣Vtuber #vtuber #降落歡迎,1970-01-01T00:00:00Z,https://www.youtube.com/watch?v=_I_P1JQv9pg,https://i.ytimg.com/vi/_I_P1JQv9pg/mqdefault_live.jpg
ebc44e2ba78f4790b832d02c31410262,upcoming,【MageArena】巫術大亂鬥 看我唸死你們！,1970-01-01T00:00:00Z,https://www.youtube.com/watch?v=lhwB5d2LHhc,https://i.ytimg.com/vi/lhwB5d2LHhc/mqdefault_live.jpg
b0a7d70ae76549f5b4418e56ee4ad43f,upcoming,【遊戲】跟吱吱一起玩遊戲~ @nezumi_zizi｜雲貓2.0募資中｜像素男友,1970-01-01T00:00:00Z,https://www.youtube.com/watch?v=mgwYGvnqp-4,https://i.ytimg.com/vi/mgwYGvnqp-4/mqdefault_live.jpg
e58a5a6f40e040d79bbcd139824d6fc7,upcoming,【雨咩】奇幻動漫祭PS03 Vtuber見面會,1970-01-01T00:00:00Z,https://www.youtube.com/watch?v=MroS6zHic8E,https://i.ytimg.com/vi/MroS6zHic8E/mqdefault_live.jpg
1323f1b775bf43659f8b8ec2899522cd,upcoming,【】,1970-01-01T00:00:00Z,https://www.youtube.com/watch?v=5-ayQjwcz8k,https://i.ytimg.com/vi/5-ayQjwcz8k/mqdefault_live.jpg
bb1cda940e0a44b3a25f3e368c19c490,upcoming,【#】【採墨 ChatmurTalk】#台灣Vtuber #버튜버 #대만버튜버,1970-01-01T00:00:00Z,https://www.youtube.com/watch?v=tPCn8_UF-ac,https://i.ytimg.com/vi/tPCn8_UF-ac/mqdefault_live.jpg
6481e646412745d3b2fa38255cef0da4,upcoming,「維芽 Viya」直播,1970-01-01T00:00:00Z,https://www.youtube.com/watch?v=7-gGNG7jPLE,https://i.ytimg.com/vi/7-gGNG7jPLE/mqdefault_live.jpg
a60e76fb18f44818980d7d5b07cf82c9,upcoming,「璦格蓓菈AgaBerrila ch.」直播,1970-01-01T00:00:00Z,https://www.youtube.com/watch?v=e9T7PwTHfMo,https://i.ytimg.com/vi/e9T7PwTHfMo/mqdefault_live.jpg
076c16fcd0c843c0b70748712d15f233,upcoming,佛滅後至部派佛教時期，簡易歷史與分裂原因。,1970-01-01T00:00:00Z,https://www.youtube.com/watch?v=HYgsvMdQax0,https://i.ytimg.com/vi/HYgsvMdQax0/mqdefault_live.jpg
208d8aa3792641d6ae4e0de5a10a4a6f,upcoming,【my voice zoo】跟女兒一起玩 幫動物配聲音 #vtuber  #台V #初見さん大歓迎 #初見歓迎  #台灣vtuber #女V  #絲出名,1970-01-01T00:00:00Z,https://www.youtube.com/watch?v=lTeRhmR-nfE,https://i.ytimg.com/vi/lTeRhmR-nfE/mqdefault_live.jpg
6abc6d7010ed4b7a88b2566b171c9005,upcoming,「塩月墨瀧 Sutaki Ch.」直播,1970-01-01T00:00:00Z,https://www.youtube.com/watch?v=sL9oMwTlhT0,https://i.ytimg.com/vi/sL9oMwTlhT0/mqdefault_live.jpg
9c913230c732455c9604dae9ebcfa64e,upcoming,【小宇實況】細心教妹妹開車的藍貓葛格 4/6【 Teach my little sister how to drive DEMO】,1970-01-01T00:00:00Z,https://www.youtube.com/watch?v=S3B-UvQOJ7A,https://i.ytimg.com/vi/S3B-UvQOJ7A/mqdefault_live.jpg
4dc4dc5b3dc24cb193ec2a127059c194,upcoming,閒聊,1970-01-01T00:00:00Z,https://www.youtube.com/watch?v=OLZh4kXVkXY,https://i.ytimg.com/vi/OLZh4kXVkXY/mqdefault_live.jpg
44f1d1ad14034bd3949ad6f84624f0e4,upcoming,〖#apex 〗ɶ 開始學習配配人的第一天📔｜ ʚ 嘻希呦 ShiKi nozomi ɞ,1970-01-01T00:00:00Z,https://www.youtube.com/watch?v=dZfpoZF_KCw,https://i.ytimg.com/vi/dZfpoZF_KCw/mqdefault_live.jpg
903278eb21a342669dc6f7eea7dbe618,upcoming,「可可卡cococa」直播,1970-01-01T00:00:00Z,https://www.youtube.com/watch?v=aDOGJ8pzTjM,https://i.ytimg.com/vi/aDOGJ8pzTjM/mqdefault_live.jpg
6717d34e87574888848bc45c86bd80e6,upcoming,波媄露比RubyPome【0225 9點 Twitch初配信】 Live Stream,1970-01-01T00:00:00Z,https://www.youtube.com/watch?v=EFgbIKdZP8s,https://i.ytimg.com/vi/EFgbIKdZP8s/mqdefault_live.jpg
9643c650b1804107b85de1f08010aa9d,upcoming,【這個直播房關不掉XD】,1970-01-01T00:00:00Z,https://www.youtube.com/watch?v=QqS4cRY3nZk,https://i.ytimg.com/vi/QqS4cRY3nZk/mqdefault_live.jpg
6a9a7c7dc3f94605b5f619e9fbcfa33d,upcoming,「Laphria ch. 拉斐利婭」直播,1970-01-01T00:00:00Z,https://www.youtube.com/watch?v=4lGCqZeyBBY,https://i.ytimg.com/vi/4lGCqZeyBBY/mqdefault_live.jpg
4b214cdeac0649989f03f39e497816cf,upcoming,「Weiwei_rabbit ch. 兔子偉威」直播,1970-01-01T00:00:00Z,https://www.youtube.com/watch?v=ouUD6Urqf2Y,https://i.ytimg.com/vi/ouUD6Urqf2Y/mqdefault_live.jpg
341ca5efce084743977d3b74315a30ab,upcoming,「Pleiades ch. 昴 ‧ 艾姆 」直播,1970-01-01T00:00:00Z,https://www.youtube.com/watch?v=ubsEpJn679w,https://i.ytimg.com/vi/ubsEpJn679w/mqdefault_live.jpg
78c188fcd01a4ba382fb153ec86a7367,upcoming,「Fuyoko ch. 靈嶺不夜狐」直播,1970-01-01T00:00:00Z,https://www.youtube.com/watch?v=nQYtBtfl0Ts,https://i.ytimg.com/vi/nQYtBtfl0Ts/mqdefault_live.jpg
40a4357f990e4fd8ad2ac18c26603925,upcoming,《神社仕事中》明天開工 先來個古戰,1970-01-01T00:00:00Z,https://www.youtube.com/watch?v=TsvQHkuGqKM,https://i.ytimg.com/vi/TsvQHkuGqKM/mqdefault_live.jpg
65ada733fbe64a3a86aae7737e32fad0,upcoming,【標題】標題文字 | ❄️真狩凜Makari🦉 | #初見歡迎 #歡迎降落,1970-01-01T00:00:00Z,https://www.youtube.com/watch?v=Cqh5Z2XZwtE,https://i.ytimg.com/vi/Cqh5Z2XZwtE/mqdefault_live.jpg
74d00f89697a43e6801463c71fb37172,upcoming,✝️麻優涅茲.YUU✝️/3月23日至3月29日的週表來摟~~ #vtuber  #新人vtuber #台V,1970-01-01T00:00:00Z,https://www.youtube.com/watch?v=nJWMpU8oASo,https://i.ytimg.com/vi/nJWMpU8oASo/mqdefault_live.jpg
fae9210539d44a39a2a275b8d53cae37,upcoming,「羅摩Lomo ch.」直播,1970-01-01T00:00:00Z,https://www.youtube.com/watch?v=sAiHBp0pfdE,https://i.ytimg.com/vi/sAiHBp0pfdE/mqdefault_live.jpg
c94bc4ff4689403aac751731d33150e6,upcoming,「沐洛洛 Mulo Ch.」直播,1970-01-01T00:00:00Z,https://www.youtube.com/watch?v=FNTjaqYCPA4,https://i.ytimg.com/vi/FNTjaqYCPA4/mqdefault_live.jpg
29d8d144d6a24ff28476d25306286836,upcoming,「熙潞姆」直播,1970-01-01T00:00:00Z,https://www.youtube.com/watch?v=O-oPQ8oYis8,https://i.ytimg.com/vi/O-oPQ8oYis8/mqdefault_live.jpg
a55a6a4b6453413cb8b1dc69423b67d5,upcoming,【 #歌枠 】台湾大学生Vtuberが歌います！！日曜日午後縦型歌枠 ～🎤 #shorts #縦型配信 #vtuber,1970-01-01T00:00:00Z,https://www.youtube.com/watch?v=O7walAyWrGQ,https://i.ytimg.com/vi/O7walAyWrGQ/mqdefault_live.jpg
d6d4ed41815a4603a028d321d9d14a56,upcoming,「V.L. Midnight」直播,1970-01-01T00:00:00Z,https://www.youtube.com/watch?v=BqfQVXvDvmI,https://i.ytimg.com/vi/BqfQVXvDvmI/mqdefault_live.jpg
01a20c96c500469fab898ebd03b0c019,upcoming,這是一個調整作息的刪檔直播,1970-01-01T00:00:00Z,https://www.youtube.com/watch?v=3JlJkVmrB0E,https://i.ytimg.com/vi/3JlJkVmrB0E/mqdefault_live.jpg
3fd5cac9e94144ad9a298e46c5472792,upcoming,「酔兎Yoito ch.」直播,1970-01-01T00:00:00Z,https://www.youtube.com/watch?v=RnmvywZMtUs,https://i.ytimg.com/vi/RnmvywZMtUs/mqdefault_live.jpg
cbb5df4184f04027b8a550d648d79eeb,upcoming,「MeridianProject子午計畫」直播,1970-01-01T00:00:00Z,https://www.youtube.com/watch?v=V6zK60lXolA,https://i.ytimg.com/vi/V6zK60lXolA/mqdefault_live.jpg
1db7ec043f284eaea0bd2213ecce2bad,upcoming,【王者榮耀Honor of King】也也也也也也還是王者農藥！,1970-01-01T00:00:00Z,https://www.youtube.com/watch?v=N4nOBFsew04,https://i.ytimg.com/vi/N4nOBFsew04/mqdefault_live.jpg
d33940525b7f4b9db9ce85e08b4c175e,upcoming,【歌回台】 Let's sing a little,1970-01-01T00:00:00Z,https://www.youtube.com/watch?v=JOYdCrmWsJQ,https://i.ytimg.com/vi/JOYdCrmWsJQ/mqdefault_live.jpg
d177ac8568a14720b35bcc1a829aff51,upcoming,【 #深夜RE聊 】你買票了嗎?｜2025.10｜深夜聊什麼｜雜談｜#台灣vtuber,1970-01-01T00:00:00Z,https://www.youtube.com/watch?v=t0Nmh-W_itQ,https://i.ytimg.com/vi/t0Nmh-W_itQ/mqdefault_live.jpg
ce4d344e37cd403cbb5325010144d393,upcoming,「薩姆依·麥迪泰亞斯 ch. 4/4初配信」直播,1970-01-01T00:00:00Z,https://www.youtube.com/watch?v=M18SRSzJgwI,https://i.ytimg.com/vi/M18SRSzJgwI/mqdefault_live.jpg
872627e5c7a248bfb41a055dee03029a,upcoming,"🔴【Vtuber-夜凕Small Yae Ch.】(台灣vtuber) ""遊戲"" 遊戲時間",1970-01-01T00:00:00Z,https://www.youtube.com/watch?v=kNAOW-VF5jc,https://i.ytimg.com/vi/kNAOW-VF5jc/mqdefault_live.jpg
9add5efb4665440e8e021a9c3ced6095,upcoming,「星雨凌 Hoshiyu Rin國小生Vtuber」直播,1970-01-01T00:00:00Z,https://www.youtube.com/watch?v=ga87Xa_KEvU,https://i.ytimg.com/vi/ga87Xa_KEvU/mqdefault_live.jpg
4077520d348749e49598cd5fa1058b6a,upcoming,【小野寺芽依】【直屏版】Steam新遊戲試玩 Signal Zone   04/16,1970-01-01T00:00:00Z,https://www.youtube.com/watch?v=WIVai_2VsWw,https://i.ytimg.com/vi/WIVai_2VsWw/mqdefault_live.jpg
acc708b79f1c4e388466b407387e7cb5,upcoming,「歐爾特芬里斯 ch.」直播,1970-01-01T00:00:00Z,https://www.youtube.com/watch?v=ldSVoU6i4e4,https://i.ytimg.com/vi/ldSVoU6i4e4/mqdefault_live.jpg
865ef104e1784d878871c819452a63dd,upcoming,【突發工作】對喔~我還是要開台的 : ),1970-01-01T00:00:00Z,https://www.youtube.com/watch?v=F-BPwDNJBp0,https://i.ytimg.com/vi/F-BPwDNJBp0/mqdefault_live.jpg
22aaa78ca5fa444bb70649727131c0f2,upcoming,「八音玄古 HenKoo_TW. (Vtuber)」直播,1970-01-01T00:00:00Z,https://www.youtube.com/watch?v=_XsTUgbvbdg,https://i.ytimg.com/vi/_XsTUgbvbdg/mqdefault_live.jpg
40f76b568f384790a1a089bb6619ddb2,upcoming,［萊酒雜菈］來和冤家一起吵架 回憶我們是如何成為冤家 | 萊一杯菈 第七集 來賓:  云星白羽 (@UnhoshiShiraha),1970-01-01T00:00:00Z,https://www.youtube.com/watch?v=FWXIEsUNefs,https://i.ytimg.com/vi/FWXIEsUNefs/mqdefault_live.jpg
8c1fe8acf675446ebb2fd046e6396983,upcoming,同步視聽｜超時空輝耀姬！｜300訂閱衝刺中｜YT/圖奇雙開【蓮諾‧絲萊許/個人勢Vtuber】,1970-01-01T00:00:00Z,https://www.youtube.com/watch?v=JUHuczKFoiw,https://i.ytimg.com/vi/JUHuczKFoiw/mqdefault_live.jpg
af89613e72874e219c00ab0c89b6c641,upcoming,【遊戲雜談】向結局衝刺【奧里與螢火意志ori and the will of the wisps】#8,1970-01-01T00:00:00Z,https://www.youtube.com/watch?v=sXAV_De58mw,https://i.ytimg.com/vi/sXAV_De58mw/mqdefault_live.jpg
ec183b10574a449f91e43ab216976a60,upcoming,『網紅勇闖廢棄醫院！？』前往廢棄醫院調查失蹤案件！拍下大家失蹤的證據！『暗影秀Shadows Show』！,1970-01-01T00:00:00Z,https://www.youtube.com/watch?v=UzakarcJfPs,https://i.ytimg.com/vi/UzakarcJfPs/mqdefault_live.jpg
a27f33f32dd2414c8c6843f8783a32f0,upcoming,「青璃セイリ」直播,1970-01-01T00:00:00Z,https://www.youtube.com/watch?v=gozj91lirhY,https://i.ytimg.com/vi/gozj91lirhY/mqdefault_live.jpg
7a570b5273ae4e359a6491aba1313011,upcoming,偷偷試試看?,1970-01-01T00:00:00Z,https://www.youtube.com/watch?v=tLXLmDelKOU,https://i.ytimg.com/vi/tLXLmDelKOU/mqdefault_live.jpg
06f1c7339e1c47ecb69ea7385f4635a1,upcoming,(私人局不++) 瓦瓦約會中 ft.羅寶 / 歡迎追蹤 ! / 掛台請幫我開5%謝謝~!,1970-01-01T00:00:00Z,https://www.youtube.com/watch?v=Skn01N5gepY,https://i.ytimg.com/vi/Skn01N5gepY/mqdefault_live.jpg
d2da40bb201e49ddbd6a8780bfaf8b63,upcoming,｜2025.07.03｜洗洗睡ASMR !? (下)｜北宮雨音｜揪團轉盤／!dc／!yt／!指令,1970-01-01T00:00:00Z,https://www.youtube.com/watch?v=zDYHbFz_TRc,https://i.ytimg.com/vi/zDYHbFz_TRc/mqdefault_live.jpg
30e2594ce7cf4bc3a7e536639b15ff30,upcoming,「芙蕾格•Fleger Ch.」直播,1970-01-01T00:00:00Z,https://www.youtube.com/watch?v=n1_TNZakTdk,https://i.ytimg.com/vi/n1_TNZakTdk/mqdefault_live.jpg
2cc874f341184fb799b01c399477c0b4,upcoming,🌙【Vtuber｜雜談】明天放假所以突然出現！ #台V,1970-01-01T00:00:00Z,https://www.youtube.com/watch?v=05-NK7kihUw,https://i.ytimg.com/vi/05-NK7kihUw/mqdefault_live.jpg
359d60ab5abb445a8477a50781acc050,upcoming,好欸今天我生日~同時也是初配信後日談~~~,1970-01-01T00:00:00Z,https://www.youtube.com/watch?v=s5FfaT1BpGY,https://i.ytimg.com/vi/s5FfaT1BpGY/mqdefault_live.jpg
b4b4fcedc8264cb5b90584935aebf110,upcoming,【突發】測試網絡,1970-01-01T00:00:00Z,https://www.youtube.com/watch?v=GWHIFObMyRc,https://i.ytimg.com/vi/GWHIFObMyRc/mqdefault_live.jpg
8fe313c8e0704a29a7a387b47c4f938b,upcoming,「奶糖狐 Naiskori」直播,1970-01-01T00:00:00Z,https://www.youtube.com/watch?v=yx9emmw1wtg,https://i.ytimg.com/vi/yx9emmw1wtg/mqdefault_live.jpg
ef0319d27b10495795a5b994bc2249d5,upcoming,【瑚畔晨光】現在時間早上十點半，您現在收看的是湖畔晨光早安台【瑚珀Haku】#早安台 #台灣新人vtuber,1970-01-01T00:00:00Z,https://www.youtube.com/watch?v=JMeeo93XwqY,https://i.ytimg.com/vi/JMeeo93XwqY/mqdefault_live.jpg
1c8887da9e96471ca28b97d80e390698,upcoming,[進度補回計畫#1]陪紗紗一起從0開始吧!!!#vtuber #個人勢 #直播,1970-01-01T00:00:00Z,https://www.youtube.com/watch?v=Huf1XJUaij0,https://i.ytimg.com/vi/Huf1XJUaij0/mqdefault_live.jpg
bf3356cfb2754286af9b6bb1665f56bd,upcoming,「福呱蒔楠」直播,1970-01-01T00:00:00Z,https://www.youtube.com/watch?v=PT-rEvhbvIA,https://i.ytimg.com/vi/PT-rEvhbvIA/mqdefault_live.jpg
506d9c6fdbd34c8aa5fda64d90d96ac2,upcoming,【幻塔】誤打誤開,1970-01-01T00:00:00Z,https://www.youtube.com/watch?v=TrCeSy5BJVM,https://i.ytimg.com/vi/TrCeSy5BJVM/mqdefault_live.jpg
ab24c13e4bff4ff8909a7650260f8b19,upcoming,「艾瑟莉雅𝓐𝔁𝓮𝓻𝓲𝓪 Ch.」直播,1970-01-01T00:00:00Z,https://www.youtube.com/watch?v=kYSWTL-Ib_E,https://i.ytimg.com/vi/kYSWTL-Ib_E/mqdefault_live.jpg
3f36658defc1428b8d4628478ef59256,upcoming,《杯杯倒滿》全難度單人通關 天氣冷冷 想喝熱的,1970-01-01T00:00:00Z,https://www.youtube.com/watch?v=X7qXYxFNSpk,https://i.ytimg.com/vi/X7qXYxFNSpk/mqdefault_live.jpg
453cbd84364b42d8ac11cef8d3d63bd1,upcoming,【夢川夏蕊】【無聲畫圖台】獨角獸突襲直播!!!,1970-01-01T00:00:00Z,https://www.youtube.com/watch?v=pXNM-5_WEts,https://i.ytimg.com/vi/pXNM-5_WEts/mqdefault_live.jpg
a1915cccb8584d57b9b22975263c7af4,upcoming,【原神】打深淵，月守宮還在追殺我！接免費幫打，2000粉抽小月卡歡迎進來跟主播聊天~,1970-01-01T00:00:00Z,https://www.youtube.com/watch?v=RIqfohtsiPk,https://i.ytimg.com/vi/RIqfohtsiPk/mqdefault_live.jpg
5ce810e28ea54f5bacd55573589f4e4e,upcoming,【終末地日常】日常任務過一下 浮一下歡迎聊天^(◔౪◔)^ 【莉媞奧蕾雅】,1970-01-01T00:00:00Z,https://www.youtube.com/watch?v=cQ4FblB96qE,https://i.ytimg.com/vi/cQ4FblB96qE/mqdefault_live.jpg
1af1c5f8526a4396820151df1bff37b7,upcoming,【霧章測試】突然開集把式雜談,1970-01-01T00:00:00Z,https://www.youtube.com/watch?v=3sLtRj5cnAY,https://i.ytimg.com/vi/3sLtRj5cnAY/mqdefault_live.jpg
c3945429509246f79c5f0a18594f696d,upcoming,「柔一口甜」直播,1970-01-01T00:00:00Z,https://www.youtube.com/watch?v=ju3oHPev2l4,https://i.ytimg.com/vi/ju3oHPev2l4/mqdefault_live.jpg
1254f176d93548aca5ac7f4b53313f71,upcoming,測試設定 nvdia nvenc HVEC,1970-01-01T00:00:00Z,https://www.youtube.com/watch?v=nAqalRreWs0,https://i.ytimg.com/vi/nAqalRreWs0/mqdefault_live.jpg
a4d4a2a3d7b648be9aa4d652ae592a4b,upcoming,「艾絲黛拉‧莉芙EstellaLiv」直播,1970-01-01T00:00:00Z,https://www.youtube.com/watch?v=Qes0Q_BJ0ss,https://i.ytimg.com/vi/Qes0Q_BJ0ss/mqdefault_live.jpg
e7e219a17a7644cd9d28a2ab871f5f7c,upcoming,【蕾蕾】下雨天舔耳復健 👂3dio ASMR💖｜耳舐め｜Ear Licking💦,1970-01-01T00:00:00Z,https://www.youtube.com/watch?v=ebQwtq-OL3c,https://i.ytimg.com/vi/ebQwtq-OL3c/mqdefault_live.jpg
ffe0cef3d8c34c52bb605a23a3e61e95,upcoming,突發工作雜談台,1970-01-01T00:00:00Z,https://www.youtube.com/watch?v=vza94eTJfaM,https://i.ytimg.com/vi/vza94eTJfaM/mqdefault_live.jpg
c4268d9874b14b3282613fa11102ce4b,upcoming,[EN/中] Support Power Pt.2! #envtuber #台v #mobilelegends,1970-01-01T00:00:00Z,https://www.youtube.com/watch?v=hRtHAUXihKk,https://i.ytimg.com/vi/hRtHAUXihKk/mqdefault_live.jpg
33ce96c886d341879ce66c4f7892c421,upcoming,「貓貓怪客」直播 雙開測試,1970-01-01T00:00:00Z,https://www.youtube.com/watch?v=TCFrKnXtyqE,https://i.ytimg.com/vi/TCFrKnXtyqE/mqdefault_live.jpg
2c05340bb152419ebe0bd3fb6a78da80,upcoming,【鹿島神春日／芥川組】,1970-01-01T00:00:00Z,https://www.youtube.com/watch?v=LKCaQNI7O30,https://i.ytimg.com/vi/LKCaQNI7O30/mqdefault_live.jpg
cb52afa541704e6e8f1098a20679135c,upcoming,test,1970-01-01T00:00:00Z,https://www.youtube.com/watch?v=MDQhWxejV8A,https://i.ytimg.com/vi/MDQhWxejV8A/mqdefault_live.jpg
5c5880d994854afbbea0a35716bce186,upcoming,grounded ft.好多人 #grounded,1970-01-01T00:00:00Z,https://www.youtube.com/watch?v=pcc6Cbn9n3U,https://i.ytimg.com/vi/pcc6Cbn9n3U/mqdefault_live.jpg
f6a4e7aa8d0c4e5cb39d199845ec4d02,upcoming,阿,1970-01-01T00:00:00Z,https://www.youtube.com/watch?v=QVB7Fcm9laU,https://i.ytimg.com/vi/QVB7Fcm9laU/mqdefault_live.jpg
e63fe9e27be44403b222fb0319c027b6,upcoming,20260413 清蜘蛛網的吉他伴奏歌回 快千訂囉 今年拚過收益怎麼樣？ #歌回 #Vtuber #台v #台灣Vtuber #中文,1970-01-01T00:00:00Z,https://www.youtube.com/watch?v=5TiKbUKkZz4,https://i.ytimg.com/vi/5TiKbUKkZz4/mqdefault_live.jpg
7d3b310a867942cab270e48f7a397e0d,upcoming,【森嵜光】[04/19]〔雜談〕今天突然一堆事爆炸感覺頭腦快爆了  #vtuber #初見歡迎 #台V #森放送 #男v,1970-01-01T00:00:00Z,https://www.youtube.com/watch?v=IY3VHhqszyk,https://i.ytimg.com/vi/IY3VHhqszyk/mqdefault_live.jpg
9b6ebeb957fe4fed84a5472b6b3bd13c,upcoming,【3/19】好久沒一起玩了！今天要當斜咖| Ft. @murasakikusei_0419 @momo_channel_r6s   |,1970-01-01T00:00:00Z,https://www.youtube.com/watch?v=cGfzUkAzYFQ,https://i.ytimg.com/vi/cGfzUkAzYFQ/mqdefault_live.jpg
22f16847ee064b1bafd9bbe15bd31284,upcoming,【APEX】♡ 日常打打 / 厚壓克力立牌發售中 ♡【眠夢布鈴】,1970-01-01T00:00:00Z,https://www.youtube.com/watch?v=ftW6ETsfcEc,https://i.ytimg.com/vi/ftW6ETsfcEc/mqdefault_live.jpg
c6af4f23c6ce4adab5301d79b0bd343a,upcoming,【可諾】午安好熱的天氣，100到底是什麼神奇數字 | slay the spire 2 | 2026/3/24,1970-01-01T00:00:00Z,https://www.youtube.com/watch?v=IitzhSUkN40,https://i.ytimg.com/vi/IitzhSUkN40/mqdefault_live.jpg
6d83214d4d964bc9a236f4cbdd8d99e4,upcoming,【mc】考完試來玩MC   Ft. @奈亞_Nya,1970-01-01T00:00:00Z,https://www.youtube.com/watch?v=HU8WqQ28faQ,https://i.ytimg.com/vi/HU8WqQ28faQ/mqdefault_live.jpg
dcc5b43448044231a3a8710d144b2602,upcoming,【會員場】突然想打瓦了 | 特戰英豪Valorant | 莉拉可的遊戲實況 | 2026.04.17 #vtuber #莉拉可 #台灣vtuber #valorant,1970-01-01T00:00:00Z,https://www.youtube.com/watch?v=a5O62RiBJnE,https://i.ytimg.com/vi/a5O62RiBJnE/mqdefault_live.jpg
eabec2cff9fb48cdb79965d77a56f47d,upcoming,🌾LIVE 03.26  —【稻禾 こめさく】米粒精靈 VTuber｜身為 Vtuber 明明都去睡覺了電腦卻自己幫我開啟直播結果......也不能怎麼樣💁‍♀️稻禾：我都出門了啊啊啊啊,1970-01-01T00:00:00Z,https://www.youtube.com/watch?v=w_z21Ai8qWo,https://i.ytimg.com/vi/w_z21Ai8qWo/mqdefault_live.jpg
5a1eb09579134895adfa9516611bd925,upcoming,唱歌閒聊隨便玩遊戲,1970-01-01T00:00:00Z,https://www.youtube.com/watch?v=3MsTmqgf6UA,https://i.ytimg.com/vi/3MsTmqgf6UA/mqdefault_live.jpg
fec8644970684cffbbae8dd37a52d59c,upcoming,【#lol】LOL 英雄聯盟觀眾/大福場~22:00 一起玩請到 Twitch 兌換忠誠點數 #LOL #vtuber #英雄聯盟 #aram,1970-01-01T00:00:00Z,https://www.youtube.com/watch?v=cW3DTyMCkxY,https://i.ytimg.com/vi/cW3DTyMCkxY/mqdefault_live.jpg
6c812a2f61ac470f8e3b30a92dca9d81,upcoming,【晚安突發】能有紅包嗎? 蛇年生存記錄 #layrop #layronair #台灣vtuber,1970-01-01T00:00:00Z,https://www.youtube.com/watch?v=USH-BlYfgOQ,https://i.ytimg.com/vi/USH-BlYfgOQ/mqdefault_live.jpg
1a39f2817a8d4b2d941677c2a07e896a,upcoming,【突發工作雜談台】今天適合還債配horoyoi喝呵呵呵呵(?,1970-01-01T00:00:00Z,https://www.youtube.com/watch?v=atfcPZlRamg,https://i.ytimg.com/vi/atfcPZlRamg/mqdefault_live.jpg
49196eec11454f589d4d6e52f1b1bbe8,upcoming,【直播】【雜談】新年春聯畫畫寫寫台【菜姬】,2026-01-22T12:30:00Z,https://www.youtube.com/watch?v=yb6zgoYGNDk,https://i.ytimg.com/vi/yb6zgoYGNDk/mqdefault_live.jpg
6ab090baa4624f1c8fca28312799e826,upcoming,✦PEAK✦爬山好累!!!,2026-02-02T15:52:55Z,https://www.youtube.com/watch?v=Nl7FBiMoAgU,https://i.ytimg.com/vi/Nl7FBiMoAgU/mqdefault_live.jpg
5b1bd72acc95440cb3aa381c89cfca3c,upcoming,【CP連動】｜和千妃開始體驗不同的冬天｜Feat.  @Ikusen_vtuber【小悠yui】,2026-02-12T12:00:00Z,https://www.youtube.com/watch?v=VK0Ne0hypgA,https://i.ytimg.com/vi/VK0Ne0hypgA/mqdefault_live.jpg
82af75b290f44cd8b9a97bc5addaaf58,upcoming,【情人節特企💕】墜入愛河的Q&A📍開箱送給自己的巧克力禮盒🎀深愛自己就是墜入愛河的第一步！ #vtuber #台V #兔兔講糖 #初見歡迎,2026-02-14T14:30:00Z,https://www.youtube.com/watch?v=luwPOtIzYbY,https://i.ytimg.com/vi/luwPOtIzYbY/mqdefault_live.jpg
52ff14aabd804801a6e589681fc2fb4d,upcoming,殘月 EclipseYuki ENG/中 努力前進 找回自我的平靜,2026-02-21T08:35:08Z,https://www.youtube.com/watch?v=jNT_uOuGqcI,https://i.ytimg.com/vi/jNT_uOuGqcI/mqdefault_live.jpg
52ff14aabd804801a6e589681fc2fb4d,upcoming,殘月 EclipseYuki ENG/中 努力前進 找回自我的平靜,2026-02-25T13:56:58Z,https://www.youtube.com/watch?v=tXRu8-mmOH0,https://i.ytimg.com/vi/tXRu8-mmOH0/mqdefault_live.jpg
dcbe7946e39e48bcb0b725de64a445c8,upcoming,【#100連發歌回】東京愛情故事，但是一百次【#梅迪歐】#ReLiveProject #台v,2026-02-28T01:00:00Z,https://www.youtube.com/watch?v=7EK2YKBabuE,https://i.ytimg.com/vi/7EK2YKBabuE/mqdefault_live.jpg
98187e2cc8c34f5d8e0853bffc1a30c9,upcoming,【重開！】網路當掉啊啊啊啊啊啊【早苗SANAE】,2026-03-02T15:40:00Z,https://www.youtube.com/watch?v=RJuRmrH0FuM,https://i.ytimg.com/vi/RJuRmrH0FuM/mqdefault_live.jpg
9e3edec3eec54f49a065f1970471d473,upcoming,【 千代考察 】幾時可以開到台之幾三次！這次來考察一下各位對品牌的熟悉度！  #香港Vtuber ✨ │ 羽狐神 ちよ,2026-03-21T12:30:00Z,https://www.youtube.com/watch?v=n2ci-fqglCc,https://i.ytimg.com/vi/n2ci-fqglCc/mqdefault_live.jpg
9948190bc88442f4a0757eed54fb24f0,upcoming,「宮祈緣」正在直播！,2026-03-27T12:35:46Z,https://www.youtube.com/watch?v=2SJ7a7I-Nkc,https://i.ytimg.com/vi/2SJ7a7I-Nkc/mqdefault_live.jpg
79f4c64bde584997bf6ad38afd44b51d,upcoming,【零~紅蝶~ REMAKE】原本以為只是小鬼...結果嚇到魂飛魄散！😖😭,2026-04-03T07:00:00Z,https://www.youtube.com/watch?v=8KKQZY_hsto,https://i.ytimg.com/vi/8KKQZY_hsto/mqdefault_live.jpg
9f976a39c1fa4e6dae3ed11b771ef918,upcoming,【YT/TWITCH雙開】2026.04.05 嘿對 筆電沒電 完全神人,2026-04-04T19:00:40Z,https://www.youtube.com/watch?v=hMUN4AUK68o,https://i.ytimg.com/vi/hMUN4AUK68o/mqdefault_live.jpg
9f976a39c1fa4e6dae3ed11b771ef918,upcoming,【YT/TWITCH雙開】2026.04.05 嘿對 筆電沒電 完全神人,2026-04-04T19:00:45Z,https://www.youtube.com/watch?v=l3TuHmx0hzQ,https://i.ytimg.com/vi/l3TuHmx0hzQ/mqdefault_live.jpg
5fd252ad134343a59705e00390c6d9ef,upcoming,✞ 初見 ✞ REANIMAL #3｜修女練膽中……今天能玩完嗎💀｜劇透禁止🚫 ✞ 莓川紗織/台灣VTuber ✞,2026-04-05T06:30:00Z,https://www.youtube.com/watch?v=wE0D6RcosEg,https://i.ytimg.com/vi/wE0D6RcosEg/mqdefault_live.jpg
773a7694afcf4666960b05a4faf1a1fa,upcoming,[小麻來推薦] 原來小麻平時都在聽這些!?｜牧野Maki,2026-04-11T04:00:00Z,https://www.youtube.com/watch?v=S-qgBsMvXE0,https://i.ytimg.com/vi/S-qgBsMvXE0/mqdefault_live.jpg
9f976a39c1fa4e6dae3ed11b771ef918,upcoming,【YT/TWITCH雙開】2026.04.11 自訂賽 有像風一樣的獵哥 但我是不會退群的,2026-04-11T14:43:06Z,https://www.youtube.com/watch?v=3eXEJ921ixg,https://i.ytimg.com/vi/3eXEJ921ixg/mqdefault_live.jpg
1307131312c54a11ab326e62474efc8a,upcoming,ASMR 今夜也想和你十指交扣💜 #vtuber #耳語放鬆 #溫柔戀人【艾Ai🎗️浪海數位 RiyarDigital 所屬】,2026-04-11T15:30:00Z,https://www.youtube.com/watch?v=AQ6SrDqcQuc,https://i.ytimg.com/vi/AQ6SrDqcQuc/mqdefault_live.jpg
9f976a39c1fa4e6dae3ed11b771ef918,upcoming,【YT/TWITCH雙開】2026.04.13 沒有墊底 777 別炸我金牌兄弟了,2026-04-13T13:27:31Z,https://www.youtube.com/watch?v=Tba4tTfO9fk,https://i.ytimg.com/vi/Tba4tTfO9fk/mqdefault_live.jpg
9f976a39c1fa4e6dae3ed11b771ef918,upcoming,【YT/TWITCH雙開】2026.04.12 沒有墊底 777 別炸我金牌兄弟了,2026-04-13T13:28:27Z,https://www.youtube.com/watch?v=TdrzV5KAZy4,https://i.ytimg.com/vi/TdrzV5KAZy4/mqdefault_live.jpg
93785f5e8b614be98bf8e096f5b1f997,live,【音樂台】酒館裡什麼人都有，就是沒有你。 | 幻想異世界音楽 | 睡眠 | 勉強 | 讀書音樂陪伴 | Fantasy Sounds | 作業用BGM【冬蜜 DonBee】,2026-04-14T06:08:19Z,https://www.youtube.com/watch?v=QmCsm1bmR7o,https://i.ytimg.com/vi/QmCsm1bmR7o/mqdefault_live.jpg
93785f5e8b614be98bf8e096f5b1f997,live,你的世界下雨了，來躲雨吧。 | 有雨聲，可以學習、專注、睡眠的輕鬆音樂,2026-04-14T06:08:24Z,https://www.youtube.com/watch?v=e1I_Odb0yaw,https://i.ytimg.com/vi/e1I_Odb0yaw/mqdefault_live.jpg
93785f5e8b614be98bf8e096f5b1f997,live,【音樂台】聽音樂坐著喝酒，再打個魔物。 | 幻想異世界音楽 | 睡眠 | 勉強 | 讀書音樂陪伴 | Fantasy Sounds | 作業用BGM【冬蜜 DonBee】,2026-04-14T06:08:25Z,https://www.youtube.com/watch?v=v4OIJ1XGu4U,https://i.ytimg.com/vi/v4OIJ1XGu4U/mqdefault_live.jpg
7ef2dc851df94f5aa7f632c736b4307e,upcoming,【縦型配信】月月週記 RERERE #Shorts  #vtuber #雑談,2026-04-14T18:12:56Z,https://www.youtube.com/watch?v=mneJEXT2_iA,https://i.ytimg.com/vi/mneJEXT2_iA/mqdefault_live.jpg
fbced2373c5a48f6abee998296f20617,upcoming,【#觀眾場 】衝逼點！我不相信～瓦羅蘭｜芙樂兒🍭MojoyLive 二期生,2026-04-15T03:00:00Z,https://www.youtube.com/watch?v=Umw-vaqnEdg,https://i.ytimg.com/vi/Umw-vaqnEdg/mqdefault_live.jpg
4077520d348749e49598cd5fa1058b6a,upcoming,【小野寺芽依】【橫屏版】Steam新遊戲試玩 Signal Zone   04/16,2026-04-16T06:45:00Z,https://www.youtube.com/watch?v=2wIBcn4Go-U,https://i.ytimg.com/vi/2wIBcn4Go-U/mqdefault_live.jpg
8eec9fd38e7440f09bf1bc864e4d6e38,upcoming,〚滔滔不絕〛什麼?!地獄料理!吃點好的吧!!!!!｜滔滔饕餮Taotao🥢💚,2026-04-16T13:00:00Z,https://www.youtube.com/watch?v=Q2-xp4tvZtY,https://i.ytimg.com/vi/Q2-xp4tvZtY/mqdefault_live.jpg
887b37336c9c4730809ace8b5e38df17,live,火炬週年賽季來了⚡抽純金金鈔＋SSR契靈7天領好領滿！#火炬之光無限 #輸入TL3YEARS ʚ •͈˽•͈ ིྀɞ｜⭐24hr看台送遊戲 ⁺˳✿ ₊,2026-04-17T21:03:22Z,https://www.twitch.tv/isyourlulu,https://static-cdn.jtvnw.net/previews-ttv/live_user_isyourlulu-{width}x{height}.jpg
bf03fd8b5b55481590ea63338c5cdd20,live,4/18 加班一週年Day373 !週邊 / !DC / 訂閱加班10分 / 揪團10人2分鐘 / @komorikuma_vtuber,2026-04-18T00:00:04Z,https://www.twitch.tv/komorikuma_vtuber,https://static-cdn.jtvnw.net/previews-ttv/live_user_komorikuma_vtuber-{width}x{height}.jpg
626750f4e7a745619c171c44fb1efcc0,live,3D募資倒數輪播宣傳 留言簽到集點!目標100W做出偶像服0418【天使Vtuber小雪Yukichan】#台灣Vtuber #Vtuber,2026-04-18T02:21:10Z,https://www.youtube.com/watch?v=9vlQxZhMkvU,https://i.ytimg.com/vi/9vlQxZhMkvU/mqdefault_live.jpg
1a95bb88e451498ca3491b69af964588,live,4/19 觀眾場ᕦ( ᐛ )ᕡ | !簽到 !wallhack !滑鼠墊 !台規 !陪玩 | @hsuanhsuandesu,2026-04-18T05:03:21Z,https://www.twitch.tv/hsuanhsuandesu,https://static-cdn.jtvnw.net/previews-ttv/live_user_hsuanhsuandesu-{width}x{height}.jpg
33cabb57d2454dfdbdf7453c54429940,live,0419｜好想上鑽石。,2026-04-18T10:52:10Z,https://www.twitch.tv/loulei820,https://static-cdn.jtvnw.net/previews-ttv/live_user_loulei820-{width}x{height}.jpg
76165d25983b463eaa1da66c86a32b7c,live,【日常】單通完打洲的夜彩 【靛之森Ainomori】|【夜彩Yoruro】可用7TV貼圖 因為害羞非常不感謝揪團Q_Q:,2026-04-18T13:27:54Z,https://www.twitch.tv/yorurovtuber,https://static-cdn.jtvnw.net/previews-ttv/live_user_yorurovtuber-{width}x{height}.jpg
97a56c6914ab431d9b670456d11b22ed,upcoming,同步視聽周處除三害,2026-04-18T14:05:00Z,https://www.youtube.com/watch?v=ahs4BNfuIQY,https://i.ytimg.com/vi/ahs4BNfuIQY/mqdefault_live.jpg
ce1d3cace1cf4ec799c8846c8c2a6d48,live,0419|加班轉盤|拚訂閱積分 !布丁 歡迎掛台  有接委託歡迎聯絡DC @kokutou8920,2026-04-18T17:04:12Z,https://www.twitch.tv/kokutou8920,https://static-cdn.jtvnw.net/previews-ttv/live_user_kokutou8920-{width}x{height}.jpg
26b00f5ff5bf4b5a8dcb6c5c34e1b4f6,live,【 伊德海拉Yidhra 】04/18 快睡著了 打個殭殭 ft.｜!dc !簽到 !愛拉拉 !愛豬豬 !恨拉拉｜歡迎掛忠誠點數💜｜ @yidhra0727 ｜💖 @mutuer,2026-04-18T19:18:40Z,https://www.twitch.tv/yidhra0727,https://static-cdn.jtvnw.net/previews-ttv/live_user_yidhra0727-{width}x{height}.jpg
de071f4fc90344748afac14099022672,live,4/19 F 加班DAY10 !加班 ♡ !簽到 !歌單 !想 !id !rk !dc ♡ @xiaojean0128 ♡,2026-04-18T21:29:02Z,https://www.twitch.tv/xiaojean0128,https://static-cdn.jtvnw.net/previews-ttv/live_user_xiaojean0128-{width}x{height}.jpg
6c7336d4605540c6871de5f96874129c,live,꣑୧  累到睡不著爬一下單人  ┇ @mibao1013,2026-04-19T01:22:20Z,https://www.twitch.tv/mibao1013,https://static-cdn.jtvnw.net/previews-ttv/live_user_mibao1013-{width}x{height}.jpg
51a882d77c24494d92605b5b75424603,live,12小時耐久四鎖萬神殿真的假的啦【 空洞騎士EP19】#降落歡迎 #1000訂閱衝刺,2026-04-19T02:00:42Z,https://www.youtube.com/watch?v=Zd_eDsBglZs,https://i.ytimg.com/vi/Zd_eDsBglZs/mqdefault_live.jpg
15e82a696cfc4d42929e29b0d90955d1,live,【耐久歌回】150首跟150人之間的歌回 唱到假期結束吧【音宿明】【縛りなし歌枠】＃初見歡迎 #降落歡迎,2026-04-19T02:01:18Z,https://www.youtube.com/watch?v=u73BDr4WJ4k,https://i.ytimg.com/vi/u73BDr4WJ4k/mqdefault_live.jpg
480aca28939a4eb5bf558a710e21709c,live,【殺戮尖塔2】想打牌ft. @hikosawa297 、二哥、DY┃,2026-04-19T02:07:04Z,https://www.twitch.tv/siyuandao,https://static-cdn.jtvnw.net/previews-ttv/live_user_siyuandao-{width}x{height}.jpg
e58a5a6f40e040d79bbcd139824d6fc7,live,4/19 ₍ᐢ.‸.ᐢ₎⑅ o 【雨咩】S9 巴克什全時段 要變成˙三角兔形狀拉~!  2.0募資啟動 好想拚萬追～ @yumie0306 | !工商 !募資 !魔儲 !極玩電競 !簽到 | 自主訂閱加強版夥伴~按下訂閱吧♡,2026-04-19T02:32:54Z,https://www.twitch.tv/yumie0306,https://static-cdn.jtvnw.net/previews-ttv/live_user_yumie0306-{width}x{height}.jpg
74d00f89697a43e6801463c71fb37172,live,✝️麻優涅茲.YUU✝️/ 惡靈古堡2重製版｜一大早就來看年輕里昂了😈 #vtuber  #新人vtuber #台V #residentevil2remake,2026-04-19T02:42:17Z,https://www.youtube.com/watch?v=I_HO8VC4nms,https://i.ytimg.com/vi/I_HO8VC4nms/mqdefault_live.jpg
5b85294949544a5f8855715acadf66a5,live,【阿窗當家】跟窗主播說聲生日快樂！初見歡迎～｜銫希恩☄️,2026-04-19T03:00:58Z,https://www.youtube.com/watch?v=PT2Utyss2AU,https://i.ytimg.com/vi/PT2Utyss2AU/mqdefault_live.jpg
c4bc52355d334a98bdaa1e57c05673ad,live,【✿耐久加班台✿】歡迎來到皇家喵喵樂園💪有可愛的喵喵占卜🔮被家裡喵喵勒令加班啦😶‍🌫️【Karin Ch.花燐】 #加班台 #塔羅占卜 #歌回,2026-04-19T04:00:06Z,https://www.youtube.com/watch?v=2axwkvsTS_A,https://i.ytimg.com/vi/2axwkvsTS_A/mqdefault_live.jpg
28a930938667442288010b333937e2ab,live,釣魚標題→我的私密照外洩了🌸350自主訂閱積分衝刺💙| @joerze |!yt !商品 !工商 !dc 看台裝7tv,2026-04-19T04:01:15Z,https://www.twitch.tv/joerze,https://static-cdn.jtvnw.net/previews-ttv/live_user_joerze-{width}x{height}.jpg
bd7947d2357941039893b911b18f3b4c,live,04/19【洛克人X系列】洛克人X 馬拉松耐久,2026-04-19T04:27:57Z,https://www.youtube.com/watch?v=TX66v9RNEGs,https://i.ytimg.com/vi/TX66v9RNEGs/mqdefault_live.jpg
33ce96c886d341879ce66c4f7892c421,live,-w- 假裝成海盜的山賊 day3   日常閒聊 指令自已看底下~(根本沒人會看,2026-04-19T04:43:37Z,https://www.twitch.tv/neneko0324,https://static-cdn.jtvnw.net/previews-ttv/live_user_neneko0324-{width}x{height}.jpg
886f64b4a0504b9fbe5e4687b92f6584,live,權力遊戲：國王大道 Playtest感謝冠毅さん提供測試資格，該遊戲預計5月21日全平台正式上線 #冰與火之歌 #萌萌小麥 #ThronesKingsroad,2026-04-19T05:00:27Z,https://www.youtube.com/watch?v=eJeQWHI03vw,https://i.ytimg.com/vi/eJeQWHI03vw/mqdefault_live.jpg
886f64b4a0504b9fbe5e4687b92f6584,live,權力遊戲：國王大道 Playtest感謝冠毅さん提供測試資格，該遊戲預計5月21日全平台正式上線 #冰與火之歌 #萌萌小麥,2026-04-19T05:00:32Z,https://www.twitch.tv/moemoekomugi,https://static-cdn.jtvnw.net/previews-ttv/live_user_moemoekomugi-{width}x{height}.jpg
2656bc44436c45cca3e94e43a9a49c2d,live,【瑞迪Ray】要回白金了啦 哇哈哈(這句話已經說了快10次吧)(´ｰ∀ｰ`)【鬥陣特工】積分坐牢Day45,2026-04-19T05:04:39Z,https://www.youtube.com/watch?v=wma10FUPxxw,https://i.ytimg.com/vi/wma10FUPxxw/mqdefault_live.jpg
60cc7f18c0fe438280af5a81b31eb923,live,【萬萬】4/19 蔥抓餅好吃｜4/25 晚上八點 2.0新形象披露 ฅ●ω●ฅ｜ @twotwo777 ｜,2026-04-19T05:26:47Z,https://www.twitch.tv/twotwo777,https://static-cdn.jtvnw.net/previews-ttv/live_user_twotwo777-{width}x{height}.jpg
49d38057272d4c4992cdbcb792c94d00,live,【PUBG】新手跟朋友玩遊戲 主要說廣東話喔0419【松月みもさ】,2026-04-19T05:55:54Z,https://www.youtube.com/watch?v=uv1RjycSkSI,https://i.ytimg.com/vi/uv1RjycSkSI/mqdefault_live.jpg
6358ea21f673491fab72d62494b2225f,live,2026.04.19 今天看能不能回地球 人機迷網 #3 #初見歡迎 #隨意聊聊【BY Day 299】,2026-04-19T06:01:12Z,https://www.twitch.tv/byyeh_chill,https://static-cdn.jtvnw.net/previews-ttv/live_user_byyeh_chill-{width}x{height}.jpg
5f8930a469f94b5cad116810f68a2614,live,灯音詩行丨午後歌雜點歌台☀️這是我的第50台歌回耶！ #初見歡迎 #降落歡迎 【灯理Akari🍫丨Scintillating Songlines #50】,2026-04-19T06:02:01Z,https://www.youtube.com/watch?v=gigxNHNYXcw,https://i.ytimg.com/vi/gigxNHNYXcw/mqdefault_live.jpg
9d9c6477329245cbb2557895f4f15686,live,/ᐠ. ̫ .ᐟ\ 4/19₊˚⊹ 麥塊狼人殺 .˚₊ ⊹  ꒰>ㅅ<꒱ ♥,2026-04-19T06:10:43Z,https://www.twitch.tv/iitifox,https://static-cdn.jtvnw.net/previews-ttv/live_user_iitifox-{width}x{height}.jpg
5b62816b7dee4c13856f3c21629be3c4,live,【Mica】｜2026/4/19｜海盜囉,2026-04-19T06:15:40Z,https://www.twitch.tv/mica1130,https://static-cdn.jtvnw.net/previews-ttv/live_user_mica1130-{width}x{height}.jpg
edf9e466820347828b0d2d10e5e9bb72,upcoming,【雜談】 久違與大家聊聊天！[星月櫻奈],2026-04-19T06:30:00Z,https://www.youtube.com/watch?v=cVPTbABjcNc,https://i.ytimg.com/vi/cVPTbABjcNc/mqdefault_live.jpg
9e5e58a212584007b1ab1f22f5c59438,live,『FFXIV』✧*｡🌊0419 雜遊閒聊✨趁周末排排本！！【水凪ゆい】,2026-04-19T06:32:21Z,https://www.youtube.com/watch?v=KFGouR4wGJM,https://i.ytimg.com/vi/KFGouR4wGJM/mqdefault_live.jpg
3be86a2a9cb447f393d235132e157789,live,【Vtuber】揭開神祕面紗！特殊禮盒神祕開箱，這盒絕對讓你大開眼界？！ 【沒有要對決 EP67 | 春節禮盒】#ACGlive #蕾兒,2026-04-19T06:34:03Z,https://www.youtube.com/watch?v=lM0Crm__8_w,https://i.ytimg.com/vi/lM0Crm__8_w/mqdefault_live.jpg
9af7c10c618844f08a327d38753124bd,live,【酒樂霧子】0419 | 幫我..打尼爾.. 晚點可能跑5.X |  @shurakukiriko | !7tv !yt !會員 !指令 !嗨嗶 !手機殼,2026-04-19T06:35:56Z,https://www.twitch.tv/shurakukiriko,https://static-cdn.jtvnw.net/previews-ttv/live_user_shurakukiriko-{width}x{height}.jpg
5612ac8b150e45e5a7381a2c07e9671a,live,【#雜談 #遊戲】四周年了！！｜提早慶祝四周年💖什麼歐姆回來啦！？ #初見歡迎【莉莉露 Lililu Ch.】,2026-04-19T06:38:09Z,https://www.youtube.com/watch?v=utcvOuN50HA,https://i.ytimg.com/vi/utcvOuN50HA/mqdefault_live.jpg
cd38e82545b04cb8a3e047fe41f2ba40,live,✧Nyx【04/19】!簽到｜已完全找到新的寶藏台,2026-04-19T06:38:33Z,https://www.twitch.tv/nyx_boshi,https://static-cdn.jtvnw.net/previews-ttv/live_user_nyx_boshi-{width}x{height}.jpg
038ee6280ef742bcad8450ad52049944,live,【工作雜談】爆寫明信片時間！但手會抖所以會有哼一首V家曲的副歌、寫一張明信片循環｜貼近你來寫wakuwaku ♡｜有回饋的每月生活費募資中【哈魯雅Haruya】,2026-04-19T06:45:16Z,https://www.youtube.com/watch?v=7wMcwHEAdvQ,https://i.ytimg.com/vi/7wMcwHEAdvQ/mqdefault_live.jpg
d4cd6eee95774ca389aebf3e783a8cd8,live,4/19 小開六下 小萌新聖光護盾,2026-04-19T06:45:43Z,https://www.twitch.tv/auspiciousfox,https://static-cdn.jtvnw.net/previews-ttv/live_user_auspiciousfox-{width}x{height}.jpg
e73e2554e6754cadb0b836bb1fcfdaf7,live,4/19【遊戲直播】節度使之死｜《燕雲十六聲》【雪棺 嗷歐】 EP 11,2026-04-19T06:55:42Z,https://www.twitch.tv/cuffinowol,https://static-cdn.jtvnw.net/previews-ttv/live_user_cuffinowol-{width}x{height}.jpg
e73e2554e6754cadb0b836bb1fcfdaf7,live,【遊戲直播】節度使之死｜《燕雲十六聲》【雪棺 嗷歐】 EP 11,2026-04-19T06:55:47Z,https://www.youtube.com/watch?v=kODHSML7wYI,https://i.ytimg.com/vi/kODHSML7wYI/mqdefault_live.jpg
090be1be8d29429183e190e22fc4be22,live,【人機迷惘】 #04 繼續尋找八號！│!YT 看台│ !加班【Ness9s奈斯糖】,2026-04-19T06:57:59Z,https://www.twitch.tv/ness9s1222,https://static-cdn.jtvnw.net/previews-ttv/live_user_ness9s1222-{width}x{height}.jpg
bcbde4d998e341418ebdf3e26884811d,live,【光之和香】漆黑主線LV76冒險！啥時可以打爆快樂城城主？---擁有未來視的貓娘人妻FF14繁中遊玩#32【初見歡迎】,2026-04-19T06:59:15Z,https://www.youtube.com/watch?v=gEaq_sZ7Tkk,https://i.ytimg.com/vi/gEaq_sZ7Tkk/mqdefault_live.jpg
29294f0665864cee8bb2b48697b9e84f,live,【 勇者鬥惡龍 創世小玩家2 】我回來玩小玩家了!!!這次回努力玩完他唷 Part.04【呦呦YUNYUN/VTuber】,2026-04-19T07:00:49Z,https://www.youtube.com/watch?v=E8XLaler6ic,https://i.ytimg.com/vi/E8XLaler6ic/mqdefault_live.jpg
d55860f26114410c97af27ba1269e3ed,live,【繁中服：鳳凰】5.0剩最後兩成左右的份量了！【04/19】,2026-04-19T07:01:46Z,https://www.twitch.tv/joannajonas_vt,https://static-cdn.jtvnw.net/previews-ttv/live_user_joannajonas_vt-{width}x{height}.jpg
d55860f26114410c97af27ba1269e3ed,live,【FFXIV繁中服：鳳凰】5.0剩最後兩成左右的份量了！【喬安娜喬納斯💙💖 JoannaJonas 】,2026-04-19T07:02:17Z,https://www.youtube.com/watch?v=h_LenmsOaoE,https://i.ytimg.com/vi/h_LenmsOaoE/mqdefault_live.jpg
d30a2d88bd2146a8870209e98004e0f0,live,【氣質貓車台】PC｜鎖刃龍殲滅計畫｜3E5K73BY｜!訂閱,2026-04-19T07:03:18Z,https://www.twitch.tv/ackzero99,https://static-cdn.jtvnw.net/previews-ttv/live_user_ackzero99-{width}x{height}.jpg
f6a4e7aa8d0c4e5cb39d199845ec4d02,live,4/19 爸爸活 【杏仁ミル】,2026-04-19T07:08:34Z,https://www.twitch.tv/anninmiru_,https://static-cdn.jtvnw.net/previews-ttv/live_user_anninmiru_-{width}x{height}.jpg
f5260b1a196a43f8b4aff1cc742a67f4,live,【APEX英雄】跟肥可努力爬白金分！ | [EN/JP/CN],2026-04-19T07:19:35Z,https://www.twitch.tv/krymyamiko,https://static-cdn.jtvnw.net/previews-ttv/live_user_krymyamiko-{width}x{height}.jpg
f5260b1a196a43f8b4aff1cc742a67f4,live,【APEX英雄】跟肥可努力爬白金分！ | [EN/JP/CN],2026-04-19T07:19:49Z,https://www.youtube.com/watch?v=zQjfU70Qias,https://i.ytimg.com/vi/zQjfU70Qias/mqdefault_live.jpg
c08ae8d7412d407c8b233f6e445d081c,live,ᗜˬᗜ,2026-04-19T07:28:33Z,https://www.twitch.tv/bk20112,https://static-cdn.jtvnw.net/previews-ttv/live_user_bk20112-{width}x{height}.jpg
46a8009adbca4aa083af580b50b69306,live,[Recon Control]好久沒玩了 希望至少能過個一關 如果今天能順利直接打完剩下所有關卡的話我就 下款直接買騙人生女兒遊戲來玩,2026-04-19T07:28:38Z,https://www.youtube.com/watch?v=ZLPI4XWjdm0,https://i.ytimg.com/vi/ZLPI4XWjdm0/mqdefault_live.jpg
0563e1d0ff394d1ab0d6a09d89870fba,live,【工作】突發工作台【稀蘿·多兒卡】#稀貓派對 #新人vtuber #vtuber #台v,2026-04-19T07:37:58Z,https://www.youtube.com/watch?v=Pf57XoSgdVk,https://i.ytimg.com/vi/Pf57XoSgdVk/mqdefault_live.jpg
c3945429509246f79c5f0a18594f696d,live,柔 ࿔ ☘︎ ˗ 4/19 ⌁《火炬之光：無限》火炬週年賽季 抽純金金鈔 .ᐟ 7天領SSR契靈 #輸入TL3YEARS ᓚ₍ ^. .^₎ | 看台就抽原晶 數量有限~ | 自主訂閱++ | @rourou156 | !極玩 !ig !算命 !新精華 !水餃,2026-04-19T07:44:00Z,https://www.twitch.tv/rourou156,https://static-cdn.jtvnw.net/previews-ttv/live_user_rourou156-{width}x{height}.jpg
e76a030f33bc48a58257b261f95ee3af,live,【遊戲】心相吾山#1｜關於迷路的大人與即將消失的孩子【緹緹帕拉斯】#台V #台灣Vtuber,2026-04-19T07:56:51Z,https://www.youtube.com/watch?v=z-bw0E36-kk,https://i.ytimg.com/vi/z-bw0E36-kk/mqdefault_live.jpg
bf277797951346fe991c27c79a6c5081,live,04/19【白兔】《明日方舟：終末地》過主線~｜ @rabbit1102 ｜,2026-04-19T08:00:20Z,https://www.twitch.tv/rabbit1102,https://static-cdn.jtvnw.net/previews-ttv/live_user_rabbit1102-{width}x{height}.jpg
fa67b0859f2e45589e754f7e528967d6,live,☆拚紫勾勾中☆ 4/19 找三幻神(2hr版本)｜!夢夢,2026-04-19T08:00:22Z,https://www.twitch.tv/monmon_jinrou,https://static-cdn.jtvnw.net/previews-ttv/live_user_monmon_jinrou-{width}x{height}.jpg
8150f530d858418282811429cc32622b,live,4/19 工作了!!  《 R.E.P.O. 》 一起REPO #REPO #Vtuber #台V #巧克團 #欣希亞 ft. 巧克團,2026-04-19T08:02:04Z,https://www.twitch.tv/mengcynia,https://static-cdn.jtvnw.net/previews-ttv/live_user_mengcynia-{width}x{height}.jpg
6bddfe8d54104f4192c56e4935a871de,live,0417  ◇  藍莓奶酥杯子蛋糕⌯⦁⩊⦁⌯ಣ  ◇ @anyume_vt !fish !拉 #7tv #幫掛台拜託了,2026-04-19T08:08:18Z,https://www.twitch.tv/anyume_vt,https://static-cdn.jtvnw.net/previews-ttv/live_user_anyume_vt-{width}x{height}.jpg
71da2daf84a546c39399adf6ca44aac1,live,莊姨我來了ww {掛台可以幫我開5%聲音喔謝謝 >M<} 魔競娛樂「魔儲」QRCode註冊享優惠  @flaightzero,2026-04-19T08:09:29Z,https://www.twitch.tv/flaightzero,https://static-cdn.jtvnw.net/previews-ttv/live_user_flaightzero-{width}x{height}.jpg
71da2daf84a546c39399adf6ca44aac1,live,莊姨我來了ww  #明日方舟終末地 #arknightsendfield        #男性vtuber   #vtuber    #聊天   #初見歡迎  #星空上的夜喵,2026-04-19T08:09:35Z,https://www.youtube.com/watch?v=k5zEAfZBAL0,https://i.ytimg.com/vi/k5zEAfZBAL0/mqdefault_live.jpg
4e5f0c7c5f1f49c2b1d249b10225cabb,live,【🐟瘋狗娛樂🐟劉小魚】《火炬之光 : 無限》週年賽季!抽純金金鈔!7天領SSR契靈! #火炬之光無限 #輸入TL3YEARS🩵 |  @test40228 !抽獎 !水餃 !計畫 !DC !指令,2026-04-19T08:10:45Z,https://www.twitch.tv/test40228,https://static-cdn.jtvnw.net/previews-ttv/live_user_test40228-{width}x{height}.jpg
04ca68439fd14d088c77eb0069e6414f,live,【歌枠 Karaoke】現在 好想唱歌 ✨用歌聲與妳交換心情 / 今、歌いたい気分 ✨歌声で想いを届けたい【ようこ❤️‍🩹 / #個人勢Vtuber 】,2026-04-19T08:17:01Z,https://www.youtube.com/watch?v=wB505zVLJks,https://i.ytimg.com/vi/wB505zVLJks/mqdefault_live.jpg
5c3ea93753724a63b32071a7a580af7b,live,4/19 AI夢境檔案 無法成眠#3,2026-04-19T08:20:14Z,https://www.twitch.tv/siro9527,https://static-cdn.jtvnw.net/previews-ttv/live_user_siro9527-{width}x{height}.jpg
14a9a08fbdc641e8ac8c384dedfccf0a,live,【朔Sakuro】戰棋比賽我來了！殘念第三名只好打瓦 ft.漏打、朧、Nyaru、薄葉透 #金古盃GGC,2026-04-19T08:25:26Z,https://www.twitch.tv/sakuro_moonlit,https://static-cdn.jtvnw.net/previews-ttv/live_user_sakuro_moonlit-{width}x{height}.jpg
e66d389ebb604096bfa99178e1a13c27,live,【LCK同步觀賽】NS & T1!!!今天大李小李都加油哇!!!｜阿爾西婭．幽梨雅🌺,2026-04-19T08:26:00Z,https://www.youtube.com/watch?v=Un_Mo_CGvM8,https://i.ytimg.com/vi/Un_Mo_CGvM8/mqdefault_live.jpg
a000aa1d3ea7489c993277d33ab2457e,live,【04/19】下午好 @moondogs_celestial,2026-04-19T08:35:00Z,https://www.twitch.tv/moondogs_celestial,https://static-cdn.jtvnw.net/previews-ttv/live_user_moondogs_celestial-{width}x{height}.jpg
6c0758764e674c6db2f985710fcfbd7b,live,【👑歌回】翻歌一翻賞❗只有20抽❗抽到什麼就怎麼唱🎤✨ #初見歓迎｜森花艾波🍎 #歌回 #歌枠,2026-04-19T08:43:36Z,https://www.youtube.com/watch?v=UpKmjPz9RwI,https://i.ytimg.com/vi/UpKmjPz9RwI/mqdefault_live.jpg
2760c9a44c20464d8e140e6367ed1cdf,live,【聯盟戰棋 金古盃】不是老八就是第一？！今天是老八還是第一呢？...,2026-04-19T08:55:27Z,https://www.youtube.com/watch?v=zjXCeMSV4CA,https://i.ytimg.com/vi/zjXCeMSV4CA/mqdefault_live.jpg
73827056b15849549388f720dde25c01,live,【法環隨機MOD】#2 死亡抽抽挑戰⚔️波比跳與命運的對決（活動內容於資訊欄）【菲兒琉卡】｜風鈴檔案W.C.A #初見歡迎 #降落歡迎,2026-04-19T09:00:08Z,https://www.youtube.com/watch?v=fbXguzpG_KU,https://i.ytimg.com/vi/fbXguzpG_KU/mqdefault_live.jpg
4766ec1a407f4271bca77fb81487e81a,live,奶雞🐔沉默之丘f pt.02,2026-04-19T09:00:43Z,https://www.youtube.com/watch?v=Naz8RyIL67Q,https://i.ytimg.com/vi/Naz8RyIL67Q/mqdefault_live.jpg
4b214cdeac0649989f03f39e497816cf,live,☾兔發☽  0419✦今天可以666嗎！又又又被抓來打瓦瓦了✧ !愛兔兔、!恨兔兔、!簽到、!跟隨時間、!觀眾場規則✦ @weiwei_rabbit,2026-04-19T09:08:38Z,https://www.twitch.tv/weiwei_rabbit,https://static-cdn.jtvnw.net/previews-ttv/live_user_weiwei_rabbit-{width}x{height}.jpg
66c8fc624de94d8e8af4325e41ce7c34,live,"麥塊讓我腦殼痛, 我還是來超越手錶單純一點 :< （一般場可++） │ Youtube努力雙開~老闆們路過請按讚~  │  !YT !shorts !sr !songlist",2026-04-19T09:09:06Z,https://www.twitch.tv/k0_kaylyn,https://static-cdn.jtvnw.net/previews-ttv/live_user_k0_kaylyn-{width}x{height}.jpg
d50d9b85f098470c8220cd99de802b17,live,【Pragmata / 人機迷網】初見Pragmata~ 與小蘿莉一起在月球大冒險！！,2026-04-19T09:11:46Z,https://www.youtube.com/watch?v=K1vyk7p8l1g,https://i.ytimg.com/vi/K1vyk7p8l1g/mqdefault_live.jpg
dda9d5733f5f49f4aa77f147640040c3,live,04/19 聊聊聚會感想,2026-04-19T09:16:32Z,https://www.twitch.tv/xingyi0741,https://static-cdn.jtvnw.net/previews-ttv/live_user_xingyi0741-{width}x{height}.jpg
c2b9638d8dd54888a91caa8a67366907,live,【ꜱᴀᴋᴜʀɪɴ】去年的這個月我也在噴人 | 自主訂閱+ | 同接努力中 | !mepay魔儲 | @sakurin0617,2026-04-19T09:17:02Z,https://www.twitch.tv/sakurin0617,https://static-cdn.jtvnw.net/previews-ttv/live_user_sakurin0617-{width}x{height}.jpg
310862830fb648b78cca7e581e2622a7,live,♦ 2026.04.19 ♦ 今天來鎮守啦！好期待會是怎樣的劇情~｜ @ayaakahane ｜ !自主訂閱 !小奇點【赤羽亞矢】,2026-04-19T09:37:17Z,https://www.twitch.tv/ayaakahane,https://static-cdn.jtvnw.net/previews-ttv/live_user_ayaakahane-{width}x{height}.jpg
b16b9643e24d404a8de6d66551451b85,live,【 單雙/彈性】輕鬆玩但不隨便🦋GuGuGaGa🦋,2026-04-19T09:49:42Z,https://www.twitch.tv/psychemori_vt,https://static-cdn.jtvnw.net/previews-ttv/live_user_psychemori_vt-{width}x{height}.jpg
7cbd1f537c3d4e67b38b9f9e31cb93d6,live,⿻⁎· 0419◞  先工作摸魚一下晚點來把大富翁剩下的骰子骰完  ⦙⦙⦙自主訂閱告急⦙⦙⦙   !周年!周邊!DC!斗內!YT!指令 ⦙⦙⦙,2026-04-19T09:54:45Z,https://www.twitch.tv/nank404,https://static-cdn.jtvnw.net/previews-ttv/live_user_nank404-{width}x{height}.jpg
6eefc3826f4f49a0b28a5288c5e0d83e,live,【 我要戳人 】  !簽到  | @seenah0707,2026-04-19T09:56:39Z,https://www.twitch.tv/seenah0707,https://static-cdn.jtvnw.net/previews-ttv/live_user_seenah0707-{width}x{height}.jpg
e63fd2ead17a4b57b256fcd55fe83b0e,live,【Soulmask靈魂面具】1.0上線埃及DLC,2026-04-19T09:57:25Z,https://www.twitch.tv/reibe0415,https://static-cdn.jtvnw.net/previews-ttv/live_user_reibe0415-{width}x{height}.jpg
e63fd2ead17a4b57b256fcd55fe83b0e,live,【FINAL FANTASY XIV】每日陪大哥吃飯、裝潢家裡,2026-04-19T09:58:03Z,https://www.youtube.com/watch?v=Q9dqjg0b_TE,https://i.ytimg.com/vi/Q9dqjg0b_TE/mqdefault_live.jpg
85ec3eac9fef49dcb3aeee87520a5b85,live,【 ポピロゼ主題 🎤 歌回】致敬台北 4/12 Bang Dream 神級対バン歌單 ❤️ Poppin' Party 與 Roselia【蜜提妮雅】｜風鈴檔案W.C.A #初見歓迎 #降落歡迎,2026-04-19T10:00:40Z,https://www.youtube.com/watch?v=tCug833EKj8,https://i.ytimg.com/vi/tCug833EKj8/mqdefault_live.jpg
42b8bd7bed2a4ddd930cfd223657e9ca,live,【遊戲🎮Pokopia｜#3】我開太晚辣~但我真的很想玩，所以今天晚點才開 Pokémon Pokopia🐾初見歡迎🐾 🐈‍⬛#Oumi 🐈‍⬛#星野櫻海,2026-04-19T10:00:57Z,https://www.twitch.tv/hoshinooumi,https://static-cdn.jtvnw.net/previews-ttv/live_user_hoshinooumi-{width}x{height}.jpg
42b8bd7bed2a4ddd930cfd223657e9ca,live,【遊戲🎮Pokopia｜#3】我開太晚辣~但我真的很想玩，所以今天晚點才開 Pokémon Pokopia🐾初見歡迎🐾 🐈‍⬛#Oumi 🐈‍⬛#星野櫻海,2026-04-19T10:01:01Z,https://www.youtube.com/watch?v=eB0ifFU8n90,https://i.ytimg.com/vi/eB0ifFU8n90/mqdefault_live.jpg
00d3ddb7b65247eaa16473cfd1376723,live,【主播女孩重度依賴】第一次玩這類型的游戲！,2026-04-19T10:02:59Z,https://www.youtube.com/watch?v=iuoK-yj-24A,https://i.ytimg.com/vi/iuoK-yj-24A/mqdefault_live.jpg
becdcbab308f4fa18540982596eebbd5,live,【GAME】拚勾勾人~周末小遊戲日~✨🌸自主訂閱努力中 !sr 開放中 !id,2026-04-19T10:04:01Z,https://www.twitch.tv/onisosweet0112,https://static-cdn.jtvnw.net/previews-ttv/live_user_onisosweet0112-{width}x{height}.jpg
13c69e2cf2ff4dc1907bbae9a87a8c0f,live,419▸拚勾勾得思｜ᴢ𝟣 ʀᴘ 莉莉．多里安｜晚點my捏角 睡不著啦 ૮ .  ̫ . ა !z1｜看台裝7TV @yanyantuuwu,2026-04-19T10:05:06Z,https://www.twitch.tv/yanyantuuwu,https://static-cdn.jtvnw.net/previews-ttv/live_user_yanyantuuwu-{width}x{height}.jpg
b053612876e04de488a32893a19f4b08,live,04/19 突發特戰英豪,2026-04-19T10:08:43Z,https://www.twitch.tv/wtfffffff0,https://static-cdn.jtvnw.net/previews-ttv/live_user_wtfffffff0-{width}x{height}.jpg
747fb5e9d30240a1ac42fbf37e86b55d,live,《明日方舟：終末地】1.2核心版本來啦！看看莊方宜跟新劇情如何 | @rui_grimm | EN/日本語OK !DC !YT !社群,2026-04-19T10:12:48Z,https://www.twitch.tv/rui_grimm,https://static-cdn.jtvnw.net/previews-ttv/live_user_rui_grimm-{width}x{height}.jpg
747fb5e9d30240a1ac42fbf37e86b55d,live,《明日方舟：終末地】1.2核心版本來啦！看看莊方宜跟新劇情如何 【路易 格林 / Louis Grimm】,2026-04-19T10:13:10Z,https://www.youtube.com/watch?v=I7APzdIS_Ro,https://i.ytimg.com/vi/I7APzdIS_Ro/mqdefault_live.jpg
7bf1f37dccbe4c72860c81a2772b91e1,live,[尼的遊樂園]倒數11天...5月之後有新消息公布! |初見歡迎[NaniChan],2026-04-19T10:14:32Z,https://www.youtube.com/watch?v=ZvudARkNumc,https://i.ytimg.com/vi/ZvudARkNumc/mqdefault_live.jpg
ce908f10dcde4e2480c8f97aafd45883,live,《台灣霹靂火 Re:Burn》要來一支番仔火嗎？｜中/日/EN｜KuroLIVE,2026-04-19T10:18:24Z,https://www.twitch.tv/kuro777_twitch,https://static-cdn.jtvnw.net/previews-ttv/live_user_kuro777_twitch-{width}x{height}.jpg
ce908f10dcde4e2480c8f97aafd45883,live,《台灣霹靂火 Re:Burn》DEMO版試玩 要一支番仔火嗎？｜中/日/EN｜KuroLIVE,2026-04-19T10:18:26Z,https://www.youtube.com/watch?v=A3-pnDgnvoE,https://i.ytimg.com/vi/A3-pnDgnvoE/mqdefault_live.jpg
9b33b75521bd43bca3346790ac65559c,live,⋆ 𝓓𝓮𝓪𝓻 ⋆ 4/19  💟 祝我生日快樂  | 布丁販售 | 歡迎打招呼 |,2026-04-19T10:20:39Z,https://www.twitch.tv/mtow9140,https://static-cdn.jtvnw.net/previews-ttv/live_user_mtow9140-{width}x{height}.jpg
9b33b75521bd43bca3346790ac65559c,live,⋆ 𝓓𝓮𝓪𝓻 ⋆ 4/19  💟HAHA  #祝我生日快樂 | 布丁販售 | 歡迎打招呼 |,2026-04-19T10:21:42Z,https://www.youtube.com/watch?v=l43Mf-ZzD18,https://i.ytimg.com/vi/l43Mf-ZzD18/mqdefault_live.jpg
15c9a54b946a40c38c07ea2f9efddfa5,live,【煌Kirali】低配八點檔 以及快樂遊戲時光,2026-04-19T10:24:24Z,https://www.twitch.tv/kirali_neon,https://static-cdn.jtvnw.net/previews-ttv/live_user_kirali_neon-{width}x{height}.jpg
b606cde735d84b45ab96489d7a9997dd,live,【 #PRAGMATA  】人機迷惘 #3 我女兒最有用了 博士不要我要 好萌好可愛 讓我左右腦互搏 【邦生多葛】 2026/04/19,2026-04-19T10:24:57Z,https://www.twitch.tv/bensencat9658,https://static-cdn.jtvnw.net/previews-ttv/live_user_bensencat9658-{width}x{height}.jpg
b606cde735d84b45ab96489d7a9997dd,live,【 #PRAGMATA  】人機迷惘 #3 我女兒最有用了 博士不要我要 好萌好可愛 讓我左右腦互搏 【邦生多葛】 2026/04/19,2026-04-19T10:25:04Z,https://www.youtube.com/watch?v=nQsp8n0lp5Q,https://i.ytimg.com/vi/nQsp8n0lp5Q/mqdefault_live.jpg
02f5258d29b046bc9f597c9baac014bf,live,【珮蕾pele. 】小開一下影音斗內，等8點麥快狼人殺,2026-04-19T10:30:55Z,https://www.twitch.tv/p1lepe1el1,https://static-cdn.jtvnw.net/previews-ttv/live_user_p1lepe1el1-{width}x{height}.jpg
44f1d1ad14034bd3949ad6f84624f0e4,live,ʚ嘻希呦ɞ ɶ 小玩小開小不點🤏🏻 ʚ 歡迎降落溺屎  ʚ,2026-04-19T10:31:58Z,https://www.twitch.tv/shiki_nzm,https://static-cdn.jtvnw.net/previews-ttv/live_user_shiki_nzm-{width}x{height}.jpg
cf5fc0cd849841679951b3769979b3a0,live,【耐久游戲台 | 惡靈古堡 Resident Evil 2】  #西西不嘻嘻,2026-04-19T10:37:40Z,https://www.youtube.com/watch?v=Lm7SDPEqaJg,https://i.ytimg.com/vi/Lm7SDPEqaJg/mqdefault_live.jpg
95694a64c0fe4b5c987344f1edcec826,live,« ◌̌Chat » 補作業☁️我是誰我在哪裡｜!歌單 !布丁｜拚紫勾勾｜初見歡迎/同遊歡迎,2026-04-19T10:39:37Z,https://www.twitch.tv/mendydrowsy,https://static-cdn.jtvnw.net/previews-ttv/live_user_mendydrowsy-{width}x{height}.jpg
95eabea4e8014fedb5d34ea27137a4ca,live,【艾爾登法環ELDEN RING】我一定要走完這個鬼地方嗎【369💧九九】,2026-04-19T10:41:00Z,https://www.youtube.com/watch?v=tywK6LasGxM,https://i.ytimg.com/vi/tywK6LasGxM/mqdefault_live.jpg
e9569c3f60c541ab83899c09079feaa2,live,女鵝我來了!!!!3000忠誠點數抽遊戲~ /請跟我聊天/掛台才是好寶寶~,2026-04-19T10:44:28Z,https://www.twitch.tv/leinuoke,https://static-cdn.jtvnw.net/previews-ttv/live_user_leinuoke-{width}x{height}.jpg
ca4210c7562b479cb3af76082fb70fcd,live,4/19【亞希】 好耶今天是日常閒聊+敲素材~! 聽說昨天是異環前瞻~! 今天來一起補看前瞻內容! 感謝各位掛台!,2026-04-19T10:48:17Z,https://www.twitch.tv/sennna_aki,https://static-cdn.jtvnw.net/previews-ttv/live_user_sennna_aki-{width}x{height}.jpg
c1aa10208a06439481231599b25845b0,live,【瓦羅蘭】是誰關車門只注意頭不要撞到車頂，沒注意車門的，是我 Ft. | !簽到 !愛靈婪 !手機桌布 !魔儲 | 靈婪 @linglai8787,2026-04-19T10:51:06Z,https://www.twitch.tv/linglai8787,https://static-cdn.jtvnw.net/previews-ttv/live_user_linglai8787-{width}x{height}.jpg
afa3e309e41044c5bffe17466607d481,live,雪雪๐•ᴗ•๐ 4/19 ♡ @yukkkkiouo 《火炬之光：無限》週年賽季開玩 純金金鈔天天抽 7天領SSR契靈 #火炬之光無限 #輸入TL3YEARS !自主訂閱支援 !YT,2026-04-19T10:56:54Z,https://www.twitch.tv/yukkkkiouo,https://static-cdn.jtvnw.net/previews-ttv/live_user_yukkkkiouo-{width}x{height}.jpg
9f649d90164140bdb0e38f7e835c183b,live,【大光歌回】🌸抓住春天最後的尾巴，來場恩艾吉他時光🎸｜⭐穆恩佐 Munzel ft.@Espada.Timaeus,2026-04-19T10:59:24Z,https://www.youtube.com/watch?v=C_BRzilgHxU,https://i.ytimg.com/vi/C_BRzilgHxU/mqdefault_live.jpg
15b52ca3f3b5410cb2bb305d2bb737c4,live,久違的聯動!展現聰明才智的時刻! @vinothiano |REANIMAL 生靈重塑|可以進來打招呼聊天!掛台5%~|表單已經開放啦!希望大家可以幫我填寫!,2026-04-19T10:59:39Z,https://www.twitch.tv/papaya1278,https://static-cdn.jtvnw.net/previews-ttv/live_user_papaya1278-{width}x{height}.jpg
160f90709224412f9cfc2aaa88e89a57,live,【終末地】組隊有結論了 #白秋澤,2026-04-19T11:00:08Z,https://www.youtube.com/watch?v=wBAMSig46gE,https://i.ytimg.com/vi/wBAMSig46gE/mqdefault_live.jpg
a168211aa3dd451cb33e09b80df0ea0a,live,"【鳴潮】來推下劇情,然後看看玩什麼｜神崎アルファ",2026-04-19T11:00:11Z,https://www.youtube.com/watch?v=0G_8XewJMyg,https://i.ytimg.com/vi/0G_8XewJMyg/mqdefault_live.jpg
d5c19a6328af48ba88bf41b2dd757f14,live,【雜談】繼續一起來看2026的4月新番有哪些想看的！提早聊完就來同時視聽4月新番～【台灣Vtuber】,2026-04-19T11:00:20Z,https://www.youtube.com/watch?v=J9edKkJM7Dk,https://i.ytimg.com/vi/J9edKkJM7Dk/mqdefault_live.jpg
0a000a22ebd84abf860bcd5ef0a5ed60,live,進3.0可以悠哉度日了！！！ @mizuha0125 @muxi910225 @kimdokja2710🧸多掛台陪陪我嘛喵🧡完整VOD請至YT觀看👑,2026-04-19T11:00:20Z,https://www.twitch.tv/nekokatsu_0104,https://static-cdn.jtvnw.net/previews-ttv/live_user_nekokatsu_0104-{width}x{height}.jpg
6bf231719d5e485fa0cdee99905858d4,live,【04/19】GTARP SL 小鳥遊蒼太｜D.30 （大爆過敏QQ,2026-04-19T11:01:04Z,https://www.twitch.tv/xiaoke0109,https://static-cdn.jtvnw.net/previews-ttv/live_user_xiaoke0109-{width}x{height}.jpg
4f5a88e0193a4c948f7e84c56303db82,live,【鬼轉】千禧夢~挑戰夢核第一線#昭昭幕幕 #螢窗雪案 #初見歓迎 #歡迎降落,2026-04-19T11:01:22Z,https://www.youtube.com/watch?v=nSWV6T0lTjQ,https://i.ytimg.com/vi/nSWV6T0lTjQ/mqdefault_live.jpg
58bb51ba1bba485a98cbf859fb5687f4,live,【陪伴咖啡廳】徐冉來解決觀測者大人的煩惱喔~ #初見歡迎,2026-04-19T11:01:26Z,https://www.youtube.com/watch?v=PfiLmsWCTtY,https://i.ytimg.com/vi/PfiLmsWCTtY/mqdefault_live.jpg
80f7b111f0e044abae4c37f6a96b5957,live,【#wraphousesimulator】三寶的好吃捲餅又來啦！二寶承受一切的時候又到了【#DevilithViolustre 】,2026-04-19T11:01:41Z,https://www.youtube.com/watch?v=Ed3UC4-qlJY,https://i.ytimg.com/vi/Ed3UC4-qlJY/mqdefault_live.jpg
63f727e673b9460abd6f7079bcbb1865,live,《 第五人格 / Identity V 》04 / 19 - 第五啟動【穎兒Yinger】,2026-04-19T11:02:17Z,https://www.youtube.com/watch?v=Ea4VPCODwOA,https://i.ytimg.com/vi/Ea4VPCODwOA/mqdefault_live.jpg
4b6655120fbd4431a8f7894cac4a4d49,live,塔羅占卜#133｜能量這種東西真的很神奇🔮✨🦊【Healing希靈/VTuber】,2026-04-19T11:02:32Z,https://www.youtube.com/watch?v=nnOsRK-Vo6M,https://i.ytimg.com/vi/nnOsRK-Vo6M/mqdefault_live.jpg
5862e8e7c5fd4261af093cec20b40300,live,【未解之謎】百科全書准備好了  | Fufuno諾兒  #初見歡迎 #新人vtuber,2026-04-19T11:02:34Z,https://www.youtube.com/watch?v=YCfXNnJ2H7o,https://i.ytimg.com/vi/YCfXNnJ2H7o/mqdefault_live.jpg
b126053a1356460ebf85a874a6a55aca,live,發芽馬鈴薯丟掉別吃！勿相信網路洗地文｜監院重查林智堅台大論文撤銷？！黃揚明轟：真的沒下限 🍓20260419 #高雄林小姐 #Vtuber​​​​ #台灣Vtuber​​​ #台V,2026-04-19T11:03:00Z,https://www.youtube.com/watch?v=MpXc15skYM8,https://i.ytimg.com/vi/MpXc15skYM8/mqdefault_live.jpg
a2847bd09f954df794fb9289d6a96dae,live,【加班台day45】瓦瓦瓦瓦瓦|加班轉盤開放兌換| @yulin_ch |ft,2026-04-19T11:03:43Z,https://www.twitch.tv/yulin_ch,https://static-cdn.jtvnw.net/previews-ttv/live_user_yulin_ch-{width}x{height}.jpg
15b52ca3f3b5410cb2bb305d2bb737c4,live,【趴趴鴉papaya】久違的聯動!展現聰明才智的時刻! ft.維諾【REANIMAL 生靈重塑】,2026-04-19T11:04:32Z,https://www.youtube.com/watch?v=XREj61IlpKo,https://i.ytimg.com/vi/XREj61IlpKo/mqdefault_live.jpg
8b810380ed254a5e8a85b65552ba4e61,live,🐇 04.19 𖹭 在等外送來 0-0｜ !魔儲  ˖Ი𐑼 ⋆ @nayomi0204,2026-04-19T11:07:10Z,https://www.twitch.tv/nayomi0204,https://static-cdn.jtvnw.net/previews-ttv/live_user_nayomi0204-{width}x{height}.jpg
83ec4919298a4ad5984e3da31109a4c8,live,🐈貓糰🔸𝟢𝟦𝟣𝟫 ⸝ 玩A配可鼠!∣!滑鼠墊 !觀眾場 !ExitLag @umidan1207,2026-04-19T11:07:13Z,https://www.twitch.tv/umidan1207,https://static-cdn.jtvnw.net/previews-ttv/live_user_umidan1207-{width}x{height}.jpg
db6b14a0319e4f639bfcf8d4309c064d,live,❄️遊戲❄️戰棋新手! 聽說主播牌運很好~ 摸索新賽季!,2026-04-19T11:08:42Z,https://www.twitch.tv/rtea0527,https://static-cdn.jtvnw.net/previews-ttv/live_user_rtea0527-{width}x{height}.jpg
4ba065758aa94ce18cfe227cc37b1afe,live,04/19🐰雪寶うさぎ⛄️熬夜兔🐇陪伴大家度過這一天 @shinyuki2511 🐇!魔儲 !周邊 ᕬ ᕬ,2026-04-19T11:10:58Z,https://www.twitch.tv/shinyuki2511,https://static-cdn.jtvnw.net/previews-ttv/live_user_shinyuki2511-{width}x{height}.jpg
905304e606344aba8c84b83717453f5e,live,【APEX】今天開小的陪朋友上排?｜參加型｜歡迎訂閱！喜歡也記得案讚喔！#初見歡迎 #APEX,2026-04-19T11:14:19Z,https://www.youtube.com/watch?v=Xa4hcu1bR4s,https://i.ytimg.com/vi/Xa4hcu1bR4s/mqdefault_live.jpg
a052e4ff345b41919ab0f13a5b10ff02,live,【討論】網路流行用語混淆？檢查自己被影響多大吧 #小說 #台v  #鬱兔,2026-04-19T11:17:29Z,https://www.youtube.com/watch?v=TdGItCrXP94,https://i.ytimg.com/vi/TdGItCrXP94/mqdefault_live.jpg
7f3411a01ffc45bab4f25f088131bb50,live,【雜談】星期日又快過了... 假日真的過得好快喔 Q Q #初見歡迎【零夜Reiya】,2026-04-19T11:20:23Z,https://www.youtube.com/watch?v=bBIX93K1I9M,https://i.ytimg.com/vi/bBIX93K1I9M/mqdefault_live.jpg
7360e8cae69b4d4fbe91510c776b1c5e,live,【獄門】瑟菈瑟菈 x 4/19,2026-04-19T11:26:37Z,https://www.twitch.tv/nordifen_cocyt,https://static-cdn.jtvnw.net/previews-ttv/live_user_nordifen_cocyt-{width}x{height}.jpg
1af37b5945cf40019107583a3c6537ea,live,4/19【 帕芙亞 @pafuya | 目標無聲紫勾 | 全職無性別無聲,2026-04-19T11:28:24Z,https://www.twitch.tv/pafuya,https://static-cdn.jtvnw.net/previews-ttv/live_user_pafuya-{width}x{height}.jpg
a45c0a929a504afa9afee5c56bc9b959,live,【雀魂】日麻新手前來練習！ ✰【鵲樂】#初見歡迎 #降落歡迎,2026-04-19T11:28:32Z,https://www.youtube.com/watch?v=daCbnemftnc,https://i.ytimg.com/vi/daCbnemftnc/mqdefault_live.jpg
36ad63809a2441c9b85f7ee628136ce3,live,【孵蛋Time! 】一起玩遊戲?聊天?練習日文? 由你決定! 來陪蛋蛋孵蛋蛋吧☆   ◎1000訂閱會轉大人唷 ◎JP/EN/CH ◎  #初見請進 #降落歡迎 #初見/ROM専さん大歓迎,2026-04-19T11:28:35Z,https://www.youtube.com/watch?v=jDd13pGrR3g,https://i.ytimg.com/vi/jDd13pGrR3g/mqdefault_live.jpg
161544bf51864b2bad46cdd769bee278,live,【逆轉裁判3】第三章了！玩兩個小時！EP.09 #新人Vtuber #初見歡迎 #歡迎降落,2026-04-19T11:29:11Z,https://www.twitch.tv/zishaow,https://static-cdn.jtvnw.net/previews-ttv/live_user_zishaow-{width}x{height}.jpg
161544bf51864b2bad46cdd769bee278,live,【逆轉裁判3】第三章了！玩兩個小時！EP.09 #新人Vtuber #初見歡迎  #降落歡迎 #燒開LIVE,2026-04-19T11:29:35Z,https://www.youtube.com/watch?v=tOxZNgAEO1U,https://i.ytimg.com/vi/tOxZNgAEO1U/mqdefault_live.jpg
05d19eac5d22427f916e6fa59bf17b3b,live,【4/19】是可以一開再開的嗎 有人找我打瓦XD  !場次 !通販,2026-04-19T11:29:51Z,https://www.twitch.tv/orangecat331,https://static-cdn.jtvnw.net/previews-ttv/live_user_orangecat331-{width}x{height}.jpg
667d1f10770d4512a5350b74bcb3efc0,live,雑談｜身體狀況比較穩定了~ 來聊聊日本行🩵 ◊· 菲芮絲 ·◊フェロイス·◊,2026-04-19T11:29:52Z,https://www.youtube.com/watch?v=y5nzFKePEbI,https://i.ytimg.com/vi/y5nzFKePEbI/mqdefault_live.jpg
5fd252ad134343a59705e00390c6d9ef,live,✦ 0419｜【FFXIV｜進度七版注意】跑跑跑跑跑主線=͟͟͞( •̀д•́)｜  @ichikawasaori ｜初見大歡迎｜掛台降落感謝！｜!布丁 !FF14 !DC,2026-04-19T11:30:48Z,https://www.twitch.tv/ichikawasaori,https://static-cdn.jtvnw.net/previews-ttv/live_user_ichikawasaori-{width}x{height}.jpg
d2b0c8386e1341668f6bbc789d1ef1e3,live,【 APEX 】好久不見的排位賽 今天能上鑽石嗎 ft.@Orika_Daigo  🦝🛸 ｜赤星雨英 Akahoshi Mizore｜SDS,2026-04-19T11:30:51Z,https://www.youtube.com/watch?v=uTp1RZBtASE,https://i.ytimg.com/vi/uTp1RZBtASE/mqdefault_live.jpg
6dfe72bb90994dceb7b753908876307d,live,德撲觀眾場🎲內有禮包碼🎁賭徒在哪❓陽壽抽卡環節你怎麼可以錯過❗❗ #惑莉Desu,2026-04-19T11:30:53Z,https://www.youtube.com/watch?v=nkuHsiVadYI,https://i.ytimg.com/vi/nkuHsiVadYI/mqdefault_live.jpg
7c5232b16a1d44498677ed33e72bd8c6,live,【#apex】跟米粥勒一起扁扁！好久不見的APEX！ft. @Akahoshi_Mizore｜醍醐御梨花 Daigo Orika,2026-04-19T11:31:00Z,https://www.youtube.com/watch?v=9-y2QbK9DyQ,https://i.ytimg.com/vi/9-y2QbK9DyQ/mqdefault_live.jpg
118c05e7f751446abee5fc827fda0215,live,[PRAGMATA] 由世界設定到場景設計都充滿心思的作品 【獅子山 Rio】,2026-04-19T11:31:04Z,https://www.youtube.com/watch?v=XxWTFJiORqE,https://i.ytimg.com/vi/XxWTFJiORqE/mqdefault_live.jpg
1f378a6e115046ffa1a17f9079285d4a,live,【雜談】晚安！痛苦的星期一又要來了【星野鈴奈/虛書所屬Vtuber】,2026-04-19T11:31:35Z,https://www.youtube.com/watch?v=q_xUAc-ybtA,https://i.ytimg.com/vi/q_xUAc-ybtA/mqdefault_live.jpg
cf5fc0cd849841679951b3769979b3a0,live,【游戲台 | 惡靈古堡 Resident Evil2】,2026-04-19T11:32:25Z,https://www.twitch.tv/moseko0930,https://static-cdn.jtvnw.net/previews-ttv/live_user_moseko0930-{width}x{height}.jpg
9d74c909706a450ea35c1777cac79e77,live,【 采彩AYA 】雜談練等呀比 ✦ 四大天王 ✨ #16 『 #pokemon LeafGreen』,2026-04-19T11:32:26Z,https://www.youtube.com/watch?v=Vq17kB4-pAU,https://i.ytimg.com/vi/Vq17kB4-pAU/mqdefault_live.jpg
870430bfaf9942f487819fcb4630fabb,live,RK,2026-04-19T11:33:54Z,https://www.twitch.tv/nekohashimitsuki,https://static-cdn.jtvnw.net/previews-ttv/live_user_nekohashimitsuki-{width}x{height}.jpg
8ae0f370cf124faa953a09089a427fd9,live,《樂高星際大戰：天行者傳奇》#1 首部曲：威脅潛伏,2026-04-19T11:35:17Z,https://www.youtube.com/watch?v=_RS456DW_Zg,https://i.ytimg.com/vi/_RS456DW_Zg/mqdefault_live.jpg
75eb49d99170441ab784d7bec7378d21,live,〖緹婭💤〗OOO晚點FF｜OW+FF14｜2026/04/19 !魔儲 !DC !YT,2026-04-19T11:36:30Z,https://www.twitch.tv/tiavannessa,https://static-cdn.jtvnw.net/previews-ttv/live_user_tiavannessa-{width}x{height}.jpg
fd5a1e004f224586aa65f9c5b374cc4a,live,【 芙森家 】 o419 ꔫ 最近記憶力差到心慌 ܤ｜!委託 !簽到 !布丁 ✐ᝰ @crush_freya_ ♡,2026-04-19T11:40:32Z,https://www.twitch.tv/crush_freya_,https://static-cdn.jtvnw.net/previews-ttv/live_user_crush_freya_-{width}x{height}.jpg
9959d43cae9b49dbbcd666f742322b4a,live,0419 爬起乃 兄DAY.. ( •̀ ω •́ )✧,2026-04-19T11:49:47Z,https://www.twitch.tv/bear_ghost_haha,https://static-cdn.jtvnw.net/previews-ttv/live_user_bear_ghost_haha-{width}x{height}.jpg
34edb431f7da4a43b2a6a9d79d2858d1,live,【雜談】訂閱回饋.ᐟ.ᐟ台語回 我不會是台南人之恥吧.ᐟ.ᐟpart 2 ∑ദ്ദി˙◡･)｜初見歡迎~♡ 【解語JIEYU】,2026-04-19T11:50:51Z,https://www.youtube.com/watch?v=iirFzhY9vFI,https://i.ytimg.com/vi/iirFzhY9vFI/mqdefault_live.jpg
f7472d5310ce42819d17459c4f3fd7c1,live,富養小弓手‼️Hot Time亂象，到底應不應該有圖權⁉️【Artale台服】EP33 ᦂ 貓太Nyanta,2026-04-19T11:53:28Z,https://www.twitch.tv/nyantavtuber,https://static-cdn.jtvnw.net/previews-ttv/live_user_nyantavtuber-{width}x{height}.jpg
dbfaa5f3d01142df8a05c4946a0a22dc,live,【EE弗斯推石頭🫴🟤】我希望全世界都能玩到這種好遊戲🫶✨｜歡迎入內聊天✨【星野EE】 #初見歡迎 #降落歡迎,2026-04-19T11:53:42Z,https://www.youtube.com/watch?v=WEKOXpMvIns,https://i.ytimg.com/vi/WEKOXpMvIns/mqdefault_live.jpg
f7472d5310ce42819d17459c4f3fd7c1,live,富養小弓手‼️Hot Time亂象，到底應不應該有圖權⁉️【Artale台服】EP33 ᦂ 貓太Nyanta,2026-04-19T11:53:46Z,https://www.youtube.com/watch?v=CcMTMTB-A2A,https://i.ytimg.com/vi/CcMTMTB-A2A/mqdefault_live.jpg
3e7f5f5e829e4d4baca2a8a5916d60e4,live,ꕤ、0419｜今天也跟寶打派派 ◡̈    !簽到 !愛兔嘰,2026-04-19T11:54:13Z,https://www.twitch.tv/raiki_raibao,https://static-cdn.jtvnw.net/previews-ttv/live_user_raiki_raibao-{width}x{height}.jpg
7c06b9e316ce4ac18ce836cd72442bbe,live,【子午劇本殺】這次和序境一起來體驗本格推理！「兇手就在我們之中！？」※內含大量劇透請斟酌觀看 ft.幸雪煦実【浠Mizuki Game】,2026-04-19T11:55:14Z,https://www.youtube.com/watch?v=vDSdgYMm6B8,https://i.ytimg.com/vi/vDSdgYMm6B8/mqdefault_live.jpg
1edf4940878546569e52dd06c95b8581,live,【人機迷網】不明訊號進行中 ! 好想看另一個結局 !! #台灣Vtuber #雪莉啵啵 #pragmata #capcom,2026-04-19T11:55:16Z,https://www.youtube.com/watch?v=HZ6qg45-xmw,https://i.ytimg.com/vi/HZ6qg45-xmw/mqdefault_live.jpg
8881d23b0a3c426590c8a2509e363ec1,live,【FFXIV 繁中】華麗勞役詩｜進度：5.1｜推薦碼：AJS7861【@buliji_ | 連動預定在DC可看】,2026-04-19T11:55:18Z,https://www.twitch.tv/buliji_,https://static-cdn.jtvnw.net/previews-ttv/live_user_buliji_-{width}x{height}.jpg
b1939ca67a3c43cf8a6a0a9a88137419,live,【雙人連動歌枠】【龍貓窩KTV】feat.晨樹 ❘ 娜比邀請V朋朋來龍貓窩大唱特唱惹～～～讓我們的聲音陪伴大家🎶🎶🎶 #歌枠 #vsinger #花火布蕾亞,2026-04-19T11:55:41Z,https://www.youtube.com/watch?v=BISeL9b68-s,https://i.ytimg.com/vi/BISeL9b68-s/mqdefault_live.jpg
21507f58118d406b87fd42a39c87855a,live,【遊戲】Monster Hunter Wilds 繼續刷刷刷咚！ Part 21 #螢螢開台 #八幡螢 #Hotaru #初見歡迎 中文/EN OK!,2026-04-19T11:55:43Z,https://www.youtube.com/watch?v=jbxHF1nx4vk,https://i.ytimg.com/vi/jbxHF1nx4vk/mqdefault_live.jpg
4e4cbcbc0acf410ea5a50e4a6bbafd01,live,4/19 雪酸酸脈 @raiki_raibao  @tsufei_,2026-04-19T11:55:55Z,https://www.twitch.tv/chun2_,https://static-cdn.jtvnw.net/previews-ttv/live_user_chun2_-{width}x{height}.jpg
238b751368474f798a737e7cf1f4a87b,live,⚔️永劫無間⚔️ | 放假就是要打永劫~  |  !dc !yt !活動!簽到!週邊  @yuzuri0321 ft.,2026-04-19T11:56:21Z,https://www.twitch.tv/yuzuri0321,https://static-cdn.jtvnw.net/previews-ttv/live_user_yuzuri0321-{width}x{height}.jpg
238b751368474f798a737e7cf1f4a87b,live,⚔️永劫無間⚔️ | 放假就是要打永劫~,2026-04-19T11:56:33Z,https://www.youtube.com/watch?v=mGuVxdVqlsk,https://i.ytimg.com/vi/mGuVxdVqlsk/mqdefault_live.jpg
3bc36efc33ba4410be1d509a39074ceb,live,【煦Hiyori】耶 要玩劇本殺 發揮聰明才智的時候到了！,2026-04-19T11:57:17Z,https://www.twitch.tv/hiyori_teraz,https://static-cdn.jtvnw.net/previews-ttv/live_user_hiyori_teraz-{width}x{height}.jpg
c41044006a014ed28107f33221a7de98,live,《他的假日咖啡男友》ep.2 最好的朋友，最傷你的人 | Asaflix,2026-04-19T11:57:21Z,https://www.youtube.com/watch?v=PvRAEPru2J4,https://i.ytimg.com/vi/PvRAEPru2J4/mqdefault_live.jpg
2db2ffc41ff340a990a6d4dcec000d08,live,【雪Koyuki】第一次玩劇本殺，好期待！！ft.小浠學姐、序境｜ @koyuki_teraz,2026-04-19T11:57:25Z,https://www.twitch.tv/koyuki_teraz,https://static-cdn.jtvnw.net/previews-ttv/live_user_koyuki_teraz-{width}x{height}.jpg
2d9ef8be75c34daf9ce9d17ecbbe0f7a,live,◖人機迷惘◗太空奶爸初見 #初見歡迎 #降落歡迎 #Vtuber #奶茶當水喝🍼,2026-04-19T11:57:41Z,https://www.twitch.tv/milktea___life,https://static-cdn.jtvnw.net/previews-ttv/live_user_milktea___life-{width}x{height}.jpg
2d9ef8be75c34daf9ce9d17ecbbe0f7a,live,◖人機迷惘◗太空奶爸初見 #初見歡迎 #降落歡迎 #Vtuber #奶茶當水喝🍼,2026-04-19T11:57:56Z,https://www.youtube.com/watch?v=lX7SIYoJFDk,https://i.ytimg.com/vi/lX7SIYoJFDk/mqdefault_live.jpg
3e41189706dd483db4e407c295b058ce,live,【阿押捏】REPLACED #1 一天開兩次賺爛了賺爛了 4/19 @ayatsukiayane 【中文/日本語】,2026-04-19T11:58:00Z,https://www.twitch.tv/ayatsukiayane,https://static-cdn.jtvnw.net/previews-ttv/live_user_ayatsukiayane-{width}x{height}.jpg
3e41189706dd483db4e407c295b058ce,live,【阿押捏】REPLACED #1 一天開兩次賺爛了賺爛了 4/19【中文/日本語】,2026-04-19T11:58:08Z,https://www.youtube.com/watch?v=9VdqNO_5hNE,https://i.ytimg.com/vi/9VdqNO_5hNE/mqdefault_live.jpg
f72fb9eab9a84db5ba139131d59bdd02,live,辯論比賽 女性在娛樂場所半價是否是種歧視！ | @icare0000@shrimpebiko@maroonut@daemoncasoul@cylanlive@visc112233@safaia0726@yyyt030@aa3070623@2750092869@oviii_elve,2026-04-19T11:58:43Z,https://www.twitch.tv/visc112233,https://static-cdn.jtvnw.net/previews-ttv/live_user_visc112233-{width}x{height}.jpg
256dd6464e974e118dc8103d5e9eb0b3,live,୨୧ 在拚紫勾勾ᑋᵉᑊᑊᵒ ᵕ̈  ୨୧ ☑️𝟎𝟒𝟏𝟗   R.E.P.O 巧克團｜ 支持艾克斯女裝 ⟡.·｜歡迎掛忠誠點數⟡.·  !歌單 !DC !簽到 ｜⟡.· @yidhra0727,2026-04-19T11:59:22Z,https://www.twitch.tv/mutuer,https://static-cdn.jtvnw.net/previews-ttv/live_user_mutuer-{width}x{height}.jpg
23af2b94549e42c282ec0d6eecf01102,live,XiaoYao｜今天跟粉色小天使有約 ✧੯•́໒꒱ !周邊 !失眠 !簽 >>> @with_xiaoyao @n1n1___,2026-04-19T11:59:54Z,https://www.twitch.tv/with_xiaoyao,https://static-cdn.jtvnw.net/previews-ttv/live_user_with_xiaoyao-{width}x{height}.jpg
fad69c2a625446829ef410d9ef277c8f,live,Singing Stream︱一堆大家耳熟能詳又好聽的歌~🎤︱依涅斯Inez #初見さん大歓迎 #歌枠 #初見歓迎,2026-04-19T11:59:59Z,https://www.youtube.com/watch?v=Um7JzZ-dHPo,https://i.ytimg.com/vi/Um7JzZ-dHPo/mqdefault_live.jpg
b0f523194beb4abca2b433e9e41d912c,upcoming,【目標挑戰】脆100海巡挑戰！ #threads #降落歡迎 #初見歡迎,2026-04-19T12:00:00Z,https://www.youtube.com/watch?v=BpqpBeWFlQk,https://i.ytimg.com/vi/BpqpBeWFlQk/mqdefault_live.jpg
3a30426a65fe450bbef138fd8ba35f1e,upcoming,【週表作業雜談】來製作本週週表～順便跟大家聊聊天！！！【猫又くろね★Vtuber★】#歡迎初見 #歡迎降落,2026-04-19T12:00:00Z,https://www.youtube.com/watch?v=tJE4ADkmjEo,https://i.ytimg.com/vi/tJE4ADkmjEo/mqdefault_live.jpg
055f10f2da424da8bfbfe9d01b15fb11,upcoming,⚡遊戲⚡差點忘記還沒玩完SANABI | 克洛維斯Clovis,2026-04-19T12:00:00Z,https://www.youtube.com/watch?v=-Sk8m_AtMf0,https://i.ytimg.com/vi/-Sk8m_AtMf0/mqdefault_live.jpg
f0b85b56d1d84085aca5ab7f592bd7da,upcoming,【新衣裝】出道一週年了！公開新衣裝+出道前秘辛大公開+Q&A回答【週年紀念】 歡迎初見 歡迎掛台 歡迎降落,2026-04-19T12:00:00Z,https://www.youtube.com/watch?v=CrS3bPDGCPM,https://i.ytimg.com/vi/CrS3bPDGCPM/mqdefault_live.jpg
8968a24fb6bf4f08b1611e694c98eb40,upcoming,【塗鴉心理測驗】應該不會被發現甚麼秘密對吧...?【骸詩】,2026-04-19T12:00:00Z,https://www.youtube.com/watch?v=gODLIO_8Y8E,https://i.ytimg.com/vi/gODLIO_8Y8E/mqdefault_live.jpg
927ce160c29f4465ba196c3e1b8fee1c,upcoming,【雜談】要記得先做SBTI測驗還有SRTI測驗(鐵道的測驗)【魁 Kai🩸🐺｜Alluria】,2026-04-19T12:00:00Z,https://www.youtube.com/watch?v=Zoog4-0hs-w,https://i.ytimg.com/vi/Zoog4-0hs-w/mqdefault_live.jpg
f3085e3337f34b178380b52e3ca429af,upcoming,【Street Fighter 6】明天要開學了不能開太晚!!! #初見歡迎,2026-04-19T12:00:00Z,https://www.youtube.com/watch?v=34mnmKlOyYc,https://i.ytimg.com/vi/34mnmKlOyYc/mqdefault_live.jpg
9a7b7c9c31da44aca5a68395a2e69488,upcoming,【無声透明Vtuber】PRAGMATA  #3 【バ美肉、バ美声不使用】,2026-04-19T12:00:00Z,https://www.youtube.com/watch?v=C_Jk0o1wvBs,https://i.ytimg.com/vi/C_Jk0o1wvBs/mqdefault_live.jpg
903278eb21a342669dc6f7eea7dbe618,live,【500訂紀念】有抽獎喔！！！獎品是我親手(爪)做的......【可可卡cococa】,2026-04-19T12:00:00Z,https://www.youtube.com/watch?v=B9TC7CPsIPE,https://i.ytimg.com/vi/B9TC7CPsIPE/mqdefault_live.jpg
3de1f749e7fe4b219a2a10611311297f,upcoming,【雜談台】主播很口糊，但歡迎進來聊天。 【背景音】  #台v #vtuber  #南方旅者,2026-04-19T12:00:00Z,https://www.youtube.com/watch?v=Zzq5u1VLOsI,https://i.ytimg.com/vi/Zzq5u1VLOsI/mqdefault_live.jpg
238b751368474f798a737e7cf1f4a87b,upcoming,⚔️永劫無間⚔️ | 放假就是要打永劫~ | 20260419,2026-04-19T12:00:00Z,https://www.youtube.com/watch?v=aDJ3ZRlJrDo,https://i.ytimg.com/vi/aDJ3ZRlJrDo/mqdefault_live.jpg
d804bcd787db4333bca9dccd268ed32a,live,4/19 我累！但我又想打副本！｜拓荒虛無之尖M｜!掉寶｜WOW 12.0,2026-04-19T12:00:01Z,https://www.twitch.tv/menhou,https://static-cdn.jtvnw.net/previews-ttv/live_user_menhou-{width}x{height}.jpg
7b2d1d71057b4ac2a16109b980a99e28,live,【遊戲】【Poker Fate】日系德州撲克超好玩遊戲初見歡迎 歡迎降落｜貓宮結乃 yuno channel,2026-04-19T12:00:05Z,https://www.youtube.com/watch?v=IZgxjL6RMnc,https://i.ytimg.com/vi/IZgxjL6RMnc/mqdefault_live.jpg
182da09d8d454f37a52ec546cbb35e39,live,【鷗麥麥麥】李氏集團來打高爾夫球，我是人你當球,2026-04-19T12:00:06Z,https://www.youtube.com/watch?v=pR411RCQy-Q,https://i.ytimg.com/vi/pR411RCQy-Q/mqdefault_live.jpg
445a732fc0f64712b3213b4cd98fbdd3,live,【陪伴台】今天還是沒有賽車，照舊開開陪伴台，陪你們一起談談心吧~【青羽まことAohane Makoto Ch.】,2026-04-19T12:00:09Z,https://www.youtube.com/watch?v=ql3axFtdMFw,https://i.ytimg.com/vi/ql3axFtdMFw/mqdefault_live.jpg
f58318cdd690482c9d19fb68bca374a4,live,【重大消息】募資加班企劃開跑！加班多久全看轉盤心情！不乖乖加班居然還會懲罰健身環😨【塔塔栗🌰Tatari】,2026-04-19T12:00:12Z,https://www.youtube.com/watch?v=_7SjR8UGxSs,https://i.ytimg.com/vi/_7SjR8UGxSs/mqdefault_live.jpg
3e6a09fe4ef744f987e27ae0f06cdf09,live,【賞櫻拍立得】花花花花花花花花🌸太美了快來把它們帶回家 | 知花Chika,2026-04-19T12:00:12Z,https://www.youtube.com/watch?v=3c6BRZ3BPz0,https://i.ytimg.com/vi/3c6BRZ3BPz0/mqdefault_live.jpg
f560e7811b454fe489044165c53dba83,live,【艦これ】繼續來清任務跟EO!!!【十六夜/台灣Vtuber】#台灣Vtuber,2026-04-19T12:00:14Z,https://www.youtube.com/watch?v=iQkR1QrUOS8,https://i.ytimg.com/vi/iQkR1QrUOS8/mqdefault_live.jpg
14392ae1c106403ab690e8a6dea7c534,live,【台V】重返未來:1999-今晚來跑鷺鷥剪個人劇情~【浮士德Faust】,2026-04-19T12:00:15Z,https://www.youtube.com/watch?v=LS8PAJFoV-c,https://i.ytimg.com/vi/LS8PAJFoV-c/mqdefault_live.jpg
b3fb28fe6a0e4fcfb8014e7a4070ca09,live,【原神】新版本 新地圖 順便復健一下【紗倉音戀／台灣Vtuber】,2026-04-19T12:00:27Z,https://www.youtube.com/watch?v=f4RECjEUb3s,https://i.ytimg.com/vi/f4RECjEUb3s/mqdefault_live.jpg
03c018f2d3064da6ac4899bef1d600c5,live,玖玖巴🍶0419－周日台｜快點讓我玩那個遊戲！！！,2026-04-19T12:00:35Z,https://www.twitch.tv/998rrr,https://static-cdn.jtvnw.net/previews-ttv/live_user_998rrr-{width}x{height}.jpg
60282d578bb747b8b232dba81168a5b6,live,【快打旋風6】痛/\扁/\ | 冰霧Eisnebel,2026-04-19T12:00:37Z,https://www.youtube.com/watch?v=7ClTeAr-5Ws,https://i.ytimg.com/vi/7ClTeAr-5Ws/mqdefault_live.jpg
8150f530d858418282811429cc32622b,live,4/19 工作了!!  《 R.E.P.O. 》 一起REPO #REPO #Vtuber #台V #巧克團 #欣希亞 ft. 巧克團,2026-04-19T12:00:39Z,https://www.youtube.com/watch?v=Clu72CxrOR0,https://i.ytimg.com/vi/Clu72CxrOR0/mqdefault_live.jpg
208d8aa3792641d6ae4e0de5a10a4a6f,live,【天月麻雀】一起玩呀 三麻好玩 #vtuber  #絲出名 #女V #新人V #初見歡迎,2026-04-19T12:00:46Z,https://www.youtube.com/watch?v=NVelE4r0Pqw,https://i.ytimg.com/vi/NVelE4r0Pqw/mqdefault_live.jpg
8f4142c5ead94656b4744b425d800fb8,live,【崩壊スターレイル】在迎接銀狼LV999前，打算把所有支綫都給清理掉,2026-04-19T12:00:49Z,https://www.youtube.com/watch?v=WJgExd3mDK4,https://i.ytimg.com/vi/WJgExd3mDK4/mqdefault_live.jpg
a3ce195c0069494c99849d0b1a10a7fd,live,【#玩U戲】侑人你好誘人！哭哭臉大叔什麼的最棒了❤️#心相吾山 ｜ #悠白 #Ubye,2026-04-19T12:00:51Z,https://www.youtube.com/watch?v=UIJY7TSXE3M,https://i.ytimg.com/vi/UIJY7TSXE3M/mqdefault_live.jpg
529328632b0b4701a469ebc14413f855,live,【直播】聊聊校園點滴＆青春時光！（大男人？？）飲酒雜談【獅兄｜悠爾】,2026-04-19T12:00:56Z,https://www.youtube.com/watch?v=MxD4EFDc6u4,https://i.ytimg.com/vi/MxD4EFDc6u4/mqdefault_live.jpg
68820304b6164959806479d6c9dad127,live,【憋笑挑戰2】萬眾矚目的憋笑挑戰Part2！今天還會看到醬板鴨嗎🦆 #初見歓迎｜希沫洛佩｜VerseLink,2026-04-19T12:00:57Z,https://www.youtube.com/watch?v=IBJs5UnZdQ4,https://i.ytimg.com/vi/IBJs5UnZdQ4/mqdefault_live.jpg
302b50b5cf4844d58868013404b1ec3f,live,【遊戲台｜Pokemon Pokopia】另類Pokemon Master # 16【香港Vtuber/魔物26號】,2026-04-19T12:01:09Z,https://www.youtube.com/watch?v=9GHGc-poIqQ,https://i.ytimg.com/vi/9GHGc-poIqQ/mqdefault_live.jpg
532b143e82d6452fac9a18d1d025a2af,live,【#燕雲十六聲】鬥地主輸好多QQ⚡嗟夫刀法+八方風雷(或 千香引魂蠱)✨✨【BillCh / 碧兒Ch】,2026-04-19T12:01:11Z,https://www.youtube.com/watch?v=GbxJPLj6QpU,https://i.ytimg.com/vi/GbxJPLj6QpU/mqdefault_live.jpg
7b3809e085754d52aee99d1fcc980eaf,live,(=^・ω・^=) 第一次在日本當志工。整理貓咪 (=^・ω・^=),2026-04-19T12:01:17Z,https://www.youtube.com/watch?v=1A5n6orP86Q,https://i.ytimg.com/vi/1A5n6orP86Q/mqdefault_live.jpg
4c34c44a98974b709f7dbc7618847fd6,live,4/19 同意! 隨時烙跑( *・ω・)✄,2026-04-19T12:01:21Z,https://www.twitch.tv/5l5l3,https://static-cdn.jtvnw.net/previews-ttv/live_user_5l5l3-{width}x{height}.jpg
ed426712876641848613137bef236d26,live,【觀眾場】會員限定！REPO好玩到玩幾次都不膩！（怕爆言 結束後轉會限） | 冬雲凜Samui,2026-04-19T12:01:29Z,https://www.youtube.com/watch?v=JfYq4Er3HOM,https://i.ytimg.com/vi/JfYq4Er3HOM/mqdefault_live.jpg
4aee4e4c619a4e2aa8bbc2edce38ccfa,live,【特別雜談⭐】即將2週年 想做一些改變...🤔有一個特別的活動想跟你們一起...🤪◇娜娜◇ #初見歡迎,2026-04-19T12:01:57Z,https://www.youtube.com/watch?v=n72MMuUOYfA,https://i.ytimg.com/vi/n72MMuUOYfA/mqdefault_live.jpg
ad56a56e509c4b6fa0cf11ca959e3c72,live,【告知】有重要的事情 想跟重要的你們說  【白音エルル/白音艾露露】#おはようVtuber #早安 #Vtuber,2026-04-19T12:01:58Z,https://www.youtube.com/watch?v=FlBW8nZh-oQ,https://i.ytimg.com/vi/FlBW8nZh-oQ/mqdefault_live.jpg
52b5fa7ff03945368644f52035a5e798,live,【楓之谷artale】HOTTIME了家人們一起坐牢 #楓之谷artale  #楓之谷  #vtuber #台V  #姬德月兔,2026-04-19T12:02:10Z,https://www.youtube.com/watch?v=LsiiTXtmLY4,https://i.ytimg.com/vi/LsiiTXtmLY4/mqdefault_live.jpg
d81d1032a43642eca36e82ba9a3c39c5,live,ZAO｜4 . 19｜RO世界新服開啟「覺醒之力」，自由轉職體驗 MMORPG 的快樂 #RO世界之旅新服開荒｜ 初次見面商品預購~4/30,2026-04-19T12:02:12Z,https://www.twitch.tv/zao526,https://static-cdn.jtvnw.net/previews-ttv/live_user_zao526-{width}x{height}.jpg
2bb0e68d998d4b2bbfc79557a233fb33,live,【PRAGMATA 人機迷網 EP.3】繼續在月球基地探求真相！【珞雪嵐 Rakusetsu Ran】,2026-04-19T12:02:15Z,https://www.twitch.tv/rakusetsu_ran,https://static-cdn.jtvnw.net/previews-ttv/live_user_rakusetsu_ran-{width}x{height}.jpg
6510332f58be4d86b0007c77a622c959,live,新瑪奇英雄傳 Vindictus│椅子是個好睡覺的地方,2026-04-19T12:02:31Z,https://www.twitch.tv/narumitakii,https://static-cdn.jtvnw.net/previews-ttv/live_user_narumitakii-{width}x{height}.jpg
889bb42644a14ae4af2b3594c51d057b,live,【練歌歌回】今天想來點春天的味道!｜猫星ネオ｜ #初見歡迎 #歌回 #台灣vtuber,2026-04-19T12:02:34Z,https://www.youtube.com/watch?v=dofkFX4yz04,https://i.ytimg.com/vi/dofkFX4yz04/mqdefault_live.jpg
2bb0e68d998d4b2bbfc79557a233fb33,live,【PRAGMATA 人機迷網 EP.3】繼續在月球基地探求真相！【珞雪嵐 Rakusetsu Ran】,2026-04-19T12:02:41Z,https://www.youtube.com/watch?v=2u4VrxB21kw,https://i.ytimg.com/vi/2u4VrxB21kw/mqdefault_live.jpg
67d6807619064938a78832b4106de5c0,live,【米繪舖】菜雞V皮模板來啦！委託開放中🔥｜桃桃米比,2026-04-19T12:02:51Z,https://www.youtube.com/watch?v=JU86BJP_DkY,https://i.ytimg.com/vi/JU86BJP_DkY/mqdefault_live.jpg
03f5b3fed856438c9a53d30fdfadd9b7,live,【歌回】終於~毬呢動森睏島演唱會來了！！各種場景非常豐富！歡迎進島看現場唷～～✴✨✶ #降落歡迎🥮Singing Stream🥮 [ 毬呢Showey ] #初見歡迎,2026-04-19T12:02:51Z,https://www.youtube.com/watch?v=2vmpJw1ffd4,https://i.ytimg.com/vi/2vmpJw1ffd4/mqdefault_live.jpg
3681a0b4e4bd48888473b1884f6ee420,live,Work with me💙好消息：下禮拜生日 / 壞消息：4/26要生日了但是週邊圖都還沒畫完,2026-04-19T12:03:32Z,https://www.youtube.com/watch?v=jXqj2URpWEA,https://i.ytimg.com/vi/jXqj2URpWEA/mqdefault_live.jpg
920d34819cf944e99cf469f7552d535f,live,【遊戲直播】《Routine｜下》我就是卑鄙外鄉人！為了調查感染異形不擇手段【厭世醫師阿萬】,2026-04-19T12:03:48Z,https://www.youtube.com/watch?v=6XcgPT2PqT8,https://i.ytimg.com/vi/6XcgPT2PqT8/mqdefault_live.jpg
05055e62d34241888df31217ac25e671,live,周末大家都忙啥？ weeeeeeek end stream~~ 【 EN/CH/JP),2026-04-19T12:03:48Z,https://www.twitch.tv/vtuberkono,https://static-cdn.jtvnw.net/previews-ttv/live_user_vtuberkono-{width}x{height}.jpg
cb94019fb4714e168b47d6757995efc3,live,【04/19】用力工作但是全接、瓦-4 | 涅爾菲/Alluria,2026-04-19T12:04:00Z,https://www.twitch.tv/nyrfier,https://static-cdn.jtvnw.net/previews-ttv/live_user_nyrfier-{width}x{height}.jpg
247eca886f5c43188a3d6d3945e40636,live,【夜晚茶會】齁 這次想都不用想欸#新人VTUBER #台V #魔王會長休息中,2026-04-19T12:04:32Z,https://www.youtube.com/watch?v=YVFn1EHtcuE,https://i.ytimg.com/vi/YVFn1EHtcuE/mqdefault_live.jpg
3b0031a4b57f46719f06cbf7c5cc42b6,live,【工作臺】昨天玩的超開心的!!!,2026-04-19T12:04:37Z,https://www.youtube.com/watch?v=8L8QoBD9294,https://i.ytimg.com/vi/8L8QoBD9294/mqdefault_live.jpg
911d3403c8e84dc3b0c4a2f6017698b6,live,【惡靈古堡9：安魂曲】準備要結局了對吧！ ｜慘叫實況｜Resident Evil 9【蕾蒂希婭 Letizia】,2026-04-19T12:04:39Z,https://www.youtube.com/watch?v=ECxcGCYidgs,https://i.ytimg.com/vi/ECxcGCYidgs/mqdefault_live.jpg
a3bbe09809e141e5b0658a79ba63f977,live,【之沙Zssa】要開一輩子卡車喔 | 歐卡雜談台 | 歡迎來聊天或掛台聽音樂/拿忠誠點 | 魔法少女的魔女審判是我心中的神作 | @zssa_alton | 本台支援7tv→ !7tv【4/19】,2026-04-19T12:04:50Z,https://www.twitch.tv/zssa_alton,https://static-cdn.jtvnw.net/previews-ttv/live_user_zssa_alton-{width}x{height}.jpg
4e1dd2ab9e4b4c71bced0c5987cf9be7,live,[紅妻]鏡之露恰露恰！｜純聊天室Live,2026-04-19T12:06:07Z,https://www.twitch.tv/rsundae,https://static-cdn.jtvnw.net/previews-ttv/live_user_rsundae-{width}x{height}.jpg
d837e8fda137492c9d77882b98ff863a,live,【真理果】4/19 膽小果出動！《超自然行動組》有辦法逃出生天嗎？ft.515  !DC !手機殼,2026-04-19T12:09:16Z,https://www.twitch.tv/marika_vtuber,https://static-cdn.jtvnw.net/previews-ttv/live_user_marika_vtuber-{width}x{height}.jpg
2ceecb98e47845eab5e3d8d33bd53895,live,【出差分享】西湖！東坡肉！還有只在故事裡聽過的那個地方...！？來跟執事一起看看吧！【阿爾法德Alphard】,2026-04-19T12:10:16Z,https://www.youtube.com/watch?v=F0D9jz_xV2s,https://i.ytimg.com/vi/F0D9jz_xV2s/mqdefault_live.jpg
c639c0dba4504221bfec50cf787f395d,live,𝟎𝟒𝟏𝟗 ✎ ̼  麻吉幫之夜 - 為了國王2 @kitoseshiria @luoluo1030 @noreen_cani  ⁶🤷⁷ ?  | 佛系拚勾 | !拉 !簽到 !book !福利調查 | @plum_vttw,2026-04-19T12:10:19Z,https://www.twitch.tv/plum_vttw,https://static-cdn.jtvnw.net/previews-ttv/live_user_plum_vttw-{width}x{height}.jpg
d33940525b7f4b9db9ce85e08b4c175e,live,【Special Announcement Otazo 2026 】Nervous talk about the event,2026-04-19T12:12:47Z,https://www.youtube.com/watch?v=g5k96eejNLs,https://i.ytimg.com/vi/g5k96eejNLs/mqdefault_live.jpg
7754a4ea82814b7fbbecfcf459382001,live,⋈阿咪老蘇ね⋈⁹²⁸ 4/19  畫抽菸委託 ʚ♡ɞ委託活動開跑 ꒰ꈍ•́꒳•̀ꈍ꒱ |!委託 !周邊 !愛阿咪 @qmi_uwumai613 ஐ ♡.+ﾟ,2026-04-19T12:12:54Z,https://www.twitch.tv/qmi_uwumai613,https://static-cdn.jtvnw.net/previews-ttv/live_user_qmi_uwumai613-{width}x{height}.jpg
316dd044dc644c4cac9e140dcba5d210,live,【誰是臥底】腦袋大亂鬥|4/26新衣裝配信| !簽到 !拉 !賭 !歌單 !布丁 !周邊 !愛夢夢 !愛水哥| @dreamqian @sixone_61 @asahi401 @nee606 @hellion445,2026-04-19T12:13:44Z,https://www.twitch.tv/dreamqian,https://static-cdn.jtvnw.net/previews-ttv/live_user_dreamqian-{width}x{height}.jpg
fd6a0236861940389e15ef85b16c6069,live,⁺˳✿ ₊ 0419 ˊ˗ ┊ OBS測試新串流設定 .ᐟ.ᐟ 連動狼人殺┊新周邊預購開放中 |｡･･)っ♡┊!Dc!斗內!周邊 @hennie2001,2026-04-19T12:14:08Z,https://www.twitch.tv/hennie2001,https://static-cdn.jtvnw.net/previews-ttv/live_user_hennie2001-{width}x{height}.jpg
e0cd8e719dc64b5f9c171736bbaff6f7,live,【RO愛如初見-Classic】週日聊天台，快肝到盡頭咧- #皮崎君#pichikun #VTuber#愛如初見,2026-04-19T12:14:49Z,https://www.youtube.com/watch?v=1_u4uFQIv84,https://i.ytimg.com/vi/1_u4uFQIv84/mqdefault_live.jpg
7e9fc4a1ccc7445182bb3c5264d99187,live,【Study with me】GOGH | Stormy night silently stay with me🦊柊稻貍,2026-04-19T12:15:35Z,https://www.youtube.com/watch?v=WycGKgJpDNQ,https://i.ytimg.com/vi/WycGKgJpDNQ/mqdefault_live.jpg
b9569d6e438b473ba61d88c0230899f5,live,【朝日Asahi・VTuber】2026.04.19 誰是臥底！燃燒頭腦的心理戰,2026-04-19T12:16:00Z,https://www.youtube.com/watch?v=hbOS8ddcpAk,https://i.ytimg.com/vi/hbOS8ddcpAk/mqdefault_live.jpg
c265c71f4d2744919a319f0f38c008f9,live,0419 祝我生日快樂 自主訂閱++新增忠誠點數兌換 !簽到 !生日周邊,2026-04-19T12:16:44Z,https://www.twitch.tv/hinata__0419,https://static-cdn.jtvnw.net/previews-ttv/live_user_hinata__0419-{width}x{height}.jpg
a0ba9fee8a7747cab74e98ed61fb4a68,live,🔹畫點還不能給你們看的東西 / !DC !委託 !抽獎 🔹04/19🔹,2026-04-19T12:18:11Z,https://www.twitch.tv/yuuuuuuuuuumi_,https://static-cdn.jtvnw.net/previews-ttv/live_user_yuuuuuuuuuumi_-{width}x{height}.jpg
342f808864164047acc8ddffe88c9618,live,4/19 逆Neeplus ✿【聯動企劃】誰是臥底！ w/朝日/黑里恩/六一/夢夢,2026-04-19T12:19:33Z,https://www.twitch.tv/nee606,https://static-cdn.jtvnw.net/previews-ttv/live_user_nee606-{width}x{height}.jpg
14b644d58ff14ef1b491ef3d451e9e06,live,𓇢 𓆸  ✧° 0419 等害害下班!  ও˖ ࣪⊹  | @ruri525 ღ | @chichi6400,2026-04-19T12:19:47Z,https://www.twitch.tv/ruri525,https://static-cdn.jtvnw.net/previews-ttv/live_user_ruri525-{width}x{height}.jpg
bedd14283dd34a639c5f77a95856ecad,live,【聊語言】怎麼學語言比較快？怎麼樣去分析語言的組成比較明白？有請鈴果老師上課！　ft.四葉鈴果　⦙　#經驗圖書館EP.02　⦙　2026/04/19,2026-04-19T12:20:25Z,https://www.youtube.com/watch?v=LuVaEnIlnwc,https://i.ytimg.com/vi/LuVaEnIlnwc/mqdefault_live.jpg
bf58297d50a741e5b1808ec4c445f216,live,【主播女孩重度依賴/NEEDY GIRL OVERDOSE】動畫之前發生了什麼?! 原作開玩！一起來玩當季新番的前傳！主播今日限定一日經紀人 拯救失學主播!  #歡迎掛台 #歡迎降落 ｜水星スイ |,2026-04-19T12:21:12Z,https://www.youtube.com/watch?v=hdgu_wn_5Vs,https://i.ytimg.com/vi/hdgu_wn_5Vs/mqdefault_live.jpg
68fd874932e3457989d88d4f7f474260,live,260419【沒料】一番賞。沒有獎品。｜多呣DOMO｜降落歡迎｜掛台感謝★｜簽到指令：!不吃羊肉,2026-04-19T12:21:33Z,https://www.twitch.tv/domo_domo1016,https://static-cdn.jtvnw.net/previews-ttv/live_user_domo_domo1016-{width}x{height}.jpg
0572bddb85b24166820f34f39164f99c,live,【𝟡𝟚】誰這麼認真 是我是我ฅ^•ﻌ•^ฅ♥,2026-04-19T12:23:12Z,https://www.twitch.tv/nininaowo,https://static-cdn.jtvnw.net/previews-ttv/live_user_nininaowo-{width}x{height}.jpg
fff74fa431cd4468b177675010504ee1,live,【遊戲台】家政小精靈回去了，變成我是家政小精靈了。04/19 PC 英雄聯盟 #初見歡迎 ༒指令│ !dc !website !help,2026-04-19T12:24:31Z,https://www.twitch.tv/sada_aidelei,https://static-cdn.jtvnw.net/previews-ttv/live_user_sada_aidelei-{width}x{height}.jpg
62b7ee328a7b42b0a1da0ab3bc22d1db,live,【亞羅Aro】誰是臥底-圖片版遊戲企劃FT. @mayko0327 @siti_st @blackbee231010 @sakurasuhua @helia_018 @cakesvtuber @ola_bear @akaushirotte 【台灣/男性/個人勢/Vtuber】,2026-04-19T12:25:05Z,https://www.twitch.tv/arofischer,https://static-cdn.jtvnw.net/previews-ttv/live_user_arofischer-{width}x{height}.jpg
5a60a41d2a604bc68368158cd0b1cc12,live,[誰是臥底]今天是吃爆米花看大家爾虞我詐的的好日子!/感謝最近揪團: @arofischer @yatsume_uwu,2026-04-19T12:25:09Z,https://www.twitch.tv/akaushirotte,https://static-cdn.jtvnw.net/previews-ttv/live_user_akaushirotte-{width}x{height}.jpg
09945e9139af4f3a96e6adfd73139d35,live,04/19『牛牛是臥底』牛排揪團的奇怪遊戲  ｜咩醬： @mayko0327 ｜初見歡迎(⁎⁍̴̛ᴗ⁍̴̛⁎),2026-04-19T12:25:22Z,https://www.twitch.tv/mayko0327,https://static-cdn.jtvnw.net/previews-ttv/live_user_mayko0327-{width}x{height}.jpg
62b7ee328a7b42b0a1da0ab3bc22d1db,live,【亞羅Aro】誰是臥底-圖片版遊戲企劃FT.咩子、媤緹蘭特婭 、白蝕黑蜂 、希琳櫻宿花、曦璃亞、cake’s提拉、切哩、歐拉貝爾、赤牛樂天【台灣/男性/個人勢/Vtuber】,2026-04-19T12:26:12Z,https://www.youtube.com/watch?v=d-iPMaQ_r2I,https://i.ytimg.com/vi/d-iPMaQ_r2I/mqdefault_live.jpg
9d0fb5c59ea745f09934f3cfd932c393,live,【兔兔秘密花園 2 | バニーガーデン 2】我已經做好傾家蕩產的覺悟了【秋篠響】,2026-04-19T12:28:21Z,https://www.youtube.com/watch?v=7BctUsyeKME,https://i.ytimg.com/vi/7BctUsyeKME/mqdefault_live.jpg
0d080db8809848e2ba918799b2f7885b,live,【雜談】低卡吃瓜-小三想轉正 x 30歲媽寶 x 越南店 #皮耶洛 #面具王子,2026-04-19T12:29:17Z,https://www.youtube.com/watch?v=EQnbNOYWj7w,https://i.ytimg.com/vi/EQnbNOYWj7w/mqdefault_live.jpg
d9f302ca07b54664a88124d64442abac,live,【Gray Zone Warfare】Another Sunday night for Lamang!,2026-04-19T12:29:43Z,https://www.twitch.tv/shintoki_ch,https://static-cdn.jtvnw.net/previews-ttv/live_user_shintoki_ch-{width}x{height}.jpg
28e0e0a574fe4deca3d5ded0aa5d64ef,upcoming,【直播導向通知｜Leor大集合】不針對全箱大問答！學姐一起被為難到底　Feat.蕾兒家全員｜莫爾Belmoru,2026-04-19T12:30:00Z,https://www.youtube.com/watch?v=-F5CIglD18g,https://i.ytimg.com/vi/-F5CIglD18g/mqdefault_live.jpg
6dc75ab227e34c928598bde8f2d324bf,upcoming,【歌雜】晚安，20：30睡前聊個天哼首歌陪你撐一下～撐過今天就算贏了。🦁️,2026-04-19T12:30:00Z,https://www.youtube.com/watch?v=TJBqPJCnmTA,https://i.ytimg.com/vi/TJBqPJCnmTA/mqdefault_live.jpg
2d84a02e592d4a92893b7cc36af95a26,upcoming,【不針對！全箱大問答】Leor大集合！絕對不是在為難姐姐們｜ ft.蕾家全員｜妮亞露Nyaru,2026-04-19T12:30:00Z,https://www.youtube.com/watch?v=SA0C4e1tskQ,https://i.ytimg.com/vi/SA0C4e1tskQ/mqdefault_live.jpg
8309d31b418642db83f0cf56b38fc9ad,upcoming,【零～濡鴉之巫女～】真．完結！！ #7｜狸野梨 Rieri,2026-04-19T12:30:00Z,https://www.youtube.com/watch?v=wAU18ANUf-g,https://i.ytimg.com/vi/wAU18ANUf-g/mqdefault_live.jpg
b1cb513e2511484cabbac00140b4a95c,upcoming,【Leor大集合】又要在杯子那邊全箱集合啦～｜詩瑠 Shizuru,2026-04-19T12:30:00Z,https://www.youtube.com/watch?v=n06cFNqjugc,https://i.ytimg.com/vi/n06cFNqjugc/mqdefault_live.jpg
990b7e28df934de1bdab364d72c79f90,upcoming,【練歌 】今天勢必要把導唱關掉的吧!!! #降落歡迎  #初見安安  ｜尤利斯｜MojoyLive 二期生,2026-04-19T12:30:00Z,https://www.youtube.com/watch?v=GaUXxCGYUt8,https://i.ytimg.com/vi/GaUXxCGYUt8/mqdefault_live.jpg
13992a4fb59649ada3a2adf027b5b35a,upcoming,【少女理論及其周邊-Ecole de Paris-】好討厭的感覺啊！ part 25,2026-04-19T12:30:00Z,https://www.youtube.com/watch?v=B6wfnkBcBcY,https://i.ytimg.com/vi/B6wfnkBcBcY/mqdefault_live.jpg
9870111c23124c19a12de7bbdeb8abc1,live,【天月麻雀】沒有更新就是繼續打觀眾場 抽序號!!,2026-04-19T12:30:14Z,https://www.youtube.com/watch?v=-pSdiW9OjyU,https://i.ytimg.com/vi/-pSdiW9OjyU/mqdefault_live.jpg
c0ce3bfbf1434af3a2a7bd7b2c38e7e7,live,【 卡祖笛猜歌 】冬村FM⛄ 今天會有很多的卡祖笛，還有清唱，希望歌曲量很多多的人挑戰看看猜不猜得到！  #歌雜  #初見歡迎 【#歌回 】,2026-04-19T12:30:23Z,https://www.youtube.com/watch?v=45-PBW7gxEA,https://i.ytimg.com/vi/45-PBW7gxEA/mqdefault_live.jpg
365db081229a4efeb4630f19587a96b2,live,【#歌雜】你總仰望別人的星光，卻不知自己也是別人心頭的月亮｜ 心桃魅夢Mion #降落歡迎,2026-04-19T12:30:31Z,https://www.youtube.com/watch?v=UszP67lnM5g,https://i.ytimg.com/vi/UszP67lnM5g/mqdefault_live.jpg
a725f6babc5f44779d7389886c6cd7b7,live,【星之異】 星之異回鍋 | 星活動連動 | 星導使檔案 【＃VTuber/＃夜羽結伊子】,2026-04-19T12:31:26Z,https://www.youtube.com/watch?v=fplJtr24MGc,https://i.ytimg.com/vi/fplJtr24MGc/mqdefault_live.jpg
def76c5c31fe4466b5ae6e6940ae6e58,live,▶遊戲直播◁ 兔兔秘密花園2🐰 難度我不懂傲嬌的心嗎 我會更努力攻略英理紗❤【NAGISA凪砂 / HKVtuber】,2026-04-19T12:33:55Z,https://www.youtube.com/watch?v=USNjT5DNISc,https://i.ytimg.com/vi/USNjT5DNISc/mqdefault_live.jpg
443ba741722742d5b7d5f76c3e7b445b,live,【#歌枠 ᴋᴀʀᴀᴏᴋᴇ】春 × アニソン🌸風邪に負けないで全力で歌おう！日本語上手です！🎵🎶JP/HK/EN/ZH OK｜魅音モモキュ．毛毛球,2026-04-19T12:33:59Z,https://www.youtube.com/watch?v=V5tUv2qY5Ec,https://i.ytimg.com/vi/V5tUv2qY5Ec/mqdefault_live.jpg
670df075e5f9402bbcb6369685838b02,live,聽說歐卡要更新土耳其了 亞洲卡車模擬器!? [歐洲卡車模擬2],2026-04-19T12:34:08Z,https://www.youtube.com/watch?v=LWjT7noo0QA,https://i.ytimg.com/vi/LWjT7noo0QA/mqdefault_live.jpg
f7758d944fd8438a86bfe1235c7bcd17,live,梅子燒酒+可樂,2026-04-19T12:34:19Z,https://www.twitch.tv/linssword,https://static-cdn.jtvnw.net/previews-ttv/live_user_linssword-{width}x{height}.jpg
256252fdd3d1437995088c56e674fcf0,live,『04/19』維基聊天!? 來想想看怎麼接到終點 | !周邊 !吃 !喝 !吉他 !想吃,2026-04-19T12:34:23Z,https://www.twitch.tv/seto_m_setekh,https://static-cdn.jtvnw.net/previews-ttv/live_user_seto_m_setekh-{width}x{height}.jpg
00c158176a504c9bb865b32276e79eb1,live,【 歌回#47 】 🍰 周末歌回  海唱 🍰【Silvia Clione _ 瑟薇亞】,2026-04-19T12:34:27Z,https://www.youtube.com/watch?v=q_gZjEs1u20,https://i.ytimg.com/vi/q_gZjEs1u20/mqdefault_live.jpg
3e4c23394dde46f58f89cba536b208d5,live,【#維基雜談】從行天宮聊到外太空，找人來陪我逛維基百科Ft. 塞特🐽【石狛海栗】,2026-04-19T12:34:29Z,https://www.youtube.com/watch?v=MaFnV_L1Iko,https://i.ytimg.com/vi/MaFnV_L1Iko/mqdefault_live.jpg
23335565d59c404080e9c06f437b011b,live,04/19 晚點高爾夫亂鬥 ｜ @kuyupu 歡迎聊天,2026-04-19T12:36:10Z,https://www.twitch.tv/kuyupu,https://static-cdn.jtvnw.net/previews-ttv/live_user_kuyupu-{width}x{height}.jpg
23335565d59c404080e9c06f437b011b,live,04/19 晚點高爾夫亂鬥｜歡迎聊天,2026-04-19T12:36:14Z,https://www.youtube.com/watch?v=NV3wLRpq5i4,https://i.ytimg.com/vi/NV3wLRpq5i4/mqdefault_live.jpg
837cc45c90974caa9f07699c3899fa7b,live,【斯普拉遁3】今天來打打工！｜小夜Yoru,2026-04-19T12:36:17Z,https://www.youtube.com/watch?v=Y9tBE24T7xE,https://i.ytimg.com/vi/Y9tBE24T7xE/mqdefault_live.jpg
fb72bfcead034da2abef22637e7b2b3c,live,突發｜和安爹爬塔,2026-04-19T12:36:20Z,https://www.twitch.tv/bcatshanachie,https://static-cdn.jtvnw.net/previews-ttv/live_user_bcatshanachie-{width}x{height}.jpg
0d07fb89672446c3b4a1682131f96f7b,live,最熱血也最瘋狂《#秘密專線》#初見歡迎 #VTUBER準備中 #閒聊 #歌雜,2026-04-19T12:37:44Z,https://www.youtube.com/watch?v=RDde6rnQ9wA,https://i.ytimg.com/vi/RDde6rnQ9wA/mqdefault_live.jpg
84944da407dc4de9896c7b763132908c,live,【殺戮尖塔2 】黑貓說想要爬塔只好開爬｜降落+10分鐘 #爹の加班 Day194 #初見さん大歓迎【Ande 安爹】,2026-04-19T12:40:46Z,https://www.youtube.com/watch?v=5eqGcWEJZAk,https://i.ytimg.com/vi/5eqGcWEJZAk/mqdefault_live.jpg
f9d27b07ff84433b8397b0587f339e27,live,[Wows]戰艦go!!!!,2026-04-19T12:41:02Z,https://www.twitch.tv/singgggg0610,https://static-cdn.jtvnw.net/previews-ttv/live_user_singgggg0610-{width}x{height}.jpg
fae9210539d44a39a2a275b8d53cae37,live,【直播挑戰：同接15人】達到15人即一同決定粉絲名。 今天的直播 觀眾說啥我做啥!!,2026-04-19T12:42:43Z,https://www.twitch.tv/lomo030,https://static-cdn.jtvnw.net/previews-ttv/live_user_lomo030-{width}x{height}.jpg
dc3e05e0c12b4e0a93dc230f30925ee0,live,【土司喵】3D恐鬼症到底會不會吐出來呢 ▏加班台Day.226@toast_meow 掛台聲音要5%哦<3,2026-04-19T12:44:11Z,https://www.twitch.tv/toast_meow,https://static-cdn.jtvnw.net/previews-ttv/live_user_toast_meow-{width}x{height}.jpg
2a0de6059bd74c298a80f45a8052790e,live,【PRAGMATA】★我下午才出現，是因為我怕你早晚愛上我  !樹屋 !布丁 !飯友  !dc !方舟 🐟  #甲魚飯飯  🐟,2026-04-19T12:44:23Z,https://www.twitch.tv/sacabamba,https://static-cdn.jtvnw.net/previews-ttv/live_user_sacabamba-{width}x{height}.jpg
a9f28d3e3d2a4ecb93ff10955be791d1,live,【宵Yoruno】今天是好作息人 !asmr !dc !手機殼 !澡堂指令 !隊友,2026-04-19T12:44:47Z,https://www.twitch.tv/yoruno_moonlit,https://static-cdn.jtvnw.net/previews-ttv/live_user_yoruno_moonlit-{width}x{height}.jpg
95e5788cabf340e397e2726def426229,live,【伴妮入眠】靠近一點，我想溫柔地陪著你到入眠~【杜邊優妮】,2026-04-19T12:45:46Z,https://www.youtube.com/watch?v=HFhyFYLdUS4,https://i.ytimg.com/vi/HFhyFYLdUS4/mqdefault_live.jpg
fec8644970684cffbbae8dd37a52d59c,live,🌸-݁˖ #超級高爾夫 ❘ 1-8人好玩打人運動遊戲!! Ft. 、薇楓唐、雪阿雪、章魚貓、望月、Fana、夕立、夕雨紛霏,2026-04-19T12:51:20Z,https://www.twitch.tv/oriyukioxo,https://static-cdn.jtvnw.net/previews-ttv/live_user_oriyukioxo-{width}x{height}.jpg
fec8644970684cffbbae8dd37a52d59c,live,【超級高爾夫】1-8人好玩打人運動遊戲!! Ft. 、薇楓唐、雪阿雪、章魚貓、望月、Fana、夕立、夕雨紛霏,2026-04-19T12:51:30Z,https://www.youtube.com/watch?v=VhZjwR5SDvs,https://i.ytimg.com/vi/VhZjwR5SDvs/mqdefault_live.jpg
c747687c19704747b4cae2d4d5715aa0,live,我喜歡你們開開心心 但不是瘋瘋癲癲,2026-04-19T12:54:50Z,https://www.twitch.tv/ucnya,https://static-cdn.jtvnw.net/previews-ttv/live_user_ucnya-{width}x{height}.jpg
3430389926a942cbacde9b444b3a6653,live,4/19 沒開台的時候都不敢打開這遊戲,2026-04-19T12:55:50Z,https://www.twitch.tv/ufon0403,https://static-cdn.jtvnw.net/previews-ttv/live_user_ufon0403-{width}x{height}.jpg
fdb4872691864af8825511a6d0c72895,live,【APEX】我煮的海鮮麵很好吃 ||初見歡迎||歡迎掛台、降落||,2026-04-19T12:56:11Z,https://www.twitch.tv/sara_0820_,https://static-cdn.jtvnw.net/previews-ttv/live_user_sara_0820_-{width}x{height}.jpg
16896dffcb474d7aa21540c944a2f7de,live,4/19 加班Day52  RK時間 冷靜!！   VIP會員可以使用忠誠點數兌換超級香的圖囉,2026-04-19T12:56:30Z,https://www.twitch.tv/wuwind1767,https://static-cdn.jtvnw.net/previews-ttv/live_user_wuwind1767-{width}x{height}.jpg
c699beab8e8a4064849c977b67058447,live,這輩子我沒求過人 但我求你先點進來！｜04/19｜!布丁 !加班 !dc !yt｜ @nineamro,2026-04-19T12:57:58Z,https://www.twitch.tv/nineamro,https://static-cdn.jtvnw.net/previews-ttv/live_user_nineamro-{width}x{height}.jpg
8020c505099f474ca81da3023926485f,live,【活動5周年記念⚙️#Tiaraver5ary】暮春初夏之時，正是換新髮型和清涼夏裝的好日子呢🤍New Hairstyle Reveal【蒂亞拉 ✦ 白昼夢ティアラ / DayDream Tiara】,2026-04-19T12:58:45Z,https://www.youtube.com/watch?v=7PY8JEc_q4A,https://i.ytimg.com/vi/7PY8JEc_q4A/mqdefault_live.jpg
9b6ebeb957fe4fed84a5472b6b3bd13c,live,【4/19】 | Ft. @murasakikusei_0419 @susumii_eue @skyhao0000 |  推薦、揪團 :,2026-04-19T12:59:34Z,https://www.twitch.tv/snow1544,https://static-cdn.jtvnw.net/previews-ttv/live_user_snow1544-{width}x{height}.jpg
ffe6a7983e434702a68fe18c169e3164,live,【哄睡歌雜】好睏喔，今天會是你們先睡還是我先睡呢。【隆中閣_周景】,2026-04-19T12:59:41Z,https://www.twitch.tv/fishchouching,https://static-cdn.jtvnw.net/previews-ttv/live_user_fishchouching-{width}x{height}.jpg
d44dc8542b4f4dacab8f54b7e3483728,live,【惡靈古堡9 安魂曲 遊戲台#11】 Resident Evil Requiem 休閒模式 4小時內通關成就挑戰 【悠希凜 】,2026-04-19T12:59:58Z,https://www.youtube.com/watch?v=SN2BEIsavNM,https://i.ytimg.com/vi/SN2BEIsavNM/mqdefault_live.jpg
c232b3088a6e49b997b325d5de9a3013,upcoming,【Dice Chess】有趣的新玩法，一起來對奕吧!,2026-04-19T13:00:00Z,https://www.youtube.com/watch?v=XO6sPd0ExL4,https://i.ytimg.com/vi/XO6sPd0ExL4/mqdefault_live.jpg
b4a1791208fd4d85b7b08ee2bad0c236,upcoming,【瑪麗茶會】靈魂被抽掉的前一天...🌼 #vtuber #台v,2026-04-19T13:00:00Z,https://www.youtube.com/watch?v=CLjSUwqXZpI,https://i.ytimg.com/vi/CLjSUwqXZpI/mqdefault_live.jpg
bf197e3d2cd6400db5f7e397427965e5,upcoming,【寶可夢會圖雜談】🖌️ 靈魂畫師出動寶可夢繪圖大會開始 👾【葵栗鹿鹿】,2026-04-19T13:00:00Z,https://www.youtube.com/watch?v=ZqT0m1FIKko,https://i.ytimg.com/vi/ZqT0m1FIKko/mqdefault_live.jpg
43864254e678407fae3dc899f7155912,upcoming,【席蘿】總之，打麻將可以防老，對八 ｜Shiro Ch. 席蘿シロ,2026-04-19T13:00:00Z,https://www.youtube.com/watch?v=rINixfGMOKE,https://i.ytimg.com/vi/rINixfGMOKE/mqdefault_live.jpg
c8858f1d4a2b41a4bbf738530023d6f9,upcoming,【Pumpkin Eater】在醫學上100%準確的食南瓜者🎃【犬癒乃波米】,2026-04-19T13:00:00Z,https://www.youtube.com/watch?v=JWmglfKCxfs,https://i.ytimg.com/vi/JWmglfKCxfs/mqdefault_live.jpg
0b0f8cd64c904508910707412b2c307f,upcoming,【泰拉瑞亞/Terraria連動 #2】一陣子沒回來玩了，看看大家的進度在哪裡？史萊姆努力追趕！｜庫恩伊くんい #遊戲 feat.黛鶇、下雨、巴布．傑特曼、摩茨Mochi,2026-04-19T13:00:00Z,https://www.youtube.com/watch?v=b6BA8KNjhiI,https://i.ytimg.com/vi/b6BA8KNjhiI/mqdefault_live.jpg
0bf0ec441dc6489583f7218e02ab6a89,upcoming,💗 愛心巧克力剛做好…把我的心交給你💗只想被真正愛我的你帶走💗那今天的甜就只屬於你💗,2026-04-19T13:00:00Z,https://www.youtube.com/watch?v=KFPRx_q43hI,https://i.ytimg.com/vi/KFPRx_q43hI/mqdefault_live.jpg
aa1bb853e814428eb663082b28309309,upcoming,【歌唱練習】歌曲練習？｜今天要練習的是歌詞的部分唷！ #楔在進行式 #初見歡迎 #歡迎降落,2026-04-19T13:00:00Z,https://www.youtube.com/watch?v=hWwV8mth6jE,https://i.ytimg.com/vi/hWwV8mth6jE/mqdefault_live.jpg
cdb5c89f61c94949a989457cf549b7e4,upcoming,🍓健身環 ♥ˎˊ˗  我復活了嗎？有嗎我的內臟？內臟：zZZ ♡.゜〖莓芊時戀💖┊RingFit Adventure〗,2026-04-19T13:00:00Z,https://www.youtube.com/watch?v=1ozTwlRb4lc,https://i.ytimg.com/vi/1ozTwlRb4lc/mqdefault_live.jpg
cf100db6a3dc4010b32802b75f5abc14,upcoming,[個人勢VT-武闇]FINAL FANTASY７REMAKE INTERGRADE Part.7,2026-04-19T13:00:00Z,https://www.youtube.com/watch?v=5dZiUAwZxrA,https://i.ytimg.com/vi/5dZiUAwZxrA/mqdefault_live.jpg
325c292889f542688512641841b4ed8a,upcoming,グレイ 🌸 Cover by Sakura 紗紅楽｜歌ってみた,2026-04-19T13:00:00Z,https://www.youtube.com/watch?v=6D4AiL_MbPA,https://i.ytimg.com/vi/6D4AiL_MbPA/mqdefault.jpg
89742766181f469b807f397325a2a6bf,upcoming,【Apex】泥好!我是涅絲絲!現在我有傳家寶! | 初見 醬肉大歡迎 | 朝著萬訂邁進中 | 達克涅絲,2026-04-19T13:00:00Z,https://www.youtube.com/watch?v=pLBPukxEa-o,https://i.ytimg.com/vi/pLBPukxEa-o/mqdefault_live.jpg
7a93714b53274fbaad48bef3b409d458,upcoming,【尬聊雜談】考慮了很久，我想休息一小段時間...,2026-04-19T13:00:00Z,https://www.youtube.com/watch?v=qdkOWZnQ_Ik,https://i.ytimg.com/vi/qdkOWZnQ_Ik/mqdefault_live.jpg
08268c9de16e423381e351aeef8f7ffb,upcoming,【恐怖遊戲 - 文字化化】學語言最快的方法，就是交一個母語男友？意外穿越異世界，沒人跟我說交男友前要先學新語言阿？！【 #雜談 #遊戲實況】,2026-04-19T13:00:00Z,https://www.youtube.com/watch?v=zAuTNwRpq2o,https://i.ytimg.com/vi/zAuTNwRpq2o/mqdefault_live.jpg
658e63bebdca421ca934b0bf6aa2bcd8,upcoming,【 #薔薇與椿 】用3D實機遊玩打巴掌遊戲？！讓你見識見識我的厲害【灰妲 🦜】#台灣vtuber,2026-04-19T13:00:00Z,https://www.youtube.com/watch?v=FsnrvXQStm8,https://i.ytimg.com/vi/FsnrvXQStm8/mqdefault_live.jpg
6baf9b6a84a44ab3a6979d98bff7ee21,upcoming,【一週年紀念】🦊🎀來回顧這一年來留下的足跡~！🐾 | ❆ 諾恪里Nokori #初見歡迎,2026-04-19T13:00:00Z,https://www.youtube.com/watch?v=1-F-KqUF3I4,https://i.ytimg.com/vi/1-F-KqUF3I4/mqdefault_live.jpg
bc7d14416ba24cc8819f0753e1f595f5,upcoming,"Good Bye 2.0! Let rewind all the memory together, shall we ? 🕊️【ENG/中/日本語】",2026-04-19T13:00:00Z,https://www.youtube.com/watch?v=bro5FCh1GgE,https://i.ytimg.com/vi/bro5FCh1GgE/mqdefault_live.jpg
b399afc661d04f47acc9d0681be343b4,upcoming,【💙歌回】週日夜歌回 | 快樂星期日來聽狼狼唱歌 🐺🎤 | 小資狼 Shoshiro,2026-04-19T13:00:00Z,https://www.youtube.com/watch?v=OBejGSP3EpM,https://i.ytimg.com/vi/OBejGSP3EpM/mqdefault_live.jpg
914f6caed3ff4348824d966f76662bc2,upcoming,【魔法少女的魔女審判】#5 第三章 遊戲實況 【香港Vtuber/月島クロス】,2026-04-19T13:00:00Z,https://www.youtube.com/watch?v=b8fG2oZYJ8Y,https://i.ytimg.com/vi/b8fG2oZYJ8Y/mqdefault_live.jpg
d90f173970a742d3ade6f4159c785d1e,upcoming,【天月麻雀】收假之前來打麻！【墨染遊羽 Sumizomeyuu】 #觀眾場 #天月麻雀 #amatsukimahjong,2026-04-19T13:00:00Z,https://www.youtube.com/watch?v=T5aGLZV5BQc,https://i.ytimg.com/vi/T5aGLZV5BQc/mqdefault_live.jpg
9e3edec3eec54f49a065f1970471d473,upcoming,【拍立得配信 】來啦來啦！來找數11月份的拍立得 ٩(ˊᗜˋ*)و！  #香港Vtuber ✨ │ 羽狐神 ちよ,2026-04-19T13:00:00Z,https://www.youtube.com/watch?v=tcdWixOvMhY,https://i.ytimg.com/vi/tcdWixOvMhY/mqdefault_live.jpg
fa5a7cdc259543259af42bb23f1e4041,upcoming,【515 超自然行動組 】 V圈待不下去跑去墳墓偷東西 ? 可以偷盜畢業VTuber的遺物嗎 ? FT. @MarikaVtuber,2026-04-19T13:00:00Z,https://www.youtube.com/watch?v=RnwTfHI5S98,https://i.ytimg.com/vi/RnwTfHI5S98/mqdefault_live.jpg
c3bec3f382754230b178f8278eb550fb,upcoming,【#歌枠  】睡前聽歌嗎~? 今天開放點歌呦~【優塔Jutta Ch.】 | 原創曲MV 熱播中 | #初見歡迎 #降落歡迎,2026-04-19T13:00:00Z,https://www.youtube.com/watch?v=zGeavfu0Dxc,https://i.ytimg.com/vi/zGeavfu0Dxc/mqdefault_live.jpg
4c4ebb91c8a346b2876d1ccd1a32dead,upcoming,【Terraria】泰拉瑞亞新手營 ep03 ft. 庫恩伊、巴布、Mochi（的精神）、Ranny,2026-04-19T13:00:00Z,https://www.youtube.com/watch?v=xffKWlVmJuo,https://i.ytimg.com/vi/xffKWlVmJuo/mqdefault_live.jpg
ce2a2c07a74640fc8d3b39d022b16dd9,upcoming,歌回 | 又到了假日的尾聲 來聽聽歌放鬆心情吧~初見歡迎🤍,2026-04-19T13:00:00Z,https://www.youtube.com/watch?v=Osk12nkgV8Q,https://i.ytimg.com/vi/Osk12nkgV8Q/mqdefault_live.jpg
fbb142bcb07a4808b0164c41ab1877ea,upcoming,【編織雜談】想完成可愛ㄉ草莓巧克力奶油捲！🍰｜多多栗茲,2026-04-19T13:00:00Z,https://www.youtube.com/watch?v=Wv7GsFXKzwY,https://i.ytimg.com/vi/Wv7GsFXKzwY/mqdefault_live.jpg
0fbdfcc1b9cf41fdb840cf2f546d9324,upcoming,【泰拉瑞亞】【連動】與新朋友一起玩FT.涼,2026-04-19T13:00:00Z,https://www.youtube.com/watch?v=k7Sqxsilb1E,https://i.ytimg.com/vi/k7Sqxsilb1E/mqdefault_live.jpg
62b58adde13f4a73ab406f857d730e20,upcoming,EP09【電馭叛客2077】不改造身體的第二周目 再戰亞當碎骨? #初見歡迎 #自虐挑戰,2026-04-19T13:00:06Z,https://www.youtube.com/watch?v=EXLPS2DGphk,https://i.ytimg.com/vi/EXLPS2DGphk/mqdefault_live.jpg
c8858f1d4a2b41a4bbf738530023d6f9,live,【犬癒乃波米┊𝟘𝟜𝟙𝟡】₊˚⊹ 𓏵 在醫學上100%準確的食南瓜者🎃 𓏵 ⊹˚₊┊初見歡迎꒰ᐡ⸝⸝› ·̫ ‹⸝⸝ᐡ꒱,2026-04-19T13:00:08Z,https://www.twitch.tv/inuyunopomi,https://static-cdn.jtvnw.net/previews-ttv/live_user_inuyunopomi-{width}x{height}.jpg
eafe564c8d9945c8af2ed66ff4cd773a,live,【一周年+頻道告知】回歸的神祕禮物——班長 2.0 形象正式解禁！✨🍷 #愛烏吉烏,2026-04-19T13:00:16Z,https://www.youtube.com/watch?v=Lw27OBaLF6Y,https://i.ytimg.com/vi/Lw27OBaLF6Y/mqdefault_live.jpg
0bf0ec441dc6489583f7218e02ab6a89,live,💗 愛心巧克力剛做好…把我的心交給你💗只想被真正愛我的你帶走💗那今天的甜就只屬於你💗,2026-04-19T13:00:29Z,https://www.twitch.tv/nyoro0606tw,https://static-cdn.jtvnw.net/previews-ttv/live_user_nyoro0606tw-{width}x{height}.jpg
4d8babea181e44df9855f3aafc06eb2c,live,🗣️雜談 #𝑇𝐴𝐿𝐾𝐼𝑁𝐺  /  忙碌的四月~ 大家還活著嗎?  #初見歡迎🖤🤍​,2026-04-19T13:00:37Z,https://www.youtube.com/watch?v=a0vyOlayOLg,https://i.ytimg.com/vi/a0vyOlayOLg/mqdefault_live.jpg
dc9cd2bc942d427d8cc73370d1194f9e,upcoming,【交換日記聊聊】好久沒有來日記聊聊了~ 今天是可愛解禁台...  #雜談 #初見歡迎 #降落歡迎,2026-04-19T13:00:40Z,https://www.youtube.com/watch?v=R7WALRUmQ6w,https://i.ytimg.com/vi/R7WALRUmQ6w/mqdefault_live.jpg
ba59bb31bbcd4cf3a481c4cf72918fb0,live,🔴【挑戰】香港鐵路達人！日日搭鐵應該會好高分...!?【米亞Mya】,2026-04-19T13:00:59Z,https://www.youtube.com/watch?v=Sv2rt4mtRyk,https://i.ytimg.com/vi/Sv2rt4mtRyk/mqdefault_live.jpg
ced6b5d82fc848a5a0f45a1b3da4cfae,live,【鳴潮3.2】4/19 劇情台 於影中啟明的決心 P3【洛特斯莉塔】,2026-04-19T13:01:04Z,https://www.twitch.tv/ritalotus_,https://static-cdn.jtvnw.net/previews-ttv/live_user_ritalotus_-{width}x{height}.jpg
4571c7a211b945f3b608c0066f7e73e4,live,【#歌枠 】輕輕唱慢慢聊🌙 #刪檔 【#咨播惹】,2026-04-19T13:01:09Z,https://www.youtube.com/watch?v=Dt3WVa7_adE,https://i.ytimg.com/vi/Dt3WVa7_adE/mqdefault_live.jpg
ef36201df30f43ba9efbd573f9a6d9b7,live,【言午】04/19 123|AI言午資料募集中!,2026-04-19T13:01:20Z,https://www.twitch.tv/yenwu8631,https://static-cdn.jtvnw.net/previews-ttv/live_user_yenwu8631-{width}x{height}.jpg
e14d4aac184c4ccdba6f2a9718cfea62,live,【新衣裝】新衣裝後日談！新衣裝準備過程中的趣事分享！ | 🌙鯨諾whalefall🐋 | #whalefall #鯨諾,2026-04-19T13:01:24Z,https://www.youtube.com/watch?v=-KEpiJGBWbU,https://i.ytimg.com/vi/-KEpiJGBWbU/mqdefault_live.jpg
66d986eaa59347b0b18c5ed103cb173e,live,【惡靈古堡6】又回來里昂囉   Ep.1　【VTuber灰野白】,2026-04-19T13:01:32Z,https://www.youtube.com/watch?v=mi12hT11T4c,https://i.ytimg.com/vi/mi12hT11T4c/mqdefault_live.jpg
17933ba43ccf4e3c85961523b77bd901,live,【歌枠】無歌單日 ! 你們點歌我唱歌 ! #初見歓迎【NIPO二步】,2026-04-19T13:01:41Z,https://www.youtube.com/watch?v=8RWX9gtHJaY,https://i.ytimg.com/vi/8RWX9gtHJaY/mqdefault_live.jpg
4482e4f0cea64f92aa78b2513c7ed897,live,V Maid Cafe 2026丨幸福傳遞🍫🤍後日談 ft.Rui / Fuyu / Tooru / Rhea / BBT / Ichiroku / Zephy / Rico,2026-04-19T13:02:16Z,https://www.youtube.com/watch?v=opaw54A2xy8,https://i.ytimg.com/vi/opaw54A2xy8/mqdefault_live.jpg
7f049d05ff3a4946998b9ddd7df409fd,live,【雜談】周末收心卻是這麼刺激ㄉ主題嗎！？殘酷二選一！最討厭的女性行為！？,2026-04-19T13:02:19Z,https://www.youtube.com/watch?v=QvIAiZ35QFM,https://i.ytimg.com/vi/QvIAiZ35QFM/mqdefault_live.jpg
7f049d05ff3a4946998b9ddd7df409fd,live,最討厭女生行為殘酷二選一！人妻美玉的答案是！！！！,2026-04-19T13:02:25Z,https://www.twitch.tv/bokiki410,https://static-cdn.jtvnw.net/previews-ttv/live_user_bokiki410-{width}x{height}.jpg
67252692b4f64f509af6eacffdeafdf9,live,【Undertale】EP.4 瀑布 - 走廊【EriElise / 個人vtuber】,2026-04-19T13:02:30Z,https://www.youtube.com/watch?v=ML9Ja6-yOec,https://i.ytimg.com/vi/ML9Ja6-yOec/mqdefault_live.jpg
ea4c1a67c2e445ad8028768616ceb659,live,【🥞3D洛金拍立得】因為我落枕了！所以今天的拍立得都是歪的！我是洛金！！【洛可洛斯特 / VTUBER】,2026-04-19T13:03:25Z,https://www.youtube.com/watch?v=4a7NU-Ck9OU,https://i.ytimg.com/vi/4a7NU-Ck9OU/mqdefault_live.jpg
bc77dc55cf9b4be88c878ac4b5c07438,live,【エロゲ】你全家都沒穿衣服☾₊˚⊹ |4/19 DAY127,2026-04-19T13:03:27Z,https://www.twitch.tv/rena1017_,https://static-cdn.jtvnw.net/previews-ttv/live_user_rena1017_-{width}x{height}.jpg
2c2bf7ce933a4f34ac25c2dfa72fe565,live,【觀眾場】桌遊模擬器，歡迎++ │ 羽歆 YuuXin,2026-04-19T13:04:14Z,https://www.twitch.tv/yuu_xin,https://static-cdn.jtvnw.net/previews-ttv/live_user_yuu_xin-{width}x{height}.jpg
d539588cfa344f67965bb1dea41b9140,live,【大逆轉裁判2】格雷格森鼠掉了？？又是記憶被重疊的一天(？),2026-04-19T13:04:35Z,https://www.youtube.com/watch?v=O9pK3RW2qBM,https://i.ytimg.com/vi/O9pK3RW2qBM/mqdefault_live.jpg
8bf35c3b9a9e461d825a9170555b71c2,live,【歌回】週末晚上該唱歌了！｜澪Rei,2026-04-19T13:04:39Z,https://www.youtube.com/watch?v=Ftiv-BBB9Dw,https://i.ytimg.com/vi/Ftiv-BBB9Dw/mqdefault_live.jpg
2a897c484c05483f9a46467e8f448314,live,【哄睡好歌回】用美好的歌聲迎接春夏| @edrain1109 |,2026-04-19T13:05:31Z,https://www.twitch.tv/edrain1109,https://static-cdn.jtvnw.net/previews-ttv/live_user_edrain1109-{width}x{height}.jpg
bd7d712e0946448aa29a1d213d1c1beb,live,【3+3】0419 當個有血性的人｜ミミ,2026-04-19T13:08:28Z,https://www.twitch.tv/123miiimiii33,https://static-cdn.jtvnw.net/previews-ttv/live_user_123miiimiii33-{width}x{height}.jpg
446d4bc526a4477eb6a72ae186e9d538,live,【 #琴回 】今天和你們談一場戀愛!!! 戀愛曲限定♥   l 愛思堤亞 ＃vtuber  #琴回  #ピアノ #降落歡迎,2026-04-19T13:09:50Z,https://www.youtube.com/watch?v=mvwHz6jA0JM,https://i.ytimg.com/vi/mvwHz6jA0JM/mqdefault_live.jpg
5908563b5c944c7b919b08e5233a8a5a,live,4/19 三個月了_小提琴發布會｜歡迎聊天｜ @liangxliang !指令 !尿布 !製肥,2026-04-19T13:14:30Z,https://www.twitch.tv/liangxliang,https://static-cdn.jtvnw.net/previews-ttv/live_user_liangxliang-{width}x{height}.jpg
93bad1d4b0c54c8781e3775d13a62c38,upcoming,蛤!!【本週大事件】,2026-04-19T13:15:00Z,https://www.youtube.com/watch?v=odDIrV07KQY,https://i.ytimg.com/vi/odDIrV07KQY/mqdefault_live.jpg
8ae0f370cf124faa953a09089a427fd9,live,【悠悠中🪻】#30 突然發現要五月了，準備繳稅，所以來透可,2026-04-19T13:16:53Z,https://www.twitch.tv/koyoyo4444,https://static-cdn.jtvnw.net/previews-ttv/live_user_koyoyo4444-{width}x{height}.jpg
7259f7e619e943018e64fb24d4d20e34,live,【畫畫】無菜單料理【尼歐NIO】,2026-04-19T13:20:56Z,https://www.youtube.com/watch?v=HCI2OvBTFko,https://i.ytimg.com/vi/HCI2OvBTFko/mqdefault_live.jpg
bb56715066e548c297232372a16ab083,live,【洲洲】我來陪你睡覺了【紫勾勾拼命中掛臺感謝】,2026-04-19T13:21:32Z,https://www.twitch.tv/bright_sliver,https://static-cdn.jtvnw.net/previews-ttv/live_user_bright_sliver-{width}x{height}.jpg
fb23227395a04a26abe441d1ac7978de,live,【Ling】Valorant— bellli1Face,2026-04-19T13:22:38Z,https://www.twitch.tv/bellling310,https://static-cdn.jtvnw.net/previews-ttv/live_user_bellling310-{width}x{height}.jpg
fb23227395a04a26abe441d1ac7978de,live,【Ling】Valorant— bellli1Face,2026-04-19T13:22:50Z,https://www.youtube.com/watch?v=6ogKW9DExqg,https://i.ytimg.com/vi/6ogKW9DExqg/mqdefault_live.jpg
b399afc661d04f47acc9d0681be343b4,live,【💙歌回】週日夜歌回 | 快樂星期日來聽狼狼唱歌 🐺🎤 | 小資狼 Shoshiro,2026-04-19T13:23:21Z,https://www.twitch.tv/officewolf87780,https://static-cdn.jtvnw.net/previews-ttv/live_user_officewolf87780-{width}x{height}.jpg
27c0252056e84aa28da6dcebb8e86e85,live,【🌙染月  煙🥮】 不只虐心還很看臉？趙活，受傷的女神現在有的是時間，陪你一起把唐門撐起來！| #初見歡迎,2026-04-19T13:23:28Z,https://www.twitch.tv/kemuriyan,https://static-cdn.jtvnw.net/previews-ttv/live_user_kemuriyan-{width}x{height}.jpg
ead3db33c54e411baa75a4bad3b48aee,live,【PRAGMATA】我的水管在哪ヽ(`Д´)ノ｜04/19｜,2026-04-19T13:25:55Z,https://www.twitch.tv/awabiscay,https://static-cdn.jtvnw.net/previews-ttv/live_user_awabiscay-{width}x{height}.jpg
5f6f102dd7cc4bfaa99e4cde16b85290,live,【#歌雜】♣️睏睏有昵♣️好熱捏......要夏天了嗎?💤 #睏睏幽昵Yawnii #新人vtuber,2026-04-19T13:27:47Z,https://www.youtube.com/watch?v=1YBwB7uqobg,https://i.ytimg.com/vi/1YBwB7uqobg/mqdefault_live.jpg
db86eecb7c7047a984098e23de131e29,live,誰管回地球，我只想幫女兒找玩具  ε【暴躁老哥暴躁遊戲中】δ,2026-04-19T13:28:54Z,https://www.twitch.tv/jkybrain,https://static-cdn.jtvnw.net/previews-ttv/live_user_jkybrain-{width}x{height}.jpg
a5e5533ac342488a94003dc77869ddf9,upcoming,君泠朔JyunLingShuo ch. - 【天月麻雀】我不信我每次都是放槍的那個！#天月麻雀 #台v #日麻,2026-04-19T13:30:00Z,https://www.youtube.com/watch?v=QoZLlbAelag,https://i.ytimg.com/vi/QoZLlbAelag/mqdefault_live.jpg
ce4d344e37cd403cbb5325010144d393,upcoming,【 工作 #雜談 】做週表跟封面,2026-04-19T13:30:00Z,https://www.youtube.com/watch?v=eqM-gJ98n4A,https://i.ytimg.com/vi/eqM-gJ98n4A/mqdefault_live.jpg
8e65ff08f84f46148a79346978db81c8,upcoming,[Faaast Penguin #12] 爬山吧企鵝！ | #觀眾場 #參加型 #森森 #一鵝當先,2026-04-19T13:30:00Z,https://www.youtube.com/watch?v=EemsjPnnUVI,https://i.ytimg.com/vi/EemsjPnnUVI/mqdefault_live.jpg
fa2a2255fa7d4aa7b5b54dea5dd2b1c4,upcoming,「心事投稿台」今泉告解室 #37「荒木今泉_HKVtuber」,2026-04-19T13:30:00Z,https://www.youtube.com/watch?v=JsXyrxsn2zw,https://i.ytimg.com/vi/JsXyrxsn2zw/mqdefault_live.jpg
93785f5e8b614be98bf8e096f5b1f997,live,【 雜談 】隨機玩玩遊戲，簡單聊聊。【冬蜜 DonBee】,2026-04-19T13:30:07Z,https://www.youtube.com/watch?v=tlQRy8KUfYI,https://i.ytimg.com/vi/tlQRy8KUfYI/mqdefault_live.jpg
e2049fd03bea4bf6bfee472e4674021c,live,【餅餅!!!!!!!】⧸⎩⎠⎞͏(・∀・)⎛͏⎝⎭⧹,2026-04-19T13:30:15Z,https://www.twitch.tv/vtuber_eirlys,https://static-cdn.jtvnw.net/previews-ttv/live_user_vtuber_eirlys-{width}x{height}.jpg
2ccdc43de33c478192767afae6309f06,live,0419 床邊故事｜每週一次的床邊故事！｜ @noa_nosleep ☾初見歡迎 ☾掛台揪團感謝 !指令 !dc !簽到 !yt !魔儲,2026-04-19T13:30:20Z,https://www.twitch.tv/noa_nosleep,https://static-cdn.jtvnw.net/previews-ttv/live_user_noa_nosleep-{width}x{height}.jpg
38ecb20931514383b2d93885136c6b68,live,【雜談】明天之前，珍惜周末的尾巴!【極彩天繪】,2026-04-19T13:30:48Z,https://www.youtube.com/watch?v=6RXX4zM1D-o,https://i.ytimg.com/vi/6RXX4zM1D-o/mqdefault_live.jpg
328a6a5742504b9d977f40660c118239,upcoming,Day755 #觀眾場【魔物獵人荒野】觀眾場 #93 回到封禁之地 #MHWilds,2026-04-19T13:30:54Z,https://www.youtube.com/watch?v=UwrQ3ZBI7Ew,https://i.ytimg.com/vi/UwrQ3ZBI7Ew/mqdefault_live.jpg
2ccdc43de33c478192767afae6309f06,live,☪︎床邊故事｜每週一次的床邊故事！  #初見早安 #降落歡迎,2026-04-19T13:31:00Z,https://www.youtube.com/watch?v=FyF4ZcjNnYs,https://i.ytimg.com/vi/FyF4ZcjNnYs/mqdefault_live.jpg
a7874e2ea7a44640a4ad427680a1dc9a,live,【米茶】開1下下唱唱郭!,2026-04-19T13:31:41Z,https://www.twitch.tv/michacha_2022,https://static-cdn.jtvnw.net/previews-ttv/live_user_michacha_2022-{width}x{height}.jpg
19f507cc460a426cb02013fb203bd0a7,live,惡靈古堡4重製版｜今天跟薩德勒慢慢玩,2026-04-19T13:32:47Z,https://www.twitch.tv/nozomi162,https://static-cdn.jtvnw.net/previews-ttv/live_user_nozomi162-{width}x{height}.jpg
a188f157d0384e0db5ae73605240d68b,live,【夜幕圖書館#40】《夏綠蒂的網》04 完結篇：前進農業大展！最後的祕密計畫 #初見歡迎【花咲小春／台灣Vtuber】,2026-04-19T13:33:41Z,https://www.youtube.com/watch?v=iz94_lLGzsk,https://i.ytimg.com/vi/iz94_lLGzsk/mqdefault_live.jpg
6bb236447ed9412a98c9b2d7c9069e10,live,【熊貓】阿巴阿巴~嗷ʕ◉ᴥ◉ʔ @panda0219work ｜點數轉盤 ｜Ft： ｜感謝揪團：  ｜!哥哥的咖啡,2026-04-19T13:35:13Z,https://www.twitch.tv/panda0219work,https://static-cdn.jtvnw.net/previews-ttv/live_user_panda0219work-{width}x{height}.jpg
b6cc2e3d23f34ba8bbeba181d19a714c,live,4/19 工作臺 晚點玩遊戲｜ 4200追大感謝<3 |  !SOOP !黎明再現  !戰車,2026-04-19T13:35:41Z,https://www.twitch.tv/asft8822,https://static-cdn.jtvnw.net/previews-ttv/live_user_asft8822-{width}x{height}.jpg
d3e4f9bdbb6c42fc97b60148cefdb6e0,live,- ̗̀dont smoke 博┊0419┊ !dc  !twitter !滑鼠墊┊@mo__mochi ┊自主訂閱.ᐟ.ᐟ /ᐠ .ᆺ. ᐟ\ﾉ,2026-04-19T13:36:27Z,https://www.twitch.tv/mo__mochi,https://static-cdn.jtvnw.net/previews-ttv/live_user_mo__mochi-{width}x{height}.jpg
4cc07f3cbfed434090bba391bc15fd6d,live,女人說要琣我一世紀！【4/19】^›⩊‹^ ੭ !米彼  \ @amibeeq /,2026-04-19T13:38:22Z,https://www.twitch.tv/amibeeq,https://static-cdn.jtvnw.net/previews-ttv/live_user_amibeeq-{width}x{height}.jpg
e94cfb3c71d94965bfc98f135bfd2f14,live,2026/4/19 讓小小種子變大大的樹(ˋ´ｪ`ˊ)   | 小瓦再洲洲 | !魔儲 !貓咖 |  貓咖俱樂部 | 自主訂閱.千追.紫勾勾努力中 | 記得先兌換忠臣點數再掛台唷 | @Kumabear_ouo,2026-04-19T13:40:32Z,https://www.twitch.tv/kumabear_ouo,https://static-cdn.jtvnw.net/previews-ttv/live_user_kumabear_ouo-{width}x{height}.jpg
fbd0d260a09c47b1a9dcc73fd41e7eca,live,4/19宇紫醬☔  │ 我也想大家 │ 開一下下！ │ 小說進度：第十一章700/4000│ NICE2、蔚藍翁有報,2026-04-19T13:41:21Z,https://www.twitch.tv/h6x6h,https://static-cdn.jtvnw.net/previews-ttv/live_user_h6x6h-{width}x{height}.jpg
70af0f70b6284690a524eb87aaa1d296,live,唯唯兒 | 04/19 ZeroOne 薇拉‧胡珀 Day22 | @kazehaya_yui,2026-04-19T13:42:42Z,https://www.twitch.tv/kazehaya_yui,https://static-cdn.jtvnw.net/previews-ttv/live_user_kazehaya_yui-{width}x{height}.jpg
58374cba861d4267a84ad689bb6ce91a,upcoming,離題【初見❥降落歡迎】,2026-04-19T13:45:00Z,https://www.youtube.com/watch?v=bpNwC4Bcnls,https://i.ytimg.com/vi/bpNwC4Bcnls/mqdefault_live.jpg
09b6598d6d604e9397eebff166c69e92,live,04/19 明天又要上班上課，不想要面對啊｜ #初見歡迎 #降落歡迎 ｜ @shiromioonigiri,2026-04-19T13:45:31Z,https://www.twitch.tv/shiromioonigiri,https://static-cdn.jtvnw.net/previews-ttv/live_user_shiromioonigiri-{width}x{height}.jpg
063fe3c0ae714b4ea4edaf79bda5dda0,live,ʚ0419ɞ 想不開摸兩把MS再MS ᕱ⑅ᕱ ⑅ @senkawarei,2026-04-19T13:46:38Z,https://www.twitch.tv/senkawarei,https://static-cdn.jtvnw.net/previews-ttv/live_user_senkawarei-{width}x{height}.jpg
5d29544fdded43d1937166548487394a,live,₊⁺ ♡₊⁺ 4/19⁺ ♡₊|[邊唱歌邊瓦瓦!]主人需要你們瑟金₍ ᐢ. ̫ . ⑅ᐢ ₎瑟一點點就好 霸脫|!簽到 !愛瑟娜 !拉 !DC,2026-04-19T13:48:01Z,https://www.twitch.tv/sena_ouo_0326,https://static-cdn.jtvnw.net/previews-ttv/live_user_sena_ouo_0326-{width}x{height}.jpg
c8be9c7ed05442dcb2b278dc5a6bc1de,live,4/1˙9 ฅ咪咪莎 ฅ < POEX > 刷丫挖丫賺DD,2026-04-19T13:49:05Z,https://www.twitch.tv/shakumi393,https://static-cdn.jtvnw.net/previews-ttv/live_user_shakumi393-{width}x{height}.jpg
577251897dc7463393b68c5b6f96559b,live,先酒吧後對表｜RP伺服器:Spotlight & TIME CITY【中/粵/EN】,2026-04-19T13:49:09Z,https://www.twitch.tv/noctjade,https://static-cdn.jtvnw.net/previews-ttv/live_user_noctjade-{width}x{height}.jpg
037bc9366d5949b0877707007b4b1ed5,live,玩龍窩mc伺服器,2026-04-19T13:58:31Z,https://www.twitch.tv/yuujii1213,https://static-cdn.jtvnw.net/previews-ttv/live_user_yuujii1213-{width}x{height}.jpg
67674d86fce54eceb37e0dc4ea802132,live,【瑪兒直播】內飯盒：貓貓的愛心便當~,2026-04-19T13:59:00Z,https://www.twitch.tv/majialeite,https://static-cdn.jtvnw.net/previews-ttv/live_user_majialeite-{width}x{height}.jpg
6481e646412745d3b2fa38255cef0da4,live,【維芽 Viya】突發!特訓麻將｜新指令 研究時間｜ @viya_wei ft. @roggiowo,2026-04-19T13:59:38Z,https://www.twitch.tv/viya_wei,https://static-cdn.jtvnw.net/previews-ttv/live_user_viya_wei-{width}x{height}.jpg
2bf038f2a9514434aefa4ef7b2140f56,upcoming,【晚安雜談】睡前聊聊天…這週過得還好嗎？🌙 ̗̀♡  ̖́-︎︎｜涅露茉茉NeruMomo,2026-04-19T14:00:00Z,https://www.youtube.com/watch?v=K6NGT1J-IiQ,https://i.ytimg.com/vi/K6NGT1J-IiQ/mqdefault_live.jpg
f6a8c59d8b8d4e009d4e147ec268cd73,upcoming,〖初見プレイ〗＃３ 異世界編突入❕️ケルブの村🕊️ゼロからはじめる FINAL FANTASY 5〖#Ellise /vtuber〗#ff5 #finalfantasy  #実況,2026-04-19T14:00:00Z,https://www.youtube.com/watch?v=5idS1oWgNEY,https://i.ytimg.com/vi/5idS1oWgNEY/mqdefault_live.jpg
7c6c40e2c7b64a6997fb2173f446860f,upcoming,【遊戲】聽~鬼叫的聲音~ my voice zoo【哀別·骼雷夫 - Aibelz Grave -】,2026-04-19T14:00:00Z,https://www.youtube.com/watch?v=hizN_AF2bW4,https://i.ytimg.com/vi/hizN_AF2bW4/mqdefault_live.jpg
44af52f7f6aa487e850b3d261947205b,upcoming,【晚安電台】晚安電台#11 一起來體驗貓咪梳毛遊戲【貓屋敷百壹／芥川組】,2026-04-19T14:00:00Z,https://www.youtube.com/watch?v=-ICCbKAfX-Y,https://i.ytimg.com/vi/-ICCbKAfX-Y/mqdefault_live.jpg
3cf4da41775b4e608f4dde5859cdda74,upcoming,[Fatal Frame 2 ] My Camera Obscura XP bar is low,2026-04-19T14:00:00Z,https://www.youtube.com/watch?v=jkTkSKN2H3M,https://i.ytimg.com/vi/jkTkSKN2H3M/mqdefault_live.jpg
1a1942f52ea74121923497e7e0cfd6a5,upcoming,【歌枠】今天來點甚麼好呢？🦋 #初見歡迎 #降落歡迎,2026-04-19T14:00:00Z,https://www.youtube.com/watch?v=tZH2Iu6CXlk,https://i.ytimg.com/vi/tZH2Iu6CXlk/mqdefault_live.jpg
05317bcbe5f243abb85618d2669bd0d7,upcoming,【雜談、音樂】今晚陪你聊到月亮打卡下班。,2026-04-19T14:00:00Z,https://www.youtube.com/watch?v=9i9ErK3ZMbU,https://i.ytimg.com/vi/9i9ErK3ZMbU/mqdefault_live.jpg
60ff50e95399472b96a6fbe83d75e806,upcoming,【促希長談】來輕鬆地聊一下吧!!【 L.M. Live | 海希霖涅 】,2026-04-19T14:00:00Z,https://www.youtube.com/watch?v=xLNNNGKUvBE,https://i.ytimg.com/vi/xLNNNGKUvBE/mqdefault_live.jpg
8195d69546e3466c95f9d35ccb7c6c35,upcoming,【雜談】在人間N年的漫畫收藏大公開【紫羅傘雨夜／芥川組】,2026-04-19T14:00:00Z,https://www.youtube.com/watch?v=BzhAePNS8Ws,https://i.ytimg.com/vi/BzhAePNS8Ws/mqdefault_live.jpg
7754dca48f524b938314a2b346772e4e,upcoming,這是一封寫給你的派對邀請函❤~ 有限量小卡! 有抽獎! Feat. 微糖角落 #降落歡迎 #初見歡迎  ┈ 天上被子 ☄︎,2026-04-19T14:00:00Z,https://www.youtube.com/watch?v=cOIKm3Xx3e4,https://i.ytimg.com/vi/cOIKm3Xx3e4/mqdefault_live.jpg
09600daf1956476190642d1be738e945,upcoming,原神《Somnias a Luna》翻唱  / cover by 貝芮納・尤格里斯,2026-04-19T14:00:00Z,https://www.youtube.com/watch?v=2gTgFM45Y44,https://i.ytimg.com/vi/2gTgFM45Y44/mqdefault.jpg
67674d86fce54eceb37e0dc4ea802132,upcoming,【瑪兒直播】內飯盒：貓貓的愛心便當~,2026-04-19T14:00:00Z,https://www.youtube.com/watch?v=r3cBLoeK1L8,https://i.ytimg.com/vi/r3cBLoeK1L8/mqdefault_live.jpg
53cd965ca91e495887b89aabd6314402,upcoming,「陪伴台4/19」開台~聊天~然後到處看看「筱語」#筱憩一下 #vtuber #陪伴台,2026-04-19T14:00:00Z,https://www.youtube.com/watch?v=amjEFu3o2dA,https://i.ytimg.com/vi/amjEFu3o2dA/mqdefault_live.jpg
5fbcb045887b4a87878773dbf5f63e26,upcoming,【睡前閒聊】  #初見歓迎 #降落歡迎 『八上菟比Yakami Tubi』 #八上菟比 #TubiShow,2026-04-19T14:00:00Z,https://www.youtube.com/watch?v=w_C-yCDPr3s,https://i.ytimg.com/vi/w_C-yCDPr3s/mqdefault_live.jpg
94595065e7aa498d93067274eb755301,upcoming,【寶可夢 葉綠】完全初見✨第二道館我來了💪一起開心的冒險吧🌿同接40努力中🩷【實況】 | 夢娜緹婭MonaTia,2026-04-19T14:00:00Z,https://www.youtube.com/watch?v=7VuwGT6rt1I,https://i.ytimg.com/vi/7VuwGT6rt1I/mqdefault_live.jpg
67ba07d1ace445328c13bfb9d612d564,upcoming,【雜談】收心聊天！這一週有遇到什麼煩心事嗎💜ℳ𝒾𝓈𝒸𝒽𝑒𝒾𝒻. #雜談#初見歡迎#歡迎降落,2026-04-19T14:00:00Z,https://www.youtube.com/watch?v=pd5MTvLaHz4,https://i.ytimg.com/vi/pd5MTvLaHz4/mqdefault_live.jpg
d748a977fcd24752ad9e038468713bf2,upcoming,社畜前的小小聊一下,2026-04-19T14:00:00Z,https://www.youtube.com/watch?v=nBHRbCVqfyA,https://i.ytimg.com/vi/nBHRbCVqfyA/mqdefault_live.jpg
504678b9fa2f4506879ba42b27a13dff,upcoming,【哄睡故事】晚安安~今天說愛麗絲夢遊仙境#1｜歡迎入座聽故事💤💤 #哄睡 #故事 #vtuber 【葉月尋 HazukiHiro】,2026-04-19T14:00:00Z,https://www.youtube.com/watch?v=WJ3y_6328zg,https://i.ytimg.com/vi/WJ3y_6328zg/mqdefault_live.jpg
2c05340bb152419ebe0bd3fb6a78da80,upcoming,【深夜語鹿】天氣熱熱的，來點涼涼的故事吧【鹿島神春日／芥川組】@KashimagamiHaruhi,2026-04-19T14:00:00Z,https://www.youtube.com/watch?v=b2LKtr9VnDs,https://i.ytimg.com/vi/b2LKtr9VnDs/mqdefault_live.jpg
1ac97b8deb08470dafc128557532dd52,upcoming,🎲深夜歌回🎲 唱唱 ！下禮拜要搬家～會很忙！高機率不開！｜波可莉絲 Pokeris,2026-04-19T14:00:00Z,https://www.youtube.com/watch?v=IeNQ0lB1sJM,https://i.ytimg.com/vi/IeNQ0lB1sJM/mqdefault_live.jpg
7ae1c13d53fb44f49f386eef43c63ee4,upcoming,【#雜談台】 雜談台|中之人和V会喜欢看那个？💕,2026-04-19T14:00:00Z,https://www.youtube.com/watch?v=npQVS32j9zw,https://i.ytimg.com/vi/npQVS32j9zw/mqdefault_live.jpg
e0debb323c5d49268c92c5d660cdb664,upcoming,20260419【STEAM恐怖遊戲】👉The Boba Teashop👈 ☛ 買新衣服破產(｡•́ωก̀｡) 77面臨財務危機被迫兼差打工辛酸畫面流出,2026-04-19T14:00:00Z,https://www.youtube.com/watch?v=csvZklNur2w,https://i.ytimg.com/vi/csvZklNur2w/mqdefault_live.jpg
6f9d63518a69442a88ac602a3b37bf18,upcoming,我真的算是個好人嗎？｜凱文布魯,2026-04-19T14:00:00Z,https://www.youtube.com/watch?v=eKq4eVIfW70,https://i.ytimg.com/vi/eKq4eVIfW70/mqdefault_live.jpg
6c3a22611ac24eb19cec3bd7c78a8705,upcoming,【MHWilds】隨便打打 歡迎參加,2026-04-19T14:00:00Z,https://www.youtube.com/watch?v=XcidpcFL-3Q,https://i.ytimg.com/vi/XcidpcFL-3Q/mqdefault_live.jpg
6f0d9d64bb6a4a81af1e84a72d30f5b8,live,【晚安故事台】今天也用都市傳說來哄大家睡覺！ #艾栗live #艾栗洛亞 #栗栗的說故事時間,2026-04-19T14:00:03Z,https://www.twitch.tv/akuriroa_cafe,https://static-cdn.jtvnw.net/previews-ttv/live_user_akuriroa_cafe-{width}x{height}.jpg
be1a18aa8599409ba250e5345e62fed6,live,2026/4/19【玩遊戲】三連休開打殭屍！請聽爆四週年cover！ ٩(๑˃̵ᴗ˂̵๑)۶ ｜!四週年cover｜!四週年訂閱小禮物｜目標YT500訂閱 @kisa0921,2026-04-19T14:00:33Z,https://www.twitch.tv/kisa0921,https://static-cdn.jtvnw.net/previews-ttv/live_user_kisa0921-{width}x{height}.jpg
4b6b055ada4d4f0ab63b7ad02a3fa3ef,live,｜Rumi/懶貓子,2026-04-19T14:01:08Z,https://www.twitch.tv/rumi0813,https://static-cdn.jtvnw.net/previews-ttv/live_user_rumi0813-{width}x{height}.jpg
fef1577c0352446c8e371b9fd9e7cc73,live,#12 砍掉重練【Satisfactory】,2026-04-19T14:02:08Z,https://www.twitch.tv/mitorigaming,https://static-cdn.jtvnw.net/previews-ttv/live_user_mitorigaming-{width}x{height}.jpg
513641895d9a4fbca3b19aeb63d28915,live,小玩一下 十一點抽獎！,2026-04-19T14:02:29Z,https://www.twitch.tv/dewdrop421,https://static-cdn.jtvnw.net/previews-ttv/live_user_dewdrop421-{width}x{height}.jpg
f09a7c3155a047c98f155434b2634ecf,live,🌱早安，祝我前天生日快樂🌱,2026-04-19T14:06:38Z,https://www.twitch.tv/ryokuto_sayo,https://static-cdn.jtvnw.net/previews-ttv/live_user_ryokuto_sayo-{width}x{height}.jpg
bff3b878d9864ff893bd79d1f2a7a849,live,【黑羊慢慢談】週末雜談台｜260419｜一週又這樣度過【希里| vtuber】,2026-04-19T14:09:23Z,https://www.twitch.tv/xiri0117,https://static-cdn.jtvnw.net/previews-ttv/live_user_xiri0117-{width}x{height}.jpg
c68bc0ba32f14d9b8669b0594435b68b,live,2026/4/19【蘇阿糖-心動小鎮】解解每日小開一下,2026-04-19T14:09:43Z,https://www.twitch.tv/aries0330,https://static-cdn.jtvnw.net/previews-ttv/live_user_aries0330-{width}x{height}.jpg
226eb1e34c924ae2914d960039905d08,upcoming,【遊雜】活動末班車and周結算末班車！明天有連動！歡迎聊天掛網！｜原神｜終末地｜絕區零｜崩鐵｜闇影詩章｜#夏醬 #NaLive #初見歡迎 #降落歡迎,2026-04-19T14:10:00Z,https://www.youtube.com/watch?v=dsSskn0xm6M,https://i.ytimg.com/vi/dsSskn0xm6M/mqdefault_live.jpg
1cfadb0d2e154a258c3177ff8264336f,upcoming,出道五年10大作死黑歷史💥 拒接5位數商案? 得罪金主爸爸?!🚨,2026-04-19T14:25:39Z,https://www.youtube.com/watch?v=sz_XyMIQK6E,https://i.ytimg.com/vi/sz_XyMIQK6E/mqdefault_live.jpg
bd99f3c8cd6e4fffb75bf0e5b1b5b4fa,upcoming,【中之人超婆!?】有睡衣女友陪伴的夜晚⋯💕 #雜談,2026-04-19T14:30:00Z,https://www.youtube.com/watch?v=AefkHIHIQtM,https://i.ytimg.com/vi/AefkHIHIQtM/mqdefault_live.jpg
c94bc4ff4689403aac751731d33150e6,upcoming,【突發】一覺起來牛排沒有了！我的肉肉！！！ | 雜談 | Free Talking #觀洛鸚 #初見歓迎 #降落歡迎,2026-04-19T15:00:00Z,https://www.youtube.com/watch?v=Cz5-Um3Pfsk,https://i.ytimg.com/vi/Cz5-Um3Pfsk/mqdefault_live.jpg
f73be498fddd4e718f18f8203af00f33,upcoming,【KuloNiku】餐飲尖峰時段？學生時期我可是超級內場打工戰士...！｜銀刻INK #vtuber #遊戲直播,2026-04-19T15:00:00Z,https://www.youtube.com/watch?v=L34YkPUgf3Y,https://i.ytimg.com/vi/L34YkPUgf3Y/mqdefault_live.jpg
17c335762a694402b8cb9a96b2865572,upcoming,復健雜談 | 喉嚨有逐漸好轉的傾向...?進來跟姊姊聊天吧~,2026-04-19T15:00:00Z,https://www.youtube.com/watch?v=--vw39TtEXk,https://i.ytimg.com/vi/--vw39TtEXk/mqdefault_live.jpg
2d6886120def4c148c70514433d77e1e,upcoming,【歌回】週末深夜歌回🌸今天也辛苦了，輕輕唱歌讓你有個好夢~【伴睡歌回 135｜Vtuber｜Singing Stream】 #ACGlive #綾音Ring,2026-04-19T15:00:00Z,https://www.youtube.com/watch?v=DNld-a7NB2s,https://i.ytimg.com/vi/DNld-a7NB2s/mqdefault_live.jpg
e350c8b7e41045419ee1ac73bc78921b,upcoming,【人機迷網：PRAGMATA】最嚴厲的母親會被蘿莉融化變成溫柔的母親嗎？【夏伊拉Shyla】,2026-04-19T15:00:00Z,https://www.youtube.com/watch?v=F3vwd5lF5Ao,https://i.ytimg.com/vi/F3vwd5lF5Ao/mqdefault_live.jpg
192d2decee72410e8346c135c4ac6e00,upcoming,【深夜談心】來媽咪這裡抱抱【九十九真淵 / 芥川組】,2026-04-19T15:00:00Z,https://www.youtube.com/watch?v=6oH414KRQZA,https://i.ytimg.com/vi/6oH414KRQZA/mqdefault_live.jpg
395eade6d67445e1831010cac52ab444,upcoming,【 雜談 】 睡前講講話 【伊波悠月 / Inami Yuzuki 🫧🌙】,2026-04-19T15:00:00Z,https://www.youtube.com/watch?v=abEyvOWrnHw,https://i.ytimg.com/vi/abEyvOWrnHw/mqdefault_live.jpg
4eecf80e6ecc4644a7ff08314e6e0c82,upcoming,【ASMR】4/19｜今晚只陪你一個人｜Only for You Tonight・耳元囁き・呼吸ガイド・Sleep Aid｜3DIO使用,2026-04-19T15:30:00Z,https://www.youtube.com/watch?v=8IJny_CpzsI,https://i.ytimg.com/vi/8IJny_CpzsI/mqdefault_live.jpg
33e0b518387b4479a76910366cd2a413,upcoming,#dayz 【地圖模組測試】有地圖好爽!!!｜IshikuMason/犀牛梅森,2026-04-19T15:30:00Z,https://www.youtube.com/watch?v=ZOS2XGtZZso,https://i.ytimg.com/vi/ZOS2XGtZZso/mqdefault_live.jpg
cedd78c374b54898a647a3cb3a5263fc,upcoming,【一代女皇】📸開鏡福利📸見到朕為何不跪?🐝｜#降落大歡迎｜凝淵 Mojoy Live 三期生,2026-04-19T15:45:00Z,https://www.youtube.com/watch?v=c-i4YIju99w,https://i.ytimg.com/vi/c-i4YIju99w/mqdefault_live.jpg
84a911e2b05f4919a32e0c1618e32a7d,upcoming,【深夜歌雜】最佳催眠台【光逸 幸 / Kouitu Sin】,2026-04-19T15:45:00Z,https://www.youtube.com/watch?v=zEr7avpf8Mc,https://i.ytimg.com/vi/zEr7avpf8Mc/mqdefault_live.jpg
dc9cd2bc942d427d8cc73370d1194f9e,upcoming,【2026/4/13 - 4/19週表】這張照片是我去看羽生結弦的冰演！ #初見歡迎,2026-04-19T15:59:00Z,https://www.youtube.com/watch?v=hlbG6POeCZc,https://i.ytimg.com/vi/hlbG6POeCZc/mqdefault_live.jpg
f13832094d8b40fbb95d07732aa3c3c7,upcoming,【早安台】鵺！起床囉！｜早安！來看粉紅龜龜！！【小鵺野紗音／芥川組】#初見歡迎 ＃歡迎降落,2026-04-19T22:00:00Z,https://www.youtube.com/watch?v=DTWxbwRtxhQ,https://i.ytimg.com/vi/DTWxbwRtxhQ/mqdefault_live.jpg
976e0cf401784d3f874dc85b2b2c5839,upcoming,04月20日 ➠ [ 晨間雜談 ] 祝賀魯波早安台倒數79天！週一做周表時間 #Luponing [ ReliveLupo］,2026-04-19T22:30:00Z,https://www.youtube.com/watch?v=RZsr0iQe_ow,https://i.ytimg.com/vi/RZsr0iQe_ow/mqdefault_live.jpg
70ab761191014a39b7d090541f785cd2,upcoming,【歌ってみた】✦ 2026-04-20 ✦ Lisa-炎 #台灣VTuber #vtuber  #瑟拉菲娜 #cover,2026-04-20T00:00:00Z,https://www.youtube.com/watch?v=qOHSr2H_E70,https://i.ytimg.com/vi/qOHSr2H_E70/mqdefault.jpg
1b63d89e0b1a4b579de6d99e25eaff8f,upcoming,【#早安貓祭】操你媽的你們王八蛋 #vtuber #貓祭,2026-04-20T01:00:00Z,https://www.youtube.com/watch?v=8f4UzSjZEQc,https://i.ytimg.com/vi/8f4UzSjZEQc/mqdefault_live.jpg
cf38ee666e104dce949c195f5ac58da2,upcoming,【戰旗/AR/貓咪大戰爭】4/20 雷普星人 要拚,2026-04-20T01:00:00Z,https://www.youtube.com/watch?v=HppmZQ-1U6k,https://i.ytimg.com/vi/HppmZQ-1U6k/mqdefault_live.jpg
626750f4e7a745619c171c44fb1efcc0,upcoming,3D募資最後倒數耐久台!用一天了解主播的魅力!【天使Vtuber小雪Yukichan】#台灣Vtuber #Vtuber,2026-04-20T01:00:00Z,https://www.youtube.com/watch?v=q_EAy98ZoKA,https://i.ytimg.com/vi/q_EAy98ZoKA/mqdefault_live.jpg
dc0868efeac540bfac9b383bd65a82e6,upcoming,◈從零開始的學習歷程第三篇  #雜談配信 #新人Vtuber　#楽器練習,2026-04-20T02:45:00Z,https://www.youtube.com/watch?v=tyo5W5DrCRY,https://i.ytimg.com/vi/tyo5W5DrCRY/mqdefault_live.jpg
caf08c74dd7b4919bca49eef394d5475,upcoming,【3D初配信精華】3D模型大公開！吐舌嘟嘴樣樣來，地上到處爬的發表會👍你一定沒看過的爬行系Vtuber,2026-04-20T04:00:00Z,https://www.youtube.com/watch?v=ZHkJ_2I_6tQ,https://i.ytimg.com/vi/ZHkJ_2I_6tQ/mqdefault.jpg
c379e3f4f1eb41869ec465481b182e50,upcoming,🌠4/20-4/26週星座運勢🌠每週一中午星座台！ #Vtuber #12星座 #12星座運勢 #降落歡迎 #初見歡迎,2026-04-20T04:00:12Z,https://www.youtube.com/watch?v=aKsyAWGEAJg,https://i.ytimg.com/vi/aKsyAWGEAJg/mqdefault_live.jpg
edf9e466820347828b0d2d10e5e9bb72,upcoming,【pokemon champions】 寶可夢對戰！feat：仙兔[星月櫻奈],2026-04-20T05:00:00Z,https://www.youtube.com/watch?v=swhM18bwAAg,https://i.ytimg.com/vi/swhM18bwAAg/mqdefault_live.jpg
a42c38cc7c0b4812b9bc79ab5f2d84f3,upcoming,【遊戲】Missing The Point｜#01｜身為紙片人，釣個紙片魚也是非常理所當然的事情吧？🐟,2026-04-20T05:30:00Z,https://www.youtube.com/watch?v=hmbvT1XKCFo,https://i.ytimg.com/vi/hmbvT1XKCFo/mqdefault_live.jpg
07c204505d544b28bb52426d0665a59c,upcoming,【遊戲】 崩鐵!!快點做任務!卡池要關了啦!!!【幽櫻雪梓SakuraYukizusa】 #Vtuber #貨真價食 #崩鐵 #崩壞星穹鐵道,2026-04-20T06:00:00Z,https://www.youtube.com/watch?v=ZTxn1gY79SQ,https://i.ytimg.com/vi/ZTxn1gY79SQ/mqdefault_live.jpg
2f0a0ee6478c45ae8af28953b4c370be,upcoming,繪圖雜談✦又是立繪委託！辣個性感的男倫🏯⛩️０３｛愉快販｝#初見歡迎,2026-04-20T08:00:00Z,https://www.youtube.com/watch?v=RCRUBsE_drE,https://i.ytimg.com/vi/RCRUBsE_drE/mqdefault_live.jpg
6dfe72bb90994dceb7b753908876307d,upcoming,停播悲報🆘姨媽重槌阿惑的命脈需休息半日（痛苦）（扭曲）（死亡打滾） #惑莉Desu #惑莉Desu,2026-04-20T08:30:00Z,https://www.youtube.com/watch?v=Ty-jfd4gUpw,https://i.ytimg.com/vi/Ty-jfd4gUpw/mqdefault_live.jpg
d475848a566848dc9f6ad02707d87e2a,upcoming,【伊勢人魚物語】ParanormaSight新作！【HKVTuber/Ding】,2026-04-20T09:00:00Z,https://www.youtube.com/watch?v=niyNVSDCmQM,https://i.ytimg.com/vi/niyNVSDCmQM/mqdefault_live.jpg
673abaca34d047b49b11d50214a9a463,upcoming,【歌雜】好多天沒唱歌啦，陪零練練沒唱過的歌曲吧！有想聽的歌也可以提出來唷 #歡迎降落 #歡迎初見 #雜談 #陪伴 #朔時零 #歌回 #Vtuber,2026-04-20T09:00:00Z,https://www.youtube.com/watch?v=VQNs11FIJa4,https://i.ytimg.com/vi/VQNs11FIJa4/mqdefault_live.jpg
b4bf821f6a6a440996f4fd9cddaf250b,upcoming,【歌回】我把你婆關地下室了，哈哈,2026-04-20T10:00:00Z,https://www.youtube.com/watch?v=8pZ90up71x8,https://i.ytimg.com/vi/8pZ90up71x8/mqdefault_live.jpg
8ae0f370cf124faa953a09089a427fd9,upcoming,《Parasocial》#1,2026-04-20T10:00:00Z,https://www.youtube.com/watch?v=GZLXjH7E_jY,https://i.ytimg.com/vi/GZLXjH7E_jY/mqdefault_live.jpg
f53807443055490f87b85ded6caee0aa,upcoming,【哥布林戀愛學院 上課囉】4/20 你不是單身! 是你太會挑! 聊聊我們的理想型 @Topa1120.channel  | 可樂月月 ColaMoon,2026-04-20T10:00:00Z,https://www.youtube.com/watch?v=aTZqvPBbae0,https://i.ytimg.com/vi/aTZqvPBbae0/mqdefault_live.jpg
7870ac4364ca4c97a4dfe7474251bf5b,upcoming,【人機迷惘 #pragmata 】到底有沒有得到完整的記憶......還會再見面嗎？繼續養女兒！｜薄葉透UsubaToru｜ SDS,2026-04-20T11:00:00Z,https://www.youtube.com/watch?v=o5hTZJGVPa8,https://i.ytimg.com/vi/o5hTZJGVPa8/mqdefault_live.jpg
f0b85b56d1d84085aca5ab7f592bd7da,upcoming,成人童話世界 - 星ノ海琉璃【Original Music Video】,2026-04-20T12:00:00Z,https://www.youtube.com/watch?v=aOp2DD1r-E4,https://i.ytimg.com/vi/aOp2DD1r-E4/mqdefault.jpg
532b143e82d6452fac9a18d1d025a2af,upcoming,【#明日方舟終末地】初見⚡聽說是拉電線遊戲？✨✨【BillCh / 碧兒Ch】,2026-04-20T12:00:00Z,https://www.youtube.com/watch?v=V6qFk4wx2QU,https://i.ytimg.com/vi/V6qFk4wx2QU/mqdefault_live.jpg
44f1d1ad14034bd3949ad6f84624f0e4,upcoming,〖#pragmata 〗ɶ 女鵝我來拉💙｜ ʚ 嘻希呦 ShiKi nozomi ɞ,2026-04-20T12:00:00Z,https://www.youtube.com/watch?v=3yhyzKAmGfM,https://i.ytimg.com/vi/3yhyzKAmGfM/mqdefault_live.jpg
05be4fb717614738a87daac46157ddb1,upcoming,《懷舊動畫》殘酷二選一！爺～真相只有一個嗎？我要告訴媽！一定是煙捲搞的鬼！ #藥師寺丹,2026-04-20T12:00:00Z,https://www.youtube.com/watch?v=gvk1ip0xlB4,https://i.ytimg.com/vi/gvk1ip0xlB4/mqdefault_live.jpg
e73e2554e6754cadb0b836bb1fcfdaf7,upcoming,【遊戲直播】瑞瓦肖城是個很真實的地方｜《極樂迪斯可 - 最终剪辑版》EP 2,2026-04-20T12:00:00Z,https://www.youtube.com/watch?v=XEcLR2lxkAg,https://i.ytimg.com/vi/XEcLR2lxkAg/mqdefault_live.jpg
bdaa84ad3c7841d6a9ec8774ed9d40a9,upcoming,TRPG雜談｜聊聊關於團務中的信任與安全  feat.周默 #初見歡迎｜🍮魔法布丁罐,2026-04-20T12:00:00Z,https://www.youtube.com/watch?v=LBGqLkY-QT4,https://i.ytimg.com/vi/LBGqLkY-QT4/mqdefault_live.jpg
608b617ad99c4f18b97d10560e254b4b,upcoming,【企劃】清梅二周年紀念 清清如我 靜靜如我 【清梅 ChingMeii】#初見大歡迎 #vtuber,2026-04-20T12:00:00Z,https://www.youtube.com/watch?v=3NY1Ya2JZJs,https://i.ytimg.com/vi/3NY1Ya2JZJs/mqdefault_live.jpg
07c204505d544b28bb52426d0665a59c,upcoming,【#遊戲】天月麻雀!!觀眾場!!歡迎打飛主播!!【幽櫻雪梓SakuraYukizusa】 #vtuber  #貨真價食 #天月麻雀,2026-04-20T12:00:00Z,https://www.youtube.com/watch?v=Fa4Zt-nSV-8,https://i.ytimg.com/vi/Fa4Zt-nSV-8/mqdefault_live.jpg
6f9d63518a69442a88ac602a3b37bf18,upcoming,【Action！開波囉】水母界史上最大工程，波波要來創屬於自己的字體了！應該...沒問題吧？！｜海月波波,2026-04-20T12:00:00Z,https://www.youtube.com/watch?v=Sj6cUWHEpZ8,https://i.ytimg.com/vi/Sj6cUWHEpZ8/mqdefault_live.jpg
fec8644970684cffbbae8dd37a52d59c,upcoming,"❄️ 【#공부하는오리유키】一起學新東西ෆ 한국어 연습 중｜Faker님, 기다려 주세요!",2026-04-20T12:00:00Z,https://www.youtube.com/watch?v=eMHSiW2GCNQ,https://i.ytimg.com/vi/eMHSiW2GCNQ/mqdefault_live.jpg
f0b85b56d1d84085aca5ab7f592bd7da,upcoming,【原創曲】夢回學生時期國文課 琉璃老師親自講解原創曲歌詞【賞析】 #歡迎初見 #歡迎掛台 #歡迎降落,2026-04-20T12:05:00Z,https://www.youtube.com/watch?v=WgHASXWo3Tc,https://i.ytimg.com/vi/WgHASXWo3Tc/mqdefault_live.jpg
d26893447610406da66ee14abfbd5868,upcoming,【劇場觀察雜談】2026 EP06 《軍伕．太陽米帝爾》、《沒有派對》、《恍恍》、豪華朗機工《最後一問》,2026-04-20T12:30:00Z,https://www.youtube.com/watch?v=0O-jNz2WVnk,https://i.ytimg.com/vi/0O-jNz2WVnk/mqdefault_live.jpg
02dadd7977b8412b99f101241de4cb3f,upcoming,【天國降臨：救贖||】在中世紀求生存囉～ #14,2026-04-20T12:30:00Z,https://www.youtube.com/watch?v=gAM2OFjs4ZE,https://i.ytimg.com/vi/gAM2OFjs4ZE/mqdefault_live.jpg
1fdc000815cc476dbc9d19aa431305b5,upcoming,【一茶一繪】新朋朋降臨！是個交友怪物！？【亞菲忒 Aphitita】ft.祈音,2026-04-20T12:30:00Z,https://www.youtube.com/watch?v=NJqxrjASfD8,https://i.ytimg.com/vi/NJqxrjASfD8/mqdefault_live.jpg
49196eec11454f589d4d6e52f1b1bbe8,upcoming,【直播】【雜談】最討厭的女生行為二選一！！我光看到選項就要過敏了！！！【菜姬】,2026-04-20T12:30:00Z,https://www.youtube.com/watch?v=hSIrcQUxoyM,https://i.ytimg.com/vi/hSIrcQUxoyM/mqdefault_live.jpg
c03997835cc943fe81a441c571d733d0,upcoming,【遊戲】Lies of P ｜老無尾熊又來年齡檢定了!?【白給☆】#完全初見 #初見歡迎 #01 #LiesOfP #P的謊言,2026-04-20T12:30:00Z,https://www.youtube.com/watch?v=bxVntjCRxHA,https://i.ytimg.com/vi/bxVntjCRxHA/mqdefault_live.jpg
3bc6afb820df4f59b2c6ff1c25d1eed3,upcoming,🌹【進擊羔羊傳說】 要成為我的教徒嗎~#25 2026-04-20【香港Vtuber】,2026-04-20T12:30:15Z,https://www.youtube.com/watch?v=JpPd0CXddMk,https://i.ytimg.com/vi/JpPd0CXddMk/mqdefault_live.jpg
c485c46db92a4cda909347804da07153,upcoming,【#歌雜】🌸春日歌回🌸雖然台灣根本就沒有春天......🥵🥵 #歌回 #雜談 #新人vtuber #台V #初見歡迎,2026-04-20T13:00:00Z,https://www.youtube.com/watch?v=M9Oohoc0OcM,https://i.ytimg.com/vi/M9Oohoc0OcM/mqdefault_live.jpg
2885972c2d0943e6b697bdc5e72c1d4a,upcoming,【日籍台V】日本人妻收益化兩週年✨大家的最愛大公開💖   #初見歡迎  #降落歡迎 #vtuber #烈芝麻,2026-04-20T13:00:00Z,https://www.youtube.com/watch?v=xlrJy06CMM0,https://i.ytimg.com/vi/xlrJy06CMM0/mqdefault_live.jpg
004e635d5d494045a810b2d026e769c7,upcoming,🃏🀄🎴暗蜜刻魔！！觀眾教學場！！【直播馬拉松--遊戲王 Master Duel】,2026-04-20T13:00:00Z,https://www.youtube.com/watch?v=XczI_EZfF-c,https://i.ytimg.com/vi/XczI_EZfF-c/mqdefault_live.jpg
bc7d14416ba24cc8819f0753e1f595f5,upcoming,New 3.0 Model Debut Stream【 新形象披露目】✨,2026-04-20T13:00:00Z,https://www.youtube.com/watch?v=StOd6BNd5lA,https://i.ytimg.com/vi/StOd6BNd5lA/mqdefault_live.jpg
f81d4ef6f2f54e0c8c6d12a09e1fa5c7,upcoming,【工作台】手手注意!黛工剪紙中~這次來玩文字接龍!! ☆史黛娜Stena★ #vtuber,2026-04-20T13:00:00Z,https://www.youtube.com/watch?v=z5r7YgV4u4M,https://i.ytimg.com/vi/z5r7YgV4u4M/mqdefault_live.jpg
0fbdfcc1b9cf41fdb840cf2f546d9324,upcoming,《告別回憶 双想 Break out of my shell》EP.2,2026-04-20T13:00:00Z,https://www.youtube.com/watch?v=z1z6TBUtFQI,https://i.ytimg.com/vi/z1z6TBUtFQI/mqdefault_live.jpg
87e1b5eec62040118b6bd49efbe5d61c,upcoming,【浣安夜貓】道別與分離,2026-04-20T13:00:00Z,https://www.youtube.com/watch?v=-mGZjRvtiCM,https://i.ytimg.com/vi/-mGZjRvtiCM/mqdefault_live.jpg
d8b0b4e36c614d328620461a295572a1,upcoming,【#深V電台】#59  深V電台59 朋友/家人被批評了，你會怎麼做？【Podcast】【Vtuber-Podcast】【男性Vtuber】【記得戴耳機】#VtuberPodcast #墨寒 #江詩,2026-04-20T13:00:00Z,https://www.youtube.com/watch?v=OSsA29R6n3c,https://i.ytimg.com/vi/OSsA29R6n3c/mqdefault_live.jpg
8020c505099f474ca81da3023926485f,upcoming,【🧑🏻‍🚀#人機迷網┆#PRAGMATA📡#3】終於向通信塔進發了～能聯絡到休叔叔地球的伙伴嗎？【蒂亞拉 ✦ 白昼夢ティアラ／DayDream Tiara】,2026-04-20T13:00:00Z,https://www.youtube.com/watch?v=JeKYsAwp6Fo,https://i.ytimg.com/vi/JeKYsAwp6Fo/mqdefault_live.jpg
72edc688855047cbbbe495e3f2af9fda,upcoming,【2周年記念】感謝大家的支持✨在一起2年了，準備開始我們的第3年💖  #2周年記念   #雜談 #台灣vtuber,2026-04-20T13:30:00Z,https://www.youtube.com/watch?v=qAY18e2Zv2U,https://i.ytimg.com/vi/qAY18e2Zv2U/mqdefault_live.jpg
7c0acdc8fe2449deb487cbb827b51723,upcoming,【手手台】禮物開箱！來看大家茶會送的禮物！V Maid Cafe【紀伊透 Kii Tooru | 馬來西亞Vtuber】,2026-04-20T13:30:00Z,https://www.youtube.com/watch?v=eGw2sap6Z7Q,https://i.ytimg.com/vi/eGw2sap6Z7Q/mqdefault_live.jpg
81699719ffc04e4e92bb3207ab8a7a83,upcoming,哪裡都是你 / cover  @Neonnn0414 【逆恩Neon】,2026-04-20T14:00:00Z,https://www.youtube.com/watch?v=PAKqi5oLCvg,https://i.ytimg.com/vi/PAKqi5oLCvg/mqdefault.jpg
9b424d3a99ef4fc3b17bc7fef92fefd3,upcoming,【雜談】馬來西亞決定16嵗孩子玩游戲或者社交媒體都要嚴格身份驗證！,2026-04-20T14:00:00Z,https://www.youtube.com/watch?v=Lg8YsAQatlU,https://i.ytimg.com/vi/Lg8YsAQatlU/mqdefault_live.jpg
05317bcbe5f243abb85618d2669bd0d7,upcoming,【雜談、音樂】水瓶罐子看，Lalune萊露琳Replay，lofi/助眠/音樂。Aquarius Girl，lofi/sleep/music,2026-04-20T14:00:00Z,https://www.youtube.com/watch?v=ruPLEwfWPh0,https://i.ytimg.com/vi/ruPLEwfWPh0/mqdefault_live.jpg
5b996b6eca90491cb8e1a43de23b2388,upcoming,【愛的貼貼】📸開鏡福利📸來證明你多愛我，讓我貼滿你刺激黏黏的愛｜坎妮絲,2026-04-20T14:00:00Z,https://www.youtube.com/watch?v=nw0xbGDwGcQ,https://i.ytimg.com/vi/nw0xbGDwGcQ/mqdefault_live.jpg
0641a9c8b9a94994aaa33e0c86fef75b,upcoming,【表單投稿】房間鑑賞會！ #台灣Vtuber #庫洛姆,2026-04-20T14:00:00Z,https://www.youtube.com/watch?v=xhQqe-O393s,https://i.ytimg.com/vi/xhQqe-O393s/mqdefault_live.jpg
96ff628d2280470b833174c32200a749,upcoming,【雀魂/冰斗盃日麻聯賽】第一戰開打啦~~(※五分延遲)【艾爾法．戴蒙/Alfa Daimon】,2026-04-20T14:30:00Z,https://www.youtube.com/watch?v=d0VspIqTAlE,https://i.ytimg.com/vi/d0VspIqTAlE/mqdefault_live.jpg
d5fdf5fc55d14476908e416e6d43c121,upcoming,【深夜哄睡】腦海中掛念的心事，卻讓你整晚失眠了嗎？過來，我陪你聊一會兒再睡吧❄️雜談／雑談／Free Talking ／Just Chatting【雪之下織雪／芥川組】,2026-04-20T15:00:00Z,https://www.youtube.com/watch?v=MaUGnaRMpMk,https://i.ytimg.com/vi/MaUGnaRMpMk/mqdefault_live.jpg
74d00f89697a43e6801463c71fb37172,upcoming,✝️麻優涅茲.YUU✝️/ 4月13日至4月19日的周程表😈#vtuber  #新人vtuber #台V,2026-04-20T15:30:00Z,https://www.youtube.com/watch?v=8AhfO3QqmCQ,https://i.ytimg.com/vi/8AhfO3QqmCQ/mqdefault_live.jpg
96ff628d2280470b833174c32200a749,upcoming,【崩壞：星穹鐵道 #38】跟著風寶一起行動，見證她完成天空的儀式【艾爾法．戴蒙/Alfa Daimon】,2026-04-20T16:00:00Z,https://www.youtube.com/watch?v=96NuZpuW1zE,https://i.ytimg.com/vi/96NuZpuW1zE/mqdefault_live.jpg
afb80b53c4a543e28eb165f036bc8e4f,upcoming,【雜談】終於來到最後一週的直播了！│【喬伊 Joey 】,2026-04-21T05:30:00Z,https://www.youtube.com/watch?v=_qte_4FXE0I,https://i.ytimg.com/vi/_qte_4FXE0I/mqdefault_live.jpg
8f0b41303e8a481689fe4309a565ecd3,upcoming,[ 還債工作台 ] ✨  #初見歡迎 💙,2026-04-21T06:00:00Z,https://www.youtube.com/watch?v=KAISR6tyUvs,https://i.ytimg.com/vi/KAISR6tyUvs/mqdefault_live.jpg
edf9e466820347828b0d2d10e5e9bb72,upcoming,【天月麻雀】 悠閒觀眾場！[星月櫻奈],2026-04-21T06:30:00Z,https://www.youtube.com/watch?v=Z_wB0ROPn9M,https://i.ytimg.com/vi/Z_wB0ROPn9M/mqdefault_live.jpg
2f0a0ee6478c45ae8af28953b4c370be,upcoming,殘酷二選一✦｛愉快販｝#初見歡迎,2026-04-21T09:00:00Z,https://www.youtube.com/watch?v=NvRmBRIJ0UU,https://i.ytimg.com/vi/NvRmBRIJ0UU/mqdefault_live.jpg
6cd8cdc530d14e2d9d0a9cd20cb6b05c,upcoming,【歐洲卡車模擬2  #07】今天挑戰疲勞駕駛 （喂）《Nanashi Yuki》#魚兒魚兒水中游,2026-04-21T10:30:00Z,https://www.youtube.com/watch?v=T1IsYtyiAfs,https://i.ytimg.com/vi/T1IsYtyiAfs/mqdefault_live.jpg
ca8d038d311e4cccb2deded15cee89cd,upcoming,「星海合作」練一下大主教的聖堂四足輪椅(20260421),2026-04-21T11:00:00Z,https://www.youtube.com/watch?v=XTYDHP-Hk4E,https://i.ytimg.com/vi/XTYDHP-Hk4E/mqdefault_live.jpg
139f3f1818a2420aa35d5471adaf1a73,upcoming,🐰【空洞騎士：絲綢之歌🐛】#9 你是忘記了還是害怕想起來……是要過了沒QAQ 準備再來耳膜爆破了嗎？Hollow Knight: Silksong【愛庫娃ErosEkwa】,2026-04-21T11:30:00Z,https://www.youtube.com/watch?v=Mu95exE0faw,https://i.ytimg.com/vi/Mu95exE0faw/mqdefault_live.jpg
36a96262405a4d4683db73d8403bf8b7,upcoming,霸道總宅盲目約會｜男公關是不是都溫柔體貼脾氣又好？ ft. 安戈洛 @Englar-AxTris   EP08,2026-04-21T12:00:00Z,https://www.youtube.com/watch?v=mbd_7EsFu2g,https://i.ytimg.com/vi/mbd_7EsFu2g/mqdefault_live.jpg
8ae0f370cf124faa953a09089a427fd9,upcoming,《樂高星際大戰：天行者傳奇》#2 二部曲：複製人全面進攻,2026-04-21T12:00:00Z,https://www.youtube.com/watch?v=WC9lPG4Qa4g,https://i.ytimg.com/vi/WC9lPG4Qa4g/mqdefault_live.jpg
a2e67b720e754c16bd739bcf9a95e396,upcoming,【週日歌回Singing Stream】不是每一段路都有人同行 但你一直沒有離開 ✦ #初見歡迎 #降落歡迎 | 琉依RUI,2026-04-21T12:00:00Z,https://www.youtube.com/watch?v=sBalI8uOyQo,https://i.ytimg.com/vi/sBalI8uOyQo/mqdefault_live.jpg
1025a2d1ea674c649b1e7934895bd419,upcoming,【The Room】無論何時何地都要不斷的動腦...最怕黑摸摸的地方了QQ  #觀眾場 #初見歡迎【LiccaLive】,2026-04-21T12:00:00Z,https://www.youtube.com/watch?v=6_CX0vxSwsw,https://i.ytimg.com/vi/6_CX0vxSwsw/mqdefault_live.jpg
38ecb20931514383b2d93885136c6b68,upcoming,【重大告知】有些事勢必要結束，有些夢一定繪開始 【極彩天繪】,2026-04-21T12:00:00Z,https://www.youtube.com/watch?v=kn6ScKVctu8,https://i.ytimg.com/vi/kn6ScKVctu8/mqdefault_live.jpg
9a496e9b261f401dba4991a9f4c7048e,upcoming,【中國式相親🔹】聽說相親有可能可以遇到真愛? - 悠蜜Yomiii #馬來西亞vtuber #马来西亚vtuber,2026-04-21T12:00:00Z,https://www.youtube.com/watch?v=DUMtXIM8CVo,https://i.ytimg.com/vi/DUMtXIM8CVo/mqdefault_live.jpg
3e6a09fe4ef744f987e27ae0f06cdf09,upcoming,【特企】人魚女僕點唱機🎵第二彈 | 知花Chika,2026-04-21T12:00:00Z,https://www.youtube.com/watch?v=XUMvUgjUchc,https://i.ytimg.com/vi/XUMvUgjUchc/mqdefault_live.jpg
a1ef171711404951a987f4c9bc5e64f0,upcoming,【鑒賞】香菜泡麵？辣瘋你泡麵？我都沒吃過欸 來試試看吧！！！ 【試吃】,2026-04-21T12:30:00Z,https://www.youtube.com/watch?v=kaO0865Fc4k,https://i.ytimg.com/vi/kaO0865Fc4k/mqdefault_live.jpg
02dadd7977b8412b99f101241de4cb3f,upcoming,【同步視聽】EVA劇場版衝刺 #3d,2026-04-21T12:30:00Z,https://www.youtube.com/watch?v=tAyWGpneZUg,https://i.ytimg.com/vi/tAyWGpneZUg/mqdefault_live.jpg
c03997835cc943fe81a441c571d733d0,upcoming,【遊戲】Lies of P ｜這裡是誰？我是哪！？【白給☆】#完全初見 #初見歡迎 #02 #LiesOfP #P的謊言,2026-04-21T12:30:00Z,https://www.youtube.com/watch?v=7TugoaAjK68,https://i.ytimg.com/vi/7TugoaAjK68/mqdefault_live.jpg
004e635d5d494045a810b2d026e769c7,upcoming,🃏🀄🎴暗蜜刻魔！我看懂了！對吧....【直播馬拉松--遊戲王 Master Duel】,2026-04-21T13:00:00Z,https://www.youtube.com/watch?v=YLDKjb8Q1Wc,https://i.ytimg.com/vi/YLDKjb8Q1Wc/mqdefault_live.jpg
658e63bebdca421ca934b0bf6aa2bcd8,upcoming,【 #1 #人機迷惘 】誰能抗拒超可愛的金髮ㄌㄌ？！一起探索太空船！【灰妲 🦜】#台灣vtuber,2026-04-21T13:00:00Z,https://www.youtube.com/watch?v=2X4SoWCdm2E,https://i.ytimg.com/vi/2X4SoWCdm2E/mqdefault_live.jpg
0fbdfcc1b9cf41fdb840cf2f546d9324,upcoming,【minecraft】【kumo會員伺服器】day.7 耍費玩玩W,2026-04-21T13:00:00Z,https://www.youtube.com/watch?v=SiXzW4GbHg0,https://i.ytimg.com/vi/SiXzW4GbHg0/mqdefault_live.jpg
5f9767b104b54292bf6dd29863c0c6b1,upcoming,【遊戲實況】莫古莫古大收集來啦！這邊是蝦蝦的視角！【Final Fantasy XIV#13】,2026-04-21T13:00:00Z,https://www.youtube.com/watch?v=iRFYvgLBU5U,https://i.ytimg.com/vi/iRFYvgLBU5U/mqdefault_live.jpg
6cc5ac707eed4f9e9b5bc7b2f970fe1b,upcoming,【繪畫工作臺】陪我聊天 主播是一個怠惰人【安無希/VTuber】2026.0421,2026-04-21T13:30:00Z,https://www.youtube.com/watch?v=Wlamz7Gnzd8,https://i.ytimg.com/vi/Wlamz7Gnzd8/mqdefault_live.jpg
7c0acdc8fe2449deb487cbb827b51723,upcoming,【プロセカ】日服觀衆場！久違的音游！【紀伊透 Kii Tooru | 馬來西亞Vtuber】,2026-04-21T13:30:00Z,https://www.youtube.com/watch?v=THHBZ225nJ0,https://i.ytimg.com/vi/THHBZ225nJ0/mqdefault_live.jpg
f03fa714465e44ef8d339474bd0f4a02,upcoming,【RDR2劇情】我要當個 Good man ! ｜碧血狂殺2｜荒野大鏢客2｜MoiKa×桃依卡｜血袋精靈,2026-04-21T14:00:00Z,https://www.youtube.com/watch?v=afY-M20Rrps,https://i.ytimg.com/vi/afY-M20Rrps/mqdefault_live.jpg
cc882664d9794fb88b06a5a0aa1591ae,upcoming,🔴4月22日 月川早晨3D💙香港天氣報告﹑交通消息、凌晨新聞摘要﹑星座運程﹑連登Threads趣聞 即時最新突發資訊全攻略｜月川MoonRiver #天氣 #新聞 #直播 #VTuber,2026-04-21T23:00:00Z,https://www.youtube.com/watch?v=HGhGRHYkuW0,https://i.ytimg.com/vi/HGhGRHYkuW0/mqdefault_live.jpg
538d1d2058da4bdea1c7f43f088e995b,upcoming,初見歓迎＆朝活雜談☀️為100人施展快樂魔法✨從現在開始...我想成為不讓自己丟臉的精靈🙏每天15分鐘的小投資，讓你的世界變得更加寬闊｜治癒系Vtuber ✟ 希蘿亞Siroya,2026-04-22T02:30:00Z,https://www.youtube.com/watch?v=J1cWmGOR6PY,https://i.ytimg.com/vi/J1cWmGOR6PY/mqdefault_live.jpg
107ad23090e649b8935850f3d78ded99,upcoming,"【戰鎚40K：行商浪人】逛逛落腳港（Warhammer 40,000: Rogue Trader）#9🦊遊戲Gaming【Le² Hooni 狐泥】個人勢Vtuber",2026-04-22T06:15:00Z,https://www.youtube.com/watch?v=WbySbGqER8Y,https://i.ytimg.com/vi/WbySbGqER8Y/mqdefault_live.jpg
d475848a566848dc9f6ad02707d87e2a,upcoming,【文字化化】聽唔明哩個靚仔講咩⋯⋯【HKVTuber/Ding】,2026-04-22T09:00:00Z,https://www.youtube.com/watch?v=ihNJl3KEQsc,https://i.ytimg.com/vi/ihNJl3KEQsc/mqdefault_live.jpg
6c872a4043b84e4493877a42af684d1d,upcoming,「#宇宙歌枠 283」聽歌等下班！  初見歡迎  Singing stream【銀河Galaxy】,2026-04-22T10:00:00Z,https://www.youtube.com/watch?v=VuYl6eeHirs,https://i.ytimg.com/vi/VuYl6eeHirs/mqdefault_live.jpg
ab19e58312b74ebd9b68e27aeb0adde5,upcoming,【HomeWork Is Crazy】嗚嗚嗚嗚我要重讀小學 【宮森えりな】,2026-04-22T10:00:00Z,https://www.youtube.com/watch?v=7ZlfIUe1tyw,https://i.ytimg.com/vi/7ZlfIUe1tyw/mqdefault_live.jpg
468c9630d37b4c41bb6b0305dc1143cf,upcoming,「六周年紀念歌回」千呼萬喚！那個籌備了五年的斗內歌回終於要在六周年的這天實現了！  #歌回,2026-04-22T10:30:00Z,https://www.youtube.com/watch?v=PPvWliutS0c,https://i.ytimg.com/vi/PPvWliutS0c/mqdefault_live.jpg
ca8d038d311e4cccb2deded15cee89cd,upcoming,「絕地戰兵2」打打戰兵(20260422 #參加型實況 #絕地戰兵2,2026-04-22T11:00:00Z,https://www.youtube.com/watch?v=HGUitCxAYnk,https://i.ytimg.com/vi/HGUitCxAYnk/mqdefault_live.jpg
2a897c484c05483f9a46467e8f448314,upcoming,絆Kizuna 《只有月亮知道》 (Official Video),2026-04-22T12:00:00Z,https://www.youtube.com/watch?v=WhNQt8Rb7xI,https://i.ytimg.com/vi/WhNQt8Rb7xI/mqdefault.jpg
8ae0f370cf124faa953a09089a427fd9,upcoming,《樂高星際大戰：天行者傳奇》#3 三部曲：西斯大帝的復仇,2026-04-22T12:00:00Z,https://www.youtube.com/watch?v=p7DoQKw7eHY,https://i.ytimg.com/vi/p7DoQKw7eHY/mqdefault_live.jpg
05be4fb717614738a87daac46157ddb1,upcoming,【日文企劃：AI真的懂嗎？】聽說ＡＩ不懂擬聲和擬態詞？用ＡＩ輔助自學日文行得通嗎？ #藥師寺丹,2026-04-22T12:00:00Z,https://www.youtube.com/watch?v=T80lYpFDuUU,https://i.ytimg.com/vi/T80lYpFDuUU/mqdefault_live.jpg
a2c7c34474174cd2bffcc17a32aeec21,upcoming,【#歌枠】演算法好像喜歡 #初見歓迎 #降落歡迎,2026-04-22T12:00:00Z,https://www.youtube.com/watch?v=boqNMMpDmgI,https://i.ytimg.com/vi/boqNMMpDmgI/mqdefault_live.jpg
6f9d63518a69442a88ac602a3b37bf18,upcoming,【波光神啟】台灣居然有拜大砲？你知道兔兒神是誰的守護神嗎？台灣的特殊神明～一次分享給大家唷～｜海月波波,2026-04-22T12:00:00Z,https://www.youtube.com/watch?v=97_T58dbN70,https://i.ytimg.com/vi/97_T58dbN70/mqdefault_live.jpg
02dadd7977b8412b99f101241de4cb3f,upcoming,【柏德之門3 V朋聯動】一起在DND的世界裡探索囉！#28,2026-04-22T12:30:00Z,https://www.youtube.com/watch?v=QdKLuNi0BaA,https://i.ytimg.com/vi/QdKLuNi0BaA/mqdefault_live.jpg
def76c5c31fe4466b5ae6e6940ae6e58,upcoming,▶遊戲直播◁ NIKKE 妮姬 沒看番外篇絕對不懂3.5周年在做什麼 一起來看Pretty劇情❤【NAGISA凪砂 / HKVtuber】,2026-04-22T12:30:00Z,https://www.youtube.com/watch?v=4DwJeb04bYY,https://i.ytimg.com/vi/4DwJeb04bYY/mqdefault_live.jpg
3bc6afb820df4f59b2c6ff1c25d1eed3,upcoming,🌹【克式畫紫】繪圖雜談～作業台 2026-04-22【香港Vtuber】,2026-04-22T12:30:45Z,https://www.youtube.com/watch?v=K1o1fWB4eQ0,https://i.ytimg.com/vi/K1o1fWB4eQ0/mqdefault_live.jpg
004e635d5d494045a810b2d026e769c7,upcoming,🃏🀄🎴暗蜜刻魔！禮拜三晚上9:00直播！【直播馬拉松--遊戲王 Master Duel】,2026-04-22T13:00:00Z,https://www.youtube.com/watch?v=sV04HgAR638,https://i.ytimg.com/vi/sV04HgAR638/mqdefault_live.jpg
2a2b7990365f4a1bb1d8acf1ae0f2f32,upcoming,Stream 22/4/26 生日台 乜都做啲掛,2026-04-22T13:00:00Z,https://www.youtube.com/watch?v=QjQJR1ydin0,https://i.ytimg.com/vi/QjQJR1ydin0/mqdefault_live.jpg
0fbdfcc1b9cf41fdb840cf2f546d9324,upcoming,【寶可夢ZA】【耐久】EP16. 努力解主線的一天,2026-04-22T13:00:00Z,https://www.youtube.com/watch?v=IU7bRFXwVSc,https://i.ytimg.com/vi/IU7bRFXwVSc/mqdefault_live.jpg
6ddea98137e2429eb0e9c4025ad9294f,upcoming,【遊戲】原神 今天想輕鬆探索然後弄一下塵歌壺的事! 打在標題就不會忘記了吧!!! | 韶花 #初見歡迎 #降落歡迎,2026-04-22T13:00:00Z,https://www.youtube.com/watch?v=rFwzTRBcDfk,https://i.ytimg.com/vi/rFwzTRBcDfk/mqdefault_live.jpg
c03997835cc943fe81a441c571d733d0,upcoming,【帕給夢】We Gotta Go｜當我們屎在一起 在一起~【白給☆】@papamibo   #帕給夢 #PaGeMon #01 #WeGottaGo,2026-04-22T13:00:00Z,https://www.youtube.com/watch?v=Q8axCDz_g_g,https://i.ytimg.com/vi/Q8axCDz_g_g/mqdefault_live.jpg
6cc5ac707eed4f9e9b5bc7b2f970fe1b,upcoming,【喵斯快跑- MuseDash】玩玩音樂跑酷【安無希/VTuber】,2026-04-22T13:30:00Z,https://www.youtube.com/watch?v=0Xm6s9YkZVg,https://i.ytimg.com/vi/0Xm6s9YkZVg/mqdefault_live.jpg
9b424d3a99ef4fc3b17bc7fef92fefd3,upcoming,【星穹铁道】 4.2版本預告：「如是，眾生歡笑不已」 終於能看到我們的無限寶石銀狼！,2026-04-22T14:00:00Z,https://www.youtube.com/watch?v=sI_ySiSIb6o,https://i.ytimg.com/vi/sI_ySiSIb6o/mqdefault_live.jpg
d13fdb8fdd3049e5bf80b5ab0fa8a1a6,upcoming,《😱Overcooked 2｜死魚社 #ENDLIVE》來互相吵架哇🐾#終結社箱活,2026-04-22T14:30:00Z,https://www.youtube.com/watch?v=ii4HBB8ds8o,https://i.ytimg.com/vi/ii4HBB8ds8o/mqdefault_live.jpg
cc882664d9794fb88b06a5a0aa1591ae,upcoming,🔴【兔兔秘密花園2 #2】太色了💦收台轉會限Lv2🚫 BUNNY GARDEN 2 バニーガーデン2【月川MoonRiver 香港VTuber HKVTuber 中文】#香港 #遊戲 #直播 #粵語,2026-04-22T14:30:00Z,https://www.youtube.com/watch?v=p15v3toTw6o,https://i.ytimg.com/vi/p15v3toTw6o/mqdefault_live.jpg
d5fdf5fc55d14476908e416e6d43c121,upcoming,【天使診療室】是不是時常對人生感受到迷茫、困惑？又或是在面臨抉擇的時候不知所措、無所適從？想跟找人訴說你的內心卻又找不到對象？❄️本次診療小惡魔不在家【雪之下織雪／芥川組】,2026-04-22T15:00:00Z,https://www.youtube.com/watch?v=oTXBQm8f8xw,https://i.ytimg.com/vi/oTXBQm8f8xw/mqdefault_live.jpg
def76c5c31fe4466b5ae6e6940ae6e58,upcoming,▶遊戲直播◁ NIKKE 妮姬 3.5周年活動 IDOL阿妮斯閃亮登場 STORY全觀看✨【NAGISA凪砂 / HKVtuber】,2026-04-23T07:30:00Z,https://www.youtube.com/watch?v=CrW8WGijxFg,https://i.ytimg.com/vi/CrW8WGijxFg/mqdefault_live.jpg
645fc774332a469ebd03f1a822ebe2be,upcoming,【想比比睇】\ 歡迎投稿 / 夏天到！一人一個最愛泳裝！（泳褲都得）【紡霊拉比】,2026-04-23T10:00:00Z,https://www.youtube.com/watch?v=_vGH15LlPjU,https://i.ytimg.com/vi/_vGH15LlPjU/mqdefault_live.jpg
575d15d21f7240e1ad72935bf7fa0465,upcoming,🍡【遊戲】 #幼里寶寶出沒 初玩《血百合：殺人魔別夾在百合間》 ♡ 電腦課時間 ♡ よろしく ♡ 【夏羽由里/Vtuber】,2026-04-23T11:00:00Z,https://www.youtube.com/watch?v=-HPW-HLQdMY,https://i.ytimg.com/vi/-HPW-HLQdMY/mqdefault_live.jpg
3a8f78d98fd344cb9d32358e5c96eace,upcoming,【屠龍日】騎士們準備好了嗎  沉眠的龍...是人類的恐懼...  | 菈媞耶.阿芭芭  #屠龍日,2026-04-23T11:00:00Z,https://www.youtube.com/watch?v=YhcAyuJ0Mdw,https://i.ytimg.com/vi/YhcAyuJ0Mdw/mqdefault_live.jpg
8fe313c8e0704a29a7a387b47c4f938b,upcoming,【狐想成為陀螺鬥士】EP.2 系統大改版!更瘋狂的陀螺大亂鬥!,2026-04-23T11:30:00Z,https://www.youtube.com/watch?v=mejGaeS6jYc,https://i.ytimg.com/vi/mejGaeS6jYc/mqdefault_live.jpg
8ae0f370cf124faa953a09089a427fd9,upcoming,《Nintendo Switch Sports》#22 踢足球！每週更新道具⚽,2026-04-23T12:00:00Z,https://www.youtube.com/watch?v=M0Th5iPGFlI,https://i.ytimg.com/vi/M0Th5iPGFlI/mqdefault_live.jpg
7d66bf98da354f72baee891cdd91855b,upcoming,《三麗鷗肖像大賞》你能投出好笑的冷笑話就算我們輸。 #三麗鷗肖像大賞 ft. 艾斯珀達 | 賽特珞 Cetro,2026-04-23T12:00:00Z,https://www.youtube.com/watch?v=yZs8DeRkPNs,https://i.ytimg.com/vi/yZs8DeRkPNs/mqdefault_live.jpg
bdaa84ad3c7841d6a9ec8774ed9d40a9,upcoming,遊戲｜《冥雄鬼屋》通關遊戲衝衝衝！一次玩到結局！ #03   #初見歡迎｜🍮魔法布丁罐,2026-04-23T12:00:00Z,https://www.youtube.com/watch?v=dGJ4Y70EaBc,https://i.ytimg.com/vi/dGJ4Y70EaBc/mqdefault_live.jpg
c8ef4e3182b74ecd994c837a75624390,upcoming,用台語學日語和學畫畫是什麼感覺？來賓怎麼會答應這種高難度要求!? 來聊聊最近一些有趣的企劃！,2026-04-23T12:00:00Z,https://www.youtube.com/watch?v=Nl9_lPaxq5s,https://i.ytimg.com/vi/Nl9_lPaxq5s/mqdefault_live.jpg
49196eec11454f589d4d6e52f1b1bbe8,upcoming,【直播】【遊戲】【骰棋(Dice Chess】Demo|聽說很策略又動腦！？菜姬會喜歡！？那要挑戰啦！！【菜姬】,2026-04-23T12:30:00Z,https://www.youtube.com/watch?v=kD5bEZFCDv8,https://i.ytimg.com/vi/kD5bEZFCDv8/mqdefault_live.jpg
3bc6afb820df4f59b2c6ff1c25d1eed3,upcoming,🌹【Sky】哈哈，我要飛往天上！#32 2026-04-23【香港Vtuber】,2026-04-23T12:30:31Z,https://www.youtube.com/watch?v=ebalm3VLxeE,https://i.ytimg.com/vi/ebalm3VLxeE/mqdefault_live.jpg
004e635d5d494045a810b2d026e769c7,upcoming,🃏🀄🎴暗蜜刻魔！禮拜四晚上9:00直播！【直播馬拉松--遊戲王 Master Duel】,2026-04-23T13:00:00Z,https://www.youtube.com/watch?v=eGBOOlbN0S0,https://i.ytimg.com/vi/eGBOOlbN0S0/mqdefault_live.jpg
2a2b7990365f4a1bb1d8acf1ae0f2f32,upcoming,"Stream 23/4/26 你打(MH)荒野, 我打荒野(亂鬥) 【荒野亂鬥 Brawl Stars】",2026-04-23T13:00:00Z,https://www.youtube.com/watch?v=6HDH-rul08A,https://i.ytimg.com/vi/6HDH-rul08A/mqdefault_live.jpg
60da3bb357d64f998006b8ca3043fd00,upcoming,【世紀帝國】久違玩玩!!💤|古古.歐拉拉🐨,2026-04-23T13:00:00Z,https://www.youtube.com/watch?v=nl0x4ALdN7k,https://i.ytimg.com/vi/nl0x4ALdN7k/mqdefault_live.jpg
f81d4ef6f2f54e0c8c6d12a09e1fa5c7,upcoming,【歌】☆史黛娜Stena★ #vtuber,2026-04-23T13:00:00Z,https://www.youtube.com/watch?v=aFbIO0aIflg,https://i.ytimg.com/vi/aFbIO0aIflg/mqdefault_live.jpg
0fbdfcc1b9cf41fdb840cf2f546d9324,upcoming,【楓之谷】【楓星】小小龍魔導的路正式開啟,2026-04-23T13:00:00Z,https://www.youtube.com/watch?v=mCZpZF7YdnU,https://i.ytimg.com/vi/mCZpZF7YdnU/mqdefault_live.jpg
6cc5ac707eed4f9e9b5bc7b2f970fe1b,upcoming,【沙發偵探】腦動大開!!跟AI玩海龜湯!!【安無希/VTuber】2026.04015,2026-04-23T13:30:00Z,https://www.youtube.com/watch?v=ThPp3OtGPSo,https://i.ytimg.com/vi/ThPp3OtGPSo/mqdefault_live.jpg
dba1db65ba874e18a33d8465d52d8f2e,upcoming,【雜談】粉絲禮物開箱&近況感想雜談（長照&失智議題淺談）｜隨時加班改動直播可能｜ #初見歡迎 ｜西山CCC,2026-04-23T14:00:00Z,https://www.youtube.com/watch?v=ARstXlXRtyA,https://i.ytimg.com/vi/ARstXlXRtyA/mqdefault_live.jpg
d5fdf5fc55d14476908e416e6d43c121,upcoming,【情境向ASMR】老師讓我今晚留下來晚自習，說要給我特別輔導...❄️人聲／呢喃／劇情／低音【雪之下織雪／芥川組】,2026-04-23T15:00:00Z,https://www.youtube.com/watch?v=6ZbHzFTCWx0,https://i.ytimg.com/vi/6ZbHzFTCWx0/mqdefault_live.jpg
cc882664d9794fb88b06a5a0aa1591ae,upcoming,🔴4月24日 月川早晨3D💙香港天氣報告﹑交通消息、凌晨新聞摘要﹑星座運程﹑連登Threads趣聞 即時最新突發資訊全攻略｜月川MoonRiver #天氣 #新聞 #直播 #VTuber,2026-04-23T23:00:00Z,https://www.youtube.com/watch?v=b2IgyUIb178,https://i.ytimg.com/vi/b2IgyUIb178/mqdefault_live.jpg
8f0b41303e8a481689fe4309a565ecd3,upcoming,[ 練唱歌回 ] 練習日文歌，如果失敗的話... 咕咕披薩... 下播鎖三階會限 #初見歡迎💙,2026-04-24T05:00:00Z,https://www.youtube.com/watch?v=gnLd6an-1WI,https://i.ytimg.com/vi/gnLd6an-1WI/mqdefault_live.jpg
afb80b53c4a543e28eb165f036bc8e4f,upcoming,【雜談】想和你們最後聊聊！│【喬伊 Joey 】,2026-04-24T05:30:00Z,https://www.youtube.com/watch?v=c8vMe21RczA,https://i.ytimg.com/vi/c8vMe21RczA/mqdefault_live.jpg
d475848a566848dc9f6ad02707d87e2a,upcoming,2026 新衣裝發佈！【HKVTuber/Ding】,2026-04-24T06:00:00Z,https://www.youtube.com/watch?v=t2kTURmdiVQ,https://i.ytimg.com/vi/t2kTURmdiVQ/mqdefault_live.jpg
9b11be3138284ff3904d3292d6aaa284,upcoming,ハチ様のマトリョシカ、Vtuber二人で歌ってみた | HKV party!,2026-04-24T10:00:00Z,https://www.youtube.com/watch?v=SD-PZpKEjpk,https://i.ytimg.com/vi/SD-PZpKEjpk/mqdefault.jpg
ca8d038d311e4cccb2deded15cee89cd,upcoming,「master duel」打打rank(20260424 #masterduel,2026-04-24T11:00:00Z,https://www.youtube.com/watch?v=baxWn46uuSg,https://i.ytimg.com/vi/baxWn46uuSg/mqdefault_live.jpg
4b53aa789e544bd9aaecc9fbc79e4bbe,upcoming,【Req・リク◎】毎週定期歌枠！まったり歌います～🫧【#あのねホタルちゃん 】#歌枠 #vsinger #弾き語り,2026-04-24T11:00:00Z,https://www.youtube.com/watch?v=qcfIl3EA8as,https://i.ytimg.com/vi/qcfIl3EA8as/mqdefault_live.jpg
139f3f1818a2420aa35d5471adaf1a73,upcoming,🐰【暈暈電波症候群⚡】發售啦！中毒性電波音樂～全世界一起瘋狂吧！*ଘ(੭*ˊᵕˋ)੭* ੈ✩‧₊˚【愛庫娃ErosEkwa】,2026-04-24T11:30:00Z,https://www.youtube.com/watch?v=BEQX3HN4_BY,https://i.ytimg.com/vi/BEQX3HN4_BY/mqdefault_live.jpg
8ae0f370cf124faa953a09089a427fd9,upcoming,《樂高星際大戰：天行者傳奇》#4 四部曲：曙光乍現,2026-04-24T12:00:00Z,https://www.youtube.com/watch?v=WzKwW9ZidG0,https://i.ytimg.com/vi/WzKwW9ZidG0/mqdefault_live.jpg
7ebc0dc9fdf3442688ecd63bbdc30c51,upcoming,【fate/stay night UBW 第二季 [1]~[13]／初見歡迎】Fate補番計畫會是繼續下去還是停留在這呢😨無論如何先看完就對了👀✨【薄荷巧克力🌱🍫】,2026-04-24T12:00:00Z,https://www.youtube.com/watch?v=ldleK7BRjqg,https://i.ytimg.com/vi/ldleK7BRjqg/mqdefault_live.jpg
05be4fb717614738a87daac46157ddb1,upcoming,【進擊的巨人 #從頭開始追 S2~】第二季開始！我們要去那個神秘的地方解開謎底了．．．吧？巴哈姆特動畫瘋同步視聽！ #藥師寺丹 #每週五晚間八點一起追 #心臓を捧げよ #丹粒做夥追動畫,2026-04-24T12:00:00Z,https://www.youtube.com/watch?v=sKUVZH3shAE,https://i.ytimg.com/vi/sKUVZH3shAE/mqdefault_live.jpg
c04f006e69e04000a68cd0c41f888eb2,upcoming,【 四週年慶祝🎉】頻道&黑炭生日慶祝🐾🥳 ✧週邊購買資訊公開✧ | Rluo Ch. 阿洛,2026-04-24T12:00:00Z,https://www.youtube.com/watch?v=evqkRF2fuCg,https://i.ytimg.com/vi/evqkRF2fuCg/mqdefault_live.jpg
fec8644970684cffbbae8dd37a52d59c,upcoming,【#LOL】ARAM 參加型,2026-04-24T12:00:00Z,https://www.youtube.com/watch?v=AkpZu18j4lk,https://i.ytimg.com/vi/AkpZu18j4lk/mqdefault_live.jpg
824bd7df6923453292dec9ff3e3f664a,upcoming,【天月麻雀】觀眾場挑戰！限量福利快來領取RRRrr【#遊戲】(P.OOO)　#VTuber　#天月麻雀　#水母暮暮,2026-04-24T12:00:00Z,https://www.youtube.com/watch?v=IESYB4Tbtlg,https://i.ytimg.com/vi/IESYB4Tbtlg/mqdefault_live.jpg
02dadd7977b8412b99f101241de4cb3f,upcoming,【Raft】觀眾場海上探險來囉 #13,2026-04-24T12:30:00Z,https://www.youtube.com/watch?v=tg19FGBWQog,https://i.ytimg.com/vi/tg19FGBWQog/mqdefault_live.jpg
6cd8cdc530d14e2d9d0a9cd20cb6b05c,upcoming,【燕雲十六聲 #12】久違地跑主線啦！《Nanashi Yuki》#魚兒魚兒水中游,2026-04-24T12:30:00Z,https://www.youtube.com/watch?v=67tgAQpAdto,https://i.ytimg.com/vi/67tgAQpAdto/mqdefault_live.jpg
004e635d5d494045a810b2d026e769c7,upcoming,🃏🀄🎴暗蜜刻魔！禮拜五晚上9:00直播！【直播馬拉松--遊戲王 Master Duel】,2026-04-24T13:00:00Z,https://www.youtube.com/watch?v=2zGYAC3iqlU,https://i.ytimg.com/vi/2zGYAC3iqlU/mqdefault_live.jpg
60da3bb357d64f998006b8ca3043fd00,upcoming,【飢荒多人版】變成工具人了?!!Ft.@dzong_diary 、莫比 💤|古古.歐拉拉🐨,2026-04-24T13:00:00Z,https://www.youtube.com/watch?v=vEz9k2m4x4I,https://i.ytimg.com/vi/vEz9k2m4x4I/mqdefault_live.jpg
0fbdfcc1b9cf41fdb840cf2f546d9324,upcoming,【告別回憶3】【耐久】EP.9荷嶋音緒路線part9,2026-04-24T13:00:00Z,https://www.youtube.com/watch?v=bNY76n_Qcec,https://i.ytimg.com/vi/bNY76n_Qcec/mqdefault_live.jpg
6559d42f66684b8f80b4cd4589addd85,upcoming,【 燕雲十六聲  】手殘主播被觀眾騙入坑〖鴨鴨伊比．AhiruIbi 〗,2026-04-24T13:30:00Z,https://www.youtube.com/watch?v=1fSouoVcCK0,https://i.ytimg.com/vi/1fSouoVcCK0/mqdefault_live.jpg
e1b2337b79d1449e9ae6a754ec74050d,upcoming,【會限發問】【你問書答】【#33】4月份，為5月份作準備【香港VTUBER】,2026-04-24T13:30:00Z,https://www.youtube.com/watch?v=XPs0dGfB67w,https://i.ytimg.com/vi/XPs0dGfB67w/mqdefault_live.jpg
9b424d3a99ef4fc3b17bc7fef92fefd3,upcoming,Dying Light【消逝的光芒】PART 4 - 要進入另一個人地方尋找另一個博士才能拿解藥！,2026-04-24T14:00:00Z,https://www.youtube.com/watch?v=WDK9ei58VOo,https://i.ytimg.com/vi/WDK9ei58VOo/mqdefault_live.jpg
cc882664d9794fb88b06a5a0aa1591ae,upcoming,🔴【兔兔秘密花園2 #3】太色了💦收台轉會限Lv2🚫 BUNNY GARDEN 2 バニーガーデン2【月川MoonRiver 香港VTuber HKVTuber 中文】#香港 #遊戲 #直播 #粵語,2026-04-24T14:30:00Z,https://www.youtube.com/watch?v=UkNy4lb-TDY,https://i.ytimg.com/vi/UkNy4lb-TDY/mqdefault_live.jpg
031da54f73f94adf8159ef0d3bfeb52b,upcoming,所長的深夜美食：NICHIREI-冷凍蕃茄風味飯（第211碗）,2026-04-24T16:15:00Z,https://www.youtube.com/watch?v=jFcRWnJG-0M,https://i.ytimg.com/vi/jFcRWnJG-0M/mqdefault_live.jpg
f81d4ef6f2f54e0c8c6d12a09e1fa5c7,upcoming,【早灣NA:33】早安早安~起床來打聲招呼呀~! ☆史黛娜Stena★ #vtuber  #朝活,2026-04-24T22:30:00Z,https://www.youtube.com/watch?v=iV1Jw4E68BQ,https://i.ytimg.com/vi/iV1Jw4E68BQ/mqdefault_live.jpg
fec8644970684cffbbae8dd37a52d59c,upcoming,❄️ 【#朝活羽你10】答案之書- 你的命運由我來亂講｜#雜談,2026-04-25T00:00:00Z,https://www.youtube.com/watch?v=z3lnj281cBs,https://i.ytimg.com/vi/z3lnj281cBs/mqdefault_live.jpg
0fbdfcc1b9cf41fdb840cf2f546d9324,upcoming,《告別回憶 双想 Break out of my shell》EP.3,2026-04-25T06:00:00Z,https://www.youtube.com/watch?v=KFpON76jPes,https://i.ytimg.com/vi/KFpON76jPes/mqdefault_live.jpg
e810dcd23c334fd184d254718517764e,upcoming,【Resident Evil Requiem | 生化危機 安魂曲】終局【香港Vtuber】,2026-04-25T06:30:00Z,https://www.youtube.com/watch?v=pirwak_tA-U,https://i.ytimg.com/vi/pirwak_tA-U/mqdefault_live.jpg
247215e876d24dae9932464b75fc577c,upcoming,【0425 #給龍寶上五柱香】五周年活動 tag 欣賞 以及公開五周年活動限定周邊和賀圖唷 | 高維爾聊天 #台灣Vtuber,2026-04-25T07:00:00Z,https://www.youtube.com/watch?v=Ss7aHg1NX_A,https://i.ytimg.com/vi/Ss7aHg1NX_A/mqdefault_live.jpg
5ee9f1126dcf463e8d6afc8ef113d084,upcoming,【命運石之門】聽說很有名，但我沒看過 #初見歡迎〔洛琳 LuoLiyn〕,2026-04-25T08:10:00Z,https://www.youtube.com/watch?v=L_P-xPE2yoo,https://i.ytimg.com/vi/L_P-xPE2yoo/mqdefault_live.jpg
7d66bf98da354f72baee891cdd91855b,upcoming,《降珞》- Cetro賽特珞 x Sid東東 collab song [original],2026-04-25T09:00:00Z,https://www.youtube.com/watch?v=Vi6kykFZhnI,https://i.ytimg.com/vi/Vi6kykFZhnI/mqdefault.jpg
54b0131ceb734643b23b1eefee31cca0,upcoming,【歌ってみた】アヤノの幸福理論  / じん【雨恩-あめ-】,2026-04-25T11:30:00Z,https://www.youtube.com/watch?v=WuiWLuUlD1U,https://i.ytimg.com/vi/WuiWLuUlD1U/mqdefault.jpg
483a76d7ad1d464aa290606959ddddec,upcoming,【P的謊言 序曲🦋#4】初見DLC！四月是P的謊言🌹｜Lies of P Overture｜Timu蒂姆,2026-04-25T12:00:00Z,https://www.youtube.com/watch?v=4pEDOhQEgac,https://i.ytimg.com/vi/4pEDOhQEgac/mqdefault_live.jpg
8ae0f370cf124faa953a09089a427fd9,upcoming,《樂高星際大戰：天行者傳奇》#5 五部曲：帝國大反擊,2026-04-25T12:00:00Z,https://www.youtube.com/watch?v=__5FQTVe1Ro,https://i.ytimg.com/vi/__5FQTVe1Ro/mqdefault_live.jpg
d2da40bb201e49ddbd6a8780bfaf8b63,upcoming,｜2026.04.25｜穿越爽劇終於輪到我了!? RO大佬帶我飛｜北宮雨音｜揪團轉盤／!dc／!yt／!指令｜#RO世界之旅新服開荒｜,2026-04-25T12:00:00Z,https://www.youtube.com/watch?v=2-0bx3XzzqY,https://i.ytimg.com/vi/2-0bx3XzzqY/mqdefault_live.jpg
2d9ef8be75c34daf9ce9d17ecbbe0f7a,upcoming,◖活俠傳◗就是要戰你娘親啦(? #初見歡迎 #降落歡迎 #Vtuber #奶茶當水喝🍼,2026-04-25T12:00:00Z,https://www.youtube.com/watch?v=jojrLEUOqOk,https://i.ytimg.com/vi/jojrLEUOqOk/mqdefault_live.jpg
b174714646ea40e28ce32affabe3e93e,upcoming,【恐怖遊戲】看ORI尖叫✨️挑戰極限 ｜惡靈古堡9- Resident Evil Requiem｜CAPCOM ｜ 我不敢玩🤪我看別人玩！！！#ORI央央教 #O莉莉皆辛苦｜ORI 央莉,2026-04-25T12:00:00Z,https://www.youtube.com/watch?v=95X32bZh2mM,https://i.ytimg.com/vi/95X32bZh2mM/mqdefault_live.jpg
6f9d63518a69442a88ac602a3b37bf18,upcoming,【VTuber注意】網紅稅怎麼報？一不小心就會被罰錢怎麼辦！feat. 記帳士 郭姵岑,2026-04-25T12:00:00Z,https://www.youtube.com/watch?v=2pQMnfNAnx8,https://i.ytimg.com/vi/2pQMnfNAnx8/mqdefault_live.jpg
02dadd7977b8412b99f101241de4cb3f,upcoming,【精選歌回】甜甜的好聽歌曲,2026-04-25T12:30:00Z,https://www.youtube.com/watch?v=SGuRqCtr-gg,https://i.ytimg.com/vi/SGuRqCtr-gg/mqdefault_live.jpg
834afd07257a43ac9f61085f79449be1,upcoming,VALORANT 特戰英豪｜初見!!!看前記得準備好降壓藥呦:D｜提拉米蘇Tiramisu,2026-04-25T12:30:15Z,https://www.youtube.com/watch?v=z8ubLvPcgKk,https://i.ytimg.com/vi/z8ubLvPcgKk/mqdefault_live.jpg
60da3bb357d64f998006b8ca3043fd00,upcoming,【Stardew Valley】我要存300萬💤|古古.歐拉拉🐨,2026-04-25T13:00:00Z,https://www.youtube.com/watch?v=sd3QoU4Eiq0,https://i.ytimg.com/vi/sd3QoU4Eiq0/mqdefault_live.jpg
0fbdfcc1b9cf41fdb840cf2f546d9324,upcoming,《告別回憶 双想 Break out of my shell》EP.4,2026-04-25T13:00:00Z,https://www.youtube.com/watch?v=10ZPiUeMY44,https://i.ytimg.com/vi/10ZPiUeMY44/mqdefault_live.jpg
c8ef4e3182b74ecd994c837a75624390,upcoming,【假裝工作實則摸魚的工作台】來做點台語迷因！,2026-04-25T13:00:00Z,https://www.youtube.com/watch?v=mhw1ZAzh28Q,https://i.ytimg.com/vi/mhw1ZAzh28Q/mqdefault_live.jpg
32ce3b3861fe4b5a98d5adc9a704bbf1,upcoming,🥀【#初配信】霧金WuKin | 帶給大家溫暖的渡鴉  | 初見安安,2026-04-25T13:00:00Z,https://www.youtube.com/watch?v=EanMnzJDcLU,https://i.ytimg.com/vi/EanMnzJDcLU/mqdefault_live.jpg
3bc6afb820df4f59b2c6ff1c25d1eed3,upcoming,"🌹【Stardew Valley】星露谷物語#04 w/ Diria Julie, Koi, Rio 2026-04-25【香港Vtuber】",2026-04-25T13:00:01Z,https://www.youtube.com/watch?v=caVzhO96vEc,https://i.ytimg.com/vi/caVzhO96vEc/mqdefault_live.jpg
7ebc0dc9fdf3442688ecd63bbdc30c51,upcoming,【交錯的想念／初見歡迎】難得來看一下要被下架的動畫電影👀✨據說是非常好評的戀愛群像劇💭【薄荷巧克力🌱🍫】,2026-04-25T13:30:00Z,https://www.youtube.com/watch?v=kT8BCAtFNKQ,https://i.ytimg.com/vi/kT8BCAtFNKQ/mqdefault_live.jpg
32ce3b3861fe4b5a98d5adc9a704bbf1,upcoming,【#歌枠】初配後熱血開唱! ! #初見歓迎,2026-04-25T14:00:00Z,https://www.youtube.com/watch?v=kae_GFLmyRU,https://i.ytimg.com/vi/kae_GFLmyRU/mqdefault_live.jpg
7ebc0dc9fdf3442688ecd63bbdc30c51,upcoming,【挑戰直播／初見歡迎】這次想要收集到住在22個縣市的觀眾🙌在中午之前能夠順利達成嗎👀✨【薄荷巧克力🌱🍫】,2026-04-26T00:00:00Z,https://www.youtube.com/watch?v=EpO5slgZsmc,https://i.ytimg.com/vi/EpO5slgZsmc/mqdefault_live.jpg
6ddea98137e2429eb0e9c4025ad9294f,upcoming,【歌回】早安歌回 跟我說早安的話你就會得到一個被早安的開心我| 韶花 #初見歡迎 #降落歡迎,2026-04-26T02:00:00Z,https://www.youtube.com/watch?v=vsOpSURkYPQ,https://i.ytimg.com/vi/vsOpSURkYPQ/mqdefault_live.jpg
ca8d038d311e4cccb2deded15cee89cd,upcoming,「缺氧」史前小行星_蜂巢增建+核電規劃(20260426,2026-04-26T05:00:00Z,https://www.youtube.com/watch?v=UAzu37Osnv0,https://i.ytimg.com/vi/UAzu37Osnv0/mqdefault_live.jpg
cd88de8b4bc84a71975df9afb42192b8,upcoming,學妹銑床求教【中風警告】可能開也可能不開~,2026-04-26T05:00:00Z,https://www.youtube.com/watch?v=j9hqsa87vXk,https://i.ytimg.com/vi/j9hqsa87vXk/mqdefault_live.jpg
107ad23090e649b8935850f3d78ded99,upcoming,【腦葉公司】DAY49：即將填滿日曆（Lobotomy Corporation）#30🦊遊戲Gaming【Le² Hooni 狐泥】個人勢Vtuber,2026-04-26T06:00:00Z,https://www.youtube.com/watch?v=iVsYuBRCRL0,https://i.ytimg.com/vi/iVsYuBRCRL0/mqdefault_live.jpg
0fbdfcc1b9cf41fdb840cf2f546d9324,upcoming,【After Rain】【卒業】【耐久】【全結局鑑賞】4,2026-04-26T06:00:00Z,https://www.youtube.com/watch?v=pDS6hsuopgM,https://i.ytimg.com/vi/pDS6hsuopgM/mqdefault_live.jpg
afb80b53c4a543e28eb165f036bc8e4f,upcoming,【再見喬伊】謝謝陪伴我367天的泛用皮！好好辦個最後感謝日！│【喬伊 Joey 】,2026-04-26T06:00:00Z,https://www.youtube.com/watch?v=oaiPbccJycw,https://i.ytimg.com/vi/oaiPbccJycw/mqdefault_live.jpg
2760c9a44c20464d8e140e6367ed1cdf,upcoming,【歌雜】咕咕嘎嘎！,2026-04-26T06:10:00Z,https://www.youtube.com/watch?v=TApJ-coTRq4,https://i.ytimg.com/vi/TApJ-coTRq4/mqdefault_live.jpg
02dadd7977b8412b99f101241de4cb3f,upcoming,【零~紅蝶 Remake】相機無雙 #2,2026-04-26T07:00:00Z,https://www.youtube.com/watch?v=Km0hA1OhFk8,https://i.ytimg.com/vi/Km0hA1OhFk8/mqdefault_live.jpg
247215e876d24dae9932464b75fc577c,upcoming,【0415 世界藝術日】想要衝會籍數量的龍 決定來玩龍派畫畫一番賞 | 高維爾聊天 #台灣Vtuber,2026-04-26T08:00:00Z,https://www.youtube.com/watch?v=ghmFvKOddOI,https://i.ytimg.com/vi/ghmFvKOddOI/mqdefault_live.jpg
d6c4708f6eb94ac6ad7668363b132248,upcoming,【 #薩琪的塔羅牌占卜台 】來為主人占卜下週的運勢！【 #人偶薩賓娜 #占卜 】,2026-04-26T10:00:00Z,https://www.youtube.com/watch?v=FXyx9EbIqZA,https://i.ytimg.com/vi/FXyx9EbIqZA/mqdefault_live.jpg
a052e4ff345b41919ab0f13a5b10ff02,upcoming,【小說家找優質作品】來Penana逛逛好作品 #vtuber中文 #小說投稿 #寫作,2026-04-26T11:00:00Z,https://www.youtube.com/watch?v=aV6zVrOGf0w,https://i.ytimg.com/vi/aV6zVrOGf0w/mqdefault_live.jpg
6ddea98137e2429eb0e9c4025ad9294f,upcoming,【遊戲】沉沒意志 真的要前進第四天! 希望能一次玩完刺激的第四天 | 韶花 #初見歡迎 #降落歡迎,2026-04-26T12:00:00Z,https://www.youtube.com/watch?v=VOmzFz0yRAU,https://i.ytimg.com/vi/VOmzFz0yRAU/mqdefault_live.jpg
306117a48f3445baad1d6a919ed340bb,upcoming,【收益化慶祝】會員開通+貼圖+說明/李李生日/超級感謝｡ﾟヽ(ﾟ´Д`)ﾉﾟ｡ 20260426#台灣Vtuber#初見歡迎 #降落歡迎,2026-04-26T12:00:00Z,https://www.youtube.com/watch?v=mCRmKdwlzm8,https://i.ytimg.com/vi/mCRmKdwlzm8/mqdefault_live.jpg
60da3bb357d64f998006b8ca3043fd00,upcoming,【雜談 】折折折!!💤|古古.歐拉拉🐨|,2026-04-26T13:00:00Z,https://www.youtube.com/watch?v=gftyu2JUEa0,https://i.ytimg.com/vi/gftyu2JUEa0/mqdefault_live.jpg
0fbdfcc1b9cf41fdb840cf2f546d9324,upcoming,【After Rain】【卒業】【耐久】【全結局鑑賞】5,2026-04-26T13:00:00Z,https://www.youtube.com/watch?v=i6Pv7sj5wK0,https://i.ytimg.com/vi/i6Pv7sj5wK0/mqdefault_live.jpg
e1b2337b79d1449e9ae6a754ec74050d,upcoming,【3D】KCUP化香港vtuber正能量擔當（自稱）小丑魚水澄のぞみ ！【香港VTUBER】,2026-04-26T13:30:00Z,https://www.youtube.com/watch?v=RngA36ygNYg,https://i.ytimg.com/vi/RngA36ygNYg/mqdefault_live.jpg
d13fdb8fdd3049e5bf80b5ab0fa8a1a6,upcoming,《⚓大航海Online #遊雜》航行~~~~~~🐾 ｜#外星貓Vtuber直播 #女神約會日,2026-04-26T14:30:00Z,https://www.youtube.com/watch?v=798LHjpdpug,https://i.ytimg.com/vi/798LHjpdpug/mqdefault_live.jpg
1fdc000815cc476dbc9d19aa431305b5,upcoming,【一茶一繪】我的朋友都很難約，小汐，你是其中一個【亞菲忒 Aphitita】ft.七小汐,2026-04-27T12:30:00Z,https://www.youtube.com/watch?v=XCVGg_30hgs,https://i.ytimg.com/vi/XCVGg_30hgs/mqdefault_live.jpg
31f17632340f4e7fbd0ced07193dd81b,upcoming,【競標】4/27 競標 金屬海報 ! 只有兩個 ! 得標者會簽名 !【達亞】#vtuber #台灣Vtuber,2026-04-27T13:00:00Z,https://www.youtube.com/watch?v=Smm75Qn-ulY,https://i.ytimg.com/vi/Smm75Qn-ulY/mqdefault_live.jpg
0fbdfcc1b9cf41fdb840cf2f546d9324,upcoming,《告別回憶 双想 Break out of my shell》EP.5,2026-04-27T13:00:00Z,https://www.youtube.com/watch?v=L5Y_gND-6mc,https://i.ytimg.com/vi/L5Y_gND-6mc/mqdefault_live.jpg
494d2c5daf9f4a8a8e4538687e6be14c,upcoming,【 瑟瑟總監的實體研究 2 】😈 大家的心得寫得太好了吧!?!?!  |  結尾獎品開抽!!!! #初見歡迎  【夢天堂合作飛ㄐ杯】【兔姬UsagiHime | 惡兔重工】,2026-04-27T13:00:00Z,https://www.youtube.com/watch?v=ri1rAVhSGRo,https://i.ytimg.com/vi/ri1rAVhSGRo/mqdefault_live.jpg
9be037b96ffa41c9a080edf332650649,upcoming,【深冥ノ誕生祭】2026誕生季!【レヴィア / 萊維亞】,2026-04-27T13:30:00Z,https://www.youtube.com/watch?v=1pmEBFlkqpc,https://i.ytimg.com/vi/1pmEBFlkqpc/mqdefault_live.jpg
d13fdb8fdd3049e5bf80b5ab0fa8a1a6,upcoming,《🍗緋嚐料理｜👅味增雞肉》#露手注意 這個看起來很簡單，我料理應該沒問題啦 ｜#外星貓Vtuber直播 #雜談,2026-04-27T14:30:00Z,https://www.youtube.com/watch?v=jcyyPpAeVQE,https://i.ytimg.com/vi/jcyyPpAeVQE/mqdefault_live.jpg
76d68171666847cc913328359037139c,upcoming,【深夜雜談】聊聊近期時事 好多混亂！ #初見歡迎 #歡迎降落 Free Talking | Just Chatting,2026-04-28T11:00:00Z,https://www.youtube.com/watch?v=etAhQ7QkHVA,https://i.ytimg.com/vi/etAhQ7QkHVA/mqdefault_live.jpg
483a76d7ad1d464aa290606959ddddec,upcoming,【新番雜談】2026.4月春💮re0/小書癡/主播女孩｜第一話感想｜動漫｜Timu蒂姆,2026-04-28T12:00:00Z,https://www.youtube.com/watch?v=b-iR_Kx3lpg,https://i.ytimg.com/vi/b-iR_Kx3lpg/mqdefault_live.jpg
1310ffb60dcf40eaaf6a08890e632234,upcoming,延期【 #誰是中之人 】VT推理？究竟誰是妙哇中之人呢？中子中子！,2026-04-28T14:00:00Z,https://www.youtube.com/watch?v=kvF-3HNQfhg,https://i.ytimg.com/vi/kvF-3HNQfhg/mqdefault_live.jpg
d13fdb8fdd3049e5bf80b5ab0fa8a1a6,upcoming,《🎉生日 #五周年後日談》拆禮物+跟v朋朋合唱 #外星貓Vtuber直播🐾,2026-04-28T14:30:00Z,https://www.youtube.com/watch?v=LQTntxGrZr8,https://i.ytimg.com/vi/LQTntxGrZr8/mqdefault_live.jpg
a2c7c34474174cd2bffcc17a32aeec21,upcoming,【Re:sing 聲浪迴響】世界以痛吻你、你無需報之以歌 #歌枠 #睡眠導入 #初見歓迎 #降落歡迎,2026-04-29T12:00:00Z,https://www.youtube.com/watch?v=7LI3uSXTeHQ,https://i.ytimg.com/vi/7LI3uSXTeHQ/mqdefault_live.jpg
7cecb437e7a54e07a29c3a164565957d,upcoming,.·✧ 𓊆 𝔸𝕊𝕄ℝ麥克風募資計畫 𝔹𝕝𝕒𝕔𝕜 𝟛𝔻𝕀𝕆 ℂ𝕣𝕠𝕨𝕕𝕗𝕦𝕟𝕕𝕚𝕟𝕘 ℂ𝕒𝕞𝕡𝕒𝕚𝕘𝕟 𓊇 ✧·.˹ 活動詳細資訊 請見資訊欄 ˼ ⋄⟣ 𝐾𝑒𝑟𝑖.𝑙𝑢【𝑉𝑡𝑢𝑏𝑒𝑟】.,2026-04-29T16:00:00Z,https://www.youtube.com/watch?v=-OvxRoDIhyk,https://i.ytimg.com/vi/-OvxRoDIhyk/mqdefault_live.jpg
6cd8cdc530d14e2d9d0a9cd20cb6b05c,upcoming,【九日】『作死計劃 DAY 1』挑戰0死通關九日？死了就重來！《Nanashi Yuki》#魚兒魚兒水中游,2026-04-30T10:00:00Z,https://www.youtube.com/watch?v=pfLE3AuZDdI,https://i.ytimg.com/vi/pfLE3AuZDdI/mqdefault_live.jpg
6b43c568bdf044e4a4ae0bae0cb9fff2,upcoming,【初配信】⚡今晚 ! 歌聲將穿越空間 !💥/#AOI,2026-04-30T13:00:00Z,https://www.youtube.com/watch?v=2ZOHMnTzuXw,https://i.ytimg.com/vi/2ZOHMnTzuXw/mqdefault_live.jpg
d33940525b7f4b9db9ce85e08b4c175e,upcoming,【Tomodachi Life 】Taking care of my mii,2026-04-30T13:00:00Z,https://www.youtube.com/watch?v=ZHZOW9QpaEg,https://i.ytimg.com/vi/ZHZOW9QpaEg/mqdefault_live.jpg
7af8f321e84542dc9ccda160152fbf0b,upcoming,4月~ 今天的四月很熱!!,2026-04-30T15:45:00Z,https://www.youtube.com/watch?v=6mIBkvrFq9A,https://i.ytimg.com/vi/6mIBkvrFq9A/mqdefault_live.jpg
d80f5bc1e3ce4c35aa3eced40cc3bddc,upcoming,生日周邊預購💖｜雙面枕頭套，反面為純色LOGO圖，讓你不社死，請使用綠界或Paypal抖內預購🎁詳見資訊欄｜司淇,2026-04-30T16:00:00Z,https://www.youtube.com/watch?v=O0GkXyOhFDQ,https://i.ytimg.com/vi/O0GkXyOhFDQ/mqdefault_live.jpg
5ee9f1126dcf463e8d6afc8ef113d084,upcoming,【美女，請別影響我成仙】我其實是被修仙吸引的 #初見歡迎〔洛琳 LuoLiyn〕,2026-05-01T10:50:00Z,https://www.youtube.com/watch?v=MEQPexYSbd4,https://i.ytimg.com/vi/MEQPexYSbd4/mqdefault_live.jpg
4b53aa789e544bd9aaecc9fbc79e4bbe,upcoming,【Req・リク◎】毎週定期歌枠！まったり歌います～🫧【#あのねホタルちゃん 】#歌枠 #vsinger #弾き語り,2026-05-01T11:00:00Z,https://www.youtube.com/watch?v=lYTgJIlwRkM,https://i.ytimg.com/vi/lYTgJIlwRkM/mqdefault_live.jpg
0fbdfcc1b9cf41fdb840cf2f546d9324,upcoming,【告別回憶3】【耐久】EP.10荷嶋音緒路線part10,2026-05-01T13:00:00Z,https://www.youtube.com/watch?v=GkZ79RzqmB4,https://i.ytimg.com/vi/GkZ79RzqmB4/mqdefault_live.jpg
483a76d7ad1d464aa290606959ddddec,upcoming,【玩Demo】Pragmata / 柏林公寓 / Shanty Town / Sunset Hills ｜vtuber｜Timu 蒂姆,2026-05-02T12:00:00Z,https://www.youtube.com/watch?v=rLDTKPtX_rg,https://i.ytimg.com/vi/rLDTKPtX_rg/mqdefault_live.jpg
a052e4ff345b41919ab0f13a5b10ff02,upcoming,【心動小鎮】鬱兔書局開張啦～向大家徵稿囉！ #鬱兔  #台V #heartopia,2026-05-03T11:00:00Z,https://www.youtube.com/watch?v=_TBmqMoUaOM,https://i.ytimg.com/vi/_TBmqMoUaOM/mqdefault_live.jpg
1025a2d1ea674c649b1e7934895bd419,upcoming,【Licca Radio🎧音樂電台】一起聽音樂的好朋友 #初見歡迎【LiccaLive】,2026-05-03T12:00:00Z,https://www.youtube.com/watch?v=JIidZ23QeCo,https://i.ytimg.com/vi/JIidZ23QeCo/mqdefault_live.jpg
0a178f2c7b994a4ea8eb845ebd489a5a,upcoming,ハイドアンド・シーク✦ COVER by 德萊涅洛 • 多洛莉絲,2026-05-03T13:00:00Z,https://www.youtube.com/watch?v=_reyHdcR5ug,https://i.ytimg.com/vi/_reyHdcR5ug/mqdefault.jpg
1fdc000815cc476dbc9d19aa431305b5,upcoming,【一茶一繪】所謂朋友的朋友就是雙倍的朋友！（？【亞菲忒 Aphitita】ft.小木戶圭,2026-05-04T12:30:00Z,https://www.youtube.com/watch?v=crm0o7ThmCE,https://i.ytimg.com/vi/crm0o7ThmCE/mqdefault_live.jpg
70adcdf6f8a146089a4e724b14146efd,upcoming,🐹兒童節周邊開放預購啦🐹,2026-05-04T13:50:00Z,https://www.youtube.com/watch?v=Yq_xxCeAcz8,https://i.ytimg.com/vi/Yq_xxCeAcz8/mqdefault_live.jpg
d13fdb8fdd3049e5bf80b5ab0fa8a1a6,upcoming,《📬 隨意聊聊。》#天使塔羅 你今天過得好嗎？  — 艾德里娜的許願室 #風中拾光 #雜談,2026-05-04T14:30:00Z,https://www.youtube.com/watch?v=w1xpbw1klBk,https://i.ytimg.com/vi/w1xpbw1klBk/mqdefault_live.jpg
d5fdf5fc55d14476908e416e6d43c121,upcoming,【ASMR】寂寞了嗎？沒關係，我會把你的空缺全部填滿♡寂しいの？大丈夫、私が全部埋めてあげる♡❄️囁き／舔耳／脳舐め／耳舐め／無廣告／広告なし【雪之下織雪／芥川組】,2026-05-07T15:00:00Z,https://www.youtube.com/watch?v=ZG54SEMMtZw,https://i.ytimg.com/vi/ZG54SEMMtZw/mqdefault_live.jpg
8c25e14dcc3a4f71895d58924c69dc0a,upcoming,【YT 頻道休息】搬家+出國去啦！預計休息一個月左右 ~,2026-05-08T04:00:00Z,https://www.youtube.com/watch?v=khh4ah3bxSA,https://i.ytimg.com/vi/khh4ah3bxSA/mqdefault_live.jpg
3e6a09fe4ef744f987e27ae0f06cdf09,upcoming,✨沐屋工作室x湊喫茶 合作活動開跑！4/7～5/7等你來喝茶♥✨,2026-05-08T05:30:00Z,https://www.youtube.com/watch?v=MmQrDeM753w,https://i.ytimg.com/vi/MmQrDeM753w/mqdefault_live.jpg
4b53aa789e544bd9aaecc9fbc79e4bbe,upcoming,【Req・リク◎】毎週定期歌枠！まったり歌います～🫧【#あのねホタルちゃん 】#歌枠 #vsinger #弾き語り,2026-05-08T11:00:00Z,https://www.youtube.com/watch?v=bXHRQlclCmE,https://i.ytimg.com/vi/bXHRQlclCmE/mqdefault_live.jpg
bdaa84ad3c7841d6a9ec8774ed9d40a9,upcoming,TRPG｜CoC跑團直播《ヰ書》feat.赤野蕗丹｜🍮魔法布丁罐,2026-05-09T12:00:00Z,https://www.youtube.com/watch?v=tWPUexZwg5E,https://i.ytimg.com/vi/tWPUexZwg5E/mqdefault_live.jpg
1406aeb0ef48430bab0b939a29609394,upcoming,【初配信】進來咖啡廳坐坐吧!我請你喝一杯咖啡☕【雨歌冷冷 KorudoAme】,2026-05-09T12:00:00Z,https://www.youtube.com/watch?v=aSMNS1iQF7Q,https://i.ytimg.com/vi/aSMNS1iQF7Q/mqdefault_live.jpg
f2ad5f187c9141ab8830b8eaf81c3aee,upcoming,【陛! 爆唔到機】Baby Steps EP18 - 真係一步【皇咲レイナ | HKVtuber】,2026-05-10T08:00:00Z,https://www.youtube.com/watch?v=uWh33J-Khvg,https://i.ytimg.com/vi/uWh33J-Khvg/mqdefault_live.jpg
f46e5ebb899548cab53d24f1901315b0,upcoming,[新衣裝] 亞連2.0來啦! 新衣服新妝容 [幕亞連],2026-05-10T12:00:00Z,https://www.youtube.com/watch?v=qGIBCVqQyCY,https://i.ytimg.com/vi/qGIBCVqQyCY/mqdefault_live.jpg
d13fdb8fdd3049e5bf80b5ab0fa8a1a6,upcoming,《☕工作台》畫頭像~聊聊天~弄設定~｜ #外星貓Vtuber直播🐾,2026-05-11T14:30:00Z,https://www.youtube.com/watch?v=MdZ6p4JL13U,https://i.ytimg.com/vi/MdZ6p4JL13U/mqdefault_live.jpg
c94bc4ff4689403aac751731d33150e6,upcoming,🐣 04/13 - 04/19 周表 💛 讓我來哄你睡覺、陪你打麻將,2026-05-13T11:15:00Z,https://www.youtube.com/watch?v=ftidKT8U8UM,https://i.ytimg.com/vi/ftidKT8U8UM/mqdefault_live.jpg
4b53aa789e544bd9aaecc9fbc79e4bbe,upcoming,【Req・リク◎】毎週定期歌枠！まったり歌います～🫧【#あのねホタルちゃん 】#歌枠 #vsinger #弾き語り,2026-05-15T11:00:00Z,https://www.youtube.com/watch?v=uzUIOqSO-Z4,https://i.ytimg.com/vi/uzUIOqSO-Z4/mqdefault_live.jpg
07553f6f3df84c3396508456ccbe7df2,upcoming,【Minecraft】🩷5月同樂場~封面還沒做/幾點還沒決定🖤  【天奈莓璐 | AmanaMeiru】,2026-05-16T11:00:00Z,https://www.youtube.com/watch?v=uo8pdWLVBEw,https://i.ytimg.com/vi/uo8pdWLVBEw/mqdefault_live.jpg
87606e72f653472f9eafb06e8f49c39c,upcoming,【回歸】學成歸來📚各位應該都想我了吧～,2026-05-17T13:30:00Z,https://www.youtube.com/watch?v=lRJY18qhDA4,https://i.ytimg.com/vi/lRJY18qhDA4/mqdefault_live.jpg
4576d781ddae45d59fc83c8d25385983,upcoming,⚰️04/13 - 04/19週表💜你喜歡劇情向ASMR嗎ＴＴ？,2026-05-19T17:00:00Z,https://www.youtube.com/watch?v=MmxDjFC2Yus,https://i.ytimg.com/vi/MmxDjFC2Yus/mqdefault_live.jpg
72edc688855047cbbbe495e3f2af9fda,upcoming,【2周年記念周邊】限定周邊販售中✨只到 2026/4/30喔🌸   #Aori_KaE  #vtuber,2026-05-20T12:20:00Z,https://www.youtube.com/watch?v=ekaQLMR5ROU,https://i.ytimg.com/vi/ekaQLMR5ROU/mqdefault_live.jpg
4b53aa789e544bd9aaecc9fbc79e4bbe,upcoming,【Req・リク◎】毎週定期歌枠！まったり歌います～🫧【#あのねホタルちゃん 】#歌枠 #vsinger #弾き語り,2026-05-22T11:00:00Z,https://www.youtube.com/watch?v=7a_OL-lV0Ng,https://i.ytimg.com/vi/7a_OL-lV0Ng/mqdefault_live.jpg
59f5e287671149398135c5c08b5ed2f7,upcoming,【初配信】燈燈燈燈！你的神燈姐姐羅妲上線啦！我來實現你的願望❤️,2026-05-23T14:00:00Z,https://www.youtube.com/watch?v=k0pnP9GRaAQ,https://i.ytimg.com/vi/k0pnP9GRaAQ/mqdefault_live.jpg
192d2decee72410e8346c135c4ac6e00,upcoming,改期詳情見資訊欄【情境ASMR】狐 可是祥瑞之兆【九十九真淵 / 芥川組】,2026-05-29T13:00:00Z,https://www.youtube.com/watch?v=Rdez5KU8dkA,https://i.ytimg.com/vi/Rdez5KU8dkA/mqdefault_live.jpg
bf3356cfb2754286af9b6bb1665f56bd,upcoming,【初配信】神明也要打卡上班！大家好我是實習土地公蒔楠！！,2026-05-30T14:00:00Z,https://www.youtube.com/watch?v=TrTGSwKmqyI,https://i.ytimg.com/vi/TrTGSwKmqyI/mqdefault_live.jpg
85ec3eac9fef49dcb3aeee87520a5b85,upcoming,【 ASMR ❤️ 特別企劃 】3DIO 設備初登場 🎧耳機提醒 ❤️ 「享用火龍果的時候，不可以太溫柔」【蜜提妮雅】｜風鈴檔案W.C.A,2026-05-30T14:30:00Z,https://www.youtube.com/watch?v=GDNhvIjh_u0,https://i.ytimg.com/vi/GDNhvIjh_u0/mqdefault_live.jpg
365db081229a4efeb4630f19587a96b2,upcoming,❤️【心桃魅夢 × OGC聯名限定】把我的溫度帶回家，今晚，不想讓你一個人❤️,2026-05-31T04:00:28Z,https://www.youtube.com/watch?v=oJhZJCq1KxU,https://i.ytimg.com/vi/oJhZJCq1KxU/mqdefault_live.jpg
c65e7caaf81a43249d5132b9fe312b24,upcoming,GET MY BIRTH MERCH | ENDS 6/1,2026-06-02T06:59:00Z,https://www.youtube.com/watch?v=ehSg4xSiRaE,https://i.ytimg.com/vi/ehSg4xSiRaE/mqdefault_live.jpg
101cdaf175c643c888d0d33bdab5da15,upcoming,都不看阿！唉...不用看了拉 沒關係的。好啊，說到這份上就這樣了吧 嗚嗚嗚嗚嗚嗚嗚嗚屋ㄨ,2026-06-14T18:00:00Z,https://www.youtube.com/watch?v=tqv99CZgWM0,https://i.ytimg.com/vi/tqv99CZgWM0/mqdefault_live.jpg
c8c0ab1d59fb4608ab1e460e946fa88a,upcoming,【新年活動資訊】兌換只到3/19 !  / 白洛ʏᴏᴍɪʏᴀ,2026-07-07T11:07:00Z,https://www.youtube.com/watch?v=9MoCT8hALxo,https://i.ytimg.com/vi/9MoCT8hALxo/mqdefault_live.jpg
156c4271fe17425bb02fd7b24f5a2a7a,upcoming,FREE TALK！！,2026-07-13T12:00:00Z,https://www.youtube.com/watch?v=ynGp8dFsz8Q,https://i.ytimg.com/vi/ynGp8dFsz8Q/mqdefault_live.jpg
994fcc5db40840ae990cf1ce43728548,upcoming,[週年慶] ？？公佈 ♡ 初見歡迎 '' 掛台歡迎 ♪,2026-07-14T13:30:00Z,https://www.youtube.com/watch?v=z8ChdPRnup4,https://i.ytimg.com/vi/z8ChdPRnup4/mqdefault_live.jpg
4576d781ddae45d59fc83c8d25385983,upcoming,✨ 修女告解室 長期表單 💜告解徵集中！！,2026-08-26T19:35:00Z,https://www.youtube.com/watch?v=xEvRcnDA8d4,https://i.ytimg.com/vi/xEvRcnDA8d4/mqdefault_live.jpg
9a7b7c9c31da44aca5a68395a2e69488,upcoming,【無声透明Vtuber】METAL GEAR SOLID 4 GUNS OF THE PATRIOTS #1【バ美肉、バ美声不使用】,2026-08-27T12:00:00Z,https://www.youtube.com/watch?v=okidlY7eJ8k,https://i.ytimg.com/vi/okidlY7eJ8k/mqdefault_live.jpg
3b1860c399f445469efdda27cf8d9156,upcoming,【週表】這邊這邊這邊！！給我看！！,2026-08-31T15:01:00Z,https://www.youtube.com/watch?v=ZLBW9qVKZNs,https://i.ytimg.com/vi/ZLBW9qVKZNs/mqdefault_live.jpg
2ccdc43de33c478192767afae6309f06,upcoming,⩊週表⩊ 0413 ━❍──────── 0419｜這台不會開哦,2026-09-30T03:00:00Z,https://www.youtube.com/watch?v=9XSscCleVao,https://i.ytimg.com/vi/9XSscCleVao/mqdefault_live.jpg
58588863643843439cebc85ef72654bb,upcoming,【紀念周邊購買連結】一周年/兩周年紀念周邊【森星祈】,2026-11-23T15:45:00Z,https://www.youtube.com/watch?v=mC3lYLQJFB8,https://i.ytimg.com/vi/mC3lYLQJFB8/mqdefault_live.jpg
21a819efced54f6991abd3fc0b43091f,upcoming,【週表】四月全突發！加入DC群開台通知不漏接！ l 史諾伊 Snowy,2026-11-24T08:30:00Z,https://www.youtube.com/watch?v=iINsj0Ag4OY,https://i.ytimg.com/vi/iINsj0Ag4OY/mqdefault_live.jpg
73b97b1a35c84579aa8ffcd6534efad3,upcoming,【週表】毫無反應只是一個週表 🔆日期倒數週表【小金碧碧JinBee】,2026-12-20T14:00:00Z,https://www.youtube.com/watch?v=Wm-eOMVHFi0,https://i.ytimg.com/vi/Wm-eOMVHFi0/mqdefault_live.jpg
445a732fc0f64712b3213b4cd98fbdd3,upcoming,【突發】突發用待機室，跑道頭警戒室待命中，隨時準備緊急升空【青羽まことAohane Makoto Ch.】,2026-12-30T16:00:00Z,https://www.youtube.com/watch?v=La6_k3zPkv4,https://i.ytimg.com/vi/La6_k3zPkv4/mqdefault_live.jpg
4b6655120fbd4431a8f7894cac4a4d49,upcoming,2026每月SC抽獎公告,2026-12-31T03:40:00Z,https://www.youtube.com/watch?v=J9C1n6I3rGQ,https://i.ytimg.com/vi/J9C1n6I3rGQ/mqdefault_live.jpg
6481e646412745d3b2fa38255cef0da4,upcoming,【4/06-4/12周表】來TWITCH找我吧~,2026-12-31T13:00:00Z,https://www.youtube.com/watch?v=SkcMOByihY0,https://i.ytimg.com/vi/SkcMOByihY0/mqdefault_live.jpg
21c774c9133043baaf8d283705cd9093,upcoming,【周表】第二次見你的我，不慌張。 ❰冥蝶Myndis.❱ #0元出道vtuber #初見歡迎 #個人勢vtuber #台v #情人節 #歌回 #歌枠,2026-12-31T13:45:00Z,https://www.youtube.com/watch?v=6Uy3WGiK9oA,https://i.ytimg.com/vi/6Uy3WGiK9oA/mqdefault_live.jpg
d66fb507852f4d889e426c8ea0f9f246,upcoming,꒰ 一週年出道紀念周邊 ꒱ 現正熱賣中！點擊賣場連結或掃描 QR code，把夏緒帶回家吧 ✨,2026-12-31T14:59:00Z,https://www.youtube.com/watch?v=OCUQ5KZ_CSw,https://i.ytimg.com/vi/OCUQ5KZ_CSw/mqdefault_live.jpg
6a9a7c7dc3f94605b5f619e9fbcfa33d,upcoming,【4/13~4/19周表】,2027-01-01T09:50:00Z,https://www.youtube.com/watch?v=jJaObMfa_Sc,https://i.ytimg.com/vi/jJaObMfa_Sc/mqdefault_live.jpg
7cecb437e7a54e07a29c3a164565957d,upcoming,.·✧ 𓊆 胡蘿蔔打造計畫 𝔼𝕧𝕖𝕟𝕥 𝔻𝕦𝕣𝕒𝕥𝕚𝕠𝕟 𓊇 ✧·.˹ 活動詳細資訊 請見資訊欄 ˼ ⋄⟣ 𝐾𝑒𝑟𝑖.𝑙𝑢【𝑉𝑡𝑢𝑏𝑒𝑟】.,2027-01-06T16:00:00Z,https://www.youtube.com/watch?v=ckmRX6s05U0,https://i.ytimg.com/vi/ckmRX6s05U0/mqdefault_live.jpg
32a08f858ffb4d6aba0624647cf8cf2d,upcoming,【4/20-4/26周表】,2027-01-15T12:00:00Z,https://www.youtube.com/watch?v=1xxxNInb56w,https://i.ytimg.com/vi/1xxxNInb56w/mqdefault_live.jpg
2d84a02e592d4a92893b7cc36af95a26,upcoming,【週表】如果杯杯沒更新那就是忘了，就像人類會忘記吃飯一樣｜妮亞露Nyaru,2027-01-23T12:00:00Z,https://www.youtube.com/watch?v=gPWbc61DPCc,https://i.ytimg.com/vi/gPWbc61DPCc/mqdefault_live.jpg
d334f3b3ba8b4e43bd7b5a237a7b4476,upcoming,【FreeChat】每週更新在這裡！（UTC+8）|  歡迎隨心聊  | 【這不是直播待機間喲】,2027-01-23T16:00:00Z,https://www.youtube.com/watch?v=r7gOUJKi4p0,https://i.ytimg.com/vi/r7gOUJKi4p0/mqdefault_live.jpg
b1cb513e2511484cabbac00140b4a95c,upcoming,【週表】忘記改的話會有人提醒46嗎_(:3 」∠ )_｜詩瑠Shizuru,2027-01-24T12:00:00Z,https://www.youtube.com/watch?v=yVvgUWx-2Wo,https://i.ytimg.com/vi/yVvgUWx-2Wo/mqdefault_live.jpg
a05afa97381b4f96b02a1af859426f9c,upcoming,【深洛周表】04/13(一) - 04/19(日),2027-01-24T15:25:00Z,https://www.youtube.com/watch?v=5Syl-2JaBcU,https://i.ytimg.com/vi/5Syl-2JaBcU/mqdefault_live.jpg
a45c0a929a504afa9afee5c56bc9b959,upcoming,【周表】✰ 4/6~4/12 ✰【鵲樂】 #vtuber  #崩壞星穹鐵道 #台v #鵲樂,2027-01-30T11:00:00Z,https://www.youtube.com/watch?v=FMSOzsfb3vc,https://i.ytimg.com/vi/FMSOzsfb3vc/mqdefault_live.jpg
3d46fb16bc2c48fb8f12a647cf5ec702,upcoming,【每週行程】❁ 4/13~4/19行程 ❁初次觀眾遊玩場來囉~【犬神幽乃詩／芥川組】,2027-02-02T15:45:00Z,https://www.youtube.com/watch?v=rCxhtXfWyiE,https://i.ytimg.com/vi/rCxhtXfWyiE/mqdefault_live.jpg
a1bc1c5451e64266a0f21f0847dd8d2f,upcoming,【台灣藍鵲 Magpijuana】2026新年紀念周邊｜殭屍藍鵲 販售中🧧,2027-02-03T16:00:00Z,https://www.youtube.com/watch?v=zF_A-dnepuk,https://i.ytimg.com/vi/zF_A-dnepuk/mqdefault_live.jpg
0bf0ec441dc6489583f7218e02ab6a89,upcoming,"🧧,香草奈若二月月表 🧧,２月月表新年快樂 🧧,填滿你寂寞的夜💗溫暖溫暖你的心與身體...",2027-02-03T20:10:00Z,https://www.youtube.com/watch?v=MVJmo1ms57U,https://i.ytimg.com/vi/MVJmo1ms57U/mqdefault_live.jpg
8195d69546e3466c95f9d35ccb7c6c35,upcoming,4/13～4/19｜有可愛捏臉很開心,2027-02-04T15:50:00Z,https://www.youtube.com/watch?v=uBojWzQPJr8,https://i.ytimg.com/vi/uBojWzQPJr8/mqdefault_live.jpg
7c6c40e2c7b64a6997fb2173f446860f,upcoming,周表,2027-02-04T16:05:00Z,https://www.youtube.com/watch?v=Cn3dRdcrrv0,https://i.ytimg.com/vi/Cn3dRdcrrv0/mqdefault_live.jpg
78c188fcd01a4ba382fb153ec86a7367,upcoming,【 𝟎𝟒 / 𝟏𝟑 - 𝟎𝟒 / 𝟏𝟗 週表 】有狐在，人類💖不會讓你孤單！【靈嶺不夜狐／芥川組】,2027-02-09T18:50:00Z,https://www.youtube.com/watch?v=LTRAN5ec6oY,https://i.ytimg.com/vi/LTRAN5ec6oY/mqdefault_live.jpg
cf5fc0cd849841679951b3769979b3a0,upcoming,【周表】此直播顯示僅用於聊天與更新周表,2027-02-20T09:00:00Z,https://www.youtube.com/watch?v=yU-qEzQQAm4,https://i.ytimg.com/vi/yU-qEzQQAm4/mqdefault_live.jpg
608b617ad99c4f18b97d10560e254b4b,upcoming,【2026年周表】長期置頂~【清梅 ChingMeii】#新人vtuber #vtuber #debut,2027-02-24T05:40:00Z,https://www.youtube.com/watch?v=EN3K9Raop6U,https://i.ytimg.com/vi/EN3K9Raop6U/mqdefault_live.jpg
6717d34e87574888848bc45c86bd80e6,upcoming,【 #直播周表 】3/2-3/8🎀  #波媄露比 #冒險上露｜ 圖奇直播,2027-02-26T04:45:00Z,https://www.youtube.com/watch?v=UhIPjSIarA4,https://i.ytimg.com/vi/UhIPjSIarA4/mqdefault_live.jpg
74c26216c39a40d1a9f1c5f63fa4d344,upcoming,【月表】沒更新看看推特 ୨୧ | 阿庫姆Akumu,2027-02-26T12:35:00Z,https://www.youtube.com/watch?v=p0drc8pVW1c,https://i.ytimg.com/vi/p0drc8pVW1c/mqdefault_live.jpg
d576c2396a004f3c8dd91baf14254898,upcoming,周表,2027-02-27T04:20:00Z,https://www.youtube.com/watch?v=z2io4c43Bvg,https://i.ytimg.com/vi/z2io4c43Bvg/mqdefault_live.jpg
21507f58118d406b87fd42a39c87855a,upcoming,【周表】✨可以在這邊看螢螢當週行程咚🍃 #狸貓出沒日 #螢螢開台 #八幡螢 #Hotaru #初見歡迎 中文/EN OK!,2027-03-04T13:00:00Z,https://www.youtube.com/watch?v=ZHQPo5Y6EwQ,https://i.ytimg.com/vi/ZHQPo5Y6EwQ/mqdefault_live.jpg
ef0319d27b10495795a5b994bc2249d5,upcoming,【瑚珀周表】04/13(一) - 04/19(日),2027-03-07T16:40:00Z,https://www.youtube.com/watch?v=OLDaipiaJnk,https://i.ytimg.com/vi/OLDaipiaJnk/mqdefault_live.jpg
74ef34317983453ab86223490eba4f6e,upcoming,୨୧┈04/06~04/12┈୨୧ 本週週表💗｜桃芽鹿妮MomogaLuni,2027-03-12T12:30:00Z,https://www.youtube.com/watch?v=lXC4UTy4B4o,https://i.ytimg.com/vi/lXC4UTy4B4o/mqdefault_live.jpg
7cc197b36bc64bf38aaf98a17eaf8d31,upcoming,【每週冒險規劃】4/13-4/19 養病中TT ฅ 葛琳德Gerlinde ฅ,2027-03-19T12:30:00Z,https://www.youtube.com/watch?v=-FXXSRTJ9js,https://i.ytimg.com/vi/-FXXSRTJ9js/mqdefault_live.jpg
c6d0078f1d5e4fd08a459c7eecd85464,upcoming,Free Chat✨ #初見歡迎 #Ciao,2027-03-19T15:45:00Z,https://www.youtube.com/watch?v=I7Gz3jZ8b2w,https://i.ytimg.com/vi/I7Gz3jZ8b2w/mqdefault_live.jpg
ac1ce1eeaffa4e58a8155c20d8f85ff3,upcoming,【周表】臨時聊天室 |  玥華Getsuka,2027-03-22T14:10:00Z,https://www.youtube.com/watch?v=fAK2ug6JXGM,https://i.ytimg.com/vi/fAK2ug6JXGM/mqdefault_live.jpg
ebc44e2ba78f4790b832d02c31410262,upcoming,【魔女小屋】4/6-4/12週表✨周邊通販詳見說明欄🎀魔法少女花咲🎀,2027-04-01T04:00:00Z,https://www.youtube.com/watch?v=qrV6nPdv8a0,https://i.ytimg.com/vi/qrV6nPdv8a0/mqdefault_live.jpg
fe8ee7b57ae74a1388127b81b136c7ea,upcoming,【像素風世界】【方塊寶可夢 #1】好久沒有開玩恐遊minecraft(?)，想當年還有隻鹿鹿陪我玩的QAQ | 柚月Yuzuki,2027-04-03T10:00:00Z,https://www.youtube.com/watch?v=YbJ0Wmp3J68,https://i.ytimg.com/vi/YbJ0Wmp3J68/mqdefault_live.jpg
35f3bb64e69c432180b98dde239f3bdd,upcoming,『米克斯學園』🐾MIX佈告欄,2027-04-04T00:10:00Z,https://www.youtube.com/watch?v=iudfOngWn7A,https://i.ytimg.com/vi/iudfOngWn7A/mqdefault_live.jpg
31f17632340f4e7fbd0ced07193dd81b,upcoming,【🦊近期活動🦊】4/11 (只有一天) 高雄 奇幻動漫祭｜場次商品 🦊,2027-04-11T06:40:00Z,https://www.youtube.com/watch?v=RjlyfTLzDDQ,https://i.ytimg.com/vi/RjlyfTLzDDQ/mqdefault_live.jpg
f53807443055490f87b85ded6caee0aa,upcoming,【周表】4/13-4/19  | 可樂月月 ColaMoon,2027-04-11T07:55:00Z,https://www.youtube.com/watch?v=VHUY1itKprc,https://i.ytimg.com/vi/VHUY1itKprc/mqdefault_live.jpg
7cbd1f537c3d4e67b38b9f9e31cb93d6,upcoming,୨〖是周表唷〗❥ 4/06~4/12〖南珂ℕ𝕒𝕟𝕜〗୧,2027-04-11T12:00:00Z,https://www.youtube.com/watch?v=ET9SKJaomts,https://i.ytimg.com/vi/ET9SKJaomts/mqdefault_live.jpg
95e5788cabf340e397e2726def426229,upcoming,【4/13-4/19】直播行程表丨杜邊優妮,2027-04-12T11:45:00Z,https://www.youtube.com/watch?v=wbjujmgMehc,https://i.ytimg.com/vi/wbjujmgMehc/mqdefault_live.jpg
fd7a69505569429fb845ac056825f3a9,upcoming,【起司行程表】04/13－04/19🫐🧀Weekly Schedule,2027-04-12T17:00:00Z,https://www.youtube.com/watch?v=waa0kHvOh68,https://i.ytimg.com/vi/waa0kHvOh68/mqdefault_live.jpg
361d3dd97ee9430f85d57b61ea8f0b85,upcoming,✞宵夜的周表~ 04/13→04/19,2027-04-13T09:50:00Z,https://www.youtube.com/watch?v=Z9Q6k21oUrk,https://i.ytimg.com/vi/Z9Q6k21oUrk/mqdefault_live.jpg
c379e3f4f1eb41869ec465481b182e50,upcoming,2026/4/13 - 2026/4/19 牡蠣國週表🦪,2027-04-13T16:44:08Z,https://www.youtube.com/watch?v=wssmeZM22Bk,https://i.ytimg.com/vi/wssmeZM22Bk/mqdefault_live.jpg
f53807443055490f87b85ded6caee0aa,upcoming,【周表】4/20-4/26  | 可樂月月 ColaMoon,2027-04-18T10:00:00Z,https://www.youtube.com/watch?v=v2FaMvlgY40,https://i.ytimg.com/vi/v2FaMvlgY40/mqdefault_live.jpg
6943bbfc993443d4b3853833b3bb1a66,upcoming,我有在接剪輯...可以找我ㄛ....,2027-05-05T15:45:00Z,https://www.youtube.com/watch?v=HC3a2rXLDss,https://i.ytimg.com/vi/HC3a2rXLDss/mqdefault_live.jpg
a188f157d0384e0db5ae73605240d68b,upcoming,📢會員制度調整通知📢,2027-05-26T05:05:00Z,https://www.youtube.com/watch?v=7ZfoFfTDbe8,https://i.ytimg.com/vi/7ZfoFfTDbe8/mqdefault_live.jpg
342f808864164047acc8ddffe88c9618,upcoming,✧ 週表 ✧ 04.13 - 04.19｜逆Neeplus,2027-06-05T16:00:00Z,https://www.youtube.com/watch?v=7BWksc40JVw,https://i.ytimg.com/vi/7BWksc40JVw/mqdefault_live.jpg
5612ac8b150e45e5a7381a2c07e9671a,upcoming,【#會員 回饋】五階會員四月回饋💖💖💖 #初見歡迎【莉莉露 Lililu Ch.】,2027-06-09T16:15:00Z,https://www.youtube.com/watch?v=IAxLlShNcsw,https://i.ytimg.com/vi/IAxLlShNcsw/mqdefault_live.jpg
1551bebc6c26453e9893f342c68002bd,upcoming,【#時間表】04/06/2026 - 04/12/2026 ｜七音 #雜談 #直播 #馬來西亞vtuber #vtuber,2027-06-17T03:40:00Z,https://www.youtube.com/watch?v=o1RHHXSxFL0,https://i.ytimg.com/vi/o1RHHXSxFL0/mqdefault_live.jpg
9f7bf6b3d935460e83896a0fe28012e9,upcoming,🩷週表🌟2026/3/23-3/29,2027-06-17T16:00:00Z,https://www.youtube.com/watch?v=dqF7ONNtmYQ,https://i.ytimg.com/vi/dqF7ONNtmYQ/mqdefault_live.jpg
62b58adde13f4a73ab406f857d730e20,upcoming,本周直播周表,2027-07-07T11:07:12Z,https://www.youtube.com/watch?v=MVb7xwMOGZc,https://i.ytimg.com/vi/MVb7xwMOGZc/mqdefault_live.jpg
3e6a09fe4ef744f987e27ae0f06cdf09,upcoming,✨2026竟然還看得到知花的週表待機✨,2027-07-11T04:10:00Z,https://www.youtube.com/watch?v=ArOksFLQIiI,https://i.ytimg.com/vi/ArOksFLQIiI/mqdefault_live.jpg
6f9d63518a69442a88ac602a3b37bf18,upcoming,【幽夜南栖】04/20~04/26 航海日記,2027-07-17T15:45:00Z,https://www.youtube.com/watch?v=sNStcjj7aXw,https://i.ytimg.com/vi/sNStcjj7aXw/mqdefault_live.jpg
a246e7561e5f40799a48eeca69951b7b,upcoming,【04/06~04/12號】落羽澄漣的一週行程！,2027-07-31T23:00:00Z,https://www.youtube.com/watch?v=bxof8-F6b5E,https://i.ytimg.com/vi/bxof8-F6b5E/mqdefault_live.jpg
247eca886f5c43188a3d6d3945e40636,upcoming,【04/13-04/19】周表! #新人VTUBER #台V #魔王會長休息中,2027-08-25T18:40:00Z,https://www.youtube.com/watch?v=0zofzDoDTsA,https://i.ytimg.com/vi/0zofzDoDTsA/mqdefault_live.jpg
7b3809e085754d52aee99d1fcc980eaf,upcoming,【 4月開播時間表 】 希望每一週星期日都能與大家見面 !,2027-09-01T12:00:00Z,https://www.youtube.com/watch?v=yIlBQq9ctPQ,https://i.ytimg.com/vi/yIlBQq9ctPQ/mqdefault_live.jpg
c25e6f38d6df447e84c4747ba6ac75cc,upcoming,【 4/20 - 4/26 】地球時間線周表,2027-10-10T14:00:00Z,https://www.youtube.com/watch?v=DrsKucRIudo,https://i.ytimg.com/vi/DrsKucRIudo/mqdefault_live.jpg
090be1be8d29429183e190e22fc4be22,upcoming,【訂閱YT新頻道】除了「ASMR、重大活動」以外的直播，將改到這！,2027-10-29T11:00:00Z,https://www.youtube.com/watch?v=sJX7iaCwnkM,https://i.ytimg.com/vi/sJX7iaCwnkM/mqdefault_live.jpg
27a22366e885420e8a3c78ee7ac7c075,upcoming,【週表】我們要幹大事!｜西里里Shiriri ☀️,2027-10-30T16:00:00Z,https://www.youtube.com/watch?v=gDb5tF5qsKw,https://i.ytimg.com/vi/gDb5tF5qsKw/mqdefault_live.jpg
4b214cdeac0649989f03f39e497816cf,upcoming,【月兔周表】每周兔兔開台時間都在這裡！！快來找兔兔玩！！【兔子偉威Weiwei_Rabbit】#練囂威  #初見歡迎 #降落歡迎 #台V,2027-11-01T15:00:00Z,https://www.youtube.com/watch?v=8DaVrGTsA4Q,https://i.ytimg.com/vi/8DaVrGTsA4Q/mqdefault_live.jpg
0e516fd1e97a4c58bad3afb6469748d4,upcoming,【 ⁴ / ¹³ ⁻ ²⁶ 雙週表 】( ˶˙ᵕ˙˶ ),2027-12-03T09:15:00Z,https://www.youtube.com/watch?v=wziK-1vIqME,https://i.ytimg.com/vi/wziK-1vIqME/mqdefault_live.jpg
0563e1d0ff394d1ab0d6a09d89870fba,upcoming,週表在這裡！【稀蘿·多兒卡】#新人vtuber #vtuber #台v,2027-12-30T16:00:00Z,https://www.youtube.com/watch?v=0-mCZvXaWJg,https://i.ytimg.com/vi/0-mCZvXaWJg/mqdefault_live.jpg
f86ec6a459f64e7d8431c69b1d7ec28b,upcoming,【🐦‍🔥周表】本周上課課表 【玄離朱熒】,2027-12-30T16:00:00Z,https://www.youtube.com/watch?v=NOYmEgOVRCA,https://i.ytimg.com/vi/NOYmEgOVRCA/mqdefault_live.jpg
637a5867616a436ba0f7cdd36057f55a,upcoming,4/20-4/26 菓菓週表！,2027-12-30T16:00:00Z,https://www.youtube.com/watch?v=18nLV9-5nl4,https://i.ytimg.com/vi/18nLV9-5nl4/mqdefault_live.jpg
b1bfaed0ed7f4ca9ae96c017159efe77,upcoming,【仙喵SkyMeowu】4/13~4/19 週表,2027-12-31T15:45:00Z,https://www.youtube.com/watch?v=alwFEiY56Uc,https://i.ytimg.com/vi/alwFEiY56Uc/mqdefault_live.jpg
d6c4708f6eb94ac6ad7668363b132248,upcoming,《貴店想跟Vtuber合作嗎？》人偶．薩賓娜來協助您‼️,2027-12-31T15:45:00Z,https://www.youtube.com/watch?v=Xs3dEb5oQkA,https://i.ytimg.com/vi/Xs3dEb5oQkA/mqdefault_live.jpg
ec30041838214022aeb622c0851e46db,upcoming,ಠ ╰┈➤〖週表0406-0412〗.ᐟ.ᐟ.ᐟ.｡*ﾟ〖欸爾〗,2028-01-01T07:25:00Z,https://www.youtube.com/watch?v=RzXQoGrp3pg,https://i.ytimg.com/vi/RzXQoGrp3pg/mqdefault_live.jpg
28e0e0a574fe4deca3d5ded0aa5d64ef,upcoming,【週表】本週訓練 你撐得住幾場？,2028-01-01T12:00:00Z,https://www.youtube.com/watch?v=viCHG1cLCFg,https://i.ytimg.com/vi/viCHG1cLCFg/mqdefault_live.jpg
21d5855a8c7d4461b286d40c167ac093,upcoming,【戰術週表】0323-0329🚁直升機出勤時間🔔 | 🔴ARIA軍武動漫雜談 #vtuber,2028-01-01T13:00:00Z,https://www.youtube.com/watch?v=3NmhFMSrzx0,https://i.ytimg.com/vi/3NmhFMSrzx0/mqdefault_live.jpg
53335d77cc69488c8b49ec97548c3297,upcoming,【週表】若有突發會在twitch呦｜蕾可Reiko,2028-01-01T13:30:00Z,https://www.youtube.com/watch?v=qYwNpoZZOX0,https://i.ytimg.com/vi/qYwNpoZZOX0/mqdefault_live.jpg
1a1942f52ea74121923497e7e0cfd6a5,upcoming,【週表】🏮 𝒮𝒸𝒽𝑒𝒹𝓊𝓁𝑒 🦋 進入妖怪的後台：本週運算軌跡,2028-01-25T13:35:00Z,https://www.youtube.com/watch?v=xg2vTUgpiwo,https://i.ytimg.com/vi/xg2vTUgpiwo/mqdefault_live.jpg
d2b0c8386e1341668f6bbc789d1ef1e3,upcoming,【 週表 】外星人出沒時間 Free Talk 🦝🛸 ｜赤星雨英 Akahoshi Mizore｜SDS,2028-01-31T12:30:00Z,https://www.youtube.com/watch?v=qBOENwYe6ug,https://i.ytimg.com/vi/qBOENwYe6ug/mqdefault_live.jpg
65ada733fbe64a3a86aae7737e32fad0,upcoming,【周表】雪之森巡邏任務表| ❄️真狩凜Makari🦉 | Free Talk,2028-01-31T12:35:00Z,https://www.youtube.com/watch?v=0LDAgMx8xBo,https://i.ytimg.com/vi/0LDAgMx8xBo/mqdefault_live.jpg
1bf9786ba55042b9ae3294dadfc7b40d,upcoming,Free Chat 【はくこ】,2028-01-31T15:45:00Z,https://www.youtube.com/watch?v=hVE3pQJBUwA,https://i.ytimg.com/vi/hVE3pQJBUwA/mqdefault_live.jpg
c8858f1d4a2b41a4bbf738530023d6f9,upcoming,˚.⊹ ʚ ꒰ 自由聊天室・𝙵𝚛𝚎𝚎 𝙲𝚑𝚊𝚝 ꒱ ɞ ⊹.˚,2028-02-14T12:00:00Z,https://www.youtube.com/watch?v=zceu8m0I_yo,https://i.ytimg.com/vi/zceu8m0I_yo/mqdefault_live.jpg
2ff93e20894245d49004276e3b51e64f,upcoming,＼ ᕀᐩ 04130419直播週表  ᐩᕀ／,2028-02-22T12:00:00Z,https://www.youtube.com/watch?v=pyHiTxWl-gs,https://i.ytimg.com/vi/pyHiTxWl-gs/mqdefault_live.jpg
2bf038f2a9514434aefa4ef7b2140f56,upcoming,【涅露茉茉週表】｜ NeruMomo ᯓ★,2028-02-22T16:00:00Z,https://www.youtube.com/watch?v=otfBJhaVwDw,https://i.ytimg.com/vi/otfBJhaVwDw/mqdefault_live.jpg
3de1f749e7fe4b219a2a10611311297f,upcoming,【周表放置區】03/16 - 03/23周表 【如果我忘記換周表，記得提醒我】 #台v #vtuber  #南方旅者,2028-02-23T02:40:00Z,https://www.youtube.com/watch?v=KBgryFERBPM,https://i.ytimg.com/vi/KBgryFERBPM/mqdefault_live.jpg
424043d4c55449cd9317bc0923c13299,upcoming,🌟本周周表🌟,2028-02-28T16:00:00Z,https://www.youtube.com/watch?v=Q0G-DHq3K1s,https://i.ytimg.com/vi/Q0G-DHq3K1s/mqdefault_live.jpg
026bdd139df44cec930dd7fc76345184,upcoming,【 周表 】4/13~4/19 周表 老是被開到的周表直播 不要剛開了又斷線被開到ㄟ.....  #降落歡迎 #初見歡迎 #新人vtuber #眠眠不絕,2028-02-28T16:00:00Z,https://www.youtube.com/watch?v=E9kTX6Cxkao,https://i.ytimg.com/vi/E9kTX6Cxkao/mqdefault_live.jpg
735a3d989210437f9e5b8e7a7ba6d88a,upcoming,周表看這邊！ ｜音羽織SikiOtowa #新人vtuber #台v #擴散希望,2028-02-28T16:25:00Z,https://www.youtube.com/watch?v=7wi1ySKy_kg,https://i.ytimg.com/vi/7wi1ySKy_kg/mqdefault_live.jpg
208d8aa3792641d6ae4e0de5a10a4a6f,upcoming,三年之約~ 我們來打個賭 #vtuber #絲出名 #女V #新人V #初見歡迎,2028-02-29T09:40:00Z,https://www.youtube.com/watch?v=VLzCUoZThXs,https://i.ytimg.com/vi/VLzCUoZThXs/mqdefault_live.jpg
e0535f2d38f04d26aca33772bccb33b8,upcoming,【橘拉芙】每周行程表 04/13 ~ 04/19🦒,2028-02-29T12:00:00Z,https://www.youtube.com/watch?v=zOPn79Cu1xI,https://i.ytimg.com/vi/zOPn79Cu1xI/mqdefault_live.jpg
64677f13935847cca3e2e6670a89d9a8,upcoming,【Weekly schedule】每週公布週表的地方💧🐱 #萊姆卯咪 #新域工作室,2028-02-29T12:00:00Z,https://www.youtube.com/watch?v=Hq6htzMKvBY,https://i.ytimg.com/vi/Hq6htzMKvBY/mqdefault_live.jpg
2efb6dc7796c4ce792c196d27af0df87,upcoming,｛牧言MuYan ch.}4/13~4/19周表,2028-02-29T14:00:00Z,https://www.youtube.com/watch?v=s_-QdRMXHeM,https://i.ytimg.com/vi/s_-QdRMXHeM/mqdefault_live.jpg
4b6655120fbd4431a8f7894cac4a4d49,upcoming,ASMR雜談｜超美麗3D❤️輕聲哄睡溫柔安撫你的雙耳｜ Whispers to Sleep｜癒し添い寝 耳かき 采耳【黑3DIO/KU100】,2028-02-29T15:00:00Z,https://www.youtube.com/watch?v=Go8PClYb_dk,https://i.ytimg.com/vi/Go8PClYb_dk/mqdefault_live.jpg
a60e76fb18f44818980d7d5b07cf82c9,upcoming,【週表】｜璦格蓓菈 Agaberrila ｜,2028-02-29T15:45:00Z,https://www.youtube.com/watch?v=zvkaUs2E84g,https://i.ytimg.com/vi/zvkaUs2E84g/mqdefault_live.jpg
15e82a696cfc4d42929e29b0d90955d1,upcoming,【周表】04/13~04/19【音宿明】,2028-03-01T12:00:00Z,https://www.youtube.com/watch?v=VlHUbZ9-uK8,https://i.ytimg.com/vi/VlHUbZ9-uK8/mqdefault_live.jpg
4865c3feac234584909168181b7dc2be,upcoming,𝟚𝟘𝟚𝟞年 𝟛月 月表,2028-03-04T05:10:00Z,https://www.youtube.com/watch?v=ZIywTlGu5VI,https://i.ytimg.com/vi/ZIywTlGu5VI/mqdefault_live.jpg
c4bc52355d334a98bdaa1e57c05673ad,upcoming,✿本週周表✿,2028-03-09T13:35:00Z,https://www.youtube.com/watch?v=4BKMcoL5kIw,https://i.ytimg.com/vi/4BKMcoL5kIw/mqdefault_live.jpg
60ff50e95399472b96a6fbe83d75e806,upcoming,這裡是周表 4/13~,2028-03-30T19:20:00Z,https://www.youtube.com/watch?v=4AzSbHkny-Q,https://i.ytimg.com/vi/4AzSbHkny-Q/mqdefault_live.jpg
4b6655120fbd4431a8f7894cac4a4d49,upcoming,✨【4/13~4/19週間行程表】✨狐狐進修的一星期並且ASMR舔耳也要再精進！,2028-03-31T02:25:00Z,https://www.youtube.com/watch?v=G-0nfX2yXdo,https://i.ytimg.com/vi/G-0nfX2yXdo/mqdefault_live.jpg
c639c0dba4504221bfec50cf787f395d,upcoming,ꜱᴄʜᴇᴅᴜʟᴇ ୨୧ ꜰʀᴇᴇ ᴛᴀʟᴋ,2028-03-31T09:55:00Z,https://www.youtube.com/watch?v=IqpxnyaU41A,https://i.ytimg.com/vi/IqpxnyaU41A/mqdefault_live.jpg
2c6d5a00eabf47e2affcc8fa6ec64f9c,upcoming,[長期周表]就是周表區 要當聊天大廳我也是無所謂.w.[橘Mika],2028-03-31T15:45:00Z,https://www.youtube.com/watch?v=r6hBZLmVEYE,https://i.ytimg.com/vi/r6hBZLmVEYE/mqdefault_live.jpg
9f976a39c1fa4e6dae3ed11b771ef918,upcoming,泡茶聊天,2028-03-31T15:45:00Z,https://www.youtube.com/watch?v=dHeB4w6Hdyg,https://i.ytimg.com/vi/dHeB4w6Hdyg/mqdefault_live.jpg
74a8b2325c0c4b158dd12377bff187c8,upcoming,周表!!,2028-03-31T15:45:00Z,https://www.youtube.com/watch?v=VAX_cwqjnzY,https://i.ytimg.com/vi/VAX_cwqjnzY/mqdefault_live.jpg
08d8f03223a54fb3807d49fb7c30b434,upcoming,【】每周行程表【】大家也可以在這裡聊天但不可以吵架喔!【】雪月Yuzuki【】,2028-04-01T15:45:00Z,https://www.youtube.com/watch?v=h5LXg7e_maE,https://i.ytimg.com/vi/h5LXg7e_maE/mqdefault_live.jpg
9643c650b1804107b85de1f08010aa9d,upcoming,【音無樂園DC-RPG小遊戲】活動看板，聊天室打卡聊天專用地。  中/日文OK | #gamedesign  #台湾Vtuber #療育 #初見歡迎 #雜談,2028-04-11T09:40:00Z,https://www.youtube.com/watch?v=dwAGim_MnXw,https://i.ytimg.com/vi/dwAGim_MnXw/mqdefault_live.jpg
f7472d5310ce42819d17459c4f3fd7c1,upcoming,【周表】0414~0419 周表 & 聊天室  ᦂ 貓太Nyanta,2028-04-30T11:30:00Z,https://www.youtube.com/watch?v=NpZAoye_qzE,https://i.ytimg.com/vi/NpZAoye_qzE/mqdefault_live.jpg
d2da40bb201e49ddbd6a8780bfaf8b63,upcoming,｜2026.04｜本月直播排程！｜北宮雨音｜揪團轉盤／!dc／!圖奇／!指令｜,2028-04-30T15:00:00Z,https://www.youtube.com/watch?v=pz2wDa7W3Ho,https://i.ytimg.com/vi/pz2wDa7W3Ho/mqdefault_live.jpg