VTuber ID,Video Type,Title,Publish Time,URL,Thumbnail URL
78c188fcd01a4ba382fb153ec86a7367,upcoming,「Fuyoko ch. 靈嶺不夜狐」直播,1970-01-01T00:00:00Z,https://www.youtube.com/watch?v=nQYtBtfl0Ts,https://i.ytimg.com/vi/nQYtBtfl0Ts/mqdefault_live.jpg
9ad37d3249e24861bc8cb84368883258,upcoming,▲ #residentevilrevelations2 ▼ 切切切 _夏賀円那 | #台灣Vtuber #vtuber #降落歡迎,1970-01-01T00:00:00Z,https://www.youtube.com/watch?v=_I_P1JQv9pg,https://i.ytimg.com/vi/_I_P1JQv9pg/mqdefault_live.jpg
453cbd84364b42d8ac11cef8d3d63bd1,upcoming,【夢川夏蕊】【無聲畫圖台】獨角獸突襲直播!!!,1970-01-01T00:00:00Z,https://www.youtube.com/watch?v=pXNM-5_WEts,https://i.ytimg.com/vi/pXNM-5_WEts/mqdefault_live.jpg
1c8887da9e96471ca28b97d80e390698,upcoming,[進度補回計畫#1]陪紗紗一起從0開始吧!!!#vtuber #個人勢 #直播,1970-01-01T00:00:00Z,https://www.youtube.com/watch?v=Huf1XJUaij0,https://i.ytimg.com/vi/Huf1XJUaij0/mqdefault_live.jpg
e7e219a17a7644cd9d28a2ab871f5f7c,upcoming,【蕾蕾】下雨天舔耳復健 👂3dio ASMR💖｜耳舐め｜Ear Licking💦,1970-01-01T00:00:00Z,https://www.youtube.com/watch?v=ebQwtq-OL3c,https://i.ytimg.com/vi/ebQwtq-OL3c/mqdefault_live.jpg
281c7713c21e41bcb6e81365f328ab8c,upcoming,【巔峰極速】突然想起好像要開直播才行~沒技術請放心【喵奈ネコドン】,1970-01-01T00:00:00Z,https://www.youtube.com/watch?v=W0tBvjrAcRU,https://i.ytimg.com/vi/W0tBvjrAcRU/mqdefault_live.jpg
6c812a2f61ac470f8e3b30a92dca9d81,upcoming,【晚安突發】能有紅包嗎? 蛇年生存記錄 #layrop #layronair #台灣vtuber,1970-01-01T00:00:00Z,https://www.youtube.com/watch?v=USH-BlYfgOQ,https://i.ytimg.com/vi/USH-BlYfgOQ/mqdefault_live.jpg
872627e5c7a248bfb41a055dee03029a,upcoming,"🔴【Vtuber-夜凕Small Yae Ch.】(台灣vtuber) ""遊戲"" 遊戲時間",1970-01-01T00:00:00Z,https://www.youtube.com/watch?v=kNAOW-VF5jc,https://i.ytimg.com/vi/kNAOW-VF5jc/mqdefault_live.jpg
29d8d144d6a24ff28476d25306286836,upcoming,「熙潞姆」直播,1970-01-01T00:00:00Z,https://www.youtube.com/watch?v=O-oPQ8oYis8,https://i.ytimg.com/vi/O-oPQ8oYis8/mqdefault_live.jpg
c3945429509246f79c5f0a18594f696d,upcoming,「柔一口甜」直播,1970-01-01T00:00:00Z,https://www.youtube.com/watch?v=ju3oHPev2l4,https://i.ytimg.com/vi/ju3oHPev2l4/mqdefault_live.jpg
e63fe9e27be44403b222fb0319c027b6,upcoming,20260413 清蜘蛛網的吉他伴奏歌回 快千訂囉 今年拚過收益怎麼樣？ #歌回 #Vtuber #台v #台灣Vtuber #中文,1970-01-01T00:00:00Z,https://www.youtube.com/watch?v=5TiKbUKkZz4,https://i.ytimg.com/vi/5TiKbUKkZz4/mqdefault_live.jpg
8c494e45ce5b462aa744d46bbdc54021,upcoming,"🔴【直播】📣來建造防禦工事和雇傭超級打手🤖｜外面的殭屍們通通給我下去☠️｜Re: 從零開始的異世界殖民計畫🎬【Mr.Taylor Channel】Ft. Qinya, 白月詩凜",1970-01-01T00:00:00Z,https://www.youtube.com/watch?v=QaiIqTLr8Zc,https://i.ytimg.com/vi/QaiIqTLr8Zc/mqdefault_live.jpg
865ef104e1784d878871c819452a63dd,upcoming,【突發工作】對喔~我還是要開台的 : ),1970-01-01T00:00:00Z,https://www.youtube.com/watch?v=F-BPwDNJBp0,https://i.ytimg.com/vi/F-BPwDNJBp0/mqdefault_live.jpg
af89613e72874e219c00ab0c89b6c641,upcoming,【遊戲雜談】向結局衝刺【奧里與螢火意志ori and the will of the wisps】#8,1970-01-01T00:00:00Z,https://www.youtube.com/watch?v=sXAV_De58mw,https://i.ytimg.com/vi/sXAV_De58mw/mqdefault_live.jpg
1323f1b775bf43659f8b8ec2899522cd,upcoming,【】,1970-01-01T00:00:00Z,https://www.youtube.com/watch?v=5-ayQjwcz8k,https://i.ytimg.com/vi/5-ayQjwcz8k/mqdefault_live.jpg
ebc44e2ba78f4790b832d02c31410262,upcoming,【MageArena】巫術大亂鬥 看我唸死你們！,1970-01-01T00:00:00Z,https://www.youtube.com/watch?v=lhwB5d2LHhc,https://i.ytimg.com/vi/lhwB5d2LHhc/mqdefault_live.jpg
0b1217df534d441bbdeb11d5f2a6465b,upcoming,【合唱歌回】和充滿春天氣息的櫻花精靈  #Miumi,1970-01-01T00:00:00Z,https://www.youtube.com/watch?v=PHll9fUC3iQ,https://i.ytimg.com/vi/PHll9fUC3iQ/mqdefault_live.jpg
9c913230c732455c9604dae9ebcfa64e,upcoming,【小宇實況】細心教妹妹開車的藍貓葛格 4/6【 Teach my little sister how to drive DEMO】,1970-01-01T00:00:00Z,https://www.youtube.com/watch?v=S3B-UvQOJ7A,https://i.ytimg.com/vi/S3B-UvQOJ7A/mqdefault_live.jpg
3f36658defc1428b8d4628478ef59256,upcoming,《杯杯倒滿》全難度單人通關 天氣冷冷 想喝熱的,1970-01-01T00:00:00Z,https://www.youtube.com/watch?v=X7qXYxFNSpk,https://i.ytimg.com/vi/X7qXYxFNSpk/mqdefault_live.jpg
bb1cda940e0a44b3a25f3e368c19c490,upcoming,【#】【採墨 ChatmurTalk】#台灣Vtuber #버튜버 #대만버튜버,1970-01-01T00:00:00Z,https://www.youtube.com/watch?v=tPCn8_UF-ac,https://i.ytimg.com/vi/tPCn8_UF-ac/mqdefault_live.jpg
ab24c13e4bff4ff8909a7650260f8b19,upcoming,「艾瑟莉雅𝓐𝔁𝓮𝓻𝓲𝓪 Ch.」直播,1970-01-01T00:00:00Z,https://www.youtube.com/watch?v=kYSWTL-Ib_E,https://i.ytimg.com/vi/kYSWTL-Ib_E/mqdefault_live.jpg
fae9210539d44a39a2a275b8d53cae37,upcoming,「羅摩Lomo ch.」直播,1970-01-01T00:00:00Z,https://www.youtube.com/watch?v=sAiHBp0pfdE,https://i.ytimg.com/vi/sAiHBp0pfdE/mqdefault_live.jpg
6a9a7c7dc3f94605b5f619e9fbcfa33d,upcoming,「Laphria ch. 拉斐利婭」直播,1970-01-01T00:00:00Z,https://www.youtube.com/watch?v=4lGCqZeyBBY,https://i.ytimg.com/vi/4lGCqZeyBBY/mqdefault_live.jpg
d33940525b7f4b9db9ce85e08b4c175e,upcoming,【歌回台】 Let's sing a little,1970-01-01T00:00:00Z,https://www.youtube.com/watch?v=JOYdCrmWsJQ,https://i.ytimg.com/vi/JOYdCrmWsJQ/mqdefault_live.jpg
9fb51e14ba1c499eb6383a7a166a4d52,upcoming,│20260308│#轮回修仙传 #輪迴修仙傳│又一個輪迴的遊戲！這次是修仙│ #vtuber  #古風 #初見歡迎  #陪伴 #遊戲 #steam #battle #歡迎降落,1970-01-01T00:00:00Z,https://www.youtube.com/watch?v=t68rT9wAxAQ,https://i.ytimg.com/vi/t68rT9wAxAQ/mqdefault_live.jpg
cb52afa541704e6e8f1098a20679135c,upcoming,test,1970-01-01T00:00:00Z,https://www.youtube.com/watch?v=MDQhWxejV8A,https://i.ytimg.com/vi/MDQhWxejV8A/mqdefault_live.jpg
78b333b99eb242ad96a8ee82275a0e98,upcoming,「呼嚕嚕」直播,1970-01-01T00:00:00Z,https://www.youtube.com/watch?v=QTMux5RO8as,https://i.ytimg.com/vi/QTMux5RO8as/mqdefault_live.jpg
c40a4498540d462a89c2391a41aa9f0e,upcoming,【沫狐】遊戲雜談 | FFXIV 光之跑腿士,1970-01-01T00:00:00Z,https://www.youtube.com/watch?v=pKi-47Vti6Q,https://i.ytimg.com/vi/pKi-47Vti6Q/mqdefault_live.jpg
6abc6d7010ed4b7a88b2566b171c9005,upcoming,「塩月墨瀧 Sutaki Ch.」直播,1970-01-01T00:00:00Z,https://www.youtube.com/watch?v=sL9oMwTlhT0,https://i.ytimg.com/vi/sL9oMwTlhT0/mqdefault_live.jpg
1a39f2817a8d4b2d941677c2a07e896a,upcoming,【突發工作雜談台】今天適合還債配horoyoi喝呵呵呵呵(?,1970-01-01T00:00:00Z,https://www.youtube.com/watch?v=atfcPZlRamg,https://i.ytimg.com/vi/atfcPZlRamg/mqdefault_live.jpg
eabec2cff9fb48cdb79965d77a56f47d,upcoming,🌾LIVE 03.26  —【稻禾 こめさく】米粒精靈 VTuber｜身為 Vtuber 明明都去睡覺了電腦卻自己幫我開啟直播結果......也不能怎麼樣💁‍♀️稻禾：我都出門了啊啊啊啊,1970-01-01T00:00:00Z,https://www.youtube.com/watch?v=w_z21Ai8qWo,https://i.ytimg.com/vi/w_z21Ai8qWo/mqdefault_live.jpg
73abc31606db493f971f679dfde4f7e5,upcoming,🌟LIVE 03.11 —【星海☆ StarOcean】海洋精靈 VTuber｜突襲直播！老闆和員工一起修車！？,1970-01-01T00:00:00Z,https://www.youtube.com/watch?v=fMAcEAeK8Rs,https://i.ytimg.com/vi/fMAcEAeK8Rs/mqdefault_live.jpg
5a1eb09579134895adfa9516611bd925,upcoming,唱歌閒聊隨便玩遊戲,1970-01-01T00:00:00Z,https://www.youtube.com/watch?v=3MsTmqgf6UA,https://i.ytimg.com/vi/3MsTmqgf6UA/mqdefault_live.jpg
238b751368474f798a737e7cf1f4a87b,upcoming,⚔️永劫無間⚔️ | 放假就是要打永劫~,1970-01-01T00:00:00Z,https://www.youtube.com/watch?v=YHQPSJUgFvY,https://i.ytimg.com/vi/YHQPSJUgFvY/mqdefault_live.jpg
951dd0b605d04163b38de18262e9a438,upcoming,【全物品收集2.0 - EP 2】來看看兔子今天又有多遠的路要走吧  | YukiのSakura雪也櫻,1970-01-01T00:00:00Z,https://www.youtube.com/watch?v=mhe0C2D_ers,https://i.ytimg.com/vi/mhe0C2D_ers/mqdefault_live.jpg
a05be3d154824597b21375f53b244585,upcoming,春節企劃：上集🧧除『舊』佈新～ 製造新成語 🟪⬛#梅奧奧,1970-01-01T00:00:00Z,https://www.youtube.com/watch?v=liWV45cWy4c,https://i.ytimg.com/vi/liWV45cWy4c/mqdefault_live.jpg
076c16fcd0c843c0b70748712d15f233,upcoming,佛滅後至部派佛教時期，簡易歷史與分裂原因。,1970-01-01T00:00:00Z,https://www.youtube.com/watch?v=HYgsvMdQax0,https://i.ytimg.com/vi/HYgsvMdQax0/mqdefault_live.jpg
a27f33f32dd2414c8c6843f8783a32f0,upcoming,「青璃セイリ」直播,1970-01-01T00:00:00Z,https://www.youtube.com/watch?v=gozj91lirhY,https://i.ytimg.com/vi/gozj91lirhY/mqdefault_live.jpg
fcf160e0e39147b4b4037d1e4d18f076,upcoming,【測測試試】我要再看一次我的網路會不會爆炸 【夜楓月宸】,1970-01-01T00:00:00Z,https://www.youtube.com/watch?v=5yH86cLVwA4,https://i.ytimg.com/vi/5yH86cLVwA4/mqdefault_live.jpg
cbba76fd34d74307a9f826e03b8e4db5,upcoming,【早安台】早安哇~來做周表~#歡迎降落【彩羽悠夢Yume】,1970-01-01T00:00:00Z,https://www.youtube.com/watch?v=0_gG4K8MwII,https://i.ytimg.com/vi/0_gG4K8MwII/mqdefault_live.jpg
dcc5b43448044231a3a8710d144b2602,upcoming,【會員場】我不信亂亂按沒用 | 英雄聯盟 | 莉拉可的遊戲實況 | 2026.04.21 #vtuber #莉拉可 #台灣vtuber  #gaming #leagueoflegends,1970-01-01T00:00:00Z,https://www.youtube.com/watch?v=1d325twOMfg,https://i.ytimg.com/vi/1d325twOMfg/mqdefault_live.jpg
9643c650b1804107b85de1f08010aa9d,upcoming,【這個直播房關不掉XD】,1970-01-01T00:00:00Z,https://www.youtube.com/watch?v=QqS4cRY3nZk,https://i.ytimg.com/vi/QqS4cRY3nZk/mqdefault_live.jpg
20b9316c0979495fbff724be3442d4a4,upcoming,【霍格沃兹之遗 Hogwarts Legacy】EP10 [城 游音Yune] #游音,1970-01-01T00:00:00Z,https://www.youtube.com/watch?v=ZoAh7pT7U00,https://i.ytimg.com/vi/ZoAh7pT7U00/mqdefault_live.jpg
fec8644970684cffbbae8dd37a52d59c,upcoming,【#lol】LOL 英雄聯盟觀眾/大福場~22:00 一起玩請到 Twitch 兌換忠誠點數 #LOL #vtuber #英雄聯盟 #aram,1970-01-01T00:00:00Z,https://www.youtube.com/watch?v=cW3DTyMCkxY,https://i.ytimg.com/vi/cW3DTyMCkxY/mqdefault_live.jpg
566e5b6f438a4cacb3e4036eb9ffe9b8,upcoming,重開阿,1970-01-01T00:00:00Z,https://www.youtube.com/watch?v=wFgCRVYE1Ts,https://i.ytimg.com/vi/wFgCRVYE1Ts/mqdefault_live.jpg
6d83214d4d964bc9a236f4cbdd8d99e4,upcoming,【mc】考完試來玩MC   Ft. @奈亞_Nya,1970-01-01T00:00:00Z,https://www.youtube.com/watch?v=HU8WqQ28faQ,https://i.ytimg.com/vi/HU8WqQ28faQ/mqdefault_live.jpg
ef0319d27b10495795a5b994bc2249d5,upcoming,【瑚畔晨光】現在時間早上十點半，您現在收看的是湖畔晨光早安台【瑚珀Haku】#早安台 #台灣新人vtuber,1970-01-01T00:00:00Z,https://www.youtube.com/watch?v=JMeeo93XwqY,https://i.ytimg.com/vi/JMeeo93XwqY/mqdefault_live.jpg
2c05340bb152419ebe0bd3fb6a78da80,upcoming,【鹿島神春日／芥川組】,1970-01-01T00:00:00Z,https://www.youtube.com/watch?v=LKCaQNI7O30,https://i.ytimg.com/vi/LKCaQNI7O30/mqdefault_live.jpg
f5a99c6ea78e4023b1bc84c1502f432d,upcoming,麻雀河豚復古狩獵台【Vsupport Fugu Aurelius｝,1970-01-01T00:00:00Z,https://www.youtube.com/watch?v=2GVBujEP2TM,https://i.ytimg.com/vi/2GVBujEP2TM/mqdefault_live.jpg
1eef7c0894a547a2bff186f6a735145a,upcoming,【#トモコレ 】如果你沒看過我的偶像們，現在讓你看看 #台湾vtuber #初見歓迎,1970-01-01T00:00:00Z,https://www.youtube.com/watch?v=Pwsp0BXt8S4,https://i.ytimg.com/vi/Pwsp0BXt8S4/mqdefault_live.jpg
2ff93e20894245d49004276e3b51e64f,upcoming,「祈音 💌 2/22初配信」直播,1970-01-01T00:00:00Z,https://www.youtube.com/watch?v=V8FJZEhKjL0,https://i.ytimg.com/vi/V8FJZEhKjL0/mqdefault_live.jpg
d177ac8568a14720b35bcc1a829aff51,upcoming,【 #深夜RE聊 】你買票了嗎?｜2025.10｜深夜聊什麼｜雜談｜#台灣vtuber,1970-01-01T00:00:00Z,https://www.youtube.com/watch?v=t0Nmh-W_itQ,https://i.ytimg.com/vi/t0Nmh-W_itQ/mqdefault_live.jpg
f6a4e7aa8d0c4e5cb39d199845ec4d02,upcoming,阿,1970-01-01T00:00:00Z,https://www.youtube.com/watch?v=QVB7Fcm9laU,https://i.ytimg.com/vi/QVB7Fcm9laU/mqdefault_live.jpg
e0535f2d38f04d26aca33772bccb33b8,upcoming,【魔獸世界】魔獸世界12.0至暗之夜最新傳奇5人副本【橘拉芙/VTuber】,1970-01-01T00:00:00Z,https://www.youtube.com/watch?v=SWl0ASXizc0,https://i.ytimg.com/vi/SWl0ASXizc0/mqdefault_live.jpg
341ca5efce084743977d3b74315a30ab,upcoming,「Pleiades ch. 昴 ‧ 艾姆 」直播,1970-01-01T00:00:00Z,https://www.youtube.com/watch?v=ubsEpJn679w,https://i.ytimg.com/vi/ubsEpJn679w/mqdefault_live.jpg
28e0e0a574fe4deca3d5ded0aa5d64ef,upcoming,「Belmoru Ch.莫爾」直播,1970-01-01T00:00:00Z,https://www.youtube.com/watch?v=8fnDurmJjsE,https://i.ytimg.com/vi/8fnDurmJjsE/mqdefault_live.jpg
018244f1ad404c9eaa4ddf747c3bafa0,upcoming,【寶可夢 Pokopia】昨天進度不如願，今天蓋塔橋前端的部分！復甦計畫第一階段：基隆塔重現！#5 (Switch2),1970-01-01T00:00:00Z,https://www.youtube.com/watch?v=q4rqJTtVZQ4,https://i.ytimg.com/vi/q4rqJTtVZQ4/mqdefault_live.jpg
e58a5a6f40e040d79bbcd139824d6fc7,upcoming,【雨咩】奇幻動漫祭PS03 Vtuber見面會,1970-01-01T00:00:00Z,https://www.youtube.com/watch?v=MroS6zHic8E,https://i.ytimg.com/vi/MroS6zHic8E/mqdefault_live.jpg
2e58c53f72f144dbad853ca8630dab19,upcoming,「蛸宮綿子🐙🧪」直播,1970-01-01T00:00:00Z,https://www.youtube.com/watch?v=-N1zeSRLWCw,https://i.ytimg.com/vi/-N1zeSRLWCw/mqdefault_live.jpg
b1cb513e2511484cabbac00140b4a95c,upcoming,「Shizuru Ch.詩瑠」直播,1970-01-01T00:00:00Z,https://www.youtube.com/watch?v=8rmnesrOh-0,https://i.ytimg.com/vi/8rmnesrOh-0/mqdefault_live.jpg
06f1c7339e1c47ecb69ea7385f4635a1,upcoming,(私人局不++) 瓦瓦約會中 ft.羅寶 / 歡迎追蹤 ! / 掛台請幫我開5%謝謝~!,1970-01-01T00:00:00Z,https://www.youtube.com/watch?v=Skn01N5gepY,https://i.ytimg.com/vi/Skn01N5gepY/mqdefault_live.jpg
40f76b568f384790a1a089bb6619ddb2,upcoming,［萊酒雜菈］來和冤家一起吵架 回憶我們是如何成為冤家 | 萊一杯菈 第七集 來賓:  云星白羽 (@UnhoshiShiraha),1970-01-01T00:00:00Z,https://www.youtube.com/watch?v=FWXIEsUNefs,https://i.ytimg.com/vi/FWXIEsUNefs/mqdefault_live.jpg
7d3b310a867942cab270e48f7a397e0d,upcoming,【森嵜光】[04/21]〔人機迷網〕換我養女兒啦 #pragmata #人機迷網 #女兒  #vtuber  #wutheringwaves #初見歡迎 #台V #森放送 #男v,1970-01-01T00:00:00Z,https://www.youtube.com/watch?v=UdQ52PTzVWc,https://i.ytimg.com/vi/UdQ52PTzVWc/mqdefault_live.jpg
22aaa78ca5fa444bb70649727131c0f2,upcoming,「八音玄古 HenKoo_TW. (Vtuber)」直播,1970-01-01T00:00:00Z,https://www.youtube.com/watch?v=_XsTUgbvbdg,https://i.ytimg.com/vi/_XsTUgbvbdg/mqdefault_live.jpg
359d60ab5abb445a8477a50781acc050,upcoming,好欸今天我生日~同時也是初配信後日談~~~,1970-01-01T00:00:00Z,https://www.youtube.com/watch?v=s5FfaT1BpGY,https://i.ytimg.com/vi/s5FfaT1BpGY/mqdefault_live.jpg
44f1d1ad14034bd3949ad6f84624f0e4,upcoming,〖#apex 〗ɶ 開始學習配配人的第一天📔｜ ʚ 嘻希呦 ShiKi nozomi ɞ,1970-01-01T00:00:00Z,https://www.youtube.com/watch?v=dZfpoZF_KCw,https://i.ytimg.com/vi/dZfpoZF_KCw/mqdefault_live.jpg
c94bc4ff4689403aac751731d33150e6,upcoming,「沐洛洛 Mulo Ch.」直播,1970-01-01T00:00:00Z,https://www.youtube.com/watch?v=FNTjaqYCPA4,https://i.ytimg.com/vi/FNTjaqYCPA4/mqdefault_live.jpg
83e0f3520699474ba7f017e5e4388a5f,upcoming,直播測試 (我沒有架麥克風所以沒有聲音),1970-01-01T00:00:00Z,https://www.youtube.com/watch?v=cHOmHvZiBNA,https://i.ytimg.com/vi/cHOmHvZiBNA/mqdefault_live.jpg
208d8aa3792641d6ae4e0de5a10a4a6f,upcoming,【主題雜談】家暴哪檔事，為什麼能被拯救到的很少？FT.呂布 晨玥  #vtuber  #台V #初見さん大歓迎 #初見歓迎  #台灣vtuber #女V  #絲出名,1970-01-01T00:00:00Z,https://www.youtube.com/watch?v=p_H0us0JXAY,https://i.ytimg.com/vi/p_H0us0JXAY/mqdefault_live.jpg
65ada733fbe64a3a86aae7737e32fad0,upcoming,【標題】標題文字 | ❄️真狩凜Makari🦉 | #初見歡迎 #歡迎降落,1970-01-01T00:00:00Z,https://www.youtube.com/watch?v=Cqh5Z2XZwtE,https://i.ytimg.com/vi/Cqh5Z2XZwtE/mqdefault_live.jpg
bf3356cfb2754286af9b6bb1665f56bd,upcoming,「福呱蒔楠」直播,1970-01-01T00:00:00Z,https://www.youtube.com/watch?v=PT-rEvhbvIA,https://i.ytimg.com/vi/PT-rEvhbvIA/mqdefault_live.jpg
1254f176d93548aca5ac7f4b53313f71,upcoming,測試設定 nvdia nvenc HVEC,1970-01-01T00:00:00Z,https://www.youtube.com/watch?v=nAqalRreWs0,https://i.ytimg.com/vi/nAqalRreWs0/mqdefault_live.jpg
31888d1a66654eee82d4dd22017db978,upcoming,「小企來啦」直播,1970-01-01T00:00:00Z,https://www.youtube.com/watch?v=FCoJ3gp5t7o,https://i.ytimg.com/vi/FCoJ3gp5t7o/mqdefault_live.jpg
a4d4a2a3d7b648be9aa4d652ae592a4b,upcoming,「艾絲黛拉‧莉芙EstellaLiv」直播,1970-01-01T00:00:00Z,https://www.youtube.com/watch?v=Qes0Q_BJ0ss,https://i.ytimg.com/vi/Qes0Q_BJ0ss/mqdefault_live.jpg
6481e646412745d3b2fa38255cef0da4,upcoming,「維芽 Viya」直播,1970-01-01T00:00:00Z,https://www.youtube.com/watch?v=7-gGNG7jPLE,https://i.ytimg.com/vi/7-gGNG7jPLE/mqdefault_live.jpg
6717d34e87574888848bc45c86bd80e6,upcoming,波媄露比RubyPome【0225 9點 Twitch初配信】 Live Stream,1970-01-01T00:00:00Z,https://www.youtube.com/watch?v=EFgbIKdZP8s,https://i.ytimg.com/vi/EFgbIKdZP8s/mqdefault_live.jpg
2cc874f341184fb799b01c399477c0b4,upcoming,🌙【Vtuber｜雜談】明天放假所以突然出現！ #台V,1970-01-01T00:00:00Z,https://www.youtube.com/watch?v=05-NK7kihUw,https://i.ytimg.com/vi/05-NK7kihUw/mqdefault_live.jpg
ffe0cef3d8c34c52bb605a23a3e61e95,upcoming,突發工作雜談台,1970-01-01T00:00:00Z,https://www.youtube.com/watch?v=vza94eTJfaM,https://i.ytimg.com/vi/vza94eTJfaM/mqdefault_live.jpg
4b214cdeac0649989f03f39e497816cf,upcoming,「Weiwei_rabbit ch. 兔子偉威」直播,1970-01-01T00:00:00Z,https://www.youtube.com/watch?v=ouUD6Urqf2Y,https://i.ytimg.com/vi/ouUD6Urqf2Y/mqdefault_live.jpg
7c6c40e2c7b64a6997fb2173f446860f,upcoming,【雜談】補充昨天大翻車的初配信內容【哀別·骼雷夫 - Aibelz Grave -】,1970-01-01T00:00:00Z,https://www.youtube.com/watch?v=O26Eu-dHtHQ,https://i.ytimg.com/vi/O26Eu-dHtHQ/mqdefault_live.jpg
7342e2aefa41449880565dfd15a35cad,upcoming,「Misù Ch. 鹿咲ミス 」直播,1970-01-01T00:00:00Z,https://www.youtube.com/watch?v=N7UR2Tago5s,https://i.ytimg.com/vi/N7UR2Tago5s/mqdefault_live.jpg
aab094af87d74f3cbcb332bdac03fa23,upcoming,【雜談】開台發呆！【赫姆‧謝普蘇】,1970-01-01T00:00:00Z,https://www.youtube.com/watch?v=dmV2zfhtncI,https://i.ytimg.com/vi/dmV2zfhtncI/mqdefault_live.jpg
9b6ebeb957fe4fed84a5472b6b3bd13c,upcoming,【3/19】好久沒一起玩了！今天要當斜咖| Ft. @murasakikusei_0419 @momo_channel_r6s   |,1970-01-01T00:00:00Z,https://www.youtube.com/watch?v=cGfzUkAzYFQ,https://i.ytimg.com/vi/cGfzUkAzYFQ/mqdefault_live.jpg
095d5621db8b44ed914d81f9e1183673,upcoming,【練歌回】我再不唱歌就要發霉了【拉爾妮蒂 Lar Niti】,1970-01-01T00:00:00Z,https://www.youtube.com/watch?v=MyjwpBvfIB4,https://i.ytimg.com/vi/MyjwpBvfIB4/mqdefault_live.jpg
903278eb21a342669dc6f7eea7dbe618,upcoming,「可可卡cococa」直播,1970-01-01T00:00:00Z,https://www.youtube.com/watch?v=aDOGJ8pzTjM,https://i.ytimg.com/vi/aDOGJ8pzTjM/mqdefault_live.jpg
08d8f03223a54fb3807d49fb7c30b434,upcoming,「雪月Yuzuki 【】個人勢【】」直播,1970-01-01T00:00:00Z,https://www.youtube.com/watch?v=eUP4h0Lafk4,https://i.ytimg.com/vi/eUP4h0Lafk4/mqdefault_live.jpg
d2da40bb201e49ddbd6a8780bfaf8b63,upcoming,｜2025.07.03｜洗洗睡ASMR !? (下)｜北宮雨音｜揪團轉盤／!dc／!yt／!指令,1970-01-01T00:00:00Z,https://www.youtube.com/watch?v=zDYHbFz_TRc,https://i.ytimg.com/vi/zDYHbFz_TRc/mqdefault_live.jpg
a60e76fb18f44818980d7d5b07cf82c9,upcoming,「璦格蓓菈AgaBerrila ch.」直播,1970-01-01T00:00:00Z,https://www.youtube.com/watch?v=e9T7PwTHfMo,https://i.ytimg.com/vi/e9T7PwTHfMo/mqdefault_live.jpg
b4b4fcedc8264cb5b90584935aebf110,upcoming,【突發】測試網絡,1970-01-01T00:00:00Z,https://www.youtube.com/watch?v=GWHIFObMyRc,https://i.ytimg.com/vi/GWHIFObMyRc/mqdefault_live.jpg
5ce810e28ea54f5bacd55573589f4e4e,upcoming,【終末地日常】日常任務過一下 浮一下歡迎聊天^(◔౪◔)^ 【莉媞奧蕾雅】,1970-01-01T00:00:00Z,https://www.youtube.com/watch?v=cQ4FblB96qE,https://i.ytimg.com/vi/cQ4FblB96qE/mqdefault_live.jpg
3fd5cac9e94144ad9a298e46c5472792,upcoming,「酔兎Yoito ch.」直播,1970-01-01T00:00:00Z,https://www.youtube.com/watch?v=RnmvywZMtUs,https://i.ytimg.com/vi/RnmvywZMtUs/mqdefault_live.jpg
f5ef8ac02db547dd92da5e87717a8dca,upcoming,【0422】一路躺上金牌嗎,1970-01-01T00:00:00Z,https://www.youtube.com/watch?v=_jx1vWrVlrE,https://i.ytimg.com/vi/_jx1vWrVlrE/mqdefault_live.jpg
5c5880d994854afbbea0a35716bce186,upcoming,grounded ft.好多人 #grounded,1970-01-01T00:00:00Z,https://www.youtube.com/watch?v=pcc6Cbn9n3U,https://i.ytimg.com/vi/pcc6Cbn9n3U/mqdefault_live.jpg
7a570b5273ae4e359a6491aba1313011,upcoming,偷偷試試看?,1970-01-01T00:00:00Z,https://www.youtube.com/watch?v=tLXLmDelKOU,https://i.ytimg.com/vi/tLXLmDelKOU/mqdefault_live.jpg
c6af4f23c6ce4adab5301d79b0bd343a,upcoming,【可諾】午安好熱的天氣，100到底是什麼神奇數字 | slay the spire 2 | 2026/3/24,1970-01-01T00:00:00Z,https://www.youtube.com/watch?v=IitzhSUkN40,https://i.ytimg.com/vi/IitzhSUkN40/mqdefault_live.jpg
e63fd2ead17a4b57b256fcd55fe83b0e,upcoming,【FINAL FANTASY XIV and Never Grave: The Witch and The Curse】究竟是流浪街頭還是成為有房一族呢！？,1970-01-01T00:00:00Z,https://www.youtube.com/watch?v=_u2Oxv9X6Ek,https://i.ytimg.com/vi/_u2Oxv9X6Ek/mqdefault_live.jpg
cf100db6a3dc4010b32802b75f5abc14,upcoming,[個人勢VT-武闇],1970-01-01T00:00:00Z,https://www.youtube.com/watch?v=dfHMR0Xn3i0,https://i.ytimg.com/vi/dfHMR0Xn3i0/mqdefault_live.jpg
a1915cccb8584d57b9b22975263c7af4,upcoming,【原神】打深淵，月守宮還在追殺我！接免費幫打，2000粉抽小月卡歡迎進來跟主播聊天~,1970-01-01T00:00:00Z,https://www.youtube.com/watch?v=RIqfohtsiPk,https://i.ytimg.com/vi/RIqfohtsiPk/mqdefault_live.jpg
74d00f89697a43e6801463c71fb37172,upcoming,✝️麻優涅茲.YUU✝️/3月23日至3月29日的週表來摟~~ #vtuber  #新人vtuber #台V,1970-01-01T00:00:00Z,https://www.youtube.com/watch?v=nJWMpU8oASo,https://i.ytimg.com/vi/nJWMpU8oASo/mqdefault_live.jpg
8c1fe8acf675446ebb2fd046e6396983,upcoming,同步視聽｜超時空輝耀姬！｜300訂閱衝刺中｜YT/圖奇雙開【蓮諾‧絲萊許/個人勢Vtuber】,1970-01-01T00:00:00Z,https://www.youtube.com/watch?v=JUHuczKFoiw,https://i.ytimg.com/vi/JUHuczKFoiw/mqdefault_live.jpg
cbb5df4184f04027b8a550d648d79eeb,upcoming,「MeridianProject子午計畫」直播,1970-01-01T00:00:00Z,https://www.youtube.com/watch?v=V6zK60lXolA,https://i.ytimg.com/vi/V6zK60lXolA/mqdefault_live.jpg
40a4357f990e4fd8ad2ac18c26603925,upcoming,《神社仕事中》明天開工 先來個古戰,1970-01-01T00:00:00Z,https://www.youtube.com/watch?v=TsvQHkuGqKM,https://i.ytimg.com/vi/TsvQHkuGqKM/mqdefault_live.jpg
07930a961f0b4078a14f0a57f0a93965,upcoming,【Resident Evil 6】里昂線 pt.3 救一個妹妹然後毀滅全世界【鶴目瑞羽】,1970-01-01T00:00:00Z,https://www.youtube.com/watch?v=9xRpU4L47lI,https://i.ytimg.com/vi/9xRpU4L47lI/mqdefault_live.jpg
22f16847ee064b1bafd9bbe15bd31284,upcoming,【APEX】♡ 日常打打 / 厚壓克力立牌發售中 ♡【眠夢布鈴】,1970-01-01T00:00:00Z,https://www.youtube.com/watch?v=ftW6ETsfcEc,https://i.ytimg.com/vi/ftW6ETsfcEc/mqdefault_live.jpg
cfc335d4b3e3411ca5b39ccb41a81958,upcoming,Rivals | 來打競爭者！| 1V1,1970-01-01T00:00:00Z,https://www.youtube.com/watch?v=dwHVGdfRV38,https://i.ytimg.com/vi/dwHVGdfRV38/mqdefault_live.jpg
30e2594ce7cf4bc3a7e536639b15ff30,upcoming,「芙蕾格•Fleger Ch.」直播,1970-01-01T00:00:00Z,https://www.youtube.com/watch?v=n1_TNZakTdk,https://i.ytimg.com/vi/n1_TNZakTdk/mqdefault_live.jpg
ce4d344e37cd403cbb5325010144d393,upcoming,「薩姆依·麥迪泰亞斯 ch. 4/4初配信」直播,1970-01-01T00:00:00Z,https://www.youtube.com/watch?v=M18SRSzJgwI,https://i.ytimg.com/vi/M18SRSzJgwI/mqdefault_live.jpg
aa9fa329d639488dbb860b8f8b3235f8,upcoming,Rie Miyasaka ch. 宮榊リエ Live Stream,1970-01-01T00:00:00Z,https://www.youtube.com/watch?v=q4mKGuofTdg,https://i.ytimg.com/vi/q4mKGuofTdg/mqdefault_live.jpg
acc708b79f1c4e388466b407387e7cb5,upcoming,「歐爾特芬里斯 ch.」直播,1970-01-01T00:00:00Z,https://www.youtube.com/watch?v=ldSVoU6i4e4,https://i.ytimg.com/vi/ldSVoU6i4e4/mqdefault_live.jpg
9add5efb4665440e8e021a9c3ced6095,upcoming,「星雨凌 Hoshiyu Rin國小生Vtuber」直播,1970-01-01T00:00:00Z,https://www.youtube.com/watch?v=ga87Xa_KEvU,https://i.ytimg.com/vi/ga87Xa_KEvU/mqdefault_live.jpg
07f20f05bef0432e8644e1bee798ef46,upcoming,「Asche アッシュ ch.」直播,1970-01-01T00:00:00Z,https://www.youtube.com/watch?v=pcqW_3piT_o,https://i.ytimg.com/vi/pcqW_3piT_o/mqdefault_live.jpg
433b2802b62441a39c721400926d59eb,upcoming,【Minecraft】MacOS OBS壓力測試,1970-01-01T00:00:00Z,https://www.youtube.com/watch?v=5cVjxcYhFFU,https://i.ytimg.com/vi/5cVjxcYhFFU/mqdefault_live.jpg
a55a6a4b6453413cb8b1dc69423b67d5,upcoming,【 #歌枠 】台湾大学生Vtuberが歌います！！日曜日午後縦型歌枠 ～🎤 #shorts #縦型配信 #vtuber,1970-01-01T00:00:00Z,https://www.youtube.com/watch?v=O7walAyWrGQ,https://i.ytimg.com/vi/O7walAyWrGQ/mqdefault_live.jpg
1db7ec043f284eaea0bd2213ecce2bad,upcoming,【王者榮耀Honor of King】也也也也也也還是王者農藥！,1970-01-01T00:00:00Z,https://www.youtube.com/watch?v=N4nOBFsew04,https://i.ytimg.com/vi/N4nOBFsew04/mqdefault_live.jpg
4dc4dc5b3dc24cb193ec2a127059c194,upcoming,閒聊,1970-01-01T00:00:00Z,https://www.youtube.com/watch?v=OLZh4kXVkXY,https://i.ytimg.com/vi/OLZh4kXVkXY/mqdefault_live.jpg
33ce96c886d341879ce66c4f7892c421,upcoming,「貓貓怪客」直播 雙開測試,1970-01-01T00:00:00Z,https://www.youtube.com/watch?v=TCFrKnXtyqE,https://i.ytimg.com/vi/TCFrKnXtyqE/mqdefault_live.jpg
1af1c5f8526a4396820151df1bff37b7,upcoming,【霧章測試】突然開集把式雜談,1970-01-01T00:00:00Z,https://www.youtube.com/watch?v=3sLtRj5cnAY,https://i.ytimg.com/vi/3sLtRj5cnAY/mqdefault_live.jpg
6885bffce2184355bed557901e079522,upcoming,【惡靈古堡：安魂曲】突發 瘋狂無傷 練習 禁無限 #初見歡迎 #降落歡迎,1970-01-01T00:00:00Z,https://www.youtube.com/watch?v=YMVsSrU5be8,https://i.ytimg.com/vi/YMVsSrU5be8/mqdefault_live.jpg
8fe313c8e0704a29a7a387b47c4f938b,upcoming,「奶糖狐 Naiskori」直播,1970-01-01T00:00:00Z,https://www.youtube.com/watch?v=yx9emmw1wtg,https://i.ytimg.com/vi/yx9emmw1wtg/mqdefault_live.jpg
506d9c6fdbd34c8aa5fda64d90d96ac2,upcoming,【幻塔】誤打誤開,1970-01-01T00:00:00Z,https://www.youtube.com/watch?v=TrCeSy5BJVM,https://i.ytimg.com/vi/TrCeSy5BJVM/mqdefault_live.jpg
6ab090baa4624f1c8fca28312799e826,upcoming,✦PEAK✦爬山好累!!!,2026-02-02T15:52:55Z,https://www.youtube.com/watch?v=Nl7FBiMoAgU,https://i.ytimg.com/vi/Nl7FBiMoAgU/mqdefault_live.jpg
5b1bd72acc95440cb3aa381c89cfca3c,upcoming,【CP連動】｜和千妃開始體驗不同的冬天｜Feat.  @Ikusen_vtuber【小悠yui】,2026-02-12T12:00:00Z,https://www.youtube.com/watch?v=VK0Ne0hypgA,https://i.ytimg.com/vi/VK0Ne0hypgA/mqdefault_live.jpg
82af75b290f44cd8b9a97bc5addaaf58,upcoming,【情人節特企💕】墜入愛河的Q&A📍開箱送給自己的巧克力禮盒🎀深愛自己就是墜入愛河的第一步！ #vtuber #台V #兔兔講糖 #初見歡迎,2026-02-14T14:30:00Z,https://www.youtube.com/watch?v=luwPOtIzYbY,https://i.ytimg.com/vi/luwPOtIzYbY/mqdefault_live.jpg
52ff14aabd804801a6e589681fc2fb4d,upcoming,殘月 EclipseYuki ENG/中 努力前進 找回自我的平靜,2026-02-21T08:35:08Z,https://www.youtube.com/watch?v=jNT_uOuGqcI,https://i.ytimg.com/vi/jNT_uOuGqcI/mqdefault_live.jpg
52ff14aabd804801a6e589681fc2fb4d,upcoming,殘月 EclipseYuki ENG/中 努力前進 找回自我的平靜,2026-02-25T13:56:58Z,https://www.youtube.com/watch?v=tXRu8-mmOH0,https://i.ytimg.com/vi/tXRu8-mmOH0/mqdefault_live.jpg
dcbe7946e39e48bcb0b725de64a445c8,upcoming,【#100連發歌回】東京愛情故事，但是一百次【#梅迪歐】#ReLiveProject #台v,2026-02-28T01:00:00Z,https://www.youtube.com/watch?v=7EK2YKBabuE,https://i.ytimg.com/vi/7EK2YKBabuE/mqdefault_live.jpg
98187e2cc8c34f5d8e0853bffc1a30c9,upcoming,【重開！】網路當掉啊啊啊啊啊啊【早苗SANAE】,2026-03-02T15:40:00Z,https://www.youtube.com/watch?v=RJuRmrH0FuM,https://i.ytimg.com/vi/RJuRmrH0FuM/mqdefault_live.jpg
79f4c64bde584997bf6ad38afd44b51d,upcoming,【零~紅蝶~ REMAKE】原本以為只是小鬼...結果嚇到魂飛魄散！😖😭,2026-04-03T07:00:00Z,https://www.youtube.com/watch?v=8KKQZY_hsto,https://i.ytimg.com/vi/8KKQZY_hsto/mqdefault_live.jpg
9f976a39c1fa4e6dae3ed11b771ef918,upcoming,【YT/TWITCH雙開】2026.04.05 嘿對 筆電沒電 完全神人,2026-04-04T19:00:40Z,https://www.youtube.com/watch?v=hMUN4AUK68o,https://i.ytimg.com/vi/hMUN4AUK68o/mqdefault_live.jpg
9f976a39c1fa4e6dae3ed11b771ef918,upcoming,【YT/TWITCH雙開】2026.04.05 嘿對 筆電沒電 完全神人,2026-04-04T19:00:45Z,https://www.youtube.com/watch?v=l3TuHmx0hzQ,https://i.ytimg.com/vi/l3TuHmx0hzQ/mqdefault_live.jpg
5fd252ad134343a59705e00390c6d9ef,upcoming,✞ 初見 ✞ REANIMAL #3｜修女練膽中……今天能玩完嗎💀｜劇透禁止🚫 ✞ 莓川紗織/台灣VTuber ✞,2026-04-05T06:30:00Z,https://www.youtube.com/watch?v=wE0D6RcosEg,https://i.ytimg.com/vi/wE0D6RcosEg/mqdefault_live.jpg
773a7694afcf4666960b05a4faf1a1fa,upcoming,[小麻來推薦] 原來小麻平時都在聽這些!?｜牧野Maki,2026-04-11T04:00:00Z,https://www.youtube.com/watch?v=S-qgBsMvXE0,https://i.ytimg.com/vi/S-qgBsMvXE0/mqdefault_live.jpg
9f976a39c1fa4e6dae3ed11b771ef918,upcoming,【YT/TWITCH雙開】2026.04.11 自訂賽 有像風一樣的獵哥 但我是不會退群的,2026-04-11T14:43:06Z,https://www.youtube.com/watch?v=3eXEJ921ixg,https://i.ytimg.com/vi/3eXEJ921ixg/mqdefault_live.jpg
1307131312c54a11ab326e62474efc8a,upcoming,ASMR 今夜也想和你十指交扣💜 #vtuber #耳語放鬆 #溫柔戀人【艾Ai🎗️浪海數位 RiyarDigital 所屬】,2026-04-11T15:30:00Z,https://www.youtube.com/watch?v=AQ6SrDqcQuc,https://i.ytimg.com/vi/AQ6SrDqcQuc/mqdefault_live.jpg
9f976a39c1fa4e6dae3ed11b771ef918,upcoming,【YT/TWITCH雙開】2026.04.13 沒有墊底 777 別炸我金牌兄弟了,2026-04-13T13:27:31Z,https://www.youtube.com/watch?v=Tba4tTfO9fk,https://i.ytimg.com/vi/Tba4tTfO9fk/mqdefault_live.jpg
9f976a39c1fa4e6dae3ed11b771ef918,upcoming,【YT/TWITCH雙開】2026.04.12 沒有墊底 777 別炸我金牌兄弟了,2026-04-13T13:28:27Z,https://www.youtube.com/watch?v=TdrzV5KAZy4,https://i.ytimg.com/vi/TdrzV5KAZy4/mqdefault_live.jpg
93785f5e8b614be98bf8e096f5b1f997,live,【音樂台】酒館裡什麼人都有，就是沒有你。 | 幻想異世界音楽 | 睡眠 | 勉強 | 讀書音樂陪伴 | Fantasy Sounds | 作業用BGM【冬蜜 DonBee】,2026-04-14T06:08:19Z,https://www.youtube.com/watch?v=QmCsm1bmR7o,https://i.ytimg.com/vi/QmCsm1bmR7o/mqdefault_live.jpg
93785f5e8b614be98bf8e096f5b1f997,live,你的世界下雨了，來躲雨吧。 | 有雨聲，可以學習、專注、睡眠的輕鬆音樂,2026-04-14T06:08:24Z,https://www.youtube.com/watch?v=e1I_Odb0yaw,https://i.ytimg.com/vi/e1I_Odb0yaw/mqdefault_live.jpg
93785f5e8b614be98bf8e096f5b1f997,live,【音樂台】聽音樂坐著喝酒，再打個魔物。 | 幻想異世界音楽 | 睡眠 | 勉強 | 讀書音樂陪伴 | Fantasy Sounds | 作業用BGM【冬蜜 DonBee】,2026-04-14T06:08:25Z,https://www.youtube.com/watch?v=v4OIJ1XGu4U,https://i.ytimg.com/vi/v4OIJ1XGu4U/mqdefault_live.jpg
238b751368474f798a737e7cf1f4a87b,upcoming,⚔️永劫無間⚔️ | 放假就是要打永劫~ | 20260419,2026-04-19T12:00:00Z,https://www.youtube.com/watch?v=aDJ3ZRlJrDo,https://i.ytimg.com/vi/aDJ3ZRlJrDo/mqdefault_live.jpg
3de1f749e7fe4b219a2a10611311297f,upcoming,【雜談台】主播很口糊，但歡迎進來聊天。 【背景音】  #台v #vtuber  #南方旅者,2026-04-19T12:00:00Z,https://www.youtube.com/watch?v=Zzq5u1VLOsI,https://i.ytimg.com/vi/Zzq5u1VLOsI/mqdefault_live.jpg
bf03fd8b5b55481590ea63338c5cdd20,live,4/21 楓之谷官方懷舊服 加班一週年Day375 !週邊 / !DC / 訂閱加班10分 / 揪團10人2分鐘 / @komorikuma_vtuber,2026-04-20T00:00:04Z,https://www.twitch.tv/komorikuma_vtuber,https://static-cdn.jtvnw.net/previews-ttv/live_user_komorikuma_vtuber-{width}x{height}.jpg
d26893447610406da66ee14abfbd5868,upcoming,【劇場觀察雜談】2026 EP06 《軍伕．太陽米帝爾》、《沒有派對》、《恍恍》、豪華朗機工《最後一問》,2026-04-20T12:30:00Z,https://www.youtube.com/watch?v=0O-jNz2WVnk,https://i.ytimg.com/vi/0O-jNz2WVnk/mqdefault_live.jpg
dc9cd2bc942d427d8cc73370d1194f9e,upcoming,【2026/4/20 - 4/26週表】世界地球日，為了地球你有什麼環保行動嗎？ #初見歡迎,2026-04-20T15:59:00Z,https://www.youtube.com/watch?v=ouuGUoWu_B8,https://i.ytimg.com/vi/ouuGUoWu_B8/mqdefault_live.jpg
9e3edec3eec54f49a065f1970471d473,live,22/4 Day3 ！ 明天起來小唱回一下！加班台啟動！降落追隨也會加時間！| ٩(ˊᗜˋ*)و💙,2026-04-20T22:31:30Z,https://www.twitch.tv/chiyoookami_,https://static-cdn.jtvnw.net/previews-ttv/live_user_chiyoookami_-{width}x{height}.jpg
3d46fb16bc2c48fb8f12a647cf5ec702,live,【惡靈古堡馬拉松 - Resident Evil 0 HD REMASTER】完全初見~惡靈古堡系列的起點【犬神幽乃詩／芥川組】 #biohazard  #residentevil  #gaming,2026-04-21T09:59:31Z,https://www.youtube.com/watch?v=u9oTIidtxkU,https://i.ytimg.com/vi/u9oTIidtxkU/mqdefault_live.jpg
76165d25983b463eaa1da66c86a32b7c,live,【日常】打洲的夜彩 【靛之森Ainomori】|【夜彩Yoruro】可用7TV貼圖 因為害羞非常不感謝揪團Q_Q:,2026-04-21T11:23:55Z,https://www.twitch.tv/yorurovtuber,https://static-cdn.jtvnw.net/previews-ttv/live_user_yorurovtuber-{width}x{height}.jpg
de071f4fc90344748afac14099022672,live,4/22 I !加班 ♡ !簽到 !歌單 !想 !id !rk !dc ♡ @xiaojean0128 ♡,2026-04-21T12:43:07Z,https://www.twitch.tv/xiaojean0128,https://static-cdn.jtvnw.net/previews-ttv/live_user_xiaojean0128-{width}x{height}.jpg
2d84a02e592d4a92893b7cc36af95a26,upcoming,【圖奇開台通知-猛獸派對】又一場大型聯動！而且還要拳打腳踢？！我會不會碎掉啊｜Ft.很多人(總之看下方資訊欄)｜妮亞露Nyaru,2026-04-21T13:00:00Z,https://www.youtube.com/watch?v=3fi-ruWZVVU,https://i.ytimg.com/vi/3fi-ruWZVVU/mqdefault_live.jpg
5f9767b104b54292bf6dd29863c0c6b1,upcoming,【遊戲實況】快要更新7.1啦！這邊是蝦蝦的視角！【Final Fantasy XIV#13】,2026-04-21T13:00:00Z,https://www.youtube.com/watch?v=iRFYvgLBU5U,https://i.ytimg.com/vi/iRFYvgLBU5U/mqdefault_live.jpg
6cc5ac707eed4f9e9b5bc7b2f970fe1b,upcoming,【繪畫工作臺】陪我聊天 主播是一個怠惰人【安無希/VTuber】2026.0421,2026-04-21T13:30:00Z,https://www.youtube.com/watch?v=Wlamz7Gnzd8,https://i.ytimg.com/vi/Wlamz7Gnzd8/mqdefault_live.jpg
c06b6f1eb79d41ecb17aaaf80e035daa,live,【泡麵】金部長的夢想人生好好看！+ (˶´⚰︎`˵)〃｜看病獺｜+ 20260421 + #實況四周年禮物水獺木雕杯墊 #忠誠點數抽獎 #航天快樂鼠鼠是本獺 #歡迎兌換浪浪飼料券,2026-04-21T13:33:16Z,https://www.twitch.tv/roci_1117,https://static-cdn.jtvnw.net/previews-ttv/live_user_roci_1117-{width}x{height}.jpg
87568c720cae40a99264816eb1875347,live,(AIVT)噓~安靜讀書喽 #vtuber #aivtuber #aivt  #模型vtuber  #春弧 #廢宅,2026-04-21T13:37:22Z,https://www.youtube.com/watch?v=u2vDBtjUMWI,https://i.ytimg.com/vi/u2vDBtjUMWI/mqdefault_live.jpg
fdbcdd7db6b04ed4b2336b1b3da66564,live,郵寄是一種腎臟嗎,2026-04-21T13:41:09Z,https://www.twitch.tv/hiotoukei_ocs,https://static-cdn.jtvnw.net/previews-ttv/live_user_hiotoukei_ocs-{width}x{height}.jpg
83ec4919298a4ad5984e3da31109a4c8,live,🐈貓糰🔸𝟢𝟦𝟤𝟣 ⸝ 作息徹底Boom了∣!滑鼠墊 !觀眾場 !ExitLag @umidan1207,2026-04-21T13:41:39Z,https://www.twitch.tv/umidan1207,https://static-cdn.jtvnw.net/previews-ttv/live_user_umidan1207-{width}x{height}.jpg
05317bcbe5f243abb85618d2669bd0d7,live,【雜談、音樂】深夜罐罐營業中｜來聊天、來發呆、來被治癒。,2026-04-21T13:48:42Z,https://www.youtube.com/watch?v=m7KSKubk4Sk,https://i.ytimg.com/vi/m7KSKubk4Sk/mqdefault_live.jpg
b6cc2e3d23f34ba8bbeba181d19a714c,live,Live with Restream,2026-04-21T13:55:58Z,https://www.twitch.tv/asft8822,https://static-cdn.jtvnw.net/previews-ttv/live_user_asft8822-{width}x{height}.jpg
44f1d1ad14034bd3949ad6f84624f0e4,live,ʚ嘻希呦ɞ ɶ 想開一下子🤏🏻 ʚ 歡迎降落溺屎  ʚ,2026-04-21T14:33:43Z,https://www.twitch.tv/shiki_nzm,https://static-cdn.jtvnw.net/previews-ttv/live_user_shiki_nzm-{width}x{height}.jpg
887b37336c9c4730809ace8b5e38df17,live,人機第３天🌸 ʚ •͈˽•͈ ིྀɞ｜⭐24hr看台送遊戲 ⁺˳✿ ₊,2026-04-21T14:39:16Z,https://www.twitch.tv/isyourlulu,https://static-cdn.jtvnw.net/previews-ttv/live_user_isyourlulu-{width}x{height}.jpg
60ff50e95399472b96a6fbe83d75e806,live,【遊企】看是我爽玩遊戲還是你爽玩我，加時轉盤催下去!!【 L.M. Live | 海希霖涅 】,2026-04-21T14:48:59Z,https://www.youtube.com/watch?v=BSYQjmTHfI0,https://i.ytimg.com/vi/BSYQjmTHfI0/mqdefault_live.jpg
403697f0f5ba49ef873673236c07e2d3,upcoming,🍦【圖奇遊戲日】今天打瓦 VALORANT 特戰英豪🦇頻道連結下收｜谷葉小町✦KomachiTaniba,2026-04-21T15:00:00Z,https://www.youtube.com/watch?v=k8-XR_fDEe0,https://i.ytimg.com/vi/k8-XR_fDEe0/mqdefault_live.jpg
c396dafdab3547259c0447ff82f278c2,live,【PRAGMATA】女兒我來了 人機迷惘 | 涅普璐Niepulu,2026-04-21T15:01:24Z,https://www.youtube.com/watch?v=3qeiRddh4k0,https://i.ytimg.com/vi/3qeiRddh4k0/mqdefault_live.jpg
949f184abcc84a82b8e9f333b41a2109,live,4/21 今天認命工作QQ | !週邊賣場 !衣服 !kusdom !布丁 ✧*｡٩(ˊᗜˋ*)و✧*｡,2026-04-21T15:09:05Z,https://www.twitch.tv/lupulu0524,https://static-cdn.jtvnw.net/previews-ttv/live_user_lupulu0524-{width}x{height}.jpg
8dd4a8b4598e483e9112b2b1a9466013,live,(布魔代抽代打可以報)打一下魔域塔 晚一點再去出警 然後就關台:D 4/21,2026-04-21T15:42:40Z,https://www.youtube.com/watch?v=2a5_wqVEsu8,https://i.ytimg.com/vi/2a5_wqVEsu8/mqdefault_live.jpg
6fa1245c717d4af68589205df5ab6427,live,【惡靈古堡6#2】🐧鬼殺隊啟動(欸✨Chris篇出發 ft.夏伊拉 #初見歡迎 |易恆Arkia| 26/04/21,2026-04-21T15:59:18Z,https://www.youtube.com/watch?v=5-xjG02Bpmo,https://i.ytimg.com/vi/5-xjG02Bpmo/mqdefault_live.jpg
e350c8b7e41045419ee1ac73bc78921b,live,【惡靈古堡6】Resident Evil 6｜喪屍們最嚴厲ㄉ父母親又要來上班了...！【夏伊拉Shyla】,2026-04-21T15:59:19Z,https://www.youtube.com/watch?v=km--AILLwCg,https://i.ytimg.com/vi/km--AILLwCg/mqdefault_live.jpg
a3452262e11348c88afea4031b0323a8,live,魔法少女的魔女裁判─好麻煩的一群女人(不是  ｜常用英配｜歡迎初見｜,2026-04-21T16:04:10Z,https://www.twitch.tv/haivender,https://static-cdn.jtvnw.net/previews-ttv/live_user_haivender-{width}x{height}.jpg
405cf0a502a6496bacfe7e49647e7e28,live,[Altic_Sou]雜談Just Chatting - EP290 RP Z1 艾爾瑪．米勒 二級警員 警探 D28 [TW/EN] !布丁 !斗內,2026-04-21T16:05:42Z,https://www.twitch.tv/altic_sou,https://static-cdn.jtvnw.net/previews-ttv/live_user_altic_sou-{width}x{height}.jpg
405cf0a502a6496bacfe7e49647e7e28,live,[Altic_Sou]雜談Just Chatting - EP290 RP Z1 艾爾瑪．米勒 二級警員 警探 D28 [TW/EN] !布丁 !斗內,2026-04-21T16:05:48Z,https://www.youtube.com/watch?v=Zf2D8d2b7IU,https://i.ytimg.com/vi/Zf2D8d2b7IU/mqdefault_live.jpg
ae4eaef845fc4daaa8106a51a590e145,live,【女武神揪尼作伙睏】今天也要與你一起有個好眠唷！【史黛菈埃蕾諾亞 / Stella Eleanor】,2026-04-21T16:47:20Z,https://www.youtube.com/watch?v=gy7JcGSqAUs,https://i.ytimg.com/vi/gy7JcGSqAUs/mqdefault_live.jpg
7a160bd129144664804dd3fc08fceeb1,live,[兔森] 晚上xx:xx 抽1600wc 加班第63天~  | @usamori | #世界樹計畫,2026-04-21T17:01:50Z,https://www.twitch.tv/usamori,https://static-cdn.jtvnw.net/previews-ttv/live_user_usamori-{width}x{height}.jpg
d09b9f800b7940deb1f8a2b58a302f07,live,🐨點解可以甘多野忙?. Countdown 24days to JP | !checkin,2026-04-21T17:22:16Z,https://www.twitch.tv/kimmyje,https://static-cdn.jtvnw.net/previews-ttv/live_user_kimmyje-{width}x{height}.jpg
101cdaf175c643c888d0d33bdab5da15,live,【遊雜】我有看到終界龍的那一天嗎... #初見歡迎 #降落歡迎 #家有盤子 #新人VTuber,2026-04-21T17:39:06Z,https://www.youtube.com/watch?v=nPtKaYUw3WY,https://i.ytimg.com/vi/nPtKaYUw3WY/mqdefault_live.jpg
7a88afc5eb644d76b35ed4ca968259bb,live,【 ʙᴀʙᴜ】 04/22 💤 工作工作唷 ✧,2026-04-21T17:40:00Z,https://www.twitch.tv/babu_desu,https://static-cdn.jtvnw.net/previews-ttv/live_user_babu_desu-{width}x{height}.jpg
ed4666af39034d54913aba64cfea6f47,live,【Delta Force 】新手 台服第19天 ! 新賽季第一天【蒼神子貓/VTuber】,2026-04-21T18:02:21Z,https://www.youtube.com/watch?v=RouRAP-p4Ws,https://i.ytimg.com/vi/RouRAP-p4Ws/mqdefault_live.jpg
35f3bb64e69c432180b98dde239f3bdd,live,🌰來自九十九古董店的人偶，栗可蓓歐🐰主要在YT活動喔！,2026-04-21T18:03:20Z,https://www.twitch.tv/rika99ch,https://static-cdn.jtvnw.net/previews-ttv/live_user_rika99ch-{width}x{height}.jpg
35f3bb64e69c432180b98dde239f3bdd,live,🌰 鳴潮 🐰 栗可蓓歐的玩具箱：「深夜背景作業，請問要怎麼跟普通人類解釋這個不太普通的工作內容呢」｜#鳴潮 #共鳴者創作計畫 3.2版本,2026-04-21T18:49:06Z,https://www.youtube.com/watch?v=w_2kVIayNGc,https://i.ytimg.com/vi/w_2kVIayNGc/mqdefault_live.jpg
d66fb507852f4d889e426c8ea0f9f246,live,〖作業雜談〗深夜自習室〖蒼音夏緒〗#初見歡迎,2026-04-21T19:05:47Z,https://www.youtube.com/watch?v=RejXiCkRsnY,https://i.ytimg.com/vi/RejXiCkRsnY/mqdefault_live.jpg
c4268d9874b14b3282613fa11102ce4b,live,[EN/中] Support POWER Pt.3! + Free life advice | !discord !tts !farm,2026-04-21T19:22:20Z,https://www.twitch.tv/klausvacuos,https://static-cdn.jtvnw.net/previews-ttv/live_user_klausvacuos-{width}x{height}.jpg
c4268d9874b14b3282613fa11102ce4b,live,[EN/中] Support POWER Pt.3! #envtuber #台v #mobilelegends,2026-04-21T19:22:28Z,https://www.youtube.com/watch?v=4XWtM1tt2mg,https://i.ytimg.com/vi/4XWtM1tt2mg/mqdefault_live.jpg
8024d67e25454783a698e5ecf2c4dc67,live,【中文台🐕】偷開台~,2026-04-21T19:42:40Z,https://www.twitch.tv/yatsume_uwu,https://static-cdn.jtvnw.net/previews-ttv/live_user_yatsume_uwu-{width}x{height}.jpg
8be6ce1a26af47a4985205da119eab5a,live,打開了直播就能睡著嗎～｜#安派柏 #vtuber,2026-04-21T20:31:50Z,https://www.youtube.com/watch?v=tvojpSN7xMg,https://i.ytimg.com/vi/tvojpSN7xMg/mqdefault_live.jpg
b8ccfa7aec6a419ca8ad1a91d9fafdf6,live,基本不講話 好了那麼一點點 超早突擊!,2026-04-21T21:36:24Z,https://www.twitch.tv/xiaoye_vtuber,https://static-cdn.jtvnw.net/previews-ttv/live_user_xiaoye_vtuber-{width}x{height}.jpg
f13832094d8b40fbb95d07732aa3c3c7,upcoming,【早安台】鵺！起床囉！｜機器人追野豬囉～【小鵺野紗音／芥川組】#初見歡迎 ＃歡迎降落,2026-04-21T22:00:00Z,https://www.youtube.com/watch?v=CGutRPHBuFE,https://i.ytimg.com/vi/CGutRPHBuFE/mqdefault_live.jpg
0715c3b900ad423fa1b981cf4fc15c8f,upcoming,《雜談》百聞不如一見開眼啦開眼啦!!初見桑歡迎~,2026-04-21T22:00:00Z,https://www.youtube.com/watch?v=xpJFHw8rM6Q,https://i.ytimg.com/vi/xpJFHw8rM6Q/mqdefault_live.jpg
7aca9b05fe654223a3702531383002a8,live,【貓卷】彩虹天要努力肝~,2026-04-21T22:06:40Z,https://www.twitch.tv/elfindill,https://static-cdn.jtvnw.net/previews-ttv/live_user_elfindill-{width}x{height}.jpg
51fc95cfca444f03abe9a50acf8f85e6,live,早安,2026-04-21T22:08:13Z,https://www.twitch.tv/smallseafood,https://static-cdn.jtvnw.net/previews-ttv/live_user_smallseafood-{width}x{height}.jpg
976e0cf401784d3f874dc85b2b2c5839,upcoming,04月20日 ➠ [ 晨間雜談 ] 來募集讓人生氣的問題！ #Luponing [ ReliveLupo］,2026-04-21T22:30:00Z,https://www.youtube.com/watch?v=ReiVgKRIc1g,https://i.ytimg.com/vi/ReiVgKRIc1g/mqdefault_live.jpg
cc882664d9794fb88b06a5a0aa1591ae,upcoming,🔴4月22日 月川早晨3D💙香港天氣報告﹑交通消息、凌晨新聞摘要﹑星座運程﹑連登Threads趣聞 即時最新突發資訊全攻略｜月川MoonRiver #天氣 #新聞 #直播 #VTuber,2026-04-21T23:00:00Z,https://www.youtube.com/watch?v=HGhGRHYkuW0,https://i.ytimg.com/vi/HGhGRHYkuW0/mqdefault_live.jpg
7f9d223a684e44e8b8d30bedcc07f1fa,upcoming,[#雜談] 如果冷凍是時間暫停器 那冷藏是時光加速器⚡初見歡迎來聊天[柴可CHAKO],2026-04-21T23:00:00Z,https://www.youtube.com/watch?v=7QrWVST9ccY,https://i.ytimg.com/vi/7QrWVST9ccY/mqdefault_live.jpg
843d99233b474827a2f0bc417ffd3852,upcoming,【抹茶】02/19｜新年加班D1 *(°̀ᗝ°́)و 抹茶の新年開工儀式 加班台啟動!! 新的酷酷轉盤等著你 ♡ 自主訂閱｜ @isuzumaccha ｜!委託 !斗內 !加班 !魔儲 #茶室營業中,2026-04-21T23:00:00Z,https://www.youtube.com/watch?v=kfv2YfNG3k0,https://i.ytimg.com/vi/kfv2YfNG3k0/mqdefault.jpg
15e4450f63904e50907dc93fee446fd2,upcoming,【Elden Ring】早上7:30打法環是有什麼心事嗎 ft.梅教練 @Relive_Meteor  ✦海色水晶Kristal✦ 初見歡迎 降落歡迎,2026-04-21T23:30:00Z,https://www.youtube.com/watch?v=xRN78rfgWOk,https://i.ytimg.com/vi/xRN78rfgWOk/mqdefault_live.jpg
80dda735a7784d7fb999892874a05f0c,upcoming,【作業雜談】⚠️露手、手作。自己的手作自己做✌️【爪爪貓｜Tsumeneko】,2026-04-22T00:00:00Z,https://www.youtube.com/watch?v=xR6S0zORQag,https://i.ytimg.com/vi/xR6S0zORQag/mqdefault_live.jpg
5fc94cdcf7594a3ba5ce001ba405d3be,upcoming,【还债練歌】咕咕嘎嘎呀——————嘎油！ | 马来西亚V |   #vtuber中文  #馬來西亞vtuber,2026-04-22T00:00:00Z,https://www.youtube.com/watch?v=wLm_QMdj84s,https://i.ytimg.com/vi/wLm_QMdj84s/mqdefault_live.jpg
e11a32eec71e4b49aba5525ba012a02a,upcoming,【遊戲│逆轉裁判2】 #10 一大早讓我們會會御劍寶貝跟華宮小姐👊【納希斯Narciss】#初見歡迎,2026-04-22T00:00:00Z,https://www.youtube.com/watch?v=TISC1O9cIx8,https://i.ytimg.com/vi/TISC1O9cIx8/mqdefault_live.jpg
ad56a56e509c4b6fa0cf11ca959e3c72,upcoming,【早安】挑戰200個讚&初見20人 今天也一起加油！還要簽拍欠的拍立得  【白音エルル/白音艾露露】#おはようVtuber #早安 #Vtuber,2026-04-22T00:00:00Z,https://www.youtube.com/watch?v=SxTEUcb_Ops,https://i.ytimg.com/vi/SxTEUcb_Ops/mqdefault_live.jpg
28e0e0a574fe4deca3d5ded0aa5d64ef,upcoming,【早安台BUT輕聲細語】一起研究簡易ASMR Enjine！耳朵會癢癢的嗎？｜莫爾Belmoru,2026-04-22T00:00:00Z,https://www.youtube.com/watch?v=8EDDAiDHZeA,https://i.ytimg.com/vi/8EDDAiDHZeA/mqdefault_live.jpg
3e6a09fe4ef744f987e27ae0f06cdf09,upcoming,【晨知八073】日語讀書台：よくわかる琉球・沖縄史6 #白噪音 | 知花Chika,2026-04-22T00:00:00Z,https://www.youtube.com/watch?v=Hc3YlPF0_zc,https://i.ytimg.com/vi/Hc3YlPF0_zc/mqdefault_live.jpg
23ec5ecfb8c14ea893576783f1790643,upcoming,【劫羅】《早安台》🖤上班上課早起的人兒還有台看🖤要進來看看台嗎?【雜談】,2026-04-22T00:00:00Z,https://www.youtube.com/watch?v=LROHOrKWzQ0,https://i.ytimg.com/vi/LROHOrKWzQ0/mqdefault_live.jpg
8ae0f370cf124faa953a09089a427fd9,upcoming,【無聲掛台】#2 我只是想展現我的可愛,2026-04-22T00:00:00Z,https://www.youtube.com/watch?v=QP1olMTbOmA,https://i.ytimg.com/vi/QP1olMTbOmA/mqdefault_live.jpg
9cec24b011ee45648eb404066c997f49,upcoming,【週三早安熙八】這幾天看到一些社會新聞案件真的是好生氣，氣到智齒的縫線都快崩開了(X) (ﾒ ﾟ皿ﾟ)ﾒ █熙歌Cygnus,2026-04-22T00:00:00Z,https://www.youtube.com/watch?v=GjOJPRBfimk,https://i.ytimg.com/vi/GjOJPRBfimk/mqdefault_live.jpg
73827056b15849549388f720dde25c01,upcoming,【早安璃好】早安，美好的一天！蒐集150個早安☀️【菲兒琉卡】｜風鈴檔案W.C.A #初見歡迎 #降落歡迎,2026-04-22T00:30:00Z,https://www.youtube.com/watch?v=Ju-3GLkcfMs,https://i.ytimg.com/vi/Ju-3GLkcfMs/mqdefault_live.jpg
175cfc69dbb34f1a8987f24a935db17f,upcoming,【早安】來人啊 來治治懶癌末期  †MAYÜ,2026-04-22T00:30:00Z,https://www.youtube.com/watch?v=yjsg8FPMVHY,https://i.ytimg.com/vi/yjsg8FPMVHY/mqdefault_live.jpg
510bdce263cc479ca12d1fad64bfc65e,upcoming,【工作雜談】嗚嗚嗚，剪輯師說我是柳如煙，我不活了!!! (2026/04/22),2026-04-22T01:00:00Z,https://www.youtube.com/watch?v=6M0Ma4Z7ejc,https://i.ytimg.com/vi/6M0Ma4Z7ejc/mqdefault_live.jpg
f53807443055490f87b85ded6caee0aa,upcoming,【早汪電台】4/22 薪水小偷來雜談 | 可樂月月 ColaMoon,2026-04-22T01:00:00Z,https://www.youtube.com/watch?v=ZNpbdxmyZ9s,https://i.ytimg.com/vi/ZNpbdxmyZ9s/mqdefault_live.jpg
1e59cd43a10a44edb1407fb8ba8529a8,upcoming,心动小镇 歡迎來一起玩吧(。・ω・。) [马来西亚Vtuber ],2026-04-22T01:00:00Z,https://www.youtube.com/watch?v=BEkElwl40Bw,https://i.ytimg.com/vi/BEkElwl40Bw/mqdefault_live.jpg
cf38ee666e104dce949c195f5ac58da2,upcoming,【戰旗/AR/貓咪大戰爭】4/22 無法想像高雄的夏天會有多熱 我選擇在家開冷氣,2026-04-22T01:00:00Z,https://www.youtube.com/watch?v=N3liuN3jyPc,https://i.ytimg.com/vi/N3liuN3jyPc/mqdefault_live.jpg
40c846b91c4a44a980eddf20f0f789c0,upcoming,🩵˙˚ ᕱ⑅ᕱ ˚˙[圖奇雙開!!!連動 w/ 紫木樨&雪下靈狐 APEX APEX!!!!]音量注意(⸝⸝⸝´ꇴ`⸝⸝⸝),2026-04-22T01:00:00Z,https://www.youtube.com/watch?v=E74c-WfOmCc,https://i.ytimg.com/vi/E74c-WfOmCc/mqdefault_live.jpg
89742766181f469b807f397325a2a6bf,upcoming,【早安台】收集50個讚讚 陪你上班上課吃早餐~  | 初見 醬肉大歡迎 | 朝著萬訂邁進中 | 達克涅絲,2026-04-22T01:00:00Z,https://www.youtube.com/watch?v=1qOCG61zabA,https://i.ytimg.com/vi/1qOCG61zabA/mqdefault_live.jpg
5fbcb045887b4a87878773dbf5f63e26,upcoming,【健身還不完 #16 】  #初見歓迎 #降落歡迎 『八上菟比Yakami Tubi』 #八上菟比 #TubiShow #健身還不完,2026-04-22T01:00:00Z,https://www.youtube.com/watch?v=3CZkYq9UnTQ,https://i.ytimg.com/vi/3CZkYq9UnTQ/mqdefault_live.jpg
788611c913b04d999011628637657bee,upcoming,惡靈古堡2 🎮 玩一整天的我484瘋了 △ 米婭,2026-04-22T01:30:00Z,https://www.youtube.com/watch?v=nFF7zbU8KQ4,https://i.ytimg.com/vi/nFF7zbU8KQ4/mqdefault_live.jpg
7c00b7dc73a240dc84d68be389732a0c,upcoming,朝活🌟人類眷養計畫🌸櫻花莊的朋友收藏冊【櫻野露】,2026-04-22T02:00:00Z,https://www.youtube.com/watch?v=A1RYvIUMY1A,https://i.ytimg.com/vi/A1RYvIUMY1A/mqdefault_live.jpg
696e947cd8624e609553d6786d21f11c,upcoming,【OPUS：心相吾山】#3 前進大結局！ | 夢見ルノ,2026-04-22T02:00:00Z,https://www.youtube.com/watch?v=1Mq8Tu2KEhA,https://i.ytimg.com/vi/1Mq8Tu2KEhA/mqdefault_live.jpg
d35707348d554507a98f97eb59230efc,upcoming,【活俠傳／配音】#24［二周目#13］讓你監守自盜！和小師妹情意互通後，還有哪些關卡要過呢？【天櫻咲樂/VTuber】,2026-04-22T02:00:00Z,https://www.youtube.com/watch?v=wOVOO7bspvQ,https://i.ytimg.com/vi/wOVOO7bspvQ/mqdefault_live.jpg
5d2231ea88fd474d8a11e5a759899216,upcoming,【新聞雜談✦04/22】早安還是午安【十六月OctJun】,2026-04-22T02:00:00Z,https://www.youtube.com/watch?v=is3POEm3Ld4,https://i.ytimg.com/vi/is3POEm3Ld4/mqdefault_live.jpg
20aa88e16d77400b9bc4e72df1b2a588,upcoming,【GRWM晨雜】今天早餐要吃什麼、大家喜歡週三嗎、對毒雞湯的看法｜若禾Nyaka #vtuber #初見歡迎 #降落歡迎,2026-04-22T02:00:00Z,https://www.youtube.com/watch?v=KfnsUlCUYCE,https://i.ytimg.com/vi/KfnsUlCUYCE/mqdefault_live.jpg
c65e7caaf81a43249d5132b9fe312b24,upcoming,Bear Just Chatting About Bear Things,2026-04-22T02:30:00Z,https://www.youtube.com/watch?v=1UBP-8HcG9E,https://i.ytimg.com/vi/1UBP-8HcG9E/mqdefault_live.jpg
538d1d2058da4bdea1c7f43f088e995b,upcoming,初見歓迎＆朝活雜談☀️為100人施展快樂魔法✨從現在開始...我想成為不讓自己丟臉的精靈🙏每天15分鐘的小投資，讓你的世界變得更加寬闊｜治癒系Vtuber ✟ 希蘿亞Siroya,2026-04-22T02:30:00Z,https://www.youtube.com/watch?v=J1cWmGOR6PY,https://i.ytimg.com/vi/J1cWmGOR6PY/mqdefault_live.jpg
a000aa1d3ea7489c993277d33ab2457e,upcoming,【午餐配月】午安~感覺最近很容易淺眠完蛋啦 ! ⌇幻月Moondogs,2026-04-22T03:00:00Z,https://www.youtube.com/watch?v=HYAeetx75Jo,https://i.ytimg.com/vi/HYAeetx75Jo/mqdefault_live.jpg
ef67b676c0334ef182151f473469c1f1,upcoming,【 午間尼聲🎤 】上班補給站☀️在咖啡廳裡 我們不聊屎尿屁｜小丑VTuber🤡｜尼皮NiPi ✖️🔴✖️｜,2026-04-22T04:00:00Z,https://www.youtube.com/watch?v=HONSglixsf0,https://i.ytimg.com/vi/HONSglixsf0/mqdefault_live.jpg
4544974bc5624035ae7bb0c9ed33e44e,upcoming,【薪水小偷】3D倒數兩天!!!【瓦西瓦瓦 / Vaswawa】,2026-04-22T04:00:00Z,https://www.youtube.com/watch?v=6sKVnzNdGX4,https://i.ytimg.com/vi/6sKVnzNdGX4/mqdefault_live.jpg
8774553046cb47a9b5165c15feb01e84,upcoming,🫰【#午餐台💫】新鮮玫瑰要入菜??今天亂煮系列💎#中之露出 💧⌇ パパ 𖥻 帕比咪帕比波 ♡ #地獄料理,2026-04-22T04:00:00Z,https://www.youtube.com/watch?v=jG_M_4hbKNU,https://i.ytimg.com/vi/jG_M_4hbKNU/mqdefault_live.jpg
c4bc52355d334a98bdaa1e57c05673ad,upcoming,【✿皇帝聊天室✿】你的午休小夥伴來啦✨薪水小偷集合起來~一起喝下午茶吧！【Karin Ch.花燐】 #歡迎初見 #歡迎降落,2026-04-22T04:00:00Z,https://www.youtube.com/watch?v=ZapI6iKdj7U,https://i.ytimg.com/vi/ZapI6iKdj7U/mqdefault_live.jpg
80f7b111f0e044abae4c37f6a96b5957,upcoming,【#歌枠】30分鐘不間斷歌回✨30分ノンストップ✨バラード縛り！【#DevilithViolustre 】,2026-04-22T04:00:00Z,https://www.youtube.com/watch?v=EaeqsWGM3Rs,https://i.ytimg.com/vi/EaeqsWGM3Rs/mqdefault_live.jpg
bc7d14416ba24cc8819f0753e1f595f5,upcoming,【12 Hours Stream Challenge 】Oh my god I'm gonna be here for 12 hours?!,2026-04-22T05:00:00Z,https://www.youtube.com/watch?v=-cklSYMU9rA,https://i.ytimg.com/vi/-cklSYMU9rA/mqdefault_live.jpg
08d8f03223a54fb3807d49fb7c30b434,upcoming,【】Minecraft【】在方塊世界冒險囉!【】雪月Yuzuki feat.神秘嘉賓【】,2026-04-22T05:00:00Z,https://www.youtube.com/watch?v=-WvzZbEDQ2o,https://i.ytimg.com/vi/-WvzZbEDQ2o/mqdefault_live.jpg
f94ba8ea1a5441c4852d53e8f528ee20,upcoming,【薩爾達傳說 曠野之息#11】\全神廟挑戰/  林克還未想救公主...  ❣   歡迎初見、聊天、掛台 【 千里せんり】#zelda #switch2,2026-04-22T05:30:00Z,https://www.youtube.com/watch?v=qprE40afpzc,https://i.ytimg.com/vi/qprE40afpzc/mqdefault_live.jpg
4865c3feac234584909168181b7dc2be,upcoming,【讀書STUDY WITH ME/初見歡迎】西西今天我要挑戰一小時下波【TozenjiYou】,2026-04-22T06:00:00Z,https://www.youtube.com/watch?v=psvIujeXCX8,https://i.ytimg.com/vi/psvIujeXCX8/mqdefault_live.jpg
c61d5dd825d5423fac8fd1bc0596d1ff,upcoming,《歌回》廢話不多說就是英文歌回!!! │火吻怪盜卡門  #新人Vtuber #火熱公測,2026-04-22T06:00:00Z,https://www.youtube.com/watch?v=6VMpY9eBPfA,https://i.ytimg.com/vi/6VMpY9eBPfA/mqdefault_live.jpg
8f0b41303e8a481689fe4309a565ecd3,upcoming,[ 還債工作台 ] ✨  #初見歡迎 💙,2026-04-22T06:00:00Z,https://www.youtube.com/watch?v=KAISR6tyUvs,https://i.ytimg.com/vi/KAISR6tyUvs/mqdefault_live.jpg
a3c6cbf76630432c83fa5277388be97c,upcoming,【ASMR|黑3Dio】天使來溫柔的治癒你♥︎|優しくあなたを癒します♥︎耳マッサージ♥︎囁き♥︎吐息|cleaningEars♥︎whispering♥︎EarMessage【夢宮色羽VTUBER】,2026-04-22T06:00:00Z,https://www.youtube.com/watch?v=qPOKwmWpDYM,https://i.ytimg.com/vi/qPOKwmWpDYM/mqdefault_live.jpg
7870ac4364ca4c97a4dfe7474251bf5b,upcoming,【工作透懶】拼圖！拼拼圖！快點來跟我拼拼圖！｜薄葉透UsubaToru｜ SDS,2026-04-22T06:00:00Z,https://www.youtube.com/watch?v=3WEErAuN2M8,https://i.ytimg.com/vi/3WEErAuN2M8/mqdefault_live.jpg
5d2231ea88fd474d8a11e5a759899216,upcoming,【Thank Goodness You're Here!】卡通風格的2D喜劇冒險遊戲！又是阿郡最愛的手繪風格！【十六月OctJun】,2026-04-22T06:00:00Z,https://www.youtube.com/watch?v=uYUivVEs56k,https://i.ytimg.com/vi/uYUivVEs56k/mqdefault_live.jpg
5a934764983e45959855735b79bcc90e,upcoming,〖#步想唱歌〗今天的我還是變得渺小｜🤖量產型猫飼步歌貳貳機🐱 Fuka22,2026-04-22T06:00:00Z,https://www.youtube.com/watch?v=iHg-cgISPz0,https://i.ytimg.com/vi/iHg-cgISPz0/mqdefault_live.jpg
107ad23090e649b8935850f3d78ded99,upcoming,"【戰鎚40K：行商浪人】逛逛落腳港（Warhammer 40,000: Rogue Trader）#9🦊遊戲Gaming【Le² Hooni 狐泥】個人勢Vtuber",2026-04-22T06:15:00Z,https://www.youtube.com/watch?v=WbySbGqER8Y,https://i.ytimg.com/vi/WbySbGqER8Y/mqdefault_live.jpg
74ef34317983453ab86223490eba4f6e,upcoming,【雜談】好久不見！一起分享最近有趣的事情吧！｜桃芽鹿妮MomogaLuni,2026-04-22T06:30:00Z,https://www.youtube.com/watch?v=w9DEPxSHsVI,https://i.ytimg.com/vi/w9DEPxSHsVI/mqdefault_live.jpg
2bf038f2a9514434aefa4ef7b2140f56,upcoming,【吉他歌雜】適合午後聽的吉他歌雜☀️藍色飛鼠的歌聲陪伴你｜涅露茉茉NeruMomo,2026-04-22T07:00:00Z,https://www.youtube.com/watch?v=Td7QEtpME5A,https://i.ytimg.com/vi/Td7QEtpME5A/mqdefault_live.jpg
5ed5801d24c7412fa3fa65a82124aad0,upcoming,【PRAGMATA】人機迷網#1 背著絕世ㄌㄌ開始迷路💫【棲蒔】,2026-04-22T07:00:00Z,https://www.youtube.com/watch?v=NxbEfxsbBN0,https://i.ytimg.com/vi/NxbEfxsbBN0/mqdefault_live.jpg
07c204505d544b28bb52426d0665a59c,upcoming,【遊戲】崩鐵4.2 劇情等等再說!!貓貓糕GOGO!!【幽櫻雪梓SakuraYukizusa】 #Vtuber #貨真價食 #崩鐵 #崩壞星穹鐵道,2026-04-22T07:00:00Z,https://www.youtube.com/watch?v=LWhVjQYMnAo,https://i.ytimg.com/vi/LWhVjQYMnAo/mqdefault_live.jpg
f4ff6f40be3a4294ac1fe3e475421377,upcoming,【 #繪雜 】在綫繪製校服衣裝 - 慢慢畫 (っ´ω`c) ☾ #馬來西亞vtuber #MYVT,2026-04-22T07:00:00Z,https://www.youtube.com/watch?v=NCSXKI3dvfM,https://i.ytimg.com/vi/NCSXKI3dvfM/mqdefault_live.jpg
25388daec64e40f38ca0e5a3a88fedb7,upcoming,【午後工作台📋】工作台就不要計較封面了,2026-04-22T07:00:00Z,https://www.youtube.com/watch?v=31iPIM8xje8,https://i.ytimg.com/vi/31iPIM8xje8/mqdefault_live.jpg
9f7bf6b3d935460e83896a0fe28012e9,upcoming,《 #心動小鎮 》變得越來越可愛了💗圖奇有雙開喔～｜#初見歡迎 #台灣vtuber,2026-04-22T07:30:00Z,https://www.youtube.com/watch?v=Q7ouTG9gYb8,https://i.ytimg.com/vi/Q7ouTG9gYb8/mqdefault_live.jpg
d80f5bc1e3ce4c35aa3eced40cc3bddc,upcoming,如果你不再😢｜如果你不再出現，我會有什麼想法❓如同主播會畢業，也許觀眾也會從主播的頻道畢業😭｜司淇 #初見歓迎 #歡迎降落,2026-04-22T08:00:00Z,https://www.youtube.com/watch?v=lExjK05Yqho,https://i.ytimg.com/vi/lExjK05Yqho/mqdefault_live.jpg
729621ce509b4641ad8cde76dec037d0,upcoming,✧歌回#200✧第200回紀念！固定週三快樂歌回！！希妮·亞里絲🤍SinnieAris✨ #哥勢,2026-04-22T08:00:00Z,https://www.youtube.com/watch?v=lMmyFq08ma4,https://i.ytimg.com/vi/lMmyFq08ma4/mqdefault_live.jpg
3d46fb16bc2c48fb8f12a647cf5ec702,upcoming,【惡靈古堡馬拉松 - Resident Evil 0】繼續0！背包空間真的會中風...【犬神幽乃詩／芥川組】 #biohazard  #residentevil  #gaming,2026-04-22T09:00:00Z,https://www.youtube.com/watch?v=Mls86ivoteM,https://i.ytimg.com/vi/Mls86ivoteM/mqdefault_live.jpg
aa1ff405338c41b98ff7197eb4d90349,upcoming,【耶下班摟歌回】邊唱邊練邊唱邊練  ૮ ・ﻌ・ა【雪迎】,2026-04-22T09:00:00Z,https://www.youtube.com/watch?v=1PA1Fo2DfD0,https://i.ytimg.com/vi/1PA1Fo2DfD0/mqdefault_live.jpg
6abc6d7010ed4b7a88b2566b171c9005,upcoming,【遊戲】禍殃｜天色尚亮來試試水溫  #墨生 #初見歡迎 #歡迎降落,2026-04-22T09:00:00Z,https://www.youtube.com/watch?v=ZEVcGYp-MB4,https://i.ytimg.com/vi/ZEVcGYp-MB4/mqdefault_live.jpg
e810dcd23c334fd184d254718517764e,upcoming,【WH40K: FW | 烈焰戰錘】上上善道拳打迷信人類【香港Vtuber】,2026-04-22T09:00:00Z,https://www.youtube.com/watch?v=3hqhfHGY-tk,https://i.ytimg.com/vi/3hqhfHGY-tk/mqdefault_live.jpg
2f0a0ee6478c45ae8af28953b4c370be,upcoming,殘酷二選一✦今天要來點什麼刺激的主題呢｛愉快販｝#初見歡迎,2026-04-22T09:00:00Z,https://www.youtube.com/watch?v=NvRmBRIJ0UU,https://i.ytimg.com/vi/NvRmBRIJ0UU/mqdefault_live.jpg
a5681ed32f994c57a107a0b9248fb228,upcoming,【星空下的聚會】雜談✦聊一下最近的事✦初見歡迎｜星花 露娜娜,2026-04-22T09:00:00Z,https://www.youtube.com/watch?v=bnnfaSTCqfI,https://i.ytimg.com/vi/bnnfaSTCqfI/mqdefault_live.jpg
d475848a566848dc9f6ad02707d87e2a,upcoming,【文字化化】聽唔明哩個靚仔講咩⋯⋯【HKVTuber/Ding】,2026-04-22T09:00:00Z,https://www.youtube.com/watch?v=ihNJl3KEQsc,https://i.ytimg.com/vi/ihNJl3KEQsc/mqdefault_live.jpg
ab19e58312b74ebd9b68e27aeb0adde5,upcoming,【HomeWork Is Crazy】嗚嗚嗚嗚我要重讀小學 【宮森えりな】,2026-04-22T10:00:00Z,https://www.youtube.com/watch?v=7ZlfIUe1tyw,https://i.ytimg.com/vi/7ZlfIUe1tyw/mqdefault_live.jpg
6c872a4043b84e4493877a42af684d1d,upcoming,「#宇宙歌枠 284」聽歌等下班！  初見歡迎  Singing stream【銀河Galaxy】,2026-04-22T10:00:00Z,https://www.youtube.com/watch?v=VuYl6eeHirs,https://i.ytimg.com/vi/VuYl6eeHirs/mqdefault_live.jpg
645fc774332a469ebd03f1a822ebe2be,upcoming,【收工正能量#113】台主本人就係正能量！【紡霊拉比】,2026-04-22T10:00:00Z,https://www.youtube.com/watch?v=CiCpEJaObV4,https://i.ytimg.com/vi/CiCpEJaObV4/mqdefault_live.jpg
445a732fc0f64712b3213b4cd98fbdd3,upcoming,【Forza Horizon 5】好久沒玩地平線了，來回顧一下墨西哥之旅，輕鬆的一起開車兜風，一起來久違的飆車吧~【青羽まことAohane Makoto Ch.】,2026-04-22T10:00:00Z,https://www.youtube.com/watch?v=DHbiIwmpc7E,https://i.ytimg.com/vi/DHbiIwmpc7E/mqdefault_live.jpg
c25e6f38d6df447e84c4747ba6ac75cc,upcoming,【 雜談 】熵持續增加的日常，我們生存還是生活？【 安特羅迦Entrovia 】,2026-04-22T10:00:00Z,https://www.youtube.com/watch?v=RVLP-Xld8Do,https://i.ytimg.com/vi/RVLP-Xld8Do/mqdefault_live.jpg
fa83a68ebfff419983124d69373ede6f,upcoming,【歌雜】一起唱唱歌聊聊天吧！歡迎點熊熊歌單內的歌唷！【熊野紅葉Kumano Momiji】,2026-04-22T10:00:02Z,https://www.youtube.com/watch?v=1GnrzUfW4RE,https://i.ytimg.com/vi/1GnrzUfW4RE/mqdefault_live.jpg
c88554bbf263412da16e7a17fd03e467,upcoming,【九日Nine Sols】完全初見!! 聽說這遊戲很難!? 證明遊戲實力的時刻到啦~ #1   ☁ 天蕓茶茶 ☁,2026-04-22T10:30:00Z,https://www.youtube.com/watch?v=mlm4_vkKgxg,https://i.ytimg.com/vi/mlm4_vkKgxg/mqdefault_live.jpg
468c9630d37b4c41bb6b0305dc1143cf,upcoming,「六周年紀念歌回」千呼萬喚！那個籌備了五年的斗內歌回終於要在六周年的這天實現了！  #歌回,2026-04-22T10:30:00Z,https://www.youtube.com/watch?v=PPvWliutS0c,https://i.ytimg.com/vi/PPvWliutS0c/mqdefault_live.jpg
191998e9f0ec4d67a19da194af311636,upcoming,ʚ 見習巫女的遊戲修行 ɞ 3.3版到來前，是不是還有很多事情要做啊～｜鳴潮｜鬼塚夏實｜,2026-04-22T11:00:00Z,https://www.youtube.com/watch?v=dIoOBeTGCcs,https://i.ytimg.com/vi/dIoOBeTGCcs/mqdefault_live.jpg
ca8d038d311e4cccb2deded15cee89cd,upcoming,「絕地戰兵2」打打戰兵(20260422 #參加型實況 #絕地戰兵2,2026-04-22T11:00:00Z,https://www.youtube.com/watch?v=HGUitCxAYnk,https://i.ytimg.com/vi/HGUitCxAYnk/mqdefault_live.jpg
7870ac4364ca4c97a4dfe7474251bf5b,upcoming,【艾爾登法環】EP16 花蕾聖女耐久?!這隻到底有什麼魅力可以讓我這麼痛苦...｜薄葉透UsubaToru｜ SDS,2026-04-22T11:00:00Z,https://www.youtube.com/watch?v=2elOQYaIbqc,https://i.ytimg.com/vi/2elOQYaIbqc/mqdefault_live.jpg
44af52f7f6aa487e850b3d261947205b,upcoming,【姐姐陪聊】喜歡溫柔姐系的朋友~今天來讓百壹姐姐陪伴你吧【貓屋敷百壹／芥川組】,2026-04-22T11:00:00Z,https://www.youtube.com/watch?v=n7nUKKT7yZU,https://i.ytimg.com/vi/n7nUKKT7yZU/mqdefault_live.jpg
a39733d216994010b34bf5033be01589,upcoming,SC越多胃越痛？當聊天室的抖內變成我的晚餐錢，簡直一發不可收拾！｜珂賽特Cosette #初見歓迎,2026-04-22T11:00:00Z,https://www.youtube.com/watch?v=EIChm6N1lAM,https://i.ytimg.com/vi/EIChm6N1lAM/mqdefault_live.jpg
de7f8ba1753d4e4cb95e6ac99007eacc,upcoming,〖CHAT〗留聲機雜談｜人與人之間的距離要多少才算合適？ #SkyLyve #歡迎初見,2026-04-22T11:00:00Z,https://www.youtube.com/watch?v=UwTjU2ns6nQ,https://i.ytimg.com/vi/UwTjU2ns6nQ/mqdefault_live.jpg
5fbcb045887b4a87878773dbf5f63e26,upcoming,【歌雜】練練歌~唱唱歌~再兩天就放假了~『八上菟比Yakami Tubi』 #歌枠 #初見歓迎 #降落歡迎 #八上菟比 #TubiShow,2026-04-22T11:00:00Z,https://www.youtube.com/watch?v=0lOXxW0HjY0,https://i.ytimg.com/vi/0lOXxW0HjY0/mqdefault_live.jpg
139f3f1818a2420aa35d5471adaf1a73,upcoming,🐰【空洞騎士：絲綢之歌🐛】#10 你是忘記了還是害怕想起來……是要過了沒QAQ 準備再來耳膜爆破了嗎？Hollow Knight: Silksong【愛庫娃ErosEkwa】,2026-04-22T11:30:00Z,https://www.youtube.com/watch?v=p9gNWR24G9M,https://i.ytimg.com/vi/p9gNWR24G9M/mqdefault_live.jpg
b516b71a9e8d43b8a377dabe1f9057dd,upcoming,【 #兔兔秘密花園2 】EP1我回來了✨火山孝子❤️‍🔥升級版!!!  |謝謝吱吱送的遊戲💕,2026-04-22T11:30:00Z,https://www.youtube.com/watch?v=xO110v4uJnE,https://i.ytimg.com/vi/xO110v4uJnE/mqdefault_live.jpg
4766ec1a407f4271bca77fb81487e81a,upcoming,奶雞🐔殺戮尖塔2 ft.很多人 pt.03,2026-04-22T12:00:00Z,https://www.youtube.com/watch?v=kwfny4bcovc,https://i.ytimg.com/vi/kwfny4bcovc/mqdefault_live.jpg
59c0d89447d54786966ba8ecd5649d63,upcoming,【 拍立得轉盤遊戲 】歐洲人們來挑戰看看吧 帶可愛的璃貓回家  #歡迎掛台 #歡迎降落,2026-04-22T12:00:00Z,https://www.youtube.com/watch?v=jBx_oduNBxo,https://i.ytimg.com/vi/jBx_oduNBxo/mqdefault_live.jpg
05be4fb717614738a87daac46157ddb1,upcoming,【日文企劃：AI真的懂嗎？】聽說ＡＩ不懂擬聲和擬態詞？用ＡＩ輔助自學日文行得通嗎？ #藥師寺丹,2026-04-22T12:00:00Z,https://www.youtube.com/watch?v=T80lYpFDuUU,https://i.ytimg.com/vi/T80lYpFDuUU/mqdefault_live.jpg
a2c7c34474174cd2bffcc17a32aeec21,upcoming,【#歌枠】演算法好像喜歡 #初見歓迎 #降落歡迎,2026-04-22T12:00:00Z,https://www.youtube.com/watch?v=boqNMMpDmgI,https://i.ytimg.com/vi/boqNMMpDmgI/mqdefault_live.jpg
2a897c484c05483f9a46467e8f448314,upcoming,絆Kizuna 《只有月亮知道》 (Official Video),2026-04-22T12:00:00Z,https://www.youtube.com/watch?v=WhNQt8Rb7xI,https://i.ytimg.com/vi/WhNQt8Rb7xI/mqdefault.jpg
01ba034aab854ec680fe6f1ddc7008e2,upcoming,『#PRAGMATA 』養女兒養著養著就不想去幹別的事情了 #歡迎初見 #夏犬布魯斯 #blucelive,2026-04-22T12:00:00Z,https://www.youtube.com/watch?v=r4Z2C9G8xzo,https://i.ytimg.com/vi/r4Z2C9G8xzo/mqdefault_live.jpg
efe550a729e14dbab790a3f73205d8ed,upcoming,【#禍殃TheScourge 】聽說是越南版還願?! 尖叫預警!!!! | #MalaysiaVtuber #馬來西亞Vtuber【秋月イノリ | 秋月祁】,2026-04-22T12:00:00Z,https://www.youtube.com/watch?v=vvO3zXmIb74,https://i.ytimg.com/vi/vvO3zXmIb74/mqdefault_live.jpg
2be709cdd22f4a63a95504731ba79afd,upcoming,【收假雜談一番賞】台南超迷你小旅行+回老家，試圖擺爛休息依然失敗的一周【閻鈴YangLing・VTuber】,2026-04-22T12:00:00Z,https://www.youtube.com/watch?v=4Y3OM9OkGjA,https://i.ytimg.com/vi/4Y3OM9OkGjA/mqdefault_live.jpg
247215e876d24dae9932464b75fc577c,upcoming,【來看 Threads】來看龍民再 DC 分享的 Threads 文 | 高維爾聊天 #台灣Vtuber,2026-04-22T12:00:00Z,https://www.youtube.com/watch?v=xjgTRhTtCMU,https://i.ytimg.com/vi/xjgTRhTtCMU/mqdefault_live.jpg
9a7b7c9c31da44aca5a68395a2e69488,upcoming,【無声透明Vtuber】スーパーロボット大戦Y #40 【バ美肉、バ美声不使用】,2026-04-22T12:00:00Z,https://www.youtube.com/watch?v=qsf99fbr_ec,https://i.ytimg.com/vi/qsf99fbr_ec/mqdefault_live.jpg
5535c9524eb046c38e172ebfa06b302f,upcoming,🔵【崩壞：星穹鐵道】6+5『LV999銀狼』來我家！！🫣看直播競猜抽月卡！▹璐洛洛◃,2026-04-22T12:00:00Z,https://www.youtube.com/watch?v=uWuepGKvvto,https://i.ytimg.com/vi/uWuepGKvvto/mqdefault_live.jpg
ee7cfe445bc84d6fa7fff5df6fbf0d32,upcoming,【雜談】媽媽都是偉大的【水樹椿Tsubaki】#live #雜談 #vtuber,2026-04-22T12:00:00Z,https://www.youtube.com/watch?v=WlJvTvW0qWQ,https://i.ytimg.com/vi/WlJvTvW0qWQ/mqdefault_live.jpg
cbba76fd34d74307a9f826e03b8e4db5,upcoming,【VALORANT觀眾場】一起來練槍吧!人多就內鬥場! #歡迎降落【彩羽悠夢Yume】,2026-04-22T12:00:00Z,https://www.youtube.com/watch?v=-5uI8_b7ig8,https://i.ytimg.com/vi/-5uI8_b7ig8/mqdefault_live.jpg
6926325d2c1c4c4e87f7be69ab675d53,upcoming,【明天世界閱讀日】分享癮者近期圖書館借的書籍們~! #上癮中 #vtuber #雲端讀書會,2026-04-22T12:00:00Z,https://www.youtube.com/watch?v=ccRsEtYsNXg,https://i.ytimg.com/vi/ccRsEtYsNXg/mqdefault_live.jpg
6f9d63518a69442a88ac602a3b37bf18,upcoming,【波光神啟】台灣居然有拜大砲？你知道兔兒神是誰的守護神嗎？台灣的特殊神明～一次分享給大家唷～｜海月波波,2026-04-22T12:00:00Z,https://www.youtube.com/watch?v=97_T58dbN70,https://i.ytimg.com/vi/97_T58dbN70/mqdefault_live.jpg
247eca886f5c43188a3d6d3945e40636,upcoming,【兩千訂閱慶祝】終於到了...那個台詞...#新人VTUBER #台V #魔王會長休息中,2026-04-22T12:00:00Z,https://www.youtube.com/watch?v=plDI80evtHg,https://i.ytimg.com/vi/plDI80evtHg/mqdefault_live.jpg
cb94019fb4714e168b47d6757995efc3,upcoming,⚕︎遲來兩年的台灣迷因二選一！！迷因主播不是白叫的【涅爾菲/Alluria】,2026-04-22T12:00:00Z,https://www.youtube.com/watch?v=olKVwrvb548,https://i.ytimg.com/vi/olKVwrvb548/mqdefault_live.jpg
0f9d996c066a406dbe04161776c17461,upcoming,【The Floor Above】救命啊！🪑這房間爲什麽這麽多鬼啊？鬣崎米娜米】 #歡迎降落,2026-04-22T12:00:00Z,https://www.youtube.com/watch?v=oB7k54ccxI4,https://i.ytimg.com/vi/oB7k54ccxI4/mqdefault_live.jpg
260f0fb7a8b1421394c38114230479bb,upcoming,【石不石聊聊】刪除孩子的遊戲，是否正確的？這樣會提升成績？這次的roblox事件一起來聊聊吧 #初見大歡迎 #降落歡迎,2026-04-22T12:00:00Z,https://www.youtube.com/watch?v=LNMflCiLQGg,https://i.ytimg.com/vi/LNMflCiLQGg/mqdefault_live.jpg
12d506583827419e9eb3b64ec551a94d,upcoming,【RE9】討厭捏😬恐怖遊戲怎麼都喜歡地下室🤨我直接原地下道🚇,2026-04-22T12:00:00Z,https://www.youtube.com/watch?v=rJEBJElcB9I,https://i.ytimg.com/vi/rJEBJElcB9I/mqdefault_live.jpg
3082cc9c2e124fb3bf77cc799590042e,upcoming,【新聞台】2026年3月性別觀點新聞回顧,2026-04-22T12:00:00Z,https://www.youtube.com/watch?v=PO-f22Z_5gY,https://i.ytimg.com/vi/PO-f22Z_5gY/mqdefault_live.jpg
32a08f858ffb4d6aba0624647cf8cf2d,upcoming,【鳴潮#91】初見歡迎！聊聊周年慶卡池及抽卡規劃！深塔/海墟代打~,2026-04-22T12:00:00Z,https://www.youtube.com/watch?v=K7oaXp7-xx0,https://i.ytimg.com/vi/K7oaXp7-xx0/mqdefault_live.jpg
7b2d1d71057b4ac2a16109b980a99e28,upcoming,【雜談】早起開台第二十八天:打招呼台40人 初見歡迎 歡迎降落｜貓宮結乃 yuno channel,2026-04-22T12:00:00Z,https://www.youtube.com/watch?v=rmUqQAyDsiY,https://i.ytimg.com/vi/rmUqQAyDsiY/mqdefault_live.jpg
9a496e9b261f401dba4991a9f4c7048e,upcoming,【邪靈入侵🔹】最後蜜警官可以順利回到主世界嗎!  - 悠蜜Yomiii #馬來西亞vtuber #马来西亚vtuber,2026-04-22T12:00:00Z,https://www.youtube.com/watch?v=-ffxXgaV2U4,https://i.ytimg.com/vi/-ffxXgaV2U4/mqdefault_live.jpg
8ae0f370cf124faa953a09089a427fd9,upcoming,《樂高星際大戰：天行者傳奇》#3 三部曲：西斯大帝的復仇,2026-04-22T12:00:00Z,https://www.youtube.com/watch?v=p7DoQKw7eHY,https://i.ytimg.com/vi/p7DoQKw7eHY/mqdefault_live.jpg
a188f157d0384e0db5ae73605240d68b,upcoming,【春的好奇怪】校園戰男女🔥男生愛搞疊羅漢、女生愛搞小圈圈？主播們戰起來！ feat. 咲鼠、冰煉、神崎アルファ #初見歡迎【花咲小春/台灣Vtuber】,2026-04-22T12:00:00Z,https://www.youtube.com/watch?v=FApVVuZPmjE,https://i.ytimg.com/vi/FApVVuZPmjE/mqdefault_live.jpg
123c79d3170e451eae2f0cc3543621f3,upcoming,生誕線下live後日談！一起聊聊關於當天感動🩵ft.兔紙&毒藥|雨喵Yumeow #工作台  #降落歡迎 #初見歡迎,2026-04-22T12:00:00Z,https://www.youtube.com/watch?v=Om4uvSKU4bo,https://i.ytimg.com/vi/Om4uvSKU4bo/mqdefault_live.jpg
f928118054aa4e11aa4ec88504d8b886,upcoming,【默談LIVE】為何線下實體活動會失敗？來探討台V辦活動的難處與挑戰,2026-04-22T12:00:00Z,https://www.youtube.com/watch?v=TEF3BqDx7Kk,https://i.ytimg.com/vi/TEF3BqDx7Kk/mqdefault_live.jpg
def76c5c31fe4466b5ae6e6940ae6e58,upcoming,▶遊戲直播◁ NIKKE 妮姬 沒看番外篇絕對不懂3.5周年在做什麼 一起來看Pretty劇情❤【NAGISA凪砂 / HKVtuber】,2026-04-22T12:15:00Z,https://www.youtube.com/watch?v=4DwJeb04bYY,https://i.ytimg.com/vi/4DwJeb04bYY/mqdefault_live.jpg
a725f6babc5f44779d7389886c6cd7b7,upcoming,【REPO觀眾場】加入撿垃圾行列!!需安裝模組請提前裝好!!! 【＃VTuber/＃夜羽結伊子】,2026-04-22T12:30:00Z,https://www.youtube.com/watch?v=zf355Zac5OQ,https://i.ytimg.com/vi/zf355Zac5OQ/mqdefault_live.jpg
29294f0665864cee8bb2b48697b9e84f,upcoming,【 Resident Evil 6｜惡靈古堡6 】艾達篇｜UU今天要來當梨大小姐的跟班 Part.07 Ft.狸野梨【呦呦YUNYUN/VTuber】,2026-04-22T12:30:00Z,https://www.youtube.com/watch?v=jg-b30xr_Hw,https://i.ytimg.com/vi/jg-b30xr_Hw/mqdefault_live.jpg
0bf305da1ec14c5c8447b9a007bc81f6,upcoming,【雜談】觀眾投稿角色設定！一起來用AI創作蘿蜜歐與忽必烈，還是你吃豬剛鬣？【卯月鈴菟】#初見歡迎 #降落歡迎,2026-04-22T12:30:00Z,https://www.youtube.com/watch?v=E1s-UuZFecU,https://i.ytimg.com/vi/E1s-UuZFecU/mqdefault_live.jpg
7ae1c13d53fb44f49f386eef43c63ee4,upcoming,【#游戲】 星鉄 | Part 1 主线故事4.2 版本「如是，眾生歡笑不已」开启✨,2026-04-22T12:30:00Z,https://www.youtube.com/watch?v=qgG65Seu8XI,https://i.ytimg.com/vi/qgG65Seu8XI/mqdefault_live.jpg
9031798ec1884b52b17df470b6c379b2,upcoming,【推理之夜】狼人殺《石像鬼守墓人》🍁 什麼叫做狼人也找不到自己隊友？ ft.很多人【芒楓】,2026-04-22T12:30:00Z,https://www.youtube.com/watch?v=6NhD3zXsOlw,https://i.ytimg.com/vi/6NhD3zXsOlw/mqdefault_live.jpg
40c846b91c4a44a980eddf20f0f789c0,upcoming,🩵˙˚ ᕱ⑅ᕱ ˚˙[圖奇雙開!APEX 兔兔生日娛樂賽]音量注意(⸝⸝⸝´ꇴ`⸝⸝⸝),2026-04-22T12:30:00Z,https://www.youtube.com/watch?v=Xn7mdAKf-Ig,https://i.ytimg.com/vi/Xn7mdAKf-Ig/mqdefault_live.jpg
02dadd7977b8412b99f101241de4cb3f,upcoming,【柏德之門3 V朋聯動】一起在DND的世界裡探索囉！#28,2026-04-22T12:30:00Z,https://www.youtube.com/watch?v=QdKLuNi0BaA,https://i.ytimg.com/vi/QdKLuNi0BaA/mqdefault_live.jpg
ed3f69b9de7c43f3a32b4e7dfdb5bfd0,upcoming,【芙蘿拉】露手注意♡一年一度的生日來拉〃•ω‹〃【禮物開箱】,2026-04-22T12:30:00Z,https://www.youtube.com/watch?v=POZHjGwb5vQ,https://i.ytimg.com/vi/POZHjGwb5vQ/mqdefault_live.jpg
220353f9b2634c84953cc7d243fbc6a0,upcoming,【貓咪大戰爭】真傳跟異界都好難啊~~【回家部/庚庚】,2026-04-22T12:30:00Z,https://www.youtube.com/watch?v=XyFTiaw_cxk,https://i.ytimg.com/vi/XyFTiaw_cxk/mqdefault_live.jpg
46ca57774cd7476d86727882d07bd918,upcoming,✧ Minecraft ✧ 麥塊入住企劃#5、終於完成任務要來蓋展示屋正式入住啦 .ᐟ.ᐟ #朝歌夜遊 #遊戲 #麥塊 #初見歡迎 #降落歡迎,2026-04-22T12:30:00Z,https://www.youtube.com/watch?v=_saMspKDGjo,https://i.ytimg.com/vi/_saMspKDGjo/mqdefault_live.jpg
d334f3b3ba8b4e43bd7b5a237a7b4476,upcoming,【陪伴·作業】Live2D作業台—— 我做得完嗎？我真的來得及嗎？（絕望中） | 百里羽 #馬來西亞vtuber  #马来西亚vtuber #初見歡迎,2026-04-22T12:30:00Z,https://www.youtube.com/watch?v=s-SZGg8kXXA,https://i.ytimg.com/vi/s-SZGg8kXXA/mqdefault_live.jpg
acc6cc72bdb74a74a719cc41baf0aade,upcoming,【遊戲】VALORANT 特戰英豪｜瓦羅蘭觀眾場🔫🔫不嫌棄我可以++🤭 #初見歡迎 #歡迎降落 #TeraTime【Cake's】,2026-04-22T13:00:00Z,https://www.youtube.com/watch?v=tu077EZ60i0,https://i.ytimg.com/vi/tu077EZ60i0/mqdefault_live.jpg
1bf9786ba55042b9ae3294dadfc7b40d,upcoming,【文字遊戲世界】平行世界的冒險！【はくこ】,2026-04-22T13:00:00Z,https://www.youtube.com/watch?v=CgdbMY064_o,https://i.ytimg.com/vi/CgdbMY064_o/mqdefault_live.jpg
43e557d175ce462b97c4c406954d8c04,upcoming,🎄【🦊Super Animal Royale】三人行必冇bacon？ \ 初見歡迎！/【⭐一隻阿橋 | 粵語 | HKVtuber🐿️】【22.04.2026】🎄,2026-04-22T13:00:00Z,https://www.youtube.com/watch?v=pLkiVzRTahs,https://i.ytimg.com/vi/pLkiVzRTahs/mqdefault_live.jpg
177fe395a2704d10add06cb1466fa254,upcoming,【歌回】唱適合晚上唱的歌，其實我也可以是溫柔之人(吧),2026-04-22T13:00:00Z,https://www.youtube.com/watch?v=s3niM7j56Xs,https://i.ytimg.com/vi/s3niM7j56Xs/mqdefault_live.jpg
6ddea98137e2429eb0e9c4025ad9294f,upcoming,【遊戲】原神 今天想輕鬆探索然後弄一下塵歌壺的事! 打在標題就不會忘記了吧!!! | 韶花 #初見歡迎 #降落歡迎,2026-04-22T13:00:00Z,https://www.youtube.com/watch?v=rFwzTRBcDfk,https://i.ytimg.com/vi/rFwzTRBcDfk/mqdefault_live.jpg
1fdc000815cc476dbc9d19aa431305b5,upcoming,【Dying Light #6】聽說這就是終章了...【亞菲忒 Aphitita】ft.蓋忒龍,2026-04-22T13:00:00Z,https://www.youtube.com/watch?v=av6UaKL0Pmg,https://i.ytimg.com/vi/av6UaKL0Pmg/mqdefault_live.jpg
f6a8c59d8b8d4e009d4e147ec268cd73,upcoming,〖 4月度 〗リクエスト歌枠♪※ルールは概要欄にあります🕊️おいしい料理求む！〖#Ellise /vtuber〗＃歌枠,2026-04-22T13:00:00Z,https://www.youtube.com/watch?v=RimihjpNJ4E,https://i.ytimg.com/vi/RimihjpNJ4E/mqdefault_live.jpg
f985903969ad4e8b839e919aabe94480,upcoming,【明日方舟：終末地】第二章主線-初到武陵💚｜主線推進【瑟菲娜 Senfina】,2026-04-22T13:00:00Z,https://www.youtube.com/watch?v=AHrgu09yvJ8,https://i.ytimg.com/vi/AHrgu09yvJ8/mqdefault_live.jpg
3a8fe50b02d04b45af3974ed979c52eb,upcoming,【Ender Magnolia: Bloom in the Mist#14】進入破關倒數！今晚來去入手最後一個關鍵技能！｜露比艾比,2026-04-22T13:00:00Z,https://www.youtube.com/watch?v=-xzyS9nLWNk,https://i.ytimg.com/vi/-xzyS9nLWNk/mqdefault_live.jpg
3c1783f6914f414b830c836829d1afa2,upcoming,「遊戲王MD：觀眾場」哪有小孩天天哭，哪有賭徒天天輸╰(*°▽°*)╯#個人勢 #遊戲王,2026-04-22T13:00:00Z,https://www.youtube.com/watch?v=nU3FrLWEdhY,https://i.ytimg.com/vi/nU3FrLWEdhY/mqdefault_live.jpg
0fbdfcc1b9cf41fdb840cf2f546d9324,upcoming,【寶可夢ZA】【耐久】EP16. 努力解主線的一天,2026-04-22T13:00:00Z,https://www.youtube.com/watch?v=IU7bRFXwVSc,https://i.ytimg.com/vi/IU7bRFXwVSc/mqdefault_live.jpg
d90f173970a742d3ade6f4159c785d1e,upcoming,【明日方舟：終末地】遊羽還在追上大家的路上💪【墨染遊羽 Sumizomeyuu】#明日方舟終末地 #台灣vtuber #初見歡迎,2026-04-22T13:00:00Z,https://www.youtube.com/watch?v=944oRrWnITE,https://i.ytimg.com/vi/944oRrWnITE/mqdefault_live.jpg
637a5867616a436ba0f7cdd36057f55a,upcoming,跟菓一起玩遊戲 | My Voice Zoo 殘害麥克風時間!! 開啟聲音動物園 |,2026-04-22T13:00:00Z,https://www.youtube.com/watch?v=aVx1O_-NAog,https://i.ytimg.com/vi/aVx1O_-NAog/mqdefault_live.jpg
e911a56d410b4949aee1d3a8dc84f4ad,upcoming,Death Stranding 2: On The Beach_死亡擱淺2：冥灘之上｜低頭一再弄真相，感我此軀心人行｜門奈佳 玉月,2026-04-22T13:00:00Z,https://www.youtube.com/watch?v=QA3Ow9z1mPI,https://i.ytimg.com/vi/QA3Ow9z1mPI/mqdefault_live.jpg
5298121274154e4b9154e8ac47d98beb,upcoming,【遊記】奇美埃及展值得去嗎？走了兩萬步的我們到底在幹嘛【瞳夜 Hitomiya】,2026-04-22T13:00:00Z,https://www.youtube.com/watch?v=3f-GnyF08_Q,https://i.ytimg.com/vi/3f-GnyF08_Q/mqdefault_live.jpg
8774553046cb47a9b5165c15feb01e84,upcoming,💩【#WeGottaGo💫大便遊戲】誰先剉出來?💎兩台都開雙視角💧⌇ パパ 𖥻 帕比咪帕比波 ♡ @baigei_stars  #帕給夢 #PaGeMon,2026-04-22T13:00:00Z,https://www.youtube.com/watch?v=YDWDFmuGObY,https://i.ytimg.com/vi/YDWDFmuGObY/mqdefault_live.jpg
e6a9746af2a84387b6ed5a7d3a4434da,upcoming,【#雜談 】吉著符老太太過馬璐 討人厭的女生類型二選一！看完男生的選項 該來看看女生的了 ft. 小符亞、帕普璐璐【格蘭妮亞吉比】,2026-04-22T13:00:00Z,https://www.youtube.com/watch?v=87Wyn1qXlmw,https://i.ytimg.com/vi/87Wyn1qXlmw/mqdefault_live.jpg
a5e5533ac342488a94003dc77869ddf9,upcoming,君泠朔JyunLingShuo ch. - 【天月麻雀】槍已上膛！#天月麻雀 #台v #日麻,2026-04-22T13:00:00Z,https://www.youtube.com/watch?v=dxXd5Hg_B0k,https://i.ytimg.com/vi/dxXd5Hg_B0k/mqdefault_live.jpg
312fdd3c5e6d4aefa73fd3860ecc5613,upcoming,【歌回LA】總之先森個懶腰🐺,2026-04-22T13:00:00Z,https://www.youtube.com/watch?v=SAXe55xO4XA,https://i.ytimg.com/vi/SAXe55xO4XA/mqdefault_live.jpg
b1cb513e2511484cabbac00140b4a95c,upcoming,【輕聲shi語】我們已經漸漸變成棉花糖勢｜詩瑠 Shizuru,2026-04-22T13:00:00Z,https://www.youtube.com/watch?v=ThD4IZw021g,https://i.ytimg.com/vi/ThD4IZw021g/mqdefault_live.jpg
aa1bb853e814428eb663082b28309309,upcoming,【遊戲】寶可夢傳說Z-A｜今天應該就是瘋狂累積數果的日子💛要做出超多超棒的甜甜圈！！ #楔在進行式 #初見歡迎 #歡迎降落,2026-04-22T13:00:00Z,https://www.youtube.com/watch?v=OsWi7uZGMn4,https://i.ytimg.com/vi/OsWi7uZGMn4/mqdefault_live.jpg
db1c4d81f03f4b04aca36b8b5b2b9c62,upcoming,【觀眾場】黑羅莉精靈離家出走來跟你打槍槍🥵 { Counter-Strike 2 絕對武力2 } 開心娛樂場！ #DONTUWATCH｜DONT U冬優奈奈,2026-04-22T13:00:00Z,https://www.youtube.com/watch?v=wJOslq_1Iow,https://i.ytimg.com/vi/wJOslq_1Iow/mqdefault_live.jpg
3dd8c72cab6d494dbd6fbf0a0e3dc41a,upcoming,【Bloodborne 血源詛咒】廢材獵人！  // リンコ パン Rinko Pan #個人勢vtuber,2026-04-22T13:00:00Z,https://www.youtube.com/watch?v=OiYfx9VV5aY,https://i.ytimg.com/vi/OiYfx9VV5aY/mqdefault_live.jpg
8e84dbdebec446bab8c82b3f0467f398,upcoming,【逆轉裁判】最初的逆轉是什麼樣的呢?【好冷又好爽】,2026-04-22T13:00:00Z,https://www.youtube.com/watch?v=l_um_q4_T2k,https://i.ytimg.com/vi/l_um_q4_T2k/mqdefault_live.jpg
004e635d5d494045a810b2d026e769c7,upcoming,🃏🀄🎴黯蜜刻魔！禮拜三晚上9:00直播！【直播馬拉松--遊戲王 Master Duel】,2026-04-22T13:00:00Z,https://www.youtube.com/watch?v=sV04HgAR638,https://i.ytimg.com/vi/sV04HgAR638/mqdefault_live.jpg
2a2b7990365f4a1bb1d8acf1ae0f2f32,upcoming,Stream 22/4/26 生日台 乜都做啲掛,2026-04-22T13:00:00Z,https://www.youtube.com/watch?v=QjQJR1ydin0,https://i.ytimg.com/vi/QjQJR1ydin0/mqdefault_live.jpg
ffe3f2e400ab4237ac873ae9d5a0eda4,upcoming,【歌回】我收到筋膜槍了我的腰大概有救了嗎 【奇露琪露 Kirukiru】,2026-04-22T13:00:00Z,https://www.youtube.com/watch?v=Pwz0ExfAe8M,https://i.ytimg.com/vi/Pwz0ExfAe8M/mqdefault_live.jpg
b399afc661d04f47acc9d0681be343b4,upcoming,【💙繪圖】週三來畫畫🎨來陪狼狼邊畫邊聊～🐺 | 04/22 | 小資狼 Shoshiro,2026-04-22T13:00:00Z,https://www.youtube.com/watch?v=KJAEDlCP_DU,https://i.ytimg.com/vi/KJAEDlCP_DU/mqdefault_live.jpg
45baafce0f294208a063a496814b7986,upcoming,【心動現場 戀愛實境秀】我好似...有少少鍾意左佢【遊戲配信】,2026-04-22T13:00:00Z,https://www.youtube.com/watch?v=hTHrnIEKLII,https://i.ytimg.com/vi/hTHrnIEKLII/mqdefault_live.jpg
c8858f1d4a2b41a4bbf738530023d6f9,upcoming,【雀魂觀眾場】被打飛的波米花要吃青醬南瓜墨魚派🀄【犬癒乃波米】,2026-04-22T13:00:00Z,https://www.youtube.com/watch?v=t7zVHFH5NXc,https://i.ytimg.com/vi/t7zVHFH5NXc/mqdefault_live.jpg
c03997835cc943fe81a441c571d733d0,upcoming,【帕給夢】We Gotta Go｜當我們屎在一起 在一起~【白給☆】@papamibo   #帕給夢 #PaGeMon #01 #WeGottaGo,2026-04-22T13:00:00Z,https://www.youtube.com/watch?v=Q8axCDz_g_g,https://i.ytimg.com/vi/Q8axCDz_g_g/mqdefault_live.jpg
58bb51ba1bba485a98cbf859fb5687f4,upcoming,【殘酷二選一】是能有多討厭? #初見歡迎,2026-04-22T13:00:00Z,https://www.youtube.com/watch?v=qSMR-xtclxs,https://i.ytimg.com/vi/qSMR-xtclxs/mqdefault_live.jpg
5a934764983e45959855735b79bcc90e,upcoming,〖#貳貳日〗你是個什麼樣的貳徒呢？｜🤖量產型猫飼步歌貳貳機🐱 Fuka22,2026-04-22T13:00:00Z,https://www.youtube.com/watch?v=-LFc8OZu5tA,https://i.ytimg.com/vi/-LFc8OZu5tA/mqdefault_live.jpg
0df008566e92461eb808c5b3ba9c7f0f,upcoming,【垂死之光】迎接最終決戰！Ft.蓋忒龍,2026-04-22T13:00:23Z,https://www.youtube.com/watch?v=dN3YYLQRuNw,https://i.ytimg.com/vi/dN3YYLQRuNw/mqdefault_live.jpg
6cc5ac707eed4f9e9b5bc7b2f970fe1b,upcoming,【喵斯快跑- MuseDash】玩玩音樂跑酷【安無希/VTuber】,2026-04-22T13:30:00Z,https://www.youtube.com/watch?v=0Xm6s9YkZVg,https://i.ytimg.com/vi/0Xm6s9YkZVg/mqdefault_live.jpg
bd7d712e0946448aa29a1d213d1c1beb,upcoming,【組鋼彈】第一次組酷酷的鋼彈 挖哭挖哭｜ミミ #看Mi #初見歓迎 #降落歡迎,2026-04-22T13:30:00Z,https://www.youtube.com/watch?v=5tfVuQggo7o,https://i.ytimg.com/vi/5tfVuQggo7o/mqdefault_live.jpg
efe550a729e14dbab790a3f73205d8ed,upcoming,【#pokemonfirered  】寶可夢火紅#9 LET‘S GO 我的童年！！！ | #MalaysiaVtuber #馬來西亞Vtuber【秋月イノリ | 秋月祁】,2026-04-22T13:30:00Z,https://www.youtube.com/watch?v=jw_NQ58K_eo,https://i.ytimg.com/vi/jw_NQ58K_eo/mqdefault_live.jpg
d23dbc9d1db64c42821697d1bac8fb66,upcoming,#224【🌸國王的春衣🌸】開箱大家的投稿✨ #初見大歡迎 #降落大歡迎 #穿什麼咚咚【石咚/慾】,2026-04-22T13:30:00Z,https://www.youtube.com/watch?v=Oz32pajslCM,https://i.ytimg.com/vi/Oz32pajslCM/mqdefault_live.jpg
02d67d58d59644be9cdf0b1179419637,upcoming,如果連你也忘記了悠娜，那悠娜是否就相當於不存在呢... 可能不會留檔的周三 #歌回 第七回 #森雨悠娜 #初見大歓迎,2026-04-22T13:30:00Z,https://www.youtube.com/watch?v=fT82B4ZQ--Y,https://i.ytimg.com/vi/fT82B4ZQ--Y/mqdefault_live.jpg
c0c35f0471774be2b33163ae20f2d6bb,upcoming,【雑談／chitchat 】八卦時事消夜雜談🍳日台トーク夜食雑談🍳【薬袋アルマ／Vtuber】,2026-04-22T13:30:00Z,https://www.youtube.com/watch?v=Q_ZJvTGLt_k,https://i.ytimg.com/vi/Q_ZJvTGLt_k/mqdefault_live.jpg
6dfe72bb90994dceb7b753908876307d,upcoming,沃💻再五個月就三周年的阿惑．．．要做點什麼呢❓ #初見歡迎 #惑莉Desu,2026-04-22T13:30:00Z,https://www.youtube.com/watch?v=ChjCVxL8pxA,https://i.ytimg.com/vi/ChjCVxL8pxA/mqdefault_live.jpg
fa2a2255fa7d4aa7b5b54dea5dd2b1c4,upcoming,「心事投稿台」今泉告解室 #37「荒木今泉_HKVtuber」,2026-04-22T13:30:00Z,https://www.youtube.com/watch?v=JsXyrxsn2zw,https://i.ytimg.com/vi/JsXyrxsn2zw/mqdefault_live.jpg
c805a5c2c4fb4a068a65267452aa4da5,upcoming,「REANIMAL」DAY4 二周目!  feat.兔子阿比 #村下緋雨,2026-04-22T13:30:00Z,https://www.youtube.com/watch?v=FGtYLRMwW3k,https://i.ytimg.com/vi/FGtYLRMwW3k/mqdefault_live.jpg
31c7fada1ab24cbd83ab4ae698955a29,upcoming,【繪圖雜談】Final Season！色相環的最後衝刺，要衝幾個月？#86【木木日葉維】,2026-04-22T13:30:00Z,https://www.youtube.com/watch?v=8e8vroB4Wtg,https://i.ytimg.com/vi/8e8vroB4Wtg/mqdefault_live.jpg
ebc44e2ba78f4790b832d02c31410262,upcoming,【邪教羊】邪教羊教主花咲咲應該算一種咲咲羊吧 | 進擊羔羊傳說 Cult of the Lamb #2 🎀魔法少女花咲🎀,2026-04-22T14:00:00Z,https://www.youtube.com/watch?v=nR9oB7toLrk,https://i.ytimg.com/vi/nR9oB7toLrk/mqdefault_live.jpg
8c171b8f4b854cbfade4ee2babc19e0f,upcoming,【冉冉嬉戲】那不是我的鄰居That's Not My Neighbor｜這遊戲名字好長喔🎮#荏冉浮光 #初見歡迎 #歡迎降落,2026-04-22T14:00:00Z,https://www.youtube.com/watch?v=ItHb1h2iqHM,https://i.ytimg.com/vi/ItHb1h2iqHM/mqdefault_live.jpg
2c2bf7ce933a4f34ac25c2dfa72fe565,upcoming,【歌雜】一...一年一度？ 耳膜破壞者來惹！ │羽歆 YuuXin,2026-04-22T14:00:00Z,https://www.youtube.com/watch?v=oyDtxmWxssY,https://i.ytimg.com/vi/oyDtxmWxssY/mqdefault_live.jpg
fceadce7c37f4cc08bc747aa79c3cf9e,upcoming,【#黑神話悟空 ｜P7 】這個雪山的景真得好漂亮Ｒ #中文vtuber  #vtuber,2026-04-22T14:00:00Z,https://www.youtube.com/watch?v=Ddk72Sklpu0,https://i.ytimg.com/vi/Ddk72Sklpu0/mqdefault_live.jpg
87e486b2a37549cbaccc95bbf7d3f253,upcoming,【心動現場：戀愛實境秀】DAY16 王景澄ENDING!!  【HKVtuber｜佩佩希普諾】,2026-04-22T14:00:00Z,https://www.youtube.com/watch?v=V08x6F3ClKc,https://i.ytimg.com/vi/V08x6F3ClKc/mqdefault_live.jpg
2d6886120def4c148c70514433d77e1e,upcoming,【歌回】鋼琴歌回🌸邊聽著歌聲，邊享受悠悠琴聲吧~【Vtuber｜Singing Stream】 #ACGlive #綾音Ring,2026-04-22T14:00:00Z,https://www.youtube.com/watch?v=M9xf1_qyfwo,https://i.ytimg.com/vi/M9xf1_qyfwo/mqdefault_live.jpg
9b424d3a99ef4fc3b17bc7fef92fefd3,upcoming,【星穹铁道】 4.2版本預告：「如是，眾生歡笑不已」 終於能看到我們的無限寶石銀狼！,2026-04-22T14:00:00Z,https://www.youtube.com/watch?v=sI_ySiSIb6o,https://i.ytimg.com/vi/sI_ySiSIb6o/mqdefault_live.jpg
a9b855767b2d432c9f263e3427ff33a6,upcoming,【朋友收集 夢想生活】耶! 來玩我的朋友們 ❚ Tomodachi Life ∷ 埃穆亞Oumua,2026-04-22T14:00:00Z,https://www.youtube.com/watch?v=PgTAgDDSCvI,https://i.ytimg.com/vi/PgTAgDDSCvI/mqdefault_live.jpg
05317bcbe5f243abb85618d2669bd0d7,upcoming,【雜談、音樂】一不小心就開台了｜今天會發生什麼事呢？。,2026-04-22T14:00:00Z,https://www.youtube.com/watch?v=SGJ1-XMGG-I,https://i.ytimg.com/vi/SGJ1-XMGG-I/mqdefault_live.jpg
8faff7aecb9d4e12917ea0144696e2de,upcoming,【晚安雜談－關於最近大家的夢】🌟最近有沒有夢到什麼奇怪的事呀？例如夢到我？🌟#初見歡迎【黑薔薇優璃愛】,2026-04-22T14:00:00Z,https://www.youtube.com/watch?v=htFuD0ECx2U,https://i.ytimg.com/vi/htFuD0ECx2U/mqdefault_live.jpg
fe569b0c059e406daf57eb2acd11cc21,upcoming,上班累了? 別擔心!一起當個快樂的廢物吧!,2026-04-22T14:00:00Z,https://www.youtube.com/watch?v=LguzCZev4pM,https://i.ytimg.com/vi/LguzCZev4pM/mqdefault_live.jpg
463e3994840145618264d41fa3eaf344,upcoming,【 告知 】有些事情想跟你們聊，目前及未來所遇到的問題正在困擾著現在的我...,2026-04-22T14:00:00Z,https://www.youtube.com/watch?v=hi_Fj79DY6A,https://i.ytimg.com/vi/hi_Fj79DY6A/mqdefault_live.jpg
4aee4e4c619a4e2aa8bbc2edce38ccfa,upcoming,【星穹鐵道⭐】銀狼LV.999 一起抽！😁代抽歡迎！🚂◇娜娜◇ #初見歡迎 #星穹鐵道,2026-04-22T14:00:00Z,https://www.youtube.com/watch?v=JID5zn4bP0M,https://i.ytimg.com/vi/JID5zn4bP0M/mqdefault_live.jpg
1c6ebd51e0fc4ebab88347e853335c87,upcoming,【歌回】文藝復興歌回🌸有日文 會中風【舒穆祿梅緋／芥川組】#歌回 #singingstream #初見歡迎,2026-04-22T14:00:00Z,https://www.youtube.com/watch?v=9crlrlPldUc,https://i.ytimg.com/vi/9crlrlPldUc/mqdefault_live.jpg
656455380d524045b9f75d6082563f94,upcoming,【同步視聽】跟居家朵苓苓嗑CP啊！純愛直球的一月灑糖新番《透明男子與人類女孩》繼續追第7集~！ #3【朵璃安Dorian】#動畫 #雜談 #台V,2026-04-22T14:00:00Z,https://www.youtube.com/watch?v=6L2W3PmYA3U,https://i.ytimg.com/vi/6L2W3PmYA3U/mqdefault_live.jpg
c379e3f4f1eb41869ec465481b182e50,upcoming,🎧ASMR🎧姆莉醬哄睡中🩷 #台V #vtuber #台灣Vtuber #降落歡迎 #初見歡迎,2026-04-22T14:00:45Z,https://www.youtube.com/watch?v=Sc4Y8-9_N8I,https://i.ytimg.com/vi/Sc4Y8-9_N8I/mqdefault_live.jpg
cc882664d9794fb88b06a5a0aa1591ae,upcoming,🔴【兔兔秘密花園2 #2】太色了💦收台轉會限Lv2🚫 BUNNY GARDEN 2 バニーガーデン2【月川MoonRiver 香港VTuber HKVTuber 中文】#香港 #遊戲 #直播 #粵語,2026-04-22T14:30:00Z,https://www.youtube.com/watch?v=p15v3toTw6o,https://i.ytimg.com/vi/p15v3toTw6o/mqdefault_live.jpg
c371d4c7f516451bac8ae3a9a13dc7f2,upcoming,🎀終結社連動 / 煮過頭2🎀今天是一日主廚，要帶一群人煮飯(頭痛)【緹莉玲】#台v #tilliling  #vtuber  #雜談,2026-04-22T14:30:00Z,https://www.youtube.com/watch?v=YsxHE4aHMdk,https://i.ytimg.com/vi/YsxHE4aHMdk/mqdefault_live.jpg
67ba07d1ace445328c13bfb9d612d564,upcoming,【遊戲】在杰難逃｜玩「ASS」ESCAPE👀💜ℳ𝒾𝓈𝒸𝒽𝑒𝒾𝒻. #遊戲 #初見歡迎#歡迎降落,2026-04-22T14:30:00Z,https://www.youtube.com/watch?v=7wt9H51M5oE,https://i.ytimg.com/vi/7wt9H51M5oE/mqdefault_live.jpg
d13fdb8fdd3049e5bf80b5ab0fa8a1a6,upcoming,《😱Overcooked 2｜死魚社 #ENDLIVE》來互相吵架哇🐾#終結社箱活,2026-04-22T14:30:00Z,https://www.youtube.com/watch?v=ii4HBB8ds8o,https://i.ytimg.com/vi/ii4HBB8ds8o/mqdefault_live.jpg
d5fdf5fc55d14476908e416e6d43c121,upcoming,【天使診療室】是不是時常對人生感受到迷茫、困惑？又或是在面臨抉擇的時候不知所措、無所適從？想跟找人訴說你的內心卻又找不到對象？❄️本次診療小惡魔不在家【雪之下織雪／芥川組】,2026-04-22T15:00:00Z,https://www.youtube.com/watch?v=oTXBQm8f8xw,https://i.ytimg.com/vi/oTXBQm8f8xw/mqdefault_live.jpg
c7a3d726bb4243cabb70dfd1e9545cd0,upcoming,【LOL英雄聯盟】準備Ranking比人虐🤯【夢姬(ありす)/香港VTuber】,2026-04-22T15:00:00Z,https://www.youtube.com/watch?v=IFEwdZOakD4,https://i.ytimg.com/vi/IFEwdZOakD4/mqdefault_live.jpg
4de233ea7dfc4a7da1738ab627babd48,upcoming,【Dark Hours】半夜當賊還要碰鬼……真的假的啦😭 w/@terrorcat7414@Vagari1937@_YiRuo[JP/EN👌] #IriLive #darkhours,2026-04-22T15:00:00Z,https://www.youtube.com/watch?v=MF4j429_N0E,https://i.ytimg.com/vi/MF4j429_N0E/mqdefault_live.jpg
7f9d223a684e44e8b8d30bedcc07f1fa,upcoming,[#天月麻雀 ]打❗今天不飛!!!~~初見歡迎進來聊天[柴可CHAKO],2026-04-22T23:00:00Z,https://www.youtube.com/watch?v=9AFp_wkN19w,https://i.ytimg.com/vi/9AFp_wkN19w/mqdefault_live.jpg
843d99233b474827a2f0bc417ffd3852,upcoming,【抹茶】02/20｜新年加班台D2 ૮˶- ﻌ •˶ა 沒想到第一天就達標100小時練歌回 ♡ 自主訂閱努力中｜ @isuzumaccha ｜!委託 !斗內 !聯名 !滑鼠墊 !魔儲 🍵 #茶室營業中,2026-04-22T23:00:00Z,https://www.youtube.com/watch?v=kUz6d4suBJg,https://i.ytimg.com/vi/kUz6d4suBJg/mqdefault.jpg
788611c913b04d999011628637657bee,upcoming,健身環 🎮 誰說開台運動一定都要超過半小時？ △ 米婭,2026-04-23T01:30:00Z,https://www.youtube.com/watch?v=s9l0agEyIok,https://i.ytimg.com/vi/s9l0agEyIok/mqdefault_live.jpg
a5f7302f9f1a4fcdb2471c4bc52a05fb,upcoming,艾爾登法環｜#8 女武神和火山該出現了吧！？【玖璐】,2026-04-23T01:30:00Z,https://www.youtube.com/watch?v=GO_bsFsHvW8,https://i.ytimg.com/vi/GO_bsFsHvW8/mqdefault_live.jpg
335ebb05456849c2964629dc7157860e,upcoming,早起的鳥兒有台看┊艾莉安卡 Allie Anka #降落歡迎,2026-04-23T02:00:00Z,https://www.youtube.com/watch?v=WYckyUZ5VpI,https://i.ytimg.com/vi/WYckyUZ5VpI/mqdefault_live.jpg
5d2231ea88fd474d8a11e5a759899216,upcoming,【新聞雜談✦04/23】封面還附廣告【十六月OctJun】,2026-04-23T02:00:00Z,https://www.youtube.com/watch?v=yfDYVUTV1Dc,https://i.ytimg.com/vi/yfDYVUTV1Dc/mqdefault_live.jpg
f94ba8ea1a5441c4852d53e8f528ee20,upcoming,【課前午餐】☀️ 上堂前和大家一起吃午餐 💜      ¦　【千里せんり】#shorts #縦型配信,2026-04-23T02:30:00Z,https://www.youtube.com/watch?v=89vy39klKw4,https://i.ytimg.com/vi/89vy39klKw4/mqdefault_live.jpg
caf08c74dd7b4919bca49eef394d5475,upcoming,【 這四 #歌回 】猜猜有沒有練新歌🎶你猜對了～沒有～,2026-04-23T03:00:00Z,https://www.youtube.com/watch?v=Bw0i12DiBos,https://i.ytimg.com/vi/Bw0i12DiBos/mqdefault_live.jpg
80ea9b92d31c48b8b2cf2ca5bacc2a08,upcoming,古屍詛咒UX-18抽抽抽 成為埃及陀螺戰士 **露手注意｜初見歡迎｜零肆04 Ch.,2026-04-23T04:00:00Z,https://www.youtube.com/watch?v=piwFi7nnzb4,https://i.ytimg.com/vi/piwFi7nnzb4/mqdefault_live.jpg
a3c6cbf76630432c83fa5277388be97c,upcoming,【ASMR|黑3Dio|耳舐め】濃厚耳奧舔♥︎絕頂穿腦|ゼロ距離密着♥︎舌圧舐め♥︎囁き♥︎吐息|Ear Licking♥︎Whispering♥︎EarMessage【夢宮色羽VTUBER】,2026-04-23T06:00:00Z,https://www.youtube.com/watch?v=POnysu2y6I4,https://i.ytimg.com/vi/POnysu2y6I4/mqdefault_live.jpg
3a30426a65fe450bbef138fd8ba35f1e,upcoming,【柏德之門3#6】準備前往高塔！邁向劇情新篇章！！！【劇情暴雷注意/請勿劇透】【猫又くろね★Vtuber★】#初見歡迎 #歡迎降落,2026-04-23T06:00:00Z,https://www.youtube.com/watch?v=y3srkfWMVMo,https://i.ytimg.com/vi/y3srkfWMVMo/mqdefault_live.jpg
163841e490b14b2583a799b3795021ad,upcoming,【作業雜談】自己想要的字體自己寫 - 要突破4000了嗎？| 御門恵良 Era #Era吃甜品 #初見歓迎 #歡迎降落,2026-04-23T06:00:00Z,https://www.youtube.com/watch?v=fDGxhe3hxxg,https://i.ytimg.com/vi/fDGxhe3hxxg/mqdefault_live.jpg
edf9e466820347828b0d2d10e5e9bb72,upcoming,【雜談】 久違與大家聊聊天！[星月櫻奈],2026-04-23T06:30:00Z,https://www.youtube.com/watch?v=cVPTbABjcNc,https://i.ytimg.com/vi/cVPTbABjcNc/mqdefault_live.jpg
def76c5c31fe4466b5ae6e6940ae6e58,upcoming,▶遊戲直播◁ NIKKE 妮姬 3.5周年活動 IDOL阿妮斯閃亮登場 STORY全觀看✨【NAGISA凪砂 / HKVtuber】,2026-04-23T07:30:00Z,https://www.youtube.com/watch?v=CrW8WGijxFg,https://i.ytimg.com/vi/CrW8WGijxFg/mqdefault_live.jpg
e11a32eec71e4b49aba5525ba012a02a,upcoming,【遊戲│逆轉裁判2】 #11 如果是御劍的話就算是被騙也沒關係😇【納希斯Narciss】#初見歡迎,2026-04-23T09:00:00Z,https://www.youtube.com/watch?v=DRnAfrbKfeg,https://i.ytimg.com/vi/DRnAfrbKfeg/mqdefault_live.jpg
2f0a0ee6478c45ae8af28953b4c370be,upcoming,二周年前夜✦要兩年了 跟罵包的聊聊天時間｛愉快販｝#初見歡迎,2026-04-23T09:00:00Z,https://www.youtube.com/watch?v=evMFLctXGLE,https://i.ytimg.com/vi/evMFLctXGLE/mqdefault_live.jpg
f53807443055490f87b85ded6caee0aa,upcoming,【下班雜談】4/23 初見歡迎🤩聊聊最近有趣的話題 | 可樂月月 ColaMoon,2026-04-23T10:00:00Z,https://www.youtube.com/watch?v=uXV6rsCPymE,https://i.ytimg.com/vi/uXV6rsCPymE/mqdefault_live.jpg
7ae1c13d53fb44f49f386eef43c63ee4,upcoming,【#游戲】#pragmata  人機迷網 | Par 2 养小可爱时间到了 ~💕💕💕,2026-04-23T10:00:00Z,https://www.youtube.com/watch?v=BM6DX6EOeHk,https://i.ytimg.com/vi/BM6DX6EOeHk/mqdefault_live.jpg
65ada733fbe64a3a86aae7737e32fad0,upcoming,【明日方舟：終末地】低造價神角？莊方宜神角還是倉管？直接驗貨!| ❄️真狩凜Makari🦉 | #初見歡迎,2026-04-23T10:00:00Z,https://www.youtube.com/watch?v=NjxEsVizvZs,https://i.ytimg.com/vi/NjxEsVizvZs/mqdefault_live.jpg
260f0fb7a8b1421394c38114230479bb,upcoming,【石不石聊聊】家教大小事，你說你扛不住小孩？說的好像我扛的住一樣XD  #初見大歡迎 #降落歡迎,2026-04-23T10:00:00Z,https://www.youtube.com/watch?v=2vwEfemD354,https://i.ytimg.com/vi/2vwEfemD354/mqdefault_live.jpg
645fc774332a469ebd03f1a822ebe2be,upcoming,【想比比睇】\ 歡迎投稿 / 夏天到！一人一個最愛泳裝！（泳褲都得）【紡霊拉比】,2026-04-23T10:00:00Z,https://www.youtube.com/watch?v=_vGH15LlPjU,https://i.ytimg.com/vi/_vGH15LlPjU/mqdefault_live.jpg
80f7b111f0e044abae4c37f6a96b5957,upcoming,【#RadioDeVio】第五回目☆Radio: DeVio素敵な歌声を発掘する企画✨｜Devilith Violustre【#Devilithviolustre】,2026-04-23T10:00:00Z,https://www.youtube.com/watch?v=bhcfgS1OOa4,https://i.ytimg.com/vi/bhcfgS1OOa4/mqdefault_live.jpg
c88554bbf263412da16e7a17fd03e467,upcoming,【九日Night Soul】努力破關! 今天進度會到哪裡呢~? #2   ☁ 天蕓茶茶 ☁,2026-04-23T10:30:00Z,https://www.youtube.com/watch?v=huqsM-FedMA,https://i.ytimg.com/vi/huqsM-FedMA/mqdefault_live.jpg
14d83faa414c415097d577d2da9636ce,upcoming,【マシュマロ雑談】みんなからいただいた質問答えるよ！,2026-04-23T10:30:00Z,https://www.youtube.com/watch?v=Eb1BOfZvp3U,https://i.ytimg.com/vi/Eb1BOfZvp3U/mqdefault_live.jpg
575d15d21f7240e1ad72935bf7fa0465,upcoming,🍡【遊戲】 #幼里寶寶出沒 初玩《血百合：殺人魔別夾在百合間》 ♡ 電腦課時間 ♡ よろしく ♡ 【夏羽由里/Vtuber】,2026-04-23T11:00:00Z,https://www.youtube.com/watch?v=-HPW-HLQdMY,https://i.ytimg.com/vi/-HPW-HLQdMY/mqdefault_live.jpg
2c42a2d77b4c481bae57dc00a66c2f16,upcoming,【打機Day】繼續玩！爆機為止！【真黑/香港VTuber】,2026-04-23T11:00:00Z,https://www.youtube.com/watch?v=Gh3R5YbnZrY,https://i.ytimg.com/vi/Gh3R5YbnZrY/mqdefault_live.jpg
3a8f78d98fd344cb9d32358e5c96eace,upcoming,【屠龍日】騎士們準備好了嗎  沉眠的龍...是人類的恐懼...  | 菈媞耶.阿芭芭  #屠龍日,2026-04-23T11:00:00Z,https://www.youtube.com/watch?v=YhcAyuJ0Mdw,https://i.ytimg.com/vi/YhcAyuJ0Mdw/mqdefault_live.jpg
40c846b91c4a44a980eddf20f0f789c0,upcoming,🩵˙˚ ᕱ⑅ᕱ ˚˙[圖奇雙開!!!兔寶場APEX APEX!!!!很久沒玩了欸!!]壓齁~~嗚呼~~~~ 音量注意(⸝⸝⸝´ꇴ`⸝⸝⸝),2026-04-23T11:00:00Z,https://www.youtube.com/watch?v=PcmLIltjcjo,https://i.ytimg.com/vi/PcmLIltjcjo/mqdefault_live.jpg
191998e9f0ec4d67a19da194af311636,upcoming,ʚ 見習巫女的遊戲修行 ɞ空島探險小隊集合！ 跟娜娜、栗栗絲 一起的空島生存｜Minecraft｜鬼塚夏實｜ FT. @Rika99ch  @Hoshihana_runana,2026-04-23T11:00:00Z,https://www.youtube.com/watch?v=fHAl8qRouI4,https://i.ytimg.com/vi/fHAl8qRouI4/mqdefault_live.jpg
db1c4d81f03f4b04aca36b8b5b2b9c62,upcoming,【強大】哥布林集會確定！｜觀眾場 - 銅牌競技場 { VALORANT 特戰英豪 } 帶氣氛菜狗爬分！ #DONTUWATCH｜DONT U冬優奈奈,2026-04-23T11:00:00Z,https://www.youtube.com/watch?v=Zx_-SdJuWk4,https://i.ytimg.com/vi/Zx_-SdJuWk4/mqdefault_live.jpg
07553f6f3df84c3396508456ccbe7df2,upcoming,【Delta Force】🩷機密大壩賺錢啦~我才不會破產 🖤 【天奈莓璐 | AmanaMeiru】#初見歡迎 #降落歡迎,2026-04-23T11:00:00Z,https://www.youtube.com/watch?v=N2UZtb4lwDk,https://i.ytimg.com/vi/N2UZtb4lwDk/mqdefault_live.jpg
8fe313c8e0704a29a7a387b47c4f938b,upcoming,【狐想成為陀螺鬥士】EP.2 系統大改版!更瘋狂的陀螺大亂鬥!,2026-04-23T11:30:00Z,https://www.youtube.com/watch?v=mejGaeS6jYc,https://i.ytimg.com/vi/mejGaeS6jYc/mqdefault_live.jpg
5de329cf8bc5410fb40ef38d117be94d,upcoming,【歌回】今晚點哪首歌呢? #冬鈴 #唱歌,2026-04-23T12:00:00Z,https://www.youtube.com/watch?v=Lz8C4zKNcKA,https://i.ytimg.com/vi/Lz8C4zKNcKA/mqdefault_live.jpg
c41044006a014ed28107f33221a7de98,upcoming,【#新瑪奇】新瑪奇開學啦！玩小遊戲抽周邊！【AsaIfrit】 #mabinogi,2026-04-23T12:00:00Z,https://www.youtube.com/watch?v=ikU5Bx5sle8,https://i.ytimg.com/vi/ikU5Bx5sle8/mqdefault_live.jpg
bff58c28269748eb99103a257886309a,upcoming,【📙書靈の誕生日】世界閱讀日🎉 好耶~大家要變成金色銀杏了🧡 【書靈 Booklive】 【書靈 Booklive】,2026-04-23T12:00:00Z,https://www.youtube.com/watch?v=uFFnq66_bxY,https://i.ytimg.com/vi/uFFnq66_bxY/mqdefault_live.jpg
788611c913b04d999011628637657bee,upcoming,惡靈古堡2 🎮 連三天？？？△ 米婭,2026-04-23T12:00:00Z,https://www.youtube.com/watch?v=v2YizfIG5pw,https://i.ytimg.com/vi/v2YizfIG5pw/mqdefault_live.jpg
bdaa84ad3c7841d6a9ec8774ed9d40a9,upcoming,遊戲｜《冥雄鬼屋》通關遊戲衝衝衝！一次玩到結局！ #03   #初見歡迎｜🍮魔法布丁罐,2026-04-23T12:00:00Z,https://www.youtube.com/watch?v=dGJ4Y70EaBc,https://i.ytimg.com/vi/dGJ4Y70EaBc/mqdefault_live.jpg
c8ef4e3182b74ecd994c837a75624390,upcoming,用台語學日語和學畫畫是什麼感覺？來賓怎麼會答應這種高難度要求!? 來聊聊最近一些有趣的企劃！,2026-04-23T12:00:00Z,https://www.youtube.com/watch?v=Nl9_lPaxq5s,https://i.ytimg.com/vi/Nl9_lPaxq5s/mqdefault_live.jpg
7d66bf98da354f72baee891cdd91855b,upcoming,《三麗鷗肖像大賞》你能投出好笑的冷笑話就算我們輸。 #三麗鷗肖像大賞 ft. 艾斯珀達 | 賽特珞 Cetro,2026-04-23T12:00:00Z,https://www.youtube.com/watch?v=yZs8DeRkPNs,https://i.ytimg.com/vi/yZs8DeRkPNs/mqdefault_live.jpg
446d4bc526a4477eb6a72ae186e9d538,upcoming,【 #asmr】只有我們兩個人的深夜...妳聽得到我的心跳聲嗎？♡ 【囁き声/耳ふー/両耳吐息/Ear Massage/Relaxing】 #3dio ＃vtuber #台v,2026-04-23T12:00:00Z,https://www.youtube.com/watch?v=CXAq7r2et6o,https://i.ytimg.com/vi/CXAq7r2et6o/mqdefault_live.jpg
61c75f9fbf044b54872197eec7c9bafa,upcoming,"【遊戲雜談-原子之心atomicheart 】【染血鑽石dlc】去他鴨的三軍場,換個遊戲:D",2026-04-23T12:00:00Z,https://www.youtube.com/watch?v=8XjjmJ0U0J0,https://i.ytimg.com/vi/8XjjmJ0U0J0/mqdefault_live.jpg
8ae0f370cf124faa953a09089a427fd9,upcoming,《Nintendo Switch Sports》#22 踢足球！每週更新道具⚽,2026-04-23T12:00:00Z,https://www.youtube.com/watch?v=M0Th5iPGFlI,https://i.ytimg.com/vi/M0Th5iPGFlI/mqdefault_live.jpg
443ba741722742d5b7d5f76c3e7b445b,upcoming,【Project DIVA MEGA39's＋】💚懐かしい！！！🍡JP/HK/EN/ZH OK｜魅音モモキュ．毛毛球,2026-04-23T12:30:00Z,https://www.youtube.com/watch?v=_Pk2gxdb7Kc,https://i.ytimg.com/vi/_Pk2gxdb7Kc/mqdefault_live.jpg
a725f6babc5f44779d7389886c6cd7b7,upcoming,【星之異】 星之異回鍋 | 星活動連動 | 星導使檔案 【＃VTuber/＃夜羽結伊子】,2026-04-23T12:30:00Z,https://www.youtube.com/watch?v=zeIkPQourWo,https://i.ytimg.com/vi/zeIkPQourWo/mqdefault_live.jpg
a05afa97381b4f96b02a1af859426f9c,upcoming,【聯動企劃】中文經典歌曲檢定挑戰！這些歌你都聽過嗎？ft. 星野EE、凱利斯、齊格菲、鳳梨不咬舌【深洛Raku】,2026-04-23T12:30:00Z,https://www.youtube.com/watch?v=Ud-kHR0o83c,https://i.ytimg.com/vi/Ud-kHR0o83c/mqdefault_live.jpg
49196eec11454f589d4d6e52f1b1bbe8,upcoming,【直播】【遊戲】【骰棋(Dice Chess】Demo|聽說很策略又動腦！？菜姬會喜歡！？那要挑戰啦！！【菜姬】,2026-04-23T12:30:00Z,https://www.youtube.com/watch?v=kD5bEZFCDv8,https://i.ytimg.com/vi/kD5bEZFCDv8/mqdefault_live.jpg
cdb5c89f61c94949a989457cf549b7e4,upcoming,🍓鳴潮 ♥ˎˊ˗  來抗抗有沒有更新甚麼 ♡.゜〖莓芊時戀💖┊Wuthering Waves〗,2026-04-23T12:30:00Z,https://www.youtube.com/watch?v=xY9YQTR0FhA,https://i.ytimg.com/vi/xY9YQTR0FhA/mqdefault_live.jpg
3bc6afb820df4f59b2c6ff1c25d1eed3,upcoming,🌹【Sky】哈哈，我要飛往天上！#32 2026-04-23【香港Vtuber】,2026-04-23T12:30:31Z,https://www.youtube.com/watch?v=ebalm3VLxeE,https://i.ytimg.com/vi/ebalm3VLxeE/mqdefault_live.jpg
f81d4ef6f2f54e0c8c6d12a09e1fa5c7,upcoming,【歌】☆史黛娜Stena★ #vtuber,2026-04-23T13:00:00Z,https://www.youtube.com/watch?v=aFbIO0aIflg,https://i.ytimg.com/vi/aFbIO0aIflg/mqdefault_live.jpg
e04cb802f3c949bc8300c4125078f738,upcoming,【 周4固定(國語) 】新賽季第4集..我星星呢｜傳說對決｜愛婭AYA｜ #vtuber #hkvtuber #台v #雙語台 #初見歡迎 #傳說對決,2026-04-23T13:00:00Z,https://www.youtube.com/watch?v=qY959NfJ6yI,https://i.ytimg.com/vi/qY959NfJ6yI/mqdefault_live.jpg
2ba32c49f08849f9a109b7e485c9c5a5,upcoming,【 🍓二選一聊天💭】隨心所欲到處二選一☝🏻｜沐沐シノもみじ🍓🐿️,2026-04-23T13:00:00Z,https://www.youtube.com/watch?v=5eXqud4GQ0Y,https://i.ytimg.com/vi/5eXqud4GQ0Y/mqdefault_live.jpg
3c1783f6914f414b830c836829d1afa2,upcoming,「#主題雜談」做VTuber後，我的人生真的改變很多。 #個人勢 #降落歡迎,2026-04-23T13:00:00Z,https://www.youtube.com/watch?v=eWRayfBfINg,https://i.ytimg.com/vi/eWRayfBfINg/mqdefault_live.jpg
0fbdfcc1b9cf41fdb840cf2f546d9324,upcoming,【楓之谷】【楓星】小小龍魔導的路正式開啟,2026-04-23T13:00:00Z,https://www.youtube.com/watch?v=mCZpZF7YdnU,https://i.ytimg.com/vi/mCZpZF7YdnU/mqdefault_live.jpg
8774553046cb47a9b5165c15feb01e84,upcoming,👻【#OnceAlive】我自高奮勇的一款遊戲♡ #訂閱衝刺💎《無聲之地》💧⌇ パパ 𖥻 帕比咪帕比波 ♡,2026-04-23T13:00:00Z,https://www.youtube.com/watch?v=oVXzIeO8-lk,https://i.ytimg.com/vi/oVXzIeO8-lk/mqdefault_live.jpg
e6a9746af2a84387b6ed5a7d3a4434da,upcoming,【#雜談  】生日雜談 蛤?你說誕生日跟蛋生日不是同一個意思?阿我都已經&%$@$^%【格蘭妮亞吉比】,2026-04-23T13:00:00Z,https://www.youtube.com/watch?v=vcrC-dYdkXY,https://i.ytimg.com/vi/vcrC-dYdkXY/mqdefault_live.jpg
aa1bb853e814428eb663082b28309309,upcoming,【雜談】一起楔作業｜如果做作業的時候想睡覺我還有救嗎QQ #楔在進行式 #初見歡迎 #歡迎降落,2026-04-23T13:00:00Z,https://www.youtube.com/watch?v=JaVH157f6tw,https://i.ytimg.com/vi/JaVH157f6tw/mqdefault_live.jpg
532b143e82d6452fac9a18d1d025a2af,upcoming,【#黑神話悟空 】EP.17 第五章！打碧水金睛獸！⚡吱吱吱吱吱吱吱吱吱吱吱吱✨✨【BillCh / 碧兒Ch】,2026-04-23T13:00:00Z,https://www.youtube.com/watch?v=hDUe_n6tJ34,https://i.ytimg.com/vi/hDUe_n6tJ34/mqdefault_live.jpg
3dd8c72cab6d494dbd6fbf0a0e3dc41a,upcoming,【Bloodborne 血源詛咒】廢材獵人！  // リンコ パン Rinko Pan #個人勢vtuber,2026-04-23T13:00:00Z,https://www.youtube.com/watch?v=bGTpYcRdmxE,https://i.ytimg.com/vi/bGTpYcRdmxE/mqdefault_live.jpg
004e635d5d494045a810b2d026e769c7,upcoming,🃏🀄🎴黯蜜刻魔！禮拜四晚上9:00直播！【直播馬拉松--遊戲王 Master Duel】,2026-04-23T13:00:00Z,https://www.youtube.com/watch?v=eGBOOlbN0S0,https://i.ytimg.com/vi/eGBOOlbN0S0/mqdefault_live.jpg
2a2b7990365f4a1bb1d8acf1ae0f2f32,upcoming,"Stream 23/4/26 你打(MH)荒野, 我打荒野(亂鬥) 【荒野亂鬥 Brawl Stars】",2026-04-23T13:00:00Z,https://www.youtube.com/watch?v=6HDH-rul08A,https://i.ytimg.com/vi/6HDH-rul08A/mqdefault_live.jpg
463e3994840145618264d41fa3eaf344,upcoming,【 Poly Bridge 2 】#6 造橋遊戲!! 繼續與觀眾同樂!! 歡迎一起來造橋!!,2026-04-23T13:00:00Z,https://www.youtube.com/watch?v=bC28-JEYAjA,https://i.ytimg.com/vi/bC28-JEYAjA/mqdefault_live.jpg
60da3bb357d64f998006b8ca3043fd00,upcoming,【世紀帝國】久違玩玩!!💤|古古.歐拉拉🐨,2026-04-23T13:00:00Z,https://www.youtube.com/watch?v=nl0x4ALdN7k,https://i.ytimg.com/vi/nl0x4ALdN7k/mqdefault_live.jpg
9e3edec3eec54f49a065f1970471d473,upcoming,【跑Online】又是窩！又來跑步！  #跑online #테일즈런너 #TalesRunner #香港Vtuber ✨ │ 羽狐神 ちよ,2026-04-23T13:00:00Z,https://www.youtube.com/watch?v=fWDcesfIDQk,https://i.ytimg.com/vi/fWDcesfIDQk/mqdefault_live.jpg
6cc5ac707eed4f9e9b5bc7b2f970fe1b,upcoming,【沙發偵探】腦動大開!!跟AI玩海龜湯!!【安無希/VTuber】2026.04015,2026-04-23T13:30:00Z,https://www.youtube.com/watch?v=ThPp3OtGPSo,https://i.ytimg.com/vi/ThPp3OtGPSo/mqdefault_live.jpg
8f7fdc3104f541539132c122eeab6801,upcoming,【雜談】來聊關於環保🌏雖然世界地球日是昨天XD #颯葻而至 #初見歡迎 #歡迎降落,2026-04-23T13:30:00Z,https://www.youtube.com/watch?v=04-SQ4nbWAE,https://i.ytimg.com/vi/04-SQ4nbWAE/mqdefault_live.jpg
fa2a2255fa7d4aa7b5b54dea5dd2b1c4,upcoming,「遊戲直播」文字化化 - 不要與鬼男相戀 #2「荒木今泉_HKVtuber」,2026-04-23T13:30:00Z,https://www.youtube.com/watch?v=q5q4T8Z73xk,https://i.ytimg.com/vi/q5q4T8Z73xk/mqdefault_live.jpg
43e557d175ce462b97c4c406954d8c04,upcoming,🎄【📦分揀員模擬器】繼續努力包貨！ \ 初見歡迎！/【⭐一隻阿橋 | 粵語 | HKVtuber🐿️】【23.04.2026】🎄,2026-04-23T14:00:00Z,https://www.youtube.com/watch?v=YMV8q_rhaKQ,https://i.ytimg.com/vi/YMV8q_rhaKQ/mqdefault_live.jpg
97a56c6914ab431d9b670456d11b22ed,upcoming,【天月麻雀】三人日麻觀眾場，然後睡衣誒，人家想要✨️✨️,2026-04-23T14:00:00Z,https://www.youtube.com/watch?v=8QTTUkaOQtA,https://i.ytimg.com/vi/8QTTUkaOQtA/mqdefault_live.jpg
fe569b0c059e406daf57eb2acd11cc21,upcoming,【惡靈古堡 安魂曲#6 resident evil requiem】我終於跟老公出遊了!,2026-04-23T14:00:00Z,https://www.youtube.com/watch?v=fJh0ZCMYyK0,https://i.ytimg.com/vi/fJh0ZCMYyK0/mqdefault_live.jpg
dba1db65ba874e18a33d8465d52d8f2e,upcoming,【雜談】粉絲禮物開箱&近況感想雜談（長照&失智議題淺談）｜隨時加班改動直播可能｜ #初見歡迎 ｜西山CCC,2026-04-23T14:00:00Z,https://www.youtube.com/watch?v=ARstXlXRtyA,https://i.ytimg.com/vi/ARstXlXRtyA/mqdefault_live.jpg
a27f33f32dd2414c8c6843f8783a32f0,upcoming,【repo】 一群賠錢貨，朋友的台真的會被我弄不見feat.黎奈、鯊魚【青璃セイリ】,2026-04-23T14:30:00Z,https://www.youtube.com/watch?v=Nn8OoBvzSmo,https://i.ytimg.com/vi/Nn8OoBvzSmo/mqdefault_live.jpg
50433c34f368460c9cda947f292a62b4,upcoming,【PRAGMATA🛰️＃3】跟爸爸一起回地球吧！【人機迷網】【貓宮步夢】,2026-04-23T15:00:00Z,https://www.youtube.com/watch?v=Xl3MAhGpKgc,https://i.ytimg.com/vi/Xl3MAhGpKgc/mqdefault_live.jpg
93bad1d4b0c54c8781e3775d13a62c38,upcoming,【深夜雜談】深夜聊天 夜貓子集合!,2026-04-23T15:00:00Z,https://www.youtube.com/watch?v=GOBqEqCPKAo,https://i.ytimg.com/vi/GOBqEqCPKAo/mqdefault_live.jpg
4b6655120fbd4431a8f7894cac4a4d49,upcoming,ASMR｜舔耳&KISS讓你舒服到融化❤️｜Ear Massage Whispering｜ 耳マッサージ 囁き 吐息 耳はむ 耳舐め  【KU100/3DIO】,2026-04-23T15:00:00Z,https://www.youtube.com/watch?v=JI4KeSf50A4,https://i.ytimg.com/vi/JI4KeSf50A4/mqdefault_live.jpg
d5fdf5fc55d14476908e416e6d43c121,upcoming,【情境向ASMR】老師讓我今晚留下來晚自習，說要給我特別輔導...❄️人聲／呢喃／劇情／低音【雪之下織雪／芥川組】,2026-04-23T15:00:00Z,https://www.youtube.com/watch?v=6ZbHzFTCWx0,https://i.ytimg.com/vi/6ZbHzFTCWx0/mqdefault_live.jpg
cc882664d9794fb88b06a5a0aa1591ae,upcoming,🔴4月24日 月川早晨3D💙香港天氣報告﹑交通消息、凌晨新聞摘要﹑星座運程﹑連登Threads趣聞 即時最新突發資訊全攻略｜月川MoonRiver #天氣 #新聞 #直播 #VTuber,2026-04-23T23:00:00Z,https://www.youtube.com/watch?v=b2IgyUIb178,https://i.ytimg.com/vi/b2IgyUIb178/mqdefault_live.jpg
0fbdfcc1b9cf41fdb840cf2f546d9324,upcoming,《告別回憶 双想 Break out of my shell》EP.2,2026-04-24T01:00:00Z,https://www.youtube.com/watch?v=z1z6TBUtFQI,https://i.ytimg.com/vi/z1z6TBUtFQI/mqdefault_live.jpg
788611c913b04d999011628637657bee,upcoming,殺戮尖塔2 🎮 那個垃圾門真的會讓人很想摔....拍桌子 △ 米婭 Ft.心結小隊,2026-04-24T01:30:00Z,https://www.youtube.com/watch?v=osY8WVoR9ME,https://i.ytimg.com/vi/osY8WVoR9ME/mqdefault_live.jpg
a5f7302f9f1a4fcdb2471c4bc52a05fb,upcoming,殺戮尖塔2｜#4 這遊戲也還好嘛？三人同心其利斷金 ft.米婭、諾芙【玖璐】,2026-04-24T01:30:00Z,https://www.youtube.com/watch?v=eWJoKgwGDTA,https://i.ytimg.com/vi/eWJoKgwGDTA/mqdefault_live.jpg
5d2231ea88fd474d8a11e5a759899216,upcoming,【新聞雜談✦04/24】根本工商小天才【十六月OctJun】,2026-04-24T02:00:00Z,https://www.youtube.com/watch?v=4NQ8bvPcQmE,https://i.ytimg.com/vi/4NQ8bvPcQmE/mqdefault_live.jpg
c65e7caaf81a43249d5132b9fe312b24,upcoming,This Vtuber Plays Violin!! (Acoustic violin today),2026-04-24T02:30:00Z,https://www.youtube.com/watch?v=0y902Llgpjw,https://i.ytimg.com/vi/0y902Llgpjw/mqdefault_live.jpg
fbced2373c5a48f6abee998296f20617,upcoming,【#觀眾場 】我肯定是進步了!肯定~ ｜芙樂兒🍭MojoyLive 二期生,2026-04-24T03:00:00Z,https://www.youtube.com/watch?v=RC7h1nzR9NQ,https://i.ytimg.com/vi/RC7h1nzR9NQ/mqdefault_live.jpg
8f0b41303e8a481689fe4309a565ecd3,upcoming,[ 練唱歌回 ] 練習日文歌，如果失敗的話... 咕咕披薩... 下播鎖三階會限 #初見歡迎💙,2026-04-24T05:00:00Z,https://www.youtube.com/watch?v=gnLd6an-1WI,https://i.ytimg.com/vi/gnLd6an-1WI/mqdefault_live.jpg
538d1d2058da4bdea1c7f43f088e995b,upcoming,初見歓迎＆摸魚雜談☀️寶可夢Pokopia🏝️限時活動：跳大繩大賽🏆只要跳５０下就能獲得獎盃！在新蓋好的寶可夢中心盡情跳繩｜Pokémon Pokopia｜治癒系Vtuber ✟ 希蘿亞Siroya,2026-04-24T06:00:00Z,https://www.youtube.com/watch?v=mOKlXrULNUE,https://i.ytimg.com/vi/mOKlXrULNUE/mqdefault_live.jpg
d475848a566848dc9f6ad02707d87e2a,upcoming,2026 新衣裝發佈！【HKVTuber/Ding】,2026-04-24T06:00:00Z,https://www.youtube.com/watch?v=t2kTURmdiVQ,https://i.ytimg.com/vi/t2kTURmdiVQ/mqdefault_live.jpg
5d2231ea88fd474d8a11e5a759899216,upcoming,【Celeste】聽說是在勵志過程中，毀滅人心的2D跑酷登山遊戲？【十六月OctJun】,2026-04-24T06:00:00Z,https://www.youtube.com/watch?v=VeV9cO4QfCY,https://i.ytimg.com/vi/VeV9cO4QfCY/mqdefault_live.jpg
8faff7aecb9d4e12917ea0144696e2de,upcoming,【工作台】🌟今天也是努力工作的一天！！！🌟#初見歡迎【黑薔薇優璃愛】,2026-04-24T07:00:00Z,https://www.youtube.com/watch?v=Oo7LVVoFSVQ,https://i.ytimg.com/vi/Oo7LVVoFSVQ/mqdefault_live.jpg
f4ff6f40be3a4294ac1fe3e475421377,upcoming,【Minecraft】向終界出發 打倒終界龍 拿下龍蛋蛋 ☾ #馬來西亞vtuber #myvt,2026-04-24T07:00:00Z,https://www.youtube.com/watch?v=ObJnkQdyodE,https://i.ytimg.com/vi/ObJnkQdyodE/mqdefault_live.jpg
2f0a0ee6478c45ae8af28953b4c370be,upcoming,二周年✦大家！虎KO二周年啦～！新周邊&特殊活動啟動🐯🐯🐯｛愉快販｝#初見歡迎,2026-04-24T07:00:00Z,https://www.youtube.com/watch?v=VxojuwACBWc,https://i.ytimg.com/vi/VxojuwACBWc/mqdefault_live.jpg
d2b0c8386e1341668f6bbc789d1ef1e3,upcoming,【明日方舟：終末地】1.2版本更新 ！ 大保底命的我今日能否成功娶到莊芳宜呢？ ｜赤星雨英 Akahoshi Mizore｜SDS,2026-04-24T08:30:00Z,https://www.youtube.com/watch?v=XV_aX8t0xf8,https://i.ytimg.com/vi/XV_aX8t0xf8/mqdefault_live.jpg
9b11be3138284ff3904d3292d6aaa284,upcoming,ハチ様のマトリョシカ、Vtuber二人で歌ってみた | HKV party!,2026-04-24T10:00:00Z,https://www.youtube.com/watch?v=SD-PZpKEjpk,https://i.ytimg.com/vi/SD-PZpKEjpk/mqdefault.jpg
cbba76fd34d74307a9f826e03b8e4db5,upcoming,【悠夢聽你說】來一起聽聽看大家的心事或八卦吧~ep.2 #歡迎降落【彩羽悠夢Yume】,2026-04-24T10:00:00Z,https://www.youtube.com/watch?v=Xp7IH4dPHog,https://i.ytimg.com/vi/Xp7IH4dPHog/mqdefault_live.jpg
645fc774332a469ebd03f1a822ebe2be,upcoming,【流氓軟體】病毒的實力在比之上……【紡霊拉比】,2026-04-24T10:00:00Z,https://www.youtube.com/watch?v=126QZiX8skg,https://i.ytimg.com/vi/126QZiX8skg/mqdefault_live.jpg
fe1abd28f3114015ac31ae1821e8dd3f,upcoming,あの夏の思い出 (Cover),2026-04-24T10:00:00Z,https://www.youtube.com/watch?v=h7tcrRFJLVU,https://i.ytimg.com/vi/h7tcrRFJLVU/mqdefault.jpg
c88554bbf263412da16e7a17fd03e467,upcoming,【加班健身環】今天勢必讓自己鐵全身 明天來給大家好好按摩:D #20   ☁ 天蕓茶茶 ☁,2026-04-24T10:30:00Z,https://www.youtube.com/watch?v=s9L6R3NJ20s,https://i.ytimg.com/vi/s9L6R3NJ20s/mqdefault_live.jpg
4b53aa789e544bd9aaecc9fbc79e4bbe,upcoming,【Req・リク◎】毎週定期歌枠！まったり歌います～🫧【#あのねホタルちゃん 】#歌枠 #vsinger #弾き語り,2026-04-24T11:00:00Z,https://www.youtube.com/watch?v=qcfIl3EA8as,https://i.ytimg.com/vi/qcfIl3EA8as/mqdefault_live.jpg
40c846b91c4a44a980eddf20f0f789c0,upcoming,🩵˙˚ ᕱ⑅ᕱ ˚˙[圖奇雙開!!!連動 w./彼岸幸]音量注意(⸝⸝⸝´ꇴ`⸝⸝⸝),2026-04-24T11:00:00Z,https://www.youtube.com/watch?v=wj_a_jTaGW4,https://i.ytimg.com/vi/wj_a_jTaGW4/mqdefault_live.jpg
07553f6f3df84c3396508456ccbe7df2,upcoming,【APEX】🩷摁?怎麼這星期又有娛樂賽呢🖤 【天奈莓璐 | AmanaMeiru】#初見歡迎 #降落歡迎,2026-04-24T11:00:00Z,https://www.youtube.com/watch?v=3bpBoJAz_LI,https://i.ytimg.com/vi/3bpBoJAz_LI/mqdefault_live.jpg
4f917f1ccdd74d34a3746c379282b6fe,upcoming,KPop Demon Hunters - Your Idol (Saja Boys) | 星月兔阿緹米斯/安妮海豹/日見月結絢,2026-04-24T11:00:00Z,https://www.youtube.com/watch?v=ThvsWCuwOic,https://i.ytimg.com/vi/ThvsWCuwOic/mqdefault.jpg
ca8d038d311e4cccb2deded15cee89cd,upcoming,「master duel」打打rank(20260424 #masterduel,2026-04-24T11:00:00Z,https://www.youtube.com/watch?v=baxWn46uuSg,https://i.ytimg.com/vi/baxWn46uuSg/mqdefault_live.jpg
118c05e7f751446abee5fc827fda0215,upcoming,[PRAGMATA] 等我地一齊來睇真結局啦？ (內含劇透)【獅子山 Rio】,2026-04-24T11:00:00Z,https://www.youtube.com/watch?v=Q6FnpuQg4KU,https://i.ytimg.com/vi/Q6FnpuQg4KU/mqdefault_live.jpg
139f3f1818a2420aa35d5471adaf1a73,upcoming,🐰【暈暈電波症候群⚡】發售啦！中毒性電波音樂～全世界一起瘋狂吧！*ଘ(੭*ˊᵕˋ)੭* ੈ✩‧₊˚【愛庫娃ErosEkwa】,2026-04-24T11:30:00Z,https://www.youtube.com/watch?v=BEQX3HN4_BY,https://i.ytimg.com/vi/BEQX3HN4_BY/mqdefault_live.jpg
5de329cf8bc5410fb40ef38d117be94d,upcoming,【Minecraft】像素轉生-會飛之後可以去哪呢? #冬鈴 #minecraft,2026-04-24T12:00:00Z,https://www.youtube.com/watch?v=3hVngVi9-CU,https://i.ytimg.com/vi/3hVngVi9-CU/mqdefault_live.jpg
05be4fb717614738a87daac46157ddb1,upcoming,【進擊的巨人 #從頭開始追 S2~】第二季開始！我們要去那個神秘的地方解開謎底了．．．吧？巴哈姆特動畫瘋同步視聽！ #藥師寺丹 #每週五晚間八點一起追 #心臓を捧げよ #丹粒做夥追動畫,2026-04-24T12:00:00Z,https://www.youtube.com/watch?v=sKUVZH3shAE,https://i.ytimg.com/vi/sKUVZH3shAE/mqdefault_live.jpg
7ebc0dc9fdf3442688ecd63bbdc30c51,upcoming,【fate/stay night UBW 第二季 [1]~[13]／初見歡迎】Fate補番計畫會是繼續下去還是停留在這呢😨無論如何先看完就對了👀✨【薄荷巧克力🌱🍫】,2026-04-24T12:00:00Z,https://www.youtube.com/watch?v=ldleK7BRjqg,https://i.ytimg.com/vi/ldleK7BRjqg/mqdefault_live.jpg
fec8644970684cffbbae8dd37a52d59c,upcoming,【#LOL】ARAM 參加型,2026-04-24T12:00:00Z,https://www.youtube.com/watch?v=AkpZu18j4lk,https://i.ytimg.com/vi/AkpZu18j4lk/mqdefault_live.jpg
a168211aa3dd451cb33e09b80df0ea0a,upcoming,"【遊戲王 MASTER DUEL】觀眾場!歡迎來交流,閃刀牌練習｜神崎アルファ",2026-04-24T12:00:00Z,https://www.youtube.com/watch?v=BnjEiLSxZ9A,https://i.ytimg.com/vi/BnjEiLSxZ9A/mqdefault_live.jpg
c0c35f0471774be2b33163ae20f2d6bb,upcoming,【マリオカート8DX／Mario Kart 8 Deluxe】瑪利歐賽車8🚙可能會開放部分參加型🔥取り合えず練習する..余裕あったら参加型解放するよ🔥Ꮚ•̀ꈊ•́Ꮚ【薬袋アルマ／Vtuber】,2026-04-24T12:00:00Z,https://www.youtube.com/watch?v=8DsvElPkXIY,https://i.ytimg.com/vi/8DsvElPkXIY/mqdefault_live.jpg
d564ef4ee383435787e18dee18247631,upcoming,【2000訂閱衝刺🏃鵝鴨殺 Goose Goose Duck 中文禁止🦈】要超級混亂了✨feat.很多人｜歡迎初見；掛台｜#楠玖,2026-04-24T12:00:00Z,https://www.youtube.com/watch?v=RJmC_V9N7IM,https://i.ytimg.com/vi/RJmC_V9N7IM/mqdefault_live.jpg
64677f13935847cca3e2e6670a89d9a8,upcoming,【Goose Goose Duck 中文禁止】 語言錯亂 場面混亂 ft. 很多人 💧🐱 #萊姆卯咪 #新域工作室,2026-04-24T12:00:00Z,https://www.youtube.com/watch?v=2ehyROUocL0,https://i.ytimg.com/vi/2ehyROUocL0/mqdefault_live.jpg
824bd7df6923453292dec9ff3e3f664a,upcoming,【天月麻雀】觀眾場挑戰！限量福利快來領取RRRrr【#遊戲】(P.OOO)　#VTuber　#天月麻雀　#水母暮暮,2026-04-24T12:00:00Z,https://www.youtube.com/watch?v=IESYB4Tbtlg,https://i.ytimg.com/vi/IESYB4Tbtlg/mqdefault_live.jpg
bc7d14416ba24cc8819f0753e1f595f5,upcoming,It's my big day!✨🥳🎂 #roniasday2026【ENG/中/日本語】,2026-04-24T12:00:00Z,https://www.youtube.com/watch?v=D2Yjs-wqwRA,https://i.ytimg.com/vi/D2Yjs-wqwRA/mqdefault_live.jpg
c04f006e69e04000a68cd0c41f888eb2,upcoming,【 四週年慶祝🎉】頻道&黑炭生日慶祝🐾🥳 ✧週邊購買資訊公開✧ | Rluo Ch. 阿洛,2026-04-24T12:00:00Z,https://www.youtube.com/watch?v=evqkRF2fuCg,https://i.ytimg.com/vi/evqkRF2fuCg/mqdefault_live.jpg
32a08f858ffb4d6aba0624647cf8cf2d,upcoming,【In Sink-中下】雙人解謎！跟著邦邦一起動動腦！YA~FT.邦生多葛 @Ben-jk2cv,2026-04-24T12:00:00Z,https://www.youtube.com/watch?v=b7LLttZaFlY,https://i.ytimg.com/vi/b7LLttZaFlY/mqdefault_live.jpg
7c18bc597298484c8f2925759fc1ac4a,upcoming,【Pragmata】左腦打右腦🧠Day2【牙羽 HKVTuber】,2026-04-24T12:00:00Z,https://www.youtube.com/watch?v=No7FJRYGCeQ,https://i.ytimg.com/vi/No7FJRYGCeQ/mqdefault_live.jpg
8ae0f370cf124faa953a09089a427fd9,upcoming,《樂高星際大戰：天行者傳奇》#4 四部曲：曙光乍現,2026-04-24T12:00:00Z,https://www.youtube.com/watch?v=WzKwW9ZidG0,https://i.ytimg.com/vi/WzKwW9ZidG0/mqdefault_live.jpg
f9444f6d790344a4a51a301110665229,upcoming,一起挑戰極限！那嘎嗚合體後真的長的超詭異的《Astral Party》【ଘ* 貓妮亞 手殘蠢卯 *ଓ】#AstralParty #觀眾場 #遊戲  #貓妮亞,2026-04-24T12:00:00Z,https://www.youtube.com/watch?v=TAWFxmxf76U,https://i.ytimg.com/vi/TAWFxmxf76U/mqdefault_live.jpg
a725f6babc5f44779d7389886c6cd7b7,upcoming,【蔚藍檔案】蔚藍檔案  繼續看 救阿拜託斯劇情 【＃VTuber/＃夜羽結伊子】,2026-04-24T12:30:00Z,https://www.youtube.com/watch?v=KPPuYrrZ7JE,https://i.ytimg.com/vi/KPPuYrrZ7JE/mqdefault_live.jpg
0bf305da1ec14c5c8447b9a007bc81f6,upcoming,【Resident Evil 5】初見五代！轉生成強壯的克里斯【卯月鈴菟】#初見歡迎 #降落歡迎,2026-04-24T12:30:00Z,https://www.youtube.com/watch?v=r2Y04zzmPLg,https://i.ytimg.com/vi/r2Y04zzmPLg/mqdefault_live.jpg
7ae1c13d53fb44f49f386eef43c63ee4,upcoming,【#游戲】#pragmata  人機迷網 Part 3 | 养小可爱的太空游戏开始了 ~💕💕💕,2026-04-24T12:30:00Z,https://www.youtube.com/watch?v=N09GIjkXNik,https://i.ytimg.com/vi/N09GIjkXNik/mqdefault_live.jpg
40c846b91c4a44a980eddf20f0f789c0,upcoming,🩵˙˚ ᕱ⑅ᕱ ˚˙[圖奇雙開!!!連動 w./彼岸幸&夜溟 ]音量注意(⸝⸝⸝´ꇴ`⸝⸝⸝),2026-04-24T12:30:00Z,https://www.youtube.com/watch?v=W0CpKVcsnWE,https://i.ytimg.com/vi/W0CpKVcsnWE/mqdefault_live.jpg
02dadd7977b8412b99f101241de4cb3f,upcoming,【Raft】觀眾場海上探險來囉 #13,2026-04-24T12:30:00Z,https://www.youtube.com/watch?v=tg19FGBWQog,https://i.ytimg.com/vi/tg19FGBWQog/mqdefault_live.jpg
220353f9b2634c84953cc7d243fbc6a0,upcoming,【Yu-Gi-Oh!  Master Duel】見神閃刀 持續練習【回家部/庚庚】,2026-04-24T12:30:00Z,https://www.youtube.com/watch?v=xY-c0ZqexCI,https://i.ytimg.com/vi/xY-c0ZqexCI/mqdefault_live.jpg
46ca57774cd7476d86727882d07bd918,upcoming,✧ 未定 ✧ 還在想要做什麼... .ᐟ.ᐟ #朝歌夜遊  #雜談 #雑談,2026-04-24T12:30:00Z,https://www.youtube.com/watch?v=eL1R8nX0ixw,https://i.ytimg.com/vi/eL1R8nX0ixw/mqdefault_live.jpg
6cd8cdc530d14e2d9d0a9cd20cb6b05c,upcoming,【燕雲十六聲 #12】久違地跑主線啦！《Nanashi Yuki》#魚兒魚兒水中游,2026-04-24T12:30:00Z,https://www.youtube.com/watch?v=67tgAQpAdto,https://i.ytimg.com/vi/67tgAQpAdto/mqdefault_live.jpg
644ed2200e8a446bae2920103d1015e3,upcoming,【Moving Out 2】在小小的屋子裡面搬阿搬阿搬 feat.莉莉、星悠、弟宗,2026-04-24T13:00:00Z,https://www.youtube.com/watch?v=EzdZ8wUTTUg,https://i.ytimg.com/vi/EzdZ8wUTTUg/mqdefault_live.jpg
2c42a2d77b4c481bae57dc00a66c2f16,upcoming,【打機Day】有女一齊爬塔！！Slay The Spire 2【真黑/香港VTuber】@MiketsukamiChiyo,2026-04-24T13:00:00Z,https://www.youtube.com/watch?v=xfw3Amx6LIU,https://i.ytimg.com/vi/xfw3Amx6LIU/mqdefault_live.jpg
6abc6d7010ed4b7a88b2566b171c9005,upcoming,【遊戲】英雄聯盟｜有位無私的主播說過:剛毅是自己的，阿嬤是大家的  #墨生 #初見歡迎 #歡迎降落,2026-04-24T13:00:00Z,https://www.youtube.com/watch?v=FrVB2U3qBeI,https://i.ytimg.com/vi/FrVB2U3qBeI/mqdefault_live.jpg
0fbdfcc1b9cf41fdb840cf2f546d9324,upcoming,【告別回憶3】【耐久】EP.9荷嶋音緒路線part9,2026-04-24T13:00:00Z,https://www.youtube.com/watch?v=bNY76n_Qcec,https://i.ytimg.com/vi/bNY76n_Qcec/mqdefault_live.jpg
dbfaa5f3d01142df8a05c4946a0a22dc,upcoming,【夜間歌回🎤】想唱點輕鬆的🎵✨｜定期歌回 #76【星野EE】#初見歡迎 #降落歡迎 #shorts,2026-04-24T13:00:00Z,https://www.youtube.com/watch?v=EgweHZAbGRc,https://i.ytimg.com/vi/EgweHZAbGRc/mqdefault_live.jpg
aa1bb853e814428eb663082b28309309,upcoming,【遊戲】英雄聯盟｜再次使用英雄聯盟來迎接這個周末！ #楔在進行式 #初見歡迎 #降落歡迎,2026-04-24T13:00:00Z,https://www.youtube.com/watch?v=UbGOhftrKz4,https://i.ytimg.com/vi/UbGOhftrKz4/mqdefault_live.jpg
22aaa78ca5fa444bb70649727131c0f2,upcoming,《八音起鼓》「台V佮台語」EP1 台語的文雅與粗俗，你想要推廣的是哪一種台語？feat. 寶箱怪火舌,2026-04-24T13:00:00Z,https://www.youtube.com/watch?v=ABEFTnmL9V0,https://i.ytimg.com/vi/ABEFTnmL9V0/mqdefault_live.jpg
532b143e82d6452fac9a18d1d025a2af,upcoming,【#peak】付費會員場🔋一起爬山！結束後轉會限！✨✨【BillCh / 碧兒Ch】,2026-04-24T13:00:00Z,https://www.youtube.com/watch?v=GjtexgI3cUk,https://i.ytimg.com/vi/GjtexgI3cUk/mqdefault_live.jpg
004e635d5d494045a810b2d026e769c7,upcoming,🃏🀄🎴黯蜜刻魔！禮拜五晚上9:00直播！【直播馬拉松--遊戲王 Master Duel】,2026-04-24T13:00:00Z,https://www.youtube.com/watch?v=2zGYAC3iqlU,https://i.ytimg.com/vi/2zGYAC3iqlU/mqdefault_live.jpg
60da3bb357d64f998006b8ca3043fd00,upcoming,【飢荒多人版】變成工具人了?!!Ft.@dzong_diary 、莫比 💤|古古.歐拉拉🐨,2026-04-24T13:00:00Z,https://www.youtube.com/watch?v=vEz9k2m4x4I,https://i.ytimg.com/vi/vEz9k2m4x4I/mqdefault_live.jpg
7d2aa4176f60423bb1532ac37ed55e28,upcoming,【企劃】分享脆友精彩Cosplay照片-Part3【骨頭Man】,2026-04-24T13:00:00Z,https://www.youtube.com/watch?v=XNtb2H4u_VI,https://i.ytimg.com/vi/XNtb2H4u_VI/mqdefault_live.jpg
21d5855a8c7d4461b286d40c167ac093,upcoming,第一款俄烏戰爭為主題的射擊遊戲？！居然還是俄軍視角🤔| Ukrainian Warfare: Gostomel Heroes | 🔴武直阿莉雅 #vtuber,2026-04-24T13:00:00Z,https://www.youtube.com/watch?v=aMvBJzx7i7M,https://i.ytimg.com/vi/aMvBJzx7i7M/mqdefault_live.jpg
a55a6a4b6453413cb8b1dc69423b67d5,upcoming,【 炎姬 # 7 】爽快感！！台湾産弾幕×3Dアクションゲームを台湾人VTuberがプレイします！【 台湾大学生みやび 】 #vtuber #ゲーム配信,2026-04-24T13:00:00Z,https://www.youtube.com/watch?v=WZSDHNB2SrY,https://i.ytimg.com/vi/WZSDHNB2SrY/mqdefault_live.jpg
5f8930a469f94b5cad116810f68a2614,upcoming,灯音詩行丨初音ミク主題歌回 #初見歡迎 #降落歡迎 【灯理Akari🍫丨Scintillating Songlines #51】,2026-04-24T13:00:00Z,https://www.youtube.com/watch?v=BhJvrdWDi7A,https://i.ytimg.com/vi/BhJvrdWDi7A/mqdefault_live.jpg
1ae72d56be5547b1825cdc0fdc0cce2e,upcoming,悄咪咪回歸啦 !｜卡密拉｜MojoyLive 二期生,2026-04-24T13:15:00Z,https://www.youtube.com/watch?v=kDeNTh0mGes,https://i.ytimg.com/vi/kDeNTh0mGes/mqdefault_live.jpg
1bf9786ba55042b9ae3294dadfc7b40d,upcoming,【OPUS: 心相吾山】國王國王在哪裏？【はくこ】,2026-04-24T13:30:00Z,https://www.youtube.com/watch?v=2XDVJdjztbs,https://i.ytimg.com/vi/2XDVJdjztbs/mqdefault_live.jpg
6559d42f66684b8f80b4cd4589addd85,upcoming,【 燕雲十六聲  】手殘主播被觀眾騙入坑〖鴨鴨伊比．AhiruIbi 〗,2026-04-24T13:30:00Z,https://www.youtube.com/watch?v=1fSouoVcCK0,https://i.ytimg.com/vi/1fSouoVcCK0/mqdefault_live.jpg
d78d72ce0aac4c9d9c5c16604209ced3,upcoming,【澤宅Tier選舉大會】🥤紙包飲品大對決！有啲乜嘢飲係must drink㗎呢？！🥤【黑澤 ⧔ 香港Vtuber】,2026-04-24T13:30:00Z,https://www.youtube.com/watch?v=faxS6ZAtHo0,https://i.ytimg.com/vi/faxS6ZAtHo0/mqdefault_live.jpg
d23dbc9d1db64c42821697d1bac8fb66,upcoming,#225【穿什麼咚咚】5G逛春裝🌺春天都要過了才要看w 到底要穿什麼咧？ #初見大歡迎 #降落大歡迎【石咚/慾】,2026-04-24T13:30:00Z,https://www.youtube.com/watch?v=dAgPhipJufc,https://i.ytimg.com/vi/dAgPhipJufc/mqdefault_live.jpg
6fa5098cd1c644c5871a47a7e56803dc,upcoming,〖 粿粿唱 〗夜晚的輕聲細語歌雜🤫🌌但其實是因為明天要去看 𝗢𝗢𝗥 ，怕聲帶喊壞掉先小聲點🤐｜吉他彈唱｜初見安安｜#歌雜 #雜談 #初見歡迎 #降落歡迎,2026-04-24T13:30:00Z,https://www.youtube.com/watch?v=7zkgr_5etiI,https://i.ytimg.com/vi/7zkgr_5etiI/mqdefault_live.jpg
e1b2337b79d1449e9ae6a754ec74050d,upcoming,【會限發問】【你問書答】【#33】4月份，為5月份作準備【香港VTUBER】,2026-04-24T13:30:00Z,https://www.youtube.com/watch?v=XPs0dGfB67w,https://i.ytimg.com/vi/XPs0dGfB67w/mqdefault_live.jpg
8c171b8f4b854cbfade4ee2babc19e0f,upcoming,【冉冉而談】伴君長夜｜在你的耳邊輕輕說聲晚安💞💞 #荏冉浮光 #初見歡迎 #歡迎降落,2026-04-24T14:00:00Z,https://www.youtube.com/watch?v=fB_USn5FoI8,https://i.ytimg.com/vi/fB_USn5FoI8/mqdefault_live.jpg
9b424d3a99ef4fc3b17bc7fef92fefd3,upcoming,Dying Light【消逝的光芒】PART 4 - 要進入另一個人地方尋找另一個博士才能拿解藥！,2026-04-24T14:00:00Z,https://www.youtube.com/watch?v=WDK9ei58VOo,https://i.ytimg.com/vi/WDK9ei58VOo/mqdefault_live.jpg
cc882664d9794fb88b06a5a0aa1591ae,upcoming,🔴【兔兔秘密花園2 #3】太色了💦收台轉會限Lv2🚫 BUNNY GARDEN 2 バニーガーデン2【月川MoonRiver 香港VTuber HKVTuber 中文】#香港 #遊戲 #直播 #粵語,2026-04-24T14:30:00Z,https://www.youtube.com/watch?v=UkNy4lb-TDY,https://i.ytimg.com/vi/UkNy4lb-TDY/mqdefault_live.jpg
a27f33f32dd2414c8c6843f8783a32f0,upcoming,【雜談】又是個話很多的日子，棉花糖時間！！【青璃セイリ】,2026-04-24T14:30:00Z,https://www.youtube.com/watch?v=M11F28568Yo,https://i.ytimg.com/vi/M11F28568Yo/mqdefault_live.jpg
58304450990a433b88acd02b889b74e6,upcoming,開車兜風順便聊聊天吧owo｜兜風瓦聊｜歡迎降落｜塔瓦Tawa｜,2026-04-24T14:30:00Z,https://www.youtube.com/watch?v=m4nFNPL4434,https://i.ytimg.com/vi/m4nFNPL4434/mqdefault_live.jpg
abd64c9a64e04fb1b23faa2480c1c106,upcoming,【山雀夜車｜新企劃首航】這週辛苦啦！聊點輕鬆的，睡不著都進來待著 🛋️（結束後轉二階限定）,2026-04-24T15:30:00Z,https://www.youtube.com/watch?v=sDK9xqX4oro,https://i.ytimg.com/vi/sDK9xqX4oro/mqdefault_live.jpg
fe569b0c059e406daf57eb2acd11cc21,upcoming,【💫嘟比的深夜鬼故事#112】辛苦啦!一起來聽鬼故事睡覺~另外我快要有女兒了真的!!,2026-04-24T15:45:00Z,https://www.youtube.com/watch?v=kswQmkUmCF8,https://i.ytimg.com/vi/kswQmkUmCF8/mqdefault_live.jpg
cedd78c374b54898a647a3cb3a5263fc,upcoming,【火辣小秘書】📸開鏡福利📸老闆~溫柔點!!!人家還是新人什麼都不懂🐝｜#降落大歡迎｜凝淵 Mojoy Live 三期生,2026-04-24T15:45:00Z,https://www.youtube.com/watch?v=ObgD5EXqqgo,https://i.ytimg.com/vi/ObgD5EXqqgo/mqdefault_live.jpg
031da54f73f94adf8159ef0d3bfeb52b,upcoming,所長的深夜美食：NICHIREI-冷凍蕃茄風味飯（第211碗）,2026-04-24T16:15:00Z,https://www.youtube.com/watch?v=jFcRWnJG-0M,https://i.ytimg.com/vi/jFcRWnJG-0M/mqdefault_live.jpg
c06f5173a01c4c0db7a761957c02186d,upcoming,【深夜電台】人生的意義是？或許...可能沒有意義但我們可以彼此陪伴邊聊邊創造價值。｜安妲‧菈帝絲 Anda_Ratis,2026-04-24T17:00:00Z,https://www.youtube.com/watch?v=zVDJiFE9JH4,https://i.ytimg.com/vi/zVDJiFE9JH4/mqdefault_live.jpg
f81d4ef6f2f54e0c8c6d12a09e1fa5c7,upcoming,【早灣NA:33】早安早安~起床來打聲招呼呀~! ☆史黛娜Stena★ #vtuber  #朝活,2026-04-24T22:30:00Z,https://www.youtube.com/watch?v=iV1Jw4E68BQ,https://i.ytimg.com/vi/iV1Jw4E68BQ/mqdefault_live.jpg
fec8644970684cffbbae8dd37a52d59c,upcoming,❄️ 【#朝活羽你10】答案之書- 你的命運由我來亂講｜#雜談,2026-04-25T00:00:00Z,https://www.youtube.com/watch?v=z3lnj281cBs,https://i.ytimg.com/vi/z3lnj281cBs/mqdefault_live.jpg
0bf305da1ec14c5c8447b9a007bc81f6,upcoming,【寶可夢Pokopia】#4 園區的各位兔仔請努力工作 【卯月鈴菟】#初見歡迎 #降落歡迎,2026-04-25T01:00:00Z,https://www.youtube.com/watch?v=GoX_clKkHlk,https://i.ytimg.com/vi/GoX_clKkHlk/mqdefault_live.jpg
a5f7302f9f1a4fcdb2471c4bc52a05fb,upcoming,林中小女巫｜#13 催眠台！會讓你非常非常非常想睡覺【玖璐】,2026-04-25T01:30:00Z,https://www.youtube.com/watch?v=yFKjGofXsO0,https://i.ytimg.com/vi/yFKjGofXsO0/mqdefault_live.jpg
0471d5082a2e419786e141d6424c9150,upcoming,《欸!蘿希你看!》hell yeah EP.30｜初見老朋友都歡迎 | #vtuber #gaming #直播 #streamer,2026-04-25T02:00:00Z,https://www.youtube.com/watch?v=5Zy1GriJpGw,https://i.ytimg.com/vi/5Zy1GriJpGw/mqdefault_live.jpg
5d2231ea88fd474d8a11e5a759899216,upcoming,【新聞雜談✦04/25】買一份水餃吧【十六月OctJun】,2026-04-25T02:00:00Z,https://www.youtube.com/watch?v=yn3pTOU3XC0,https://i.ytimg.com/vi/yn3pTOU3XC0/mqdefault_live.jpg
0471d5082a2e419786e141d6424c9150,upcoming,惡靈古堡安魂曲ep.1| 蘿希你安息吧! ｜初見老朋友都歡迎 | #vtuber #惡靈古堡安魂曲 #惡靈古堡9,2026-04-25T03:30:00Z,https://www.youtube.com/watch?v=W9srd5lKt2M,https://i.ytimg.com/vi/W9srd5lKt2M/mqdefault_live.jpg
490a48eedc944f9cb74501e6eefeb04d,upcoming,🔴【晴你起床】✨慕晴晨間碎碎念✨ 停播一天! 【初見歡迎！| 亂聊時光來了🔥】,2026-04-25T04:00:00Z,https://www.youtube.com/watch?v=X6dZhiGrInU,https://i.ytimg.com/vi/X6dZhiGrInU/mqdefault_live.jpg
c40a4498540d462a89c2391a41aa9f0e,upcoming,【沫狐】遊戲雜談 | FFXIV 光之跑腿士,2026-04-25T05:00:00Z,https://www.youtube.com/watch?v=YXAugYhfN20,https://i.ytimg.com/vi/YXAugYhfN20/mqdefault_live.jpg
1ccdbe5d48934f4cbabc86512dd1d357,upcoming,🇯🇵想要跟大家介紹日本的零食,2026-04-25T05:00:00Z,https://www.youtube.com/watch?v=0BkDPJcLglE,https://i.ytimg.com/vi/0BkDPJcLglE/mqdefault_live.jpg
0fbdfcc1b9cf41fdb840cf2f546d9324,upcoming,《告別回憶 双想 Break out of my shell》EP.3,2026-04-25T06:00:00Z,https://www.youtube.com/watch?v=KFpON76jPes,https://i.ytimg.com/vi/KFpON76jPes/mqdefault_live.jpg
5d2231ea88fd474d8a11e5a759899216,upcoming,【不好啦！師父被女妖精抓走了】讓郡員外看看有哪些小妖精可以蠱惑我！【十六月OctJun】,2026-04-25T06:00:00Z,https://www.youtube.com/watch?v=HN8CPvoGePQ,https://i.ytimg.com/vi/HN8CPvoGePQ/mqdefault_live.jpg
e810dcd23c334fd184d254718517764e,upcoming,【Resident Evil Requiem | 生化危機 安魂曲】終局【香港Vtuber】,2026-04-25T06:30:00Z,https://www.youtube.com/watch?v=pirwak_tA-U,https://i.ytimg.com/vi/pirwak_tA-U/mqdefault_live.jpg
247215e876d24dae9932464b75fc577c,upcoming,【0425 #給龍寶上五柱香】五周年活動 tag 欣賞 以及公開五周年活動限定周邊和賀圖唷 | 高維爾聊天 #台灣Vtuber,2026-04-25T07:00:00Z,https://www.youtube.com/watch?v=Ss7aHg1NX_A,https://i.ytimg.com/vi/Ss7aHg1NX_A/mqdefault_live.jpg
2c2bf7ce933a4f34ac25c2dfa72fe565,upcoming,【魔物獵人 : 荒野】繼...繼續頭鐵！ 提醒：觀眾請自備降壓藥 │ 羽歆 YuuXin,2026-04-25T07:00:00Z,https://www.youtube.com/watch?v=N_nY-rUiE6o,https://i.ytimg.com/vi/N_nY-rUiE6o/mqdefault_live.jpg
5ee9f1126dcf463e8d6afc8ef113d084,upcoming,【命運石之門】聽說很有名，但我沒看過 #初見歡迎〔洛琳 LuoLiyn〕,2026-04-25T08:10:00Z,https://www.youtube.com/watch?v=L_P-xPE2yoo,https://i.ytimg.com/vi/L_P-xPE2yoo/mqdefault_live.jpg
8c171b8f4b854cbfade4ee2babc19e0f,upcoming,【冉冉嬉戲】8號出口The Exit 8｜哪裡不一樣了😫#荏冉浮光 #初見歡迎 #歡迎降落,2026-04-25T09:00:00Z,https://www.youtube.com/watch?v=zSV2Q3qJzJE,https://i.ytimg.com/vi/zSV2Q3qJzJE/mqdefault_live.jpg
7d66bf98da354f72baee891cdd91855b,upcoming,《降珞》- Cetro賽特珞 x Sid東東 collab song [original],2026-04-25T09:00:00Z,https://www.youtube.com/watch?v=Vi6kykFZhnI,https://i.ytimg.com/vi/Vi6kykFZhnI/mqdefault.jpg
729621ce509b4641ad8cde76dec037d0,upcoming,✧重大好消息告知✧先來聽歌！再來告訴你！||希妮·亞里絲🤍SinnieAris✨,2026-04-25T09:00:00Z,https://www.youtube.com/watch?v=-Vf2I-YiULI,https://i.ytimg.com/vi/-Vf2I-YiULI/mqdefault_live.jpg
9012b1827e8141bd9d56d1a04b2f7ad1,upcoming,【V-Talk】聲量不斷——馬來西亞中文V圈雜談向節目 #vtalk,2026-04-25T10:00:00Z,https://www.youtube.com/watch?v=QfcZqe6QNQk,https://i.ytimg.com/vi/QfcZqe6QNQk/mqdefault_live.jpg
729621ce509b4641ad8cde76dec037d0,upcoming,✧重大告知✧,2026-04-25T10:30:00Z,https://www.youtube.com/watch?v=a03jgfMCy60,https://i.ytimg.com/vi/a03jgfMCy60/mqdefault.jpg
40c846b91c4a44a980eddf20f0f789c0,upcoming,🩵˙˚ ᕱ⑅ᕱ ˚˙[圖奇雙開!!!兔寶場APEX APEX!!!!很久沒玩了欸!!]壓齁~~嗚呼~~~~ 音量注意(⸝⸝⸝´ꇴ`⸝⸝⸝),2026-04-25T11:00:00Z,https://www.youtube.com/watch?v=AUNeIr5sVMI,https://i.ytimg.com/vi/AUNeIr5sVMI/mqdefault_live.jpg
191998e9f0ec4d67a19da194af311636,upcoming,ʚ 歌回 ɞ 把今天的煩惱都忘掉吧 ｜鬼塚夏實｜,2026-04-25T11:00:00Z,https://www.youtube.com/watch?v=FzuUT6CqF6o,https://i.ytimg.com/vi/FzuUT6CqF6o/mqdefault_live.jpg
c587658ad4fe44b09137591c094ab297,upcoming,【連動】災難公關+++ ft. 很多人｜黒崎くも Kumo,2026-04-25T11:00:00Z,https://www.youtube.com/watch?v=x4sqGxoF99A,https://i.ytimg.com/vi/x4sqGxoF99A/mqdefault_live.jpg
443ba741722742d5b7d5f76c3e7b445b,upcoming,【#バニーガーデン2】#2【黑音篇】嗯哼💜🐰🍡JP/HK/EN/ZH OK｜魅音モモキュ．毛毛球,2026-04-25T11:30:00Z,https://www.youtube.com/watch?v=BKgcBY-wVF0,https://i.ytimg.com/vi/BKgcBY-wVF0/mqdefault_live.jpg
4b6655120fbd4431a8f7894cac4a4d49,upcoming,黑暗偵探｜大聰明狐狐偵探要來解迷啦💡【Healing希靈/VTuber】DIVE or DIE - Children of Rain,2026-04-25T11:30:00Z,https://www.youtube.com/watch?v=AiA4pYb4bGc,https://i.ytimg.com/vi/AiA4pYb4bGc/mqdefault_live.jpg
54b0131ceb734643b23b1eefee31cca0,upcoming,【歌ってみた】アヤノの幸福理論  / じん【雨恩-あめ-】,2026-04-25T11:30:00Z,https://www.youtube.com/watch?v=WuiWLuUlD1U,https://i.ytimg.com/vi/WuiWLuUlD1U/mqdefault.jpg
12f8dc82bc0d4f89bfbd7ede76ab1faf,upcoming,☽【霧澪murei初配信】☽ 島嶼開放mumu!,2026-04-25T12:00:00Z,https://www.youtube.com/watch?v=D29IKPYIJjA,https://i.ytimg.com/vi/D29IKPYIJjA/mqdefault_live.jpg
43e557d175ce462b97c4c406954d8c04,upcoming,🎄【🀄雀魂 Mahjong Soul】第3屆Kabird杯17人雀魂日麻大賽 \ 初見歡迎！/【⭐一隻阿橋 | 國語 | HKVtuber🐿️】【25.04.2026】🎄,2026-04-25T12:00:00Z,https://www.youtube.com/watch?v=baUsuSlJGkg,https://i.ytimg.com/vi/baUsuSlJGkg/mqdefault_live.jpg
483a76d7ad1d464aa290606959ddddec,upcoming,【P的謊言 序曲🦋#4】初見DLC！四月是P的謊言🌹｜Lies of P Overture｜Timu蒂姆,2026-04-25T12:00:00Z,https://www.youtube.com/watch?v=4pEDOhQEgac,https://i.ytimg.com/vi/4pEDOhQEgac/mqdefault_live.jpg
6926325d2c1c4c4e87f7be69ab675d53,upcoming,癮者推坑的桃園咖啡店家&展覽&活動【桃園遊記】#上癮中 #vtuber  #主題雜談,2026-04-25T12:00:00Z,https://www.youtube.com/watch?v=D8M-LQH4rfc,https://i.ytimg.com/vi/D8M-LQH4rfc/mqdefault_live.jpg
2d9ef8be75c34daf9ce9d17ecbbe0f7a,upcoming,◖活俠傳◗就是要戰你娘親啦(? #初見歡迎 #降落歡迎 #Vtuber #奶茶當水喝🍼,2026-04-25T12:00:00Z,https://www.youtube.com/watch?v=jojrLEUOqOk,https://i.ytimg.com/vi/jojrLEUOqOk/mqdefault_live.jpg
6f9d63518a69442a88ac602a3b37bf18,upcoming,【VTuber注意】網紅稅怎麼報？一不小心就會被罰錢怎麼辦！feat. 記帳士 郭姵岑,2026-04-25T12:00:00Z,https://www.youtube.com/watch?v=2pQMnfNAnx8,https://i.ytimg.com/vi/2pQMnfNAnx8/mqdefault_live.jpg
532b143e82d6452fac9a18d1d025a2af,upcoming,【#燕雲十六聲】這張圖很粉和紅耶⚡嗟夫刀法+八方風雷(或 千香引魂蠱)✨✨【BillCh / 碧兒Ch】,2026-04-25T12:00:00Z,https://www.youtube.com/watch?v=CdgUVqf9C3U,https://i.ytimg.com/vi/CdgUVqf9C3U/mqdefault_live.jpg
64677f13935847cca3e2e6670a89d9a8,upcoming,【槍彈辯駁】 看我體力能讓我撐多久吧 EP6 💧🐱 #萊姆卯咪 #新域工作室,2026-04-25T12:00:00Z,https://www.youtube.com/watch?v=47ecIXRkmuw,https://i.ytimg.com/vi/47ecIXRkmuw/mqdefault_live.jpg
d2da40bb201e49ddbd6a8780bfaf8b63,upcoming,｜2026.04.25｜穿越爽劇終於輪到我了!? RO大佬帶我飛｜北宮雨音｜揪團轉盤／!dc／!yt／!指令｜#RO世界之旅新服開荒｜,2026-04-25T12:00:00Z,https://www.youtube.com/watch?v=2-0bx3XzzqY,https://i.ytimg.com/vi/2-0bx3XzzqY/mqdefault_live.jpg
3a30426a65fe450bbef138fd8ba35f1e,upcoming,【逆轉裁判123 #8】完全初見「逆轉裁判2」，接續上集！！異議あり！！！【劇情暴雷注意】【猫又くろね★Vtuber★】#初見歡迎 #歡迎降落,2026-04-25T12:00:00Z,https://www.youtube.com/watch?v=K-xNhQEtmQU,https://i.ytimg.com/vi/K-xNhQEtmQU/mqdefault_live.jpg
8ae0f370cf124faa953a09089a427fd9,upcoming,《樂高星際大戰：天行者傳奇》#5 五部曲：帝國大反擊,2026-04-25T12:00:00Z,https://www.youtube.com/watch?v=__5FQTVe1Ro,https://i.ytimg.com/vi/__5FQTVe1Ro/mqdefault_live.jpg
a725f6babc5f44779d7389886c6cd7b7,upcoming,【HELLDIVERS™】收集勳章 | 伊伊陪玩不收費不限制會員 | 遊玩新配置 | 全場破關換隊 | 隨機戰線觀眾自選 |  結伊戰兵隊出發! |  【＃VTuber/＃夜羽結伊子】,2026-04-25T12:30:00Z,https://www.youtube.com/watch?v=fMl2bhXjEBk,https://i.ytimg.com/vi/fMl2bhXjEBk/mqdefault_live.jpg
c88554bbf263412da16e7a17fd03e467,upcoming,【電療按摩】超香中之人露出⚠ 抖內控制遙控器⚡️好痠...可以幫人家按摩一下嗎👉👈｜#初見歡迎 ☁ 天蕓茶茶 ☁,2026-04-25T12:30:00Z,https://www.youtube.com/watch?v=BEIVE6M_eoo,https://i.ytimg.com/vi/BEIVE6M_eoo/mqdefault_live.jpg
a168211aa3dd451cb33e09b80df0ea0a,upcoming,"【同步視聽】今天來看大作! 關於我轉生變成史萊姆這檔事,歡迎大家一起來看 第一季13集開始｜神崎アルファ",2026-04-25T12:30:00Z,https://www.youtube.com/watch?v=KyCQZHHn-Mk,https://i.ytimg.com/vi/KyCQZHHn-Mk/mqdefault_live.jpg
02dadd7977b8412b99f101241de4cb3f,upcoming,【精選歌回】甜甜的好聽歌曲,2026-04-25T12:30:00Z,https://www.youtube.com/watch?v=SGuRqCtr-gg,https://i.ytimg.com/vi/SGuRqCtr-gg/mqdefault_live.jpg
834afd07257a43ac9f61085f79449be1,upcoming,VALORANT 特戰英豪｜初見!!!看前記得準備好降壓藥呦:D｜提拉米蘇Tiramisu,2026-04-25T12:30:15Z,https://www.youtube.com/watch?v=z8ubLvPcgKk,https://i.ytimg.com/vi/z8ubLvPcgKk/mqdefault_live.jpg
1bf9786ba55042b9ae3294dadfc7b40d,upcoming,【旅行分享會】台灣九日八夜到底有咩玩???【はくこ】,2026-04-25T13:00:00Z,https://www.youtube.com/watch?v=I1mgjhAnlcI,https://i.ytimg.com/vi/I1mgjhAnlcI/mqdefault_live.jpg
5da1b6db7796434f9180d2f5e210ea6c,upcoming,凌霄花 Campsis - 花陸万宵Mayo【Official Music Video】,2026-04-25T13:00:00Z,https://www.youtube.com/watch?v=iLL-t7ANpuU,https://i.ytimg.com/vi/iLL-t7ANpuU/mqdefault.jpg
6abc6d7010ed4b7a88b2566b171c9005,upcoming,【遊戲】仁王3｜快崩潰啦  #墨生 #初見歡迎 #歡迎降落,2026-04-25T13:00:00Z,https://www.youtube.com/watch?v=-OofphTr38Y,https://i.ytimg.com/vi/-OofphTr38Y/mqdefault_live.jpg
0fbdfcc1b9cf41fdb840cf2f546d9324,upcoming,《告別回憶 双想 Break out of my shell》EP.4,2026-04-25T13:00:00Z,https://www.youtube.com/watch?v=10ZPiUeMY44,https://i.ytimg.com/vi/10ZPiUeMY44/mqdefault_live.jpg
637a5867616a436ba0f7cdd36057f55a,upcoming,與菓深聊 | 人之初性本善嗎? 今天一起從 [ 乩身 ] 探討這個問題!!!,2026-04-25T13:00:00Z,https://www.youtube.com/watch?v=QIqGwRInL64,https://i.ytimg.com/vi/QIqGwRInL64/mqdefault_live.jpg
40f76b568f384790a1a089bb6619ddb2,upcoming,［萊玩遊戲菈］還有二周目的怪人 QAQ  | 寶可夢 盾版 Pokemon Shield｜#萊菈來啦,2026-04-25T13:00:00Z,https://www.youtube.com/watch?v=ah4krrUhMnE,https://i.ytimg.com/vi/ah4krrUhMnE/mqdefault_live.jpg
bc7d14416ba24cc8819f0753e1f595f5,upcoming,"【My Voice Zoo 】Hey, wanna visit the most chaos Zoo? w' @liumwinterfield_ch",2026-04-25T13:00:00Z,https://www.youtube.com/watch?v=yyE69_LmPlg,https://i.ytimg.com/vi/yyE69_LmPlg/mqdefault_live.jpg
c8ef4e3182b74ecd994c837a75624390,upcoming,【假裝工作實則摸魚的工作台】來做點台語迷因！,2026-04-25T13:00:00Z,https://www.youtube.com/watch?v=mhw1ZAzh28Q,https://i.ytimg.com/vi/mhw1ZAzh28Q/mqdefault_live.jpg
463e3994840145618264d41fa3eaf344,upcoming,【 There Is No Game: Wrong Dimension 】#1 咪鱷要跟旁白交朋友!! 聽說是一位有趣的朋友!! ( ՞ټ՞)/,2026-04-25T13:00:00Z,https://www.youtube.com/watch?v=S3RyikKvs9M,https://i.ytimg.com/vi/S3RyikKvs9M/mqdefault_live.jpg
32ce3b3861fe4b5a98d5adc9a704bbf1,upcoming,🥀【#初配信】霧金WuKin | 帶給大家溫暖的渡鴉  | 初見安安,2026-04-25T13:00:00Z,https://www.youtube.com/watch?v=EanMnzJDcLU,https://i.ytimg.com/vi/EanMnzJDcLU/mqdefault_live.jpg
60da3bb357d64f998006b8ca3043fd00,upcoming,【Stardew Valley】我要存300萬💤|古古.歐拉拉🐨,2026-04-25T13:00:00Z,https://www.youtube.com/watch?v=sd3QoU4Eiq0,https://i.ytimg.com/vi/sd3QoU4Eiq0/mqdefault_live.jpg
7d2aa4176f60423bb1532ac37ed55e28,upcoming,【雀魂】【觀眾參加場】快來打飛我！！【骨頭Man】,2026-04-25T13:00:00Z,https://www.youtube.com/watch?v=JhYWpCx_fI8,https://i.ytimg.com/vi/JhYWpCx_fI8/mqdefault_live.jpg
3bc6afb820df4f59b2c6ff1c25d1eed3,upcoming,"🌹【Stardew Valley】星露谷物語#04 w/ Diria Julie, Koi, Rio 2026-04-25【香港Vtuber】",2026-04-25T13:00:01Z,https://www.youtube.com/watch?v=caVzhO96vEc,https://i.ytimg.com/vi/caVzhO96vEc/mqdefault_live.jpg
c379e3f4f1eb41869ec465481b182e50,upcoming,🎤第二屆牡蠣國觀眾歌唱大會🎤超另類歌回！讓Vtuber的觀眾來唱歌！#台V #vtuber #台灣Vtuber #降落歡迎 #初見歡迎,2026-04-25T13:00:31Z,https://www.youtube.com/watch?v=DpU3AQYm6SI,https://i.ytimg.com/vi/DpU3AQYm6SI/mqdefault_live.jpg
7ebc0dc9fdf3442688ecd63bbdc30c51,upcoming,【交錯的想念／初見歡迎】難得來看一下要被下架的動畫電影👀✨據說是非常好評的戀愛群像劇💭【薄荷巧克力🌱🍫】,2026-04-25T13:30:00Z,https://www.youtube.com/watch?v=kT8BCAtFNKQ,https://i.ytimg.com/vi/kT8BCAtFNKQ/mqdefault_live.jpg
7ae1c13d53fb44f49f386eef43c63ee4,upcoming,【#雜談台】 雜談台 | 恋爱的条件有什么？💕,2026-04-25T14:00:00Z,https://www.youtube.com/watch?v=DwIfzbqv4rI,https://i.ytimg.com/vi/DwIfzbqv4rI/mqdefault_live.jpg
c06f5173a01c4c0db7a761957c02186d,upcoming,【Vtuber深夜訪談-5】甜美療癒系主播很難經營嗎？會唱歌、配音的知性櫻花妖精來襲！ Ft.天櫻咲樂｜安妲‧菈帝絲 Anda_Ratis,2026-04-25T14:00:00Z,https://www.youtube.com/watch?v=cQ42fmPdLpI,https://i.ytimg.com/vi/cQ42fmPdLpI/mqdefault_live.jpg
32ce3b3861fe4b5a98d5adc9a704bbf1,upcoming,【#歌枠】初配後熱血開唱! ! #初見歓迎,2026-04-25T14:00:00Z,https://www.youtube.com/watch?v=kae_GFLmyRU,https://i.ytimg.com/vi/kae_GFLmyRU/mqdefault_live.jpg
5b996b6eca90491cb8e1a43de23b2388,upcoming,【擠捏捏】📸開鏡福利📸哞~~~要不要喝鮮榨牛奶｜坎妮絲,2026-04-25T14:00:00Z,https://www.youtube.com/watch?v=HUWfiEQ7xL4,https://i.ytimg.com/vi/HUWfiEQ7xL4/mqdefault_live.jpg
58304450990a433b88acd02b889b74e6,upcoming,你們寫這甚麼爛故事！誰畫得出來啊QwQ｜ 晚安繪本｜歡迎降落｜塔瓦Tawa｜,2026-04-25T14:30:00Z,https://www.youtube.com/watch?v=o4CK4zRwoIE,https://i.ytimg.com/vi/o4CK4zRwoIE/mqdefault_live.jpg
50433c34f368460c9cda947f292a62b4,upcoming,【尼爾：自動人形♟️＃6】一點一滴地揭開機械生物的心【二周目進行中】【NieR: Automata】【貓宮步夢】,2026-04-25T15:00:00Z,https://www.youtube.com/watch?v=iqIo10bs-OA,https://i.ytimg.com/vi/iqIo10bs-OA/mqdefault_live.jpg
fe569b0c059e406daf57eb2acd11cc21,upcoming,【深夜推坑#1】 來看看這個大巨人傳說!一起來研究恐怖東西然後睡不著,2026-04-25T15:00:00Z,https://www.youtube.com/watch?v=5titDX5AG4s,https://i.ytimg.com/vi/5titDX5AG4s/mqdefault_live.jpg
7ebc0dc9fdf3442688ecd63bbdc30c51,upcoming,【挑戰直播／初見歡迎】這次想要收集到住在22個縣市的觀眾🙌在中午之前能夠順利達成嗎👀✨【薄荷巧克力🌱🍫】,2026-04-26T00:00:00Z,https://www.youtube.com/watch?v=EpO5slgZsmc,https://i.ytimg.com/vi/EpO5slgZsmc/mqdefault_live.jpg
6ddea98137e2429eb0e9c4025ad9294f,upcoming,【歌回】早安歌回 跟我說早安的話你就會得到一個被早安的開心我| 韶花 #初見歡迎 #降落歡迎,2026-04-26T02:00:00Z,https://www.youtube.com/watch?v=vsOpSURkYPQ,https://i.ytimg.com/vi/vsOpSURkYPQ/mqdefault_live.jpg
5d2231ea88fd474d8a11e5a759899216,upcoming,【新聞雜談✦04/26】有香菜以外的口味【十六月OctJun】,2026-04-26T02:00:00Z,https://www.youtube.com/watch?v=PWOnEwP8MR0,https://i.ytimg.com/vi/PWOnEwP8MR0/mqdefault_live.jpg
cd88de8b4bc84a71975df9afb42192b8,upcoming,學妹銑床求教【中風警告】可能開也可能不開~,2026-04-26T05:00:00Z,https://www.youtube.com/watch?v=j9hqsa87vXk,https://i.ytimg.com/vi/j9hqsa87vXk/mqdefault_live.jpg
ca8d038d311e4cccb2deded15cee89cd,upcoming,「缺氧」史前小行星_蜂巢增建+核電規劃(20260426,2026-04-26T05:00:00Z,https://www.youtube.com/watch?v=UAzu37Osnv0,https://i.ytimg.com/vi/UAzu37Osnv0/mqdefault_live.jpg
c65e7caaf81a43249d5132b9fe312b24,upcoming,Violin Vtuber ENDS your doomscrolling!!,2026-04-26T05:30:00Z,https://www.youtube.com/watch?v=_PM2m8zVZ94,https://i.ytimg.com/vi/_PM2m8zVZ94/mqdefault_live.jpg
0fbdfcc1b9cf41fdb840cf2f546d9324,upcoming,【After Rain】【卒業】【耐久】【全結局鑑賞】4,2026-04-26T06:00:00Z,https://www.youtube.com/watch?v=pDS6hsuopgM,https://i.ytimg.com/vi/pDS6hsuopgM/mqdefault_live.jpg
40c846b91c4a44a980eddf20f0f789c0,upcoming,🩵˙˚ ᕱ⑅ᕱ ˚˙[圖奇雙開!!❄️APEX冰火邀請娛樂賽🔥 感謝 NARA&桃姨邀請 ]音量注意(⸝⸝⸝´ꇴ`⸝⸝⸝),2026-04-26T06:00:00Z,https://www.youtube.com/watch?v=BMXFZqQXrKg,https://i.ytimg.com/vi/BMXFZqQXrKg/mqdefault_live.jpg
afb80b53c4a543e28eb165f036bc8e4f,upcoming,【再見喬伊】謝謝陪伴我367天的泛用皮！好好辦個最後感謝日！│【喬伊 Joey 】,2026-04-26T06:00:00Z,https://www.youtube.com/watch?v=oaiPbccJycw,https://i.ytimg.com/vi/oaiPbccJycw/mqdefault_live.jpg
107ad23090e649b8935850f3d78ded99,upcoming,【腦葉公司】DAY49：即將填滿日曆（Lobotomy Corporation）#30🦊遊戲Gaming【Le² Hooni 狐泥】個人勢Vtuber,2026-04-26T06:00:00Z,https://www.youtube.com/watch?v=iVsYuBRCRL0,https://i.ytimg.com/vi/iVsYuBRCRL0/mqdefault_live.jpg
5d2231ea88fd474d8a11e5a759899216,upcoming,【返校】Detention｜1960年代的白色恐怖，那些不該遺忘的歷史記憶【十六月OctJun】,2026-04-26T06:00:00Z,https://www.youtube.com/watch?v=ybuegFrHy4k,https://i.ytimg.com/vi/ybuegFrHy4k/mqdefault_live.jpg
2760c9a44c20464d8e140e6367ed1cdf,upcoming,【歌雜】咕咕嘎嘎！,2026-04-26T06:10:00Z,https://www.youtube.com/watch?v=TApJ-coTRq4,https://i.ytimg.com/vi/TApJ-coTRq4/mqdefault_live.jpg
cbba76fd34d74307a9f826e03b8e4db5,upcoming,【殘酷二選一】NG的男生行為(´ー`) with.YUKI #歡迎降落【彩羽悠夢Yume】,2026-04-26T07:00:00Z,https://www.youtube.com/watch?v=JAye-WB6djM,https://i.ytimg.com/vi/JAye-WB6djM/mqdefault_live.jpg
02dadd7977b8412b99f101241de4cb3f,upcoming,【零~紅蝶 Remake】相機無雙 #2,2026-04-26T07:00:00Z,https://www.youtube.com/watch?v=Km0hA1OhFk8,https://i.ytimg.com/vi/Km0hA1OhFk8/mqdefault_live.jpg
7d2aa4176f60423bb1532ac37ed55e28,upcoming,【雜談】來聊聊大家的奇耙交友經驗吧！【骨頭Man】,2026-04-26T07:00:00Z,https://www.youtube.com/watch?v=ro1L7HcX--A,https://i.ytimg.com/vi/ro1L7HcX--A/mqdefault_live.jpg
247215e876d24dae9932464b75fc577c,upcoming,【0415 世界藝術日】想要衝會籍數量的龍 決定來玩龍派畫畫一番賞 | 高維爾聊天 #台灣Vtuber,2026-04-26T08:00:00Z,https://www.youtube.com/watch?v=ghmFvKOddOI,https://i.ytimg.com/vi/ghmFvKOddOI/mqdefault_live.jpg
8c171b8f4b854cbfade4ee2babc19e0f,upcoming,【冉冉而談】晚餐閒聊｜晚餐吃什麼呢💓#荏冉浮光 #初見歡迎 #歡迎降落,2026-04-26T09:00:00Z,https://www.youtube.com/watch?v=r3o7zuLSQKw,https://i.ytimg.com/vi/r3o7zuLSQKw/mqdefault_live.jpg
94c7cb6122bd4dcab2d8660ddc5f5508,upcoming,【#ファンタジーライフiグルグルの竜と時をぬすむ少女 】第6章行きます！＃6【中文字幕】#奇幻生活i,2026-04-26T10:00:00Z,https://www.youtube.com/watch?v=Ftm5NxBPST4,https://i.ytimg.com/vi/Ftm5NxBPST4/mqdefault_live.jpg
d6c4708f6eb94ac6ad7668363b132248,upcoming,【 #薩琪的塔羅牌占卜台 】來為主人占卜下週的運勢！【 #人偶薩賓娜 #占卜 】,2026-04-26T10:00:00Z,https://www.youtube.com/watch?v=FXyx9EbIqZA,https://i.ytimg.com/vi/FXyx9EbIqZA/mqdefault_live.jpg
a052e4ff345b41919ab0f13a5b10ff02,upcoming,【小說家找優質作品】來Penana逛逛好作品 #vtuber中文 #小說投稿 #寫作,2026-04-26T11:00:00Z,https://www.youtube.com/watch?v=aV6zVrOGf0w,https://i.ytimg.com/vi/aV6zVrOGf0w/mqdefault_live.jpg
260f0fb7a8b1421394c38114230479bb,upcoming,【現在遊戲宗】計畫有變！不玩貴族鐵騎了！我們要像個渣男一樣尋找下家(?  #初見大歡迎 #初見歡迎,2026-04-26T11:00:00Z,https://www.youtube.com/watch?v=uRjaC4TfUjE,https://i.ytimg.com/vi/uRjaC4TfUjE/mqdefault_live.jpg
4b6655120fbd4431a8f7894cac4a4d49,upcoming,塔羅占卜#134｜利卡女帝幫你占🔮✨🦊【Healing希靈/VTuber】,2026-04-26T11:30:00Z,https://www.youtube.com/watch?v=Z0SypH8RrzA,https://i.ytimg.com/vi/Z0SypH8RrzA/mqdefault_live.jpg
6ddea98137e2429eb0e9c4025ad9294f,upcoming,【遊戲】沉沒意志 真的要前進第四天! 希望能一次玩完刺激的第四天 | 韶花 #初見歡迎 #降落歡迎,2026-04-26T12:00:00Z,https://www.youtube.com/watch?v=VOmzFz0yRAU,https://i.ytimg.com/vi/VOmzFz0yRAU/mqdefault_live.jpg
306117a48f3445baad1d6a919ed340bb,upcoming,【收益化慶祝】(事隔4年又一次....)會員開通+貼圖+說明/李李生日/超級感謝｡ﾟヽ(ﾟ´Д`)ﾉﾟ｡ 20260426#台灣Vtuber#初見歡迎 #降落歡迎,2026-04-26T12:00:00Z,https://www.youtube.com/watch?v=mCRmKdwlzm8,https://i.ytimg.com/vi/mCRmKdwlzm8/mqdefault_live.jpg
f1bcb26adebc4b95abd8fb779dfc4f6f,upcoming,《與貓同行 Demo 》同時變成人類與貓咪，展開冒險旅程真是太酷辣!!☀ 柯琳焙可#初見歡迎 #降落歡迎,2026-04-26T12:00:00Z,https://www.youtube.com/watch?v=Y6DRbiBpq2A,https://i.ytimg.com/vi/Y6DRbiBpq2A/mqdefault_live.jpg
fad69c2a625446829ef410d9ef277c8f,upcoming,Singing Stream︱今天大家一起來失戀~ 今天不接受點歌喔~🎤︱依涅斯Inez #初見さん大歓迎 #歌枠 #初見歓迎,2026-04-26T12:00:00Z,https://www.youtube.com/watch?v=-Z8zhBVje8M,https://i.ytimg.com/vi/-Z8zhBVje8M/mqdefault_live.jpg
dbfaa5f3d01142df8a05c4946a0a22dc,upcoming,【雲端旅遊約會✈️🧳】一起去京都大阪散步約會⁉️ 行前規劃✨｜歡迎入內聊天☀️【星野EE】 #初見歡迎 #降落歡迎,2026-04-26T12:00:00Z,https://www.youtube.com/watch?v=bbKbLBLvfOE,https://i.ytimg.com/vi/bbKbLBLvfOE/mqdefault_live.jpg
532b143e82d6452fac9a18d1d025a2af,upcoming,【#燕雲十六聲】籌碼100萬指日可待⚡嗟夫刀法+八方風雷(或 千香引魂蠱)✨✨【BillCh / 碧兒Ch】,2026-04-26T12:00:00Z,https://www.youtube.com/watch?v=mW9BGHI-Ohw,https://i.ytimg.com/vi/mW9BGHI-Ohw/mqdefault_live.jpg
645fc774332a469ebd03f1a822ebe2be,upcoming,【會員限定】每次都拆上下好像要追一輩子歌數了… 2026年2月會員點歌(下) ♪【紡霊拉比】,2026-04-26T12:00:00Z,https://www.youtube.com/watch?v=GhkFNiZ7H1k,https://i.ytimg.com/vi/GhkFNiZ7H1k/mqdefault_live.jpg
3a30426a65fe450bbef138fd8ba35f1e,upcoming,【週表作業雜談】來製作本週週表～順便跟大家聊聊天！！！【猫又くろね★Vtuber★】#歡迎初見 #歡迎降落,2026-04-26T12:00:00Z,https://www.youtube.com/watch?v=5a57f8QQZCE,https://i.ytimg.com/vi/5a57f8QQZCE/mqdefault_live.jpg
fa83a68ebfff419983124d69373ede6f,upcoming,【主題雜談】跟風！來聊聊跟熊熊交往的優點跟缺點？！【熊野紅葉Kumano Momiji】,2026-04-26T12:00:46Z,https://www.youtube.com/watch?v=ypLJC-kAAxw,https://i.ytimg.com/vi/ypLJC-kAAxw/mqdefault_live.jpg
f94ba8ea1a5441c4852d53e8f528ee20,upcoming,【加班台Day10】初體驗！ 生化危機安魂曲 #2 ❣   歡迎初見、聊天、掛台 【 千里せんり】#生化危機9  #惡靈古堡安魂曲 #residentevilrequiem,2026-04-26T12:30:00Z,https://www.youtube.com/watch?v=xcgZZ1JPNZI,https://i.ytimg.com/vi/xcgZZ1JPNZI/mqdefault_live.jpg
7ae1c13d53fb44f49f386eef43c63ee4,upcoming,【#游戲】🎮 原神 | part 3 「月之三」版本「終北的夜行詩」主綫推進,2026-04-26T12:30:00Z,https://www.youtube.com/watch?v=dzvmz9t03xI,https://i.ytimg.com/vi/dzvmz9t03xI/mqdefault_live.jpg
4482e4f0cea64f92aa78b2513c7ed897,upcoming,直播預定 ‎⁺˳✿⏦₊ (應該是這週的唯一一台..)【三森ルイ/Mimori Rui】,2026-04-26T13:00:00Z,https://www.youtube.com/watch?v=G9tuZ9iLZKo,https://i.ytimg.com/vi/G9tuZ9iLZKo/mqdefault_live.jpg
0fbdfcc1b9cf41fdb840cf2f546d9324,upcoming,【After Rain】【卒業】【耐久】【全結局鑑賞】5,2026-04-26T13:00:00Z,https://www.youtube.com/watch?v=i6Pv7sj5wK0,https://i.ytimg.com/vi/i6Pv7sj5wK0/mqdefault_live.jpg
40f76b568f384790a1a089bb6619ddb2,upcoming,"［萊玩遊戲菈］這是我在Pokopia的第6天, 新的城鎮更多寶可夢了 | Pokemon Pokopia 寶可夢森友會｜#萊菈來啦",2026-04-26T13:00:00Z,https://www.youtube.com/watch?v=Y3kIHyF89io,https://i.ytimg.com/vi/Y3kIHyF89io/mqdefault_live.jpg
60da3bb357d64f998006b8ca3043fd00,upcoming,【雜談 】折折折!!💤|古古.歐拉拉🐨|,2026-04-26T13:00:00Z,https://www.youtube.com/watch?v=gftyu2JUEa0,https://i.ytimg.com/vi/gftyu2JUEa0/mqdefault_live.jpg
a39733d216994010b34bf5033be01589,upcoming,【珂夜新聞】第一次看VTuber報新聞嗎？我不只報國際時事，還有推廣有趣的VTuber企劃喔！｜珂賽特Cosette #初見歓迎,2026-04-26T13:00:00Z,https://www.youtube.com/watch?v=2jVbQwxcayI,https://i.ytimg.com/vi/2jVbQwxcayI/mqdefault_live.jpg
9e3edec3eec54f49a065f1970471d473,upcoming,【拍立得配信 】來啦終於到了...來找數12月份的拍立得 ٩(ˊᗜˋ*)و！  #香港Vtuber ✨ │ 羽狐神 ちよ,2026-04-26T13:00:00Z,https://www.youtube.com/watch?v=UBtvidIIfK0,https://i.ytimg.com/vi/UBtvidIIfK0/mqdefault_live.jpg
e1b2337b79d1449e9ae6a754ec74050d,upcoming,【3D】KCUP化香港vtuber正能量擔當（自稱）小丑魚水澄のぞみ ！【香港VTUBER】,2026-04-26T13:30:00Z,https://www.youtube.com/watch?v=RngA36ygNYg,https://i.ytimg.com/vi/RngA36ygNYg/mqdefault_live.jpg
209a528363cd411886ec9e5d086ff1bc,upcoming,Red Dead Redemption ｜ 完全初見 暴雷者死全家,2026-04-26T14:00:00Z,https://www.youtube.com/watch?v=ROXLwDxYSQg,https://i.ytimg.com/vi/ROXLwDxYSQg/mqdefault_live.jpg
d13fdb8fdd3049e5bf80b5ab0fa8a1a6,upcoming,《⚓大航海Online #遊雜》航行~~~~~~🐾 ｜#外星貓Vtuber直播 #女神約會日,2026-04-26T14:30:00Z,https://www.youtube.com/watch?v=798LHjpdpug,https://i.ytimg.com/vi/798LHjpdpug/mqdefault_live.jpg
dc0868efeac540bfac9b383bd65a82e6,upcoming,◈讓作品為你度過人生的春夏秋冬-主題雜談　 #雜談配信 #新人Vtuber,2026-04-26T15:00:00Z,https://www.youtube.com/watch?v=K-Biqab6OiE,https://i.ytimg.com/vi/K-Biqab6OiE/mqdefault_live.jpg
cedd78c374b54898a647a3cb3a5263fc,upcoming,【動物叫聲罵倒台】📸開鏡福利📸用各種動物的叫聲罵死你，罵到你會怕🐝｜#降落大歡迎｜凝淵 Mojoy Live 三期生,2026-04-26T15:45:00Z,https://www.youtube.com/watch?v=m8Ys55qpGVU,https://i.ytimg.com/vi/m8Ys55qpGVU/mqdefault_live.jpg
2f0a0ee6478c45ae8af28953b4c370be,upcoming,繪圖雜談✦又是立繪委託！辣個性感的男倫🏯⛩️０３｛愉快販｝#初見歡迎,2026-04-27T06:00:00Z,https://www.youtube.com/watch?v=RCRUBsE_drE,https://i.ytimg.com/vi/RCRUBsE_drE/mqdefault_live.jpg
d475848a566848dc9f6ad02707d87e2a,upcoming,【伊勢人魚物語】ParanormaSight新作！【HKVTuber/Ding】,2026-04-27T09:00:00Z,https://www.youtube.com/watch?v=wdurZA9wf4I,https://i.ytimg.com/vi/wdurZA9wf4I/mqdefault_live.jpg
c6ce333916b446d48d27be05df1a218e,upcoming,【三周年-重大告知】不知不覺來到了滿三年了 #丹瓷Dancih #丹丹來瓷,2026-04-27T11:00:00Z,https://www.youtube.com/watch?v=8OTZBKPAvAQ,https://i.ytimg.com/vi/8OTZBKPAvAQ/mqdefault_live.jpg
1fdc000815cc476dbc9d19aa431305b5,upcoming,【一茶一繪】我的朋友都很難約，小汐，你是其中一個【亞菲忒 Aphitita】ft.七小汐,2026-04-27T12:30:00Z,https://www.youtube.com/watch?v=XCVGg_30hgs,https://i.ytimg.com/vi/XCVGg_30hgs/mqdefault_live.jpg
494d2c5daf9f4a8a8e4538687e6be14c,upcoming,【 瑟瑟總監的實體研究 2 】😈 大家的心得寫得太好了吧!?!?!  |  結尾獎品開抽!!!! #初見歡迎  【夢天堂合作飛ㄐ杯】【兔姬UsagiHime | 惡兔重工】,2026-04-27T13:00:00Z,https://www.youtube.com/watch?v=ri1rAVhSGRo,https://i.ytimg.com/vi/ri1rAVhSGRo/mqdefault_live.jpg
0fbdfcc1b9cf41fdb840cf2f546d9324,upcoming,《告別回憶 双想 Break out of my shell》EP.5,2026-04-27T13:00:00Z,https://www.youtube.com/watch?v=L5Y_gND-6mc,https://i.ytimg.com/vi/L5Y_gND-6mc/mqdefault_live.jpg
31f17632340f4e7fbd0ced07193dd81b,upcoming,【競標】4/27 競標 金屬海報 ! 只有兩個 ! 得標者會簽名 !【達亞】#vtuber #台灣Vtuber,2026-04-27T13:00:00Z,https://www.youtube.com/watch?v=Smm75Qn-ulY,https://i.ytimg.com/vi/Smm75Qn-ulY/mqdefault_live.jpg
9be037b96ffa41c9a080edf332650649,upcoming,【深冥ノ誕生祭】2026誕生季!【レヴィア / 萊維亞】,2026-04-27T13:30:00Z,https://www.youtube.com/watch?v=1pmEBFlkqpc,https://i.ytimg.com/vi/1pmEBFlkqpc/mqdefault_live.jpg
d13fdb8fdd3049e5bf80b5ab0fa8a1a6,upcoming,《🍗緋嚐料理｜👅味增雞肉》#露手注意 這個看起來很簡單，我料理應該沒問題啦 ｜#外星貓Vtuber直播 #雜談,2026-04-27T14:30:00Z,https://www.youtube.com/watch?v=jcyyPpAeVQE,https://i.ytimg.com/vi/jcyyPpAeVQE/mqdefault_live.jpg
74d00f89697a43e6801463c71fb37172,upcoming,✝️麻優涅茲.YUU✝️/ 4月20日至4月26日的周程表😈#vtuber  #新人vtuber #台V,2026-04-27T15:30:00Z,https://www.youtube.com/watch?v=8AhfO3QqmCQ,https://i.ytimg.com/vi/8AhfO3QqmCQ/mqdefault_live.jpg
76d68171666847cc913328359037139c,upcoming,【深夜雜談】聊聊近期時事 好多混亂！ #初見歡迎 #歡迎降落 Free Talking | Just Chatting,2026-04-28T11:00:00Z,https://www.youtube.com/watch?v=etAhQ7QkHVA,https://i.ytimg.com/vi/etAhQ7QkHVA/mqdefault_live.jpg
483a76d7ad1d464aa290606959ddddec,upcoming,【新番雜談】2026.4月春💮re0/小書癡/主播女孩｜第一話感想｜動漫｜Timu蒂姆,2026-04-28T12:00:00Z,https://www.youtube.com/watch?v=b-iR_Kx3lpg,https://i.ytimg.com/vi/b-iR_Kx3lpg/mqdefault_live.jpg
1310ffb60dcf40eaaf6a08890e632234,upcoming,延期【 #誰是中之人 】VT推理？究竟誰是妙哇中之人呢？中子中子！,2026-04-28T14:00:00Z,https://www.youtube.com/watch?v=kvF-3HNQfhg,https://i.ytimg.com/vi/kvF-3HNQfhg/mqdefault_live.jpg
d13fdb8fdd3049e5bf80b5ab0fa8a1a6,upcoming,《🎉生日 #五周年後日談》拆禮物+跟v朋朋合唱 #外星貓Vtuber直播🐾,2026-04-28T14:30:00Z,https://www.youtube.com/watch?v=LQTntxGrZr8,https://i.ytimg.com/vi/LQTntxGrZr8/mqdefault_live.jpg
a2c7c34474174cd2bffcc17a32aeec21,upcoming,【Re:sing 聲浪迴響】世界以痛吻你、你無需報之以歌 #歌枠 #睡眠導入 #初見歓迎 #降落歡迎,2026-04-29T12:00:00Z,https://www.youtube.com/watch?v=7LI3uSXTeHQ,https://i.ytimg.com/vi/7LI3uSXTeHQ/mqdefault_live.jpg
1a39f2817a8d4b2d941677c2a07e896a,upcoming,【???】我交了個地雷女友☂️蘇凱奧SouL Kaos,2026-04-29T12:00:00Z,https://www.youtube.com/watch?v=WpM7ZP90woI,https://i.ytimg.com/vi/WpM7ZP90woI/mqdefault_live.jpg
9e3edec3eec54f49a065f1970471d473,upcoming,【 #千代新衣装 】狸曾在雪山上救過一只狐狸...？！千代要穿上美美的....！ ✨ │ 羽狐神 ちよ,2026-04-29T13:00:00Z,https://www.youtube.com/watch?v=sXXpw6IHkdw,https://i.ytimg.com/vi/sXXpw6IHkdw/mqdefault_live.jpg
7cecb437e7a54e07a29c3a164565957d,upcoming,.·✧ 𓊆 𝔸𝕊𝕄ℝ麥克風募資計畫 𝔹𝕝𝕒𝕔𝕜 𝟛𝔻𝕀𝕆 ℂ𝕣𝕠𝕨𝕕𝕗𝕦𝕟𝕕𝕚𝕟𝕘 ℂ𝕒𝕞𝕡𝕒𝕚𝕘𝕟 𓊇 ✧·.˹ 活動詳細資訊 請見資訊欄 ˼ ⋄⟣ 𝐾𝑒𝑟𝑖.𝑙𝑢【𝑉𝑡𝑢𝑏𝑒𝑟】.,2026-04-29T16:00:00Z,https://www.youtube.com/watch?v=-OvxRoDIhyk,https://i.ytimg.com/vi/-OvxRoDIhyk/mqdefault_live.jpg
6cd8cdc530d14e2d9d0a9cd20cb6b05c,upcoming,【九日】『作死計劃 DAY 1』挑戰0死通關九日？死了就重來！《Nanashi Yuki》#魚兒魚兒水中游,2026-04-30T10:00:00Z,https://www.youtube.com/watch?v=pfLE3AuZDdI,https://i.ytimg.com/vi/pfLE3AuZDdI/mqdefault_live.jpg
d33940525b7f4b9db9ce85e08b4c175e,upcoming,【Tomodachi Life 】Taking care of my mii,2026-04-30T13:00:00Z,https://www.youtube.com/watch?v=ZHZOW9QpaEg,https://i.ytimg.com/vi/ZHZOW9QpaEg/mqdefault_live.jpg
6b43c568bdf044e4a4ae0bae0cb9fff2,upcoming,【初配信】⚡今晚 ! 歌聲將穿越空間 !💥/#AOI,2026-04-30T13:00:00Z,https://www.youtube.com/watch?v=2ZOHMnTzuXw,https://i.ytimg.com/vi/2ZOHMnTzuXw/mqdefault_live.jpg
7cecb437e7a54e07a29c3a164565957d,upcoming,✨限定活動✨ 讓可莉為你施一切變乖乖的魔法 ✨⋄⟣ 可莉.露/𝐾𝑒𝑟𝑖.𝑙𝑢【𝑉𝑡𝑢𝑏𝑒𝑟】. #vtuber #台V,2026-04-30T13:45:00Z,https://www.youtube.com/watch?v=HADfKhjM7Yk,https://i.ytimg.com/vi/HADfKhjM7Yk/mqdefault_live.jpg
cc882664d9794fb88b06a5a0aa1591ae,upcoming,🔴【4周年投稿企劃】一齊睇明治紀念冊！瞭解觀眾唔使靠起底👀【月川MoonRiver 香港VTuber HKVTuber 中文】#香港 #直播 #粵語,2026-04-30T14:30:00Z,https://www.youtube.com/watch?v=7NseNH1e9Dk,https://i.ytimg.com/vi/7NseNH1e9Dk/mqdefault_live.jpg
7af8f321e84542dc9ccda160152fbf0b,upcoming,4月16~4月22 滾動式更新週期表,2026-04-30T15:45:00Z,https://www.youtube.com/watch?v=6mIBkvrFq9A,https://i.ytimg.com/vi/6mIBkvrFq9A/mqdefault_live.jpg
d80f5bc1e3ce4c35aa3eced40cc3bddc,upcoming,生日周邊預購💖｜雙面枕頭套，反面為純色LOGO圖，讓你不社死，請使用綠界或Paypal抖內預購🎁詳見資訊欄｜司淇,2026-04-30T16:00:00Z,https://www.youtube.com/watch?v=O0GkXyOhFDQ,https://i.ytimg.com/vi/O0GkXyOhFDQ/mqdefault_live.jpg
5ee9f1126dcf463e8d6afc8ef113d084,upcoming,【美女，請別影響我成仙】我其實是被修仙吸引的 #初見歡迎〔洛琳 LuoLiyn〕,2026-05-01T10:50:00Z,https://www.youtube.com/watch?v=MEQPexYSbd4,https://i.ytimg.com/vi/MEQPexYSbd4/mqdefault_live.jpg
4b53aa789e544bd9aaecc9fbc79e4bbe,upcoming,【Req・リク◎】毎週定期歌枠！まったり歌います～🫧【#あのねホタルちゃん 】#歌枠 #vsinger #弾き語り,2026-05-01T11:00:00Z,https://www.youtube.com/watch?v=lYTgJIlwRkM,https://i.ytimg.com/vi/lYTgJIlwRkM/mqdefault_live.jpg
633c7350aca946428e98228660ee73e2,upcoming,【4/27~4/30 ✧ 魔女不上班】在這裡好好發洩一下對妮的想念吧💗,2026-05-01T11:30:00Z,https://www.youtube.com/watch?v=Um5AL5JsSoI,https://i.ytimg.com/vi/Um5AL5JsSoI/mqdefault_live.jpg
2be709cdd22f4a63a95504731ba79afd,upcoming,【重大告知】我們跌跌撞撞一路走來，也已經過了快要四年。【閻鈴YangLing・VTuber】,2026-05-01T12:00:00Z,https://www.youtube.com/watch?v=J_3z79De57w,https://i.ytimg.com/vi/J_3z79De57w/mqdefault_live.jpg
0fbdfcc1b9cf41fdb840cf2f546d9324,upcoming,【告別回憶3】【耐久】EP.10荷嶋音緒路線part10,2026-05-01T13:00:00Z,https://www.youtube.com/watch?v=GkZ79RzqmB4,https://i.ytimg.com/vi/GkZ79RzqmB4/mqdefault_live.jpg
483a76d7ad1d464aa290606959ddddec,upcoming,【玩Demo】Pragmata / 柏林公寓 / Shanty Town / Sunset Hills ｜vtuber｜Timu 蒂姆,2026-05-02T12:00:00Z,https://www.youtube.com/watch?v=rLDTKPtX_rg,https://i.ytimg.com/vi/rLDTKPtX_rg/mqdefault_live.jpg
8020c505099f474ca81da3023926485f,upcoming,【🧑🏻‍🚀#人機迷網┆#PRAGMATA📡#5】繼續遊走月礦區🌑重啟IDUS之路有點長呀～【蒂亞拉 ✦ 白昼夢ティアラ／DayDream Tiara】,2026-05-02T13:00:00Z,https://www.youtube.com/watch?v=qdXxsRrD7Y0,https://i.ytimg.com/vi/qdXxsRrD7Y0/mqdefault_live.jpg
7d2aa4176f60423bb1532ac37ed55e28,upcoming,【企劃】與6tan工商巨魔訪談 聊聊展覽心得【骨頭Man】,2026-05-02T13:00:00Z,https://www.youtube.com/watch?v=4K0qxWyyKHE,https://i.ytimg.com/vi/4K0qxWyyKHE/mqdefault_live.jpg
a052e4ff345b41919ab0f13a5b10ff02,upcoming,【心動小鎮】鬱兔書局開張啦～向大家徵稿囉！ #鬱兔  #台V #heartopia,2026-05-03T11:00:00Z,https://www.youtube.com/watch?v=_TBmqMoUaOM,https://i.ytimg.com/vi/_TBmqMoUaOM/mqdefault_live.jpg
1025a2d1ea674c649b1e7934895bd419,upcoming,【Licca Radio🎧音樂電台】一起聽音樂的好朋友 #初見歡迎【LiccaLive】,2026-05-03T12:00:00Z,https://www.youtube.com/watch?v=JIidZ23QeCo,https://i.ytimg.com/vi/JIidZ23QeCo/mqdefault_live.jpg
0a178f2c7b994a4ea8eb845ebd489a5a,upcoming,ハイドアンド・シーク✦ COVER by 德萊涅洛 • 多洛莉絲,2026-05-03T13:00:00Z,https://www.youtube.com/watch?v=_reyHdcR5ug,https://i.ytimg.com/vi/_reyHdcR5ug/mqdefault.jpg
1fdc000815cc476dbc9d19aa431305b5,upcoming,【一茶一繪】所謂朋友的朋友就是雙倍的朋友！（？【亞菲忒 Aphitita】ft.小木戶圭,2026-05-04T12:30:00Z,https://www.youtube.com/watch?v=crm0o7ThmCE,https://i.ytimg.com/vi/crm0o7ThmCE/mqdefault_live.jpg
e1b2337b79d1449e9ae6a754ec74050d,upcoming,【一週的水澄】【#32】大家上個星期過成點！ 【香港VTUBER】,2026-05-04T13:30:00Z,https://www.youtube.com/watch?v=ceyl3zXm5GY,https://i.ytimg.com/vi/ceyl3zXm5GY/mqdefault_live.jpg
d13fdb8fdd3049e5bf80b5ab0fa8a1a6,upcoming,《📬 隨意聊聊。》#天使塔羅 你今天過得好嗎？  — 艾德里娜的許願室 #風中拾光 #雜談,2026-05-04T14:30:00Z,https://www.youtube.com/watch?v=w1xpbw1klBk,https://i.ytimg.com/vi/w1xpbw1klBk/mqdefault_live.jpg
d5fdf5fc55d14476908e416e6d43c121,upcoming,【ASMR】寂寞了嗎？沒關係，我會把你的空缺全部填滿♡寂しいの？大丈夫、私が全部埋めてあげる♡❄️囁き／舔耳／脳舐め／耳舐め／無廣告／広告なし【雪之下織雪／芥川組】,2026-05-07T15:00:00Z,https://www.youtube.com/watch?v=ZG54SEMMtZw,https://i.ytimg.com/vi/ZG54SEMMtZw/mqdefault_live.jpg
8c25e14dcc3a4f71895d58924c69dc0a,upcoming,【YT 頻道休息】搬家+出國去啦！預計休息一個月左右 ~,2026-05-08T04:00:00Z,https://www.youtube.com/watch?v=khh4ah3bxSA,https://i.ytimg.com/vi/khh4ah3bxSA/mqdefault_live.jpg
3e6a09fe4ef744f987e27ae0f06cdf09,upcoming,✨沐屋工作室x湊喫茶 合作活動開跑！4/7～5/7等你來喝茶♥✨,2026-05-08T05:30:00Z,https://www.youtube.com/watch?v=MmQrDeM753w,https://i.ytimg.com/vi/MmQrDeM753w/mqdefault_live.jpg
4b53aa789e544bd9aaecc9fbc79e4bbe,upcoming,【Req・リク◎】毎週定期歌枠！まったり歌います～🫧【#あのねホタルちゃん 】#歌枠 #vsinger #弾き語り,2026-05-08T11:00:00Z,https://www.youtube.com/watch?v=bXHRQlclCmE,https://i.ytimg.com/vi/bXHRQlclCmE/mqdefault_live.jpg
1406aeb0ef48430bab0b939a29609394,upcoming,【初配信】進來咖啡廳坐坐吧!我請你喝一杯咖啡☕【雨歌冷冷 KorudoAme】,2026-05-09T12:00:00Z,https://www.youtube.com/watch?v=aSMNS1iQF7Q,https://i.ytimg.com/vi/aSMNS1iQF7Q/mqdefault_live.jpg
bdaa84ad3c7841d6a9ec8774ed9d40a9,upcoming,TRPG｜CoC跑團直播《ヰ書》feat.赤野蕗丹｜🍮魔法布丁罐,2026-05-09T12:00:00Z,https://www.youtube.com/watch?v=tWPUexZwg5E,https://i.ytimg.com/vi/tWPUexZwg5E/mqdefault_live.jpg
f2ad5f187c9141ab8830b8eaf81c3aee,upcoming,【陛! 爆唔到機】Baby Steps EP18 - 真係一步【皇咲レイナ | HKVtuber】,2026-05-10T08:00:00Z,https://www.youtube.com/watch?v=uWh33J-Khvg,https://i.ytimg.com/vi/uWh33J-Khvg/mqdefault_live.jpg
f46e5ebb899548cab53d24f1901315b0,upcoming,[新衣裝] 亞連2.0來啦! 新衣服新妝容 [幕亞連],2026-05-10T12:00:00Z,https://www.youtube.com/watch?v=qGIBCVqQyCY,https://i.ytimg.com/vi/qGIBCVqQyCY/mqdefault_live.jpg
d13fdb8fdd3049e5bf80b5ab0fa8a1a6,upcoming,《🌟地球觀光日記》跟望夜夜一起去菲律賓水肺潛水~ 有伴手禮可以抽抽唷 #沒有沙丁魚風暴 #巧克力山 #眼鏡猴 #夕陽棧道 ｜#外星貓Vtuber直播🐾,2026-05-11T14:30:00Z,https://www.youtube.com/watch?v=to-ZbZM-Pfo,https://i.ytimg.com/vi/to-ZbZM-Pfo/mqdefault_live.jpg
c94bc4ff4689403aac751731d33150e6,upcoming,🐣 04/20 - 04/26 周表 💛 周表優化但我沒存到檔！好氣喔 (╯°Д°）╯︵ ┻━┻ —,2026-05-13T11:15:00Z,https://www.youtube.com/watch?v=ftidKT8U8UM,https://i.ytimg.com/vi/ftidKT8U8UM/mqdefault_live.jpg
4b53aa789e544bd9aaecc9fbc79e4bbe,upcoming,【Req・リク◎】毎週定期歌枠！まったり歌います～🫧【#あのねホタルちゃん 】#歌枠 #vsinger #弾き語り,2026-05-15T11:00:00Z,https://www.youtube.com/watch?v=uzUIOqSO-Z4,https://i.ytimg.com/vi/uzUIOqSO-Z4/mqdefault_live.jpg
247eca886f5c43188a3d6d3945e40636,upcoming,【04/20-04/26】周表! #新人VTUBER #台V #魔王會長休息中,2026-05-15T12:50:00Z,https://www.youtube.com/watch?v=V4Jc25gV9TA,https://i.ytimg.com/vi/V4Jc25gV9TA/mqdefault_live.jpg
07553f6f3df84c3396508456ccbe7df2,upcoming,【Minecraft】🩷5月同樂場~封面還沒做/幾點還沒決定🖤  【天奈莓璐 | AmanaMeiru】,2026-05-16T11:00:00Z,https://www.youtube.com/watch?v=uo8pdWLVBEw,https://i.ytimg.com/vi/uo8pdWLVBEw/mqdefault_live.jpg
87606e72f653472f9eafb06e8f49c39c,upcoming,【回歸】學成歸來📚各位應該都想我了吧～,2026-05-17T13:30:00Z,https://www.youtube.com/watch?v=lRJY18qhDA4,https://i.ytimg.com/vi/lRJY18qhDA4/mqdefault_live.jpg
d13fdb8fdd3049e5bf80b5ab0fa8a1a6,upcoming,《☕工作台》畫頭像~聊聊天~弄設定~｜ #外星貓Vtuber直播🐾,2026-05-18T14:30:00Z,https://www.youtube.com/watch?v=MdZ6p4JL13U,https://i.ytimg.com/vi/MdZ6p4JL13U/mqdefault_live.jpg
4576d781ddae45d59fc83c8d25385983,upcoming,⚰️04/13 - 04/19週表💜你喜歡劇情向ASMR嗎ＴＴ？,2026-05-19T17:00:00Z,https://www.youtube.com/watch?v=MmxDjFC2Yus,https://i.ytimg.com/vi/MmxDjFC2Yus/mqdefault_live.jpg
853be9569c0e446eaa5c5059642ea63b,upcoming,【#一周年記念 】5月20日創立貓之國一周年紀念日喵｜✨ #貓哈囉 #台V #夜貓 #雜談配信 #初見歡迎 #一周年記念   【一貓Muse Ch. 】,2026-05-19T17:00:00Z,https://www.youtube.com/watch?v=pQlhqQ574c0,https://i.ytimg.com/vi/pQlhqQ574c0/mqdefault_live.jpg
17c335762a694402b8cb9a96b2865572,upcoming,3D SHOWCASE | 行動代號 : 參滴。,2026-05-20T12:00:00Z,https://www.youtube.com/watch?v=VXTFYPJKdfo,https://i.ytimg.com/vi/VXTFYPJKdfo/mqdefault_live.jpg
72edc688855047cbbbe495e3f2af9fda,upcoming,【2周年記念周邊】限定周邊販售中✨只到 2026/4/30喔🌸   #Aori_KaE  #vtuber,2026-05-20T12:20:00Z,https://www.youtube.com/watch?v=ekaQLMR5ROU,https://i.ytimg.com/vi/ekaQLMR5ROU/mqdefault_live.jpg
3c1783f6914f414b830c836829d1afa2,upcoming,ff46周邊通販上架中！,2026-05-20T13:25:00Z,https://www.youtube.com/watch?v=C0kpWSUGj5c,https://i.ytimg.com/vi/C0kpWSUGj5c/mqdefault_live.jpg
4b53aa789e544bd9aaecc9fbc79e4bbe,upcoming,【Req・リク◎】毎週定期歌枠！まったり歌います～🫧【#あのねホタルちゃん 】#歌枠 #vsinger #弾き語り,2026-05-22T11:00:00Z,https://www.youtube.com/watch?v=7a_OL-lV0Ng,https://i.ytimg.com/vi/7a_OL-lV0Ng/mqdefault_live.jpg
59f5e287671149398135c5c08b5ed2f7,upcoming,【初配信】燈燈燈燈！你的神燈姐姐羅妲上線啦！我來實現你的願望❤️,2026-05-23T14:00:00Z,https://www.youtube.com/watch?v=k0pnP9GRaAQ,https://i.ytimg.com/vi/k0pnP9GRaAQ/mqdefault_live.jpg
dfc411c6b5d24d97b944f527ddfd2f0b,upcoming,【生日直播】出道三年多終於1.5版XD |初披露、1.5初配信,2026-05-26T12:00:26Z,https://www.youtube.com/watch?v=f4CvM00SlBg,https://i.ytimg.com/vi/f4CvM00SlBg/mqdefault_live.jpg
192d2decee72410e8346c135c4ac6e00,upcoming,改期詳情見資訊欄【情境ASMR】狐 可是祥瑞之兆【九十九真淵 / 芥川組】,2026-05-29T13:00:00Z,https://www.youtube.com/watch?v=Rdez5KU8dkA,https://i.ytimg.com/vi/Rdez5KU8dkA/mqdefault_live.jpg
bf3356cfb2754286af9b6bb1665f56bd,upcoming,【初配信】神明也要打卡上班！大家好我是實習土地公蒔楠！！,2026-05-30T14:00:00Z,https://www.youtube.com/watch?v=TrTGSwKmqyI,https://i.ytimg.com/vi/TrTGSwKmqyI/mqdefault_live.jpg
85ec3eac9fef49dcb3aeee87520a5b85,upcoming,【 ASMR ❤️ 特別企劃 】3DIO 設備初登場 🎧耳機提醒 ❤️ 「享用火龍果的時候，不可以太溫柔」【蜜提妮雅】｜風鈴檔案W.C.A,2026-05-30T14:30:00Z,https://www.youtube.com/watch?v=GDNhvIjh_u0,https://i.ytimg.com/vi/GDNhvIjh_u0/mqdefault_live.jpg
365db081229a4efeb4630f19587a96b2,upcoming,❤️【心桃魅夢 × OGC聯名限定】把我的溫度帶回家，今晚，不想讓你一個人❤️,2026-05-31T04:00:28Z,https://www.youtube.com/watch?v=oJhZJCq1KxU,https://i.ytimg.com/vi/oJhZJCq1KxU/mqdefault_live.jpg
c65e7caaf81a43249d5132b9fe312b24,upcoming,GET MY BIRTH MERCH | ENDS 6/1,2026-06-02T06:59:00Z,https://www.youtube.com/watch?v=ehSg4xSiRaE,https://i.ytimg.com/vi/ehSg4xSiRaE/mqdefault_live.jpg
7b2d1d71057b4ac2a16109b980a99e28,upcoming,【遊戲】【Poker Fate】日系撲克超好玩遊戲初見歡迎 歡迎降落｜貓宮結乃 yuno channel,2026-06-03T10:00:00Z,https://www.youtube.com/watch?v=o0tLHCiK-D4,https://i.ytimg.com/vi/o0tLHCiK-D4/mqdefault_live.jpg
101cdaf175c643c888d0d33bdab5da15,upcoming,都不看阿！唉...不用看了拉 沒關係的。好啊，說到這份上就這樣了吧 嗚嗚嗚嗚嗚嗚嗚嗚屋ㄨ,2026-06-14T18:00:00Z,https://www.youtube.com/watch?v=tqv99CZgWM0,https://i.ytimg.com/vi/tqv99CZgWM0/mqdefault_live.jpg
335ebb05456849c2964629dc7157860e,upcoming,【新衣裝發表】穿新衣來慶祝🌙 與你相遇的一週年┊艾莉安卡 Allie Anka #降落歡迎,2026-06-27T14:00:00Z,https://www.youtube.com/watch?v=fojRVsH9FoY,https://i.ytimg.com/vi/fojRVsH9FoY/mqdefault_live.jpg
c8c0ab1d59fb4608ab1e460e946fa88a,upcoming,【新年活動資訊】兌換只到3/19 !  / 白洛ʏᴏᴍɪʏᴀ,2026-07-07T11:07:00Z,https://www.youtube.com/watch?v=9MoCT8hALxo,https://i.ytimg.com/vi/9MoCT8hALxo/mqdefault_live.jpg
156c4271fe17425bb02fd7b24f5a2a7a,upcoming,FREE TALK！！,2026-07-13T12:00:00Z,https://www.youtube.com/watch?v=ynGp8dFsz8Q,https://i.ytimg.com/vi/ynGp8dFsz8Q/mqdefault_live.jpg
994fcc5db40840ae990cf1ce43728548,upcoming,[週年慶] ？？公佈 ♡ 初見歡迎 '' 掛台歡迎 ♪,2026-07-14T13:30:00Z,https://www.youtube.com/watch?v=z8ChdPRnup4,https://i.ytimg.com/vi/z8ChdPRnup4/mqdefault_live.jpg
4576d781ddae45d59fc83c8d25385983,upcoming,✨ 修女告解室 長期表單 💜告解徵集中！！,2026-08-26T19:35:00Z,https://www.youtube.com/watch?v=xEvRcnDA8d4,https://i.ytimg.com/vi/xEvRcnDA8d4/mqdefault_live.jpg
9a7b7c9c31da44aca5a68395a2e69488,upcoming,【無声透明Vtuber】METAL GEAR SOLID 4 GUNS OF THE PATRIOTS #1【バ美肉、バ美声不使用】,2026-08-27T12:00:00Z,https://www.youtube.com/watch?v=okidlY7eJ8k,https://i.ytimg.com/vi/okidlY7eJ8k/mqdefault_live.jpg
3b1860c399f445469efdda27cf8d9156,upcoming,【週表】這邊這邊這邊！！給我看！！,2026-08-31T15:01:00Z,https://www.youtube.com/watch?v=ZLBW9qVKZNs,https://i.ytimg.com/vi/ZLBW9qVKZNs/mqdefault_live.jpg
2ccdc43de33c478192767afae6309f06,upcoming,⩊週表⩊ 0420 ━❍──────── 0426｜這台不會開哦,2026-09-30T03:00:00Z,https://www.youtube.com/watch?v=9XSscCleVao,https://i.ytimg.com/vi/9XSscCleVao/mqdefault_live.jpg
58588863643843439cebc85ef72654bb,upcoming,【紀念周邊購買連結】一周年/兩周年紀念周邊【森星祈】,2026-11-23T15:45:00Z,https://www.youtube.com/watch?v=mC3lYLQJFB8,https://i.ytimg.com/vi/mC3lYLQJFB8/mqdefault_live.jpg
21a819efced54f6991abd3fc0b43091f,upcoming,【週表】四月全突發！加入DC群開台通知不漏接！ l 史諾伊 Snowy,2026-11-24T08:30:00Z,https://www.youtube.com/watch?v=iINsj0Ag4OY,https://i.ytimg.com/vi/iINsj0Ag4OY/mqdefault_live.jpg
445a732fc0f64712b3213b4cd98fbdd3,upcoming,【突發】突發用待機室，跑道頭警戒室待命中，隨時準備緊急升空【青羽まことAohane Makoto Ch.】,2026-12-30T16:00:00Z,https://www.youtube.com/watch?v=La6_k3zPkv4,https://i.ytimg.com/vi/La6_k3zPkv4/mqdefault_live.jpg
4b6655120fbd4431a8f7894cac4a4d49,upcoming,2026每月SC抽獎公告,2026-12-31T03:40:00Z,https://www.youtube.com/watch?v=J9C1n6I3rGQ,https://i.ytimg.com/vi/J9C1n6I3rGQ/mqdefault_live.jpg
6481e646412745d3b2fa38255cef0da4,upcoming,【4/20-4/26周表】來TWITCH找我吧~,2026-12-31T13:00:00Z,https://www.youtube.com/watch?v=SkcMOByihY0,https://i.ytimg.com/vi/SkcMOByihY0/mqdefault_live.jpg
21c774c9133043baaf8d283705cd9093,upcoming,【周表】第二次見你的我，不慌張。 ❰冥蝶Myndis.❱ #0元出道vtuber #初見歡迎 #個人勢vtuber #台v #情人節 #歌回 #歌枠,2026-12-31T13:45:00Z,https://www.youtube.com/watch?v=6Uy3WGiK9oA,https://i.ytimg.com/vi/6Uy3WGiK9oA/mqdefault_live.jpg
d66fb507852f4d889e426c8ea0f9f246,upcoming,꒰ 一週年出道紀念周邊 ꒱ 現正熱賣中！點擊賣場連結或掃描 QR code，把夏緒帶回家吧 ✨,2026-12-31T14:59:00Z,https://www.youtube.com/watch?v=OCUQ5KZ_CSw,https://i.ytimg.com/vi/OCUQ5KZ_CSw/mqdefault_live.jpg
7cecb437e7a54e07a29c3a164565957d,upcoming,.·✧ 𓊆 胡蘿蔔打造計畫 𝔼𝕧𝕖𝕟𝕥 𝔻𝕦𝕣𝕒𝕥𝕚𝕠𝕟 𓊇 ✧·.˹ 活動詳細資訊 請見資訊欄 ˼ ⋄⟣ 𝐾𝑒𝑟𝑖.𝑙𝑢【𝑉𝑡𝑢𝑏𝑒𝑟】.,2027-01-06T16:00:00Z,https://www.youtube.com/watch?v=ckmRX6s05U0,https://i.ytimg.com/vi/ckmRX6s05U0/mqdefault_live.jpg
6a9a7c7dc3f94605b5f619e9fbcfa33d,upcoming,【4/20~4/26周表】,2027-01-11T23:00:00Z,https://www.youtube.com/watch?v=l7Gl_CzTEKA,https://i.ytimg.com/vi/l7Gl_CzTEKA/mqdefault_live.jpg
32a08f858ffb4d6aba0624647cf8cf2d,upcoming,【4/20-4/26周表】,2027-01-15T12:00:00Z,https://www.youtube.com/watch?v=1xxxNInb56w,https://i.ytimg.com/vi/1xxxNInb56w/mqdefault_live.jpg
2d84a02e592d4a92893b7cc36af95a26,upcoming,【週表】如果杯杯沒更新那就是忘了，就像人類會忘記吃飯一樣｜妮亞露Nyaru,2027-01-23T12:00:00Z,https://www.youtube.com/watch?v=gPWbc61DPCc,https://i.ytimg.com/vi/gPWbc61DPCc/mqdefault_live.jpg
d334f3b3ba8b4e43bd7b5a237a7b4476,upcoming,【FreeChat】每週更新在這裡！（UTC+8）|  歡迎隨心聊  | 【這不是直播待機間喲】,2027-01-23T16:00:00Z,https://www.youtube.com/watch?v=r7gOUJKi4p0,https://i.ytimg.com/vi/r7gOUJKi4p0/mqdefault_live.jpg
b1cb513e2511484cabbac00140b4a95c,upcoming,【週表】忘記改的話會有人提醒46嗎_(:3 」∠ )_｜詩瑠Shizuru,2027-01-24T12:00:00Z,https://www.youtube.com/watch?v=yVvgUWx-2Wo,https://i.ytimg.com/vi/yVvgUWx-2Wo/mqdefault_live.jpg
a05afa97381b4f96b02a1af859426f9c,upcoming,【深洛周表】04/20(一) - 04/26(日),2027-01-24T15:25:00Z,https://www.youtube.com/watch?v=5Syl-2JaBcU,https://i.ytimg.com/vi/5Syl-2JaBcU/mqdefault_live.jpg
a45c0a929a504afa9afee5c56bc9b959,upcoming,【周表】✰ 4/20~4/26 ✰【鵲樂】 #vtuber  #崩壞星穹鐵道 #台v #鵲樂,2027-01-30T11:00:00Z,https://www.youtube.com/watch?v=FMSOzsfb3vc,https://i.ytimg.com/vi/FMSOzsfb3vc/mqdefault_live.jpg
3d46fb16bc2c48fb8f12a647cf5ec702,upcoming,【每週行程】❁ 4/20~4/26行程 ❁ 深度會限遊戲太刺激🥵【犬神幽乃詩／芥川組】,2027-02-02T15:45:00Z,https://www.youtube.com/watch?v=rCxhtXfWyiE,https://i.ytimg.com/vi/rCxhtXfWyiE/mqdefault_live.jpg
a1bc1c5451e64266a0f21f0847dd8d2f,upcoming,【台灣藍鵲 Magpijuana】2026新年紀念周邊｜殭屍藍鵲 販售中🧧,2027-02-03T16:00:00Z,https://www.youtube.com/watch?v=zF_A-dnepuk,https://i.ytimg.com/vi/zF_A-dnepuk/mqdefault_live.jpg
0bf0ec441dc6489583f7218e02ab6a89,upcoming,"🧧,香草奈若二月月表 🧧,２月月表新年快樂 🧧,填滿你寂寞的夜💗溫暖溫暖你的心與身體...",2027-02-03T20:10:00Z,https://www.youtube.com/watch?v=MVJmo1ms57U,https://i.ytimg.com/vi/MVJmo1ms57U/mqdefault_live.jpg
8195d69546e3466c95f9d35ccb7c6c35,upcoming,4/20～4/26｜喵喵,2027-02-04T15:50:00Z,https://www.youtube.com/watch?v=uBojWzQPJr8,https://i.ytimg.com/vi/uBojWzQPJr8/mqdefault_live.jpg
7c6c40e2c7b64a6997fb2173f446860f,upcoming,4/20~4/26  周表,2027-02-04T16:05:00Z,https://www.youtube.com/watch?v=Cn3dRdcrrv0,https://i.ytimg.com/vi/Cn3dRdcrrv0/mqdefault_live.jpg
78c188fcd01a4ba382fb153ec86a7367,upcoming,【 𝟎𝟒 / 𝟏𝟑 - 𝟎𝟒 / 𝟏𝟗 週表 】有狐在，人類💖不會讓你孤單！【靈嶺不夜狐／芥川組】,2027-02-09T18:50:00Z,https://www.youtube.com/watch?v=LTRAN5ec6oY,https://i.ytimg.com/vi/LTRAN5ec6oY/mqdefault_live.jpg
cf5fc0cd849841679951b3769979b3a0,upcoming,【周表】此直播顯示僅用於聊天與更新周表,2027-02-20T09:00:00Z,https://www.youtube.com/watch?v=yU-qEzQQAm4,https://i.ytimg.com/vi/yU-qEzQQAm4/mqdefault_live.jpg
608b617ad99c4f18b97d10560e254b4b,upcoming,【2026年周表】長期置頂~【清梅 ChingMeii】#新人vtuber #vtuber #debut,2027-02-24T05:40:00Z,https://www.youtube.com/watch?v=EN3K9Raop6U,https://i.ytimg.com/vi/EN3K9Raop6U/mqdefault_live.jpg
6717d34e87574888848bc45c86bd80e6,upcoming,【 #直播周表 】3/2-3/8🎀  #波媄露比 #冒險上露｜ 圖奇直播,2027-02-26T04:45:00Z,https://www.youtube.com/watch?v=UhIPjSIarA4,https://i.ytimg.com/vi/UhIPjSIarA4/mqdefault_live.jpg
74c26216c39a40d1a9f1c5f63fa4d344,upcoming,【月表】沒更新看看推特 ୨୧ | 阿庫姆Akumu,2027-02-26T12:35:00Z,https://www.youtube.com/watch?v=p0drc8pVW1c,https://i.ytimg.com/vi/p0drc8pVW1c/mqdefault_live.jpg
d576c2396a004f3c8dd91baf14254898,upcoming,周表,2027-02-27T04:20:00Z,https://www.youtube.com/watch?v=z2io4c43Bvg,https://i.ytimg.com/vi/z2io4c43Bvg/mqdefault_live.jpg
21507f58118d406b87fd42a39c87855a,upcoming,【周表】✨可以在這邊看螢螢當週行程咚🍃 #狸貓出沒日 #螢螢開台 #八幡螢 #Hotaru #初見歡迎 中文/EN OK!,2027-03-04T13:00:00Z,https://www.youtube.com/watch?v=ZHQPo5Y6EwQ,https://i.ytimg.com/vi/ZHQPo5Y6EwQ/mqdefault_live.jpg
ef0319d27b10495795a5b994bc2249d5,upcoming,【瑚珀周表】04/20 (一) - 04/26 (日),2027-03-07T16:40:00Z,https://www.youtube.com/watch?v=OLDaipiaJnk,https://i.ytimg.com/vi/OLDaipiaJnk/mqdefault_live.jpg
74ef34317983453ab86223490eba4f6e,upcoming,୨୧┈04/20~04/26┈୨୧ 本週週表💗｜桃芽鹿妮MomogaLuni,2027-03-12T12:30:00Z,https://www.youtube.com/watch?v=lXC4UTy4B4o,https://i.ytimg.com/vi/lXC4UTy4B4o/mqdefault_live.jpg
7cc197b36bc64bf38aaf98a17eaf8d31,upcoming,【每週冒險規劃】4/13-4/19 養病中TT ฅ 葛琳德Gerlinde ฅ,2027-03-19T12:30:00Z,https://www.youtube.com/watch?v=-FXXSRTJ9js,https://i.ytimg.com/vi/-FXXSRTJ9js/mqdefault_live.jpg
c6d0078f1d5e4fd08a459c7eecd85464,upcoming,Free Chat✨ #初見歡迎 #Ciao,2027-03-19T15:45:00Z,https://www.youtube.com/watch?v=I7Gz3jZ8b2w,https://i.ytimg.com/vi/I7Gz3jZ8b2w/mqdefault_live.jpg
ac1ce1eeaffa4e58a8155c20d8f85ff3,upcoming,【周表】臨時聊天室 |  玥華Getsuka,2027-03-22T14:10:00Z,https://www.youtube.com/watch?v=fAK2ug6JXGM,https://i.ytimg.com/vi/fAK2ug6JXGM/mqdefault_live.jpg
ebc44e2ba78f4790b832d02c31410262,upcoming,【魔女小屋】4/20-4/26週表✨周邊通販詳見說明欄🎀魔法少女花咲🎀,2027-04-01T04:00:00Z,https://www.youtube.com/watch?v=qrV6nPdv8a0,https://i.ytimg.com/vi/qrV6nPdv8a0/mqdefault_live.jpg
fe8ee7b57ae74a1388127b81b136c7ea,upcoming,【像素風世界】【方塊寶可夢 #1】好久沒有開玩恐遊minecraft(?)，想當年還有隻鹿鹿陪我玩的QAQ | 柚月Yuzuki,2027-04-03T10:00:00Z,https://www.youtube.com/watch?v=YbJ0Wmp3J68,https://i.ytimg.com/vi/YbJ0Wmp3J68/mqdefault_live.jpg
35f3bb64e69c432180b98dde239f3bdd,upcoming,『米克斯學園』🐾MIX佈告欄,2027-04-04T00:10:00Z,https://www.youtube.com/watch?v=iudfOngWn7A,https://i.ytimg.com/vi/iudfOngWn7A/mqdefault_live.jpg
31f17632340f4e7fbd0ced07193dd81b,upcoming,【🦊周邊購買🦊】,2027-04-11T06:40:00Z,https://www.youtube.com/watch?v=RjlyfTLzDDQ,https://i.ytimg.com/vi/RjlyfTLzDDQ/mqdefault_live.jpg
f53807443055490f87b85ded6caee0aa,upcoming,【周表】4/13-4/19  | 可樂月月 ColaMoon,2027-04-11T07:55:00Z,https://www.youtube.com/watch?v=VHUY1itKprc,https://i.ytimg.com/vi/VHUY1itKprc/mqdefault_live.jpg
7cbd1f537c3d4e67b38b9f9e31cb93d6,upcoming,୨〖是周表唷〗❥ 4/06~4/12〖南珂ℕ𝕒𝕟𝕜〗୧,2027-04-11T12:00:00Z,https://www.youtube.com/watch?v=ET9SKJaomts,https://i.ytimg.com/vi/ET9SKJaomts/mqdefault_live.jpg
fd7a69505569429fb845ac056825f3a9,upcoming,【起司行程表】04/13－04/19🫐🧀Weekly Schedule,2027-04-12T17:00:00Z,https://www.youtube.com/watch?v=waa0kHvOh68,https://i.ytimg.com/vi/waa0kHvOh68/mqdefault_live.jpg
f53807443055490f87b85ded6caee0aa,upcoming,【周表】4/20-4/26  | 可樂月月 ColaMoon,2027-04-18T10:00:00Z,https://www.youtube.com/watch?v=v2FaMvlgY40,https://i.ytimg.com/vi/v2FaMvlgY40/mqdefault_live.jpg
ff170a57c74545c7977b64a6d82981af,upcoming,狗狗的4/21~4/27快樂聊天直播,2027-04-19T16:39:21Z,https://www.youtube.com/watch?v=bSKftYlWw80,https://i.ytimg.com/vi/bSKftYlWw80/mqdefault_live.jpg
95e5788cabf340e397e2726def426229,upcoming,【4/20-4/26】直播行程表丨杜邊優妮,2027-04-20T11:15:00Z,https://www.youtube.com/watch?v=JIAbHNRvlbk,https://i.ytimg.com/vi/JIAbHNRvlbk/mqdefault_live.jpg
361d3dd97ee9430f85d57b61ea8f0b85,upcoming,✞宵夜的周表~ 04/20→04/26,2027-04-20T13:46:47Z,https://www.youtube.com/watch?v=1zqwdSeHgnw,https://i.ytimg.com/vi/1zqwdSeHgnw/mqdefault_live.jpg
c379e3f4f1eb41869ec465481b182e50,upcoming,2026/4/20 - 2026/4/26 牡蠣國週表🦪,2027-04-20T18:20:18Z,https://www.youtube.com/watch?v=h29wc35oMRo,https://i.ytimg.com/vi/h29wc35oMRo/mqdefault_live.jpg
7754dca48f524b938314a2b346772e4e,upcoming,【限時聯名還有抽獎 04/30止】微糖角落 x 天上被子 買司康禮盒贈限量印簽小卡(共3款) 詳情請見說明欄~,2027-04-30T15:45:00Z,https://www.youtube.com/watch?v=xzixLarifWM,https://i.ytimg.com/vi/xzixLarifWM/mqdefault_live.jpg
6943bbfc993443d4b3853833b3bb1a66,upcoming,我有在接剪輯...可以找我ㄛ....,2027-05-05T15:45:00Z,https://www.youtube.com/watch?v=HC3a2rXLDss,https://i.ytimg.com/vi/HC3a2rXLDss/mqdefault_live.jpg
a188f157d0384e0db5ae73605240d68b,upcoming,📢會員制度調整公告📢,2027-05-26T05:05:00Z,https://www.youtube.com/watch?v=7ZfoFfTDbe8,https://i.ytimg.com/vi/7ZfoFfTDbe8/mqdefault_live.jpg
342f808864164047acc8ddffe88c9618,upcoming,✧ 週表 ✧ 04.13 - 04.19｜逆Neeplus,2027-06-05T16:00:00Z,https://www.youtube.com/watch?v=7BWksc40JVw,https://i.ytimg.com/vi/7BWksc40JVw/mqdefault_live.jpg
5612ac8b150e45e5a7381a2c07e9671a,upcoming,【#會員 回饋】五階會員四月回饋💖💖💖 #初見歡迎【莉莉露 Lililu Ch.】,2027-06-09T16:15:00Z,https://www.youtube.com/watch?v=IAxLlShNcsw,https://i.ytimg.com/vi/IAxLlShNcsw/mqdefault_live.jpg
1551bebc6c26453e9893f342c68002bd,upcoming,【#時間表】04/20/2026 - 04/26/2026 ｜七音 #雜談 #直播 #馬來西亞vtuber #vtuber,2027-06-17T03:40:00Z,https://www.youtube.com/watch?v=o1RHHXSxFL0,https://i.ytimg.com/vi/o1RHHXSxFL0/mqdefault_live.jpg
9f7bf6b3d935460e83896a0fe28012e9,upcoming,🩷週表🌟2026/4/20-4/26,2027-06-17T16:00:00Z,https://www.youtube.com/watch?v=dqF7ONNtmYQ,https://i.ytimg.com/vi/dqF7ONNtmYQ/mqdefault_live.jpg
62b58adde13f4a73ab406f857d730e20,upcoming,本周直播周表,2027-07-07T11:07:12Z,https://www.youtube.com/watch?v=MVb7xwMOGZc,https://i.ytimg.com/vi/MVb7xwMOGZc/mqdefault_live.jpg
3e6a09fe4ef744f987e27ae0f06cdf09,upcoming,✨2026竟然還看得到知花的週表待機✨,2027-07-11T04:10:00Z,https://www.youtube.com/watch?v=ArOksFLQIiI,https://i.ytimg.com/vi/ArOksFLQIiI/mqdefault_live.jpg
6f9d63518a69442a88ac602a3b37bf18,upcoming,【幽夜南栖】04/20~04/26 航海日記,2027-07-17T15:45:00Z,https://www.youtube.com/watch?v=sNStcjj7aXw,https://i.ytimg.com/vi/sNStcjj7aXw/mqdefault_live.jpg
a246e7561e5f40799a48eeca69951b7b,upcoming,【04/06~04/12號】落羽澄漣的一週行程！,2027-07-31T23:00:00Z,https://www.youtube.com/watch?v=bxof8-F6b5E,https://i.ytimg.com/vi/bxof8-F6b5E/mqdefault_live.jpg
7b3809e085754d52aee99d1fcc980eaf,upcoming,【 4月開播時間表 】 希望每一週星期日都能與大家見面 !,2027-09-01T12:00:00Z,https://www.youtube.com/watch?v=yIlBQq9ctPQ,https://i.ytimg.com/vi/yIlBQq9ctPQ/mqdefault_live.jpg
d90f173970a742d3ade6f4159c785d1e,upcoming,【週排程】04/20 - 04/26｜這邊可以自由聊天 ✧【墨染遊羽 Sumizomeyuu】,2027-09-29T16:00:00Z,https://www.youtube.com/watch?v=9Ko6kNkArS4,https://i.ytimg.com/vi/9Ko6kNkArS4/mqdefault_live.jpg
c25e6f38d6df447e84c4747ba6ac75cc,upcoming,【 4/20 - 4/26 】地球時間線周表,2027-10-10T14:00:00Z,https://www.youtube.com/watch?v=DrsKucRIudo,https://i.ytimg.com/vi/DrsKucRIudo/mqdefault_live.jpg
090be1be8d29429183e190e22fc4be22,upcoming,【訂閱YT新頻道】除了「ASMR、重大活動」以外的直播，將改到這！,2027-10-29T11:00:00Z,https://www.youtube.com/watch?v=sJX7iaCwnkM,https://i.ytimg.com/vi/sJX7iaCwnkM/mqdefault_live.jpg
27a22366e885420e8a3c78ee7ac7c075,upcoming,【週表】我們要幹大事!｜西里里Shiriri ☀️,2027-10-30T16:00:00Z,https://www.youtube.com/watch?v=gDb5tF5qsKw,https://i.ytimg.com/vi/gDb5tF5qsKw/mqdefault_live.jpg
4b214cdeac0649989f03f39e497816cf,upcoming,【月兔周表】每周兔兔開台時間都在這裡！！快來找兔兔玩！！【兔子偉威Weiwei_Rabbit】#練囂威  #初見歡迎 #降落歡迎 #台V,2027-11-01T15:00:00Z,https://www.youtube.com/watch?v=8DaVrGTsA4Q,https://i.ytimg.com/vi/8DaVrGTsA4Q/mqdefault_live.jpg
0e516fd1e97a4c58bad3afb6469748d4,upcoming,【 ⁴ / ¹³ ⁻ ²⁶ 雙週表 】( ˶˙ᵕ˙˶ ),2027-12-03T09:15:00Z,https://www.youtube.com/watch?v=wziK-1vIqME,https://i.ytimg.com/vi/wziK-1vIqME/mqdefault_live.jpg
637a5867616a436ba0f7cdd36057f55a,upcoming,4/20-4/26 菓菓週表！,2027-12-30T16:00:00Z,https://www.youtube.com/watch?v=18nLV9-5nl4,https://i.ytimg.com/vi/18nLV9-5nl4/mqdefault_live.jpg
0563e1d0ff394d1ab0d6a09d89870fba,upcoming,週表在這裡！【稀蘿·多兒卡】#新人vtuber #vtuber #台v,2027-12-30T16:00:00Z,https://www.youtube.com/watch?v=0-mCZvXaWJg,https://i.ytimg.com/vi/0-mCZvXaWJg/mqdefault_live.jpg
f86ec6a459f64e7d8431c69b1d7ec28b,upcoming,【🐦‍🔥周表】本周上課課表 【玄離朱熒】,2027-12-30T16:00:00Z,https://www.youtube.com/watch?v=NOYmEgOVRCA,https://i.ytimg.com/vi/NOYmEgOVRCA/mqdefault_live.jpg
b1bfaed0ed7f4ca9ae96c017159efe77,upcoming,【仙喵SkyMeowu】4/20~4/26 週表,2027-12-31T15:45:00Z,https://www.youtube.com/watch?v=alwFEiY56Uc,https://i.ytimg.com/vi/alwFEiY56Uc/mqdefault_live.jpg
d6c4708f6eb94ac6ad7668363b132248,upcoming,《貴店想跟Vtuber合作嗎？》人偶．薩賓娜來協助您‼️,2027-12-31T15:45:00Z,https://www.youtube.com/watch?v=Xs3dEb5oQkA,https://i.ytimg.com/vi/Xs3dEb5oQkA/mqdefault_live.jpg
ec30041838214022aeb622c0851e46db,upcoming,ಠ ╰┈➤〖週表0406-0412〗.ᐟ.ᐟ.ᐟ.｡*ﾟ〖欸爾〗,2028-01-01T07:25:00Z,https://www.youtube.com/watch?v=RzXQoGrp3pg,https://i.ytimg.com/vi/RzXQoGrp3pg/mqdefault_live.jpg
28e0e0a574fe4deca3d5ded0aa5d64ef,upcoming,【週表】本週訓練 你撐得住幾場？,2028-01-01T12:00:00Z,https://www.youtube.com/watch?v=viCHG1cLCFg,https://i.ytimg.com/vi/viCHG1cLCFg/mqdefault_live.jpg
21d5855a8c7d4461b286d40c167ac093,upcoming,【戰術週表】0323-0329🚁直升機出勤時間🔔 | 🔴ARIA軍武動漫雜談 #vtuber,2028-01-01T13:00:00Z,https://www.youtube.com/watch?v=3NmhFMSrzx0,https://i.ytimg.com/vi/3NmhFMSrzx0/mqdefault_live.jpg
53335d77cc69488c8b49ec97548c3297,upcoming,‎⁺˳ 週表在這 ⏦₊,2028-01-01T13:30:00Z,https://www.youtube.com/watch?v=qYwNpoZZOX0,https://i.ytimg.com/vi/qYwNpoZZOX0/mqdefault_live.jpg
1a1942f52ea74121923497e7e0cfd6a5,upcoming,【週表】🏮 𝒮𝒸𝒽𝑒𝒹𝓊𝓁𝑒 🦋 進入妖怪的後台：本週運算軌跡,2028-01-25T13:35:00Z,https://www.youtube.com/watch?v=xg2vTUgpiwo,https://i.ytimg.com/vi/xg2vTUgpiwo/mqdefault_live.jpg
d2b0c8386e1341668f6bbc789d1ef1e3,upcoming,【 週表 】外星人出沒時間 Free Talk 🦝🛸 ｜赤星雨英 Akahoshi Mizore｜SDS,2028-01-31T12:30:00Z,https://www.youtube.com/watch?v=qBOENwYe6ug,https://i.ytimg.com/vi/qBOENwYe6ug/mqdefault_live.jpg
65ada733fbe64a3a86aae7737e32fad0,upcoming,【周表】雪之森巡邏任務表| ❄️真狩凜Makari🦉 | Free Talk,2028-01-31T12:35:00Z,https://www.youtube.com/watch?v=0LDAgMx8xBo,https://i.ytimg.com/vi/0LDAgMx8xBo/mqdefault_live.jpg
1bf9786ba55042b9ae3294dadfc7b40d,upcoming,Free Chat 【はくこ】,2028-01-31T15:45:00Z,https://www.youtube.com/watch?v=hVE3pQJBUwA,https://i.ytimg.com/vi/hVE3pQJBUwA/mqdefault_live.jpg
c8858f1d4a2b41a4bbf738530023d6f9,upcoming,˚.⊹ ʚ ꒰ 自由聊天室・𝙵𝚛𝚎𝚎 𝙲𝚑𝚊𝚝 ꒱ ɞ ⊹.˚,2028-02-14T12:00:00Z,https://www.youtube.com/watch?v=zceu8m0I_yo,https://i.ytimg.com/vi/zceu8m0I_yo/mqdefault_live.jpg
2ff93e20894245d49004276e3b51e64f,upcoming,＼ ᕀᐩ 04200426直播週表  ᐩᕀ／,2028-02-22T12:00:00Z,https://www.youtube.com/watch?v=pyHiTxWl-gs,https://i.ytimg.com/vi/pyHiTxWl-gs/mqdefault_live.jpg
2bf038f2a9514434aefa4ef7b2140f56,upcoming,【涅露茉茉週表】｜ NeruMomo ᯓ★,2028-02-22T16:00:00Z,https://www.youtube.com/watch?v=otfBJhaVwDw,https://i.ytimg.com/vi/otfBJhaVwDw/mqdefault_live.jpg
3de1f749e7fe4b219a2a10611311297f,upcoming,【周表放置區】03/16 - 03/23周表 【如果我忘記換周表，記得提醒我】 #台v #vtuber  #南方旅者,2028-02-23T02:40:00Z,https://www.youtube.com/watch?v=KBgryFERBPM,https://i.ytimg.com/vi/KBgryFERBPM/mqdefault_live.jpg
424043d4c55449cd9317bc0923c13299,upcoming,🌟本周周表🌟,2028-02-28T16:00:00Z,https://www.youtube.com/watch?v=Q0G-DHq3K1s,https://i.ytimg.com/vi/Q0G-DHq3K1s/mqdefault_live.jpg
026bdd139df44cec930dd7fc76345184,upcoming,【 周表 】4/20~4/26 周表 老是被開到的周表直播 不要剛開了又斷線被開到ㄟ.....  #降落歡迎 #初見歡迎 #新人vtuber #眠眠不絕,2028-02-28T16:00:00Z,https://www.youtube.com/watch?v=E9kTX6Cxkao,https://i.ytimg.com/vi/E9kTX6Cxkao/mqdefault_live.jpg
735a3d989210437f9e5b8e7a7ba6d88a,upcoming,周表看這邊！ ｜音羽織SikiOtowa #新人vtuber #台v #擴散希望,2028-02-28T16:25:00Z,https://www.youtube.com/watch?v=7wi1ySKy_kg,https://i.ytimg.com/vi/7wi1ySKy_kg/mqdefault_live.jpg
208d8aa3792641d6ae4e0de5a10a4a6f,upcoming,三年之約~ 我們來打個賭 #vtuber #絲出名 #女V #新人V #初見歡迎,2028-02-29T09:40:00Z,https://www.youtube.com/watch?v=VLzCUoZThXs,https://i.ytimg.com/vi/VLzCUoZThXs/mqdefault_live.jpg
e0535f2d38f04d26aca33772bccb33b8,upcoming,【橘拉芙】每周行程表 04/13 ~ 04/19🦒,2028-02-29T12:00:00Z,https://www.youtube.com/watch?v=zOPn79Cu1xI,https://i.ytimg.com/vi/zOPn79Cu1xI/mqdefault_live.jpg
64677f13935847cca3e2e6670a89d9a8,upcoming,【Weekly schedule】每週公布週表的地方💧🐱 #萊姆卯咪 #新域工作室,2028-02-29T12:00:00Z,https://www.youtube.com/watch?v=Hq6htzMKvBY,https://i.ytimg.com/vi/Hq6htzMKvBY/mqdefault_live.jpg
2efb6dc7796c4ce792c196d27af0df87,upcoming,｛牧言MuYan ch.}4/13~4/19周表,2028-02-29T14:00:00Z,https://www.youtube.com/watch?v=s_-QdRMXHeM,https://i.ytimg.com/vi/s_-QdRMXHeM/mqdefault_live.jpg
4b6655120fbd4431a8f7894cac4a4d49,upcoming,ASMR雜談｜超美麗3D❤️輕聲哄睡溫柔安撫你的雙耳｜ Whispers to Sleep｜癒し添い寝 耳かき 采耳【黑3DIO/KU100】,2028-02-29T15:00:00Z,https://www.youtube.com/watch?v=Go8PClYb_dk,https://i.ytimg.com/vi/Go8PClYb_dk/mqdefault_live.jpg
a60e76fb18f44818980d7d5b07cf82c9,upcoming,【週表】｜璦格蓓菈 Agaberrila ｜,2028-02-29T15:45:00Z,https://www.youtube.com/watch?v=zvkaUs2E84g,https://i.ytimg.com/vi/zvkaUs2E84g/mqdefault_live.jpg
15e82a696cfc4d42929e29b0d90955d1,upcoming,【周表】04/13~04/19【音宿明】,2028-03-01T12:00:00Z,https://www.youtube.com/watch?v=VlHUbZ9-uK8,https://i.ytimg.com/vi/VlHUbZ9-uK8/mqdefault_live.jpg
4865c3feac234584909168181b7dc2be,upcoming,𝟚𝟘𝟚𝟞年 𝟛月 月表,2028-03-04T05:10:00Z,https://www.youtube.com/watch?v=ZIywTlGu5VI,https://i.ytimg.com/vi/ZIywTlGu5VI/mqdefault_live.jpg
9881cf3008684e55aea70a2499e84163,upcoming,【會員專屬福利💖】你想知道的會員方案說明都在這裡～！山羌深度會員方案詳見資訊欄┃山君酷塔,2028-03-09T13:30:00Z,https://www.youtube.com/watch?v=cgKtCjsHBd8,https://i.ytimg.com/vi/cgKtCjsHBd8/mqdefault_live.jpg
c4bc52355d334a98bdaa1e57c05673ad,upcoming,✿本週周表✿,2028-03-09T13:35:00Z,https://www.youtube.com/watch?v=4BKMcoL5kIw,https://i.ytimg.com/vi/4BKMcoL5kIw/mqdefault_live.jpg
60ff50e95399472b96a6fbe83d75e806,upcoming,這裡是周表 4/20~,2028-03-30T19:20:00Z,https://www.youtube.com/watch?v=4AzSbHkny-Q,https://i.ytimg.com/vi/4AzSbHkny-Q/mqdefault_live.jpg
4b6655120fbd4431a8f7894cac4a4d49,upcoming,✨【4/13~4/19週間行程表】✨狐狐進修的一星期並且ASMR舔耳也要再精進！,2028-03-31T02:25:00Z,https://www.youtube.com/watch?v=G-0nfX2yXdo,https://i.ytimg.com/vi/G-0nfX2yXdo/mqdefault_live.jpg
c639c0dba4504221bfec50cf787f395d,upcoming,ꜱᴄʜᴇᴅᴜʟᴇ ୨୧ ꜰʀᴇᴇ ᴛᴀʟᴋ,2028-03-31T09:55:00Z,https://www.youtube.com/watch?v=IqpxnyaU41A,https://i.ytimg.com/vi/IqpxnyaU41A/mqdefault_live.jpg
9f976a39c1fa4e6dae3ed11b771ef918,upcoming,泡茶聊天,2028-03-31T15:45:00Z,https://www.youtube.com/watch?v=dHeB4w6Hdyg,https://i.ytimg.com/vi/dHeB4w6Hdyg/mqdefault_live.jpg
2c6d5a00eabf47e2affcc8fa6ec64f9c,upcoming,[長期周表]就是周表區 要當聊天大廳我也是無所謂.w.[橘Mika],2028-03-31T15:45:00Z,https://www.youtube.com/watch?v=r6hBZLmVEYE,https://i.ytimg.com/vi/r6hBZLmVEYE/mqdefault_live.jpg
74a8b2325c0c4b158dd12377bff187c8,upcoming,周表!!,2028-03-31T15:45:00Z,https://www.youtube.com/watch?v=VAX_cwqjnzY,https://i.ytimg.com/vi/VAX_cwqjnzY/mqdefault_live.jpg
dadb89bee9044261848ad444625d94f7,upcoming,『拋下惡魔的外表，留下普通人的我』台灣Vtuber 瑪納加 Maneja,2028-04-01T04:15:00Z,https://www.youtube.com/watch?v=s4hldyHB3B4,https://i.ytimg.com/vi/s4hldyHB3B4/mqdefault_live.jpg
08d8f03223a54fb3807d49fb7c30b434,upcoming,【】每周行程表【】大家也可以在這裡聊天但不可以吵架喔!【】雪月Yuzuki【】,2028-04-01T15:45:00Z,https://www.youtube.com/watch?v=h5LXg7e_maE,https://i.ytimg.com/vi/h5LXg7e_maE/mqdefault_live.jpg
9643c650b1804107b85de1f08010aa9d,upcoming,【音無樂園DC-RPG小遊戲】活動看板，聊天室打卡聊天專用地。  中/日文OK | #gamedesign  #台湾Vtuber #療育 #初見歡迎 #雜談,2028-04-11T09:40:00Z,https://www.youtube.com/watch?v=dwAGim_MnXw,https://i.ytimg.com/vi/dwAGim_MnXw/mqdefault_live.jpg
443ba741722742d5b7d5f76c3e7b445b,upcoming,【メンシプ特典】毛粒/毛玉大募集中,2028-04-20T09:38:17Z,https://www.youtube.com/watch?v=VtMnYagXXBA,https://i.ytimg.com/vi/VtMnYagXXBA/mqdefault_live.jpg
f7472d5310ce42819d17459c4f3fd7c1,upcoming,【周表】0420~0427 周表 & 聊天室  ᦂ 貓太Nyanta,2028-04-30T11:30:00Z,https://www.youtube.com/watch?v=NpZAoye_qzE,https://i.ytimg.com/vi/NpZAoye_qzE/mqdefault_live.jpg
d2da40bb201e49ddbd6a8780bfaf8b63,upcoming,｜2026.04｜本月直播排程！｜北宮雨音｜揪團轉盤／!dc／!圖奇／!指令｜,2028-04-30T15:00:00Z,https://www.youtube.com/watch?v=pz2wDa7W3Ho,https://i.ytimg.com/vi/pz2wDa7W3Ho/mqdefault_live.jpg