VTuber ID,Video Type,Title,Publish Time,URL,Thumbnail URL
872627e5c7a248bfb41a055dee03029a,upcoming,"🔴【Vtuber-夜凕Small Yae Ch.】(台灣vtuber) ""遊戲"" 遊戲時間",1970-01-01T00:00:00Z,https://www.youtube.com/watch?v=kNAOW-VF5jc,https://i.ytimg.com/vi/kNAOW-VF5jc/mqdefault_live.jpg
c6af4f23c6ce4adab5301d79b0bd343a,upcoming,【可諾】午安好熱的天氣，100到底是什麼神奇數字 | slay the spire 2 | 2026/3/24,1970-01-01T00:00:00Z,https://www.youtube.com/watch?v=IitzhSUkN40,https://i.ytimg.com/vi/IitzhSUkN40/mqdefault_live.jpg
1c8887da9e96471ca28b97d80e390698,upcoming,[進度補回計畫#1]陪紗紗一起從0開始吧!!!#vtuber #個人勢 #直播,1970-01-01T00:00:00Z,https://www.youtube.com/watch?v=Huf1XJUaij0,https://i.ytimg.com/vi/Huf1XJUaij0/mqdefault_live.jpg
1a39f2817a8d4b2d941677c2a07e896a,upcoming,【突發工作雜談台】今天適合還債配horoyoi喝呵呵呵呵(?,1970-01-01T00:00:00Z,https://www.youtube.com/watch?v=atfcPZlRamg,https://i.ytimg.com/vi/atfcPZlRamg/mqdefault_live.jpg
018244f1ad404c9eaa4ddf747c3bafa0,upcoming,【寶可夢 Pokopia】果凍城復甦計畫第一階段：基隆塔重現！#3(Switch2),1970-01-01T00:00:00Z,https://www.youtube.com/watch?v=BQTn1QHdzYY,https://i.ytimg.com/vi/BQTn1QHdzYY/mqdefault_live.jpg
d33940525b7f4b9db9ce85e08b4c175e,upcoming,【歌回台】 Let's sing a little,1970-01-01T00:00:00Z,https://www.youtube.com/watch?v=JOYdCrmWsJQ,https://i.ytimg.com/vi/JOYdCrmWsJQ/mqdefault_live.jpg
acc708b79f1c4e388466b407387e7cb5,upcoming,「歐爾特芬里斯 ch.」直播,1970-01-01T00:00:00Z,https://www.youtube.com/watch?v=ldSVoU6i4e4,https://i.ytimg.com/vi/ldSVoU6i4e4/mqdefault_live.jpg
7c6c40e2c7b64a6997fb2173f446860f,upcoming,【雜談】補充昨天大翻車的初配信內容【哀別·骼雷夫 - Aibelz Grave -】,1970-01-01T00:00:00Z,https://www.youtube.com/watch?v=O26Eu-dHtHQ,https://i.ytimg.com/vi/O26Eu-dHtHQ/mqdefault_live.jpg
78b333b99eb242ad96a8ee82275a0e98,upcoming,「呼嚕嚕」直播,1970-01-01T00:00:00Z,https://www.youtube.com/watch?v=QTMux5RO8as,https://i.ytimg.com/vi/QTMux5RO8as/mqdefault_live.jpg
e7e219a17a7644cd9d28a2ab871f5f7c,upcoming,【蕾蕾】下雨天舔耳復健 👂3dio ASMR💖｜耳舐め｜Ear Licking💦,1970-01-01T00:00:00Z,https://www.youtube.com/watch?v=ebQwtq-OL3c,https://i.ytimg.com/vi/ebQwtq-OL3c/mqdefault_live.jpg
238b751368474f798a737e7cf1f4a87b,upcoming,⚔️永劫無間⚔️ | 放假就是要打永劫~,1970-01-01T00:00:00Z,https://www.youtube.com/watch?v=YHQPSJUgFvY,https://i.ytimg.com/vi/YHQPSJUgFvY/mqdefault_live.jpg
2c05340bb152419ebe0bd3fb6a78da80,upcoming,【鹿島神春日／芥川組】,1970-01-01T00:00:00Z,https://www.youtube.com/watch?v=LKCaQNI7O30,https://i.ytimg.com/vi/LKCaQNI7O30/mqdefault_live.jpg
29d8d144d6a24ff28476d25306286836,upcoming,「熙潞姆」直播,1970-01-01T00:00:00Z,https://www.youtube.com/watch?v=O-oPQ8oYis8,https://i.ytimg.com/vi/O-oPQ8oYis8/mqdefault_live.jpg
865ef104e1784d878871c819452a63dd,upcoming,【突發工作】對喔~我還是要開台的 : ),1970-01-01T00:00:00Z,https://www.youtube.com/watch?v=F-BPwDNJBp0,https://i.ytimg.com/vi/F-BPwDNJBp0/mqdefault_live.jpg
566e5b6f438a4cacb3e4036eb9ffe9b8,upcoming,重開阿,1970-01-01T00:00:00Z,https://www.youtube.com/watch?v=wFgCRVYE1Ts,https://i.ytimg.com/vi/wFgCRVYE1Ts/mqdefault_live.jpg
74d00f89697a43e6801463c71fb37172,upcoming,✝️麻優涅茲.YUU✝️/3月23日至3月29日的週表來摟~~ #vtuber  #新人vtuber #台V,1970-01-01T00:00:00Z,https://www.youtube.com/watch?v=nJWMpU8oASo,https://i.ytimg.com/vi/nJWMpU8oASo/mqdefault_live.jpg
6abc6d7010ed4b7a88b2566b171c9005,upcoming,「塩月墨瀧 Sutaki Ch.」直播,1970-01-01T00:00:00Z,https://www.youtube.com/watch?v=sL9oMwTlhT0,https://i.ytimg.com/vi/sL9oMwTlhT0/mqdefault_live.jpg
c94bc4ff4689403aac751731d33150e6,upcoming,「沐洛洛 Mulo Ch.」直播,1970-01-01T00:00:00Z,https://www.youtube.com/watch?v=FNTjaqYCPA4,https://i.ytimg.com/vi/FNTjaqYCPA4/mqdefault_live.jpg
78c188fcd01a4ba382fb153ec86a7367,upcoming,「Fuyoko ch. 靈嶺不夜狐」直播,1970-01-01T00:00:00Z,https://www.youtube.com/watch?v=nQYtBtfl0Ts,https://i.ytimg.com/vi/nQYtBtfl0Ts/mqdefault_live.jpg
1323f1b775bf43659f8b8ec2899522cd,upcoming,【】,1970-01-01T00:00:00Z,https://www.youtube.com/watch?v=5-ayQjwcz8k,https://i.ytimg.com/vi/5-ayQjwcz8k/mqdefault_live.jpg
cb52afa541704e6e8f1098a20679135c,upcoming,test,1970-01-01T00:00:00Z,https://www.youtube.com/watch?v=MDQhWxejV8A,https://i.ytimg.com/vi/MDQhWxejV8A/mqdefault_live.jpg
6c812a2f61ac470f8e3b30a92dca9d81,upcoming,【晚安突發】能有紅包嗎? 蛇年生存記錄 #layrop #layronair #台灣vtuber,1970-01-01T00:00:00Z,https://www.youtube.com/watch?v=USH-BlYfgOQ,https://i.ytimg.com/vi/USH-BlYfgOQ/mqdefault_live.jpg
b0a7d70ae76549f5b4418e56ee4ad43f,upcoming,【遊戲】跟吱吱一起玩遊戲~ @nezumi_zizi｜雲貓2.0募資中｜像素男友,1970-01-01T00:00:00Z,https://www.youtube.com/watch?v=mgwYGvnqp-4,https://i.ytimg.com/vi/mgwYGvnqp-4/mqdefault_live.jpg
30e2594ce7cf4bc3a7e536639b15ff30,upcoming,「芙蕾格•Fleger Ch.」直播,1970-01-01T00:00:00Z,https://www.youtube.com/watch?v=n1_TNZakTdk,https://i.ytimg.com/vi/n1_TNZakTdk/mqdefault_live.jpg
095d5621db8b44ed914d81f9e1183673,upcoming,【練歌回】我再不唱歌就要發霉了【拉爾妮蒂 Lar Niti】,1970-01-01T00:00:00Z,https://www.youtube.com/watch?v=MyjwpBvfIB4,https://i.ytimg.com/vi/MyjwpBvfIB4/mqdefault_live.jpg
20b9316c0979495fbff724be3442d4a4,upcoming,【霍格沃兹之遗 Hogwarts Legacy】EP10 [城 游音Yune] #游音,1970-01-01T00:00:00Z,https://www.youtube.com/watch?v=ZoAh7pT7U00,https://i.ytimg.com/vi/ZoAh7pT7U00/mqdefault_live.jpg
a1915cccb8584d57b9b22975263c7af4,upcoming,【原神】打深淵，月守宮還在追殺我！接免費幫打，2000粉抽小月卡歡迎進來跟主播聊天~,1970-01-01T00:00:00Z,https://www.youtube.com/watch?v=RIqfohtsiPk,https://i.ytimg.com/vi/RIqfohtsiPk/mqdefault_live.jpg
f6a4e7aa8d0c4e5cb39d199845ec4d02,upcoming,阿,1970-01-01T00:00:00Z,https://www.youtube.com/watch?v=QVB7Fcm9laU,https://i.ytimg.com/vi/QVB7Fcm9laU/mqdefault_live.jpg
22aaa78ca5fa444bb70649727131c0f2,upcoming,「八音玄古 HenKoo_TW. (Vtuber)」直播,1970-01-01T00:00:00Z,https://www.youtube.com/watch?v=_XsTUgbvbdg,https://i.ytimg.com/vi/_XsTUgbvbdg/mqdefault_live.jpg
9643c650b1804107b85de1f08010aa9d,upcoming,【這個直播房關不掉XD】,1970-01-01T00:00:00Z,https://www.youtube.com/watch?v=QqS4cRY3nZk,https://i.ytimg.com/vi/QqS4cRY3nZk/mqdefault_live.jpg
2e58c53f72f144dbad853ca8630dab19,upcoming,「蛸宮綿子🐙🧪」直播,1970-01-01T00:00:00Z,https://www.youtube.com/watch?v=-N1zeSRLWCw,https://i.ytimg.com/vi/-N1zeSRLWCw/mqdefault_live.jpg
208d8aa3792641d6ae4e0de5a10a4a6f,upcoming,【my voice zoo】跟女兒一起玩 幫動物配聲音 #vtuber  #台V #初見さん大歓迎 #初見歓迎  #台灣vtuber #女V  #絲出名,1970-01-01T00:00:00Z,https://www.youtube.com/watch?v=lTeRhmR-nfE,https://i.ytimg.com/vi/lTeRhmR-nfE/mqdefault_live.jpg
b1cb513e2511484cabbac00140b4a95c,upcoming,「Shizuru Ch.詩瑠」直播,1970-01-01T00:00:00Z,https://www.youtube.com/watch?v=8rmnesrOh-0,https://i.ytimg.com/vi/8rmnesrOh-0/mqdefault_live.jpg
e58a5a6f40e040d79bbcd139824d6fc7,upcoming,【雨咩】奇幻動漫祭PS03 Vtuber見面會,1970-01-01T00:00:00Z,https://www.youtube.com/watch?v=MroS6zHic8E,https://i.ytimg.com/vi/MroS6zHic8E/mqdefault_live.jpg
bf3356cfb2754286af9b6bb1665f56bd,upcoming,「福呱蒔楠」直播,1970-01-01T00:00:00Z,https://www.youtube.com/watch?v=PT-rEvhbvIA,https://i.ytimg.com/vi/PT-rEvhbvIA/mqdefault_live.jpg
a27f33f32dd2414c8c6843f8783a32f0,upcoming,「青璃セイリ」直播,1970-01-01T00:00:00Z,https://www.youtube.com/watch?v=gozj91lirhY,https://i.ytimg.com/vi/gozj91lirhY/mqdefault_live.jpg
6885bffce2184355bed557901e079522,upcoming,【惡靈古堡：安魂曲】突發 瘋狂無傷 練習 禁無限 #初見歡迎 #降落歡迎,1970-01-01T00:00:00Z,https://www.youtube.com/watch?v=YMVsSrU5be8,https://i.ytimg.com/vi/YMVsSrU5be8/mqdefault_live.jpg
903278eb21a342669dc6f7eea7dbe618,upcoming,「可可卡cococa」直播,1970-01-01T00:00:00Z,https://www.youtube.com/watch?v=aDOGJ8pzTjM,https://i.ytimg.com/vi/aDOGJ8pzTjM/mqdefault_live.jpg
9b6ebeb957fe4fed84a5472b6b3bd13c,upcoming,【3/19】好久沒一起玩了！今天要當斜咖| Ft. @murasakikusei_0419 @momo_channel_r6s   |,1970-01-01T00:00:00Z,https://www.youtube.com/watch?v=cGfzUkAzYFQ,https://i.ytimg.com/vi/cGfzUkAzYFQ/mqdefault_live.jpg
b4b4fcedc8264cb5b90584935aebf110,upcoming,【突發】測試網絡,1970-01-01T00:00:00Z,https://www.youtube.com/watch?v=GWHIFObMyRc,https://i.ytimg.com/vi/GWHIFObMyRc/mqdefault_live.jpg
28e0e0a574fe4deca3d5ded0aa5d64ef,upcoming,「Belmoru Ch.莫爾」直播,1970-01-01T00:00:00Z,https://www.youtube.com/watch?v=8fnDurmJjsE,https://i.ytimg.com/vi/8fnDurmJjsE/mqdefault_live.jpg
c3945429509246f79c5f0a18594f696d,upcoming,「柔一口甜」直播,1970-01-01T00:00:00Z,https://www.youtube.com/watch?v=ju3oHPev2l4,https://i.ytimg.com/vi/ju3oHPev2l4/mqdefault_live.jpg
cbb5df4184f04027b8a550d648d79eeb,upcoming,「MeridianProject子午計畫」直播,1970-01-01T00:00:00Z,https://www.youtube.com/watch?v=V6zK60lXolA,https://i.ytimg.com/vi/V6zK60lXolA/mqdefault_live.jpg
aa9fa329d639488dbb860b8f8b3235f8,upcoming,Rie Miyasaka ch. 宮榊リエ Live Stream,1970-01-01T00:00:00Z,https://www.youtube.com/watch?v=q4mKGuofTdg,https://i.ytimg.com/vi/q4mKGuofTdg/mqdefault_live.jpg
1af1c5f8526a4396820151df1bff37b7,upcoming,【霧章測試】突然開集把式雜談,1970-01-01T00:00:00Z,https://www.youtube.com/watch?v=3sLtRj5cnAY,https://i.ytimg.com/vi/3sLtRj5cnAY/mqdefault_live.jpg
08d8f03223a54fb3807d49fb7c30b434,upcoming,「雪月Yuzuki 【】個人勢【】」直播,1970-01-01T00:00:00Z,https://www.youtube.com/watch?v=eUP4h0Lafk4,https://i.ytimg.com/vi/eUP4h0Lafk4/mqdefault_live.jpg
6a9a7c7dc3f94605b5f619e9fbcfa33d,upcoming,「Laphria ch. 拉斐利婭」直播,1970-01-01T00:00:00Z,https://www.youtube.com/watch?v=4lGCqZeyBBY,https://i.ytimg.com/vi/4lGCqZeyBBY/mqdefault_live.jpg
22f16847ee064b1bafd9bbe15bd31284,upcoming,【APEX】♡ 日常打打 / 厚壓克力立牌發售中 ♡【眠夢布鈴】,1970-01-01T00:00:00Z,https://www.youtube.com/watch?v=ftW6ETsfcEc,https://i.ytimg.com/vi/ftW6ETsfcEc/mqdefault_live.jpg
951dd0b605d04163b38de18262e9a438,upcoming,【全物品收集2.0 - EP 2】來看看兔子今天又有多遠的路要走吧  | YukiのSakura雪也櫻,1970-01-01T00:00:00Z,https://www.youtube.com/watch?v=mhe0C2D_ers,https://i.ytimg.com/vi/mhe0C2D_ers/mqdefault_live.jpg
cf100db6a3dc4010b32802b75f5abc14,upcoming,[個人勢VT-武闇],1970-01-01T00:00:00Z,https://www.youtube.com/watch?v=dfHMR0Xn3i0,https://i.ytimg.com/vi/dfHMR0Xn3i0/mqdefault_live.jpg
d2da40bb201e49ddbd6a8780bfaf8b63,upcoming,｜2025.07.03｜洗洗睡ASMR !? (下)｜北宮雨音｜揪團轉盤／!dc／!yt／!指令,1970-01-01T00:00:00Z,https://www.youtube.com/watch?v=zDYHbFz_TRc,https://i.ytimg.com/vi/zDYHbFz_TRc/mqdefault_live.jpg
a4d4a2a3d7b648be9aa4d652ae592a4b,upcoming,「艾絲黛拉‧莉芙EstellaLiv」直播,1970-01-01T00:00:00Z,https://www.youtube.com/watch?v=Qes0Q_BJ0ss,https://i.ytimg.com/vi/Qes0Q_BJ0ss/mqdefault_live.jpg
ab24c13e4bff4ff8909a7650260f8b19,upcoming,「艾瑟莉雅𝓐𝔁𝓮𝓻𝓲𝓪 Ch.」直播,1970-01-01T00:00:00Z,https://www.youtube.com/watch?v=kYSWTL-Ib_E,https://i.ytimg.com/vi/kYSWTL-Ib_E/mqdefault_live.jpg
aab094af87d74f3cbcb332bdac03fa23,upcoming,【雜談】開台發呆！【赫姆‧謝普蘇】,1970-01-01T00:00:00Z,https://www.youtube.com/watch?v=dmV2zfhtncI,https://i.ytimg.com/vi/dmV2zfhtncI/mqdefault_live.jpg
a55a6a4b6453413cb8b1dc69423b67d5,upcoming,【 #歌枠 】台湾大学生Vtuberが歌います！！日曜日午後縦型歌枠 ～🎤 #shorts #縦型配信 #vtuber,1970-01-01T00:00:00Z,https://www.youtube.com/watch?v=O7walAyWrGQ,https://i.ytimg.com/vi/O7walAyWrGQ/mqdefault_live.jpg
40a4357f990e4fd8ad2ac18c26603925,upcoming,《神社仕事中》明天開工 先來個古戰,1970-01-01T00:00:00Z,https://www.youtube.com/watch?v=TsvQHkuGqKM,https://i.ytimg.com/vi/TsvQHkuGqKM/mqdefault_live.jpg
ef0319d27b10495795a5b994bc2249d5,upcoming,【瑚畔晨光】現在時間早上十點半，您現在收看的是湖畔晨光早安台【瑚珀Haku】#早安台 #台灣新人vtuber,1970-01-01T00:00:00Z,https://www.youtube.com/watch?v=JMeeo93XwqY,https://i.ytimg.com/vi/JMeeo93XwqY/mqdefault_live.jpg
076c16fcd0c843c0b70748712d15f233,upcoming,佛滅後至部派佛教時期，簡易歷史與分裂原因。,1970-01-01T00:00:00Z,https://www.youtube.com/watch?v=HYgsvMdQax0,https://i.ytimg.com/vi/HYgsvMdQax0/mqdefault_live.jpg
40f76b568f384790a1a089bb6619ddb2,upcoming,［萊酒雜菈］來和冤家一起吵架 回憶我們是如何成為冤家 | 萊一杯菈 第七集 來賓:  云星白羽 (@UnhoshiShiraha),1970-01-01T00:00:00Z,https://www.youtube.com/watch?v=FWXIEsUNefs,https://i.ytimg.com/vi/FWXIEsUNefs/mqdefault_live.jpg
8c1fe8acf675446ebb2fd046e6396983,upcoming,同步視聽｜超時空輝耀姬！｜300訂閱衝刺中｜YT/圖奇雙開【蓮諾‧絲萊許/個人勢Vtuber】,1970-01-01T00:00:00Z,https://www.youtube.com/watch?v=JUHuczKFoiw,https://i.ytimg.com/vi/JUHuczKFoiw/mqdefault_live.jpg
73abc31606db493f971f679dfde4f7e5,upcoming,🌟LIVE 03.11 —【星海☆ StarOcean】海洋精靈 VTuber｜突襲直播！老闆和員工一起修車！？,1970-01-01T00:00:00Z,https://www.youtube.com/watch?v=fMAcEAeK8Rs,https://i.ytimg.com/vi/fMAcEAeK8Rs/mqdefault_live.jpg
06f1c7339e1c47ecb69ea7385f4635a1,upcoming,(私人局不++) 瓦瓦約會中 ft.羅寶 / 歡迎追蹤 ! / 掛台請幫我開5%謝謝~!,1970-01-01T00:00:00Z,https://www.youtube.com/watch?v=Skn01N5gepY,https://i.ytimg.com/vi/Skn01N5gepY/mqdefault_live.jpg
f5a99c6ea78e4023b1bc84c1502f432d,upcoming,麻雀河豚復古狩獵台【Vsupport Fugu Aurelius｝,1970-01-01T00:00:00Z,https://www.youtube.com/watch?v=2GVBujEP2TM,https://i.ytimg.com/vi/2GVBujEP2TM/mqdefault_live.jpg
341ca5efce084743977d3b74315a30ab,upcoming,「Pleiades ch. 昴 ‧ 艾姆 」直播,1970-01-01T00:00:00Z,https://www.youtube.com/watch?v=ubsEpJn679w,https://i.ytimg.com/vi/ubsEpJn679w/mqdefault_live.jpg
9c913230c732455c9604dae9ebcfa64e,upcoming,【小宇實況】細心教妹妹開車的藍貓葛格 4/6【 Teach my little sister how to drive DEMO】,1970-01-01T00:00:00Z,https://www.youtube.com/watch?v=S3B-UvQOJ7A,https://i.ytimg.com/vi/S3B-UvQOJ7A/mqdefault_live.jpg
44f1d1ad14034bd3949ad6f84624f0e4,upcoming,〖#apex 〗ɶ 開始學習配配人的第一天📔｜ ʚ 嘻希呦 ShiKi nozomi ɞ,1970-01-01T00:00:00Z,https://www.youtube.com/watch?v=dZfpoZF_KCw,https://i.ytimg.com/vi/dZfpoZF_KCw/mqdefault_live.jpg
cfc335d4b3e3411ca5b39ccb41a81958,upcoming,Rivals | 來打競爭者！| 1V1,1970-01-01T00:00:00Z,https://www.youtube.com/watch?v=dwHVGdfRV38,https://i.ytimg.com/vi/dwHVGdfRV38/mqdefault_live.jpg
433b2802b62441a39c721400926d59eb,upcoming,【Minecraft】MacOS OBS壓力測試,1970-01-01T00:00:00Z,https://www.youtube.com/watch?v=5cVjxcYhFFU,https://i.ytimg.com/vi/5cVjxcYhFFU/mqdefault_live.jpg
9ad37d3249e24861bc8cb84368883258,upcoming,▲ #residentevilrevelations2 ▼ 切切切 _夏賀円那 | #台灣Vtuber #vtuber #降落歡迎,1970-01-01T00:00:00Z,https://www.youtube.com/watch?v=_I_P1JQv9pg,https://i.ytimg.com/vi/_I_P1JQv9pg/mqdefault_live.jpg
33ce96c886d341879ce66c4f7892c421,upcoming,「貓貓怪客」直播 雙開測試,1970-01-01T00:00:00Z,https://www.youtube.com/watch?v=TCFrKnXtyqE,https://i.ytimg.com/vi/TCFrKnXtyqE/mqdefault_live.jpg
e0535f2d38f04d26aca33772bccb33b8,upcoming,【魔獸世界】魔獸世界12.0至暗之夜最新傳奇5人副本【橘拉芙/VTuber】,1970-01-01T00:00:00Z,https://www.youtube.com/watch?v=SWl0ASXizc0,https://i.ytimg.com/vi/SWl0ASXizc0/mqdefault_live.jpg
31888d1a66654eee82d4dd22017db978,upcoming,「小企來啦」直播,1970-01-01T00:00:00Z,https://www.youtube.com/watch?v=FCoJ3gp5t7o,https://i.ytimg.com/vi/FCoJ3gp5t7o/mqdefault_live.jpg
ce4d344e37cd403cbb5325010144d393,upcoming,「薩姆依·麥迪泰亞斯 ch. 4/4初配信」直播,1970-01-01T00:00:00Z,https://www.youtube.com/watch?v=M18SRSzJgwI,https://i.ytimg.com/vi/M18SRSzJgwI/mqdefault_live.jpg
fcf160e0e39147b4b4037d1e4d18f076,upcoming,【測測試試】我要再看一次我的網路會不會爆炸 【夜楓月宸】,1970-01-01T00:00:00Z,https://www.youtube.com/watch?v=5yH86cLVwA4,https://i.ytimg.com/vi/5yH86cLVwA4/mqdefault_live.jpg
5ce810e28ea54f5bacd55573589f4e4e,upcoming,【終末地日常】日常任務過一下 浮一下歡迎聊天^(◔౪◔)^ 【莉媞奧蕾雅】,1970-01-01T00:00:00Z,https://www.youtube.com/watch?v=cQ4FblB96qE,https://i.ytimg.com/vi/cQ4FblB96qE/mqdefault_live.jpg
ec183b10574a449f91e43ab216976a60,upcoming,『工廠尋找詭異異常！』偵探調查工廠遇到恐怖事件！？『Anomaly 404』！,1970-01-01T00:00:00Z,https://www.youtube.com/watch?v=7YSAxr7L9_k,https://i.ytimg.com/vi/7YSAxr7L9_k/mqdefault_live.jpg
4dc4dc5b3dc24cb193ec2a127059c194,upcoming,閒聊,1970-01-01T00:00:00Z,https://www.youtube.com/watch?v=OLZh4kXVkXY,https://i.ytimg.com/vi/OLZh4kXVkXY/mqdefault_live.jpg
bb1cda940e0a44b3a25f3e368c19c490,upcoming,【#】【採墨 ChatmurTalk】#台灣Vtuber #버튜버 #대만버튜버,1970-01-01T00:00:00Z,https://www.youtube.com/watch?v=tPCn8_UF-ac,https://i.ytimg.com/vi/tPCn8_UF-ac/mqdefault_live.jpg
1254f176d93548aca5ac7f4b53313f71,upcoming,測試設定 nvdia nvenc HVEC,1970-01-01T00:00:00Z,https://www.youtube.com/watch?v=nAqalRreWs0,https://i.ytimg.com/vi/nAqalRreWs0/mqdefault_live.jpg
8c494e45ce5b462aa744d46bbdc54021,upcoming,"🔴【直播】📣來建造防禦工事和雇傭超級打手🤖｜外面的殭屍們通通給我下去☠️｜Re: 從零開始的異世界殖民計畫🎬【Mr.Taylor Channel】Ft. Qinya, 白月詩凜",1970-01-01T00:00:00Z,https://www.youtube.com/watch?v=QaiIqTLr8Zc,https://i.ytimg.com/vi/QaiIqTLr8Zc/mqdefault_live.jpg
1645f4035c9b42019c61d630fc75d5e0,upcoming,【突發!!!遊雜】久違的在YT開 打打魔物喝喝酒#初見さん大歓迎 #遊戲實況,1970-01-01T00:00:00Z,https://www.youtube.com/watch?v=c1hq0m2fQWE,https://i.ytimg.com/vi/c1hq0m2fQWE/mqdefault_live.jpg
8fe313c8e0704a29a7a387b47c4f938b,upcoming,「奶糖狐 Naiskori」直播,1970-01-01T00:00:00Z,https://www.youtube.com/watch?v=yx9emmw1wtg,https://i.ytimg.com/vi/yx9emmw1wtg/mqdefault_live.jpg
7a570b5273ae4e359a6491aba1313011,upcoming,偷偷試試看?,1970-01-01T00:00:00Z,https://www.youtube.com/watch?v=tLXLmDelKOU,https://i.ytimg.com/vi/tLXLmDelKOU/mqdefault_live.jpg
2cc874f341184fb799b01c399477c0b4,upcoming,🌙【Vtuber｜雜談】明天放假所以突然出現！ #台V,1970-01-01T00:00:00Z,https://www.youtube.com/watch?v=05-NK7kihUw,https://i.ytimg.com/vi/05-NK7kihUw/mqdefault_live.jpg
6717d34e87574888848bc45c86bd80e6,upcoming,波媄露比RubyPome【0225 9點 Twitch初配信】 Live Stream,1970-01-01T00:00:00Z,https://www.youtube.com/watch?v=EFgbIKdZP8s,https://i.ytimg.com/vi/EFgbIKdZP8s/mqdefault_live.jpg
4b214cdeac0649989f03f39e497816cf,upcoming,「Weiwei_rabbit ch. 兔子偉威」直播,1970-01-01T00:00:00Z,https://www.youtube.com/watch?v=ouUD6Urqf2Y,https://i.ytimg.com/vi/ouUD6Urqf2Y/mqdefault_live.jpg
fec8644970684cffbbae8dd37a52d59c,upcoming,【#lol】LOL 英雄聯盟觀眾/大福場~22:00 一起玩請到 Twitch 兌換忠誠點數 #LOL #vtuber #英雄聯盟 #aram,1970-01-01T00:00:00Z,https://www.youtube.com/watch?v=cW3DTyMCkxY,https://i.ytimg.com/vi/cW3DTyMCkxY/mqdefault_live.jpg
506d9c6fdbd34c8aa5fda64d90d96ac2,upcoming,【幻塔】誤打誤開,1970-01-01T00:00:00Z,https://www.youtube.com/watch?v=TrCeSy5BJVM,https://i.ytimg.com/vi/TrCeSy5BJVM/mqdefault_live.jpg
5a1eb09579134895adfa9516611bd925,upcoming,唱歌閒聊隨便玩遊戲,1970-01-01T00:00:00Z,https://www.youtube.com/watch?v=3MsTmqgf6UA,https://i.ytimg.com/vi/3MsTmqgf6UA/mqdefault_live.jpg
e66d389ebb604096bfa99178e1a13c27,upcoming,【LCK同步觀賽】NS & T1!!!今天大李小李都加油哇!!!｜阿爾西婭．幽梨雅🌺,1970-01-01T00:00:00Z,https://www.youtube.com/watch?v=tcFlF2iF0E0,https://i.ytimg.com/vi/tcFlF2iF0E0/mqdefault_live.jpg
ebc44e2ba78f4790b832d02c31410262,upcoming,【MageArena】巫術大亂鬥 看我唸死你們！,1970-01-01T00:00:00Z,https://www.youtube.com/watch?v=lhwB5d2LHhc,https://i.ytimg.com/vi/lhwB5d2LHhc/mqdefault_live.jpg
6481e646412745d3b2fa38255cef0da4,upcoming,「維芽 Viya」直播,1970-01-01T00:00:00Z,https://www.youtube.com/watch?v=7-gGNG7jPLE,https://i.ytimg.com/vi/7-gGNG7jPLE/mqdefault_live.jpg
359d60ab5abb445a8477a50781acc050,upcoming,好欸今天我生日~同時也是初配信後日談~~~,1970-01-01T00:00:00Z,https://www.youtube.com/watch?v=s5FfaT1BpGY,https://i.ytimg.com/vi/s5FfaT1BpGY/mqdefault_live.jpg
e63fe9e27be44403b222fb0319c027b6,upcoming,20260413 清蜘蛛網的吉他伴奏歌回 快千訂囉 今年拚過收益怎麼樣？ #歌回 #Vtuber #台v #台灣Vtuber #中文,1970-01-01T00:00:00Z,https://www.youtube.com/watch?v=5TiKbUKkZz4,https://i.ytimg.com/vi/5TiKbUKkZz4/mqdefault_live.jpg
9add5efb4665440e8e021a9c3ced6095,upcoming,「星雨凌 Hoshiyu Rin國小生Vtuber」直播,1970-01-01T00:00:00Z,https://www.youtube.com/watch?v=ga87Xa_KEvU,https://i.ytimg.com/vi/ga87Xa_KEvU/mqdefault_live.jpg
ffe0cef3d8c34c52bb605a23a3e61e95,upcoming,突發工作雜談台,1970-01-01T00:00:00Z,https://www.youtube.com/watch?v=vza94eTJfaM,https://i.ytimg.com/vi/vza94eTJfaM/mqdefault_live.jpg
7d3b310a867942cab270e48f7a397e0d,upcoming,【森嵜光】[04/19]〔APEX〕鬼轉A  #vtuber #初見歡迎 #台V #森放送 #男v,1970-01-01T00:00:00Z,https://www.youtube.com/watch?v=FRK-coLWiVs,https://i.ytimg.com/vi/FRK-coLWiVs/mqdefault_live.jpg
2ff93e20894245d49004276e3b51e64f,upcoming,「祈音 💌 2/22初配信」直播,1970-01-01T00:00:00Z,https://www.youtube.com/watch?v=V8FJZEhKjL0,https://i.ytimg.com/vi/V8FJZEhKjL0/mqdefault_live.jpg
01a20c96c500469fab898ebd03b0c019,upcoming,這是一個調整作息的刪檔直播,1970-01-01T00:00:00Z,https://www.youtube.com/watch?v=3JlJkVmrB0E,https://i.ytimg.com/vi/3JlJkVmrB0E/mqdefault_live.jpg
83e0f3520699474ba7f017e5e4388a5f,upcoming,直播測試 (我沒有架麥克風所以沒有聲音),1970-01-01T00:00:00Z,https://www.youtube.com/watch?v=cHOmHvZiBNA,https://i.ytimg.com/vi/cHOmHvZiBNA/mqdefault_live.jpg
1eef7c0894a547a2bff186f6a735145a,upcoming,【#トモコレ 】如果你沒看過我的偶像們，現在讓你看看 #台湾vtuber #初見歓迎,1970-01-01T00:00:00Z,https://www.youtube.com/watch?v=Pwsp0BXt8S4,https://i.ytimg.com/vi/Pwsp0BXt8S4/mqdefault_live.jpg
3fd5cac9e94144ad9a298e46c5472792,upcoming,「酔兎Yoito ch.」直播,1970-01-01T00:00:00Z,https://www.youtube.com/watch?v=RnmvywZMtUs,https://i.ytimg.com/vi/RnmvywZMtUs/mqdefault_live.jpg
9fb51e14ba1c499eb6383a7a166a4d52,upcoming,│20260308│#轮回修仙传 #輪迴修仙傳│又一個輪迴的遊戲！這次是修仙│ #vtuber  #古風 #初見歡迎  #陪伴 #遊戲 #steam #battle #歡迎降落,1970-01-01T00:00:00Z,https://www.youtube.com/watch?v=t68rT9wAxAQ,https://i.ytimg.com/vi/t68rT9wAxAQ/mqdefault_live.jpg
453cbd84364b42d8ac11cef8d3d63bd1,upcoming,【夢川夏蕊】【無聲畫圖台】獨角獸突襲直播!!!,1970-01-01T00:00:00Z,https://www.youtube.com/watch?v=pXNM-5_WEts,https://i.ytimg.com/vi/pXNM-5_WEts/mqdefault_live.jpg
d177ac8568a14720b35bcc1a829aff51,upcoming,【 #深夜RE聊 】你買票了嗎?｜2025.10｜深夜聊什麼｜雜談｜#台灣vtuber,1970-01-01T00:00:00Z,https://www.youtube.com/watch?v=t0Nmh-W_itQ,https://i.ytimg.com/vi/t0Nmh-W_itQ/mqdefault_live.jpg
6d83214d4d964bc9a236f4cbdd8d99e4,upcoming,【mc】考完試來玩MC   Ft. @奈亞_Nya,1970-01-01T00:00:00Z,https://www.youtube.com/watch?v=HU8WqQ28faQ,https://i.ytimg.com/vi/HU8WqQ28faQ/mqdefault_live.jpg
1db7ec043f284eaea0bd2213ecce2bad,upcoming,【王者榮耀Honor of King】也也也也也也還是王者農藥！,1970-01-01T00:00:00Z,https://www.youtube.com/watch?v=N4nOBFsew04,https://i.ytimg.com/vi/N4nOBFsew04/mqdefault_live.jpg
7342e2aefa41449880565dfd15a35cad,upcoming,「Misù Ch. 鹿咲ミス 」直播,1970-01-01T00:00:00Z,https://www.youtube.com/watch?v=N7UR2Tago5s,https://i.ytimg.com/vi/N7UR2Tago5s/mqdefault_live.jpg
3353f8693d7b4caa82abeb2de3d89815,upcoming,【4/20】 不想上班QQ ヾ(*ΦωΦ)ツ   #貓貓桃實 #深夜  #初見歡迎 #讀空氣,1970-01-01T00:00:00Z,https://www.youtube.com/watch?v=maowJr9K40Y,https://i.ytimg.com/vi/maowJr9K40Y/mqdefault_live.jpg
65ada733fbe64a3a86aae7737e32fad0,upcoming,【標題】標題文字 | ❄️真狩凜Makari🦉 | #初見歡迎 #歡迎降落,1970-01-01T00:00:00Z,https://www.youtube.com/watch?v=Cqh5Z2XZwtE,https://i.ytimg.com/vi/Cqh5Z2XZwtE/mqdefault_live.jpg
fae9210539d44a39a2a275b8d53cae37,upcoming,「羅摩Lomo ch.」直播,1970-01-01T00:00:00Z,https://www.youtube.com/watch?v=sAiHBp0pfdE,https://i.ytimg.com/vi/sAiHBp0pfdE/mqdefault_live.jpg
5c5880d994854afbbea0a35716bce186,upcoming,grounded ft.好多人 #grounded,1970-01-01T00:00:00Z,https://www.youtube.com/watch?v=pcc6Cbn9n3U,https://i.ytimg.com/vi/pcc6Cbn9n3U/mqdefault_live.jpg
07f20f05bef0432e8644e1bee798ef46,upcoming,「Asche アッシュ ch.」直播,1970-01-01T00:00:00Z,https://www.youtube.com/watch?v=pcqW_3piT_o,https://i.ytimg.com/vi/pcqW_3piT_o/mqdefault_live.jpg
eabec2cff9fb48cdb79965d77a56f47d,upcoming,🌾LIVE 03.26  —【稻禾 こめさく】米粒精靈 VTuber｜身為 Vtuber 明明都去睡覺了電腦卻自己幫我開啟直播結果......也不能怎麼樣💁‍♀️稻禾：我都出門了啊啊啊啊,1970-01-01T00:00:00Z,https://www.youtube.com/watch?v=w_z21Ai8qWo,https://i.ytimg.com/vi/w_z21Ai8qWo/mqdefault_live.jpg
e63fd2ead17a4b57b256fcd55fe83b0e,upcoming,【FINAL FANTASY XIV and Never Grave: The Witch and The Curse】究竟是流浪街頭還是成為有房一族呢！？,1970-01-01T00:00:00Z,https://www.youtube.com/watch?v=_u2Oxv9X6Ek,https://i.ytimg.com/vi/_u2Oxv9X6Ek/mqdefault_live.jpg
3f36658defc1428b8d4628478ef59256,upcoming,《杯杯倒滿》全難度單人通關 天氣冷冷 想喝熱的,1970-01-01T00:00:00Z,https://www.youtube.com/watch?v=X7qXYxFNSpk,https://i.ytimg.com/vi/X7qXYxFNSpk/mqdefault_live.jpg
f5ef8ac02db547dd92da5e87717a8dca,upcoming,【0420】金牌挑戰 ! ! ! 順便聊聊大企劃,1970-01-01T00:00:00Z,https://www.youtube.com/watch?v=6fMwNO-ENDw,https://i.ytimg.com/vi/6fMwNO-ENDw/mqdefault_live.jpg
cbba76fd34d74307a9f826e03b8e4db5,upcoming,【早安台】早安哇~來做周表~#歡迎降落【彩羽悠夢Yume】,1970-01-01T00:00:00Z,https://www.youtube.com/watch?v=0_gG4K8MwII,https://i.ytimg.com/vi/0_gG4K8MwII/mqdefault_live.jpg
a60e76fb18f44818980d7d5b07cf82c9,upcoming,「璦格蓓菈AgaBerrila ch.」直播,1970-01-01T00:00:00Z,https://www.youtube.com/watch?v=e9T7PwTHfMo,https://i.ytimg.com/vi/e9T7PwTHfMo/mqdefault_live.jpg
281c7713c21e41bcb6e81365f328ab8c,upcoming,【巔峰極速】突然想起好像要開直播才行~沒技術請放心【喵奈ネコドン】,1970-01-01T00:00:00Z,https://www.youtube.com/watch?v=W0tBvjrAcRU,https://i.ytimg.com/vi/W0tBvjrAcRU/mqdefault_live.jpg
07930a961f0b4078a14f0a57f0a93965,upcoming,【Resident Evil 6】里昂線 pt.3 救一個妹妹然後毀滅全世界【鶴目瑞羽】,1970-01-01T00:00:00Z,https://www.youtube.com/watch?v=9xRpU4L47lI,https://i.ytimg.com/vi/9xRpU4L47lI/mqdefault_live.jpg
af89613e72874e219c00ab0c89b6c641,upcoming,【遊戲雜談】向結局衝刺【奧里與螢火意志ori and the will of the wisps】#8,1970-01-01T00:00:00Z,https://www.youtube.com/watch?v=sXAV_De58mw,https://i.ytimg.com/vi/sXAV_De58mw/mqdefault_live.jpg
d6d4ed41815a4603a028d321d9d14a56,upcoming,「V.L. Midnight」直播,1970-01-01T00:00:00Z,https://www.youtube.com/watch?v=BqfQVXvDvmI,https://i.ytimg.com/vi/BqfQVXvDvmI/mqdefault_live.jpg
6ab090baa4624f1c8fca28312799e826,upcoming,✦PEAK✦爬山好累!!!,2026-02-02T15:52:55Z,https://www.youtube.com/watch?v=Nl7FBiMoAgU,https://i.ytimg.com/vi/Nl7FBiMoAgU/mqdefault_live.jpg
5b1bd72acc95440cb3aa381c89cfca3c,upcoming,【CP連動】｜和千妃開始體驗不同的冬天｜Feat.  @Ikusen_vtuber【小悠yui】,2026-02-12T12:00:00Z,https://www.youtube.com/watch?v=VK0Ne0hypgA,https://i.ytimg.com/vi/VK0Ne0hypgA/mqdefault_live.jpg
82af75b290f44cd8b9a97bc5addaaf58,upcoming,【情人節特企💕】墜入愛河的Q&A📍開箱送給自己的巧克力禮盒🎀深愛自己就是墜入愛河的第一步！ #vtuber #台V #兔兔講糖 #初見歡迎,2026-02-14T14:30:00Z,https://www.youtube.com/watch?v=luwPOtIzYbY,https://i.ytimg.com/vi/luwPOtIzYbY/mqdefault_live.jpg
52ff14aabd804801a6e589681fc2fb4d,upcoming,殘月 EclipseYuki ENG/中 努力前進 找回自我的平靜,2026-02-21T08:35:08Z,https://www.youtube.com/watch?v=jNT_uOuGqcI,https://i.ytimg.com/vi/jNT_uOuGqcI/mqdefault_live.jpg
52ff14aabd804801a6e589681fc2fb4d,upcoming,殘月 EclipseYuki ENG/中 努力前進 找回自我的平靜,2026-02-25T13:56:58Z,https://www.youtube.com/watch?v=tXRu8-mmOH0,https://i.ytimg.com/vi/tXRu8-mmOH0/mqdefault_live.jpg
dcbe7946e39e48bcb0b725de64a445c8,upcoming,【#100連發歌回】東京愛情故事，但是一百次【#梅迪歐】#ReLiveProject #台v,2026-02-28T01:00:00Z,https://www.youtube.com/watch?v=7EK2YKBabuE,https://i.ytimg.com/vi/7EK2YKBabuE/mqdefault_live.jpg
98187e2cc8c34f5d8e0853bffc1a30c9,upcoming,【重開！】網路當掉啊啊啊啊啊啊【早苗SANAE】,2026-03-02T15:40:00Z,https://www.youtube.com/watch?v=RJuRmrH0FuM,https://i.ytimg.com/vi/RJuRmrH0FuM/mqdefault_live.jpg
9e3edec3eec54f49a065f1970471d473,upcoming,【 千代考察 】幾時可以開到台之幾三次！這次來考察一下各位對品牌的熟悉度！  #香港Vtuber ✨ │ 羽狐神 ちよ,2026-03-21T12:30:00Z,https://www.youtube.com/watch?v=n2ci-fqglCc,https://i.ytimg.com/vi/n2ci-fqglCc/mqdefault_live.jpg
9948190bc88442f4a0757eed54fb24f0,upcoming,「宮祈緣」正在直播！,2026-03-27T12:35:46Z,https://www.youtube.com/watch?v=2SJ7a7I-Nkc,https://i.ytimg.com/vi/2SJ7a7I-Nkc/mqdefault_live.jpg
79f4c64bde584997bf6ad38afd44b51d,upcoming,【零~紅蝶~ REMAKE】原本以為只是小鬼...結果嚇到魂飛魄散！😖😭,2026-04-03T07:00:00Z,https://www.youtube.com/watch?v=8KKQZY_hsto,https://i.ytimg.com/vi/8KKQZY_hsto/mqdefault_live.jpg
9f976a39c1fa4e6dae3ed11b771ef918,upcoming,【YT/TWITCH雙開】2026.04.05 嘿對 筆電沒電 完全神人,2026-04-04T19:00:40Z,https://www.youtube.com/watch?v=hMUN4AUK68o,https://i.ytimg.com/vi/hMUN4AUK68o/mqdefault_live.jpg
9f976a39c1fa4e6dae3ed11b771ef918,upcoming,【YT/TWITCH雙開】2026.04.05 嘿對 筆電沒電 完全神人,2026-04-04T19:00:45Z,https://www.youtube.com/watch?v=l3TuHmx0hzQ,https://i.ytimg.com/vi/l3TuHmx0hzQ/mqdefault_live.jpg
5fd252ad134343a59705e00390c6d9ef,upcoming,✞ 初見 ✞ REANIMAL #3｜修女練膽中……今天能玩完嗎💀｜劇透禁止🚫 ✞ 莓川紗織/台灣VTuber ✞,2026-04-05T06:30:00Z,https://www.youtube.com/watch?v=wE0D6RcosEg,https://i.ytimg.com/vi/wE0D6RcosEg/mqdefault_live.jpg
773a7694afcf4666960b05a4faf1a1fa,upcoming,[小麻來推薦] 原來小麻平時都在聽這些!?｜牧野Maki,2026-04-11T04:00:00Z,https://www.youtube.com/watch?v=S-qgBsMvXE0,https://i.ytimg.com/vi/S-qgBsMvXE0/mqdefault_live.jpg
9f976a39c1fa4e6dae3ed11b771ef918,upcoming,【YT/TWITCH雙開】2026.04.11 自訂賽 有像風一樣的獵哥 但我是不會退群的,2026-04-11T14:43:06Z,https://www.youtube.com/watch?v=3eXEJ921ixg,https://i.ytimg.com/vi/3eXEJ921ixg/mqdefault_live.jpg
1307131312c54a11ab326e62474efc8a,upcoming,ASMR 今夜也想和你十指交扣💜 #vtuber #耳語放鬆 #溫柔戀人【艾Ai🎗️浪海數位 RiyarDigital 所屬】,2026-04-11T15:30:00Z,https://www.youtube.com/watch?v=AQ6SrDqcQuc,https://i.ytimg.com/vi/AQ6SrDqcQuc/mqdefault_live.jpg
9f976a39c1fa4e6dae3ed11b771ef918,upcoming,【YT/TWITCH雙開】2026.04.13 沒有墊底 777 別炸我金牌兄弟了,2026-04-13T13:27:31Z,https://www.youtube.com/watch?v=Tba4tTfO9fk,https://i.ytimg.com/vi/Tba4tTfO9fk/mqdefault_live.jpg
9f976a39c1fa4e6dae3ed11b771ef918,upcoming,【YT/TWITCH雙開】2026.04.12 沒有墊底 777 別炸我金牌兄弟了,2026-04-13T13:28:27Z,https://www.youtube.com/watch?v=TdrzV5KAZy4,https://i.ytimg.com/vi/TdrzV5KAZy4/mqdefault_live.jpg
93785f5e8b614be98bf8e096f5b1f997,live,【音樂台】酒館裡什麼人都有，就是沒有你。 | 幻想異世界音楽 | 睡眠 | 勉強 | 讀書音樂陪伴 | Fantasy Sounds | 作業用BGM【冬蜜 DonBee】,2026-04-14T06:08:19Z,https://www.youtube.com/watch?v=QmCsm1bmR7o,https://i.ytimg.com/vi/QmCsm1bmR7o/mqdefault_live.jpg
93785f5e8b614be98bf8e096f5b1f997,live,你的世界下雨了，來躲雨吧。 | 有雨聲，可以學習、專注、睡眠的輕鬆音樂,2026-04-14T06:08:24Z,https://www.youtube.com/watch?v=e1I_Odb0yaw,https://i.ytimg.com/vi/e1I_Odb0yaw/mqdefault_live.jpg
93785f5e8b614be98bf8e096f5b1f997,live,【音樂台】聽音樂坐著喝酒，再打個魔物。 | 幻想異世界音楽 | 睡眠 | 勉強 | 讀書音樂陪伴 | Fantasy Sounds | 作業用BGM【冬蜜 DonBee】,2026-04-14T06:08:25Z,https://www.youtube.com/watch?v=v4OIJ1XGu4U,https://i.ytimg.com/vi/v4OIJ1XGu4U/mqdefault_live.jpg
7ef2dc851df94f5aa7f632c736b4307e,upcoming,【縦型配信】月月週記 RERERE #Shorts  #vtuber #雑談,2026-04-14T18:12:56Z,https://www.youtube.com/watch?v=mneJEXT2_iA,https://i.ytimg.com/vi/mneJEXT2_iA/mqdefault_live.jpg
8eec9fd38e7440f09bf1bc864e4d6e38,upcoming,〚滔滔不絕〛什麼?!地獄料理!吃點好的吧!!!!!｜滔滔饕餮Taotao🥢💚,2026-04-16T13:00:00Z,https://www.youtube.com/watch?v=Q2-xp4tvZtY,https://i.ytimg.com/vi/Q2-xp4tvZtY/mqdefault_live.jpg
76165d25983b463eaa1da66c86a32b7c,live,【日常】單通完打洲的夜彩 【靛之森Ainomori】|【夜彩Yoruro】可用7TV貼圖 因為害羞非常不感謝揪團Q_Q:,2026-04-18T13:27:54Z,https://www.twitch.tv/yorurovtuber,https://static-cdn.jtvnw.net/previews-ttv/live_user_yorurovtuber-{width}x{height}.jpg
ce1d3cace1cf4ec799c8846c8c2a6d48,live,0419|加班|拚訂閱積分 !布丁 歡迎掛台  有接委託歡迎聯絡DC @kokutou8920,2026-04-18T17:04:12Z,https://www.twitch.tv/kokutou8920,https://static-cdn.jtvnw.net/previews-ttv/live_user_kokutou8920-{width}x{height}.jpg
edf9e466820347828b0d2d10e5e9bb72,upcoming,【雜談】 久違與大家聊聊天！[星月櫻奈],2026-04-19T06:30:00Z,https://www.youtube.com/watch?v=cVPTbABjcNc,https://i.ytimg.com/vi/cVPTbABjcNc/mqdefault_live.jpg
3de1f749e7fe4b219a2a10611311297f,upcoming,【雜談台】主播很口糊，但歡迎進來聊天。 【背景音】  #台v #vtuber  #南方旅者,2026-04-19T12:00:00Z,https://www.youtube.com/watch?v=Zzq5u1VLOsI,https://i.ytimg.com/vi/Zzq5u1VLOsI/mqdefault_live.jpg
238b751368474f798a737e7cf1f4a87b,upcoming,⚔️永劫無間⚔️ | 放假就是要打永劫~ | 20260419,2026-04-19T12:00:00Z,https://www.youtube.com/watch?v=aDJ3ZRlJrDo,https://i.ytimg.com/vi/aDJ3ZRlJrDo/mqdefault_live.jpg
7754a4ea82814b7fbbecfcf459382001,live,⋈阿咪老蘇ね⋈⁹²⁸ 4/19  畫抽菸委託 ʚ♡ɞ委託活動開跑 ꒰ꈍ•́꒳•̀ꈍ꒱ |!委託 !周邊 !愛阿咪 @qmi_uwumai613 ஐ ♡.+ﾟ,2026-04-19T12:12:54Z,https://www.twitch.tv/qmi_uwumai613,https://static-cdn.jtvnw.net/previews-ttv/live_user_qmi_uwumai613-{width}x{height}.jpg
cedd78c374b54898a647a3cb3a5263fc,upcoming,【一代女皇】📸開鏡福利📸見到朕為何不跪?🐝｜#降落大歡迎｜凝淵 Mojoy Live 三期生,2026-04-19T15:45:00Z,https://www.youtube.com/watch?v=c-i4YIju99w,https://i.ytimg.com/vi/c-i4YIju99w/mqdefault_live.jpg
887b37336c9c4730809ace8b5e38df17,live,訂閱拿掉寶🎁Day3 好可愛 ʚ •͈˽•͈ ིྀɞ｜⭐24hr看台送遊戲 ⁺˳✿ ₊,2026-04-19T21:47:03Z,https://www.twitch.tv/isyourlulu,https://static-cdn.jtvnw.net/previews-ttv/live_user_isyourlulu-{width}x{height}.jpg
7aca9b05fe654223a3702531383002a8,live,【貓卷】種植3以前也太痛苦 當時完全不覺得,2026-04-19T23:04:13Z,https://www.twitch.tv/elfindill,https://static-cdn.jtvnw.net/previews-ttv/live_user_elfindill-{width}x{height}.jpg
bf03fd8b5b55481590ea63338c5cdd20,live,4/18 加班一週年Day373 !週邊 / !DC / 訂閱加班10分 / 揪團10人2分鐘 / @komorikuma_vtuber,2026-04-20T00:00:04Z,https://www.twitch.tv/komorikuma_vtuber,https://static-cdn.jtvnw.net/previews-ttv/live_user_komorikuma_vtuber-{width}x{height}.jpg
cf38ee666e104dce949c195f5ac58da2,live,【戰旗/AR/貓咪大戰爭】4/20 雷普星人 要拚,2026-04-20T00:14:27Z,https://www.youtube.com/watch?v=HppmZQ-1U6k,https://i.ytimg.com/vi/HppmZQ-1U6k/mqdefault_live.jpg
4071b27c63424e1f9882ebe04a884586,live,【04/20】 · ♡ ·   !滑鼠墊 !晚餐,2026-04-20T02:06:42Z,https://www.twitch.tv/snowwolf0627,https://static-cdn.jtvnw.net/previews-ttv/live_user_snowwolf0627-{width}x{height}.jpg
5718a7998f6249eeba0bf087da51c1c0,live,a＜4/19＞ 許久未見的早台想吃點蛋餅 | 感謝追隨ヾ(≧▽≦*)o | @kuwonmyonun017/ ft.,2026-04-20T02:22:30Z,https://www.twitch.tv/kuwonmyonun017,https://static-cdn.jtvnw.net/previews-ttv/live_user_kuwonmyonun017-{width}x{height}.jpg
591a7323f0134cf2929e75d959f21f68,live,【BenMao】貓咪芝心,2026-04-20T02:46:45Z,https://www.twitch.tv/y2c0925,https://static-cdn.jtvnw.net/previews-ttv/live_user_y2c0925-{width}x{height}.jpg
6d83214d4d964bc9a236f4cbdd8d99e4,live,【抽象伺服器】來蓋家和挖遠古殘骸,2026-04-20T02:49:15Z,https://www.youtube.com/watch?v=TC86YFJkX_0,https://i.ytimg.com/vi/TC86YFJkX_0/mqdefault_live.jpg
d2b1ba87da034210bbe54bfa1c01bc41,live,【絨絨鼠】˖ ࣪✧⊹上班BGM台 ♡⊹.【Vtuber】✤┊ öㅅö┊✤,2026-04-20T03:00:50Z,https://www.twitch.tv/mz_fuwafuwa,https://static-cdn.jtvnw.net/previews-ttv/live_user_mz_fuwafuwa-{width}x{height}.jpg
352894d7c4eb4c9f87e248eae450183a,live,【AI Vtuber】優必醬報新聞!  #橫型配信 #橫式配信  #aivtuber #ai #vtuber #初見歡迎,2026-04-20T03:13:55Z,https://www.youtube.com/watch?v=iGECbKOEGns,https://i.ytimg.com/vi/iGECbKOEGns/mqdefault_live.jpg
de071f4fc90344748afac14099022672,live,4/19 F 加班DAY10 !加班 ♡ !簽到 !歌單 !想 !id !rk !dc ♡ @xiaojean0128 ♡,2026-04-20T03:18:16Z,https://www.twitch.tv/xiaojean0128,https://static-cdn.jtvnw.net/previews-ttv/live_user_xiaojean0128-{width}x{height}.jpg
6bb236447ed9412a98c9b2d7c9069e10,live,【熊貓】布置新房子~嗷ʕ◉ᴥ◉ʔ @panda0219work ｜點數轉盤 ｜Ft： ｜感謝揪團：  ｜!哥哥的咖啡,2026-04-20T03:20:37Z,https://www.twitch.tv/panda0219work,https://static-cdn.jtvnw.net/previews-ttv/live_user_panda0219work-{width}x{height}.jpg
e353f482c5be4887838ea9fdf802ad91,live,✧ 哈娜 ✧ 04月20日  早安 全身痠痛qq 好想抽原神新角QQQ | 300積分努力中 需要層三自主訂閱三個月!! | 破產貓貓需投餵 但不是下播啦QQQQ | 謝謝大家的自主訂閱! 謝謝每個信徒!♥ | !魔儲 | !簽到,2026-04-20T03:22:28Z,https://www.twitch.tv/hananekohime,https://static-cdn.jtvnw.net/previews-ttv/live_user_hananekohime-{width}x{height}.jpg
87568c720cae40a99264816eb1875347,live,(AIVT)考試粥?能加豆皮嗎???  初見參加歡迎 #vtuber #aivtuber #aivt  #模型vtuber  #春弧 #廢宅,2026-04-20T03:38:50Z,https://www.youtube.com/watch?v=NCIYr2i3BkU,https://i.ytimg.com/vi/NCIYr2i3BkU/mqdefault_live.jpg
e58a5a6f40e040d79bbcd139824d6fc7,live,4/20 ₍ᐢ.‸.ᐢ₎⑅ o 【雨咩】今天來帶小女孩出門~《人機迷網 Pragmata》 2.0募資啟動 好想拚萬追～ @yumie0306 | !工商 !募資 !魔儲 !極玩電競 !簽到 | 自主訂閱加強版夥伴~按下訂閱吧♡,2026-04-20T03:50:37Z,https://www.twitch.tv/yumie0306,https://static-cdn.jtvnw.net/previews-ttv/live_user_yumie0306-{width}x{height}.jpg
cfc7bcf869514c70a5091672d3acb031,live,新手的第4天!破產的第1天QQ,2026-04-20T04:06:35Z,https://www.twitch.tv/sruo0303,https://static-cdn.jtvnw.net/previews-ttv/live_user_sruo0303-{width}x{height}.jpg
626750f4e7a745619c171c44fb1efcc0,live,3D募資最後倒數耐久台!用一天了解主播的魅力!【天使Vtuber小雪Yukichan】#台灣Vtuber #Vtuber,2026-04-20T04:07:00Z,https://www.youtube.com/watch?v=q_EAy98ZoKA,https://i.ytimg.com/vi/q_EAy98ZoKA/mqdefault_live.jpg
626750f4e7a745619c171c44fb1efcc0,live,3D募資最後倒數耐久台!用一天了解主播的魅力!【天使Vtuber小雪Yukichan】#台灣Vtuber #Vtuber,2026-04-20T04:07:00Z,https://www.twitch.tv/hosinoyasetsu,https://static-cdn.jtvnw.net/previews-ttv/live_user_hosinoyasetsu-{width}x{height}.jpg
572c03fa49b54d4b95935321b4722b68,live,無聲台 ｜ 開一下刷存在喵~ ｜ 不是歌回 這是翻唱 Cover 影片 ｜ ft. @ChiwaBots ｜ !指令 !簽到 !好感度 (!點數),2026-04-20T04:32:01Z,https://www.twitch.tv/chiwa1024,https://static-cdn.jtvnw.net/previews-ttv/live_user_chiwa1024-{width}x{height}.jpg
3a932cc8813343b6bb5d822cb2f53558,live,【 娜歐蜜 】4/20 - 家有破財貓_(┐「ε:)_｜!2.0 !dc,2026-04-20T04:39:56Z,https://www.twitch.tv/naomi_vtuber,https://static-cdn.jtvnw.net/previews-ttv/live_user_naomi_vtuber-{width}x{height}.jpg
843d99233b474827a2f0bc417ffd3852,live,【抹茶】04/20｜加班D32 (｡-᎔⁰ก̀｡) 累累睏睏 感覺社交能量耗盡了 今天也是通行證的狗汪汪 ♡ 自主訂閱努力中｜ @isuzumaccha ｜!委託 !斗內 !聯名 !滑鼠墊 !魔儲 🍵 #茶室營業中,2026-04-20T04:44:43Z,https://www.twitch.tv/isuzumaccha,https://static-cdn.jtvnw.net/previews-ttv/live_user_isuzumaccha-{width}x{height}.jpg
e17f42aa104040deae2ee3f3b1e85ed8,live,【肉肉薔蒔】4/20 今天晚上要比日麻    ><     !6人電競  !yt  !滑鼠墊 !簽到,2026-04-20T04:56:30Z,https://www.twitch.tv/aishakumo,https://static-cdn.jtvnw.net/previews-ttv/live_user_aishakumo-{width}x{height}.jpg
886f64b4a0504b9fbe5e4687b92f6584,live,女神異聞錄５ 皇家版part5 感謝粉絲桃花仙人斗內，10點後逛一下花園(連休三天，第二天) #P5R #萌萌小麥,2026-04-20T05:00:54Z,https://www.twitch.tv/moemoekomugi,https://static-cdn.jtvnw.net/previews-ttv/live_user_moemoekomugi-{width}x{height}.jpg
886f64b4a0504b9fbe5e4687b92f6584,live,女神異聞錄５ 皇家版part5 感謝粉絲桃花仙人斗內，10點後逛一下花園(連休三天，第二天) #P5R #萌萌小麥,2026-04-20T05:00:56Z,https://www.youtube.com/watch?v=yr7-YezCzuQ,https://i.ytimg.com/vi/yr7-YezCzuQ/mqdefault_live.jpg
30f59fd702d5417c9225bc729bf7ec32,live,【遊戲雜談】Pragmata 人機迷網｜電戰蘿與裝填慢太空人大冒險｜🗡️🐦🔥日和茜 Hiyori Akane,2026-04-20T05:22:26Z,https://www.youtube.com/watch?v=1Ah3SXZeL6g,https://i.ytimg.com/vi/1Ah3SXZeL6g/mqdefault_live.jpg
4cc07f3cbfed434090bba391bc15fd6d,live,陪尼上班陪我上課(｡•ㅅ•｡)♡！【4/20】^›⩊‹^ ੭ !米彼  \ @amibeeq /,2026-04-20T05:59:25Z,https://www.twitch.tv/amibeeq,https://static-cdn.jtvnw.net/previews-ttv/live_user_amibeeq-{width}x{height}.jpg
07c204505d544b28bb52426d0665a59c,live,【遊戲】 崩鐵!!快點做任務!卡池要關了啦!!!【幽櫻雪梓SakuraYukizusa】 #Vtuber #貨真價食 #崩鐵 #崩壞星穹鐵道,2026-04-20T06:00:01Z,https://www.youtube.com/watch?v=ZTxn1gY79SQ,https://i.ytimg.com/vi/ZTxn1gY79SQ/mqdefault_live.jpg
4077520d348749e49598cd5fa1058b6a,live,【小野寺芽依】【直屏版】有冇人嚟玩R6arrrrrrrr~~~   04/20,2026-04-20T06:01:35Z,https://www.youtube.com/watch?v=WIVai_2VsWw,https://i.ytimg.com/vi/WIVai_2VsWw/mqdefault_live.jpg
ba562aad440d483e988d3ce7e7217c94,live,[貓宮香草] 4/20 開船開船，  !dc !魔儲,2026-04-20T06:04:03Z,https://www.twitch.tv/vanilla_shironeko,https://static-cdn.jtvnw.net/previews-ttv/live_user_vanilla_shironeko-{width}x{height}.jpg
29a3d514ca274f6fb966f9d70bed4b52,live,20/4 局長去左打牌 /ᐠ .ᆺ. ᐟ\,2026-04-20T06:04:50Z,https://www.twitch.tv/morinoaki_,https://static-cdn.jtvnw.net/previews-ttv/live_user_morinoaki_-{width}x{height}.jpg
5b62816b7dee4c13856f3c21629be3c4,live,【Mica】｜2026/4/20｜hohoho,2026-04-20T06:08:03Z,https://www.twitch.tv/mica1130,https://static-cdn.jtvnw.net/previews-ttv/live_user_mica1130-{width}x{height}.jpg
73675987096b486287784fc466b881be,live,【#明日方舟終末地】這麽難請回家嗎，我都歪了兩次啦！#nekotaberrylive #馬來西亞vtuber,2026-04-20T06:09:32Z,https://www.youtube.com/watch?v=BIsdr7WFHAU,https://i.ytimg.com/vi/BIsdr7WFHAU/mqdefault_live.jpg
7870ac4364ca4c97a4dfe7474251bf5b,live,【人機迷惘 #pragmata 】到底有沒有得到完整的記憶......還會再見面嗎？繼續養女兒！｜薄葉透UsubaToru｜ SDS,2026-04-20T06:09:53Z,https://www.youtube.com/watch?v=o5hTZJGVPa8,https://i.ytimg.com/vi/o5hTZJGVPa8/mqdefault_live.jpg
cfc335d4b3e3411ca5b39ccb41a81958,live,聊天台 | 搞戰隊順便亂玩 :3,2026-04-20T06:22:32Z,https://www.youtube.com/watch?v=xbQ-vVg3xtY,https://i.ytimg.com/vi/xbQ-vVg3xtY/mqdefault_live.jpg
d1d879cfccf7411296dcc765ca40e39c,live,【緣伊】04/20 能不能再多給我更多時間 || !簽到 !周邊 !shorts !老公 || #降落星球 || @linyuan0122,2026-04-20T06:23:19Z,https://www.twitch.tv/linyuan0122,https://static-cdn.jtvnw.net/previews-ttv/live_user_linyuan0122-{width}x{height}.jpg
dc3e05e0c12b4e0a93dc230f30925ee0,live,【土司喵】好久沒有玩過這個遊戲了 ▏加班台Day.227@toast_meow 掛台聲音要5%哦<3,2026-04-20T06:55:29Z,https://www.twitch.tv/toast_meow,https://static-cdn.jtvnw.net/previews-ttv/live_user_toast_meow-{width}x{height}.jpg
3a13b2827ef048859006a3acb74c175a,live,4/20  別人直播靠技術，我直播只想靠近你【加班台】 ft.  【!指令 !觀眾場 !簽 !安安 !斗內】,2026-04-20T06:55:41Z,https://www.twitch.tv/yanran_feretto,https://static-cdn.jtvnw.net/previews-ttv/live_user_yanran_feretto-{width}x{height}.jpg
7e81a72484054a5c89f3826ebc8946be,live,【0420】晚點再來玩遊戲 我好睏...｜ @yuzukiririna !抖內!深度會員!YT!影音抖內,2026-04-20T06:58:56Z,https://www.twitch.tv/yuzukiririna,https://static-cdn.jtvnw.net/previews-ttv/live_user_yuzukiririna-{width}x{height}.jpg
00d9cb7b0bcd451999f4fd33dd84be6c,live,【阿楓轟炸】4/20_嚴禁暴雷！我的女兒最可愛！｜留言「!限定」拚自主訂閱！還有「!生活費」滿額可以指定遊戲或開露手台,2026-04-20T07:00:39Z,https://www.twitch.tv/maple_1206,https://static-cdn.jtvnw.net/previews-ttv/live_user_maple_1206-{width}x{height}.jpg
00d9cb7b0bcd451999f4fd33dd84be6c,live,#5【人機迷網 Pragmata】夢想是一起去看大海【阿楓轟炸MapleBomb】#vtuber #台V,2026-04-20T07:00:43Z,https://www.youtube.com/watch?v=wWpncZPL4Tw,https://i.ytimg.com/vi/wWpncZPL4Tw/mqdefault_live.jpg
d613059b356d4cc9b1c3e998f32d1a5a,live,【4/20】大家好 不好也行,2026-04-20T07:00:57Z,https://www.twitch.tv/kuma7owo,https://static-cdn.jtvnw.net/previews-ttv/live_user_kuma7owo-{width}x{height}.jpg
80ae039e7c3e4e90b6b3994ead599307,live,今次可以打爆個仔啦掛。,2026-04-20T07:22:52Z,https://www.youtube.com/watch?v=Q8tUKooyfq8,https://i.ytimg.com/vi/Q8tUKooyfq8/mqdefault_live.jpg
04ca68439fd14d088c77eb0069e6414f,live,【Apex Legends】﹝4/20﹞ | 中/日ok | ღ 下午的暖手練習。準心好像還在休假中 🥱 / 午後のエイム練習。脳内はまだ休日モード【ようこ❤️‍🩹 / #個人勢Vtuber 】!dc !rules !twitter !指令 @YokoVtuberCh,2026-04-20T07:30:02Z,https://www.twitch.tv/yokovtuberch,https://static-cdn.jtvnw.net/previews-ttv/live_user_yokovtuberch-{width}x{height}.jpg
2ead897ab38c4530aeeb69a2f02da623,live,【歌回】今天心情挺好 可以唱一些嗨歌 #掛台歡迎 #初見歡迎｜東方大我ch. #vtype  #台v #vtuber  #來看看我,2026-04-20T07:31:56Z,https://www.youtube.com/watch?v=X9OVHVXMzso,https://i.ytimg.com/vi/X9OVHVXMzso/mqdefault_live.jpg
04ca68439fd14d088c77eb0069e6414f,live,【Apex Legends】下午的暖手練習。準心好像還在休假中 🥱 /　午後のエイム練習。脳内はまだ休日モード 🥱【ようこ❤️‍🩹 / #個人勢Vtuber】,2026-04-20T07:32:11Z,https://www.youtube.com/watch?v=YW-6K8CY6Qc,https://i.ytimg.com/vi/YW-6K8CY6Qc/mqdefault_live.jpg
70adcdf6f8a146089a4e724b14146efd,live,【#雜談】買了一個拼圖在拼但要直播不能拼了🐹🌻【咲鼠】#ReLiveProject #台v #初見歡迎,2026-04-20T07:33:37Z,https://www.youtube.com/watch?v=mGPLLnwff1o,https://i.ytimg.com/vi/mGPLLnwff1o/mqdefault_live.jpg
a000aa1d3ea7489c993277d33ab2457e,live,【04/20】當海盜時間~今天晚上有連動 @moondogs_celestial,2026-04-20T07:35:37Z,https://www.twitch.tv/moondogs_celestial,https://static-cdn.jtvnw.net/previews-ttv/live_user_moondogs_celestial-{width}x{height}.jpg
fa59e2edc64c432ebaeeb66b2a53ab2d,live,୨ৎ 4/20⊹✾下個月有機會5千追嗎~?✾等級2加強版!努力中~❁ @datura_cherish ❁!布丁 ₍^.  ̫ .^₎ ୭,2026-04-20T07:35:39Z,https://www.twitch.tv/datura_cherish,https://static-cdn.jtvnw.net/previews-ttv/live_user_datura_cherish-{width}x{height}.jpg
19234cc590224c45912a14487f756dc5,live,4/20【生日周邊預購中】吃個飯 晚點來唱唱歌│ ˶˙ᵕ˙˶ )꜆  !懶蛋a卡 !DC !口號 !RO,2026-04-20T07:54:17Z,https://www.twitch.tv/venomdianh,https://static-cdn.jtvnw.net/previews-ttv/live_user_venomdianh-{width}x{height}.jpg
e2c0d3ba19244f75888e5dbe1881d22f,live,04/20 換了四百塊耳機不知道毫不豪用 | 開放新泳裝贊助!!以及酷酷鼠標!!|  [ @chi4ttt ],2026-04-20T07:55:48Z,https://www.twitch.tv/chi4ttt,https://static-cdn.jtvnw.net/previews-ttv/live_user_chi4ttt-{width}x{height}.jpg
9d864d1af4e749f5a58171b06c070565,live,【伊登】開這什麼鳥時間 | !魔儲 |自主訂閱 | !周邊 !綠界 !影片點播 | !VPN   |參加OK|(0420),2026-04-20T07:58:34Z,https://www.twitch.tv/masteridun,https://static-cdn.jtvnw.net/previews-ttv/live_user_masteridun-{width}x{height}.jpg
a28e29c9e8ec4791a700cd2e30904534,live,【加班台】D-5 稍微工作一下後來玩Darkwood 聽說是另類的恐怖..?! 5讚+1分鐘/降落+10分鐘,2026-04-20T08:00:32Z,https://www.youtube.com/watch?v=zwDfm9NUeE8,https://i.ytimg.com/vi/zwDfm9NUeE8/mqdefault_live.jpg
6aefa292dc61441e98c787efb0067922,live,【0420工作】今天一定玩到遊戲♡有開影音抖內 | !指令 !工商 !手機殼 !抖內 !深度會員【羽芝扉扉 Uchi Fifi】,2026-04-20T08:02:02Z,https://www.twitch.tv/uchififi,https://static-cdn.jtvnw.net/previews-ttv/live_user_uchififi-{width}x{height}.jpg
691e8a5f258c4c17b70b6b489b0ad04d,live,【殺戮的天使】恐怖遊戲?是戀愛遊戲!! #2👻🌙｜迷夜夜YAYA｜VerseLink,2026-04-20T08:02:28Z,https://www.youtube.com/watch?v=LE3qz8hFEYY,https://i.ytimg.com/vi/LE3qz8hFEYY/mqdefault_live.jpg
3f3abaed158f420e84f9d1d5f4492b1d,live,【機械動力：航空學】小行星帶開了新的模組包，來飛向天空！ #Day.1,2026-04-20T08:06:06Z,https://www.twitch.tv/hyougetsu_kona,https://static-cdn.jtvnw.net/previews-ttv/live_user_hyougetsu_kona-{width}x{height}.jpg
3f3abaed158f420e84f9d1d5f4492b1d,live,【機械動力：航空學】小行星帶開了新的模組包，來飛向天空！ #Day.1,2026-04-20T08:07:51Z,https://www.youtube.com/watch?v=0Buz01F8h84,https://i.ytimg.com/vi/0Buz01F8h84/mqdefault_live.jpg
6a963053004f4deaa0dbdf875db41879,live,口口肉強勢回歸 /// 04/20,2026-04-20T08:12:08Z,https://www.twitch.tv/yamakage_haaru,https://static-cdn.jtvnw.net/previews-ttv/live_user_yamakage_haaru-{width}x{height}.jpg
accb26f2db2746e898b68ab07dd3c5bc,live,【VTuber薰雪珞】N.1907突發、「夜蘭生日快樂！」「逢歸的讖羽！逛逛空之神殿！」多平台遊戲：原神-空月之歌。,2026-04-20T08:12:26Z,https://www.youtube.com/watch?v=PVEDAU-VZrI,https://i.ytimg.com/vi/PVEDAU-VZrI/mqdefault_live.jpg
76a17ecab93c4c3db069c9a5d8d0ecf5,live,【茶米醬🍮】 04/20 再一個月就是520｜!布丁 !簽到,2026-04-20T08:15:46Z,https://www.twitch.tv/chiami911,https://static-cdn.jtvnw.net/previews-ttv/live_user_chiami911-{width}x{height}.jpg
dcc5b43448044231a3a8710d144b2602,live,【餐廳模擬】你準備好成為沙威瑪傳奇了嗎? | 沙威瑪傳奇 | 莉拉可的遊戲實況 | 2026.04.20 #vtuber #莉拉可 #台灣vtuber #沙威瑪傳奇 #shawarma,2026-04-20T08:16:52Z,https://www.youtube.com/watch?v=a5O62RiBJnE,https://i.ytimg.com/vi/a5O62RiBJnE/mqdefault_live.jpg
985e64cecc24401290c08cb7e2f4ef50,live,【嵐洛】4.20ver「請支援投餵」4月加強版目標，| @lan_lo | !咖啡 !伺服器 |,2026-04-20T08:22:22Z,https://www.twitch.tv/lan_lo,https://static-cdn.jtvnw.net/previews-ttv/live_user_lan_lo-{width}x{height}.jpg
a24116ba22c84747818b7be8cd8eb733,live,【0420】新的冒險，我們出發咯~ | EN OK | @evalorr | !yt !dc,2026-04-20T08:29:51Z,https://www.twitch.tv/evalorr,https://static-cdn.jtvnw.net/previews-ttv/live_user_evalorr-{width}x{height}.jpg
67d348e6690c43729cce031e70a26645,live,（※鏡頭注意）頂尖鏡頭角度大師 | 4/20,2026-04-20T08:31:18Z,https://www.twitch.tv/hakuzenyo,https://static-cdn.jtvnw.net/previews-ttv/live_user_hakuzenyo-{width}x{height}.jpg
57903e09a68f4997b7c4bc356cd5e64d,live,【女生最討厭的男生類型二選一】讓我考考你～😎 #初見歡迎 ｜福栗 Fukuri｜VerseLink,2026-04-20T08:59:55Z,https://www.youtube.com/watch?v=qLdhMCmoSso,https://i.ytimg.com/vi/qLdhMCmoSso/mqdefault_live.jpg
6dfe72bb90994dceb7b753908876307d,upcoming,煮🍳茄子加蛋．．．茄子蛋❓ #惑莉Desu #惑莉Desu,2026-04-20T09:00:00Z,https://www.youtube.com/watch?v=Ty-jfd4gUpw,https://i.ytimg.com/vi/Ty-jfd4gUpw/mqdefault_live.jpg
c06f5173a01c4c0db7a761957c02186d,upcoming,【抖內感謝】3月份支持者大感謝時間💖感謝完就是聊天跟一些告知、介紹事情！｜安妲‧菈帝絲 Anda_Ratis,2026-04-20T09:00:00Z,https://www.youtube.com/watch?v=9FkW8BX4IN4,https://i.ytimg.com/vi/9FkW8BX4IN4/mqdefault_live.jpg
36a96262405a4d4683db73d8403bf8b7,upcoming,讀墨親子馬拉松｜身為大人的我們，也可以在這個書單中找到樂趣！  #初見さん大歓迎,2026-04-20T09:00:00Z,https://www.youtube.com/watch?v=6dr-4ugm53U,https://i.ytimg.com/vi/6dr-4ugm53U/mqdefault_live.jpg
3d46fb16bc2c48fb8f12a647cf5ec702,upcoming,【犬神play - 兔兔秘密花園2】外面世界太苦，只有這裡是甜的！今晚讓兔女郎安慰狗勾我吧~うああああああああああ【犬神幽乃詩／芥川組】 #バニーガーデン #bunnygarden   #gaming,2026-04-20T09:00:00Z,https://www.youtube.com/watch?v=R2xkadJ6Gmg,https://i.ytimg.com/vi/R2xkadJ6Gmg/mqdefault_live.jpg
5a934764983e45959855735b79bcc90e,live,〖#焦流電台〗連續出門三天，運動量超大！｜🤖量產型猫飼步歌貳貳機🐱 Fuka22,2026-04-20T09:00:37Z,https://www.youtube.com/watch?v=43n3CdSr0Xs,https://i.ytimg.com/vi/43n3CdSr0Xs/mqdefault_live.jpg
163841e490b14b2583a799b3795021ad,live,【4/20 - Apex】歡迎大家來++ 排隊請打：!apex 新手Day3 我想說一邊玩一邊來決定一下~ 醉酒版apex的規則><!,2026-04-20T09:00:49Z,https://www.twitch.tv/mikadoera,https://static-cdn.jtvnw.net/previews-ttv/live_user_mikadoera-{width}x{height}.jpg
fe698ded3a6148808ca857c73ac7ee15,live,【陪你工作台】#401┊︎不中彩票只好開台! 拆開YC個榴槤!┊︎【魔女ルンナ】┊︎歡迎初見┊︎掛台┊︎閒聊┊︎廣東話/中文/日本語OK┊︎#hkvtuber #陪伴台 #vtuber,2026-04-20T09:00:57Z,https://www.youtube.com/watch?v=Fx0gVt6HY4w,https://i.ytimg.com/vi/Fx0gVt6HY4w/mqdefault_live.jpg
3681a0b4e4bd48888473b1884f6ee420,live,【女生最討厭的男生類型二選一】終於要來跟風做這個二選一ㄌ.......,2026-04-20T09:10:03Z,https://www.youtube.com/watch?v=Nvo4qslPiiM,https://i.ytimg.com/vi/Nvo4qslPiiM/mqdefault_live.jpg
6c7336d4605540c6871de5f96874129c,live,꣑୧  有人要打咆嘯嗎  ┇ @mibao1013,2026-04-20T09:15:32Z,https://www.twitch.tv/mibao1013,https://static-cdn.jtvnw.net/previews-ttv/live_user_mibao1013-{width}x{height}.jpg
99f6f80397b34d0b9a0cfd40f3801a35,live,【💜歌回】我看錯時間了 QAQ | @cocor0_0303 | !深度會員 !胖可盟 !新片 !cover !YT !魔儲,2026-04-20T09:23:22Z,https://www.twitch.tv/cocor0_0303,https://static-cdn.jtvnw.net/previews-ttv/live_user_cocor0_0303-{width}x{height}.jpg
99f6f80397b34d0b9a0cfd40f3801a35,live,【💜歌回】我看錯時間了 QAQ｜心 𝗰𝗼𝗰𝗼𝗿𝟬,2026-04-20T09:23:31Z,https://www.youtube.com/watch?v=9PMo-gTkHhE,https://i.ytimg.com/vi/9PMo-gTkHhE/mqdefault_live.jpg
d3f5c739727041bbb2151e96d9368bae,live,【月月】 第98次直播 先來聊天 八點半連動 有機會這個月破400追嗎?? |人設完成|自主追隨 |!dc  !點數 !排名 !簽到 !愛月月 !恨月月|(0420)  ft.很多人,2026-04-20T09:24:26Z,https://www.twitch.tv/yue_925,https://static-cdn.jtvnw.net/previews-ttv/live_user_yue_925-{width}x{height}.jpg
e897180feafa4f748c41f13306b6f379,live,【健身環】Pt.89 健身雜談 | 我又不是超級任務，不接尋人委託😩,2026-04-20T09:27:27Z,https://www.youtube.com/watch?v=I4sUpw_bHjE,https://i.ytimg.com/vi/I4sUpw_bHjE/mqdefault_live.jpg
4e5f0c7c5f1f49c2b1d249b10225cabb,live,【🐟瘋狗娛樂🐟劉小魚】HEY🩵 | !抽獎 活動進行中 | @test40228 !抽獎 !水餃 !計畫 !DC !指令,2026-04-20T09:28:00Z,https://www.twitch.tv/test40228,https://static-cdn.jtvnw.net/previews-ttv/live_user_test40228-{width}x{height}.jpg
673abaca34d047b49b11d50214a9a463,live,【歌雜】好多天沒唱歌啦，陪零練練沒唱過的歌曲吧！有想聽的歌也可以提出來唷 #歡迎降落 #歡迎初見 #雜談 #陪伴 #朔時零 #歌回 #Vtuber,2026-04-20T09:28:36Z,https://www.youtube.com/watch?v=VQNs11FIJa4,https://i.ytimg.com/vi/VQNs11FIJa4/mqdefault_live.jpg
c099b7e8d46c418d8e17097d496f3b83,live,【踢踢】4.20 |    《沉沒意志》 Part.5   ദ്ദി₍ᐢ .ᆺ. ᐢ₎🥕  耶比耶比  |  !幸運兔團 ✦耶比✦,2026-04-20T09:30:11Z,https://www.twitch.tv/ttspoon,https://static-cdn.jtvnw.net/previews-ttv/live_user_ttspoon-{width}x{height}.jpg
08a612f1ecf84b619a8899a5caed28c1,live,⭐限時突發⭐其實沒有什麼特別，過著努力生活的日子，偶爾有你點亮我的生活💖✨ ⟢ neruねる ⟣,2026-04-20T09:31:03Z,https://www.youtube.com/watch?v=ao1fBa9aXpI,https://i.ytimg.com/vi/ao1fBa9aXpI/mqdefault_live.jpg
9b33b75521bd43bca3346790ac65559c,live,⋆ 𝓓𝓮𝓪𝓻 ⋆ 4/20  💟 活著 好險沒蹦台  | 布丁販售 | 歡迎打招呼 |,2026-04-20T09:46:26Z,https://www.twitch.tv/mtow9140,https://static-cdn.jtvnw.net/previews-ttv/live_user_mtow9140-{width}x{height}.jpg
091175f48e6c4ead84a2811cb3f22560,live,【天氣雨】深夜聊天台 @amaki_ame_2486,2026-04-20T09:48:19Z,https://www.twitch.tv/amaki_ame_2486,https://static-cdn.jtvnw.net/previews-ttv/live_user_amaki_ame_2486-{width}x{height}.jpg
902740b39aed4b3cb381701c96a73f3a,live,【斯普拉遁3】4/20 應該~ 有一年半沒玩了吧?,2026-04-20T09:49:43Z,https://www.twitch.tv/smallbatouo,https://static-cdn.jtvnw.net/previews-ttv/live_user_smallbatouo-{width}x{height}.jpg
5b85294949544a5f8855715acadf66a5,live,【藍銫研究室三週年紀念】藍銫研究室首次凸待來啦!｜銫希恩Cesium☄️,2026-04-20T09:55:44Z,https://www.twitch.tv/cesium_cat,https://static-cdn.jtvnw.net/previews-ttv/live_user_cesium_cat-{width}x{height}.jpg
5b85294949544a5f8855715acadf66a5,live,【藍銫研究室三週年紀念】藍銫研究室首次凸待！！！｜銫希恩☄️,2026-04-20T09:55:53Z,https://www.youtube.com/watch?v=YeaXgUdnAvs,https://i.ytimg.com/vi/YeaXgUdnAvs/mqdefault_live.jpg
8ae0f370cf124faa953a09089a427fd9,live,《Parasocial》#1,2026-04-20T09:57:32Z,https://www.twitch.tv/koyoyo4444,https://static-cdn.jtvnw.net/previews-ttv/live_user_koyoyo4444-{width}x{height}.jpg
33ce96c886d341879ce66c4f7892c421,live,-w- 肝完了 生個裝等更新~ day3   日常閒聊 指令自已看底下~(根本沒人會看,2026-04-20T09:58:25Z,https://www.twitch.tv/neneko0324,https://static-cdn.jtvnw.net/previews-ttv/live_user_neneko0324-{width}x{height}.jpg
c25e6f38d6df447e84c4747ba6ac75cc,upcoming,【 遊戲｜蝕之境 】這不是夢，是無法醒來的世界😈🖤【 安特羅迦Entrovia 】,2026-04-20T10:00:00Z,https://www.youtube.com/watch?v=jLNddOdU6Z8,https://i.ytimg.com/vi/jLNddOdU6Z8/mqdefault_live.jpg
f53807443055490f87b85ded6caee0aa,upcoming,【哥布林戀愛學院 上課囉】4/20 你不是單身! 是你太會挑💥 主播理想型大公開✨現代人的戀愛困境 ft. @Topa1120.channel  | 可樂月月 ColaMoon,2026-04-20T10:00:00Z,https://www.youtube.com/watch?v=aTZqvPBbae0,https://i.ytimg.com/vi/aTZqvPBbae0/mqdefault_live.jpg
902740b39aed4b3cb381701c96a73f3a,upcoming,【斯普拉遁3】4/20 應該~ 有一年半沒玩了吧?,2026-04-20T10:00:00Z,https://www.youtube.com/watch?v=YLGAOY2no4w,https://i.ytimg.com/vi/YLGAOY2no4w/mqdefault_live.jpg
8ae0f370cf124faa953a09089a427fd9,upcoming,《Parasocial》#1,2026-04-20T10:00:00Z,https://www.youtube.com/watch?v=GZLXjH7E_jY,https://i.ytimg.com/vi/GZLXjH7E_jY/mqdefault_live.jpg
4fd17e8877024633876c5d85bc81e56b,upcoming,現正圖奇直播中，找不到阿光的可以點置頂留言的連結【Hikari光】 #台V #vtuber,2026-04-20T10:00:00Z,https://www.youtube.com/watch?v=aYDBhhRdCz0,https://i.ytimg.com/vi/aYDBhhRdCz0/mqdefault_live.jpg
b4bf821f6a6a440996f4fd9cddaf250b,live,【歌回】我把你婆關地下室了，哈哈,2026-04-20T10:00:09Z,https://www.youtube.com/watch?v=8pZ90up71x8,https://i.ytimg.com/vi/8pZ90up71x8/mqdefault_live.jpg
de7f8ba1753d4e4cb95e6ac99007eacc,live,〖KARAOKE〗R&B 歌回｜來愜意的聽歌吧.ᐟ.ᐟ #歌枠 #歡迎降落,2026-04-20T10:00:32Z,https://www.youtube.com/watch?v=Tiwrv3dEZ1M,https://i.ytimg.com/vi/Tiwrv3dEZ1M/mqdefault_live.jpg
e63fd2ead17a4b57b256fcd55fe83b0e,live,【FINAL FANTASY XIV】忙一個忘記開台,2026-04-20T10:04:34Z,https://www.twitch.tv/reibe0415,https://static-cdn.jtvnw.net/previews-ttv/live_user_reibe0415-{width}x{height}.jpg
e63fd2ead17a4b57b256fcd55fe83b0e,live,【FINAL FANTASY XIV】忙一個忘記開台,2026-04-20T10:04:59Z,https://www.youtube.com/watch?v=bj99EUQCVI0,https://i.ytimg.com/vi/bj99EUQCVI0/mqdefault_live.jpg
9a7b047b85ae4227af74a0e200c3abc9,live,【三玄庫崎】帶著女兒去散步~ ✿✿  /ᐠ｡ꞈ｡ᐟ\   ft:   @session_cookie,2026-04-20T10:06:32Z,https://www.twitch.tv/session_cookie,https://static-cdn.jtvnw.net/previews-ttv/live_user_session_cookie-{width}x{height}.jpg
c4fafcb15c694ad5ab88d1948d401e54,live,【村正琥珀】我女兒真的很可愛啦 二周目開跑 PS5-PRAGMATA 人機迷網 #vtuber #遊戲實況 #遊戲  #男v #台v  #台灣vtuber #pragmata #人機迷網,2026-04-20T10:12:12Z,https://www.twitch.tv/muramasa_kohaku,https://static-cdn.jtvnw.net/previews-ttv/live_user_muramasa_kohaku-{width}x{height}.jpg
868a7d0a1ef94befa5205a21fb65d7d5,live,(՞•Ꙫ•՞) 0420 ♡ 消失人以上限 3X3 OH痛苦 ♡ | 歡迎揪團 掛台 | @mioka_ouo,2026-04-20T10:15:12Z,https://www.twitch.tv/mioka_ouo,https://static-cdn.jtvnw.net/previews-ttv/live_user_mioka_ouo-{width}x{height}.jpg
22f16847ee064b1bafd9bbe15bd31284,live,【布鈴】單排爬鑽石坐牢局 Day6 🎀🍮｜欸配上鑽後開歌回ପ(´๑•ω•๑`)ଓ｜2026.04.20｜ @nemupurin,2026-04-20T10:16:37Z,https://www.twitch.tv/nemupurin,https://static-cdn.jtvnw.net/previews-ttv/live_user_nemupurin-{width}x{height}.jpg
13c69e2cf2ff4dc1907bbae9a87a8c0f,live,42o▸拚勾勾得思｜唱 晚點看要不要R｜可以點歌 但不會唱會跳過 快拚到勾勾了 幫我！ ૮ .  ̫ . ა !z1｜看台裝7TV @yanyantuuwu,2026-04-20T10:19:04Z,https://www.twitch.tv/yanyantuuwu,https://static-cdn.jtvnw.net/previews-ttv/live_user_yanyantuuwu-{width}x{height}.jpg
defbc693cb874182807b768593439616,live,【4/20】【歌札】上一次開台好像還是上次(灬ºωº灬) !歌單 @izzackeyzz 建議佩戴耳機,2026-04-20T10:29:21Z,https://www.twitch.tv/izzackeyzz,https://static-cdn.jtvnw.net/previews-ttv/live_user_izzackeyzz-{width}x{height}.jpg
95eabea4e8014fedb5d34ea27137a4ca,upcoming,【艾爾登法環ELDEN RING】卡圖不要緊　重點是有你們在【369💧九九】,2026-04-20T10:30:00Z,https://www.youtube.com/watch?v=HenlbCtdabU,https://i.ytimg.com/vi/HenlbCtdabU/mqdefault_live.jpg
7a160bd129144664804dd3fc08fceeb1,live,[兔森]  加班第61天~  | @usamori | #世界樹計畫,2026-04-20T10:44:47Z,https://www.twitch.tv/usamori,https://static-cdn.jtvnw.net/previews-ttv/live_user_usamori-{width}x{height}.jpg
7c06b9e316ce4ac18ce836cd72442bbe,live,【VRC】好耶有VR頭盔可以玩了！【浠Mizuki Game】 !sl、!周邊、!dc、!斗內、!YT、!推特、!點歌、!新歌、!募集、!IG,2026-04-20T10:47:53Z,https://www.twitch.tv/mizukimilk723,https://static-cdn.jtvnw.net/previews-ttv/live_user_mizukimilk723-{width}x{height}.jpg
05d19eac5d22427f916e6fa59bf17b3b,live,【4/20】19:30 R6聯動 !場次 !通販,2026-04-20T10:50:46Z,https://www.twitch.tv/orangecat331,https://static-cdn.jtvnw.net/previews-ttv/live_user_orangecat331-{width}x{height}.jpg
f84598913e654789a80556fd38388dfb,live,【野熊】4/20 月開型組波,2026-04-20T10:51:13Z,https://www.twitch.tv/bearwb,https://static-cdn.jtvnw.net/previews-ttv/live_user_bearwb-{width}x{height}.jpg
7cbd1f537c3d4e67b38b9f9e31cb93d6,live,⿻⁎· 0420◞ 今日目標練完一首歌  ⦙⦙⦙自主訂閱告急⦙⦙⦙   !周年!周邊!DC!斗內!YT!指令 ⦙⦙⦙,2026-04-20T10:52:34Z,https://www.twitch.tv/nank404,https://static-cdn.jtvnw.net/previews-ttv/live_user_nank404-{width}x{height}.jpg
3b7dac5e2bdb4c08a139e18ef7f6f7e5,live,繼續打LOL啦!!  @asahina_yuuto   新指令:!簽到 !補簽 !查簽 !簽排 !愛奈寶 !週年 !打 !要抱抱 !淺草籤 !抽卡,2026-04-20T10:53:06Z,https://www.twitch.tv/asahina_yuuto,https://static-cdn.jtvnw.net/previews-ttv/live_user_asahina_yuuto-{width}x{height}.jpg
96be1e561acd4a75817c6424d9d4f9f0,live,【🌙開了沙雕本來玩🌙｜04/20 !魔儲 !7TV  !拉 !簽到 !賭 | 聊天歡迎,2026-04-20T10:53:13Z,https://www.twitch.tv/hirum0405,https://static-cdn.jtvnw.net/previews-ttv/live_user_hirum0405-{width}x{height}.jpg
7c18bc597298484c8f2925759fc1ac4a,upcoming,🔴隨心唱歌台🎶YOUTUBE推邊首唱邊首【牙羽 HKVTuber】,2026-04-20T11:00:00Z,https://www.youtube.com/watch?v=Dl6ygsQFk8U,https://i.ytimg.com/vi/Dl6ygsQFk8U/mqdefault_live.jpg
1937fa889b474d339713d1117f435018,upcoming,【天堂:經典服-水蛇】日常晚上台~  #Lineage #ncsoft  #水蛇 #天堂 #vtuber,2026-04-20T11:00:00Z,https://www.youtube.com/watch?v=0RzG9oMagpo,https://i.ytimg.com/vi/0RzG9oMagpo/mqdefault_live.jpg
c321746bebe740cb98625ca4cf6fb9a7,upcoming,🍓親簽拍立得🪽4月親簽拍立得✨加碼隱藏福利🩷【莓果花夕 berihanayu Ch.】,2026-04-20T11:00:00Z,https://www.youtube.com/watch?v=FcGuaoqESWw,https://i.ytimg.com/vi/FcGuaoqESWw/mqdefault_live.jpg
73b97b1a35c84579aa8ffcd6534efad3,upcoming,【跛牢鳥】請V朋朋來當一日看護？！ 🔆天使與妹魔同時出現，今天真是快樂草日子呀！  ft. 角蓮、納希斯,2026-04-20T11:00:00Z,https://www.youtube.com/watch?v=7J0aEwJov58,https://i.ytimg.com/vi/7J0aEwJov58/mqdefault_live.jpg
eabec2cff9fb48cdb79965d77a56f47d,upcoming,🌾LIVE   04.20  —【 稻禾 こめさく】米粒精靈 VTuber｜終於要回坑了（？）830姊在呼喚我了！走我們去打球龜龜當球！#wutheringwaves #live,2026-04-20T11:00:00Z,https://www.youtube.com/watch?v=oRJL5Gzs1xo,https://i.ytimg.com/vi/oRJL5Gzs1xo/mqdefault_live.jpg
5f12df329c6144e1a6c596f4fbcb9e81,upcoming,天氣漸漸熱起來仍不開冷氣的日本主播！用字幕君證明台湾老師教得很標準（大概）| 虎子播新聞#133,2026-04-20T11:00:00Z,https://www.youtube.com/watch?v=5QhjqhfZGoU,https://i.ytimg.com/vi/5QhjqhfZGoU/mqdefault_live.jpg
02168475e7ca4234b57d53f495bf3bbc,upcoming,【重甲姬】PRAGMATA 人機迷網#1 爸爸模擬器~,2026-04-20T11:00:00Z,https://www.youtube.com/watch?v=7aw7tK1wBJY,https://i.ytimg.com/vi/7aw7tK1wBJY/mqdefault_live.jpg
02f5258d29b046bc9f597c9baac014bf,live,【珮蕾pele. 】8點跟丁義、幻月、偷米玩恐怖遊戲,2026-04-20T11:00:09Z,https://www.twitch.tv/p1lepe1el1,https://static-cdn.jtvnw.net/previews-ttv/live_user_p1lepe1el1-{width}x{height}.jpg
15b52ca3f3b5410cb2bb305d2bb737c4,live,不知不覺兩年了,2026-04-20T11:01:19Z,https://www.twitch.tv/papaya1278,https://static-cdn.jtvnw.net/previews-ttv/live_user_papaya1278-{width}x{height}.jpg
9ca368e73d514656ade48dc946f55956,live,【TSMATCH火柴】20260420｜忍不住了，我也要捏!!!!,2026-04-20T11:02:12Z,https://www.twitch.tv/tsmatch96,https://static-cdn.jtvnw.net/previews-ttv/live_user_tsmatch96-{width}x{height}.jpg
1937fa889b474d339713d1117f435018,live,【天堂:經典服-水蛇】日常晚上台~  #Lineage #ncsoft  #水蛇 #天堂 #vtuber,2026-04-20T11:03:14Z,https://www.twitch.tv/vt_alisa,https://static-cdn.jtvnw.net/previews-ttv/live_user_vt_alisa-{width}x{height}.jpg
95694a64c0fe4b5c987344f1edcec826,live,« ◌̌Chat » 剪個片☁️剪完看看要玩什麼｜!歌單 !布丁｜拚紫勾勾｜初見歡迎/同遊歡迎,2026-04-20T11:04:18Z,https://www.twitch.tv/mendydrowsy,https://static-cdn.jtvnw.net/previews-ttv/live_user_mendydrowsy-{width}x{height}.jpg
310862830fb648b78cca7e581e2622a7,live,♦ 2026.04.20 ♦ 好熱的一天!等等繼續當太空保母｜ @ayaakahane ｜ !自主訂閱 !小奇點【赤羽亞矢】,2026-04-20T11:05:25Z,https://www.twitch.tv/ayaakahane,https://static-cdn.jtvnw.net/previews-ttv/live_user_ayaakahane-{width}x{height}.jpg
f110fd69b66941bab04de9ada563c6ac,live,4/20 卡普空又再騙人生女兒｜🥟#AOI 交易邀請－#新味園手工水餃🥟查看至頂連結！,2026-04-20T11:08:22Z,https://www.twitch.tv/aoihinamori,https://static-cdn.jtvnw.net/previews-ttv/live_user_aoihinamori-{width}x{height}.jpg
9a7b7c9c31da44aca5a68395a2e69488,live,h,2026-04-20T11:11:04Z,https://www.twitch.tv/trombeningen,https://static-cdn.jtvnw.net/previews-ttv/live_user_trombeningen-{width}x{height}.jpg
68820304b6164959806479d6c9dad127,upcoming,各位我們有機會再也無法見面了...,2026-04-20T11:30:00Z,https://www.youtube.com/watch?v=0hQv9vkmF-Q,https://i.ytimg.com/vi/0hQv9vkmF-Q/mqdefault_live.jpg
3a8f78d98fd344cb9d32358e5c96eace,upcoming,【重大告知】三天後...芭芭需要你們騎士大人們!!救救我....🖤 | 菈媞耶.阿芭芭  #初見安安,2026-04-20T11:30:00Z,https://www.youtube.com/watch?v=me560u3sty4,https://i.ytimg.com/vi/me560u3sty4/mqdefault_live.jpg
5862e8e7c5fd4261af093cec20b40300,upcoming,【晚安】成功突發✧ | Fufuno諾兒  #初見歡迎 #新人vtuber,2026-04-20T11:45:00Z,https://www.youtube.com/watch?v=444tm-w1JO4,https://i.ytimg.com/vi/444tm-w1JO4/mqdefault_live.jpg
f58318cdd690482c9d19fb68bca374a4,upcoming,【募資加班 #2】來還坐牢遊戲的債...歡迎斗內轉加班轉盤！規則請看資訊欄的精美網頁💙【塔塔栗🌰Tatari】,2026-04-20T12:00:00Z,https://www.youtube.com/watch?v=sHKBoFWz6Gc,https://i.ytimg.com/vi/sHKBoFWz6Gc/mqdefault_live.jpg
5de329cf8bc5410fb40ef38d117be94d,upcoming,【歸宿之國 1】我們繼續來玩~ #冬鈴 #歸宿之國,2026-04-20T12:00:00Z,https://www.youtube.com/watch?v=TlooQBRtlmw,https://i.ytimg.com/vi/TlooQBRtlmw/mqdefault_live.jpg
a168211aa3dd451cb33e09b80df0ea0a,upcoming,"【人機迷惘 PRAGMATA】收集女兒玩具,推劇情! #2｜神崎アルファ",2026-04-20T12:00:00Z,https://www.youtube.com/watch?v=QBrw83PyL88,https://i.ytimg.com/vi/QBrw83PyL88/mqdefault_live.jpg
161544bf51864b2bad46cdd769bee278,upcoming,【活俠傳PART.2】目標小師妹！！EP.07 #新人Vtuber #初見歡迎  #降落歡迎 #燒開LIVE,2026-04-20T12:00:00Z,https://www.youtube.com/watch?v=OBumXaS4RTg,https://i.ytimg.com/vi/OBumXaS4RTg/mqdefault_live.jpg
2c05340bb152419ebe0bd3fb6a78da80,upcoming,【學力測驗!?】這次都是上課不會教的題目feat. 海綿寶寶、  MyGO、  AveMujica的迷因們【鹿島神春日／芥川組】@KashimagamiHaruhi,2026-04-20T12:00:00Z,https://www.youtube.com/watch?v=RJnTT-3L1Cs,https://i.ytimg.com/vi/RJnTT-3L1Cs/mqdefault_live.jpg
6166fbac685941a6acf389460de44943,upcoming,【Pokémon→Pokopia】不會再把蔓藤怪叫成瑪瑙水母了🍎,2026-04-20T12:00:00Z,https://www.youtube.com/watch?v=MenRn4jBxck,https://i.ytimg.com/vi/MenRn4jBxck/mqdefault_live.jpg
07553f6f3df84c3396508456ccbe7df2,upcoming,【工作雜談】🩷睡飽就會製作本週封面🖤 【天奈莓璐 | AmanaMeiru】#初見歡迎 #降落歡迎,2026-04-20T12:00:00Z,https://www.youtube.com/watch?v=ITdUvs1oU2o,https://i.ytimg.com/vi/ITdUvs1oU2o/mqdefault_live.jpg
911d3403c8e84dc3b0c4a2f6017698b6,upcoming,【龍龍週年】你還記得我回家的這一天嗎? 嘎吼~【蕾蒂希婭 Letizia】,2026-04-20T12:00:00Z,https://www.youtube.com/watch?v=vTmBNORrkHM,https://i.ytimg.com/vi/vTmBNORrkHM/mqdefault_live.jpg
05be4fb717614738a87daac46157ddb1,upcoming,《懷舊動畫》殘酷二選一！爺～真相只有一個嗎？我要告訴媽！一定是煙捲搞的鬼！ #藥師寺丹,2026-04-20T12:00:00Z,https://www.youtube.com/watch?v=gvk1ip0xlB4,https://i.ytimg.com/vi/gvk1ip0xlB4/mqdefault_live.jpg
e73e2554e6754cadb0b836bb1fcfdaf7,upcoming,【遊戲直播】瑞瓦肖城是個很真實的地方｜《極樂迪斯可 - 最终剪辑版》EP 2,2026-04-20T12:00:00Z,https://www.youtube.com/watch?v=XEcLR2lxkAg,https://i.ytimg.com/vi/XEcLR2lxkAg/mqdefault_live.jpg
f9444f6d790344a4a51a301110665229,upcoming,中毒了《殺戮尖塔2》【ଘ* 貓妮亞 手殘蠢卯 *ଓ】#殺戮尖塔2 #觀眾場 #遊戲  #貓妮亞,2026-04-20T12:00:00Z,https://www.youtube.com/watch?v=cwaMEkeJjac,https://i.ytimg.com/vi/cwaMEkeJjac/mqdefault_live.jpg
c72226925ba94855b9fcc88fc2a25acc,upcoming,「雜談」如果你能自由選擇自己的性別你會選擇 ？【綽貓喵 /HKVtuber】,2026-04-20T12:00:00Z,https://www.youtube.com/watch?v=JHl8ELmqo_c,https://i.ytimg.com/vi/JHl8ELmqo_c/mqdefault_live.jpg
eb38f509e8464ba19ba8579e0b99e262,upcoming,［縱型配信］又到週一了！！ 來聊天！！【月村 徊/ Tsukimura Modoru】#台v #縱型配信 #降落歡迎,2026-04-20T12:00:00Z,https://www.youtube.com/watch?v=wSJg2mnZ-Vs,https://i.ytimg.com/vi/wSJg2mnZ-Vs/mqdefault_live.jpg
5da1b6db7796434f9180d2f5e210ea6c,upcoming,【雜談】好喜歡這種精神狀態，太有才了【花陸万宵Mayo・Vtuber】,2026-04-20T12:00:00Z,https://www.youtube.com/watch?v=CV_o2SrAk20,https://i.ytimg.com/vi/CV_o2SrAk20/mqdefault_live.jpg
21c774c9133043baaf8d283705cd9093,upcoming,【繪圖雜談】日常畫畫聊天 ❰冥蝶Myndis.❱ #0元出道vtuber #初見歡迎 #個人勢vtuber #台v #蝶豆畫,2026-04-20T12:00:00Z,https://www.youtube.com/watch?v=wwsk1OrcWWw,https://i.ytimg.com/vi/wwsk1OrcWWw/mqdefault_live.jpg
68820304b6164959806479d6c9dad127,upcoming,【脆海觀察室】來練我的破英文💔來學點台式英文！#初見歓迎｜希沫洛佩｜VerseLink,2026-04-20T12:00:00Z,https://www.youtube.com/watch?v=Tumx-fjUfWw,https://i.ytimg.com/vi/Tumx-fjUfWw/mqdefault_live.jpg
44f1d1ad14034bd3949ad6f84624f0e4,upcoming,〖#pragmata 〗ɶ 女鵝我來拉💙｜ ʚ 嘻希呦 ShiKi nozomi ɞ,2026-04-20T12:00:00Z,https://www.youtube.com/watch?v=3yhyzKAmGfM,https://i.ytimg.com/vi/3yhyzKAmGfM/mqdefault_live.jpg
9a7b7c9c31da44aca5a68395a2e69488,upcoming,【無声透明Vtuber】バニーガーデン2 #3  【バ美肉、バ美声不使用】,2026-04-20T12:00:00Z,https://www.youtube.com/watch?v=TeBPnKWrzr4,https://i.ytimg.com/vi/TeBPnKWrzr4/mqdefault_live.jpg
75ddc749133b4c498eb35ceac1e2a0b2,upcoming,【#每週雜談】你最喜歡的角色個性是？現實中遇到誰絕對會避開？ #初見歡迎【紫茗ZiMing】,2026-04-20T12:00:00Z,https://www.youtube.com/watch?v=VYFoxwZMMCw,https://i.ytimg.com/vi/VYFoxwZMMCw/mqdefault_live.jpg
bdaa84ad3c7841d6a9ec8774ed9d40a9,upcoming,TRPG雜談｜聊聊關於團務中的信任與安全  feat.周默 #初見歡迎｜🍮魔法布丁罐,2026-04-20T12:00:00Z,https://www.youtube.com/watch?v=LBGqLkY-QT4,https://i.ytimg.com/vi/LBGqLkY-QT4/mqdefault_live.jpg
532b143e82d6452fac9a18d1d025a2af,upcoming,【#明日方舟終末地】初見⚡聽說是拉電線遊戲？✨✨【BillCh / 碧兒Ch】,2026-04-20T12:00:00Z,https://www.youtube.com/watch?v=V6qFk4wx2QU,https://i.ytimg.com/vi/V6qFk4wx2QU/mqdefault_live.jpg
fec8644970684cffbbae8dd37a52d59c,upcoming,"❄️ 【#공부하는오리유키】一起學新東西ෆ 한국어 연습 중｜Faker님, 기다려 주세요!",2026-04-20T12:00:00Z,https://www.youtube.com/watch?v=eMHSiW2GCNQ,https://i.ytimg.com/vi/eMHSiW2GCNQ/mqdefault_live.jpg
757f1b20f7bd459ebd8949da907dceea,upcoming,【雜談】會員開通4年啦今天讓大家看我新委託的可愛聊天室【稻荷七櫻Nao】,2026-04-20T12:00:00Z,https://www.youtube.com/watch?v=wnG9lAjGc0s,https://i.ytimg.com/vi/wnG9lAjGc0s/mqdefault_live.jpg
07c204505d544b28bb52426d0665a59c,upcoming,【#遊戲】天月麻雀!!觀眾場!!歡迎打飛主播!!【幽櫻雪梓SakuraYukizusa】 #vtuber  #貨真價食 #天月麻雀,2026-04-20T12:00:00Z,https://www.youtube.com/watch?v=Fa4Zt-nSV-8,https://i.ytimg.com/vi/Fa4Zt-nSV-8/mqdefault_live.jpg
2656bc44436c45cca3e94e43a9a49c2d,upcoming,【瑞迪Ray】差一場就白金啦(o゜▽゜)o☆【鬥陣特工】積分坐牢Day45,2026-04-20T12:00:00Z,https://www.youtube.com/watch?v=HWENfDJvjdw,https://i.ytimg.com/vi/HWENfDJvjdw/mqdefault_live.jpg
db1c4d81f03f4b04aca36b8b5b2b9c62,upcoming,【觀眾場】暴躁精靈讓你起飛 吸乾你的魂🥵 { 雀魂麻將 } 輕鬆娛樂場！ #DONTUWATCH｜DONT U冬優奈奈,2026-04-20T12:00:00Z,https://www.youtube.com/watch?v=LwTiZ-8WB7g,https://i.ytimg.com/vi/LwTiZ-8WB7g/mqdefault_live.jpg
0715c3b900ad423fa1b981cf4fc15c8f,upcoming,《遊戲》打牌拉~車門鎖死~跳車禁止!!初見桑歡迎~~,2026-04-20T12:00:00Z,https://www.youtube.com/watch?v=d5fNAAIP9dY,https://i.ytimg.com/vi/d5fNAAIP9dY/mqdefault_live.jpg
07f20f05bef0432e8644e1bee798ef46,upcoming,🥀 今天大家就會知道我其實很難搞，臭高冷傲嬌女一枚｜討厭男女生行為二選一💬｜【Asche】,2026-04-20T12:00:00Z,https://www.youtube.com/watch?v=nDVXN-5bTaQ,https://i.ytimg.com/vi/nDVXN-5bTaQ/mqdefault_live.jpg
446d4bc526a4477eb6a72ae186e9d538,upcoming,【 #asmr】只有我們兩個人的深夜...妳聽得到我的心跳聲嗎？♡ 【囁き声/耳ふー/両耳吐息/Ear Massage/Relaxing】 #3dio ＃vtuber #台v,2026-04-20T12:00:00Z,https://www.youtube.com/watch?v=CXAq7r2et6o,https://i.ytimg.com/vi/CXAq7r2et6o/mqdefault_live.jpg
6f9d63518a69442a88ac602a3b37bf18,upcoming,【Action！開波囉】水母界史上最大工程，波波要來創屬於自己的字體了！應該...沒問題吧？！｜海月波波,2026-04-20T12:00:00Z,https://www.youtube.com/watch?v=Sj6cUWHEpZ8,https://i.ytimg.com/vi/Sj6cUWHEpZ8/mqdefault_live.jpg
f0b85b56d1d84085aca5ab7f592bd7da,upcoming,成人童話世界 - 星ノ海琉璃【Original Music Video】,2026-04-20T12:00:00Z,https://www.youtube.com/watch?v=aOp2DD1r-E4,https://i.ytimg.com/vi/aOp2DD1r-E4/mqdefault.jpg
f0b85b56d1d84085aca5ab7f592bd7da,upcoming,【原創曲】夢回學生時期國文課 琉璃老師親自講解原創曲歌詞【賞析】 #歡迎初見 #歡迎掛台 #歡迎降落,2026-04-20T12:05:00Z,https://www.youtube.com/watch?v=WgHASXWo3Tc,https://i.ytimg.com/vi/WgHASXWo3Tc/mqdefault_live.jpg
2e58c53f72f144dbad853ca8630dab19,upcoming,【 #蛸宮實驗中 】請跟我說聲實習加油或看著我哄我自己。【蛸宮綿子】,2026-04-20T12:30:00Z,https://www.youtube.com/watch?v=VcyDIRUIvWc,https://i.ytimg.com/vi/VcyDIRUIvWc/mqdefault_live.jpg
b1cb513e2511484cabbac00140b4a95c,upcoming,【NeSh1二刷元宵合唱】希望這次不會再斷線 \|/｜詩瑠 Shizuru,2026-04-20T12:30:00Z,https://www.youtube.com/watch?v=7aCWWXDmCk8,https://i.ytimg.com/vi/7aCWWXDmCk8/mqdefault_live.jpg
28e0e0a574fe4deca3d5ded0aa5d64ef,upcoming,【元宵三寶合唱上訴】阿怎麼還在元宵節？這次拜託要唱完！　 Feat.NeSh1｜莫爾Belmoru,2026-04-20T12:30:00Z,https://www.youtube.com/watch?v=DVrvLnp_vp8,https://i.ytimg.com/vi/DVrvLnp_vp8/mqdefault_live.jpg
d26893447610406da66ee14abfbd5868,upcoming,【劇場觀察雜談】2026 EP06 《軍伕．太陽米帝爾》、《沒有派對》、《恍恍》、豪華朗機工《最後一問》,2026-04-20T12:30:00Z,https://www.youtube.com/watch?v=0O-jNz2WVnk,https://i.ytimg.com/vi/0O-jNz2WVnk/mqdefault_live.jpg
6a9a7c7dc3f94605b5f619e9fbcfa33d,upcoming,【轉盤酒雜】用骰子一決勝負、不醉不歸 ♥ 現在開始你們才是挑戰者 ♥｜拉斐利婭Laphria,2026-04-20T12:30:00Z,https://www.youtube.com/watch?v=tljtmhR7JrM,https://i.ytimg.com/vi/tljtmhR7JrM/mqdefault_live.jpg
2d84a02e592d4a92893b7cc36af95a26,upcoming,【直播導向－在莫爾的頻道】元宵上訴！終於要來好好唱歌了嗎！希望網路乖一點不要斷掉｜ ft.NeSh1｜妮亞露Nyaru,2026-04-20T12:30:00Z,https://www.youtube.com/watch?v=ggzPn0lma9k,https://i.ytimg.com/vi/ggzPn0lma9k/mqdefault_live.jpg
02dadd7977b8412b99f101241de4cb3f,upcoming,【天國降臨：救贖||】在中世紀求生存囉～ #14,2026-04-20T12:30:00Z,https://www.youtube.com/watch?v=gAM2OFjs4ZE,https://i.ytimg.com/vi/gAM2OFjs4ZE/mqdefault_live.jpg
2d9ef8be75c34daf9ce9d17ecbbe0f7a,upcoming,◖人機迷惘◗帶女鵝逛月球 #初見歡迎 #降落歡迎 #Vtuber #奶茶當水喝🍼,2026-04-20T12:30:00Z,https://www.youtube.com/watch?v=A-ikSBdZHXI,https://i.ytimg.com/vi/A-ikSBdZHXI/mqdefault_live.jpg
1fdc000815cc476dbc9d19aa431305b5,upcoming,【一茶一繪】新朋朋降臨！是個交友怪物！？【亞菲忒 Aphitita】ft.祈音,2026-04-20T12:30:00Z,https://www.youtube.com/watch?v=NJqxrjASfD8,https://i.ytimg.com/vi/NJqxrjASfD8/mqdefault_live.jpg
80b6efc8007f4f6d84ce2f93862ae319,upcoming,"[Vtuber李亭襄] 口說為帝皇，實則搜庫房！戰鎚40K：行商浪人(Warhammer 40,000: Rogue Trader) #5 職業：刀鋒舞者 難度：冒險 進度：探索小萊卡德，前往總督府",2026-04-20T12:30:00Z,https://www.youtube.com/watch?v=u5jDlFcxWzk,https://i.ytimg.com/vi/u5jDlFcxWzk/mqdefault_live.jpg
49196eec11454f589d4d6e52f1b1bbe8,upcoming,【直播】【雜談】最討厭的女生行為二選一！！我光看到選項就要過敏了！！！【菜姬】,2026-04-20T12:30:00Z,https://www.youtube.com/watch?v=hSIrcQUxoyM,https://i.ytimg.com/vi/hSIrcQUxoyM/mqdefault_live.jpg
8309d31b418642db83f0cf56b38fc9ad,upcoming,【零～濡鴉之巫女～】極．真．時空疾風閃光連段．完結式MKII．改 #8｜狸野梨 Rieri,2026-04-20T12:30:00Z,https://www.youtube.com/watch?v=wPl_rSqNI1U,https://i.ytimg.com/vi/wPl_rSqNI1U/mqdefault_live.jpg
def76c5c31fe4466b5ae6e6940ae6e58,upcoming,▶遊戲直播◁ 兔兔秘密花園2🐰 傲嬌說明書真有效好感大UP 準備跟英理紗約會💜【NAGISA凪砂 / HKVtuber】,2026-04-20T12:30:00Z,https://www.youtube.com/watch?v=hU8giM25pAc,https://i.ytimg.com/vi/hU8giM25pAc/mqdefault_live.jpg
a725f6babc5f44779d7389886c6cd7b7,upcoming,【雜談】嘰嘰喳喳  【＃VTuber/＃夜羽結伊子】,2026-04-20T12:30:00Z,https://www.youtube.com/watch?v=BgYd2PYTWdE,https://i.ytimg.com/vi/BgYd2PYTWdE/mqdefault_live.jpg
c03997835cc943fe81a441c571d733d0,upcoming,【遊戲】Lies of P ｜老無尾熊又來年齡檢定了!?【白給☆】#完全初見 #初見歡迎 #01 #LiesOfP #P的謊言,2026-04-20T12:30:00Z,https://www.youtube.com/watch?v=bxVntjCRxHA,https://i.ytimg.com/vi/bxVntjCRxHA/mqdefault_live.jpg
3bc6afb820df4f59b2c6ff1c25d1eed3,upcoming,🌹【進擊羔羊傳說】 要成為我的教徒嗎~#25 2026-04-20【香港Vtuber】,2026-04-20T12:30:15Z,https://www.youtube.com/watch?v=JpPd0CXddMk,https://i.ytimg.com/vi/JpPd0CXddMk/mqdefault_live.jpg
3dd8c72cab6d494dbd6fbf0a0e3dc41a,upcoming,【Bloodborne 血源詛咒】廢材獵人！  // リンコ パン Rinko Pan #個人勢vtuber,2026-04-20T13:00:00Z,https://www.youtube.com/watch?v=--vb8mpkIec,https://i.ytimg.com/vi/--vb8mpkIec/mqdefault_live.jpg
8195d69546e3466c95f9d35ccb7c6c35,upcoming,【雜談】在人間N年的漫畫收藏大公開【紫羅傘雨夜／芥川組】,2026-04-20T13:00:00Z,https://www.youtube.com/watch?v=BzhAePNS8Ws,https://i.ytimg.com/vi/BzhAePNS8Ws/mqdefault_live.jpg
7298d2db845840d7ab462c7628967f4e,upcoming,【星期一幸飯+ # 137】好似有生日goods賣【香港VTuber/榎川幸】,2026-04-20T13:00:00Z,https://www.youtube.com/watch?v=EAymXKUQe3s,https://i.ytimg.com/vi/EAymXKUQe3s/mqdefault_live.jpg
d90f173970a742d3ade6f4159c785d1e,upcoming,【雜談】觀眾不該做的事？一起學習如何當個好觀眾！【墨染遊羽 Sumizomeyuu】#台灣vtuber #初見歡迎 #降落歡迎,2026-04-20T13:00:00Z,https://www.youtube.com/watch?v=9Lwtm5lEszI,https://i.ytimg.com/vi/9Lwtm5lEszI/mqdefault_live.jpg
a2ee4a74f9ca40f5b6218de51736b9c8,upcoming,【獸耳紅茶館 Day 4】跟妹妹一起歡度的聖誕節🎄,2026-04-20T13:00:00Z,https://www.youtube.com/watch?v=HC2agqVvjII,https://i.ytimg.com/vi/HC2agqVvjII/mqdefault_live.jpg
fa2a2255fa7d4aa7b5b54dea5dd2b1c4,upcoming,「聯動遊戲直播」Splatoon 3 找數聯動台 - 久違冇開game既遊戲「荒木今泉_HKVtuber」,2026-04-20T13:00:00Z,https://www.youtube.com/watch?v=8GYsIJou2XY,https://i.ytimg.com/vi/8GYsIJou2XY/mqdefault_live.jpg
87e1b5eec62040118b6bd49efbe5d61c,upcoming,【浣安夜貓】道別與分離,2026-04-20T13:00:00Z,https://www.youtube.com/watch?v=-mGZjRvtiCM,https://i.ytimg.com/vi/-mGZjRvtiCM/mqdefault_live.jpg
c485c46db92a4cda909347804da07153,upcoming,【#歌雜】🌸春日歌回🌸雖然台灣根本就沒有春天......🥵🥵 #歌回 #雜談 #新人vtuber #台V #初見歡迎,2026-04-20T13:00:00Z,https://www.youtube.com/watch?v=M9Oohoc0OcM,https://i.ytimg.com/vi/M9Oohoc0OcM/mqdefault_live.jpg
2885972c2d0943e6b697bdc5e72c1d4a,upcoming,【日籍台V】日本人妻收益化兩週年✨大家的最愛大公開💖   #初見歡迎  #降落歡迎 #vtuber #烈芝麻,2026-04-20T13:00:00Z,https://www.youtube.com/watch?v=xlrJy06CMM0,https://i.ytimg.com/vi/xlrJy06CMM0/mqdefault_live.jpg
9de74d9cd68f481396a3dbd76d529a24,upcoming,【你的羊在聽你說話】台V不是一種品質，是一個環境。為什麼大家都說台V圈很亂？  | 煦 Teru #初見歡迎 #歡迎降落,2026-04-20T13:00:00Z,https://www.youtube.com/watch?v=7ATBAV0Zxqo,https://i.ytimg.com/vi/7ATBAV0Zxqo/mqdefault_live.jpg
81699719ffc04e4e92bb3207ab8a7a83,upcoming,【#彈唱歌回】⚡️最後的晚餐之最後的周一歌回⚡️| NEON逆恩🚦#降落歡迎 #初見安安,2026-04-20T13:00:00Z,https://www.youtube.com/watch?v=_qaPWjjVJoI,https://i.ytimg.com/vi/_qaPWjjVJoI/mqdefault_live.jpg
d8b0b4e36c614d328620461a295572a1,upcoming,【#深V電台】#59  深V電台59 朋友/家人被批評了，你會怎麼做？【Podcast】【Vtuber-Podcast】【男性Vtuber】【記得戴耳機】#VtuberPodcast #墨寒 #江詩,2026-04-20T13:00:00Z,https://www.youtube.com/watch?v=OSsA29R6n3c,https://i.ytimg.com/vi/OSsA29R6n3c/mqdefault_live.jpg
bc7d14416ba24cc8819f0753e1f595f5,upcoming,New 3.0 Model Debut Stream【 新形象披露目】✨,2026-04-20T13:00:00Z,https://www.youtube.com/watch?v=StOd6BNd5lA,https://i.ytimg.com/vi/StOd6BNd5lA/mqdefault_live.jpg
118c05e7f751446abee5fc827fda0215,upcoming,[PRAGMATA] 所以幕後黑手係邊個？【獅子山 Rio】,2026-04-20T13:00:00Z,https://www.youtube.com/watch?v=EFBFXa16KoU,https://i.ytimg.com/vi/EFBFXa16KoU/mqdefault_live.jpg
004e635d5d494045a810b2d026e769c7,upcoming,🃏🀄🎴暗蜜刻魔！！觀眾教學場！！【直播馬拉松--遊戲王 Master Duel】,2026-04-20T13:00:00Z,https://www.youtube.com/watch?v=XczI_EZfF-c,https://i.ytimg.com/vi/XczI_EZfF-c/mqdefault_live.jpg
d837e8fda137492c9d77882b98ff863a,upcoming,【台語咖歌回】半年沒唱台語歌、會有進步嗎！？今天不會被咖光的對吧...？✧  真理果Marika,2026-04-20T13:00:00Z,https://www.youtube.com/watch?v=lCo0N9T23fs,https://i.ytimg.com/vi/lCo0N9T23fs/mqdefault_live.jpg
8020c505099f474ca81da3023926485f,upcoming,【🧑🏻‍🚀#人機迷網┆#PRAGMATA📡#3】終於向通信塔進發了～能聯絡到休叔叔地球的伙伴嗎？【蒂亞拉 ✦ 白昼夢ティアラ／DayDream Tiara】,2026-04-20T13:00:00Z,https://www.youtube.com/watch?v=JeKYsAwp6Fo,https://i.ytimg.com/vi/JeKYsAwp6Fo/mqdefault_live.jpg
f81d4ef6f2f54e0c8c6d12a09e1fa5c7,upcoming,【工作台】手手注意!黛工剪紙中~這次來玩文字接龍!! ☆史黛娜Stena★ #vtuber,2026-04-20T13:00:00Z,https://www.youtube.com/watch?v=z5r7YgV4u4M,https://i.ytimg.com/vi/z5r7YgV4u4M/mqdefault_live.jpg
fbced2373c5a48f6abee998296f20617,upcoming,【#遊戲 】房仲變成房務人員，我會嚇到瘋掉｜芙樂兒🍭MojoyLive 二期生,2026-04-20T13:00:00Z,https://www.youtube.com/watch?v=TLGWrjXG-L4,https://i.ytimg.com/vi/TLGWrjXG-L4/mqdefault_live.jpg
9f975d473431409190e397bdc946d5b0,upcoming,【 遊戲 ▹ 朋友收集夢想生活 】哇哇捏了好多好多麻吉！麻吉快來看！૮ ᴖﻌᴖა 🩵#Vtuber #馬來西亞vtuber #初見歡迎 #降落歡迎,2026-04-20T13:00:00Z,https://www.youtube.com/watch?v=o86BRZM8znw,https://i.ytimg.com/vi/o86BRZM8znw/mqdefault_live.jpg
aa1bb853e814428eb663082b28309309,upcoming,【遊戲】寶可夢傳說Z-A｜把任務解完💛想要趕快拿到閃耀護符！！ #楔在進行式 #初見歡迎 #歡迎降落,2026-04-20T13:00:00Z,https://www.youtube.com/watch?v=lWGIh2ZnA1Y,https://i.ytimg.com/vi/lWGIh2ZnA1Y/mqdefault_live.jpg
93a4d479e67242d58d3ff80307d3bc84,upcoming,比文博還好買！夢幻市集✨「 眼球先決 」朝聖歸來！讓我們邊聊邊畫圖 | 晚安繪雜🌙 | 月藏藏 moonku #初見歡迎,2026-04-20T13:00:00Z,https://www.youtube.com/watch?v=TrK-xEo8q0o,https://i.ytimg.com/vi/TrK-xEo8q0o/mqdefault_live.jpg
70b86c53cafa43b49e2782fe4e4bbd6c,upcoming,【#新聞久一點 】04.14-04.20 當尼專屬的新聞好朋友！國內國際大小事都在這🎭💙尼貝爾 Nibel ニーベル #初見歡迎 #降落歡迎,2026-04-20T13:00:00Z,https://www.youtube.com/watch?v=Q2Vjrsf8lro,https://i.ytimg.com/vi/Q2Vjrsf8lro/mqdefault_live.jpg
0fbdfcc1b9cf41fdb840cf2f546d9324,upcoming,《告別回憶 双想 Break out of my shell》EP.2,2026-04-20T13:00:00Z,https://www.youtube.com/watch?v=z1z6TBUtFQI,https://i.ytimg.com/vi/z1z6TBUtFQI/mqdefault_live.jpg
a39733d216994010b34bf5033be01589,upcoming,【你好珂播】聊聊V圈最公開的秘密：流量焦慮！真的能在數字壓力下生存嗎？｜珂賽特Cosette #初見歓迎,2026-04-20T13:00:00Z,https://www.youtube.com/watch?v=7nXpoZKx_kM,https://i.ytimg.com/vi/7nXpoZKx_kM/mqdefault_live.jpg
09b6598d6d604e9397eebff166c69e92,upcoming,【明日方舟：終末地】又更新了？？？我頭頂的草還沒長夠啊｜ #初見歡迎 #降落歡迎 ｜ #澪時飯送 #白澪飯糰 #飯糰 #明日方舟:終末地 #arknightsendfield,2026-04-20T13:00:00Z,https://www.youtube.com/watch?v=WXal3HIeT3M,https://i.ytimg.com/vi/WXal3HIeT3M/mqdefault_live.jpg
93bad1d4b0c54c8781e3775d13a62c38,upcoming,蛤!!【本週大事件】,2026-04-20T13:15:00Z,https://www.youtube.com/watch?v=odDIrV07KQY,https://i.ytimg.com/vi/odDIrV07KQY/mqdefault_live.jpg
6abc6d7010ed4b7a88b2566b171c9005,upcoming,【墨色閒談】甚麼叫SBTI測出來是裝死者  #墨生 #初見歡迎 #歡迎降落,2026-04-20T13:30:00Z,https://www.youtube.com/watch?v=udHI43xVbSU,https://i.ytimg.com/vi/udHI43xVbSU/mqdefault_live.jpg
31c7fada1ab24cbd83ab4ae698955a29,upcoming,【歌回】銀河特急好好看！喜歡！【木木日葉維】,2026-04-20T13:30:00Z,https://www.youtube.com/watch?v=qT9cg5otwzw,https://i.ytimg.com/vi/qT9cg5otwzw/mqdefault_live.jpg
55be1972142c44799f83ce3db4f14fbd,upcoming,【yuzzmi系期中考】開書考試嘞！一年兩度的有獎問答活動 聽說有機會拿到主播親筆手寫信？！ | 有・柚実yuzzmi,2026-04-20T13:30:00Z,https://www.youtube.com/watch?v=6hY-wE_jNUw,https://i.ytimg.com/vi/6hY-wE_jNUw/mqdefault_live.jpg
7c0acdc8fe2449deb487cbb827b51723,upcoming,【手手台】禮物開箱！來看大家茶會送的禮物！V Maid Cafe【紀伊透 Kii Tooru | 馬來西亞Vtuber】,2026-04-20T13:30:00Z,https://www.youtube.com/watch?v=eGw2sap6Z7Q,https://i.ytimg.com/vi/eGw2sap6Z7Q/mqdefault_live.jpg
72edc688855047cbbbe495e3f2af9fda,upcoming,【2周年記念】感謝大家的支持✨在一起2年了，準備開始我們的第3年💖  #2周年記念   #雜談 #台灣vtuber,2026-04-20T13:30:00Z,https://www.youtube.com/watch?v=qAY18e2Zv2U,https://i.ytimg.com/vi/qAY18e2Zv2U/mqdefault_live.jpg
0641a9c8b9a94994aaa33e0c86fef75b,upcoming,【表單投稿】房間鑑賞會！ #台灣Vtuber #庫洛姆,2026-04-20T14:00:00Z,https://www.youtube.com/watch?v=xhQqe-O393s,https://i.ytimg.com/vi/xhQqe-O393s/mqdefault_live.jpg
7c6c40e2c7b64a6997fb2173f446860f,upcoming,【遊戲】聽~鬼叫的聲音~ my voice zoo【哀別·骼雷夫 - Aibelz Grave -】,2026-04-20T14:00:00Z,https://www.youtube.com/watch?v=hizN_AF2bW4,https://i.ytimg.com/vi/hizN_AF2bW4/mqdefault_live.jpg
5b996b6eca90491cb8e1a43de23b2388,upcoming,【愛的貼貼】📸開鏡福利📸來證明你多愛我，讓我貼滿你刺激黏黏的愛｜坎妮絲,2026-04-20T14:00:00Z,https://www.youtube.com/watch?v=nw0xbGDwGcQ,https://i.ytimg.com/vi/nw0xbGDwGcQ/mqdefault_live.jpg
fceadce7c37f4cc08bc747aa79c3cf9e,upcoming,【#包貨日常｜#雜談 】三周年終於可以完成出貨LA~~ #中文vtuber  #vtuber,2026-04-20T14:00:00Z,https://www.youtube.com/watch?v=c5w7Kud9uao,https://i.ytimg.com/vi/c5w7Kud9uao/mqdefault_live.jpg
7c5232b16a1d44498677ed33e72bd8c6,upcoming,【#phasmophobia】恐遊馬拉松day19！我抓鬼？確定不是鬼抓我嗎？ft. 赤星雨英、貓屋敷百壹、鹿島神春日、小鵺野紗音｜醍醐御梨花 Daigo Orika,2026-04-20T14:00:00Z,https://www.youtube.com/watch?v=V80CzNfoIbg,https://i.ytimg.com/vi/V80CzNfoIbg/mqdefault_live.jpg
226eb1e34c924ae2914d960039905d08,upcoming,【連動】又是迷魅狩獵啦！今天也找了新舊朋友來連動！歡迎聊天掛網！｜迷魅狩獵｜#夏醬 #NaLive #初見歡迎 #降落歡迎,2026-04-20T14:00:00Z,https://www.youtube.com/watch?v=_FsGCuFEoNE,https://i.ytimg.com/vi/_FsGCuFEoNE/mqdefault_live.jpg
9b424d3a99ef4fc3b17bc7fef92fefd3,upcoming,【雜談】馬來西亞決定16嵗孩子玩游戲或者社交媒體都要嚴格身份驗證！,2026-04-20T14:00:00Z,https://www.youtube.com/watch?v=Lg8YsAQatlU,https://i.ytimg.com/vi/Lg8YsAQatlU/mqdefault_live.jpg
81699719ffc04e4e92bb3207ab8a7a83,upcoming,哪裡都是你 / cover  @Neonnn0414 【逆恩Neon】,2026-04-20T14:00:00Z,https://www.youtube.com/watch?v=PAKqi5oLCvg,https://i.ytimg.com/vi/PAKqi5oLCvg/mqdefault.jpg
b174714646ea40e28ce32affabe3e93e,upcoming,【恐怖遊戲】看ORI尖叫✨️挑戰極限 ｜惡靈古堡9- Resident Evil Requiem｜CAPCOM ｜ 我不敢玩🤪我看別人玩！！！#ORI央央教 #O莉莉皆辛苦｜ORI 央莉,2026-04-20T14:00:00Z,https://www.youtube.com/watch?v=95X32bZh2mM,https://i.ytimg.com/vi/95X32bZh2mM/mqdefault_live.jpg
6c3a22611ac24eb19cec3bd7c78a8705,upcoming,【MHWilds】隨便打打 歡迎參加,2026-04-20T14:00:00Z,https://www.youtube.com/watch?v=De6qNErzQMo,https://i.ytimg.com/vi/De6qNErzQMo/mqdefault_live.jpg
265a18972d244affae35711cfd1f9931,upcoming,主題雜談：最令人討厭的Vtuber行徑二選一🤔 套女皮騷擾女V？欠錢不還？【MiroLive/塔芭絲可】,2026-04-20T14:00:00Z,https://www.youtube.com/watch?v=hGzS-PnseO0,https://i.ytimg.com/vi/hGzS-PnseO0/mqdefault_live.jpg
026bdd139df44cec930dd7fc76345184,upcoming,【 迷魅狩獵連動 】分不清楚誰是誰 先打再說 打不過逃不了就加入  feat.牙白 夏醬 裘裘 提娜莉斯 苅秧 希綠 #降落歡迎 #初見歡迎 #新人vtuber,2026-04-20T14:00:00Z,https://www.youtube.com/watch?v=88o7d0WBDbE,https://i.ytimg.com/vi/88o7d0WBDbE/mqdefault_live.jpg
823311ac8226476e8d1e323f536bf8b1,upcoming,本大人居然要出聯名外套了【空条千子/Relive/千尋大人】,2026-04-20T14:00:00Z,https://www.youtube.com/watch?v=1v4ki9EkzTU,https://i.ytimg.com/vi/1v4ki9EkzTU/mqdefault_live.jpg
a9f1edc233804d4b90a9996219a3b14b,upcoming,【#雜談】周伊社畜概論 | 好藍的星期一 大家工作都辛苦了 #初見歓迎【伊諾/Ino】,2026-04-20T14:00:00Z,https://www.youtube.com/watch?v=tXcYtjXYk-E,https://i.ytimg.com/vi/tXcYtjXYk-E/mqdefault_live.jpg
14b8fa0f43664c31a5d634b20f9112d9,upcoming,【雜談臺】快要可以買新鍋子了!新的一週來聊聊  #歡迎降落 #雜談,2026-04-20T14:00:00Z,https://www.youtube.com/watch?v=AFRXb4JGF3o,https://i.ytimg.com/vi/AFRXb4JGF3o/mqdefault_live.jpg
ebc44e2ba78f4790b832d02c31410262,upcoming,【歡呼】420開台吃草🎉大家都沾什麼醬？ 🎀魔法少女花咲🎀,2026-04-20T14:00:00Z,https://www.youtube.com/watch?v=c7wg5DBvy8w,https://i.ytimg.com/vi/c7wg5DBvy8w/mqdefault_live.jpg
f13832094d8b40fbb95d07732aa3c3c7,upcoming,【遊戲台】90公分｜今天陪貓貓玩恐遊！啊不是啊我進度條不是還沒到嗎？？？？【小鵺野紗音／芥川組】ft.鹿島神春日、貓屋敷百壹、醍醐御梨花、赤星雨英,2026-04-20T14:00:00Z,https://www.youtube.com/watch?v=uNNw_zaqOA0,https://i.ytimg.com/vi/uNNw_zaqOA0/mqdefault_live.jpg
05317bcbe5f243abb85618d2669bd0d7,upcoming,【雜談、音樂】水瓶罐子看，Lalune萊露琳Replay，lofi/助眠/音樂。Aquarius Girl，lofi/sleep/music,2026-04-20T14:00:00Z,https://www.youtube.com/watch?v=ruPLEwfWPh0,https://i.ytimg.com/vi/ruPLEwfWPh0/mqdefault_live.jpg
20f0e269ce554a00920de0444bc22aaf,upcoming,終於回家了 #初見歡迎 #舒芙Suki #台灣vtuber #新人vtuber,2026-04-20T14:00:00Z,https://www.youtube.com/watch?v=oTR3t7jZsAo,https://i.ytimg.com/vi/oTR3t7jZsAo/mqdefault_live.jpg
247eca886f5c43188a3d6d3945e40636,upcoming,【迷魅狩獵】雖然第一次見...但...一定沒問題吧?...#新人VTUBER #台V #魔王會長休息中,2026-04-20T14:00:00Z,https://www.youtube.com/watch?v=vmxXugjY4uA,https://i.ytimg.com/vi/vmxXugjY4uA/mqdefault_live.jpg
43e557d175ce462b97c4c406954d8c04,upcoming,🎄【🧑🏻‍🍳Plate Up!】蠢阿橋剛剛才知道原來雪糕可以自動化 \ 初見歡迎！/【⭐一隻阿橋 | 粵語 | HKVtuber🐿️】【20.04.2026】🎄,2026-04-20T14:00:00Z,https://www.youtube.com/watch?v=DedjwUC13cY,https://i.ytimg.com/vi/DedjwUC13cY/mqdefault_live.jpg
512e1f38a37942cc8b7cb8aed597a810,upcoming,【日絡而眠】四月忙忙 陪你安穩的入睡吧🐻💤｜#歡迎降落 #初見歓迎 【#絡綺Rouki】,2026-04-20T14:00:00Z,https://www.youtube.com/watch?v=4R5QLQLPKzs,https://i.ytimg.com/vi/4R5QLQLPKzs/mqdefault_live.jpg
44af52f7f6aa487e850b3d261947205b,upcoming,【遊戲】恐鬼症負責尖叫擔當ft. @KashimagamiHaruhi  @KonuenoSane  @Orika_Daigo  @Akahoshi_Mizore 【貓屋敷百壹／芥川組】,2026-04-20T14:15:00Z,https://www.youtube.com/watch?v=qc23iHHNuO8,https://i.ytimg.com/vi/qc23iHHNuO8/mqdefault_live.jpg
a27f33f32dd2414c8c6843f8783a32f0,upcoming,【配信紀念一個月】嘿一個月快樂啦先跟你說聲生日快樂【青璃セイリ】,2026-04-20T14:30:00Z,https://www.youtube.com/watch?v=nXySX1I3sro,https://i.ytimg.com/vi/nXySX1I3sro/mqdefault_live.jpg
43acb25e255340d09b50283f0308d1ff,upcoming,【#Warframe】▶遊戲雜談?◀ 想整新武器先發現冇哂素材 QAQ 20/4｜戰甲神兵｜ #初見歡迎 #港V #vtuber,2026-04-20T14:30:00Z,https://www.youtube.com/watch?v=nzjfnGPRmPg,https://i.ytimg.com/vi/nzjfnGPRmPg/mqdefault_live.jpg
96ff628d2280470b833174c32200a749,upcoming,【雀魂/冰斗盃日麻聯賽 #1】第一戰開打啦~~(※五分延遲)【艾爾法．戴蒙/Alfa Daimon】,2026-04-20T14:30:00Z,https://www.youtube.com/watch?v=d0VspIqTAlE,https://i.ytimg.com/vi/d0VspIqTAlE/mqdefault_live.jpg
365db081229a4efeb4630f19587a96b2,upcoming,【ASMR】🔴 深入耳道的黏膩舔舐，讓你徹底淪陷🔴 DEPTH 99 ｜ #魅夢ASMR,2026-04-20T14:45:43Z,https://www.youtube.com/watch?v=5WnlNeOlpeA,https://i.ytimg.com/vi/5WnlNeOlpeA/mqdefault_live.jpg
d5fdf5fc55d14476908e416e6d43c121,upcoming,【深夜哄睡】腦海中掛念的心事，卻讓你整晚失眠了嗎？過來，我陪你聊一會兒再睡吧❄️雜談／雑談／Free Talking ／Just Chatting【雪之下織雪／芥川組】,2026-04-20T15:00:00Z,https://www.youtube.com/watch?v=MaUGnaRMpMk,https://i.ytimg.com/vi/MaUGnaRMpMk/mqdefault_live.jpg
96ff628d2280470b833174c32200a749,upcoming,【崩壞：星穹鐵道 #38】跟著風寶一起行動，見證她完成天空的儀式【艾爾法．戴蒙/Alfa Daimon】,2026-04-20T16:00:00Z,https://www.youtube.com/watch?v=96NuZpuW1zE,https://i.ytimg.com/vi/96NuZpuW1zE/mqdefault_live.jpg
a5f7302f9f1a4fcdb2471c4bc52a05fb,upcoming,健身拳擊｜#29 運動運動運動運動【玖璐】,2026-04-21T01:30:00Z,https://www.youtube.com/watch?v=FQxwBEGFkC0,https://i.ytimg.com/vi/FQxwBEGFkC0/mqdefault_live.jpg
b606cde735d84b45ab96489d7a9997dd,upcoming,【 #天月麻將 】 來打麻麻  全新幻裝 神崎奏-翠林精靈 柊木梓-喚星靈姬 等你來拿【邦生多葛】2026/04/21,2026-04-21T02:00:00Z,https://www.youtube.com/watch?v=UPMuYoJnIXk,https://i.ytimg.com/vi/UPMuYoJnIXk/mqdefault_live.jpg
2af83bdd7db644d88ffdaf123c38619b,upcoming,【早晨雜談】今天的休假日是天亮的打招呼時間，初見大大大歡迎❤️｜羽空もも,2026-04-21T02:00:00Z,https://www.youtube.com/watch?v=9PgnWpXS_nQ,https://i.ytimg.com/vi/9PgnWpXS_nQ/mqdefault_live.jpg
fbced2373c5a48f6abee998296f20617,upcoming,【#歌雜】中午用歌聲陪你們度過｜芙樂兒🍭MojoyLive 二期生,2026-04-21T03:00:00Z,https://www.youtube.com/watch?v=qC151LUXjQ0,https://i.ytimg.com/vi/qC151LUXjQ0/mqdefault_live.jpg
8774553046cb47a9b5165c15feb01e84,upcoming,🫰【#午餐台💫】新鮮玫瑰要入菜??今天亂煮系列💎#中之露出 💧⌇ パパ 𖥻 帕比咪帕比波 ♡ #地獄料理,2026-04-21T04:00:00Z,https://www.youtube.com/watch?v=jG_M_4hbKNU,https://i.ytimg.com/vi/jG_M_4hbKNU/mqdefault_live.jpg
2f0a0ee6478c45ae8af28953b4c370be,upcoming,朋友收集✦自稱高顏質小島！！捏角精修每一天｛愉快販｝#初見歡迎,2026-04-21T05:00:00Z,https://www.youtube.com/watch?v=4FtXrZFKK5U,https://i.ytimg.com/vi/4FtXrZFKK5U/mqdefault_live.jpg
08d8f03223a54fb3807d49fb7c30b434,upcoming,【】都市傳說解體中心【】誰在搞鬼?躲在床底的男人究竟是人?是鬼?【】雪月Yuzuki【】,2026-04-21T05:00:00Z,https://www.youtube.com/watch?v=kL9J6EJ7F-o,https://i.ytimg.com/vi/kL9J6EJ7F-o/mqdefault_live.jpg
788611c913b04d999011628637657bee,upcoming,這個日子好像有點...眼熟.....？？  △ 米婭,2026-04-21T05:00:00Z,https://www.youtube.com/watch?v=TJE-_4A-oF0,https://i.ytimg.com/vi/TJE-_4A-oF0/mqdefault_live.jpg
afb80b53c4a543e28eb165f036bc8e4f,upcoming,【雜談】終於來到最後一週的直播了！│【喬伊 Joey 】,2026-04-21T05:30:00Z,https://www.youtube.com/watch?v=_qte_4FXE0I,https://i.ytimg.com/vi/_qte_4FXE0I/mqdefault_live.jpg
8f0b41303e8a481689fe4309a565ecd3,upcoming,[ 還債工作台 ] ✨  #初見歡迎 💙,2026-04-21T06:00:00Z,https://www.youtube.com/watch?v=KAISR6tyUvs,https://i.ytimg.com/vi/KAISR6tyUvs/mqdefault_live.jpg
edf9e466820347828b0d2d10e5e9bb72,upcoming,【天月麻雀】 悠閒觀眾場！[星月櫻奈],2026-04-21T06:30:00Z,https://www.youtube.com/watch?v=Z_wB0ROPn9M,https://i.ytimg.com/vi/Z_wB0ROPn9M/mqdefault_live.jpg
43e557d175ce462b97c4c406954d8c04,upcoming,🎄【👥Tomodachi Life】松鼠樂園愛情滿滿? \ 初見、揪團歡迎！/【⭐一隻阿橋 | 粵語 | HKVtuber🐿️】【21.04.2026】🎄,2026-04-21T07:00:00Z,https://www.youtube.com/watch?v=5XZUWQ42LMc,https://i.ytimg.com/vi/5XZUWQ42LMc/mqdefault_live.jpg
3d46fb16bc2c48fb8f12a647cf5ec702,upcoming,【惡靈古堡馬拉松 - Resident Evil 0】完全初見~惡靈古堡的起點，被美好畫質寵壞的狗勾能適應嗎【犬神幽乃詩／芥川組】 #biohazard  #residentevil  #gaming,2026-04-21T09:00:00Z,https://www.youtube.com/watch?v=u9oTIidtxkU,https://i.ytimg.com/vi/u9oTIidtxkU/mqdefault_live.jpg
1c304e8690e2400d9482f1173f59ad70,upcoming,【Dead By Daylight】新手入坑 血月結束 今天來練隱鬼！最後有觀衆自定場【猫崎ライミ/貓崎萊米】#初見歡迎 #新人vtuber #台灣vtuber,2026-04-21T09:00:00Z,https://www.youtube.com/watch?v=FYUoEWwVURA,https://i.ytimg.com/vi/FYUoEWwVURA/mqdefault_live.jpg
d475848a566848dc9f6ad02707d87e2a,upcoming,【伊勢人魚物語】ParanormaSight新作！【HKVTuber/Ding】,2026-04-21T09:00:00Z,https://www.youtube.com/watch?v=dFJ4JtztAmQ,https://i.ytimg.com/vi/dFJ4JtztAmQ/mqdefault_live.jpg
f53807443055490f87b85ded6caee0aa,upcoming,【🏮日本旅遊 #京都 】4/21 淀水路河津櫻大爆開🌸長德寺早櫻🌷鴨川🦆京都御苑+梅園🌺 | 可樂月月 ColaMoon,2026-04-21T10:00:00Z,https://www.youtube.com/watch?v=OTJX8g6BMUE,https://i.ytimg.com/vi/OTJX8g6BMUE/mqdefault_live.jpg
6cd8cdc530d14e2d9d0a9cd20cb6b05c,upcoming,【歐洲卡車模擬2  #07】今天挑戰疲勞駕駛 （喂）《Nanashi Yuki》#魚兒魚兒水中游,2026-04-21T10:30:00Z,https://www.youtube.com/watch?v=T1IsYtyiAfs,https://i.ytimg.com/vi/T1IsYtyiAfs/mqdefault_live.jpg
ca8d038d311e4cccb2deded15cee89cd,upcoming,「星海合作」練一下大主教的聖堂四足輪椅(20260421),2026-04-21T11:00:00Z,https://www.youtube.com/watch?v=XTYDHP-Hk4E,https://i.ytimg.com/vi/XTYDHP-Hk4E/mqdefault_live.jpg
5f12df329c6144e1a6c596f4fbcb9e81,upcoming,【戀愛偵探】活超過500年的神明來為人民解惑愛情問題（一律建議分手） #1 l 初見歡迎 中日英ok l #vtuber  【Torakolive】,2026-04-21T11:00:00Z,https://www.youtube.com/watch?v=ONToJtwuoZg,https://i.ytimg.com/vi/ONToJtwuoZg/mqdefault_live.jpg
139f3f1818a2420aa35d5471adaf1a73,upcoming,🐰【空洞騎士：絲綢之歌🐛】#9 你是忘記了還是害怕想起來……是要過了沒QAQ 準備再來耳膜爆破了嗎？Hollow Knight: Silksong【愛庫娃ErosEkwa】,2026-04-21T11:30:00Z,https://www.youtube.com/watch?v=Mu95exE0faw,https://i.ytimg.com/vi/Mu95exE0faw/mqdefault_live.jpg
b516b71a9e8d43b8a377dabe1f9057dd,upcoming,【 #天月麻雀 #AmatsukiMahjong 】麻將館開張 🍶 邊打牌邊閒聊～台麻日麻觀眾場/ᐠ - ˕ -マ Ⳋ,2026-04-21T11:30:00Z,https://www.youtube.com/watch?v=UgMHFfgmbng,https://i.ytimg.com/vi/UgMHFfgmbng/mqdefault_live.jpg
a168211aa3dd451cb33e09b80df0ea0a,upcoming,【人機迷惘 PRAGMATA】繼續推進 #3｜神崎アルファ,2026-04-21T12:00:00Z,https://www.youtube.com/watch?v=xxFYT6R2W-s,https://i.ytimg.com/vi/xxFYT6R2W-s/mqdefault_live.jpg
36a96262405a4d4683db73d8403bf8b7,upcoming,霸道總宅盲目約會｜男公關是不是都溫柔體貼脾氣又好？ ft. 安戈洛 @Englar-AxTris   EP08,2026-04-21T12:00:00Z,https://www.youtube.com/watch?v=mbd_7EsFu2g,https://i.ytimg.com/vi/mbd_7EsFu2g/mqdefault_live.jpg
6166fbac685941a6acf389460de44943,upcoming,【這位子形不形？】我不要你覺得，我要我覺得🍎,2026-04-21T12:00:00Z,https://www.youtube.com/watch?v=p1YURaEhLPg,https://i.ytimg.com/vi/p1YURaEhLPg/mqdefault_live.jpg
3e6a09fe4ef744f987e27ae0f06cdf09,upcoming,【特企】人魚女僕點唱機🎵第二彈 | 知花Chika,2026-04-21T12:00:00Z,https://www.youtube.com/watch?v=XUMvUgjUchc,https://i.ytimg.com/vi/XUMvUgjUchc/mqdefault_live.jpg
a2e67b720e754c16bd739bcf9a95e396,upcoming,【週日歌回Singing Stream】不是每一段路都有人同行 但你一直沒有離開 ✦ #初見歡迎 #降落歡迎 | 琉依RUI,2026-04-21T12:00:00Z,https://www.youtube.com/watch?v=sBalI8uOyQo,https://i.ytimg.com/vi/sBalI8uOyQo/mqdefault_live.jpg
f1bcb26adebc4b95abd8fb779dfc4f6f,upcoming,《繪圖工作臺》來還債啦!恭喜斗內中獎，來和焙可一起完成屬於你的手機桌布吧！☀柯琳焙可 #初見歡迎 #降落歡迎,2026-04-21T12:00:00Z,https://www.youtube.com/watch?v=Wb3SK8KAbrA,https://i.ytimg.com/vi/Wb3SK8KAbrA/mqdefault_live.jpg
09600daf1956476190642d1be738e945,upcoming,【貝貓抓到蟲】🪲🐞你說昆蟲不是動物是什麼意思！？全部給我回去重修生物課🪲🐞｜貝芮納．尤格里斯｜VerseLink,2026-04-21T12:00:00Z,https://www.youtube.com/watch?v=Lzva47nbcOE,https://i.ytimg.com/vi/Lzva47nbcOE/mqdefault_live.jpg
788611c913b04d999011628637657bee,upcoming,惡靈古堡2 🎮 里昂肚子痛要去看醫生好嗎 △ 米婭,2026-04-21T12:00:00Z,https://www.youtube.com/watch?v=nFF7zbU8KQ4,https://i.ytimg.com/vi/nFF7zbU8KQ4/mqdefault_live.jpg
8ae0f370cf124faa953a09089a427fd9,upcoming,《樂高星際大戰：天行者傳奇》#2 二部曲：複製人全面進攻,2026-04-21T12:00:00Z,https://www.youtube.com/watch?v=WC9lPG4Qa4g,https://i.ytimg.com/vi/WC9lPG4Qa4g/mqdefault_live.jpg
40c846b91c4a44a980eddf20f0f789c0,upcoming,🩵˙˚ ᕱ⑅ᕱ ˚˙[圖奇雙開!!!連動 w/ 煞氣的可愛手&杏夢 APEX APEX!!!!] 音量注意(⸝⸝⸝´ꇴ`⸝⸝⸝),2026-04-21T12:00:00Z,https://www.youtube.com/watch?v=I_HO1fhP7OI,https://i.ytimg.com/vi/I_HO1fhP7OI/mqdefault_live.jpg
1025a2d1ea674c649b1e7934895bd419,upcoming,【The Room】無論何時何地都要不斷的動腦...最怕黑摸摸的地方了QQ  #觀眾場 #初見歡迎【LiccaLive】,2026-04-21T12:00:00Z,https://www.youtube.com/watch?v=6_CX0vxSwsw,https://i.ytimg.com/vi/6_CX0vxSwsw/mqdefault_live.jpg
f928118054aa4e11aa4ec88504d8b886,upcoming,【惡靈古堡馬拉松#6】回到浣熊市的我，舊地重遊開始啦！,2026-04-21T12:00:00Z,https://www.youtube.com/watch?v=b4d1Adrj3O0,https://i.ytimg.com/vi/b4d1Adrj3O0/mqdefault_live.jpg
445a732fc0f64712b3213b4cd98fbdd3,upcoming,【雜談】最近事情真的好多好累，想放鬆跟大家一起聊天，要進來陪我聊聊嗎~【青羽まことAohane Makoto Ch.】,2026-04-21T12:00:00Z,https://www.youtube.com/watch?v=_F0FEPRzbBI,https://i.ytimg.com/vi/_F0FEPRzbBI/mqdefault_live.jpg
15e4450f63904e50907dc93fee446fd2,upcoming,【一起寫音聲台本】會擦出什麼火花 ft.絡綺 @Rouki-TTMH  ✦海色水晶Kristal✦ 初見歡迎 降落歡迎,2026-04-21T12:00:00Z,https://www.youtube.com/watch?v=eLcdxdkA_QI,https://i.ytimg.com/vi/eLcdxdkA_QI/mqdefault_live.jpg
eafe564c8d9945c8af2ed66ff4cd773a,upcoming,【一周年後日談】那些沒說完的故事與債......✨🍷 #愛烏吉烏,2026-04-21T12:00:00Z,https://www.youtube.com/watch?v=FuZusR5Cxf4,https://i.ytimg.com/vi/FuZusR5Cxf4/mqdefault_live.jpg
446d4bc526a4477eb6a72ae186e9d538,upcoming,【健身環】宅宅來運動!!!! 究竟能運動多久呢？【愛思堤亞 l MojoyLive 二期生】 ＃vtuber #台v #健身環大冒險 #運動,2026-04-21T12:00:00Z,https://www.youtube.com/watch?v=9jsEoahbZHw,https://i.ytimg.com/vi/9jsEoahbZHw/mqdefault_live.jpg
8f1a38101d324afcbfc7df27d5d1e0a9,upcoming,【水族箱】身為館長 還是得好好重新考慮水族箱的未來｜赤斯特 Llama_Pez,2026-04-21T12:00:00Z,https://www.youtube.com/watch?v=qMiBj9iwCCw,https://i.ytimg.com/vi/qMiBj9iwCCw/mqdefault_live.jpg
9a496e9b261f401dba4991a9f4c7048e,upcoming,【中國式相親🔹】聽說相親有可能可以遇到真愛? - 悠蜜Yomiii #馬來西亞vtuber #马来西亚vtuber,2026-04-21T12:00:00Z,https://www.youtube.com/watch?v=DUMtXIM8CVo,https://i.ytimg.com/vi/DUMtXIM8CVo/mqdefault_live.jpg
38ecb20931514383b2d93885136c6b68,upcoming,【重大告知】有些事勢必要結束，有些夢一定繪開始 【極彩天繪】,2026-04-21T12:00:00Z,https://www.youtube.com/watch?v=kn6ScKVctu8,https://i.ytimg.com/vi/kn6ScKVctu8/mqdefault_live.jpg
02dadd7977b8412b99f101241de4cb3f,upcoming,【同步視聽】EVA劇場版衝刺 #3d,2026-04-21T12:30:00Z,https://www.youtube.com/watch?v=tAyWGpneZUg,https://i.ytimg.com/vi/tAyWGpneZUg/mqdefault_live.jpg
a1ef171711404951a987f4c9bc5e64f0,upcoming,【鑒賞】香菜泡麵？辣瘋你泡麵？我都沒吃過欸 來試試看吧！！！ 【試吃】,2026-04-21T12:30:00Z,https://www.youtube.com/watch?v=kaO0865Fc4k,https://i.ytimg.com/vi/kaO0865Fc4k/mqdefault_live.jpg
3daee44c0bab401386813cff327a10a2,upcoming,【天月麻雀】04/21 先爬分 觀眾場開打~【兔夏Twosha】#天月麻雀,2026-04-21T12:30:00Z,https://www.youtube.com/watch?v=6htVaDdoRqM,https://i.ytimg.com/vi/6htVaDdoRqM/mqdefault_live.jpg
c03997835cc943fe81a441c571d733d0,upcoming,【遊戲】Lies of P ｜這裡是誰？我是哪！？【白給☆】#完全初見 #初見歡迎 #02 #LiesOfP #P的謊言,2026-04-21T12:30:00Z,https://www.youtube.com/watch?v=7TugoaAjK68,https://i.ytimg.com/vi/7TugoaAjK68/mqdefault_live.jpg
658e63bebdca421ca934b0bf6aa2bcd8,upcoming,【 #1 #人機迷惘 】誰能抗拒超可愛的金髮ㄌㄌ？！一起探索太空船！【灰妲 🦜】#台灣vtuber,2026-04-21T13:00:00Z,https://www.youtube.com/watch?v=2X4SoWCdm2E,https://i.ytimg.com/vi/2X4SoWCdm2E/mqdefault_live.jpg
0591345aa6634a73ac41f08af6d4e06e,upcoming,【CLAIR OBSCUR: EXPEDITION 33】I WILL BE GOOD IF I HAVE A NEW CONTROLLER RIGHT??,2026-04-21T13:00:00Z,https://www.youtube.com/watch?v=CVcw23sJ3Q8,https://i.ytimg.com/vi/CVcw23sJ3Q8/mqdefault_live.jpg
004e635d5d494045a810b2d026e769c7,upcoming,🃏🀄🎴暗蜜刻魔！我看懂了！對吧....【直播馬拉松--遊戲王 Master Duel】,2026-04-21T13:00:00Z,https://www.youtube.com/watch?v=YLDKjb8Q1Wc,https://i.ytimg.com/vi/YLDKjb8Q1Wc/mqdefault_live.jpg
c8858f1d4a2b41a4bbf738530023d6f9,upcoming,【下班雜談】今晚想到什麼就聊什麼吧💭【犬癒乃波米】,2026-04-21T13:00:00Z,https://www.youtube.com/watch?v=4tTLt3QUYbg,https://i.ytimg.com/vi/4tTLt3QUYbg/mqdefault_live.jpg
e6a9746af2a84387b6ed5a7d3a4434da,upcoming,【#雜談 】吉祈視凌 自己進化是可以的嗎?!是可以的嗎萬津莫!!!  ft. 森星祈、柳凌【格蘭妮亞吉比】,2026-04-21T13:00:00Z,https://www.youtube.com/watch?v=CNQ1sIFk-Bk,https://i.ytimg.com/vi/CNQ1sIFk-Bk/mqdefault_live.jpg
aa1bb853e814428eb663082b28309309,upcoming,【遊戲】世界遊戲大全51｜究竟我們是要對決黑白棋還是五子棋呢？然後硬要放一個西洋棋的小表情♟️ #楔在進行式 #初見歡迎 #降落歡迎,2026-04-21T13:00:00Z,https://www.youtube.com/watch?v=ksmGCI7B6GM,https://i.ytimg.com/vi/ksmGCI7B6GM/mqdefault_live.jpg
5f9767b104b54292bf6dd29863c0c6b1,upcoming,【遊戲實況】快要更新7.1啦！這邊是蝦蝦的視角！【Final Fantasy XIV#13】,2026-04-21T13:00:00Z,https://www.youtube.com/watch?v=iRFYvgLBU5U,https://i.ytimg.com/vi/iRFYvgLBU5U/mqdefault_live.jpg
5226367de740445789ec9b65a84d65c5,upcoming,【靈視異聞 FILE23 本所七大不可思議】初見歡迎【柚晞Yuzuki】,2026-04-21T13:00:00Z,https://www.youtube.com/watch?v=WxUEI07_4OM,https://i.ytimg.com/vi/WxUEI07_4OM/mqdefault_live.jpg
acc6cc72bdb74a74a719cc41baf0aade,upcoming,【遊戲】Maneater 食人鯊｜釣魚釣魚釣到什麼魚🎣看我釣到一隻切哩鯊🍒🦈 #初見歡迎 #CHerryShow【Cake's】,2026-04-21T13:00:00Z,https://www.youtube.com/watch?v=V1NmuxtVp6c,https://i.ytimg.com/vi/V1NmuxtVp6c/mqdefault_live.jpg
0fbdfcc1b9cf41fdb840cf2f546d9324,upcoming,【minecraft】【kumo會員伺服器】day.7 耍費玩玩W,2026-04-21T13:00:00Z,https://www.youtube.com/watch?v=SiXzW4GbHg0,https://i.ytimg.com/vi/SiXzW4GbHg0/mqdefault_live.jpg
988d1a83ff6c4f82af6be42946987c36,upcoming,【三周年】好險有大家陪我度過風風雨雨的一年🧡加班台要來啦😨｜奇諾可 Chinoko,2026-04-21T13:00:00Z,https://www.youtube.com/watch?v=0tw57ZF6jV4,https://i.ytimg.com/vi/0tw57ZF6jV4/mqdefault_live.jpg
8774553046cb47a9b5165c15feb01e84,upcoming,🐙【#Lamentum  -06】我失憶了我在哪??♡千訂衝刺!!💎Lamentum #哀歌💧⌇ パパ 𖥻 帕比咪帕比波 ♡ @papamibo,2026-04-21T13:00:00Z,https://www.youtube.com/watch?v=4ksgnV_B-oE,https://i.ytimg.com/vi/4ksgnV_B-oE/mqdefault_live.jpg
ba5ed25718a7421cb15cd0ec62df723e,upcoming,萬眾矚目的 3.0 造型亮相！閻咎昇(室友)總算要有自己的新衣服啦！  📜【 3.0 室友造型揭露 】,2026-04-21T13:00:00Z,https://www.youtube.com/watch?v=gFzpq49a-OI,https://i.ytimg.com/vi/gFzpq49a-OI/mqdefault_live.jpg
6cc5ac707eed4f9e9b5bc7b2f970fe1b,upcoming,【繪畫工作臺】陪我聊天 主播是一個怠惰人【安無希/VTuber】2026.0421,2026-04-21T13:30:00Z,https://www.youtube.com/watch?v=Wlamz7Gnzd8,https://i.ytimg.com/vi/Wlamz7Gnzd8/mqdefault_live.jpg
7c0acdc8fe2449deb487cbb827b51723,upcoming,【プロセカ】日服觀衆場！久違的音游！【紀伊透 Kii Tooru | 馬來西亞Vtuber】,2026-04-21T13:30:00Z,https://www.youtube.com/watch?v=THHBZ225nJ0,https://i.ytimg.com/vi/THHBZ225nJ0/mqdefault_live.jpg
bd7d712e0946448aa29a1d213d1c1beb,upcoming,【雜談】好想吃好吃漢堡王:D｜ミミ #看Mi #初見歓迎 #降落歡迎,2026-04-21T13:30:00Z,https://www.youtube.com/watch?v=SVY4u10JY88,https://i.ytimg.com/vi/SVY4u10JY88/mqdefault_live.jpg
08be94e874d448f8a2794a44c61e8d8f,upcoming,【寶可夢Pokopia #6】妙蛙種子揪我跳繩！跳完一起開拓雲島！✦ 狸咪 Tanuki Miihi,2026-04-21T13:30:00Z,https://www.youtube.com/watch?v=xG_tpjrEhCE,https://i.ytimg.com/vi/xG_tpjrEhCE/mqdefault_live.jpg
5b996b6eca90491cb8e1a43de23b2388,upcoming,【深蹲反省】📸開鏡福利📸我不該情緒不穩 我靜心敲木魚｜坎妮絲,2026-04-21T14:00:00Z,https://www.youtube.com/watch?v=TQ8Kv_ZP12M,https://i.ytimg.com/vi/TQ8Kv_ZP12M/mqdefault_live.jpg
97a56c6914ab431d9b670456d11b22ed,upcoming,【空洞騎士：絲綢之歌】可以當BGM掛台或聊天，今天是無限輪迴打螞蟻歌后地獄✨️✨️,2026-04-21T14:00:00Z,https://www.youtube.com/watch?v=txo36MikFug,https://i.ytimg.com/vi/txo36MikFug/mqdefault_live.jpg
fceadce7c37f4cc08bc747aa79c3cf9e,upcoming,【#英魚學習 ｜Day5】今天來練口說！如果今年沒考好就明年繼續考吧QQ #中文vtuber  #vtuber,2026-04-21T14:00:00Z,https://www.youtube.com/watch?v=fgspKGl8JN0,https://i.ytimg.com/vi/fgspKGl8JN0/mqdefault_live.jpg
f03fa714465e44ef8d339474bd0f4a02,upcoming,【RDR2劇情】我要當個 Good man ! ｜碧血狂殺2｜荒野大鏢客2｜MoiKa×桃依卡｜血袋精靈,2026-04-21T14:00:00Z,https://www.youtube.com/watch?v=afY-M20Rrps,https://i.ytimg.com/vi/afY-M20Rrps/mqdefault_live.jpg
05317bcbe5f243abb85618d2669bd0d7,upcoming,【雜談、音樂】深夜罐罐營業中｜來聊天、來發呆、來被治癒。,2026-04-21T14:00:00Z,https://www.youtube.com/watch?v=m7KSKubk4Sk,https://i.ytimg.com/vi/m7KSKubk4Sk/mqdefault_live.jpg
a9b855767b2d432c9f263e3427ff33a6,upcoming,【埃聲私語】最近異常忙碌 來跟大家分享生活 ❚ #雜談 ∷ 埃穆亞Oumua,2026-04-21T15:00:00Z,https://www.youtube.com/watch?v=-tLIOfy2Ic4,https://i.ytimg.com/vi/-tLIOfy2Ic4/mqdefault_live.jpg
50433c34f368460c9cda947f292a62b4,upcoming,【PRAGMATA🛰️＃2】我要投訴！這遊戲騙人生女兒😭爸爸會努力到處找玩具送你玩的🥺【人機迷網】【貓宮步夢】,2026-04-21T15:00:00Z,https://www.youtube.com/watch?v=OhNYE6Z6hSU,https://i.ytimg.com/vi/OhNYE6Z6hSU/mqdefault_live.jpg
60282d578bb747b8b232dba81168a5b6,upcoming,【黎明再現】上頭警報!每天都想點...末日也要跟你一起打殭屍 | 冰霧Eisnebel,2026-04-21T15:59:00Z,https://www.youtube.com/watch?v=uwKW_HG6HG0,https://i.ytimg.com/vi/uwKW_HG6HG0/mqdefault_live.jpg
cc882664d9794fb88b06a5a0aa1591ae,upcoming,🔴4月22日 月川早晨3D💙香港天氣報告﹑交通消息、凌晨新聞摘要﹑星座運程﹑連登Threads趣聞 即時最新突發資訊全攻略｜月川MoonRiver #天氣 #新聞 #直播 #VTuber,2026-04-21T23:00:00Z,https://www.youtube.com/watch?v=HGhGRHYkuW0,https://i.ytimg.com/vi/HGhGRHYkuW0/mqdefault_live.jpg
40c846b91c4a44a980eddf20f0f789c0,upcoming,🩵˙˚ ᕱ⑅ᕱ ˚˙[圖奇雙開!!!連動 w/ 紫木樨&雪下靈狐 APEX APEX!!!!]音量注意(⸝⸝⸝´ꇴ`⸝⸝⸝),2026-04-22T01:00:00Z,https://www.youtube.com/watch?v=E74c-WfOmCc,https://i.ytimg.com/vi/E74c-WfOmCc/mqdefault_live.jpg
788611c913b04d999011628637657bee,upcoming,仁王3 🎮 會打到DAY2嗎？？ △ 米婭,2026-04-22T01:30:00Z,https://www.youtube.com/watch?v=aSWimiI-p3w,https://i.ytimg.com/vi/aSWimiI-p3w/mqdefault_live.jpg
5d2231ea88fd474d8a11e5a759899216,upcoming,【新聞雜談✦04/22】早安還是午安【十六月OctJun】,2026-04-22T02:00:00Z,https://www.youtube.com/watch?v=is3POEm3Ld4,https://i.ytimg.com/vi/is3POEm3Ld4/mqdefault_live.jpg
c65e7caaf81a43249d5132b9fe312b24,upcoming,Bear Just Chatting About Bear Things,2026-04-22T02:30:00Z,https://www.youtube.com/watch?v=1UBP-8HcG9E,https://i.ytimg.com/vi/1UBP-8HcG9E/mqdefault_live.jpg
538d1d2058da4bdea1c7f43f088e995b,upcoming,初見歓迎＆朝活雜談☀️為100人施展快樂魔法✨從現在開始...我想成為不讓自己丟臉的精靈🙏每天15分鐘的小投資，讓你的世界變得更加寬闊｜治癒系Vtuber ✟ 希蘿亞Siroya,2026-04-22T02:30:00Z,https://www.youtube.com/watch?v=J1cWmGOR6PY,https://i.ytimg.com/vi/J1cWmGOR6PY/mqdefault_live.jpg
5ed5801d24c7412fa3fa65a82124aad0,upcoming,【PRAGMATA】人機迷網#1 背著絕世ㄌㄌ開始迷路💫【棲蒔】,2026-04-22T05:00:00Z,https://www.youtube.com/watch?v=NxbEfxsbBN0,https://i.ytimg.com/vi/NxbEfxsbBN0/mqdefault_live.jpg
5d2231ea88fd474d8a11e5a759899216,upcoming,【Thank Goodness You're Here!】卡通風格的2D喜劇冒險遊戲！又是阿郡最愛的手繪風格！【十六月OctJun】,2026-04-22T06:00:00Z,https://www.youtube.com/watch?v=uYUivVEs56k,https://i.ytimg.com/vi/uYUivVEs56k/mqdefault_live.jpg
107ad23090e649b8935850f3d78ded99,upcoming,"【戰鎚40K：行商浪人】逛逛落腳港（Warhammer 40,000: Rogue Trader）#9🦊遊戲Gaming【Le² Hooni 狐泥】個人勢Vtuber",2026-04-22T06:15:00Z,https://www.youtube.com/watch?v=WbySbGqER8Y,https://i.ytimg.com/vi/WbySbGqER8Y/mqdefault_live.jpg
9f7bf6b3d935460e83896a0fe28012e9,upcoming,《 #心動小鎮 》變得越來越可愛了💗圖奇有雙開喔～｜#初見歡迎 #台灣vtuber,2026-04-22T07:30:00Z,https://www.youtube.com/watch?v=Q7ouTG9gYb8,https://i.ytimg.com/vi/Q7ouTG9gYb8/mqdefault_live.jpg
3d46fb16bc2c48fb8f12a647cf5ec702,upcoming,【惡靈古堡馬拉松 - Resident Evil 0】繼續0！背包空間真的會中風...【犬神幽乃詩／芥川組】 #biohazard  #residentevil  #gaming,2026-04-22T09:00:00Z,https://www.youtube.com/watch?v=Mls86ivoteM,https://i.ytimg.com/vi/Mls86ivoteM/mqdefault_live.jpg
2f0a0ee6478c45ae8af28953b4c370be,upcoming,殘酷二選一✦今天要來點什麼刺激的主題呢｛愉快販｝#初見歡迎,2026-04-22T09:00:00Z,https://www.youtube.com/watch?v=NvRmBRIJ0UU,https://i.ytimg.com/vi/NvRmBRIJ0UU/mqdefault_live.jpg
e810dcd23c334fd184d254718517764e,upcoming,【WH40K: FW | 烈焰戰錘】上上善道拳打迷信人類【香港Vtuber】,2026-04-22T09:00:00Z,https://www.youtube.com/watch?v=3hqhfHGY-tk,https://i.ytimg.com/vi/3hqhfHGY-tk/mqdefault_live.jpg
d475848a566848dc9f6ad02707d87e2a,upcoming,【文字化化】聽唔明哩個靚仔講咩⋯⋯【HKVTuber/Ding】,2026-04-22T09:00:00Z,https://www.youtube.com/watch?v=ihNJl3KEQsc,https://i.ytimg.com/vi/ihNJl3KEQsc/mqdefault_live.jpg
ab19e58312b74ebd9b68e27aeb0adde5,upcoming,【HomeWork Is Crazy】嗚嗚嗚嗚我要重讀小學 【宮森えりな】,2026-04-22T10:00:00Z,https://www.youtube.com/watch?v=7ZlfIUe1tyw,https://i.ytimg.com/vi/7ZlfIUe1tyw/mqdefault_live.jpg
6c872a4043b84e4493877a42af684d1d,upcoming,「#宇宙歌枠 283」聽歌等下班！  初見歡迎  Singing stream【銀河Galaxy】,2026-04-22T10:00:00Z,https://www.youtube.com/watch?v=VuYl6eeHirs,https://i.ytimg.com/vi/VuYl6eeHirs/mqdefault_live.jpg
fa83a68ebfff419983124d69373ede6f,upcoming,【歌雜】一起唱唱歌聊聊天吧！歡迎點熊熊歌單內的歌唷！【熊野紅葉Kumano Momiji】,2026-04-22T10:00:02Z,https://www.youtube.com/watch?v=1GnrzUfW4RE,https://i.ytimg.com/vi/1GnrzUfW4RE/mqdefault_live.jpg
468c9630d37b4c41bb6b0305dc1143cf,upcoming,「六周年紀念歌回」千呼萬喚！那個籌備了五年的斗內歌回終於要在六周年的這天實現了！  #歌回,2026-04-22T10:30:00Z,https://www.youtube.com/watch?v=PPvWliutS0c,https://i.ytimg.com/vi/PPvWliutS0c/mqdefault_live.jpg
ca8d038d311e4cccb2deded15cee89cd,upcoming,「絕地戰兵2」打打戰兵(20260422 #參加型實況 #絕地戰兵2,2026-04-22T11:00:00Z,https://www.youtube.com/watch?v=HGUitCxAYnk,https://i.ytimg.com/vi/HGUitCxAYnk/mqdefault_live.jpg
44af52f7f6aa487e850b3d261947205b,upcoming,【姐姐陪聊】喜歡溫柔姐系的朋友~今天來讓百壹姐姐陪伴你吧【貓屋敷百壹／芥川組】,2026-04-22T11:00:00Z,https://www.youtube.com/watch?v=n7nUKKT7yZU,https://i.ytimg.com/vi/n7nUKKT7yZU/mqdefault_live.jpg
b516b71a9e8d43b8a377dabe1f9057dd,upcoming,【 #兔兔秘密花園2 】EP1我回來了✨火山孝子❤️‍🔥升級版!!!  |謝謝吱吱送的遊戲💕,2026-04-22T11:30:00Z,https://www.youtube.com/watch?v=xO110v4uJnE,https://i.ytimg.com/vi/xO110v4uJnE/mqdefault_live.jpg
05be4fb717614738a87daac46157ddb1,upcoming,【日文企劃：AI真的懂嗎？】聽說ＡＩ不懂擬聲和擬態詞？用ＡＩ輔助自學日文行得通嗎？ #藥師寺丹,2026-04-22T12:00:00Z,https://www.youtube.com/watch?v=T80lYpFDuUU,https://i.ytimg.com/vi/T80lYpFDuUU/mqdefault_live.jpg
a2c7c34474174cd2bffcc17a32aeec21,upcoming,【#歌枠】演算法好像喜歡 #初見歓迎 #降落歡迎,2026-04-22T12:00:00Z,https://www.youtube.com/watch?v=boqNMMpDmgI,https://i.ytimg.com/vi/boqNMMpDmgI/mqdefault_live.jpg
2a897c484c05483f9a46467e8f448314,upcoming,絆Kizuna 《只有月亮知道》 (Official Video),2026-04-22T12:00:00Z,https://www.youtube.com/watch?v=WhNQt8Rb7xI,https://i.ytimg.com/vi/WhNQt8Rb7xI/mqdefault.jpg
8ae0f370cf124faa953a09089a427fd9,upcoming,《樂高星際大戰：天行者傳奇》#3 三部曲：西斯大帝的復仇,2026-04-22T12:00:00Z,https://www.youtube.com/watch?v=p7DoQKw7eHY,https://i.ytimg.com/vi/p7DoQKw7eHY/mqdefault_live.jpg
f928118054aa4e11aa4ec88504d8b886,upcoming,【默談LIVE】為何線下實體活動會失敗？來探討台V辦活動的難處與挑戰,2026-04-22T12:00:00Z,https://www.youtube.com/watch?v=TEF3BqDx7Kk,https://i.ytimg.com/vi/TEF3BqDx7Kk/mqdefault_live.jpg
608b617ad99c4f18b97d10560e254b4b,upcoming,【企劃】清梅二周年紀念 清清如我 靜靜如我 【清梅 ChingMeii】#初見大歡迎 #vtuber,2026-04-22T12:00:00Z,https://www.youtube.com/watch?v=3NY1Ya2JZJs,https://i.ytimg.com/vi/3NY1Ya2JZJs/mqdefault_live.jpg
cbba76fd34d74307a9f826e03b8e4db5,upcoming,【VALORANT觀眾場】一起來練槍吧!人多就內鬥場! #歡迎降落【彩羽悠夢Yume】,2026-04-22T12:00:00Z,https://www.youtube.com/watch?v=-5uI8_b7ig8,https://i.ytimg.com/vi/-5uI8_b7ig8/mqdefault_live.jpg
6f9d63518a69442a88ac602a3b37bf18,upcoming,【波光神啟】台灣居然有拜大砲？你知道兔兒神是誰的守護神嗎？台灣的特殊神明～一次分享給大家唷～｜海月波波,2026-04-22T12:00:00Z,https://www.youtube.com/watch?v=97_T58dbN70,https://i.ytimg.com/vi/97_T58dbN70/mqdefault_live.jpg
9031798ec1884b52b17df470b6c379b2,upcoming,【推理之夜】狼人殺《石像鬼守墓人》🍁 什麼叫做狼人也找不到自己隊友？ ft.很多人【芒楓】,2026-04-22T12:30:00Z,https://www.youtube.com/watch?v=6NhD3zXsOlw,https://i.ytimg.com/vi/6NhD3zXsOlw/mqdefault_live.jpg
02dadd7977b8412b99f101241de4cb3f,upcoming,【柏德之門3 V朋聯動】一起在DND的世界裡探索囉！#28,2026-04-22T12:30:00Z,https://www.youtube.com/watch?v=QdKLuNi0BaA,https://i.ytimg.com/vi/QdKLuNi0BaA/mqdefault_live.jpg
40c846b91c4a44a980eddf20f0f789c0,upcoming,🩵˙˚ ᕱ⑅ᕱ ˚˙[圖奇雙開!APEX 兔兔生日娛樂賽]音量注意(⸝⸝⸝´ꇴ`⸝⸝⸝),2026-04-22T12:30:00Z,https://www.youtube.com/watch?v=Xn7mdAKf-Ig,https://i.ytimg.com/vi/Xn7mdAKf-Ig/mqdefault_live.jpg
def76c5c31fe4466b5ae6e6940ae6e58,upcoming,▶遊戲直播◁ NIKKE 妮姬 沒看番外篇絕對不懂3.5周年在做什麼 一起來看Pretty劇情❤【NAGISA凪砂 / HKVtuber】,2026-04-22T12:30:00Z,https://www.youtube.com/watch?v=4DwJeb04bYY,https://i.ytimg.com/vi/4DwJeb04bYY/mqdefault_live.jpg
a725f6babc5f44779d7389886c6cd7b7,upcoming,【REPO觀眾場】加入撿垃圾行列!!需安裝模組請提前裝好!!! 【＃VTuber/＃夜羽結伊子】,2026-04-22T12:30:00Z,https://www.youtube.com/watch?v=zf355Zac5OQ,https://i.ytimg.com/vi/zf355Zac5OQ/mqdefault_live.jpg
3bc6afb820df4f59b2c6ff1c25d1eed3,upcoming,🌹【克式畫紫】繪圖雜談～作業台 2026-04-22【香港Vtuber】,2026-04-22T12:30:45Z,https://www.youtube.com/watch?v=K1o1fWB4eQ0,https://i.ytimg.com/vi/K1o1fWB4eQ0/mqdefault_live.jpg
637a5867616a436ba0f7cdd36057f55a,upcoming,跟菓一起玩遊戲 | My Voice Zoo 殘害麥克風時間!! 開啟聲音動物園 |,2026-04-22T13:00:00Z,https://www.youtube.com/watch?v=aVx1O_-NAog,https://i.ytimg.com/vi/aVx1O_-NAog/mqdefault_live.jpg
004e635d5d494045a810b2d026e769c7,upcoming,🃏🀄🎴暗蜜刻魔！禮拜三晚上9:00直播！【直播馬拉松--遊戲王 Master Duel】,2026-04-22T13:00:00Z,https://www.youtube.com/watch?v=sV04HgAR638,https://i.ytimg.com/vi/sV04HgAR638/mqdefault_live.jpg
6ddea98137e2429eb0e9c4025ad9294f,upcoming,【遊戲】原神 今天想輕鬆探索然後弄一下塵歌壺的事! 打在標題就不會忘記了吧!!! | 韶花 #初見歡迎 #降落歡迎,2026-04-22T13:00:00Z,https://www.youtube.com/watch?v=rFwzTRBcDfk,https://i.ytimg.com/vi/rFwzTRBcDfk/mqdefault_live.jpg
c8858f1d4a2b41a4bbf738530023d6f9,upcoming,【雀魂觀眾場】被打飛的波米花要吃青醬南瓜墨魚派🀄【犬癒乃波米】,2026-04-22T13:00:00Z,https://www.youtube.com/watch?v=t7zVHFH5NXc,https://i.ytimg.com/vi/t7zVHFH5NXc/mqdefault_live.jpg
1fdc000815cc476dbc9d19aa431305b5,upcoming,【Dying Light #6】聽說這就是終章了...【亞菲忒 Aphitita】ft.蓋忒龍,2026-04-22T13:00:00Z,https://www.youtube.com/watch?v=av6UaKL0Pmg,https://i.ytimg.com/vi/av6UaKL0Pmg/mqdefault_live.jpg
aa1bb853e814428eb663082b28309309,upcoming,【遊戲】寶可夢傳說Z-A｜今天應該就是瘋狂累積數果的日子💛要做出超多超棒的甜甜圈！！ #楔在進行式 #初見歡迎 #歡迎降落,2026-04-22T13:00:00Z,https://www.youtube.com/watch?v=OsWi7uZGMn4,https://i.ytimg.com/vi/OsWi7uZGMn4/mqdefault_live.jpg
2a2b7990365f4a1bb1d8acf1ae0f2f32,upcoming,Stream 22/4/26 生日台 乜都做啲掛,2026-04-22T13:00:00Z,https://www.youtube.com/watch?v=QjQJR1ydin0,https://i.ytimg.com/vi/QjQJR1ydin0/mqdefault_live.jpg
db1c4d81f03f4b04aca36b8b5b2b9c62,upcoming,【觀眾場】黑羅莉精靈離家出走來跟你打槍槍🥵 { Counter-Strike 2 絕對武力2 } 開心娛樂場！ #DONTUWATCH｜DONT U冬優奈奈,2026-04-22T13:00:00Z,https://www.youtube.com/watch?v=wJOslq_1Iow,https://i.ytimg.com/vi/wJOslq_1Iow/mqdefault_live.jpg
0fbdfcc1b9cf41fdb840cf2f546d9324,upcoming,【寶可夢ZA】【耐久】EP16. 努力解主線的一天,2026-04-22T13:00:00Z,https://www.youtube.com/watch?v=IU7bRFXwVSc,https://i.ytimg.com/vi/IU7bRFXwVSc/mqdefault_live.jpg
8774553046cb47a9b5165c15feb01e84,upcoming,💩【#WeGottaGo💫大便遊戲】誰先剉出來?💎兩台都開雙視角💧⌇ パパ 𖥻 帕比咪帕比波 ♡ @baigei_stars  #帕給夢 #PaGeMon,2026-04-22T13:00:00Z,https://www.youtube.com/watch?v=YDWDFmuGObY,https://i.ytimg.com/vi/YDWDFmuGObY/mqdefault_live.jpg
a5e5533ac342488a94003dc77869ddf9,upcoming,君泠朔JyunLingShuo ch. - 【天月麻雀】槍已上膛！#天月麻雀 #台v #日麻,2026-04-22T13:00:00Z,https://www.youtube.com/watch?v=dxXd5Hg_B0k,https://i.ytimg.com/vi/dxXd5Hg_B0k/mqdefault_live.jpg
c03997835cc943fe81a441c571d733d0,upcoming,【帕給夢】We Gotta Go｜當我們屎在一起 在一起~【白給☆】@papamibo   #帕給夢 #PaGeMon #01 #WeGottaGo,2026-04-22T13:00:00Z,https://www.youtube.com/watch?v=Q8axCDz_g_g,https://i.ytimg.com/vi/Q8axCDz_g_g/mqdefault_live.jpg
6cc5ac707eed4f9e9b5bc7b2f970fe1b,upcoming,【喵斯快跑- MuseDash】玩玩音樂跑酷【安無希/VTuber】,2026-04-22T13:30:00Z,https://www.youtube.com/watch?v=0Xm6s9YkZVg,https://i.ytimg.com/vi/0Xm6s9YkZVg/mqdefault_live.jpg
31c7fada1ab24cbd83ab4ae698955a29,upcoming,【繪圖雜談】Final Season！色相環的最後衝刺，要衝幾個月？#86【木木日葉維】,2026-04-22T13:30:00Z,https://www.youtube.com/watch?v=8e8vroB4Wtg,https://i.ytimg.com/vi/8e8vroB4Wtg/mqdefault_live.jpg
fa2a2255fa7d4aa7b5b54dea5dd2b1c4,upcoming,「心事投稿台」今泉告解室 #37「荒木今泉_HKVtuber」,2026-04-22T13:30:00Z,https://www.youtube.com/watch?v=JsXyrxsn2zw,https://i.ytimg.com/vi/JsXyrxsn2zw/mqdefault_live.jpg
bd7d712e0946448aa29a1d213d1c1beb,upcoming,【組鋼彈】第一次組酷酷的鋼彈 挖哭挖哭｜ミミ #看Mi #初見歓迎 #降落歡迎,2026-04-22T13:30:00Z,https://www.youtube.com/watch?v=5tfVuQggo7o,https://i.ytimg.com/vi/5tfVuQggo7o/mqdefault_live.jpg
02d67d58d59644be9cdf0b1179419637,upcoming,如果連你也忘記了悠娜，那悠娜是否就相當於不存在呢... 可能不會留檔的周三 #歌回 第七回 #森雨悠娜 #初見大歓迎,2026-04-22T13:30:00Z,https://www.youtube.com/watch?v=fT82B4ZQ--Y,https://i.ytimg.com/vi/fT82B4ZQ--Y/mqdefault_live.jpg
fe569b0c059e406daf57eb2acd11cc21,upcoming,上班累了? 別擔心!一起當個快樂的廢物吧!,2026-04-22T14:00:00Z,https://www.youtube.com/watch?v=LguzCZev4pM,https://i.ytimg.com/vi/LguzCZev4pM/mqdefault_live.jpg
fceadce7c37f4cc08bc747aa79c3cf9e,upcoming,【#黑神話悟空 ｜P7 】這個雪山的景真得好漂亮Ｒ #中文vtuber  #vtuber,2026-04-22T14:00:00Z,https://www.youtube.com/watch?v=Ddk72Sklpu0,https://i.ytimg.com/vi/Ddk72Sklpu0/mqdefault_live.jpg
9b424d3a99ef4fc3b17bc7fef92fefd3,upcoming,【星穹铁道】 4.2版本預告：「如是，眾生歡笑不已」 終於能看到我們的無限寶石銀狼！,2026-04-22T14:00:00Z,https://www.youtube.com/watch?v=sI_ySiSIb6o,https://i.ytimg.com/vi/sI_ySiSIb6o/mqdefault_live.jpg
2d6886120def4c148c70514433d77e1e,upcoming,【歌回】鋼琴歌回🌸邊聽著歌聲，邊享受悠悠琴聲吧~【Vtuber｜Singing Stream】 #ACGlive #綾音Ring,2026-04-22T14:00:00Z,https://www.youtube.com/watch?v=M9xf1_qyfwo,https://i.ytimg.com/vi/M9xf1_qyfwo/mqdefault_live.jpg
c371d4c7f516451bac8ae3a9a13dc7f2,upcoming,🎀終結社連動 / 煮過頭2🎀今天是一日主廚，要帶一群人煮飯(頭痛)【緹莉玲】#台v #tilliling  #vtuber  #雜談,2026-04-22T14:30:00Z,https://www.youtube.com/watch?v=YsxHE4aHMdk,https://i.ytimg.com/vi/YsxHE4aHMdk/mqdefault_live.jpg
cc882664d9794fb88b06a5a0aa1591ae,upcoming,🔴【兔兔秘密花園2 #2】太色了💦收台轉會限Lv2🚫 BUNNY GARDEN 2 バニーガーデン2【月川MoonRiver 香港VTuber HKVTuber 中文】#香港 #遊戲 #直播 #粵語,2026-04-22T14:30:00Z,https://www.youtube.com/watch?v=p15v3toTw6o,https://i.ytimg.com/vi/p15v3toTw6o/mqdefault_live.jpg
d13fdb8fdd3049e5bf80b5ab0fa8a1a6,upcoming,《😱Overcooked 2｜死魚社 #ENDLIVE》來互相吵架哇🐾#終結社箱活,2026-04-22T14:30:00Z,https://www.youtube.com/watch?v=ii4HBB8ds8o,https://i.ytimg.com/vi/ii4HBB8ds8o/mqdefault_live.jpg
d5fdf5fc55d14476908e416e6d43c121,upcoming,【天使診療室】是不是時常對人生感受到迷茫、困惑？又或是在面臨抉擇的時候不知所措、無所適從？想跟找人訴說你的內心卻又找不到對象？❄️本次診療小惡魔不在家【雪之下織雪／芥川組】,2026-04-22T15:00:00Z,https://www.youtube.com/watch?v=oTXBQm8f8xw,https://i.ytimg.com/vi/oTXBQm8f8xw/mqdefault_live.jpg
a5f7302f9f1a4fcdb2471c4bc52a05fb,upcoming,艾爾登法環｜#8 女武神和火山該出現了吧！？【玖璐】,2026-04-23T01:30:00Z,https://www.youtube.com/watch?v=GO_bsFsHvW8,https://i.ytimg.com/vi/GO_bsFsHvW8/mqdefault_live.jpg
5d2231ea88fd474d8a11e5a759899216,upcoming,【新聞雜談✦04/23】封面還附廣告【十六月OctJun】,2026-04-23T02:00:00Z,https://www.youtube.com/watch?v=yfDYVUTV1Dc,https://i.ytimg.com/vi/yfDYVUTV1Dc/mqdefault_live.jpg
def76c5c31fe4466b5ae6e6940ae6e58,upcoming,▶遊戲直播◁ NIKKE 妮姬 3.5周年活動 IDOL阿妮斯閃亮登場 STORY全觀看✨【NAGISA凪砂 / HKVtuber】,2026-04-23T07:30:00Z,https://www.youtube.com/watch?v=CrW8WGijxFg,https://i.ytimg.com/vi/CrW8WGijxFg/mqdefault_live.jpg
2f0a0ee6478c45ae8af28953b4c370be,upcoming,二周年前夜✦要兩年了 跟罵包的聊聊天時間｛愉快販｝#初見歡迎,2026-04-23T09:00:00Z,https://www.youtube.com/watch?v=evMFLctXGLE,https://i.ytimg.com/vi/evMFLctXGLE/mqdefault_live.jpg
645fc774332a469ebd03f1a822ebe2be,upcoming,【想比比睇】\ 歡迎投稿 / 夏天到！一人一個最愛泳裝！（泳褲都得）【紡霊拉比】,2026-04-23T10:00:00Z,https://www.youtube.com/watch?v=_vGH15LlPjU,https://i.ytimg.com/vi/_vGH15LlPjU/mqdefault_live.jpg
80f7b111f0e044abae4c37f6a96b5957,upcoming,【#RadioDeVio】第五回目☆Radio: DeVio素敵な歌声を発掘する企画✨｜Devilith Violustre【#Devilithviolustre】,2026-04-23T10:00:00Z,https://www.youtube.com/watch?v=bhcfgS1OOa4,https://i.ytimg.com/vi/bhcfgS1OOa4/mqdefault_live.jpg
40c846b91c4a44a980eddf20f0f789c0,upcoming,🩵˙˚ ᕱ⑅ᕱ ˚˙[圖奇雙開!!!兔寶場APEX APEX!!!!很久沒玩了欸!!]壓齁~~嗚呼~~~~ 音量注意(⸝⸝⸝´ꇴ`⸝⸝⸝),2026-04-23T11:00:00Z,https://www.youtube.com/watch?v=PcmLIltjcjo,https://i.ytimg.com/vi/PcmLIltjcjo/mqdefault_live.jpg
3a8f78d98fd344cb9d32358e5c96eace,upcoming,【屠龍日】騎士們準備好了嗎  沉眠的龍...是人類的恐懼...  | 菈媞耶.阿芭芭  #屠龍日,2026-04-23T11:00:00Z,https://www.youtube.com/watch?v=YhcAyuJ0Mdw,https://i.ytimg.com/vi/YhcAyuJ0Mdw/mqdefault_live.jpg
db1c4d81f03f4b04aca36b8b5b2b9c62,upcoming,【強大】哥布林集會確定！｜觀眾場 - 銅牌競技場 { VALORANT 特戰英豪 } 帶氣氛菜狗爬分！ #DONTUWATCH｜DONT U冬優奈奈,2026-04-23T11:00:00Z,https://www.youtube.com/watch?v=Zx_-SdJuWk4,https://i.ytimg.com/vi/Zx_-SdJuWk4/mqdefault_live.jpg
575d15d21f7240e1ad72935bf7fa0465,upcoming,🍡【遊戲】 #幼里寶寶出沒 初玩《血百合：殺人魔別夾在百合間》 ♡ 電腦課時間 ♡ よろしく ♡ 【夏羽由里/Vtuber】,2026-04-23T11:00:00Z,https://www.youtube.com/watch?v=-HPW-HLQdMY,https://i.ytimg.com/vi/-HPW-HLQdMY/mqdefault_live.jpg
8fe313c8e0704a29a7a387b47c4f938b,upcoming,【狐想成為陀螺鬥士】EP.2 系統大改版!更瘋狂的陀螺大亂鬥!,2026-04-23T11:30:00Z,https://www.youtube.com/watch?v=mejGaeS6jYc,https://i.ytimg.com/vi/mejGaeS6jYc/mqdefault_live.jpg
5de329cf8bc5410fb40ef38d117be94d,upcoming,【歌回】今晚點哪首歌呢? #冬鈴 #唱歌,2026-04-23T12:00:00Z,https://www.youtube.com/watch?v=Lz8C4zKNcKA,https://i.ytimg.com/vi/Lz8C4zKNcKA/mqdefault_live.jpg
c8ef4e3182b74ecd994c837a75624390,upcoming,用台語學日語和學畫畫是什麼感覺？來賓怎麼會答應這種高難度要求!? 來聊聊最近一些有趣的企劃！,2026-04-23T12:00:00Z,https://www.youtube.com/watch?v=Nl9_lPaxq5s,https://i.ytimg.com/vi/Nl9_lPaxq5s/mqdefault_live.jpg
8ae0f370cf124faa953a09089a427fd9,upcoming,《Nintendo Switch Sports》#22 踢足球！每週更新道具⚽,2026-04-23T12:00:00Z,https://www.youtube.com/watch?v=M0Th5iPGFlI,https://i.ytimg.com/vi/M0Th5iPGFlI/mqdefault_live.jpg
7d66bf98da354f72baee891cdd91855b,upcoming,《三麗鷗肖像大賞》你能投出好笑的冷笑話就算我們輸。 #三麗鷗肖像大賞 ft. 艾斯珀達 | 賽特珞 Cetro,2026-04-23T12:00:00Z,https://www.youtube.com/watch?v=yZs8DeRkPNs,https://i.ytimg.com/vi/yZs8DeRkPNs/mqdefault_live.jpg
bdaa84ad3c7841d6a9ec8774ed9d40a9,upcoming,遊戲｜《冥雄鬼屋》通關遊戲衝衝衝！一次玩到結局！ #03   #初見歡迎｜🍮魔法布丁罐,2026-04-23T12:00:00Z,https://www.youtube.com/watch?v=dGJ4Y70EaBc,https://i.ytimg.com/vi/dGJ4Y70EaBc/mqdefault_live.jpg
49196eec11454f589d4d6e52f1b1bbe8,upcoming,【直播】【遊戲】【骰棋(Dice Chess】Demo|聽說很策略又動腦！？菜姬會喜歡！？那要挑戰啦！！【菜姬】,2026-04-23T12:30:00Z,https://www.youtube.com/watch?v=kD5bEZFCDv8,https://i.ytimg.com/vi/kD5bEZFCDv8/mqdefault_live.jpg
443ba741722742d5b7d5f76c3e7b445b,upcoming,【Project DIVA MEGA39's＋】💚懐かしい！！！🍡JP/HK/EN/ZH OK｜魅音モモキュ．毛毛球,2026-04-23T12:30:00Z,https://www.youtube.com/watch?v=_Pk2gxdb7Kc,https://i.ytimg.com/vi/_Pk2gxdb7Kc/mqdefault_live.jpg
a725f6babc5f44779d7389886c6cd7b7,upcoming,【星之異】 星之異回鍋 | 星活動連動 | 星導使檔案 【＃VTuber/＃夜羽結伊子】,2026-04-23T12:30:00Z,https://www.youtube.com/watch?v=zeIkPQourWo,https://i.ytimg.com/vi/zeIkPQourWo/mqdefault_live.jpg
3bc6afb820df4f59b2c6ff1c25d1eed3,upcoming,🌹【Sky】哈哈，我要飛往天上！#32 2026-04-23【香港Vtuber】,2026-04-23T12:30:31Z,https://www.youtube.com/watch?v=ebalm3VLxeE,https://i.ytimg.com/vi/ebalm3VLxeE/mqdefault_live.jpg
60da3bb357d64f998006b8ca3043fd00,upcoming,【世紀帝國】久違玩玩!!💤|古古.歐拉拉🐨,2026-04-23T13:00:00Z,https://www.youtube.com/watch?v=nl0x4ALdN7k,https://i.ytimg.com/vi/nl0x4ALdN7k/mqdefault_live.jpg
004e635d5d494045a810b2d026e769c7,upcoming,🃏🀄🎴暗蜜刻魔！禮拜四晚上9:00直播！【直播馬拉松--遊戲王 Master Duel】,2026-04-23T13:00:00Z,https://www.youtube.com/watch?v=eGBOOlbN0S0,https://i.ytimg.com/vi/eGBOOlbN0S0/mqdefault_live.jpg
f81d4ef6f2f54e0c8c6d12a09e1fa5c7,upcoming,【歌】☆史黛娜Stena★ #vtuber,2026-04-23T13:00:00Z,https://www.youtube.com/watch?v=aFbIO0aIflg,https://i.ytimg.com/vi/aFbIO0aIflg/mqdefault_live.jpg
aa1bb853e814428eb663082b28309309,upcoming,【雜談】一起楔作業｜如果做作業的時候想睡覺我還有救嗎QQ #楔在進行式 #初見歡迎 #歡迎降落,2026-04-23T13:00:00Z,https://www.youtube.com/watch?v=JaVH157f6tw,https://i.ytimg.com/vi/JaVH157f6tw/mqdefault_live.jpg
2a2b7990365f4a1bb1d8acf1ae0f2f32,upcoming,"Stream 23/4/26 你打(MH)荒野, 我打荒野(亂鬥) 【荒野亂鬥 Brawl Stars】",2026-04-23T13:00:00Z,https://www.youtube.com/watch?v=6HDH-rul08A,https://i.ytimg.com/vi/6HDH-rul08A/mqdefault_live.jpg
0fbdfcc1b9cf41fdb840cf2f546d9324,upcoming,【楓之谷】【楓星】小小龍魔導的路正式開啟,2026-04-23T13:00:00Z,https://www.youtube.com/watch?v=mCZpZF7YdnU,https://i.ytimg.com/vi/mCZpZF7YdnU/mqdefault_live.jpg
8774553046cb47a9b5165c15feb01e84,upcoming,👻【#OnceAlive】我自高奮勇的一款遊戲♡ #訂閱衝刺💎《無聲之地》💧⌇ パパ 𖥻 帕比咪帕比波 ♡,2026-04-23T13:00:00Z,https://www.youtube.com/watch?v=oVXzIeO8-lk,https://i.ytimg.com/vi/oVXzIeO8-lk/mqdefault_live.jpg
6cc5ac707eed4f9e9b5bc7b2f970fe1b,upcoming,【沙發偵探】腦動大開!!跟AI玩海龜湯!!【安無希/VTuber】2026.04015,2026-04-23T13:30:00Z,https://www.youtube.com/watch?v=ThPp3OtGPSo,https://i.ytimg.com/vi/ThPp3OtGPSo/mqdefault_live.jpg
fa2a2255fa7d4aa7b5b54dea5dd2b1c4,upcoming,「遊戲直播」文字化化 - 不要與鬼男相戀 #2「荒木今泉_HKVtuber」,2026-04-23T13:30:00Z,https://www.youtube.com/watch?v=q5q4T8Z73xk,https://i.ytimg.com/vi/q5q4T8Z73xk/mqdefault_live.jpg
fe569b0c059e406daf57eb2acd11cc21,upcoming,【惡靈古堡 安魂曲#6 resident evil requiem】我終於跟老公出遊了!,2026-04-23T14:00:00Z,https://www.youtube.com/watch?v=fJh0ZCMYyK0,https://i.ytimg.com/vi/fJh0ZCMYyK0/mqdefault_live.jpg
97a56c6914ab431d9b670456d11b22ed,upcoming,【天月麻雀】三人日麻觀眾場，然後睡衣誒，人家想要✨️✨️,2026-04-23T14:00:00Z,https://www.youtube.com/watch?v=8QTTUkaOQtA,https://i.ytimg.com/vi/8QTTUkaOQtA/mqdefault_live.jpg
dba1db65ba874e18a33d8465d52d8f2e,upcoming,【雜談】粉絲禮物開箱&近況感想雜談（長照&失智議題淺談）｜隨時加班改動直播可能｜ #初見歡迎 ｜西山CCC,2026-04-23T14:00:00Z,https://www.youtube.com/watch?v=ARstXlXRtyA,https://i.ytimg.com/vi/ARstXlXRtyA/mqdefault_live.jpg
43e557d175ce462b97c4c406954d8c04,upcoming,🎄【📦分揀員模擬器】繼續努力包貨！ \ 初見歡迎！/【⭐一隻阿橋 | 粵語 | HKVtuber🐿️】【23.04.2026】🎄,2026-04-23T14:00:00Z,https://www.youtube.com/watch?v=YMV8q_rhaKQ,https://i.ytimg.com/vi/YMV8q_rhaKQ/mqdefault_live.jpg
50433c34f368460c9cda947f292a62b4,upcoming,【PRAGMATA🛰️＃3】跟爸爸一起回地球吧！【人機迷網】【貓宮步夢】,2026-04-23T15:00:00Z,https://www.youtube.com/watch?v=Xl3MAhGpKgc,https://i.ytimg.com/vi/Xl3MAhGpKgc/mqdefault_live.jpg
d5fdf5fc55d14476908e416e6d43c121,upcoming,【情境向ASMR】老師讓我今晚留下來晚自習，說要給我特別輔導...❄️人聲／呢喃／劇情／低音【雪之下織雪／芥川組】,2026-04-23T15:00:00Z,https://www.youtube.com/watch?v=6ZbHzFTCWx0,https://i.ytimg.com/vi/6ZbHzFTCWx0/mqdefault_live.jpg
cc882664d9794fb88b06a5a0aa1591ae,upcoming,🔴4月24日 月川早晨3D💙香港天氣報告﹑交通消息、凌晨新聞摘要﹑星座運程﹑連登Threads趣聞 即時最新突發資訊全攻略｜月川MoonRiver #天氣 #新聞 #直播 #VTuber,2026-04-23T23:00:00Z,https://www.youtube.com/watch?v=b2IgyUIb178,https://i.ytimg.com/vi/b2IgyUIb178/mqdefault_live.jpg
788611c913b04d999011628637657bee,upcoming,殺戮尖塔2 🎮 那個垃圾門真的會讓人很想摔....拍桌子 △ 米婭 Ft.心結小隊,2026-04-24T01:30:00Z,https://www.youtube.com/watch?v=osY8WVoR9ME,https://i.ytimg.com/vi/osY8WVoR9ME/mqdefault_live.jpg
a5f7302f9f1a4fcdb2471c4bc52a05fb,upcoming,殺戮尖塔2｜#4 這遊戲也還好嘛？三人同心其利斷金 ft.米婭、諾芙【玖璐】,2026-04-24T01:30:00Z,https://www.youtube.com/watch?v=eWJoKgwGDTA,https://i.ytimg.com/vi/eWJoKgwGDTA/mqdefault_live.jpg
5d2231ea88fd474d8a11e5a759899216,upcoming,【新聞雜談✦04/24】根本工商小天才【十六月OctJun】,2026-04-24T02:00:00Z,https://www.youtube.com/watch?v=4NQ8bvPcQmE,https://i.ytimg.com/vi/4NQ8bvPcQmE/mqdefault_live.jpg
c65e7caaf81a43249d5132b9fe312b24,upcoming,This Vtuber Plays Violin!! (Acoustic violin today),2026-04-24T02:30:00Z,https://www.youtube.com/watch?v=0y902Llgpjw,https://i.ytimg.com/vi/0y902Llgpjw/mqdefault_live.jpg
fbced2373c5a48f6abee998296f20617,upcoming,【#觀眾場 】我肯定是進步了!肯定~ ｜芙樂兒🍭MojoyLive 二期生,2026-04-24T03:00:00Z,https://www.youtube.com/watch?v=RC7h1nzR9NQ,https://i.ytimg.com/vi/RC7h1nzR9NQ/mqdefault_live.jpg
8f0b41303e8a481689fe4309a565ecd3,upcoming,[ 練唱歌回 ] 練習日文歌，如果失敗的話... 咕咕披薩... 下播鎖三階會限 #初見歡迎💙,2026-04-24T05:00:00Z,https://www.youtube.com/watch?v=gnLd6an-1WI,https://i.ytimg.com/vi/gnLd6an-1WI/mqdefault_live.jpg
afb80b53c4a543e28eb165f036bc8e4f,upcoming,【雜談】想和你們最後聊聊！│【喬伊 Joey 】,2026-04-24T05:30:00Z,https://www.youtube.com/watch?v=c8vMe21RczA,https://i.ytimg.com/vi/c8vMe21RczA/mqdefault_live.jpg
d475848a566848dc9f6ad02707d87e2a,upcoming,2026 新衣裝發佈！【HKVTuber/Ding】,2026-04-24T06:00:00Z,https://www.youtube.com/watch?v=t2kTURmdiVQ,https://i.ytimg.com/vi/t2kTURmdiVQ/mqdefault_live.jpg
5d2231ea88fd474d8a11e5a759899216,upcoming,【Celeste】聽說是在勵志過程中，毀滅人心的2D跑酷登山遊戲？【十六月OctJun】,2026-04-24T06:00:00Z,https://www.youtube.com/watch?v=VeV9cO4QfCY,https://i.ytimg.com/vi/VeV9cO4QfCY/mqdefault_live.jpg
2f0a0ee6478c45ae8af28953b4c370be,upcoming,二周年✦大家！虎KO二周年啦～！新周邊&特殊活動啟動🐯🐯🐯｛愉快販｝#初見歡迎,2026-04-24T07:00:00Z,https://www.youtube.com/watch?v=VxojuwACBWc,https://i.ytimg.com/vi/VxojuwACBWc/mqdefault_live.jpg
fe1abd28f3114015ac31ae1821e8dd3f,upcoming,あの夏の思い出 (Cover),2026-04-24T10:00:00Z,https://www.youtube.com/watch?v=h7tcrRFJLVU,https://i.ytimg.com/vi/h7tcrRFJLVU/mqdefault.jpg
cbba76fd34d74307a9f826e03b8e4db5,upcoming,【悠夢聽你說】來一起聽聽看大家的心事或八卦吧~ep.2 #歡迎降落【彩羽悠夢Yume】,2026-04-24T10:00:00Z,https://www.youtube.com/watch?v=Xp7IH4dPHog,https://i.ytimg.com/vi/Xp7IH4dPHog/mqdefault_live.jpg
9b11be3138284ff3904d3292d6aaa284,upcoming,ハチ様のマトリョシカ、Vtuber二人で歌ってみた | HKV party!,2026-04-24T10:00:00Z,https://www.youtube.com/watch?v=SD-PZpKEjpk,https://i.ytimg.com/vi/SD-PZpKEjpk/mqdefault.jpg
ca8d038d311e4cccb2deded15cee89cd,upcoming,「master duel」打打rank(20260424 #masterduel,2026-04-24T11:00:00Z,https://www.youtube.com/watch?v=baxWn46uuSg,https://i.ytimg.com/vi/baxWn46uuSg/mqdefault_live.jpg
40c846b91c4a44a980eddf20f0f789c0,upcoming,🩵˙˚ ᕱ⑅ᕱ ˚˙[圖奇雙開!!!連動 w./彼岸幸]音量注意(⸝⸝⸝´ꇴ`⸝⸝⸝),2026-04-24T11:00:00Z,https://www.youtube.com/watch?v=wj_a_jTaGW4,https://i.ytimg.com/vi/wj_a_jTaGW4/mqdefault_live.jpg
4b53aa789e544bd9aaecc9fbc79e4bbe,upcoming,【Req・リク◎】毎週定期歌枠！まったり歌います～🫧【#あのねホタルちゃん 】#歌枠 #vsinger #弾き語り,2026-04-24T11:00:00Z,https://www.youtube.com/watch?v=qcfIl3EA8as,https://i.ytimg.com/vi/qcfIl3EA8as/mqdefault_live.jpg
139f3f1818a2420aa35d5471adaf1a73,upcoming,🐰【暈暈電波症候群⚡】發售啦！中毒性電波音樂～全世界一起瘋狂吧！*ଘ(੭*ˊᵕˋ)੭* ੈ✩‧₊˚【愛庫娃ErosEkwa】,2026-04-24T11:30:00Z,https://www.youtube.com/watch?v=BEQX3HN4_BY,https://i.ytimg.com/vi/BEQX3HN4_BY/mqdefault_live.jpg
5de329cf8bc5410fb40ef38d117be94d,upcoming,【Minecraft】像素轉生-會飛之後可以去哪呢? #冬鈴 #minecraft,2026-04-24T12:00:00Z,https://www.youtube.com/watch?v=3hVngVi9-CU,https://i.ytimg.com/vi/3hVngVi9-CU/mqdefault_live.jpg
a168211aa3dd451cb33e09b80df0ea0a,upcoming,"【遊戲王 MASTER DUEL】觀眾場!歡迎來交流,閃刀牌練習｜神崎アルファ",2026-04-24T12:00:00Z,https://www.youtube.com/watch?v=BnjEiLSxZ9A,https://i.ytimg.com/vi/BnjEiLSxZ9A/mqdefault_live.jpg
7c18bc597298484c8f2925759fc1ac4a,upcoming,【Pragmata】左腦打右腦🧠Day2【牙羽 HKVTuber】,2026-04-24T12:00:00Z,https://www.youtube.com/watch?v=No7FJRYGCeQ,https://i.ytimg.com/vi/No7FJRYGCeQ/mqdefault_live.jpg
05be4fb717614738a87daac46157ddb1,upcoming,【進擊的巨人 #從頭開始追 S2~】第二季開始！我們要去那個神秘的地方解開謎底了．．．吧？巴哈姆特動畫瘋同步視聽！ #藥師寺丹 #每週五晚間八點一起追 #心臓を捧げよ #丹粒做夥追動畫,2026-04-24T12:00:00Z,https://www.youtube.com/watch?v=sKUVZH3shAE,https://i.ytimg.com/vi/sKUVZH3shAE/mqdefault_live.jpg
7ebc0dc9fdf3442688ecd63bbdc30c51,upcoming,【fate/stay night UBW 第二季 [1]~[13]／初見歡迎】Fate補番計畫會是繼續下去還是停留在這呢😨無論如何先看完就對了👀✨【薄荷巧克力🌱🍫】,2026-04-24T12:00:00Z,https://www.youtube.com/watch?v=ldleK7BRjqg,https://i.ytimg.com/vi/ldleK7BRjqg/mqdefault_live.jpg
8ae0f370cf124faa953a09089a427fd9,upcoming,《樂高星際大戰：天行者傳奇》#4 四部曲：曙光乍現,2026-04-24T12:00:00Z,https://www.youtube.com/watch?v=WzKwW9ZidG0,https://i.ytimg.com/vi/WzKwW9ZidG0/mqdefault_live.jpg
fec8644970684cffbbae8dd37a52d59c,upcoming,【#LOL】ARAM 參加型,2026-04-24T12:00:00Z,https://www.youtube.com/watch?v=AkpZu18j4lk,https://i.ytimg.com/vi/AkpZu18j4lk/mqdefault_live.jpg
824bd7df6923453292dec9ff3e3f664a,upcoming,【天月麻雀】觀眾場挑戰！限量福利快來領取RRRrr【#遊戲】(P.OOO)　#VTuber　#天月麻雀　#水母暮暮,2026-04-24T12:00:00Z,https://www.youtube.com/watch?v=IESYB4Tbtlg,https://i.ytimg.com/vi/IESYB4Tbtlg/mqdefault_live.jpg
c04f006e69e04000a68cd0c41f888eb2,upcoming,【 四週年慶祝🎉】頻道&黑炭生日慶祝🐾🥳 ✧週邊購買資訊公開✧ | Rluo Ch. 阿洛,2026-04-24T12:00:00Z,https://www.youtube.com/watch?v=evqkRF2fuCg,https://i.ytimg.com/vi/evqkRF2fuCg/mqdefault_live.jpg
02dadd7977b8412b99f101241de4cb3f,upcoming,【Raft】觀眾場海上探險來囉 #13,2026-04-24T12:30:00Z,https://www.youtube.com/watch?v=tg19FGBWQog,https://i.ytimg.com/vi/tg19FGBWQog/mqdefault_live.jpg
40c846b91c4a44a980eddf20f0f789c0,upcoming,🩵˙˚ ᕱ⑅ᕱ ˚˙[圖奇雙開!!!連動 w./彼岸幸&夜溟 ]音量注意(⸝⸝⸝´ꇴ`⸝⸝⸝),2026-04-24T12:30:00Z,https://www.youtube.com/watch?v=W0CpKVcsnWE,https://i.ytimg.com/vi/W0CpKVcsnWE/mqdefault_live.jpg
6cd8cdc530d14e2d9d0a9cd20cb6b05c,upcoming,【燕雲十六聲 #12】久違地跑主線啦！《Nanashi Yuki》#魚兒魚兒水中游,2026-04-24T12:30:00Z,https://www.youtube.com/watch?v=67tgAQpAdto,https://i.ytimg.com/vi/67tgAQpAdto/mqdefault_live.jpg
a725f6babc5f44779d7389886c6cd7b7,upcoming,【蔚藍檔案】蔚藍檔案  繼續看 救阿拜託斯劇情 【＃VTuber/＃夜羽結伊子】,2026-04-24T12:30:00Z,https://www.youtube.com/watch?v=KPPuYrrZ7JE,https://i.ytimg.com/vi/KPPuYrrZ7JE/mqdefault_live.jpg
60da3bb357d64f998006b8ca3043fd00,upcoming,【飢荒多人版】變成工具人了?!!Ft.@dzong_diary 、莫比 💤|古古.歐拉拉🐨,2026-04-24T13:00:00Z,https://www.youtube.com/watch?v=vEz9k2m4x4I,https://i.ytimg.com/vi/vEz9k2m4x4I/mqdefault_live.jpg
dbfaa5f3d01142df8a05c4946a0a22dc,upcoming,【夜間歌回🎤】想唱點輕鬆的🎵✨｜定期歌回 #76【星野EE】#初見歡迎 #降落歡迎 #shorts,2026-04-24T13:00:00Z,https://www.youtube.com/watch?v=EgweHZAbGRc,https://i.ytimg.com/vi/EgweHZAbGRc/mqdefault_live.jpg
004e635d5d494045a810b2d026e769c7,upcoming,🃏🀄🎴暗蜜刻魔！禮拜五晚上9:00直播！【直播馬拉松--遊戲王 Master Duel】,2026-04-24T13:00:00Z,https://www.youtube.com/watch?v=2zGYAC3iqlU,https://i.ytimg.com/vi/2zGYAC3iqlU/mqdefault_live.jpg
aa1bb853e814428eb663082b28309309,upcoming,【遊戲】英雄聯盟｜再次使用英雄聯盟來迎接這個周末！ #楔在進行式 #初見歡迎 #降落歡迎,2026-04-24T13:00:00Z,https://www.youtube.com/watch?v=UbGOhftrKz4,https://i.ytimg.com/vi/UbGOhftrKz4/mqdefault_live.jpg
0fbdfcc1b9cf41fdb840cf2f546d9324,upcoming,【告別回憶3】【耐久】EP.9荷嶋音緒路線part9,2026-04-24T13:00:00Z,https://www.youtube.com/watch?v=bNY76n_Qcec,https://i.ytimg.com/vi/bNY76n_Qcec/mqdefault_live.jpg
1ae72d56be5547b1825cdc0fdc0cce2e,upcoming,悄咪咪回歸啦 !｜卡密拉｜MojoyLive 二期生,2026-04-24T13:15:00Z,https://www.youtube.com/watch?v=kDeNTh0mGes,https://i.ytimg.com/vi/kDeNTh0mGes/mqdefault_live.jpg
e1b2337b79d1449e9ae6a754ec74050d,upcoming,【會限發問】【你問書答】【#33】4月份，為5月份作準備【香港VTUBER】,2026-04-24T13:30:00Z,https://www.youtube.com/watch?v=XPs0dGfB67w,https://i.ytimg.com/vi/XPs0dGfB67w/mqdefault_live.jpg
6559d42f66684b8f80b4cd4589addd85,upcoming,【 燕雲十六聲  】手殘主播被觀眾騙入坑〖鴨鴨伊比．AhiruIbi 〗,2026-04-24T13:30:00Z,https://www.youtube.com/watch?v=1fSouoVcCK0,https://i.ytimg.com/vi/1fSouoVcCK0/mqdefault_live.jpg
9b424d3a99ef4fc3b17bc7fef92fefd3,upcoming,Dying Light【消逝的光芒】PART 4 - 要進入另一個人地方尋找另一個博士才能拿解藥！,2026-04-24T14:00:00Z,https://www.youtube.com/watch?v=WDK9ei58VOo,https://i.ytimg.com/vi/WDK9ei58VOo/mqdefault_live.jpg
58304450990a433b88acd02b889b74e6,upcoming,開車兜風順便聊聊天吧owo｜兜風瓦聊｜歡迎降落｜塔瓦Tawa｜,2026-04-24T14:30:00Z,https://www.youtube.com/watch?v=m4nFNPL4434,https://i.ytimg.com/vi/m4nFNPL4434/mqdefault_live.jpg
cc882664d9794fb88b06a5a0aa1591ae,upcoming,🔴【兔兔秘密花園2 #3】太色了💦收台轉會限Lv2🚫 BUNNY GARDEN 2 バニーガーデン2【月川MoonRiver 香港VTuber HKVTuber 中文】#香港 #遊戲 #直播 #粵語,2026-04-24T14:30:00Z,https://www.youtube.com/watch?v=UkNy4lb-TDY,https://i.ytimg.com/vi/UkNy4lb-TDY/mqdefault_live.jpg
fe569b0c059e406daf57eb2acd11cc21,upcoming,【💫嘟比的深夜鬼故事#112】辛苦啦!一起來聽鬼故事睡覺~另外我快要有女兒了真的!!,2026-04-24T15:45:00Z,https://www.youtube.com/watch?v=kswQmkUmCF8,https://i.ytimg.com/vi/kswQmkUmCF8/mqdefault_live.jpg
031da54f73f94adf8159ef0d3bfeb52b,upcoming,所長的深夜美食：NICHIREI-冷凍蕃茄風味飯（第211碗）,2026-04-24T16:15:00Z,https://www.youtube.com/watch?v=jFcRWnJG-0M,https://i.ytimg.com/vi/jFcRWnJG-0M/mqdefault_live.jpg
f81d4ef6f2f54e0c8c6d12a09e1fa5c7,upcoming,【早灣NA:33】早安早安~起床來打聲招呼呀~! ☆史黛娜Stena★ #vtuber  #朝活,2026-04-24T22:30:00Z,https://www.youtube.com/watch?v=iV1Jw4E68BQ,https://i.ytimg.com/vi/iV1Jw4E68BQ/mqdefault_live.jpg
fec8644970684cffbbae8dd37a52d59c,upcoming,❄️ 【#朝活羽你10】答案之書- 你的命運由我來亂講｜#雜談,2026-04-25T00:00:00Z,https://www.youtube.com/watch?v=z3lnj281cBs,https://i.ytimg.com/vi/z3lnj281cBs/mqdefault_live.jpg
a5f7302f9f1a4fcdb2471c4bc52a05fb,upcoming,林中小女巫｜#13 催眠台！會讓你非常非常非常想睡覺【玖璐】,2026-04-25T01:30:00Z,https://www.youtube.com/watch?v=yFKjGofXsO0,https://i.ytimg.com/vi/yFKjGofXsO0/mqdefault_live.jpg
0471d5082a2e419786e141d6424c9150,upcoming,《欸!蘿希你看!》hell yeah EP.30｜初見老朋友都歡迎 | #vtuber #gaming #直播 #streamer,2026-04-25T02:00:00Z,https://www.youtube.com/watch?v=5Zy1GriJpGw,https://i.ytimg.com/vi/5Zy1GriJpGw/mqdefault_live.jpg
5d2231ea88fd474d8a11e5a759899216,upcoming,【新聞雜談✦04/25】買一份水餃吧【十六月OctJun】,2026-04-25T02:00:00Z,https://www.youtube.com/watch?v=yn3pTOU3XC0,https://i.ytimg.com/vi/yn3pTOU3XC0/mqdefault_live.jpg
0471d5082a2e419786e141d6424c9150,upcoming,惡靈古堡安魂曲ep.1| 蘿希你安息吧! ｜初見老朋友都歡迎 | #vtuber #惡靈古堡安魂曲 #惡靈古堡9,2026-04-25T03:30:00Z,https://www.youtube.com/watch?v=W9srd5lKt2M,https://i.ytimg.com/vi/W9srd5lKt2M/mqdefault_live.jpg
1ccdbe5d48934f4cbabc86512dd1d357,upcoming,🇯🇵想要跟大家介紹日本的零食,2026-04-25T05:00:00Z,https://www.youtube.com/watch?v=0BkDPJcLglE,https://i.ytimg.com/vi/0BkDPJcLglE/mqdefault_live.jpg
0fbdfcc1b9cf41fdb840cf2f546d9324,upcoming,《告別回憶 双想 Break out of my shell》EP.3,2026-04-25T06:00:00Z,https://www.youtube.com/watch?v=KFpON76jPes,https://i.ytimg.com/vi/KFpON76jPes/mqdefault_live.jpg
5d2231ea88fd474d8a11e5a759899216,upcoming,【不好啦！師父被女妖精抓走了】讓郡員外看看有哪些小妖精可以蠱惑我！【十六月OctJun】,2026-04-25T06:00:00Z,https://www.youtube.com/watch?v=HN8CPvoGePQ,https://i.ytimg.com/vi/HN8CPvoGePQ/mqdefault_live.jpg
e810dcd23c334fd184d254718517764e,upcoming,【Resident Evil Requiem | 生化危機 安魂曲】終局【香港Vtuber】,2026-04-25T06:30:00Z,https://www.youtube.com/watch?v=pirwak_tA-U,https://i.ytimg.com/vi/pirwak_tA-U/mqdefault_live.jpg
247215e876d24dae9932464b75fc577c,upcoming,【0425 #給龍寶上五柱香】五周年活動 tag 欣賞 以及公開五周年活動限定周邊和賀圖唷 | 高維爾聊天 #台灣Vtuber,2026-04-25T07:00:00Z,https://www.youtube.com/watch?v=Ss7aHg1NX_A,https://i.ytimg.com/vi/Ss7aHg1NX_A/mqdefault_live.jpg
5ee9f1126dcf463e8d6afc8ef113d084,upcoming,【命運石之門】聽說很有名，但我沒看過 #初見歡迎〔洛琳 LuoLiyn〕,2026-04-25T08:10:00Z,https://www.youtube.com/watch?v=L_P-xPE2yoo,https://i.ytimg.com/vi/L_P-xPE2yoo/mqdefault_live.jpg
7d66bf98da354f72baee891cdd91855b,upcoming,《降珞》- Cetro賽特珞 x Sid東東 collab song [original],2026-04-25T09:00:00Z,https://www.youtube.com/watch?v=Vi6kykFZhnI,https://i.ytimg.com/vi/Vi6kykFZhnI/mqdefault.jpg
729621ce509b4641ad8cde76dec037d0,upcoming,✧重大好消息告知✧先來聽歌！再來告訴你！||希妮·亞里絲🤍SinnieAris✨,2026-04-25T09:00:00Z,https://www.youtube.com/watch?v=-Vf2I-YiULI,https://i.ytimg.com/vi/-Vf2I-YiULI/mqdefault_live.jpg
729621ce509b4641ad8cde76dec037d0,upcoming,✧重大告知✧,2026-04-25T10:30:00Z,https://www.youtube.com/watch?v=a03jgfMCy60,https://i.ytimg.com/vi/a03jgfMCy60/mqdefault.jpg
40c846b91c4a44a980eddf20f0f789c0,upcoming,🩵˙˚ ᕱ⑅ᕱ ˚˙[圖奇雙開!!!兔寶場APEX APEX!!!!很久沒玩了欸!!]壓齁~~嗚呼~~~~ 音量注意(⸝⸝⸝´ꇴ`⸝⸝⸝),2026-04-25T11:00:00Z,https://www.youtube.com/watch?v=AUNeIr5sVMI,https://i.ytimg.com/vi/AUNeIr5sVMI/mqdefault_live.jpg
54b0131ceb734643b23b1eefee31cca0,upcoming,【歌ってみた】アヤノの幸福理論  / じん【雨恩-あめ-】,2026-04-25T11:30:00Z,https://www.youtube.com/watch?v=WuiWLuUlD1U,https://i.ytimg.com/vi/WuiWLuUlD1U/mqdefault.jpg
483a76d7ad1d464aa290606959ddddec,upcoming,【P的謊言 序曲🦋#4】初見DLC！四月是P的謊言🌹｜Lies of P Overture｜Timu蒂姆,2026-04-25T12:00:00Z,https://www.youtube.com/watch?v=4pEDOhQEgac,https://i.ytimg.com/vi/4pEDOhQEgac/mqdefault_live.jpg
d2da40bb201e49ddbd6a8780bfaf8b63,upcoming,｜2026.04.25｜穿越爽劇終於輪到我了!? RO大佬帶我飛｜北宮雨音｜揪團轉盤／!dc／!yt／!指令｜#RO世界之旅新服開荒｜,2026-04-25T12:00:00Z,https://www.youtube.com/watch?v=2-0bx3XzzqY,https://i.ytimg.com/vi/2-0bx3XzzqY/mqdefault_live.jpg
8ae0f370cf124faa953a09089a427fd9,upcoming,《樂高星際大戰：天行者傳奇》#5 五部曲：帝國大反擊,2026-04-25T12:00:00Z,https://www.youtube.com/watch?v=__5FQTVe1Ro,https://i.ytimg.com/vi/__5FQTVe1Ro/mqdefault_live.jpg
2d9ef8be75c34daf9ce9d17ecbbe0f7a,upcoming,◖活俠傳◗就是要戰你娘親啦(? #初見歡迎 #降落歡迎 #Vtuber #奶茶當水喝🍼,2026-04-25T12:00:00Z,https://www.youtube.com/watch?v=jojrLEUOqOk,https://i.ytimg.com/vi/jojrLEUOqOk/mqdefault_live.jpg
43e557d175ce462b97c4c406954d8c04,upcoming,🎄【🀄雀魂 Mahjong Soul】第3屆Kabird杯17人雀魂日麻大賽 \ 初見歡迎！/【⭐一隻阿橋 | 國語 | HKVtuber🐿️】【25.04.2026】🎄,2026-04-25T12:00:00Z,https://www.youtube.com/watch?v=baUsuSlJGkg,https://i.ytimg.com/vi/baUsuSlJGkg/mqdefault_live.jpg
6f9d63518a69442a88ac602a3b37bf18,upcoming,【VTuber注意】網紅稅怎麼報？一不小心就會被罰錢怎麼辦！feat. 記帳士 郭姵岑,2026-04-25T12:00:00Z,https://www.youtube.com/watch?v=2pQMnfNAnx8,https://i.ytimg.com/vi/2pQMnfNAnx8/mqdefault_live.jpg
a168211aa3dd451cb33e09b80df0ea0a,upcoming,"【同步視聽】今天來看大作! 關於我轉生變成史萊姆這檔事,歡迎大家一起來看 第一季13集開始｜神崎アルファ",2026-04-25T12:30:00Z,https://www.youtube.com/watch?v=KyCQZHHn-Mk,https://i.ytimg.com/vi/KyCQZHHn-Mk/mqdefault_live.jpg
02dadd7977b8412b99f101241de4cb3f,upcoming,【精選歌回】甜甜的好聽歌曲,2026-04-25T12:30:00Z,https://www.youtube.com/watch?v=SGuRqCtr-gg,https://i.ytimg.com/vi/SGuRqCtr-gg/mqdefault_live.jpg
a725f6babc5f44779d7389886c6cd7b7,upcoming,【HELLDIVERS™】收集勳章 | 伊伊陪玩不收費不限制會員 | 遊玩新配置 | 全場破關換隊 | 隨機戰線觀眾自選 |  結伊戰兵隊出發! |  【＃VTuber/＃夜羽結伊子】,2026-04-25T12:30:00Z,https://www.youtube.com/watch?v=fMl2bhXjEBk,https://i.ytimg.com/vi/fMl2bhXjEBk/mqdefault_live.jpg
834afd07257a43ac9f61085f79449be1,upcoming,VALORANT 特戰英豪｜初見!!!看前記得準備好降壓藥呦:D｜提拉米蘇Tiramisu,2026-04-25T12:30:15Z,https://www.youtube.com/watch?v=z8ubLvPcgKk,https://i.ytimg.com/vi/z8ubLvPcgKk/mqdefault_live.jpg
637a5867616a436ba0f7cdd36057f55a,upcoming,與菓深聊 | 人之初性本善嗎? 今天一起從 [ 乩身 ] 探討這個問題!!!,2026-04-25T13:00:00Z,https://www.youtube.com/watch?v=QIqGwRInL64,https://i.ytimg.com/vi/QIqGwRInL64/mqdefault_live.jpg
c8ef4e3182b74ecd994c837a75624390,upcoming,【假裝工作實則摸魚的工作台】來做點台語迷因！,2026-04-25T13:00:00Z,https://www.youtube.com/watch?v=mhw1ZAzh28Q,https://i.ytimg.com/vi/mhw1ZAzh28Q/mqdefault_live.jpg
60da3bb357d64f998006b8ca3043fd00,upcoming,【Stardew Valley】我要存300萬💤|古古.歐拉拉🐨,2026-04-25T13:00:00Z,https://www.youtube.com/watch?v=sd3QoU4Eiq0,https://i.ytimg.com/vi/sd3QoU4Eiq0/mqdefault_live.jpg
5da1b6db7796434f9180d2f5e210ea6c,upcoming,凌霄花 Campsis - 花陸万宵Mayo【Official Music Video】,2026-04-25T13:00:00Z,https://www.youtube.com/watch?v=iLL-t7ANpuU,https://i.ytimg.com/vi/iLL-t7ANpuU/mqdefault.jpg
32ce3b3861fe4b5a98d5adc9a704bbf1,upcoming,🥀【#初配信】霧金WuKin | 帶給大家溫暖的渡鴉  | 初見安安,2026-04-25T13:00:00Z,https://www.youtube.com/watch?v=EanMnzJDcLU,https://i.ytimg.com/vi/EanMnzJDcLU/mqdefault_live.jpg
0fbdfcc1b9cf41fdb840cf2f546d9324,upcoming,《告別回憶 双想 Break out of my shell》EP.4,2026-04-25T13:00:00Z,https://www.youtube.com/watch?v=10ZPiUeMY44,https://i.ytimg.com/vi/10ZPiUeMY44/mqdefault_live.jpg
3bc6afb820df4f59b2c6ff1c25d1eed3,upcoming,"🌹【Stardew Valley】星露谷物語#04 w/ Diria Julie, Koi, Rio 2026-04-25【香港Vtuber】",2026-04-25T13:00:01Z,https://www.youtube.com/watch?v=caVzhO96vEc,https://i.ytimg.com/vi/caVzhO96vEc/mqdefault_live.jpg
7ebc0dc9fdf3442688ecd63bbdc30c51,upcoming,【交錯的想念／初見歡迎】難得來看一下要被下架的動畫電影👀✨據說是非常好評的戀愛群像劇💭【薄荷巧克力🌱🍫】,2026-04-25T13:30:00Z,https://www.youtube.com/watch?v=kT8BCAtFNKQ,https://i.ytimg.com/vi/kT8BCAtFNKQ/mqdefault_live.jpg
5b996b6eca90491cb8e1a43de23b2388,upcoming,【擠捏捏】📸開鏡福利📸哞~~~要不要喝鮮榨牛奶｜坎妮絲,2026-04-25T14:00:00Z,https://www.youtube.com/watch?v=HUWfiEQ7xL4,https://i.ytimg.com/vi/HUWfiEQ7xL4/mqdefault_live.jpg
32ce3b3861fe4b5a98d5adc9a704bbf1,upcoming,【#歌枠】初配後熱血開唱! ! #初見歓迎,2026-04-25T14:00:00Z,https://www.youtube.com/watch?v=kae_GFLmyRU,https://i.ytimg.com/vi/kae_GFLmyRU/mqdefault_live.jpg
58304450990a433b88acd02b889b74e6,upcoming,你們寫這甚麼爛故事！誰畫得出來啊QwQ｜ 晚安繪本｜歡迎降落｜塔瓦Tawa｜,2026-04-25T14:30:00Z,https://www.youtube.com/watch?v=o4CK4zRwoIE,https://i.ytimg.com/vi/o4CK4zRwoIE/mqdefault_live.jpg
fe569b0c059e406daf57eb2acd11cc21,upcoming,【深夜推坑#1】 來看看這個大巨人傳說!一起來研究恐怖東西然後睡不著,2026-04-25T15:00:00Z,https://www.youtube.com/watch?v=5titDX5AG4s,https://i.ytimg.com/vi/5titDX5AG4s/mqdefault_live.jpg
50433c34f368460c9cda947f292a62b4,upcoming,【尼爾：自動人形♟️＃6】一點一滴地揭開機械生物的心【二周目進行中】【NieR: Automata】【貓宮步夢】,2026-04-25T15:00:00Z,https://www.youtube.com/watch?v=iqIo10bs-OA,https://i.ytimg.com/vi/iqIo10bs-OA/mqdefault_live.jpg
7ebc0dc9fdf3442688ecd63bbdc30c51,upcoming,【挑戰直播／初見歡迎】這次想要收集到住在22個縣市的觀眾🙌在中午之前能夠順利達成嗎👀✨【薄荷巧克力🌱🍫】,2026-04-26T00:00:00Z,https://www.youtube.com/watch?v=EpO5slgZsmc,https://i.ytimg.com/vi/EpO5slgZsmc/mqdefault_live.jpg
6ddea98137e2429eb0e9c4025ad9294f,upcoming,【歌回】早安歌回 跟我說早安的話你就會得到一個被早安的開心我| 韶花 #初見歡迎 #降落歡迎,2026-04-26T02:00:00Z,https://www.youtube.com/watch?v=vsOpSURkYPQ,https://i.ytimg.com/vi/vsOpSURkYPQ/mqdefault_live.jpg
5d2231ea88fd474d8a11e5a759899216,upcoming,【新聞雜談✦04/26】有香菜以外的口味【十六月OctJun】,2026-04-26T02:00:00Z,https://www.youtube.com/watch?v=PWOnEwP8MR0,https://i.ytimg.com/vi/PWOnEwP8MR0/mqdefault_live.jpg
ca8d038d311e4cccb2deded15cee89cd,upcoming,「缺氧」史前小行星_蜂巢增建+核電規劃(20260426,2026-04-26T05:00:00Z,https://www.youtube.com/watch?v=UAzu37Osnv0,https://i.ytimg.com/vi/UAzu37Osnv0/mqdefault_live.jpg
cd88de8b4bc84a71975df9afb42192b8,upcoming,學妹銑床求教【中風警告】可能開也可能不開~,2026-04-26T05:00:00Z,https://www.youtube.com/watch?v=j9hqsa87vXk,https://i.ytimg.com/vi/j9hqsa87vXk/mqdefault_live.jpg
c65e7caaf81a43249d5132b9fe312b24,upcoming,Violin Vtuber ENDS your doomscrolling!!,2026-04-26T05:30:00Z,https://www.youtube.com/watch?v=_PM2m8zVZ94,https://i.ytimg.com/vi/_PM2m8zVZ94/mqdefault_live.jpg
40c846b91c4a44a980eddf20f0f789c0,upcoming,🩵˙˚ ᕱ⑅ᕱ ˚˙[圖奇雙開!!❄️APEX冰火邀請娛樂賽🔥 感謝 NARA&桃姨邀請 ]音量注意(⸝⸝⸝´ꇴ`⸝⸝⸝),2026-04-26T06:00:00Z,https://www.youtube.com/watch?v=BMXFZqQXrKg,https://i.ytimg.com/vi/BMXFZqQXrKg/mqdefault_live.jpg
107ad23090e649b8935850f3d78ded99,upcoming,【腦葉公司】DAY49：即將填滿日曆（Lobotomy Corporation）#30🦊遊戲Gaming【Le² Hooni 狐泥】個人勢Vtuber,2026-04-26T06:00:00Z,https://www.youtube.com/watch?v=iVsYuBRCRL0,https://i.ytimg.com/vi/iVsYuBRCRL0/mqdefault_live.jpg
afb80b53c4a543e28eb165f036bc8e4f,upcoming,【再見喬伊】謝謝陪伴我367天的泛用皮！好好辦個最後感謝日！│【喬伊 Joey 】,2026-04-26T06:00:00Z,https://www.youtube.com/watch?v=oaiPbccJycw,https://i.ytimg.com/vi/oaiPbccJycw/mqdefault_live.jpg
0fbdfcc1b9cf41fdb840cf2f546d9324,upcoming,【After Rain】【卒業】【耐久】【全結局鑑賞】4,2026-04-26T06:00:00Z,https://www.youtube.com/watch?v=pDS6hsuopgM,https://i.ytimg.com/vi/pDS6hsuopgM/mqdefault_live.jpg
5d2231ea88fd474d8a11e5a759899216,upcoming,【返校】Detention｜1960年代的白色恐怖，那些不該遺忘的歷史記憶【十六月OctJun】,2026-04-26T06:00:00Z,https://www.youtube.com/watch?v=ybuegFrHy4k,https://i.ytimg.com/vi/ybuegFrHy4k/mqdefault_live.jpg
2760c9a44c20464d8e140e6367ed1cdf,upcoming,【歌雜】咕咕嘎嘎！,2026-04-26T06:10:00Z,https://www.youtube.com/watch?v=TApJ-coTRq4,https://i.ytimg.com/vi/TApJ-coTRq4/mqdefault_live.jpg
02dadd7977b8412b99f101241de4cb3f,upcoming,【零~紅蝶 Remake】相機無雙 #2,2026-04-26T07:00:00Z,https://www.youtube.com/watch?v=Km0hA1OhFk8,https://i.ytimg.com/vi/Km0hA1OhFk8/mqdefault_live.jpg
cbba76fd34d74307a9f826e03b8e4db5,upcoming,【殘酷二選一】NG的男生行為(´ー`) with.YUKI #歡迎降落【彩羽悠夢Yume】,2026-04-26T07:00:00Z,https://www.youtube.com/watch?v=JAye-WB6djM,https://i.ytimg.com/vi/JAye-WB6djM/mqdefault_live.jpg
247215e876d24dae9932464b75fc577c,upcoming,【0415 世界藝術日】想要衝會籍數量的龍 決定來玩龍派畫畫一番賞 | 高維爾聊天 #台灣Vtuber,2026-04-26T08:00:00Z,https://www.youtube.com/watch?v=ghmFvKOddOI,https://i.ytimg.com/vi/ghmFvKOddOI/mqdefault_live.jpg
d6c4708f6eb94ac6ad7668363b132248,upcoming,【 #薩琪的塔羅牌占卜台 】來為主人占卜下週的運勢！【 #人偶薩賓娜 #占卜 】,2026-04-26T10:00:00Z,https://www.youtube.com/watch?v=FXyx9EbIqZA,https://i.ytimg.com/vi/FXyx9EbIqZA/mqdefault_live.jpg
a052e4ff345b41919ab0f13a5b10ff02,upcoming,【小說家找優質作品】來Penana逛逛好作品 #vtuber中文 #小說投稿 #寫作,2026-04-26T11:00:00Z,https://www.youtube.com/watch?v=aV6zVrOGf0w,https://i.ytimg.com/vi/aV6zVrOGf0w/mqdefault_live.jpg
306117a48f3445baad1d6a919ed340bb,upcoming,【收益化慶祝】會員開通+貼圖+說明/李李生日/超級感謝｡ﾟヽ(ﾟ´Д`)ﾉﾟ｡ 20260426#台灣Vtuber#初見歡迎 #降落歡迎,2026-04-26T12:00:00Z,https://www.youtube.com/watch?v=mCRmKdwlzm8,https://i.ytimg.com/vi/mCRmKdwlzm8/mqdefault_live.jpg
dbfaa5f3d01142df8a05c4946a0a22dc,upcoming,【雲端旅遊約會✈️🧳】一起去京都大阪約會約會❤️ 行前規劃✨｜歡迎入內聊天☀️【星野EE】 #初見歡迎 #降落歡迎,2026-04-26T12:00:00Z,https://www.youtube.com/watch?v=bbKbLBLvfOE,https://i.ytimg.com/vi/bbKbLBLvfOE/mqdefault_live.jpg
f1bcb26adebc4b95abd8fb779dfc4f6f,upcoming,《與貓同行 Demo 》同時變成人類與貓咪，展開冒險旅程真是太酷辣!!☀ 柯琳焙可#初見歡迎 #降落歡迎,2026-04-26T12:00:00Z,https://www.youtube.com/watch?v=Y6DRbiBpq2A,https://i.ytimg.com/vi/Y6DRbiBpq2A/mqdefault_live.jpg
6ddea98137e2429eb0e9c4025ad9294f,upcoming,【遊戲】沉沒意志 真的要前進第四天! 希望能一次玩完刺激的第四天 | 韶花 #初見歡迎 #降落歡迎,2026-04-26T12:00:00Z,https://www.youtube.com/watch?v=VOmzFz0yRAU,https://i.ytimg.com/vi/VOmzFz0yRAU/mqdefault_live.jpg
fa83a68ebfff419983124d69373ede6f,upcoming,【主題雜談】跟風！來聊聊跟熊熊交往的優點跟缺點？！【熊野紅葉Kumano Momiji】,2026-04-26T12:00:46Z,https://www.youtube.com/watch?v=ypLJC-kAAxw,https://i.ytimg.com/vi/ypLJC-kAAxw/mqdefault_live.jpg
60da3bb357d64f998006b8ca3043fd00,upcoming,【雜談 】折折折!!💤|古古.歐拉拉🐨|,2026-04-26T13:00:00Z,https://www.youtube.com/watch?v=gftyu2JUEa0,https://i.ytimg.com/vi/gftyu2JUEa0/mqdefault_live.jpg
0fbdfcc1b9cf41fdb840cf2f546d9324,upcoming,【After Rain】【卒業】【耐久】【全結局鑑賞】5,2026-04-26T13:00:00Z,https://www.youtube.com/watch?v=i6Pv7sj5wK0,https://i.ytimg.com/vi/i6Pv7sj5wK0/mqdefault_live.jpg
e1b2337b79d1449e9ae6a754ec74050d,upcoming,【3D】KCUP化香港vtuber正能量擔當（自稱）小丑魚水澄のぞみ ！【香港VTUBER】,2026-04-26T13:30:00Z,https://www.youtube.com/watch?v=RngA36ygNYg,https://i.ytimg.com/vi/RngA36ygNYg/mqdefault_live.jpg
d13fdb8fdd3049e5bf80b5ab0fa8a1a6,upcoming,《⚓大航海Online #遊雜》航行~~~~~~🐾 ｜#外星貓Vtuber直播 #女神約會日,2026-04-26T14:30:00Z,https://www.youtube.com/watch?v=798LHjpdpug,https://i.ytimg.com/vi/798LHjpdpug/mqdefault_live.jpg
dc0868efeac540bfac9b383bd65a82e6,upcoming,◈讓作品為你度過人生的春夏秋冬-主題雜談　 #雜談配信 #新人Vtuber,2026-04-26T15:00:00Z,https://www.youtube.com/watch?v=K-Biqab6OiE,https://i.ytimg.com/vi/K-Biqab6OiE/mqdefault_live.jpg
2f0a0ee6478c45ae8af28953b4c370be,upcoming,繪圖雜談✦又是立繪委託！辣個性感的男倫🏯⛩️０３｛愉快販｝#初見歡迎,2026-04-27T06:00:00Z,https://www.youtube.com/watch?v=RCRUBsE_drE,https://i.ytimg.com/vi/RCRUBsE_drE/mqdefault_live.jpg
1fdc000815cc476dbc9d19aa431305b5,upcoming,【一茶一繪】我的朋友都很難約，小汐，你是其中一個【亞菲忒 Aphitita】ft.七小汐,2026-04-27T12:30:00Z,https://www.youtube.com/watch?v=XCVGg_30hgs,https://i.ytimg.com/vi/XCVGg_30hgs/mqdefault_live.jpg
31f17632340f4e7fbd0ced07193dd81b,upcoming,【競標】4/27 競標 金屬海報 ! 只有兩個 ! 得標者會簽名 !【達亞】#vtuber #台灣Vtuber,2026-04-27T13:00:00Z,https://www.youtube.com/watch?v=Smm75Qn-ulY,https://i.ytimg.com/vi/Smm75Qn-ulY/mqdefault_live.jpg
0fbdfcc1b9cf41fdb840cf2f546d9324,upcoming,《告別回憶 双想 Break out of my shell》EP.5,2026-04-27T13:00:00Z,https://www.youtube.com/watch?v=L5Y_gND-6mc,https://i.ytimg.com/vi/L5Y_gND-6mc/mqdefault_live.jpg
494d2c5daf9f4a8a8e4538687e6be14c,upcoming,【 瑟瑟總監的實體研究 2 】😈 大家的心得寫得太好了吧!?!?!  |  結尾獎品開抽!!!! #初見歡迎  【夢天堂合作飛ㄐ杯】【兔姬UsagiHime | 惡兔重工】,2026-04-27T13:00:00Z,https://www.youtube.com/watch?v=ri1rAVhSGRo,https://i.ytimg.com/vi/ri1rAVhSGRo/mqdefault_live.jpg
9be037b96ffa41c9a080edf332650649,upcoming,【深冥ノ誕生祭】2026誕生季!【レヴィア / 萊維亞】,2026-04-27T13:30:00Z,https://www.youtube.com/watch?v=1pmEBFlkqpc,https://i.ytimg.com/vi/1pmEBFlkqpc/mqdefault_live.jpg
d13fdb8fdd3049e5bf80b5ab0fa8a1a6,upcoming,《🍗緋嚐料理｜👅味增雞肉》#露手注意 這個看起來很簡單，我料理應該沒問題啦 ｜#外星貓Vtuber直播 #雜談,2026-04-27T14:30:00Z,https://www.youtube.com/watch?v=jcyyPpAeVQE,https://i.ytimg.com/vi/jcyyPpAeVQE/mqdefault_live.jpg
74d00f89697a43e6801463c71fb37172,upcoming,✝️麻優涅茲.YUU✝️/ 4月20日至4月26日的周程表😈#vtuber  #新人vtuber #台V,2026-04-27T15:30:00Z,https://www.youtube.com/watch?v=8AhfO3QqmCQ,https://i.ytimg.com/vi/8AhfO3QqmCQ/mqdefault_live.jpg
76d68171666847cc913328359037139c,upcoming,【深夜雜談】聊聊近期時事 好多混亂！ #初見歡迎 #歡迎降落 Free Talking | Just Chatting,2026-04-28T11:00:00Z,https://www.youtube.com/watch?v=etAhQ7QkHVA,https://i.ytimg.com/vi/etAhQ7QkHVA/mqdefault_live.jpg
483a76d7ad1d464aa290606959ddddec,upcoming,【新番雜談】2026.4月春💮re0/小書癡/主播女孩｜第一話感想｜動漫｜Timu蒂姆,2026-04-28T12:00:00Z,https://www.youtube.com/watch?v=b-iR_Kx3lpg,https://i.ytimg.com/vi/b-iR_Kx3lpg/mqdefault_live.jpg
1310ffb60dcf40eaaf6a08890e632234,upcoming,延期【 #誰是中之人 】VT推理？究竟誰是妙哇中之人呢？中子中子！,2026-04-28T14:00:00Z,https://www.youtube.com/watch?v=kvF-3HNQfhg,https://i.ytimg.com/vi/kvF-3HNQfhg/mqdefault_live.jpg
d13fdb8fdd3049e5bf80b5ab0fa8a1a6,upcoming,《🎉生日 #五周年後日談》拆禮物+跟v朋朋合唱 #外星貓Vtuber直播🐾,2026-04-28T14:30:00Z,https://www.youtube.com/watch?v=LQTntxGrZr8,https://i.ytimg.com/vi/LQTntxGrZr8/mqdefault_live.jpg
a2c7c34474174cd2bffcc17a32aeec21,upcoming,【Re:sing 聲浪迴響】世界以痛吻你、你無需報之以歌 #歌枠 #睡眠導入 #初見歓迎 #降落歡迎,2026-04-29T12:00:00Z,https://www.youtube.com/watch?v=7LI3uSXTeHQ,https://i.ytimg.com/vi/7LI3uSXTeHQ/mqdefault_live.jpg
7cecb437e7a54e07a29c3a164565957d,upcoming,.·✧ 𓊆 𝔸𝕊𝕄ℝ麥克風募資計畫 𝔹𝕝𝕒𝕔𝕜 𝟛𝔻𝕀𝕆 ℂ𝕣𝕠𝕨𝕕𝕗𝕦𝕟𝕕𝕚𝕟𝕘 ℂ𝕒𝕞𝕡𝕒𝕚𝕘𝕟 𓊇 ✧·.˹ 活動詳細資訊 請見資訊欄 ˼ ⋄⟣ 𝐾𝑒𝑟𝑖.𝑙𝑢【𝑉𝑡𝑢𝑏𝑒𝑟】.,2026-04-29T16:00:00Z,https://www.youtube.com/watch?v=-OvxRoDIhyk,https://i.ytimg.com/vi/-OvxRoDIhyk/mqdefault_live.jpg
6cd8cdc530d14e2d9d0a9cd20cb6b05c,upcoming,【九日】『作死計劃 DAY 1』挑戰0死通關九日？死了就重來！《Nanashi Yuki》#魚兒魚兒水中游,2026-04-30T10:00:00Z,https://www.youtube.com/watch?v=pfLE3AuZDdI,https://i.ytimg.com/vi/pfLE3AuZDdI/mqdefault_live.jpg
d33940525b7f4b9db9ce85e08b4c175e,upcoming,【Tomodachi Life 】Taking care of my mii,2026-04-30T13:00:00Z,https://www.youtube.com/watch?v=ZHZOW9QpaEg,https://i.ytimg.com/vi/ZHZOW9QpaEg/mqdefault_live.jpg
6b43c568bdf044e4a4ae0bae0cb9fff2,upcoming,【初配信】⚡今晚 ! 歌聲將穿越空間 !💥/#AOI,2026-04-30T13:00:00Z,https://www.youtube.com/watch?v=2ZOHMnTzuXw,https://i.ytimg.com/vi/2ZOHMnTzuXw/mqdefault_live.jpg
7cecb437e7a54e07a29c3a164565957d,upcoming,✨限定活動✨ 讓可莉為你施一切變乖乖的魔法 ✨⋄⟣ 可莉.露/𝐾𝑒𝑟𝑖.𝑙𝑢【𝑉𝑡𝑢𝑏𝑒𝑟】. #vtuber #台V,2026-04-30T13:45:00Z,https://www.youtube.com/watch?v=HADfKhjM7Yk,https://i.ytimg.com/vi/HADfKhjM7Yk/mqdefault_live.jpg
7af8f321e84542dc9ccda160152fbf0b,upcoming,4月16~4月22 滾動式更新週期表,2026-04-30T15:45:00Z,https://www.youtube.com/watch?v=6mIBkvrFq9A,https://i.ytimg.com/vi/6mIBkvrFq9A/mqdefault_live.jpg
d80f5bc1e3ce4c35aa3eced40cc3bddc,upcoming,生日周邊預購💖｜雙面枕頭套，反面為純色LOGO圖，讓你不社死，請使用綠界或Paypal抖內預購🎁詳見資訊欄｜司淇,2026-04-30T16:00:00Z,https://www.youtube.com/watch?v=O0GkXyOhFDQ,https://i.ytimg.com/vi/O0GkXyOhFDQ/mqdefault_live.jpg
5ee9f1126dcf463e8d6afc8ef113d084,upcoming,【美女，請別影響我成仙】我其實是被修仙吸引的 #初見歡迎〔洛琳 LuoLiyn〕,2026-05-01T10:50:00Z,https://www.youtube.com/watch?v=MEQPexYSbd4,https://i.ytimg.com/vi/MEQPexYSbd4/mqdefault_live.jpg
4b53aa789e544bd9aaecc9fbc79e4bbe,upcoming,【Req・リク◎】毎週定期歌枠！まったり歌います～🫧【#あのねホタルちゃん 】#歌枠 #vsinger #弾き語り,2026-05-01T11:00:00Z,https://www.youtube.com/watch?v=lYTgJIlwRkM,https://i.ytimg.com/vi/lYTgJIlwRkM/mqdefault_live.jpg
0fbdfcc1b9cf41fdb840cf2f546d9324,upcoming,【告別回憶3】【耐久】EP.10荷嶋音緒路線part10,2026-05-01T13:00:00Z,https://www.youtube.com/watch?v=GkZ79RzqmB4,https://i.ytimg.com/vi/GkZ79RzqmB4/mqdefault_live.jpg
483a76d7ad1d464aa290606959ddddec,upcoming,【玩Demo】Pragmata / 柏林公寓 / Shanty Town / Sunset Hills ｜vtuber｜Timu 蒂姆,2026-05-02T12:00:00Z,https://www.youtube.com/watch?v=rLDTKPtX_rg,https://i.ytimg.com/vi/rLDTKPtX_rg/mqdefault_live.jpg
a052e4ff345b41919ab0f13a5b10ff02,upcoming,【心動小鎮】鬱兔書局開張啦～向大家徵稿囉！ #鬱兔  #台V #heartopia,2026-05-03T11:00:00Z,https://www.youtube.com/watch?v=_TBmqMoUaOM,https://i.ytimg.com/vi/_TBmqMoUaOM/mqdefault_live.jpg
1025a2d1ea674c649b1e7934895bd419,upcoming,【Licca Radio🎧音樂電台】一起聽音樂的好朋友 #初見歡迎【LiccaLive】,2026-05-03T12:00:00Z,https://www.youtube.com/watch?v=JIidZ23QeCo,https://i.ytimg.com/vi/JIidZ23QeCo/mqdefault_live.jpg
0a178f2c7b994a4ea8eb845ebd489a5a,upcoming,ハイドアンド・シーク✦ COVER by 德萊涅洛 • 多洛莉絲,2026-05-03T13:00:00Z,https://www.youtube.com/watch?v=_reyHdcR5ug,https://i.ytimg.com/vi/_reyHdcR5ug/mqdefault.jpg
1fdc000815cc476dbc9d19aa431305b5,upcoming,【一茶一繪】所謂朋友的朋友就是雙倍的朋友！（？【亞菲忒 Aphitita】ft.小木戶圭,2026-05-04T12:30:00Z,https://www.youtube.com/watch?v=crm0o7ThmCE,https://i.ytimg.com/vi/crm0o7ThmCE/mqdefault_live.jpg
70adcdf6f8a146089a4e724b14146efd,upcoming,🐹兒童節周邊開放預購啦🐹,2026-05-04T13:50:00Z,https://www.youtube.com/watch?v=Yq_xxCeAcz8,https://i.ytimg.com/vi/Yq_xxCeAcz8/mqdefault_live.jpg
d13fdb8fdd3049e5bf80b5ab0fa8a1a6,upcoming,《📬 隨意聊聊。》#天使塔羅 你今天過得好嗎？  — 艾德里娜的許願室 #風中拾光 #雜談,2026-05-04T14:30:00Z,https://www.youtube.com/watch?v=w1xpbw1klBk,https://i.ytimg.com/vi/w1xpbw1klBk/mqdefault_live.jpg
d5fdf5fc55d14476908e416e6d43c121,upcoming,【ASMR】寂寞了嗎？沒關係，我會把你的空缺全部填滿♡寂しいの？大丈夫、私が全部埋めてあげる♡❄️囁き／舔耳／脳舐め／耳舐め／無廣告／広告なし【雪之下織雪／芥川組】,2026-05-07T15:00:00Z,https://www.youtube.com/watch?v=ZG54SEMMtZw,https://i.ytimg.com/vi/ZG54SEMMtZw/mqdefault_live.jpg
8c25e14dcc3a4f71895d58924c69dc0a,upcoming,【YT 頻道休息】搬家+出國去啦！預計休息一個月左右 ~,2026-05-08T04:00:00Z,https://www.youtube.com/watch?v=khh4ah3bxSA,https://i.ytimg.com/vi/khh4ah3bxSA/mqdefault_live.jpg
3e6a09fe4ef744f987e27ae0f06cdf09,upcoming,✨沐屋工作室x湊喫茶 合作活動開跑！4/7～5/7等你來喝茶♥✨,2026-05-08T05:30:00Z,https://www.youtube.com/watch?v=MmQrDeM753w,https://i.ytimg.com/vi/MmQrDeM753w/mqdefault_live.jpg
4b53aa789e544bd9aaecc9fbc79e4bbe,upcoming,【Req・リク◎】毎週定期歌枠！まったり歌います～🫧【#あのねホタルちゃん 】#歌枠 #vsinger #弾き語り,2026-05-08T11:00:00Z,https://www.youtube.com/watch?v=bXHRQlclCmE,https://i.ytimg.com/vi/bXHRQlclCmE/mqdefault_live.jpg
1406aeb0ef48430bab0b939a29609394,upcoming,【初配信】進來咖啡廳坐坐吧!我請你喝一杯咖啡☕【雨歌冷冷 KorudoAme】,2026-05-09T12:00:00Z,https://www.youtube.com/watch?v=aSMNS1iQF7Q,https://i.ytimg.com/vi/aSMNS1iQF7Q/mqdefault_live.jpg
bdaa84ad3c7841d6a9ec8774ed9d40a9,upcoming,TRPG｜CoC跑團直播《ヰ書》feat.赤野蕗丹｜🍮魔法布丁罐,2026-05-09T12:00:00Z,https://www.youtube.com/watch?v=tWPUexZwg5E,https://i.ytimg.com/vi/tWPUexZwg5E/mqdefault_live.jpg
f2ad5f187c9141ab8830b8eaf81c3aee,upcoming,【陛! 爆唔到機】Baby Steps EP18 - 真係一步【皇咲レイナ | HKVtuber】,2026-05-10T08:00:00Z,https://www.youtube.com/watch?v=uWh33J-Khvg,https://i.ytimg.com/vi/uWh33J-Khvg/mqdefault_live.jpg
f46e5ebb899548cab53d24f1901315b0,upcoming,[新衣裝] 亞連2.0來啦! 新衣服新妝容 [幕亞連],2026-05-10T12:00:00Z,https://www.youtube.com/watch?v=qGIBCVqQyCY,https://i.ytimg.com/vi/qGIBCVqQyCY/mqdefault_live.jpg
d13fdb8fdd3049e5bf80b5ab0fa8a1a6,upcoming,《☕工作台》畫頭像~聊聊天~弄設定~｜ #外星貓Vtuber直播🐾,2026-05-11T14:30:00Z,https://www.youtube.com/watch?v=MdZ6p4JL13U,https://i.ytimg.com/vi/MdZ6p4JL13U/mqdefault_live.jpg
c94bc4ff4689403aac751731d33150e6,upcoming,🐣 04/20 - 04/26 周表 💛 周表優化但我沒存到檔！好氣喔 (╯°Д°）╯︵ ┻━┻ —,2026-05-13T11:15:00Z,https://www.youtube.com/watch?v=ftidKT8U8UM,https://i.ytimg.com/vi/ftidKT8U8UM/mqdefault_live.jpg
4b53aa789e544bd9aaecc9fbc79e4bbe,upcoming,【Req・リク◎】毎週定期歌枠！まったり歌います～🫧【#あのねホタルちゃん 】#歌枠 #vsinger #弾き語り,2026-05-15T11:00:00Z,https://www.youtube.com/watch?v=uzUIOqSO-Z4,https://i.ytimg.com/vi/uzUIOqSO-Z4/mqdefault_live.jpg
247eca886f5c43188a3d6d3945e40636,upcoming,【04/20-04/26】周表! #新人VTUBER #台V #魔王會長休息中,2026-05-15T12:50:00Z,https://www.youtube.com/watch?v=V4Jc25gV9TA,https://i.ytimg.com/vi/V4Jc25gV9TA/mqdefault_live.jpg
07553f6f3df84c3396508456ccbe7df2,upcoming,【Minecraft】🩷5月同樂場~封面還沒做/幾點還沒決定🖤  【天奈莓璐 | AmanaMeiru】,2026-05-16T11:00:00Z,https://www.youtube.com/watch?v=uo8pdWLVBEw,https://i.ytimg.com/vi/uo8pdWLVBEw/mqdefault_live.jpg
87606e72f653472f9eafb06e8f49c39c,upcoming,【回歸】學成歸來📚各位應該都想我了吧～,2026-05-17T13:30:00Z,https://www.youtube.com/watch?v=lRJY18qhDA4,https://i.ytimg.com/vi/lRJY18qhDA4/mqdefault_live.jpg
853be9569c0e446eaa5c5059642ea63b,upcoming,【#一周年記念 】5月20日創立貓之國一周年紀念日喵｜✨ #貓哈囉 #台V #夜貓 #雜談配信 #初見歡迎 #一周年記念   【一貓Muse Ch. 】,2026-05-19T17:00:00Z,https://www.youtube.com/watch?v=pQlhqQ574c0,https://i.ytimg.com/vi/pQlhqQ574c0/mqdefault_live.jpg
4576d781ddae45d59fc83c8d25385983,upcoming,⚰️04/13 - 04/19週表💜你喜歡劇情向ASMR嗎ＴＴ？,2026-05-19T17:00:00Z,https://www.youtube.com/watch?v=MmxDjFC2Yus,https://i.ytimg.com/vi/MmxDjFC2Yus/mqdefault_live.jpg
72edc688855047cbbbe495e3f2af9fda,upcoming,【2周年記念周邊】限定周邊販售中✨只到 2026/4/30喔🌸   #Aori_KaE  #vtuber,2026-05-20T12:20:00Z,https://www.youtube.com/watch?v=ekaQLMR5ROU,https://i.ytimg.com/vi/ekaQLMR5ROU/mqdefault_live.jpg
4b53aa789e544bd9aaecc9fbc79e4bbe,upcoming,【Req・リク◎】毎週定期歌枠！まったり歌います～🫧【#あのねホタルちゃん 】#歌枠 #vsinger #弾き語り,2026-05-22T11:00:00Z,https://www.youtube.com/watch?v=7a_OL-lV0Ng,https://i.ytimg.com/vi/7a_OL-lV0Ng/mqdefault_live.jpg
59f5e287671149398135c5c08b5ed2f7,upcoming,【初配信】燈燈燈燈！你的神燈姐姐羅妲上線啦！我來實現你的願望❤️,2026-05-23T14:00:00Z,https://www.youtube.com/watch?v=k0pnP9GRaAQ,https://i.ytimg.com/vi/k0pnP9GRaAQ/mqdefault_live.jpg
192d2decee72410e8346c135c4ac6e00,upcoming,改期詳情見資訊欄【情境ASMR】狐 可是祥瑞之兆【九十九真淵 / 芥川組】,2026-05-29T13:00:00Z,https://www.youtube.com/watch?v=Rdez5KU8dkA,https://i.ytimg.com/vi/Rdez5KU8dkA/mqdefault_live.jpg
bf3356cfb2754286af9b6bb1665f56bd,upcoming,【初配信】神明也要打卡上班！大家好我是實習土地公蒔楠！！,2026-05-30T14:00:00Z,https://www.youtube.com/watch?v=TrTGSwKmqyI,https://i.ytimg.com/vi/TrTGSwKmqyI/mqdefault_live.jpg
85ec3eac9fef49dcb3aeee87520a5b85,upcoming,【 ASMR ❤️ 特別企劃 】3DIO 設備初登場 🎧耳機提醒 ❤️ 「享用火龍果的時候，不可以太溫柔」【蜜提妮雅】｜風鈴檔案W.C.A,2026-05-30T14:30:00Z,https://www.youtube.com/watch?v=GDNhvIjh_u0,https://i.ytimg.com/vi/GDNhvIjh_u0/mqdefault_live.jpg
365db081229a4efeb4630f19587a96b2,upcoming,❤️【心桃魅夢 × OGC聯名限定】把我的溫度帶回家，今晚，不想讓你一個人❤️,2026-05-31T04:00:28Z,https://www.youtube.com/watch?v=oJhZJCq1KxU,https://i.ytimg.com/vi/oJhZJCq1KxU/mqdefault_live.jpg
c65e7caaf81a43249d5132b9fe312b24,upcoming,GET MY BIRTH MERCH | ENDS 6/1,2026-06-02T06:59:00Z,https://www.youtube.com/watch?v=ehSg4xSiRaE,https://i.ytimg.com/vi/ehSg4xSiRaE/mqdefault_live.jpg
7b2d1d71057b4ac2a16109b980a99e28,upcoming,【遊戲】【Poker Fate】日系撲克超好玩遊戲初見歡迎 歡迎降落｜貓宮結乃 yuno channel,2026-06-03T10:00:00Z,https://www.youtube.com/watch?v=o0tLHCiK-D4,https://i.ytimg.com/vi/o0tLHCiK-D4/mqdefault_live.jpg
101cdaf175c643c888d0d33bdab5da15,upcoming,都不看阿！唉...不用看了拉 沒關係的。好啊，說到這份上就這樣了吧 嗚嗚嗚嗚嗚嗚嗚嗚屋ㄨ,2026-06-14T18:00:00Z,https://www.youtube.com/watch?v=tqv99CZgWM0,https://i.ytimg.com/vi/tqv99CZgWM0/mqdefault_live.jpg
c8c0ab1d59fb4608ab1e460e946fa88a,upcoming,【新年活動資訊】兌換只到3/19 !  / 白洛ʏᴏᴍɪʏᴀ,2026-07-07T11:07:00Z,https://www.youtube.com/watch?v=9MoCT8hALxo,https://i.ytimg.com/vi/9MoCT8hALxo/mqdefault_live.jpg
156c4271fe17425bb02fd7b24f5a2a7a,upcoming,FREE TALK！！,2026-07-13T12:00:00Z,https://www.youtube.com/watch?v=ynGp8dFsz8Q,https://i.ytimg.com/vi/ynGp8dFsz8Q/mqdefault_live.jpg
994fcc5db40840ae990cf1ce43728548,upcoming,[週年慶] ？？公佈 ♡ 初見歡迎 '' 掛台歡迎 ♪,2026-07-14T13:30:00Z,https://www.youtube.com/watch?v=z8ChdPRnup4,https://i.ytimg.com/vi/z8ChdPRnup4/mqdefault_live.jpg
4576d781ddae45d59fc83c8d25385983,upcoming,✨ 修女告解室 長期表單 💜告解徵集中！！,2026-08-26T19:35:00Z,https://www.youtube.com/watch?v=xEvRcnDA8d4,https://i.ytimg.com/vi/xEvRcnDA8d4/mqdefault_live.jpg
9a7b7c9c31da44aca5a68395a2e69488,upcoming,【無声透明Vtuber】METAL GEAR SOLID 4 GUNS OF THE PATRIOTS #1【バ美肉、バ美声不使用】,2026-08-27T12:00:00Z,https://www.youtube.com/watch?v=okidlY7eJ8k,https://i.ytimg.com/vi/okidlY7eJ8k/mqdefault_live.jpg
3b1860c399f445469efdda27cf8d9156,upcoming,【週表】這邊這邊這邊！！給我看！！,2026-08-31T15:01:00Z,https://www.youtube.com/watch?v=ZLBW9qVKZNs,https://i.ytimg.com/vi/ZLBW9qVKZNs/mqdefault_live.jpg
2ccdc43de33c478192767afae6309f06,upcoming,⩊週表⩊ 0413 ━❍──────── 0419｜這台不會開哦,2026-09-30T03:00:00Z,https://www.youtube.com/watch?v=9XSscCleVao,https://i.ytimg.com/vi/9XSscCleVao/mqdefault_live.jpg
58588863643843439cebc85ef72654bb,upcoming,【紀念周邊購買連結】一周年/兩周年紀念周邊【森星祈】,2026-11-23T15:45:00Z,https://www.youtube.com/watch?v=mC3lYLQJFB8,https://i.ytimg.com/vi/mC3lYLQJFB8/mqdefault_live.jpg
21a819efced54f6991abd3fc0b43091f,upcoming,【週表】四月全突發！加入DC群開台通知不漏接！ l 史諾伊 Snowy,2026-11-24T08:30:00Z,https://www.youtube.com/watch?v=iINsj0Ag4OY,https://i.ytimg.com/vi/iINsj0Ag4OY/mqdefault_live.jpg
73b97b1a35c84579aa8ffcd6534efad3,upcoming,【週表】毫無反應只是一個週表 🔆日期倒數週表【小金碧碧JinBee】,2026-12-20T14:00:00Z,https://www.youtube.com/watch?v=Wm-eOMVHFi0,https://i.ytimg.com/vi/Wm-eOMVHFi0/mqdefault_live.jpg
445a732fc0f64712b3213b4cd98fbdd3,upcoming,【突發】突發用待機室，跑道頭警戒室待命中，隨時準備緊急升空【青羽まことAohane Makoto Ch.】,2026-12-30T16:00:00Z,https://www.youtube.com/watch?v=La6_k3zPkv4,https://i.ytimg.com/vi/La6_k3zPkv4/mqdefault_live.jpg
4b6655120fbd4431a8f7894cac4a4d49,upcoming,2026每月SC抽獎公告,2026-12-31T03:40:00Z,https://www.youtube.com/watch?v=J9C1n6I3rGQ,https://i.ytimg.com/vi/J9C1n6I3rGQ/mqdefault_live.jpg
6481e646412745d3b2fa38255cef0da4,upcoming,【4/20-4/26周表】來TWITCH找我吧~,2026-12-31T13:00:00Z,https://www.youtube.com/watch?v=SkcMOByihY0,https://i.ytimg.com/vi/SkcMOByihY0/mqdefault_live.jpg
21c774c9133043baaf8d283705cd9093,upcoming,【周表】第二次見你的我，不慌張。 ❰冥蝶Myndis.❱ #0元出道vtuber #初見歡迎 #個人勢vtuber #台v #情人節 #歌回 #歌枠,2026-12-31T13:45:00Z,https://www.youtube.com/watch?v=6Uy3WGiK9oA,https://i.ytimg.com/vi/6Uy3WGiK9oA/mqdefault_live.jpg
d66fb507852f4d889e426c8ea0f9f246,upcoming,꒰ 一週年出道紀念周邊 ꒱ 現正熱賣中！點擊賣場連結或掃描 QR code，把夏緒帶回家吧 ✨,2026-12-31T14:59:00Z,https://www.youtube.com/watch?v=OCUQ5KZ_CSw,https://i.ytimg.com/vi/OCUQ5KZ_CSw/mqdefault_live.jpg
7cecb437e7a54e07a29c3a164565957d,upcoming,.·✧ 𓊆 胡蘿蔔打造計畫 𝔼𝕧𝕖𝕟𝕥 𝔻𝕦𝕣𝕒𝕥𝕚𝕠𝕟 𓊇 ✧·.˹ 活動詳細資訊 請見資訊欄 ˼ ⋄⟣ 𝐾𝑒𝑟𝑖.𝑙𝑢【𝑉𝑡𝑢𝑏𝑒𝑟】.,2027-01-06T16:00:00Z,https://www.youtube.com/watch?v=ckmRX6s05U0,https://i.ytimg.com/vi/ckmRX6s05U0/mqdefault_live.jpg
6a9a7c7dc3f94605b5f619e9fbcfa33d,upcoming,【4/20~4/26周表】,2027-01-11T23:00:00Z,https://www.youtube.com/watch?v=l7Gl_CzTEKA,https://i.ytimg.com/vi/l7Gl_CzTEKA/mqdefault_live.jpg
32a08f858ffb4d6aba0624647cf8cf2d,upcoming,【4/20-4/26周表】,2027-01-15T12:00:00Z,https://www.youtube.com/watch?v=1xxxNInb56w,https://i.ytimg.com/vi/1xxxNInb56w/mqdefault_live.jpg
2d84a02e592d4a92893b7cc36af95a26,upcoming,【週表】如果杯杯沒更新那就是忘了，就像人類會忘記吃飯一樣｜妮亞露Nyaru,2027-01-23T12:00:00Z,https://www.youtube.com/watch?v=gPWbc61DPCc,https://i.ytimg.com/vi/gPWbc61DPCc/mqdefault_live.jpg
d334f3b3ba8b4e43bd7b5a237a7b4476,upcoming,【FreeChat】每週更新在這裡！（UTC+8）|  歡迎隨心聊  | 【這不是直播待機間喲】,2027-01-23T16:00:00Z,https://www.youtube.com/watch?v=r7gOUJKi4p0,https://i.ytimg.com/vi/r7gOUJKi4p0/mqdefault_live.jpg
b1cb513e2511484cabbac00140b4a95c,upcoming,【週表】忘記改的話會有人提醒46嗎_(:3 」∠ )_｜詩瑠Shizuru,2027-01-24T12:00:00Z,https://www.youtube.com/watch?v=yVvgUWx-2Wo,https://i.ytimg.com/vi/yVvgUWx-2Wo/mqdefault_live.jpg
a05afa97381b4f96b02a1af859426f9c,upcoming,【深洛周表】04/13(一) - 04/19(日),2027-01-24T15:25:00Z,https://www.youtube.com/watch?v=5Syl-2JaBcU,https://i.ytimg.com/vi/5Syl-2JaBcU/mqdefault_live.jpg
a45c0a929a504afa9afee5c56bc9b959,upcoming,【周表】✰ 4/6~4/12 ✰【鵲樂】 #vtuber  #崩壞星穹鐵道 #台v #鵲樂,2027-01-30T11:00:00Z,https://www.youtube.com/watch?v=FMSOzsfb3vc,https://i.ytimg.com/vi/FMSOzsfb3vc/mqdefault_live.jpg
3d46fb16bc2c48fb8f12a647cf5ec702,upcoming,【每週行程】❁ 4/20~4/26行程 ❁ 深度會限遊戲太刺激🥵【犬神幽乃詩／芥川組】,2027-02-02T15:45:00Z,https://www.youtube.com/watch?v=rCxhtXfWyiE,https://i.ytimg.com/vi/rCxhtXfWyiE/mqdefault_live.jpg
a1bc1c5451e64266a0f21f0847dd8d2f,upcoming,【台灣藍鵲 Magpijuana】2026新年紀念周邊｜殭屍藍鵲 販售中🧧,2027-02-03T16:00:00Z,https://www.youtube.com/watch?v=zF_A-dnepuk,https://i.ytimg.com/vi/zF_A-dnepuk/mqdefault_live.jpg
0bf0ec441dc6489583f7218e02ab6a89,upcoming,"🧧,香草奈若二月月表 🧧,２月月表新年快樂 🧧,填滿你寂寞的夜💗溫暖溫暖你的心與身體...",2027-02-03T20:10:00Z,https://www.youtube.com/watch?v=MVJmo1ms57U,https://i.ytimg.com/vi/MVJmo1ms57U/mqdefault_live.jpg
8195d69546e3466c95f9d35ccb7c6c35,upcoming,4/13～4/19｜有可愛捏臉很開心,2027-02-04T15:50:00Z,https://www.youtube.com/watch?v=uBojWzQPJr8,https://i.ytimg.com/vi/uBojWzQPJr8/mqdefault_live.jpg
7c6c40e2c7b64a6997fb2173f446860f,upcoming,周表,2027-02-04T16:05:00Z,https://www.youtube.com/watch?v=Cn3dRdcrrv0,https://i.ytimg.com/vi/Cn3dRdcrrv0/mqdefault_live.jpg
78c188fcd01a4ba382fb153ec86a7367,upcoming,【 𝟎𝟒 / 𝟏𝟑 - 𝟎𝟒 / 𝟏𝟗 週表 】有狐在，人類💖不會讓你孤單！【靈嶺不夜狐／芥川組】,2027-02-09T18:50:00Z,https://www.youtube.com/watch?v=LTRAN5ec6oY,https://i.ytimg.com/vi/LTRAN5ec6oY/mqdefault_live.jpg
cf5fc0cd849841679951b3769979b3a0,upcoming,【周表】此直播顯示僅用於聊天與更新周表,2027-02-20T09:00:00Z,https://www.youtube.com/watch?v=yU-qEzQQAm4,https://i.ytimg.com/vi/yU-qEzQQAm4/mqdefault_live.jpg
608b617ad99c4f18b97d10560e254b4b,upcoming,【2026年周表】長期置頂~【清梅 ChingMeii】#新人vtuber #vtuber #debut,2027-02-24T05:40:00Z,https://www.youtube.com/watch?v=EN3K9Raop6U,https://i.ytimg.com/vi/EN3K9Raop6U/mqdefault_live.jpg
6717d34e87574888848bc45c86bd80e6,upcoming,【 #直播周表 】3/2-3/8🎀  #波媄露比 #冒險上露｜ 圖奇直播,2027-02-26T04:45:00Z,https://www.youtube.com/watch?v=UhIPjSIarA4,https://i.ytimg.com/vi/UhIPjSIarA4/mqdefault_live.jpg
74c26216c39a40d1a9f1c5f63fa4d344,upcoming,【月表】沒更新看看推特 ୨୧ | 阿庫姆Akumu,2027-02-26T12:35:00Z,https://www.youtube.com/watch?v=p0drc8pVW1c,https://i.ytimg.com/vi/p0drc8pVW1c/mqdefault_live.jpg
d576c2396a004f3c8dd91baf14254898,upcoming,周表,2027-02-27T04:20:00Z,https://www.youtube.com/watch?v=z2io4c43Bvg,https://i.ytimg.com/vi/z2io4c43Bvg/mqdefault_live.jpg
21507f58118d406b87fd42a39c87855a,upcoming,【周表】✨可以在這邊看螢螢當週行程咚🍃 #狸貓出沒日 #螢螢開台 #八幡螢 #Hotaru #初見歡迎 中文/EN OK!,2027-03-04T13:00:00Z,https://www.youtube.com/watch?v=ZHQPo5Y6EwQ,https://i.ytimg.com/vi/ZHQPo5Y6EwQ/mqdefault_live.jpg
ef0319d27b10495795a5b994bc2249d5,upcoming,【瑚珀周表】04/13(一) - 04/19(日),2027-03-07T16:40:00Z,https://www.youtube.com/watch?v=OLDaipiaJnk,https://i.ytimg.com/vi/OLDaipiaJnk/mqdefault_live.jpg
74ef34317983453ab86223490eba4f6e,upcoming,୨୧┈04/06~04/12┈୨୧ 本週週表💗｜桃芽鹿妮MomogaLuni,2027-03-12T12:30:00Z,https://www.youtube.com/watch?v=lXC4UTy4B4o,https://i.ytimg.com/vi/lXC4UTy4B4o/mqdefault_live.jpg
7cc197b36bc64bf38aaf98a17eaf8d31,upcoming,【每週冒險規劃】4/13-4/19 養病中TT ฅ 葛琳德Gerlinde ฅ,2027-03-19T12:30:00Z,https://www.youtube.com/watch?v=-FXXSRTJ9js,https://i.ytimg.com/vi/-FXXSRTJ9js/mqdefault_live.jpg
c6d0078f1d5e4fd08a459c7eecd85464,upcoming,Free Chat✨ #初見歡迎 #Ciao,2027-03-19T15:45:00Z,https://www.youtube.com/watch?v=I7Gz3jZ8b2w,https://i.ytimg.com/vi/I7Gz3jZ8b2w/mqdefault_live.jpg
ac1ce1eeaffa4e58a8155c20d8f85ff3,upcoming,【周表】臨時聊天室 |  玥華Getsuka,2027-03-22T14:10:00Z,https://www.youtube.com/watch?v=fAK2ug6JXGM,https://i.ytimg.com/vi/fAK2ug6JXGM/mqdefault_live.jpg
ebc44e2ba78f4790b832d02c31410262,upcoming,【魔女小屋】4/6-4/12週表✨周邊通販詳見說明欄🎀魔法少女花咲🎀,2027-04-01T04:00:00Z,https://www.youtube.com/watch?v=qrV6nPdv8a0,https://i.ytimg.com/vi/qrV6nPdv8a0/mqdefault_live.jpg
fe8ee7b57ae74a1388127b81b136c7ea,upcoming,【像素風世界】【方塊寶可夢 #1】好久沒有開玩恐遊minecraft(?)，想當年還有隻鹿鹿陪我玩的QAQ | 柚月Yuzuki,2027-04-03T10:00:00Z,https://www.youtube.com/watch?v=YbJ0Wmp3J68,https://i.ytimg.com/vi/YbJ0Wmp3J68/mqdefault_live.jpg
35f3bb64e69c432180b98dde239f3bdd,upcoming,『米克斯學園』🐾MIX佈告欄,2027-04-04T00:10:00Z,https://www.youtube.com/watch?v=iudfOngWn7A,https://i.ytimg.com/vi/iudfOngWn7A/mqdefault_live.jpg
31f17632340f4e7fbd0ced07193dd81b,upcoming,【🦊近期活動🦊】4/11 (只有一天) 高雄 奇幻動漫祭｜場次商品 🦊,2027-04-11T06:40:00Z,https://www.youtube.com/watch?v=RjlyfTLzDDQ,https://i.ytimg.com/vi/RjlyfTLzDDQ/mqdefault_live.jpg
f53807443055490f87b85ded6caee0aa,upcoming,【周表】4/13-4/19  | 可樂月月 ColaMoon,2027-04-11T07:55:00Z,https://www.youtube.com/watch?v=VHUY1itKprc,https://i.ytimg.com/vi/VHUY1itKprc/mqdefault_live.jpg
7cbd1f537c3d4e67b38b9f9e31cb93d6,upcoming,୨〖是周表唷〗❥ 4/06~4/12〖南珂ℕ𝕒𝕟𝕜〗୧,2027-04-11T12:00:00Z,https://www.youtube.com/watch?v=ET9SKJaomts,https://i.ytimg.com/vi/ET9SKJaomts/mqdefault_live.jpg
95e5788cabf340e397e2726def426229,upcoming,【4/13-4/19】直播行程表丨杜邊優妮,2027-04-12T11:45:00Z,https://www.youtube.com/watch?v=wbjujmgMehc,https://i.ytimg.com/vi/wbjujmgMehc/mqdefault_live.jpg
fd7a69505569429fb845ac056825f3a9,upcoming,【起司行程表】04/13－04/19🫐🧀Weekly Schedule,2027-04-12T17:00:00Z,https://www.youtube.com/watch?v=waa0kHvOh68,https://i.ytimg.com/vi/waa0kHvOh68/mqdefault_live.jpg
361d3dd97ee9430f85d57b61ea8f0b85,upcoming,✞宵夜的周表~ 04/13→04/19,2027-04-13T09:50:00Z,https://www.youtube.com/watch?v=Z9Q6k21oUrk,https://i.ytimg.com/vi/Z9Q6k21oUrk/mqdefault_live.jpg
c379e3f4f1eb41869ec465481b182e50,upcoming,2026/4/13 - 2026/4/19 牡蠣國週表🦪,2027-04-13T16:44:08Z,https://www.youtube.com/watch?v=wssmeZM22Bk,https://i.ytimg.com/vi/wssmeZM22Bk/mqdefault_live.jpg
f53807443055490f87b85ded6caee0aa,upcoming,【周表】4/20-4/26  | 可樂月月 ColaMoon,2027-04-18T10:00:00Z,https://www.youtube.com/watch?v=v2FaMvlgY40,https://i.ytimg.com/vi/v2FaMvlgY40/mqdefault_live.jpg
ff170a57c74545c7977b64a6d82981af,upcoming,狗狗的4/21~4/27快樂聊天直播,2027-04-19T16:39:21Z,https://www.youtube.com/watch?v=bSKftYlWw80,https://i.ytimg.com/vi/bSKftYlWw80/mqdefault_live.jpg
6943bbfc993443d4b3853833b3bb1a66,upcoming,我有在接剪輯...可以找我ㄛ....,2027-05-05T15:45:00Z,https://www.youtube.com/watch?v=HC3a2rXLDss,https://i.ytimg.com/vi/HC3a2rXLDss/mqdefault_live.jpg
a188f157d0384e0db5ae73605240d68b,upcoming,📢會員制度調整公告📢,2027-05-26T05:05:00Z,https://www.youtube.com/watch?v=7ZfoFfTDbe8,https://i.ytimg.com/vi/7ZfoFfTDbe8/mqdefault_live.jpg
342f808864164047acc8ddffe88c9618,upcoming,✧ 週表 ✧ 04.13 - 04.19｜逆Neeplus,2027-06-05T16:00:00Z,https://www.youtube.com/watch?v=7BWksc40JVw,https://i.ytimg.com/vi/7BWksc40JVw/mqdefault_live.jpg
5612ac8b150e45e5a7381a2c07e9671a,upcoming,【#會員 回饋】五階會員四月回饋💖💖💖 #初見歡迎【莉莉露 Lililu Ch.】,2027-06-09T16:15:00Z,https://www.youtube.com/watch?v=IAxLlShNcsw,https://i.ytimg.com/vi/IAxLlShNcsw/mqdefault_live.jpg
1551bebc6c26453e9893f342c68002bd,upcoming,【#時間表】04/20/2026 - 04/26/2026 ｜七音 #雜談 #直播 #馬來西亞vtuber #vtuber,2027-06-17T03:40:00Z,https://www.youtube.com/watch?v=o1RHHXSxFL0,https://i.ytimg.com/vi/o1RHHXSxFL0/mqdefault_live.jpg
9f7bf6b3d935460e83896a0fe28012e9,upcoming,🩷週表🌟2026/4/20-4/26,2027-06-17T16:00:00Z,https://www.youtube.com/watch?v=dqF7ONNtmYQ,https://i.ytimg.com/vi/dqF7ONNtmYQ/mqdefault_live.jpg
62b58adde13f4a73ab406f857d730e20,upcoming,本周直播周表,2027-07-07T11:07:12Z,https://www.youtube.com/watch?v=MVb7xwMOGZc,https://i.ytimg.com/vi/MVb7xwMOGZc/mqdefault_live.jpg
3e6a09fe4ef744f987e27ae0f06cdf09,upcoming,✨2026竟然還看得到知花的週表待機✨,2027-07-11T04:10:00Z,https://www.youtube.com/watch?v=ArOksFLQIiI,https://i.ytimg.com/vi/ArOksFLQIiI/mqdefault_live.jpg
6f9d63518a69442a88ac602a3b37bf18,upcoming,【幽夜南栖】04/20~04/26 航海日記,2027-07-17T15:45:00Z,https://www.youtube.com/watch?v=sNStcjj7aXw,https://i.ytimg.com/vi/sNStcjj7aXw/mqdefault_live.jpg
a246e7561e5f40799a48eeca69951b7b,upcoming,【04/06~04/12號】落羽澄漣的一週行程！,2027-07-31T23:00:00Z,https://www.youtube.com/watch?v=bxof8-F6b5E,https://i.ytimg.com/vi/bxof8-F6b5E/mqdefault_live.jpg
7b3809e085754d52aee99d1fcc980eaf,upcoming,【 4月開播時間表 】 希望每一週星期日都能與大家見面 !,2027-09-01T12:00:00Z,https://www.youtube.com/watch?v=yIlBQq9ctPQ,https://i.ytimg.com/vi/yIlBQq9ctPQ/mqdefault_live.jpg
d90f173970a742d3ade6f4159c785d1e,upcoming,【週排程】04/20 - 04/26｜這邊可以自由聊天 ✧【墨染遊羽 Sumizomeyuu】,2027-09-29T16:00:00Z,https://www.youtube.com/watch?v=9Ko6kNkArS4,https://i.ytimg.com/vi/9Ko6kNkArS4/mqdefault_live.jpg
c25e6f38d6df447e84c4747ba6ac75cc,upcoming,【 4/20 - 4/26 】地球時間線周表,2027-10-10T14:00:00Z,https://www.youtube.com/watch?v=DrsKucRIudo,https://i.ytimg.com/vi/DrsKucRIudo/mqdefault_live.jpg
090be1be8d29429183e190e22fc4be22,upcoming,【訂閱YT新頻道】除了「ASMR、重大活動」以外的直播，將改到這！,2027-10-29T11:00:00Z,https://www.youtube.com/watch?v=sJX7iaCwnkM,https://i.ytimg.com/vi/sJX7iaCwnkM/mqdefault_live.jpg
27a22366e885420e8a3c78ee7ac7c075,upcoming,【週表】我們要幹大事!｜西里里Shiriri ☀️,2027-10-30T16:00:00Z,https://www.youtube.com/watch?v=gDb5tF5qsKw,https://i.ytimg.com/vi/gDb5tF5qsKw/mqdefault_live.jpg
4b214cdeac0649989f03f39e497816cf,upcoming,【月兔周表】每周兔兔開台時間都在這裡！！快來找兔兔玩！！【兔子偉威Weiwei_Rabbit】#練囂威  #初見歡迎 #降落歡迎 #台V,2027-11-01T15:00:00Z,https://www.youtube.com/watch?v=8DaVrGTsA4Q,https://i.ytimg.com/vi/8DaVrGTsA4Q/mqdefault_live.jpg
0e516fd1e97a4c58bad3afb6469748d4,upcoming,【 ⁴ / ¹³ ⁻ ²⁶ 雙週表 】( ˶˙ᵕ˙˶ ),2027-12-03T09:15:00Z,https://www.youtube.com/watch?v=wziK-1vIqME,https://i.ytimg.com/vi/wziK-1vIqME/mqdefault_live.jpg
637a5867616a436ba0f7cdd36057f55a,upcoming,4/20-4/26 菓菓週表！,2027-12-30T16:00:00Z,https://www.youtube.com/watch?v=18nLV9-5nl4,https://i.ytimg.com/vi/18nLV9-5nl4/mqdefault_live.jpg
0563e1d0ff394d1ab0d6a09d89870fba,upcoming,週表在這裡！【稀蘿·多兒卡】#新人vtuber #vtuber #台v,2027-12-30T16:00:00Z,https://www.youtube.com/watch?v=0-mCZvXaWJg,https://i.ytimg.com/vi/0-mCZvXaWJg/mqdefault_live.jpg
f86ec6a459f64e7d8431c69b1d7ec28b,upcoming,【🐦‍🔥周表】本周上課課表 【玄離朱熒】,2027-12-30T16:00:00Z,https://www.youtube.com/watch?v=NOYmEgOVRCA,https://i.ytimg.com/vi/NOYmEgOVRCA/mqdefault_live.jpg
b1bfaed0ed7f4ca9ae96c017159efe77,upcoming,【仙喵SkyMeowu】4/13~4/19 週表,2027-12-31T15:45:00Z,https://www.youtube.com/watch?v=alwFEiY56Uc,https://i.ytimg.com/vi/alwFEiY56Uc/mqdefault_live.jpg
d6c4708f6eb94ac6ad7668363b132248,upcoming,《貴店想跟Vtuber合作嗎？》人偶．薩賓娜來協助您‼️,2027-12-31T15:45:00Z,https://www.youtube.com/watch?v=Xs3dEb5oQkA,https://i.ytimg.com/vi/Xs3dEb5oQkA/mqdefault_live.jpg
ec30041838214022aeb622c0851e46db,upcoming,ಠ ╰┈➤〖週表0406-0412〗.ᐟ.ᐟ.ᐟ.｡*ﾟ〖欸爾〗,2028-01-01T07:25:00Z,https://www.youtube.com/watch?v=RzXQoGrp3pg,https://i.ytimg.com/vi/RzXQoGrp3pg/mqdefault_live.jpg
28e0e0a574fe4deca3d5ded0aa5d64ef,upcoming,【週表】本週訓練 你撐得住幾場？,2028-01-01T12:00:00Z,https://www.youtube.com/watch?v=viCHG1cLCFg,https://i.ytimg.com/vi/viCHG1cLCFg/mqdefault_live.jpg
21d5855a8c7d4461b286d40c167ac093,upcoming,【戰術週表】0323-0329🚁直升機出勤時間🔔 | 🔴ARIA軍武動漫雜談 #vtuber,2028-01-01T13:00:00Z,https://www.youtube.com/watch?v=3NmhFMSrzx0,https://i.ytimg.com/vi/3NmhFMSrzx0/mqdefault_live.jpg
53335d77cc69488c8b49ec97548c3297,upcoming,【週表】若有突發會在twitch呦｜蕾可Reiko,2028-01-01T13:30:00Z,https://www.youtube.com/watch?v=qYwNpoZZOX0,https://i.ytimg.com/vi/qYwNpoZZOX0/mqdefault_live.jpg
1a1942f52ea74121923497e7e0cfd6a5,upcoming,【週表】🏮 𝒮𝒸𝒽𝑒𝒹𝓊𝓁𝑒 🦋 進入妖怪的後台：本週運算軌跡,2028-01-25T13:35:00Z,https://www.youtube.com/watch?v=xg2vTUgpiwo,https://i.ytimg.com/vi/xg2vTUgpiwo/mqdefault_live.jpg
d2b0c8386e1341668f6bbc789d1ef1e3,upcoming,【 週表 】外星人出沒時間 Free Talk 🦝🛸 ｜赤星雨英 Akahoshi Mizore｜SDS,2028-01-31T12:30:00Z,https://www.youtube.com/watch?v=qBOENwYe6ug,https://i.ytimg.com/vi/qBOENwYe6ug/mqdefault_live.jpg
65ada733fbe64a3a86aae7737e32fad0,upcoming,【周表】雪之森巡邏任務表| ❄️真狩凜Makari🦉 | Free Talk,2028-01-31T12:35:00Z,https://www.youtube.com/watch?v=0LDAgMx8xBo,https://i.ytimg.com/vi/0LDAgMx8xBo/mqdefault_live.jpg
1bf9786ba55042b9ae3294dadfc7b40d,upcoming,Free Chat 【はくこ】,2028-01-31T15:45:00Z,https://www.youtube.com/watch?v=hVE3pQJBUwA,https://i.ytimg.com/vi/hVE3pQJBUwA/mqdefault_live.jpg
c8858f1d4a2b41a4bbf738530023d6f9,upcoming,˚.⊹ ʚ ꒰ 自由聊天室・𝙵𝚛𝚎𝚎 𝙲𝚑𝚊𝚝 ꒱ ɞ ⊹.˚,2028-02-14T12:00:00Z,https://www.youtube.com/watch?v=zceu8m0I_yo,https://i.ytimg.com/vi/zceu8m0I_yo/mqdefault_live.jpg
2ff93e20894245d49004276e3b51e64f,upcoming,＼ ᕀᐩ 04130419直播週表  ᐩᕀ／,2028-02-22T12:00:00Z,https://www.youtube.com/watch?v=pyHiTxWl-gs,https://i.ytimg.com/vi/pyHiTxWl-gs/mqdefault_live.jpg
2bf038f2a9514434aefa4ef7b2140f56,upcoming,【涅露茉茉週表】｜ NeruMomo ᯓ★,2028-02-22T16:00:00Z,https://www.youtube.com/watch?v=otfBJhaVwDw,https://i.ytimg.com/vi/otfBJhaVwDw/mqdefault_live.jpg
3de1f749e7fe4b219a2a10611311297f,upcoming,【周表放置區】03/16 - 03/23周表 【如果我忘記換周表，記得提醒我】 #台v #vtuber  #南方旅者,2028-02-23T02:40:00Z,https://www.youtube.com/watch?v=KBgryFERBPM,https://i.ytimg.com/vi/KBgryFERBPM/mqdefault_live.jpg
424043d4c55449cd9317bc0923c13299,upcoming,🌟本周周表🌟,2028-02-28T16:00:00Z,https://www.youtube.com/watch?v=Q0G-DHq3K1s,https://i.ytimg.com/vi/Q0G-DHq3K1s/mqdefault_live.jpg
026bdd139df44cec930dd7fc76345184,upcoming,【 周表 】4/13~4/19 周表 老是被開到的周表直播 不要剛開了又斷線被開到ㄟ.....  #降落歡迎 #初見歡迎 #新人vtuber #眠眠不絕,2028-02-28T16:00:00Z,https://www.youtube.com/watch?v=E9kTX6Cxkao,https://i.ytimg.com/vi/E9kTX6Cxkao/mqdefault_live.jpg
735a3d989210437f9e5b8e7a7ba6d88a,upcoming,周表看這邊！ ｜音羽織SikiOtowa #新人vtuber #台v #擴散希望,2028-02-28T16:25:00Z,https://www.youtube.com/watch?v=7wi1ySKy_kg,https://i.ytimg.com/vi/7wi1ySKy_kg/mqdefault_live.jpg
208d8aa3792641d6ae4e0de5a10a4a6f,upcoming,三年之約~ 我們來打個賭 #vtuber #絲出名 #女V #新人V #初見歡迎,2028-02-29T09:40:00Z,https://www.youtube.com/watch?v=VLzCUoZThXs,https://i.ytimg.com/vi/VLzCUoZThXs/mqdefault_live.jpg
e0535f2d38f04d26aca33772bccb33b8,upcoming,【橘拉芙】每周行程表 04/13 ~ 04/19🦒,2028-02-29T12:00:00Z,https://www.youtube.com/watch?v=zOPn79Cu1xI,https://i.ytimg.com/vi/zOPn79Cu1xI/mqdefault_live.jpg
64677f13935847cca3e2e6670a89d9a8,upcoming,【Weekly schedule】每週公布週表的地方💧🐱 #萊姆卯咪 #新域工作室,2028-02-29T12:00:00Z,https://www.youtube.com/watch?v=Hq6htzMKvBY,https://i.ytimg.com/vi/Hq6htzMKvBY/mqdefault_live.jpg
2efb6dc7796c4ce792c196d27af0df87,upcoming,｛牧言MuYan ch.}4/13~4/19周表,2028-02-29T14:00:00Z,https://www.youtube.com/watch?v=s_-QdRMXHeM,https://i.ytimg.com/vi/s_-QdRMXHeM/mqdefault_live.jpg
4b6655120fbd4431a8f7894cac4a4d49,upcoming,ASMR雜談｜超美麗3D❤️輕聲哄睡溫柔安撫你的雙耳｜ Whispers to Sleep｜癒し添い寝 耳かき 采耳【黑3DIO/KU100】,2028-02-29T15:00:00Z,https://www.youtube.com/watch?v=Go8PClYb_dk,https://i.ytimg.com/vi/Go8PClYb_dk/mqdefault_live.jpg
a60e76fb18f44818980d7d5b07cf82c9,upcoming,【週表】｜璦格蓓菈 Agaberrila ｜,2028-02-29T15:45:00Z,https://www.youtube.com/watch?v=zvkaUs2E84g,https://i.ytimg.com/vi/zvkaUs2E84g/mqdefault_live.jpg
15e82a696cfc4d42929e29b0d90955d1,upcoming,【周表】04/13~04/19【音宿明】,2028-03-01T12:00:00Z,https://www.youtube.com/watch?v=VlHUbZ9-uK8,https://i.ytimg.com/vi/VlHUbZ9-uK8/mqdefault_live.jpg
4865c3feac234584909168181b7dc2be,upcoming,𝟚𝟘𝟚𝟞年 𝟛月 月表,2028-03-04T05:10:00Z,https://www.youtube.com/watch?v=ZIywTlGu5VI,https://i.ytimg.com/vi/ZIywTlGu5VI/mqdefault_live.jpg
9881cf3008684e55aea70a2499e84163,upcoming,【會員專屬福利💖】你想知道的會員方案說明都在這裡～！┃山君酷塔,2028-03-09T13:30:00Z,https://www.youtube.com/watch?v=cgKtCjsHBd8,https://i.ytimg.com/vi/cgKtCjsHBd8/mqdefault_live.jpg
c4bc52355d334a98bdaa1e57c05673ad,upcoming,✿本週周表✿,2028-03-09T13:35:00Z,https://www.youtube.com/watch?v=4BKMcoL5kIw,https://i.ytimg.com/vi/4BKMcoL5kIw/mqdefault_live.jpg
60ff50e95399472b96a6fbe83d75e806,upcoming,這裡是周表 4/20~,2028-03-30T19:20:00Z,https://www.youtube.com/watch?v=4AzSbHkny-Q,https://i.ytimg.com/vi/4AzSbHkny-Q/mqdefault_live.jpg
4b6655120fbd4431a8f7894cac4a4d49,upcoming,✨【4/13~4/19週間行程表】✨狐狐進修的一星期並且ASMR舔耳也要再精進！,2028-03-31T02:25:00Z,https://www.youtube.com/watch?v=G-0nfX2yXdo,https://i.ytimg.com/vi/G-0nfX2yXdo/mqdefault_live.jpg
c639c0dba4504221bfec50cf787f395d,upcoming,ꜱᴄʜᴇᴅᴜʟᴇ ୨୧ ꜰʀᴇᴇ ᴛᴀʟᴋ,2028-03-31T09:55:00Z,https://www.youtube.com/watch?v=IqpxnyaU41A,https://i.ytimg.com/vi/IqpxnyaU41A/mqdefault_live.jpg
9f976a39c1fa4e6dae3ed11b771ef918,upcoming,泡茶聊天,2028-03-31T15:45:00Z,https://www.youtube.com/watch?v=dHeB4w6Hdyg,https://i.ytimg.com/vi/dHeB4w6Hdyg/mqdefault_live.jpg
2c6d5a00eabf47e2affcc8fa6ec64f9c,upcoming,[長期周表]就是周表區 要當聊天大廳我也是無所謂.w.[橘Mika],2028-03-31T15:45:00Z,https://www.youtube.com/watch?v=r6hBZLmVEYE,https://i.ytimg.com/vi/r6hBZLmVEYE/mqdefault_live.jpg
74a8b2325c0c4b158dd12377bff187c8,upcoming,周表!!,2028-03-31T15:45:00Z,https://www.youtube.com/watch?v=VAX_cwqjnzY,https://i.ytimg.com/vi/VAX_cwqjnzY/mqdefault_live.jpg
08d8f03223a54fb3807d49fb7c30b434,upcoming,【】每周行程表【】大家也可以在這裡聊天但不可以吵架喔!【】雪月Yuzuki【】,2028-04-01T15:45:00Z,https://www.youtube.com/watch?v=h5LXg7e_maE,https://i.ytimg.com/vi/h5LXg7e_maE/mqdefault_live.jpg
9643c650b1804107b85de1f08010aa9d,upcoming,【音無樂園DC-RPG小遊戲】活動看板，聊天室打卡聊天專用地。  中/日文OK | #gamedesign  #台湾Vtuber #療育 #初見歡迎 #雜談,2028-04-11T09:40:00Z,https://www.youtube.com/watch?v=dwAGim_MnXw,https://i.ytimg.com/vi/dwAGim_MnXw/mqdefault_live.jpg
443ba741722742d5b7d5f76c3e7b445b,upcoming,【メンシプ特典】毛粒/毛玉大募集中,2028-04-20T09:38:17Z,https://www.youtube.com/watch?v=VtMnYagXXBA,https://i.ytimg.com/vi/VtMnYagXXBA/mqdefault_live.jpg
f7472d5310ce42819d17459c4f3fd7c1,upcoming,【周表】0414~0419 周表 & 聊天室  ᦂ 貓太Nyanta,2028-04-30T11:30:00Z,https://www.youtube.com/watch?v=NpZAoye_qzE,https://i.ytimg.com/vi/NpZAoye_qzE/mqdefault_live.jpg
d2da40bb201e49ddbd6a8780bfaf8b63,upcoming,｜2026.04｜本月直播排程！｜北宮雨音｜揪團轉盤／!dc／!圖奇／!指令｜,2028-04-30T15:00:00Z,https://www.youtube.com/watch?v=pz2wDa7W3Ho,https://i.ytimg.com/vi/pz2wDa7W3Ho/mqdefault_live.jpg