V5##VTuber ID,YouTube Subscriber Count,YouTube View Count,YouTube Recent Total Median View Count,YouTube Recent Total Popularity,YouTube Recent Total Highest View Count,YouTube Recent Total Highest Viewed URL,YouTube Recent Livestream Median View Count,YouTube Recent Livestream Popularity,YouTube Recent Livestream Highest View Count,YouTube Recent Livestream Highest Viewed URL,YouTube Recent Video Median View Count,YouTube Recent Video Popularity,YouTube Recent Video Highest View Count,YouTube Recent Video Highest Viewed URL,Twitch Follower Count,Twitch Recent Median View Count,Twitch Recent Popularity,Twitch Recent Highest View Count,Twitch Recent Highest Viewed URL
1c5619a4ece046dd8ba68ed343489ca3,545000,134080530,53470,18467,522214,https://www.youtube.com/watch?v=CyofORR7ez0,3647,2230,3647,https://www.youtube.com/watch?v=Kt9SUxRjhOA,62623,18551,522214,https://www.youtube.com/watch?v=CyofORR7ez0,32817,0,0,0,
f6a4e7aa8d0c4e5cb39d199845ec4d02,447000,64644965,9402,3047,55020,https://www.youtube.com/watch?v=XNBbtNp5Vo8,3077,595,3485,https://www.youtube.com/watch?v=p1lLdAuAvks,11436,5186,55020,https://www.youtube.com/watch?v=XNBbtNp5Vo8,121975,16015,5809,78237,https://www.twitch.tv/videos/2745222674
5535c9524eb046c38e172ebfa06b302f,398000,130316965,12526,4771,80842,https://www.youtube.com/watch?v=FMObqdfAJeg,6612,3780,66598,https://www.youtube.com/watch?v=ePolU2-tn68,14239,5744,80842,https://www.youtube.com/watch?v=FMObqdfAJeg,74289,1542,603,7425,https://www.twitch.tv/videos/2731150541
664e1b310cf343b78623f99b31e40fae,395000,56871916,0,0,0,,0,0,0,,0,0,0,,17068,0,0,0,
d837e8fda137492c9d77882b98ff863a,335000,156069040,94664,34732,1207660,https://www.youtube.com/watch?v=m14-DLOkqgw,15741,11463,465447,https://www.youtube.com/watch?v=MCLMJJ_puTY,283027,104597,1207660,https://www.youtube.com/watch?v=m14-DLOkqgw,53015,21165,8645,34076,https://www.twitch.tv/videos/2748524812
182da09d8d454f37a52ec546cbb35e39,315000,68126330,25216,11499,448317,https://www.youtube.com/watch?v=fIlTRqG-3OQ,7931,3632,30092,https://www.youtube.com/watch?v=7Hk4ph8GqEU,34756,22014,448317,https://www.youtube.com/watch?v=fIlTRqG-3OQ,4986,0,0,0,
897400f2658a483286ca6acc927006ca,237000,38689210,11251,8607,723232,https://www.youtube.com/watch?v=2MFxqHgLKZE,1213,471,2231,https://www.youtube.com/watch?v=bqLhRnvK6vA,20856,12614,723232,https://www.youtube.com/watch?v=2MFxqHgLKZE,10547,562,435,613,https://www.twitch.tv/videos/2746062478
abd64c9a64e04fb1b23faa2480c1c106,227000,80961949,4244,2264,49545,https://www.youtube.com/watch?v=9v6itJgQRss,2298,1189,3527,https://www.youtube.com/watch?v=CWpinfjWWw4,4711,2605,49545,https://www.youtube.com/watch?v=9v6itJgQRss,2319,90,62,90,https://www.twitch.tv/videos/2746143502
4b6b055ada4d4f0ab63b7ad02a3fa3ef,225000,18843723,1165,368,1910,https://www.youtube.com/watch?v=K0dwXwCUXcY,1165,368,1910,https://www.youtube.com/watch?v=K0dwXwCUXcY,0,0,0,,56056,1594,815,2504,https://www.twitch.tv/videos/2747798931
a9f6574e98f34b20a05269134930fb50,221000,9829564,4184,1571,4429,https://www.youtube.com/watch?v=X74IsyOlZ_o,4184,1571,4429,https://www.youtube.com/watch?v=X74IsyOlZ_o,0,0,0,,0,0,0,0,
7c06b9e316ce4ac18ce836cd72442bbe,219000,64390575,6094,3568,25274,https://www.youtube.com/watch?v=Ylcrcp0J54E,5982,3207,10229,https://www.youtube.com/watch?v=qu1STMF5dCA,11027,5390,25274,https://www.youtube.com/watch?v=Ylcrcp0J54E,56986,2292,1805,10500,https://www.twitch.tv/videos/2752648878
c04f006e69e04000a68cd0c41f888eb2,218000,14258457,5963,2744,41396,https://www.youtube.com/watch?v=cPqjkcb_WhY,5748,2565,11656,https://www.youtube.com/watch?v=mWMqCvw5omw,41396,2923,41396,https://www.youtube.com/watch?v=cPqjkcb_WhY,0,0,0,0,
312fdd3c5e6d4aefa73fd3860ecc5613,192000,35056075,13106,5168,29720,https://www.youtube.com/watch?v=J3GFX8LlMxs,14484,6493,20307,https://www.youtube.com/watch?v=AllV9QdrgyM,10046,5168,29720,https://www.youtube.com/watch?v=J3GFX8LlMxs,24188,13476,2915,175461,https://www.twitch.tv/videos/2751034012
c65e7caaf81a43249d5132b9fe312b24,181000,15160135,8944,3167,15439,https://www.youtube.com/watch?v=QMeUaEcVDJs,8944,3167,15439,https://www.youtube.com/watch?v=QMeUaEcVDJs,0,0,0,,0,0,0,0,
265a18972d244affae35711cfd1f9931,181000,20985049,4328,2120,24857,https://www.youtube.com/watch?v=cw6pZvUqvxM,3777,1748,18129,https://www.youtube.com/watch?v=mEJhgmNENM4,7848,2931,24857,https://www.youtube.com/watch?v=cw6pZvUqvxM,18688,1958,1120,6863,https://www.twitch.tv/videos/2741259223
e93bd1102e214cbaa71cc5b2e4a53595,180000,36114418,12923,6157,96631,https://www.youtube.com/watch?v=V3UvZ1Ij02E,12288,5039,20910,https://www.youtube.com/watch?v=zlRzb3iDgn4,38477,6430,96631,https://www.youtube.com/watch?v=V3UvZ1Ij02E,88658,34787,19163,70832,https://www.twitch.tv/videos/2736278991
f110fd69b66941bab04de9ada563c6ac,153000,18302552,3874,1316,6868,https://www.youtube.com/watch?v=F2HetsEEYCo,3874,1316,6868,https://www.youtube.com/watch?v=F2HetsEEYCo,4020,1482,6332,https://www.youtube.com/watch?v=0qIFajsRy7I,14149,5254,1223,21239,https://www.twitch.tv/videos/2743581136
3f4650e05ceb41008bd16869780b7af1,153000,72169743,41246,11238,154178,https://www.youtube.com/watch?v=FIJ30vk0n7w,9004,3093,13696,https://www.youtube.com/watch?v=BroGEqgKpT8,63891,28425,154178,https://www.youtube.com/watch?v=FIJ30vk0n7w,0,0,0,0,
bafb134fd2f849898d6242d1f5f683cc,145000,25142118,5048,2427,315089,https://www.youtube.com/watch?v=GYY6aDgyuWE,3057,1459,20009,https://www.youtube.com/watch?v=bq8-M96hxMs,32390,10505,315089,https://www.youtube.com/watch?v=GYY6aDgyuWE,44851,0,0,0,
6dc75ab227e34c928598bde8f2d324bf,139000,39748820,9431,5079,123324,https://www.youtube.com/watch?v=d2uqE5xa7RE,7388,3972,14434,https://www.youtube.com/watch?v=5kJ7GB1K7AY,62893,11966,123324,https://www.youtube.com/watch?v=d2uqE5xa7RE,0,0,0,0,
0641a9c8b9a94994aaa33e0c86fef75b,136000,32047665,5170,2812,40357,https://www.youtube.com/watch?v=oRAduSjDDUA,3450,1909,15083,https://www.youtube.com/watch?v=bW-DRIa35Bs,13822,5317,40357,https://www.youtube.com/watch?v=oRAduSjDDUA,8089,0,0,0,
fa5a7cdc259543259af42bb23f1e4041,135000,35371582,6209,2802,157105,https://www.youtube.com/watch?v=ZBvhu1H8ruQ,3104,1284,11040,https://www.youtube.com/watch?v=t1mAlL23xKc,14446,5539,157105,https://www.youtube.com/watch?v=ZBvhu1H8ruQ,0,0,0,0,
a3ce195c0069494c99849d0b1a10a7fd,132000,16810625,2553,1813,54787,https://www.youtube.com/watch?v=yXt700MVjm4,1927,1206,14484,https://www.youtube.com/watch?v=NUNMS7prItk,9109,7153,54787,https://www.youtube.com/watch?v=yXt700MVjm4,27363,0,0,0,
58abad4aa8de49efb785367503dfd92c,131000,17703958,0,0,0,,0,0,0,,0,0,0,,0,0,0,0,
494d2c5daf9f4a8a8e4538687e6be14c,126000,6266745,4119,2620,21116,https://www.youtube.com/watch?v=95NxxGEmL-g,2940,1525,5479,https://www.youtube.com/watch?v=NeFqrBmqraY,5723,2869,21116,https://www.youtube.com/watch?v=95NxxGEmL-g,0,0,0,0,
b41844198887422fb52cb928a272cbc8,125000,48474223,0,0,0,,0,0,0,,0,0,0,,0,0,0,0,
f1b5f88144e14bd188e17b2f98303713,123000,4993152,4176,1433,4197,https://www.youtube.com/watch?v=zZX_orzo8Gs,4176,1433,4197,https://www.youtube.com/watch?v=zZX_orzo8Gs,0,0,0,,0,0,0,0,
e78cffa246c24a1c88031151cad8c385,120000,10857396,2940,1024,14739,https://www.youtube.com/watch?v=SvYh7OeTaJc,1182,703,2245,https://www.youtube.com/watch?v=vzsTIEcaw9Q,7303,3776,14739,https://www.youtube.com/watch?v=SvYh7OeTaJc,4494,4338,2680,12302,https://www.twitch.tv/videos/2744921609
ab4f892ca62e4043b6287bdfe50b145d,117000,20971163,1446,1005,21515,https://www.youtube.com/watch?v=i16VMskURus,1247,548,2266,https://www.youtube.com/watch?v=-FMDyHibgmE,11829,2630,21515,https://www.youtube.com/watch?v=i16VMskURus,1488,0,0,0,
a9b855767b2d432c9f263e3427ff33a6,113000,16263839,5971,2721,22231,https://www.youtube.com/watch?v=1LH2lhoq8Nw,3196,1859,16209,https://www.youtube.com/watch?v=9L0gZSLo9To,9305,5386,22231,https://www.youtube.com/watch?v=1LH2lhoq8Nw,0,0,0,0,
b4a1791208fd4d85b7b08ee2bad0c236,110000,17728404,20590,6876,60901,https://www.youtube.com/watch?v=xE1g-_Ruhnk,6500,2436,16727,https://www.youtube.com/watch?v=NWB_MF7DR60,28569,14777,60901,https://www.youtube.com/watch?v=xE1g-_Ruhnk,0,0,0,0,
9cec24b011ee45648eb404066c997f49,108000,19369811,6573,3801,39147,https://www.youtube.com/watch?v=I7_XaF8TthI,6003,3681,14480,https://www.youtube.com/watch?v=OZf0ToUHryM,17158,7991,39147,https://www.youtube.com/watch?v=I7_XaF8TthI,39535,9474,2928,16884,https://www.twitch.tv/videos/2752713130
04d2ff1dde6b4bb68503a734274f4b7e,107000,8812377,2967,1616,3878,https://www.youtube.com/watch?v=gpF72GzvF9I,2967,1309,3587,https://www.youtube.com/watch?v=WE6LmKUAMHk,3111,1616,3878,https://www.youtube.com/watch?v=gpF72GzvF9I,0,0,0,0,
c0c033c9c8014562b58a7124b6b22fb0,106000,1495824,585,311,2131,https://www.youtube.com/watch?v=xc3XfCwxEBw,512,321,932,https://www.youtube.com/watch?v=XOjojiBrq3E,1136,274,2131,https://www.youtube.com/watch?v=xc3XfCwxEBw,0,0,0,0,
23ec5ecfb8c14ea893576783f1790643,105000,6114423,1027,492,53401,https://www.youtube.com/watch?v=3PdcDOA0U0Q,968,356,2352,https://www.youtube.com/watch?v=V1dn6_m5NSY,10084,7562,53401,https://www.youtube.com/watch?v=3PdcDOA0U0Q,1648,0,0,0,
b126053a1356460ebf85a874a6a55aca,104000,42752126,2748,1336,13733,https://www.youtube.com/watch?v=OQ8TT_9v1_o,2688,1336,3545,https://www.youtube.com/watch?v=lCG8J_wFa9w,3393,1503,13733,https://www.youtube.com/watch?v=OQ8TT_9v1_o,0,0,0,0,
5f12df329c6144e1a6c596f4fbcb9e81,103000,10720046,4527,2797,96393,https://www.youtube.com/watch?v=yc48visdo1w,2982,1718,7628,https://www.youtube.com/watch?v=y_J5MpthWB4,18703,7536,96393,https://www.youtube.com/watch?v=yc48visdo1w,0,0,0,0,
98e3a5838fec4a6caa936ae35485de23,102000,8344391,3889,1543,7003,https://www.youtube.com/watch?v=nTO3SJ4umGY,2863,1543,6334,https://www.youtube.com/watch?v=H7RP67mUhsc,6285,1156,7003,https://www.youtube.com/watch?v=nTO3SJ4umGY,0,0,0,0,
702c74978d8f4adab79f292cbecb49a4,101000,13070407,5420,1620,98980,https://www.youtube.com/watch?v=6VANNFmQmIk,1905,867,2576,https://www.youtube.com/watch?v=mPEkwS2YPWg,8530,3221,98980,https://www.youtube.com/watch?v=6VANNFmQmIk,13172,0,0,0,
15c9a54b946a40c38c07ea2f9efddfa5,98700,26745237,11679,7258,20758,https://www.youtube.com/watch?v=4eY7Thfo_aI,11790,7871,20758,https://www.youtube.com/watch?v=4eY7Thfo_aI,5320,1973,5320,https://www.youtube.com/watch?v=wsyEj8E9O9I,61711,25822,16596,54776,https://www.twitch.tv/videos/2751842299
8bf35c3b9a9e461d825a9170555b71c2,95600,21525289,15191,7099,58193,https://www.youtube.com/watch?v=18bj_iIPFWM,13368,6714,24219,https://www.youtube.com/watch?v=mraFkZm87C0,47665,7382,58193,https://www.youtube.com/watch?v=18bj_iIPFWM,48995,27382,13400,46377,https://www.twitch.tv/videos/2746093856
5efb403f9a174bfd82d04d528a121042,92900,11320858,37610,17021,593690,https://www.youtube.com/watch?v=xeIColaiXLk,24922,7784,37610,https://www.youtube.com/watch?v=OIGtRk6JVS8,156663,67814,593690,https://www.youtube.com/watch?v=xeIColaiXLk,12842,11702,4821,25291,https://www.twitch.tv/videos/2732649086
53707f0116dc4fca8614ac7139e40b83,92300,32891403,0,0,0,,0,0,0,,0,0,0,,4794,133,99,207,https://www.twitch.tv/videos/2745338044
ea4c1a67c2e445ad8028768616ceb659,90500,13240258,2550,1154,23465,https://www.youtube.com/watch?v=NtYCwGVKtio,2496,806,6579,https://www.youtube.com/watch?v=rBJK978_KPQ,16426,7124,23465,https://www.youtube.com/watch?v=NtYCwGVKtio,3791,427,229,751,https://www.twitch.tv/videos/2742116790
9d9c6477329245cbb2557895f4f15686,84800,9058859,12217,4540,84216,https://www.youtube.com/watch?v=qFTw-Je5ZgI,0,0,0,,12217,4540,84216,https://www.youtube.com/watch?v=qFTw-Je5ZgI,168270,13779,4929,23199,https://www.twitch.tv/videos/2740406220
a6a4e83ae23140e6bd1f7c817af8f864,84600,5457292,7203,5993,179425,https://www.youtube.com/watch?v=gP-B6JLgnCk,2802,1000,2802,https://www.youtube.com/watch?v=tK0vPRPkLOE,11605,10457,179425,https://www.youtube.com/watch?v=gP-B6JLgnCk,12053,3768,2159,25821,https://www.twitch.tv/videos/2742957355
4544974bc5624035ae7bb0c9ed33e44e,84100,9230985,2344,1040,44314,https://www.youtube.com/watch?v=nr0W_KEswzI,2172,913,4002,https://www.youtube.com/watch?v=TwCRTT6qu9c,17401,16674,44314,https://www.youtube.com/watch?v=nr0W_KEswzI,12440,1943,1318,5770,https://www.twitch.tv/videos/2740329867
7e81a72484054a5c89f3826ebc8946be,80400,5723709,900,423,2888,https://www.youtube.com/watch?v=BYpbGNO5hiY,884,405,2053,https://www.youtube.com/watch?v=6IeNXj_CXEw,2074,1025,2888,https://www.youtube.com/watch?v=BYpbGNO5hiY,12339,2159,1079,4414,https://www.twitch.tv/videos/2745487313
1ccdbe5d48934f4cbabc86512dd1d357,78900,6266738,3042,1329,9497,https://www.youtube.com/watch?v=-r1_2QFU8iw,5544,1540,9497,https://www.youtube.com/watch?v=-r1_2QFU8iw,1883,1119,3338,https://www.youtube.com/watch?v=efx4Jd-MHAs,0,0,0,0,
0bf0ec441dc6489583f7218e02ab6a89,78500,5057199,616,275,1093,https://www.youtube.com/watch?v=8tKNFfPym5w,616,275,1093,https://www.youtube.com/watch?v=8tKNFfPym5w,0,0,0,,10539,1266,963,2115,https://www.twitch.tv/videos/2751917038
6bd49f94afb144e995247388ca8c42a8,77600,15062103,17423,7392,49059,https://www.youtube.com/watch?v=NCTBJ9qDLNo,13632,6751,21884,https://www.youtube.com/watch?v=PUUq-UrzrkY,44904,14106,49059,https://www.youtube.com/watch?v=NCTBJ9qDLNo,68559,38074,21116,68623,https://www.twitch.tv/videos/2748500963
4b6655120fbd4431a8f7894cac4a4d49,76800,8541940,1608,713,14611,https://www.youtube.com/watch?v=KC5id58fb4I,1608,713,14611,https://www.youtube.com/watch?v=KC5id58fb4I,0,0,0,,0,0,0,0,
17c335762a694402b8cb9a96b2865572,74900,7713873,1691,1208,3611,https://www.youtube.com/watch?v=v2_6lClOnvo,1691,1208,3611,https://www.youtube.com/watch?v=v2_6lClOnvo,0,0,0,,0,0,0,0,
fd6a0236861940389e15ef85b16c6069,74200,27396418,30437,18255,243844,https://www.youtube.com/watch?v=F1O9FBTFhVw,0,0,0,,30437,18255,243844,https://www.youtube.com/watch?v=F1O9FBTFhVw,173716,51065,24158,129351,https://www.twitch.tv/videos/2735487641
5bd39e2c6dcf4ff19436d8a5fa069464,73200,9822437,11155,4586,25464,https://www.youtube.com/watch?v=2eVqrdT9AFQ,13369,4529,22331,https://www.youtube.com/watch?v=n5aL-d3H_ps,8650,4586,25464,https://www.youtube.com/watch?v=2eVqrdT9AFQ,30413,24365,9553,34136,https://www.twitch.tv/videos/2738708481
cd42e06c40534d9eac7e30a434e47d43,72000,5856264,928,425,5906,https://www.youtube.com/watch?v=xxUn9w3fcn4,923,425,5468,https://www.youtube.com/watch?v=GRgD77ZgYOc,1264,446,5906,https://www.youtube.com/watch?v=xxUn9w3fcn4,3302,0,0,0,
c5fe413a473d4638b53fb3f9019aabbe,68800,5249826,4635,2784,5971,https://www.youtube.com/watch?v=ogww-LP7Hr0,4635,2784,5971,https://www.youtube.com/watch?v=ogww-LP7Hr0,0,0,0,,23518,35929,17070,58398,https://www.twitch.tv/videos/2741827304
2694a505a0e0441bb99b49e8ce1f7473,68000,5405485,3708,1858,3708,https://www.youtube.com/watch?v=wIhLxCHLJbU,0,0,0,,3708,1858,3708,https://www.youtube.com/watch?v=wIhLxCHLJbU,53053,11103,3654,20009,https://www.twitch.tv/videos/2740382846
d5fdf5fc55d14476908e416e6d43c121,67700,5373954,2037,1115,9861,https://www.youtube.com/watch?v=HTilBjwPKy4,1751,796,9599,https://www.youtube.com/watch?v=uxKPQKc01CA,5514,2224,9861,https://www.youtube.com/watch?v=HTilBjwPKy4,0,0,0,0,
8d113670c4514e5bb28823a756385528,67400,9286162,21860,5903,62336,https://www.youtube.com/watch?v=T_FjnPFI3EU,15247,5903,27430,https://www.youtube.com/watch?v=jbfpvK3QMr0,37007,6645,62336,https://www.youtube.com/watch?v=T_FjnPFI3EU,29059,21407,10318,32665,https://www.twitch.tv/videos/2735541592
6c872a4043b84e4493877a42af684d1d,66000,10150284,1627,788,23645,https://www.youtube.com/watch?v=Tg5NXQn58lU,1117,524,3181,https://www.youtube.com/watch?v=SKJj99wsy5E,18076,5573,23645,https://www.youtube.com/watch?v=Tg5NXQn58lU,6201,0,0,0,
1323f1b775bf43659f8b8ec2899522cd,64600,4172093,2798,992,6347,https://www.youtube.com/watch?v=0VT1Sgh52ZQ,2798,992,6347,https://www.youtube.com/watch?v=0VT1Sgh52ZQ,0,0,0,,0,0,0,0,
1b63d89e0b1a4b579de6d99e25eaff8f,63900,12945486,4087,3338,25116,https://www.youtube.com/watch?v=UYH9QWPDysc,3323,2666,6358,https://www.youtube.com/watch?v=FdNi6gyl-aY,19664,5083,25116,https://www.youtube.com/watch?v=UYH9QWPDysc,11598,0,0,0,
cb94019fb4714e168b47d6757995efc3,61700,4657052,2121,1008,16027,https://www.youtube.com/watch?v=1lQtQ1N4LLM,2086,976,2904,https://www.youtube.com/watch?v=RnTQjcvT3fw,10928,6080,16027,https://www.youtube.com/watch?v=1lQtQ1N4LLM,7054,2619,1582,3727,https://www.twitch.tv/videos/2739674280
4fc5a770272a43f1bb0a1d12aa3a9b46,61400,13345328,2458,929,13467,https://www.youtube.com/watch?v=_GLOq6PifW0,0,0,0,,2458,929,13467,https://www.youtube.com/watch?v=_GLOq6PifW0,0,0,0,0,
512b64ec20174d018540516e9edf2b2f,61200,7766951,333,217,627,https://www.youtube.com/watch?v=svFtjeTHyc8,360,201,454,https://www.youtube.com/watch?v=JhnVK9LAELo,329,226,627,https://www.youtube.com/watch?v=svFtjeTHyc8,1241,0,0,0,
f5ff982730f54cd4826ff0530a4288c2,61100,6068089,6474,3609,27551,https://www.youtube.com/watch?v=lb8vTlB17rw,2561,452,22579,https://www.youtube.com/watch?v=3DGcsM1ANiA,7177,3639,27551,https://www.youtube.com/watch?v=lb8vTlB17rw,0,0,0,0,
a8ce4642418b4fe8ba1471a32097f4c4,61000,3798732,753,352,2965,https://www.youtube.com/watch?v=qmo8MHyJGd0,619,258,2064,https://www.youtube.com/watch?v=1AsI2Z772NE,1686,1265,2965,https://www.youtube.com/watch?v=qmo8MHyJGd0,0,0,0,0,
6a9a7c7dc3f94605b5f619e9fbcfa33d,61000,1961565,11427,7610,100893,https://www.youtube.com/watch?v=zoTuHFTuGjY,11427,8266,49801,https://www.youtube.com/watch?v=iJ9DIokXMnk,11234,4550,100893,https://www.youtube.com/watch?v=zoTuHFTuGjY,0,0,0,0,
911d3403c8e84dc3b0c4a2f6017698b6,60800,1630914,593,293,2396,https://www.youtube.com/watch?v=WAibJxrrisI,537,277,925,https://www.youtube.com/watch?v=V2e_HNYrOYk,1623,498,2396,https://www.youtube.com/watch?v=WAibJxrrisI,3590,1728,1145,1728,https://www.twitch.tv/videos/2745265491
0d717ed7ec134fb6ac94ce9dc4e25658,60300,4576189,1672,685,5822,https://www.youtube.com/watch?v=501HRmtUbn4,1672,685,5822,https://www.youtube.com/watch?v=501HRmtUbn4,0,0,0,,0,0,0,0,
f985903969ad4e8b839e919aabe94480,58500,1050023,696,237,1677,https://www.youtube.com/watch?v=-E2MUpUk82Y,702,288,1197,https://www.youtube.com/watch?v=faZBiiRPSTI,530,135,1677,https://www.youtube.com/watch?v=-E2MUpUk82Y,0,0,0,0,
5a934764983e45959855735b79bcc90e,58100,2604006,1052,481,3542,https://www.youtube.com/watch?v=LwaQ2CwZfmE,1052,481,3343,https://www.youtube.com/watch?v=1zq8pbd_xfc,1777,424,3542,https://www.youtube.com/watch?v=LwaQ2CwZfmE,11570,1041,303,4359,https://www.twitch.tv/videos/2740389286
14a9a08fbdc641e8ac8c384dedfccf0a,58000,6322765,4186,1082,6107,https://www.youtube.com/watch?v=c-gdToZw_xc,4186,1082,6107,https://www.youtube.com/watch?v=c-gdToZw_xc,0,0,0,,16934,6677,2730,10369,https://www.twitch.tv/videos/2751799808
99f6f80397b34d0b9a0cfd40f3801a35,57500,2711916,1921,1330,19553,https://www.youtube.com/watch?v=AL4n3LTKODU,1687,846,2635,https://www.youtube.com/watch?v=vDxUsD_SW1g,10634,1952,19553,https://www.youtube.com/watch?v=AL4n3LTKODU,29462,15093,10661,65488,https://www.twitch.tv/videos/2745357557
ba59bb31bbcd4cf3a481c4cf72918fb0,56900,8327728,2870,1488,5893,https://www.youtube.com/watch?v=xTNHn2Plz84,2720,1330,3472,https://www.youtube.com/watch?v=tEjTHiCYXiE,5893,4729,5893,https://www.youtube.com/watch?v=xTNHn2Plz84,0,0,0,0,
02f5258d29b046bc9f597c9baac014bf,56300,4145652,7973,5525,98465,https://www.youtube.com/watch?v=gG0FdYwxcU0,6512,3824,8163,https://www.youtube.com/watch?v=IlJn2le8mp4,25631,10805,98465,https://www.youtube.com/watch?v=gG0FdYwxcU0,38304,51513,28409,123716,https://www.twitch.tv/videos/2740495438
6aefa292dc61441e98c787efb0067922,55500,2531824,1188,725,4306,https://www.youtube.com/watch?v=LKzf9fWnHTk,1155,666,3970,https://www.youtube.com/watch?v=7VI-oCN7neI,2828,1432,4306,https://www.youtube.com/watch?v=LKzf9fWnHTk,11200,1747,1047,4795,https://www.twitch.tv/videos/2746776510
729621ce509b4641ad8cde76dec037d0,54800,2802428,653,309,5093,https://www.youtube.com/watch?v=9CAR_x6aLTk,631,297,3704,https://www.youtube.com/watch?v=M_z7R_SNmZE,5093,1710,5093,https://www.youtube.com/watch?v=9CAR_x6aLTk,5162,786,547,1839,https://www.twitch.tv/videos/2747736592
e14d4aac184c4ccdba6f2a9718cfea62,54600,3029242,719,326,3760,https://www.youtube.com/watch?v=-tOFde55hYU,719,326,3760,https://www.youtube.com/watch?v=-tOFde55hYU,0,0,0,,0,0,0,0,
66c812bb04844241af1d1c7539b5e251,53600,38946879,155,86,1610,https://www.youtube.com/watch?v=qi0k_e05exI,137,79,1610,https://www.youtube.com/watch?v=qi0k_e05exI,288,111,634,https://www.youtube.com/watch?v=LOdPJRiKN5M,1084,0,0,0,
a000aa1d3ea7489c993277d33ab2457e,53300,5318377,3945,1183,21893,https://www.youtube.com/watch?v=8nXMWnsfFrg,3127,1140,12709,https://www.youtube.com/watch?v=eUsnH3N_ASs,21589,3643,21893,https://www.youtube.com/watch?v=8nXMWnsfFrg,48092,17611,9146,48237,https://www.twitch.tv/videos/2752594050
626750f4e7a745619c171c44fb1efcc0,52800,6911520,1881,928,7213,https://www.youtube.com/watch?v=zz-ACYvQ8pQ,975,463,2480,https://www.youtube.com/watch?v=q_EAy98ZoKA,2949,1506,7213,https://www.youtube.com/watch?v=zz-ACYvQ8pQ,10795,344,191,2080,https://www.twitch.tv/videos/2752525140
efe550a729e14dbab790a3f73205d8ed,52700,2955502,2254,820,5183,https://www.youtube.com/watch?v=wknqtMbP-vs,1182,655,2863,https://www.youtube.com/watch?v=d1NGgYgGuoY,3009,1303,5183,https://www.youtube.com/watch?v=wknqtMbP-vs,0,0,0,0,
ce2a2c07a74640fc8d3b39d022b16dd9,52700,4757077,1032,501,7060,https://www.youtube.com/watch?v=buqFZPhP10s,785,401,1273,https://www.youtube.com/watch?v=7TdVW83hR3k,4055,2411,7060,https://www.youtube.com/watch?v=buqFZPhP10s,0,0,0,0,
658e63bebdca421ca934b0bf6aa2bcd8,52100,5955729,1912,868,5286,https://www.youtube.com/watch?v=Bm-4dLgN2kQ,2136,913,5286,https://www.youtube.com/watch?v=Bm-4dLgN2kQ,1423,393,4017,https://www.youtube.com/watch?v=c_yLlmECgJ0,11075,610,470,873,https://www.twitch.tv/videos/2747843772
cbb5df4184f04027b8a550d648d79eeb,51800,4492572,16565,7494,30596,https://www.youtube.com/watch?v=TlBO44EJa6s,30596,12455,30596,https://www.youtube.com/watch?v=TlBO44EJa6s,15618,6993,27069,https://www.youtube.com/watch?v=ZBgfdb62BFk,0,0,0,0,
60282d578bb747b8b232dba81168a5b6,51300,5181531,3432,1610,16466,https://www.youtube.com/watch?v=IVcCdgv2rOo,3009,1407,4988,https://www.youtube.com/watch?v=hRbPEjhurro,4910,1673,16466,https://www.youtube.com/watch?v=IVcCdgv2rOo,0,0,0,0,
927ce160c29f4465ba196c3e1b8fee1c,50500,2977925,1022,592,2288,https://www.youtube.com/watch?v=k_KJ3_QRPp4,1016,517,1683,https://www.youtube.com/watch?v=XS28bvZmZqM,2218,1470,2288,https://www.youtube.com/watch?v=k_KJ3_QRPp4,4816,922,669,2273,https://www.twitch.tv/videos/2745230109
7d66bf98da354f72baee891cdd91855b,49700,4474992,2384,1134,7407,https://www.youtube.com/watch?v=81fey24id8E,2384,1134,7407,https://www.youtube.com/watch?v=81fey24id8E,0,0,0,,0,0,0,0,
50a0835b66844b0ab84f573934f20989,49700,2448745,1490,779,3249,https://www.youtube.com/watch?v=1nLdkwoY5uk,1466,766,3249,https://www.youtube.com/watch?v=1nLdkwoY5uk,2050,1759,2050,https://www.youtube.com/watch?v=VQY82rLVhN8,0,0,0,0,
3bc36efc33ba4410be1d509a39074ceb,48900,3978823,17957,8310,41852,https://www.youtube.com/watch?v=xpIiMm1hwPY,13904,8225,20174,https://www.youtube.com/watch?v=f0xAhF6l_xI,21000,8395,41852,https://www.youtube.com/watch?v=xpIiMm1hwPY,24588,26718,13934,59751,https://www.twitch.tv/videos/2742048788
0eb515afbb9347529a406e91a07cde90,48900,2489290,8408,4197,71255,https://www.youtube.com/watch?v=khjc9hc0rTY,7808,3805,8408,https://www.youtube.com/watch?v=KJNC_4fSsFI,22780,11728,71255,https://www.youtube.com/watch?v=khjc9hc0rTY,19863,10487,4010,17028,https://www.twitch.tv/videos/2744504739
4c3cae772e974f8fb8e04f4cc9c8cd8d,48800,3229513,2557,1315,11748,https://www.youtube.com/watch?v=oQnfDZj1MlA,2108,1363,4119,https://www.youtube.com/watch?v=0BuBCuA9-xg,2992,799,11748,https://www.youtube.com/watch?v=oQnfDZj1MlA,0,0,0,0,
1cfadb0d2e154a258c3177ff8264336f,48800,4376731,3124,1360,12112,https://www.youtube.com/watch?v=hwdzHmEMjbk,2355,1023,12112,https://www.youtube.com/watch?v=hwdzHmEMjbk,5090,1367,7205,https://www.youtube.com/watch?v=n713YY3UU6w,0,0,0,0,
2db2ffc41ff340a990a6d4dcec000d08,48100,2899427,7117,3249,48752,https://www.youtube.com/watch?v=FoG0bXS2X_I,4780,2243,9329,https://www.youtube.com/watch?v=Orhpjj_yj3o,22854,7040,48752,https://www.youtube.com/watch?v=FoG0bXS2X_I,25179,11727,5894,17500,https://www.twitch.tv/videos/2747803888
6c88799c6f45407faf0f9ea007b0dcab,48000,3586619,9204,4482,32676,https://www.youtube.com/watch?v=nLrXBlq1TfE,1251,355,1472,https://www.youtube.com/watch?v=p6VkbfZZ1MQ,17685,7138,32676,https://www.youtube.com/watch?v=nLrXBlq1TfE,0,0,0,0,
3681a0b4e4bd48888473b1884f6ee420,47900,5429415,834,317,17092,https://www.youtube.com/watch?v=hTGJUka7ODU,804,311,1616,https://www.youtube.com/watch?v=UusN0_yXHK4,5930,1192,17092,https://www.youtube.com/watch?v=hTGJUka7ODU,0,0,0,0,
22ca620b93c94e5cb48175bbecf8d3af,47400,5444415,2498,1093,7771,https://www.youtube.com/watch?v=P8mP_MwqNNE,1803,1029,2350,https://www.youtube.com/watch?v=_MacKMzJsVA,4339,2072,7771,https://www.youtube.com/watch?v=P8mP_MwqNNE,0,0,0,0,
e350c8b7e41045419ee1ac73bc78921b,47300,5171656,1293,600,17561,https://www.youtube.com/watch?v=PjcoHmGUKvk,1179,434,1967,https://www.youtube.com/watch?v=UvdHQ8wrGog,3993,1843,17561,https://www.youtube.com/watch?v=PjcoHmGUKvk,0,0,0,0,
c41044006a014ed28107f33221a7de98,47100,4358501,1510,529,2832,https://www.youtube.com/watch?v=OrSIwU9s46k,1510,529,2832,https://www.youtube.com/watch?v=OrSIwU9s46k,0,0,0,,5280,0,0,0,
920d34819cf944e99cf469f7552d535f,47000,11307625,16471,7543,138838,https://www.youtube.com/watch?v=O7Ew3dNnIMA,16108,7300,29504,https://www.youtube.com/watch?v=u-uKUevEAok,66198,9214,138838,https://www.youtube.com/watch?v=O7Ew3dNnIMA,6086,5461,5069,6559,https://www.twitch.tv/videos/2750253221
ebe5c5f9d67f44f3bc5e70b413ce9df7,47000,2270578,648,314,1695,https://www.youtube.com/watch?v=DO0YEDmcC54,604,257,764,https://www.youtube.com/watch?v=rx__7UM2g7U,1695,795,1695,https://www.youtube.com/watch?v=DO0YEDmcC54,12245,865,363,4381,https://www.twitch.tv/videos/2736240106
2760c9a44c20464d8e140e6367ed1cdf,46900,2443448,500,250,3109,https://www.youtube.com/watch?v=RS5uBZ0fUYg,481,244,1032,https://www.youtube.com/watch?v=1j-58vynBSU,2480,1904,3109,https://www.youtube.com/watch?v=RS5uBZ0fUYg,2415,41,36,1678,https://www.twitch.tv/videos/2751660027
575d15d21f7240e1ad72935bf7fa0465,46900,1664430,371,219,3883,https://www.youtube.com/watch?v=x_zVajCRP8w,360,212,628,https://www.youtube.com/watch?v=tcght9lwlsM,3390,2717,3883,https://www.youtube.com/watch?v=x_zVajCRP8w,0,0,0,0,
21d5855a8c7d4461b286d40c167ac093,46100,4995992,1132,574,2834,https://www.youtube.com/watch?v=oLhBDLF2h7U,1132,574,2834,https://www.youtube.com/watch?v=oLhBDLF2h7U,0,0,0,,947,2824,1282,25183,https://www.twitch.tv/videos/2733820880
fe1abd28f3114015ac31ae1821e8dd3f,46000,1690664,1062,645,4276,https://www.youtube.com/watch?v=SUhPubpIcZQ,1062,645,4276,https://www.youtube.com/watch?v=SUhPubpIcZQ,0,0,0,,4641,677,543,1698,https://www.twitch.tv/videos/2746814818
3d786b116dbc437e8684d7b46567a1e5,45600,1582893,941,626,3571,https://www.youtube.com/watch?v=IUT2J3KviC0,845,624,1235,https://www.youtube.com/watch?v=E5UcYzqHJBw,2029,730,3571,https://www.youtube.com/watch?v=IUT2J3KviC0,9599,1700,668,5680,https://www.twitch.tv/videos/2740175394
20f0e269ce554a00920de0444bc22aaf,45000,3909458,1434,396,19335,https://www.youtube.com/watch?v=2aX19VdsXSM,871,276,1434,https://www.youtube.com/watch?v=t7m2oTo9KRE,3335,1967,19335,https://www.youtube.com/watch?v=2aX19VdsXSM,0,0,0,0,
177fe395a2704d10add06cb1466fa254,44600,3353019,11762,5659,96272,https://www.youtube.com/watch?v=1s9ZofFhHBI,9625,3656,15352,https://www.youtube.com/watch?v=AikQEEEKeDI,32883,18401,96272,https://www.youtube.com/watch?v=1s9ZofFhHBI,31408,21583,11044,42840,https://www.twitch.tv/videos/2744526511
a0d4fad2fd3d4e4981947642a9dbafc4,44100,3404739,1632,1177,4740,https://www.youtube.com/watch?v=6fcJS6rJVQE,1632,1177,4740,https://www.youtube.com/watch?v=6fcJS6rJVQE,0,0,0,,12125,2051,889,3556,https://www.twitch.tv/videos/2750191813
1c6ebd51e0fc4ebab88347e853335c87,43800,2021455,2301,709,5220,https://www.youtube.com/watch?v=0z09omPYeo0,998,459,4866,https://www.youtube.com/watch?v=YXX489DCY24,2493,1241,5220,https://www.youtube.com/watch?v=0z09omPYeo0,1662,946,632,1724,https://www.twitch.tv/videos/2750465099
c25e6f38d6df447e84c4747ba6ac75cc,43300,1401872,8391,5563,82780,https://www.youtube.com/watch?v=uc4XTTqruUQ,7209,5808,27053,https://www.youtube.com/watch?v=JabK0E69CLo,9294,5258,82780,https://www.youtube.com/watch?v=uc4XTTqruUQ,0,0,0,0,
0825b7bbb6134dbc98a132cc1782fb1f,42900,1753684,510,249,1009,https://www.youtube.com/watch?v=v6v0__aR2Bg,510,249,1009,https://www.youtube.com/watch?v=v6v0__aR2Bg,0,0,0,,0,0,0,0,
dee8efe8990e458c915e4f6a6a16b49f,42700,5263522,173,87,399,https://www.youtube.com/watch?v=TQIFAc9aP-E,173,87,399,https://www.youtube.com/watch?v=TQIFAc9aP-E,0,0,0,,3320,0,0,0,
9a496e9b261f401dba4991a9f4c7048e,42500,1522464,888,585,6574,https://www.youtube.com/watch?v=RXBWPPrdnYI,758,377,888,https://www.youtube.com/watch?v=YMQEPuelIZY,3869,985,6574,https://www.youtube.com/watch?v=RXBWPPrdnYI,0,0,0,0,
73b97b1a35c84579aa8ffcd6534efad3,42400,5803413,1580,552,21297,https://www.youtube.com/watch?v=kyaHMmGLvsU,894,386,2368,https://www.youtube.com/watch?v=FwBuSKvV_yc,5892,2725,21297,https://www.youtube.com/watch?v=kyaHMmGLvsU,10769,0,0,0,
5f6f102dd7cc4bfaa99e4cde16b85290,42200,2177686,1771,850,7722,https://www.youtube.com/watch?v=kJla_y6UhOc,1634,762,2707,https://www.youtube.com/watch?v=mM3ZyGQALi0,6064,2163,7722,https://www.youtube.com/watch?v=kJla_y6UhOc,7908,4653,2414,13916,https://www.twitch.tv/videos/2749154260
a9f28d3e3d2a4ecb93ff10955be791d1,41900,3008733,3154,2028,3995,https://www.youtube.com/watch?v=23xJALNSnBg,3109,2614,3995,https://www.youtube.com/watch?v=23xJALNSnBg,3154,1900,3154,https://www.youtube.com/watch?v=Pw1p3wc9EXU,16527,7054,2631,13543,https://www.twitch.tv/videos/2737890607
8150f530d858418282811429cc32622b,41100,2256136,433,228,2992,https://www.youtube.com/watch?v=9VXRjMbsKd0,407,215,2992,https://www.youtube.com/watch?v=9VXRjMbsKd0,2277,1146,2457,https://www.youtube.com/watch?v=vlRqAX0wqPE,12900,758,381,1608,https://www.twitch.tv/videos/2737959363
ed426712876641848613137bef236d26,40700,3813860,1471,774,9727,https://www.youtube.com/watch?v=_P13W26FOvs,1180,609,1575,https://www.youtube.com/watch?v=_vy0Tn0xo_8,3157,1858,9727,https://www.youtube.com/watch?v=_P13W26FOvs,9054,1379,628,2053,https://www.twitch.tv/videos/2747541963
be6c475c291d45a0a7349abdb70be20d,40500,13005695,336,176,5166,https://www.youtube.com/watch?v=K_pGD6wCgHg,262,170,1295,https://www.youtube.com/watch?v=73A43hZjSd4,2159,606,5166,https://www.youtube.com/watch?v=K_pGD6wCgHg,0,0,0,0,
14770d49681b44c1a6a7fcbdc265f539,40500,1842721,1915,399,5261,https://www.youtube.com/watch?v=aSXuX_PTqJo,1676,677,2837,https://www.youtube.com/watch?v=IsVwNzWmi5s,5261,28,5261,https://www.youtube.com/watch?v=aSXuX_PTqJo,0,0,0,0,
4b8137b8ba4e4a4dad994e2e07e351fe,40300,2485001,385,215,1205,https://www.youtube.com/watch?v=whNxHKKMHUw,369,92,391,https://www.youtube.com/watch?v=NeB5xIajTjk,1064,564,1205,https://www.youtube.com/watch?v=whNxHKKMHUw,2092,194,134,242,https://www.twitch.tv/videos/2747813705
5e98938ba0624235863dd2af8017fbe6,40200,1899001,1203,634,4485,https://www.youtube.com/watch?v=pmfViL8jc34,1255,718,4485,https://www.youtube.com/watch?v=pmfViL8jc34,668,513,668,https://www.youtube.com/watch?v=h50yg0FYzD8,0,0,0,0,
6943bbfc993443d4b3853833b3bb1a66,40200,15001964,10348,3790,11888,https://www.youtube.com/watch?v=Khbel9tEw70,0,0,0,,10348,3790,11888,https://www.youtube.com/watch?v=Khbel9tEw70,0,0,0,0,
d1694c709e0f489fbd07fc9bc67c0a66,39800,1944338,521,374,1850,https://www.youtube.com/watch?v=66XFn8Gd7hM,491,344,1305,https://www.youtube.com/watch?v=ZaxH4A14XjQ,1471,1114,1850,https://www.youtube.com/watch?v=66XFn8Gd7hM,2593,463,370,463,https://www.twitch.tv/videos/2748578616
192d2decee72410e8346c135c4ac6e00,39400,1573868,2410,1401,7456,https://www.youtube.com/watch?v=80uRIFTqA80,2410,1401,7456,https://www.youtube.com/watch?v=80uRIFTqA80,0,0,0,,2391,0,0,0,
e069724ddab54dd690d6c3425574effd,39000,6246426,1671,967,27773,https://www.youtube.com/watch?v=z4fzHyne-VA,1303,672,2089,https://www.youtube.com/watch?v=xjvTK5foQpQ,7465,4178,27773,https://www.youtube.com/watch?v=z4fzHyne-VA,4622,0,0,0,
f928e57423634094b3d7d8461321c028,38100,956223,445,247,581,https://www.youtube.com/watch?v=9dmYUflA_LU,445,247,581,https://www.youtube.com/watch?v=9dmYUflA_LU,0,0,0,,3121,437,264,437,https://www.twitch.tv/videos/2743753205
80f7b111f0e044abae4c37f6a96b5957,38000,1090884,259,124,610,https://www.youtube.com/watch?v=ulF2L0t2qYA,259,124,610,https://www.youtube.com/watch?v=ulF2L0t2qYA,0,0,0,,0,0,0,0,
f6a8c59d8b8d4e009d4e147ec268cd73,37500,2009663,2137,1238,4324,https://www.youtube.com/watch?v=ScLhcwGhoKw,2137,1238,4324,https://www.youtube.com/watch?v=ScLhcwGhoKw,0,0,0,,4979,0,0,0,
7aba821c721e45bcb3d113652e9e8fb2,37200,1136845,1220,639,4410,https://www.youtube.com/watch?v=9vBt54UnZvA,1013,605,1517,https://www.youtube.com/watch?v=XATWqYeET0c,4149,706,4410,https://www.youtube.com/watch?v=9vBt54UnZvA,0,0,0,0,
c88554bbf263412da16e7a17fd03e467,36900,2026028,4068,2540,310941,https://www.youtube.com/watch?v=J0VgMRBQCxE,3182,1630,26746,https://www.youtube.com/watch?v=VwtRu5dvUmw,13414,5221,310941,https://www.youtube.com/watch?v=J0VgMRBQCxE,0,0,0,0,
5c7beefaa54444e3b0443d7abd93c1f7,36800,4245201,0,0,0,,0,0,0,,0,0,0,,4424,499,278,978,https://www.twitch.tv/videos/2736353573
a85d79e2323b4869a6f784c51218cd37,36600,3549829,2378,992,29975,https://www.youtube.com/watch?v=v_7LDSHxJ9g,1102,677,6031,https://www.youtube.com/watch?v=lZ352BLrtA0,3483,1858,29975,https://www.youtube.com/watch?v=v_7LDSHxJ9g,2067,320,260,2262,https://www.twitch.tv/videos/2743446430
84d68bef71304aa089c10d2c33c9a107,36500,3510789,1717,824,7396,https://www.youtube.com/watch?v=sidAiJm4aTI,1480,778,4547,https://www.youtube.com/watch?v=xRpneVil_ys,4886,2564,7396,https://www.youtube.com/watch?v=sidAiJm4aTI,0,0,0,0,
f928118054aa4e11aa4ec88504d8b886,36200,2104846,621,250,1374,https://www.youtube.com/watch?v=KNDOQItCceg,621,250,1374,https://www.youtube.com/watch?v=KNDOQItCceg,0,0,0,,2326,0,0,0,
dad6fb7439d744739755a9a7c6c18d20,36200,3226492,2573,979,6190,https://www.youtube.com/watch?v=EOkJvH2J1Mk,1443,869,4104,https://www.youtube.com/watch?v=voo4uRHUl8w,4967,2248,6190,https://www.youtube.com/watch?v=EOkJvH2J1Mk,2780,444,386,882,https://www.twitch.tv/videos/2748543423
6baf9b6a84a44ab3a6979d98bff7ee21,35500,1540382,2433,753,11186,https://www.youtube.com/watch?v=U8SxZ16wzgw,1682,761,3574,https://www.youtube.com/watch?v=4lOK8QMzdJM,4901,586,11186,https://www.youtube.com/watch?v=U8SxZ16wzgw,0,0,0,0,
b08047f2566246ac995e03a5db727cfe,35100,88129,1626,551,2463,https://www.youtube.com/watch?v=8oCp_FSBI7c,789,268,789,https://www.youtube.com/watch?v=gahG4sRMd4A,2463,834,2463,https://www.youtube.com/watch?v=8oCp_FSBI7c,7238,0,0,0,
683c47ffba3246cb8574a6f2667208d1,34700,1151039,2380,1077,14888,https://www.youtube.com/watch?v=c5OK94le8dQ,1418,870,2381,https://www.youtube.com/watch?v=xKSjTA9QT_4,4759,2374,14888,https://www.youtube.com/watch?v=c5OK94le8dQ,11047,7654,3024,21195,https://www.twitch.tv/videos/2736118208
8267ea37c12a471a8a038f501832e099,34600,2414745,1511,540,11821,https://www.youtube.com/watch?v=r6SaXsLiToc,1563,555,2041,https://www.youtube.com/watch?v=m3D_LZB3rxk,1459,525,11821,https://www.youtube.com/watch?v=r6SaXsLiToc,0,0,0,0,
84a911e2b05f4919a32e0c1618e32a7d,34200,1069009,766,468,1049,https://www.youtube.com/watch?v=zEr7avpf8Mc,766,468,1049,https://www.youtube.com/watch?v=zEr7avpf8Mc,0,0,0,,0,0,0,0,
6af8929143294c72b25a7108e79e2faf,34000,2215860,811,546,2974,https://www.youtube.com/watch?v=smkm9KGvjm0,799,451,2974,https://www.youtube.com/watch?v=smkm9KGvjm0,1265,1223,1265,https://www.youtube.com/watch?v=TkA-l9buWsI,0,0,0,0,
55be1972142c44799f83ce3db4f14fbd,34000,2756259,3732,999,10426,https://www.youtube.com/watch?v=iObxoKonXEY,799,658,3590,https://www.youtube.com/watch?v=pOjBqbY0gpg,4972,1727,10426,https://www.youtube.com/watch?v=iObxoKonXEY,0,0,0,0,
6929e06cd9ed49739cadaa35115847c7,33800,2262099,1210,486,3816,https://www.youtube.com/watch?v=49LxNNE3tY4,1197,450,3816,https://www.youtube.com/watch?v=49LxNNE3tY4,3322,663,3322,https://www.youtube.com/watch?v=6enRZOBGpS0,0,0,0,0,
32b5b05c6e0f4747a8c0932d06f97f8c,33300,2036608,2073,828,4339,https://www.youtube.com/watch?v=aXfmNGJEaKE,1891,633,4118,https://www.youtube.com/watch?v=uvqD5rEO8qs,4339,1895,4339,https://www.youtube.com/watch?v=aXfmNGJEaKE,4702,1238,75,1238,https://www.twitch.tv/videos/2730388989
93bad1d4b0c54c8781e3775d13a62c38,33300,1089665,134,70,910,https://www.youtube.com/watch?v=jwaBl5K_SQo,134,70,163,https://www.youtube.com/watch?v=cPFB3mo2eDA,486,120,910,https://www.youtube.com/watch?v=jwaBl5K_SQo,676,0,0,0,
d6c4708f6eb94ac6ad7668363b132248,33100,1043425,366,209,2336,https://www.youtube.com/watch?v=rtxJVSG1VSg,361,209,2141,https://www.youtube.com/watch?v=er7wmAhoKRA,1236,275,2336,https://www.youtube.com/watch?v=rtxJVSG1VSg,0,0,0,0,
9ca368e73d514656ade48dc946f55956,32700,4189893,0,0,0,,0,0,0,,0,0,0,,9151,942,355,1938,https://www.twitch.tv/videos/2752654233
334133534368487780dfa99b7c9f5949,32000,17762593,111,4,151,https://www.youtube.com/watch?v=6htk5TzQRIA,111,4,151,https://www.youtube.com/watch?v=6htk5TzQRIA,0,0,0,,0,0,0,0,
b0f523194beb4abca2b433e9e41d912c,32000,1742599,1122,491,3508,https://www.youtube.com/watch?v=MlJR_FxqHWo,1045,489,1798,https://www.youtube.com/watch?v=qWSTLEk8ciQ,2232,807,3508,https://www.youtube.com/watch?v=MlJR_FxqHWo,11992,0,0,0,
13a4e83f2bbc4d18bb27520a4dceef72,31900,7884962,6609,3090,8815,https://www.youtube.com/watch?v=nrqvEFnpOWI,4403,1481,4403,https://www.youtube.com/watch?v=VQ8Pf1bfyVE,8815,4699,8815,https://www.youtube.com/watch?v=nrqvEFnpOWI,57518,38500,23068,71610,https://www.twitch.tv/videos/2734435056
1edf4940878546569e52dd06c95b8581,31600,2261841,468,223,1749,https://www.youtube.com/watch?v=VCQYOROSnck,466,220,1075,https://www.youtube.com/watch?v=NJyiVk-5Slg,1462,913,1749,https://www.youtube.com/watch?v=VCQYOROSnck,0,0,0,0,
e150e350532b4327b26989dd43cd3bad,31400,1995906,862,522,875,https://www.youtube.com/watch?v=fLRXnkD0it8,862,522,875,https://www.youtube.com/watch?v=fLRXnkD0it8,0,0,0,,1065,0,0,0,
b42416c629e64c948f75aff4ff5c9a8a,31300,1228117,1167,228,1924,https://www.youtube.com/watch?v=3DwMnraelSM,558,154,832,https://www.youtube.com/watch?v=CQ7sm4xNCjA,1713,793,1924,https://www.youtube.com/watch?v=3DwMnraelSM,3722,0,0,0,
ad56a56e509c4b6fa0cf11ca959e3c72,31300,78373,653,196,977,https://www.youtube.com/watch?v=nWM5E5zaZ2k,653,196,977,https://www.youtube.com/watch?v=nWM5E5zaZ2k,0,0,0,,132,0,0,0,
9f649d90164140bdb0e38f7e835c183b,31100,1867777,942,485,2873,https://www.youtube.com/watch?v=u_2oiY_6_ds,942,485,2873,https://www.youtube.com/watch?v=u_2oiY_6_ds,0,0,0,,0,0,0,0,
e1b2266a00c04e81bd868ae2fbff7848,31100,1638163,2318,447,12375,https://www.youtube.com/watch?v=YafzLftm9aY,1006,693,2915,https://www.youtube.com/watch?v=t-s4gf6KGdQ,6509,394,12375,https://www.youtube.com/watch?v=YafzLftm9aY,0,0,0,0,
31f17632340f4e7fbd0ced07193dd81b,31000,562195,430,210,4117,https://www.youtube.com/watch?v=Gjhh5mtrB2M,427,201,1091,https://www.youtube.com/watch?v=mFJq3Q5zUOY,4117,1641,4117,https://www.youtube.com/watch?v=Gjhh5mtrB2M,0,0,0,0,
d81d1032a43642eca36e82ba9a3c39c5,30800,1190957,0,0,0,,0,0,0,,0,0,0,,11251,703,568,830,https://www.twitch.tv/videos/2751885348
099a5fd0d27d4fc892f684793ac18c99,30600,3904474,1545,683,4351,https://www.youtube.com/watch?v=8bPTFEk4y0A,620,530,780,https://www.youtube.com/watch?v=4pttxNwLa2g,2345,1116,4351,https://www.youtube.com/watch?v=8bPTFEk4y0A,0,0,0,0,
5b996b6eca90491cb8e1a43de23b2388,30100,821092,1527,621,4368,https://www.youtube.com/watch?v=cTB3F88nxhA,1681,775,4368,https://www.youtube.com/watch?v=cTB3F88nxhA,1050,226,1330,https://www.youtube.com/watch?v=aMTq2tR8XFo,0,0,0,0,
b6f68e0e323f45458752f3a7ec6a08f2,29400,2347954,1616,574,10072,https://www.youtube.com/watch?v=ZYnDlXukAEg,1197,314,2076,https://www.youtube.com/watch?v=8J6pp4DGzvI,3852,1707,10072,https://www.youtube.com/watch?v=ZYnDlXukAEg,3744,1115,487,2221,https://www.twitch.tv/videos/2743608783
02d67d58d59644be9cdf0b1179419637,29300,1921820,1684,200,9628,https://www.youtube.com/watch?v=r8oYACoBYBM,273,153,586,https://www.youtube.com/watch?v=wkZsplgRXbI,3466,998,9628,https://www.youtube.com/watch?v=r8oYACoBYBM,2582,468,345,718,https://www.twitch.tv/videos/2751028694
9af7c10c618844f08a327d38753124bd,29300,1403375,1639,550,1639,https://www.youtube.com/watch?v=Gbmcqb0RVgw,0,0,0,,1639,550,1639,https://www.youtube.com/watch?v=Gbmcqb0RVgw,17924,1855,975,4010,https://www.twitch.tv/videos/2741217653
bc0b8c437eda4361b2a10003013f49cf,29200,342204,0,0,0,,0,0,0,,0,0,0,,0,0,0,0,
bac1f0b8e8d149d4a48cfd30d7d7ad74,28900,2132334,606,181,1638,https://www.youtube.com/watch?v=EVn6OUCmcx8,593,181,981,https://www.youtube.com/watch?v=YsxUVSg3cb4,1614,131,1638,https://www.youtube.com/watch?v=EVn6OUCmcx8,0,0,0,0,
d35707348d554507a98f97eb59230efc,28900,2023643,872,360,64650,https://www.youtube.com/watch?v=ckRb58RNvM4,847,341,1581,https://www.youtube.com/watch?v=R3FEAktoFVE,3056,2062,64650,https://www.youtube.com/watch?v=ckRb58RNvM4,4454,809,576,1092,https://www.twitch.tv/videos/2746709336
4fd17e8877024633876c5d85bc81e56b,28800,4136086,855,443,26016,https://www.youtube.com/watch?v=3rv7uDk8Ljg,781,385,1337,https://www.youtube.com/watch?v=UzknHbyO6yY,3873,1667,26016,https://www.youtube.com/watch?v=3rv7uDk8Ljg,0,0,0,0,
6f9d63518a69442a88ac602a3b37bf18,28500,1557802,482,289,1960,https://www.youtube.com/watch?v=U2X5R-mkcAc,458,178,1612,https://www.youtube.com/watch?v=vH_W721_guM,1586,628,1960,https://www.youtube.com/watch?v=U2X5R-mkcAc,0,0,0,0,
fe569b0c059e406daf57eb2acd11cc21,28500,1682481,724,357,5286,https://www.youtube.com/watch?v=Hy_-ahkr3hs,715,276,5286,https://www.youtube.com/watch?v=Hy_-ahkr3hs,1774,483,2114,https://www.youtube.com/watch?v=omH0SimR4OI,0,0,0,0,
3be86a2a9cb447f393d235132e157789,28400,2574518,2098,684,3661,https://www.youtube.com/watch?v=ePKUkNDCnZI,2098,684,3661,https://www.youtube.com/watch?v=ePKUkNDCnZI,0,0,0,,0,0,0,0,
19234cc590224c45912a14487f756dc5,28300,2169222,2442,1820,8221,https://www.youtube.com/watch?v=ClWaGyjXgUE,0,0,0,,2442,1820,8221,https://www.youtube.com/watch?v=ClWaGyjXgUE,12538,3440,829,10262,https://www.twitch.tv/videos/2752598917
73ae80b091f542358d7a5bf8905c28f3,28200,2732470,3989,1130,79194,https://www.youtube.com/watch?v=wX-8m-VYP1o,1316,969,3008,https://www.youtube.com/watch?v=oCJ54Vtphic,6939,3056,79194,https://www.youtube.com/watch?v=wX-8m-VYP1o,6774,2182,759,4580,https://www.twitch.tv/videos/2729578542
f7c48554816643cdb8d343e6e9e6d313,28200,1564834,1784,1103,2083,https://www.youtube.com/watch?v=IlQgN9zUIRA,1784,1103,2083,https://www.youtube.com/watch?v=IlQgN9zUIRA,0,0,0,,12828,1664,530,3172,https://www.twitch.tv/videos/2742545699
5ba11a0bf35147d499259ad5608a7de1,28200,2080050,925,306,8538,https://www.youtube.com/watch?v=ydPcaqFsB8s,645,134,4906,https://www.youtube.com/watch?v=eW2939wUPPM,1163,494,8538,https://www.youtube.com/watch?v=ydPcaqFsB8s,4366,0,0,0,
59110c6bf6e64ce6bdf86b40246dc106,28100,1427906,800,300,2663,https://www.youtube.com/watch?v=R3yeaUEqFQU,800,300,2663,https://www.youtube.com/watch?v=R3yeaUEqFQU,0,0,0,,0,0,0,0,
d1dd83b6e8a24df4b61f766cff45113c,28100,15838954,410,189,6643,https://www.youtube.com/watch?v=teqV5mH8aZ8,201,132,2706,https://www.youtube.com/watch?v=WhgApJrB_0U,1904,842,6643,https://www.youtube.com/watch?v=teqV5mH8aZ8,555,0,0,0,
3197e5649c65405cbbe6e5f1a44cf8e1,27700,1459541,428,186,1576,https://www.youtube.com/watch?v=iIac_1_lv04,424,197,1077,https://www.youtube.com/watch?v=f3ySvzbYvUA,1576,4,1576,https://www.youtube.com/watch?v=iIac_1_lv04,0,0,0,0,
14d83faa414c415097d577d2da9636ce,27700,968981,304,157,1012,https://www.youtube.com/watch?v=KXMux9DWHMI,286,119,322,https://www.youtube.com/watch?v=hNvkyxHCKS0,1012,668,1012,https://www.youtube.com/watch?v=KXMux9DWHMI,0,0,0,0,
9e05802075c343a3bf2778550d5157da,26600,1348046,2190,454,4431,https://www.youtube.com/watch?v=j2ZuEBYP9H8,95,41,118,https://www.youtube.com/watch?v=tj48brhnMng,2638,1007,4431,https://www.youtube.com/watch?v=j2ZuEBYP9H8,0,0,0,0,
491a6000ce4b472c9b4f8c1dcfdb772c,26300,6186598,2350,773,40024,https://www.youtube.com/watch?v=5WW5stKblyA,216,73,216,https://www.youtube.com/watch?v=v8IAzmup12Y,2368,806,40024,https://www.youtube.com/watch?v=5WW5stKblyA,1076,0,0,0,
59f5e287671149398135c5c08b5ed2f7,26000,633139,2410,1294,5082,https://www.youtube.com/watch?v=eV8B7kHrjl8,0,0,0,,2410,1294,5082,https://www.youtube.com/watch?v=eV8B7kHrjl8,164,0,0,0,
5d00575c06d74f588238857d7dec1b02,25900,3130592,1425,647,19911,https://www.youtube.com/watch?v=s4TJTX38jKo,1003,534,2273,https://www.youtube.com/watch?v=ymaC4DBZIWU,3370,2151,19911,https://www.youtube.com/watch?v=s4TJTX38jKo,0,0,0,0,
8a0b024373544f31b54e5a6cadb124dc,25800,1521941,983,558,9987,https://www.youtube.com/watch?v=sF4nWLher5E,700,417,5042,https://www.youtube.com/watch?v=fSE-b4lHePI,7008,4737,9987,https://www.youtube.com/watch?v=sF4nWLher5E,1765,832,648,944,https://www.twitch.tv/videos/2746080883
f2a403cb46354371837550730a397bd1,25600,1453898,408,167,1342,https://www.youtube.com/watch?v=PRzv3hYaeHM,325,245,408,https://www.youtube.com/watch?v=kPxpPGLUYlw,1086,83,1342,https://www.youtube.com/watch?v=PRzv3hYaeHM,0,0,0,0,
aa1ff405338c41b98ff7197eb4d90349,25500,1209574,792,167,2666,https://www.youtube.com/watch?v=6XvY0NV__-4,413,143,1012,https://www.youtube.com/watch?v=fEWVnLGvA0s,1417,1035,2666,https://www.youtube.com/watch?v=6XvY0NV__-4,0,0,0,0,
691e8a5f258c4c17b70b6b489b0ad04d,25400,1658068,1146,609,42422,https://www.youtube.com/watch?v=UZHTJyCHO_4,1073,574,1781,https://www.youtube.com/watch?v=uE8niDiSw_o,4143,2230,42422,https://www.youtube.com/watch?v=UZHTJyCHO_4,0,0,0,0,
22c8ee785f7446e5978bab336fda92cb,25300,2138890,1050,657,3268,https://www.youtube.com/watch?v=j_vUKk8h_fQ,1050,657,3268,https://www.youtube.com/watch?v=j_vUKk8h_fQ,0,0,0,,0,0,0,0,
f0a395b14fa34e64ba1aaedb906c7dd3,24900,321166,0,0,0,,0,0,0,,0,0,0,,0,0,0,0,
8dbec1de49be44d897f1c894427f3165,24500,723343,457,168,1352,https://www.youtube.com/watch?v=ox7H9EQH3RE,457,168,1352,https://www.youtube.com/watch?v=ox7H9EQH3RE,0,0,0,,3790,429,294,693,https://www.twitch.tv/videos/2742091085
824c0c36956f4a73bb3ec479dd8e4da8,24300,1051510,1112,133,3715,https://www.youtube.com/watch?v=BWX-5p3zDF4,279,115,279,https://www.youtube.com/watch?v=KimXh1nolKc,2413,429,3715,https://www.youtube.com/watch?v=BWX-5p3zDF4,2430,0,0,0,
03c018f2d3064da6ac4899bef1d600c5,24300,1049649,20115,2063,62285,https://www.youtube.com/watch?v=uhjq75yF8JU,0,0,0,,20115,2063,62285,https://www.youtube.com/watch?v=uhjq75yF8JU,36362,14224,6365,29027,https://www.twitch.tv/videos/2752678302
a667c79cb8284de29d5843dc3eafcc57,23600,460792,599,308,4855,https://www.youtube.com/watch?v=lrVnQ7oa3Ug,550,201,4383,https://www.youtube.com/watch?v=chci4qskEME,3112,1519,4855,https://www.youtube.com/watch?v=lrVnQ7oa3Ug,0,0,0,0,
a060cd640cf44c2bb8d78d8ff2411e68,23500,1022725,578,232,2772,https://www.youtube.com/watch?v=vi__-uYZJA8,424,209,991,https://www.youtube.com/watch?v=kFBfR2lBNxg,2601,1282,2772,https://www.youtube.com/watch?v=vi__-uYZJA8,0,0,0,0,
25388daec64e40f38ca0e5a3a88fedb7,23500,959986,371,251,4021,https://www.youtube.com/watch?v=oUGfzfvK6kE,367,157,989,https://www.youtube.com/watch?v=N3jYwIOt8cw,2801,1589,4021,https://www.youtube.com/watch?v=oUGfzfvK6kE,3369,0,0,0,
f0b85b56d1d84085aca5ab7f592bd7da,23400,2041328,225,146,37247,https://www.youtube.com/watch?v=t2AxbcA1e3c,216,120,619,https://www.youtube.com/watch?v=CrS3bPDGCPM,17475,385,37247,https://www.youtube.com/watch?v=t2AxbcA1e3c,0,0,0,0,
67d348e6690c43729cce031e70a26645,23300,1071423,10967,6119,13338,https://www.youtube.com/watch?v=d5pyQZ_bYEs,0,0,0,,10967,6119,13338,https://www.youtube.com/watch?v=d5pyQZ_bYEs,29916,4380,1991,12618,https://www.twitch.tv/videos/2752609225
28a930938667442288010b333937e2ab,23300,1841847,2311,910,3336,https://www.youtube.com/watch?v=fLbGcGumVSo,0,0,0,,2311,910,3336,https://www.youtube.com/watch?v=fLbGcGumVSo,10524,1618,736,2236,https://www.twitch.tv/videos/2734494408
f13832094d8b40fbb95d07732aa3c3c7,23200,406677,729,350,1933,https://www.youtube.com/watch?v=DSoRx3D5bdQ,646,318,1120,https://www.youtube.com/watch?v=SokFurBEcjU,1453,738,1933,https://www.youtube.com/watch?v=DSoRx3D5bdQ,0,0,0,0,
ae4eaef845fc4daaa8106a51a590e145,23200,1247405,543,215,3472,https://www.youtube.com/watch?v=IHQS4QXO3Gc,536,163,2100,https://www.youtube.com/watch?v=alCHFmN_uIc,3101,2680,3472,https://www.youtube.com/watch?v=IHQS4QXO3Gc,0,0,0,0,
7c00b7dc73a240dc84d68be389732a0c,23200,1095896,249,141,413,https://www.youtube.com/watch?v=h5A65jbSNGM,240,112,267,https://www.youtube.com/watch?v=eK2lEzuVEtI,413,286,413,https://www.youtube.com/watch?v=h5A65jbSNGM,0,0,0,0,
dcebd098c3ea479ba2b0e32a2696a5ec,23100,863915,664,277,4480,https://www.youtube.com/watch?v=oevRSJswqXU,654,272,788,https://www.youtube.com/watch?v=KLNGT-71kUQ,4480,3877,4480,https://www.youtube.com/watch?v=oevRSJswqXU,0,0,0,0,
2be709cdd22f4a63a95504731ba79afd,23000,970476,634,211,2727,https://www.youtube.com/watch?v=VGlbvwn7_og,631,188,917,https://www.youtube.com/watch?v=ub_-BsDmt_4,2727,2097,2727,https://www.youtube.com/watch?v=VGlbvwn7_og,0,0,0,0,
951dd0b605d04163b38de18262e9a438,22900,627461,0,0,0,,0,0,0,,0,0,0,,1477,304,180,304,https://www.twitch.tv/videos/2743579115
da4a58b114b94469a0a93f6b8ee7512d,22500,818514,561,248,1202,https://www.youtube.com/watch?v=zIWfZFZ-510,545,150,1202,https://www.youtube.com/watch?v=zIWfZFZ-510,887,433,887,https://www.youtube.com/watch?v=GfSKjMELI0A,12388,256,103,693,https://www.twitch.tv/videos/2743675436
18bd2d37e2e64f0cab20ec6a2b2f2474,22400,1034174,595,279,3328,https://www.youtube.com/watch?v=OmQiyV-hFWA,532,205,741,https://www.youtube.com/watch?v=S_VGHubIv-w,2848,1468,3328,https://www.youtube.com/watch?v=OmQiyV-hFWA,3002,588,384,735,https://www.twitch.tv/videos/2742145086
6dfe72bb90994dceb7b753908876307d,22300,1444274,772,328,17300,https://www.youtube.com/watch?v=Tfb7ulqpCdQ,729,313,1427,https://www.youtube.com/watch?v=J4hJnOm6UdU,5932,2739,17300,https://www.youtube.com/watch?v=Tfb7ulqpCdQ,0,0,0,0,
05317bcbe5f243abb85618d2669bd0d7,22200,400711,71,55,290,https://www.youtube.com/watch?v=8DElqkq7aHQ,70,55,205,https://www.youtube.com/watch?v=Wpy-wuYMY0Q,163,86,290,https://www.youtube.com/watch?v=8DElqkq7aHQ,0,0,0,0,
c0c35f0471774be2b33163ae20f2d6bb,22200,1308613,453,246,4034,https://www.youtube.com/watch?v=NnmXwxsKLIk,435,241,2246,https://www.youtube.com/watch?v=wtUcVjU81D0,2483,1240,4034,https://www.youtube.com/watch?v=NnmXwxsKLIk,0,0,0,0,
75ddc749133b4c498eb35ceac1e2a0b2,22200,2667550,479,231,1789,https://www.youtube.com/watch?v=Z5WXNquTwtk,473,203,845,https://www.youtube.com/watch?v=v6fizsAZZsk,1789,1368,1789,https://www.youtube.com/watch?v=Z5WXNquTwtk,0,0,0,0,
3809ec8a42634d11aa1b7b8f99755c6a,22100,1839583,5623,3455,5623,https://www.youtube.com/watch?v=Va4Y4RQyT5Y,0,0,0,,5623,3455,5623,https://www.youtube.com/watch?v=Va4Y4RQyT5Y,67282,3591,1663,11638,https://www.twitch.tv/videos/2741841004
3e6a09fe4ef744f987e27ae0f06cdf09,21900,662090,384,192,1348,https://www.youtube.com/watch?v=ZzPK0Ic4JP0,361,191,655,https://www.youtube.com/watch?v=jA4SDCQ_8Mo,1178,912,1348,https://www.youtube.com/watch?v=ZzPK0Ic4JP0,0,0,0,0,
7754dca48f524b938314a2b346772e4e,21600,1644292,1154,452,9353,https://www.youtube.com/watch?v=gwWPdpSxGeE,930,376,3347,https://www.youtube.com/watch?v=yurJdqqKdrk,6161,2270,9353,https://www.youtube.com/watch?v=gwWPdpSxGeE,0,0,0,0,
60716febdfe949248e8f67d85634bec5,21600,8276022,342,226,557,https://www.youtube.com/watch?v=uXui3nI08y4,0,0,0,,342,226,557,https://www.youtube.com/watch?v=uXui3nI08y4,0,0,0,0,
532b143e82d6452fac9a18d1d025a2af,21500,425630,280,145,2244,https://www.youtube.com/watch?v=nBANNj05H_o,249,127,938,https://www.youtube.com/watch?v=KjZe_B5FBX4,1077,273,2244,https://www.youtube.com/watch?v=nBANNj05H_o,0,0,0,0,
ffe3f2e400ab4237ac873ae9d5a0eda4,21300,845113,1536,471,5286,https://www.youtube.com/watch?v=rGa7yanhY1U,899,388,2123,https://www.youtube.com/watch?v=VSPhGz7HckU,2303,1031,5286,https://www.youtube.com/watch?v=rGa7yanhY1U,0,0,0,0,
ec4bc8d279af43eaba4679b762bbbc59,21300,822065,0,0,0,,0,0,0,,0,0,0,,0,0,0,0,
0f2ad43c618943d19d5101f2d3c49ac9,20800,976233,917,261,1750,https://www.youtube.com/watch?v=POIHOusUcfQ,0,0,0,,917,261,1750,https://www.youtube.com/watch?v=POIHOusUcfQ,178,0,0,0,
53c811a3e7814de2b76dd4e0c241a9e5,20700,647654,152,78,711,https://www.youtube.com/watch?v=VIEjht70dXQ,152,78,711,https://www.youtube.com/watch?v=VIEjht70dXQ,0,0,0,,618,0,0,0,
b63a5ee44acf4498827a3fd984ab23e0,20700,1439011,821,356,1658,https://www.youtube.com/watch?v=CQkfT0FmFxc,821,356,1658,https://www.youtube.com/watch?v=CQkfT0FmFxc,0,0,0,,0,0,0,0,
38fcf8bc7f3f45d68bab44577c019c84,20600,732590,307,168,12373,https://www.youtube.com/watch?v=hTkv5nTr8K8,234,127,376,https://www.youtube.com/watch?v=RPVkyvUmeBE,1132,393,12373,https://www.youtube.com/watch?v=hTkv5nTr8K8,0,0,0,0,
accbad7e89df4174a13b68edcae74068,20600,793125,488,260,10481,https://www.youtube.com/watch?v=mkz53j2dhvo,395,214,1008,https://www.youtube.com/watch?v=IxCj4f6uPW4,1253,463,10481,https://www.youtube.com/watch?v=mkz53j2dhvo,738,0,0,0,
2ba32c49f08849f9a109b7e485c9c5a5,20500,901427,1462,374,3746,https://www.youtube.com/watch?v=yBkS6fUyuGY,911,372,1568,https://www.youtube.com/watch?v=Ue8sOnwnylQ,2147,810,3746,https://www.youtube.com/watch?v=yBkS6fUyuGY,0,0,0,0,
67d6807619064938a78832b4106de5c0,20500,893702,105,67,240,https://www.youtube.com/watch?v=mJlgRXtAczY,105,67,240,https://www.youtube.com/watch?v=mJlgRXtAczY,0,0,0,,3244,165,120,225,https://www.twitch.tv/videos/2742114605
7cecb437e7a54e07a29c3a164565957d,20500,1205813,770,416,4049,https://www.youtube.com/watch?v=cwxLNyYHVd4,757,406,2213,https://www.youtube.com/watch?v=MnLPdsoLBrs,1680,592,4049,https://www.youtube.com/watch?v=cwxLNyYHVd4,0,0,0,0,
365db081229a4efeb4630f19587a96b2,20500,1229571,677,367,6191,https://www.youtube.com/watch?v=hspUE3HH8Yg,521,296,3750,https://www.youtube.com/watch?v=5WnlNeOlpeA,1995,866,6191,https://www.youtube.com/watch?v=hspUE3HH8Yg,0,0,0,0,
cd88de8b4bc84a71975df9afb42192b8,20400,482881,1781,581,16177,https://www.youtube.com/watch?v=lx8kD_fYAqQ,1604,517,16177,https://www.youtube.com/watch?v=lx8kD_fYAqQ,7497,3517,7497,https://www.youtube.com/watch?v=pmmYyNCMdBM,4114,0,0,0,
9d0fb5c59ea745f09934f3cfd932c393,20400,2842791,3679,1575,15116,https://www.youtube.com/watch?v=2EnuZNvmHQo,554,289,595,https://www.youtube.com/watch?v=7BctUsyeKME,5931,2889,15116,https://www.youtube.com/watch?v=2EnuZNvmHQo,0,0,0,0,
e9a9d88bf69e4c83842fe05b3ae1601b,20400,1102747,496,416,501,https://www.youtube.com/watch?v=H92UKVsx6uI,491,413,491,https://www.youtube.com/watch?v=MIUNxGbCjAg,501,418,501,https://www.youtube.com/watch?v=H92UKVsx6uI,13304,1159,593,2767,https://www.twitch.tv/videos/2728837176
f7c8264349654390a5e39810dc012a38,20400,1424896,1245,671,1649,https://www.youtube.com/watch?v=dDd83hp-FzY,0,0,0,,1245,671,1649,https://www.youtube.com/watch?v=dDd83hp-FzY,0,0,0,0,
adc9d30b5940427e96ae92238f0f8b83,20100,566685,366,207,8999,https://www.youtube.com/watch?v=oMAFg3rEido,264,120,2634,https://www.youtube.com/watch?v=RjPsE7PU_Eo,1767,595,8999,https://www.youtube.com/watch?v=oMAFg3rEido,866,0,0,0,
3e19e054b479401da231ebc3d3fab628,20000,627328,2085,1957,2085,https://www.youtube.com/watch?v=O1tkprNkYYE,0,0,0,,2085,1957,2085,https://www.youtube.com/watch?v=O1tkprNkYYE,0,0,0,0,
c9ece3513c804b3db003cd8fca683857,19900,778836,0,0,0,,0,0,0,,0,0,0,,8592,0,0,0,
88f782b3b6c6492c926f70e4a13390c9,19700,806200,343,221,1459,https://www.youtube.com/watch?v=-nA4QXUgnzE,328,168,597,https://www.youtube.com/watch?v=RF5HQzYKoHI,815,561,1459,https://www.youtube.com/watch?v=-nA4QXUgnzE,834,176,141,591,https://www.twitch.tv/videos/2745902005
36a96262405a4d4683db73d8403bf8b7,19700,1248588,1148,314,2636,https://www.youtube.com/watch?v=_ZZp_YOekvI,619,202,1484,https://www.youtube.com/watch?v=H4kSEmWr_o8,1342,426,2636,https://www.youtube.com/watch?v=_ZZp_YOekvI,568,0,0,0,
7b58646f89cb4b7cbcdce819499c475f,19500,381593,0,0,0,,0,0,0,,0,0,0,,0,0,0,0,
c540124532e14ceb8e9ffc654a0ec4c9,19500,28711201,505,209,48264,https://www.youtube.com/watch?v=iFbinc2gYy4,297,121,2008,https://www.youtube.com/watch?v=bT3co3mHcr8,13895,5938,48264,https://www.youtube.com/watch?v=iFbinc2gYy4,1591,58,44,224,https://www.twitch.tv/videos/2743588150
05e831b267914fc5b4d9b28de1f648dc,19200,947905,0,0,0,,0,0,0,,0,0,0,,0,0,0,0,
de266b34e79c49b48fa566e9fb1a24af,19000,1311309,774,375,1314,https://www.youtube.com/watch?v=50dM2YpHfPs,774,375,1314,https://www.youtube.com/watch?v=50dM2YpHfPs,0,0,0,,608,0,0,0,
6548fd18ecf84bd88112cd5babfa2a66,18900,659492,429,147,11382,https://www.youtube.com/watch?v=Zf7T4b437_0,311,109,1570,https://www.youtube.com/watch?v=v6Y1YZ8MJ80,1989,399,11382,https://www.youtube.com/watch?v=Zf7T4b437_0,2522,0,0,0,
cdb5c89f61c94949a989457cf549b7e4,18800,1281683,668,353,2437,https://www.youtube.com/watch?v=pxQ4T1GhUS0,649,282,795,https://www.youtube.com/watch?v=w_DwWb-fRNg,850,474,2437,https://www.youtube.com/watch?v=pxQ4T1GhUS0,0,0,0,0,
ef67b676c0334ef182151f473469c1f1,18600,1099873,908,345,2098,https://www.youtube.com/watch?v=Q60109uvkUQ,628,220,1648,https://www.youtube.com/watch?v=bRrtVJdD3SE,1527,673,2098,https://www.youtube.com/watch?v=Q60109uvkUQ,0,0,0,0,
2c05340bb152419ebe0bd3fb6a78da80,18600,1834242,836,430,7146,https://www.youtube.com/watch?v=L1Moj-ndH9c,733,349,2384,https://www.youtube.com/watch?v=vj4o77wkUjA,2088,917,7146,https://www.youtube.com/watch?v=L1Moj-ndH9c,0,0,0,0,
6c0758764e674c6db2f985710fcfbd7b,18500,1247983,1089,474,4786,https://www.youtube.com/watch?v=aQUHHlXOQX0,737,343,1198,https://www.youtube.com/watch?v=AG3JQaQavPg,2363,1126,4786,https://www.youtube.com/watch?v=aQUHHlXOQX0,0,0,0,0,
ebc44e2ba78f4790b832d02c31410262,18100,673903,244,113,3446,https://www.youtube.com/watch?v=jMzYscoKhVY,195,91,503,https://www.youtube.com/watch?v=RvIuV8stZjc,1661,851,3446,https://www.youtube.com/watch?v=jMzYscoKhVY,507,247,184,687,https://www.twitch.tv/videos/2751002549
05be4fb717614738a87daac46157ddb1,18000,1232068,402,178,1447,https://www.youtube.com/watch?v=yEvoY1T-AV0,399,173,681,https://www.youtube.com/watch?v=ggxk-wpeXTw,1447,434,1447,https://www.youtube.com/watch?v=yEvoY1T-AV0,0,0,0,0,
0bfd032de03c48a4bd7d1f4505335a7d,17900,811282,307,195,557,https://www.youtube.com/watch?v=JII0tO3N8tY,307,203,557,https://www.youtube.com/watch?v=JII0tO3N8tY,169,135,169,https://www.youtube.com/watch?v=5w-DVYVQSqE,0,0,0,0,
bf3356cfb2754286af9b6bb1665f56bd,17800,804194,1774,840,80742,https://www.youtube.com/watch?v=pPRHsDgAxXE,0,0,0,,1774,840,80742,https://www.youtube.com/watch?v=pPRHsDgAxXE,117,0,0,0,
aaa45dc386714427ba862f691d4471ac,17800,1696347,1527,518,6304,https://www.youtube.com/watch?v=6tAlIoZHsi8,573,318,1527,https://www.youtube.com/watch?v=tKlr1LRAKT8,2145,1203,6304,https://www.youtube.com/watch?v=6tAlIoZHsi8,1505,0,0,0,
ed3f69b9de7c43f3a32b4e7dfdb5bfd0,17700,646357,207,133,6313,https://www.youtube.com/watch?v=J6ij2zd0WBU,188,108,334,https://www.youtube.com/watch?v=n1BDMrHK25I,1644,1246,6313,https://www.youtube.com/watch?v=J6ij2zd0WBU,0,0,0,0,
090be1be8d29429183e190e22fc4be22,17600,1076277,286,119,2918,https://www.youtube.com/watch?v=lU2xPBLMdbg,225,74,2918,https://www.youtube.com/watch?v=lU2xPBLMdbg,2134,852,2404,https://www.youtube.com/watch?v=6l1a-zFaoR0,3848,306,258,531,https://www.twitch.tv/videos/2746100711
6c7a8b443aa942a89a83485c98d10559,17400,1530067,299,129,614,https://www.youtube.com/watch?v=vjYVKiQCLPQ,282,122,614,https://www.youtube.com/watch?v=vjYVKiQCLPQ,360,132,360,https://www.youtube.com/watch?v=HOeQM_kJ0AA,0,0,0,0,
936b23e5e87144108c5d3f09f194c8b8,17300,1351851,256,143,393,https://www.youtube.com/watch?v=QwdMr_FM-U8,256,143,393,https://www.youtube.com/watch?v=QwdMr_FM-U8,0,0,0,,6859,0,0,0,
139f3f1818a2420aa35d5471adaf1a73,16900,604842,319,175,999,https://www.youtube.com/watch?v=vuwNGq62flI,319,175,999,https://www.youtube.com/watch?v=vuwNGq62flI,0,0,0,,0,0,0,0,
49eca1ea30a8425a8967677070c95627,16800,694383,548,318,2172,https://www.youtube.com/watch?v=l6IE0UpHGVE,534,244,702,https://www.youtube.com/watch?v=7K1qlJxn1rs,1578,662,2172,https://www.youtube.com/watch?v=l6IE0UpHGVE,0,0,0,0,
bf58297d50a741e5b1808ec4c445f216,16700,3873712,416,295,78084,https://www.youtube.com/watch?v=1-uqubxYB1I,312,156,509,https://www.youtube.com/watch?v=saoNeJ_TyDA,6335,2134,78084,https://www.youtube.com/watch?v=1-uqubxYB1I,0,0,0,0,
2ada3b89962b479bb8dbd2a63bca5da1,16700,1223118,379,206,1491,https://www.youtube.com/watch?v=bi7140Xw9Lo,379,206,1491,https://www.youtube.com/watch?v=bi7140Xw9Lo,0,0,0,,0,0,0,0,
470d1cb40a5e460e8cdc1414c5fd1a34,16700,359285,943,295,2654,https://www.youtube.com/watch?v=3Vzbku6GnJo,943,295,2654,https://www.youtube.com/watch?v=3Vzbku6GnJo,0,0,0,,1294,0,0,0,
fbb142bcb07a4808b0164c41ab1877ea,16600,1493758,312,197,2247,https://www.youtube.com/watch?v=Z3-FR8lfhbc,288,162,692,https://www.youtube.com/watch?v=BAUuXxCSLmY,1810,834,2247,https://www.youtube.com/watch?v=Z3-FR8lfhbc,0,0,0,0,
7870ac4364ca4c97a4dfe7474251bf5b,16600,667188,791,578,35599,https://www.youtube.com/watch?v=e4TIXfBv-wA,631,376,1659,https://www.youtube.com/watch?v=KzEZR8FMGv8,3241,2748,35599,https://www.youtube.com/watch?v=e4TIXfBv-wA,0,0,0,0,
f6fe970a79964cca9dcec4741f0f679b,16600,1559681,2371,523,32675,https://www.youtube.com/watch?v=huFK1-Vufr8,0,0,0,,2371,523,32675,https://www.youtube.com/watch?v=huFK1-Vufr8,85260,36338,16217,90406,https://www.twitch.tv/videos/2742439835
8796ee6fb25b4b40a8ad9a188059951a,16500,589471,262,147,541,https://www.youtube.com/watch?v=-2BVmNdB49U,262,147,541,https://www.youtube.com/watch?v=-2BVmNdB49U,0,0,0,,0,0,0,0,
0b63fa89b80e4649b0297d156ed1c791,16300,1386273,1250,454,2362,https://www.youtube.com/watch?v=D4hsY7xHM5w,801,454,1460,https://www.youtube.com/watch?v=Wb4sSJywUJ8,1468,529,2362,https://www.youtube.com/watch?v=D4hsY7xHM5w,0,0,0,0,
3b1860c399f445469efdda27cf8d9156,16300,585619,223,101,603,https://www.youtube.com/watch?v=MY2WLxcqzYY,223,101,603,https://www.youtube.com/watch?v=MY2WLxcqzYY,0,0,0,,1094,28,21,84,https://www.twitch.tv/videos/2747081755
57903e09a68f4997b7c4bc356cd5e64d,16200,729245,838,477,4357,https://www.youtube.com/watch?v=rkmBXgy_NKg,773,451,1007,https://www.youtube.com/watch?v=ZWZYtkpQBiI,4236,1626,4357,https://www.youtube.com/watch?v=rkmBXgy_NKg,0,0,0,0,
c61d5dd825d5423fac8fd1bc0596d1ff,16200,419602,404,200,5606,https://www.youtube.com/watch?v=ra7rCVk5RPI,364,177,541,https://www.youtube.com/watch?v=Axm5hh5gwPs,3087,1394,5606,https://www.youtube.com/watch?v=ra7rCVk5RPI,0,0,0,0,
c379e3f4f1eb41869ec465481b182e50,16100,673562,623,406,2753,https://www.youtube.com/watch?v=GxRL3MjKC0E,599,282,2753,https://www.youtube.com/watch?v=GxRL3MjKC0E,1557,767,2243,https://www.youtube.com/watch?v=yy7TnpuVKo0,0,0,0,0,
1ac97b8deb08470dafc128557532dd52,16100,1157571,465,244,15251,https://www.youtube.com/watch?v=-2wumBTm-hY,320,180,521,https://www.youtube.com/watch?v=nUo5qHrSFZA,2882,1505,15251,https://www.youtube.com/watch?v=-2wumBTm-hY,413,0,0,0,
2885972c2d0943e6b697bdc5e72c1d4a,16000,283158,350,147,795,https://www.youtube.com/watch?v=oukLwl11jCA,350,147,795,https://www.youtube.com/watch?v=oukLwl11jCA,0,0,0,,0,0,0,0,
221563b6b46245379c6dc6328c9d0447,15700,1121826,122,33,122,https://www.youtube.com/watch?v=Zzml16IaGOM,0,0,0,,122,33,122,https://www.youtube.com/watch?v=Zzml16IaGOM,0,0,0,0,
5db725f32b5e4e1380ad64110b88c91d,15700,4933796,182,9,407,https://www.youtube.com/watch?v=ZqP4VMAKAIQ,130,28,182,https://www.youtube.com/watch?v=7ju4DZg26Ks,407,1,407,https://www.youtube.com/watch?v=ZqP4VMAKAIQ,1048,0,0,0,
ec30041838214022aeb622c0851e46db,15700,795572,774,70,10720,https://www.youtube.com/watch?v=Xb5ubUuJuWA,130,27,201,https://www.youtube.com/watch?v=fejssckvkaE,5569,1633,10720,https://www.youtube.com/watch?v=Xb5ubUuJuWA,4843,456,299,622,https://www.twitch.tv/videos/2743772926
656455380d524045b9f75d6082563f94,15600,1433324,202,107,1725,https://www.youtube.com/watch?v=W5v-EDEhMBE,192,106,243,https://www.youtube.com/watch?v=TJ8pgD9afvs,1725,1331,1725,https://www.youtube.com/watch?v=W5v-EDEhMBE,660,0,0,0,
76d68171666847cc913328359037139c,15600,700806,499,200,19211,https://www.youtube.com/watch?v=IEaiJvkRRKU,374,156,870,https://www.youtube.com/watch?v=DkY59bBJxs8,1816,1201,19211,https://www.youtube.com/watch?v=IEaiJvkRRKU,1634,0,0,0,
b174714646ea40e28ce32affabe3e93e,15500,590831,852,453,3820,https://www.youtube.com/watch?v=UcM0e_1Cxqg,687,370,1910,https://www.youtube.com/watch?v=L0QKRVbfQBQ,3084,813,3820,https://www.youtube.com/watch?v=UcM0e_1Cxqg,648,0,0,0,
71e1a399885b48e79c9a98e973e6b5e3,15400,5689859,2463,1456,153521,https://www.youtube.com/watch?v=VnzrzOexaa8,0,0,0,,2463,1456,153521,https://www.youtube.com/watch?v=VnzrzOexaa8,678,0,0,0,
77533b0fb2324e33bff67fbbf4daf13f,15400,3903700,759,408,1277,https://www.youtube.com/watch?v=pWJgNk4uJYU,1133,615,1277,https://www.youtube.com/watch?v=pWJgNk4uJYU,492,406,561,https://www.youtube.com/watch?v=d5j6ZT6jC-0,1464,13,8,13,https://www.twitch.tv/videos/2744606327
fd7a69505569429fb845ac056825f3a9,15200,1560418,173,76,747,https://www.youtube.com/watch?v=KwhyUbz9ZTM,160,67,284,https://www.youtube.com/watch?v=mDQM3Ta7tT4,747,76,747,https://www.youtube.com/watch?v=KwhyUbz9ZTM,0,0,0,0,
e93182ff3a954e0e92567136dc3659ed,15200,408884,236,133,1835,https://www.youtube.com/watch?v=WlYgP1RHkbE,208,119,381,https://www.youtube.com/watch?v=lzemCpOSPfY,913,344,1835,https://www.youtube.com/watch?v=WlYgP1RHkbE,0,0,0,0,
0f595c5e48be4f29befb358388a61f8b,15200,1222191,0,0,0,,0,0,0,,0,0,0,,387,0,0,0,
03762df738044b09a1e216949158c8a4,14700,249189,0,0,0,,0,0,0,,0,0,0,,2386,735,486,896,https://www.twitch.tv/videos/2743813344
6a30fc9ee6f24d839198497406c63cc1,14600,2014395,255,64,1645,https://www.youtube.com/watch?v=nxitlYAHHoY,88,45,128,https://www.youtube.com/watch?v=MkgsazjS6rw,278,64,1645,https://www.youtube.com/watch?v=nxitlYAHHoY,524,0,0,0,
0ba1bc3725a9456aa0f66ec951ad47eb,14600,738417,544,219,4202,https://www.youtube.com/watch?v=gycuQ5LYmQY,297,146,779,https://www.youtube.com/watch?v=zQJIRoHscUg,2077,1368,4202,https://www.youtube.com/watch?v=gycuQ5LYmQY,6098,529,285,1163,https://www.twitch.tv/videos/2735508956
5f8930a469f94b5cad116810f68a2614,14500,394323,1416,955,3880,https://www.youtube.com/watch?v=AUngejQemCM,1996,1197,3880,https://www.youtube.com/watch?v=AUngejQemCM,977,678,1670,https://www.youtube.com/watch?v=5ELHcBILVNw,0,0,0,0,
d5c19a6328af48ba88bf41b2dd757f14,14500,689104,416,171,2687,https://www.youtube.com/watch?v=mApWlic5-1M,205,61,416,https://www.youtube.com/watch?v=n53OHTConek,1813,1176,2687,https://www.youtube.com/watch?v=mApWlic5-1M,0,0,0,0,
ac1ce1eeaffa4e58a8155c20d8f85ff3,14500,571710,435,254,2950,https://www.youtube.com/watch?v=6jfZs9tqyVI,398,254,961,https://www.youtube.com/watch?v=A0Qd7qmynJ0,1198,385,2950,https://www.youtube.com/watch?v=6jfZs9tqyVI,5236,0,0,0,
15e4450f63904e50907dc93fee446fd2,14400,886497,1125,408,2422,https://www.youtube.com/watch?v=qL9qVL9TPzQ,573,301,1384,https://www.youtube.com/watch?v=rdMP0Fm-tac,1589,882,2422,https://www.youtube.com/watch?v=qL9qVL9TPzQ,0,0,0,0,
031e5c207b634c6ab08dbc0a361ba52e,14300,412507,333,110,1847,https://www.youtube.com/watch?v=Eygr91ZGaU0,333,110,1847,https://www.youtube.com/watch?v=Eygr91ZGaU0,0,0,0,,457,0,0,0,
bf197e3d2cd6400db5f7e397427965e5,14300,410034,111,66,176,https://www.youtube.com/watch?v=MNoSdjiH2E0,111,66,176,https://www.youtube.com/watch?v=MNoSdjiH2E0,0,0,0,,272,0,0,0,
1a1942f52ea74121923497e7e0cfd6a5,14300,671695,189,110,243,https://www.youtube.com/watch?v=x2I7oKWdnTg,189,110,243,https://www.youtube.com/watch?v=x2I7oKWdnTg,0,0,0,,0,0,0,0,
ec183b10574a449f91e43ab216976a60,14200,1079618,1242,755,17962,https://www.youtube.com/watch?v=WdROzPR6dhw,939,450,2803,https://www.youtube.com/watch?v=OzqRUy2zaBA,4114,1861,17962,https://www.youtube.com/watch?v=WdROzPR6dhw,1234,0,0,0,
2d57d202ef8e46a5871302b944309bc2,14100,1257612,60,29,63,https://www.youtube.com/watch?v=Y6b7wAIspiI,60,29,63,https://www.youtube.com/watch?v=Y6b7wAIspiI,0,0,0,,0,0,0,0,
b5561ece0c9b4f4a8fccdd3b36ee3260,14100,820394,629,251,8149,https://www.youtube.com/watch?v=a_9yV5Xb0F0,261,26,296,https://www.youtube.com/watch?v=Xcat4CLRFvk,3529,1426,8149,https://www.youtube.com/watch?v=a_9yV5Xb0F0,0,0,0,0,
81699719ffc04e4e92bb3207ab8a7a83,14100,550570,389,291,3080,https://www.youtube.com/watch?v=QbrXHCnhXo0,302,158,3080,https://www.youtube.com/watch?v=QbrXHCnhXo0,2589,573,2681,https://www.youtube.com/watch?v=es3ImhKMGfQ,441,0,0,0,
c4bc52355d334a98bdaa1e57c05673ad,13900,1095321,390,241,898,https://www.youtube.com/watch?v=D6a8DfmfBek,390,241,898,https://www.youtube.com/watch?v=D6a8DfmfBek,0,0,0,,0,0,0,0,
09600daf1956476190642d1be738e945,13900,1091644,815,490,6600,https://www.youtube.com/watch?v=Tu3Mp7eZi0Q,781,464,1342,https://www.youtube.com/watch?v=KT5jUD1NoqQ,3854,3269,6600,https://www.youtube.com/watch?v=Tu3Mp7eZi0Q,0,0,0,0,
0471d5082a2e419786e141d6424c9150,13900,1368330,1405,410,16029,https://www.youtube.com/watch?v=QuEWMVrmTPo,308,184,630,https://www.youtube.com/watch?v=qtXOU4pxAZM,1811,1015,16029,https://www.youtube.com/watch?v=QuEWMVrmTPo,7669,935,429,1464,https://www.twitch.tv/videos/2751618515
7c5232b16a1d44498677ed33e72bd8c6,13800,513671,537,265,2829,https://www.youtube.com/watch?v=Xb1mpuEUceI,506,194,2461,https://www.youtube.com/watch?v=_gb3bzGQG4k,2135,1486,2829,https://www.youtube.com/watch?v=Xb1mpuEUceI,0,0,0,0,
8eec9fd38e7440f09bf1bc864e4d6e38,13800,476937,836,344,51874,https://www.youtube.com/watch?v=fclLNA58sWA,621,277,1445,https://www.youtube.com/watch?v=5Hq1I_fBkD4,2834,1147,51874,https://www.youtube.com/watch?v=fclLNA58sWA,1770,719,513,1285,https://www.twitch.tv/videos/2744506752
44af52f7f6aa487e850b3d261947205b,13800,1920139,254,157,3415,https://www.youtube.com/watch?v=FYzjx5Kx-X4,235,130,958,https://www.youtube.com/watch?v=2jsUoBcaI0Q,2692,748,3415,https://www.youtube.com/watch?v=FYzjx5Kx-X4,106,99,61,109,https://www.twitch.tv/videos/2749444803
abc7acc71b474ebebecfde51ad5f88e1,13800,541225,200,90,337,https://www.youtube.com/watch?v=XWS1DmJ5N5E,200,90,337,https://www.youtube.com/watch?v=XWS1DmJ5N5E,0,0,0,,1641,0,0,0,
7ef2dc851df94f5aa7f632c736b4307e,13700,471456,224,78,257,https://www.youtube.com/watch?v=AKEVy6-x8pI,241,152,257,https://www.youtube.com/watch?v=AKEVy6-x8pI,56,34,61,https://www.youtube.com/watch?v=vsCW2-J-7i4,647,0,0,0,
4d8babea181e44df9855f3aafc06eb2c,13700,775404,1088,228,7164,https://www.youtube.com/watch?v=bPoPWAH9R5M,306,206,1202,https://www.youtube.com/watch?v=hYiyM-eo-8Q,2045,598,7164,https://www.youtube.com/watch?v=bPoPWAH9R5M,0,0,0,0,
ad2a1148ff4747229694f9aa2c3645d9,13700,1018437,1211,238,1788,https://www.youtube.com/watch?v=4fdSHUJeSn4,190,133,584,https://www.youtube.com/watch?v=tXsHKLsEAqQ,1492,847,1788,https://www.youtube.com/watch?v=4fdSHUJeSn4,0,0,0,0,
4571c7a211b945f3b608c0066f7e73e4,13300,3254029,283,103,7100,https://www.youtube.com/watch?v=f0vIxZ9Qngg,251,100,465,https://www.youtube.com/watch?v=FaAIBn6AJ3o,4297,382,7100,https://www.youtube.com/watch?v=f0vIxZ9Qngg,819,0,0,0,
a51be890a1f443ea87bee45c9d8acf13,13300,901751,2979,1423,4025,https://www.youtube.com/watch?v=yor-N5QBlEY,0,0,0,,2979,1423,4025,https://www.youtube.com/watch?v=yor-N5QBlEY,17886,3504,1481,7215,https://www.twitch.tv/videos/2752488899
5d2231ea88fd474d8a11e5a759899216,13300,3374866,632,234,3771,https://www.youtube.com/watch?v=SeaPbPpLIB4,587,220,946,https://www.youtube.com/watch?v=_kpqJht11uY,3061,350,3771,https://www.youtube.com/watch?v=SeaPbPpLIB4,212,0,0,0,
7587608de08740aeb1a8dbe40006b90d,13300,1052466,2148,970,2919,https://www.youtube.com/watch?v=7lvNAu2wlBo,0,0,0,,2148,970,2919,https://www.youtube.com/watch?v=7lvNAu2wlBo,2423,766,285,946,https://www.twitch.tv/videos/2728925094
0448e6929687421c9e0435832765b9fe,13300,318258,299,189,1433,https://www.youtube.com/watch?v=60idBiFWJJA,290,155,330,https://www.youtube.com/watch?v=7zMIQsbkgq8,1433,236,1433,https://www.youtube.com/watch?v=60idBiFWJJA,2659,450,317,812,https://www.twitch.tv/videos/2749312083
1a520f3d2665454f985490e42467ae27,13200,473288,343,227,1440,https://www.youtube.com/watch?v=2FmiyOhiWhg,283,196,1246,https://www.youtube.com/watch?v=85JBRZBG4cU,555,555,1440,https://www.youtube.com/watch?v=2FmiyOhiWhg,0,0,0,0,
390346240f4748bd9d81e472411c20c2,13100,319354,1172,737,1172,https://www.youtube.com/watch?v=FuWZF77v6Eo,1172,737,1172,https://www.youtube.com/watch?v=FuWZF77v6Eo,0,0,0,,3653,308,186,308,https://www.twitch.tv/videos/2743800708
70b86c53cafa43b49e2782fe4e4bbd6c,13100,788722,479,258,1920,https://www.youtube.com/watch?v=c9GSf5jSCio,474,262,944,https://www.youtube.com/watch?v=AqyDQn40Prc,561,187,1920,https://www.youtube.com/watch?v=c9GSf5jSCio,0,0,0,0,
f73be498fddd4e718f18f8203af00f33,13000,449112,223,120,420,https://www.youtube.com/watch?v=uA-yy3PDiOE,223,120,420,https://www.youtube.com/watch?v=uA-yy3PDiOE,0,0,0,,515,0,0,0,
cad7f93653b54779932a6809a5f3a769,13000,343175,335,165,512,https://www.youtube.com/watch?v=YVtd8BtFyKg,335,165,512,https://www.youtube.com/watch?v=YVtd8BtFyKg,0,0,0,,1239,539,339,574,https://www.twitch.tv/videos/2742358961
3d46fb16bc2c48fb8f12a647cf5ec702,13000,1074915,1055,333,4801,https://www.youtube.com/watch?v=x0AzrIMr_-g,837,314,4801,https://www.youtube.com/watch?v=x0AzrIMr_-g,1685,844,3090,https://www.youtube.com/watch?v=lcSQSEl9L0w,0,0,0,0,
788611c913b04d999011628637657bee,12900,1429126,1062,510,20384,https://www.youtube.com/watch?v=0DmEBET8Fj4,846,429,2273,https://www.youtube.com/watch?v=jrwce7aZ6Rk,2660,984,20384,https://www.youtube.com/watch?v=0DmEBET8Fj4,2283,500,354,1339,https://www.twitch.tv/videos/2743468751
0ab147ded84b484eac14de7a46c9cf4e,12900,654627,328,164,2788,https://www.youtube.com/watch?v=CR2CFBNdqIo,317,161,726,https://www.youtube.com/watch?v=oTOFIl7dEuo,1501,580,2788,https://www.youtube.com/watch?v=CR2CFBNdqIo,0,0,0,0,
1eec022f916a46b58f5124936afdabe3,12900,319595,326,231,2140,https://www.youtube.com/watch?v=3kK0yDU7cXw,228,83,329,https://www.youtube.com/watch?v=-_x3eXCxtOk,1448,626,2140,https://www.youtube.com/watch?v=3kK0yDU7cXw,0,0,0,0,
a168211aa3dd451cb33e09b80df0ea0a,12800,370523,104,52,349,https://www.youtube.com/watch?v=PgO2hZwcKpI,101,59,349,https://www.youtube.com/watch?v=PgO2hZwcKpI,137,41,137,https://www.youtube.com/watch?v=TGVtbnbe44k,546,0,0,0,
fbced2373c5a48f6abee998296f20617,12800,184121,175,98,219,https://www.youtube.com/watch?v=k2PVnNsEhtA,175,98,219,https://www.youtube.com/watch?v=k2PVnNsEhtA,0,0,0,,0,0,0,0,
15cbed02d2f74630b04b73515909c1f4,12700,449774,168,72,189,https://www.youtube.com/watch?v=h9ZW_w7_54Q,168,72,189,https://www.youtube.com/watch?v=h9ZW_w7_54Q,0,0,0,,2461,0,0,0,
2ee2acc29fac42c5b130558543cbdf00,12700,815481,269,148,1688,https://www.youtube.com/watch?v=XvojApelucQ,253,121,491,https://www.youtube.com/watch?v=NYBO8UW0dpg,1688,1195,1688,https://www.youtube.com/watch?v=XvojApelucQ,850,25,16,44,https://www.twitch.tv/videos/2746274480
20aa88e16d77400b9bc4e72df1b2a588,12700,402228,613,251,2018,https://www.youtube.com/watch?v=C3Gp2pDV05c,459,225,613,https://www.youtube.com/watch?v=dxBTuibIbq4,1421,450,2018,https://www.youtube.com/watch?v=C3Gp2pDV05c,0,0,0,0,
3005ff0c09064d7f924c506e1e9c18ba,12600,500503,1652,441,1652,https://www.youtube.com/watch?v=ZHxQqjcUWx8,0,0,0,,1652,441,1652,https://www.youtube.com/watch?v=ZHxQqjcUWx8,22492,2735,1279,6339,https://www.twitch.tv/videos/2733883165
68820304b6164959806479d6c9dad127,12600,488192,810,383,9712,https://www.youtube.com/watch?v=U-a0-IjwPVU,803,360,2416,https://www.youtube.com/watch?v=wZlsvpEZqCE,6695,1593,9712,https://www.youtube.com/watch?v=U-a0-IjwPVU,0,0,0,0,
5fbcb045887b4a87878773dbf5f63e26,12500,350465,309,208,1405,https://www.youtube.com/watch?v=33B6G4EOv-Y,307,204,1012,https://www.youtube.com/watch?v=5b2Ro2w9x8Y,1405,1392,1405,https://www.youtube.com/watch?v=33B6G4EOv-Y,1328,554,426,1195,https://www.twitch.tv/videos/2744270230
5ee3c46f62cf4b34accc313fb437581b,12500,160146,304,113,634,https://www.youtube.com/watch?v=AJgCfX1Y6h4,304,113,634,https://www.youtube.com/watch?v=AJgCfX1Y6h4,0,0,0,,0,0,0,0,
633c7350aca946428e98228660ee73e2,12300,505354,446,175,3257,https://www.youtube.com/watch?v=WIGmlv6-2zI,442,166,902,https://www.youtube.com/watch?v=xnLyFa0KGVA,1550,260,3257,https://www.youtube.com/watch?v=WIGmlv6-2zI,0,0,0,0,
3a8f78d98fd344cb9d32358e5c96eace,12100,587511,1322,731,14583,https://www.youtube.com/watch?v=Ab-Yg8v6eBQ,850,554,1886,https://www.youtube.com/watch?v=jnPahQaCYiw,2018,1376,14583,https://www.youtube.com/watch?v=Ab-Yg8v6eBQ,3577,0,0,0,
2a3824dd5c0a46f597b27dd183283aea,12100,5422112,269,123,17933,https://www.youtube.com/watch?v=tUp8zU55Evs,187,102,1151,https://www.youtube.com/watch?v=8Xr2mZBXp5c,7622,3732,17933,https://www.youtube.com/watch?v=tUp8zU55Evs,0,0,0,0,
126103200de947a7a3c2ac3971eef633,12100,241053,0,0,0,,0,0,0,,0,0,0,,0,0,0,0,
b1939ca67a3c43cf8a6a0a9a88137419,12000,235209,584,296,2311,https://www.youtube.com/watch?v=F8-kkNqgwaY,280,175,480,https://www.youtube.com/watch?v=L-Sohr6RT1o,1663,594,2311,https://www.youtube.com/watch?v=F8-kkNqgwaY,0,0,0,0,
6e51f06f6a02439d82b213b623cda4e8,12000,456719,204,117,2113,https://www.youtube.com/watch?v=O22YfkpW3Og,198,111,1969,https://www.youtube.com/watch?v=u3Hk5NqbZ_U,2113,1005,2113,https://www.youtube.com/watch?v=O22YfkpW3Og,0,0,0,0,
b57162e62056494d85f1743abdbad648,12000,646179,682,150,682,https://www.youtube.com/watch?v=QohUUZi21b4,682,150,682,https://www.youtube.com/watch?v=QohUUZi21b4,0,0,0,,309,0,0,0,
d2c76258b7ff45ee88e3585c4c9ed0c1,12000,386784,0,0,0,,0,0,0,,0,0,0,,3806,0,0,0,
8195d69546e3466c95f9d35ccb7c6c35,12000,1291529,615,328,1742,https://www.youtube.com/watch?v=A1PS78wS6yA,589,301,1095,https://www.youtube.com/watch?v=7iYNj_OCidg,1227,699,1742,https://www.youtube.com/watch?v=A1PS78wS6yA,0,0,0,0,
60ae2b3fd2254689bb65c216a0a09605,12000,52696,0,0,0,,0,0,0,,0,0,0,,0,0,0,0,
7cbd1f537c3d4e67b38b9f9e31cb93d6,12000,282612,422,230,606,https://www.youtube.com/watch?v=YJrY4zboafI,422,230,606,https://www.youtube.com/watch?v=YJrY4zboafI,0,0,0,,3199,749,315,25221,https://www.twitch.tv/videos/2746214596
316dd044dc644c4cac9e140dcba5d210,12000,912840,112,85,147,https://www.youtube.com/watch?v=NZz974MxZVg,0,0,0,,112,85,147,https://www.youtube.com/watch?v=NZz974MxZVg,1142,196,144,361,https://www.twitch.tv/videos/2742903392
976e0cf401784d3f874dc85b2b2c5839,11900,1143439,405,248,1722,https://www.youtube.com/watch?v=7Gf97yHdo9I,403,241,817,https://www.youtube.com/watch?v=LrW0XsxSAuE,1319,343,1722,https://www.youtube.com/watch?v=7Gf97yHdo9I,3002,461,346,590,https://www.twitch.tv/videos/2750266610
6559d42f66684b8f80b4cd4589addd85,11900,747662,236,112,690,https://www.youtube.com/watch?v=tHyz4y9rFs8,239,115,690,https://www.youtube.com/watch?v=tHyz4y9rFs8,171,36,179,https://www.youtube.com/watch?v=pG78VPQgp_8,3670,124,95,245,https://www.twitch.tv/videos/2742957931
93a4d479e67242d58d3ff80307d3bc84,11900,385184,374,154,1333,https://www.youtube.com/watch?v=usYS1-CzoE0,272,133,472,https://www.youtube.com/watch?v=7a35Wt-qI-8,837,280,1333,https://www.youtube.com/watch?v=usYS1-CzoE0,187,103,73,122,https://www.twitch.tv/videos/2748631511
774342c826924ecfb8b13a2bc27e3b81,11900,2578307,172,33,1663,https://www.youtube.com/watch?v=D-PUYA8ruiM,136,27,207,https://www.youtube.com/watch?v=bw2KyzaEj_w,1663,885,1663,https://www.youtube.com/watch?v=D-PUYA8ruiM,0,0,0,0,
703ae2c7ccc9431382a5b0f2c35e6ec1,11800,743723,443,173,475,https://www.youtube.com/watch?v=fTOl2AO4nHw,443,173,475,https://www.youtube.com/watch?v=fTOl2AO4nHw,0,0,0,,0,0,0,0,
8faff7aecb9d4e12917ea0144696e2de,11700,490916,270,112,747,https://www.youtube.com/watch?v=G0q1TVvS0pk,270,112,747,https://www.youtube.com/watch?v=G0q1TVvS0pk,0,0,0,,848,273,189,1151,https://www.twitch.tv/videos/2745962968
4558095012964943921cd8a376a192fd,11700,440238,0,0,0,,0,0,0,,0,0,0,,6339,681,357,1167,https://www.twitch.tv/videos/2730557539
341ca5efce084743977d3b74315a30ab,11700,588648,743,361,3097,https://www.youtube.com/watch?v=bXexM30EVAE,714,292,1394,https://www.youtube.com/watch?v=E5bGFD9LRBs,2669,1988,3097,https://www.youtube.com/watch?v=bXexM30EVAE,1460,538,385,557,https://www.twitch.tv/videos/2743741029
5f0afd7885894861925e7030c096297e,11600,550711,339,256,1348,https://www.youtube.com/watch?v=EAb2Ea-UmCk,339,256,1348,https://www.youtube.com/watch?v=EAb2Ea-UmCk,0,0,0,,0,0,0,0,
82e63a8d4ae14beab89e13b43b35fce3,11600,327528,151,109,161,https://www.youtube.com/watch?v=icL1jGPXeVk,151,109,161,https://www.youtube.com/watch?v=icL1jGPXeVk,0,0,0,,0,0,0,0,
78c188fcd01a4ba382fb153ec86a7367,11500,1152185,651,326,2089,https://www.youtube.com/watch?v=OW87_P2If0I,620,263,2086,https://www.youtube.com/watch?v=IhmpiUY82Tc,1902,1046,2089,https://www.youtube.com/watch?v=OW87_P2If0I,0,0,0,0,
9012b1827e8141bd9d56d1a04b2f7ad1,11400,716963,575,247,2238,https://www.youtube.com/watch?v=oNmLLBm4imo,553,203,1078,https://www.youtube.com/watch?v=cSoSm46DxN0,1549,1260,2238,https://www.youtube.com/watch?v=oNmLLBm4imo,0,0,0,0,
512e1f38a37942cc8b7cb8aed597a810,11400,508638,304,151,2118,https://www.youtube.com/watch?v=Jca7QHKJCnI,279,140,487,https://www.youtube.com/watch?v=ehCkafP2Hgc,1714,593,2118,https://www.youtube.com/watch?v=Jca7QHKJCnI,0,0,0,0,
72cc5bf1729245618e1f10da0b796d53,11300,463815,245,112,392,https://www.youtube.com/watch?v=V_pYd4Vveuw,235,77,391,https://www.youtube.com/watch?v=cIHcGlD49Lk,392,355,392,https://www.youtube.com/watch?v=V_pYd4Vveuw,1517,0,0,0,
5fc94cdcf7594a3ba5ce001ba405d3be,11300,725769,568,263,1787,https://www.youtube.com/watch?v=PSrgEEi5W_8,568,263,1787,https://www.youtube.com/watch?v=PSrgEEi5W_8,0,0,0,,1772,0,0,0,
696e947cd8624e609553d6786d21f11c,11300,408331,393,165,596,https://www.youtube.com/watch?v=JDiqwGHPdI8,383,164,588,https://www.youtube.com/watch?v=HsvVn28DLU4,596,197,596,https://www.youtube.com/watch?v=JDiqwGHPdI8,0,0,0,0,
51cd04cab0de47d4b2b5a156bbe2dfb0,11300,423741,276,112,386,https://www.youtube.com/watch?v=IoWAEKvo0As,276,112,386,https://www.youtube.com/watch?v=IoWAEKvo0As,0,0,0,,0,0,0,0,
ab5709b7d3074c6db2a57995d5b1c328,11300,1118271,362,129,1118,https://www.youtube.com/watch?v=33-kT50QFgo,368,135,1118,https://www.youtube.com/watch?v=33-kT50QFgo,304,49,323,https://www.youtube.com/watch?v=9V6vQx6ulSE,0,0,0,0,
a2e67b720e754c16bd739bcf9a95e396,11300,813609,1789,445,6056,https://www.youtube.com/watch?v=hF65EKn9edY,418,87,1154,https://www.youtube.com/watch?v=wYukXD5P_eo,3769,1539,6056,https://www.youtube.com/watch?v=hF65EKn9edY,0,0,0,0,
675071ddbd4844119d341bbfd6a0ee2a,11100,336772,364,217,4440,https://www.youtube.com/watch?v=k81YdsUtldM,353,212,838,https://www.youtube.com/watch?v=ZqpeDCEu2f4,1917,1346,4440,https://www.youtube.com/watch?v=k81YdsUtldM,0,0,0,0,
914f6caed3ff4348824d966f76662bc2,11100,1022744,805,257,1344,https://www.youtube.com/watch?v=eyIWFKAtPH4,805,368,1006,https://www.youtube.com/watch?v=xYOLsimwHlw,920,238,1344,https://www.youtube.com/watch?v=eyIWFKAtPH4,0,0,0,0,
a5f7302f9f1a4fcdb2471c4bc52a05fb,11100,818007,743,279,12093,https://www.youtube.com/watch?v=HjHNKlYMkpo,719,264,4051,https://www.youtube.com/watch?v=EzKmLGTXe84,2711,1281,12093,https://www.youtube.com/watch?v=HjHNKlYMkpo,0,0,0,0,
43864254e678407fae3dc899f7155912,11100,493215,203,130,618,https://www.youtube.com/watch?v=Xq4Fgd2cqXM,173,99,207,https://www.youtube.com/watch?v=8oJgPVdzlQs,432,290,618,https://www.youtube.com/watch?v=Xq4Fgd2cqXM,0,0,0,0,
99e291fd358849b8877df76fba0a672e,11100,689471,0,0,0,,0,0,0,,0,0,0,,0,0,0,0,
84944da407dc4de9896c7b763132908c,11000,657129,201,108,1291,https://www.youtube.com/watch?v=Vk2HKodiRhE,183,72,292,https://www.youtube.com/watch?v=pRzSXRBcNl8,782,379,1291,https://www.youtube.com/watch?v=Vk2HKodiRhE,0,0,0,0,
a1608f0690584f07bf7aaf84ed9e4d8f,11000,257300,890,739,20658,https://www.youtube.com/watch?v=qEsRD4vAYos,848,629,1091,https://www.youtube.com/watch?v=2aH3BOLDksA,20658,9004,20658,https://www.youtube.com/watch?v=qEsRD4vAYos,0,0,0,0,
824bd7df6923453292dec9ff3e3f664a,11000,486786,127,65,3065,https://www.youtube.com/watch?v=JyrnJmsGFgE,98,54,244,https://www.youtube.com/watch?v=yHY2JLHZzAU,1559,888,3065,https://www.youtube.com/watch?v=JyrnJmsGFgE,630,0,0,0,
b165ca888a7d4f61b754ac53ca374f11,11000,710197,0,0,0,,0,0,0,,0,0,0,,0,0,0,0,
17933ba43ccf4e3c85961523b77bd901,11000,304891,1450,779,2969,https://www.youtube.com/watch?v=t5wPMkwTMfU,1450,779,2969,https://www.youtube.com/watch?v=t5wPMkwTMfU,0,0,0,,1073,642,469,846,https://www.twitch.tv/videos/2750965703
836f66b079c4466db64a8b3bc9295450,11000,346851,1189,709,1868,https://www.youtube.com/watch?v=99iYxP0DjVM,0,0,0,,1189,709,1868,https://www.youtube.com/watch?v=99iYxP0DjVM,0,0,0,0,
ed28c754bb704dbf8a296f7008c2b5e4,10900,113983,50,23,70,https://www.youtube.com/watch?v=yXN8PrbvUXA,70,32,70,https://www.youtube.com/watch?v=yXN8PrbvUXA,31,13,31,https://www.youtube.com/watch?v=qWPocfDo_0Q,1000,0,0,0,
e11a32eec71e4b49aba5525ba012a02a,10900,469223,239,113,394,https://www.youtube.com/watch?v=gfj3kHla_Y4,239,113,394,https://www.youtube.com/watch?v=gfj3kHla_Y4,0,0,0,,237,0,0,0,
209a528363cd411886ec9e5d086ff1bc,10800,1260831,1018,528,3859,https://www.youtube.com/watch?v=khJ51f8XkIU,1018,528,3859,https://www.youtube.com/watch?v=khJ51f8XkIU,0,0,0,,768,0,0,0,
0c09a69445864b44adbba11b487f9b1a,10800,619197,4852,1929,5265,https://www.youtube.com/watch?v=bBWXMm2RlGc,0,0,0,,4852,1929,5265,https://www.youtube.com/watch?v=bBWXMm2RlGc,814,0,0,0,
c518b228a5a849179ab26f28d230036e,10800,134002,0,0,0,,0,0,0,,0,0,0,,0,0,0,0,
75d0bd5fa58a4a5fb479e3b2ebae82a7,10800,433575,175,87,249,https://www.youtube.com/watch?v=ZUhKp6OgnRQ,175,87,249,https://www.youtube.com/watch?v=ZUhKp6OgnRQ,0,0,0,,0,0,0,0,
c163cb7f683c453fa8a994ebbb09ede8,10700,438739,1124,317,2325,https://www.youtube.com/watch?v=SjTfcmHZcg0,133,30,136,https://www.youtube.com/watch?v=bIkBjw3Cb9Q,1409,839,2325,https://www.youtube.com/watch?v=SjTfcmHZcg0,3245,0,0,0,
63a55bc5320e4f148ed0abd7991b0e01,10600,931722,1948,1550,4596,https://www.youtube.com/watch?v=56P6Ehm1wG4,0,0,0,,1948,1550,4596,https://www.youtube.com/watch?v=56P6Ehm1wG4,7634,691,298,2408,https://www.twitch.tv/videos/2749984821
00d3ddb7b65247eaa16473cfd1376723,10500,859157,1709,607,12121,https://www.youtube.com/watch?v=zL9DvdKyQv0,730,420,2001,https://www.youtube.com/watch?v=K2v7cZ3AIB4,1940,757,12121,https://www.youtube.com/watch?v=zL9DvdKyQv0,886,0,0,0,
96fc771ccb55485bb770997ec43e1ce1,10500,240202,0,0,0,,0,0,0,,0,0,0,,0,0,0,0,
27c0252056e84aa28da6dcebb8e86e85,10500,702213,277,126,489,https://www.youtube.com/watch?v=nCj0meqJ990,277,126,489,https://www.youtube.com/watch?v=nCj0meqJ990,0,0,0,,7791,0,0,0,
93785f5e8b614be98bf8e096f5b1f997,10500,407805,113,70,2784,https://www.youtube.com/watch?v=LQ6Y3CMYZHk,89,57,122,https://www.youtube.com/watch?v=t06x2EuUw0Y,2469,1737,2784,https://www.youtube.com/watch?v=LQ6Y3CMYZHk,0,0,0,0,
4b53aa789e544bd9aaecc9fbc79e4bbe,10500,832650,304,204,508,https://www.youtube.com/watch?v=7nqoeG93d7o,304,204,508,https://www.youtube.com/watch?v=7nqoeG93d7o,0,0,0,,0,0,0,0,
b4bf821f6a6a440996f4fd9cddaf250b,10400,467116,236,89,941,https://www.youtube.com/watch?v=7QvzWJjXwZQ,161,70,204,https://www.youtube.com/watch?v=UdWJR1YU0x4,488,348,941,https://www.youtube.com/watch?v=7QvzWJjXwZQ,145,0,0,0,
95e5788cabf340e397e2726def426229,10400,486402,340,147,545,https://www.youtube.com/watch?v=GRZ8K_9wSyU,336,154,545,https://www.youtube.com/watch?v=GRZ8K_9wSyU,488,130,514,https://www.youtube.com/watch?v=XDO5RQo3X5M,0,0,0,0,
645fc774332a469ebd03f1a822ebe2be,10400,915865,663,250,1260,https://www.youtube.com/watch?v=OjJDvGGq-94,663,250,1260,https://www.youtube.com/watch?v=OjJDvGGq-94,0,0,0,,0,0,0,0,
8dd4a8b4598e483e9112b2b1a9466013,10400,2812151,109,70,972,https://www.youtube.com/watch?v=NHxTL7tkeTo,105,51,136,https://www.youtube.com/watch?v=_Ryv1Fe2VAU,650,290,972,https://www.youtube.com/watch?v=NHxTL7tkeTo,265,0,0,0,
0715c3b900ad423fa1b981cf4fc15c8f,10400,399129,117,83,155,https://www.youtube.com/watch?v=imDyGY7kTcM,117,83,155,https://www.youtube.com/watch?v=imDyGY7kTcM,0,0,0,,0,0,0,0,
d9e5219a4cd84ac59bc35faa94729f01,10400,639690,136,84,2107,https://www.youtube.com/watch?v=E4T4S8Y3bBo,132,68,302,https://www.youtube.com/watch?v=sem6c7GOz54,563,314,2107,https://www.youtube.com/watch?v=E4T4S8Y3bBo,8762,284,198,9015,https://www.twitch.tv/videos/2742016401
e04cb802f3c949bc8300c4125078f738,10400,371404,390,227,1257,https://www.youtube.com/watch?v=X8Cog1Elnjc,382,129,609,https://www.youtube.com/watch?v=_YDnne9mNBY,892,595,1257,https://www.youtube.com/watch?v=X8Cog1Elnjc,0,0,0,0,
b7f222493f4d4bd1be65f1c08300b45e,10300,448603,152,92,269,https://www.youtube.com/watch?v=aFfjXrfxVNw,152,92,269,https://www.youtube.com/watch?v=aFfjXrfxVNw,0,0,0,,0,0,0,0,
a31f3ab4cad841018b196b4de8186823,10300,644939,419,256,1560,https://www.youtube.com/watch?v=BrUyTbge-Vk,378,176,557,https://www.youtube.com/watch?v=nIkPGQMvhOI,1091,327,1560,https://www.youtube.com/watch?v=BrUyTbge-Vk,0,0,0,0,
e949052e4ee24ecd8b352a68f6bf51e1,10300,345996,537,193,2820,https://www.youtube.com/watch?v=-UzrspKzGlA,456,176,788,https://www.youtube.com/watch?v=08QNTThr0AE,1836,878,2820,https://www.youtube.com/watch?v=-UzrspKzGlA,1860,638,451,748,https://www.twitch.tv/videos/2746180643
3e269031fb4b45aaa0906ca424190ce2,10200,498671,4162,1238,4447,https://www.youtube.com/watch?v=wmSqRgZu7hg,0,0,0,,4162,1238,4447,https://www.youtube.com/watch?v=wmSqRgZu7hg,11061,2024,638,3284,https://www.twitch.tv/videos/2748441374
e0cd8e719dc64b5f9c171736bbaff6f7,10200,1295023,1090,443,1990,https://www.youtube.com/watch?v=POKTLcWFoyI,1198,443,1990,https://www.youtube.com/watch?v=POKTLcWFoyI,781,391,1090,https://www.youtube.com/watch?v=t6CZnaMUOJg,0,0,0,0,
6eec62ae2c9849de8ca895cef44ec952,10200,548229,285,92,6203,https://www.youtube.com/watch?v=c7NPbpB5eZc,192,62,542,https://www.youtube.com/watch?v=RmcBb8N3Rv8,1385,793,6203,https://www.youtube.com/watch?v=c7NPbpB5eZc,1101,0,0,0,
6885bffce2184355bed557901e079522,10200,424742,764,351,3554,https://www.youtube.com/watch?v=mQXUI9InvMQ,738,264,1031,https://www.youtube.com/watch?v=mNw1RXG9v0I,2004,671,3554,https://www.youtube.com/watch?v=mQXUI9InvMQ,519,0,0,0,
fefbcad20d8344c79c74a103d0ea45b2,10200,316445,711,82,1288,https://www.youtube.com/watch?v=UwuUr95xZIk,134,2,134,https://www.youtube.com/watch?v=r_ihd8zLyto,1288,161,1288,https://www.youtube.com/watch?v=UwuUr95xZIk,0,0,0,0,
59c0d89447d54786966ba8ecd5649d63,10100,232576,1263,254,1263,https://www.youtube.com/watch?v=rjggnTKQJG4,1263,254,1263,https://www.youtube.com/watch?v=rjggnTKQJG4,0,0,0,,1746,0,0,0,
42844ee6e0cc47938829b43a3101b9bb,10100,133813,0,0,0,,0,0,0,,0,0,0,,5087,0,0,0,
1d5ee3e2653b4ae5b1050533f8d1ae31,10100,4755,0,0,0,,0,0,0,,0,0,0,,0,0,0,0,
175cfc69dbb34f1a8987f24a935db17f,10100,525006,447,248,7227,https://www.youtube.com/watch?v=aCqvnTkCmRc,400,162,914,https://www.youtube.com/watch?v=cJcH5-nxQ9Q,2988,1860,7227,https://www.youtube.com/watch?v=aCqvnTkCmRc,0,0,0,0,
4bfaeda5b1f242959a992d6ad8b8a036,10000,309796,250,94,737,https://www.youtube.com/watch?v=gGAxcSkIh5U,186,63,379,https://www.youtube.com/watch?v=Qmb10xBBUOI,520,191,737,https://www.youtube.com/watch?v=gGAxcSkIh5U,469,0,0,0,
310862830fb648b78cca7e581e2622a7,9980,552830,1152,256,1209,https://www.youtube.com/watch?v=ufKDOSjbjnw,0,0,0,,1152,256,1209,https://www.youtube.com/watch?v=ufKDOSjbjnw,21094,2754,1298,4812,https://www.twitch.tv/videos/2739670644
cd542f88cc8b47d087301d567b7cebca,9930,366860,419,147,8180,https://www.youtube.com/watch?v=NJYVxNLicX0,419,147,1042,https://www.youtube.com/watch?v=GIGSyrkFk_g,1141,579,8180,https://www.youtube.com/watch?v=NJYVxNLicX0,1793,867,717,1219,https://www.twitch.tv/videos/2748504690
1434ae451f81469da327f32c387b9df0,9840,276651,92,57,95,https://www.youtube.com/watch?v=uhTQziUhSN8,92,57,95,https://www.youtube.com/watch?v=uhTQziUhSN8,0,0,0,,0,0,0,0,
f2dc08b1c55843d9a3d1e0461ebf57c1,9760,450814,1559,624,15638,https://www.youtube.com/watch?v=vkOm4zCyjFw,417,205,417,https://www.youtube.com/watch?v=KCBbDMtub0U,1824,1043,15638,https://www.youtube.com/watch?v=vkOm4zCyjFw,0,0,0,0,
f42c6f5877f14a38aef3f3b515769149,9750,1773842,549,167,39525,https://www.youtube.com/watch?v=-Mf6JCQG6YE,188,117,549,https://www.youtube.com/watch?v=ctiSOEwU9bQ,1871,1352,39525,https://www.youtube.com/watch?v=-Mf6JCQG6YE,0,0,0,0,
9b33b75521bd43bca3346790ac65559c,9730,3220139,1485,507,3397,https://www.youtube.com/watch?v=_LODqoq2bBg,173,91,370,https://www.youtube.com/watch?v=zUwbCuVwNx4,1692,779,3397,https://www.youtube.com/watch?v=_LODqoq2bBg,8848,472,220,750,https://www.twitch.tv/videos/2737905002
a39733d216994010b34bf5033be01589,9550,936004,561,313,16760,https://www.youtube.com/watch?v=ivtqaAyd8zU,462,180,877,https://www.youtube.com/watch?v=IW3HlxbJHvE,2929,1365,16760,https://www.youtube.com/watch?v=ivtqaAyd8zU,277,0,0,0,
80d6517a96e74265a4d24f86b9c295c5,9460,446490,352,163,4302,https://www.youtube.com/watch?v=LDtX7AVN68k,284,138,490,https://www.youtube.com/watch?v=hkTiW-oJpAY,1594,1028,4302,https://www.youtube.com/watch?v=LDtX7AVN68k,0,0,0,0,
3cf4da41775b4e608f4dde5859cdda74,9440,1663982,680,124,4564,https://www.youtube.com/watch?v=XXCuLJt3N7c,108,59,113,https://www.youtube.com/watch?v=Uq32XwVDRMg,2562,1193,4564,https://www.youtube.com/watch?v=XXCuLJt3N7c,0,0,0,0,
13c69e2cf2ff4dc1907bbae9a87a8c0f,9380,459640,0,0,0,,0,0,0,,0,0,0,,4144,2684,2188,11078,https://www.twitch.tv/videos/2746948561
f53807443055490f87b85ded6caee0aa,9330,490428,287,80,1637,https://www.youtube.com/watch?v=b2k07zzAQD8,228,78,506,https://www.youtube.com/watch?v=aTZqvPBbae0,406,258,1637,https://www.youtube.com/watch?v=b2k07zzAQD8,414,0,0,0,
ecd7e504a0b64480a4127a25678e4b4a,9310,118687,0,0,0,,0,0,0,,0,0,0,,0,0,0,0,
191998e9f0ec4d67a19da194af311636,9300,129780,109,80,12303,https://www.youtube.com/watch?v=WA1_D_qvtrM,101,63,566,https://www.youtube.com/watch?v=dSfWeqgrizo,1660,926,12303,https://www.youtube.com/watch?v=WA1_D_qvtrM,0,0,0,0,
c4470a1419984fb8aec0851f225b177a,9290,687013,233,61,258,https://www.youtube.com/watch?v=3Eom_JUnO4Q,233,61,258,https://www.youtube.com/watch?v=3Eom_JUnO4Q,0,0,0,,0,0,0,0,
83cb016f535f4275bba29ad276b2084f,9270,577663,508,328,2501,https://www.youtube.com/watch?v=dFZqgzIRcnQ,397,320,835,https://www.youtube.com/watch?v=ovZ5jGWIGlI,956,531,2501,https://www.youtube.com/watch?v=dFZqgzIRcnQ,0,0,0,0,
ab19e58312b74ebd9b68e27aeb0adde5,9270,547555,304,143,522,https://www.youtube.com/watch?v=59ccuXPciLo,304,143,522,https://www.youtube.com/watch?v=59ccuXPciLo,0,0,0,,0,0,0,0,
350516d81d0944fd8dde463cbd4fd279,9250,1038854,3965,2035,4496,https://www.youtube.com/watch?v=8A8Z6tmS7wg,0,0,0,,3965,2035,4496,https://www.youtube.com/watch?v=8A8Z6tmS7wg,0,0,0,0,
247215e876d24dae9932464b75fc577c,9240,758722,186,82,3902,https://www.youtube.com/watch?v=2j2iHNHNPuM,121,61,231,https://www.youtube.com/watch?v=D2LGwLKVD9E,1638,946,3902,https://www.youtube.com/watch?v=2j2iHNHNPuM,0,0,0,0,
335ebb05456849c2964629dc7157860e,9230,232676,322,172,2317,https://www.youtube.com/watch?v=sh8nm3n-i28,229,121,586,https://www.youtube.com/watch?v=e5krbJfNLrc,2077,1085,2317,https://www.youtube.com/watch?v=sh8nm3n-i28,361,108,72,108,https://www.twitch.tv/videos/2745364368
423dd7da92be47f4af7273c5f74efb27,9110,395678,0,0,0,,0,0,0,,0,0,0,,37108,1802,1257,3084,https://www.twitch.tv/videos/2751693425
319383cd0cd4438990dbb916862cdbfc,9020,521504,520,305,49058,https://www.youtube.com/watch?v=tFMQBoxyYBQ,363,222,1001,https://www.youtube.com/watch?v=tNOI15fDeuc,14832,3485,49058,https://www.youtube.com/watch?v=tFMQBoxyYBQ,0,0,0,0,
74c26216c39a40d1a9f1c5f63fa4d344,9020,393237,167,112,2639,https://www.youtube.com/watch?v=wjdKvTGg9Lk,161,82,246,https://www.youtube.com/watch?v=a9wJGNxewSk,2223,1153,2639,https://www.youtube.com/watch?v=wjdKvTGg9Lk,0,0,0,0,
e3e93491f32d459ba2b79033cf75c619,9000,316470,409,274,1916,https://www.youtube.com/watch?v=Fz4_rt4ZTvU,409,264,940,https://www.youtube.com/watch?v=o3NXU8td5IY,1530,768,1916,https://www.youtube.com/watch?v=Fz4_rt4ZTvU,1136,0,0,0,
d407b30c72a841bd82af1f5cc8ec0667,8970,415808,746,372,11933,https://www.youtube.com/watch?v=84wm8LYdLLE,327,86,429,https://www.youtube.com/watch?v=LXhGBh39hIk,6498,2028,11933,https://www.youtube.com/watch?v=84wm8LYdLLE,5543,0,0,0,
538d1d2058da4bdea1c7f43f088e995b,8930,281812,382,238,1507,https://www.youtube.com/watch?v=QTyU8Vul4Mg,378,234,1000,https://www.youtube.com/watch?v=VK_qvlbOkUM,1221,327,1507,https://www.youtube.com/watch?v=QTyU8Vul4Mg,3227,0,0,0,
c4ffb821927d406682f3f17edfdf3bcd,8880,348655,0,0,0,,0,0,0,,0,0,0,,0,0,0,0,
80dda735a7784d7fb999892874a05f0c,8850,446536,402,168,3174,https://www.youtube.com/watch?v=ZHPqVO4wK4o,320,154,429,https://www.youtube.com/watch?v=PZ6InXoMCWI,1468,334,3174,https://www.youtube.com/watch?v=ZHPqVO4wK4o,4277,0,0,0,
ac2b3c839ed14b12af1acecf322a15bd,8840,449098,235,159,1910,https://www.youtube.com/watch?v=aMrWcTw8uZU,206,90,289,https://www.youtube.com/watch?v=JS5HZMGxwJU,1332,758,1910,https://www.youtube.com/watch?v=aMrWcTw8uZU,0,0,0,0,
7fdfd0346667458a8657626f03434b59,8810,256700,161,56,1982,https://www.youtube.com/watch?v=UbMOM0awpTw,156,44,227,https://www.youtube.com/watch?v=6GHXdoVczaU,1157,938,1982,https://www.youtube.com/watch?v=UbMOM0awpTw,419,0,0,0,
65ada733fbe64a3a86aae7737e32fad0,8800,436680,352,156,548,https://www.youtube.com/watch?v=eUJopEgHOV8,345,139,548,https://www.youtube.com/watch?v=eUJopEgHOV8,537,232,537,https://www.youtube.com/watch?v=mAWD_NThlPw,0,0,0,0,
123c79d3170e451eae2f0cc3543621f3,8790,268167,324,158,375,https://www.youtube.com/watch?v=7sN62iK8ziU,324,158,375,https://www.youtube.com/watch?v=7sN62iK8ziU,0,0,0,,0,0,0,0,
65ab938b60074946af1ea65a002c70df,8780,2658827,1190,265,4095,https://www.youtube.com/watch?v=X885XHFv0G0,219,104,324,https://www.youtube.com/watch?v=qEdK8skNmJw,1765,1006,4095,https://www.youtube.com/watch?v=X885XHFv0G0,581,0,0,0,
f7d0e4ed95e84262b329740d5d27afc9,8770,56899,0,0,0,,0,0,0,,0,0,0,,0,0,0,0,
7c0acdc8fe2449deb487cbb827b51723,8740,476934,525,347,2135,https://www.youtube.com/watch?v=Q5GAR7Pl3Ms,396,129,714,https://www.youtube.com/watch?v=CsWkNDKdgeQ,1340,509,2135,https://www.youtube.com/watch?v=Q5GAR7Pl3Ms,149,0,0,0,
fa67b0859f2e45589e754f7e528967d6,8720,339046,2394,1397,3009,https://www.youtube.com/watch?v=KzFyZLWcxBE,0,0,0,,2394,1397,3009,https://www.youtube.com/watch?v=KzFyZLWcxBE,9852,703,345,1333,https://www.twitch.tv/videos/2743726130
823311ac8226476e8d1e323f536bf8b1,8680,168723,418,414,418,https://www.youtube.com/watch?v=1v4ki9EkzTU,418,414,418,https://www.youtube.com/watch?v=1v4ki9EkzTU,0,0,0,,1040,0,0,0,
08a612f1ecf84b619a8899a5caed28c1,8680,852427,665,351,4176,https://www.youtube.com/watch?v=d6h2c_nPK2c,361,207,426,https://www.youtube.com/watch?v=EHvN24V_eIM,2159,761,4176,https://www.youtube.com/watch?v=d6h2c_nPK2c,21386,5446,1631,5814,https://www.twitch.tv/videos/2737852709
558d8602fdeb4f3cb4ce484babb30577,8630,554136,149,99,1957,https://www.youtube.com/watch?v=RN6j4i6ST9w,145,83,197,https://www.youtube.com/watch?v=KOJb1FZ7pAc,1236,959,1957,https://www.youtube.com/watch?v=RN6j4i6ST9w,0,0,0,0,
d2b0c8386e1341668f6bbc789d1ef1e3,8620,956999,284,105,694,https://www.youtube.com/watch?v=Bv0TRwFBd6Y,284,105,694,https://www.youtube.com/watch?v=Bv0TRwFBd6Y,0,0,0,,0,0,0,0,
446d4bc526a4477eb6a72ae186e9d538,8610,123006,191,84,221,https://www.youtube.com/watch?v=iDmANQWjOlE,191,84,221,https://www.youtube.com/watch?v=iDmANQWjOlE,0,0,0,,0,0,0,0,
d90f173970a742d3ade6f4159c785d1e,8570,385320,625,410,24416,https://www.youtube.com/watch?v=cXZA771NXPM,550,410,4514,https://www.youtube.com/watch?v=G1Gyk1Xeg08,13522,342,24416,https://www.youtube.com/watch?v=cXZA771NXPM,1421,1657,1275,1657,https://www.twitch.tv/videos/2747823325
eafe564c8d9945c8af2ed66ff4cd773a,8540,584768,1854,1096,29487,https://www.youtube.com/watch?v=z-TszdWl7RE,443,418,443,https://www.youtube.com/watch?v=Lw27OBaLF6Y,2263,1135,29487,https://www.youtube.com/watch?v=z-TszdWl7RE,0,0,0,0,
1569b00373564846b894f47403376c6b,8510,236791,0,0,0,,0,0,0,,0,0,0,,0,0,0,0,
bdc034d3afcd4456b6da2b96a2e460ef,8450,830922,275,153,275,https://www.youtube.com/watch?v=EExRcFL-LPQ,0,0,0,,275,153,275,https://www.youtube.com/watch?v=EExRcFL-LPQ,1594,61,46,69,https://www.twitch.tv/videos/2747102160
ce908f10dcde4e2480c8f97aafd45883,8420,1467020,318,153,2401,https://www.youtube.com/watch?v=1PR7JzGeG_4,194,89,944,https://www.youtube.com/watch?v=UUMvpZJRkhM,825,198,2401,https://www.youtube.com/watch?v=1PR7JzGeG_4,984,228,173,470,https://www.twitch.tv/videos/2750157032
a052e4ff345b41919ab0f13a5b10ff02,8410,407425,412,292,644,https://www.youtube.com/watch?v=7ch3XpQyUU8,406,239,489,https://www.youtube.com/watch?v=jBsxCmt7OpE,580,518,644,https://www.youtube.com/watch?v=7ch3XpQyUU8,2060,0,0,0,
1254f176d93548aca5ac7f4b53313f71,8410,3730802,26,14,738,https://www.youtube.com/watch?v=oFu6PVj8UNk,29,12,244,https://www.youtube.com/watch?v=X9az_uh0M6A,24,14,738,https://www.youtube.com/watch?v=oFu6PVj8UNk,1616,11,8,22,https://www.twitch.tv/videos/2747050720
f2ad5f187c9141ab8830b8eaf81c3aee,8390,646388,466,154,1318,https://www.youtube.com/watch?v=1tlXzJyv6ng,485,191,1059,https://www.youtube.com/watch?v=iOUk7lIUjJ4,368,149,1318,https://www.youtube.com/watch?v=1tlXzJyv6ng,0,0,0,0,
1dd6fdbb4f764fc3a18747c8adbf0692,8380,310234,272,77,722,https://www.youtube.com/watch?v=Tm648kc5JQs,272,77,722,https://www.youtube.com/watch?v=Tm648kc5JQs,0,0,0,,0,0,0,0,
03f5b3fed856438c9a53d30fdfadd9b7,8350,297742,293,121,1683,https://www.youtube.com/watch?v=LECcBoczR3s,191,68,360,https://www.youtube.com/watch?v=9YeoqGntuIQ,641,369,1683,https://www.youtube.com/watch?v=LECcBoczR3s,0,0,0,0,
7298d2db845840d7ab462c7628967f4e,8340,359249,175,84,233,https://www.youtube.com/watch?v=JN2zXpE6WzI,175,132,233,https://www.youtube.com/watch?v=JN2zXpE6WzI,66,58,81,https://www.youtube.com/watch?v=JTFJFzviqmU,0,0,0,0,
13992a4fb59649ada3a2adf027b5b35a,8340,88155,107,34,133,https://www.youtube.com/watch?v=Ygxs3bo6YOI,107,34,133,https://www.youtube.com/watch?v=Ygxs3bo6YOI,0,0,0,,3763,34,30,49,https://www.twitch.tv/videos/2746245467
2d6886120def4c148c70514433d77e1e,8330,567528,486,192,607,https://www.youtube.com/watch?v=BSE4uszliuM,486,192,607,https://www.youtube.com/watch?v=BSE4uszliuM,0,0,0,,0,0,0,0,
0249265256814f61978f6d492fe1c15d,8330,244630,0,0,0,,0,0,0,,0,0,0,,0,0,0,0,
058021ae015448cda91651a6bd41cdc6,8330,494151,124,41,200,https://www.youtube.com/watch?v=R3OPaokrN2Q,124,41,200,https://www.youtube.com/watch?v=R3OPaokrN2Q,0,0,0,,2644,0,0,0,
6fa1245c717d4af68589205df5ab6427,8300,703823,236,112,469,https://www.youtube.com/watch?v=ptAmueFkv2c,236,112,469,https://www.youtube.com/watch?v=ptAmueFkv2c,0,0,0,,764,0,0,0,
fe1d3152398b44e39d69f7ef78e73a8c,8210,557642,150,72,1463,https://www.youtube.com/watch?v=dmqB5WTBkPk,113,70,280,https://www.youtube.com/watch?v=Rw9ZkXexo0U,1212,673,1463,https://www.youtube.com/watch?v=dmqB5WTBkPk,589,0,0,0,
4482e4f0cea64f92aa78b2513c7ed897,8180,654148,688,408,2175,https://www.youtube.com/watch?v=-1PcP93dT44,534,244,1032,https://www.youtube.com/watch?v=d8NdGyHEmRw,1440,834,2175,https://www.youtube.com/watch?v=-1PcP93dT44,0,0,0,0,
f7472d5310ce42819d17459c4f3fd7c1,8180,377408,499,198,10198,https://www.youtube.com/watch?v=iziXbYkOjpI,449,146,1783,https://www.youtube.com/watch?v=JZssPU6ScQU,2277,1669,10198,https://www.youtube.com/watch?v=iziXbYkOjpI,390,34,27,98,https://www.twitch.tv/videos/2744471634
7ebc0dc9fdf3442688ecd63bbdc30c51,8160,304664,293,137,1328,https://www.youtube.com/watch?v=YCItDfq0nY4,293,137,1328,https://www.youtube.com/watch?v=YCItDfq0nY4,0,0,0,,0,0,0,0,
df0c2ce19ccf4e26ac1a18065f85dacc,8140,473357,169,62,208,https://www.youtube.com/watch?v=DJbBL40lVE4,169,62,208,https://www.youtube.com/watch?v=DJbBL40lVE4,0,0,0,,0,0,0,0,
41a8958a1a4a4cc8b404d04da033400e,8120,387784,246,67,246,https://www.youtube.com/watch?v=_-R-5YTzNCk,246,67,246,https://www.youtube.com/watch?v=_-R-5YTzNCk,0,0,0,,508,0,0,0,
2f0a0ee6478c45ae8af28953b4c370be,8040,1298198,368,151,4174,https://www.youtube.com/watch?v=oFT3XHk3OZU,367,148,727,https://www.youtube.com/watch?v=-v4ex8IsjYg,4174,729,4174,https://www.youtube.com/watch?v=oFT3XHk3OZU,0,0,0,0,
990b7e28df934de1bdab364d72c79f90,8020,119393,154,74,742,https://www.youtube.com/watch?v=pVKkwaxdhS0,154,74,742,https://www.youtube.com/watch?v=pVKkwaxdhS0,0,0,0,,0,0,0,0,
9604bd9896fc421ba131a9a6e11d50b0,8000,933517,728,376,8371,https://www.youtube.com/watch?v=-G2VX5ZqmU4,610,337,1071,https://www.youtube.com/watch?v=Ob4NFOPuHJU,3872,1720,8371,https://www.youtube.com/watch?v=-G2VX5ZqmU4,0,0,0,0,
ee20f58e3fb74fae83a42239a83bcc4a,8000,242071,1073,964,1263,https://www.youtube.com/watch?v=mWk_xSAfD2A,1073,964,1263,https://www.youtube.com/watch?v=mWk_xSAfD2A,0,0,0,,0,0,0,0,
420208d1dcb74abfa325fc1f6a27e17b,7920,387423,547,232,1061,https://www.youtube.com/watch?v=1QcuxVJksZc,547,232,1061,https://www.youtube.com/watch?v=1QcuxVJksZc,0,0,0,,1394,140,122,140,https://www.twitch.tv/videos/2750370223
2a897c484c05483f9a46467e8f448314,7860,232619,641,287,2034,https://www.youtube.com/watch?v=N5DdHN3AwEI,516,173,1009,https://www.youtube.com/watch?v=hWoUfGxf4MU,1403,418,2034,https://www.youtube.com/watch?v=N5DdHN3AwEI,3883,348,326,348,https://www.twitch.tv/videos/2751920540
1f54eafd17434cd9bd175d27b72c2228,7860,205487,0,0,0,,0,0,0,,0,0,0,,0,0,0,0,
fe698ded3a6148808ca857c73ac7ee15,7850,403589,444,239,3123,https://www.youtube.com/watch?v=YA2aJINaUVY,391,234,1600,https://www.youtube.com/watch?v=5kcMlnRMnYU,1183,271,3123,https://www.youtube.com/watch?v=YA2aJINaUVY,324,0,0,0,
56abcaadabbe44dbbd18ab0ecfe1037f,7830,307791,0,0,0,,0,0,0,,0,0,0,,0,0,0,0,
5ed5801d24c7412fa3fa65a82124aad0,7800,532202,1362,771,6709,https://www.youtube.com/watch?v=B0YyL0xE4ws,1165,477,4091,https://www.youtube.com/watch?v=oHp0XHUvdzo,2209,942,6709,https://www.youtube.com/watch?v=B0YyL0xE4ws,2097,320,203,1123,https://www.twitch.tv/videos/2751720038
b10149a2a1ee4ffcbf1dacb1b1722f9f,7800,186738,149,64,1925,https://www.youtube.com/watch?v=BdSsxCI3p-A,141,52,313,https://www.youtube.com/watch?v=If1o-HMY6w8,1423,1007,1925,https://www.youtube.com/watch?v=BdSsxCI3p-A,860,0,0,0,
c72226925ba94855b9fcc88fc2a25acc,7790,750689,504,186,2178,https://www.youtube.com/watch?v=9bLME8kJVAw,558,236,2178,https://www.youtube.com/watch?v=9bLME8kJVAw,290,127,385,https://www.youtube.com/watch?v=xt9YuDqX00Q,0,0,0,0,
556c69847bc14bc7be03b3e40e52ac98,7720,194153,434,423,434,https://www.youtube.com/watch?v=tdthWdkPOAw,434,423,434,https://www.youtube.com/watch?v=tdthWdkPOAw,0,0,0,,1786,0,0,0,
d2a7b2d142ea4076afcfc7263b9e09fd,7680,558186,439,126,736,https://www.youtube.com/watch?v=SORfzX2ntqg,382,126,547,https://www.youtube.com/watch?v=iH4BbQXwIqA,701,414,736,https://www.youtube.com/watch?v=SORfzX2ntqg,775,0,0,0,
b92c6e4c3bea4b938077a8f152f78083,7540,57125,0,0,0,,0,0,0,,0,0,0,,0,0,0,0,
cedd78c374b54898a647a3cb3a5263fc,7520,309352,593,333,1679,https://www.youtube.com/watch?v=s50E6QMs8Oc,593,333,1679,https://www.youtube.com/watch?v=s50E6QMs8Oc,0,0,0,,0,0,0,0,
03b825a2908749099e40cd4a4d1169aa,7510,192441,169,51,169,https://www.youtube.com/watch?v=CQbjTho5TvI,169,51,169,https://www.youtube.com/watch?v=CQbjTho5TvI,0,0,0,,0,0,0,0,
eafb808b078844fdab1d8ed561dbd462,7500,414621,270,141,578,https://www.youtube.com/watch?v=wqdkcU5UyAA,285,165,578,https://www.youtube.com/watch?v=wqdkcU5UyAA,170,62,226,https://www.youtube.com/watch?v=Q_jWJDhhhTA,0,0,0,0,
8309d31b418642db83f0cf56b38fc9ad,7500,872583,622,265,2324,https://www.youtube.com/watch?v=yi4-6sI1gss,609,251,960,https://www.youtube.com/watch?v=JHXlGoT-ygo,2324,1555,2324,https://www.youtube.com/watch?v=yi4-6sI1gss,162,0,0,0,
a188f157d0384e0db5ae73605240d68b,7450,611063,317,172,2327,https://www.youtube.com/watch?v=knUHEOqGlJg,285,140,449,https://www.youtube.com/watch?v=a02K-zaT2tY,1756,235,2327,https://www.youtube.com/watch?v=knUHEOqGlJg,1165,0,0,0,
d797701ab1564b62906f91a341134a9e,7440,285558,971,343,2379,https://www.youtube.com/watch?v=ucNx6afJSUM,749,283,977,https://www.youtube.com/watch?v=wkTRi2mToHA,1723,711,2379,https://www.youtube.com/watch?v=ucNx6afJSUM,4908,342,309,342,https://www.twitch.tv/videos/2751069706
28e0e0a574fe4deca3d5ded0aa5d64ef,7410,464504,535,248,5150,https://www.youtube.com/watch?v=n09LlBv1dCQ,526,235,857,https://www.youtube.com/watch?v=HeorZnodocc,2262,1386,5150,https://www.youtube.com/watch?v=n09LlBv1dCQ,508,260,234,260,https://www.twitch.tv/videos/2751035796
a9faef4b712b4649ba60c7e8e262175a,7390,54278,1048,509,3352,https://www.youtube.com/watch?v=Z3zZp7UGrAk,0,0,0,,1048,509,3352,https://www.youtube.com/watch?v=Z3zZp7UGrAk,0,0,0,0,
89742766181f469b807f397325a2a6bf,7370,208098,90,47,460,https://www.youtube.com/watch?v=fIhgGKMzuNs,90,47,460,https://www.youtube.com/watch?v=fIhgGKMzuNs,0,0,0,,369,0,0,0,
9d864d1af4e749f5a58171b06c070565,7360,622146,815,177,1965,https://www.youtube.com/watch?v=QxIDg-iuzY8,128,59,276,https://www.youtube.com/watch?v=cDpV2YKHTi0,1104,625,1965,https://www.youtube.com/watch?v=QxIDg-iuzY8,3680,432,265,1354,https://www.twitch.tv/videos/2749657597
7af8f321e84542dc9ccda160152fbf0b,7360,250095,97,50,1663,https://www.youtube.com/watch?v=f_JRwLAMAZ4,112,66,1663,https://www.youtube.com/watch?v=f_JRwLAMAZ4,58,44,88,https://www.youtube.com/watch?v=SNsyRgWn0xI,0,0,0,0,
d13fdb8fdd3049e5bf80b5ab0fa8a1a6,7350,562807,544,223,1773,https://www.youtube.com/watch?v=HrURlOR5_48,385,148,558,https://www.youtube.com/watch?v=fIQorJuLucc,1059,384,1773,https://www.youtube.com/watch?v=HrURlOR5_48,0,0,0,0,
94595065e7aa498d93067274eb755301,7340,1210289,167,84,576,https://www.youtube.com/watch?v=je4WMedPQYg,167,84,576,https://www.youtube.com/watch?v=je4WMedPQYg,0,0,0,,0,0,0,0,
7f72433f23da4bf8bfbf7ee3904eb7ca,7340,295475,0,0,0,,0,0,0,,0,0,0,,860,0,0,0,
9e3edec3eec54f49a065f1970471d473,7330,273111,521,343,785,https://www.youtube.com/watch?v=DFxLEekZGP8,521,343,785,https://www.youtube.com/watch?v=DFxLEekZGP8,0,0,0,,873,855,658,967,https://www.twitch.tv/videos/2748631306
00c158176a504c9bb865b32276e79eb1,7330,177899,131,66,3046,https://www.youtube.com/watch?v=jg-1tABPJu4,127,63,173,https://www.youtube.com/watch?v=mWsTCH39_1o,2649,1770,3046,https://www.youtube.com/watch?v=jg-1tABPJu4,0,0,0,0,
77e980ab542a4db6a34b5ac9c8f3948b,7280,376987,337,246,986,https://www.youtube.com/watch?v=R5GhNLd8yIQ,337,246,986,https://www.youtube.com/watch?v=R5GhNLd8yIQ,0,0,0,,724,0,0,0,
c897f2f0ae414985aa623bfe2dfe8f1c,7270,179260,121,55,1227,https://www.youtube.com/watch?v=nezC0T37fKo,119,54,989,https://www.youtube.com/watch?v=4kGUV1bwiR4,1227,896,1227,https://www.youtube.com/watch?v=nezC0T37fKo,609,0,0,0,
d80f5bc1e3ce4c35aa3eced40cc3bddc,7240,320727,425,289,2342,https://www.youtube.com/watch?v=YTvhzUJoTHY,373,235,861,https://www.youtube.com/watch?v=hjL7w27K-5U,1762,1024,2342,https://www.youtube.com/watch?v=YTvhzUJoTHY,536,145,102,162,https://www.twitch.tv/videos/2743711607
5cdf289b83524643af7ab2f2c8788adf,7220,323362,150,32,196,https://www.youtube.com/watch?v=fzBtsamE9ck,150,32,196,https://www.youtube.com/watch?v=fzBtsamE9ck,0,0,0,,0,0,0,0,
0ab16bd60230422d97f73e6810be221c,7210,346080,126,84,429,https://www.youtube.com/watch?v=jxKMctkxPGw,126,84,429,https://www.youtube.com/watch?v=jxKMctkxPGw,0,0,0,,0,0,0,0,
f40b8e8debf14680b5cc88bae98918f7,7190,225790,0,0,0,,0,0,0,,0,0,0,,0,0,0,0,
715cc1261d7e42c18135d47bd1cf2500,7170,175590,551,175,551,https://www.youtube.com/watch?v=GlJ-i37zGS8,551,175,551,https://www.youtube.com/watch?v=GlJ-i37zGS8,0,0,0,,6278,316,219,489,https://www.twitch.tv/videos/2751016367
5fa2dee0fba64112aa476441cd6ff982,7090,329083,621,350,1015,https://www.youtube.com/watch?v=aGF0LqBHoYw,621,350,1015,https://www.youtube.com/watch?v=aGF0LqBHoYw,0,0,0,,0,0,0,0,
38f11eca620e4c83a3e4211cbf463cce,7080,954357,848,669,2356,https://www.youtube.com/watch?v=Du6GZhsMNbk,516,426,848,https://www.youtube.com/watch?v=J5Mq5H6WMmw,2356,1889,2356,https://www.youtube.com/watch?v=Du6GZhsMNbk,0,0,0,0,
c06f5173a01c4c0db7a761957c02186d,7070,477924,1098,345,5764,https://www.youtube.com/watch?v=nURzrZ28NQE,460,257,1956,https://www.youtube.com/watch?v=mjX_y8FmTgU,1233,532,5764,https://www.youtube.com/watch?v=nURzrZ28NQE,450,0,0,0,
9b2c7b20d02241b3b82492a5e78a71c0,7030,313406,422,146,1394,https://www.youtube.com/watch?v=7AJzC1jar_0,152,44,160,https://www.youtube.com/watch?v=hl688Ag1X6Q,500,384,1394,https://www.youtube.com/watch?v=7AJzC1jar_0,0,0,0,0,
97a56c6914ab431d9b670456d11b22ed,7010,241042,235,87,1098,https://www.youtube.com/watch?v=D5IEj-AzX_U,234,84,478,https://www.youtube.com/watch?v=06kQG-bSJg4,1098,218,1098,https://www.youtube.com/watch?v=D5IEj-AzX_U,0,0,0,0,
8c6bc741e4614154a63e987f930a468d,6990,350497,265,171,818,https://www.youtube.com/watch?v=KeE97dFKUJs,265,171,818,https://www.youtube.com/watch?v=KeE97dFKUJs,0,0,0,,0,0,0,0,
a28e29c9e8ec4791a700cd2e30904534,6990,201722,215,59,656,https://www.youtube.com/watch?v=gaOUSUEf5Ws,215,59,656,https://www.youtube.com/watch?v=gaOUSUEf5Ws,0,0,0,,2929,294,237,363,https://www.twitch.tv/videos/2749893605
e7e219a17a7644cd9d28a2ab871f5f7c,6970,256037,153,150,153,https://www.youtube.com/watch?v=I6qBdvzpahc,0,0,0,,153,150,153,https://www.youtube.com/watch?v=I6qBdvzpahc,2738,447,421,686,https://www.twitch.tv/videos/2752777985
6fb9853185d844de80d4f3e0f3f2726d,6960,0,0,0,0,,0,0,0,,0,0,0,,0,0,0,0,
d33940525b7f4b9db9ce85e08b4c175e,6950,323510,266,188,5213,https://www.youtube.com/watch?v=QD9gXIpSdqM,231,109,318,https://www.youtube.com/watch?v=Tb8h0gAAl_Y,3400,1557,5213,https://www.youtube.com/watch?v=QD9gXIpSdqM,7851,239,176,1034,https://www.twitch.tv/videos/2742075332
1937fa889b474d339713d1117f435018,6930,812309,158,53,294,https://www.youtube.com/watch?v=19ZNrmq1ivo,158,53,294,https://www.youtube.com/watch?v=19ZNrmq1ivo,0,0,0,,7276,683,236,4360,https://www.twitch.tv/videos/2745045013
c430f1e7cfee4440b2b537c80a2a667d,6930,233074,268,127,590,https://www.youtube.com/watch?v=rj9m_ID5arM,268,127,590,https://www.youtube.com/watch?v=rj9m_ID5arM,0,0,0,,0,0,0,0,
3c1783f6914f414b830c836829d1afa2,6830,253230,307,147,1865,https://www.youtube.com/watch?v=xyesgC3UctY,288,136,1281,https://www.youtube.com/watch?v=mX4sSSr6W-Q,1519,420,1865,https://www.youtube.com/watch?v=xyesgC3UctY,272,0,0,0,
679aef46b6f448e493fdedae7df5b288,6820,1357632,1297,816,1569,https://www.youtube.com/watch?v=6HU0Vw8GZeg,0,0,0,,1297,816,1569,https://www.youtube.com/watch?v=6HU0Vw8GZeg,450,0,0,0,
60ab80cc26bc4e4aaa526ce1952f9e42,6790,427123,109,52,6678,https://www.youtube.com/watch?v=e9lvAPbnNcs,109,43,344,https://www.youtube.com/watch?v=p-ZuJxmuSfg,1366,669,6678,https://www.youtube.com/watch?v=e9lvAPbnNcs,370,45,30,56,https://www.twitch.tv/videos/2745455717
dc3e05e0c12b4e0a93dc230f30925ee0,6780,195434,180,167,181,https://www.youtube.com/watch?v=RfnQUw4DE68,0,0,0,,180,167,181,https://www.youtube.com/watch?v=RfnQUw4DE68,6763,602,553,1142,https://www.twitch.tv/videos/2746960016
f7b1eada802e4ed89c306c6641d243b3,6750,283838,149,88,1412,https://www.youtube.com/watch?v=aYy_y6vrADQ,148,65,1123,https://www.youtube.com/watch?v=MlF-UCAeXX0,1044,384,1412,https://www.youtube.com/watch?v=aYy_y6vrADQ,440,0,0,0,
80f4d6e50af64a48be812258498e86c0,6730,354797,0,0,0,,0,0,0,,0,0,0,,160,0,0,0,
a3c6cbf76630432c83fa5277388be97c,6730,61516,913,192,913,https://www.youtube.com/watch?v=ml0T4nQeKns,913,192,913,https://www.youtube.com/watch?v=ml0T4nQeKns,0,0,0,,0,0,0,0,
757f1b20f7bd459ebd8949da907dceea,6690,381624,147,77,270,https://www.youtube.com/watch?v=T2NnWQQBIVc,147,77,270,https://www.youtube.com/watch?v=T2NnWQQBIVc,0,0,0,,0,0,0,0,
4865c3feac234584909168181b7dc2be,6670,170960,310,182,876,https://www.youtube.com/watch?v=9rUCiNPCFO0,305,149,876,https://www.youtube.com/watch?v=9rUCiNPCFO0,411,398,411,https://www.youtube.com/watch?v=SlhTyJgqDkY,260,0,0,0,
5dbed684176349d28353d5293085cd9c,6670,267808,347,327,347,https://www.youtube.com/watch?v=G3bTjvAbSS8,347,327,347,https://www.youtube.com/watch?v=G3bTjvAbSS8,0,0,0,,0,0,0,0,
09b6598d6d604e9397eebff166c69e92,6660,94232,91,45,1331,https://www.youtube.com/watch?v=yHE3LxUFO0c,90,36,312,https://www.youtube.com/watch?v=P-wHsChyOYs,1331,1197,1331,https://www.youtube.com/watch?v=yHE3LxUFO0c,156,71,63,328,https://www.twitch.tv/videos/2745425562
7a88afc5eb644d76b35ed4ca968259bb,6610,497608,1898,953,2887,https://www.youtube.com/watch?v=8T-mJ6KWf2k,0,0,0,,1898,953,2887,https://www.youtube.com/watch?v=8T-mJ6KWf2k,20059,2898,1337,5102,https://www.twitch.tv/videos/2731419088
c321746bebe740cb98625ca4cf6fb9a7,6600,85757,240,201,271,https://www.youtube.com/watch?v=JwM22El0a3U,219,159,240,https://www.youtube.com/watch?v=u5GYI8WWluE,271,252,271,https://www.youtube.com/watch?v=JwM22El0a3U,0,0,0,0,
6603f7e70b684a07a3dac687460bacc5,6540,250620,170,88,235,https://www.youtube.com/watch?v=7AnqI3tA_dw,170,88,235,https://www.youtube.com/watch?v=7AnqI3tA_dw,0,0,0,,1401,60,40,60,https://www.twitch.tv/videos/2745379702
f6c34086d07a4322b9d4ebc538bada96,6520,127546,0,0,0,,0,0,0,,0,0,0,,0,0,0,0,
468c9630d37b4c41bb6b0305dc1143cf,6520,425302,251,141,293,https://www.youtube.com/watch?v=f1_G4USvAJg,251,141,293,https://www.youtube.com/watch?v=f1_G4USvAJg,0,0,0,,461,0,0,0,
e0debb323c5d49268c92c5d660cdb664,6520,333918,87,30,186,https://www.youtube.com/watch?v=csvZklNur2w,87,30,186,https://www.youtube.com/watch?v=csvZklNur2w,0,0,0,,0,0,0,0,
08be94e874d448f8a2794a44c61e8d8f,6500,456768,203,98,262,https://www.youtube.com/watch?v=WlDEKUN24BI,203,98,262,https://www.youtube.com/watch?v=WlDEKUN24BI,0,0,0,,0,0,0,0,
f58318cdd690482c9d19fb68bca374a4,6500,410507,106,44,3611,https://www.youtube.com/watch?v=3VbcTxtmYPo,95,42,140,https://www.youtube.com/watch?v=y8aEKBbKPzQ,1901,1472,3611,https://www.youtube.com/watch?v=3VbcTxtmYPo,228,0,0,0,
b54e216619d14031a317b820113e4084,6470,298982,234,83,313,https://www.youtube.com/watch?v=4xG4buSjIJY,269,105,313,https://www.youtube.com/watch?v=4xG4buSjIJY,142,83,169,https://www.youtube.com/watch?v=CveeN8EfF_c,0,0,0,0,
fffd31d236a2479c9070bcc171bdc13d,6460,176762,0,0,0,,0,0,0,,0,0,0,,0,0,0,0,
7f9d223a684e44e8b8d30bedcc07f1fa,6440,230860,110,32,147,https://www.youtube.com/watch?v=lxXpcvHD100,110,32,147,https://www.youtube.com/watch?v=lxXpcvHD100,0,0,0,,0,0,0,0,
e8c89b4aec4d45fbbb76533eb3db0428,6430,142956,138,61,189,https://www.youtube.com/watch?v=-R6LhY4rN40,87,78,87,https://www.youtube.com/watch?v=4F6gLl7D74M,189,44,189,https://www.youtube.com/watch?v=-R6LhY4rN40,0,0,0,0,
ab64eaef68c94ab4afb3a89007c81e9c,6430,812230,2072,1445,88484,https://www.youtube.com/watch?v=nZjTJY61LuQ,0,0,0,,2072,1445,88484,https://www.youtube.com/watch?v=nZjTJY61LuQ,6259,1089,349,12093,https://www.twitch.tv/videos/2742181582
49196eec11454f589d4d6e52f1b1bbe8,6420,537038,187,97,1541,https://www.youtube.com/watch?v=0OmqvxGs1xc,162,76,280,https://www.youtube.com/watch?v=9_Ria8GaZr0,634,294,1541,https://www.youtube.com/watch?v=0OmqvxGs1xc,0,0,0,0,
281c7713c21e41bcb6e81365f328ab8c,6400,238411,0,0,0,,0,0,0,,0,0,0,,0,0,0,0,
da3a3993bd8946da824d66d5a5d456e2,6390,328273,0,0,0,,0,0,0,,0,0,0,,0,0,0,0,
f81d4ef6f2f54e0c8c6d12a09e1fa5c7,6350,136085,171,104,1041,https://www.youtube.com/watch?v=Y-pwO0GX8y8,153,94,303,https://www.youtube.com/watch?v=KgfUg7m81Tc,1041,381,1041,https://www.youtube.com/watch?v=Y-pwO0GX8y8,0,0,0,0,
01edfa8163ad42cd85f56ef4dce2609e,6330,324065,174,99,1258,https://www.youtube.com/watch?v=UhXw40nqSxM,149,93,220,https://www.youtube.com/watch?v=_mMP9Rqsn1s,280,108,1258,https://www.youtube.com/watch?v=UhXw40nqSxM,0,0,0,0,
5cb1c062f5f94b44a41ae658f4a53f0c,6310,135895,0,0,0,,0,0,0,,0,0,0,,13893,822,412,16558,https://www.twitch.tv/videos/2745223131
bf48aafcc9464111b358a4595cc7311c,6300,165974,0,0,0,,0,0,0,,0,0,0,,0,0,0,0,
0851296bdf4c4516b2506b8cce5151da,6280,612699,230,94,1242,https://www.youtube.com/watch?v=NUzT2UPS3e0,208,118,668,https://www.youtube.com/watch?v=cq0Sr0-mb5w,485,83,1242,https://www.youtube.com/watch?v=NUzT2UPS3e0,0,0,0,0,
02e7729df0424fbbb21b77ccd543b0be,6280,1560226,99,63,700,https://www.youtube.com/watch?v=p3-ae_RLDJk,40,23,64,https://www.youtube.com/watch?v=YZA0Kh37RFg,187,97,700,https://www.youtube.com/watch?v=p3-ae_RLDJk,0,0,0,0,
6ddea98137e2429eb0e9c4025ad9294f,6260,217725,747,282,2044,https://www.youtube.com/watch?v=rda_2J4P49Q,394,182,885,https://www.youtube.com/watch?v=TbbzfaGfr6w,1582,580,2044,https://www.youtube.com/watch?v=rda_2J4P49Q,0,0,0,0,
038ee6280ef742bcad8450ad52049944,6250,418382,230,117,2439,https://www.youtube.com/watch?v=EZZCxkWiQXw,222,103,1071,https://www.youtube.com/watch?v=bqCZJ3G3GQ8,2439,1426,2439,https://www.youtube.com/watch?v=EZZCxkWiQXw,0,0,0,0,
cc882664d9794fb88b06a5a0aa1591ae,6240,316738,450,302,8611,https://www.youtube.com/watch?v=xmA73ELZi2c,450,302,8611,https://www.youtube.com/watch?v=xmA73ELZi2c,0,0,0,,0,0,0,0,
3b0031a4b57f46719f06cbf7c5cc42b6,6240,307370,257,126,2439,https://www.youtube.com/watch?v=xo4wtmovJFg,189,110,1443,https://www.youtube.com/watch?v=bxEqLLC-At0,1984,945,2439,https://www.youtube.com/watch?v=xo4wtmovJFg,141,0,0,0,
94c7cb6122bd4dcab2d8660ddc5f5508,6230,219064,138,55,277,https://www.youtube.com/watch?v=OT4yADc8EeI,142,87,277,https://www.youtube.com/watch?v=OT4yADc8EeI,135,22,135,https://www.youtube.com/watch?v=2YrQyXd4ByE,421,58,44,60,https://www.twitch.tv/videos/2746030784
328a6a5742504b9d977f40660c118239,6200,1066856,136,66,1076,https://www.youtube.com/watch?v=qSy5-rW1aGU,138,69,1076,https://www.youtube.com/watch?v=qSy5-rW1aGU,75,34,478,https://www.youtube.com/watch?v=qQwUr2bthns,0,0,0,0,
5d903f62e014487e9ab21a48c19fc6ac,6190,357364,847,147,8995,https://www.youtube.com/watch?v=zZQurWJtulQ,164,61,181,https://www.youtube.com/watch?v=FpaFYr_MnGI,1570,462,8995,https://www.youtube.com/watch?v=zZQurWJtulQ,867,210,143,521,https://www.twitch.tv/videos/2742191775
160f90709224412f9cfc2aaa88e89a57,6120,550591,1484,708,13093,https://www.youtube.com/watch?v=rUNr9RZEEbE,1387,688,5521,https://www.youtube.com/watch?v=DyouGXa6m8Y,2306,1383,13093,https://www.youtube.com/watch?v=rUNr9RZEEbE,0,0,0,0,
a83b6d485350402b90238deb371ae654,6090,110140,0,0,0,,0,0,0,,0,0,0,,4063,272,164,272,https://www.twitch.tv/videos/2743719170
1a3a0feb188e499ab4972c971d639f58,6080,271952,304,134,304,https://www.youtube.com/watch?v=IXNp7mJPUSE,304,134,304,https://www.youtube.com/watch?v=IXNp7mJPUSE,0,0,0,,0,0,0,0,
c2362f5ca48445a89fd081c4b2bc74d4,6070,220263,884,161,884,https://www.youtube.com/watch?v=bscxMfv2u3Q,0,0,0,,884,161,884,https://www.youtube.com/watch?v=bscxMfv2u3Q,135,0,0,0,
16c4a9b7211a44f6b98d8e1aebf4ea70,6040,218736,0,0,0,,0,0,0,,0,0,0,,640,0,0,0,
4576d781ddae45d59fc83c8d25385983,6030,160836,962,438,2871,https://www.youtube.com/watch?v=0S5zzkAkubw,575,280,1765,https://www.youtube.com/watch?v=sksczcqrNXQ,1988,1066,2871,https://www.youtube.com/watch?v=0S5zzkAkubw,249,0,0,0,
b6a105f12b904256ba356935ae46657f,6020,163714,0,0,0,,0,0,0,,0,0,0,,8611,501,137,17416,https://www.twitch.tv/videos/2742903997
75b388425b774a9f99a4483e295a13f0,6010,794934,230,219,595,https://www.youtube.com/watch?v=_1hfqkOOXkk,197,176,241,https://www.youtube.com/watch?v=RmAGVe_JYwQ,495,415,595,https://www.youtube.com/watch?v=_1hfqkOOXkk,415,0,0,0,
4cd21df2b76148b182903cc0aebe2bfa,5920,222541,182,104,244,https://www.youtube.com/watch?v=5EJQCh6v_ow,182,104,244,https://www.youtube.com/watch?v=5EJQCh6v_ow,0,0,0,,0,0,0,0,
2978ff3ab5f54898947af41ca4d47c4c,5910,207698,114,71,1456,https://www.youtube.com/watch?v=B_V6hHuJ-TM,107,69,279,https://www.youtube.com/watch?v=VQDYGEzZumo,945,777,1456,https://www.youtube.com/watch?v=B_V6hHuJ-TM,530,0,0,0,
1ae72d56be5547b1825cdc0fdc0cce2e,5860,77675,0,0,0,,0,0,0,,0,0,0,,0,0,0,0,
325c292889f542688512641841b4ed8a,5860,254835,261,240,311,https://www.youtube.com/watch?v=pDfaOznJZd0,311,282,311,https://www.youtube.com/watch?v=pDfaOznJZd0,212,198,212,https://www.youtube.com/watch?v=6D4AiL_MbPA,0,0,0,0,
34edb431f7da4a43b2a6a9d79d2858d1,5850,321333,354,190,1196,https://www.youtube.com/watch?v=LBr1zgyQWJg,354,210,1044,https://www.youtube.com/watch?v=MuqkqFIeLgs,762,82,1196,https://www.youtube.com/watch?v=LBr1zgyQWJg,560,224,179,224,https://www.twitch.tv/videos/2748577658
86154ca2dc964847b37297138aa65b9f,5840,240044,89,25,333,https://www.youtube.com/watch?v=uz6t6zeWzOk,89,25,333,https://www.youtube.com/watch?v=uz6t6zeWzOk,0,0,0,,1058,0,0,0,
4eecf80e6ecc4644a7ff08314e6e0c82,5820,411971,514,143,1556,https://www.youtube.com/watch?v=sAg2sR1VuRA,260,106,595,https://www.youtube.com/watch?v=8IJny_CpzsI,1386,577,1556,https://www.youtube.com/watch?v=sAg2sR1VuRA,283,0,0,0,
fceadce7c37f4cc08bc747aa79c3cf9e,5810,200887,154,85,3650,https://www.youtube.com/watch?v=njYN73aFp-Y,126,67,276,https://www.youtube.com/watch?v=Y5ICGkXbJUc,1169,542,3650,https://www.youtube.com/watch?v=njYN73aFp-Y,0,0,0,0,
c34e43b57f9f448582094f712a0b2c1a,5800,350532,214,90,1698,https://www.youtube.com/watch?v=57A6Iop5V68,211,83,367,https://www.youtube.com/watch?v=FlCzZQHuAiM,1698,1306,1698,https://www.youtube.com/watch?v=57A6Iop5V68,0,0,0,0,
9f975d473431409190e397bdc946d5b0,5800,262624,295,216,820,https://www.youtube.com/watch?v=IwH-4J3ntPs,295,216,820,https://www.youtube.com/watch?v=IwH-4J3ntPs,0,0,0,,240,0,0,0,
33717d815310491da465eb6258a70b1c,5760,273897,248,110,294,https://www.youtube.com/watch?v=j9WbXFVmT9E,248,110,294,https://www.youtube.com/watch?v=j9WbXFVmT9E,0,0,0,,0,0,0,0,
58c4453bedb9463ab1dcb522d4d50faf,5740,1049583,141,40,185,https://www.youtube.com/watch?v=zU5gLMsWpEk,141,40,185,https://www.youtube.com/watch?v=zU5gLMsWpEk,0,0,0,,0,0,0,0,
2ff93e20894245d49004276e3b51e64f,5730,256177,1331,328,3386,https://www.youtube.com/watch?v=XNH13S6QsQw,568,212,858,https://www.youtube.com/watch?v=rggWmRlq6Wc,1618,794,3386,https://www.youtube.com/watch?v=XNH13S6QsQw,0,0,0,0,
8fae79a84cd049fd8a2ea50528a75e2b,5680,140070,6122,3884,38473,https://www.youtube.com/watch?v=53CjjCMLMAw,0,0,0,,6122,3884,38473,https://www.youtube.com/watch?v=53CjjCMLMAw,2357,0,0,0,
a800589948934dd68ac2c728cc05fbaf,5670,97666,0,0,0,,0,0,0,,0,0,0,,0,0,0,0,
9e213402f2f54c42866d4f62545921b4,5650,145236,0,0,0,,0,0,0,,0,0,0,,454,0,0,0,
bd99f3c8cd6e4fffb75bf0e5b1b5b4fa,5650,195848,1135,730,4657,https://www.youtube.com/watch?v=SGMJoLEgioQ,1666,672,4657,https://www.youtube.com/watch?v=SGMJoLEgioQ,982,887,982,https://www.youtube.com/watch?v=YGAkyFVG5Z4,0,0,0,0,
e17f42aa104040deae2ee3f3b1e85ed8,5650,317136,0,0,0,,0,0,0,,0,0,0,,39754,3289,289,5273,https://www.twitch.tv/videos/2728892179
925d91a363914edfb035fe6c08946be9,5620,174699,182,90,188,https://www.youtube.com/watch?v=bHfHVQB1NJQ,182,90,188,https://www.youtube.com/watch?v=bHfHVQB1NJQ,0,0,0,,0,0,0,0,
1307131312c54a11ab326e62474efc8a,5570,202460,3650,2346,3650,https://www.youtube.com/watch?v=Jp7yNFRBIcE,3650,2346,3650,https://www.youtube.com/watch?v=Jp7yNFRBIcE,0,0,0,,0,0,0,0,
35f3bb64e69c432180b98dde239f3bdd,5550,440738,416,89,1274,https://www.youtube.com/watch?v=90Rn41Nk1S0,369,74,721,https://www.youtube.com/watch?v=XHHINrSZTc4,551,147,1274,https://www.youtube.com/watch?v=90Rn41Nk1S0,802,43,33,104,https://www.twitch.tv/videos/2743820085
208d8aa3792641d6ae4e0de5a10a4a6f,5540,274950,244,94,3545,https://www.youtube.com/watch?v=bh0CQk6-Ems,91,64,446,https://www.youtube.com/watch?v=WLhM6gAfCE4,1128,384,3545,https://www.youtube.com/watch?v=bh0CQk6-Ems,1341,83,58,138,https://www.twitch.tv/videos/2747822727
b1cb513e2511484cabbac00140b4a95c,5530,200497,454,223,29667,https://www.youtube.com/watch?v=EaLfWor3jno,412,206,730,https://www.youtube.com/watch?v=959dWHV3ZMw,2772,947,29667,https://www.youtube.com/watch?v=EaLfWor3jno,446,219,154,396,https://www.twitch.tv/videos/2742900942
9b11be3138284ff3904d3292d6aaa284,5530,282225,493,94,920,https://www.youtube.com/watch?v=fDc5k1xRBIQ,310,48,310,https://www.youtube.com/watch?v=DeBuI_Tqlr8,659,108,920,https://www.youtube.com/watch?v=fDc5k1xRBIQ,0,0,0,0,
dcbe7946e39e48bcb0b725de64a445c8,5520,489861,406,183,1864,https://www.youtube.com/watch?v=wyqSqpfDAyY,395,190,703,https://www.youtube.com/watch?v=lIhOCjV2ym4,1712,114,1864,https://www.youtube.com/watch?v=wyqSqpfDAyY,0,0,0,0,
58304450990a433b88acd02b889b74e6,5510,151097,141,77,1560,https://www.youtube.com/watch?v=ZR6p679QcKw,135,73,176,https://www.youtube.com/watch?v=Uy8a37nMIZ4,1209,1071,1560,https://www.youtube.com/watch?v=ZR6p679QcKw,271,41,36,48,https://www.twitch.tv/videos/2747842385
887b37336c9c4730809ace8b5e38df17,5480,62492,59,29,118,https://www.youtube.com/watch?v=iMjBFshCndY,59,29,118,https://www.youtube.com/watch?v=iMjBFshCndY,0,0,0,,53690,3399,2327,4881,https://www.twitch.tv/videos/2750546728
40c846b91c4a44a980eddf20f0f789c0,5470,802415,595,253,9060,https://www.youtube.com/watch?v=mN8KVLpL75w,262,156,881,https://www.youtube.com/watch?v=0FYx1aISjEY,2404,1057,9060,https://www.youtube.com/watch?v=mN8KVLpL75w,6042,903,718,1938,https://www.twitch.tv/videos/2746932541
a0e2f9b9f851401bbd1736189d4b69b1,5450,135325,65,33,65,https://www.youtube.com/watch?v=KODyOL8oXuk,65,33,65,https://www.youtube.com/watch?v=KODyOL8oXuk,0,0,0,,0,0,0,0,
dbfaa5f3d01142df8a05c4946a0a22dc,5450,442789,245,94,3724,https://www.youtube.com/watch?v=d5MLQpOKcXM,225,69,560,https://www.youtube.com/watch?v=n9Elfx6hFPE,2613,1639,3724,https://www.youtube.com/watch?v=d5MLQpOKcXM,0,0,0,0,
70adcdf6f8a146089a4e724b14146efd,5440,394115,460,170,25863,https://www.youtube.com/watch?v=dpJ19r7VP7o,388,161,702,https://www.youtube.com/watch?v=00-zrwy1gHw,2956,1487,25863,https://www.youtube.com/watch?v=dpJ19r7VP7o,509,0,0,0,
ea7d228d8fb2462f95aef21fc5bd4fb8,5430,1010172,761,425,1764,https://www.youtube.com/watch?v=JoC7TgNDI5Y,761,425,1764,https://www.youtube.com/watch?v=JoC7TgNDI5Y,0,0,0,,0,0,0,0,
2d84a02e592d4a92893b7cc36af95a26,5420,205007,438,234,6169,https://www.youtube.com/watch?v=fH6Uxr3fDH0,414,216,572,https://www.youtube.com/watch?v=X2bAsQUU6rc,4706,2687,6169,https://www.youtube.com/watch?v=fH6Uxr3fDH0,541,426,361,573,https://www.twitch.tv/videos/2746354500
490a48eedc944f9cb74501e6eefeb04d,5390,311094,564,230,2013,https://www.youtube.com/watch?v=0awsLOJwaWg,391,171,623,https://www.youtube.com/watch?v=Obc_Sxes3-w,1689,383,2013,https://www.youtube.com/watch?v=0awsLOJwaWg,2894,204,134,328,https://www.twitch.tv/videos/2747046891
428251b7832a48219276fb6e5f644e86,5380,822736,1812,643,8468,https://www.youtube.com/watch?v=yh8SJiy74jY,2177,565,2177,https://www.youtube.com/watch?v=NBCXwf-h7RU,1448,721,8468,https://www.youtube.com/watch?v=yh8SJiy74jY,262,0,0,0,
7ae1c13d53fb44f49f386eef43c63ee4,5360,254189,133,65,1799,https://www.youtube.com/watch?v=YFgp073_6r4,123,60,249,https://www.youtube.com/watch?v=hKNI3GWr-Zg,960,330,1799,https://www.youtube.com/watch?v=YFgp073_6r4,66,0,0,0,
529328632b0b4701a469ebc14413f855,5340,190982,331,169,430,https://www.youtube.com/watch?v=XA5fhFSeMZU,268,149,430,https://www.youtube.com/watch?v=XA5fhFSeMZU,394,239,413,https://www.youtube.com/watch?v=Srafz-3FoMI,0,0,0,0,
8f0b41303e8a481689fe4309a565ecd3,5340,314338,210,99,360,https://www.youtube.com/watch?v=YCbSd7hVmZ8,210,129,298,https://www.youtube.com/watch?v=_2ApNb2XZxI,237,11,360,https://www.youtube.com/watch?v=YCbSd7hVmZ8,1461,284,205,284,https://www.twitch.tv/videos/2746849083
b473dffe721745f6beb34b5a49e9aeda,5300,392055,0,0,0,,0,0,0,,0,0,0,,0,0,0,0,
fec8644970684cffbbae8dd37a52d59c,5300,273019,108,50,1610,https://www.youtube.com/watch?v=2Bwdm4zJPs4,107,56,894,https://www.youtube.com/watch?v=6Rd6UxJgeDQ,247,41,1610,https://www.youtube.com/watch?v=2Bwdm4zJPs4,1048,355,264,1874,https://www.twitch.tv/videos/2750670421
443ba741722742d5b7d5f76c3e7b445b,5280,488799,259,217,1889,https://www.youtube.com/watch?v=hpTLlFmXbFo,256,173,687,https://www.youtube.com/watch?v=4EGuBLgcOVk,1066,1028,1889,https://www.youtube.com/watch?v=hpTLlFmXbFo,0,0,0,0,
38ecb20931514383b2d93885136c6b68,5270,224539,183,99,256,https://www.youtube.com/watch?v=g9vTQmczt9o,183,99,256,https://www.youtube.com/watch?v=g9vTQmczt9o,0,0,0,,0,0,0,0,
7e088cf828bf4e02ae65bb8a1f6a8b89,5270,194248,89,48,128,https://www.youtube.com/watch?v=V0NvRheCdN0,89,48,128,https://www.youtube.com/watch?v=V0NvRheCdN0,0,0,0,,209,0,0,0,
c8858f1d4a2b41a4bbf738530023d6f9,5260,203983,210,141,327,https://www.youtube.com/watch?v=Qm09NmlbZeQ,210,141,327,https://www.youtube.com/watch?v=Qm09NmlbZeQ,0,0,0,,285,86,70,179,https://www.twitch.tv/videos/2751067712
d889f67fe7b84a38a9742ab2a47f346a,5230,680133,937,171,1614,https://www.youtube.com/watch?v=kiQdYMM9N2E,102,43,107,https://www.youtube.com/watch?v=INq3EZ_nXQI,1282,870,1614,https://www.youtube.com/watch?v=kiQdYMM9N2E,3348,267,166,406,https://www.twitch.tv/videos/2750250219
b6f8117355b24e9c8a8a4c813a72aec9,5220,653895,211,121,1288,https://www.youtube.com/watch?v=ghnERPDhHo0,0,0,0,,211,121,1288,https://www.youtube.com/watch?v=ghnERPDhHo0,1343,251,151,418,https://www.twitch.tv/videos/2750147478
2c42a2d77b4c481bae57dc00a66c2f16,5210,559660,546,323,1039,https://www.youtube.com/watch?v=3NGrj7n9uoU,547,321,1039,https://www.youtube.com/watch?v=3NGrj7n9uoU,380,356,380,https://www.youtube.com/watch?v=TJygTpquj_s,0,0,0,0,
1f2b5204983b4d5ebe0a9352de3a66f6,5200,116154,247,208,274,https://www.youtube.com/watch?v=u8SNh25jKo0,247,208,274,https://www.youtube.com/watch?v=u8SNh25jKo0,0,0,0,,0,0,0,0,
afb80b53c4a543e28eb165f036bc8e4f,5200,274118,165,95,2083,https://www.youtube.com/watch?v=aMsCC7dQou0,130,58,323,https://www.youtube.com/watch?v=kJ7niZiuzVo,1448,532,2083,https://www.youtube.com/watch?v=aMsCC7dQou0,0,0,0,0,
63108f8ea91a4a699f345bb259750745,5180,97763,219,94,546,https://www.youtube.com/watch?v=RwLMWHmxcSk,314,118,546,https://www.youtube.com/watch?v=RwLMWHmxcSk,134,45,134,https://www.youtube.com/watch?v=J9Y7o7DYEvc,0,0,0,0,
effe96469a7348c786d01ccea8cf71cb,5170,180669,0,0,0,,0,0,0,,0,0,0,,0,0,0,0,
7f4f30df30ec405bb0968c585b243fa5,5170,365009,2564,1089,12254,https://www.youtube.com/watch?v=WOZWpqMiXD0,445,282,450,https://www.youtube.com/watch?v=g7GO3MNV3Jo,2717,1501,12254,https://www.youtube.com/watch?v=WOZWpqMiXD0,783,0,0,0,
cc2a13ac075e4640b19020a51dcf9d88,5160,138875,747,250,747,https://www.youtube.com/watch?v=4VY0bHnMJ4M,747,250,747,https://www.youtube.com/watch?v=4VY0bHnMJ4M,0,0,0,,563,0,0,0,
510bdce263cc479ca12d1fad64bfc65e,5110,340296,450,240,952,https://www.youtube.com/watch?v=59jbV1_S1hQ,450,240,952,https://www.youtube.com/watch?v=59jbV1_S1hQ,0,0,0,,0,0,0,0,
bdaa84ad3c7841d6a9ec8774ed9d40a9,5090,170229,492,246,1621,https://www.youtube.com/watch?v=e6ZrnSGZEPo,461,223,617,https://www.youtube.com/watch?v=BwJz_lHz9dQ,1499,705,1621,https://www.youtube.com/watch?v=e6ZrnSGZEPo,0,0,0,0,
25027be34ca844c885f40d5c26507898,5060,265036,1926,814,2498,https://www.youtube.com/watch?v=pxR995bwc8Y,0,0,0,,1926,814,2498,https://www.youtube.com/watch?v=pxR995bwc8Y,0,0,0,0,
c21d4186912d4652a7fb5a1b3ef382b6,5010,186693,270,90,694,https://www.youtube.com/watch?v=aV-AaYfARVw,270,90,694,https://www.youtube.com/watch?v=aV-AaYfARVw,0,0,0,,2887,407,260,591,https://www.twitch.tv/videos/2749605557
c3bec3f382754230b178f8278eb550fb,4980,209909,250,117,1396,https://www.youtube.com/watch?v=uKP1AgBYC60,157,87,610,https://www.youtube.com/watch?v=mWr7RmbJUhE,439,163,1396,https://www.youtube.com/watch?v=uKP1AgBYC60,0,0,0,0,
94082eb7d950471b934592394ad3e4c8,4960,292823,0,0,0,,0,0,0,,0,0,0,,0,0,0,0,
36f4fa8dbd7740c3ae5ac02b890fa502,4950,307332,79,43,124,https://www.youtube.com/watch?v=f_VJz_jeajE,79,43,124,https://www.youtube.com/watch?v=f_VJz_jeajE,0,0,0,,1078,0,0,0,
def76c5c31fe4466b5ae6e6940ae6e58,4930,580752,430,243,2151,https://www.youtube.com/watch?v=Qd4DYF4SrOg,409,220,720,https://www.youtube.com/watch?v=07kussYItsw,1168,526,2151,https://www.youtube.com/watch?v=Qd4DYF4SrOg,0,0,0,0,
3589be2c85dc460aa8de768c7a228730,4920,213748,196,79,625,https://www.youtube.com/watch?v=-c3PShIIbhc,196,79,625,https://www.youtube.com/watch?v=-c3PShIIbhc,0,0,0,,0,0,0,0,
8fd3526ba2074df896bbcb47e713565b,4920,117609,138,72,193,https://www.youtube.com/watch?v=aJK3NkpiR4U,138,72,193,https://www.youtube.com/watch?v=aJK3NkpiR4U,0,0,0,,0,0,0,0,
19c3bdcc95134ef38ad98df3f92f3ccb,4920,315337,171,95,227,https://www.youtube.com/watch?v=Q_OspdTRDM0,171,95,227,https://www.youtube.com/watch?v=Q_OspdTRDM0,0,0,0,,838,71,49,152,https://www.twitch.tv/videos/2742147488
17610c1e36214c0f8002456d8b0bcf36,4910,185222,348,70,348,https://www.youtube.com/watch?v=nB4nwrqWrA4,0,0,0,,348,70,348,https://www.youtube.com/watch?v=nB4nwrqWrA4,0,0,0,0,
d0b68b633fba4c02a627751778973f36,4910,111198,196,171,204,https://www.youtube.com/watch?v=Y7QgBNq5K34,196,171,204,https://www.youtube.com/watch?v=Y7QgBNq5K34,0,0,0,,0,0,0,0,
f9c9c29a9fb143539ade06564b99b233,4890,3357,89,39,147,https://www.youtube.com/watch?v=AW0goBuAxls,89,39,147,https://www.youtube.com/watch?v=AW0goBuAxls,0,0,0,,0,0,0,0,
a1bc1c5451e64266a0f21f0847dd8d2f,4870,161291,92,43,322,https://www.youtube.com/watch?v=7UDRo56mQbA,92,51,208,https://www.youtube.com/watch?v=KTAJVDF1MHM,85,31,322,https://www.youtube.com/watch?v=7UDRo56mQbA,440,310,222,406,https://www.twitch.tv/videos/2744508890
fe8ee7b57ae74a1388127b81b136c7ea,4860,123927,107,68,427,https://www.youtube.com/watch?v=alJ71Ua4WZs,102,60,427,https://www.youtube.com/watch?v=alJ71Ua4WZs,318,150,318,https://www.youtube.com/watch?v=cqL80SSRni4,632,0,0,0,
e4e33334b43945b6837ec43826f3727f,4850,197048,343,174,3904,https://www.youtube.com/watch?v=RT7d7ypuomI,257,134,595,https://www.youtube.com/watch?v=Kg1H2rETYq0,1607,474,3904,https://www.youtube.com/watch?v=RT7d7ypuomI,0,0,0,0,
2e266a71aa3d4a67bb8d9a2a0b573319,4840,278324,0,0,0,,0,0,0,,0,0,0,,41894,3244,1322,6065,https://www.twitch.tv/videos/2745090190
32b83b466c11418bb380623a95944302,4830,383969,941,721,941,https://www.youtube.com/watch?v=ywiSNHAIYUw,0,0,0,,941,721,941,https://www.youtube.com/watch?v=ywiSNHAIYUw,3312,277,197,380,https://www.twitch.tv/videos/2751735919
42b8bd7bed2a4ddd930cfd223657e9ca,4830,186005,428,180,1280,https://www.youtube.com/watch?v=o7BjiMj5BlM,287,168,818,https://www.youtube.com/watch?v=U71pIflRSlk,605,191,1280,https://www.youtube.com/watch?v=o7BjiMj5BlM,1311,209,142,662,https://www.twitch.tv/videos/2750986175
e0f419006f244a51804050ede1d1a5aa,4820,1302038,92,64,1878,https://www.youtube.com/watch?v=MRSlybTQprA,81,53,92,https://www.youtube.com/watch?v=8MeLB9gMdaQ,1878,765,1878,https://www.youtube.com/watch?v=MRSlybTQprA,0,0,0,0,
1357f282a9f04f6cbe3e215a0bd20482,4810,121647,572,149,2441,https://www.youtube.com/watch?v=f2xLWigYMqA,0,0,0,,572,149,2441,https://www.youtube.com/watch?v=f2xLWigYMqA,1820,238,155,246,https://www.twitch.tv/videos/2744482774
432458f2f15549919dc6e3706ccbd417,4790,315839,253,40,253,https://www.youtube.com/watch?v=IHldilNDetU,0,0,0,,253,40,253,https://www.youtube.com/watch?v=IHldilNDetU,0,0,0,0,
de81b740d66c439685aa37491d27efc4,4780,456540,0,0,0,,0,0,0,,0,0,0,,4340,253,190,339,https://www.twitch.tv/videos/2750190927
9de74d9cd68f481396a3dbd76d529a24,4760,205971,163,80,229,https://www.youtube.com/watch?v=03S6FZFvOmY,163,80,229,https://www.youtube.com/watch?v=03S6FZFvOmY,0,0,0,,0,0,0,0,
a9f1edc233804d4b90a9996219a3b14b,4760,242203,98,54,451,https://www.youtube.com/watch?v=TKvuf7wRgpo,98,61,328,https://www.youtube.com/watch?v=241YZ6xPt2g,451,31,451,https://www.youtube.com/watch?v=TKvuf7wRgpo,0,0,0,0,
c8ef4e3182b74ecd994c837a75624390,4750,401261,808,358,8455,https://www.youtube.com/watch?v=BRQzQnrtop8,173,85,374,https://www.youtube.com/watch?v=l3UPIpK6Y4c,1068,735,8455,https://www.youtube.com/watch?v=BRQzQnrtop8,0,0,0,0,
29294f0665864cee8bb2b48697b9e84f,4750,250075,456,246,1646,https://www.youtube.com/watch?v=PEk7FHexrDk,350,243,1266,https://www.youtube.com/watch?v=cntI4F-zpzE,1242,697,1646,https://www.youtube.com/watch?v=PEk7FHexrDk,307,0,0,0,
1e71d9b4bbb1411b84e1aa428a79c9bc,4750,66718,0,0,0,,0,0,0,,0,0,0,,0,0,0,0,
fad69c2a625446829ef410d9ef277c8f,4740,150631,176,70,335,https://www.youtube.com/watch?v=qhje2DUF1pQ,176,70,335,https://www.youtube.com/watch?v=qhje2DUF1pQ,0,0,0,,0,0,0,0,
b2313ef4c37542c89796ae94dfb8228d,4730,179485,280,126,305,https://www.youtube.com/watch?v=ALXvoWDjNyY,280,126,305,https://www.youtube.com/watch?v=ALXvoWDjNyY,0,0,0,,326,233,164,233,https://www.twitch.tv/videos/2746301324
e1b2337b79d1449e9ae6a754ec74050d,4720,607135,225,89,450,https://www.youtube.com/watch?v=jXZkqZCpI78,225,89,450,https://www.youtube.com/watch?v=jXZkqZCpI78,0,0,0,,0,0,0,0,
bcbde4d998e341418ebdf3e26884811d,4710,152118,267,98,544,https://www.youtube.com/watch?v=gEaq_sZ7Tkk,267,98,544,https://www.youtube.com/watch?v=gEaq_sZ7Tkk,0,0,0,,0,0,0,0,
4c8efd1d28d04eeabd21a3c337f154b9,4690,86154,126,54,288,https://www.youtube.com/watch?v=6Aqh5-0oc9c,126,54,288,https://www.youtube.com/watch?v=6Aqh5-0oc9c,0,0,0,,0,0,0,0,
988d1a83ff6c4f82af6be42946987c36,4680,310089,244,71,1458,https://www.youtube.com/watch?v=X9CPpyq5VfA,117,50,402,https://www.youtube.com/watch?v=RUvoox2fJJY,1135,551,1458,https://www.youtube.com/watch?v=X9CPpyq5VfA,0,0,0,0,
b3c1a09b09a54b9a8078d3310d151efe,4660,123345,65,6,65,https://www.youtube.com/watch?v=nUmydZxaHs0,65,6,65,https://www.youtube.com/watch?v=nUmydZxaHs0,0,0,0,,0,0,0,0,
256dd6464e974e118dc8103d5e9eb0b3,4660,98402,1457,221,3995,https://www.youtube.com/watch?v=eRHljEblBxE,0,0,0,,1457,221,3995,https://www.youtube.com/watch?v=eRHljEblBxE,3308,563,348,885,https://www.twitch.tv/videos/2751883224
98181ce64b3d45a9aa295c446e1bae9e,4650,117335,0,0,0,,0,0,0,,0,0,0,,573,0,0,0,
4cc400969073471f9d2808a807e95f7d,4640,365225,614,221,1807,https://www.youtube.com/watch?v=VEjPeWqO7dk,234,188,234,https://www.youtube.com/watch?v=g41zde9hFzw,622,223,1807,https://www.youtube.com/watch?v=VEjPeWqO7dk,0,0,0,0,
c6dab598fcee4b6b9bff76d2e8ffc8e6,4630,323002,287,99,2134,https://www.youtube.com/watch?v=lUmmPb4du8s,140,64,300,https://www.youtube.com/watch?v=p_6Gxz2ukfE,775,395,2134,https://www.youtube.com/watch?v=lUmmPb4du8s,814,0,0,0,
a99bc695c89d41e391a5abf6e781c911,4620,343012,0,0,0,,0,0,0,,0,0,0,,0,0,0,0,
6073eb006b764614915e90b5c54ce7e6,4610,295479,905,746,1338,https://www.youtube.com/watch?v=CMtSMp96JFc,0,0,0,,905,746,1338,https://www.youtube.com/watch?v=CMtSMp96JFc,3284,531,281,607,https://www.twitch.tv/videos/2746957952
4762b7be8b764f19a33a7cf167c2ea64,4610,66366,44,23,64,https://www.youtube.com/watch?v=nyMCe2sGRDU,44,23,64,https://www.youtube.com/watch?v=nyMCe2sGRDU,0,0,0,,0,0,0,0,
33e0b518387b4479a76910366cd2a413,4580,243937,93,59,4000,https://www.youtube.com/watch?v=mDhDvhGTAnI,65,40,140,https://www.youtube.com/watch?v=7EPQ-68Ibas,3025,2290,4000,https://www.youtube.com/watch?v=mDhDvhGTAnI,367,21,17,39,https://www.twitch.tv/videos/2751999998
2d9ef8be75c34daf9ce9d17ecbbe0f7a,4550,672858,151,76,340,https://www.youtube.com/watch?v=zBBm-L-kbms,151,76,340,https://www.youtube.com/watch?v=zBBm-L-kbms,0,0,0,,713,44,33,106,https://www.twitch.tv/videos/2745382192
d41f0a9dfdec46929f6f9534f8d79167,4540,64223,0,0,0,,0,0,0,,0,0,0,,0,0,0,0,
20327c35cc9d4deba93299b790d7d721,4530,244700,234,100,1855,https://www.youtube.com/watch?v=pXvtLmpW_vc,129,65,310,https://www.youtube.com/watch?v=aQHMvwv38Dc,788,161,1855,https://www.youtube.com/watch?v=pXvtLmpW_vc,0,0,0,0,
3dd8c72cab6d494dbd6fbf0a0e3dc41a,4510,308633,267,159,3293,https://www.youtube.com/watch?v=bxiYusMog78,247,142,3293,https://www.youtube.com/watch?v=bxiYusMog78,1295,980,1362,https://www.youtube.com/watch?v=3tiRwOzUB7o,1278,214,160,760,https://www.twitch.tv/videos/2746071102
0fa88d7be0ba4850abea150aa73fe440,4480,261410,0,0,0,,0,0,0,,0,0,0,,0,0,0,0,
3a43445829024217b728d04d5398b61c,4450,217419,182,107,564,https://www.youtube.com/watch?v=bUi707BPd90,182,107,564,https://www.youtube.com/watch?v=bUi707BPd90,0,0,0,,0,0,0,0,
c90914afde364f5e982414615662f5a7,4430,375772,198,40,1487,https://www.youtube.com/watch?v=AVn-XaKBxMg,198,40,1436,https://www.youtube.com/watch?v=d3NMp4NwYVw,793,46,1487,https://www.youtube.com/watch?v=AVn-XaKBxMg,1990,0,0,0,
b9569d6e438b473ba61d88c0230899f5,4420,262070,120,65,282,https://www.youtube.com/watch?v=HtEpN9SR_8w,120,61,263,https://www.youtube.com/watch?v=6RXXokwa8mg,282,95,282,https://www.youtube.com/watch?v=HtEpN9SR_8w,0,0,0,0,
52b5fa7ff03945368644f52035a5e798,4410,322738,104,39,543,https://www.youtube.com/watch?v=CfTkal81o5I,104,39,543,https://www.youtube.com/watch?v=CfTkal81o5I,0,0,0,,0,0,0,0,
5fd252ad134343a59705e00390c6d9ef,4380,117343,0,0,0,,0,0,0,,0,0,0,,1421,256,81,602,https://www.twitch.tv/videos/2729465326
627d42f52e604f3e8eadc7f04ef74d2a,4380,214362,0,0,0,,0,0,0,,0,0,0,,3513,465,334,979,https://www.twitch.tv/videos/2746757806
98187e2cc8c34f5d8e0853bffc1a30c9,4370,147355,2115,1546,2115,https://www.youtube.com/watch?v=NGn6Z9groFI,0,0,0,,2115,1546,2115,https://www.youtube.com/watch?v=NGn6Z9groFI,0,0,0,0,
ccc1420185ad46d49d40b6b774db9b11,4360,242335,113,57,168,https://www.youtube.com/watch?v=rOHzLSnsOwU,133,65,168,https://www.youtube.com/watch?v=rOHzLSnsOwU,95,57,113,https://www.youtube.com/watch?v=Lbmwu5_0DbQ,772,107,64,184,https://www.twitch.tv/videos/2752691079
bd7d712e0946448aa29a1d213d1c1beb,4350,134656,196,99,12821,https://www.youtube.com/watch?v=DREDNLFyr1M,149,68,225,https://www.youtube.com/watch?v=5iUDzHPPslI,1628,1199,12821,https://www.youtube.com/watch?v=DREDNLFyr1M,317,264,200,454,https://www.twitch.tv/videos/2751922201
f658ebdc79bf4cef928a87d3a35855a5,4350,76471,37,25,37,https://www.youtube.com/watch?v=CotZ3FMi0aI,37,25,37,https://www.youtube.com/watch?v=CotZ3FMi0aI,0,0,0,,0,0,0,0,
a2c7c34474174cd2bffcc17a32aeec21,4350,296312,82,45,1274,https://www.youtube.com/watch?v=6zxvd7FFMSg,82,37,120,https://www.youtube.com/watch?v=WlUCsF0ZlN8,661,383,1274,https://www.youtube.com/watch?v=6zxvd7FFMSg,922,60,34,60,https://www.twitch.tv/videos/2742913704
caf08c74dd7b4919bca49eef394d5475,4340,659216,1145,346,3998,https://www.youtube.com/watch?v=4ccFeJz7_wE,179,115,318,https://www.youtube.com/watch?v=C-7TTspfFOM,1620,791,3998,https://www.youtube.com/watch?v=4ccFeJz7_wE,3627,781,396,2433,https://www.twitch.tv/videos/2730344589
9ceaafbe1a9a41bb9526b113354e03cc,4330,328415,187,126,1777,https://www.youtube.com/watch?v=Rt4G2pW0e6k,172,89,220,https://www.youtube.com/watch?v=1qhhKy7gvQA,1451,804,1777,https://www.youtube.com/watch?v=Rt4G2pW0e6k,0,0,0,0,
f4fc9f87ed4b4f05a339b1f1a1d621b6,4320,92066,0,0,0,,0,0,0,,0,0,0,,0,0,0,0,
3f36658defc1428b8d4628478ef59256,4310,338997,355,175,2430,https://www.youtube.com/watch?v=uJ3px5gcY7Q,212,93,2430,https://www.youtube.com/watch?v=uJ3px5gcY7Q,1207,319,1514,https://www.youtube.com/watch?v=_fS1JUnA4fs,0,0,0,0,
81387cdce77a4a9b9338145b28ae9ff6,4300,0,0,0,0,,0,0,0,,0,0,0,,0,0,0,0,
de071f4fc90344748afac14099022672,4290,109253,1773,424,2182,https://www.youtube.com/watch?v=pBdB9dOvmZY,0,0,0,,1773,424,2182,https://www.youtube.com/watch?v=pBdB9dOvmZY,7929,2758,725,10322,https://www.twitch.tv/videos/2749253203
db1c4d81f03f4b04aca36b8b5b2b9c62,4280,92318,142,87,216,https://www.youtube.com/watch?v=8_1uAu9eXIc,142,87,216,https://www.youtube.com/watch?v=8_1uAu9eXIc,0,0,0,,438,0,0,0,
0ede84dfc1ff426cb42643d7390d2937,4260,705466,289,122,5245,https://www.youtube.com/watch?v=xmkECPorjdI,191,109,5245,https://www.youtube.com/watch?v=xmkECPorjdI,1580,1125,3362,https://www.youtube.com/watch?v=NDSEWrv_kxM,1688,322,205,322,https://www.twitch.tv/videos/2744577267
caebfeea12c840f0ae0f0e2beb57b4e2,4250,223599,906,301,906,https://www.youtube.com/watch?v=VcQ41Wpfn9g,0,0,0,,906,301,906,https://www.youtube.com/watch?v=VcQ41Wpfn9g,0,0,0,0,
ba41581d315943fdaebe0dc981020d1c,4240,228484,113,59,175,https://www.youtube.com/watch?v=D7O8FgGYvW8,175,59,175,https://www.youtube.com/watch?v=D7O8FgGYvW8,79,58,147,https://www.youtube.com/watch?v=g89StP53Yn4,0,0,0,0,
c17ad3ef81904c26982024c9af1f0f3a,4230,177828,2529,1047,3460,https://www.youtube.com/watch?v=GU38Fw_PAic,0,0,0,,2529,1047,3460,https://www.youtube.com/watch?v=GU38Fw_PAic,3437,205,153,311,https://www.twitch.tv/videos/2748042509
872627e5c7a248bfb41a055dee03029a,4220,127620,197,92,2300,https://www.youtube.com/watch?v=VafuJP6sRmA,26,7,66,https://www.youtube.com/watch?v=wjJAwuarKIo,324,191,2300,https://www.youtube.com/watch?v=VafuJP6sRmA,755,0,0,0,
58e377df63f745fc8473368b20afe2ae,4210,227419,53,25,117,https://www.youtube.com/watch?v=fMHwm0PmYdg,53,25,117,https://www.youtube.com/watch?v=fMHwm0PmYdg,0,0,0,,304,6,5,15,https://www.twitch.tv/videos/2747915433
58bb51ba1bba485a98cbf859fb5687f4,4210,454577,554,218,2254,https://www.youtube.com/watch?v=luhnJJwSM_U,127,100,353,https://www.youtube.com/watch?v=7uD4gJ4S25o,1125,466,2254,https://www.youtube.com/watch?v=luhnJJwSM_U,1829,0,0,0,
3e340f9122814acc84ff51a0aec8ae13,4210,128858,0,0,0,,0,0,0,,0,0,0,,0,0,0,0,
2683fa864bd24112b6f7d04afb096a4e,4200,222968,717,202,2301,https://www.youtube.com/watch?v=edgg6d3kZLY,245,85,378,https://www.youtube.com/watch?v=TVfRrRiZZgk,1516,861,2301,https://www.youtube.com/watch?v=edgg6d3kZLY,362,0,0,0,
50433c34f368460c9cda947f292a62b4,4170,325505,539,158,772,https://www.youtube.com/watch?v=pfD3ku1JRRE,539,281,772,https://www.youtube.com/watch?v=pfD3ku1JRRE,532,123,651,https://www.youtube.com/watch?v=obyIzqqdjvk,0,0,0,0,
01bebf0363a94b16b2313053c90a1c8a,4170,118427,120,33,170,https://www.youtube.com/watch?v=O2a70ZV089I,120,33,170,https://www.youtube.com/watch?v=O2a70ZV089I,0,0,0,,423,0,0,0,
4d0cbf91a5cb4524862207c5d406d98c,4160,21865,6075,4934,8409,https://www.youtube.com/watch?v=skPufMbEyVY,0,0,0,,6075,4934,8409,https://www.youtube.com/watch?v=skPufMbEyVY,0,0,0,0,
6fb8c6dea7404638a9d78d4b0d84f64c,4150,29887,713,359,1207,https://www.youtube.com/watch?v=vtPQaw2EOfU,713,359,1207,https://www.youtube.com/watch?v=vtPQaw2EOfU,0,0,0,,2854,0,0,0,
7f049d05ff3a4946998b9ddd7df409fd,4150,136394,128,73,1578,https://www.youtube.com/watch?v=A41AEY16tqg,112,57,467,https://www.youtube.com/watch?v=VWbzBOA50aA,1398,1268,1578,https://www.youtube.com/watch?v=A41AEY16tqg,2301,148,115,295,https://www.twitch.tv/videos/2751038917
16b8db1818764f81addb322d109b5da3,4140,243882,614,209,1468,https://www.youtube.com/watch?v=ViV1tEGJTUw,474,148,614,https://www.youtube.com/watch?v=g6vy8h0PLI8,1411,839,1468,https://www.youtube.com/watch?v=ViV1tEGJTUw,0,0,0,0,
ad6cf3322d204c79afa7d14d4d36473c,4140,305155,1709,912,2115,https://www.youtube.com/watch?v=IaNtlLQkkaU,0,0,0,,1709,912,2115,https://www.youtube.com/watch?v=IaNtlLQkkaU,0,0,0,0,
ffb8b8f15321474a98628cb638631bf1,4130,811833,0,0,0,,0,0,0,,0,0,0,,0,0,0,0,
637b3a1eb03443248ebd1caba56e6b5a,4100,179123,401,162,1070,https://www.youtube.com/watch?v=vWrg6LWrYdI,401,162,1070,https://www.youtube.com/watch?v=vWrg6LWrYdI,0,0,0,,0,0,0,0,
90446c6f1b704ff6b0fbbf017f0a68c5,4100,148115,357,229,651,https://www.youtube.com/watch?v=9EDvVdyCFRs,339,174,651,https://www.youtube.com/watch?v=9EDvVdyCFRs,541,229,541,https://www.youtube.com/watch?v=DE91YFYAtq4,0,0,0,0,
8b027d3a3f374c9c8398b6dd751e5018,4090,1256,0,0,0,,0,0,0,,0,0,0,,37389,4964,1920,12070,https://www.twitch.tv/videos/2742905961
d66fb507852f4d889e426c8ea0f9f246,4090,170301,448,191,2086,https://www.youtube.com/watch?v=46ikU4JNiNA,443,193,2086,https://www.youtube.com/watch?v=46ikU4JNiNA,776,77,776,https://www.youtube.com/watch?v=JuvyWufB0cI,502,0,0,0,
4d856c2abee448b8941c27799bb8cb03,4090,43448,11217,7880,27177,https://www.youtube.com/watch?v=XKoqG2Z4yiw,0,0,0,,11217,7880,27177,https://www.youtube.com/watch?v=XKoqG2Z4yiw,0,0,0,0,
9d74c909706a450ea35c1777cac79e77,4070,440509,235,138,902,https://www.youtube.com/watch?v=qS2jEMvY6r0,222,138,755,https://www.youtube.com/watch?v=2v_w7ajo40M,633,123,902,https://www.youtube.com/watch?v=qS2jEMvY6r0,866,105,94,105,https://www.twitch.tv/videos/2751021654
1ea5aa0a7a7d401b897630667cf4b44e,4070,216612,156,44,299,https://www.youtube.com/watch?v=oq8f53ZT45o,156,44,299,https://www.youtube.com/watch?v=oq8f53ZT45o,0,0,0,,1227,253,196,403,https://www.twitch.tv/videos/2752756463
d177ac8568a14720b35bcc1a829aff51,4060,160820,135,65,231,https://www.youtube.com/watch?v=VDtb3mxCyfQ,135,65,231,https://www.youtube.com/watch?v=VDtb3mxCyfQ,0,0,0,,0,0,0,0,
eda6bf91049349e08f0f269fb4f8c0f9,4050,141230,95,47,1717,https://www.youtube.com/watch?v=GuC-iof1tf8,84,42,133,https://www.youtube.com/watch?v=3dus3umOF8g,586,369,1717,https://www.youtube.com/watch?v=GuC-iof1tf8,194,0,0,0,
b516b71a9e8d43b8a377dabe1f9057dd,4040,115581,103,41,481,https://www.youtube.com/watch?v=5IdPVe9ufpE,91,40,146,https://www.youtube.com/watch?v=G-ny26JnEWY,112,48,481,https://www.youtube.com/watch?v=5IdPVe9ufpE,529,48,32,57,https://www.twitch.tv/videos/2745351816
4a44ee7065ae41ad8d70469297599df8,4020,1124134,38,23,38,https://www.youtube.com/watch?v=tNMNe1h6Olc,38,23,38,https://www.youtube.com/watch?v=tNMNe1h6Olc,0,0,0,,0,0,0,0,
cd44db2c12a54568963299704aa8d4a6,4020,106243,0,0,0,,0,0,0,,0,0,0,,320,0,0,0,
c9ac78b9004c4c26ba4107ccefe399ec,4010,170151,78,63,288,https://www.youtube.com/watch?v=eUG4XJKU9RY,78,63,288,https://www.youtube.com/watch?v=eUG4XJKU9RY,0,0,0,,0,0,0,0,
9db6beb02e774aa7a97ba8674a5a8f9d,3950,82235,0,0,0,,0,0,0,,0,0,0,,197,0,0,0,
ec12bbfb27d24091aa6a7d64ff9429ea,3950,101729,903,194,1390,https://www.youtube.com/watch?v=i0sBp8JSBXc,0,0,0,,903,194,1390,https://www.youtube.com/watch?v=i0sBp8JSBXc,5282,538,236,954,https://www.twitch.tv/videos/2744647551
dabf31fbee9b4214958603268d48b780,3940,24611,10589,7158,10697,https://www.youtube.com/watch?v=UpRtlrxcA50,0,0,0,,10589,7158,10697,https://www.youtube.com/watch?v=UpRtlrxcA50,0,0,0,0,
00d9cb7b0bcd451999f4fd33dd84be6c,3930,715156,197,100,1886,https://www.youtube.com/watch?v=GN1dYAmU3f0,172,73,434,https://www.youtube.com/watch?v=s58FZXbJ63g,649,383,1886,https://www.youtube.com/watch?v=GN1dYAmU3f0,4875,394,220,2691,https://www.twitch.tv/videos/2734615645
2bf038f2a9514434aefa4ef7b2140f56,3920,151168,507,251,1922,https://www.youtube.com/watch?v=PjTvLCYag7I,472,171,673,https://www.youtube.com/watch?v=zgjjHqReTT0,1337,423,1922,https://www.youtube.com/watch?v=PjTvLCYag7I,500,764,712,1076,https://www.twitch.tv/videos/2752576956
780f8a72bb1543a79feb5730b42130c6,3890,233312,327,99,2109,https://www.youtube.com/watch?v=mQGiB-aZDx4,352,153,361,https://www.youtube.com/watch?v=OldyLhVKIuk,229,44,2109,https://www.youtube.com/watch?v=mQGiB-aZDx4,0,0,0,0,
f03fa714465e44ef8d339474bd0f4a02,3880,124241,234,88,1937,https://www.youtube.com/watch?v=rSk1C9YLpxg,192,82,291,https://www.youtube.com/watch?v=YncANju04Bc,763,358,1937,https://www.youtube.com/watch?v=rSk1C9YLpxg,0,0,0,0,
5cff30a1695346368e3ea7a7c7af4286,3880,400060,52,21,52,https://www.youtube.com/watch?v=7qIZw3OMXFM,0,0,0,,52,21,52,https://www.youtube.com/watch?v=7qIZw3OMXFM,761,0,0,0,
6bf5f37da9e74d539963689b6b0256a5,3870,489411,325,100,1321,https://www.youtube.com/watch?v=k4ygl29pWyg,170,73,369,https://www.youtube.com/watch?v=GVoa3OAhQbg,958,495,1321,https://www.youtube.com/watch?v=k4ygl29pWyg,0,0,0,0,
4b8f55c74e594978bb461a27b3924336,3860,104760,215,83,309,https://www.youtube.com/watch?v=PHCgV7P3c6c,215,83,309,https://www.youtube.com/watch?v=PHCgV7P3c6c,0,0,0,,836,0,0,0,
3727892a417b429aa063c7300e132966,3860,226408,377,28,377,https://www.youtube.com/watch?v=vNyY8tK7M9A,377,28,377,https://www.youtube.com/watch?v=vNyY8tK7M9A,0,0,0,,0,0,0,0,
a03628db891e4e8c9a54bc5161f1f2f4,3850,193288,297,31,461,https://www.youtube.com/watch?v=a1HIjQeANRc,134,1,134,https://www.youtube.com/watch?v=pmgMKnQLm_0,461,61,461,https://www.youtube.com/watch?v=a1HIjQeANRc,617,229,164,1176,https://www.twitch.tv/videos/2746092120
0490d9546bce4068a0f52b39046bdf91,3850,103969,657,306,2589,https://www.youtube.com/watch?v=CdlpRUNvIrE,137,102,191,https://www.youtube.com/watch?v=pEGaX8Cf07c,1022,555,2589,https://www.youtube.com/watch?v=CdlpRUNvIrE,4254,438,357,940,https://www.twitch.tv/videos/2751974458
9c1450789da443f491a66e6f121482fc,3840,309820,441,199,1400,https://www.youtube.com/watch?v=jJCHpaW0mp8,351,137,738,https://www.youtube.com/watch?v=wp_yO7RQ3yE,803,282,1400,https://www.youtube.com/watch?v=jJCHpaW0mp8,384,0,0,0,
f18910b4b83a48558f16836f4c1488eb,3830,120313,0,0,0,,0,0,0,,0,0,0,,0,0,0,0,
20f361a84fb3439999c550c10fcf5642,3830,89141,0,0,0,,0,0,0,,0,0,0,,1647,0,0,0,
edbd401267284e8886c1fd27d08283d4,3830,71191,0,0,0,,0,0,0,,0,0,0,,1030,0,0,0,
7b2d1d71057b4ac2a16109b980a99e28,3830,185770,199,125,5673,https://www.youtube.com/watch?v=bnKlcQyKwbk,140,106,213,https://www.youtube.com/watch?v=sr_ZWfgd8JY,1506,814,5673,https://www.youtube.com/watch?v=bnKlcQyKwbk,0,0,0,0,
b0f00fccf8a14655911360748c4699cd,3780,146394,331,153,2043,https://www.youtube.com/watch?v=H38O2tH6PfU,92,48,137,https://www.youtube.com/watch?v=4uqpu-gtrwY,1222,656,2043,https://www.youtube.com/watch?v=H38O2tH6PfU,0,0,0,0,
3a4fe2f4720747ceabc87b3327ab2b17,3780,104517,178,62,178,https://www.youtube.com/watch?v=B5pcYC4PSQU,178,62,178,https://www.youtube.com/watch?v=B5pcYC4PSQU,0,0,0,,0,0,0,0,
c371d4c7f516451bac8ae3a9a13dc7f2,3780,122131,119,52,184,https://www.youtube.com/watch?v=Qo39TEkKdzA,116,53,184,https://www.youtube.com/watch?v=Qo39TEkKdzA,134,22,134,https://www.youtube.com/watch?v=VeclOc36k_s,1471,124,81,161,https://www.twitch.tv/videos/2742184316
342b158ba02d4103a1407d62fe786f5e,3780,180031,0,0,0,,0,0,0,,0,0,0,,1641,0,0,0,
7ddebf4d8f6d4c63a4fc7268d8113c10,3780,471118,614,126,1351,https://www.youtube.com/watch?v=5r-bp_9OXd0,0,0,0,,614,126,1351,https://www.youtube.com/watch?v=5r-bp_9OXd0,6417,860,561,6778,https://www.twitch.tv/videos/2745366096
ba5ed25718a7421cb15cd0ec62df723e,3760,149185,197,105,457,https://www.youtube.com/watch?v=iVPRlnI2Qpk,197,105,457,https://www.youtube.com/watch?v=iVPRlnI2Qpk,0,0,0,,481,0,0,0,
db4fd03c50654057bd32b9201666b345,3750,186908,0,0,0,,0,0,0,,0,0,0,,2316,0,0,0,
c01af5d5f9b74ac29b51dcae0dc55a2d,3750,290181,200,86,1753,https://www.youtube.com/watch?v=etIKb_wD00I,613,219,613,https://www.youtube.com/watch?v=x9aqO15_Bn4,196,80,1753,https://www.youtube.com/watch?v=etIKb_wD00I,0,0,0,0,
601b56797a3246f49cead93e9e190a49,3730,149511,0,0,0,,0,0,0,,0,0,0,,0,0,0,0,
2f80e2f83d254bbdbf48b9c8b3fca995,3720,152082,194,117,486,https://www.youtube.com/watch?v=cZ8rese3sqo,178,110,486,https://www.youtube.com/watch?v=cZ8rese3sqo,268,117,268,https://www.youtube.com/watch?v=CLCc_aMjGBc,0,0,0,0,
42e2bc7c16734352b2e18a82e48844ec,3720,535430,382,180,2043,https://www.youtube.com/watch?v=EwpiejHMpTg,382,180,2043,https://www.youtube.com/watch?v=EwpiejHMpTg,0,0,0,,0,0,0,0,
73827056b15849549388f720dde25c01,3720,177003,502,208,1322,https://www.youtube.com/watch?v=PQAw4JESsis,437,207,747,https://www.youtube.com/watch?v=2M7NFxHef6M,946,285,1322,https://www.youtube.com/watch?v=PQAw4JESsis,0,0,0,0,
a246e7561e5f40799a48eeca69951b7b,3680,182485,126,67,140,https://www.youtube.com/watch?v=JrjyhGqq02s,126,67,140,https://www.youtube.com/watch?v=JrjyhGqq02s,0,0,0,,129,0,0,0,
ed4666af39034d54913aba64cfea6f47,3680,337294,405,174,898,https://www.youtube.com/watch?v=wdoRshTGX0g,405,174,898,https://www.youtube.com/watch?v=wdoRshTGX0g,0,0,0,,0,0,0,0,
907d39ec8a394cdcb645bd4b2e6351e7,3670,100362,70,22,100,https://www.youtube.com/watch?v=j06Kpp0qgmk,70,22,100,https://www.youtube.com/watch?v=j06Kpp0qgmk,0,0,0,,0,0,0,0,
dadb89bee9044261848ad444625d94f7,3650,58036,126,55,2070,https://www.youtube.com/watch?v=KAUeoA_gxtQ,94,34,209,https://www.youtube.com/watch?v=s6-FnPJ7-vA,498,328,2070,https://www.youtube.com/watch?v=KAUeoA_gxtQ,0,0,0,0,
bc70de85cb744f13bffae8a81ebd6bb4,3640,92787,0,0,0,,0,0,0,,0,0,0,,0,0,0,0,
286c24a67720434bbb4290d49fb42a54,3610,196317,119,64,1835,https://www.youtube.com/watch?v=HMyvF78JIKc,110,49,218,https://www.youtube.com/watch?v=lV2AHEXbeK8,1763,1487,1835,https://www.youtube.com/watch?v=HMyvF78JIKc,0,0,0,0,
3506a4f43442492e83c6fbe4cdb09aba,3610,61011,0,0,0,,0,0,0,,0,0,0,,0,0,0,0,
c2bbc6bca92c4825b72d635634197e2b,3600,222981,0,0,0,,0,0,0,,0,0,0,,0,0,0,0,
b95eb39c5bb74de687696afbc31fb836,3600,100808,177,36,198,https://www.youtube.com/watch?v=wnLrN787_Fo,177,36,198,https://www.youtube.com/watch?v=wnLrN787_Fo,0,0,0,,399,123,31,239,https://www.twitch.tv/videos/2741337490
e76a030f33bc48a58257b261f95ee3af,3600,144583,135,60,2174,https://www.youtube.com/watch?v=SVXpH2epH2U,134,54,236,https://www.youtube.com/watch?v=wa8PxONuHKg,2174,138,2174,https://www.youtube.com/watch?v=SVXpH2epH2U,0,0,0,0,
0df008566e92461eb808c5b3ba9c7f0f,3590,121427,48,17,142,https://www.youtube.com/watch?v=m029DQSmSO4,48,17,142,https://www.youtube.com/watch?v=m029DQSmSO4,0,0,0,,0,0,0,0,
b1c9458ca89b44bab0f09883ef40c45c,3590,115559,130,73,659,https://www.youtube.com/watch?v=TIbvsjVbqXc,130,73,659,https://www.youtube.com/watch?v=TIbvsjVbqXc,0,0,0,,0,0,0,0,
e93734c51e5141419d44dc147f1c5420,3590,57456,0,0,0,,0,0,0,,0,0,0,,0,0,0,0,
644ed2200e8a446bae2920103d1015e3,3580,128509,81,61,467,https://www.youtube.com/watch?v=NSi6G48kmDk,67,35,140,https://www.youtube.com/watch?v=mD5UWCsSRM0,225,142,467,https://www.youtube.com/watch?v=NSi6G48kmDk,0,0,0,0,
7caa52181a744f68be9e3995c7adec24,3570,41770,151,61,211,https://www.youtube.com/watch?v=5AJFopuXmP8,151,61,211,https://www.youtube.com/watch?v=5AJFopuXmP8,0,0,0,,0,0,0,0,
5f9767b104b54292bf6dd29863c0c6b1,3570,354146,917,538,1881,https://www.youtube.com/watch?v=7uXsXF3Ev5c,63,46,63,https://www.youtube.com/watch?v=259Zah34ZqY,1132,622,1881,https://www.youtube.com/watch?v=7uXsXF3Ev5c,0,0,0,0,
c16daca9d8b84b18a38ab97cdcd7577a,3570,369205,276,91,1282,https://www.youtube.com/watch?v=F0JqoAvR0iw,285,91,1282,https://www.youtube.com/watch?v=F0JqoAvR0iw,210,102,1264,https://www.youtube.com/watch?v=GLG8LtAtla4,0,0,0,0,
041976bda8b8410a99af25fc4cb87970,3560,124252,1226,166,1226,https://www.youtube.com/watch?v=sTn-v24g7jo,0,0,0,,1226,166,1226,https://www.youtube.com/watch?v=sTn-v24g7jo,133,0,0,0,
4d9730dc400443e6b8edb719febd5f46,3560,74096,117,26,144,https://www.youtube.com/watch?v=_M07prT6QSU,117,26,144,https://www.youtube.com/watch?v=_M07prT6QSU,0,0,0,,769,43,30,65,https://www.twitch.tv/videos/2750401773
8b69d6c508194b93b14fc056038160ab,3560,82015,0,0,0,,0,0,0,,0,0,0,,1958,160,121,259,https://www.twitch.tv/videos/2749281189
8961bc96eec34a99ad58505bae3f58f1,3540,157046,96,21,113,https://www.youtube.com/watch?v=dWCN1jSwZz8,96,21,113,https://www.youtube.com/watch?v=dWCN1jSwZz8,0,0,0,,0,0,0,0,
d78d72ce0aac4c9d9c5c16604209ced3,3540,176198,551,232,1514,https://www.youtube.com/watch?v=LKz5S68VxW8,558,248,1514,https://www.youtube.com/watch?v=LKz5S68VxW8,421,2,421,https://www.youtube.com/watch?v=ovg00Yxtx-I,0,0,0,0,
64bba754590e41c5b58df1c536d4e865,3530,130827,163,34,201,https://www.youtube.com/watch?v=LqmyllRRQh0,163,34,201,https://www.youtube.com/watch?v=LqmyllRRQh0,0,0,0,,722,428,300,1157,https://www.twitch.tv/videos/2748912738
54b0131ceb734643b23b1eefee31cca0,3510,263866,247,49,247,https://www.youtube.com/watch?v=LO-Hhil1hj4,0,0,0,,247,49,247,https://www.youtube.com/watch?v=LO-Hhil1hj4,747,0,0,0,
07b9e0f7118446be96cc2d12f5d8ad02,3500,132378,0,0,0,,0,0,0,,0,0,0,,12219,589,393,589,https://www.twitch.tv/videos/2745349228
edf9e466820347828b0d2d10e5e9bb72,3500,230315,35,24,1440,https://www.youtube.com/watch?v=6hjmFo6UMdg,35,24,65,https://www.youtube.com/watch?v=swhM18bwAAg,176,76,1440,https://www.youtube.com/watch?v=6hjmFo6UMdg,485,0,0,0,
f45249f9d8094f9d85f6d02aec4af029,3490,772926,242,110,1489,https://www.youtube.com/watch?v=CKPciEaMGUQ,181,105,242,https://www.youtube.com/watch?v=LCE0k3KnJBs,1489,983,1489,https://www.youtube.com/watch?v=CKPciEaMGUQ,0,0,0,0,
8c25e14dcc3a4f71895d58924c69dc0a,3480,182020,0,0,0,,0,0,0,,0,0,0,,0,0,0,0,
de362d2d371446d898953e74e27abd2a,3480,387725,234,51,2508,https://www.youtube.com/watch?v=f_iY5_sRV0o,211,38,738,https://www.youtube.com/watch?v=thWy9qbOdV4,258,224,2508,https://www.youtube.com/watch?v=f_iY5_sRV0o,0,0,0,0,
4c34c44a98974b709f7dbc7618847fd6,3480,261807,651,224,1265,https://www.youtube.com/watch?v=tLxE71NIeIs,0,0,0,,651,224,1265,https://www.youtube.com/watch?v=tLxE71NIeIs,11564,1075,532,1447,https://www.twitch.tv/videos/2731318743
01ba034aab854ec680fe6f1ddc7008e2,3470,164907,97,44,126,https://www.youtube.com/watch?v=aoGEVN0wkn0,97,44,126,https://www.youtube.com/watch?v=aoGEVN0wkn0,0,0,0,,0,0,0,0,
a60e76fb18f44818980d7d5b07cf82c9,3470,157960,912,406,2037,https://www.youtube.com/watch?v=NkZfxia08WQ,715,270,1241,https://www.youtube.com/watch?v=fPXGAVq3n14,1358,480,2037,https://www.youtube.com/watch?v=NkZfxia08WQ,457,758,578,1555,https://www.twitch.tv/videos/2748678908
7bf1f37dccbe4c72860c81a2772b91e1,3430,1550593,21,13,118,https://www.youtube.com/watch?v=MCXTOppNvhI,18,13,118,https://www.youtube.com/watch?v=MCXTOppNvhI,55,24,87,https://www.youtube.com/watch?v=aRZEa8s_p5I,66,0,0,0,
4d347ba9ca0c41c59cda553ebe4af5b1,3430,137504,79,44,91,https://www.youtube.com/watch?v=Y--Uk-AbcZA,79,44,91,https://www.youtube.com/watch?v=Y--Uk-AbcZA,0,0,0,,1243,0,0,0,
7748d3ab76f34e06abb9d116bb432de2,3420,62358,0,0,0,,0,0,0,,0,0,0,,1650,0,0,0,
4d01ec47d0804a47a9fef6d9d01d9c29,3390,88587,0,0,0,,0,0,0,,0,0,0,,2171,146,108,252,https://www.twitch.tv/videos/2749510669
9379ed7f979440218e22b8db58dd0dd1,3390,206950,334,118,424,https://www.youtube.com/watch?v=zL0mBIm5bx4,334,118,424,https://www.youtube.com/watch?v=zL0mBIm5bx4,0,0,0,,571,0,0,0,
9881cf3008684e55aea70a2499e84163,3390,391294,282,126,28391,https://www.youtube.com/watch?v=JNJk16xK5GE,225,90,599,https://www.youtube.com/watch?v=3BHPcx4IYFY,1134,691,28391,https://www.youtube.com/watch?v=JNJk16xK5GE,164,0,0,0,
70a7428607b845fc959fb7d4859d018b,3380,343657,0,0,0,,0,0,0,,0,0,0,,18637,0,0,0,
4f5a88e0193a4c948f7e84c56303db82,3380,90002,143,67,246,https://www.youtube.com/watch?v=AkeahhQYrnA,143,67,246,https://www.youtube.com/watch?v=AkeahhQYrnA,0,0,0,,0,0,0,0,
46145dc9eaab4a84898468905a4759b0,3370,76268,61,35,99,https://www.youtube.com/watch?v=YgGXH5W7NXs,0,0,0,,61,35,99,https://www.youtube.com/watch?v=YgGXH5W7NXs,0,0,0,0,
8e249f04f6cb48bda24f1513a472f4d8,3360,269193,0,0,0,,0,0,0,,0,0,0,,0,0,0,0,
2ceecb98e47845eab5e3d8d33bd53895,3360,103482,146,90,200,https://www.youtube.com/watch?v=-7gJHuCWkAE,146,90,200,https://www.youtube.com/watch?v=-7gJHuCWkAE,0,0,0,,0,0,0,0,
9ad37d3249e24861bc8cb84368883258,3350,206491,96,30,3770,https://www.youtube.com/watch?v=ATAkX38BMYA,91,28,184,https://www.youtube.com/watch?v=Lkp75_TtwCg,872,84,3770,https://www.youtube.com/watch?v=ATAkX38BMYA,0,0,0,0,
53d808d5b57f452a96d67861f3da1f8c,3350,121473,615,302,5496,https://www.youtube.com/watch?v=xxrwamvea2I,567,217,2720,https://www.youtube.com/watch?v=HQK7FkEMuQI,1802,529,5496,https://www.youtube.com/watch?v=xxrwamvea2I,222,0,0,0,
c7a3d726bb4243cabb70dfd1e9545cd0,3340,160300,106,36,200,https://www.youtube.com/watch?v=P-QV7BLm8GQ,106,36,200,https://www.youtube.com/watch?v=P-QV7BLm8GQ,0,0,0,,0,0,0,0,
0e8150c7419f4c1d94d8ccfb41a04280,3340,327489,0,0,0,,0,0,0,,0,0,0,,0,0,0,0,
c485c46db92a4cda909347804da07153,3330,79338,78,44,116,https://www.youtube.com/watch?v=AdfxuJl3Vxw,78,44,116,https://www.youtube.com/watch?v=AdfxuJl3Vxw,0,0,0,,378,112,80,135,https://www.twitch.tv/videos/2746949244
8125f51f9526408790a77c1c7b4a053b,3320,101249,93,24,161,https://www.youtube.com/watch?v=bwQ01n8wZr8,0,0,0,,93,24,161,https://www.youtube.com/watch?v=bwQ01n8wZr8,3273,0,0,0,
dd0401d23f5444c69b9d10db3b22d444,3320,131686,148,58,1781,https://www.youtube.com/watch?v=Xmg8dkXs-Do,145,57,204,https://www.youtube.com/watch?v=5BH0EtxYEwc,1781,1548,1781,https://www.youtube.com/watch?v=Xmg8dkXs-Do,24,0,0,0,
288f2fba52bf4d6b9e0ba66e03439837,3300,52512,0,0,0,,0,0,0,,0,0,0,,2333,0,0,0,
de7f8ba1753d4e4cb95e6ac99007eacc,3290,91833,265,132,1455,https://www.youtube.com/watch?v=_H2gJHkLTik,236,132,483,https://www.youtube.com/watch?v=zfMHfdEwQqk,735,146,1455,https://www.youtube.com/watch?v=_H2gJHkLTik,0,0,0,0,
cb5ff5f1898a45b1bc27a32057a1fa91,3260,71821,0,0,0,,0,0,0,,0,0,0,,2178,0,0,0,
0ac7e05c8a3842e7bd1401652ce2bf4f,3250,131286,83,37,220,https://www.youtube.com/watch?v=117ZWUtSA5g,83,37,220,https://www.youtube.com/watch?v=117ZWUtSA5g,0,0,0,,0,0,0,0,
f5a683eeac6b4936b44d547c1e4edbc2,3250,62650,150,87,289,https://www.youtube.com/watch?v=vgbLvVuDqdY,147,111,289,https://www.youtube.com/watch?v=vgbLvVuDqdY,190,87,190,https://www.youtube.com/watch?v=L5W9mJFbi1M,116,39,36,47,https://www.twitch.tv/videos/2752556545
0f9d996c066a406dbe04161776c17461,3240,176657,135,118,514,https://www.youtube.com/watch?v=aJ6MfNFhinw,128,107,333,https://www.youtube.com/watch?v=ziW1UmTwtBw,481,161,514,https://www.youtube.com/watch?v=aJ6MfNFhinw,0,0,0,0,
5bbfc7c1b6584cef8c75f2f9044387d2,3230,291682,96,63,1075,https://www.youtube.com/watch?v=X5_mKcY1CLo,92,61,226,https://www.youtube.com/watch?v=uHWQBpr0vAA,984,389,1075,https://www.youtube.com/watch?v=X5_mKcY1CLo,0,0,0,0,
e810dcd23c334fd184d254718517764e,3230,212834,53,28,93,https://www.youtube.com/watch?v=G1lRMrilAPA,53,28,93,https://www.youtube.com/watch?v=G1lRMrilAPA,0,0,0,,0,0,0,0,
30f59fd702d5417c9225bc729bf7ec32,3220,266111,214,55,342,https://www.youtube.com/watch?v=ODgLpdGdqiI,222,52,342,https://www.youtube.com/watch?v=ODgLpdGdqiI,207,65,207,https://www.youtube.com/watch?v=4b3Na3opVc0,0,0,0,0,
5b85294949544a5f8855715acadf66a5,3200,109378,161,97,1889,https://www.youtube.com/watch?v=w9guRCBqK-Y,136,71,472,https://www.youtube.com/watch?v=YeaXgUdnAvs,1889,317,1889,https://www.youtube.com/watch?v=w9guRCBqK-Y,1933,296,285,466,https://www.twitch.tv/videos/2752632808
8282a91b3aae44d3a075d08507665f4e,3200,58769,52,46,56,https://www.youtube.com/watch?v=1euzCMDFIbc,52,46,56,https://www.youtube.com/watch?v=1euzCMDFIbc,0,0,0,,0,0,0,0,
96be1e561acd4a75817c6424d9d4f9f0,3200,135691,0,0,0,,0,0,0,,0,0,0,,4177,249,235,331,https://www.twitch.tv/videos/2752650659
886f64b4a0504b9fbe5e4687b92f6584,3190,181847,87,34,15310,https://www.youtube.com/watch?v=BvtV8x5cbK8,214,122,440,https://www.youtube.com/watch?v=N4fLzrvOBhQ,35,27,15310,https://www.youtube.com/watch?v=BvtV8x5cbK8,151,44,37,91,https://www.twitch.tv/videos/2751719753
8a86c4d0f4ce462a92c6bf09c027e432,3190,2896592,0,0,0,,0,0,0,,0,0,0,,161,0,0,0,
dba1db65ba874e18a33d8465d52d8f2e,3180,112161,71,21,81,https://www.youtube.com/watch?v=R1SKcGQA6x8,71,21,81,https://www.youtube.com/watch?v=R1SKcGQA6x8,0,0,0,,0,0,0,0,
63f727e673b9460abd6f7079bcbb1865,3170,204891,215,45,697,https://www.youtube.com/watch?v=5OydB64C280,215,54,574,https://www.youtube.com/watch?v=q3RyCjrd7Ok,244,30,697,https://www.youtube.com/watch?v=5OydB64C280,0,0,0,0,
bcbf00e1e98b4d5e8af20f29adbb0645,3170,200291,56,31,77,https://www.youtube.com/watch?v=YslKqJD_8ys,56,31,77,https://www.youtube.com/watch?v=YslKqJD_8ys,0,0,0,,0,0,0,0,
1140618a96154395909d53257bffe0e6,3170,150860,103,45,199,https://www.youtube.com/watch?v=BcUMSafOYIc,103,45,199,https://www.youtube.com/watch?v=BcUMSafOYIc,0,0,0,,254,308,266,513,https://www.twitch.tv/videos/2750092903
74ef34317983453ab86223490eba4f6e,3160,110096,447,144,611,https://www.youtube.com/watch?v=g63FkD5dn7I,447,144,611,https://www.youtube.com/watch?v=g63FkD5dn7I,0,0,0,,167,0,0,0,
bddcd7d262a2434f9b6d77150fbbc72c,3160,44154,0,0,0,,0,0,0,,0,0,0,,0,0,0,0,
eb159df5d55b4730ab2955c5e2638e3f,3160,103832,0,0,0,,0,0,0,,0,0,0,,0,0,0,0,
38391974f5af4fbbb6224e3d6f2f7fb3,3160,191761,0,0,0,,0,0,0,,0,0,0,,6386,346,265,433,https://www.twitch.tv/videos/2750143325
a55a6a4b6453413cb8b1dc69423b67d5,3160,387481,287,176,2322,https://www.youtube.com/watch?v=SGA5JfSmYF0,259,121,1471,https://www.youtube.com/watch?v=qXHIZybRWFo,1860,234,2322,https://www.youtube.com/watch?v=SGA5JfSmYF0,0,0,0,0,
72edc688855047cbbbe495e3f2af9fda,3140,120881,231,127,2756,https://www.youtube.com/watch?v=ikVlqBhpQFs,146,100,277,https://www.youtube.com/watch?v=AYGMhI5AVs0,1558,1052,2756,https://www.youtube.com/watch?v=ikVlqBhpQFs,0,0,0,0,
63f45366143549d8a2d26406445e0077,3140,150781,0,0,0,,0,0,0,,0,0,0,,0,0,0,0,
3430201d0e1f4672a58faf16ee0f2761,3140,107279,216,60,218,https://www.youtube.com/watch?v=754CLpbrrIw,216,60,218,https://www.youtube.com/watch?v=754CLpbrrIw,0,0,0,,1356,81,62,116,https://www.twitch.tv/videos/2747856543
7c6d1a181c90471887696ff9637aed03,3140,145224,235,45,235,https://www.youtube.com/watch?v=8EuyS8njD7o,235,45,235,https://www.youtube.com/watch?v=8EuyS8njD7o,0,0,0,,0,0,0,0,
1756e5a7f5a04ff6a7b5f482201b5cfc,3130,71262,0,0,0,,0,0,0,,0,0,0,,24590,3889,1376,8578,https://www.twitch.tv/videos/2738480305
f466201465ac40ef9f3aefc9b08a39d1,3120,210954,388,178,1309,https://www.youtube.com/watch?v=fhC6CZaS6x8,386,166,660,https://www.youtube.com/watch?v=PxS6jkcCU-Y,1309,602,1309,https://www.youtube.com/watch?v=fhC6CZaS6x8,2271,941,432,1424,https://www.twitch.tv/videos/2743436206
f9444f6d790344a4a51a301110665229,3120,144861,97,47,164,https://www.youtube.com/watch?v=2y1bp7l9WjI,97,47,164,https://www.youtube.com/watch?v=2y1bp7l9WjI,0,0,0,,0,0,0,0,
d2f9e9b19102408bbef636a6458934e6,3110,541483,400,244,814,https://www.youtube.com/watch?v=2YorOgvwKa8,400,244,814,https://www.youtube.com/watch?v=2YorOgvwKa8,0,0,0,,173,0,0,0,
7e8fe40622974698a75d14d78006e009,3100,200075,1517,522,2632,https://www.youtube.com/watch?v=c-ZPPvK3yaE,231,117,262,https://www.youtube.com/watch?v=45xEDqdCRk0,2195,1240,2632,https://www.youtube.com/watch?v=c-ZPPvK3yaE,2286,443,312,606,https://www.twitch.tv/videos/2752464635
5da1b6db7796434f9180d2f5e210ea6c,3100,212266,115,69,2539,https://www.youtube.com/watch?v=3LSTfYKHjF4,77,63,2539,https://www.youtube.com/watch?v=3LSTfYKHjF4,231,139,970,https://www.youtube.com/watch?v=miyiUdxXlb8,0,0,0,0,
9af612c3f872434cad1ba2e5dcbfaec8,3100,1124339,182,79,2178,https://www.youtube.com/watch?v=BJnuS0vfp28,182,79,2178,https://www.youtube.com/watch?v=BJnuS0vfp28,0,0,0,,0,0,0,0,
b3f711673fea4ec5b6f87c023353594d,3100,215625,127,18,358,https://www.youtube.com/watch?v=6amZ6BSdktY,127,18,358,https://www.youtube.com/watch?v=6amZ6BSdktY,0,0,0,,0,0,0,0,
ea62d2e6bc854e7a81b01a2362be310f,3090,201349,0,0,0,,0,0,0,,0,0,0,,337,0,0,0,
67ba07d1ace445328c13bfb9d612d564,3090,107431,283,197,1688,https://www.youtube.com/watch?v=dzEVZYmN2Xk,281,183,1688,https://www.youtube.com/watch?v=dzEVZYmN2Xk,1050,528,1359,https://www.youtube.com/watch?v=5BFQcf46Y-s,0,0,0,0,
da189f9d282e4c31a4a8024d11fe368d,3090,133540,119,71,429,https://www.youtube.com/watch?v=GHQJfZ3LrFA,114,52,180,https://www.youtube.com/watch?v=nLSHJUuT0VY,429,79,429,https://www.youtube.com/watch?v=GHQJfZ3LrFA,0,0,0,0,
c28d59f83d9345de91d208cf7732bac5,3080,89959,0,0,0,,0,0,0,,0,0,0,,0,0,0,0,
06e9953eb191486d979e6b92b6601d9a,3050,1163612,0,0,0,,0,0,0,,0,0,0,,2238,0,0,0,
3d23ff5303d54cc58e5a69aa53b1db50,3040,367766,171,89,2012,https://www.youtube.com/watch?v=6M64C2md79Q,171,89,2012,https://www.youtube.com/watch?v=6M64C2md79Q,0,0,0,,0,0,0,0,
73675987096b486287784fc466b881be,3000,97294,287,153,2288,https://www.youtube.com/watch?v=C38DV1Mpot4,220,112,573,https://www.youtube.com/watch?v=BIsdr7WFHAU,1743,951,2288,https://www.youtube.com/watch?v=C38DV1Mpot4,0,0,0,0,
9643c650b1804107b85de1f08010aa9d,2990,312683,308,94,552,https://www.youtube.com/watch?v=WxEwPw2to9k,330,109,552,https://www.youtube.com/watch?v=WxEwPw2to9k,182,61,182,https://www.youtube.com/watch?v=_dUnCCzLlP4,768,214,172,366,https://www.twitch.tv/videos/2745416581
89036aadc62d496aa73c0a0076d67f41,2980,103017,36,21,86,https://www.youtube.com/watch?v=_G-FWYEoW7s,36,21,86,https://www.youtube.com/watch?v=_G-FWYEoW7s,0,0,0,,2971,204,160,322,https://www.twitch.tv/videos/2744508191
99d1a2e0c8c047d2ad998e02d4dd9621,2960,103764,0,0,0,,0,0,0,,0,0,0,,0,0,0,0,
cbba76fd34d74307a9f826e03b8e4db5,2940,119536,316,204,1319,https://www.youtube.com/watch?v=Ec4WtC01oe4,316,204,641,https://www.youtube.com/watch?v=S2i3mnV6SEM,525,225,1319,https://www.youtube.com/watch?v=Ec4WtC01oe4,371,95,57,187,https://www.twitch.tv/videos/2749678699
f3085e3337f34b178380b52e3ca429af,2930,139826,297,220,441,https://www.youtube.com/watch?v=34mnmKlOyYc,297,220,441,https://www.youtube.com/watch?v=34mnmKlOyYc,0,0,0,,991,0,0,0,
6443d56896a848dd820e339b5f81e292,2930,93962,0,0,0,,0,0,0,,0,0,0,,4544,433,261,873,https://www.twitch.tv/videos/2744539008
3ffbac2f7ae8478ca7b33d400d6e657e,2930,33688,0,0,0,,0,0,0,,0,0,0,,0,0,0,0,
20b40bdf50604e2198a3c964dd86d31c,2930,45114,0,0,0,,0,0,0,,0,0,0,,488,0,0,0,
b1bfaed0ed7f4ca9ae96c017159efe77,2920,310877,73,28,444,https://www.youtube.com/watch?v=JqqqvE2WdeY,68,26,444,https://www.youtube.com/watch?v=JqqqvE2WdeY,261,129,345,https://www.youtube.com/watch?v=uPmOErGM_Dc,113,0,0,0,
9c64ee54cc094bf7931398eaf0c072d6,2920,192866,0,0,0,,0,0,0,,0,0,0,,2268,398,299,452,https://www.twitch.tv/videos/2751046443
4e4721deba7c4681b1172714a29e6f19,2920,227184,4109,1191,8705,https://www.youtube.com/watch?v=4By1QW-e_l4,0,0,0,,4109,1191,8705,https://www.youtube.com/watch?v=4By1QW-e_l4,0,0,0,0,
451ce18d28ff493e8238df85858dfb02,2920,257450,3143,2192,7431,https://www.youtube.com/watch?v=7TZMkOh38Do,0,0,0,,3143,2192,7431,https://www.youtube.com/watch?v=7TZMkOh38Do,2145,329,195,337,https://www.twitch.tv/videos/2742092653
1901cef25e9940e7b3da42d3c189cada,2910,64696,0,0,0,,0,0,0,,0,0,0,,0,0,0,0,
fd81a8861669442ca49c50bc4cfd4b5e,2900,180805,190,72,239,https://www.youtube.com/watch?v=9OKNZjdbhxU,190,72,239,https://www.youtube.com/watch?v=9OKNZjdbhxU,0,0,0,,0,0,0,0,
4f917f1ccdd74d34a3746c379282b6fe,2890,243620,137,99,1541,https://www.youtube.com/watch?v=LfPRmtTbafI,0,0,0,,137,99,1541,https://www.youtube.com/watch?v=LfPRmtTbafI,2002,231,194,690,https://www.twitch.tv/videos/2752573858
7da08de1840847b99c6fe9a44a1ca0ac,2890,71721,0,0,0,,0,0,0,,0,0,0,,0,0,0,0,
d539588cfa344f67965bb1dea41b9140,2880,240558,244,89,2900,https://www.youtube.com/watch?v=kD8zyGXFrLE,234,78,534,https://www.youtube.com/watch?v=VNaV9U-fkRs,1819,1325,2900,https://www.youtube.com/watch?v=kD8zyGXFrLE,0,0,0,0,
4e48e10b3c2f439c934b1db25679b972,2880,312547,591,337,906,https://www.youtube.com/watch?v=3f6OjR0-n1E,591,337,906,https://www.youtube.com/watch?v=3f6OjR0-n1E,0,0,0,,0,0,0,0,
6417469030e943748dfdba4ee26a08e4,2860,0,0,0,0,,0,0,0,,0,0,0,,1088,0,0,0,
677ae7ec361d4d3c9981bca8fbb974c8,2860,82790,314,59,314,https://www.youtube.com/watch?v=gtkdBO3HN8Y,314,59,314,https://www.youtube.com/watch?v=gtkdBO3HN8Y,0,0,0,,389,0,0,0,
f94ba8ea1a5441c4852d53e8f528ee20,2850,212765,396,142,3637,https://www.youtube.com/watch?v=STLIgVsRrmA,390,136,647,https://www.youtube.com/watch?v=RQwyxCedEfY,3637,3247,3637,https://www.youtube.com/watch?v=STLIgVsRrmA,582,0,0,0,
91919c2ad07a4db88e0b4cfbc1739940,2840,23231,0,0,0,,0,0,0,,0,0,0,,2639,438,337,3723,https://www.twitch.tv/videos/2750251745
b79ac08a857c4553921c04c3b14b89ea,2830,191039,238,131,406,https://www.youtube.com/watch?v=aK0hfR0jqoI,0,0,0,,238,131,406,https://www.youtube.com/watch?v=aK0hfR0jqoI,500,0,0,0,
60ff50e95399472b96a6fbe83d75e806,2830,127675,362,119,2174,https://www.youtube.com/watch?v=Gppvwr3v9rA,350,110,615,https://www.youtube.com/watch?v=DSNPHWHZw-Q,364,291,2174,https://www.youtube.com/watch?v=Gppvwr3v9rA,396,477,339,892,https://www.twitch.tv/videos/2747094969
11dd1f817a6b4c80a066aedd8e0fa419,2830,86402,0,0,0,,0,0,0,,0,0,0,,0,0,0,0,
8402646577b24bd5918bda8690e790b4,2820,350704,55,3,55,https://www.youtube.com/watch?v=AXKTNDbQoCw,0,0,0,,55,3,55,https://www.youtube.com/watch?v=AXKTNDbQoCw,1830,339,229,554,https://www.twitch.tv/videos/2751764153
b606cde735d84b45ab96489d7a9997dd,2820,182766,68,25,182,https://www.youtube.com/watch?v=Q5bf1VG1Ktc,68,25,182,https://www.youtube.com/watch?v=Q5bf1VG1Ktc,0,0,0,,224,0,0,0,
cd4c94db2aed435794cc7e55999016e7,2820,120087,68,41,927,https://www.youtube.com/watch?v=yAlZo2oYkTU,67,43,69,https://www.youtube.com/watch?v=rO7HklqdySk,927,32,927,https://www.youtube.com/watch?v=yAlZo2oYkTU,346,37,25,80,https://www.twitch.tv/videos/2748531153
275aaf8046a144198dee96d20bce8b1a,2810,67028,287,140,383,https://www.youtube.com/watch?v=MiN13BPQwlo,287,140,383,https://www.youtube.com/watch?v=MiN13BPQwlo,0,0,0,,0,0,0,0,
70f1d3ae590e4f2184f695fd2140010c,2800,693238,0,0,0,,0,0,0,,0,0,0,,0,0,0,0,
32a08f858ffb4d6aba0624647cf8cf2d,2800,117075,90,49,1342,https://www.youtube.com/watch?v=3DTyTRRnAMQ,88,46,336,https://www.youtube.com/watch?v=5BAp_eI9PGU,738,156,1342,https://www.youtube.com/watch?v=3DTyTRRnAMQ,0,0,0,0,
118c05e7f751446abee5fc827fda0215,2800,831808,76,38,587,https://www.youtube.com/watch?v=ztCY0qikJxM,76,38,587,https://www.youtube.com/watch?v=ztCY0qikJxM,0,0,0,,0,0,0,0,
76165d25983b463eaa1da66c86a32b7c,2790,38771,0,0,0,,0,0,0,,0,0,0,,758,15,9,140,https://www.twitch.tv/videos/2751083986
d9205a7681c74bacae6e0c413aff1ab1,2790,83813,0,0,0,,0,0,0,,0,0,0,,0,0,0,0,
339b4a73ce92470c97b1626405d5eb5b,2790,90260,0,0,0,,0,0,0,,0,0,0,,424,0,0,0,
44f1d1ad14034bd3949ad6f84624f0e4,2790,222293,109,47,1542,https://www.youtube.com/watch?v=4AKWKYydT_c,63,32,443,https://www.youtube.com/watch?v=5d8MqLywL1U,761,220,1542,https://www.youtube.com/watch?v=4AKWKYydT_c,2704,1161,1001,1812,https://www.twitch.tv/videos/2750186709
d210d8dfc0ec4a97907b9cebb5413ae3,2780,117047,0,0,0,,0,0,0,,0,0,0,,0,0,0,0,
bbd618a3874d4ae2ba5af36a23bc1914,2780,68847,0,0,0,,0,0,0,,0,0,0,,13307,2094,1483,5590,https://www.twitch.tv/videos/2737859040
15b52ca3f3b5410cb2bb305d2bb737c4,2780,190649,40,26,1919,https://www.youtube.com/watch?v=fNE8SfTZV9s,29,14,45,https://www.youtube.com/watch?v=1WDhzAZEvbA,1460,327,1919,https://www.youtube.com/watch?v=fNE8SfTZV9s,1190,231,223,278,https://www.twitch.tv/videos/2751856101
40aa59fe29c64def89ab5fdce90b89ae,2780,1924182,52,21,93,https://www.youtube.com/watch?v=5yGQqYjncFY,49,18,93,https://www.youtube.com/watch?v=5yGQqYjncFY,58,22,68,https://www.youtube.com/watch?v=6HySqlf6RXA,0,0,0,0,
2875db54b5d74d01b301d63d36dd6fbf,2780,64802,124,20,133,https://www.youtube.com/watch?v=gytNz-2UVsU,124,20,133,https://www.youtube.com/watch?v=gytNz-2UVsU,0,0,0,,0,0,0,0,
e9c48535f2af4f638e5a4c54ffa7862c,2770,148381,31,9,34,https://www.youtube.com/watch?v=WzDfhDn0T7Q,31,9,34,https://www.youtube.com/watch?v=WzDfhDn0T7Q,0,0,0,,0,0,0,0,
accb26f2db2746e898b68ab07dd3c5bc,2760,180543,76,27,130,https://www.youtube.com/watch?v=xsJVFS9Sbfw,76,27,130,https://www.youtube.com/watch?v=xsJVFS9Sbfw,0,0,0,,856,38,26,63,https://www.twitch.tv/videos/2751789539
d55860f26114410c97af27ba1269e3ed,2750,143770,178,108,306,https://www.youtube.com/watch?v=fkWWb-OYq_4,178,108,306,https://www.youtube.com/watch?v=fkWWb-OYq_4,0,0,0,,1561,242,186,331,https://www.twitch.tv/videos/2751769971
445a732fc0f64712b3213b4cd98fbdd3,2740,79690,214,132,2098,https://www.youtube.com/watch?v=vWmwNGOuvgA,200,126,2098,https://www.youtube.com/watch?v=vWmwNGOuvgA,1084,551,1108,https://www.youtube.com/watch?v=NCWJofjLMAY,775,293,243,617,https://www.twitch.tv/videos/2747110887
2463286fd3154219afa631c73d178147,2740,351544,180,64,569,https://www.youtube.com/watch?v=F0yHAtFTDs0,193,65,569,https://www.youtube.com/watch?v=F0yHAtFTDs0,104,34,104,https://www.youtube.com/watch?v=OV7eZw6Iprc,0,0,0,0,
d2b1ba87da034210bbe54bfa1c01bc41,2730,60367,72,29,72,https://www.youtube.com/watch?v=Z9eaDTcjPX4,0,0,0,,72,29,72,https://www.youtube.com/watch?v=Z9eaDTcjPX4,8778,193,75,236,https://www.twitch.tv/videos/2732742476
c377cbfa47984f0ba9242b1f6e3dfc75,2720,25748,0,0,0,,0,0,0,,0,0,0,,2716,62,6,62,https://www.twitch.tv/videos/2731295428
fc90561b03104438b6e8f657a28574ce,2720,121139,250,208,610,https://www.youtube.com/watch?v=XvCyUC3t8pc,351,213,610,https://www.youtube.com/watch?v=XvCyUC3t8pc,228,114,228,https://www.youtube.com/watch?v=PRzZWyF3e2k,0,0,0,0,
652d06b0251940bea32cd69dec3057e6,2720,1447,126,73,126,https://www.youtube.com/watch?v=7AxDv1VPW28,126,73,126,https://www.youtube.com/watch?v=7AxDv1VPW28,0,0,0,,411,0,0,0,
2f607aefde1d4264814d4e9282dd5cb0,2710,136037,132,102,1712,https://www.youtube.com/watch?v=FzBc4aOKtxM,129,100,139,https://www.youtube.com/watch?v=K5rSRxMnjYs,1712,507,1712,https://www.youtube.com/watch?v=FzBc4aOKtxM,263,0,0,0,
aa9fa329d639488dbb860b8f8b3235f8,2710,148282,1166,888,1639,https://www.youtube.com/watch?v=f1jh43K3GTQ,1166,888,1639,https://www.youtube.com/watch?v=f1jh43K3GTQ,0,0,0,,4530,1703,981,2049,https://www.twitch.tv/videos/2750322103
965bb7d47d0243839535d38bc1bc66cc,2700,62071,0,0,0,,0,0,0,,0,0,0,,0,0,0,0,
0a20931c68dc49c8bd08eda1486193d8,2700,67933,0,0,0,,0,0,0,,0,0,0,,1422,0,0,0,
7b40a7a144da4408b8de712c740e60dc,2690,131191,115,55,2266,https://www.youtube.com/watch?v=i5Gx4lltrTw,0,0,0,,115,55,2266,https://www.youtube.com/watch?v=i5Gx4lltrTw,0,0,0,0,
662341d52a8e413d8fe661c8da9470f0,2680,42872,0,0,0,,0,0,0,,0,0,0,,0,0,0,0,
c2f77009b4264e3fa09aa054c89bb40c,2680,86842,144,70,184,https://www.youtube.com/watch?v=enV0xKmBrGI,144,70,184,https://www.youtube.com/watch?v=enV0xKmBrGI,0,0,0,,127,0,0,0,
1fdc000815cc476dbc9d19aa431305b5,2670,72875,84,68,405,https://www.youtube.com/watch?v=_BsJvYQC0pM,84,68,405,https://www.youtube.com/watch?v=_BsJvYQC0pM,0,0,0,,0,0,0,0,
e4bea3dcc8934426a57516d4d6b373f4,2670,131827,601,460,601,https://www.youtube.com/watch?v=mP5ZsAsitfA,0,0,0,,601,460,601,https://www.youtube.com/watch?v=mP5ZsAsitfA,5733,532,280,1819,https://www.twitch.tv/videos/2747539801
75e0561f549f4775b90601a9d308340a,2670,67602,59,34,81,https://www.youtube.com/watch?v=Wf_ucje-eQ8,59,34,81,https://www.youtube.com/watch?v=Wf_ucje-eQ8,0,0,0,,0,0,0,0,
4bbc9414c3184dfa9aeab5fcdfd87089,2670,4346,0,0,0,,0,0,0,,0,0,0,,0,0,0,0,
fe5e2d95569c47f29e863a8212ed7c60,2670,82357,0,0,0,,0,0,0,,0,0,0,,4661,3519,2589,5258,https://www.twitch.tv/videos/2745573249
b256a399ae7a49e18208455d29c2eb12,2660,410429,40,24,105,https://www.youtube.com/watch?v=Py1WDafqxS4,40,24,105,https://www.youtube.com/watch?v=Py1WDafqxS4,0,0,0,,1216,67,42,99,https://www.twitch.tv/videos/2745136166
4dd71b1079284bdb8ba90198317e524d,2660,163764,312,81,352,https://www.youtube.com/watch?v=GhfDPTKoN8M,312,81,352,https://www.youtube.com/watch?v=GhfDPTKoN8M,0,0,0,,0,0,0,0,
62f37fa0a2f44083945f03db36e50dff,2650,52444,168,75,1848,https://www.youtube.com/watch?v=o1I_95Vmb2Q,168,75,1848,https://www.youtube.com/watch?v=o1I_95Vmb2Q,0,0,0,,0,0,0,0,
0bef54320f364c5a9289fceac64c5411,2640,78629,32,1,32,https://www.youtube.com/watch?v=Hv9JJCrWojU,0,0,0,,32,1,32,https://www.youtube.com/watch?v=Hv9JJCrWojU,154,15,13,21,https://www.twitch.tv/videos/2746230665
9f7bf6b3d935460e83896a0fe28012e9,2640,105692,988,789,3084,https://www.youtube.com/watch?v=_7C7zS82r7U,123,37,150,https://www.youtube.com/watch?v=VoDop_H-XpM,1543,934,3084,https://www.youtube.com/watch?v=_7C7zS82r7U,1680,334,214,444,https://www.twitch.tv/videos/2752592668
4a64836a88024358a7401530fed8e0f8,2640,350674,77,16,143,https://www.youtube.com/watch?v=cKiOjC8ilKo,77,16,143,https://www.youtube.com/watch?v=cKiOjC8ilKo,0,0,0,,6173,462,87,711,https://www.twitch.tv/videos/2735491221
6c4992a47ccc4c3bb997d3c49ddc2ec8,2630,69662,0,0,0,,0,0,0,,0,0,0,,760,49,32,49,https://www.twitch.tv/videos/2745417422
a577528125314beab91d127043218bb2,2630,118969,0,0,0,,0,0,0,,0,0,0,,0,0,0,0,
85ec3eac9fef49dcb3aeee87520a5b85,2620,111572,219,87,1545,https://www.youtube.com/watch?v=Y-jjcbxQwuo,236,110,442,https://www.youtube.com/watch?v=tCug833EKj8,144,30,1545,https://www.youtube.com/watch?v=Y-jjcbxQwuo,0,0,0,0,
6b43c568bdf044e4a4ae0bae0cb9fff2,2600,57541,627,458,17952,https://www.youtube.com/watch?v=pYMAG1AKMkw,449,193,482,https://www.youtube.com/watch?v=jIc53XOwB4c,743,641,17952,https://www.youtube.com/watch?v=pYMAG1AKMkw,0,0,0,0,
f4da0eee989545d2ade906b022a50e8c,2600,192855,39,18,42,https://www.youtube.com/watch?v=0ZYNlOJt3eA,39,18,42,https://www.youtube.com/watch?v=0ZYNlOJt3eA,0,0,0,,3882,362,299,748,https://www.twitch.tv/videos/2745286469
d95e3d9eed1a4e87a736a882a1fb9288,2600,244041,121,43,354,https://www.youtube.com/watch?v=oI0d7XrwzFs,121,43,354,https://www.youtube.com/watch?v=oI0d7XrwzFs,0,0,0,,76,0,0,0,
407d2bd02ef04b9ea28e5189383942be,2590,119768,79,48,288,https://www.youtube.com/watch?v=2wd8-5X2fDY,79,48,288,https://www.youtube.com/watch?v=2wd8-5X2fDY,0,0,0,,430,198,141,829,https://www.twitch.tv/videos/2745757483
60234dcffd2b42f097a78aaf121d410f,2590,61629,96,85,96,https://www.youtube.com/watch?v=k-4u8h5hW2g,96,85,96,https://www.youtube.com/watch?v=k-4u8h5hW2g,0,0,0,,220,0,0,0,
0a178f2c7b994a4ea8eb845ebd489a5a,2590,144275,79,41,2395,https://www.youtube.com/watch?v=MnI6iva-WWc,77,40,117,https://www.youtube.com/watch?v=OMTaUG3Fdjw,2395,2088,2395,https://www.youtube.com/watch?v=MnI6iva-WWc,204,0,0,0,
bac6a676ace94e759d9faaaed94ce1b1,2590,128623,183,80,304,https://www.youtube.com/watch?v=2FahbMofp4E,154,95,304,https://www.youtube.com/watch?v=2FahbMofp4E,183,80,183,https://www.youtube.com/watch?v=VCowNtHLEtM,0,0,0,0,
d576c2396a004f3c8dd91baf14254898,2580,83160,31,13,94,https://www.youtube.com/watch?v=42zHkspKzJQ,31,13,94,https://www.youtube.com/watch?v=42zHkspKzJQ,0,0,0,,2856,136,86,153,https://www.twitch.tv/videos/2750197869
b8c13d7702844995a0b4a66eda4d31bc,2580,94527,5,1,14,https://www.youtube.com/watch?v=imyd7G2Q-Dg,0,0,0,,5,1,14,https://www.youtube.com/watch?v=imyd7G2Q-Dg,1532,192,128,262,https://www.twitch.tv/videos/2748587123
853be9569c0e446eaa5c5059642ea63b,2580,139191,352,119,1579,https://www.youtube.com/watch?v=8ptno4fIZiE,305,102,704,https://www.youtube.com/watch?v=NidT08QG9PI,1570,771,1579,https://www.youtube.com/watch?v=8ptno4fIZiE,88,0,0,0,
f96c65701df94732853d86ffd893081e,2580,74162,215,63,366,https://www.youtube.com/watch?v=XOKhie1GBNQ,215,128,260,https://www.youtube.com/watch?v=P7mdp_g9YYE,197,10,366,https://www.youtube.com/watch?v=XOKhie1GBNQ,0,0,0,0,
3896e47ba9f64b7082eee3980734ab14,2570,284846,131,49,164,https://www.youtube.com/watch?v=nEoNZm9d7NM,131,49,164,https://www.youtube.com/watch?v=nEoNZm9d7NM,0,0,0,,0,0,0,0,
02168475e7ca4234b57d53f495bf3bbc,2570,151005,54,23,67,https://www.youtube.com/watch?v=4N9_Q4z8fzc,54,23,67,https://www.youtube.com/watch?v=4N9_Q4z8fzc,0,0,0,,0,0,0,0,
5b40a93fac8646f48fca66add3d3642c,2560,212490,284,125,1379,https://www.youtube.com/watch?v=a7174vq0z1w,247,121,333,https://www.youtube.com/watch?v=1t1X0l6k9lg,869,143,1379,https://www.youtube.com/watch?v=a7174vq0z1w,0,0,0,0,
7c147c43030b44b9ae244d82c387c82a,2560,74013,46,38,68,https://www.youtube.com/watch?v=PcKQ4YsJ1oI,46,38,68,https://www.youtube.com/watch?v=PcKQ4YsJ1oI,0,0,0,,0,0,0,0,
53335d77cc69488c8b49ec97548c3297,2560,23616,560,442,727,https://www.youtube.com/watch?v=34WmpPXp0gw,560,442,727,https://www.youtube.com/watch?v=34WmpPXp0gw,0,0,0,,0,0,0,0,
a429c3010da544bab919814a3ea472a4,2550,86120,0,0,0,,0,0,0,,0,0,0,,2869,166,126,253,https://www.twitch.tv/videos/2745348325
c40a8ff66b3348dc8459766b74846feb,2540,1438,0,0,0,,0,0,0,,0,0,0,,1933,0,0,0,
96ff628d2280470b833174c32200a749,2540,52466,261,107,614,https://www.youtube.com/watch?v=96NuZpuW1zE,261,107,614,https://www.youtube.com/watch?v=96NuZpuW1zE,0,0,0,,0,0,0,0,
a960b283b1124f44bc4bf2a16199977a,2530,107226,0,0,0,,0,0,0,,0,0,0,,4807,0,0,0,
7653119a278b4ea59d2af5e2ba7d30e0,2530,116343,132,56,139,https://www.youtube.com/watch?v=fYZAn3n2xi0,132,56,139,https://www.youtube.com/watch?v=fYZAn3n2xi0,0,0,0,,0,0,0,0,
75a90497bfc2480f954c276b70f7b1c3,2520,188109,53,19,53,https://www.youtube.com/watch?v=9IrJbwxeDFg,53,19,53,https://www.youtube.com/watch?v=9IrJbwxeDFg,0,0,0,,7013,0,0,0,
e68bb26e386a4d49a2f521f8abc83376,2520,0,0,0,0,,0,0,0,,0,0,0,,3529,0,0,0,
83e0f3520699474ba7f017e5e4388a5f,2520,50917,65,8,67,https://www.youtube.com/watch?v=uP5F0iYJQOc,67,17,67,https://www.youtube.com/watch?v=uP5F0iYJQOc,63,0,63,https://www.youtube.com/watch?v=wYfPIyU4AXI,0,0,0,0,
87968861d5794c01bfce46d51c8abfc7,2490,24876,0,0,0,,0,0,0,,0,0,0,,0,0,0,0,
7a93714b53274fbaad48bef3b409d458,2490,199895,222,119,464,https://www.youtube.com/watch?v=qdkOWZnQ_Ik,222,119,464,https://www.youtube.com/watch?v=qdkOWZnQ_Ik,0,0,0,,0,0,0,0,
284024f40bb34b429debb78e7dbf3391,2490,60827,0,0,0,,0,0,0,,0,0,0,,0,0,0,0,
c396dafdab3547259c0447ff82f278c2,2480,137683,430,224,3515,https://www.youtube.com/watch?v=kdnshB7HJRw,372,196,1658,https://www.youtube.com/watch?v=kDRWrwUoNiM,2098,992,3515,https://www.youtube.com/watch?v=kdnshB7HJRw,202,63,50,106,https://www.twitch.tv/videos/2747921077
c0ea5a6a7ede42fca6f3c6c87fc9d72e,2480,119379,277,158,801,https://www.youtube.com/watch?v=hw5h9sKNvQ8,277,158,801,https://www.youtube.com/watch?v=hw5h9sKNvQ8,0,0,0,,0,0,0,0,
891c39f050e048aebafaafc90a1c4cbd,2470,54145,298,126,987,https://www.youtube.com/watch?v=VA6HOWhT6E8,230,184,298,https://www.youtube.com/watch?v=n09QO_FuKkg,494,126,987,https://www.youtube.com/watch?v=VA6HOWhT6E8,0,0,0,0,
b19d58b07131413a92b4bd16e37e8e38,2470,11602,0,0,0,,0,0,0,,0,0,0,,0,0,0,0,
889bc532fb85455bae33baf0aa7ec003,2460,201305,109,49,242,https://www.youtube.com/watch?v=BCxESnyNZXw,109,49,242,https://www.youtube.com/watch?v=BCxESnyNZXw,0,0,0,,0,0,0,0,
c8c0ab1d59fb4608ab1e460e946fa88a,2450,113611,109,72,1459,https://www.youtube.com/watch?v=JwiZmMjM74Y,83,63,179,https://www.youtube.com/watch?v=zXY2lNFcBA0,826,430,1459,https://www.youtube.com/watch?v=JwiZmMjM74Y,0,0,0,0,
a0c76cedf0e346a18586077a38f302d8,2450,107571,355,37,355,https://www.youtube.com/watch?v=-iEe5hAacuo,0,0,0,,355,37,355,https://www.youtube.com/watch?v=-iEe5hAacuo,173,0,0,0,
9767904fedef42febaa98e9162973356,2450,559372,219,69,2945,https://www.youtube.com/watch?v=AIQwXQpDqro,184,66,638,https://www.youtube.com/watch?v=MHp65dUNxpo,919,241,2945,https://www.youtube.com/watch?v=AIQwXQpDqro,0,0,0,0,
db6b14a0319e4f639bfcf8d4309c064d,2440,336207,1469,89,2437,https://www.youtube.com/watch?v=pFtO5YYuYEA,0,0,0,,1469,89,2437,https://www.youtube.com/watch?v=pFtO5YYuYEA,3271,330,216,455,https://www.twitch.tv/videos/2751860513
86957fa57641453e9fcb73550e58b64f,2430,71566,163,41,2077,https://www.youtube.com/watch?v=dOXGtE_IsUY,79,41,163,https://www.youtube.com/watch?v=vTcEj0kKe0o,1206,690,2077,https://www.youtube.com/watch?v=dOXGtE_IsUY,500,28,26,73,https://www.twitch.tv/videos/2746116736
9c913230c732455c9604dae9ebcfa64e,2430,114950,13,1,1150,https://www.youtube.com/watch?v=oh0YM45P970,19,2,53,https://www.youtube.com/watch?v=Ldo2WMOTW7g,8,1,1150,https://www.youtube.com/watch?v=oh0YM45P970,1261,283,160,328,https://www.twitch.tv/videos/2748555896
352894d7c4eb4c9f87e248eae450183a,2420,297223,177,85,1491,https://www.youtube.com/watch?v=JgHuQ5avXp0,187,104,440,https://www.youtube.com/watch?v=ATBzfjn-Y14,122,66,1491,https://www.youtube.com/watch?v=JgHuQ5avXp0,0,0,0,0,
a7874e2ea7a44640a4ad427680a1dc9a,2420,76885,0,0,0,,0,0,0,,0,0,0,,294,188,176,188,https://www.twitch.tv/videos/2751935686
faa4994019724702a9da315a8c3641bc,2410,151097,236,176,448,https://www.youtube.com/watch?v=xp3-qUnx1lQ,236,176,448,https://www.youtube.com/watch?v=xp3-qUnx1lQ,0,0,0,,0,0,0,0,
27bbe711f5e848a9bc8accc73fc79471,2410,24165,0,0,0,,0,0,0,,0,0,0,,0,0,0,0,
fa2a2255fa7d4aa7b5b54dea5dd2b1c4,2400,70023,141,64,181,https://www.youtube.com/watch?v=IxsZMGStq-8,142,69,181,https://www.youtube.com/watch?v=IxsZMGStq-8,88,47,88,https://www.youtube.com/watch?v=HwOMjRckuww,0,0,0,0,
72a83f60773546dba886008320809d70,2400,481373,30,10,46,https://www.youtube.com/watch?v=3W8NO1Kfev0,30,10,46,https://www.youtube.com/watch?v=3W8NO1Kfev0,0,0,0,,10165,662,243,662,https://www.twitch.tv/videos/2737933514
0b0f8cd64c904508910707412b2c307f,2400,79400,219,105,469,https://www.youtube.com/watch?v=5c_0dS9UyZ0,219,105,469,https://www.youtube.com/watch?v=5c_0dS9UyZ0,0,0,0,,0,0,0,0,
932fd42911c74016bc7da418abd29f0f,2400,63787,56,34,121,https://www.youtube.com/watch?v=xjhlT2JYgok,56,34,121,https://www.youtube.com/watch?v=xjhlT2JYgok,0,0,0,,88,0,0,0,
6e1845e76035452287436153470e8656,2400,108870,89,76,187,https://www.youtube.com/watch?v=oI5a9JHu57g,89,76,187,https://www.youtube.com/watch?v=oI5a9JHu57g,0,0,0,,462,0,0,0,
f656e3210df449889b6ad9e72acd7a72,2390,186774,400,113,2766,https://www.youtube.com/watch?v=7GVsFuvlSok,241,95,591,https://www.youtube.com/watch?v=bw9f09r4jg0,1602,759,2766,https://www.youtube.com/watch?v=7GVsFuvlSok,0,0,0,0,
969122fc1adf4d8798a043b4754c893e,2380,20398,0,0,0,,0,0,0,,0,0,0,,0,0,0,0,
bd9c7d2e96094ce7b8ca032228bb13c7,2380,47971,0,0,0,,0,0,0,,0,0,0,,0,0,0,0,
80c426d23cdb4dcda1d1a0a1bd7e0245,2360,27152,0,0,0,,0,0,0,,0,0,0,,6188,0,0,0,
6c812a2f61ac470f8e3b30a92dca9d81,2360,75712,150,116,150,https://www.youtube.com/watch?v=nZiE0aIShHU,150,116,150,https://www.youtube.com/watch?v=nZiE0aIShHU,0,0,0,,0,0,0,0,
95f3f004ed9641139567827519f6b35e,2360,159033,0,0,0,,0,0,0,,0,0,0,,251,0,0,0,
c79b5a5a5c8b4d8f917afdfc16c01961,2350,100429,0,0,0,,0,0,0,,0,0,0,,3842,617,531,1567,https://www.twitch.tv/videos/2743903352
b322780e7b80404193373149bfa8e86d,2350,49407,111,27,111,https://www.youtube.com/watch?v=YrEDmae9Gto,111,27,111,https://www.youtube.com/watch?v=YrEDmae9Gto,0,0,0,,0,0,0,0,
67b37e4e1f2f49d88a047d650b70be91,2350,49775,113,66,1687,https://www.youtube.com/watch?v=6F39BDYB8VE,105,48,245,https://www.youtube.com/watch?v=x8g56VyJH9Y,488,350,1687,https://www.youtube.com/watch?v=6F39BDYB8VE,759,151,112,343,https://www.twitch.tv/videos/2749133038
e6a9746af2a84387b6ed5a7d3a4434da,2350,221855,540,90,3102,https://www.youtube.com/watch?v=iZbBQlSk3Ys,107,59,540,https://www.youtube.com/watch?v=DDqXMbgWw5w,2039,785,3102,https://www.youtube.com/watch?v=iZbBQlSk3Ys,0,0,0,0,
b7fa120fd2264ecca8f9f02ece2850a9,2350,79376,50,46,50,https://www.youtube.com/watch?v=vCJKj8kF7Jo,0,0,0,,50,46,50,https://www.youtube.com/watch?v=vCJKj8kF7Jo,159,0,0,0,
d3a3eab7a3e34ea98784c44e3691c726,2340,90304,0,0,0,,0,0,0,,0,0,0,,0,0,0,0,
65a52797bec24b9bb2df5201068873a4,2340,25870,115,9,115,https://www.youtube.com/watch?v=ymeAu2a_cTs,115,9,115,https://www.youtube.com/watch?v=ymeAu2a_cTs,0,0,0,,0,0,0,0,
084c49d869114256af18c13cc4b56414,2330,51023,0,0,0,,0,0,0,,0,0,0,,0,0,0,0,
b115a7f57f664800a9f71a25eaf73b92,2330,74492,64,34,129,https://www.youtube.com/watch?v=_2IyEcjaMqs,96,53,129,https://www.youtube.com/watch?v=_2IyEcjaMqs,36,34,36,https://www.youtube.com/watch?v=b8yvLPToHRM,0,0,0,0,
4a1e39ee23e6423fbfd3a15b1e28c8f3,2330,58835,0,0,0,,0,0,0,,0,0,0,,0,0,0,0,
395eade6d67445e1831010cac52ab444,2320,94225,541,295,1446,https://www.youtube.com/watch?v=AKSPSgAdAWQ,165,119,235,https://www.youtube.com/watch?v=abEyvOWrnHw,837,384,1446,https://www.youtube.com/watch?v=AKSPSgAdAWQ,790,0,0,0,
c805a5c2c4fb4a068a65267452aa4da5,2320,86265,24,13,54,https://www.youtube.com/watch?v=bJWv5ih1UmM,24,13,54,https://www.youtube.com/watch?v=bJWv5ih1UmM,0,0,0,,0,0,0,0,
572c03fa49b54d4b95935321b4722b68,2320,443129,113,53,1763,https://www.youtube.com/watch?v=lS_IRTHohF4,0,0,0,,113,53,1763,https://www.youtube.com/watch?v=lS_IRTHohF4,1855,253,171,1514,https://www.twitch.tv/videos/2746121664
e8be1d48c5a249cebcef72b17653ef34,2320,11232,0,0,0,,0,0,0,,0,0,0,,0,0,0,0,
9fb51e14ba1c499eb6383a7a166a4d52,2300,81663,51,33,2158,https://www.youtube.com/watch?v=S8qWYIJ0Lv0,49,28,124,https://www.youtube.com/watch?v=r6kdMjKBnWg,1865,718,2158,https://www.youtube.com/watch?v=S8qWYIJ0Lv0,0,0,0,0,
4ac7e88bd2234040a1da03644b06a501,2300,0,0,0,0,,0,0,0,,0,0,0,,0,0,0,0,
d6666443c70f478eb3008d28a33e0f61,2300,156227,228,80,1729,https://www.youtube.com/watch?v=Hv6i_qvy-mA,210,80,362,https://www.youtube.com/watch?v=YL4g2fkYn-Q,1235,134,1729,https://www.youtube.com/watch?v=Hv6i_qvy-mA,0,0,0,0,
b975eb70ed174bbda87e181be25bd1c5,2300,86276,0,0,0,,0,0,0,,0,0,0,,0,0,0,0,
70d5f64a7e324d7584d7e5116d6dc5a2,2290,73859,0,0,0,,0,0,0,,0,0,0,,0,0,0,0,
7ce04ee5bb63467f8b70a69136049218,2290,26792,165,11,165,https://www.youtube.com/watch?v=uoRqjD-9LFI,0,0,0,,165,11,165,https://www.youtube.com/watch?v=uoRqjD-9LFI,1764,333,188,574,https://www.twitch.tv/videos/2747746554
eb38f509e8464ba19ba8579e0b99e262,2280,98629,131,94,254,https://www.youtube.com/watch?v=yYPbl4jAtr4,131,94,254,https://www.youtube.com/watch?v=yYPbl4jAtr4,0,0,0,,0,0,0,0,
fe0305c914c549879b315b6dc3204748,2270,44512,1093,659,1570,https://www.youtube.com/watch?v=NqKD1NeQ-Vc,0,0,0,,1093,659,1570,https://www.youtube.com/watch?v=NqKD1NeQ-Vc,0,0,0,0,
87568c720cae40a99264816eb1875347,2260,135164,180,85,1415,https://www.youtube.com/watch?v=At2xU8QM9X8,177,87,484,https://www.youtube.com/watch?v=sb8WHad-cXg,668,84,1415,https://www.youtube.com/watch?v=At2xU8QM9X8,0,0,0,0,
43e557d175ce462b97c4c406954d8c04,2260,453249,51,18,645,https://www.youtube.com/watch?v=wmWPTffc7vw,51,18,141,https://www.youtube.com/watch?v=TlijjCP7KQo,347,21,645,https://www.youtube.com/watch?v=wmWPTffc7vw,502,31,24,42,https://www.twitch.tv/videos/2752735726
f146e7f1a1164dbfab960ea34873afb5,2260,86472,0,0,0,,0,0,0,,0,0,0,,105,0,0,0,
ad43fda31b7842dc8e7854840b974614,2250,99300,34,16,99,https://www.youtube.com/watch?v=hRjuTFtdvBQ,34,16,99,https://www.youtube.com/watch?v=hRjuTFtdvBQ,0,0,0,,1117,0,0,0,
364f94fc7493453e9f53787ade8e35c6,2250,366200,0,0,0,,0,0,0,,0,0,0,,11,0,0,0,
25904d8b82c84d74a8abffb804647e21,2250,113792,0,0,0,,0,0,0,,0,0,0,,396,0,0,0,
2af83bdd7db644d88ffdaf123c38619b,2250,71779,87,43,161,https://www.youtube.com/watch?v=DSkWb_Tn-Ro,87,43,161,https://www.youtube.com/watch?v=DSkWb_Tn-Ro,0,0,0,,0,0,0,0,
c1aa10208a06439481231599b25845b0,2250,171595,699,273,1245,https://www.youtube.com/watch?v=-Y2Y56-Y-sA,101,25,101,https://www.youtube.com/watch?v=tnr7MuQ_B0g,747,515,1245,https://www.youtube.com/watch?v=-Y2Y56-Y-sA,2103,202,128,455,https://www.twitch.tv/videos/2747746359
345b2eb5c8bf4d7d9fa72176f67de440,2240,41888,0,0,0,,0,0,0,,0,0,0,,880,610,404,925,https://www.twitch.tv/videos/2743787222
9b8fe3ac0f30473f87290d314dfda74e,2230,2374,0,0,0,,0,0,0,,0,0,0,,0,0,0,0,
6f382359f4d0436e9e1d4f87e4696e76,2230,68033,0,0,0,,0,0,0,,0,0,0,,0,0,0,0,
6510332f58be4d86b0007c77a622c959,2230,308319,261,124,1482,https://www.youtube.com/watch?v=EWqpUtaW9kk,261,124,1482,https://www.youtube.com/watch?v=EWqpUtaW9kk,0,0,0,,3182,260,214,524,https://www.twitch.tv/videos/2752738629
6cd8cdc530d14e2d9d0a9cd20cb6b05c,2230,84550,81,63,210,https://www.youtube.com/watch?v=JTyz5c-ndrw,81,63,210,https://www.youtube.com/watch?v=JTyz5c-ndrw,0,0,0,,0,0,0,0,
de610557c5c041df85e41e7f2f5490f5,2230,12406,0,0,0,,0,0,0,,0,0,0,,4150,0,0,0,
751596501f4f420a8a5c5c9d839efb22,2220,115967,0,0,0,,0,0,0,,0,0,0,,273,0,0,0,
ab069c9401bc4bd09eea8f5ece525d54,2220,345502,0,0,0,,0,0,0,,0,0,0,,0,0,0,0,
1ead15220cb842a79c3922d08d618e31,2210,4575,0,0,0,,0,0,0,,0,0,0,,0,0,0,0,
4d44c28a73394954a4d1bf2a1b2c162c,2210,142901,82,42,320,https://www.youtube.com/watch?v=ftqH9pJRKMM,82,42,320,https://www.youtube.com/watch?v=ftqH9pJRKMM,0,0,0,,0,0,0,0,
a64ba9e0b7dd4de58ffbdf9ca043a90b,2210,95593,0,0,0,,0,0,0,,0,0,0,,67,0,0,0,
4766ec1a407f4271bca77fb81487e81a,2200,62857,96,58,1492,https://www.youtube.com/watch?v=JbQgVQHfGe4,92,59,215,https://www.youtube.com/watch?v=SsVJc3JbqrU,1492,50,1492,https://www.youtube.com/watch?v=JbQgVQHfGe4,4417,580,232,40741,https://www.twitch.tv/videos/2739539387
d418b8a185f449b3a15c1656ba654780,2200,160068,0,0,0,,0,0,0,,0,0,0,,0,0,0,0,
a60c8fc0a1324bf8b65053231ee22373,2200,519143,33,18,86,https://www.youtube.com/watch?v=PLFfYV7W1BA,33,18,76,https://www.youtube.com/watch?v=XhbjhigcLTU,86,61,86,https://www.youtube.com/watch?v=PLFfYV7W1BA,162,17,13,50,https://www.twitch.tv/videos/2745419387
c52b95b6a42d48f0ae888720492a5a46,2200,143985,102,52,252,https://www.youtube.com/watch?v=Mw1lDhJbz6I,102,52,252,https://www.youtube.com/watch?v=Mw1lDhJbz6I,0,0,0,,0,0,0,0,
75f110ca5e9a4b7db3c57912baf5ca27,2180,176398,0,0,0,,0,0,0,,0,0,0,,3406,731,337,18823,https://www.twitch.tv/videos/2747059173
65c0e7f6562d419e944caea644836c1f,2180,86229,152,76,226,https://www.youtube.com/watch?v=cuZuiRIKnI4,152,76,226,https://www.youtube.com/watch?v=cuZuiRIKnI4,0,0,0,,293,44,37,62,https://www.twitch.tv/videos/2748635848
b5c9831f97f4427a88a96d7c4ee40539,2180,199600,17,6,18,https://www.youtube.com/watch?v=s-5rx2c02I4,17,6,18,https://www.youtube.com/watch?v=s-5rx2c02I4,0,0,0,,1696,719,643,719,https://www.twitch.tv/videos/2750915742
60602526ae1d48688c23a74b3cb527e8,2170,98437,74,30,80,https://www.youtube.com/watch?v=uBrbE8wBp38,74,30,80,https://www.youtube.com/watch?v=uBrbE8wBp38,0,0,0,,0,0,0,0,
9ef5ec69554f46e887a9ac0fe54b4f41,2170,84805,168,57,168,https://www.youtube.com/watch?v=dg-mj9_6TXA,168,57,168,https://www.youtube.com/watch?v=dg-mj9_6TXA,0,0,0,,0,0,0,0,
cc1bad00639b4149b277f0d2e99c2abe,2170,93622,58,29,101,https://www.youtube.com/watch?v=SUY2rn3A8vc,58,29,101,https://www.youtube.com/watch?v=SUY2rn3A8vc,0,0,0,,0,0,0,0,
6873f5b9a88c42ba980878bbffb5682a,2170,163537,184,96,2254,https://www.youtube.com/watch?v=JZ2tWMR2z9E,218,100,338,https://www.youtube.com/watch?v=z_NFy0Z4KCg,143,69,2254,https://www.youtube.com/watch?v=JZ2tWMR2z9E,0,0,0,0,
27f5926236d04e34a08fdb7ab83940bc,2160,64951,271,100,381,https://www.youtube.com/watch?v=VphsQ85CdR4,272,121,381,https://www.youtube.com/watch?v=VphsQ85CdR4,92,80,92,https://www.youtube.com/watch?v=u23xp4rRZ_k,0,0,0,0,
5da8c6fb027049cc8bc2030c56e8c489,2160,30018,0,0,0,,0,0,0,,0,0,0,,136,0,0,0,
d45c287a84b6485e8ff3400cf50f5db7,2160,169375,0,0,0,,0,0,0,,0,0,0,,4285,593,203,657,https://www.twitch.tv/videos/2734760602
1c8887da9e96471ca28b97d80e390698,2150,117334,145,77,1898,https://www.youtube.com/watch?v=kOOmu9zKhVk,105,70,168,https://www.youtube.com/watch?v=tV682UAqw8g,320,170,1898,https://www.youtube.com/watch?v=kOOmu9zKhVk,0,0,0,0,
220353f9b2634c84953cc7d243fbc6a0,2150,192987,637,190,1188,https://www.youtube.com/watch?v=lSyagHqcSIo,637,190,1188,https://www.youtube.com/watch?v=lSyagHqcSIo,0,0,0,,89,0,0,0,
19a2801d800547e58c6560aa1accf3e4,2140,94661,73,19,141,https://www.youtube.com/watch?v=_yk_ReyeXUE,73,19,141,https://www.youtube.com/watch?v=_yk_ReyeXUE,0,0,0,,440,0,0,0,
326e254f0da14bc6bfc5d379164cf5c6,2140,45374,0,0,0,,0,0,0,,0,0,0,,0,0,0,0,
101cdaf175c643c888d0d33bdab5da15,2130,111231,349,170,2917,https://www.youtube.com/watch?v=7QzZA6Idwa4,367,194,2917,https://www.youtube.com/watch?v=7QzZA6Idwa4,189,64,189,https://www.youtube.com/watch?v=B6WNZ19reh8,154,101,91,487,https://www.twitch.tv/videos/2746930050
c41a24bf9c8f48ee9454119057088688,2130,86228,0,0,0,,0,0,0,,0,0,0,,0,0,0,0,
4f93fe928d264a299c6589e09fbda21e,2120,163218,0,0,0,,0,0,0,,0,0,0,,0,0,0,0,
1310ffb60dcf40eaaf6a08890e632234,2110,101271,142,82,285,https://www.youtube.com/watch?v=12iQraFvdgU,142,82,285,https://www.youtube.com/watch?v=12iQraFvdgU,0,0,0,,0,0,0,0,
6d2945d11f504edb9962f742b54f6553,2110,35751,35,6,64,https://www.youtube.com/watch?v=Zk5Fja2uJWM,35,6,64,https://www.youtube.com/watch?v=Zk5Fja2uJWM,0,0,0,,1095,0,0,0,
8890acc220cd4f969ec2e23a28c1eda2,2100,7499,0,0,0,,0,0,0,,0,0,0,,0,0,0,0,
6274e7f2acaf4d48b5fa569168f9468e,2100,123599,107,77,128,https://www.youtube.com/watch?v=5AqYuEHmvJM,92,61,128,https://www.youtube.com/watch?v=5AqYuEHmvJM,107,77,107,https://www.youtube.com/watch?v=7uUUPyvPnnQ,0,0,0,0,
ab540a5b73bb4dfa85cebffb70fad5db,2090,58084,1028,375,1028,https://www.youtube.com/watch?v=9_YpyCc0SVg,0,0,0,,1028,375,1028,https://www.youtube.com/watch?v=9_YpyCc0SVg,1241,0,0,0,
cfc335d4b3e3411ca5b39ccb41a81958,2090,137803,1392,951,2764,https://www.youtube.com/watch?v=zlN7RjwvxDk,1392,951,2764,https://www.youtube.com/watch?v=zlN7RjwvxDk,0,0,0,,0,0,0,0,
2c92fe49ca9f4b8faf8f4521378857d2,2090,277783,792,771,792,https://www.youtube.com/watch?v=09FFEjFaY1w,0,0,0,,792,771,792,https://www.youtube.com/watch?v=09FFEjFaY1w,647,15,12,41,https://www.twitch.tv/videos/2746276137
6b36f446b10e4ea99d5d80d60beeee21,2090,50414,0,0,0,,0,0,0,,0,0,0,,8209,160,127,251,https://www.twitch.tv/videos/2746047981
e9047e02eb6340ff940114f754c76875,2090,57070,122,40,122,https://www.youtube.com/watch?v=J7t2_Pui15s,122,40,122,https://www.youtube.com/watch?v=J7t2_Pui15s,0,0,0,,0,0,0,0,
8be6ce1a26af47a4985205da119eab5a,2090,356627,275,131,1518,https://www.youtube.com/watch?v=MYGNcx1MQh0,275,131,568,https://www.youtube.com/watch?v=T7cBAfgfft4,378,126,1518,https://www.youtube.com/watch?v=MYGNcx1MQh0,0,0,0,0,
9870111c23124c19a12de7bbdeb8abc1,2090,71397,81,29,155,https://www.youtube.com/watch?v=9eOeMljZCE0,81,29,155,https://www.youtube.com/watch?v=9eOeMljZCE0,0,0,0,,0,0,0,0,
163841e490b14b2583a799b3795021ad,2090,60806,166,58,1799,https://www.youtube.com/watch?v=Tw_mspWkwbo,133,34,185,https://www.youtube.com/watch?v=OL4yaAeu8-4,642,402,1799,https://www.youtube.com/watch?v=Tw_mspWkwbo,393,369,288,688,https://www.twitch.tv/videos/2750877392
80ea9b92d31c48b8b2cf2ca5bacc2a08,2080,65970,136,62,147,https://www.youtube.com/watch?v=x1TykgMLWww,136,62,147,https://www.youtube.com/watch?v=x1TykgMLWww,0,0,0,,0,0,0,0,
ef03340f293242f89fe15f2f828dbf7f,2080,46278,44,12,87,https://www.youtube.com/watch?v=U1y-VQEWyy4,44,10,87,https://www.youtube.com/watch?v=U1y-VQEWyy4,23,19,23,https://www.youtube.com/watch?v=_F0Q0GZ_iAQ,644,32,28,56,https://www.twitch.tv/videos/2748634592
9efea510313f4733b4d0b5e3cfb6988b,2080,505699,109,60,140,https://www.youtube.com/watch?v=OKFoB7Z_mpA,0,0,0,,109,60,140,https://www.youtube.com/watch?v=OKFoB7Z_mpA,0,0,0,0,
14b8fa0f43664c31a5d634b20f9112d9,2080,175085,89,58,179,https://www.youtube.com/watch?v=JnRNKy4q5dE,77,50,139,https://www.youtube.com/watch?v=-byJoWEfhGE,179,147,179,https://www.youtube.com/watch?v=JnRNKy4q5dE,0,0,0,0,
40082e2bb0b546d3bd3ebb75a3192092,2080,1593902,185,50,2138,https://www.youtube.com/watch?v=h7sHss1llcU,0,0,0,,185,50,2138,https://www.youtube.com/watch?v=h7sHss1llcU,0,0,0,0,
33918eea49984fb499619652ce58a4fa,2070,35566,58,27,60,https://www.youtube.com/watch?v=_L3gS2keYoE,58,27,60,https://www.youtube.com/watch?v=_L3gS2keYoE,0,0,0,,0,0,0,0,
07553f6f3df84c3396508456ccbe7df2,2070,65569,291,119,1675,https://www.youtube.com/watch?v=KhwZ4Gvkfgc,242,97,875,https://www.youtube.com/watch?v=_oNiJcximmE,881,476,1675,https://www.youtube.com/watch?v=KhwZ4Gvkfgc,1037,461,381,699,https://www.twitch.tv/videos/2751006842
b8d723ac79eb47229a23adc4029a5bd5,2070,0,0,0,0,,0,0,0,,0,0,0,,0,0,0,0,
226eb1e34c924ae2914d960039905d08,2070,223874,66,18,1465,https://www.youtube.com/watch?v=-XNVZh0Ml8o,63,23,142,https://www.youtube.com/watch?v=iasXUfQXvPw,698,13,1465,https://www.youtube.com/watch?v=-XNVZh0Ml8o,0,0,0,0,
1b863baf309a4ff587385012bb5bde51,2070,81075,0,0,0,,0,0,0,,0,0,0,,343,0,0,0,
1551bebc6c26453e9893f342c68002bd,2060,44771,191,132,454,https://www.youtube.com/watch?v=IrJ8snHKlEg,191,132,454,https://www.youtube.com/watch?v=IrJ8snHKlEg,0,0,0,,321,0,0,0,
1225d23bc1814140bc0093c1407f06b3,2060,157550,91,55,2818,https://www.youtube.com/watch?v=Tf1qvKu86sQ,63,38,156,https://www.youtube.com/watch?v=Nj8eIbxS0OU,1377,811,2818,https://www.youtube.com/watch?v=Tf1qvKu86sQ,98,30,25,30,https://www.twitch.tv/videos/2749999776
8e84dbdebec446bab8c82b3f0467f398,2060,172218,111,45,4817,https://www.youtube.com/watch?v=KONQep3OyYw,95,40,237,https://www.youtube.com/watch?v=IueuPYiTmPs,1643,934,4817,https://www.youtube.com/watch?v=KONQep3OyYw,0,0,0,0,
44b22851b9df4612bec834e2cfde9489,2060,515514,56,31,216,https://www.youtube.com/watch?v=rBc75UCnrYo,56,33,78,https://www.youtube.com/watch?v=LU4zg2AE3_Y,51,18,216,https://www.youtube.com/watch?v=rBc75UCnrYo,0,0,0,0,
93e7079bd21c499f9004e79d18489d28,2060,486533,0,0,0,,0,0,0,,0,0,0,,86,0,0,0,
cb52afa541704e6e8f1098a20679135c,2050,119605,67,24,72,https://www.youtube.com/watch?v=xEi4jfhyK-c,67,24,72,https://www.youtube.com/watch?v=xEi4jfhyK-c,0,0,0,,305,0,0,0,
73a96bba42b444df98487ed22f97c240,2050,206136,614,211,7314,https://www.youtube.com/watch?v=lWPgWOVoiyc,0,0,0,,614,211,7314,https://www.youtube.com/watch?v=lWPgWOVoiyc,763,189,107,1266,https://www.twitch.tv/videos/2733714948
e66d389ebb604096bfa99178e1a13c27,2050,222978,403,214,3318,https://www.youtube.com/watch?v=BJ321gy4xCo,388,183,3318,https://www.youtube.com/watch?v=BJ321gy4xCo,2011,947,2011,https://www.youtube.com/watch?v=HSwGhUC90wY,3719,230,164,444,https://www.twitch.tv/videos/2746146783
62b58adde13f4a73ab406f857d730e20,2050,83823,67,21,1751,https://www.youtube.com/watch?v=yCmwwdP3iaY,67,20,161,https://www.youtube.com/watch?v=QwOBx-Yoc8Q,1751,228,1751,https://www.youtube.com/watch?v=yCmwwdP3iaY,0,0,0,0,
e32a7d950f5a4b53ab2f47d225aec4fd,2040,54580,108,40,108,https://www.youtube.com/watch?v=ZpJvTGoS_5w,108,40,108,https://www.youtube.com/watch?v=ZpJvTGoS_5w,0,0,0,,0,0,0,0,
6eefc3826f4f49a0b28a5288c5e0d83e,2030,11810,0,0,0,,0,0,0,,0,0,0,,2397,185,112,191,https://www.twitch.tv/videos/2745535111
247eca886f5c43188a3d6d3945e40636,2030,125477,173,76,404,https://www.youtube.com/watch?v=qMBUmJbxiKY,173,79,404,https://www.youtube.com/watch?v=qMBUmJbxiKY,39,37,39,https://www.youtube.com/watch?v=IZMg4fjchlM,0,0,0,0,
5c7278d46cd24b8eb5f49c446acc759d,2030,67126,0,0,0,,0,0,0,,0,0,0,,64,0,0,0,
a76c19e10aa4463f92f0d2e0f30ab84a,2030,132794,106,50,1551,https://www.youtube.com/watch?v=p_OgVC8DZF0,104,43,179,https://www.youtube.com/watch?v=DSo0zgfjzcw,1551,751,1551,https://www.youtube.com/watch?v=p_OgVC8DZF0,0,0,0,0,
6eeed5b0702a45df8470a617ee2c5243,2020,24064,74,21,74,https://www.youtube.com/watch?v=Ua20n5JlnnE,74,21,74,https://www.youtube.com/watch?v=Ua20n5JlnnE,0,0,0,,0,0,0,0,
78dea7b59be448329ec287a403f95a13,2020,29099,9,0,14,https://www.youtube.com/watch?v=6CGuAHlYsto,0,0,0,,9,0,14,https://www.youtube.com/watch?v=6CGuAHlYsto,2058,209,112,214,https://www.twitch.tv/videos/2743023019
83a59a0d6537461fb429af7e3af1d152,2020,256924,0,0,0,,0,0,0,,0,0,0,,0,0,0,0,
9087489bcb234de9bb2a8942a1562a61,2020,75621,0,0,0,,0,0,0,,0,0,0,,0,0,0,0,
749161d9934f41bf97e7210afd6b3bb1,2010,41082,0,0,0,,0,0,0,,0,0,0,,107,0,0,0,
0414bb8fc082472a9434bd4a463a9865,2010,10254,0,0,0,,0,0,0,,0,0,0,,186,0,0,0,
a66441bdef584fe0806c4be0fd2cf53a,2010,104234,0,0,0,,0,0,0,,0,0,0,,0,0,0,0,
b84f2dfff8ce4ca1af82bfc44405f1e7,2010,89003,41,21,123,https://www.youtube.com/watch?v=5VgdNQaLmaA,41,21,123,https://www.youtube.com/watch?v=5VgdNQaLmaA,0,0,0,,0,0,0,0,
95f8bb8a92c1450b8b5993f740b39338,2000,762292,27,12,27,https://www.youtube.com/watch?v=FNvsccV4ejU,27,12,27,https://www.youtube.com/watch?v=FNvsccV4ejU,0,0,0,,298,0,0,0,
4ed0862cff5b47bcbf4b6a30e431e0fa,2000,81093,1810,1692,1973,https://www.youtube.com/watch?v=r9nSLZBKLas,0,0,0,,1810,1692,1973,https://www.youtube.com/watch?v=r9nSLZBKLas,0,0,0,0,
2a20316d245d406193331300bb44fdec,2000,25656,0,0,0,,0,0,0,,0,0,0,,5321,578,364,1641,https://www.twitch.tv/videos/2737768215
14d334ad35f146ecbb047d1c20652fe1,2000,343409,0,0,0,,0,0,0,,0,0,0,,0,0,0,0,
c0ce3bfbf1434af3a2a7bd7b2c38e7e7,1990,133380,389,177,761,https://www.youtube.com/watch?v=uSjiH5K0i5g,389,177,761,https://www.youtube.com/watch?v=uSjiH5K0i5g,0,0,0,,0,0,0,0,
712d031e7f004ed99aa1dfdb176cff32,1990,116546,99,56,139,https://www.youtube.com/watch?v=oEtRxn5GHJg,0,0,0,,99,56,139,https://www.youtube.com/watch?v=oEtRxn5GHJg,322,0,0,0,
a9e5491563fd4b05896ef9a8cb2ee7d7,1990,124651,48,29,118,https://www.youtube.com/watch?v=c2TTwpjN528,48,29,118,https://www.youtube.com/watch?v=c2TTwpjN528,0,0,0,,0,0,0,0,
504678b9fa2f4506879ba42b27a13dff,1980,202145,113,57,2007,https://www.youtube.com/watch?v=0NBc1UPxO8U,91,53,252,https://www.youtube.com/watch?v=djLD7wKOHGE,591,248,2007,https://www.youtube.com/watch?v=0NBc1UPxO8U,0,0,0,0,
83eff3b0de694818876092eaabd35b4a,1980,91641,62,19,140,https://www.youtube.com/watch?v=Ci-DSSIgPUE,56,20,140,https://www.youtube.com/watch?v=Ci-DSSIgPUE,108,6,108,https://www.youtube.com/watch?v=eZmKZdOV1GQ,0,0,0,0,
7bd1bc8b491d47e0b7cf0a573c36120e,1980,101246,174,15,317,https://www.youtube.com/watch?v=IdN66-PcKZU,0,0,0,,174,15,317,https://www.youtube.com/watch?v=IdN66-PcKZU,0,0,0,0,
6bddfe8d54104f4192c56e4935a871de,1970,600483,687,286,1819,https://www.youtube.com/watch?v=Ro9XRYWrkXg,44,5,45,https://www.youtube.com/watch?v=4JHDW-3UJac,1574,605,1819,https://www.youtube.com/watch?v=Ro9XRYWrkXg,993,269,211,793,https://www.twitch.tv/videos/2744427235
4b7c733a13d247ec84844698ecc7ba0c,1970,43389,0,0,0,,0,0,0,,0,0,0,,2758,351,246,365,https://www.twitch.tv/videos/2742687695
92e03a33b1e640f6aa94211011de5d24,1970,64421,59,21,19385,https://www.youtube.com/watch?v=de1SVdWcJpE,48,21,130,https://www.youtube.com/watch?v=AU9lENizwLs,1742,1008,19385,https://www.youtube.com/watch?v=de1SVdWcJpE,254,52,38,244,https://www.twitch.tv/videos/2747691867
4de89158f20a4d0e8023f15db8a9526e,1960,132501,0,0,0,,0,0,0,,0,0,0,,0,0,0,0,
29574cafecff435b90d34431e2153f02,1940,236918,70,27,2810,https://www.youtube.com/watch?v=3m8aSkZSGCc,39,14,77,https://www.youtube.com/watch?v=MYd_EwLg-k0,1639,533,2810,https://www.youtube.com/watch?v=3m8aSkZSGCc,163,1,0,1,https://www.twitch.tv/videos/2753413986
734477be3c5d42afbdde5356c6a6e8ee,1940,81698,0,0,0,,0,0,0,,0,0,0,,0,0,0,0,
8b810380ed254a5e8a85b65552ba4e61,1930,114060,1960,393,2103,https://www.youtube.com/watch?v=8rNXoyVyxFg,0,0,0,,1960,393,2103,https://www.youtube.com/watch?v=8rNXoyVyxFg,10497,1537,591,5535,https://www.twitch.tv/videos/2749294856
17b1d3fb1e1944dabd5e6a45f94e2f6b,1930,67511,145,97,4025,https://www.youtube.com/watch?v=w32iAEg5JLU,144,80,183,https://www.youtube.com/watch?v=JJHRNuyHy5U,4025,1874,4025,https://www.youtube.com/watch?v=w32iAEg5JLU,0,0,0,0,
7d2aa4176f60423bb1532ac37ed55e28,1930,149324,93,51,956,https://www.youtube.com/watch?v=3EgWMX9oFfg,96,58,956,https://www.youtube.com/watch?v=3EgWMX9oFfg,63,7,85,https://www.youtube.com/watch?v=FMEgW8MRvik,0,0,0,0,
1025a2d1ea674c649b1e7934895bd419,1930,55153,97,37,107,https://www.youtube.com/watch?v=zwIUcPCvuyc,97,37,107,https://www.youtube.com/watch?v=zwIUcPCvuyc,0,0,0,,0,0,0,0,
c0ae01f224734769a38c39b97fb6dbb7,1930,52284,0,0,0,,0,0,0,,0,0,0,,393,0,0,0,
9031798ec1884b52b17df470b6c379b2,1920,54002,191,62,203,https://www.youtube.com/watch?v=MI7M8GTZhmI,191,62,203,https://www.youtube.com/watch?v=MI7M8GTZhmI,0,0,0,,0,0,0,0,
70c982c2dffc4cd08c90431abcc8be97,1920,53231,54,19,136,https://www.youtube.com/watch?v=IiUoSx-GWAU,54,19,136,https://www.youtube.com/watch?v=IiUoSx-GWAU,0,0,0,,185,33,25,90,https://www.twitch.tv/videos/2749401510
8564954960ba466fa7f17bc0e0ea5e8e,1920,38882,0,0,0,,0,0,0,,0,0,0,,356,0,0,0,
bb1cda940e0a44b3a25f3e368c19c490,1910,60268,160,66,181,https://www.youtube.com/watch?v=_5fVEpTO1eI,160,66,181,https://www.youtube.com/watch?v=_5fVEpTO1eI,0,0,0,,0,0,0,0,
0563e1d0ff394d1ab0d6a09d89870fba,1910,135023,139,68,2149,https://www.youtube.com/watch?v=H6eM7cTOQYI,138,68,180,https://www.youtube.com/watch?v=rpRtJK4Ztvc,452,79,2149,https://www.youtube.com/watch?v=H6eM7cTOQYI,99,45,36,69,https://www.twitch.tv/videos/2744482041
bf124655587e4f5b937d695be814d25d,1910,150475,140,60,182,https://www.youtube.com/watch?v=EYtvnpKjyVw,140,60,182,https://www.youtube.com/watch?v=EYtvnpKjyVw,0,0,0,,0,0,0,0,
e58a5a6f40e040d79bbcd139824d6fc7,1910,242238,1190,450,2598,https://www.youtube.com/watch?v=OoLl_DbHWAU,129,87,129,https://www.youtube.com/watch?v=mEKE7ZQXB0s,1233,489,2598,https://www.youtube.com/watch?v=OoLl_DbHWAU,9967,2174,895,18955,https://www.twitch.tv/videos/2745292315
58d43efc5b4046148d02de0e65ef9120,1890,157454,328,106,5533,https://www.youtube.com/watch?v=gGpkVrJLVzo,205,97,474,https://www.youtube.com/watch?v=qJ2phrmfwh4,1030,664,5533,https://www.youtube.com/watch?v=gGpkVrJLVzo,511,162,113,178,https://www.twitch.tv/videos/2749279309
2c6d5a00eabf47e2affcc8fa6ec64f9c,1890,171909,31,16,1467,https://www.youtube.com/watch?v=7EsJVy6-lD8,31,16,57,https://www.youtube.com/watch?v=3aeKrHeelfs,178,70,1467,https://www.youtube.com/watch?v=7EsJVy6-lD8,116,32,22,35,https://www.twitch.tv/videos/2745397235
7c18bc597298484c8f2925759fc1ac4a,1890,12409,83,63,604,https://www.youtube.com/watch?v=MkRzaKGx6mc,83,63,604,https://www.youtube.com/watch?v=MkRzaKGx6mc,0,0,0,,782,0,0,0,
7eec0f9233fa49ed92c4f60fb8a82694,1890,37903,12,3,14,https://www.youtube.com/watch?v=tHcY38Qg0ts,0,0,0,,12,3,14,https://www.youtube.com/watch?v=tHcY38Qg0ts,1012,153,112,181,https://www.twitch.tv/videos/2744570843
4f20b9493001401f81b7a451bf856fba,1880,144066,188,70,2165,https://www.youtube.com/watch?v=CJW1MQdKpRw,162,56,392,https://www.youtube.com/watch?v=_FGWsFD4EWM,364,266,2165,https://www.youtube.com/watch?v=CJW1MQdKpRw,1518,216,129,242,https://www.twitch.tv/videos/2744430658
63175a6880c5427891463ff07fd0bf7e,1870,49699,0,0,0,,0,0,0,,0,0,0,,0,0,0,0,
9be037b96ffa41c9a080edf332650649,1870,99926,11,1,1699,https://www.youtube.com/watch?v=Zd09UfWrWK8,96,35,103,https://www.youtube.com/watch?v=kvu1Q7e9-tg,7,1,1699,https://www.youtube.com/watch?v=Zd09UfWrWK8,0,0,0,0,
1eb556018c7847feb170b09b8622590c,1870,111832,58,26,134,https://www.youtube.com/watch?v=3WGY1tFcc20,59,26,134,https://www.youtube.com/watch?v=3WGY1tFcc20,24,22,24,https://www.youtube.com/watch?v=sKoeOGmBYM4,0,0,0,0,
e897180feafa4f748c41f13306b6f379,1860,414978,573,302,2935,https://www.youtube.com/watch?v=oxZnFjF195w,346,173,439,https://www.youtube.com/watch?v=d4Y-l0_LHQI,1567,486,2935,https://www.youtube.com/watch?v=oxZnFjF195w,13,0,0,0,
0bf305da1ec14c5c8447b9a007bc81f6,1860,185488,156,83,1234,https://www.youtube.com/watch?v=DlnUzbBvTCU,110,66,1133,https://www.youtube.com/watch?v=QAlubhuhyAk,646,217,1234,https://www.youtube.com/watch?v=DlnUzbBvTCU,965,123,82,510,https://www.twitch.tv/videos/2751574089
d564ef4ee383435787e18dee18247631,1860,56912,76,48,118,https://www.youtube.com/watch?v=AwYqFh6vsbA,68,48,76,https://www.youtube.com/watch?v=cimFO-0JzH8,104,56,118,https://www.youtube.com/watch?v=AwYqFh6vsbA,376,21,17,21,https://www.twitch.tv/videos/2749382770
bee432690bb44e03940ab4a86bbbbdfd,1850,19360,0,0,0,,0,0,0,,0,0,0,,0,0,0,0,
2c2bf7ce933a4f34ac25c2dfa72fe565,1850,134348,483,165,2269,https://www.youtube.com/watch?v=plyQMc2XYKc,337,148,706,https://www.youtube.com/watch?v=VuOPqmIbVeI,1809,896,2269,https://www.youtube.com/watch?v=plyQMc2XYKc,680,205,185,679,https://www.twitch.tv/videos/2750924147
a5681ed32f994c57a107a0b9248fb228,1850,72664,88,32,438,https://www.youtube.com/watch?v=VzogFc10UrI,84,29,143,https://www.youtube.com/watch?v=Jng6lNh0Sc4,438,218,438,https://www.youtube.com/watch?v=VzogFc10UrI,0,0,0,0,
14561bf5e63844f58b60deb87f443507,1850,0,0,0,0,,0,0,0,,0,0,0,,1100,290,104,357,https://www.twitch.tv/videos/2731523239
48b978b1705a4f61a760b05280000b34,1840,8781,0,0,0,,0,0,0,,0,0,0,,1266,0,0,0,
a6a789d93f3a4352b251a51b43f98d2c,1840,45122,0,0,0,,0,0,0,,0,0,0,,0,0,0,0,
70874043d50b4e3a873742127251caa5,1830,80738,158,27,215,https://www.youtube.com/watch?v=DNoLj_UoCao,158,27,215,https://www.youtube.com/watch?v=DNoLj_UoCao,0,0,0,,0,0,0,0,
361d3dd97ee9430f85d57b61ea8f0b85,1830,155087,128,65,1638,https://www.youtube.com/watch?v=k714l7Ap1IM,117,68,239,https://www.youtube.com/watch?v=JyaoRDfVBrM,1638,39,1638,https://www.youtube.com/watch?v=k714l7Ap1IM,0,0,0,0,
5ff20156ebbf4390a3573d6a94aed8df,1830,88853,84,44,446,https://www.youtube.com/watch?v=Ct854egPTrE,84,44,446,https://www.youtube.com/watch?v=Ct854egPTrE,0,0,0,,0,0,0,0,
fe5a0ac164a940c79e430eab9995da2e,1830,181484,0,0,0,,0,0,0,,0,0,0,,111,0,0,0,
f3b487c00ef5466eaa529f3a2e8d6753,1830,34010,0,0,0,,0,0,0,,0,0,0,,0,0,0,0,
0fbdfcc1b9cf41fdb840cf2f546d9324,1830,133001,48,21,508,https://www.youtube.com/watch?v=jJWO9b8gD_4,51,22,508,https://www.youtube.com/watch?v=jJWO9b8gD_4,12,7,12,https://www.youtube.com/watch?v=ViYSZk8JkS4,671,0,0,0,
a823412858b749f7bd2bff3739ec55b7,1820,92328,105,51,183,https://www.youtube.com/watch?v=3y4lcEtwBa4,105,51,183,https://www.youtube.com/watch?v=3y4lcEtwBa4,0,0,0,,430,46,33,50,https://www.twitch.tv/videos/2744362036
e72542ff8bb14e47929b037c626c320a,1820,36748,0,0,0,,0,0,0,,0,0,0,,0,0,0,0,
08158657738a4949bce0cbbc36c4e701,1820,76880,0,0,0,,0,0,0,,0,0,0,,0,0,0,0,
0c1efcf431bc4ffbb208775a9738e348,1810,66461,0,0,0,,0,0,0,,0,0,0,,160,0,0,0,
342f808864164047acc8ddffe88c9618,1810,132414,111,75,111,https://www.youtube.com/watch?v=pggCHYwQgKs,111,75,111,https://www.youtube.com/watch?v=pggCHYwQgKs,0,0,0,,2136,403,263,689,https://www.twitch.tv/videos/2742696522
3bbbe40f23e344fa8889d410b7315383,1810,2080,0,0,0,,0,0,0,,0,0,0,,0,0,0,0,
db2f279f9960492082f3ae6ad20aca91,1810,47012,0,0,0,,0,0,0,,0,0,0,,504,0,0,0,
0da343539de64a169fe51ad653e5c73d,1800,40717,50,33,93,https://www.youtube.com/watch?v=g6o880LU1GY,50,33,93,https://www.youtube.com/watch?v=g6o880LU1GY,0,0,0,,0,0,0,0,
49c4f54141434226960845b2a46c432b,1800,60804,0,0,0,,0,0,0,,0,0,0,,0,0,0,0,
8ad9544f4e4f42a09ec1ecb6b514729f,1800,95217,58,25,114,https://www.youtube.com/watch?v=rJf-RGmu-IU,58,25,114,https://www.youtube.com/watch?v=rJf-RGmu-IU,0,0,0,,0,0,0,0,
be84d60f2d0e452ab7d66eaeb957477f,1790,82552,0,0,0,,0,0,0,,0,0,0,,0,0,0,0,
372962c805114682a4d16b75c13c80ed,1790,264,0,0,0,,0,0,0,,0,0,0,,0,0,0,0,
8b732f3260e0427f9cf795b93ada310a,1790,57150,897,148,897,https://www.youtube.com/watch?v=p8ciE7sgr4c,0,0,0,,897,148,897,https://www.youtube.com/watch?v=p8ciE7sgr4c,2976,397,239,397,https://www.twitch.tv/videos/2743718455
5efdd7a401eb430ba20cb6f391fbbce3,1790,34910,0,0,0,,0,0,0,,0,0,0,,0,0,0,0,
b023ec32c6b5474e95c7faf252925b8e,1790,50749,24,1,32,https://www.youtube.com/watch?v=zX91nNFAB8E,0,0,0,,24,1,32,https://www.youtube.com/watch?v=zX91nNFAB8E,402,36,22,54,https://www.twitch.tv/videos/2742124472
31c7fada1ab24cbd83ab4ae698955a29,1790,78625,38,13,771,https://www.youtube.com/watch?v=ByDqQX8TN5c,31,10,97,https://www.youtube.com/watch?v=tLF4UPS0KRQ,158,151,771,https://www.youtube.com/watch?v=ByDqQX8TN5c,0,0,0,0,
c489b78388904133a8b93cd4d0470aad,1780,3972,0,0,0,,0,0,0,,0,0,0,,629,0,0,0,
29d3dea4a1684bec9592e2ccc3685c57,1780,64003,0,0,0,,0,0,0,,0,0,0,,0,0,0,0,
ced6b5d82fc848a5a0f45a1b3da4cfae,1780,81120,108,76,128,https://www.youtube.com/watch?v=7SJ4NP6G9Oo,108,76,128,https://www.youtube.com/watch?v=7SJ4NP6G9Oo,0,0,0,,216,10,7,28,https://www.twitch.tv/videos/2751917536
e39607950249427da8b60fa012115e44,1780,104187,464,208,877,https://www.youtube.com/watch?v=WeQRxgtsAuE,0,0,0,,464,208,877,https://www.youtube.com/watch?v=WeQRxgtsAuE,0,0,0,0,
bff58c28269748eb99103a257886309a,1780,58540,106,42,199,https://www.youtube.com/watch?v=6UWBR0F6kX8,106,42,199,https://www.youtube.com/watch?v=6UWBR0F6kX8,0,0,0,,0,0,0,0,
ce59f11c200841dab2e8a5e30655a827,1770,251132,0,0,0,,0,0,0,,0,0,0,,27,0,0,0,
3bc6afb820df4f59b2c6ff1c25d1eed3,1770,141332,63,40,450,https://www.youtube.com/watch?v=WtxmRbsTKnE,61,30,450,https://www.youtube.com/watch?v=WtxmRbsTKnE,139,110,433,https://www.youtube.com/watch?v=m0Xiw1mOdFc,0,0,0,0,
5612ac8b150e45e5a7381a2c07e9671a,1770,75534,81,51,256,https://www.youtube.com/watch?v=utcvOuN50HA,81,51,256,https://www.youtube.com/watch?v=utcvOuN50HA,0,0,0,,0,0,0,0,
b49c2970f97b4fd4a6762b3e9ba94f8e,1770,7681,0,0,0,,0,0,0,,0,0,0,,10036,943,344,2132,https://www.twitch.tv/videos/2743723465
8020c505099f474ca81da3023926485f,1760,103849,107,76,2281,https://www.youtube.com/watch?v=AEmQLoJL5d8,106,75,185,https://www.youtube.com/watch?v=X71GPvMiRVQ,2281,715,2281,https://www.youtube.com/watch?v=AEmQLoJL5d8,0,0,0,0,
d748a977fcd24752ad9e038468713bf2,1760,37859,69,47,98,https://www.youtube.com/watch?v=T9GJunEA8pk,69,47,98,https://www.youtube.com/watch?v=T9GJunEA8pk,0,0,0,,0,0,0,0,
2e8c364f691740dd81c0fa61727a9790,1760,596042,0,0,0,,0,0,0,,0,0,0,,3788,0,0,0,
66830cad0b9949689741b0dc5ef39d29,1760,49226,0,0,0,,0,0,0,,0,0,0,,0,0,0,0,
8483ae3c14ca488394d427d271854d88,1750,35697,0,0,0,,0,0,0,,0,0,0,,43,0,0,0,
3584322d47f14c7aa8f6e98511d3c54a,1750,1125,0,0,0,,0,0,0,,0,0,0,,1046,0,0,0,
0f7d7faa487642d0a8ff6d5fc8dbc394,1750,150862,0,0,0,,0,0,0,,0,0,0,,1659,465,171,1447,https://www.twitch.tv/videos/2745378648
d0c2bb3e9091413e8d245bdc217e9420,1750,54675,62,23,106,https://www.youtube.com/watch?v=n7dJGMv0yxA,62,23,106,https://www.youtube.com/watch?v=n7dJGMv0yxA,0,0,0,,0,0,0,0,
637a5867616a436ba0f7cdd36057f55a,1740,136643,100,71,1480,https://www.youtube.com/watch?v=MuWgW0e8v6E,101,71,787,https://www.youtube.com/watch?v=8rs3tr0sbe4,69,43,1480,https://www.youtube.com/watch?v=MuWgW0e8v6E,95,0,0,0,
dc8226bfc9c64cf5bc768f387a41c48d,1740,25246,0,0,0,,0,0,0,,0,0,0,,0,0,0,0,
673abaca34d047b49b11d50214a9a463,1740,78373,176,110,247,https://www.youtube.com/watch?v=8c0uE5l4SYg,176,110,247,https://www.youtube.com/watch?v=8c0uE5l4SYg,0,0,0,,86,0,0,0,
a0ac84f84b914c21acf669844a163436,1730,39471,164,35,176,https://www.youtube.com/watch?v=kj6LJN-_-88,164,35,176,https://www.youtube.com/watch?v=kj6LJN-_-88,0,0,0,,376,191,168,319,https://www.twitch.tv/videos/2751134430
018244f1ad404c9eaa4ddf747c3bafa0,1730,218763,181,80,345,https://www.youtube.com/watch?v=XKzjzsT5w7s,197,97,345,https://www.youtube.com/watch?v=XKzjzsT5w7s,78,44,133,https://www.youtube.com/watch?v=4fftNOPa6Q8,0,0,0,0,
3a8fe50b02d04b45af3974ed979c52eb,1730,82163,242,108,1466,https://www.youtube.com/watch?v=Pj50wnX82lo,232,87,317,https://www.youtube.com/watch?v=Nv1Z3i9BCd4,1426,592,1466,https://www.youtube.com/watch?v=Pj50wnX82lo,0,0,0,0,
f3fa92d46e744da29b61f9468c76b9a5,1730,38869,84,34,84,https://www.youtube.com/watch?v=X9Xelr_zEH4,84,34,84,https://www.youtube.com/watch?v=X9Xelr_zEH4,0,0,0,,0,0,0,0,
b0e88b4d4e5d41c4b5edd07540dc3637,1720,137968,74,36,102,https://www.youtube.com/watch?v=YXaJ1QERo1o,74,36,102,https://www.youtube.com/watch?v=YXaJ1QERo1o,0,0,0,,0,0,0,0,
7cc197b36bc64bf38aaf98a17eaf8d31,1720,169583,1286,1115,1327,https://www.youtube.com/watch?v=LONoxReXmog,0,0,0,,1286,1115,1327,https://www.youtube.com/watch?v=LONoxReXmog,0,0,0,0,
84cccbea595d4bc69426d5c75f1ac3a4,1720,89285,0,0,0,,0,0,0,,0,0,0,,0,0,0,0,
6fa5098cd1c644c5871a47a7e56803dc,1710,48580,332,151,491,https://www.youtube.com/watch?v=AFlRT_HhNsE,332,151,491,https://www.youtube.com/watch?v=AFlRT_HhNsE,0,0,0,,258,0,0,0,
f3914ae7ae6541198b6b5f4d63febe48,1710,49203,0,0,0,,0,0,0,,0,0,0,,0,0,0,0,
8f7fdc3104f541539132c122eeab6801,1710,35754,107,70,1440,https://www.youtube.com/watch?v=u_RXqZ4HO7k,103,59,197,https://www.youtube.com/watch?v=_O3X3XG7i3E,282,181,1440,https://www.youtube.com/watch?v=u_RXqZ4HO7k,0,0,0,0,
e9fa90c6824c47abbfd114e9cd9b4125,1710,108610,57,30,4014,https://www.youtube.com/watch?v=yVdnS5Enpf0,56,25,73,https://www.youtube.com/watch?v=rcV8HYRgB94,1507,1271,4014,https://www.youtube.com/watch?v=yVdnS5Enpf0,0,0,0,0,
1e0ca2c7a8d7493baa62b792d78e7b07,1700,131294,128,73,251,https://www.youtube.com/watch?v=D9N_k9-lySc,128,73,251,https://www.youtube.com/watch?v=D9N_k9-lySc,0,0,0,,0,0,0,0,
dbe3f9880dec4a03bcc1943343455a6c,1700,76888,108,102,149,https://www.youtube.com/watch?v=opuhCghdMGk,108,102,149,https://www.youtube.com/watch?v=opuhCghdMGk,0,0,0,,0,0,0,0,
8f1a38101d324afcbfc7df27d5d1e0a9,1700,194494,19,10,247,https://www.youtube.com/watch?v=hGX1GvHUh9c,19,10,247,https://www.youtube.com/watch?v=hGX1GvHUh9c,0,0,0,,0,0,0,0,
8c171b8f4b854cbfade4ee2babc19e0f,1690,37269,114,49,1286,https://www.youtube.com/watch?v=luafOySUMF8,113,46,234,https://www.youtube.com/watch?v=cPYcQMBXGGY,823,428,1286,https://www.youtube.com/watch?v=luafOySUMF8,0,0,0,0,
351e16ae67e14d5e8c7294284c2ded4d,1690,25106,0,0,0,,0,0,0,,0,0,0,,699,0,0,0,
7d3b310a867942cab270e48f7a397e0d,1690,38733,42,22,1864,https://www.youtube.com/watch?v=5eHeKUjY9rQ,42,21,173,https://www.youtube.com/watch?v=LYl74QadCIE,56,52,1864,https://www.youtube.com/watch?v=5eHeKUjY9rQ,881,0,0,0,
2e58c53f72f144dbad853ca8630dab19,1690,49089,264,126,1335,https://www.youtube.com/watch?v=82EGocUIb_Y,264,126,1335,https://www.youtube.com/watch?v=82EGocUIb_Y,0,0,0,,139,0,0,0,
9deb096c2fb943a7ae7487bf25e28026,1680,118399,155,73,921,https://www.youtube.com/watch?v=lS-Zq8ChIiQ,131,73,166,https://www.youtube.com/watch?v=1CM3sWI9Ng8,665,76,921,https://www.youtube.com/watch?v=lS-Zq8ChIiQ,1363,216,152,300,https://www.twitch.tv/videos/2750283615
608b617ad99c4f18b97d10560e254b4b,1680,52365,104,47,396,https://www.youtube.com/watch?v=h12w_MqYgaY,102,46,396,https://www.youtube.com/watch?v=h12w_MqYgaY,278,155,320,https://www.youtube.com/watch?v=pu3wmeGKK1M,0,0,0,0,
df7bcc29e3204005877b25cdad9206b7,1680,81028,0,0,0,,0,0,0,,0,0,0,,0,0,0,0,
44ae1f339250472c82d1fc4ffb3610ad,1670,72278,474,208,695,https://www.youtube.com/watch?v=-9262sa5Esc,474,208,695,https://www.youtube.com/watch?v=-9262sa5Esc,0,0,0,,2685,1132,560,1698,https://www.twitch.tv/videos/2744270988
eb54f557a3734bfda57ecddd8df07681,1670,43322,0,0,0,,0,0,0,,0,0,0,,540,130,113,130,https://www.twitch.tv/videos/2750239168
d18dd7d3e19f469b9e3faaa6c1fe2b0d,1670,35751,79,46,225,https://www.youtube.com/watch?v=VMXlb_PTgao,79,46,225,https://www.youtube.com/watch?v=VMXlb_PTgao,0,0,0,,226,0,0,0,
7eb39f4278b04ed485060a084cd07876,1670,61952,0,0,0,,0,0,0,,0,0,0,,0,0,0,0,
1f445fb1ee7447c2add6738b86570b2e,1670,70260,0,0,0,,0,0,0,,0,0,0,,0,0,0,0,
60a400d6a5d841f78b352675c383dbef,1670,47680,0,0,0,,0,0,0,,0,0,0,,0,0,0,0,
ecbeda5532474bdb8d08d4e15ce98d89,1660,15209,0,0,0,,0,0,0,,0,0,0,,3010,0,0,0,
1c304e8690e2400d9482f1173f59ad70,1660,88686,282,81,1423,https://www.youtube.com/watch?v=pS9MQkhJvMA,282,76,630,https://www.youtube.com/watch?v=D0E6X4mr-XY,787,345,1423,https://www.youtube.com/watch?v=pS9MQkhJvMA,210,86,50,146,https://www.twitch.tv/videos/2747756523
af9a2d0fab684be9b9da09e251f6bae6,1660,77996,161,77,3791,https://www.youtube.com/watch?v=rlm_EFx_NeM,147,69,219,https://www.youtube.com/watch?v=t04Y6CLp2cQ,2771,1368,3791,https://www.youtube.com/watch?v=rlm_EFx_NeM,414,193,159,193,https://www.twitch.tv/videos/2749281810
1257fb7258eb49ad8cf58ed64b800056,1660,47417,0,0,0,,0,0,0,,0,0,0,,783,188,85,658,https://www.twitch.tv/videos/2731455847
3e41189706dd483db4e407c295b058ce,1660,98685,64,30,1023,https://www.youtube.com/watch?v=LifFU4RvjxI,64,30,133,https://www.youtube.com/watch?v=svqtDz83Zrc,469,16,1023,https://www.youtube.com/watch?v=LifFU4RvjxI,4747,417,232,150590,https://www.twitch.tv/videos/2750160567
21a819efced54f6991abd3fc0b43091f,1650,122472,627,88,22870,https://www.youtube.com/watch?v=z8rpRjFaa4I,177,49,224,https://www.youtube.com/watch?v=9Yz6lX9d4C4,1507,495,22870,https://www.youtube.com/watch?v=z8rpRjFaa4I,812,157,141,157,https://www.twitch.tv/videos/2751048331
e3451dd6f3c0444c888eb6f67704613a,1650,61449,177,91,603,https://www.youtube.com/watch?v=MIOMk9I9gSw,177,91,603,https://www.youtube.com/watch?v=MIOMk9I9gSw,0,0,0,,0,0,0,0,
7259f7e619e943018e64fb24d4d20e34,1650,33940,125,117,125,https://www.youtube.com/watch?v=HCI2OvBTFko,125,117,125,https://www.youtube.com/watch?v=HCI2OvBTFko,0,0,0,,0,0,0,0,
10c8c9b647e7464f9d95c7c1a865da01,1650,116240,46,27,1663,https://www.youtube.com/watch?v=zUOwbhd-N8w,35,17,85,https://www.youtube.com/watch?v=oKVojeS1pzA,689,532,1663,https://www.youtube.com/watch?v=zUOwbhd-N8w,2102,200,118,264,https://www.twitch.tv/videos/2746949303
f7bfeaf6288f4afe80b62dab32698a0c,1640,520885,56,20,138,https://www.youtube.com/watch?v=wWOkjXqSeLI,62,28,90,https://www.youtube.com/watch?v=deBQALnoAQA,33,16,138,https://www.youtube.com/watch?v=wWOkjXqSeLI,335,0,0,0,
cfa15a7e93824927ad4b84a519b0ab68,1640,590956,2215,1205,4714,https://www.youtube.com/watch?v=fCfQBPZkQmM,0,0,0,,2215,1205,4714,https://www.youtube.com/watch?v=fCfQBPZkQmM,0,0,0,0,
c192b6e25df841ad85cbc8bbf0bd8bfe,1640,109883,0,0,0,,0,0,0,,0,0,0,,0,0,0,0,
607d6173383c4118a32171fbcfc98e60,1640,42235,0,0,0,,0,0,0,,0,0,0,,16544,0,0,0,
7e50374d02184a429cfc6dfba9b52e2f,1640,9670,0,0,0,,0,0,0,,0,0,0,,392,56,44,74,https://www.twitch.tv/videos/2748641085
7d6a4fa5389c461bb553b8190c5e951f,1640,105058,0,0,0,,0,0,0,,0,0,0,,0,0,0,0,
4077520d348749e49598cd5fa1058b6a,1630,60018,27,11,92,https://www.youtube.com/watch?v=jlFa_YsIGrU,27,11,92,https://www.youtube.com/watch?v=jlFa_YsIGrU,0,0,0,,264,0,0,0,
b9086ee5f7b54353a5ba85c973b2e2af,1630,64980,67,55,67,https://www.youtube.com/watch?v=aNtpX5-GisI,67,55,67,https://www.youtube.com/watch?v=aNtpX5-GisI,0,0,0,,0,0,0,0,
bdcf0d95e6544ebaaddbfba94839cd6b,1630,91054,47,16,88,https://www.youtube.com/watch?v=NwDyrUs5T-4,49,22,60,https://www.youtube.com/watch?v=1t_GKh9EQ0o,20,13,88,https://www.youtube.com/watch?v=NwDyrUs5T-4,0,0,0,0,
c45e260cafa14b3fab4030fb339ed1ab,1630,76527,48,37,204,https://www.youtube.com/watch?v=ImLlFiBk8_0,47,34,69,https://www.youtube.com/watch?v=6qFN8nbSBeI,204,48,204,https://www.youtube.com/watch?v=ImLlFiBk8_0,28,0,0,0,
7e26ddf485a84c0cb6d781a3bf432c55,1630,38826,0,0,0,,0,0,0,,0,0,0,,3964,0,0,0,
5dc565de88a948ecb092cce178aafe60,1630,477441,0,0,0,,0,0,0,,0,0,0,,416,0,0,0,
da503b835e2a41d58433ebf6960db356,1630,59976,164,43,190,https://www.youtube.com/watch?v=e1QUmzq8QLk,190,43,190,https://www.youtube.com/watch?v=e1QUmzq8QLk,138,43,138,https://www.youtube.com/watch?v=WVsLSG7tFQw,783,0,0,0,
d3b1e8a5a2c74d2395dc33869caadb50,1620,7145,0,0,0,,0,0,0,,0,0,0,,0,0,0,0,
e8ec42e35b774df8a21ae98a0d01fdc0,1620,1195936,134,61,4334,https://www.youtube.com/watch?v=csbJ8eHDF6s,40,17,103,https://www.youtube.com/watch?v=v9Toaaop7jA,842,132,4334,https://www.youtube.com/watch?v=csbJ8eHDF6s,0,0,0,0,
306117a48f3445baad1d6a919ed340bb,1620,68037,152,70,1081,https://www.youtube.com/watch?v=bo-M60tCcEQ,148,66,324,https://www.youtube.com/watch?v=ou_yKyeaIWE,746,437,1081,https://www.youtube.com/watch?v=bo-M60tCcEQ,151,0,0,0,
80e2f3365bfd4479a3594c3278311103,1620,0,0,0,0,,0,0,0,,0,0,0,,2262,0,0,0,
46e494bf06c640da95ad1b0b81631d98,1620,262428,49,22,2087,https://www.youtube.com/watch?v=Lwq8TKOCaZ4,45,21,98,https://www.youtube.com/watch?v=7oW72pi7MBY,1062,738,2087,https://www.youtube.com/watch?v=Lwq8TKOCaZ4,924,38,35,47,https://www.twitch.tv/videos/2751719734
c4651b162abb45c3a85640e3d456fa71,1610,57860,31,19,42,https://www.youtube.com/watch?v=t55YpXndvxo,31,19,42,https://www.youtube.com/watch?v=t55YpXndvxo,0,0,0,,320,0,0,0,
7425576151124e11a94609fd1b8687bc,1610,62196,77,8,77,https://www.youtube.com/watch?v=q2t5UNXxz_M,77,8,77,https://www.youtube.com/watch?v=q2t5UNXxz_M,0,0,0,,2028,0,0,0,
9e5e58a212584007b1ab1f22f5c59438,1610,135252,145,57,504,https://www.youtube.com/watch?v=muMCo_56fHU,145,57,504,https://www.youtube.com/watch?v=muMCo_56fHU,0,0,0,,0,0,0,0,
a1915cccb8584d57b9b22975263c7af4,1610,268693,71,54,1196,https://www.youtube.com/watch?v=TPJFUkaNsx0,66,34,103,https://www.youtube.com/watch?v=p3w4NBQn_nU,629,126,1196,https://www.youtube.com/watch?v=TPJFUkaNsx0,0,0,0,0,
67674d86fce54eceb37e0dc4ea802132,1600,120873,83,36,472,https://www.youtube.com/watch?v=wfJfAJqJyO8,89,39,298,https://www.youtube.com/watch?v=V7wKpm4r5Jo,59,22,472,https://www.youtube.com/watch?v=wfJfAJqJyO8,91,9,7,20,https://www.twitch.tv/videos/2748662804
954590604f0e49e88fadc8ce6dafba1b,1600,93625,62,37,68,https://www.youtube.com/watch?v=Ggj8cE48DrY,62,37,68,https://www.youtube.com/watch?v=Ggj8cE48DrY,0,0,0,,0,0,0,0,
bee9506c5d714205bfc69573280852c2,1600,119604,350,81,1963,https://www.youtube.com/watch?v=8bkQAlABQ54,117,25,252,https://www.youtube.com/watch?v=OWXar5btfPM,1581,397,1963,https://www.youtube.com/watch?v=8bkQAlABQ54,2136,87,64,247,https://www.twitch.tv/videos/2745287972
86e86bf2d8e54e9083613e7398e1e7ac,1590,37032,0,0,0,,0,0,0,,0,0,0,,1817,643,547,1938,https://www.twitch.tv/videos/2750942481
a73b969a7fe24a9aaeb9bc1c63ca6450,1590,86310,0,0,0,,0,0,0,,0,0,0,,4880,371,100,787,https://www.twitch.tv/videos/2733569513
2913f17e61014f7691e016fae8468404,1590,72885,71,28,500,https://www.youtube.com/watch?v=D3HHBW-ggAE,66,24,206,https://www.youtube.com/watch?v=ThNNOQLFN_w,500,348,500,https://www.youtube.com/watch?v=D3HHBW-ggAE,265,0,0,0,
8cace62dbfc34c2a9a2a348e479cdbb1,1590,193721,969,705,1131,https://www.youtube.com/watch?v=sNvk6S5-duw,17,8,17,https://www.youtube.com/watch?v=JT8ozyVamQA,1076,726,1131,https://www.youtube.com/watch?v=sNvk6S5-duw,0,0,0,0,
e214241ed6574d939e398051ae25921d,1590,65,0,0,0,,0,0,0,,0,0,0,,0,0,0,0,
53cd965ca91e495887b89aabd6314402,1580,31689,51,27,1116,https://www.youtube.com/watch?v=j4m3kPNf41M,48,24,76,https://www.youtube.com/watch?v=VEHg2-4uTNk,1116,80,1116,https://www.youtube.com/watch?v=j4m3kPNf41M,16,0,0,0,
055f10f2da424da8bfbfe9d01b15fb11,1580,43834,103,52,149,https://www.youtube.com/watch?v=UhZ-L1h4E5Y,103,52,149,https://www.youtube.com/watch?v=UhZ-L1h4E5Y,0,0,0,,38,0,0,0,
7e9fc4a1ccc7445182bb3c5264d99187,1580,62384,136,51,1436,https://www.youtube.com/watch?v=L6UqS10-gvw,97,41,273,https://www.youtube.com/watch?v=tXDJnvlduhU,858,474,1436,https://www.youtube.com/watch?v=L6UqS10-gvw,0,0,0,0,
9a7b7c9c31da44aca5a68395a2e69488,1570,704607,40,15,250,https://www.youtube.com/watch?v=8IK6GnM89jA,38,13,250,https://www.youtube.com/watch?v=8IK6GnM89jA,86,44,127,https://www.youtube.com/watch?v=pfbP1AZoDrg,114,0,0,0,
b0a7d70ae76549f5b4418e56ee4ad43f,1570,43214,75,45,1215,https://www.youtube.com/watch?v=_viZWdOyaB8,75,45,141,https://www.youtube.com/watch?v=seDBtbBrj7w,625,273,1215,https://www.youtube.com/watch?v=_viZWdOyaB8,1011,257,161,412,https://www.twitch.tv/videos/2749235677
a725f6babc5f44779d7389886c6cd7b7,1570,57340,89,46,745,https://www.youtube.com/watch?v=31AfikBYcS0,91,49,745,https://www.youtube.com/watch?v=31AfikBYcS0,62,4,62,https://www.youtube.com/watch?v=OBLO0FI_cFQ,0,0,0,0,
905304e606344aba8c84b83717453f5e,1570,68847,91,48,390,https://www.youtube.com/watch?v=WNMi5rm7G-c,91,48,390,https://www.youtube.com/watch?v=WNMi5rm7G-c,0,0,0,,0,0,0,0,
95fa8eef249d4edca59594271fedc487,1560,52157,0,0,0,,0,0,0,,0,0,0,,0,0,0,0,
bc7d14416ba24cc8819f0753e1f595f5,1560,307232,121,47,616,https://www.youtube.com/watch?v=Dw0TJd0c4Wg,121,47,616,https://www.youtube.com/watch?v=Dw0TJd0c4Wg,0,0,0,,0,0,0,0,
94f9966aa28a45e1ab4b94507037d1d7,1560,143496,158,64,282,https://www.youtube.com/watch?v=DxmIivs_Mv4,158,64,282,https://www.youtube.com/watch?v=DxmIivs_Mv4,0,0,0,,0,0,0,0,
c4fafcb15c694ad5ab88d1948d401e54,1560,82468,155,52,486,https://www.youtube.com/watch?v=5ipGfEVCwR4,155,52,486,https://www.youtube.com/watch?v=5ipGfEVCwR4,0,0,0,,169,0,0,0,
a112fc34dd9944a5a15f50c1c078aa3e,1560,126579,113,38,139,https://www.youtube.com/watch?v=_5rT_FtaPFE,113,38,139,https://www.youtube.com/watch?v=_5rT_FtaPFE,0,0,0,,0,0,0,0,
5b1bd72acc95440cb3aa381c89cfca3c,1560,89893,144,140,372,https://www.youtube.com/watch?v=43JFQoAIu94,0,0,0,,144,140,372,https://www.youtube.com/watch?v=43JFQoAIu94,0,0,0,0,
89f4c9a5a9374700ae9f3725cd8a3f0f,1560,143372,260,102,3539,https://www.youtube.com/watch?v=6FUeOjatJyM,119,20,225,https://www.youtube.com/watch?v=frcClGc5Wgo,1151,639,3539,https://www.youtube.com/watch?v=6FUeOjatJyM,172,101,57,113,https://www.twitch.tv/videos/2743746808
1cdbceb7ad414bb59b3a9563a93fe840,1560,64784,222,164,222,https://www.youtube.com/watch?v=lGB9oUQ6k28,222,164,222,https://www.youtube.com/watch?v=lGB9oUQ6k28,0,0,0,,0,0,0,0,
e312462015a2454087c9fe83dd939994,1550,29844,84,66,134,https://www.youtube.com/watch?v=nma4xHGL4cw,84,66,134,https://www.youtube.com/watch?v=nma4xHGL4cw,0,0,0,,0,0,0,0,
904f58005872497b82964fff25490152,1550,22028,0,0,0,,0,0,0,,0,0,0,,190,0,0,0,
cbd9ed35dc0045aa9c57bb9ee14b02e0,1540,693569,7,4,320,https://www.youtube.com/watch?v=03XaoO7-EOU,0,0,0,,7,4,320,https://www.youtube.com/watch?v=03XaoO7-EOU,0,0,0,0,
95eabea4e8014fedb5d34ea27137a4ca,1540,129108,98,46,1418,https://www.youtube.com/watch?v=68qDDfVzbm0,97,33,141,https://www.youtube.com/watch?v=ObAgdAJlQCs,1278,811,1418,https://www.youtube.com/watch?v=68qDDfVzbm0,0,0,0,0,
00c2bd1279064d88b05ad2d17d790e37,1540,6472,974,202,1374,https://www.youtube.com/watch?v=dlLFTDPWp7Q,0,0,0,,974,202,1374,https://www.youtube.com/watch?v=dlLFTDPWp7Q,193,0,0,0,
1eef416d7ad94b6aa728e10d6da10304,1540,69178,37,30,80,https://www.youtube.com/watch?v=0nSDdsvUEFs,0,0,0,,37,30,80,https://www.youtube.com/watch?v=0nSDdsvUEFs,2033,597,416,658,https://www.twitch.tv/videos/2748666052
bf03fd8b5b55481590ea63338c5cdd20,1540,31089,0,0,0,,0,0,0,,0,0,0,,4025,0,0,0,
1be625b10e2f4e65bab5b19d10a4d0b1,1540,18459,0,0,0,,0,0,0,,0,0,0,,0,0,0,0,
ee7cfe445bc84d6fa7fff5df6fbf0d32,1530,45628,59,22,71,https://www.youtube.com/watch?v=NdDeYEd1F7Y,59,22,71,https://www.youtube.com/watch?v=NdDeYEd1F7Y,0,0,0,,735,0,0,0,
e210fb08b0744535a907823fa9f062cc,1530,52778,0,0,0,,0,0,0,,0,0,0,,1198,281,85,419,https://www.twitch.tv/videos/2741985474
d57b7459ef5949ef96672a96fb33d8a2,1520,62837,0,0,0,,0,0,0,,0,0,0,,1098,390,306,571,https://www.twitch.tv/videos/2742141893
260f0fb7a8b1421394c38114230479bb,1520,65167,52,22,156,https://www.youtube.com/watch?v=1q_YWST60ak,52,22,156,https://www.youtube.com/watch?v=1q_YWST60ak,0,0,0,,138,0,0,0,
eaa1d55ba99c40ce82413701233efdbd,1510,60355,63,18,124,https://www.youtube.com/watch?v=3c_UEUtee3U,63,18,124,https://www.youtube.com/watch?v=3c_UEUtee3U,0,0,0,,0,0,0,0,
c6ce333916b446d48d27be05df1a218e,1510,30738,60,48,84,https://www.youtube.com/watch?v=vg5XQ8tPkoE,60,48,84,https://www.youtube.com/watch?v=vg5XQ8tPkoE,0,0,0,,552,25,15,25,https://www.twitch.tv/videos/2743882291
c506f1ab266f47e2be683220533a4790,1510,43071,48,33,1037,https://www.youtube.com/watch?v=epo4wwU5NuY,25,22,51,https://www.youtube.com/watch?v=0nxYTHkrhXM,186,37,1037,https://www.youtube.com/watch?v=epo4wwU5NuY,0,0,0,0,
d70830a282b9446f89bc9d82c88b8db3,1510,132946,0,0,0,,0,0,0,,0,0,0,,265,0,0,0,
b88e19a358b843068cd5bd7ec103d521,1500,133481,137,91,1217,https://www.youtube.com/watch?v=19zf10dlmtI,131,75,167,https://www.youtube.com/watch?v=lRJbqrTwxeo,1217,1095,1217,https://www.youtube.com/watch?v=19zf10dlmtI,0,0,0,0,
5ce810e28ea54f5bacd55573589f4e4e,1500,99118,48,27,121,https://www.youtube.com/watch?v=jLm5HVB287c,48,27,121,https://www.youtube.com/watch?v=jLm5HVB287c,0,0,0,,0,0,0,0,
2ead897ab38c4530aeeb69a2f02da623,1500,68662,104,53,526,https://www.youtube.com/watch?v=KmfBz3--0bk,104,53,400,https://www.youtube.com/watch?v=-4Ak9u3REOo,300,153,526,https://www.youtube.com/watch?v=KmfBz3--0bk,0,0,0,0,
dcc5b43448044231a3a8710d144b2602,1500,129477,136,61,226,https://www.youtube.com/watch?v=cZRsT0gMJPk,136,61,226,https://www.youtube.com/watch?v=cZRsT0gMJPk,0,0,0,,0,0,0,0,
02dadd7977b8412b99f101241de4cb3f,1500,77728,33,14,77,https://www.youtube.com/watch?v=5HVPv0fo7XU,33,14,77,https://www.youtube.com/watch?v=5HVPv0fo7XU,0,0,0,,1072,78,62,180,https://www.twitch.tv/videos/2746116167
b8ce93818de34a93901147e5d9857170,1490,85809,0,0,0,,0,0,0,,0,0,0,,0,0,0,0,
91025114208d41b2bff535d6e277017e,1490,65602,41,12,63,https://www.youtube.com/watch?v=IVdm6LIM_18,41,12,63,https://www.youtube.com/watch?v=IVdm6LIM_18,0,0,0,,0,0,0,0,
4c466d73397a4899b4ca26f90aaf57ad,1490,158910,1096,645,1477,https://www.youtube.com/watch?v=PNj-Rs2FkUQ,0,0,0,,1096,645,1477,https://www.youtube.com/watch?v=PNj-Rs2FkUQ,167,22,16,32,https://www.twitch.tv/videos/2746987568
6d61885259b744a28c7b92c0785e8fe9,1490,0,0,0,0,,0,0,0,,0,0,0,,855,0,0,0,
a881100803aa4abc84dc3cc814dca0e7,1490,53389,70,13,2559,https://www.youtube.com/watch?v=wJ4klUjQQsI,42,9,130,https://www.youtube.com/watch?v=ZNXp3q0y-FQ,1684,1042,2559,https://www.youtube.com/watch?v=wJ4klUjQQsI,0,0,0,0,
12f51c457b27425fa98fe89c24ccb61c,1490,29157,0,0,0,,0,0,0,,0,0,0,,0,0,0,0,
6db0d51e6ac9410f84f79e57448b8a60,1490,148151,246,56,276,https://www.youtube.com/watch?v=C5QwVobl22g,246,56,276,https://www.youtube.com/watch?v=C5QwVobl22g,0,0,0,,0,0,0,0,
77829b31e6e246efbf1f648a353ff823,1480,255796,156,81,1531,https://www.youtube.com/watch?v=J0T-J7iz9Bo,149,65,1060,https://www.youtube.com/watch?v=d_m516Yjpiw,1177,355,1531,https://www.youtube.com/watch?v=J0T-J7iz9Bo,0,0,0,0,
489752f0b42c49b785d43f1207429983,1480,44104,59,11,59,https://www.youtube.com/watch?v=YmAC_V1sWt4,59,11,59,https://www.youtube.com/watch?v=YmAC_V1sWt4,0,0,0,,0,0,0,0,
2131a63328214b7f9a1022dae6890d66,1470,78994,65,32,265,https://www.youtube.com/watch?v=E82NxfCy3zY,65,32,265,https://www.youtube.com/watch?v=E82NxfCy3zY,0,0,0,,358,0,0,0,
d62ad85ae5434754bc4f9f366815064a,1470,44829,0,0,0,,0,0,0,,0,0,0,,0,0,0,0,
1be04e1564c34845bee20467cdb8cfd1,1470,121098,0,0,0,,0,0,0,,0,0,0,,0,0,0,0,
3cf7289a95834ae1a25d4cb2909a1a9e,1470,50649,0,0,0,,0,0,0,,0,0,0,,0,0,0,0,
091ac99f10804fe3b417a0f285731b4e,1460,140,140,46,140,https://www.youtube.com/watch?v=HQNjD8uJxSo,140,46,140,https://www.youtube.com/watch?v=HQNjD8uJxSo,0,0,0,,468,0,0,0,
076c16fcd0c843c0b70748712d15f233,1460,29178,136,58,738,https://www.youtube.com/watch?v=SulYGe4tHP0,136,58,738,https://www.youtube.com/watch?v=SulYGe4tHP0,0,0,0,,0,0,0,0,
2cc874f341184fb799b01c399477c0b4,1460,64325,102,86,102,https://www.youtube.com/watch?v=UkNLSYQIGeI,102,86,102,https://www.youtube.com/watch?v=UkNLSYQIGeI,0,0,0,,152,0,0,0,
fcb4d9b8cd4a49dba6b421d97c179065,1450,66242,0,0,0,,0,0,0,,0,0,0,,1203,242,159,310,https://www.twitch.tv/videos/2743036789
8044e4d538ab4e16b1952c8e42dee12e,1450,139221,71,30,486,https://www.youtube.com/watch?v=i9mQmYmKSa8,71,30,486,https://www.youtube.com/watch?v=i9mQmYmKSa8,0,0,0,,0,0,0,0,
6e6fd1311d2f42228faa8b1ccb0fa589,1450,76242,73,42,132,https://www.youtube.com/watch?v=7NfPWua1Iww,73,42,132,https://www.youtube.com/watch?v=7NfPWua1Iww,0,0,0,,0,0,0,0,
a2188c1a225e4f93a64e3385fa02d779,1450,82759,0,0,0,,0,0,0,,0,0,0,,0,0,0,0,
5bc1ba6d941e4eca868a5b33425c3262,1440,0,0,0,0,,0,0,0,,0,0,0,,1196,0,0,0,
0ec3bf23ccba41659f6d91e424fb2b4a,1440,56586,0,0,0,,0,0,0,,0,0,0,,0,0,0,0,
687568c1c9254c8ab34e7b6efbdd6dbc,1440,200039,63,45,69,https://www.youtube.com/watch?v=yWP3tbicvMA,63,45,69,https://www.youtube.com/watch?v=yWP3tbicvMA,0,0,0,,0,0,0,0,
356186a5552f499baab4ac520b7d4235,1430,88602,130,68,1863,https://www.youtube.com/watch?v=H_EGCsM6pL4,119,52,207,https://www.youtube.com/watch?v=tjfgswU7IKM,565,378,1863,https://www.youtube.com/watch?v=H_EGCsM6pL4,0,0,0,0,
564b411dc4874310be6f8ee9bb7a0312,1430,99416,0,0,0,,0,0,0,,0,0,0,,0,0,0,0,
46ca57774cd7476d86727882d07bd918,1420,67859,97,52,2059,https://www.youtube.com/watch?v=esJROkcEQaU,83,41,120,https://www.youtube.com/watch?v=sUqvumaiG4Q,1758,1032,2059,https://www.youtube.com/watch?v=esJROkcEQaU,141,125,79,125,https://www.twitch.tv/videos/2744527248
747fb5e9d30240a1ac42fbf37e86b55d,1420,110953,48,17,172,https://www.youtube.com/watch?v=MZYb680ZGX8,47,21,157,https://www.youtube.com/watch?v=mwwBbvkmqi8,172,11,172,https://www.youtube.com/watch?v=MZYb680ZGX8,415,15,14,21,https://www.twitch.tv/videos/2746188217
0dbf3f6f6521460782992a963122aed0,1420,251443,130,48,1242,https://www.youtube.com/watch?v=ANjbRLwOv9E,130,41,174,https://www.youtube.com/watch?v=sLNqFsrQYz8,323,58,1242,https://www.youtube.com/watch?v=ANjbRLwOv9E,332,85,75,91,https://www.twitch.tv/videos/2751036059
889bb42644a14ae4af2b3594c51d057b,1420,76834,56,26,222,https://www.youtube.com/watch?v=EoAGcrYsYwI,54,26,179,https://www.youtube.com/watch?v=d-v1YueUqqE,159,32,222,https://www.youtube.com/watch?v=EoAGcrYsYwI,0,0,0,0,
58588863643843439cebc85ef72654bb,1410,102017,68,33,245,https://www.youtube.com/watch?v=qX-1KdvK_Vo,60,31,84,https://www.youtube.com/watch?v=vENp41VPuoE,245,227,245,https://www.youtube.com/watch?v=qX-1KdvK_Vo,0,0,0,0,
bf425f4bc9154c00918ed885bdced632,1400,82458,122,36,181,https://www.youtube.com/watch?v=z0zhCevbuns,122,36,181,https://www.youtube.com/watch?v=z0zhCevbuns,0,0,0,,0,0,0,0,
aabaf7767fa5449b86f58160496d0d4c,1400,74314,84,39,186,https://www.youtube.com/watch?v=B8TK89Dlk8M,84,39,186,https://www.youtube.com/watch?v=B8TK89Dlk8M,0,0,0,,0,0,0,0,
a7410ae72f2d4648bcf192c21abd7c32,1400,52444,0,0,0,,0,0,0,,0,0,0,,174,0,0,0,
6adad1ae67dc495dae88cefa06446593,1400,106742,0,0,0,,0,0,0,,0,0,0,,0,0,0,0,
2ea398a50afd48c3a9e3a819186a4375,1400,61006,238,114,730,https://www.youtube.com/watch?v=knnit670AyY,238,114,730,https://www.youtube.com/watch?v=knnit670AyY,0,0,0,,149,0,0,0,
1b6e28ac923f4134a3627badc2fa8ef6,1390,68668,0,0,0,,0,0,0,,0,0,0,,490,0,0,0,
30f58f5fd3994b9a8751b3f44e543c17,1390,105756,89,3,89,https://www.youtube.com/watch?v=wAmRXRYN26w,89,3,89,https://www.youtube.com/watch?v=wAmRXRYN26w,0,0,0,,0,0,0,0,
5a901d793927414493afa87af0c4baec,1390,28524,123,4,123,https://www.youtube.com/watch?v=Dj9Rl3lxgFE,0,0,0,,123,4,123,https://www.youtube.com/watch?v=Dj9Rl3lxgFE,1437,149,79,149,https://www.twitch.tv/videos/2742113095
ea8cc7c4366d48c797a88bfbcf584301,1380,35730,0,0,0,,0,0,0,,0,0,0,,155,0,0,0,
188bbf1349f1482cbd24d06ba720cf17,1380,18377,0,0,0,,0,0,0,,0,0,0,,888,72,57,145,https://www.twitch.tv/videos/2747028080
303c4cd8cf334f01805afdd8df5adc7f,1380,57364,86,38,86,https://www.youtube.com/watch?v=NjgKJL_pi4k,86,38,86,https://www.youtube.com/watch?v=NjgKJL_pi4k,0,0,0,,0,0,0,0,
5356357f112b46db862b472a4aafcee8,1380,44140,156,89,2060,https://www.youtube.com/watch?v=GlfNiwNdgog,152,89,172,https://www.youtube.com/watch?v=kWALYLQVvBA,213,89,2060,https://www.youtube.com/watch?v=GlfNiwNdgog,1292,0,0,0,
c6a8cee6b8e042518ef58659113b3f34,1380,69004,138,77,164,https://www.youtube.com/watch?v=0sluICKj5nQ,138,77,164,https://www.youtube.com/watch?v=0sluICKj5nQ,0,0,0,,0,0,0,0,
e63047f70b0b4a7eba70e7d8cbd507ec,1380,31111,0,0,0,,0,0,0,,0,0,0,,0,0,0,0,
43056077596a49349ee4bea028f670f6,1370,80521,178,90,178,https://www.youtube.com/watch?v=S5eM8ytnfjg,178,90,178,https://www.youtube.com/watch?v=S5eM8ytnfjg,0,0,0,,306,0,0,0,
4d98ebdc4eb8448da8d2ab8f64df8383,1370,1491,1491,1248,1491,https://www.youtube.com/watch?v=G6bCefPw-cY,0,0,0,,1491,1248,1491,https://www.youtube.com/watch?v=G6bCefPw-cY,155,0,0,0,
aa0d8c2604694532a20aaf0f0ced8a5e,1370,0,0,0,0,,0,0,0,,0,0,0,,2529,0,0,0,
de1fec02e4ab43aa948a415621abc524,1370,88108,0,0,0,,0,0,0,,0,0,0,,0,0,0,0,
bc77dc55cf9b4be88c878ac4b5c07438,1370,25819,52,1,95,https://www.youtube.com/watch?v=DZfZsYwy0gE,92,6,95,https://www.youtube.com/watch?v=DZfZsYwy0gE,12,0,14,https://www.youtube.com/watch?v=SAxjzgO2PWU,793,295,255,375,https://www.twitch.tv/videos/2749205396
6f68d3f50edf4814b59a4a018090b180,1360,29536,119,24,119,https://www.youtube.com/watch?v=pZA_gCA4ASg,119,24,119,https://www.youtube.com/watch?v=pZA_gCA4ASg,0,0,0,,0,0,0,0,
6861903583ee45d191ddc03faf6cd0d8,1360,21393,0,0,0,,0,0,0,,0,0,0,,1295,111,60,126,https://www.twitch.tv/videos/2743789352
7327248ff3f04589bca9e61665448ae8,1360,47320,0,0,0,,0,0,0,,0,0,0,,313,0,0,0,
61e81c6f534247b486b8125bd34fa960,1350,67343,0,0,0,,0,0,0,,0,0,0,,20143,1628,729,4456,https://www.twitch.tv/videos/2744510572
25b1a8ceab1d439491fb4e98013cd0fc,1350,21963,0,0,0,,0,0,0,,0,0,0,,582,95,22,634,https://www.twitch.tv/videos/2738930048
e3157ce546a640029cfcccb9107f8154,1350,78358,4,1,7,https://www.youtube.com/watch?v=w9BbqPQk15k,0,0,0,,4,1,7,https://www.youtube.com/watch?v=w9BbqPQk15k,0,0,0,0,
5903a0f7274043058d817894a9b39e75,1340,31220,7,5,14,https://www.youtube.com/watch?v=t7G1Ik24vi4,0,0,0,,7,5,14,https://www.youtube.com/watch?v=t7G1Ik24vi4,0,0,0,0,
18d1c00e0bde4ddbb8be5eafe0967dfe,1340,75919,368,50,368,https://www.youtube.com/watch?v=_As23yNt3F4,0,0,0,,368,50,368,https://www.youtube.com/watch?v=_As23yNt3F4,0,0,0,0,
9948190bc88442f4a0757eed54fb24f0,1340,29980,384,77,2072,https://www.youtube.com/watch?v=BKidm7HEvTQ,0,0,0,,384,77,2072,https://www.youtube.com/watch?v=BKidm7HEvTQ,219,863,771,5938,https://www.twitch.tv/videos/2747701313
6ff6adcddc934a3b94e45448e1912539,1330,203368,0,0,0,,0,0,0,,0,0,0,,1878,0,0,0,
e15cd068f6fd4a05be985c22133f5428,1330,91947,249,116,256,https://www.youtube.com/watch?v=g1qLj5PTjN8,249,116,256,https://www.youtube.com/watch?v=g1qLj5PTjN8,0,0,0,,0,0,0,0,
4082168d753e42b7aca1d25e759d09a7,1330,47791,0,0,0,,0,0,0,,0,0,0,,652,0,0,0,
e36d8852a3ed4cb58eb4e863b93ccb4e,1330,363,0,0,0,,0,0,0,,0,0,0,,101,0,0,0,
eec1f137ea78444185a4268f72f59611,1320,48558,0,0,0,,0,0,0,,0,0,0,,0,0,0,0,
8968a24fb6bf4f08b1611e694c98eb40,1320,88615,57,23,1373,https://www.youtube.com/watch?v=qULNc-ajCKA,55,20,202,https://www.youtube.com/watch?v=6h4AAFR5cyI,1373,937,1373,https://www.youtube.com/watch?v=qULNc-ajCKA,0,0,0,0,
e2df9d4aea8b4cb4b8e38c31cbf73036,1320,50089,0,0,0,,0,0,0,,0,0,0,,0,0,0,0,
4267c862353e410388f1eaa5a5d85017,1320,35755,69,49,142,https://www.youtube.com/watch?v=bSS917MzzUo,69,49,142,https://www.youtube.com/watch?v=bSS917MzzUo,0,0,0,,0,0,0,0,
9de536d111214c379ec6969a52d92442,1320,73919,45,10,48,https://www.youtube.com/watch?v=5HuGKdz079s,45,10,48,https://www.youtube.com/watch?v=5HuGKdz079s,0,0,0,,0,0,0,0,
e9a30300d33f4c2e9b1c3bd1d64148cc,1310,28263,0,0,0,,0,0,0,,0,0,0,,0,0,0,0,
521efecabae94dd6b1d21bc5e8543fcb,1310,68202,107,20,107,https://www.youtube.com/watch?v=8DV2rJOY_ok,107,20,107,https://www.youtube.com/watch?v=8DV2rJOY_ok,0,0,0,,375,0,0,0,
773a7694afcf4666960b05a4faf1a1fa,1310,72320,110,48,123,https://www.youtube.com/watch?v=k9dW8W7p2MY,110,48,123,https://www.youtube.com/watch?v=k9dW8W7p2MY,0,0,0,,0,0,0,0,
1e06211caf4f4afa98125699a4c66b5d,1310,0,0,0,0,,0,0,0,,0,0,0,,0,0,0,0,
cd9733cb91b6400aae0bc23e3f25d7eb,1300,36228,0,0,0,,0,0,0,,0,0,0,,0,0,0,0,
22a83c82e1914eb68b12e76b4ccb277c,1300,46880,66,33,1662,https://www.youtube.com/watch?v=-DLouEd0Ukg,63,21,94,https://www.youtube.com/watch?v=9RN7PkFbVBk,1423,957,1662,https://www.youtube.com/watch?v=-DLouEd0Ukg,0,0,0,0,
87606e72f653472f9eafb06e8f49c39c,1300,154169,0,0,0,,0,0,0,,0,0,0,,0,0,0,0,
515f61904a1a45688ea0d7bc1e7d499e,1300,306025,554,313,786,https://www.youtube.com/watch?v=R3-E3sGMBVw,0,0,0,,554,313,786,https://www.youtube.com/watch?v=R3-E3sGMBVw,6,0,0,0,
b572cb7de27446e3bcda5135f6a23d8a,1300,38742,81,44,1226,https://www.youtube.com/watch?v=pvQj7SUom5U,72,30,95,https://www.youtube.com/watch?v=ZxrHx_EJKfc,1023,238,1226,https://www.youtube.com/watch?v=pvQj7SUom5U,0,0,0,0,
f4eae5dde65b41969336f3f52c6df2d8,1300,108933,113,37,1468,https://www.youtube.com/watch?v=1S0hWLUfw5A,107,31,429,https://www.youtube.com/watch?v=ZED731RIhRA,1416,719,1468,https://www.youtube.com/watch?v=1S0hWLUfw5A,186,0,0,0,
ffe6a7983e434702a68fe18c169e3164,1300,52506,72,25,175,https://www.youtube.com/watch?v=X5C5bCrNNHY,74,26,175,https://www.youtube.com/watch?v=X5C5bCrNNHY,18,11,18,https://www.youtube.com/watch?v=4hoMvhkZE0w,399,14,13,14,https://www.twitch.tv/videos/2751916304
506d9c6fdbd34c8aa5fda64d90d96ac2,1300,97407,48,26,195,https://www.youtube.com/watch?v=dyeO05coGPo,48,26,195,https://www.youtube.com/watch?v=dyeO05coGPo,0,0,0,,0,0,0,0,
849624dcb99b4abf814b0b748669b6ff,1290,5922,220,49,433,https://www.youtube.com/watch?v=RqN377Nhc74,220,49,433,https://www.youtube.com/watch?v=RqN377Nhc74,0,0,0,,0,0,0,0,
f479e1403f614727a5f2a2be339bad74,1290,21273,0,0,0,,0,0,0,,0,0,0,,3579,682,204,682,https://www.twitch.tv/videos/2736279456
a5e5533ac342488a94003dc77869ddf9,1290,64925,58,24,101,https://www.youtube.com/watch?v=QoZLlbAelag,59,25,101,https://www.youtube.com/watch?v=QoZLlbAelag,29,12,29,https://www.youtube.com/watch?v=Ew81gC0GZac,0,0,0,0,
2efe1ad069184a7e94b0583b452ffac4,1280,122307,0,0,0,,0,0,0,,0,0,0,,0,0,0,0,
30a4362c1143491ea0ed5383c4882251,1280,69588,159,110,292,https://www.youtube.com/watch?v=1vZuD25NwT4,159,110,292,https://www.youtube.com/watch?v=1vZuD25NwT4,0,0,0,,0,0,0,0,
6ab090baa4624f1c8fca28312799e826,1280,42896,0,0,0,,0,0,0,,0,0,0,,776,80,51,97,https://www.twitch.tv/videos/2750250842
355d53b23acb4f4697b858ca06b25fb7,1280,400397,38,10,59,https://www.youtube.com/watch?v=XhVbH-ivyHo,38,10,59,https://www.youtube.com/watch?v=XhVbH-ivyHo,0,0,0,,0,0,0,0,
bb28421da8a749ffb1ca8582b6278c24,1270,50498,69,28,174,https://www.youtube.com/watch?v=1tk4-n4880M,0,0,0,,69,28,174,https://www.youtube.com/watch?v=1tk4-n4880M,674,226,166,351,https://www.twitch.tv/videos/2749429416
e5433e4a21eb49e2bcd508e3b12fba6d,1270,10579,0,0,0,,0,0,0,,0,0,0,,187,14,10,22,https://www.twitch.tv/videos/2748630674
74f214b764314c5aa446eb9981c94935,1270,41947,0,0,0,,0,0,0,,0,0,0,,0,0,0,0,
8fbd23f4e2ad442bb230aea8f433cd49,1270,118586,50,27,3189,https://www.youtube.com/watch?v=oAejAbxRF2I,40,26,86,https://www.youtube.com/watch?v=vGIFbS1RzXI,1087,613,3189,https://www.youtube.com/watch?v=oAejAbxRF2I,97,10,8,16,https://www.twitch.tv/videos/2752706203
9cd7391045604ccda8be89f7946233e2,1270,1779,0,0,0,,0,0,0,,0,0,0,,81,44,26,91,https://www.twitch.tv/videos/2746209969
0c3b5ae85d2940b8b73a92d72dc0d313,1260,76065,69,24,1402,https://www.youtube.com/watch?v=WlBq_P1abTA,77,31,108,https://www.youtube.com/watch?v=0BM7nt6xpM0,22,13,1402,https://www.youtube.com/watch?v=WlBq_P1abTA,472,0,0,0,
e6794eac6ea541c5a9e5570a041ac3b9,1260,41549,0,0,0,,0,0,0,,0,0,0,,1219,0,0,0,
787da9082edb4e9e9024a52cb12449e8,1260,31354,176,99,461,https://www.youtube.com/watch?v=SPkuyoNxA1Q,176,99,461,https://www.youtube.com/watch?v=SPkuyoNxA1Q,0,0,0,,0,0,0,0,
de49994d9fd14067bf9ea5b4fbac7229,1260,32670,123,25,399,https://www.youtube.com/watch?v=0qNkkAwfcQw,123,25,399,https://www.youtube.com/watch?v=0qNkkAwfcQw,0,0,0,,419,0,0,0,
403697f0f5ba49ef873673236c07e2d3,1260,74327,63,23,2278,https://www.youtube.com/watch?v=9z8InzyLfEQ,62,23,135,https://www.youtube.com/watch?v=P4qvVOaQmiY,2278,833,2278,https://www.youtube.com/watch?v=9z8InzyLfEQ,125,37,24,76,https://www.twitch.tv/videos/2752765893
a974047cb6bb412da7fca2ec9d91d882,1250,60934,106,66,4682,https://www.youtube.com/watch?v=aae1cPnMm1o,73,47,139,https://www.youtube.com/watch?v=6xi8ruJZIE8,4682,2849,4682,https://www.youtube.com/watch?v=aae1cPnMm1o,208,223,155,258,https://www.twitch.tv/videos/2742183748
afe78c5051094e86bf9fdfe6cb2a4222,1250,58245,59,10,59,https://www.youtube.com/watch?v=zVafrBNfLq0,59,10,59,https://www.youtube.com/watch?v=zVafrBNfLq0,0,0,0,,0,0,0,0,
5d73e7f013034d06b58decaf4b2b385c,1250,27867,0,0,0,,0,0,0,,0,0,0,,0,0,0,0,
948d1078ceaf4b39b3bef86fdab85482,1240,13462,106,11,106,https://www.youtube.com/watch?v=lEVsXT4gx_o,106,11,106,https://www.youtube.com/watch?v=lEVsXT4gx_o,0,0,0,,0,0,0,0,
7f7e1579979c49249dc65783d457e890,1240,33346,47,13,47,https://www.youtube.com/watch?v=JydX3lKt49g,47,13,47,https://www.youtube.com/watch?v=JydX3lKt49g,0,0,0,,439,0,0,0,
6df15d678de844d1a7f08226c02d6183,1230,8542,0,0,0,,0,0,0,,0,0,0,,0,0,0,0,
d4b4a16e0ccc4bb49ff82c8584e6ed79,1230,42658,0,0,0,,0,0,0,,0,0,0,,0,0,0,0,
9133438057714eb196366f5ecbed6a4a,1230,376404,1063,547,6043,https://www.youtube.com/watch?v=cRcF0HfW9fY,0,0,0,,1063,547,6043,https://www.youtube.com/watch?v=cRcF0HfW9fY,0,0,0,0,
648d77b2067849838a8ad3fdc0afb85a,1230,5672,0,0,0,,0,0,0,,0,0,0,,1389,273,171,275,https://www.twitch.tv/videos/2744337370
3daee44c0bab401386813cff327a10a2,1230,124245,202,71,2865,https://www.youtube.com/watch?v=72GvOPbYNwg,159,56,579,https://www.youtube.com/watch?v=5yLCrKyV2NA,1209,474,2865,https://www.youtube.com/watch?v=72GvOPbYNwg,0,0,0,0,
e290f49c193149708cd72747639d5ced,1230,70158,150,38,598,https://www.youtube.com/watch?v=Gl9LiebYQMw,150,38,598,https://www.youtube.com/watch?v=Gl9LiebYQMw,0,0,0,,0,0,0,0,
2f966e51210f49ba9dce2ac90e3ada18,1220,21584,0,0,0,,0,0,0,,0,0,0,,864,0,0,0,
c2012638512742e2801d0ced54f61711,1220,60186,0,0,0,,0,0,0,,0,0,0,,0,0,0,0,
9b424d3a99ef4fc3b17bc7fef92fefd3,1220,77124,36,13,2992,https://www.youtube.com/watch?v=LADm6BycZFg,32,10,53,https://www.youtube.com/watch?v=mPd8TgwUGVc,2220,382,2992,https://www.youtube.com/watch?v=LADm6BycZFg,380,0,0,0,
be56f6cf87ab4da7b132b9d62c74bc2e,1220,37537,0,0,0,,0,0,0,,0,0,0,,0,0,0,0,
0b8d1c0fa1b14df6821e85def645425e,1220,98156,90,38,228,https://www.youtube.com/watch?v=4Xyx7qtb3Ig,90,35,118,https://www.youtube.com/watch?v=DB3DboY8vcc,228,211,228,https://www.youtube.com/watch?v=4Xyx7qtb3Ig,165,0,0,0,
af34d62a8f4e4ca180c11f11c2832893,1210,39617,0,0,0,,0,0,0,,0,0,0,,0,0,0,0,
0f74555e05794780adc4eb0b9096f727,1210,14953,59,33,1565,https://www.youtube.com/watch?v=iHJLXgSJEgo,59,30,169,https://www.youtube.com/watch?v=_IYcRPPhghQ,1565,249,1565,https://www.youtube.com/watch?v=iHJLXgSJEgo,110,0,0,0,
d3e4f9bdbb6c42fc97b60148cefdb6e0,1210,32406,0,0,0,,0,0,0,,0,0,0,,5467,2727,1115,5044,https://www.twitch.tv/videos/2750309150
a4d4a2a3d7b648be9aa4d652ae592a4b,1210,98669,1546,623,3981,https://www.youtube.com/watch?v=UAVd7Mw9Yq4,3981,794,3981,https://www.youtube.com/watch?v=UAVd7Mw9Yq4,1526,579,1796,https://www.youtube.com/watch?v=DIlrPLw47VQ,114,0,0,0,
b80c21b76e7849f0a0fa94194fe2ad4b,1210,19890,0,0,0,,0,0,0,,0,0,0,,1135,0,0,0,
d4bea738b4d548b788ddb590b62cc2bd,1210,135604,282,98,1715,https://www.youtube.com/watch?v=741WLUCrPCk,71,33,906,https://www.youtube.com/watch?v=2S06S3OHE3Y,1559,283,1715,https://www.youtube.com/watch?v=741WLUCrPCk,0,0,0,0,
3430389926a942cbacde9b444b3a6653,1210,50822,0,0,0,,0,0,0,,0,0,0,,1034,0,0,0,
03c9d83a4c534b65a5743b381eb2ce33,1200,35900,59,8,87,https://www.youtube.com/watch?v=fABQnwREWf4,59,8,87,https://www.youtube.com/watch?v=fABQnwREWf4,0,0,0,,692,0,0,0,
8a68997a04594f3495ff2cb00a7da6d8,1200,79893,702,165,702,https://www.youtube.com/watch?v=jYq-l9d6SWg,0,0,0,,702,165,702,https://www.youtube.com/watch?v=jYq-l9d6SWg,1925,876,575,1433,https://www.twitch.tv/videos/2751008041
82d5f7612b7645f3a77dd954a0e30b24,1200,33939,0,0,0,,0,0,0,,0,0,0,,0,0,0,0,
21c774c9133043baaf8d283705cd9093,1200,32112,212,106,1018,https://www.youtube.com/watch?v=5V1OvcMnfuM,201,104,534,https://www.youtube.com/watch?v=Fl343r58Evw,362,346,1018,https://www.youtube.com/watch?v=5V1OvcMnfuM,0,0,0,0,
ccf93d7646f249dfa3454f5a60f466c8,1200,42275,0,0,0,,0,0,0,,0,0,0,,117,0,0,0,
a8b244b0fb1f42f8b4bb3d3c2277de3b,1200,115734,0,0,0,,0,0,0,,0,0,0,,4048,546,176,1544,https://www.twitch.tv/videos/2747677440
4071b27c63424e1f9882ebe04a884586,1190,42954,1481,1431,1481,https://www.youtube.com/watch?v=K1RXSwTb-ok,0,0,0,,1481,1431,1481,https://www.youtube.com/watch?v=K1RXSwTb-ok,5839,1557,603,1557,https://www.twitch.tv/videos/2738508135
c587658ad4fe44b09137591c094ab297,1190,113599,158,79,1640,https://www.youtube.com/watch?v=M15nEb-aU3g,156,73,569,https://www.youtube.com/watch?v=kwpoWaRGZik,1056,169,1640,https://www.youtube.com/watch?v=M15nEb-aU3g,32,0,0,0,
9cdf183fa1ee43c2906cca70884a6278,1190,24475,0,0,0,,0,0,0,,0,0,0,,0,0,0,0,
0446516df6074a4ba8a0f3639b17de46,1190,58047,1231,701,1548,https://www.youtube.com/watch?v=0qDkc7Q9jS0,0,0,0,,1231,701,1548,https://www.youtube.com/watch?v=0qDkc7Q9jS0,0,0,0,0,
d23dbc9d1db64c42821697d1bac8fb66,1190,100143,368,136,2966,https://www.youtube.com/watch?v=q4w5zP7RxWc,140,50,217,https://www.youtube.com/watch?v=WSyz3QFZOD4,1180,642,2966,https://www.youtube.com/watch?v=q4w5zP7RxWc,0,0,0,0,
aa72818fdcaf460b9b3f90e92d702e57,1180,21064,674,22,674,https://www.youtube.com/watch?v=F6VQ3PF655U,0,0,0,,674,22,674,https://www.youtube.com/watch?v=F6VQ3PF655U,6889,4384,2638,9032,https://www.twitch.tv/videos/2747873193
6e845fd52d044ab598cc4ca35ba91f88,1180,7759,0,0,0,,0,0,0,,0,0,0,,0,0,0,0,
921b0b3a8dd64a5494720801af95ba06,1180,79746,49,21,1314,https://www.youtube.com/watch?v=wtAbsTOgwYI,39,20,279,https://www.youtube.com/watch?v=q-04epJO_dE,753,144,1314,https://www.youtube.com/watch?v=wtAbsTOgwYI,0,0,0,0,
7b46621c7baf437da117a6c10c856292,1180,20498,77,49,115,https://www.youtube.com/watch?v=yLMcjHKYAHE,77,49,115,https://www.youtube.com/watch?v=yLMcjHKYAHE,0,0,0,,0,0,0,0,
f2ca2659644f4d02abc851e7bee3255b,1180,16339,0,0,0,,0,0,0,,0,0,0,,2096,657,536,836,https://www.twitch.tv/videos/2750755757
74c75f221fbb4cffa67de26881bae17d,1170,81150,0,0,0,,0,0,0,,0,0,0,,0,0,0,0,
870430bfaf9942f487819fcb4630fabb,1170,646,326,99,328,https://www.youtube.com/watch?v=gVt5z4dCu3s,326,99,328,https://www.youtube.com/watch?v=gVt5z4dCu3s,0,0,0,,1233,273,246,1221,https://www.twitch.tv/videos/2746482821
ac5176c53ad7447b8d63f82f65ba7200,1170,56383,0,0,0,,0,0,0,,0,0,0,,2558,0,0,0,
fe555b322c784b5b9c2297c585bc9352,1170,37408,87,82,87,https://www.youtube.com/watch?v=vJp8vDa5tIY,87,82,87,https://www.youtube.com/watch?v=vJp8vDa5tIY,0,0,0,,0,0,0,0,
3b9a06751f3c415993d424480d4d5060,1170,138885,59,36,69,https://www.youtube.com/watch?v=FqrBnponsF4,59,36,69,https://www.youtube.com/watch?v=FqrBnponsF4,0,0,0,,0,0,0,0,
07c204505d544b28bb52426d0665a59c,1160,54255,173,69,2171,https://www.youtube.com/watch?v=NHLKU01Xu9s,173,69,603,https://www.youtube.com/watch?v=ZTxn1gY79SQ,164,69,2171,https://www.youtube.com/watch?v=NHLKU01Xu9s,0,0,0,0,
20bfe5495db6453eaadbc55322c856f9,1160,38667,0,0,0,,0,0,0,,0,0,0,,0,0,0,0,
7a9b7ab0d5bd411195d77800ff778a90,1160,119451,258,187,1713,https://www.youtube.com/watch?v=DFgccezPnto,0,0,0,,258,187,1713,https://www.youtube.com/watch?v=DFgccezPnto,66,0,0,0,
507d48eff3d44b6cba7b707e321e01e7,1160,62262,0,0,0,,0,0,0,,0,0,0,,630,0,0,0,
99e9616a2f73426d8c0a672dd20d9ad3,1160,219343,58,27,58,https://www.youtube.com/watch?v=t16wRq1J6gk,58,27,58,https://www.youtube.com/watch?v=t16wRq1J6gk,0,0,0,,62,0,0,0,
90405cb21f7743639684632f6bc57a46,1160,6637,0,0,0,,0,0,0,,0,0,0,,0,0,0,0,
4c4ebb91c8a346b2876d1ccd1a32dead,1150,57509,77,30,231,https://www.youtube.com/watch?v=9eB5VT-sKEo,77,28,231,https://www.youtube.com/watch?v=9eB5VT-sKEo,127,43,127,https://www.youtube.com/watch?v=A0fbScqun6A,435,22,17,22,https://www.twitch.tv/videos/2748648283
7e1072448d24495f8cac5163c0290989,1150,37882,51,25,56,https://www.youtube.com/watch?v=xEvSRFuwg2g,51,25,56,https://www.youtube.com/watch?v=xEvSRFuwg2g,0,0,0,,199,0,0,0,
f227226fd52e4fbe801b4c89acfe4887,1150,33478,67,21,105,https://www.youtube.com/watch?v=omF_DYJBkrA,67,21,105,https://www.youtube.com/watch?v=omF_DYJBkrA,0,0,0,,618,0,0,0,
01871d8239314affaf7032899ce6502f,1150,295076,0,0,0,,0,0,0,,0,0,0,,0,0,0,0,
d4c077fa180a460cabadc4e2838d1855,1150,58794,0,0,0,,0,0,0,,0,0,0,,0,0,0,0,
1f378a6e115046ffa1a17f9079285d4a,1140,34252,73,38,106,https://www.youtube.com/watch?v=3Fqver50pWQ,73,38,106,https://www.youtube.com/watch?v=3Fqver50pWQ,0,0,0,,87,0,0,0,
aab094af87d74f3cbcb332bdac03fa23,1140,23649,0,0,0,,0,0,0,,0,0,0,,0,0,0,0,
4e7110080135486ba1d83d3e5cdbf0ca,1140,14892,0,0,0,,0,0,0,,0,0,0,,429,0,0,0,
c964cb46cc9d411aaca372f9e459d2dc,1140,53613,0,0,0,,0,0,0,,0,0,0,,237,0,0,0,
492582e14bd0480eb5c847e6240f020b,1140,74761,48,16,213,https://www.youtube.com/watch?v=NzUt2aPjCYk,49,16,213,https://www.youtube.com/watch?v=NzUt2aPjCYk,38,16,38,https://www.youtube.com/watch?v=UzIUIkoly14,0,0,0,0,
956591dc2e40411688b8f8e3079bc5e3,1140,119010,152,24,497,https://www.youtube.com/watch?v=lpZDhKD7qlI,152,24,497,https://www.youtube.com/watch?v=lpZDhKD7qlI,0,0,0,,0,0,0,0,
d7e9a44c2bbe439b9f062d64dc1b96f3,1130,66863,69,41,151,https://www.youtube.com/watch?v=ZZDxL-qUGO0,69,41,151,https://www.youtube.com/watch?v=ZZDxL-qUGO0,0,0,0,,121,0,0,0,
853afd5eb42e4f61bb0f9478aa8c1661,1130,0,0,0,0,,0,0,0,,0,0,0,,0,0,0,0,
5226367de740445789ec9b65a84d65c5,1130,177599,45,22,1437,https://www.youtube.com/watch?v=WftPnV26kRw,44,14,45,https://www.youtube.com/watch?v=MUn-ZE--I4I,350,172,1437,https://www.youtube.com/watch?v=WftPnV26kRw,279,10,6,10,https://www.twitch.tv/videos/2744754505
a5c12a1268af408c9a3ed6adbb72c53c,1130,69712,70,28,70,https://www.youtube.com/watch?v=R3k_q9EIchU,0,0,0,,70,28,70,https://www.youtube.com/watch?v=R3k_q9EIchU,0,0,0,0,
5f9ded46df28474bbd1470d761700f30,1130,653511,0,0,0,,0,0,0,,0,0,0,,834,0,0,0,
f97745a8003c480fa728cf34d61afc6c,1130,66682,922,592,1619,https://www.youtube.com/watch?v=BMtf6z4C6wg,0,0,0,,922,592,1619,https://www.youtube.com/watch?v=BMtf6z4C6wg,0,0,0,0,
4bdf9ee9f53f4785b37a9d9dbd2a0da8,1130,64878,13,6,61,https://www.youtube.com/watch?v=AuKPcZjOJ-s,0,0,0,,13,6,61,https://www.youtube.com/watch?v=AuKPcZjOJ-s,0,0,0,0,
fff74fa431cd4468b177675010504ee1,1130,16995,221,117,221,https://www.youtube.com/watch?v=aNXud_i2WRQ,0,0,0,,221,117,221,https://www.youtube.com/watch?v=aNXud_i2WRQ,371,49,32,79,https://www.twitch.tv/videos/2744531621
0b0668c6206c4500bdcbc281ee58680c,1130,39270,44,10,68,https://www.youtube.com/watch?v=6uW9bsj4MnM,44,10,68,https://www.youtube.com/watch?v=6uW9bsj4MnM,0,0,0,,2915,248,163,323,https://www.twitch.tv/videos/2746361490
3d33f15ad27c406abfd68d6c16e0b53d,1130,68206,0,0,0,,0,0,0,,0,0,0,,0,0,0,0,
b0b9e352f71d4a03ace9972ddec4ec56,1120,41407,93,10,311,https://www.youtube.com/watch?v=OV9oyxTI0h4,82,21,93,https://www.youtube.com/watch?v=Nx_Kz3L21ss,311,10,311,https://www.youtube.com/watch?v=OV9oyxTI0h4,0,0,0,0,
15bc73fc2acf4a7695bab31fdea450f0,1120,39382,178,26,290,https://www.youtube.com/watch?v=bINI6f89aEE,67,26,67,https://www.youtube.com/watch?v=NwafhF7P-1A,290,27,290,https://www.youtube.com/watch?v=bINI6f89aEE,0,0,0,0,
01fc7842da284adaad67d3774a4b2a6c,1120,17654,61,45,65,https://www.youtube.com/watch?v=fgVbpMQfGEM,61,45,65,https://www.youtube.com/watch?v=fgVbpMQfGEM,0,0,0,,0,0,0,0,
99f95450781349058c1c4098d6fe9f41,1120,72862,0,0,0,,0,0,0,,0,0,0,,0,0,0,0,
381bb87f90794f2a909775a87c192dc5,1110,108814,0,0,0,,0,0,0,,0,0,0,,10441,335,164,38935,https://www.twitch.tv/videos/2739743365
62080edda26345efbf8bc2bab0ab4136,1110,31104,0,0,0,,0,0,0,,0,0,0,,0,0,0,0,
49f14b84269f458099232c2a21b2ba74,1110,31844,0,0,0,,0,0,0,,0,0,0,,0,0,0,0,
902740b39aed4b3cb381701c96a73f3a,1110,52605,86,33,385,https://www.youtube.com/watch?v=J1tYAxCRuks,89,35,385,https://www.youtube.com/watch?v=J1tYAxCRuks,31,12,31,https://www.youtube.com/watch?v=1F-hOT1UHxY,204,32,18,110,https://www.twitch.tv/videos/2744626995
c2b9638d8dd54888a91caa8a67366907,1110,20570,0,0,0,,0,0,0,,0,0,0,,2554,110,92,572,https://www.twitch.tv/videos/2751818143
46a8009adbca4aa083af580b50b69306,1110,24442,18,15,26,https://www.youtube.com/watch?v=ZLPI4XWjdm0,18,15,26,https://www.youtube.com/watch?v=ZLPI4XWjdm0,0,0,0,,495,12,10,15,https://www.twitch.tv/videos/2751778608
971c91b32e9b4e1abfdafe711cb9e440,1100,49349,0,0,0,,0,0,0,,0,0,0,,0,0,0,0,
5d02c4219e484617979165267cbd8d7f,1100,7414,0,0,0,,0,0,0,,0,0,0,,8,0,0,0,
e212d468e3e64ad5b8f22f61bc4e06f7,1100,34142,0,0,0,,0,0,0,,0,0,0,,0,0,0,0,
43acb25e255340d09b50283f0308d1ff,1100,519851,22,16,25,https://www.youtube.com/watch?v=iqz8IgWwUrM,22,16,25,https://www.youtube.com/watch?v=iqz8IgWwUrM,0,0,0,,0,0,0,0,
3410ce8f1b78487f8025485a6c09b1b8,1100,34000,0,0,0,,0,0,0,,0,0,0,,0,0,0,0,
6abc6d7010ed4b7a88b2566b171c9005,1100,30662,90,49,424,https://www.youtube.com/watch?v=xtwvqpKypVs,90,49,424,https://www.youtube.com/watch?v=xtwvqpKypVs,0,0,0,,0,0,0,0,
9bf758b113b048bc9331f244b619e4b2,1100,79297,259,146,1918,https://www.youtube.com/watch?v=hq1SQnx54K0,38,16,70,https://www.youtube.com/watch?v=DBVi55Aj6co,443,292,1918,https://www.youtube.com/watch?v=hq1SQnx54K0,271,0,0,0,
ec9a791b8152478b95858b199b866ef9,1100,44597,0,0,0,,0,0,0,,0,0,0,,380,0,0,0,
b4b4fcedc8264cb5b90584935aebf110,1100,41858,173,55,276,https://www.youtube.com/watch?v=KxogCzoog40,173,55,276,https://www.youtube.com/watch?v=KxogCzoog40,0,0,0,,262,0,0,0,
8d67810b612540a0ad928179c1f9a4ee,1090,18580,15,1,15,https://www.youtube.com/watch?v=c-DIRufIqHk,0,0,0,,15,1,15,https://www.youtube.com/watch?v=c-DIRufIqHk,473,175,156,277,https://www.twitch.tv/videos/2745451711
fb7ced3cc6c247928ce1bb3b2715d98c,1090,333302,0,0,0,,0,0,0,,0,0,0,,0,0,0,0,
aa1bb853e814428eb663082b28309309,1090,32716,98,54,741,https://www.youtube.com/watch?v=2TeB8YYjWfE,93,49,259,https://www.youtube.com/watch?v=jAkPGLsD_08,562,266,741,https://www.youtube.com/watch?v=2TeB8YYjWfE,0,0,0,0,
7aca9b05fe654223a3702531383002a8,1090,7258,0,0,0,,0,0,0,,0,0,0,,2852,331,281,750,https://www.twitch.tv/videos/2743328606
4b9b64309ea0491bbde3b86b6c34bdd0,1090,70184,150,83,162,https://www.youtube.com/watch?v=FVSIYLS5ktE,150,83,162,https://www.youtube.com/watch?v=FVSIYLS5ktE,0,0,0,,0,0,0,0,
869d9d9067b64dd78418cc258cb6607b,1090,68885,115,43,615,https://www.youtube.com/watch?v=UBItF7MeFEA,120,55,615,https://www.youtube.com/watch?v=UBItF7MeFEA,66,22,66,https://www.youtube.com/watch?v=FCiQ7YxC86w,870,210,152,373,https://www.twitch.tv/videos/2747586483
70af0f70b6284690a524eb87aaa1d296,1090,71806,0,0,0,,0,0,0,,0,0,0,,4804,4933,1676,9137,https://www.twitch.tv/videos/2737944917
66d986eaa59347b0b18c5ed103cb173e,1090,54466,91,43,224,https://www.youtube.com/watch?v=dhrqDgiIVwc,91,43,224,https://www.youtube.com/watch?v=dhrqDgiIVwc,0,0,0,,0,0,0,0,
46388caf23e34f09b145fff0fa25b897,1090,33065,0,0,0,,0,0,0,,0,0,0,,886,279,260,464,https://www.twitch.tv/videos/2752690546
d6d4ed41815a4603a028d321d9d14a56,1090,8700,93,58,1550,https://www.youtube.com/watch?v=Wis5NHy2vd8,93,58,1550,https://www.youtube.com/watch?v=Wis5NHy2vd8,0,0,0,,10,0,0,0,
8489d002b1704612bd0dd23f9a14ed51,1090,55526,54,23,78,https://www.youtube.com/watch?v=FCfAMBL56YA,54,23,78,https://www.youtube.com/watch?v=FCfAMBL56YA,0,0,0,,175,0,0,0,
a45c0a929a504afa9afee5c56bc9b959,1090,39623,161,86,2992,https://www.youtube.com/watch?v=mXn6i39vzxc,136,49,311,https://www.youtube.com/watch?v=Nk6HDIuolYg,1892,567,2992,https://www.youtube.com/watch?v=mXn6i39vzxc,0,0,0,0,
d475848a566848dc9f6ad02707d87e2a,1090,139406,78,33,193,https://www.youtube.com/watch?v=shkC9PetdkU,77,32,193,https://www.youtube.com/watch?v=shkC9PetdkU,83,69,83,https://www.youtube.com/watch?v=WOHx0xTPpus,0,0,0,0,
238b751368474f798a737e7cf1f4a87b,1090,45694,35,13,213,https://www.youtube.com/watch?v=P6qnFMjwmrI,35,13,213,https://www.youtube.com/watch?v=P6qnFMjwmrI,0,0,0,,2087,115,80,256,https://www.twitch.tv/videos/2745357577
ffaf6da580a44e11bba9715e3c854958,1080,60417,53,26,100,https://www.youtube.com/watch?v=d0G5ewW3cGw,53,26,100,https://www.youtube.com/watch?v=d0G5ewW3cGw,0,0,0,,196,0,0,0,
0a9ce04e6eee4c6d8dde6eb5a0f56c20,1080,18555,0,0,0,,0,0,0,,0,0,0,,0,0,0,0,
a1ef171711404951a987f4c9bc5e64f0,1080,77962,165,103,1500,https://www.youtube.com/watch?v=dhScXYUZ1xE,101,63,165,https://www.youtube.com/watch?v=UOMyKORRMXQ,1172,182,1500,https://www.youtube.com/watch?v=dhScXYUZ1xE,0,0,0,0,
83ec4919298a4ad5984e3da31109a4c8,1080,29778,0,0,0,,0,0,0,,0,0,0,,10193,3782,1165,9213,https://www.twitch.tv/videos/2732005949
db86eecb7c7047a984098e23de131e29,1080,127251,102,37,267,https://www.youtube.com/watch?v=et7qy56oL_0,102,37,267,https://www.youtube.com/watch?v=et7qy56oL_0,0,0,0,,164,39,31,89,https://www.twitch.tv/videos/2743748051
0d7502e74c394a7f82a07c31fee877ff,1080,34518,0,0,0,,0,0,0,,0,0,0,,0,0,0,0,
5f413dce55614542940c58900ef1c82c,1080,25628,0,0,0,,0,0,0,,0,0,0,,812,0,0,0,
26eba1f0fabf425aa5769e01e855ea28,1080,100394,68,22,68,https://www.youtube.com/watch?v=SsD-6NdBOSw,68,22,68,https://www.youtube.com/watch?v=SsD-6NdBOSw,0,0,0,,0,0,0,0,
5396c3113555413f8b8d722d44b413d3,1070,4372,78,20,78,https://www.youtube.com/watch?v=51a0g-cobcI,78,20,78,https://www.youtube.com/watch?v=51a0g-cobcI,0,0,0,,0,0,0,0,
1eef7c0894a547a2bff186f6a735145a,1070,23853,65,44,78,https://www.youtube.com/watch?v=_Kd4CMhFqho,65,44,78,https://www.youtube.com/watch?v=_Kd4CMhFqho,0,0,0,,0,0,0,0,
3a963b6901c7467da3d9c8bd74df9da6,1070,50022,77,33,77,https://www.youtube.com/watch?v=weQJE_w6vqY,77,33,77,https://www.youtube.com/watch?v=weQJE_w6vqY,0,0,0,,0,0,0,0,
b5d3dfb81219492cb11a34291aab8cc8,1070,31901,0,0,0,,0,0,0,,0,0,0,,0,0,0,0,
85aa19ec73ce4db08ba1bf3d0f1807ce,1070,51925,89,10,93,https://www.youtube.com/watch?v=gVT1cM-uN1k,89,10,93,https://www.youtube.com/watch?v=gVT1cM-uN1k,0,0,0,,0,0,0,0,
278f93ad57b14f01a71f1e89598ee503,1070,10274,0,0,0,,0,0,0,,0,0,0,,0,0,0,0,
45baafce0f294208a063a496814b7986,1060,46678,96,16,1104,https://www.youtube.com/watch?v=XhoQ-4_UliQ,88,29,96,https://www.youtube.com/watch?v=LCH2ziN6tmg,1104,2,1104,https://www.youtube.com/watch?v=XhoQ-4_UliQ,0,0,0,0,
fa83a68ebfff419983124d69373ede6f,1060,187713,1134,493,2011,https://www.youtube.com/watch?v=LaXS1E7TlRw,148,131,148,https://www.youtube.com/watch?v=3vHDREcvztg,1148,638,2011,https://www.youtube.com/watch?v=LaXS1E7TlRw,2013,241,218,623,https://www.twitch.tv/videos/2746961059
8d8b1382b7154504819e1db08ecbe8ee,1060,21331,0,0,0,,0,0,0,,0,0,0,,0,0,0,0,
32a5b834b2bf4912bcd54ac00ae13285,1060,2949,0,0,0,,0,0,0,,0,0,0,,2411,820,555,1758,https://www.twitch.tv/videos/2745836922
a9396c8dd95e43b29c694b14afa07ac4,1060,25287,0,0,0,,0,0,0,,0,0,0,,3511,404,317,2408,https://www.twitch.tv/videos/2751121242
683db9d9b58f4dd883966c82581a7b60,1060,39964,30,11,54,https://www.youtube.com/watch?v=9A6RDHdkBsU,30,11,54,https://www.youtube.com/watch?v=9A6RDHdkBsU,0,0,0,,0,0,0,0,
b9eb00549c554290a7dbc5cd05910239,1060,99944,77,28,77,https://www.youtube.com/watch?v=nusG57At6eA,77,28,77,https://www.youtube.com/watch?v=nusG57At6eA,0,0,0,,0,0,0,0,
fe70a0055df1453a82bea6582d3072fa,1060,45519,85,39,112,https://www.youtube.com/watch?v=0ljJPIQ4nCc,85,39,112,https://www.youtube.com/watch?v=0ljJPIQ4nCc,0,0,0,,0,0,0,0,
7754a4ea82814b7fbbecfcf459382001,1060,228813,0,0,0,,0,0,0,,0,0,0,,2421,140,98,816,https://www.twitch.tv/videos/2751891282
e0535f2d38f04d26aca33772bccb33b8,1060,69710,0,0,0,,0,0,0,,0,0,0,,2426,451,148,710,https://www.twitch.tv/videos/2741319721
b4de9155a5f34284a41224c38e70c67e,1050,53746,0,0,0,,0,0,0,,0,0,0,,44,0,0,0,
c6af4f23c6ce4adab5301d79b0bd343a,1050,160146,66,20,177,https://www.youtube.com/watch?v=weOp_l7LP4g,66,20,177,https://www.youtube.com/watch?v=weOp_l7LP4g,0,0,0,,3547,681,363,12330,https://www.twitch.tv/videos/2742003875
4d4410bdde7d4107809dc6e1e2ce0e0e,1040,51583,80,20,628,https://www.youtube.com/watch?v=_3nIvV_k-ag,73,14,164,https://www.youtube.com/watch?v=cWGNmSfNWVQ,628,270,628,https://www.youtube.com/watch?v=_3nIvV_k-ag,0,0,0,0,
5a1eb09579134895adfa9516611bd925,1040,32510,19,4,35,https://www.youtube.com/watch?v=PYmxALnL_10,19,4,35,https://www.youtube.com/watch?v=PYmxALnL_10,0,0,0,,698,123,85,131,https://www.twitch.tv/videos/2748553621
4b214cdeac0649989f03f39e497816cf,1040,4486475,70,32,6484,https://www.youtube.com/watch?v=uo_f2_c_oRU,48,15,145,https://www.youtube.com/watch?v=Hy5DBnvTylY,1212,424,6484,https://www.youtube.com/watch?v=uo_f2_c_oRU,667,132,110,195,https://www.twitch.tv/videos/2751815149
f560e7811b454fe489044165c53dba83,1040,58728,35,14,105,https://www.youtube.com/watch?v=dTgI6PVP6Ns,35,14,105,https://www.youtube.com/watch?v=dTgI6PVP6Ns,0,0,0,,0,0,0,0,
483a76d7ad1d464aa290606959ddddec,1030,67362,107,45,200,https://www.youtube.com/watch?v=Rd4AFgvDHHs,111,48,200,https://www.youtube.com/watch?v=Rd4AFgvDHHs,49,17,49,https://www.youtube.com/watch?v=WcgUE1mMnaE,829,202,132,264,https://www.twitch.tv/videos/2742851379
00a208caab334f6daf286ebb92cfd9da,1030,17947,0,0,0,,0,0,0,,0,0,0,,409,0,0,0,
34e2da1086ea4670b7b3d1fec34d8403,1030,52361,303,273,534,https://www.youtube.com/watch?v=uZQLnxFla9I,73,69,73,https://www.youtube.com/watch?v=O9nWDLfqDcw,534,477,534,https://www.youtube.com/watch?v=uZQLnxFla9I,0,0,0,0,
01a20c96c500469fab898ebd03b0c019,1030,76985,310,14,339,https://www.youtube.com/watch?v=gK4ChBoz9aw,310,14,339,https://www.youtube.com/watch?v=gK4ChBoz9aw,0,0,0,,0,0,0,0,
3588ee10f67c4911b544e48223c57c7d,1030,22422,0,0,0,,0,0,0,,0,0,0,,0,0,0,0,
647a4992105c4f18b92239156e0064fb,1030,26043,0,0,0,,0,0,0,,0,0,0,,144,0,0,0,
bdd0c04996154ef0be37c1f65b3b8866,1020,36830,0,0,0,,0,0,0,,0,0,0,,0,0,0,0,
b5b0001ea8594cd68567ef344ca0bb2e,1020,167764,62,51,96,https://www.youtube.com/watch?v=fE1TcfZ7k1I,62,51,96,https://www.youtube.com/watch?v=fE1TcfZ7k1I,0,0,0,,0,0,0,0,
d792696470b54bd4947a59b10759a636,1020,49093,77,43,148,https://www.youtube.com/watch?v=CA1SNVNlj_U,77,43,148,https://www.youtube.com/watch?v=CA1SNVNlj_U,0,0,0,,0,0,0,0,
0d080db8809848e2ba918799b2f7885b,1020,53360,57,31,112,https://www.youtube.com/watch?v=LRIWmXBsjwQ,57,31,112,https://www.youtube.com/watch?v=LRIWmXBsjwQ,0,0,0,,0,0,0,0,
7ca8ec94cb4640ccb27719cbfc8a8df0,1020,55985,96,25,110,https://www.youtube.com/watch?v=wOZ1u_Daykk,96,25,110,https://www.youtube.com/watch?v=wOZ1u_Daykk,0,0,0,,0,0,0,0,
c91c52df005e4a7c988704e474b54dbc,1020,102254,768,663,1808,https://www.youtube.com/watch?v=B4OSxmhJSas,157,80,185,https://www.youtube.com/watch?v=1VJ4gMM5aRI,1232,767,1808,https://www.youtube.com/watch?v=B4OSxmhJSas,0,0,0,0,
684aeef535fb4dd2a483746cdaab5065,1020,71246,0,0,0,,0,0,0,,0,0,0,,178,0,0,0,
800b7770ac1d4e4eb62318639ff71b7a,1020,69616,78,18,78,https://www.youtube.com/watch?v=A4e4xiMhPs4,0,0,0,,78,18,78,https://www.youtube.com/watch?v=A4e4xiMhPs4,0,0,0,0,
f4ff6f40be3a4294ac1fe3e475421377,1010,78981,135,35,1656,https://www.youtube.com/watch?v=R6iUr4mDoFA,121,34,169,https://www.youtube.com/watch?v=8hsQGlPwK58,1656,1151,1656,https://www.youtube.com/watch?v=R6iUr4mDoFA,47,0,0,0,
302e5b74253e412faf131a3039933786,1010,75271,0,0,0,,0,0,0,,0,0,0,,0,0,0,0,
ca8d038d311e4cccb2deded15cee89cd,1010,51840,82,24,241,https://www.youtube.com/watch?v=hwM1RqO2XuQ,83,24,241,https://www.youtube.com/watch?v=hwM1RqO2XuQ,4,3,4,https://www.youtube.com/watch?v=o8wnfJUedbA,110,0,0,0,
4ba065758aa94ce18cfe227cc37b1afe,1010,34048,1055,439,1588,https://www.youtube.com/watch?v=l9jqglVsJOg,0,0,0,,1055,439,1588,https://www.youtube.com/watch?v=l9jqglVsJOg,3417,298,243,891,https://www.twitch.tv/videos/2743728006
45d38ce14fb644c0890823d444a33276,1010,1981,0,0,0,,0,0,0,,0,0,0,,0,0,0,0,
ee1be8631b3e4abdbcc12dbe96d5268f,1000,39817,0,0,0,,0,0,0,,0,0,0,,0,0,0,0,
7df81b926eec4a998d5ffcd67b59ff5e,1000,33176,379,7,386,https://www.youtube.com/watch?v=dQCYeC2Bmyk,379,7,386,https://www.youtube.com/watch?v=dQCYeC2Bmyk,0,0,0,,0,0,0,0,
c7344bac508b46f2a20c4bb6861f33ab,1000,13807,0,0,0,,0,0,0,,0,0,0,,0,0,0,0,
e46d27918a77488ca5b4144eb1b978df,1000,60870,0,0,0,,0,0,0,,0,0,0,,0,0,0,0,
78d441a2d6584d078a6ce202238d36b9,1000,26317,0,0,0,,0,0,0,,0,0,0,,0,0,0,0,
51a882d77c24494d92605b5b75424603,996,100985,188,76,761,https://www.youtube.com/watch?v=Zd_eDsBglZs,175,70,761,https://www.youtube.com/watch?v=Zd_eDsBglZs,497,213,671,https://www.youtube.com/watch?v=onw7TeJfezE,56,87,55,87,https://www.twitch.tv/videos/2744509536
7a0eb6cbe5a94663888ef35a63ab3b5a,996,26692,0,0,0,,0,0,0,,0,0,0,,1396,243,182,511,https://www.twitch.tv/videos/2744393711
22a1949143784185ae001c31a717b5bc,993,83006,164,78,2017,https://www.youtube.com/watch?v=JVUxHXXkK5g,83,65,307,https://www.youtube.com/watch?v=kUFCz5GdBOI,174,79,2017,https://www.youtube.com/watch?v=JVUxHXXkK5g,0,0,0,0,
9b2edcfdc76748f59576b77524402804,993,60210,0,0,0,,0,0,0,,0,0,0,,0,0,0,0,
838f883ea01f431f97bfe9dbf3064422,991,37071,0,0,0,,0,0,0,,0,0,0,,106,0,0,0,
d23e5f9f3abf4b36b79c04f5265a8efc,988,55502,85,23,918,https://www.youtube.com/watch?v=hAkl1J34fU8,56,20,108,https://www.youtube.com/watch?v=JPxOX3l0_FU,187,82,918,https://www.youtube.com/watch?v=hAkl1J34fU8,156,0,0,0,
e63fe9e27be44403b222fb0319c027b6,983,30352,102,75,828,https://www.youtube.com/watch?v=zN9HcYpLUMU,102,75,102,https://www.youtube.com/watch?v=mlleM5dHuqI,447,126,828,https://www.youtube.com/watch?v=zN9HcYpLUMU,4253,754,384,24401,https://www.twitch.tv/videos/2744453556
a0f657e0538e4269af88094fa1c3dacb,983,22346,497,102,519,https://www.youtube.com/watch?v=wT_xZqIOp4c,0,0,0,,497,102,519,https://www.youtube.com/watch?v=wT_xZqIOp4c,0,0,0,0,
1e59cd43a10a44edb1407fb8ba8529a8,981,48888,118,58,188,https://www.youtube.com/watch?v=uQ-fvZUKxzg,118,58,188,https://www.youtube.com/watch?v=uQ-fvZUKxzg,0,0,0,,0,0,0,0,
e2049fd03bea4bf6bfee472e4674021c,980,149446,49,24,100,https://www.youtube.com/watch?v=zwjrWpeiY5Y,48,24,85,https://www.youtube.com/watch?v=RIn8PJLq6II,100,2,100,https://www.youtube.com/watch?v=zwjrWpeiY5Y,75,3,2,17,https://www.twitch.tv/videos/2751065943
95694a64c0fe4b5c987344f1edcec826,979,48481,15,8,321,https://www.youtube.com/watch?v=ntUKhTSnA_E,21,16,68,https://www.youtube.com/watch?v=p1tFXyTzFRo,7,2,321,https://www.youtube.com/watch?v=ntUKhTSnA_E,1555,128,115,256,https://www.twitch.tv/videos/2745244948
62b7ee328a7b42b0a1da0ab3bc22d1db,974,157015,30,11,1305,https://www.youtube.com/watch?v=wTy71l8IQ7o,27,11,105,https://www.youtube.com/watch?v=QB1OgSUvEjE,1091,513,1305,https://www.youtube.com/watch?v=wTy71l8IQ7o,1174,80,58,205,https://www.twitch.tv/videos/2742153779
566e5b6f438a4cacb3e4036eb9ffe9b8,973,62001,37,19,479,https://www.youtube.com/watch?v=NFg-IoXfgNE,37,19,122,https://www.youtube.com/watch?v=e4H_73SanGQ,479,19,479,https://www.youtube.com/watch?v=NFg-IoXfgNE,0,0,0,0,
c060912477dd414ea79d74adddfb4661,969,61858,13,8,76,https://www.youtube.com/watch?v=o9F1_Xgj7U8,16,9,76,https://www.youtube.com/watch?v=o9F1_Xgj7U8,4,2,4,https://www.youtube.com/watch?v=_UaZoa03vsg,0,0,0,0,
5de329cf8bc5410fb40ef38d117be94d,966,46337,102,54,2389,https://www.youtube.com/watch?v=P9KC5bZF3ec,64,31,150,https://www.youtube.com/watch?v=OiMDpHIzOvQ,1438,1130,2389,https://www.youtube.com/watch?v=P9KC5bZF3ec,473,91,76,233,https://www.twitch.tv/videos/2752675119
302b50b5cf4844d58868013404b1ec3f,965,18697,64,31,113,https://www.youtube.com/watch?v=o7GuHef58fg,64,31,113,https://www.youtube.com/watch?v=o7GuHef58fg,0,0,0,,0,0,0,0,
6c3a22611ac24eb19cec3bd7c78a8705,965,243070,93,41,153,https://www.youtube.com/watch?v=De6qNErzQMo,93,41,153,https://www.youtube.com/watch?v=De6qNErzQMo,0,0,0,,0,0,0,0,
bb56715066e548c297232372a16ab083,963,105608,81,35,1272,https://www.youtube.com/watch?v=hUT0DEeiB8M,0,0,0,,81,35,1272,https://www.youtube.com/watch?v=hUT0DEeiB8M,1898,0,0,0,
bf195265fa5944d894dc53baf7143645,963,36825,0,0,0,,0,0,0,,0,0,0,,0,0,0,0,
b1ba066a7bc44c93a4ca264f2144f5bd,962,36949,42,23,111,https://www.youtube.com/watch?v=qGdJAeZ7qRk,43,25,111,https://www.youtube.com/watch?v=qGdJAeZ7qRk,28,7,28,https://www.youtube.com/watch?v=HZ9UMUnsx5c,1103,64,43,168,https://www.twitch.tv/videos/2744198758
7003e3e3a24244ffb5ebfbbdc20c97f8,961,26392,56,17,64,https://www.youtube.com/watch?v=nro9xmWXRiM,56,17,64,https://www.youtube.com/watch?v=nro9xmWXRiM,0,0,0,,0,0,0,0,
8460a099a32044a5aa602f780dec94f2,960,289712,621,443,2380,https://www.youtube.com/watch?v=fR3woWdz610,0,0,0,,621,443,2380,https://www.youtube.com/watch?v=fR3woWdz610,18,0,0,0,
179eb3fd3fb34ffe93859dd945b1b3a6,959,4389,0,0,0,,0,0,0,,0,0,0,,0,0,0,0,
a5647aba47dc4bb48eaa0cde6de7c6bd,953,41123,0,0,0,,0,0,0,,0,0,0,,0,0,0,0,
995bff308e7f4df3aa33305fc0ddde8e,951,39707,0,0,0,,0,0,0,,0,0,0,,0,0,0,0,
2a0de6059bd74c298a80f45a8052790e,951,165344,1349,678,2257,https://www.youtube.com/watch?v=gwDFst1uwDg,0,0,0,,1349,678,2257,https://www.youtube.com/watch?v=gwDFst1uwDg,1154,223,162,435,https://www.twitch.tv/videos/2750108111
b5ff000d6dd74683b17965294f1c4bf7,950,31488,0,0,0,,0,0,0,,0,0,0,,771,0,0,0,
fb23227395a04a26abe441d1ac7978de,949,95451,46,20,132,https://www.youtube.com/watch?v=2Ft3FwxPCoE,46,20,132,https://www.youtube.com/watch?v=2Ft3FwxPCoE,0,0,0,,206,87,56,141,https://www.twitch.tv/videos/2751930116
ab2e7fbd11784f96aa9cf599786f8bf1,947,73770,791,163,1721,https://www.youtube.com/watch?v=m_QYrcXNZcs,181,59,230,https://www.youtube.com/watch?v=SshsUzvk_WA,1207,540,1721,https://www.youtube.com/watch?v=m_QYrcXNZcs,0,0,0,0,
8a5468bc4c7d44989e5ee4864a9b941a,945,86125,51,23,212,https://www.youtube.com/watch?v=DF5FXnmYybE,51,23,91,https://www.youtube.com/watch?v=qFKA4Z0TrkI,120,102,212,https://www.youtube.com/watch?v=DF5FXnmYybE,0,0,0,0,
ecbe9a46c7ec4f3d8fe217012c39d490,940,394691,0,0,0,,0,0,0,,0,0,0,,0,0,0,0,
06a61409f4334b0eb8a5f647b819c78b,940,70347,23,9,62,https://www.youtube.com/watch?v=WnFOuG31afo,27,15,35,https://www.youtube.com/watch?v=YXb5JE5I2yk,7,4,62,https://www.youtube.com/watch?v=WnFOuG31afo,0,0,0,0,
0a000a22ebd84abf860bcd5ef0a5ed60,940,39610,5,1,156,https://www.youtube.com/watch?v=HKRoj4Urgv8,0,0,0,,5,1,156,https://www.youtube.com/watch?v=HKRoj4Urgv8,2173,256,189,496,https://www.twitch.tv/videos/2746219628
19f507cc460a426cb02013fb203bd0a7,939,32946,326,161,1480,https://www.youtube.com/watch?v=vY_Z9vM2ocg,324,148,745,https://www.youtube.com/watch?v=r1ZkE7dNRBI,1480,591,1480,https://www.youtube.com/watch?v=vY_Z9vM2ocg,418,50,44,63,https://www.twitch.tv/videos/2746295949
a00240316f524d218d889d00a8b42721,938,89229,71,41,91,https://www.youtube.com/watch?v=CyEy9V8GRAA,71,41,91,https://www.youtube.com/watch?v=CyEy9V8GRAA,0,0,0,,0,0,0,0,
5d29544fdded43d1937166548487394a,936,5498,0,0,0,,0,0,0,,0,0,0,,1847,149,123,203,https://www.twitch.tv/videos/2747955730
7ca610bac41843a28abba9e947aa9ded,936,51897,0,0,0,,0,0,0,,0,0,0,,3017,388,266,442,https://www.twitch.tv/videos/2747224150
1ee3a662da8a439887a931727cb07317,934,95424,0,0,0,,0,0,0,,0,0,0,,0,0,0,0,
0e9aeecbe8f04a62ab781cf2e520eba0,933,37339,0,0,0,,0,0,0,,0,0,0,,7180,781,320,14500,https://www.twitch.tv/videos/2747043796
54e70d7cc2fb4c6da0d833519331c770,930,127205,640,435,1244,https://www.youtube.com/watch?v=2kkoH5h6Frw,0,0,0,,640,435,1244,https://www.youtube.com/watch?v=2kkoH5h6Frw,2529,376,261,562,https://www.twitch.tv/videos/2747794500
7aeffe1ba0c443d5aa4721247b801593,929,123568,90,4,90,https://www.youtube.com/watch?v=LU3rqNnhnXo,90,4,90,https://www.youtube.com/watch?v=LU3rqNnhnXo,0,0,0,,0,0,0,0,
026bdd139df44cec930dd7fc76345184,929,41705,192,88,1083,https://www.youtube.com/watch?v=zYsyOn5PJME,188,72,332,https://www.youtube.com/watch?v=N9yiqxOIDa8,793,346,1083,https://www.youtube.com/watch?v=zYsyOn5PJME,0,0,0,0,
44332b31031149f5bd411f415cbb531e,928,26075,0,0,0,,0,0,0,,0,0,0,,221,0,0,0,
743ceb55869042b9bee1f48fe0be13fb,927,33395,0,0,0,,0,0,0,,0,0,0,,1502,0,0,0,
becdcbab308f4fa18540982596eebbd5,925,7531,0,0,0,,0,0,0,,0,0,0,,7357,855,639,2675,https://www.twitch.tv/videos/2748544356
453cbd84364b42d8ac11cef8d3d63bd1,924,28349,52,35,67,https://www.youtube.com/watch?v=2l2fZ0Mh0VE,52,35,67,https://www.youtube.com/watch?v=2l2fZ0Mh0VE,0,0,0,,0,0,0,0,
37f190c8282b4d42ba9ee8c4b61d24a4,923,4793,0,0,0,,0,0,0,,0,0,0,,0,0,0,0,
7f43dbf571c44e04a7a471b9e7296a8a,923,38272,0,0,0,,0,0,0,,0,0,0,,0,0,0,0,
b2e19555d1f441a8a0e3f53b6507863e,920,50332,34,21,38,https://www.youtube.com/watch?v=_KlOm1ODty0,34,21,38,https://www.youtube.com/watch?v=_KlOm1ODty0,0,0,0,,113,0,0,0,
702c28baa35c4b7588ad4fa70ddc2304,920,19114,2848,2243,9494,https://www.youtube.com/watch?v=YyZp2-Rrfcg,0,0,0,,2848,2243,9494,https://www.youtube.com/watch?v=YyZp2-Rrfcg,0,0,0,0,
2656bc44436c45cca3e94e43a9a49c2d,919,121875,218,82,1235,https://www.youtube.com/watch?v=wma10FUPxxw,218,82,1235,https://www.youtube.com/watch?v=wma10FUPxxw,0,0,0,,0,0,0,0,
08268c9de16e423381e351aeef8f7ffb,917,28398,87,60,179,https://www.youtube.com/watch?v=GQ7FvG4ZvjQ,87,60,179,https://www.youtube.com/watch?v=GQ7FvG4ZvjQ,0,0,0,,0,0,0,0,
4aee4e4c619a4e2aa8bbc2edce38ccfa,916,110653,125,75,2464,https://www.youtube.com/watch?v=JunCpxhKlIM,97,64,205,https://www.youtube.com/watch?v=MS2YVLRSwAo,1059,278,2464,https://www.youtube.com/watch?v=JunCpxhKlIM,0,0,0,0,
db67d9cacbcf4797ba2d41a6d115e2ff,914,49403,83,61,597,https://www.youtube.com/watch?v=ItMJjhJmaoY,56,21,85,https://www.youtube.com/watch?v=H_A5GyA7NuY,430,333,597,https://www.youtube.com/watch?v=ItMJjhJmaoY,0,0,0,0,
c15d8ca6249341d88086f2a9a2359812,910,219000,1396,905,121170,https://www.youtube.com/watch?v=277Ij74qu2g,0,0,0,,1396,905,121170,https://www.youtube.com/watch?v=277Ij74qu2g,0,0,0,0,
d26893447610406da66ee14abfbd5868,906,27971,114,18,156,https://www.youtube.com/watch?v=zDUa4xBN4-U,114,18,156,https://www.youtube.com/watch?v=zDUa4xBN4-U,0,0,0,,0,0,0,0,
d8b0b4e36c614d328620461a295572a1,905,51219,25,19,60,https://www.youtube.com/watch?v=OSsA29R6n3c,25,19,60,https://www.youtube.com/watch?v=OSsA29R6n3c,0,0,0,,139,0,0,0,
b9b727200b664a98bc1a8fd76d3cdb9c,903,22589,0,0,0,,0,0,0,,0,0,0,,0,0,0,0,
8e2559d9a7714ecd9cb0448b4d28f8d2,903,25931,0,0,0,,0,0,0,,0,0,0,,4995,163,70,425,https://www.twitch.tv/videos/2733609468
23af2b94549e42c282ec0d6eecf01102,901,31550,16,4,62,https://www.youtube.com/watch?v=IgdEj9Luc5I,62,27,62,https://www.youtube.com/watch?v=IgdEj9Luc5I,14,3,21,https://www.youtube.com/watch?v=US6nUrejAHs,2453,0,0,0,
9fb9fe13bf124da3a1affb24c5bba5e2,901,29753,0,0,0,,0,0,0,,0,0,0,,0,0,0,0,
b93b5ffedc3f4310af888462d65e4082,900,46244,46,28,69,https://www.youtube.com/watch?v=KE7iAcP7bL8,46,28,69,https://www.youtube.com/watch?v=KE7iAcP7bL8,0,0,0,,207,18,16,20,https://www.twitch.tv/videos/2748613415
58374cba861d4267a84ad689bb6ce91a,898,39776,20,4,47,https://www.youtube.com/watch?v=oWZPisRKpyM,21,8,47,https://www.youtube.com/watch?v=oWZPisRKpyM,5,1,8,https://www.youtube.com/watch?v=fGiWDtGdSEs,0,0,0,0,
5c5880d994854afbbea0a35716bce186,896,30804,13,5,40,https://www.youtube.com/watch?v=gXrdRvqjxu0,13,5,40,https://www.youtube.com/watch?v=gXrdRvqjxu0,0,0,0,,2028,0,0,0,
607a7be9721741c48e2901609c294ada,896,74868,0,0,0,,0,0,0,,0,0,0,,1509,0,0,0,
107ad23090e649b8935850f3d78ded99,893,34867,178,58,485,https://www.youtube.com/watch?v=lBPqMfj78-Q,178,58,485,https://www.youtube.com/watch?v=lBPqMfj78-Q,0,0,0,,129,0,0,0,
837cc45c90974caa9f07699c3899fa7b,892,45106,27,18,912,https://www.youtube.com/watch?v=9lZsF8NAjfo,27,18,912,https://www.youtube.com/watch?v=9lZsF8NAjfo,0,0,0,,460,0,0,0,
f461b26ba47b4e37a90d2ca4fa5fa329,892,25918,0,0,0,,0,0,0,,0,0,0,,0,0,0,0,
8c0ff863d66348898311ee83d16257b5,888,28852,38,20,63,https://www.youtube.com/watch?v=oUitg2ShAyM,37,18,63,https://www.youtube.com/watch?v=oUitg2ShAyM,62,27,62,https://www.youtube.com/watch?v=PwNC-UZtF5s,204,40,27,42,https://www.twitch.tv/videos/2744555245
4ba98a2155ad4b4392d8c5d7a51f4964,887,192353,637,323,2317,https://www.youtube.com/watch?v=ztecH8lzAyE,592,190,2317,https://www.youtube.com/watch?v=ztecH8lzAyE,945,709,969,https://www.youtube.com/watch?v=bXAZmvxe8Ho,0,0,0,0,
0a67a8d822094ca3a59963f0fac8798a,886,35401,0,0,0,,0,0,0,,0,0,0,,0,0,0,0,
7a160bd129144664804dd3fc08fceeb1,884,20893,0,0,0,,0,0,0,,0,0,0,,7712,2035,572,3894,https://www.twitch.tv/videos/2735651387
834afd07257a43ac9f61085f79449be1,883,41253,199,154,1510,https://www.youtube.com/watch?v=YPT2nYNdiO0,189,103,507,https://www.youtube.com/watch?v=lbwXHDg4d5Y,1463,646,1510,https://www.youtube.com/watch?v=YPT2nYNdiO0,0,0,0,0,
843d99233b474827a2f0bc417ffd3852,882,42303,62,4,62,https://www.youtube.com/watch?v=6ETC_ggvcQY,62,4,62,https://www.youtube.com/watch?v=6ETC_ggvcQY,0,0,0,,8186,2524,992,5659,https://www.twitch.tv/videos/2745617445
6c3eeb48b7764f11804ff8110d5d990b,877,97380,0,0,0,,0,0,0,,0,0,0,,0,0,0,0,
acc708b79f1c4e388466b407387e7cb5,877,125132,76,41,1508,https://www.youtube.com/watch?v=I5mTt_nVt2g,42,26,210,https://www.youtube.com/watch?v=waQKr0VNzpw,1168,352,1508,https://www.youtube.com/watch?v=I5mTt_nVt2g,0,0,0,0,
490d50310ffe4de4aac9c6368b49a0aa,876,36238,192,97,1622,https://www.youtube.com/watch?v=8xRnk_BebLk,0,0,0,,192,97,1622,https://www.youtube.com/watch?v=8xRnk_BebLk,0,0,0,0,
521477be11a44c43b063b394757b2342,875,55878,42,19,777,https://www.youtube.com/watch?v=GkM5Sw0okB4,39,15,70,https://www.youtube.com/watch?v=h3l-i5Z7sKQ,777,106,777,https://www.youtube.com/watch?v=GkM5Sw0okB4,0,0,0,0,
872b7ddfc20f433f9575e2a762e83c06,873,47728,98,40,162,https://www.youtube.com/watch?v=XRPr4EFzLGM,98,40,162,https://www.youtube.com/watch?v=XRPr4EFzLGM,0,0,0,,0,0,0,0,
76f2fa6f1aa44f0a816a01a1b277430a,870,32925,19,14,27,https://www.youtube.com/watch?v=1YkUG4qi2Vw,19,14,27,https://www.youtube.com/watch?v=1YkUG4qi2Vw,0,0,0,,42,0,0,0,
a2ee4a74f9ca40f5b6218de51736b9c8,868,50523,49,22,140,https://www.youtube.com/watch?v=WmZTL_NKnCY,49,22,140,https://www.youtube.com/watch?v=WmZTL_NKnCY,0,0,0,,0,0,0,0,
e3021481a8d247a5a9a5bf0a29399673,868,129660,147,114,147,https://www.youtube.com/watch?v=rRsXsjNJHb4,147,114,147,https://www.youtube.com/watch?v=rRsXsjNJHb4,0,0,0,,0,0,0,0,
b3fb28fe6a0e4fcfb8014e7a4070ca09,864,54781,24,21,83,https://www.youtube.com/watch?v=IKlwJs76oBY,24,21,83,https://www.youtube.com/watch?v=IKlwJs76oBY,0,0,0,,0,0,0,0,
b399afc661d04f47acc9d0681be343b4,864,104700,99,50,2362,https://www.youtube.com/watch?v=poMuINfVWVQ,82,47,132,https://www.youtube.com/watch?v=a4l9WGHK5WY,639,245,2362,https://www.youtube.com/watch?v=poMuINfVWVQ,397,175,128,426,https://www.twitch.tv/videos/2747070428
fcf611e0ddc5474b9836eb8aa2fe1d24,858,75247,35,12,78,https://www.youtube.com/watch?v=iew7q-2vytM,35,12,78,https://www.youtube.com/watch?v=iew7q-2vytM,0,0,0,,0,0,0,0,
45e104a6eabe4967a6cb84e720dd8e74,858,41669,5,2,87,https://www.youtube.com/watch?v=uwbCAWhJejc,0,0,0,,5,2,87,https://www.youtube.com/watch?v=uwbCAWhJejc,1868,224,110,541,https://www.twitch.tv/videos/2733624935
9cfe61128e134f8dad9bb6ebf568cd71,854,20075,5,2,26,https://www.youtube.com/watch?v=AQa7bJQWy1U,0,0,0,,5,2,26,https://www.youtube.com/watch?v=AQa7bJQWy1U,1263,152,110,367,https://www.twitch.tv/videos/2752593151
5862e8e7c5fd4261af093cec20b40300,852,36414,140,68,346,https://www.youtube.com/watch?v=RXvHIYwnGdQ,137,70,214,https://www.youtube.com/watch?v=9FH9h6fxnwc,346,56,346,https://www.youtube.com/watch?v=RXvHIYwnGdQ,0,0,0,0,
0b183e5c128246c0ad5cd5491e8b8c83,852,204079,672,88,2194,https://www.youtube.com/watch?v=vGSOlxmfgOE,76,33,84,https://www.youtube.com/watch?v=owfh6al1CUk,1084,213,2194,https://www.youtube.com/watch?v=vGSOlxmfgOE,0,0,0,0,
96f44559b15e4bad9de2eb8a0a2a92da,848,2196,725,700,1042,https://www.youtube.com/watch?v=Ofvrtf67ORY,0,0,0,,725,700,1042,https://www.youtube.com/watch?v=Ofvrtf67ORY,0,0,0,0,
415ca337b1104450acbed1eb046c0a58,846,87222,23,10,23,https://www.youtube.com/watch?v=GKXveabQctk,23,10,23,https://www.youtube.com/watch?v=GKXveabQctk,0,0,0,,271,0,0,0,
5964947a5624455cba648007ec04a0b9,844,14961,0,0,0,,0,0,0,,0,0,0,,0,0,0,0,
370f66a57c0341b0adef5bcbad64ff90,844,46014,3,1,25,https://www.youtube.com/watch?v=R_1sMon1aEs,18,10,25,https://www.youtube.com/watch?v=R_1sMon1aEs,2,1,17,https://www.youtube.com/watch?v=uv-bMPogsJo,0,0,0,0,
c94bc4ff4689403aac751731d33150e6,843,15319,502,369,6867,https://www.youtube.com/watch?v=iXf-vV2PSgw,252,203,574,https://www.youtube.com/watch?v=1yQRREau9VI,1145,772,6867,https://www.youtube.com/watch?v=iXf-vV2PSgw,286,205,158,413,https://www.twitch.tv/videos/2745483219
a753be70dd194989835b604e4b249363,839,31079,0,0,0,,0,0,0,,0,0,0,,654,0,0,0,
27b10e5896e34e8d841f1605792b96c9,838,35772,0,0,0,,0,0,0,,0,0,0,,424,0,0,0,
399a496d028447a58924b2660d0fc187,838,198,0,0,0,,0,0,0,,0,0,0,,0,0,0,0,
3f3abaed158f420e84f9d1d5f4492b1d,838,61439,27,15,142,https://www.youtube.com/watch?v=EJeREuHiVco,27,15,142,https://www.youtube.com/watch?v=EJeREuHiVco,0,0,0,,640,43,30,132,https://www.twitch.tv/videos/2752602426
f36c774fbf4847e1afdf66a1e4806ea3,837,19753,1009,731,1009,https://www.youtube.com/watch?v=C1V5-7ZcgjY,0,0,0,,1009,731,1009,https://www.youtube.com/watch?v=C1V5-7ZcgjY,2391,256,206,256,https://www.twitch.tv/videos/2748705121
61c75f9fbf044b54872197eec7c9bafa,834,271085,102,56,919,https://www.youtube.com/watch?v=EGDza7NkBlg,73,38,102,https://www.youtube.com/watch?v=UYKkA6E_8EM,300,90,919,https://www.youtube.com/watch?v=EGDza7NkBlg,0,0,0,0,
7b3809e085754d52aee99d1fcc980eaf,833,36625,140,48,1604,https://www.youtube.com/watch?v=gYlIa4Kkhp4,73,39,154,https://www.youtube.com/watch?v=1GlhLNU0kho,584,462,1604,https://www.youtube.com/watch?v=gYlIa4Kkhp4,0,0,0,0,
899e5f40cf7f49a8808969866758779e,832,37022,143,73,221,https://www.youtube.com/watch?v=qLig4AqhLlA,125,85,161,https://www.youtube.com/watch?v=y6k6Qdduzeg,221,28,221,https://www.youtube.com/watch?v=qLig4AqhLlA,241,73,64,95,https://www.twitch.tv/videos/2751015924
f5a37da60cb74069a7dc13867404521f,831,62802,41,38,41,https://www.youtube.com/watch?v=BOx4hiiHAqY,0,0,0,,41,38,41,https://www.youtube.com/watch?v=BOx4hiiHAqY,0,0,0,0,
f4c357c0b7ae4891859ecd205d903dff,831,36872,330,77,2228,https://www.youtube.com/watch?v=gfq-k1Nbtm4,54,43,64,https://www.youtube.com/watch?v=VxckFEsQ66k,350,94,2228,https://www.youtube.com/watch?v=gfq-k1Nbtm4,82,0,0,0,
d3ac18bfe0984394a6fe19319a36b412,830,62685,80,38,80,https://www.youtube.com/watch?v=5z93v0wvT_8,80,38,80,https://www.youtube.com/watch?v=5z93v0wvT_8,0,0,0,,0,0,0,0,
aef2ed42d49343f28394b6335695b5ac,828,368004,0,0,9,https://www.youtube.com/watch?v=FMBh2xdjnzc,0,0,0,,0,0,9,https://www.youtube.com/watch?v=FMBh2xdjnzc,3048,129,89,129,https://www.twitch.tv/videos/2746080148
23dda65e497d4888b87db304533b8138,827,13684,0,0,0,,0,0,0,,0,0,0,,5371,745,511,1144,https://www.twitch.tv/videos/2735698400
77f4700c452c4200a4e62effa2884b4a,827,33189,0,0,0,,0,0,0,,0,0,0,,716,0,0,0,
c26ea894da5741df9e1bc62044f6bce7,827,4077,0,0,0,,0,0,0,,0,0,0,,262,0,0,0,
9ed7a28dd35e4e1c9400af811f6a284c,827,16634,0,0,0,,0,0,0,,0,0,0,,832,0,0,0,
6d144d78d2284fbcafa2428a5d132733,824,26872,0,0,0,,0,0,0,,0,0,0,,701,0,0,0,
899208f999aa4121ae2b67abb3190674,823,13515,0,0,0,,0,0,0,,0,0,0,,4207,191,138,367,https://www.twitch.tv/videos/2747020404
c747687c19704747b4cae2d4d5715aa0,819,30119,1257,1015,10834,https://www.youtube.com/watch?v=3Lgftlh_tI4,0,0,0,,1257,1015,10834,https://www.youtube.com/watch?v=3Lgftlh_tI4,4135,186,151,437,https://www.twitch.tv/videos/2745237685
686fa700c1ee4d179ed277d5b101f8a4,819,27761,0,0,0,,0,0,0,,0,0,0,,0,0,0,0,
0aa8c41f04bf4f12b9a8281353ea448a,818,35679,0,0,0,,0,0,0,,0,0,0,,4782,0,0,0,
6c5d547cdebf4daf813ac8b66c9fb873,815,32926,1133,74,1133,https://www.youtube.com/watch?v=K0D5EQi2bjY,0,0,0,,1133,74,1133,https://www.youtube.com/watch?v=K0D5EQi2bjY,0,0,0,0,
0a55a882e4ae4a1e9c1e77ea001aa91b,807,98876,0,0,0,,0,0,0,,0,0,0,,1505,34,26,38,https://www.twitch.tv/videos/2746188517
a0dbf7095446402ea77b11d8cced5a4b,804,45478,0,0,0,,0,0,0,,0,0,0,,0,0,0,0,
23354f18e2a94c9187fd0560fd874eeb,803,27338,0,0,0,,0,0,0,,0,0,0,,1665,288,218,335,https://www.twitch.tv/videos/2750186525
e099cf09b8674b988f17828aab2f7d86,803,21663,0,0,0,,0,0,0,,0,0,0,,639,155,102,168,https://www.twitch.tv/videos/2747054527
a26891359b444900956f04bc1b8f5faa,801,24448,81,33,1556,https://www.youtube.com/watch?v=G8oau6XwU2I,53,23,108,https://www.youtube.com/watch?v=2Dr_aS8Oj1A,396,174,1556,https://www.youtube.com/watch?v=G8oau6XwU2I,273,68,49,170,https://www.twitch.tv/videos/2742144990
13a3d049cda44b9e8da24006e642dd78,800,24814,0,0,0,,0,0,0,,0,0,0,,2783,0,0,0,
30bc516401f24514aaecce081979ab50,799,14539,0,0,0,,0,0,0,,0,0,0,,0,0,0,0,
29a3d514ca274f6fb966f9d70bed4b52,799,77548,0,0,0,,0,0,0,,0,0,0,,809,264,176,508,https://www.twitch.tv/videos/2752568019
5f8e197a06bc453e8d9e0a1c6cb92f1c,798,34796,4,0,16,https://www.youtube.com/watch?v=fX8Ov5rVZlY,0,0,0,,4,0,16,https://www.youtube.com/watch?v=fX8Ov5rVZlY,1630,93,72,143,https://www.twitch.tv/videos/2751779159
3e4c23394dde46f58f89cba536b208d5,796,22374,49,29,59,https://www.youtube.com/watch?v=AAzs_Qq1b_E,49,29,59,https://www.youtube.com/watch?v=AAzs_Qq1b_E,0,0,0,,0,0,0,0,
7a0c5fe0fe2f4427afe500c85ec958cb,793,54110,0,0,0,,0,0,0,,0,0,0,,0,0,0,0,
3034b51ec8ad439fa7033773a72a5c4a,793,20613,0,0,0,,0,0,0,,0,0,0,,3313,0,0,0,
a1c3335026d44b99b9abb8c6aaba3968,792,17969,0,0,0,,0,0,0,,0,0,0,,636,0,0,0,
1594067d444e4a53abb95bc1aa40e6db,790,26014,0,0,0,,0,0,0,,0,0,0,,498,51,32,61,https://www.twitch.tv/videos/2752667375
e80414fcc37b4d818ccf9dddb23cb452,790,16571,0,0,0,,0,0,0,,0,0,0,,3993,1678,497,2468,https://www.twitch.tv/videos/2742206280
29e2c3ae8e4d48f29fb3b89c463abb1c,790,69926,43,14,90,https://www.youtube.com/watch?v=fWDSQK--l4A,43,14,43,https://www.youtube.com/watch?v=dPvd__PytIE,45,14,90,https://www.youtube.com/watch?v=fWDSQK--l4A,2796,750,479,3080,https://www.twitch.tv/videos/2733917379
5f6dcf3b9b71405498aa07a2b80cb5ec,785,136178,350,232,350,https://www.youtube.com/watch?v=Uomw6WR6ps8,0,0,0,,350,232,350,https://www.youtube.com/watch?v=Uomw6WR6ps8,1241,133,95,174,https://www.twitch.tv/videos/2745118471
d44dc8542b4f4dacab8f54b7e3483728,785,35953,71,36,149,https://www.youtube.com/watch?v=WhroQjeix5g,71,36,149,https://www.youtube.com/watch?v=WhroQjeix5g,0,0,0,,0,0,0,0,
f0afa83a8d2d4cc6bb9eb80655bbe40d,783,12641,0,0,0,,0,0,0,,0,0,0,,0,0,0,0,
cf38ee666e104dce949c195f5ac58da2,783,300960,44,11,134,https://www.youtube.com/watch?v=D8PlCdh0NyY,44,12,134,https://www.youtube.com/watch?v=D8PlCdh0NyY,4,1,4,https://www.youtube.com/watch?v=kg9GKPjMHU4,0,0,0,0,
d2c5b1c430fa45c8b9be0b8be65d8a6b,782,4558,0,0,0,,0,0,0,,0,0,0,,304,0,0,0,
943129b96d2341bcb7b25a66c9da2354,780,32899,0,0,0,,0,0,0,,0,0,0,,16517,0,0,0,
8a63cc5d44b44e2c88122e98c533d20a,780,294133,0,0,0,,0,0,0,,0,0,0,,0,0,0,0,
80ae039e7c3e4e90b6b3994ead599307,780,53464,132,56,209,https://www.youtube.com/watch?v=MkMNhDOjiu0,132,56,209,https://www.youtube.com/watch?v=MkMNhDOjiu0,0,0,0,,0,0,0,0,
c3e1a96f96334696af38e93fa8178085,778,46299,5,1,5,https://www.youtube.com/watch?v=PpUmXV1PhR8,0,0,0,,5,1,5,https://www.youtube.com/watch?v=PpUmXV1PhR8,1239,0,0,0,
968f0b8c521942d6939234c70f49747a,776,23560,0,0,0,,0,0,0,,0,0,0,,1953,0,0,0,
4caaacdde06c4a0a9662e0d1e07114e0,773,15556,0,0,0,,0,0,0,,0,0,0,,0,0,0,0,
2971554445614cfaaccddd9cde93c599,773,25203,53,46,53,https://www.youtube.com/watch?v=0e8mwTvQkoo,0,0,0,,53,46,53,https://www.youtube.com/watch?v=0e8mwTvQkoo,1119,0,0,0,
a22035a68721415e830d1d7b8ffd172d,772,11335,0,0,0,,0,0,0,,0,0,0,,1851,0,0,0,
8c59e356f1564e068e1c81ac7de1a4e3,772,34199,0,0,0,,0,0,0,,0,0,0,,0,0,0,0,
405cf0a502a6496bacfe7e49647e7e28,771,37545,20,9,48,https://www.youtube.com/watch?v=DcmNM3L1r6g,21,11,48,https://www.youtube.com/watch?v=DcmNM3L1r6g,6,1,6,https://www.youtube.com/watch?v=92bKpqb3tEw,2170,750,588,1159,https://www.twitch.tv/videos/2751144855
7342482fda6d40f98e078505a24825d4,771,40454,107,77,127,https://www.youtube.com/watch?v=iyYMUFO54Ys,107,77,127,https://www.youtube.com/watch?v=iyYMUFO54Ys,0,0,0,,0,0,0,0,
e83a22c584774763a3b91d557141604d,770,9965,0,0,0,,0,0,0,,0,0,0,,2046,686,457,717,https://www.twitch.tv/videos/2747009244
de6ab52e6aca42d2ab88274244e772fc,769,25995,0,0,0,,0,0,0,,0,0,0,,0,0,0,0,
5cdecbd7413e4c9e9cb56373a186ccec,768,17710,0,0,0,,0,0,0,,0,0,0,,401,40,30,87,https://www.twitch.tv/videos/2749441623
2a2b7990365f4a1bb1d8acf1ae0f2f32,767,289084,59,17,23354,https://www.youtube.com/watch?v=0Wgd8yoDCrY,39,10,114,https://www.youtube.com/watch?v=qohiZmnPNPQ,1914,1443,23354,https://www.youtube.com/watch?v=0Wgd8yoDCrY,141,5,4,5,https://www.twitch.tv/videos/2749416766
e2ddcd13e70643238d46f50fba8261b2,767,83692,549,531,600,https://www.youtube.com/watch?v=fdV8Nq6VNDc,0,0,0,,549,531,600,https://www.youtube.com/watch?v=fdV8Nq6VNDc,2937,885,306,2317,https://www.twitch.tv/videos/2748578592
4de233ea7dfc4a7da1738ab627babd48,766,41736,79,42,1570,https://www.youtube.com/watch?v=SDdJmcB7Xm4,75,35,252,https://www.youtube.com/watch?v=BDMlHLgXEGs,1570,1200,1570,https://www.youtube.com/watch?v=SDdJmcB7Xm4,0,0,0,0,
17946118c2d641819c847aba0c491e13,766,4013,0,0,0,,0,0,0,,0,0,0,,5051,0,0,0,
3922688ae4b64592b8301430e19fd2ca,766,68108,99,50,1472,https://www.youtube.com/watch?v=s8xhEKpJ1Wc,96,38,118,https://www.youtube.com/watch?v=hTx9FqTc5dc,210,154,1472,https://www.youtube.com/watch?v=s8xhEKpJ1Wc,175,246,239,413,https://www.twitch.tv/videos/2746097333
e888326df83d41f680960f24bb55c670,765,16007,0,0,0,,0,0,0,,0,0,0,,0,0,0,0,
1d1e155c827e4ed2a0596c256983c22d,764,19501,5,2,32,https://www.youtube.com/watch?v=zDIZB1xnBkg,0,0,0,,5,2,32,https://www.youtube.com/watch?v=zDIZB1xnBkg,2227,237,189,1643,https://www.twitch.tv/videos/2751306559
945e26a69e2145219406bf2ca0d59554,761,21528,0,0,0,,0,0,0,,0,0,0,,728,0,0,0,
3a932cc8813343b6bb5d822cb2f53558,761,41998,0,0,0,,0,0,0,,0,0,0,,3187,0,0,0,
40bb881e52be4d8b9c66a60be89e0504,761,50415,88,13,127,https://www.youtube.com/watch?v=E_7kTAjiRbk,88,13,127,https://www.youtube.com/watch?v=E_7kTAjiRbk,0,0,0,,0,0,0,0,
80b6efc8007f4f6d84ce2f93862ae319,760,106639,212,122,298,https://www.youtube.com/watch?v=tIW2ltMaf_M,212,122,298,https://www.youtube.com/watch?v=tIW2ltMaf_M,0,0,0,,0,0,0,0,
3204abe8247b45f08481bef65884ebc3,759,2983,0,0,0,,0,0,0,,0,0,0,,1340,0,0,0,
9539cc114b7648efb72bafc3a7358ae6,758,0,0,0,0,,0,0,0,,0,0,0,,1935,0,0,0,
f7c5ff874d1d4528a36c0a54d27017a3,756,59568,30,10,56,https://www.youtube.com/watch?v=yXQ_wf_K0dY,30,10,56,https://www.youtube.com/watch?v=yXQ_wf_K0dY,0,0,0,,0,0,0,0,
dc0868efeac540bfac9b383bd65a82e6,756,22420,62,41,74,https://www.youtube.com/watch?v=A4qIzjByIT0,62,41,74,https://www.youtube.com/watch?v=A4qIzjByIT0,0,0,0,,0,0,0,0,
a666cf6707d14cdbbe6581a8964aabd0,751,20755,0,0,0,,0,0,0,,0,0,0,,859,48,33,60,https://www.twitch.tv/videos/2744618950
66ab3e28c90a428bb98100cd9119a4e9,750,28008,114,41,164,https://www.youtube.com/watch?v=H2aS3v33Wxw,114,41,164,https://www.youtube.com/watch?v=H2aS3v33Wxw,0,0,0,,0,0,0,0,
d1d879cfccf7411296dcc765ca40e39c,749,121683,1423,811,2830,https://www.youtube.com/watch?v=4Uw4i0WfsbI,0,0,0,,1423,811,2830,https://www.youtube.com/watch?v=4Uw4i0WfsbI,1428,266,189,687,https://www.twitch.tv/videos/2746084075
c639c0dba4504221bfec50cf787f395d,746,29135,83,61,3038,https://www.youtube.com/watch?v=i1BC1IHmpWg,72,33,82,https://www.youtube.com/watch?v=sSz_NO_WLlA,1162,578,3038,https://www.youtube.com/watch?v=i1BC1IHmpWg,1019,228,180,339,https://www.twitch.tv/videos/2747715804
b96e4730713c48899004d4af5975fe21,745,5137,0,0,0,,0,0,0,,0,0,0,,250,0,0,0,
7531ceacd52e43b4a29ba4dc18a3f56c,741,35644,1418,1328,1418,https://www.youtube.com/watch?v=w3N-6CDKg0s,0,0,0,,1418,1328,1418,https://www.youtube.com/watch?v=w3N-6CDKg0s,1874,285,187,552,https://www.twitch.tv/videos/2732779045
0f97f20ec79649e687590a4dc7328a21,740,19660,0,0,0,,0,0,0,,0,0,0,,349,0,0,0,
6ac39c9c814e4dfe9c2294345a2a3e9c,739,54189,122,46,296,https://www.youtube.com/watch?v=xng6IrWrUXw,109,46,296,https://www.youtube.com/watch?v=xng6IrWrUXw,135,47,135,https://www.youtube.com/watch?v=Blw9gdIssM0,1455,0,0,0,
4f20e15637644c409c850ced48bb33dd,737,34607,137,55,163,https://www.youtube.com/watch?v=rZ1HSZ9scbE,145,52,163,https://www.youtube.com/watch?v=rZ1HSZ9scbE,89,80,89,https://www.youtube.com/watch?v=PJW2oFDo50Q,0,0,0,0,
a1880ae475fe44fc92760277c3f850ed,736,6500,0,0,0,,0,0,0,,0,0,0,,586,0,0,0,
c6286d22a9344325bb1609918d442b93,736,69831,63,4,63,https://www.youtube.com/watch?v=L3ct2xKDbzY,63,4,63,https://www.youtube.com/watch?v=L3ct2xKDbzY,0,0,0,,76,0,0,0,
eef7776c596141afb7efb9c1790bcb64,736,34338,0,0,0,,0,0,0,,0,0,0,,1524,0,0,0,
ab7fb3b59bef4d869388be703ffa8c01,736,12360,0,0,0,,0,0,0,,0,0,0,,0,0,0,0,
8774553046cb47a9b5165c15feb01e84,728,32524,22,10,24,https://www.youtube.com/watch?v=6-qsZ95LQVA,22,10,24,https://www.youtube.com/watch?v=6-qsZ95LQVA,0,0,0,,476,0,0,0,
f5260b1a196a43f8b4aff1cc742a67f4,727,21240,136,112,1229,https://www.youtube.com/watch?v=rCxJFMsZW7w,121,93,138,https://www.youtube.com/watch?v=81KcrVD70yo,1031,868,1229,https://www.youtube.com/watch?v=rCxJFMsZW7w,109,36,32,71,https://www.twitch.tv/videos/2747823935
c2b2f9bf0228445289b8791110b340ec,727,363126,47,24,86,https://www.youtube.com/watch?v=xxXaDGhIfwU,47,24,86,https://www.youtube.com/watch?v=xxXaDGhIfwU,0,0,0,,92,0,0,0,
00de1290ff0a4edda4db0385a6ba3300,726,14707,0,0,0,,0,0,0,,0,0,0,,1762,79,57,141,https://www.twitch.tv/videos/2746336381
a2f9fd3568f3467aa35e411dbde1ab45,725,39635,51,27,53,https://www.youtube.com/watch?v=YdtjBO1YliE,0,0,0,,51,27,53,https://www.youtube.com/watch?v=YdtjBO1YliE,0,0,0,0,
9124a5ccacc44fb68b5b1d5697e3fb90,724,17839,102,41,217,https://www.youtube.com/watch?v=DBRQBuVqaFg,101,45,217,https://www.youtube.com/watch?v=DBRQBuVqaFg,198,5,198,https://www.youtube.com/watch?v=qQOO4PuNM40,0,0,0,0,
8f4142c5ead94656b4744b425d800fb8,724,98343,46,12,115,https://www.youtube.com/watch?v=ZvAMkSEGhZE,46,12,115,https://www.youtube.com/watch?v=ZvAMkSEGhZE,0,0,0,,0,0,0,0,
c22cb6790eaf4fcc8ac47633e0ab6c49,723,23385,129,37,1041,https://www.youtube.com/watch?v=dmKxoBHIEcs,100,18,133,https://www.youtube.com/watch?v=NF_Cg9IG02U,604,494,1041,https://www.youtube.com/watch?v=dmKxoBHIEcs,302,94,79,106,https://www.twitch.tv/videos/2752734255
6826120624a244d4ab9522b5845db071,723,38291,0,0,0,,0,0,0,,0,0,0,,3650,207,149,702,https://www.twitch.tv/videos/2750744508
082df6a588424bc9aaa378c53b34315c,715,23468,0,0,0,,0,0,0,,0,0,0,,179,0,0,0,
bb775b8f85574398af290f5be009d40e,714,948,0,0,0,,0,0,0,,0,0,0,,0,0,0,0,
ffe0cef3d8c34c52bb605a23a3e61e95,712,20516,201,31,1611,https://www.youtube.com/watch?v=sQVPShLOTpw,252,84,335,https://www.youtube.com/watch?v=j2Yk4BGrx_Y,158,12,1611,https://www.youtube.com/watch?v=sQVPShLOTpw,0,0,0,0,
fb72bfcead034da2abef22637e7b2b3c,710,36285,969,483,1403,https://www.youtube.com/watch?v=LCPLljeKhvI,0,0,0,,969,483,1403,https://www.youtube.com/watch?v=LCPLljeKhvI,1505,117,90,178,https://www.twitch.tv/videos/2742160528
8bd1aad0ee834101b6042c08495a31be,709,17070,0,0,0,,0,0,0,,0,0,0,,249,17,12,23,https://www.twitch.tv/videos/2747846895
a4e31a26718d42d692f6613fafb810f5,707,17756,0,0,0,,0,0,0,,0,0,0,,0,0,0,0,
40a4357f990e4fd8ad2ac18c26603925,707,17933,22,13,52,https://www.youtube.com/watch?v=j_Yx5sl8aJE,20,7,29,https://www.youtube.com/watch?v=rF4WusjUPik,52,31,52,https://www.youtube.com/watch?v=j_Yx5sl8aJE,1658,47,45,47,https://www.twitch.tv/videos/2752692651
6bff712e91fe4fc19332873f9db07c2a,706,28031,0,0,0,,0,0,0,,0,0,0,,0,0,0,0,
d460f1ea172d49f9a23f3277a391ce30,705,5820,0,0,0,,0,0,0,,0,0,0,,528,72,53,72,https://www.twitch.tv/videos/2747043977
667d1f10770d4512a5350b74bcb3efc0,705,28029,55,47,60,https://www.youtube.com/watch?v=y5nzFKePEbI,55,47,60,https://www.youtube.com/watch?v=y5nzFKePEbI,0,0,0,,0,0,0,0,
acc6cc72bdb74a74a719cc41baf0aade,703,26607,54,29,109,https://www.youtube.com/watch?v=VFz40UPBDuo,54,29,109,https://www.youtube.com/watch?v=VFz40UPBDuo,0,0,0,,0,0,0,0,
5ee9f1126dcf463e8d6afc8ef113d084,702,21917,56,27,117,https://www.youtube.com/watch?v=Kc81yab4c90,56,27,117,https://www.youtube.com/watch?v=Kc81yab4c90,0,0,0,,0,0,0,0,
b3628981441b4b1aa2a3c91af81c7084,701,4368,0,0,0,,0,0,0,,0,0,0,,0,0,0,0,
027dc46502ee4350ba597000191659ae,701,18310,92,47,614,https://www.youtube.com/watch?v=IvxER_M2YqI,83,36,316,https://www.youtube.com/watch?v=HnrBKz4tYdE,478,58,614,https://www.youtube.com/watch?v=IvxER_M2YqI,51,0,0,0,
c72045d5b8714411af64d5c9d29cea97,701,28377,0,0,0,,0,0,0,,0,0,0,,0,0,0,0,
ea31f43c943742be847e205495fc64ad,697,58993,1192,1094,1958,https://www.youtube.com/watch?v=KVdigRlA5CY,0,0,0,,1192,1094,1958,https://www.youtube.com/watch?v=KVdigRlA5CY,3168,1423,822,2291,https://www.twitch.tv/videos/2741245259
bd16ea1e11d9475eb53a108ba90ea6a3,697,58330,28,10,54,https://www.youtube.com/watch?v=JT9Zkdmdh2g,28,10,54,https://www.youtube.com/watch?v=JT9Zkdmdh2g,0,0,0,,0,0,0,0,
9b64082043fc451f9dd5edc793fa8605,697,8681,5,2,14,https://www.youtube.com/watch?v=fKwLO1rhSF4,0,0,0,,5,2,14,https://www.youtube.com/watch?v=fKwLO1rhSF4,1149,181,134,186,https://www.twitch.tv/videos/2744340840
2047c8ae25624470b90251b1fd9502d5,697,27757,0,0,0,,0,0,0,,0,0,0,,0,0,0,0,
8881d23b0a3c426590c8a2509e363ec1,695,86365,0,0,0,,0,0,0,,0,0,0,,2003,118,98,476,https://www.twitch.tv/videos/2746117357
0800162a149e420ea0386c9506e710b7,693,29583,0,0,0,,0,0,0,,0,0,0,,0,0,0,0,
28e5717b1964475ca59ce02d81cb2796,692,14259,0,0,0,,0,0,0,,0,0,0,,3251,617,285,1191,https://www.twitch.tv/videos/2732151434
a0467c81a3014fbf83029acffe5b1d3f,688,12283,0,0,0,,0,0,0,,0,0,0,,1160,20,15,31,https://www.twitch.tv/videos/2751654569
60da3bb357d64f998006b8ca3043fd00,687,28463,49,21,120,https://www.youtube.com/watch?v=M2zVHQSHfGY,49,21,120,https://www.youtube.com/watch?v=M2zVHQSHfGY,0,0,0,,0,0,0,0,
5896bb30994d4416ad7e252642135194,683,49198,51,20,51,https://www.youtube.com/watch?v=sanY34Omunw,51,20,51,https://www.youtube.com/watch?v=sanY34Omunw,0,0,0,,0,0,0,0,
15ec206bfc374aaaa594bc12e9887a69,681,9389,0,0,0,,0,0,0,,0,0,0,,1622,0,0,0,
bff3b878d9864ff893bd79d1f2a7a849,681,43927,24,10,49,https://www.youtube.com/watch?v=srzeEulu9w0,25,10,49,https://www.youtube.com/watch?v=srzeEulu9w0,12,11,12,https://www.youtube.com/watch?v=m6Il3g6lKxE,129,8,5,24,https://www.twitch.tv/videos/2747080988
2c83b5b4c0644e9d94c4221ba9543cc5,678,19110,0,0,0,,0,0,0,,0,0,0,,271,0,0,0,
0528d5a963af400884b2db8484a0d152,678,531,0,0,0,,0,0,0,,0,0,0,,412,0,0,0,
cec266a3203a4d1599494b42f35b4012,676,618,0,0,0,,0,0,0,,0,0,0,,495,35,29,83,https://www.twitch.tv/videos/2746093364
2608bc34d1f8497da55ab0cf4d0d7f0e,676,14035,1107,691,1107,https://www.youtube.com/watch?v=_U8AbHHXaLU,0,0,0,,1107,691,1107,https://www.youtube.com/watch?v=_U8AbHHXaLU,2964,1049,743,1766,https://www.twitch.tv/videos/2750716938
e44a37ed06c749da9aeea8e16b309a84,675,28944,0,0,0,,0,0,0,,0,0,0,,27,0,0,0,
94b3f738cde248e3bf6061f1692d6337,675,167454,0,0,0,,0,0,0,,0,0,0,,0,0,0,0,
263db06cfe814d4397e6fc8bc593e70e,673,42526,0,0,0,,0,0,0,,0,0,0,,0,0,0,0,
6159040406fc4e6cb73dbf9734717703,673,98213,0,0,0,,0,0,0,,0,0,0,,2147,0,0,0,
4297ecbe09d04698a65f1778f5c16dc4,673,26898,58,29,642,https://www.youtube.com/watch?v=bEhYzTSiVh8,51,23,99,https://www.youtube.com/watch?v=IVQafYaXHJo,517,494,642,https://www.youtube.com/watch?v=bEhYzTSiVh8,198,22,17,26,https://www.twitch.tv/videos/2745461849
15e82a696cfc4d42929e29b0d90955d1,673,45478,181,102,2201,https://www.youtube.com/watch?v=wFkmwNaHElc,159,95,884,https://www.youtube.com/watch?v=u73BDr4WJ4k,327,132,2201,https://www.youtube.com/watch?v=wFkmwNaHElc,0,0,0,0,
c265c71f4d2744919a319f0f38c008f9,670,25905,0,0,0,,0,0,0,,0,0,0,,5608,0,0,0,
26b00f5ff5bf4b5a8dcb6c5c34e1b4f6,664,4884,0,0,0,,0,0,0,,0,0,0,,5911,944,342,4262,https://www.twitch.tv/videos/2730531660
0591345aa6634a73ac41f08af6d4e06e,664,31987,47,20,125,https://www.youtube.com/watch?v=5Q4z12WHwms,47,20,125,https://www.youtube.com/watch?v=5Q4z12WHwms,0,0,0,,0,0,0,0,
a59b5e9b4b3f423faa754bb0c1c5e9f7,664,20033,0,0,0,,0,0,0,,0,0,0,,13,0,0,0,
d15b3fadead04e7399faaeb47fdf37f9,663,33575,0,0,0,,0,0,0,,0,0,0,,0,0,0,0,
63d931b5a0374b3fbeef2c565a8db8df,663,95068,2286,763,2286,https://www.youtube.com/watch?v=8sthokxi8lM,0,0,0,,2286,763,2286,https://www.youtube.com/watch?v=8sthokxi8lM,6377,515,467,515,https://www.twitch.tv/videos/2751172147
5bbd1c2531594775a4b74928e630dd59,662,45473,0,0,0,,0,0,0,,0,0,0,,4095,296,187,1536,https://www.twitch.tv/videos/2751674738
f3a1ec7e996e4897ba4e34376f7c0be2,661,8194,176,58,1563,https://www.youtube.com/watch?v=k6bMEFtWH48,0,0,0,,176,58,1563,https://www.youtube.com/watch?v=k6bMEFtWH48,1022,167,128,316,https://www.twitch.tv/videos/2752602863
1a39f2817a8d4b2d941677c2a07e896a,660,78344,121,51,1888,https://www.youtube.com/watch?v=QJcfuS9b3QI,50,25,1212,https://www.youtube.com/watch?v=LZlPVx-PqtQ,316,175,1888,https://www.youtube.com/watch?v=QJcfuS9b3QI,0,0,0,0,
4b305df8ba4546b48c8ec1cda5efb7e2,660,181082,12,10,12,https://www.youtube.com/watch?v=95hpsBZv6-A,12,10,12,https://www.youtube.com/watch?v=95hpsBZv6-A,0,0,0,,0,0,0,0,
23d18a6678794320b2d3f9d468b9b3a4,660,42861,16,7,120,https://www.youtube.com/watch?v=Bg0u2-i-wfE,15,7,27,https://www.youtube.com/watch?v=BuLiVy5bQ5Q,114,18,120,https://www.youtube.com/watch?v=Bg0u2-i-wfE,1256,159,115,578,https://www.twitch.tv/videos/2747066830
fc6a8de6e0e14e05a11b1d35dfce1d71,658,36170,43,40,45,https://www.youtube.com/watch?v=kTVtNWylXuo,30,23,43,https://www.youtube.com/watch?v=x21H4SmHEyM,45,42,45,https://www.youtube.com/watch?v=kTVtNWylXuo,0,0,0,0,
7342e2aefa41449880565dfd15a35cad,658,20478,41,15,51,https://www.youtube.com/watch?v=9tHyJeftAEI,41,15,51,https://www.youtube.com/watch?v=9tHyJeftAEI,0,0,0,,0,0,0,0,
c03997835cc943fe81a441c571d733d0,656,53438,23,9,123,https://www.youtube.com/watch?v=JYDkK-i6Ad0,23,7,73,https://www.youtube.com/watch?v=R8I8vw-apoI,123,56,123,https://www.youtube.com/watch?v=JYDkK-i6Ad0,207,0,0,0,
3a30426a65fe450bbef138fd8ba35f1e,656,51022,88,40,205,https://www.youtube.com/watch?v=IU8kgv6XT1Y,88,40,205,https://www.youtube.com/watch?v=IU8kgv6XT1Y,0,0,0,,0,0,0,0,
49d38057272d4c4992cdbcb792c94d00,654,25941,33,12,51,https://www.youtube.com/watch?v=f64gLKgEbO8,33,12,51,https://www.youtube.com/watch?v=f64gLKgEbO8,0,0,0,,284,35,14,96,https://www.twitch.tv/videos/2738656833
29d8d144d6a24ff28476d25306286836,653,132082,2813,1238,4361,https://www.youtube.com/watch?v=oBAZ1kSNpXI,0,0,0,,2813,1238,4361,https://www.youtube.com/watch?v=oBAZ1kSNpXI,1164,312,165,2122,https://www.twitch.tv/videos/2750957496
4d4db7afb4b84af7b4d54889a5f93947,651,19297,0,0,0,,0,0,0,,0,0,0,,0,0,0,0,
dfc411c6b5d24d97b944f527ddfd2f0b,651,33882,82,40,258,https://www.youtube.com/watch?v=mhjrC4vg7Og,74,40,176,https://www.youtube.com/watch?v=C5wt33nQFJk,258,24,258,https://www.youtube.com/watch?v=mhjrC4vg7Og,0,0,0,0,
14d68e1fc65f4206b0c45d65970c0215,651,42741,66,42,630,https://www.youtube.com/watch?v=5AAu1Nr5C0A,61,41,83,https://www.youtube.com/watch?v=0SBV7WJEQKA,630,61,630,https://www.youtube.com/watch?v=5AAu1Nr5C0A,0,0,0,0,
f7185f45c8a44e69bf829405206996b9,651,30618,114,15,173,https://www.youtube.com/watch?v=GQJGo5xOHG0,114,15,173,https://www.youtube.com/watch?v=GQJGo5xOHG0,0,0,0,,54,0,0,0,
0f11420beab0442eae0208ac63d4474c,651,3899,0,0,0,,0,0,0,,0,0,0,,0,0,0,0,
728094029eab434ca60a99e4d1a139c7,650,111179,1492,406,24089,https://www.youtube.com/watch?v=9pZf8c6UhP0,126,65,177,https://www.youtube.com/watch?v=ScelU20vT-s,1809,1121,24089,https://www.youtube.com/watch?v=9pZf8c6UhP0,5,0,0,0,
9bd9d680d6cf48d1a7171430f286fcb1,650,90662,39,20,1627,https://www.youtube.com/watch?v=sfYiwiZmmZ0,34,18,68,https://www.youtube.com/watch?v=YUsH0X_VADU,400,187,1627,https://www.youtube.com/watch?v=sfYiwiZmmZ0,0,0,0,0,
b96f58f4373a4b65977afe5f2829e9e4,650,164391,27,14,142,https://www.youtube.com/watch?v=_HSAirVLFXU,26,14,63,https://www.youtube.com/watch?v=zwI3c6gzyAk,100,67,142,https://www.youtube.com/watch?v=_HSAirVLFXU,510,119,83,166,https://www.twitch.tv/videos/2751143649
948c874aac8c4c7fa088b380e79b2154,649,20653,87,78,87,https://www.youtube.com/watch?v=mX-TDfR26p0,87,78,87,https://www.youtube.com/watch?v=mX-TDfR26p0,0,0,0,,0,0,0,0,
1058d6e9f351455389e8a7a716ea26ff,648,52373,32,14,91,https://www.youtube.com/watch?v=7T5amoiJHKQ,26,14,91,https://www.youtube.com/watch?v=7T5amoiJHKQ,39,18,59,https://www.youtube.com/watch?v=y1ZKcvT5aPQ,3354,174,124,459,https://www.twitch.tv/videos/2751034502
3e079110e939428085c1f1040ec756f9,648,8624,0,0,0,,0,0,0,,0,0,0,,0,0,0,0,
2c6b5ad20b4e4bdc85310b791d02b364,648,6979,0,0,0,,0,0,0,,0,0,0,,2345,0,0,0,
677a773535814b5fa2d557da2f80bb89,647,17353,0,0,0,,0,0,0,,0,0,0,,423,0,0,0,
e911a56d410b4949aee1d3a8dc84f4ad,645,39629,37,11,91,https://www.youtube.com/watch?v=oHMKdM5w_S8,38,12,91,https://www.youtube.com/watch?v=oHMKdM5w_S8,35,8,35,https://www.youtube.com/watch?v=-PY11RAkqPU,0,0,0,0,
adb7f358e8134f30ac0919a74c9d171b,638,13840,0,0,0,,0,0,0,,0,0,0,,2204,345,255,708,https://www.twitch.tv/videos/2750120777
4c127c01ba31487599018fc81ff1a3dd,636,35966,35,4,35,https://www.youtube.com/watch?v=UUXeFUKfAHk,35,4,35,https://www.youtube.com/watch?v=UUXeFUKfAHk,0,0,0,,0,0,0,0,
031da54f73f94adf8159ef0d3bfeb52b,636,67336,42,16,116,https://www.youtube.com/watch?v=Fr_bjsAIAq0,35,14,72,https://www.youtube.com/watch?v=5_W9oRA9ES8,116,23,116,https://www.youtube.com/watch?v=Fr_bjsAIAq0,0,0,0,0,
ec332c6e824044698204e6dba3e5fbfc,635,12000,0,0,0,,0,0,0,,0,0,0,,567,0,0,0,
6bb99d03979041aa909d87375acaf92d,635,108588,592,203,592,https://www.youtube.com/watch?v=w4PgibFmpF4,592,203,592,https://www.youtube.com/watch?v=w4PgibFmpF4,0,0,0,,0,0,0,0,
f1bcb26adebc4b95abd8fb779dfc4f6f,633,30621,122,54,1775,https://www.youtube.com/watch?v=q-_DA2no4fg,116,50,207,https://www.youtube.com/watch?v=6Dk5-obOfDE,1775,352,1775,https://www.youtube.com/watch?v=q-_DA2no4fg,0,0,0,0,
e7f01ae0c78b4daeaaf8f3fe39946e8d,633,33363,39,12,73,https://www.youtube.com/watch?v=5k3TtIw48gU,39,12,73,https://www.youtube.com/watch?v=5k3TtIw48gU,0,0,0,,0,0,0,0,
87e1b5eec62040118b6bd49efbe5d61c,632,49094,117,67,1376,https://www.youtube.com/watch?v=cgTRmIHHJFY,77,47,216,https://www.youtube.com/watch?v=k0KtSHOiNHA,268,171,1376,https://www.youtube.com/watch?v=cgTRmIHHJFY,424,181,159,723,https://www.twitch.tv/videos/2750766730
9f585f607da24e26b05ccb7e06e1d4f1,632,85787,166,45,1383,https://www.youtube.com/watch?v=hA-NEMfFZUM,61,31,204,https://www.youtube.com/watch?v=0my6EMbAg3o,996,223,1383,https://www.youtube.com/watch?v=hA-NEMfFZUM,525,0,0,0,
1f455594561b421da20dde10d1540981,630,44366,0,0,0,,0,0,0,,0,0,0,,6169,447,280,1048,https://www.twitch.tv/videos/2742816592
424043d4c55449cd9317bc0923c13299,630,264736,68,17,1714,https://www.youtube.com/watch?v=7ZcOHWo1lo0,39,11,87,https://www.youtube.com/watch?v=-Yopoz_NcTk,710,88,1714,https://www.youtube.com/watch?v=7ZcOHWo1lo0,279,0,0,0,
e55e67f2f7f64a6da7ae604df1652f5e,629,252233,78,42,78,https://www.youtube.com/watch?v=UtMFRj_W-Ew,78,42,78,https://www.youtube.com/watch?v=UtMFRj_W-Ew,0,0,0,,0,0,0,0,
5298121274154e4b9154e8ac47d98beb,628,36852,29,19,31,https://www.youtube.com/watch?v=FRHGbYPhw74,29,19,31,https://www.youtube.com/watch?v=FRHGbYPhw74,0,0,0,,0,0,0,0,
8ae0f370cf124faa953a09089a427fd9,628,25164,88,42,558,https://www.youtube.com/watch?v=aHS8geOU6yE,88,42,558,https://www.youtube.com/watch?v=aHS8geOU6yE,0,0,0,,290,35,26,128,https://www.twitch.tv/videos/2745881817
e50da8792cd94b009eaa8dd4be738d59,627,2038,0,0,0,,0,0,0,,0,0,0,,1071,36,26,116,https://www.twitch.tv/videos/2742132407
87e486b2a37549cbaccc95bbf7d3f253,627,40803,34,15,1180,https://www.youtube.com/watch?v=VgczWFbnB78,33,12,132,https://www.youtube.com/watch?v=SbPTbc-uhec,1180,1061,1180,https://www.youtube.com/watch?v=VgczWFbnB78,2437,117,99,307,https://www.twitch.tv/videos/2742185759
fdb0805c65e24f13b7f23e50e0db8ae2,625,44941,814,704,1141,https://www.youtube.com/watch?v=aWUsrr3QOhw,0,0,0,,814,704,1141,https://www.youtube.com/watch?v=aWUsrr3QOhw,8701,872,598,1057,https://www.twitch.tv/videos/2742864549
54b80ca15e0c40f6abdebd37e0aa4ca1,624,14183,0,0,0,,0,0,0,,0,0,0,,671,200,181,243,https://www.twitch.tv/videos/2751837348
6c2b07e387644ff1898d8c536747dcb0,623,20826,959,562,1417,https://www.youtube.com/watch?v=RU_KhMaK_IY,0,0,0,,959,562,1417,https://www.youtube.com/watch?v=RU_KhMaK_IY,308,0,0,0,
8999cce711d64abfb6d451ca6172dd3e,623,31443,1760,1459,18375,https://www.youtube.com/watch?v=GDYCpZr7fvE,0,0,0,,1760,1459,18375,https://www.youtube.com/watch?v=GDYCpZr7fvE,0,0,0,0,
c1ca3c2282084d0ebbdeb3896801aec9,622,18988,0,0,0,,0,0,0,,0,0,0,,259,0,0,0,
b16b9643e24d404a8de6d66551451b85,621,8774,38,9,68,https://www.youtube.com/watch?v=TcYBJapPL_I,38,9,68,https://www.youtube.com/watch?v=TcYBJapPL_I,0,0,0,,3307,0,0,0,
5e931b583dfe4fdc98d10e4dceaf2c93,621,23279,8,2,95,https://www.youtube.com/watch?v=Eez7IzygwcU,0,0,0,,8,2,95,https://www.youtube.com/watch?v=Eez7IzygwcU,1523,187,108,208,https://www.twitch.tv/videos/2743613245
3e6f13f775fa4ef09ff9b26ce062eb52,621,1576,0,0,0,,0,0,0,,0,0,0,,306,0,0,0,
b8ccfa7aec6a419ca8ad1a91d9fafdf6,621,0,0,0,0,,0,0,0,,0,0,0,,2328,97,87,128,https://www.twitch.tv/videos/2750919776
004e635d5d494045a810b2d026e769c7,620,61043,87,29,1139,https://www.youtube.com/watch?v=qQ1ddQVFs8k,87,15,199,https://www.youtube.com/watch?v=GcSLTQjhu4U,589,409,1139,https://www.youtube.com/watch?v=qQ1ddQVFs8k,0,0,0,0,
0ad03ee6159c4d37a4feccbc49ba3dcf,620,56421,32,16,488,https://www.youtube.com/watch?v=zFlMJV26D4E,33,19,488,https://www.youtube.com/watch?v=zFlMJV26D4E,4,2,4,https://www.youtube.com/watch?v=ZQAMDGAKUNo,169,0,0,0,
dec8ff1f1ef243ccb8fa65edb7a813bd,619,872,0,0,0,,0,0,0,,0,0,0,,327,0,0,0,
a324be13dcdb4acbbe722638fc2dbfa4,619,35126,69,19,2770,https://www.youtube.com/watch?v=tu3A6fqZvQE,46,15,69,https://www.youtube.com/watch?v=SFBkI2sgaew,1776,314,2770,https://www.youtube.com/watch?v=tu3A6fqZvQE,114,13,10,13,https://www.twitch.tv/videos/2749413834
e0823adb7a574647b6e395e70038509d,617,27978,972,189,1957,https://www.youtube.com/watch?v=lDP43eVT93U,0,0,0,,972,189,1957,https://www.youtube.com/watch?v=lDP43eVT93U,0,0,0,0,
e07cd7e29645414481d441fcfd4fd456,617,29080,2,0,5,https://www.youtube.com/watch?v=oBtS2Rl_wRU,0,0,0,,2,0,5,https://www.youtube.com/watch?v=oBtS2Rl_wRU,0,0,0,0,
dc9cd2bc942d427d8cc73370d1194f9e,616,44618,107,42,311,https://www.youtube.com/watch?v=tXVbQrocWGM,108,50,311,https://www.youtube.com/watch?v=tXVbQrocWGM,107,8,157,https://www.youtube.com/watch?v=kcMKLTMLYwY,0,0,0,0,
326a721a7a904cb9b5ed0dad4899d7c2,616,20850,0,0,0,,0,0,0,,0,0,0,,784,341,249,447,https://www.twitch.tv/videos/2742914465
c3945429509246f79c5f0a18594f696d,616,30050,0,0,0,,0,0,0,,0,0,0,,12802,3330,1468,5092,https://www.twitch.tv/videos/2747682493
12d506583827419e9eb3b64ec551a94d,616,32544,102,10,913,https://www.youtube.com/watch?v=1G6Ch7N4Kbo,67,16,137,https://www.youtube.com/watch?v=YxsMkcWNr38,913,2,913,https://www.youtube.com/watch?v=1G6Ch7N4Kbo,24,0,0,0,
66345fc8147b45e99d6eba1b0df6ba7c,616,31716,0,0,0,,0,0,0,,0,0,0,,0,0,0,0,
f5a99c6ea78e4023b1bc84c1502f432d,615,30362,17,8,45,https://www.youtube.com/watch?v=qfqB6XeN4hA,17,8,45,https://www.youtube.com/watch?v=qfqB6XeN4hA,25,10,25,https://www.youtube.com/watch?v=VTcyKt0jC7Y,790,69,36,141,https://www.twitch.tv/videos/2733849036
2ffa876173cb42bc8a1de004fe10e391,612,11669,0,0,0,,0,0,0,,0,0,0,,0,0,0,0,
17143fd7a2eb41aab006783b2584dda7,610,14702,0,0,0,,0,0,0,,0,0,0,,1030,0,0,0,
809ddec4aec2402ea41adeba2f8520ec,608,59170,270,69,796,https://www.youtube.com/watch?v=AxowdVcOiZE,0,0,0,,270,69,796,https://www.youtube.com/watch?v=AxowdVcOiZE,1208,103,61,269,https://www.twitch.tv/videos/2752664219
9760ffdb528f40a7bd010589f2ce06c4,605,29555,0,0,0,,0,0,0,,0,0,0,,784,71,63,71,https://www.twitch.tv/videos/2750898422
5507154831064d69906acc64c76b1c99,605,23183,0,0,0,,0,0,0,,0,0,0,,3163,478,197,863,https://www.twitch.tv/videos/2752794265
d02adf3818df4c9fa03ed90bf1df5b41,604,15424,14,13,26,https://www.youtube.com/watch?v=njjh9X-fvhY,26,25,26,https://www.youtube.com/watch?v=njjh9X-fvhY,2,1,2,https://www.youtube.com/watch?v=vJ1v0VavYco,0,0,0,0,
8b0dbadf9faa4815923944437f1c1abb,599,72131,10,5,1278,https://www.youtube.com/watch?v=FQ-D-Vv67Qg,0,0,0,,10,5,1278,https://www.youtube.com/watch?v=FQ-D-Vv67Qg,0,0,0,0,
20b9316c0979495fbff724be3442d4a4,599,139652,42,29,1239,https://www.youtube.com/watch?v=27D0CTYsysk,27,19,92,https://www.youtube.com/watch?v=na_cX2Ycvfc,241,83,1239,https://www.youtube.com/watch?v=27D0CTYsysk,17,0,0,0,
6142bdfa61cd4f3092263bfe477e8e0b,599,146998,56,39,64,https://www.youtube.com/watch?v=bxFqbu3FzLo,56,39,64,https://www.youtube.com/watch?v=bxFqbu3FzLo,0,0,0,,0,0,0,0,
7c781489389447e682388caccae7fb1c,599,21089,16,14,22,https://www.youtube.com/watch?v=cz4j1rBqxo0,0,0,0,,16,14,22,https://www.youtube.com/watch?v=cz4j1rBqxo0,1043,42,35,49,https://www.twitch.tv/videos/2749430727
04ca68439fd14d088c77eb0069e6414f,598,55462,31,7,97,https://www.youtube.com/watch?v=lld05xzqOrw,31,7,97,https://www.youtube.com/watch?v=lld05xzqOrw,0,0,0,,349,64,59,113,https://www.twitch.tv/videos/2748511123
3f74c9c84fac427ea0e3d147c6027e82,596,17603,11,1,157,https://www.youtube.com/watch?v=VJp_PeDeG-A,0,0,0,,11,1,157,https://www.youtube.com/watch?v=VJp_PeDeG-A,0,0,0,0,
5d1f5182f62642a8a2e3ae5d3ead1014,596,50913,100,28,299,https://www.youtube.com/watch?v=YmD_jz6vZKc,80,21,126,https://www.youtube.com/watch?v=-W5TcoR7YuE,126,31,299,https://www.youtube.com/watch?v=YmD_jz6vZKc,0,0,0,0,
e4a78a4115b7463eb3e42f1cbbd59aa0,594,38473,0,0,0,,0,0,0,,0,0,0,,0,0,0,0,
3849edba2b2e411f8564e9c1d1aaaa51,592,72489,66,10,66,https://www.youtube.com/watch?v=CqWnO0WnS2I,66,10,66,https://www.youtube.com/watch?v=CqWnO0WnS2I,0,0,0,,0,0,0,0,
defbc693cb874182807b768593439616,588,19090,0,0,0,,0,0,0,,0,0,0,,1605,175,89,228,https://www.twitch.tv/videos/2741246628
4cc07f3cbfed434090bba391bc15fd6d,585,39554,238,23,238,https://www.youtube.com/watch?v=ctCKRPiGG0U,0,0,0,,238,23,238,https://www.youtube.com/watch?v=ctCKRPiGG0U,1635,123,93,151,https://www.twitch.tv/videos/2747829374
1204e14e13fb4e1e9dcbd47e1a8dc7b2,585,15636,0,0,0,,0,0,0,,0,0,0,,711,0,0,0,
da2113ffb3d74a6394685e68feaa7b60,585,143003,266,117,1697,https://www.youtube.com/watch?v=vUX4BSd2Iqk,27,9,40,https://www.youtube.com/watch?v=37txmpI2Nvw,267,139,1697,https://www.youtube.com/watch?v=vUX4BSd2Iqk,0,0,0,0,
8c4d0ef0e1ee405e93be5d03974307ce,584,30961,61,15,76,https://www.youtube.com/watch?v=lJwv2XiSVR4,61,15,76,https://www.youtube.com/watch?v=lJwv2XiSVR4,0,0,0,,31,0,0,0,
7dc8617f6004470c8a65a67a9abdf661,584,19272,16,11,16,https://www.youtube.com/watch?v=QMLQqfmWr7M,16,11,16,https://www.youtube.com/watch?v=QMLQqfmWr7M,0,0,0,,247,0,0,0,
2fbd2ed36dc7493b8d3e95a19c2c9847,583,47228,52,23,293,https://www.youtube.com/watch?v=-GurZoN0Sgw,52,23,293,https://www.youtube.com/watch?v=-GurZoN0Sgw,0,0,0,,0,0,0,0,
6f5a8075e60244cb8e74c6aa35daaa2a,582,29421,0,0,0,,0,0,0,,0,0,0,,0,0,0,0,
fcf160e0e39147b4b4037d1e4d18f076,581,68969,45,23,65,https://www.youtube.com/watch?v=gRI9NCvmTgo,45,23,65,https://www.youtube.com/watch?v=gRI9NCvmTgo,0,0,0,,0,0,0,0,
3de1f749e7fe4b219a2a10611311297f,578,22711,43,37,104,https://www.youtube.com/watch?v=OJ0l_gtBGNM,43,37,104,https://www.youtube.com/watch?v=OJ0l_gtBGNM,0,0,0,,350,0,0,0,
ff88906b47654805b8370426415f1183,576,20507,0,0,0,,0,0,0,,0,0,0,,3205,955,390,3412,https://www.twitch.tv/videos/2745253476
fad52a34935b402a819aa4bb504453da,575,29980,0,0,0,,0,0,0,,0,0,0,,0,0,0,0,
f9247dd02dd24e209eba623edcd8354b,574,55836,191,155,257,https://www.youtube.com/watch?v=RU-nrof7J54,0,0,0,,191,155,257,https://www.youtube.com/watch?v=RU-nrof7J54,518,0,0,0,
aa673b95b03540288c87dbaa59477ef9,573,37847,192,142,192,https://www.youtube.com/watch?v=xp0V8KJUMkY,192,142,192,https://www.youtube.com/watch?v=xp0V8KJUMkY,0,0,0,,0,0,0,0,
bedd14283dd34a639c5f77a95856ecad,571,20738,101,76,151,https://www.youtube.com/watch?v=BYkNj8-Z_bQ,101,76,151,https://www.youtube.com/watch?v=BYkNj8-Z_bQ,0,0,0,,0,0,0,0,
4859b57db8e043f1965e56324f137097,570,92477,884,853,884,https://www.youtube.com/watch?v=jXPVlwJeSVQ,0,0,0,,884,853,884,https://www.youtube.com/watch?v=jXPVlwJeSVQ,1938,332,275,601,https://www.twitch.tv/videos/2749301766
7179f903569e4fa9842b5c5ea3f7a645,567,34187,51,11,59,https://www.youtube.com/watch?v=HPpY3bGdN58,51,11,59,https://www.youtube.com/watch?v=HPpY3bGdN58,0,0,0,,637,0,0,0,
993f7baff5d24cf69d077e30f7fd1a9d,566,26213,77,13,77,https://www.youtube.com/watch?v=VTDtju3fg9M,77,13,77,https://www.youtube.com/watch?v=VTDtju3fg9M,0,0,0,,0,0,0,0,
c4ad3b6c4fe94f9a8142895fd869dfb9,565,4539,12,8,12,https://www.youtube.com/watch?v=PIqXGdqpN7E,0,0,0,,12,8,12,https://www.youtube.com/watch?v=PIqXGdqpN7E,1479,477,425,477,https://www.twitch.tv/videos/2750846433
df6e2520044744f0957a83db74b386bb,562,15579,0,0,0,,0,0,0,,0,0,0,,0,0,0,0,
3353f8693d7b4caa82abeb2de3d89815,562,19301,25,13,57,https://www.youtube.com/watch?v=VsXWWzoDfYg,26,14,57,https://www.youtube.com/watch?v=VsXWWzoDfYg,14,2,14,https://www.youtube.com/watch?v=Dc7CEkbTcoA,1603,322,221,634,https://www.twitch.tv/videos/2749536507
903278eb21a342669dc6f7eea7dbe618,562,17762,144,99,404,https://www.youtube.com/watch?v=fhnpo73QSN0,144,99,404,https://www.youtube.com/watch?v=fhnpo73QSN0,0,0,0,,0,0,0,0,
5e259658ed814cc894dfe408d10ecc6e,562,31070,105,25,133,https://www.youtube.com/watch?v=LmweZDgnhBA,105,25,133,https://www.youtube.com/watch?v=LmweZDgnhBA,0,0,0,,0,0,0,0,
ee5418c900a7400fa44c821eaaca0218,561,9877,31,12,43,https://www.youtube.com/watch?v=fjDO983iWlc,0,0,0,,31,12,43,https://www.youtube.com/watch?v=fjDO983iWlc,620,19,7,38,https://www.twitch.tv/videos/2747036977
318268a48a3c47b7a56609c204d02b03,560,15093,0,0,0,,0,0,0,,0,0,0,,3276,123,106,618,https://www.twitch.tv/videos/2747633821
ba795eb1ea0f4fea888b1bfff3d5be86,559,68937,51,19,100,https://www.youtube.com/watch?v=J5R3IaF39qQ,0,0,0,,51,19,100,https://www.youtube.com/watch?v=J5R3IaF39qQ,3429,0,0,0,
6542ad533b67427ab99e5b2277ace17d,559,15569,0,0,0,,0,0,0,,0,0,0,,0,0,0,0,
3e7ef261eb21464eacd7d26a1e6c2fcc,559,25722,84,45,134,https://www.youtube.com/watch?v=Vw4LWZDZ8Qc,84,45,134,https://www.youtube.com/watch?v=Vw4LWZDZ8Qc,0,0,0,,0,0,0,0,
52ff14aabd804801a6e589681fc2fb4d,557,70739,20,3,56,https://www.youtube.com/watch?v=HCyV26VUV-Q,0,0,0,,20,3,56,https://www.youtube.com/watch?v=HCyV26VUV-Q,1621,0,0,0,
5908563b5c944c7b919b08e5233a8a5a,556,134143,16,3,427,https://www.youtube.com/watch?v=5P3MXtVZiL8,0,0,0,,16,3,427,https://www.youtube.com/watch?v=5P3MXtVZiL8,961,58,50,147,https://www.twitch.tv/videos/2743705349
8a19d25c92fe4b3194f1211d503d6d4d,555,53205,1450,290,1450,https://www.youtube.com/watch?v=JW_5hB-ThVg,0,0,0,,1450,290,1450,https://www.youtube.com/watch?v=JW_5hB-ThVg,0,0,0,0,
22b0dfc3703e477d9ce6880cdbfafd91,554,23619,0,0,0,,0,0,0,,0,0,0,,2307,254,184,425,https://www.twitch.tv/videos/2743582192
21c8f34b3284456792c28b2ce7290589,553,23905,0,0,0,,0,0,0,,0,0,0,,0,0,0,0,
ab24c13e4bff4ff8909a7650260f8b19,552,30534,59,29,1817,https://www.youtube.com/watch?v=_BXK1fEIqNE,56,27,108,https://www.youtube.com/watch?v=e2ChJIDeaqI,1462,819,1817,https://www.youtube.com/watch?v=_BXK1fEIqNE,0,0,0,0,
f5493e350f514aae860e4fbc529adf4c,550,336,0,0,0,,0,0,0,,0,0,0,,0,0,0,0,
b76eb671dc62463fb845025be34526b7,550,3690,407,246,407,https://www.youtube.com/watch?v=ynO-ONDlz50,0,0,0,,407,246,407,https://www.youtube.com/watch?v=ynO-ONDlz50,0,0,0,0,
21f5355738614770afb34b761a4c45af,549,4356,0,0,0,,0,0,0,,0,0,0,,0,0,0,0,
1760601b33854f2ab58b6217bd2cfedf,547,34108,69,34,97,https://www.youtube.com/watch?v=08JqpB8zdwA,69,34,97,https://www.youtube.com/watch?v=08JqpB8zdwA,0,0,0,,0,0,0,0,
82d775c8bb1740c0a6db1037d3bf5fe0,546,14406,45,22,83,https://www.youtube.com/watch?v=bvjB1L48B1o,45,22,83,https://www.youtube.com/watch?v=bvjB1L48B1o,0,0,0,,0,0,0,0,
746abd9861714105823ebfb2a18f6fdc,544,43060,33,13,101,https://www.youtube.com/watch?v=PEMEK7Ble5Y,33,13,101,https://www.youtube.com/watch?v=PEMEK7Ble5Y,0,0,0,,0,0,0,0,
6503172c78774a0fa639255ac2e7e85a,543,20649,21,10,96,https://www.youtube.com/watch?v=rEJ2zCJGtPk,36,19,96,https://www.youtube.com/watch?v=rEJ2zCJGtPk,16,8,19,https://www.youtube.com/watch?v=HREXe9gCk90,0,0,0,0,
25262970b019418badba15bc46f9c048,541,116053,42,25,266,https://www.youtube.com/watch?v=kW0jfmz7Jpc,42,25,266,https://www.youtube.com/watch?v=kW0jfmz7Jpc,0,0,0,,456,201,95,312,https://www.twitch.tv/videos/2742638461
9fba4ecf861140acb418c343a475f99c,539,48698,96,36,130,https://www.youtube.com/watch?v=ukl5gC1tNaw,96,36,130,https://www.youtube.com/watch?v=ukl5gC1tNaw,0,0,0,,97,0,0,0,
d613059b356d4cc9b1c3e998f32d1a5a,538,20859,0,0,0,,0,0,0,,0,0,0,,6405,1284,566,1828,https://www.twitch.tv/videos/2742020284
0e136a936a574815a311e6e801ce3ca6,536,21095,6,3,7,https://www.youtube.com/watch?v=dD2g9fwSQAA,0,0,0,,6,3,7,https://www.youtube.com/watch?v=dD2g9fwSQAA,33,0,0,0,
7c6c40e2c7b64a6997fb2173f446860f,535,37016,152,76,1341,https://www.youtube.com/watch?v=Y81oQxIDth4,152,76,1341,https://www.youtube.com/watch?v=Y81oQxIDth4,0,0,0,,7,0,0,0,
433b2802b62441a39c721400926d59eb,532,20283,103,53,703,https://www.youtube.com/watch?v=yJ6vTGwI3HI,103,53,703,https://www.youtube.com/watch?v=yJ6vTGwI3HI,0,0,0,,0,0,0,0,
b359f595b54b4edc8969423a8b5658ff,532,30593,9,0,236,https://www.youtube.com/watch?v=Vx0cuT5vf3c,0,0,0,,9,0,236,https://www.youtube.com/watch?v=Vx0cuT5vf3c,0,0,0,0,
c6704a4edfef443ba46ba7f0db0c4ff9,531,13787,0,0,0,,0,0,0,,0,0,0,,0,0,0,0,
f072e780d0c84ca08c27020e1f2de365,529,15125,8,3,60,https://www.youtube.com/watch?v=k-Ytn1O8Adg,60,3,60,https://www.youtube.com/watch?v=k-Ytn1O8Adg,5,3,12,https://www.youtube.com/watch?v=sKBLansLXbQ,694,39,25,59,https://www.twitch.tv/videos/2744604683
7344fd4a1019434792afd863eddb4250,529,35608,0,0,0,,0,0,0,,0,0,0,,1554,363,242,603,https://www.twitch.tv/videos/2742918779
36ad63809a2441c9b85f7ee628136ce3,528,76494,84,39,1581,https://www.youtube.com/watch?v=g3qoCVPo1XM,60,27,129,https://www.youtube.com/watch?v=05N12bIw664,463,156,1581,https://www.youtube.com/watch?v=g3qoCVPo1XM,22,0,0,0,
7dd6c13c71ee452e9a85dec903f2ee15,527,30165,675,72,1746,https://www.youtube.com/watch?v=kw9CrbhV2Bg,100,66,137,https://www.youtube.com/watch?v=OHaiVh1F_Ws,1060,121,1746,https://www.youtube.com/watch?v=kw9CrbhV2Bg,0,0,0,0,
01d150623c984f3d8d7de4b1859afadd,525,10847,2,1,4,https://www.youtube.com/watch?v=lgx3yTt0XI8,0,0,0,,2,1,4,https://www.youtube.com/watch?v=lgx3yTt0XI8,0,0,0,0,
586377912f314b4d8c3be33760526ae0,525,20710,0,0,0,,0,0,0,,0,0,0,,0,0,0,0,
bd7947d2357941039893b911b18f3b4c,525,42656,101,40,284,https://www.youtube.com/watch?v=TX66v9RNEGs,101,40,284,https://www.youtube.com/watch?v=TX66v9RNEGs,0,0,0,,650,74,66,85,https://www.twitch.tv/videos/2751703486
1e4f8348a36e4ab3abda426f1810513a,525,13340,0,0,0,,0,0,0,,0,0,0,,0,0,0,0,
1e131b3460564fd49ca9675ead6ad9c6,524,28714,167,72,1871,https://www.youtube.com/watch?v=175SGJZmS_s,98,56,415,https://www.youtube.com/watch?v=c4Q0cRdDnM0,1724,441,1871,https://www.youtube.com/watch?v=175SGJZmS_s,0,0,0,0,
d6afb902dbe04e35ab52f961f538f9bd,524,22895,0,0,0,,0,0,0,,0,0,0,,121,0,0,0,
aa182728aa6d44c4ae37caa7cdb8ed29,522,21610,0,0,0,,0,0,0,,0,0,0,,222,0,0,0,
b7b1cb60f1c24c0ea4fb1f506d3e247a,521,14178,2,1,2,https://www.youtube.com/watch?v=7UGnRUHrDZI,0,0,0,,2,1,2,https://www.youtube.com/watch?v=7UGnRUHrDZI,1542,340,271,340,https://www.twitch.tv/videos/2748527172
54c49dea17ad4eb5aeb7ce1698dc01be,517,30629,40,17,1169,https://www.youtube.com/watch?v=uksSZwV9Jns,38,17,123,https://www.youtube.com/watch?v=XqtQc4Gav3g,71,24,1169,https://www.youtube.com/watch?v=uksSZwV9Jns,117,0,0,0,
3750eae778e9453eaeee75956a8dabc6,517,8637,0,0,0,,0,0,0,,0,0,0,,2516,202,189,202,https://www.twitch.tv/videos/2751965396
3f2e41bdee4145f59fa97830ba3f5edb,516,16290,0,0,0,,0,0,0,,0,0,0,,2473,434,326,878,https://www.twitch.tv/videos/2745399729
100af980504b4bd38c8b2192d1e71b29,516,31118,45,19,51,https://www.youtube.com/watch?v=rpno0DBB38M,45,19,51,https://www.youtube.com/watch?v=rpno0DBB38M,0,0,0,,0,0,0,0,
a6b0f8c8343041f0b1ea96c46ee4e582,516,17258,52,27,75,https://www.youtube.com/watch?v=FWL-8DABVgQ,53,23,75,https://www.youtube.com/watch?v=FWL-8DABVgQ,31,27,31,https://www.youtube.com/watch?v=opcbPqBNxHc,205,18,16,24,https://www.twitch.tv/videos/2751060552
14392ae1c106403ab690e8a6dea7c534,516,35412,120,47,916,https://www.youtube.com/watch?v=ZjAunZSibYI,117,51,185,https://www.youtube.com/watch?v=0aMq3YihmFQ,916,31,916,https://www.youtube.com/watch?v=ZjAunZSibYI,0,0,0,0,
41ad2f1c78f0406ab5460f38115002d7,515,21525,45,1,52,https://www.youtube.com/watch?v=57PUQfo7qfI,45,1,52,https://www.youtube.com/watch?v=57PUQfo7qfI,0,0,0,,0,0,0,0,
d6827fe530ca4db4b748651c72e81ead,515,13201,38,18,362,https://www.youtube.com/watch?v=zxg8gqxquaI,37,18,100,https://www.youtube.com/watch?v=oKvu7Zlj8YM,362,220,362,https://www.youtube.com/watch?v=zxg8gqxquaI,235,34,24,61,https://www.twitch.tv/videos/2752467308
2bffdc20e3cb48de9bf46600f62d248e,514,26821,0,0,0,,0,0,0,,0,0,0,,286,20,12,20,https://www.twitch.tv/videos/2743676434
a05afa97381b4f96b02a1af859426f9c,514,52198,124,84,1824,https://www.youtube.com/watch?v=GdOtMq4tagE,104,43,272,https://www.youtube.com/watch?v=V6YIF5nMKWs,1025,288,1824,https://www.youtube.com/watch?v=GdOtMq4tagE,0,0,0,0,
ffdc53dc3c764656a2f76031ee262b60,513,7284,0,0,0,,0,0,0,,0,0,0,,231,0,0,0,
37e88453b9cb48b1863bc455328b34c1,510,7901,26,3,26,https://www.youtube.com/watch?v=1ezVxPMWCuQ,0,0,0,,26,3,26,https://www.youtube.com/watch?v=1ezVxPMWCuQ,1484,426,291,462,https://www.twitch.tv/videos/2744615304
52136fb3529d4f5eb5225ade4209b8b3,509,12082,0,0,0,,0,0,0,,0,0,0,,0,0,0,0,
7731172cfcaa4e668762473a7b9d509a,509,14391,96,95,96,https://www.youtube.com/watch?v=IrQWSYXDZRE,0,0,0,,96,95,96,https://www.youtube.com/watch?v=IrQWSYXDZRE,745,0,0,0,
07f20f05bef0432e8644e1bee798ef46,507,20540,135,65,682,https://www.youtube.com/watch?v=wR7FcKc82eI,102,62,227,https://www.youtube.com/watch?v=KnzsGreoHIM,408,376,682,https://www.youtube.com/watch?v=wR7FcKc82eI,0,0,0,0,
ce013f56157740e59c7735bd51356260,507,23156,0,0,0,,0,0,0,,0,0,0,,365,0,0,0,
9099b86c3fe84a138b0bc1f258bca138,507,21423,38,21,38,https://www.youtube.com/watch?v=BTtDhapKOg0,38,21,38,https://www.youtube.com/watch?v=BTtDhapKOg0,0,0,0,,0,0,0,0,
17a340801a7d4697be53c472c621993d,506,25666,0,0,0,,0,0,0,,0,0,0,,785,161,107,165,https://www.twitch.tv/videos/2742957965
a1f8a0af53c34922b0c66ebdf4b3381d,503,8203,84,49,84,https://www.youtube.com/watch?v=d7CD-5gnIfg,84,49,84,https://www.youtube.com/watch?v=d7CD-5gnIfg,0,0,0,,62,0,0,0,
cd1224f4756340c594f3c36245e9b4d4,501,140208,470,301,1240,https://www.youtube.com/watch?v=SQD2LaGR_FQ,0,0,0,,470,301,1240,https://www.youtube.com/watch?v=SQD2LaGR_FQ,2049,157,91,241,https://www.twitch.tv/videos/2744448066
09c9c71c41e24e7d9498ce41a78dae1c,497,13337,0,0,0,,0,0,0,,0,0,0,,465,0,0,0,
442edbdb59fe4979a2be3e5183258cf8,496,22308,38,14,56,https://www.youtube.com/watch?v=fSe1q7TZY_8,38,14,56,https://www.youtube.com/watch?v=fSe1q7TZY_8,0,0,0,,0,0,0,0,
1a95847597f04ae39d6f0d9caba04a5f,495,18690,0,0,0,,0,0,0,,0,0,0,,1512,233,209,426,https://www.twitch.tv/videos/2751707302
780ca962f78b49d580c8a078b0525d25,495,16587,2897,1409,4606,https://www.youtube.com/watch?v=hPxmva3se2Y,0,0,0,,2897,1409,4606,https://www.youtube.com/watch?v=hPxmva3se2Y,0,0,0,0,
b0df22881775422093e3e64a63b01a5a,494,55581,17,7,18,https://www.youtube.com/watch?v=9FjICM16ntI,17,7,18,https://www.youtube.com/watch?v=9FjICM16ntI,0,0,0,,155,0,0,0,
8db6aab32c8e45c8a70d0850bfcd3e5c,494,27145,54,27,80,https://www.youtube.com/watch?v=Z5IHOfHVtW8,54,27,80,https://www.youtube.com/watch?v=Z5IHOfHVtW8,0,0,0,,154,13,11,20,https://www.twitch.tv/videos/2749444197
4dc4dc5b3dc24cb193ec2a127059c194,494,45041,162,71,1709,https://www.youtube.com/watch?v=SDiAGEBP-os,109,49,204,https://www.youtube.com/watch?v=cO7XHyVSLRY,507,215,1709,https://www.youtube.com/watch?v=SDiAGEBP-os,0,0,0,0,
7a570b5273ae4e359a6491aba1313011,493,13758,0,0,0,,0,0,0,,0,0,0,,4240,2343,1567,2343,https://www.twitch.tv/videos/2745366023
323c21f9e49f47d48609f698a3f81fd5,491,5969,13,10,47,https://www.youtube.com/watch?v=C7BojIoOXFw,13,10,47,https://www.youtube.com/watch?v=C7BojIoOXFw,0,0,0,,0,0,0,0,
e53ab7560fbc44fcba0dc3b7dceff697,490,9757,81,40,81,https://www.youtube.com/watch?v=NXT4hoBgt0M,81,40,81,https://www.youtube.com/watch?v=NXT4hoBgt0M,0,0,0,,0,0,0,0,
e306270e80094416818cfddb33153419,489,18333,0,0,0,,0,0,0,,0,0,0,,0,0,0,0,
619f48c4546c481bbc52aadc12c3e48f,489,6578,63,14,63,https://www.youtube.com/watch?v=sMU9KPfvQrs,0,0,0,,63,14,63,https://www.youtube.com/watch?v=sMU9KPfvQrs,2346,373,267,1821,https://www.twitch.tv/videos/2742020974
54355102572e408183af55831cb98e3a,488,27934,57,28,61,https://www.youtube.com/watch?v=imzAeDVQb6I,57,28,61,https://www.youtube.com/watch?v=imzAeDVQb6I,0,0,0,,179,0,0,0,
0c2cb722c6ab4e3890139c922c80d4d8,485,4045,0,0,0,,0,0,0,,0,0,0,,194,0,0,0,
c699beab8e8a4064849c977b67058447,485,21576,36,5,1117,https://www.youtube.com/watch?v=ZEoLd3Fmj6E,33,4,52,https://www.youtube.com/watch?v=ANbMgxjELnA,1117,115,1117,https://www.youtube.com/watch?v=ZEoLd3Fmj6E,1148,0,0,0,
cbee87914d63402b825bf74d25333236,484,16370,117,35,137,https://www.youtube.com/watch?v=u8CXqbGbGVo,117,35,137,https://www.youtube.com/watch?v=u8CXqbGbGVo,0,0,0,,0,0,0,0,
2103bcf7923d4f74b2d043bffef71cc1,483,27797,266,195,266,https://www.youtube.com/watch?v=O6FKIY9SaGE,0,0,0,,266,195,266,https://www.youtube.com/watch?v=O6FKIY9SaGE,0,0,0,0,
91f5b04be2e74f64b03e0774cc275748,482,21009,0,0,0,,0,0,0,,0,0,0,,0,0,0,0,
acb95c574d8444cd80102796e0d56edd,482,65885,92,13,415,https://www.youtube.com/watch?v=RAVHApwvm6M,92,13,415,https://www.youtube.com/watch?v=RAVHApwvm6M,0,0,0,,222,0,0,0,
994fcc5db40840ae990cf1ce43728548,482,8721,56,20,75,https://www.youtube.com/watch?v=lKfVBP56L2A,56,20,75,https://www.youtube.com/watch?v=lKfVBP56L2A,0,0,0,,0,0,0,0,
7677c9c71c0a4decad1472b7ecc604bb,481,5991,0,0,0,,0,0,0,,0,0,0,,491,0,0,0,
87df5b92303e4410884b8c52ff2c4e0d,481,32254,116,63,1190,https://www.youtube.com/watch?v=irs0e-HxdfA,0,0,0,,116,63,1190,https://www.youtube.com/watch?v=irs0e-HxdfA,1109,256,173,352,https://www.twitch.tv/videos/2742898606
21507f58118d406b87fd42a39c87855a,480,14965,67,47,169,https://www.youtube.com/watch?v=jbxHF1nx4vk,67,47,169,https://www.youtube.com/watch?v=jbxHF1nx4vk,0,0,0,,0,0,0,0,
9959d43cae9b49dbbcd666f742322b4a,479,26711,69,6,69,https://www.youtube.com/watch?v=h9yZPCWvYzk,0,0,0,,69,6,69,https://www.youtube.com/watch?v=h9yZPCWvYzk,623,33,27,73,https://www.twitch.tv/videos/2746230253
84111bbae2be41ea96c8b2f6c755f00c,478,16117,89,36,1605,https://www.youtube.com/watch?v=GW3zTazLWJQ,89,29,125,https://www.youtube.com/watch?v=NMw6QNret58,1605,744,1605,https://www.youtube.com/watch?v=GW3zTazLWJQ,1498,222,167,368,https://www.twitch.tv/videos/2745398437
533e7b1b50ba448292c09c5845d68eb6,478,8910,68,33,83,https://www.youtube.com/watch?v=A5n26Bkb9DE,68,33,83,https://www.youtube.com/watch?v=A5n26Bkb9DE,0,0,0,,260,89,77,89,https://www.twitch.tv/videos/2750190767
b511c9a0eba7474fbb8ac8d02ff357b7,476,60501,44,23,137,https://www.youtube.com/watch?v=SrJ62M3mfPU,38,23,51,https://www.youtube.com/watch?v=lBBaSBSbTBQ,137,23,137,https://www.youtube.com/watch?v=SrJ62M3mfPU,0,0,0,0,
95df3846ff6644429227e9e058994ad8,474,23682,68,25,109,https://www.youtube.com/watch?v=OzhE2L6y358,68,25,109,https://www.youtube.com/watch?v=OzhE2L6y358,0,0,0,,0,0,0,0,
6695a7e8f824489881f2c321501a36a6,473,24483,12,3,31,https://www.youtube.com/watch?v=x5fO-IeMIk0,12,3,31,https://www.youtube.com/watch?v=x5fO-IeMIk0,0,0,0,,0,0,0,0,
83f96fd6cab64f4da581c50cd2a31b82,471,5778,0,0,0,,0,0,0,,0,0,0,,4057,839,599,2178,https://www.twitch.tv/videos/2752288098
59e3094256344f8c83a3f4355b8b667b,471,3516,0,0,0,,0,0,0,,0,0,0,,2634,210,177,897,https://www.twitch.tv/videos/2745402809
7652b3bd3da6418cbf02c85057077b54,470,11193,37,8,59,https://www.youtube.com/watch?v=WdGJ6bOo0B0,37,8,59,https://www.youtube.com/watch?v=WdGJ6bOo0B0,0,0,0,,279,0,0,0,
b88a2e77cd7b4758925642f63b58051a,469,24601,100,43,133,https://www.youtube.com/watch?v=fVA_7D6FYwI,100,43,133,https://www.youtube.com/watch?v=fVA_7D6FYwI,0,0,0,,0,0,0,0,
6d1b01658ae74a7f91c7f60b5abe1cb2,469,44088,40,5,79,https://www.youtube.com/watch?v=AkWx2Dap5Vo,46,27,57,https://www.youtube.com/watch?v=DOuTFbisuyc,34,3,79,https://www.youtube.com/watch?v=AkWx2Dap5Vo,0,0,0,0,
6cc5ac707eed4f9e9b5bc7b2f970fe1b,468,18019,129,75,1442,https://www.youtube.com/watch?v=erccaU9Efsw,82,15,130,https://www.youtube.com/watch?v=s8WZ1H5JKX0,252,142,1442,https://www.youtube.com/watch?v=erccaU9Efsw,0,0,0,0,
294b1c29030244c784387782c0cb6aee,468,13398,41,0,41,https://www.youtube.com/watch?v=5T5KkXf5DoE,41,0,41,https://www.youtube.com/watch?v=5T5KkXf5DoE,0,0,0,,0,0,0,0,
085ed0ddc3294678b9570fdbcf581c64,468,138,0,0,0,,0,0,0,,0,0,0,,31194,704,404,1620,https://www.twitch.tv/videos/2741883911
3513b73ded994bc3a92a70c9632c9856,467,7912,0,0,0,,0,0,0,,0,0,0,,7018,411,183,692,https://www.twitch.tv/videos/2737294173
d2da40bb201e49ddbd6a8780bfaf8b63,467,13870,0,0,0,,0,0,0,,0,0,0,,1312,0,0,0,
23335565d59c404080e9c06f437b011b,466,71510,5,3,18,https://www.youtube.com/watch?v=y8IXyq1EfeA,5,3,18,https://www.youtube.com/watch?v=y8IXyq1EfeA,0,0,0,,1132,198,152,263,https://www.twitch.tv/videos/2747809593
fb17cff93fa94c8ea8b052f497f27fb4,465,21750,0,0,0,,0,0,0,,0,0,0,,17,0,0,0,
2dc29f6b05584c718c60034af9883496,464,101834,12,1,12,https://www.youtube.com/watch?v=E46pAoVqHlY,0,0,0,,12,1,12,https://www.youtube.com/watch?v=E46pAoVqHlY,0,0,0,0,
4abb927b8dc049768d63b4a8e229e8cc,464,0,0,0,0,,0,0,0,,0,0,0,,0,0,0,0,
451162e7f4c041edb3447732eba1937a,464,3128,0,0,0,,0,0,0,,0,0,0,,111,66,46,66,https://www.twitch.tv/videos/2746221135
037bc9366d5949b0877707007b4b1ed5,462,18995,0,0,0,,0,0,0,,0,0,0,,340,242,223,365,https://www.twitch.tv/videos/2751951444
2df2e0bc14fa4450a0d17d294b5a0bc0,462,31752,16,1,16,https://www.youtube.com/watch?v=X5Y3Lm_fiUI,16,1,16,https://www.youtube.com/watch?v=X5Y3Lm_fiUI,0,0,0,,0,0,0,0,
e41bf48a09d64e4aa3d96064a9a63b08,462,74916,0,0,0,,0,0,0,,0,0,0,,71,0,0,0,
c822d7ffe24248fdbca2f3b1bdfd1139,461,86321,0,0,0,,0,0,0,,0,0,0,,3038,0,0,0,
9189101a4bb740de969b772dde92125a,459,5840,0,0,0,,0,0,0,,0,0,0,,1154,0,0,0,
423ee3a5dbd549f19893a1823856b8dc,458,64773,293,102,1751,https://www.youtube.com/watch?v=3KjbFtPPPKw,36,19,46,https://www.youtube.com/watch?v=IyouWX5FCbc,381,191,1751,https://www.youtube.com/watch?v=3KjbFtPPPKw,490,43,34,71,https://www.twitch.tv/videos/2751568705
5e5a5e77c39148ef8f31ccc1c63fdcd4,458,7934,0,0,0,,0,0,0,,0,0,0,,48,0,0,0,
62ca936be6c645a7bf2222b67086800a,457,38144,0,0,0,,0,0,0,,0,0,0,,1117,0,0,0,
3981c01691a44d708da1191e9546eaad,456,30951,39,27,140,https://www.youtube.com/watch?v=BhS7TO_PXH8,39,27,140,https://www.youtube.com/watch?v=BhS7TO_PXH8,0,0,0,,0,0,0,0,
09945e9139af4f3a96e6adfd73139d35,454,16220,54,4,54,https://www.youtube.com/watch?v=R1MEcsSh-Wo,0,0,0,,54,4,54,https://www.youtube.com/watch?v=R1MEcsSh-Wo,1575,113,75,188,https://www.twitch.tv/videos/2743774551
238b4a68bcde4f3bbf18b0b01f66ec43,454,27791,67,22,67,https://www.youtube.com/watch?v=Cj4MqD96w5Y,67,22,67,https://www.youtube.com/watch?v=Cj4MqD96w5Y,0,0,0,,0,0,0,0,
156c4271fe17425bb02fd7b24f5a2a7a,454,6619,0,0,0,,0,0,0,,0,0,0,,0,0,0,0,
6926325d2c1c4c4e87f7be69ab675d53,453,99805,61,18,1003,https://www.youtube.com/watch?v=RwTXsER1Tj8,55,17,146,https://www.youtube.com/watch?v=XDHl4nmqUxo,444,18,1003,https://www.youtube.com/watch?v=RwTXsER1Tj8,0,0,0,0,
af41302aa9184c2dbc25d2ed16e878fc,452,83951,33,14,69,https://www.youtube.com/watch?v=VmaCu33Uf9E,33,14,69,https://www.youtube.com/watch?v=VmaCu33Uf9E,0,0,0,,225,0,0,0,
7b578956fab14341919193c03ca3ab32,451,10995,29,16,48,https://www.youtube.com/watch?v=hCwVP_OaKB0,29,16,48,https://www.youtube.com/watch?v=hCwVP_OaKB0,0,0,0,,0,0,0,0,
6c9b67b00b3c4940a6af6a6604b0b1fd,451,12102,0,0,0,,0,0,0,,0,0,0,,0,0,0,0,
7d53d75ac36b4faea2450918f84dada3,451,12668,118,51,1261,https://www.youtube.com/watch?v=310W7Ih3xOg,102,43,149,https://www.youtube.com/watch?v=ol7b9GAM1eU,912,571,1261,https://www.youtube.com/watch?v=310W7Ih3xOg,0,0,0,0,
c6e955ae1fce48678120bc086a436073,451,21182,96,15,109,https://www.youtube.com/watch?v=KkHT3pkOSd4,96,15,109,https://www.youtube.com/watch?v=KkHT3pkOSd4,0,0,0,,0,0,0,0,
9e3222bedec44f1a8fecdc237c020cbd,450,135288,23,12,65,https://www.youtube.com/watch?v=flvfbNA_Jg0,0,0,0,,23,12,65,https://www.youtube.com/watch?v=flvfbNA_Jg0,328,0,0,0,
da165e838dfe49aea3f91457f3825657,449,10357,29,11,71,https://www.youtube.com/watch?v=aVDFYXVOO1I,71,10,71,https://www.youtube.com/watch?v=aVDFYXVOO1I,29,11,29,https://www.youtube.com/watch?v=hpwwm4uhZZY,0,0,0,0,
1bf9786ba55042b9ae3294dadfc7b40d,448,16397,37,23,1685,https://www.youtube.com/watch?v=txyFC36jTi4,30,14,127,https://www.youtube.com/watch?v=VQDawIvMp4k,811,541,1685,https://www.youtube.com/watch?v=txyFC36jTi4,0,0,0,0,
88917b370d0041d8be65372342c92523,448,24146,4,3,63,https://www.youtube.com/watch?v=hQMDR6CfQeg,0,0,0,,4,3,63,https://www.youtube.com/watch?v=hQMDR6CfQeg,1474,242,175,323,https://www.twitch.tv/videos/2748609098
3434e3ca02904364b763c86e75fa6d4a,447,71300,0,0,0,,0,0,0,,0,0,0,,1457,0,0,0,
6f0d9d64bb6a4a81af1e84a72d30f5b8,446,18389,91,56,1154,https://www.youtube.com/watch?v=p2Z2r33KIP0,90,48,449,https://www.youtube.com/watch?v=wLF2W4vVKAE,743,266,1154,https://www.youtube.com/watch?v=p2Z2r33KIP0,128,45,36,124,https://www.twitch.tv/videos/2749306982
d017bd7855e547298906060f0e9b442e,445,13038,2771,826,2771,https://www.youtube.com/watch?v=3jHA7Bnxhx4,0,0,0,,2771,826,2771,https://www.youtube.com/watch?v=3jHA7Bnxhx4,1465,55,41,80,https://www.twitch.tv/videos/2747790071
c232b3088a6e49b997b325d5de9a3013,443,15788,57,41,486,https://www.youtube.com/watch?v=NaKZP7mxHws,55,40,134,https://www.youtube.com/watch?v=z0dqITI0K4c,486,344,486,https://www.youtube.com/watch?v=NaKZP7mxHws,143,0,0,0,
42ff41f7d6884ae8b93ed46415376d83,443,12704,111,72,111,https://www.youtube.com/watch?v=7HtxtXVC0ZQ,111,72,111,https://www.youtube.com/watch?v=7HtxtXVC0ZQ,0,0,0,,0,0,0,0,
33546b9ad5a8408589405f9467063dd7,441,7245,0,0,0,,0,0,0,,0,0,0,,3558,378,132,1334,https://www.twitch.tv/videos/2728976402
c92baa46ff4e41c9918ad2427c0853d6,441,24236,0,0,0,,0,0,0,,0,0,0,,4552,291,151,434,https://www.twitch.tv/videos/2742201322
6ec876adec524585af913c1585e8df1f,441,8882,0,0,0,,0,0,0,,0,0,0,,1569,0,0,0,
2ccdc43de33c478192767afae6309f06,440,65266,30,10,533,https://www.youtube.com/watch?v=YtCuHW-PFTk,28,11,69,https://www.youtube.com/watch?v=dvQHQpZlyiI,32,6,533,https://www.youtube.com/watch?v=YtCuHW-PFTk,275,99,72,156,https://www.twitch.tv/videos/2743753614
10550198223845c9a95ff1993088b464,439,6609,0,0,0,,0,0,0,,0,0,0,,0,0,0,0,
e5eb10612f5c4b069928fc1a71ad8e7d,437,50246,68,29,1716,https://www.youtube.com/watch?v=5Io-TVoMzrA,48,32,258,https://www.youtube.com/watch?v=ofKUUL5c6f0,86,14,1716,https://www.youtube.com/watch?v=5Io-TVoMzrA,0,0,0,0,
64d9adbc552c487db0cdf42ac3845e18,436,37730,0,0,0,,0,0,0,,0,0,0,,70,0,0,0,
c5ac07b79a304f37b039266446fd4f3b,436,24561,103,101,103,https://www.youtube.com/watch?v=mXGHG0enY3Q,103,101,103,https://www.youtube.com/watch?v=mXGHG0enY3Q,0,0,0,,0,0,0,0,
51f3508054da4987b4e8f659e4d28d1d,435,2758,1404,1121,1404,https://www.youtube.com/watch?v=Pry75HlCrrM,0,0,0,,1404,1121,1404,https://www.youtube.com/watch?v=Pry75HlCrrM,4850,625,303,2131,https://www.twitch.tv/videos/2734605725
f2b0bc3e82024bd3ae1c7cb5fe926829,431,11586,13,8,36,https://www.youtube.com/watch?v=-HrRnnSHsr8,13,8,36,https://www.youtube.com/watch?v=-HrRnnSHsr8,0,0,0,,0,0,0,0,
a56567301c734548bad86e8ace7d9140,430,52206,0,0,0,,0,0,0,,0,0,0,,0,0,0,0,
ae7dbe93a8cc4651b5ddb7b539e85d6b,430,27989,0,0,0,,0,0,0,,0,0,0,,0,0,0,0,
c7400e2934c646e49f7df1816de41360,427,18890,29,20,29,https://www.youtube.com/watch?v=oix6CvMeIco,29,20,29,https://www.youtube.com/watch?v=oix6CvMeIco,0,0,0,,25,0,0,0,
73abc31606db493f971f679dfde4f7e5,427,49359,65,25,1904,https://www.youtube.com/watch?v=d3SRKplsJ1M,45,16,84,https://www.youtube.com/watch?v=bElUbI6q4Y4,781,326,1904,https://www.youtube.com/watch?v=d3SRKplsJ1M,79,0,0,0,
5fbf4f6751f24d03a5723670cd500aca,427,11077,0,0,0,,0,0,0,,0,0,0,,768,0,0,0,
40f76b568f384790a1a089bb6619ddb2,426,8611,53,27,82,https://www.youtube.com/watch?v=vrf5mWfXf7E,53,27,82,https://www.youtube.com/watch?v=vrf5mWfXf7E,0,0,0,,1135,94,61,220,https://www.twitch.tv/videos/2741999961
c79c2ac57f9048eebdc1b9329209e19f,426,68,0,0,0,,0,0,0,,0,0,0,,299,0,0,0,
f3fe9fb6de2a477fae878a39924c15bd,425,11833,0,0,0,,0,0,0,,0,0,0,,3050,2498,1721,4147,https://www.twitch.tv/videos/2747117660
28c152a7489b4402960bd4bd36b7229b,424,41445,6,1,38,https://www.youtube.com/watch?v=FpI1ErUgIyE,0,0,0,,6,1,38,https://www.youtube.com/watch?v=FpI1ErUgIyE,190,37,24,49,https://www.twitch.tv/videos/2751781841
f0f6694a60de4fb799b3f315abbaf7b6,422,19174,0,0,0,,0,0,0,,0,0,0,,0,0,0,0,
4a2df649332047d3b733c88209925f4c,421,8305,0,0,0,,0,0,0,,0,0,0,,1249,170,106,170,https://www.twitch.tv/videos/2744385727
8c494e45ce5b462aa744d46bbdc54021,419,85405,72,44,292,https://www.youtube.com/watch?v=f8y8Bv4Ni2g,72,44,292,https://www.youtube.com/watch?v=f8y8Bv4Ni2g,0,0,0,,270,25,18,29,https://www.twitch.tv/videos/2751653776
bd119628dae64d45b71b44e0f158f23a,418,4685,0,0,0,,0,0,0,,0,0,0,,3769,0,0,0,
7d11ed1b02104cf58efd2df6cbc1ef69,416,20596,8,3,8,https://www.youtube.com/watch?v=InriEtBbdIs,0,0,0,,8,3,8,https://www.youtube.com/watch?v=InriEtBbdIs,1203,85,69,130,https://www.twitch.tv/videos/2744570569
a2ca2eb4da5b4df3aa59637e1dbc260b,416,3282,0,0,0,,0,0,0,,0,0,0,,720,0,0,0,
7168995b95ab439aa7cf1f3099d7bd88,415,60512,431,44,1594,https://www.youtube.com/watch?v=7aOdfL6m5Gw,0,0,0,,431,44,1594,https://www.youtube.com/watch?v=7aOdfL6m5Gw,3677,0,0,0,
5c70a4710fca4b86ac63d56b0e894284,415,30734,0,0,0,,0,0,0,,0,0,0,,0,0,0,0,
7d0d99e77f624bdc934b17212a39a894,415,1974,0,0,0,,0,0,0,,0,0,0,,4179,641,625,2184,https://www.twitch.tv/videos/2741884981
7051e693d03645bda16b3591f06ebd3f,414,20509,0,0,0,,0,0,0,,0,0,0,,0,0,0,0,
5dd38c1bf796414399e7c80092c1d984,414,278147,132,91,34695,https://www.youtube.com/watch?v=BYEGw56k45A,12,1,31,https://www.youtube.com/watch?v=0TLrQzl1F5M,1464,459,34695,https://www.youtube.com/watch?v=BYEGw56k45A,39,0,0,0,
1cddca10dd334373b8f51b3b0ed2efe4,412,23924,2,0,73,https://www.youtube.com/watch?v=3uuVRJqlF90,0,0,0,,2,0,73,https://www.youtube.com/watch?v=3uuVRJqlF90,0,0,0,0,
f771e51357eb44d2820afd47aba3b546,410,9829,0,0,0,,0,0,0,,0,0,0,,345,22,14,22,https://www.twitch.tv/videos/2744536157
5000b613025542c498cd6ab2287865c6,410,2676,0,0,0,,0,0,0,,0,0,0,,3631,442,285,838,https://www.twitch.tv/videos/2747728444
ea7f97145fd44a51a95e5b97a6b8366c,409,120590,385,105,385,https://www.youtube.com/watch?v=UDwL6r2nAcQ,0,0,0,,385,105,385,https://www.youtube.com/watch?v=UDwL6r2nAcQ,0,0,0,0,
d11123a75b874ad2bb120bb237e94c8d,408,2832,0,0,0,,0,0,0,,0,0,0,,4780,0,0,0,
698aa5547b7c4cf793b1411322d1b423,408,23993,0,0,0,,0,0,0,,0,0,0,,1899,527,380,895,https://www.twitch.tv/videos/2750763319
6717d34e87574888848bc45c86bd80e6,407,26419,711,618,2680,https://www.youtube.com/watch?v=tP_L92zAn40,0,0,0,,711,618,2680,https://www.youtube.com/watch?v=tP_L92zAn40,994,459,379,1691,https://www.twitch.tv/videos/2743545085
00ddd14a74df4e2488319ea2ce25770c,406,219,0,0,0,,0,0,0,,0,0,0,,1226,0,0,0,
cc85e4120c0746b7925c898a963f0747,404,22212,22,5,40,https://www.youtube.com/watch?v=DNvS7mRetCo,22,5,40,https://www.youtube.com/watch?v=DNvS7mRetCo,0,0,0,,0,0,0,0,
4e35059a74df41189368fad5263a1f3f,403,39079,66,33,282,https://www.youtube.com/watch?v=gjTVkWXg7NI,56,33,102,https://www.youtube.com/watch?v=B8QEpP4HS3Q,75,36,282,https://www.youtube.com/watch?v=gjTVkWXg7NI,65,52,40,52,https://www.twitch.tv/videos/2747815818
6c166d9128e74147a5c0b1dbf89c885c,402,6033,0,0,0,,0,0,0,,0,0,0,,0,0,0,0,
4e1dd2ab9e4b4c71bced0c5987cf9be7,401,16518,0,0,0,,0,0,0,,0,0,0,,2872,168,111,273,https://www.twitch.tv/videos/2750189623
30e2594ce7cf4bc3a7e536639b15ff30,399,9029,38,19,84,https://www.youtube.com/watch?v=nXhDXfxcKog,38,19,84,https://www.youtube.com/watch?v=nXhDXfxcKog,0,0,0,,190,68,41,87,https://www.twitch.tv/videos/2746246591
45d566a561914da0a15a5a21574eb30a,396,4662,34,16,192,https://www.youtube.com/watch?v=IbvbK8Xesuw,34,16,192,https://www.youtube.com/watch?v=IbvbK8Xesuw,0,0,0,,0,0,0,0,
ec198b33036c436591c01ee93976b6a3,395,534,0,0,0,,0,0,0,,0,0,0,,0,0,0,0,
52d7a40d46034062ad2fc29b4a2a9198,395,43605,210,70,210,https://www.youtube.com/watch?v=AMn2-jlFjfk,0,0,0,,210,70,210,https://www.youtube.com/watch?v=AMn2-jlFjfk,3307,941,377,1404,https://www.twitch.tv/videos/2752728698
836015916a40475bb608e8c6a69b6a09,394,30541,17,6,17,https://www.youtube.com/watch?v=tYuC2h-DxFM,17,6,17,https://www.youtube.com/watch?v=tYuC2h-DxFM,0,0,0,,0,0,0,0,
d3b5f619038a4c488d36aeaeddc0f790,394,7201,0,0,0,,0,0,0,,0,0,0,,0,0,0,0,
7232734df59c4e099205c7685007d8d4,394,81525,3,1,89,https://www.youtube.com/watch?v=emtgduZ7vSk,0,0,0,,3,1,89,https://www.youtube.com/watch?v=emtgduZ7vSk,949,30,23,37,https://www.twitch.tv/videos/2749416102
74beedbc5f694a2c94fe73545ba4037d,394,23155,106,46,140,https://www.youtube.com/watch?v=mlRWKMXK5wY,98,42,134,https://www.youtube.com/watch?v=zhMElEMeHSM,140,75,140,https://www.youtube.com/watch?v=mlRWKMXK5wY,209,88,79,88,https://www.twitch.tv/videos/2751034970
93bf43bc175742cd8c7af6b80687cd84,392,42728,0,0,0,,0,0,0,,0,0,0,,1681,169,104,363,https://www.twitch.tv/videos/2746948689
be45601754a44c568c9f60f7d2847ccb,392,13410,30,18,59,https://www.youtube.com/watch?v=K6dPMkXoWNQ,30,18,59,https://www.youtube.com/watch?v=K6dPMkXoWNQ,0,0,0,,0,0,0,0,
e802bcea6eb04ce6aa9041aa5e06ceae,392,12048,211,15,1255,https://www.youtube.com/watch?v=t0ra6myAYcE,135,10,211,https://www.youtube.com/watch?v=IfOkXNciXWc,1255,399,1255,https://www.youtube.com/watch?v=t0ra6myAYcE,0,0,0,0,
b0ec0f1ffbd8426982e7ca40d4b1064b,392,8959,0,0,0,,0,0,0,,0,0,0,,0,0,0,0,
3d5a0befb7b042f697f70d5fb3d6ab94,392,11032,0,0,0,,0,0,0,,0,0,0,,0,0,0,0,
05055e62d34241888df31217ac25e671,391,20764,0,0,0,,0,0,0,,0,0,0,,1504,87,59,361,https://www.twitch.tv/videos/2747630458
22aaa78ca5fa444bb70649727131c0f2,391,16641,75,30,1693,https://www.youtube.com/watch?v=4druHMAvdCM,59,19,132,https://www.youtube.com/watch?v=XWxwAvC4f5k,1693,156,1693,https://www.youtube.com/watch?v=4druHMAvdCM,0,0,0,0,
aedfb89bad4545379af018f5933bddb7,390,23487,71,26,173,https://www.youtube.com/watch?v=jTpKp2ze9Cs,62,23,125,https://www.youtube.com/watch?v=e1-5rrwOw78,173,76,173,https://www.youtube.com/watch?v=jTpKp2ze9Cs,19,0,0,0,
577fdbca86fa4414a153b5ebdcab90d4,387,2082,0,0,0,,0,0,0,,0,0,0,,1970,63,43,91,https://www.twitch.tv/videos/2743918879
2f7da7d6dbe84301b4ef52240cc05e9b,386,25537,0,0,0,,0,0,0,,0,0,0,,1204,0,0,0,
da3d722ffea34b5b87fbb62c6026cba2,386,12864,0,0,0,,0,0,0,,0,0,0,,140,0,0,0,
b386124230514f5fa128ad046e85f12f,385,5595,0,0,0,,0,0,0,,0,0,0,,431,0,0,0,
21fcf23549a74111bbe31c949245e2cd,385,12258,0,0,0,,0,0,0,,0,0,0,,0,0,0,0,
26ae367c497f410399b769ded171d29f,385,7389,0,0,0,,0,0,0,,0,0,0,,0,0,0,0,
0a5bbdc460184f279cb8c7965a1d6098,384,63361,885,132,889,https://www.youtube.com/watch?v=8CSZzONPwlQ,0,0,0,,885,132,889,https://www.youtube.com/watch?v=8CSZzONPwlQ,225,39,29,54,https://www.twitch.tv/videos/2742117841
b3b24f0ebecc45118f88f12042bd59c8,384,62872,0,0,0,,0,0,0,,0,0,0,,0,0,0,0,
cce33288177341058833d8b4a093b03f,383,28234,2,1,2,https://www.youtube.com/watch?v=Zj69Hc1Jifg,0,0,0,,2,1,2,https://www.youtube.com/watch?v=Zj69Hc1Jifg,0,0,0,0,
9ee3c9b53c0048329175370a5868300b,383,36127,0,0,0,,0,0,0,,0,0,0,,0,0,0,0,
6eac5ce6527b4513bcff4b38d277b5cc,382,30360,192,118,296,https://www.youtube.com/watch?v=OTq2LmuW8Nc,21,6,21,https://www.youtube.com/watch?v=zMk9SAOlV48,295,207,296,https://www.youtube.com/watch?v=OTq2LmuW8Nc,189,0,0,0,
502d093ba13d45de84602b54a1dc6e6c,381,18587,83,34,158,https://www.youtube.com/watch?v=O-Kq03ZTvYI,85,39,158,https://www.youtube.com/watch?v=O-Kq03ZTvYI,31,4,31,https://www.youtube.com/watch?v=-m5EvxlGVUc,117,0,0,0,
c5e956bdce614dddbeddfaf6ada4200d,380,19521,29,14,66,https://www.youtube.com/watch?v=lHmbWM6gCpU,29,14,66,https://www.youtube.com/watch?v=lHmbWM6gCpU,0,0,0,,0,0,0,0,
c11749c10e1941a9adb2a231eee2f2ea,380,7580,18,7,18,https://www.youtube.com/watch?v=Cgn63dAsge0,18,7,18,https://www.youtube.com/watch?v=Cgn63dAsge0,0,0,0,,307,0,0,0,
dbf7b5a346e645f7be7d0d19d2193bc5,380,135194,765,427,1109,https://www.youtube.com/watch?v=zdymDPiindY,0,0,0,,765,427,1109,https://www.youtube.com/watch?v=zdymDPiindY,0,0,0,0,
d50d9b85f098470c8220cd99de802b17,379,20258,62,40,72,https://www.youtube.com/watch?v=K1vyk7p8l1g,62,40,72,https://www.youtube.com/watch?v=K1vyk7p8l1g,0,0,0,,0,0,0,0,
f0987ff6444945558cd159a508cd823f,379,6074,0,0,0,,0,0,0,,0,0,0,,2166,0,0,0,
a2ceea65ce58431085b1366a0cfe9c61,376,0,0,0,0,,0,0,0,,0,0,0,,0,0,0,0,
f5ef8ac02db547dd92da5e87717a8dca,376,6199,149,102,642,https://www.youtube.com/watch?v=PquWH_XYTyY,149,102,642,https://www.youtube.com/watch?v=PquWH_XYTyY,0,0,0,,0,0,0,0,
b932ddb915af47ec948b56d4bf901dab,376,6298,96,42,101,https://www.youtube.com/watch?v=XNeWDyu-ZRk,96,42,101,https://www.youtube.com/watch?v=XNeWDyu-ZRk,0,0,0,,0,0,0,0,
64e20992295c4be984e9af0a470d6440,376,4491,0,0,0,,0,0,0,,0,0,0,,5399,151,96,550,https://www.twitch.tv/videos/2742899486
4819621890c0408aaa7e81aa2dd3386b,375,18413,0,0,0,,0,0,0,,0,0,0,,0,0,0,0,
9434be74cca5450789bf73aa4359b542,373,4950,4,1,4,https://www.youtube.com/watch?v=ifYVcp5o5sI,4,1,4,https://www.youtube.com/watch?v=ifYVcp5o5sI,0,0,0,,0,0,0,0,
508ebe96e7a94e94893609e616086dff,372,51855,56,38,1741,https://www.youtube.com/watch?v=mQzMmCVrXIA,0,0,0,,56,38,1741,https://www.youtube.com/watch?v=mQzMmCVrXIA,494,62,47,91,https://www.twitch.tv/videos/2748624807
c97b665a89c34600be01f83eb1f77063,372,11631,0,0,0,,0,0,0,,0,0,0,,0,0,0,0,
7f3411a01ffc45bab4f25f088131bb50,372,3112,50,24,221,https://www.youtube.com/watch?v=mPYsSD5rqQ4,50,24,221,https://www.youtube.com/watch?v=mPYsSD5rqQ4,0,0,0,,0,0,0,0,
4e78d5ae75144358a0384df9822c60bc,369,8659,0,0,0,,0,0,0,,0,0,0,,598,237,190,491,https://www.twitch.tv/videos/2746115524
670df075e5f9402bbcb6369685838b02,367,12371,14,7,64,https://www.youtube.com/watch?v=hFANfYTSuIM,14,7,64,https://www.youtube.com/watch?v=hFANfYTSuIM,0,0,0,,0,0,0,0,
a8e0ec03cb0a4e0292228e1a6ed35e6a,365,8361,0,0,0,,0,0,0,,0,0,0,,852,38,23,54,https://www.twitch.tv/videos/2746119624
e1bc34a2b6ac4d86ad6758cef724e7dc,364,10092,0,0,0,,0,0,0,,0,0,0,,323,388,341,1469,https://www.twitch.tv/videos/2747743798
8013fa67a08945a5b4b976156b6f610f,363,6555,0,0,0,,0,0,0,,0,0,0,,389,52,45,52,https://www.twitch.tv/videos/2750185485
df7b08cd72224681a63e6e85e0753132,363,49106,0,0,0,,0,0,0,,0,0,0,,188,0,0,0,
a5fe6adcf3bd42b79475803c56a11832,362,19902,49,22,64,https://www.youtube.com/watch?v=jh3cNahg44M,49,22,64,https://www.youtube.com/watch?v=jh3cNahg44M,0,0,0,,45,0,0,0,
fd5a1e004f224586aa65f9c5b374cc4a,362,7282,0,0,0,,0,0,0,,0,0,0,,4840,586,235,843,https://www.twitch.tv/videos/2732096059
652b28416c394eed93337f121c0dcbf5,360,16080,0,0,0,,0,0,0,,0,0,0,,0,0,0,0,
60a64aca51ed4528895fe35b08231670,360,13103,0,0,2,https://www.youtube.com/watch?v=4ENi9vu9seI,0,0,0,,0,0,2,https://www.youtube.com/watch?v=4ENi9vu9seI,408,38,26,74,https://www.twitch.tv/videos/2748694678
1c096a5610c0459b84c74213c3b30f85,360,28110,0,0,0,,0,0,0,,0,0,0,,213,0,0,0,
e443b9e0c3524137ba2774625c6c78cd,359,8332,0,0,0,,0,0,0,,0,0,0,,701,84,73,373,https://www.twitch.tv/videos/2750174377
9be839573d1a4944a93740ca42fa65d4,359,19811,0,0,0,,0,0,0,,0,0,0,,1482,90,63,90,https://www.twitch.tv/videos/2746252945
27a484e8f53a433396e73bea886fa2cb,359,20021,0,0,0,,0,0,0,,0,0,0,,0,0,0,0,
161544bf51864b2bad46cdd769bee278,358,15146,71,24,447,https://www.youtube.com/watch?v=SYY46ZJmxKk,69,24,245,https://www.youtube.com/watch?v=hKOFnuHKuTM,447,73,447,https://www.youtube.com/watch?v=SYY46ZJmxKk,121,32,24,52,https://www.twitch.tv/videos/2747035374
f2f74f42d7e44c2b8c71807abd0967f3,358,94003,0,0,0,,0,0,0,,0,0,0,,3043,530,331,1499,https://www.twitch.tv/videos/2734391690
ce4d344e37cd403cbb5325010144d393,356,24768,977,238,2952,https://www.youtube.com/watch?v=i5HF0TG4fHk,98,83,616,https://www.youtube.com/watch?v=VjFrfVmR4IQ,2180,970,2952,https://www.youtube.com/watch?v=i5HF0TG4fHk,1180,296,205,417,https://www.twitch.tv/videos/2742959730
a42c38cc7c0b4812b9bc79ab5f2d84f3,355,19480,133,28,994,https://www.youtube.com/watch?v=wpeLqCC8VOY,26,7,141,https://www.youtube.com/watch?v=k8TzyJEBop4,249,124,994,https://www.youtube.com/watch?v=wpeLqCC8VOY,0,0,0,0,
4fc02db3aab84e6cb526c02405d18c6e,354,17566,0,0,0,,0,0,0,,0,0,0,,148,0,0,0,
07930a961f0b4078a14f0a57f0a93965,354,27344,32,15,70,https://www.youtube.com/watch?v=zbUrfTUHWoo,32,15,70,https://www.youtube.com/watch?v=zbUrfTUHWoo,0,0,0,,0,0,0,0,
7ee1b473a5584a1a85973acfa45e0e1d,352,9468,46,18,63,https://www.youtube.com/watch?v=vuQKQqG4Gq0,46,18,63,https://www.youtube.com/watch?v=vuQKQqG4Gq0,0,0,0,,0,0,0,0,
f46e5ebb899548cab53d24f1901315b0,350,14405,60,21,84,https://www.youtube.com/watch?v=RD27kcMXWi0,60,21,84,https://www.youtube.com/watch?v=RD27kcMXWi0,0,0,0,,139,0,0,0,
682e400513134d0bacfa85513958c64d,350,6731,0,0,0,,0,0,0,,0,0,0,,922,310,252,473,https://www.twitch.tv/videos/2744578246
6e56882f3f8e4911b8b67316f1265808,350,83815,0,0,0,,0,0,0,,0,0,0,,167,0,0,0,
513c300c8af04b8a84d18f665b66481f,345,40076,0,0,0,,0,0,0,,0,0,0,,0,0,0,0,
f24626ac0ce34975a3b3fd6d8455f4f7,345,7972,31,0,31,https://www.youtube.com/watch?v=cV7Q8em2LJM,0,0,0,,31,0,31,https://www.youtube.com/watch?v=cV7Q8em2LJM,180,0,0,0,
2efb6dc7796c4ce792c196d27af0df87,343,36742,54,24,1222,https://www.youtube.com/watch?v=ouZcRAXnA7c,40,19,68,https://www.youtube.com/watch?v=2q8YtA0C6zk,188,99,1222,https://www.youtube.com/watch?v=ouZcRAXnA7c,0,0,0,0,
db3a6f094c3146c2ab6f2f267337f132,342,10251,310,217,310,https://www.youtube.com/watch?v=2qhfh5lk3sg,0,0,0,,310,217,310,https://www.youtube.com/watch?v=2qhfh5lk3sg,1295,214,170,474,https://www.twitch.tv/videos/2745450384
735a3d989210437f9e5b8e7a7ba6d88a,341,13425,58,35,100,https://www.youtube.com/watch?v=Wr47XmSY2a0,58,35,100,https://www.youtube.com/watch?v=Wr47XmSY2a0,0,0,0,,123,0,0,0,
6166fbac685941a6acf389460de44943,341,28843,66,36,179,https://www.youtube.com/watch?v=OPmvmGxE4VA,66,36,179,https://www.youtube.com/watch?v=OPmvmGxE4VA,0,0,0,,0,0,0,0,
32ce3b3861fe4b5a98d5adc9a704bbf1,340,15800,591,412,4348,https://www.youtube.com/watch?v=iDo-1k4ZF5U,0,0,0,,591,412,4348,https://www.youtube.com/watch?v=iDo-1k4ZF5U,14,0,0,0,
e63fd2ead17a4b57b256fcd55fe83b0e,340,26413,66,23,146,https://www.youtube.com/watch?v=g0dnt5hqU3E,66,23,146,https://www.youtube.com/watch?v=g0dnt5hqU3E,0,0,0,,296,207,131,267,https://www.twitch.tv/videos/2742868243
a27f33f32dd2414c8c6843f8783a32f0,340,10144,193,86,1706,https://www.youtube.com/watch?v=fRmSCC1_pFk,155,85,219,https://www.youtube.com/watch?v=CCFbOYgb9hk,1193,157,1706,https://www.youtube.com/watch?v=fRmSCC1_pFk,0,0,0,0,
73755322c8e74479864369766f924be1,340,19091,0,0,0,,0,0,0,,0,0,0,,4907,0,0,0,
d8520b0d7b424141bf19b3254d264960,337,8704,0,0,0,,0,0,0,,0,0,0,,0,0,0,0,
3a13b2827ef048859006a3acb74c175a,337,8565,45,43,45,https://www.youtube.com/watch?v=zki5eAQixRY,0,0,0,,45,43,45,https://www.youtube.com/watch?v=zki5eAQixRY,3782,711,504,5202,https://www.twitch.tv/videos/2742019801
aac7be72efc74efe9e77148fd4af7151,336,15645,25,11,51,https://www.youtube.com/watch?v=-2ktDgg60yg,25,11,51,https://www.youtube.com/watch?v=-2ktDgg60yg,0,0,0,,0,0,0,0,
2e05bf5968cf4b3789a1316f5b05d857,335,66430,0,0,0,,0,0,0,,0,0,0,,0,0,0,0,
389bd53524c74c44a32d72279b288b17,335,2891,0,0,0,,0,0,0,,0,0,0,,0,0,0,0,
4f8936d4899d4e2c83bf949bc61b2bd2,333,9395,47,18,48,https://www.youtube.com/watch?v=eof_BLQ2Atg,47,18,48,https://www.youtube.com/watch?v=eof_BLQ2Atg,0,0,0,,167,0,0,0,
876c11fba4af4235857127b9af87093e,333,17184,0,0,0,,0,0,0,,0,0,0,,0,0,0,0,
ef0319d27b10495795a5b994bc2249d5,333,33778,94,51,2029,https://www.youtube.com/watch?v=p9PCPUc1kAQ,88,32,166,https://www.youtube.com/watch?v=t7PDP31Wnrc,1632,683,2029,https://www.youtube.com/watch?v=p9PCPUc1kAQ,0,0,0,0,
9a13461ec0e644ceb6e86381ca41d33a,332,37731,1189,830,1189,https://www.youtube.com/watch?v=F3vJjiJ0Lo4,0,0,0,,1189,830,1189,https://www.youtube.com/watch?v=F3vJjiJ0Lo4,1369,0,0,0,
5ae7e41f9b9a420d9217a0b2c6755f52,331,3652,0,0,0,,0,0,0,,0,0,0,,0,0,0,0,
3083d2b8192843958b2852553cb3bc70,331,2756,0,0,0,,0,0,0,,0,0,0,,424,0,0,0,
5c3ea93753724a63b32071a7a580af7b,330,34404,2,0,35,https://www.youtube.com/watch?v=un-D6X6R7sc,0,0,0,,2,0,35,https://www.youtube.com/watch?v=un-D6X6R7sc,1782,10,6,56,https://www.twitch.tv/videos/2743512128
e802007cbda74a0bb3a41f4ebcae7f47,325,4202,569,499,1918,https://www.youtube.com/watch?v=cjCYKvzPuhc,0,0,0,,569,499,1918,https://www.youtube.com/watch?v=cjCYKvzPuhc,0,0,0,0,
46e65e217ca84bbf8d43b67c3e5a9d90,325,22824,3,0,11,https://www.youtube.com/watch?v=Bkk_AQbJhEU,0,0,0,,3,0,11,https://www.youtube.com/watch?v=Bkk_AQbJhEU,213,0,0,0,
8a8a1d0901c04d568be19e2d8bbc9ca1,324,33192,0,0,0,,0,0,0,,0,0,0,,0,0,0,0,
b423123a68df4ac88b2a376ae5fd3b89,324,10815,66,44,1731,https://www.youtube.com/watch?v=x82eQ7H0JLs,63,27,330,https://www.youtube.com/watch?v=LCZltSZEwxY,500,412,1731,https://www.youtube.com/watch?v=x82eQ7H0JLs,0,0,0,0,
0f5e3935971449daa91b654886313110,323,0,0,0,0,,0,0,0,,0,0,0,,2261,0,0,0,
2af109d54b1c49968b572aa2b59664ab,323,12443,0,0,0,,0,0,0,,0,0,0,,0,0,0,0,
e32b6351f1684034955171b93b1c5e63,321,0,0,0,0,,0,0,0,,0,0,0,,1821,0,0,0,
e94e1e38a611403192e4db197c2d9d91,319,6996,0,0,0,,0,0,0,,0,0,0,,0,0,0,0,
76a17ecab93c4c3db069c9a5d8d0ecf5,318,42969,0,0,0,,0,0,0,,0,0,0,,1807,340,243,2897,https://www.twitch.tv/videos/2744578683
ca161c4e0ef54cd4a311705625caf164,318,11320,0,0,0,,0,0,0,,0,0,0,,2238,0,0,0,
6d83214d4d964bc9a236f4cbdd8d99e4,317,15770,85,53,986,https://www.youtube.com/watch?v=b2xtaBEssCY,73,47,207,https://www.youtube.com/watch?v=0TEe2SWo0uI,986,620,986,https://www.youtube.com/watch?v=b2xtaBEssCY,46,0,0,0,
d88c3cbdb65940e69a3feb152dc93d6d,317,1027,0,0,0,,0,0,0,,0,0,0,,458,0,0,0,
d859857097fe4e9d90a2d840c0e7fca1,316,20284,19,7,171,https://www.youtube.com/watch?v=rLiLvGEmXf8,0,0,0,,19,7,171,https://www.youtube.com/watch?v=rLiLvGEmXf8,245,0,0,0,
1db7ec043f284eaea0bd2213ecce2bad,316,17621,71,41,1413,https://www.youtube.com/watch?v=pC4Mq5-Cnuk,59,18,243,https://www.youtube.com/watch?v=nwYZoy606j4,1359,648,1413,https://www.youtube.com/watch?v=pC4Mq5-Cnuk,0,0,0,0,
c4268d9874b14b3282613fa11102ce4b,315,22149,36,13,105,https://www.youtube.com/watch?v=x1uzPR5EmNU,36,13,105,https://www.youtube.com/watch?v=x1uzPR5EmNU,0,0,0,,321,71,53,82,https://www.twitch.tv/videos/2746361395
3df5dcf41cdb46c7b7de73e502ce4ae1,313,10552,0,0,0,,0,0,0,,0,0,0,,658,0,0,0,
9abd60c00f0f412b978a2398b13ac4e8,313,38928,0,0,0,,0,0,0,,0,0,0,,0,0,0,0,
a24116ba22c84747818b7be8cd8eb733,311,12578,18,15,72,https://www.youtube.com/watch?v=EVXu8HkNVAE,18,15,72,https://www.youtube.com/watch?v=EVXu8HkNVAE,0,0,0,,347,25,21,41,https://www.twitch.tv/videos/2751652225
cbb0ea239d8e4f65a46ada52dfb778e3,310,8601,0,0,0,,0,0,0,,0,0,0,,424,0,0,0,
890c5d306c5f4a218f861c8a98a1e74a,308,5604,0,0,0,,0,0,0,,0,0,0,,68,0,0,0,
71f86178cf8545658c5c836c868a3646,307,6868,0,0,0,,0,0,0,,0,0,0,,1330,2053,1359,2053,https://www.twitch.tv/videos/2745254837
4e4cbcbc0acf410ea5a50e4a6bbafd01,306,3984,7,2,14,https://www.youtube.com/watch?v=t3bFNLGITIc,0,0,0,,7,2,14,https://www.youtube.com/watch?v=t3bFNLGITIc,2477,975,687,1042,https://www.twitch.tv/videos/2746383771
bf7122f997f04401b0a6938abaded38c,306,17995,32,12,56,https://www.youtube.com/watch?v=RFOuuDTYCDQ,32,12,56,https://www.youtube.com/watch?v=RFOuuDTYCDQ,0,0,0,,0,0,0,0,
f3757b8d656f48749cada897ce597abc,304,7735,0,0,0,,0,0,0,,0,0,0,,0,0,0,0,
dfa5fefa546a40d5a677ddfff02ff3e1,304,18356,5,1,5,https://www.youtube.com/watch?v=roBcZKOLOlk,0,0,0,,5,1,5,https://www.youtube.com/watch?v=roBcZKOLOlk,800,38,34,46,https://www.twitch.tv/videos/2751790944
2f32fa150b4b4572bb6dd1a8e8c94ff1,303,11592,248,72,1077,https://www.youtube.com/watch?v=z3BxJZnd-1I,0,0,0,,248,72,1077,https://www.youtube.com/watch?v=z3BxJZnd-1I,3791,1367,500,3160,https://www.twitch.tv/videos/2740736132
b6cc2e3d23f34ba8bbeba181d19a714c,303,6290,0,0,0,,0,0,0,,0,0,0,,4258,1415,702,16612,https://www.twitch.tv/videos/2746375308
d09b9f800b7940deb1f8a2b58a302f07,302,4243,0,0,0,,0,0,0,,0,0,0,,4247,611,374,1425,https://www.twitch.tv/videos/2742276318
85340d14d5654ac3b28b39b007a7dea7,302,15413,51,15,132,https://www.youtube.com/watch?v=ENJKkcZdxPI,51,15,132,https://www.youtube.com/watch?v=ENJKkcZdxPI,0,0,0,,0,0,0,0,
72ee59fb29644f8b88a4dd3d7e91fe39,301,10280,0,0,0,,0,0,0,,0,0,0,,0,0,0,0,
2b1ef81172474b6b8409100be2f30da7,299,4541,3,2,5,https://www.youtube.com/watch?v=IeKCeK6oA_Y,0,0,0,,3,2,5,https://www.youtube.com/watch?v=IeKCeK6oA_Y,2630,218,196,218,https://www.twitch.tv/videos/2751004113
a13421f0201540ecaccd5c207b15c425,299,16700,0,0,0,,0,0,0,,0,0,0,,0,0,0,0,
a4a9cd639c7546538ee9635b9a14989d,299,16066,35,13,38,https://www.youtube.com/watch?v=6CphDjCWeSI,35,13,38,https://www.youtube.com/watch?v=6CphDjCWeSI,0,0,0,,0,0,0,0,
f4935cf7bbb94ae88202ee7ab6d6b92b,298,0,0,0,0,,0,0,0,,0,0,0,,52,0,0,0,
803435ca691f43a4b02360926fee23d1,298,12637,101,36,172,https://www.youtube.com/watch?v=fG7JonxtDY4,101,36,172,https://www.youtube.com/watch?v=fG7JonxtDY4,0,0,0,,1501,110,61,133,https://www.twitch.tv/videos/2752573758
8ae87582ab1e4b31bfd38310afda77bd,298,3723,0,0,0,,0,0,0,,0,0,0,,1344,133,83,145,https://www.twitch.tv/videos/2744603219
2e7fa2f9a4ba4ca6a0ea1397839aafca,297,11021,27,9,54,https://www.youtube.com/watch?v=sPLEn86XuwE,27,9,54,https://www.youtube.com/watch?v=sPLEn86XuwE,0,0,0,,0,0,0,0,
2d2dc667f7a9488092e67b0475dc3774,296,2811,0,0,0,,0,0,0,,0,0,0,,206,0,0,0,
095d5621db8b44ed914d81f9e1183673,295,10385,64,40,175,https://www.youtube.com/watch?v=KA-a20CcaOM,64,40,88,https://www.youtube.com/watch?v=KTBxz5keQQE,100,42,175,https://www.youtube.com/watch?v=KA-a20CcaOM,24,0,0,0,
d39563dd7adf452989791068eaf4524e,295,4573,72,40,88,https://www.youtube.com/watch?v=LdyIohlcmaA,72,40,88,https://www.youtube.com/watch?v=LdyIohlcmaA,0,0,0,,0,0,0,0,
b09373e11cc74ed4b58440b9d7368172,294,23059,29,12,36,https://www.youtube.com/watch?v=tvOBCPCnr5o,29,12,36,https://www.youtube.com/watch?v=tvOBCPCnr5o,0,0,0,,0,0,0,0,
c572dfdd998b439fb17f01f4633cfb31,293,14874,0,0,0,,0,0,0,,0,0,0,,0,0,0,0,
1895ef1f232d454aa6c18ca7812c794c,293,3694,81,70,81,https://www.youtube.com/watch?v=pP07qzimYqA,81,70,81,https://www.youtube.com/watch?v=pP07qzimYqA,0,0,0,,17,0,0,0,
79f4c64bde584997bf6ad38afd44b51d,292,21267,24,2,50,https://www.youtube.com/watch?v=q446rvgio3E,24,2,50,https://www.youtube.com/watch?v=q446rvgio3E,0,0,0,,151,36,27,36,https://www.twitch.tv/videos/2747853326
d3a0a421fd184f9fa51856096d01e85b,292,16959,34,16,34,https://www.youtube.com/watch?v=TFihpXEC3sw,34,16,34,https://www.youtube.com/watch?v=TFihpXEC3sw,0,0,0,,0,0,0,0,
68f424a416ad426faa8b01b78f47b3e3,291,23295,11700,2187,21123,https://www.youtube.com/watch?v=vb8gLyg1OaA,0,0,0,,11700,2187,21123,https://www.youtube.com/watch?v=vb8gLyg1OaA,0,0,0,0,
e6373c7f689c44f8971ca0f83c817789,291,1630,0,0,0,,0,0,0,,0,0,0,,224,9,6,14,https://www.twitch.tv/videos/2746325945
df6443487ffb4142aea2b053b4aa8db7,291,33865,212,43,1294,https://www.youtube.com/watch?v=0nyZYMl-9sg,0,0,0,,212,43,1294,https://www.youtube.com/watch?v=0nyZYMl-9sg,1643,234,162,283,https://www.twitch.tv/videos/2741973576
92b3889a0c304d8fb9eed110bb82c60c,291,16819,0,0,0,,0,0,0,,0,0,0,,0,0,0,0,
be1bfb3aafb34118808fd5a5c059ffaf,290,28280,0,0,0,,0,0,0,,0,0,0,,492,0,0,0,
479b23215fd84e0387e4f95c8bdfb127,290,116679,132,39,2567,https://www.youtube.com/watch?v=BGXDilYHpKc,36,15,52,https://www.youtube.com/watch?v=0peC7S1IGWA,231,124,2567,https://www.youtube.com/watch?v=BGXDilYHpKc,0,0,0,0,
e773129f910c4bd182f3b702c9ec1b55,289,9793,19,5,22,https://www.youtube.com/watch?v=4zrQUmY2CMA,19,5,22,https://www.youtube.com/watch?v=4zrQUmY2CMA,0,0,0,,0,0,0,0,
ca4210c7562b479cb3af76082fb70fcd,287,2857,0,0,0,,0,0,0,,0,0,0,,3442,845,428,1032,https://www.twitch.tv/videos/2747005770
d2e2645a97a14ce4b58a7884c0e6ec56,287,27331,0,0,0,,0,0,0,,0,0,0,,1290,47,33,82,https://www.twitch.tv/videos/2741996780
82af75b290f44cd8b9a97bc5addaaf58,285,7580,25,21,25,https://www.youtube.com/watch?v=TokUBInq0eY,25,21,25,https://www.youtube.com/watch?v=TokUBInq0eY,0,0,0,,136,14,11,16,https://www.twitch.tv/videos/2747893036
5f68c9b585ad40c0ada7697c9b7f5055,284,0,0,0,0,,0,0,0,,0,0,0,,7409,751,397,2758,https://www.twitch.tv/videos/2732603794
703cea871ebf4ab6a8b2704f7611197b,284,8403,0,0,0,,0,0,0,,0,0,0,,0,0,0,0,
d148768158984ce8b3a8214b1fb3dafc,284,2889,0,0,0,,0,0,0,,0,0,0,,155,30,21,54,https://www.twitch.tv/videos/2747963978
8fe313c8e0704a29a7a387b47c4f938b,284,10160,150,78,352,https://www.youtube.com/watch?v=EzIW4HU9bKc,162,39,253,https://www.youtube.com/watch?v=DdW-xOgdYUQ,119,83,352,https://www.youtube.com/watch?v=EzIW4HU9bKc,0,0,0,0,
1618171723d84cbe8b57cd69fa6f477f,283,38333,0,0,0,,0,0,0,,0,0,0,,758,0,0,0,
6391e2693fa6464d83fdf5d136596bb0,281,14303,63,20,201,https://www.youtube.com/watch?v=1n1Cv6RXYuY,67,20,201,https://www.youtube.com/watch?v=1n1Cv6RXYuY,46,20,154,https://www.youtube.com/watch?v=HP_sGEOs9Tc,0,0,0,0,
c9f9ff24ef184b29a58c616412f1dbbc,281,5701,0,0,0,,0,0,0,,0,0,0,,0,0,0,0,
b3a1f0922f7440f3bb1adbfa7a04bd09,281,8951,0,0,0,,0,0,0,,0,0,0,,1017,0,0,0,
279a45d6a8f9445389b9b8cdbcb72ae8,280,25927,0,0,0,,0,0,0,,0,0,0,,272,27,14,27,https://www.twitch.tv/videos/2742118884
7badd33c853240e280db61899f381ff2,280,10928,0,0,0,,0,0,0,,0,0,0,,418,0,0,0,
f40e7d4c2b8b4ea89a6cd017303ca5c0,278,1575,0,0,0,,0,0,0,,0,0,0,,529,239,170,278,https://www.twitch.tv/videos/2749448606
94ca3090942d4ca38a71b8f1b65c7343,278,17685,0,0,0,,0,0,0,,0,0,0,,171,0,0,0,
6fa20242354646ad8e8feea8d52e514e,278,6724,0,0,0,,0,0,0,,0,0,0,,0,0,0,0,
4cebb92683d548089e998ec18a484930,277,13154,26,5,26,https://www.youtube.com/watch?v=VJFaGLJDrVY,26,5,26,https://www.youtube.com/watch?v=VJFaGLJDrVY,0,0,0,,0,0,0,0,
d334f3b3ba8b4e43bd7b5a237a7b4476,276,42017,64,23,278,https://www.youtube.com/watch?v=2Q1WbUWJCCI,64,23,278,https://www.youtube.com/watch?v=2Q1WbUWJCCI,0,0,0,,39,0,0,0,
b7155dea3cdc452e9f77df41ccca17bd,276,1226,0,0,0,,0,0,0,,0,0,0,,491,0,0,0,
25619abc5e0d4f79839e48d83234eaf8,274,6055,9,4,14,https://www.youtube.com/watch?v=EBI7uSSrGXY,8,4,14,https://www.youtube.com/watch?v=EBI7uSSrGXY,11,0,11,https://www.youtube.com/watch?v=lYMg7YzHxFQ,734,44,36,76,https://www.twitch.tv/videos/2744617320
985e64cecc24401290c08cb7e2f4ef50,272,7383,26,7,41,https://www.youtube.com/watch?v=OKfwM2a25KA,26,7,41,https://www.youtube.com/watch?v=OKfwM2a25KA,0,0,0,,1996,232,182,435,https://www.twitch.tv/videos/2743529322
a16471805f7f44f88237b42c79b9f3a2,272,10559,0,0,0,,0,0,0,,0,0,0,,0,0,0,0,
3e7f5f5e829e4d4baca2a8a5916d60e4,272,3248,991,717,1310,https://www.youtube.com/watch?v=LEkylWrn4uU,0,0,0,,991,717,1310,https://www.youtube.com/watch?v=LEkylWrn4uU,2182,596,363,1454,https://www.twitch.tv/videos/2739399336
c543b53edfbd4b3c92f4801cb8d3346c,272,15860,0,0,0,,0,0,0,,0,0,0,,0,0,0,0,
de5f8aaf92814bb79eb91adb0efc8f1d,271,13521,12,5,21,https://www.youtube.com/watch?v=EzqNSQkK7IM,12,5,21,https://www.youtube.com/watch?v=EzqNSQkK7IM,0,0,0,,0,0,0,0,
a6a155230538488e8488f01160598837,271,16969,0,0,0,,0,0,0,,0,0,0,,0,0,0,0,
192be77802a54229bb67b40c00978520,271,2181,0,0,0,,0,0,0,,0,0,0,,1034,0,0,0,
67b3f32472774d3191ecfea12f60a990,268,9408,0,0,0,,0,0,0,,0,0,0,,116,6,4,6,https://www.twitch.tv/videos/2748934046
05d19eac5d22427f916e6fa59bf17b3b,268,78826,4,1,1016,https://www.youtube.com/watch?v=eRhsuCCe974,127,16,148,https://www.youtube.com/watch?v=eMQcVvdCsyo,4,1,1016,https://www.youtube.com/watch?v=eRhsuCCe974,2469,281,200,516,https://www.twitch.tv/videos/2748602994
03e9bea117bd4b5ba189b48f1617d9bb,268,7787,0,0,0,,0,0,0,,0,0,0,,0,0,0,0,
964a0dde279c45ea85ffc6ad5d266206,266,7932,88,50,1375,https://www.youtube.com/watch?v=F9OPFXCpXtY,48,30,128,https://www.youtube.com/watch?v=rjrZ9jLGPmI,1293,765,1375,https://www.youtube.com/watch?v=F9OPFXCpXtY,1071,166,114,194,https://www.twitch.tv/videos/2746269298
22a21c1a529f4817b8790629d8b4590f,264,35113,442,33,1150,https://www.youtube.com/watch?v=b28SnekUtvU,0,0,0,,442,33,1150,https://www.youtube.com/watch?v=b28SnekUtvU,106,0,0,0,
33f8f83054e3473d9c8c5e1a3c8e1008,263,8780,30,26,80,https://www.youtube.com/watch?v=Yh5v4CpWcog,32,28,80,https://www.youtube.com/watch?v=Yh5v4CpWcog,4,3,4,https://www.youtube.com/watch?v=IzftBmxRwGE,0,0,0,0,
a76d4171e74448fd9d1a6eaf183be3ff,263,15155,0,0,0,,0,0,0,,0,0,0,,852,0,0,0,
fbd0d260a09c47b1a9dcc73fd41e7eca,263,3848,0,0,0,,0,0,0,,0,0,0,,6451,0,0,0,
105f7890339346329ab408f423f617c3,260,15807,236,31,236,https://www.youtube.com/watch?v=-g4Q3EgD7Dc,0,0,0,,236,31,236,https://www.youtube.com/watch?v=-g4Q3EgD7Dc,4377,2146,768,2629,https://www.twitch.tv/videos/2738019450
0d07fb89672446c3b4a1682131f96f7b,260,21854,29,16,42,https://www.youtube.com/watch?v=B_j0vDsvTL4,29,16,42,https://www.youtube.com/watch?v=B_j0vDsvTL4,0,0,0,,0,0,0,0,
f7758d944fd8438a86bfe1235c7bcd17,258,15276,1,0,161,https://www.youtube.com/watch?v=qrEQoAtkmL0,0,0,0,,1,0,161,https://www.youtube.com/watch?v=qrEQoAtkmL0,603,0,0,0,
04e61f47cdf542c7b5a3b3ae569fc021,257,2970,0,0,0,,0,0,0,,0,0,0,,885,0,0,0,
0c05eca1975b40b3a0b54d3dfd61055d,257,37177,0,0,0,,0,0,0,,0,0,0,,2632,117,78,152,https://www.twitch.tv/videos/2747066113
3a44da0674144e61bff60415cc09a678,255,7263,10,3,10,https://www.youtube.com/watch?v=eNal2zdY5PQ,10,3,10,https://www.youtube.com/watch?v=eNal2zdY5PQ,0,0,0,,0,0,0,0,
7c96bbca1c184d70a39ef2a65a0d788c,255,164348,0,0,0,,0,0,0,,0,0,0,,595,0,0,0,
2ff6c25f8e5943d2ac0a6a006f5784c3,255,2378,27,3,27,https://www.youtube.com/watch?v=U3t4Fc2ta54,0,0,0,,27,3,27,https://www.youtube.com/watch?v=U3t4Fc2ta54,1586,367,228,545,https://www.twitch.tv/videos/2742800999
cd0b2f63c88e4b4abd5b83296a5d7866,253,3718,0,0,0,,0,0,0,,0,0,0,,3610,0,0,0,
75eb49d99170441ab784d7bec7378d21,252,10683,0,0,0,,0,0,0,,0,0,0,,1408,59,39,90,https://www.twitch.tv/videos/2751081699
1af1c5f8526a4396820151df1bff37b7,251,23091,90,67,1530,https://www.youtube.com/watch?v=0-qpKSU9JHY,83,63,164,https://www.youtube.com/watch?v=YNomkBgIuCM,1270,461,1530,https://www.youtube.com/watch?v=0-qpKSU9JHY,0,0,0,0,
5f044942071146cb9ec4b760458a662e,250,10839,0,0,0,,0,0,0,,0,0,0,,800,261,209,262,https://www.twitch.tv/videos/2749375355
c40a4498540d462a89c2391a41aa9f0e,247,11240,63,57,818,https://www.youtube.com/watch?v=kuP5TEv34fM,54,40,63,https://www.youtube.com/watch?v=HNggqAxkf3s,818,713,818,https://www.youtube.com/watch?v=kuP5TEv34fM,2355,0,0,0,
8c1fe8acf675446ebb2fd046e6396983,247,24483,28,13,29,https://www.youtube.com/watch?v=wNUeu4toLO0,28,13,29,https://www.youtube.com/watch?v=wNUeu4toLO0,0,0,0,,257,21,14,34,https://www.twitch.tv/videos/2751857181
90a8ac8d7653460298ba85cb7e4d3bc9,246,3255,0,0,0,,0,0,0,,0,0,0,,55,0,0,0,
a3452262e11348c88afea4031b0323a8,244,21456,3,1,17,https://www.youtube.com/watch?v=QSWnGxD06eE,0,0,0,,3,1,17,https://www.youtube.com/watch?v=QSWnGxD06eE,475,0,0,0,
cabc3ddcf7ad46ef9acb4b0951f9b2ba,243,20798,3,1,1127,https://www.youtube.com/watch?v=EHjJtpJh3cU,0,0,0,,3,1,1127,https://www.youtube.com/watch?v=EHjJtpJh3cU,1218,246,170,382,https://www.twitch.tv/videos/2745461537
1ccf3d7852d34137b9cc70343dcc41bf,243,108745,442,86,619,https://www.youtube.com/watch?v=aRYcSyKP2aM,0,0,0,,442,86,619,https://www.youtube.com/watch?v=aRYcSyKP2aM,113,0,0,0,
47cd428eee8640cb80afaa4ef9bb55e0,242,16866,37,34,78,https://www.youtube.com/watch?v=x5XhigJh_Xc,37,34,78,https://www.youtube.com/watch?v=x5XhigJh_Xc,0,0,0,,1652,99,76,136,https://www.twitch.tv/videos/2748643657
e7ac18c2e713426692cfd0ef7fe2b897,241,38,0,0,0,,0,0,0,,0,0,0,,150,12,10,13,https://www.twitch.tv/videos/2751889590
c91577ba12cd45deb9c8e5c666c290be,240,85973,40,18,168,https://www.youtube.com/watch?v=Wn20g93-o24,37,15,168,https://www.youtube.com/watch?v=Wn20g93-o24,101,60,113,https://www.youtube.com/watch?v=0PWTEDZkE_w,0,0,0,0,
777608b04fa74a42975497f6273ed6f9,239,12391,2,0,6,https://www.youtube.com/watch?v=TA5eNsFXvp8,0,0,0,,2,0,6,https://www.youtube.com/watch?v=TA5eNsFXvp8,2945,632,381,676,https://www.twitch.tv/videos/2742941394
0e516fd1e97a4c58bad3afb6469748d4,239,3027,6,2,816,https://www.youtube.com/watch?v=-gGJf87f-20,216,206,767,https://www.youtube.com/watch?v=_6e38JrmhQA,6,2,816,https://www.youtube.com/watch?v=-gGJf87f-20,558,65,46,103,https://www.twitch.tv/videos/2744431922
3e86fddd8145474691e77ba761a6b2a5,239,37367,0,0,0,,0,0,0,,0,0,0,,1049,0,0,0,
67252692b4f64f509af6eacffdeafdf9,239,25035,61,26,344,https://www.youtube.com/watch?v=UFIIH90h6Vw,59,24,71,https://www.youtube.com/watch?v=e6FzlUzgybo,344,92,344,https://www.youtube.com/watch?v=UFIIH90h6Vw,0,0,0,0,
33cabb57d2454dfdbdf7453c54429940,236,90742,1497,635,2048,https://www.youtube.com/watch?v=-SJrlbmlDIQ,0,0,0,,1497,635,2048,https://www.youtube.com/watch?v=-SJrlbmlDIQ,637,275,183,1439,https://www.twitch.tv/videos/2751004407
f72fb9eab9a84db5ba139131d59bdd02,232,36133,837,308,1053,https://www.youtube.com/watch?v=-pIMijzAS98,0,0,0,,837,308,1053,https://www.youtube.com/watch?v=-pIMijzAS98,380,79,57,112,https://www.twitch.tv/videos/2751882800
d198a42f93d84e9ca061a72243d142cc,232,117944,0,0,0,,0,0,0,,0,0,0,,526,60,17,198,https://www.twitch.tv/videos/2749243213
dbbb8592c30840c8b00ae8091a684e5c,232,9096,0,0,0,,0,0,0,,0,0,0,,1275,0,0,0,
c274c90379ca4e57a79251976cda3e54,232,8840,0,0,0,,0,0,0,,0,0,0,,322,0,0,0,
af89613e72874e219c00ab0c89b6c641,231,52782,17,10,30,https://www.youtube.com/watch?v=fH7GyJcCLto,25,17,30,https://www.youtube.com/watch?v=fH7GyJcCLto,4,0,4,https://www.youtube.com/watch?v=49zlPC0rbnI,11,0,0,0,
d8b5835bc6aa46119cc7ddd4447e780f,231,35943,0,0,0,,0,0,0,,0,0,0,,2000,549,491,549,https://www.twitch.tv/videos/2750925900
a7bb915cc1a0474080d7dbf6d245daf4,230,13366,0,0,0,,0,0,0,,0,0,0,,44,0,0,0,
25b5885afcdc4430be0d822464ccff91,230,3543,11,7,25,https://www.youtube.com/watch?v=f-P4ttzXAzI,18,8,25,https://www.youtube.com/watch?v=f-P4ttzXAzI,5,2,5,https://www.youtube.com/watch?v=AF32voEGyE0,329,19,12,25,https://www.twitch.tv/videos/2748630828
e9569c3f60c541ab83899c09079feaa2,229,10420,559,436,955,https://www.youtube.com/watch?v=tIHRv-tu96E,0,0,0,,559,436,955,https://www.youtube.com/watch?v=tIHRv-tu96E,2934,1738,1342,1738,https://www.twitch.tv/videos/2747879687
d4bd6ed12ee746a8978434ee5b14dd27,229,60196,332,117,1224,https://www.youtube.com/watch?v=mFGVd6cuack,0,0,0,,332,117,1224,https://www.youtube.com/watch?v=mFGVd6cuack,540,65,50,375,https://www.twitch.tv/videos/2747844387
5d23e69300534fe6aa678d75573381ea,228,1962,0,0,0,,0,0,0,,0,0,0,,0,0,0,0,
bf6401d2159c40a8a616defa8c2c4a66,228,25502,0,0,0,,0,0,0,,0,0,0,,823,0,0,0,
42d2b255295b468dafe439394130ae11,228,12309,6,2,17,https://www.youtube.com/watch?v=uGna5yXBP4o,0,0,0,,6,2,17,https://www.youtube.com/watch?v=uGna5yXBP4o,967,179,138,212,https://www.twitch.tv/videos/2750185438
156aba6fe34b4d648a3fd210550963c7,227,1040,0,0,0,,0,0,0,,0,0,0,,93,0,0,0,
4693c4a0f4284a429f353419a3fc547c,226,50774,1591,892,11704,https://www.youtube.com/watch?v=pHDOJd4NLsQ,0,0,0,,1591,892,11704,https://www.youtube.com/watch?v=pHDOJd4NLsQ,0,0,0,0,
dc27d7819dac471f907e0ace5131580f,226,5297,0,0,0,,0,0,0,,0,0,0,,1448,243,165,468,https://www.twitch.tv/videos/2745884079
af82ee4712aa4d6c9c4100591a8a3163,225,3182,0,0,0,,0,0,0,,0,0,0,,571,112,108,112,https://www.twitch.tv/videos/2752677891
a3afce163c9341c992f526816d9d5440,223,3550,33,22,33,https://www.youtube.com/watch?v=9SYWCwesh4w,33,22,33,https://www.youtube.com/watch?v=9SYWCwesh4w,0,0,0,,100,0,0,0,
6cb91cbf63cd46d49566ade06d3b3418,222,6467,0,0,0,,0,0,0,,0,0,0,,0,0,0,0,
98619914a2eb4b07bd6bc0a02066e455,221,5601,0,0,0,,0,0,0,,0,0,0,,1319,197,160,222,https://www.twitch.tv/videos/2751975211
71da2daf84a546c39399adf6ca44aac1,220,16158,23,10,163,https://www.youtube.com/watch?v=gjteMks3q5g,24,11,163,https://www.youtube.com/watch?v=gjteMks3q5g,11,5,11,https://www.youtube.com/watch?v=48X1kHIKMQ0,301,45,24,45,https://www.twitch.tv/videos/2742148765
52d8a731a7634e529ba986ae40ce6526,220,16822,0,0,0,,0,0,0,,0,0,0,,839,405,264,502,https://www.twitch.tv/videos/2742002222
c56801a52568414ca54724a3c24c3417,219,19841,0,0,0,,0,0,0,,0,0,0,,2208,146,94,198,https://www.twitch.tv/videos/2746095447
27a22366e885420e8a3c78ee7ac7c075,219,15237,49,19,120,https://www.youtube.com/watch?v=H1CRIwWWt_E,49,19,120,https://www.youtube.com/watch?v=H1CRIwWWt_E,0,0,0,,34,15,13,18,https://www.twitch.tv/videos/2749414764
25ac52ef552244a997045ca561b5636f,219,3646,0,0,0,,0,0,0,,0,0,0,,0,0,0,0,
1fa9ddce23964bab8edddf7f18dad2f3,218,10594,0,0,0,,0,0,0,,0,0,0,,1578,76,63,76,https://www.twitch.tv/videos/2749518084
3986345f7cae4fc5ba3b7fd3a8dceba0,218,1004,0,0,0,,0,0,0,,0,0,0,,1112,0,0,0,
15c82034235748649547ada64817a6d1,218,15752,510,342,1408,https://www.youtube.com/watch?v=FbFwVtNxdO0,0,0,0,,510,342,1408,https://www.youtube.com/watch?v=FbFwVtNxdO0,3603,204,140,318,https://www.twitch.tv/videos/2746189542
d564dc69725f4258b8b08d8d5df285a8,217,9144,34,6,38,https://www.youtube.com/watch?v=3FsQZUddaiI,34,6,38,https://www.youtube.com/watch?v=3FsQZUddaiI,0,0,0,,69,0,0,0,
d8fa0fb407c043cb9b65ab66c2221e8d,216,69932,2,0,17,https://www.youtube.com/watch?v=6WqwNxOHQnw,0,0,0,,2,0,17,https://www.youtube.com/watch?v=6WqwNxOHQnw,2233,29,20,61,https://www.twitch.tv/videos/2745448478
0554e298ab8041c19ce07bf0b2c315a0,215,18646,49,42,1264,https://www.youtube.com/watch?v=fAIZl1bxCg8,41,17,52,https://www.youtube.com/watch?v=NkygGElcLcw,668,365,1264,https://www.youtube.com/watch?v=fAIZl1bxCg8,0,0,0,0,
cfe0c2386d794c229d71c5a6a7e28333,214,15535,8,1,8,https://www.youtube.com/watch?v=T5aWDv_OlL4,0,0,0,,8,1,8,https://www.youtube.com/watch?v=T5aWDv_OlL4,0,0,0,0,
31888d1a66654eee82d4dd22017db978,213,37029,474,164,1935,https://www.youtube.com/watch?v=Rg0sKlZ4Rwk,0,0,0,,474,164,1935,https://www.youtube.com/watch?v=Rg0sKlZ4Rwk,0,0,0,0,
8814a6eccdd04fa6bf2f8201f12bf8ae,213,3769,0,0,0,,0,0,0,,0,0,0,,339,34,31,34,https://www.twitch.tv/videos/2751753066
54ea240f1bf1471981684464081645e7,211,4067,0,0,0,,0,0,0,,0,0,0,,349,17,11,25,https://www.twitch.tv/videos/2742775288
3dc59c2e8b424c9e812fb48048ebdef8,211,6207,0,0,0,,0,0,0,,0,0,0,,1521,160,103,273,https://www.twitch.tv/videos/2752751480
c269bafe425f470e957731c454b8925c,211,17862,0,0,0,,0,0,0,,0,0,0,,445,0,0,0,
12479712313d4ddda715483e1f93ee9d,210,4293,0,0,0,,0,0,0,,0,0,0,,0,0,0,0,
47d591738d2449a496e7ce140b539662,209,1245,0,0,0,,0,0,0,,0,0,0,,2111,239,219,253,https://www.twitch.tv/videos/2750669638
463e3994840145618264d41fa3eaf344,209,12140,44,15,54,https://www.youtube.com/watch?v=bQk9-1qB2lo,44,15,54,https://www.youtube.com/watch?v=bQk9-1qB2lo,0,0,0,,0,0,0,0,
f1d9ff59d3d74b0ebb4268de53698dbf,208,6342,0,0,0,,0,0,0,,0,0,0,,738,0,0,0,
14b644d58ff14ef1b491ef3d451e9e06,206,0,0,0,0,,0,0,0,,0,0,0,,3368,0,0,0,
7bebabbe96a34368aa03da163e3da313,206,27403,34,12,36,https://www.youtube.com/watch?v=xFDSuN8IvV0,34,12,36,https://www.youtube.com/watch?v=xFDSuN8IvV0,0,0,0,,0,0,0,0,
de8c5ca15afd4534a822e5a1a9c2784e,205,2053,0,0,0,,0,0,0,,0,0,0,,2174,213,190,433,https://www.twitch.tv/videos/2747181502
3082cc9c2e124fb3bf77cc799590042e,205,16133,58,22,77,https://www.youtube.com/watch?v=lm2oyZBm6do,58,22,77,https://www.youtube.com/watch?v=lm2oyZBm6do,0,0,0,,0,0,0,0,
5949eae32b844c9e873474efb19f4e6d,203,6015,0,0,0,,0,0,0,,0,0,0,,0,0,0,0,
3c9899af7c104ea08eb0baa4ee565076,203,2413,0,0,0,,0,0,0,,0,0,0,,677,60,39,73,https://www.twitch.tv/videos/2742116387
8e65ff08f84f46148a79346978db81c8,203,38552,44,31,1117,https://www.youtube.com/watch?v=Fy5_BFHWROo,42,29,120,https://www.youtube.com/watch?v=QQch8WZypSI,588,298,1117,https://www.youtube.com/watch?v=Fy5_BFHWROo,0,0,0,0,
ccf55e42124c46ab828b188fc8c4f947,199,44814,376,110,1784,https://www.youtube.com/watch?v=YGI2z0bdn2A,0,0,0,,376,110,1784,https://www.youtube.com/watch?v=YGI2z0bdn2A,695,377,280,682,https://www.twitch.tv/videos/2743040120
a5ced44a2bb74575a9cf9ea48f9ec890,199,8675,75,10,75,https://www.youtube.com/watch?v=e4s655QZIBI,75,10,75,https://www.youtube.com/watch?v=e4s655QZIBI,0,0,0,,0,0,0,0,
1d9db35aa47c4d2d8bea3fb94afbd1b9,198,7587,34,23,371,https://www.youtube.com/watch?v=7vzZ5EcyssQ,32,18,65,https://www.youtube.com/watch?v=L3PZutmR6Qo,371,102,371,https://www.youtube.com/watch?v=7vzZ5EcyssQ,0,0,0,0,
fdbcdd7db6b04ed4b2336b1b3da66564,197,18662,519,220,519,https://www.youtube.com/watch?v=iW2TPlq_QmQ,0,0,0,,519,220,519,https://www.youtube.com/watch?v=iW2TPlq_QmQ,204,250,159,355,https://www.twitch.tv/videos/2752706866
05970b8580b4433d9afb8769568d2276,197,5003,0,0,0,,0,0,0,,0,0,0,,9,0,0,0,
1d0201167f5445e8b410a8f311e54133,197,20845,0,0,0,,0,0,0,,0,0,0,,145,34,31,54,https://www.twitch.tv/videos/2751053532
48e968abd77d434db31de0f0bb8d92a1,196,10783,3,1,7,https://www.youtube.com/watch?v=WRW-A9P2QSM,0,0,0,,3,1,7,https://www.youtube.com/watch?v=WRW-A9P2QSM,529,32,26,51,https://www.twitch.tv/videos/2744508139
936b7b3d4250469d94b53ebc7e4936f6,193,241246,0,0,0,,0,0,0,,0,0,0,,1186,213,104,279,https://www.twitch.tv/videos/2748237813
021eaf7cecfa4416b759fcc310f7b15a,192,8092,33,6,59,https://www.youtube.com/watch?v=BUMh9RpRoL0,0,0,0,,33,6,59,https://www.youtube.com/watch?v=BUMh9RpRoL0,222,0,0,0,
26e2e1583d404f48b879375ef74ae33a,192,8953,0,0,0,,0,0,0,,0,0,0,,0,0,0,0,
698d1cca0e1f417892c954dabe0aacf8,191,768,0,0,0,,0,0,0,,0,0,0,,2305,0,0,0,
f30f6a2e994641b5af169b97f2aad13b,191,6949,0,0,0,,0,0,0,,0,0,0,,547,0,0,0,
6d76e6b27f164061a216ec2831bd8dd3,189,0,0,0,0,,0,0,0,,0,0,0,,1217,50,33,59,https://www.twitch.tv/videos/2745414762
6cdaf0b035d04e3794a5accd5ed8b08f,188,1688,0,0,0,,0,0,0,,0,0,0,,0,0,0,0,
aad41e66df77481baac0825033d81487,187,43623,1009,210,1151,https://www.youtube.com/watch?v=pphaG2mqBko,0,0,0,,1009,210,1151,https://www.youtube.com/watch?v=pphaG2mqBko,0,0,0,0,
202d7c3df0a0489288ace48e1e81ac9f,187,4635,0,0,0,,0,0,0,,0,0,0,,76,0,0,0,
699b0baa82d0413aa073155683edcd56,186,5320,0,0,0,,0,0,0,,0,0,0,,2199,137,87,137,https://www.twitch.tv/videos/2744541630
865ef104e1784d878871c819452a63dd,184,1901,59,27,81,https://www.youtube.com/watch?v=d3iAVK2Q3Ys,59,27,81,https://www.youtube.com/watch?v=d3iAVK2Q3Ys,0,0,0,,0,0,0,0,
7a7e366c81d54d03a07cb2c6cb382884,184,6215,0,0,0,,0,0,0,,0,0,0,,0,0,0,0,
3802b3f13284406cb4bc3f775690add5,183,6722,65,32,112,https://www.youtube.com/watch?v=0IQKPL516Qg,65,32,112,https://www.youtube.com/watch?v=0IQKPL516Qg,0,0,0,,77,79,67,127,https://www.twitch.tv/videos/2747036142
a0fd4ae0fdc540c7b0c63d292372412a,182,2473,0,0,0,,0,0,0,,0,0,0,,186,0,0,0,
25f3eb5a85784e0e9f59f45ae775badd,179,10494,0,0,0,,0,0,0,,0,0,0,,0,0,0,0,
e73e2554e6754cadb0b836bb1fcfdaf7,179,17872,92,61,1200,https://www.youtube.com/watch?v=1O_zskkPAOk,84,45,237,https://www.youtube.com/watch?v=a71eL1M2doU,716,214,1200,https://www.youtube.com/watch?v=1O_zskkPAOk,31,46,42,80,https://www.twitch.tv/videos/2750921509
d46a06f4c654403e8b6376f7eda6f6ba,178,9464,74,27,1711,https://www.youtube.com/watch?v=9Zc7tJkYRJ8,68,26,92,https://www.youtube.com/watch?v=Om8d9YVFn1I,1711,614,1711,https://www.youtube.com/watch?v=9Zc7tJkYRJ8,0,0,0,0,
98c577d538f84d75a3c34e0f9d13c8a3,177,10648,0,0,0,,0,0,0,,0,0,0,,256,14,8,14,https://www.twitch.tv/videos/2743879540
cf5fc0cd849841679951b3769979b3a0,176,3471,83,35,211,https://www.youtube.com/watch?v=3uB1JzEHVaU,83,35,211,https://www.youtube.com/watch?v=3uB1JzEHVaU,0,0,0,,36,21,16,44,https://www.twitch.tv/videos/2747112537
a0b5f8b54a534dfcb66154002e97e4cc,175,0,0,0,0,,0,0,0,,0,0,0,,155,0,0,0,
7ee7164af0d645a18422350715a1eef0,175,399,0,0,0,,0,0,0,,0,0,0,,359,0,0,0,
9b9409f309a54c54bf6225f43eae1167,174,5894,0,0,0,,0,0,0,,0,0,0,,1916,228,167,228,https://www.twitch.tv/videos/2747000461
844adbe9800c4c52863267075afd2c7f,173,8759,0,0,0,,0,0,0,,0,0,0,,259,0,0,0,
b2ec8ce2ab124618ae1b1af2cd85ce23,173,2745,0,0,0,,0,0,0,,0,0,0,,271,0,0,0,
49150fef0c1f4c0e9e18567224a7bf5c,172,0,0,0,0,,0,0,0,,0,0,0,,0,0,0,0,
56e0088d20b04a059da9932476fc9a5b,172,21220,0,0,0,,0,0,0,,0,0,0,,2564,0,0,0,
b850c220033a4b6d83c9b9b70b04647b,172,3752,0,0,0,,0,0,0,,0,0,0,,203,0,0,0,
513641895d9a4fbca3b19aeb63d28915,172,7325,0,0,0,,0,0,0,,0,0,0,,1292,514,183,1194,https://www.twitch.tv/videos/2728897883
74a8b2325c0c4b158dd12377bff187c8,171,8950,114,29,722,https://www.youtube.com/watch?v=9aZevKYxXlQ,36,0,36,https://www.youtube.com/watch?v=G2SslynPolk,152,33,722,https://www.youtube.com/watch?v=9aZevKYxXlQ,0,0,0,0,
6cdc57bc89cc4b7f9c9d848fd5b0d031,171,23631,0,0,0,,0,0,0,,0,0,0,,0,0,0,0,
a91c83dff0c94387aa2c11e597424517,171,10926,0,0,0,,0,0,0,,0,0,0,,260,53,38,78,https://www.twitch.tv/videos/2747038087
a3bbe09809e141e5b0658a79ba63f977,171,13610,4,2,14,https://www.youtube.com/watch?v=8pa5mvhGwBs,0,0,0,,4,2,14,https://www.youtube.com/watch?v=8pa5mvhGwBs,402,14,9,20,https://www.twitch.tv/videos/2746236223
67dc6d443cff47a4bc6a31a56e8b72f5,171,17530,52,8,80,https://www.youtube.com/watch?v=djwZf9-9kpA,64,9,80,https://www.youtube.com/watch?v=djwZf9-9kpA,6,3,6,https://www.youtube.com/watch?v=yzZJ7FNNNXY,0,0,0,0,
bb21226dc1db41e294f545133948115b,171,12863,0,0,0,,0,0,0,,0,0,0,,858,0,0,0,
9add5efb4665440e8e021a9c3ced6095,170,10362,65,22,402,https://www.youtube.com/watch?v=FH9nqQmfHNo,64,15,402,https://www.youtube.com/watch?v=FH9nqQmfHNo,153,125,153,https://www.youtube.com/watch?v=88ttK-KWVZ8,0,0,0,0,
868a7d0a1ef94befa5205a21fb65d7d5,169,2803,0,0,0,,0,0,0,,0,0,0,,4630,155,149,155,https://www.twitch.tv/videos/2752638979
0c97b425059d4ac893cae0f804f4ccbc,169,10989,0,0,0,,0,0,0,,0,0,0,,0,0,0,0,
2479e2782c0b4a7880004832c84a336b,169,2561,1506,1117,1506,https://www.youtube.com/watch?v=jqWuv8FXNDk,0,0,0,,1506,1117,1506,https://www.youtube.com/watch?v=jqWuv8FXNDk,284,72,45,72,https://www.twitch.tv/videos/2744536082
c29627e1a48a4ea8b21c858aba1836d0,168,6452,0,0,0,,0,0,0,,0,0,0,,413,144,108,152,https://www.twitch.tv/videos/2748591503
288ba70f1a044c72a65ed9cf3b425d13,167,16962,0,0,0,,0,0,0,,0,0,0,,0,0,0,0,
591654ee39c147ffaa77a531a81a6eda,167,13065,39,31,144,https://www.youtube.com/watch?v=bKKVzQgiVdI,39,31,144,https://www.youtube.com/watch?v=bKKVzQgiVdI,0,0,0,,673,37,27,51,https://www.twitch.tv/videos/2744522949
ad94d8048eb443248e4f2161201a938d,166,4699,296,185,1119,https://www.youtube.com/watch?v=gVt35I-ANfc,0,0,0,,296,185,1119,https://www.youtube.com/watch?v=gVt35I-ANfc,10,0,0,0,
cd38e82545b04cb8a3e047fe41f2ba40,166,1257,0,0,0,,0,0,0,,0,0,0,,1010,211,107,967,https://www.twitch.tv/videos/2740853501
58f233e089ca45c8bc1969b471183766,166,24589,17,7,62,https://www.youtube.com/watch?v=6v8tFqWvC14,17,7,62,https://www.youtube.com/watch?v=6v8tFqWvC14,0,0,0,,0,0,0,0,
604dc5a26bb54f3d8a69c9df659d23d7,165,4988,0,0,0,,0,0,0,,0,0,0,,802,44,34,63,https://www.twitch.tv/videos/2743593981
64677f13935847cca3e2e6670a89d9a8,164,1026,20,10,31,https://www.youtube.com/watch?v=4p7UGw32qHg,20,10,31,https://www.youtube.com/watch?v=4p7UGw32qHg,0,0,0,,428,11,6,11,https://www.twitch.tv/videos/2744513489
c08ae8d7412d407c8b233f6e445d081c,164,3342,1,0,87,https://www.youtube.com/watch?v=rWf6pDaG6MM,0,0,0,,1,0,87,https://www.youtube.com/watch?v=rWf6pDaG6MM,719,48,38,77,https://www.twitch.tv/videos/2746097002
8ad7e8cd45e040f797cf2f1fa9d68976,162,5557,45,20,154,https://www.youtube.com/watch?v=thn3JSkJgJs,45,20,154,https://www.youtube.com/watch?v=thn3JSkJgJs,0,0,0,,0,0,0,0,
ad6455da071543ab88cd4855a11cf39b,161,6135,36,16,37,https://www.youtube.com/watch?v=1WDEkymJ_5Y,36,16,37,https://www.youtube.com/watch?v=1WDEkymJ_5Y,0,0,0,,0,0,0,0,
1e62a729ec51448aa89d22adde18b214,160,34295,76,41,356,https://www.youtube.com/watch?v=Rd364RKLaMw,54,48,161,https://www.youtube.com/watch?v=sc30jGWeyAI,78,38,356,https://www.youtube.com/watch?v=Rd364RKLaMw,0,0,0,0,
3475b2087d9a4d799c10bd3ac5f45437,160,885,26,10,26,https://www.youtube.com/watch?v=bRGs-Zgon7o,0,0,0,,26,10,26,https://www.youtube.com/watch?v=bRGs-Zgon7o,1149,249,166,249,https://www.twitch.tv/videos/2745341721
d93ec185504e45e2894865980da489a9,159,2629,7,2,24,https://www.youtube.com/watch?v=tCuBFRYRQ5I,0,0,0,,7,2,24,https://www.youtube.com/watch?v=tCuBFRYRQ5I,1709,330,270,688,https://www.twitch.tv/videos/2745498175
6481e646412745d3b2fa38255cef0da4,159,7815,292,117,1756,https://www.youtube.com/watch?v=T6BnM6Nrlss,0,0,0,,292,117,1756,https://www.youtube.com/watch?v=T6BnM6Nrlss,548,84,67,95,https://www.twitch.tv/videos/2743767614
5aca9ae61bba473b96998fee811d155e,157,28293,84,33,511,https://www.youtube.com/watch?v=KMIjD9zSxQw,19,14,19,https://www.youtube.com/watch?v=fmYxpF77XC4,170,124,511,https://www.youtube.com/watch?v=KMIjD9zSxQw,0,0,0,0,
bad9c0bc10404089a32d6b4b8346fc0e,156,86153,17,8,101,https://www.youtube.com/watch?v=x7EcroC4Gsg,17,8,101,https://www.youtube.com/watch?v=x7EcroC4Gsg,0,0,0,,0,0,0,0,
290bbaa329eb45b1a267bfd7e35c3b14,156,9074,0,0,0,,0,0,0,,0,0,0,,459,25,19,30,https://www.twitch.tv/videos/2750253447
fe1731a49d43440391f571347747604c,155,2561,1,0,1,https://www.youtube.com/watch?v=7vEFC1ejXO4,0,0,0,,1,0,1,https://www.youtube.com/watch?v=7vEFC1ejXO4,1273,422,267,595,https://www.twitch.tv/videos/2745222673
46821555a7af41e4aa70fe0fabd8a4f6,155,7297,0,0,0,,0,0,0,,0,0,0,,671,141,90,297,https://www.twitch.tv/videos/2746934173
949f184abcc84a82b8e9f333b41a2109,155,9309,6,2,30,https://www.youtube.com/watch?v=T20WeU02wr4,0,0,0,,6,2,30,https://www.youtube.com/watch?v=T20WeU02wr4,2437,977,492,1537,https://www.twitch.tv/videos/2738905371
dc97af965a4942d281cc7365805233f1,154,3213,0,0,0,,0,0,0,,0,0,0,,68,15,13,15,https://www.twitch.tv/videos/2750889743
edfed5b0978a4fb98f94319bfc639d98,153,1195,0,0,0,,0,0,0,,0,0,0,,1044,350,208,1170,https://www.twitch.tv/videos/2750006809
4d96aeef13f949e19026682e337db138,153,3232,0,0,0,,0,0,0,,0,0,0,,2648,99,82,99,https://www.twitch.tv/videos/2749383489
3442df03030941b0933077faf6a75c6a,153,9751,0,0,0,,0,0,0,,0,0,0,,627,69,55,120,https://www.twitch.tv/videos/2747886560
a8bee4c680a54cf29b34d90bf7230ab1,153,2793,0,0,0,,0,0,0,,0,0,0,,1903,191,154,243,https://www.twitch.tv/videos/2750146574
f958b1a87ecd4bfab42ba0d1443bfa61,152,9882,7,1,19,https://www.youtube.com/watch?v=sc0pwva-kFE,8,1,19,https://www.youtube.com/watch?v=sc0pwva-kFE,2,0,11,https://www.youtube.com/watch?v=eSQAHsQwOF4,526,63,42,93,https://www.twitch.tv/videos/2747802426
6a915915ad2a4d29b524ebd50f2dbbe4,152,1514,0,0,0,,0,0,0,,0,0,0,,1593,0,0,0,
67c533576c474a0d9897f62964cef71c,151,4521,0,0,0,,0,0,0,,0,0,0,,293,79,47,105,https://www.twitch.tv/videos/2749299254
fced951d6a344a27b59e422984ead36d,150,26987,41,12,152,https://www.youtube.com/watch?v=3PkXrGaLe00,41,22,51,https://www.youtube.com/watch?v=LHou4mVZg9s,54,12,152,https://www.youtube.com/watch?v=3PkXrGaLe00,0,0,0,0,
41e1aa0eab8d4ec5a4010833581f5b92,149,2747,0,0,0,,0,0,0,,0,0,0,,87,0,0,0,
68671ee09add4d87b8038acebc5b48a4,148,1003,4,1,19,https://www.youtube.com/watch?v=_LzT-_fK9-4,0,0,0,,4,1,19,https://www.youtube.com/watch?v=_LzT-_fK9-4,950,119,99,313,https://www.twitch.tv/videos/2744607709
521d3e3d5e6e410aababfb8f290749b6,145,2475,0,0,0,,0,0,0,,0,0,0,,369,9,5,9,https://www.twitch.tv/videos/2744472679
98fd913e544f4725afdd28ad05f3e737,145,12221,0,0,0,,0,0,0,,0,0,0,,0,0,0,0,
46a16e41f2af4523adeb4556f2e0b0d5,145,3270,0,0,0,,0,0,0,,0,0,0,,8438,0,0,0,
4ec87ced65c74722927e8fd3f219a653,143,3191,0,0,0,,0,0,0,,0,0,0,,222,0,0,0,
8b1758159f754a3a8d7f26dcf12c008f,143,7018,0,0,0,,0,0,0,,0,0,0,,0,0,0,0,
06f1c7339e1c47ecb69ea7385f4635a1,143,32708,701,492,1620,https://www.youtube.com/watch?v=jlvCcLpYMTw,0,0,0,,701,492,1620,https://www.youtube.com/watch?v=jlvCcLpYMTw,350,203,149,274,https://www.twitch.tv/videos/2748599926
a84b1b6deabc462b9cf994fd02304b5b,143,863,0,0,0,,0,0,0,,0,0,0,,1690,0,0,0,
eabec2cff9fb48cdb79965d77a56f47d,143,8594,63,19,774,https://www.youtube.com/watch?v=6q3tR7ZWXsM,57,18,174,https://www.youtube.com/watch?v=HhD3NCze8y0,116,85,774,https://www.youtube.com/watch?v=6q3tR7ZWXsM,0,0,0,0,
240c765d12ae40ab85e53fb39eb22b03,143,2601,0,0,0,,0,0,0,,0,0,0,,4424,0,0,0,
e6d7ea2833a1477aab8dfa3d4f4936fb,142,4446,0,0,0,,0,0,0,,0,0,0,,1435,274,157,367,https://www.twitch.tv/videos/2750991758
2d3deb7610dd4329ba77597dfdd13043,142,19591,1052,349,1890,https://www.youtube.com/watch?v=KHRR-oevWPE,0,0,0,,1052,349,1890,https://www.youtube.com/watch?v=KHRR-oevWPE,1884,187,95,607,https://www.twitch.tv/videos/2741242805
2f2a88438aee4a5e842f186bcdc05128,142,11543,1259,53,2032,https://www.youtube.com/watch?v=ySBV2-LUBKM,0,0,0,,1259,53,2032,https://www.youtube.com/watch?v=ySBV2-LUBKM,71,0,0,0,
7ccac8385e2d41f69aab04b7f2b23cac,142,5202,0,0,0,,0,0,0,,0,0,0,,1362,0,0,0,
f55b426f2ceb419d964d1d1bcd3860e9,141,7017,0,0,0,,0,0,0,,0,0,0,,0,0,0,0,
eac3578c689d48b493103c11e2b16c5e,141,15883,0,0,0,,0,0,0,,0,0,0,,907,313,215,417,https://www.twitch.tv/videos/2747003254
1ea0189fc3ce47fb9461b6cab10d78fe,140,2879,0,0,0,,0,0,0,,0,0,0,,147,0,0,0,
c8672ebbfe37442788c48d9a8399fc7b,140,24929,0,0,0,,0,0,0,,0,0,0,,847,198,146,289,https://www.twitch.tv/videos/2750260280
3040b4d9d4374815a4e0af0c887a42fc,139,16793,0,0,0,,0,0,0,,0,0,0,,1248,1575,1366,1575,https://www.twitch.tv/videos/2750162335
061fa27713ec453ebf41c21eb58b7719,138,2110,0,0,0,,0,0,0,,0,0,0,,0,0,0,0,
135224fe261040639a802804b52f22db,137,0,0,0,0,,0,0,0,,0,0,0,,632,20,12,20,https://www.twitch.tv/videos/2744274400
a1a4762aa1eb4d95be1c0c7a528a8336,136,9871,1,0,832,https://www.youtube.com/watch?v=t8ER8BEeY5I,0,0,0,,1,0,832,https://www.youtube.com/watch?v=t8ER8BEeY5I,1854,182,171,182,https://www.twitch.tv/videos/2752015884
fd638ba6820241d1b3367afab0c6ab3e,134,9898,0,0,0,,0,0,0,,0,0,0,,0,0,0,0,
e739323b76994f8abcca757db52a440d,134,7955,73,14,73,https://www.youtube.com/watch?v=dG4Ku6zgQIw,73,14,73,https://www.youtube.com/watch?v=dG4Ku6zgQIw,0,0,0,,0,0,0,0,
fe1bd62313574733ab86c1a56b7143ab,133,0,0,0,0,,0,0,0,,0,0,0,,1555,0,0,0,
5fdd1d15cf404c918b0f697baff04218,133,29584,1370,689,3275,https://www.youtube.com/watch?v=ggQ0bOFIsKw,0,0,0,,1370,689,3275,https://www.youtube.com/watch?v=ggQ0bOFIsKw,2558,564,530,1123,https://www.twitch.tv/videos/2751075059
c9e933e250e747f88f8cbf4857ec7f3b,131,131,0,0,0,,0,0,0,,0,0,0,,2915,982,766,1806,https://www.twitch.tv/videos/2751664008
c85822960da341bb8f5323219b233bd1,130,8970,0,0,0,,0,0,0,,0,0,0,,0,0,0,0,
f42472ba115a480ab309612af9ae29cf,130,4601,21,7,37,https://www.youtube.com/watch?v=Bw453vJAxws,21,7,37,https://www.youtube.com/watch?v=Bw453vJAxws,0,0,0,,0,0,0,0,
b18dea7632bc49db974a22d6eb6660fb,130,3632,1,0,3,https://www.youtube.com/watch?v=MLXHKqVxbD8,0,0,0,,1,0,3,https://www.youtube.com/watch?v=MLXHKqVxbD8,404,37,34,43,https://www.twitch.tv/videos/2751722359
12f8dc82bc0d4f89bfbd7ede76ab1faf,129,7928,2270,2072,5666,https://www.youtube.com/watch?v=X7W5NMmRHFk,0,0,0,,2270,2072,5666,https://www.youtube.com/watch?v=X7W5NMmRHFk,0,0,0,0,
afb9c6f2f93040d0a0227405b9d17bde,129,218615,565,210,1804,https://www.youtube.com/watch?v=sAUP5mH9xTE,0,0,0,,565,210,1804,https://www.youtube.com/watch?v=sAUP5mH9xTE,420,121,71,182,https://www.twitch.tv/videos/2749287867
2928a7d5624e4af8b1331eabae6bda17,129,2665,2,1,3,https://www.youtube.com/watch?v=k2wFfHf7VNY,0,0,0,,2,1,3,https://www.youtube.com/watch?v=k2wFfHf7VNY,731,16,11,43,https://www.twitch.tv/videos/2749477145
453db6575b094b388ba2ae38e7ff2c51,127,15439,0,0,0,,0,0,0,,0,0,0,,675,0,0,0,
f09a7c3155a047c98f155434b2634ecf,125,3893,0,0,0,,0,0,0,,0,0,0,,392,0,0,0,
3b7dac5e2bdb4c08a139e18ef7f6f7e5,125,7185,1,0,1,https://www.youtube.com/watch?v=Vzoe-7EQ94c,0,0,0,,1,0,1,https://www.youtube.com/watch?v=Vzoe-7EQ94c,643,23,17,38,https://www.twitch.tv/videos/2752523529
a1d3d37caa68474288b903f309db32a1,124,8933,6,2,9,https://www.youtube.com/watch?v=aZtp5wgC_Pk,6,2,9,https://www.youtube.com/watch?v=aZtp5wgC_Pk,0,0,0,,0,0,0,0,
09b00ccde152498b808efe7317bd52f0,123,1426,0,0,0,,0,0,0,,0,0,0,,2864,0,0,0,
9b6ebeb957fe4fed84a5472b6b3bd13c,122,16964,0,0,0,,0,0,0,,0,0,0,,1181,325,217,505,https://www.twitch.tv/videos/2743589680
350b440f9436415c8499526d4c6f3dfd,121,3977,0,0,0,,0,0,0,,0,0,0,,1724,224,177,332,https://www.twitch.tv/videos/2742149897
74d00f89697a43e6801463c71fb37172,121,18210,93,44,2385,https://www.youtube.com/watch?v=C4bHFlsQBbM,62,16,94,https://www.youtube.com/watch?v=TQyu34u_rWE,477,183,2385,https://www.youtube.com/watch?v=C4bHFlsQBbM,32,5,4,52,https://www.twitch.tv/videos/2751641065
fef1577c0352446c8e371b9fd9e7cc73,120,8618,0,0,2,https://www.youtube.com/watch?v=UdXQNqE7fP8,0,0,0,,0,0,2,https://www.youtube.com/watch?v=UdXQNqE7fP8,121,10,9,19,https://www.twitch.tv/videos/2750247818
6c66740fc44a4a489e7a67ac93dd274e,119,1429,0,0,0,,0,0,0,,0,0,0,,412,0,0,0,
8064b5c85fc64d10ae3e9d3a4c0dfd8f,119,1172,0,0,0,,0,0,0,,0,0,0,,2758,0,0,0,
577251897dc7463393b68c5b6f96559b,119,6633,2,1,7,https://www.youtube.com/watch?v=r4Wd8HVwugc,0,0,0,,2,1,7,https://www.youtube.com/watch?v=r4Wd8HVwugc,680,282,189,632,https://www.twitch.tv/videos/2748607603
8b5d6e9353ba46789fa6a2cfd94f69b2,119,4225,4,1,16,https://www.youtube.com/watch?v=grq8JCzsng4,0,0,0,,4,1,16,https://www.youtube.com/watch?v=grq8JCzsng4,130,14,11,17,https://www.twitch.tv/videos/2750160784
68fd874932e3457989d88d4f7f474260,118,6345,32,13,1009,https://www.youtube.com/watch?v=ZI0ngZJvQZw,25,17,123,https://www.youtube.com/watch?v=_CFb4PSXvmg,52,5,1009,https://www.youtube.com/watch?v=ZI0ngZJvQZw,66,36,23,174,https://www.twitch.tv/videos/2750914541
5a60a41d2a604bc68368158cd0b1cc12,118,9532,0,0,2,https://www.youtube.com/watch?v=hJohYzgCKW8,0,0,0,,0,0,2,https://www.youtube.com/watch?v=hJohYzgCKW8,636,58,40,113,https://www.twitch.tv/videos/2751897463
e93b2dd2339a422f8ab3d21c9d95161c,116,2467,0,0,0,,0,0,0,,0,0,0,,503,17,16,61,https://www.twitch.tv/videos/2751043734
16e0b967de004b45b5c10302382ad43e,116,1885,0,0,0,,0,0,0,,0,0,0,,525,20,15,20,https://www.twitch.tv/videos/2747578661
a2847bd09f954df794fb9289d6a96dae,115,4076,175,125,324,https://www.youtube.com/watch?v=EOg0fxV27YA,0,0,0,,175,125,324,https://www.youtube.com/watch?v=EOg0fxV27YA,636,107,75,193,https://www.twitch.tv/videos/2748568679
063fe3c0ae714b4ea4edaf79bda5dda0,115,488,0,0,0,,0,0,0,,0,0,0,,2093,246,185,454,https://www.twitch.tv/videos/2750188516
9a7b047b85ae4227af74a0e200c3abc9,115,14352,735,289,1098,https://www.youtube.com/watch?v=Y42TYt95wWU,0,0,0,,735,289,1098,https://www.youtube.com/watch?v=Y42TYt95wWU,757,41,36,64,https://www.twitch.tv/videos/2746226179
b9a09f50375248aebc3d6afdb7f5adf6,114,2011,0,0,0,,0,0,0,,0,0,0,,833,0,0,0,
12286b61ae55499b8c60101a4625b089,113,6633,0,0,0,,0,0,0,,0,0,0,,314,0,0,0,
1daf23905a3d4aa9a59273e563e33382,113,6581,0,0,0,,0,0,0,,0,0,0,,1827,0,0,0,
822b9b7a9eca49df9bfd617a19b274b0,112,2654,22,9,30,https://www.youtube.com/watch?v=7mNCpxgXxB0,22,9,30,https://www.youtube.com/watch?v=7mNCpxgXxB0,0,0,0,,0,0,0,0,
4ead521cd6a04a5aa1b2739f252ac9d1,111,1735,1,0,4,https://www.youtube.com/watch?v=MChTAsG0qwA,0,0,0,,1,0,4,https://www.youtube.com/watch?v=MChTAsG0qwA,259,56,18,131,https://www.twitch.tv/videos/2751856395
77364942d7f24440bbde8efa71c724df,109,6818,0,0,0,,0,0,0,,0,0,0,,634,23,17,90,https://www.twitch.tv/videos/2747039311
6358ea21f673491fab72d62494b2225f,109,3810,112,30,944,https://www.youtube.com/watch?v=lnW52cKubzY,0,0,0,,112,30,944,https://www.youtube.com/watch?v=lnW52cKubzY,513,268,187,568,https://www.twitch.tv/videos/2751746677
965ff8a77ab845aaac693d9c7a56f82d,108,7493,0,0,0,,0,0,0,,0,0,0,,673,140,106,326,https://www.twitch.tv/videos/2745284408
dd9bf471b0304627877f38daaec5407b,108,597,0,0,0,,0,0,0,,0,0,0,,939,60,37,134,https://www.twitch.tv/videos/2746119935
821713a01e5a4f1787926fb48dbf7302,108,7361,29,11,75,https://www.youtube.com/watch?v=yt9XFCxsm5E,29,11,75,https://www.youtube.com/watch?v=yt9XFCxsm5E,0,0,0,,0,0,0,0,
8868dd9b4d75481397fd841b8ef6c55d,107,2284,0,0,0,,0,0,0,,0,0,0,,13,0,0,0,
a127ff7335ae467d961641bcf84f1e2f,107,9319,0,0,0,,0,0,0,,0,0,0,,2152,160,142,160,https://www.twitch.tv/videos/2750871878
f10dc84fab2a41d385c2553b0f1d788b,106,4285,0,0,0,,0,0,0,,0,0,0,,618,101,85,386,https://www.twitch.tv/videos/2744408185
1af37b5945cf40019107583a3c6537ea,104,635,0,0,0,,0,0,0,,0,0,0,,2651,471,356,553,https://www.twitch.tv/videos/2752688679
0a9f3befc55d447fbc9fa1e54ba0dd8e,103,0,0,0,0,,0,0,0,,0,0,0,,134,0,0,0,
fede6fee793048f1a576cab38a6bd414,103,6244,0,0,0,,0,0,0,,0,0,0,,2285,74,13,114,https://www.twitch.tv/videos/2731995198
2d25a18a83af462a8d4062e162017a1a,102,5101,7,5,7,https://www.youtube.com/watch?v=s75SuCI_V0o,0,0,0,,7,5,7,https://www.youtube.com/watch?v=s75SuCI_V0o,495,20,14,20,https://www.twitch.tv/videos/2746363132
ca65749ceff346fd971c24b0461f18d9,102,8277,0,0,0,,0,0,0,,0,0,0,,618,0,0,0,
53b98a4bbf49419fb4516525846d4d35,100,483,0,0,0,,0,0,0,,0,0,0,,1818,0,0,0,
25ebd185190b42d993d961d7c795b444,100,2678,0,0,0,,0,0,0,,0,0,0,,2357,0,0,0,
a2e9afb364e84d48acbdc77441ad17a7,100,6983,1358,297,1568,https://www.youtube.com/watch?v=iGkS46pveVc,0,0,0,,1358,297,1568,https://www.youtube.com/watch?v=iGkS46pveVc,544,33,25,43,https://www.twitch.tv/videos/2748714076
7f7b426bf3fb463388a1dd8ddb02a0be,99,1964,0,0,0,,0,0,0,,0,0,0,,92,0,0,0,
f35a552c958c4e798cac3bff3f5fff2b,99,674,0,0,0,,0,0,0,,0,0,0,,677,205,116,284,https://www.twitch.tv/videos/2742690416
06d173cf0b3f4369bcfb4b4270bd59e3,98,290,0,0,0,,0,0,0,,0,0,0,,220,199,111,378,https://www.twitch.tv/videos/2749286426
ba27c499a50f4cac87e6e5b94da18292,97,1978,0,0,0,,0,0,0,,0,0,0,,1309,509,377,544,https://www.twitch.tv/videos/2751989409
7d5666a446d14da29b95ba8ecf3fc4b6,96,11731,0,0,0,,0,0,0,,0,0,0,,0,0,0,0,
67784d7c61af482780ab0558083fcd1e,95,3035,0,0,0,,0,0,0,,0,0,0,,360,18,12,23,https://www.twitch.tv/videos/2744507030
6b21f41580a64cc7ab15d219a612723b,94,0,0,0,0,,0,0,0,,0,0,0,,4513,0,0,0,
ef36201df30f43ba9efbd573f9a6d9b7,94,13638,0,0,0,,0,0,0,,0,0,0,,403,156,109,526,https://www.twitch.tv/videos/2745365661
33ce96c886d341879ce66c4f7892c421,93,57616,165,86,1343,https://www.youtube.com/watch?v=dIRTqt2SJEU,0,0,0,,165,86,1343,https://www.youtube.com/watch?v=dIRTqt2SJEU,665,167,125,354,https://www.twitch.tv/videos/2751711446
ede21f904daf4a9b978efe15b0d9a31f,92,10053,0,0,0,,0,0,0,,0,0,0,,1919,196,190,196,https://www.twitch.tv/videos/2752769196
2bb0e68d998d4b2bbfc79557a233fb33,88,10023,27,14,213,https://www.youtube.com/watch?v=9GOu_VaHqOw,27,14,213,https://www.youtube.com/watch?v=9GOu_VaHqOw,0,0,0,,103,20,14,47,https://www.twitch.tv/videos/2747037209
34e73d1959694451b938ff53d98f9cec,86,715,30,23,30,https://www.youtube.com/watch?v=VYz6b_hFbdc,0,0,0,,30,23,30,https://www.youtube.com/watch?v=VYz6b_hFbdc,364,48,36,48,https://www.twitch.tv/videos/2747819678
32ae564b306c42cab2e1a4a8a9d6adfe,85,1053,0,0,0,,0,0,0,,0,0,0,,1283,0,0,0,
904e3c91b4e1427f9b2d69f69aa3b13c,84,13811,30,15,32,https://www.youtube.com/watch?v=EC9mmqM7wNg,30,15,32,https://www.youtube.com/watch?v=EC9mmqM7wNg,0,0,0,,0,0,0,0,
9523dedfc79a4f99b18461ff40586307,84,21983,989,2,1954,https://www.youtube.com/watch?v=w9E_r6XgsXU,24,2,24,https://www.youtube.com/watch?v=SRaZkgo_Bxo,1954,2,1954,https://www.youtube.com/watch?v=w9E_r6XgsXU,0,0,0,0,
9f9bfcbf980b43bcb00c03261439d18d,83,1319,64,4,64,https://www.youtube.com/watch?v=NRyHOJlJT5c,64,4,64,https://www.youtube.com/watch?v=NRyHOJlJT5c,0,0,0,,42,0,0,0,
4c3e3e5338ae44feae581bbdffa8b811,79,11084,0,0,0,,0,0,0,,0,0,0,,217,0,0,0,
6bf231719d5e485fa0cdee99905858d4,79,1640,0,0,0,,0,0,0,,0,0,0,,704,151,108,262,https://www.twitch.tv/videos/2750958463
12ece01ae7004e9195e79309f0cdae40,78,281,34,5,34,https://www.youtube.com/watch?v=mjTcHdi6p_k,0,0,0,,34,5,34,https://www.youtube.com/watch?v=mjTcHdi6p_k,2554,0,0,0,
1406aeb0ef48430bab0b939a29609394,78,0,0,0,0,,0,0,0,,0,0,0,,0,0,0,0,
c6d0078f1d5e4fd08a459c7eecd85464,78,19117,270,72,785,https://www.youtube.com/watch?v=lKFK7tsj9hI,42,21,88,https://www.youtube.com/watch?v=_szex1aJz5k,427,148,785,https://www.youtube.com/watch?v=lKFK7tsj9hI,0,0,0,0,
39ff9dd2c91841b6b8c719d71b7bdb11,77,6960,0,0,0,,0,0,0,,0,0,0,,277,179,110,218,https://www.twitch.tv/videos/2742926401
cf100db6a3dc4010b32802b75f5abc14,77,715,8,5,140,https://www.youtube.com/watch?v=KHpbRFK8oL4,20,16,74,https://www.youtube.com/watch?v=Jr7RgMHq9ho,4,3,140,https://www.youtube.com/watch?v=KHpbRFK8oL4,0,0,0,0,
a7c42dc3d080425b9e979100a59d955c,77,4364,0,0,0,,0,0,0,,0,0,0,,309,0,0,0,
3fd5cac9e94144ad9a298e46c5472792,75,1536,54,44,54,https://www.youtube.com/watch?v=oi2bDdv3uMo,0,0,0,,54,44,54,https://www.youtube.com/watch?v=oi2bDdv3uMo,0,0,0,0,
188108fa6e2e41afb060e4038e49d4ab,75,2554,0,0,0,,0,0,0,,0,0,0,,711,0,0,0,
105bfceb9747425eb58622b6ebccf920,75,1031,0,0,0,,0,0,0,,0,0,0,,369,0,0,0,
1ef73c1e25b04bce98a9a5e475826d57,74,0,0,0,0,,0,0,0,,0,0,0,,0,0,0,0,
28e6f7c12a3b45899e7508058f926af9,73,12355,0,0,0,,0,0,0,,0,0,0,,1619,43,4,125,https://www.twitch.tv/videos/2736364700
eff26caff6bd4720957cefaf8f6fc87a,73,5714,115,17,115,https://www.youtube.com/watch?v=tgYcdi39PSg,0,0,0,,115,17,115,https://www.youtube.com/watch?v=tgYcdi39PSg,1257,341,290,1570,https://www.twitch.tv/videos/2743651552
ce1d3cace1cf4ec799c8846c8c2a6d48,71,236,0,0,0,,0,0,0,,0,0,0,,2287,1060,172,2592,https://www.twitch.tv/videos/2730221856
08d8f03223a54fb3807d49fb7c30b434,70,1965,61,43,596,https://www.youtube.com/watch?v=QpQB1hZAziA,60,37,222,https://www.youtube.com/watch?v=iHt5SrFv2Ss,424,392,596,https://www.youtube.com/watch?v=QpQB1hZAziA,20,0,0,0,
ee77ed51da394f02b72c33756b155eac,70,4669,7,2,58,https://www.youtube.com/watch?v=1n0jKNF-9aM,0,0,0,,7,2,58,https://www.youtube.com/watch?v=1n0jKNF-9aM,752,35,22,57,https://www.twitch.tv/videos/2743739191
a5be52423e2f46b8bbad4a56c7f1d5e5,68,1416,3,0,7,https://www.youtube.com/watch?v=hnKuZtmTvGU,0,0,0,,3,0,7,https://www.youtube.com/watch?v=hnKuZtmTvGU,1281,227,197,319,https://www.twitch.tv/videos/2747039988
70ab761191014a39b7d090541f785cd2,67,2861,77,20,1264,https://www.youtube.com/watch?v=JfWgqbgp4Wo,0,0,0,,77,20,1264,https://www.youtube.com/watch?v=JfWgqbgp4Wo,92,59,45,59,https://www.twitch.tv/videos/2747876261
2c2db11a23aa43298ab96e60a20692d7,67,1599,0,0,0,,0,0,0,,0,0,0,,1482,0,0,0,
43d785b8082f43138988dacd0236bb67,66,0,0,0,0,,0,0,0,,0,0,0,,437,0,0,0,
4eb87102a0f44516a6ed011faeeff00d,66,0,0,0,0,,0,0,0,,0,0,0,,1518,0,0,0,
1645f4035c9b42019c61d630fc75d5e0,66,851,0,0,0,,0,0,0,,0,0,0,,92,0,0,0,
94bda3c948ac4e74ad5c3592c1d284ac,65,781,1,0,3,https://www.youtube.com/watch?v=UNxgnLb-z-I,0,0,0,,1,0,3,https://www.youtube.com/watch?v=UNxgnLb-z-I,130,0,0,0,
061fb9c63b7e45bb85ea7e6bd4fe3745,65,4245,0,0,0,,0,0,0,,0,0,0,,219,36,30,50,https://www.twitch.tv/videos/2751584865
51fc95cfca444f03abe9a50acf8f85e6,65,3535,0,0,0,,0,0,0,,0,0,0,,1295,219,171,2212,https://www.twitch.tv/videos/2750651227
c7f53f2fbdbe4db488629ab4d738a16a,64,4320,0,0,0,,0,0,0,,0,0,0,,692,73,48,124,https://www.twitch.tv/videos/2742100656
4d8e2a0b44bc475da5d9688b668c782d,64,195,0,0,0,,0,0,0,,0,0,0,,279,0,0,0,
ff170a57c74545c7977b64a6d82981af,64,8714,24,9,415,https://www.youtube.com/watch?v=C03NL1-Nd1M,22,8,68,https://www.youtube.com/watch?v=R6CXSZ4gQcc,110,45,415,https://www.youtube.com/watch?v=C03NL1-Nd1M,0,0,0,0,
f9d27b07ff84433b8397b0587f339e27,63,9351,0,0,0,,0,0,0,,0,0,0,,192,26,13,56,https://www.twitch.tv/videos/2746255411
d6a769b7bf6b49f08adf3e1136d86c7e,63,16529,0,0,0,,0,0,0,,0,0,0,,900,0,0,0,
22f16847ee064b1bafd9bbe15bd31284,61,2493,1258,1031,1529,https://www.youtube.com/watch?v=xl6g7qHJtUY,0,0,0,,1258,1031,1529,https://www.youtube.com/watch?v=xl6g7qHJtUY,674,84,73,273,https://www.twitch.tv/videos/2752551991
a9ada11d61114319885597db6a0725fb,61,315,0,0,0,,0,0,0,,0,0,0,,649,1,0,1,https://www.twitch.tv/videos/2753353810
e2448cc1f0df41b08247cb7a51119a67,61,668,123,98,123,https://www.youtube.com/watch?v=Zt40ikC7Y68,0,0,0,,123,98,123,https://www.youtube.com/watch?v=Zt40ikC7Y68,698,0,0,0,
889b220891694985b7373aa2732a0263,61,423,0,0,0,,0,0,0,,0,0,0,,536,99,70,200,https://www.twitch.tv/videos/2743799319
a73103b226f34098bb5d4cd00b86d2f6,59,2141,0,0,0,,0,0,0,,0,0,0,,251,0,0,0,
b2d32948347e4c6c9afa8f813e626aae,59,3729,11,5,13,https://www.youtube.com/watch?v=hqDsXDapVss,11,5,13,https://www.youtube.com/watch?v=hqDsXDapVss,0,0,0,,0,0,0,0,
dda9d5733f5f49f4aa77f147640040c3,59,435,0,0,0,,0,0,0,,0,0,0,,938,235,134,235,https://www.twitch.tv/videos/2742959315
5718a7998f6249eeba0bf087da51c1c0,58,16972,0,0,0,,0,0,0,,0,0,0,,563,88,63,481,https://www.twitch.tv/videos/2752471331
359bb9450c49401da7b002980d4f97df,57,215,0,0,0,,0,0,0,,0,0,0,,987,0,0,0,
ef13ede8525d49339887c3bf54b08acc,56,1203,38,24,65,https://www.youtube.com/watch?v=hPQX2f9HWac,38,24,65,https://www.youtube.com/watch?v=hPQX2f9HWac,0,0,0,,46,10,7,10,https://www.twitch.tv/videos/2746228863
e4488c7dece84f7580bc0ab130222e08,56,7219,0,0,0,,0,0,0,,0,0,0,,912,151,97,364,https://www.twitch.tv/videos/2743006233
5d27ac4b9342450990a299e95818bbb0,55,2078,0,0,0,,0,0,0,,0,0,0,,0,0,0,0,
6bb236447ed9412a98c9b2d7c9069e10,54,13132,0,0,0,,0,0,0,,0,0,0,,1975,268,197,423,https://www.twitch.tv/videos/2752503113
130a4d6105464e518a8a3eed336b4101,54,674,0,0,0,,0,0,0,,0,0,0,,1001,0,0,0,
e3b9c06f64d84a0dabb3e97c0caacaca,53,14916,32,9,943,https://www.youtube.com/watch?v=B0flPuy7lR0,0,0,0,,32,9,943,https://www.youtube.com/watch?v=B0flPuy7lR0,0,0,0,0,
8723ccecdfd84d92b1de24f9d6a86bcc,53,2820,0,0,0,,0,0,0,,0,0,0,,3403,496,389,1251,https://www.twitch.tv/videos/2745368338
f8e4654549304ea9933e02c2dcf48aae,53,0,0,0,0,,0,0,0,,0,0,0,,575,0,0,0,
b3e0bc9dd06f4774b492e6d50dd92be2,52,83,0,0,0,,0,0,0,,0,0,0,,252,31,26,31,https://www.twitch.tv/videos/2750206535
c06b6f1eb79d41ecb17aaaf80e035daa,52,0,0,0,0,,0,0,0,,0,0,0,,2054,571,376,1300,https://www.twitch.tv/videos/2743738305
2a25c205cc374cbeb8c8ccfe988ec9cc,51,792,0,0,0,,0,0,0,,0,0,0,,1466,169,113,180,https://www.twitch.tv/videos/2751772801
591a7323f0134cf2929e75d959f21f68,51,101,4,1,4,https://www.youtube.com/watch?v=E9XmUEJlaxM,4,1,4,https://www.youtube.com/watch?v=E9XmUEJlaxM,0,0,0,,1248,2,1,2,https://www.twitch.tv/videos/2753307241
74acc3b3c4db41d2a13cce887ad2a856,50,3225,0,0,0,,0,0,0,,0,0,0,,1482,0,0,0,
80692e12416048be8396526bdb9c3040,49,1710,0,0,0,,0,0,0,,0,0,0,,526,0,0,0,
f5f22d1a091143798bfc7fac1211183c,49,659,284,97,504,https://www.youtube.com/watch?v=YqQnRvY9lBA,0,0,0,,284,97,504,https://www.youtube.com/watch?v=YqQnRvY9lBA,124,63,40,96,https://www.twitch.tv/videos/2745428210
f86ec6a459f64e7d8431c69b1d7ec28b,48,603,40,25,132,https://www.youtube.com/watch?v=XnW5Fdw4Rlo,40,25,132,https://www.youtube.com/watch?v=XnW5Fdw4Rlo,0,0,0,,33,26,22,30,https://www.twitch.tv/videos/2748019720
255a5e79f9d14e6492d741b95f78cb7c,48,1053,23,17,24,https://www.youtube.com/watch?v=8xH4OhE0wy4,23,17,24,https://www.youtube.com/watch?v=8xH4OhE0wy4,0,0,0,,2263,76,66,99,https://www.twitch.tv/videos/2749072266
0ddb6eca94604d4da0665e90fbbe366f,48,1187,0,0,0,,0,0,0,,0,0,0,,153,26,14,53,https://www.twitch.tv/videos/2747847986
d9f302ca07b54664a88124d64442abac,47,7969,8,5,8,https://www.youtube.com/watch?v=Q-qLOFn8X6Y,0,0,0,,8,5,8,https://www.youtube.com/watch?v=Q-qLOFn8X6Y,131,14,9,17,https://www.twitch.tv/videos/2751899981
3691abedd6a7487d9995943b3df5c843,47,0,0,0,0,,0,0,0,,0,0,0,,251,0,0,0,
df02d1a89bc74c928c825773996bbb7b,46,2020,0,0,0,,0,0,0,,0,0,0,,1427,177,121,381,https://www.twitch.tv/videos/2746118640
889b2fb6c9ea47a99834061b47251a4b,46,1806,2,1,218,https://www.youtube.com/watch?v=DwoiUuixWzA,0,0,0,,2,1,218,https://www.youtube.com/watch?v=DwoiUuixWzA,369,105,66,115,https://www.twitch.tv/videos/2743710161
359d60ab5abb445a8477a50781acc050,46,2283,1933,1006,1933,https://www.youtube.com/watch?v=vOteZsskVI4,0,0,0,,1933,1006,1933,https://www.youtube.com/watch?v=vOteZsskVI4,0,0,0,0,
cb470bbb5a8f468a8a15b08757309d74,46,2284,0,0,0,,0,0,0,,0,0,0,,469,140,117,183,https://www.twitch.tv/videos/2750174734
676db89cb8a9483486442231b615b46f,45,8208,0,0,0,,0,0,0,,0,0,0,,126,0,0,0,
68c50e424b2148478c74effaacfdeae3,45,587,0,0,0,,0,0,0,,0,0,0,,209,53,40,131,https://www.twitch.tv/videos/2749340796
3098e045fa844093a3731b19665e9462,45,425,0,0,0,,0,0,0,,0,0,0,,746,0,0,0,
a0e7c7e7702b4e81a5fecc4090814236,44,16636,14,4,79,https://www.youtube.com/watch?v=Ey2FVgdExZo,0,0,0,,14,4,79,https://www.youtube.com/watch?v=Ey2FVgdExZo,139,136,110,222,https://www.twitch.tv/videos/2748691700
40fca873cd074b01baa8f9b006f50d00,44,12497,0,0,0,,0,0,0,,0,0,0,,0,0,0,0,
9e121751e3774a15bdf9ccfab7eb7faf,43,472,0,0,0,,0,0,0,,0,0,0,,1049,135,85,179,https://www.twitch.tv/videos/2748608520
4e5a8a6380764f9b9f28732968e4aac8,43,312,0,0,0,,0,0,0,,0,0,0,,513,92,79,150,https://www.twitch.tv/videos/2751636928
07b6c0dad3114eca9e903fd5725cc4e8,43,269,0,0,0,,0,0,0,,0,0,0,,169,29,17,34,https://www.twitch.tv/videos/2746195542
c8be9c7ed05442dcb2b278dc5a6bc1de,40,10813,0,0,0,,0,0,0,,0,0,0,,185,69,50,100,https://www.twitch.tv/videos/2747063036
2e2a6c392c024bb2a68b681bc210c187,39,5577,3,1,374,https://www.youtube.com/watch?v=GutTzlaqVk0,0,0,0,,3,1,374,https://www.youtube.com/watch?v=GutTzlaqVk0,282,69,62,69,https://www.twitch.tv/videos/2751036002
e04b970f339243258cb0dc0c5735274a,38,1043,0,0,0,,0,0,0,,0,0,0,,0,0,0,0,
54f2f567fdac423c80dad4b29a4372db,38,5634,0,0,0,,0,0,0,,0,0,0,,91,49,42,76,https://www.twitch.tv/videos/2742142486
b9d51a073b4542ac800bd7c9e38d0902,37,1242,0,0,0,,0,0,0,,0,0,0,,229,0,0,0,
73273454c7b4453a834a74701826e0b8,37,576,0,0,0,,0,0,0,,0,0,0,,851,0,0,0,
9ff652451cbd4ad098bf20dd9748ce12,37,4,0,0,0,,0,0,0,,0,0,0,,2158,24,16,45,https://www.twitch.tv/videos/2751174216
6bcb75418dd24274b2fe4b8e60a94999,37,3856,0,0,0,,0,0,0,,0,0,0,,385,0,0,0,
7360e8cae69b4d4fbe91510c776b1c5e,37,3134,0,0,4,https://www.youtube.com/watch?v=7crdEVHVDeY,0,0,0,,0,0,4,https://www.youtube.com/watch?v=7crdEVHVDeY,224,44,35,85,https://www.twitch.tv/videos/2752664177
0eba942738504c8182c861668195c39e,36,0,0,0,0,,0,0,0,,0,0,0,,476,0,0,0,
c68bc0ba32f14d9b8669b0594435b68b,36,343,2,0,3,https://www.youtube.com/watch?v=fK6XA6hAtW4,0,0,0,,2,0,3,https://www.youtube.com/watch?v=fK6XA6hAtW4,202,31,20,46,https://www.twitch.tv/videos/2742153568
0b53549edaf5490ca350ef17aee7b8b9,36,197,0,0,0,,0,0,0,,0,0,0,,536,31,26,48,https://www.twitch.tv/videos/2746175233
285655d636d54fb6b3d23c92401545cf,36,4864,0,0,0,,0,0,0,,0,0,0,,0,0,0,0,
78b333b99eb242ad96a8ee82275a0e98,33,4530,18,8,1635,https://www.youtube.com/watch?v=9QJMJlnZ6Kk,15,3,32,https://www.youtube.com/watch?v=WLCCudQBdvg,56,38,1635,https://www.youtube.com/watch?v=9QJMJlnZ6Kk,0,0,0,0,
6d6b6d6e7b4b464bb093c9d34cee9754,33,589,0,0,0,,0,0,0,,0,0,0,,341,0,0,0,
0cb217f7775543eb9c5aac3b9df75a86,32,18233,0,0,0,,0,0,0,,0,0,0,,735,77,50,114,https://www.twitch.tv/videos/2746944315
b8495fc4bb174140acf0ebd7d64fe044,30,2751,0,0,0,,0,0,0,,0,0,0,,2877,284,263,284,https://www.twitch.tv/videos/2751758773
e3ee9544e190459d9bc2bdf3c1ccde7b,29,3866,1,0,15,https://www.youtube.com/watch?v=2kMjvrACm7M,0,0,0,,1,0,15,https://www.youtube.com/watch?v=2kMjvrACm7M,773,117,102,143,https://www.twitch.tv/videos/2749400671
6c52137d373a45d58eafc0d52253dcf8,28,0,0,0,0,,0,0,0,,0,0,0,,1107,524,370,865,https://www.twitch.tv/videos/2742851652
1ee3effc49074de1ba98b10a13df2d10,27,679,0,0,0,,0,0,0,,0,0,0,,265,0,0,0,
9f976a39c1fa4e6dae3ed11b771ef918,27,595,9,4,46,https://www.youtube.com/watch?v=92LzO7iyLrM,9,5,46,https://www.youtube.com/watch?v=92LzO7iyLrM,3,1,10,https://www.youtube.com/watch?v=ANxWeFgoIPs,51,29,23,67,https://www.twitch.tv/videos/2742105357
0b165d46f9164557b16678383820ee04,27,0,0,0,0,,0,0,0,,0,0,0,,705,0,0,0,
50c9dbd2624f41408f2b6a9ccf61e447,26,498,0,0,0,,0,0,0,,0,0,0,,289,0,0,0,
d4cd6eee95774ca389aebf3e783a8cd8,25,258,0,0,0,,0,0,0,,0,0,0,,480,63,46,94,https://www.twitch.tv/videos/2751763896
59216a033f2b47128d190a5ed1add217,25,11,0,0,0,,0,0,0,,0,0,0,,257,6,5,7,https://www.twitch.tv/videos/2752008004
5a59b23a201f4b2d8729b0f4b33c9e6b,22,1907,0,0,0,,0,0,0,,0,0,0,,125,18,15,18,https://www.twitch.tv/videos/2749388345
bf2a683536dd447c83b75340e3db3b0a,22,1864,0,0,0,,0,0,0,,0,0,0,,149,55,35,55,https://www.twitch.tv/videos/2745055173
d95abd62958c4081a999660b995d72ce,21,0,0,0,0,,0,0,0,,0,0,0,,0,0,0,0,
173423093026403dbd1443e56c47b3db,21,805,0,0,29,https://www.youtube.com/watch?v=5mvGLT1xTB0,0,0,0,,0,0,29,https://www.youtube.com/watch?v=5mvGLT1xTB0,368,31,25,56,https://www.twitch.tv/videos/2744379573
5454ccf6c8ee496296e7084081863575,20,339,9,3,19,https://www.youtube.com/watch?v=QzXACClWR0Y,13,4,19,https://www.youtube.com/watch?v=QzXACClWR0Y,9,3,16,https://www.youtube.com/watch?v=LYSNdz6guiw,4,15,11,15,https://www.twitch.tv/videos/2748497601
a6815e229f914db2a936ad70c285cea2,17,1279,0,0,0,,0,0,0,,0,0,0,,457,0,0,0,
0886366d9cb8424e90fd8b3e12dcc0af,16,1342,0,0,0,,0,0,0,,0,0,0,,1451,457,307,920,https://www.twitch.tv/videos/2748333024
1e90b55b0e0b483d971e0c1fe02c750c,14,115,0,0,0,,0,0,0,,0,0,0,,0,0,0,0,
83cdbb34376a45a086a9dac3bc5ccb9a,13,0,0,0,0,,0,0,0,,0,0,0,,16,0,0,0,
43436bf839424d238cc24ec8d90eb83c,13,1340,6,1,6,https://www.youtube.com/watch?v=gKlmc2T8yLk,0,0,0,,6,1,6,https://www.youtube.com/watch?v=gKlmc2T8yLk,13,0,0,0,
156fb169c746493bb50c813f20c4d1a8,13,116,0,0,0,,0,0,0,,0,0,0,,44,33,27,33,https://www.twitch.tv/videos/2749186520
65a64befb1d84a1a85fe6ffe0abb09b4,13,0,0,0,0,,0,0,0,,0,0,0,,8,0,0,0,
fd183b51115b4fefaf8ff3388d40acb3,12,28,0,0,0,,0,0,0,,0,0,0,,470,0,0,0,
ead3db33c54e411baa75a4bad3b48aee,12,79,0,0,0,,0,0,0,,0,0,0,,1617,48,43,65,https://www.twitch.tv/videos/2748647545
fae9210539d44a39a2a275b8d53cae37,12,3177,15,10,1485,https://www.youtube.com/watch?v=zXxY--_EcYE,29,13,56,https://www.youtube.com/watch?v=VoRdH5tAHfk,12,7,1485,https://www.youtube.com/watch?v=zXxY--_EcYE,7,47,38,63,https://www.twitch.tv/videos/2749391775
0a07165e6a2f45ab9b6c96debba1f079,10,0,0,0,0,,0,0,0,,0,0,0,,147,102,94,235,https://www.twitch.tv/videos/2751741771
e3b45528947e48a4b68964369bb69e00,9,1576,12,9,23,https://www.youtube.com/watch?v=oTfp_u32mZ8,23,18,23,https://www.youtube.com/watch?v=oTfp_u32mZ8,2,1,2,https://www.youtube.com/watch?v=dotHFpTM-lc,249,40,27,94,https://www.twitch.tv/videos/2744334478
e2c0d3ba19244f75888e5dbe1881d22f,5,7,0,0,0,,0,0,0,,0,0,0,,1268,176,144,209,https://www.twitch.tv/videos/2747882933
19fdf3885dcf4d45bdf768a6f3fd99b4,4,85,0,0,0,,0,0,0,,0,0,0,,586,0,0,0,
880137f60dc842b98862f5b86ba8d94d,0,0,0,0,0,,0,0,0,,0,0,0,,710,59,52,59,https://www.twitch.tv/videos/2750870482
d804bcd787db4333bca9dccd268ed32a,0,0,0,0,0,,0,0,0,,0,0,0,,3609,836,337,1810,https://www.twitch.tv/videos/2732811979
3cfc2b54a543469b92a95ff1e3f1da54,0,0,0,0,0,,0,0,0,,0,0,0,,1628,0,0,0,
3de6bc82438b451abf5ebe76a366be24,0,0,0,0,0,,0,0,0,,0,0,0,,3699,0,0,0,
eeefa43ecaf74f7b822dde3f0e7683d4,0,0,0,0,0,,0,0,0,,0,0,0,,2114,134,83,2907,https://www.twitch.tv/videos/2733043486
2996488b9f454fb3a42c17ab292ac63c,0,0,0,0,0,,0,0,0,,0,0,0,,498,140,107,201,https://www.twitch.tv/videos/2745623260
0495c29470d143fa99819123878186b7,0,0,0,0,0,,0,0,0,,0,0,0,,5510,0,0,0,
4dd7cfc58ae54c1fa6211ba9b1c607ec,0,0,0,0,0,,0,0,0,,0,0,0,,1730,694,486,822,https://www.twitch.tv/videos/2743563774
9ca05592c52f42649191751f18cb70e6,0,0,0,0,0,,0,0,0,,0,0,0,,2647,121,77,131,https://www.twitch.tv/videos/2744594493
dbabd28a98cf447189088251a5b973d4,0,0,0,0,0,,0,0,0,,0,0,0,,254,0,0,0,
cfc7bcf869514c70a5091672d3acb031,0,0,0,0,0,,0,0,0,,0,0,0,,399,71,68,71,https://www.twitch.tv/videos/2752524975
305290c734e94a74881ae46c49ea18c4,0,0,0,0,0,,0,0,0,,0,0,0,,7036,2167,1221,3450,https://www.twitch.tv/videos/2734818966
1a95bb88e451498ca3491b69af964588,0,0,0,0,0,,0,0,0,,0,0,0,,36871,4258,1292,11224,https://www.twitch.tv/videos/2750875975
6a963053004f4deaa0dbdf875db41879,0,0,0,0,0,,0,0,0,,0,0,0,,675,36,31,97,https://www.twitch.tv/videos/2745851287
f84598913e654789a80556fd38388dfb,0,0,0,0,0,,0,0,0,,0,0,0,,1519,110,106,110,https://www.twitch.tv/videos/2752649963
8cbfffe3cac54065be4149b03b680d87,0,0,0,0,0,,0,0,0,,0,0,0,,579,0,0,0,
b6519fbc0d6941d4b43ce1742a14b0b2,0,0,0,0,0,,0,0,0,,0,0,0,,719,0,0,0,
057faa70622247bd933959412bbeb667,0,0,0,0,0,,0,0,0,,0,0,0,,1082,0,0,0,
fdb4872691864af8825511a6d0c72895,0,0,0,0,0,,0,0,0,,0,0,0,,410,133,88,401,https://www.twitch.tv/videos/2751914192
be1a18aa8599409ba250e5345e62fed6,0,0,0,0,0,,0,0,0,,0,0,0,,2126,210,34,312,https://www.twitch.tv/videos/2737957333
bf277797951346fe991c27c79a6c5081,0,0,0,0,0,,0,0,0,,0,0,0,,9497,668,284,1115,https://www.twitch.tv/videos/2736240350
cad8c81461ac41c887bdf3617ccdaee6,0,0,0,0,0,,0,0,0,,0,0,0,,1126,0,0,0,
7dd086a606284ba6b7b584f8b00dc190,0,0,0,0,0,,0,0,0,,0,0,0,,400,34,25,47,https://www.twitch.tv/videos/2751035267
ba562aad440d483e988d3ce7e7217c94,0,0,0,0,0,,0,0,0,,0,0,0,,36639,9062,3990,17968,https://www.twitch.tv/videos/2752567774
6c7336d4605540c6871de5f96874129c,0,0,0,0,0,,0,0,0,,0,0,0,,24173,3376,1961,52856,https://www.twitch.tv/videos/2750812191
4f1ccc5966a847308552b2c7b05e18dc,0,0,0,0,0,,0,0,0,,0,0,0,,28,0,0,0,
f5034a946bf249c780a864c19efda669,0,0,0,0,0,,0,0,0,,0,0,0,,415,23,16,31,https://www.twitch.tv/videos/2748596425
1addf96267ac494bb73c9e6f6e1793b8,0,0,0,0,0,,0,0,0,,0,0,0,,2689,0,0,0,
31f4c00be9eb41a1a6be0356614048fd,0,0,0,0,0,,0,0,0,,0,0,0,,3623,100,47,999,https://www.twitch.tv/videos/2730461496
256252fdd3d1437995088c56e674fcf0,0,0,0,0,0,,0,0,0,,0,0,0,,1078,45,39,45,https://www.twitch.tv/videos/2750232107
e94cfb3c71d94965bfc98f135bfd2f14,0,0,0,0,0,,0,0,0,,0,0,0,,754,373,126,1204,https://www.twitch.tv/videos/2746121912
ed051ffc6cd643c287a678fea774e644,0,0,0,0,0,,0,0,0,,0,0,0,,2723,0,0,0,
4c42b9f574e7438d8aea8b099e451505,0,0,0,0,0,,0,0,0,,0,0,0,,1151,96,88,143,https://www.twitch.tv/videos/2746311473
b053612876e04de488a32893a19f4b08,0,0,0,0,0,,0,0,0,,0,0,0,,341,65,45,203,https://www.twitch.tv/videos/2746906342
16896dffcb474d7aa21540c944a2f7de,0,0,0,0,0,,0,0,0,,0,0,0,,3291,1954,1106,81742,https://www.twitch.tv/videos/2742131606
fa59e2edc64c432ebaeeb66b2a53ab2d,0,0,0,0,0,,0,0,0,,0,0,0,,4614,1434,862,4398,https://www.twitch.tv/videos/2748464574
fe62d50e41af4aa29c3e2b0cfc62fb3d,0,0,0,0,0,,0,0,0,,0,0,0,,983,400,363,499,https://www.twitch.tv/videos/2750942883
60cc7f18c0fe438280af5a81b31eb923,0,0,0,0,0,,0,0,0,,0,0,0,,3758,381,226,1086,https://www.twitch.tv/videos/2751732053
88526add0348499c95bd5838a5f35989,0,0,0,0,0,,0,0,0,,0,0,0,,1777,216,179,313,https://www.twitch.tv/videos/2747106839
921d25072caf403ea797c3d5f61f84cf,0,0,0,0,0,,0,0,0,,0,0,0,,1819,0,0,0,
6908430ccb204a1b9d95ee7a1711cae3,0,0,0,0,0,,0,0,0,,0,0,0,,2581,0,0,0,
4e5f0c7c5f1f49c2b1d249b10225cabb,0,0,0,0,0,,0,0,0,,0,0,0,,43125,3215,1865,5432,https://www.twitch.tv/videos/2746992015
59152798bfa74acb8bad10346fd10d69,0,0,0,0,0,,0,0,0,,0,0,0,,1038,486,320,864,https://www.twitch.tv/videos/2751684382
480aca28939a4eb5bf558a710e21709c,0,0,0,0,0,,0,0,0,,0,0,0,,2909,132,94,409,https://www.twitch.tv/videos/2751618511
a0ba9fee8a7747cab74e98ed61fb4a68,0,0,0,0,0,,0,0,0,,0,0,0,,1197,113,84,213,https://www.twitch.tv/videos/2750044315
e353f482c5be4887838ea9fdf802ad91,0,0,0,0,0,,0,0,0,,0,0,0,,3565,598,415,947,https://www.twitch.tv/videos/2743926214
b1f8da62ceca4089a4e7115624be25bc,0,0,0,0,0,,0,0,0,,0,0,0,,1813,1860,1340,5806,https://www.twitch.tv/videos/2744225721
f0bc26cfe4a8451d863a8d8cbd6313ed,0,0,0,0,0,,0,0,0,,0,0,0,,6,0,0,0,
107fac8e77f74af8ba95491ae9492642,0,0,0,0,0,,0,0,0,,0,0,0,,478,0,0,0,
06337167c1a14d82b6a7f7cc71eac813,0,0,0,0,0,,0,0,0,,0,0,0,,847,0,0,0,
ec045a49833c4c2fa7b7012ca7544e18,0,0,0,0,0,,0,0,0,,0,0,0,,1683,0,0,0,
0572bddb85b24166820f34f39164f99c,0,0,0,0,0,,0,0,0,,0,0,0,,790,246,230,246,https://www.twitch.tv/videos/2751896547
a5773880b0f040a9abbecacf3eb0eb29,0,0,0,0,0,,0,0,0,,0,0,0,,2439,0,0,0,
a5b71bba2a2347a080ae3443d5ef47d5,0,0,0,0,0,,0,0,0,,0,0,0,,853,0,0,0,
afa3e309e41044c5bffe17466607d481,0,0,0,0,0,,0,0,0,,0,0,0,,32322,18622,7496,30066,https://www.twitch.tv/videos/2740551799
2af6cb0e15ce4839ba711b47608d4f4d,0,0,0,0,0,,0,0,0,,0,0,0,,4016,445,345,524,https://www.twitch.tv/videos/2750260998
e34f7c6a99ea4780b2351de111e222e6,0,0,0,0,0,,0,0,0,,0,0,0,,277,171,150,211,https://www.twitch.tv/videos/2751103432
389c752acb964aeda95f36098fd37ef0,0,0,0,0,0,,0,0,0,,0,0,0,,1590,89,65,89,https://www.twitch.tv/videos/2747011576
8c2f8700978045ec86bf1ade1b3e650b,0,0,0,0,0,,0,0,0,,0,0,0,,770,47,33,152,https://www.twitch.tv/videos/2749698726
828ab4c66f5f43f298d237374a266b7e,0,0,0,0,0,,0,0,0,,0,0,0,,2950,348,217,717,https://www.twitch.tv/videos/2738771401
3840a44ffffd48098bdfc16c4ee537bb,0,0,0,0,0,,0,0,0,,0,0,0,,2905,0,0,0,
6ec708afd89043b682eb82dacc36c3c9,0,0,0,0,0,,0,0,0,,0,0,0,,1071,0,0,0,
fc7fa0c5a7604cc8a420ee89472fcac3,0,0,0,0,0,,0,0,0,,0,0,0,,1117,45,36,60,https://www.twitch.tv/videos/2748653039
288d3972d3164ee595228b8a5959ac00,0,0,0,0,0,,0,0,0,,0,0,0,,3012,452,239,452,https://www.twitch.tv/videos/2742028328
daa0d327175a43dc9bb627bc6db7de56,0,0,0,0,0,,0,0,0,,0,0,0,,1337,85,76,425,https://www.twitch.tv/videos/2747851821
4fadb90960a844daab26191bb158d3a3,0,0,0,0,0,,0,0,0,,0,0,0,,3291,0,0,0,
f8ade397837d42f7a9167e0d4f20fc56,0,0,0,0,0,,0,0,0,,0,0,0,,2698,0,0,0,
091175f48e6c4ead84a2811cb3f22560,0,0,0,0,0,,0,0,0,,0,0,0,,108,0,0,0,
22eea06367f4430d816e38dfb68a26cf,0,0,0,0,0,,0,0,0,,0,0,0,,995,0,0,0,
c29bc8bf78dd417980491f19333c8fa2,0,0,0,0,0,,0,0,0,,0,0,0,,12958,1009,166,1009,https://www.twitch.tv/videos/2732879055
644e669aa31443fe9a61a14e75ebd21e,0,0,0,0,0,,0,0,0,,0,0,0,,7477,519,374,1124,https://www.twitch.tv/videos/2737703851
8024d67e25454783a698e5ecf2c4dc67,0,0,0,0,0,,0,0,0,,0,0,0,,571,117,96,161,https://www.twitch.tv/videos/2749558731
e698befe9649448885d93094cd4dc6a9,0,0,0,0,0,,0,0,0,,0,0,0,,3877,470,375,696,https://www.twitch.tv/videos/2742918849
36beb36f581f44d393dcf0af2b194789,0,0,0,0,0,,0,0,0,,0,0,0,,6371,434,249,1506,https://www.twitch.tv/videos/2750757135
02fa128da7cc4f3aab0f1c5ee356f342,0,0,0,0,0,,0,0,0,,0,0,0,,504,210,175,333,https://www.twitch.tv/videos/2748542481
6a6547a3f19d4870a6f11b88c60a5296,0,0,0,0,0,,0,0,0,,0,0,0,,3585,220,106,278,https://www.twitch.tv/videos/2742064127
555fe6a78fdb4d8b9fa8a286377972e8,0,0,0,0,0,,0,0,0,,0,0,0,,1124,633,528,673,https://www.twitch.tv/videos/2751719302
5b62816b7dee4c13856f3c21629be3c4,0,0,0,0,0,,0,0,0,,0,0,0,,24539,2757,1045,4469,https://www.twitch.tv/videos/2736179884
9c85aee2166449c395c18b0bc06f89e2,0,0,0,0,0,,0,0,0,,0,0,0,,349,0,0,0,
cda9668f324445a7bd507094ad6946b8,0,0,0,0,0,,0,0,0,,0,0,0,,418,27,20,27,https://www.twitch.tv/videos/2747825327
e4421bd8d15848c09fa4ad4df162c858,0,0,0,0,0,,0,0,0,,0,0,0,,361,0,0,0,
31a4ca5b5d554c13902eff32302e5eb9,0,0,0,0,0,,0,0,0,,0,0,0,,1947,288,183,578,https://www.twitch.tv/videos/2745099334
d3f5c739727041bbb2151e96d9368bae,0,0,0,0,0,,0,0,0,,0,0,0,,406,210,152,425,https://www.twitch.tv/videos/2748314583
ed1b68a3184d466bb17b3c3363fad948,0,0,0,0,0,,0,0,0,,0,0,0,,811,19,13,23,https://www.twitch.tv/videos/2745244328
7cd55e03d87c4c77843a437ec0703670,0,0,0,0,0,,0,0,0,,0,0,0,,3031,0,0,0,
59904dcbea754d238b0710e75262d119,0,0,0,0,0,,0,0,0,,0,0,0,,624,25,18,25,https://www.twitch.tv/videos/2746915800
c8c9028316b44ae9a1ac302337862085,0,0,0,0,0,,0,0,0,,0,0,0,,435,64,53,66,https://www.twitch.tv/videos/2750968954
9e64bba43928414884503de36f805c48,0,0,0,0,0,,0,0,0,,0,0,0,,34222,5622,4233,11743,https://www.twitch.tv/videos/2737063230
4cb08241fbce4905a83ed02de6a1af9c,0,0,0,0,0,,0,0,0,,0,0,0,,7433,1878,989,2411,https://www.twitch.tv/videos/2751296707
c099b7e8d46c418d8e17097d496f3b83,0,0,0,0,0,,0,0,0,,0,0,0,,3455,733,335,1483,https://www.twitch.tv/videos/2749285440
e32a4d49fba7459fbdf9e242288fa18c,0,0,0,0,0,,0,0,0,,0,0,0,,4965,443,121,755,https://www.twitch.tv/videos/2732826390
d30a2d88bd2146a8870209e98004e0f0,0,0,0,0,0,,0,0,0,,0,0,0,,1971,718,325,1092,https://www.twitch.tv/videos/2733649780
99c240d0c1a047b4a4e017d764a54c62,0,0,0,0,0,,0,0,0,,0,0,0,,439,150,106,216,https://www.twitch.tv/videos/2744348615
55e9448a0a9040f99dc8ea1cf86cbad5,0,0,0,0,0,,0,0,0,,0,0,0,,1368,0,0,0,
326e21d5b6e7446698969bbd8be1b564,0,0,0,0,0,,0,0,0,,0,0,0,,2400,109,97,109,https://www.twitch.tv/videos/2750926649
ad2aef5af5074f14af7f6ddf7899743a,0,0,0,0,0,,0,0,0,,0,0,0,,2036,0,0,0,
e53606f1bf0c4059b1226b6c2e037fd0,0,0,0,0,0,,0,0,0,,0,0,0,,883,75,55,127,https://www.twitch.tv/videos/2745362915
228427b15b964f1396b5a7b5eb224a21,0,0,0,0,0,,0,0,0,,0,0,0,,55,0,0,0,
3a2199639669433faff0591468bcfa10,0,0,0,0,0,,0,0,0,,0,0,0,,1144,0,0,0,
76489786a22c4162970f9c288157db6b,0,0,0,0,0,,0,0,0,,0,0,0,,1846,163,115,382,https://www.twitch.tv/videos/2743735429
2ffed40199d64b8f83668479fb6fd8ed,0,0,0,0,0,,0,0,0,,0,0,0,,245,0,0,0,
4fcbdf1b0a384ee58733b1e852edefa5,0,0,0,0,0,,0,0,0,,0,0,0,,988,0,0,0,
32aabdc7b41144a8b1bd28954cd3278c,0,0,0,0,0,,0,0,0,,0,0,0,,1546,62,35,66,https://www.twitch.tv/videos/2744670977
e18c43e19e9b4fc8af0cdc24c33ae476,0,0,0,0,0,,0,0,0,,0,0,0,,2504,0,0,0,
242326a56b0d4ca7a37c08a8fc2be138,0,0,0,0,0,,0,0,0,,0,0,0,,782,149,124,303,https://www.twitch.tv/videos/2751762430
d91ffcc2823f4121a2caa347a8c2a507,0,0,0,0,0,,0,0,0,,0,0,0,,874,31,25,31,https://www.twitch.tv/videos/2748742696
c2777df3c8d341f4a1f0bb9cda8d9365,0,0,0,0,0,,0,0,0,,0,0,0,,1684,0,0,0,
a17fcdf32a124beba3fba16299aed2b3,0,0,0,0,0,,0,0,0,,0,0,0,,8560,809,465,6064,https://www.twitch.tv/videos/2729585211
a3a1caa89669445db63f22b9a3af88b0,0,0,0,0,0,,0,0,0,,0,0,0,,1206,0,0,0,
66c8fc624de94d8e8af4325e41ce7c34,0,0,0,0,0,,0,0,0,,0,0,0,,1362,360,154,1064,https://www.twitch.tv/videos/2739633987
