V5##VTuber ID,YouTube Subscriber Count,YouTube View Count,YouTube Recent Total Median View Count,YouTube Recent Total Popularity,YouTube Recent Total Highest View Count,YouTube Recent Total Highest Viewed URL,YouTube Recent Livestream Median View Count,YouTube Recent Livestream Popularity,YouTube Recent Livestream Highest View Count,YouTube Recent Livestream Highest Viewed URL,YouTube Recent Video Median View Count,YouTube Recent Video Popularity,YouTube Recent Video Highest View Count,YouTube Recent Video Highest Viewed URL,Twitch Follower Count,Twitch Recent Median View Count,Twitch Recent Popularity,Twitch Recent Highest View Count,Twitch Recent Highest Viewed URL
1c5619a4ece046dd8ba68ed343489ca3,545000,134322221,61928,23664,263064,https://www.youtube.com/watch?v=ttB6AD5FKHU,3883,1542,3883,https://www.youtube.com/watch?v=Kt9SUxRjhOA,74890,26593,263064,https://www.youtube.com/watch?v=ttB6AD5FKHU,32820,0,0,0,
f6a4e7aa8d0c4e5cb39d199845ec4d02,447000,64744620,10867,5336,59731,https://www.youtube.com/watch?v=XNBbtNp5Vo8,3672,2929,3672,https://www.youtube.com/watch?v=ytuPjMF4cEU,11549,6887,59731,https://www.youtube.com/watch?v=XNBbtNp5Vo8,121992,16485,8228,78260,https://www.twitch.tv/videos/2745222674
5535c9524eb046c38e172ebfa06b302f,399000,130777368,11657,4317,97335,https://www.youtube.com/watch?v=FMObqdfAJeg,8934,4097,94504,https://www.youtube.com/watch?v=uQmRg2-Sh-k,12992,4332,97335,https://www.youtube.com/watch?v=FMObqdfAJeg,74295,1911,595,4072,https://www.twitch.tv/videos/2740511756
664e1b310cf343b78623f99b31e40fae,395000,56897968,0,0,0,,0,0,0,,0,0,0,,17067,0,0,0,
d837e8fda137492c9d77882b98ff863a,336000,158069224,94258,27007,1282606,https://www.youtube.com/watch?v=m14-DLOkqgw,20426,9249,466356,https://www.youtube.com/watch?v=MCLMJJ_puTY,284191,76689,1282606,https://www.youtube.com/watch?v=m14-DLOkqgw,53441,11984,9847,34096,https://www.twitch.tv/videos/2748524812
182da09d8d454f37a52ec546cbb35e39,315000,69097365,27309,14204,498725,https://www.youtube.com/watch?v=fIlTRqG-3OQ,9474,3931,30277,https://www.youtube.com/watch?v=7Hk4ph8GqEU,52773,25908,498725,https://www.youtube.com/watch?v=fIlTRqG-3OQ,4992,0,0,0,
897400f2658a483286ca6acc927006ca,237000,38780876,14417,7034,741907,https://www.youtube.com/watch?v=2MFxqHgLKZE,1224,240,2315,https://www.youtube.com/watch?v=bqLhRnvK6vA,21461,11115,741907,https://www.youtube.com/watch?v=2MFxqHgLKZE,10565,537,353,537,https://www.twitch.tv/videos/2750261300
abd64c9a64e04fb1b23faa2480c1c106,227000,78102807,4658,1794,28656,https://www.youtube.com/watch?v=k0hBZLoAPck,2601,1559,3596,https://www.youtube.com/watch?v=CWpinfjWWw4,4891,1794,28656,https://www.youtube.com/watch?v=k0hBZLoAPck,2321,0,0,0,
4b6b055ada4d4f0ab63b7ad02a3fa3ef,225000,18850440,1260,252,1942,https://www.youtube.com/watch?v=K0dwXwCUXcY,1260,252,1942,https://www.youtube.com/watch?v=K0dwXwCUXcY,0,0,0,,56049,1411,697,2509,https://www.twitch.tv/videos/2747798931
a9f6574e98f34b20a05269134930fb50,221000,9882749,4304,1785,6048,https://www.youtube.com/watch?v=zWvzj1bSA8g,4304,1785,6048,https://www.youtube.com/watch?v=zWvzj1bSA8g,0,0,0,,0,0,0,0,
7c06b9e316ce4ac18ce836cd72442bbe,219000,64540897,6097,2591,19844,https://www.youtube.com/watch?v=KlU_zrdY6uw,5684,2441,10630,https://www.youtube.com/watch?v=IOxT48R2-00,8926,4089,19844,https://www.youtube.com/watch?v=KlU_zrdY6uw,57116,4044,2262,10624,https://www.twitch.tv/videos/2752648878
c04f006e69e04000a68cd0c41f888eb2,218000,14298779,4531,2826,6739,https://www.youtube.com/watch?v=3rGRMVntczY,4531,2826,6739,https://www.youtube.com/watch?v=3rGRMVntczY,0,0,0,,0,0,0,0,
312fdd3c5e6d4aefa73fd3860ecc5613,192000,35196792,12114,5988,34888,https://www.youtube.com/watch?v=8HZky4WBjuI,15400,8868,22537,https://www.youtube.com/watch?v=AllV9QdrgyM,8885,5497,34888,https://www.youtube.com/watch?v=8HZky4WBjuI,24334,10639,5396,176525,https://www.twitch.tv/videos/2751034012
c65e7caaf81a43249d5132b9fe312b24,181000,15232697,8681,4496,15501,https://www.youtube.com/watch?v=QMeUaEcVDJs,8681,4496,15501,https://www.youtube.com/watch?v=QMeUaEcVDJs,0,0,0,,0,0,0,0,
265a18972d244affae35711cfd1f9931,181000,21070304,4128,1641,23671,https://www.youtube.com/watch?v=mEJhgmNENM4,3712,1510,23671,https://www.youtube.com/watch?v=mEJhgmNENM4,6529,2910,9790,https://www.youtube.com/watch?v=q1zn6LOaqP8,18704,2400,758,6869,https://www.twitch.tv/videos/2741259223
e93bd1102e214cbaa71cc5b2e4a53595,180000,36222689,15781,5209,39284,https://www.youtube.com/watch?v=duvz_7c6hNw,13867,5209,21067,https://www.youtube.com/watch?v=zlRzb3iDgn4,28901,13116,39284,https://www.youtube.com/watch?v=duvz_7c6hNw,88779,33553,15509,70853,https://www.twitch.tv/videos/2736278991
3f4650e05ceb41008bd16869780b7af1,154000,72760130,44589,9358,164743,https://www.youtube.com/watch?v=M6qn_OZa-4U,9293,2846,13754,https://www.youtube.com/watch?v=BroGEqgKpT8,71014,22508,164743,https://www.youtube.com/watch?v=M6qn_OZa-4U,0,0,0,0,
f110fd69b66941bab04de9ada563c6ac,153000,18318595,2865,1082,6967,https://www.youtube.com/watch?v=F2HetsEEYCo,3374,1078,6967,https://www.youtube.com/watch?v=F2HetsEEYCo,2443,1856,2443,https://www.youtube.com/watch?v=H_EZmBbgENY,14417,4032,1622,21247,https://www.twitch.tv/videos/2743581136
bafb134fd2f849898d6242d1f5f683cc,146000,25424057,5202,2483,389221,https://www.youtube.com/watch?v=GYY6aDgyuWE,3327,1545,20212,https://www.youtube.com/watch?v=bq8-M96hxMs,24126,17610,389221,https://www.youtube.com/watch?v=GYY6aDgyuWE,44860,0,0,0,
2741a90689f342548daad7f760b0a8f7,140000,1524740,0,0,0,,0,0,0,,0,0,0,,6939,0,0,0,
6dc75ab227e34c928598bde8f2d324bf,140000,40289572,10156,5992,147980,https://www.youtube.com/watch?v=OOpqNudaWi8,7568,3964,11984,https://www.youtube.com/watch?v=U4pCYnUUueQ,79604,25775,147980,https://www.youtube.com/watch?v=OOpqNudaWi8,0,0,0,0,
21428cae24af4607bffe25cb2746daa6,139000,0,0,0,0,,0,0,0,,0,0,0,,0,0,0,0,
c82ab1b4f8f64d1f84cae4ce09aa0dea,138000,24401430,0,0,0,,0,0,0,,0,0,0,,46195,0,0,0,
0641a9c8b9a94994aaa33e0c86fef75b,137000,32268254,10267,2477,141890,https://www.youtube.com/watch?v=Mbs-DgOdP-w,4015,1172,15104,https://www.youtube.com/watch?v=bW-DRIa35Bs,17361,8145,141890,https://www.youtube.com/watch?v=Mbs-DgOdP-w,8101,0,0,0,
fa5a7cdc259543259af42bb23f1e4041,135000,35473837,5814,2172,164335,https://www.youtube.com/watch?v=ZBvhu1H8ruQ,2249,1443,11241,https://www.youtube.com/watch?v=t1mAlL23xKc,15087,6474,164335,https://www.youtube.com/watch?v=ZBvhu1H8ruQ,0,0,0,0,
a3ce195c0069494c99849d0b1a10a7fd,132000,16849949,5911,1729,15448,https://www.youtube.com/watch?v=NUNMS7prItk,2471,1246,15448,https://www.youtube.com/watch?v=NUNMS7prItk,11919,7618,13512,https://www.youtube.com/watch?v=wPBUyWCc6EI,27372,3894,3196,4184,https://www.twitch.tv/videos/2758287142
58abad4aa8de49efb785367503dfd92c,131000,17743688,0,0,0,,0,0,0,,0,0,0,,0,0,0,0,
494d2c5daf9f4a8a8e4538687e6be14c,127000,6278315,2968,1602,8945,https://www.youtube.com/watch?v=r9S1KeLPkpc,2558,1352,5576,https://www.youtube.com/watch?v=NeFqrBmqraY,6603,3777,8945,https://www.youtube.com/watch?v=r9S1KeLPkpc,0,0,0,0,
b41844198887422fb52cb928a272cbc8,125000,48654567,0,0,0,,0,0,0,,0,0,0,,0,0,0,0,
f1b5f88144e14bd188e17b2f98303713,123000,5003481,4307,1116,4307,https://www.youtube.com/watch?v=zZX_orzo8Gs,4307,1116,4307,https://www.youtube.com/watch?v=zZX_orzo8Gs,0,0,0,,0,0,0,0,
e78cffa246c24a1c88031151cad8c385,120000,10883265,3748,859,15022,https://www.youtube.com/watch?v=SvYh7OeTaJc,1051,727,1360,https://www.youtube.com/watch?v=YyvJaQpSp8M,8474,4494,15022,https://www.youtube.com/watch?v=SvYh7OeTaJc,4594,2632,2203,5237,https://www.twitch.tv/videos/2747639960
ab4f892ca62e4043b6287bdfe50b145d,117000,20988926,1334,789,2650,https://www.youtube.com/watch?v=-FMDyHibgmE,1087,587,2650,https://www.youtube.com/watch?v=-FMDyHibgmE,2544,810,2544,https://www.youtube.com/watch?v=IUwJHOe_jAA,1488,0,0,0,
a9b855767b2d432c9f263e3427ff33a6,113000,16360356,6561,2449,20795,https://www.youtube.com/watch?v=UKEFCevjqdo,3547,1791,16355,https://www.youtube.com/watch?v=9L0gZSLo9To,10013,5609,20795,https://www.youtube.com/watch?v=UKEFCevjqdo,0,0,0,0,
b4a1791208fd4d85b7b08ee2bad0c236,110000,17896443,19087,7657,70108,https://www.youtube.com/watch?v=xE1g-_Ruhnk,5235,2250,17084,https://www.youtube.com/watch?v=NWB_MF7DR60,29713,11145,70108,https://www.youtube.com/watch?v=xE1g-_Ruhnk,0,0,0,0,
9cec24b011ee45648eb404066c997f49,108000,19461414,6810,3736,39387,https://www.youtube.com/watch?v=I7_XaF8TthI,6207,3033,14625,https://www.youtube.com/watch?v=OZf0ToUHryM,16008,7134,39387,https://www.youtube.com/watch?v=I7_XaF8TthI,39740,12124,6455,23989,https://www.twitch.tv/videos/2756669550
04d2ff1dde6b4bb68503a734274f4b7e,107000,8824434,3048,967,4055,https://www.youtube.com/watch?v=0Y6lAFCqVzk,3687,1329,4055,https://www.youtube.com/watch?v=0Y6lAFCqVzk,2409,784,3931,https://www.youtube.com/watch?v=gpF72GzvF9I,0,0,0,0,
c0c033c9c8014562b58a7124b6b22fb0,106000,1502374,586,271,2261,https://www.youtube.com/watch?v=xc3XfCwxEBw,535,255,951,https://www.youtube.com/watch?v=XOjojiBrq3E,815,389,2261,https://www.youtube.com/watch?v=xc3XfCwxEBw,0,0,0,0,
23ec5ecfb8c14ea893576783f1790643,105000,6119334,961,494,10214,https://www.youtube.com/watch?v=zTLavot6ZGI,895,421,1281,https://www.youtube.com/watch?v=X8lBAt-Grww,9795,4589,10214,https://www.youtube.com/watch?v=zTLavot6ZGI,1673,379,349,677,https://www.twitch.tv/videos/2754283298
b126053a1356460ebf85a874a6a55aca,104000,42834161,2708,1452,13768,https://www.youtube.com/watch?v=OQ8TT_9v1_o,2677,1436,3545,https://www.youtube.com/watch?v=lCG8J_wFa9w,3035,1578,13768,https://www.youtube.com/watch?v=OQ8TT_9v1_o,0,0,0,0,
5f12df329c6144e1a6c596f4fbcb9e81,103000,10795118,4696,2234,102577,https://www.youtube.com/watch?v=yc48visdo1w,2921,1243,7645,https://www.youtube.com/watch?v=y_J5MpthWB4,16505,4158,102577,https://www.youtube.com/watch?v=yc48visdo1w,0,0,0,0,
98e3a5838fec4a6caa936ae35485de23,102000,8357177,3664,1515,6964,https://www.youtube.com/watch?v=j3Z9EpaecwM,2876,1699,6387,https://www.youtube.com/watch?v=H7RP67mUhsc,6405,626,6964,https://www.youtube.com/watch?v=j3Z9EpaecwM,0,0,0,0,
702c74978d8f4adab79f292cbecb49a4,101000,13114709,4942,1715,99306,https://www.youtube.com/watch?v=6VANNFmQmIk,1984,1071,2684,https://www.youtube.com/watch?v=vZoxBdOzHkI,5837,2795,99306,https://www.youtube.com/watch?v=6VANNFmQmIk,13173,0,0,0,
15c9a54b946a40c38c07ea2f9efddfa5,99000,26927535,11962,7542,20844,https://www.youtube.com/watch?v=4eY7Thfo_aI,11962,7542,20844,https://www.youtube.com/watch?v=4eY7Thfo_aI,11646,8338,17910,https://www.youtube.com/watch?v=tl4CSdEUMx8,62049,25451,11834,54915,https://www.twitch.tv/videos/2751842299
8bf35c3b9a9e461d825a9170555b71c2,95900,21844274,15860,6777,67287,https://www.youtube.com/watch?v=xcYXcTokVy8,14118,4641,26448,https://www.youtube.com/watch?v=mraFkZm87C0,61496,41348,67287,https://www.youtube.com/watch?v=xcYXcTokVy8,49601,29399,16267,55414,https://www.twitch.tv/videos/2755830635
5efb403f9a174bfd82d04d528a121042,93200,11595098,60150,16876,295969,https://www.youtube.com/watch?v=4681bKsivMw,15992,6237,34266,https://www.youtube.com/watch?v=EzLcHd3jD9Y,100204,51194,295969,https://www.youtube.com/watch?v=4681bKsivMw,12900,10397,3244,16882,https://www.twitch.tv/videos/2746986133
53707f0116dc4fca8614ac7139e40b83,92300,32901153,1411,1247,5874,https://www.youtube.com/watch?v=0D21HEgiQwk,0,0,0,,1411,1247,5874,https://www.youtube.com/watch?v=0D21HEgiQwk,4793,138,102,188,https://www.twitch.tv/videos/2751007421
ea4c1a67c2e445ad8028768616ceb659,90500,13249917,2529,913,19255,https://www.youtube.com/watch?v=AqOsOGhYhfI,2464,545,6784,https://www.youtube.com/watch?v=rBJK978_KPQ,14005,6219,19255,https://www.youtube.com/watch?v=AqOsOGhYhfI,3854,1476,1303,1764,https://www.twitch.tv/videos/2757346747
a6a4e83ae23140e6bd1f7c817af8f864,85700,5480301,2868,1348,35478,https://www.youtube.com/watch?v=-45uWOJNLbY,2868,409,2868,https://www.youtube.com/watch?v=tK0vPRPkLOE,14355,3902,35478,https://www.youtube.com/watch?v=-45uWOJNLbY,12169,3772,1860,25823,https://www.twitch.tv/videos/2742957355
9d9c6477329245cbb2557895f4f15686,84800,9110280,12137,3257,91082,https://www.youtube.com/watch?v=qFTw-Je5ZgI,0,0,0,,12137,3257,91082,https://www.youtube.com/watch?v=qFTw-Je5ZgI,168271,13660,5810,46617,https://www.twitch.tv/videos/2755813646
4544974bc5624035ae7bb0c9ed33e44e,84400,9324322,2591,1181,49596,https://www.youtube.com/watch?v=nr0W_KEswzI,2361,905,15038,https://www.youtube.com/watch?v=yimQ5xy1rS4,26573,15357,49596,https://www.youtube.com/watch?v=nr0W_KEswzI,12636,2529,1142,5771,https://www.twitch.tv/videos/2740329867
7e81a72484054a5c89f3826ebc8946be,80500,5740293,884,295,3078,https://www.youtube.com/watch?v=BYpbGNO5hiY,862,295,1292,https://www.youtube.com/watch?v=-bCFaGZrQtE,2191,617,3078,https://www.youtube.com/watch?v=BYpbGNO5hiY,12438,2548,1098,4606,https://www.twitch.tv/videos/2753411635
1ccdbe5d48934f4cbabc86512dd1d357,78900,6277347,3523,1900,9707,https://www.youtube.com/watch?v=-r1_2QFU8iw,4305,1997,9707,https://www.youtube.com/watch?v=-r1_2QFU8iw,2959,1663,4001,https://www.youtube.com/watch?v=efx4Jd-MHAs,0,0,0,0,
0bf0ec441dc6489583f7218e02ab6a89,78500,5070694,615,279,1544,https://www.youtube.com/watch?v=109iTESgooM,615,279,1544,https://www.youtube.com/watch?v=109iTESgooM,0,0,0,,10589,1426,992,2122,https://www.twitch.tv/videos/2751917038
6bd49f94afb144e995247388ca8c42a8,77700,15207861,12905,5005,71613,https://www.youtube.com/watch?v=k2E6C4qzU4A,12871,3863,21938,https://www.youtube.com/watch?v=PUUq-UrzrkY,27857,10787,71613,https://www.youtube.com/watch?v=k2E6C4qzU4A,68784,40617,18995,68736,https://www.twitch.tv/videos/2748500963
4b6655120fbd4431a8f7894cac4a4d49,76900,8581187,963,475,19108,https://www.youtube.com/watch?v=JI4KeSf50A4,963,475,19108,https://www.youtube.com/watch?v=JI4KeSf50A4,0,0,0,,0,0,0,0,
8746bf3b3b5843e7b00f6ec23fefb6b1,76600,35503821,0,0,0,,0,0,0,,0,0,0,,14634,1885,627,2143,https://www.twitch.tv/videos/2742832548
01f26342ae4e419280bcfd6ec6e86db1,75100,5737388,0,0,0,,0,0,0,,0,0,0,,4401,0,0,0,
17c335762a694402b8cb9a96b2865572,74900,7724217,1750,845,3623,https://www.youtube.com/watch?v=v2_6lClOnvo,1750,845,3623,https://www.youtube.com/watch?v=v2_6lClOnvo,0,0,0,,0,0,0,0,
fd6a0236861940389e15ef85b16c6069,74400,27681398,57232,12254,256796,https://www.youtube.com/watch?v=F1O9FBTFhVw,0,0,0,,57232,12254,256796,https://www.youtube.com/watch?v=F1O9FBTFhVw,174037,52547,24687,129377,https://www.twitch.tv/videos/2735487641
5bd39e2c6dcf4ff19436d8a5fa069464,73300,10032938,13614,7018,40680,https://www.youtube.com/watch?v=QldywFiE2pM,13566,3742,24739,https://www.youtube.com/watch?v=n5aL-d3H_ps,15427,12674,40680,https://www.youtube.com/watch?v=QldywFiE2pM,30588,23992,8016,34161,https://www.twitch.tv/videos/2738708481
cd42e06c40534d9eac7e30a434e47d43,72000,5866905,910,320,6340,https://www.youtube.com/watch?v=R4-2QdV2nJA,892,320,1755,https://www.youtube.com/watch?v=PKgEj5uB7yw,3610,1288,6340,https://www.youtube.com/watch?v=R4-2QdV2nJA,3301,0,0,0,
c5fe413a473d4638b53fb3f9019aabbe,69000,5268874,5226,4150,6444,https://www.youtube.com/watch?v=ogww-LP7Hr0,5835,4284,6444,https://www.youtube.com/watch?v=ogww-LP7Hr0,1921,1780,1921,https://www.youtube.com/watch?v=U4ecF4GNw1I,24057,38112,17509,58412,https://www.twitch.tv/videos/2741827304
ec65566d949944ffb1e2723f97ded6e0,68800,464912,0,0,0,,0,0,0,,0,0,0,,7083,0,0,0,
2694a505a0e0441bb99b49e8ce1f7473,68000,5413617,3820,1095,3820,https://www.youtube.com/watch?v=wIhLxCHLJbU,0,0,0,,3820,1095,3820,https://www.youtube.com/watch?v=wIhLxCHLJbU,53339,13826,4928,31897,https://www.twitch.tv/videos/2758211739
d5fdf5fc55d14476908e416e6d43c121,67700,5396110,1840,1087,10161,https://www.youtube.com/watch?v=HTilBjwPKy4,1650,921,9161,https://www.youtube.com/watch?v=05GQc0UDlIE,4710,2613,10161,https://www.youtube.com/watch?v=HTilBjwPKy4,0,0,0,0,
8d113670c4514e5bb28823a756385528,67600,9423939,16598,8275,43527,https://www.youtube.com/watch?v=D8fA9Ym0bxY,18391,4349,27610,https://www.youtube.com/watch?v=jbfpvK3QMr0,15688,12334,43527,https://www.youtube.com/watch?v=D8fA9Ym0bxY,29135,23271,7611,32691,https://www.twitch.tv/videos/2735541592
7ead9e2cac544a7cb00444ef6b4698d1,67300,8000695,0,0,0,,0,0,0,,0,0,0,,22408,0,0,0,
6c872a4043b84e4493877a42af684d1d,66000,10169174,1713,815,24270,https://www.youtube.com/watch?v=Tg5NXQn58lU,1504,754,3233,https://www.youtube.com/watch?v=SKJj99wsy5E,14039,3719,24270,https://www.youtube.com/watch?v=Tg5NXQn58lU,6202,0,0,0,
1323f1b775bf43659f8b8ec2899522cd,64600,4178347,2517,936,6397,https://www.youtube.com/watch?v=0VT1Sgh52ZQ,2517,936,6397,https://www.youtube.com/watch?v=0VT1Sgh52ZQ,0,0,0,,0,0,0,0,
1b63d89e0b1a4b579de6d99e25eaff8f,63900,13000508,3823,2312,27688,https://www.youtube.com/watch?v=eTIfusmDAmI,3278,1972,6383,https://www.youtube.com/watch?v=FdNi6gyl-aY,17599,5544,27688,https://www.youtube.com/watch?v=eTIfusmDAmI,11598,0,0,0,
cb94019fb4714e168b47d6757995efc3,61800,4678620,2219,871,16791,https://www.youtube.com/watch?v=1lQtQ1N4LLM,2148,800,2927,https://www.youtube.com/watch?v=RnTQjcvT3fw,11565,3973,16791,https://www.youtube.com/watch?v=1lQtQ1N4LLM,7080,2275,1021,3734,https://www.twitch.tv/videos/2739674280
4fc5a770272a43f1bb0a1d12aa3a9b46,61600,13562488,2430,957,13526,https://www.youtube.com/watch?v=_GLOq6PifW0,0,0,0,,2430,957,13526,https://www.youtube.com/watch?v=_GLOq6PifW0,0,0,0,0,
6a9a7c7dc3f94605b5f619e9fbcfa33d,61200,1994054,11288,5702,50048,https://www.youtube.com/watch?v=iJ9DIokXMnk,10114,5814,50048,https://www.youtube.com/watch?v=iJ9DIokXMnk,12686,5697,34747,https://www.youtube.com/watch?v=jep-Bhkhg8A,0,0,0,0,
512b64ec20174d018540516e9edf2b2f,61200,7767539,346,148,649,https://www.youtube.com/watch?v=svFtjeTHyc8,376,118,455,https://www.youtube.com/watch?v=JhnVK9LAELo,336,155,649,https://www.youtube.com/watch?v=svFtjeTHyc8,1240,0,0,0,
f5ff982730f54cd4826ff0530a4288c2,61200,6089304,4907,3388,27715,https://www.youtube.com/watch?v=lb8vTlB17rw,1459,1447,22673,https://www.youtube.com/watch?v=3DGcsM1ANiA,5753,3538,27715,https://www.youtube.com/watch?v=lb8vTlB17rw,0,0,0,0,
a8ce4642418b4fe8ba1471a32097f4c4,61000,3807411,760,440,3526,https://www.youtube.com/watch?v=Zw_nEmddvyQ,680,277,2068,https://www.youtube.com/watch?v=1AsI2Z772NE,3060,1393,3526,https://www.youtube.com/watch?v=Zw_nEmddvyQ,0,0,0,0,
911d3403c8e84dc3b0c4a2f6017698b6,60700,1639760,581,240,2472,https://www.youtube.com/watch?v=WAibJxrrisI,560,240,982,https://www.youtube.com/watch?v=V2e_HNYrOYk,1472,349,2472,https://www.youtube.com/watch?v=WAibJxrrisI,3594,643,612,643,https://www.twitch.tv/videos/2757455387
0d717ed7ec134fb6ac94ce9dc4e25658,60400,4595754,1866,522,5849,https://www.youtube.com/watch?v=501HRmtUbn4,1866,522,5849,https://www.youtube.com/watch?v=501HRmtUbn4,0,0,0,,0,0,0,0,
e113ace92bbe445385bcc4635a9ca570,59800,13724,0,0,0,,0,0,0,,0,0,0,,0,0,0,0,
8a4988902b5640e6ae1829285307c636,58800,4640311,0,0,0,,0,0,0,,0,0,0,,0,0,0,0,
f985903969ad4e8b839e919aabe94480,58600,1056479,738,378,1838,https://www.youtube.com/watch?v=IJyW3u24UyI,711,348,1366,https://www.youtube.com/watch?v=07b6NgZy84E,975,660,1838,https://www.youtube.com/watch?v=IJyW3u24UyI,0,0,0,0,
14a9a08fbdc641e8ac8c384dedfccf0a,58200,6360363,2878,2435,4838,https://www.youtube.com/watch?v=qVrS04SdeqI,2878,2435,4838,https://www.youtube.com/watch?v=qVrS04SdeqI,0,0,0,,17007,6464,3661,10432,https://www.twitch.tv/videos/2751799808
5a934764983e45959855735b79bcc90e,58100,2624547,1087,498,5412,https://www.youtube.com/watch?v=Nc87HR-6AVs,953,490,3345,https://www.youtube.com/watch?v=1zq8pbd_xfc,3853,1399,5412,https://www.youtube.com/watch?v=Nc87HR-6AVs,11602,1529,608,4359,https://www.twitch.tv/videos/2740389286
99f6f80397b34d0b9a0cfd40f3801a35,57800,2748083,2226,1003,11832,https://www.youtube.com/watch?v=qhRxsEcdEiE,1841,967,2654,https://www.youtube.com/watch?v=vDxUsD_SW1g,10315,6927,11832,https://www.youtube.com/watch?v=qhRxsEcdEiE,29600,15576,10613,65503,https://www.twitch.tv/videos/2745357557
ba59bb31bbcd4cf3a481c4cf72918fb0,57000,8354860,3075,1792,22324,https://www.youtube.com/watch?v=ANihRz54HII,2758,1329,3508,https://www.youtube.com/watch?v=tEjTHiCYXiE,6155,4761,22324,https://www.youtube.com/watch?v=ANihRz54HII,0,0,0,0,
02f5258d29b046bc9f597c9baac014bf,56800,4265132,8211,4479,111030,https://www.youtube.com/watch?v=gG0FdYwxcU0,6546,3493,8211,https://www.youtube.com/watch?v=IlJn2le8mp4,36863,15682,111030,https://www.youtube.com/watch?v=gG0FdYwxcU0,39002,52246,25374,123793,https://www.twitch.tv/videos/2740495438
6aefa292dc61441e98c787efb0067922,55600,2555934,1196,760,4399,https://www.youtube.com/watch?v=7VI-oCN7neI,1139,642,4399,https://www.youtube.com/watch?v=7VI-oCN7neI,2452,1452,3211,https://www.youtube.com/watch?v=shzceRu8ZDQ,11219,1741,802,4803,https://www.twitch.tv/videos/2746776510
729621ce509b4641ad8cde76dec037d0,54900,2821340,804,369,5295,https://www.youtube.com/watch?v=9CAR_x6aLTk,742,313,3718,https://www.youtube.com/watch?v=M_z7R_SNmZE,3327,946,5295,https://www.youtube.com/watch?v=9CAR_x6aLTk,5200,868,681,1844,https://www.twitch.tv/videos/2747736592
e14d4aac184c4ccdba6f2a9718cfea62,54700,3037581,720,241,3914,https://www.youtube.com/watch?v=-tOFde55hYU,720,241,3914,https://www.youtube.com/watch?v=-tOFde55hYU,0,0,0,,0,0,0,0,
66c812bb04844241af1d1c7539b5e251,53600,38949576,153,65,1812,https://www.youtube.com/watch?v=qi0k_e05exI,140,65,1812,https://www.youtube.com/watch?v=qi0k_e05exI,277,82,639,https://www.youtube.com/watch?v=LOdPJRiKN5M,1085,20,13,52,https://www.twitch.tv/videos/2752749857
a000aa1d3ea7489c993277d33ab2457e,53400,5335489,3159,1595,17681,https://www.youtube.com/watch?v=k2H_ckm5WHs,3134,1600,12745,https://www.youtube.com/watch?v=eUsnH3N_ASs,17681,921,17681,https://www.youtube.com/watch?v=k2H_ckm5WHs,48433,20267,8978,49410,https://www.twitch.tv/videos/2754908229
efe550a729e14dbab790a3f73205d8ed,53300,2974017,1928,700,5406,https://www.youtube.com/watch?v=wknqtMbP-vs,1121,546,2784,https://www.youtube.com/watch?v=n34Do940Y_o,3538,1560,5406,https://www.youtube.com/watch?v=wknqtMbP-vs,0,0,0,0,
626750f4e7a745619c171c44fb1efcc0,52900,6964113,1901,853,9099,https://www.youtube.com/watch?v=-YWuS2yU7AY,961,451,2565,https://www.youtube.com/watch?v=q_EAy98ZoKA,2690,1454,9099,https://www.youtube.com/watch?v=-YWuS2yU7AY,10845,497,188,2082,https://www.twitch.tv/videos/2752525140
ce2a2c07a74640fc8d3b39d022b16dd9,52700,4769062,1097,628,7162,https://www.youtube.com/watch?v=buqFZPhP10s,797,365,1276,https://www.youtube.com/watch?v=Osk12nkgV8Q,4079,2129,7162,https://www.youtube.com/watch?v=buqFZPhP10s,0,0,0,0,
658e63bebdca421ca934b0bf6aa2bcd8,52100,5971995,2189,781,5298,https://www.youtube.com/watch?v=Bm-4dLgN2kQ,2252,942,5298,https://www.youtube.com/watch?v=Bm-4dLgN2kQ,1478,92,4464,https://www.youtube.com/watch?v=c_yLlmECgJ0,11075,628,350,873,https://www.twitch.tv/videos/2747843772
cbb5df4184f04027b8a550d648d79eeb,51900,4553924,14206,5947,30861,https://www.youtube.com/watch?v=TlBO44EJa6s,30861,5947,30861,https://www.youtube.com/watch?v=TlBO44EJa6s,12868,5634,20366,https://www.youtube.com/watch?v=JIa3invYJ3w,0,0,0,0,
60282d578bb747b8b232dba81168a5b6,51300,5183234,2860,1020,4989,https://www.youtube.com/watch?v=hRbPEjhurro,2860,568,4989,https://www.youtube.com/watch?v=hRbPEjhurro,3632,1097,4666,https://www.youtube.com/watch?v=SA9lVQZq_44,0,0,0,0,
927ce160c29f4465ba196c3e1b8fee1c,50500,2994325,1499,591,3320,https://www.youtube.com/watch?v=k_KJ3_QRPp4,1266,522,2321,https://www.youtube.com/watch?v=7NQ5Xnhmp2w,3057,2499,3320,https://www.youtube.com/watch?v=k_KJ3_QRPp4,4831,826,691,2274,https://www.twitch.tv/videos/2745230109
7d66bf98da354f72baee891cdd91855b,49800,4528126,3018,1822,14029,https://www.youtube.com/watch?v=Vi6kykFZhnI,2866,1681,7791,https://www.youtube.com/watch?v=81fey24id8E,14029,12869,14029,https://www.youtube.com/watch?v=Vi6kykFZhnI,0,0,0,0,
50a0835b66844b0ab84f573934f20989,49700,2452887,1408,642,3265,https://www.youtube.com/watch?v=1nLdkwoY5uk,1395,639,3265,https://www.youtube.com/watch?v=1nLdkwoY5uk,2126,1368,2126,https://www.youtube.com/watch?v=VQY82rLVhN8,0,0,0,0,
3bc36efc33ba4410be1d509a39074ceb,49100,4080099,13628,5620,49263,https://www.youtube.com/watch?v=xpIiMm1hwPY,12810,5483,20510,https://www.youtube.com/watch?v=f0xAhF6l_xI,15688,5817,49263,https://www.youtube.com/watch?v=xpIiMm1hwPY,24847,24800,12273,59932,https://www.twitch.tv/videos/2742048788
0eb515afbb9347529a406e91a07cde90,49000,2562724,8690,4564,72397,https://www.youtube.com/watch?v=khjc9hc0rTY,6739,3312,8690,https://www.youtube.com/watch?v=KJNC_4fSsFI,28894,8767,72397,https://www.youtube.com/watch?v=khjc9hc0rTY,20043,10609,4400,17058,https://www.twitch.tv/videos/2744504739
4c3cae772e974f8fb8e04f4cc9c8cd8d,48900,3234654,1866,1011,4139,https://www.youtube.com/watch?v=0BuBCuA9-xg,1845,1055,4139,https://www.youtube.com/watch?v=0BuBCuA9-xg,3057,161,3057,https://www.youtube.com/watch?v=K8i5KRCksaQ,0,0,0,0,
1cfadb0d2e154a258c3177ff8264336f,48800,4382515,3222,719,12198,https://www.youtube.com/watch?v=hwdzHmEMjbk,2362,1174,12198,https://www.youtube.com/watch?v=hwdzHmEMjbk,5283,433,7345,https://www.youtube.com/watch?v=n713YY3UU6w,0,0,0,0,
2db2ffc41ff340a990a6d4dcec000d08,48300,2993507,7424,2708,27941,https://www.youtube.com/watch?v=Yqf5YU2ucN8,4792,1767,9743,https://www.youtube.com/watch?v=Orhpjj_yj3o,20312,9857,27941,https://www.youtube.com/watch?v=Yqf5YU2ucN8,25379,9790,4525,17503,https://www.twitch.tv/videos/2747803888
5c4241def363418d9b7167d8369d0350,48200,2367736,0,0,0,,0,0,0,,0,0,0,,44,0,0,0,
920d34819cf944e99cf469f7552d535f,48200,11623263,18837,8108,135231,https://www.youtube.com/watch?v=3Z3RhaEfMdA,16941,6501,31539,https://www.youtube.com/watch?v=WBKb3gXMYnY,41158,24491,135231,https://www.youtube.com/watch?v=3Z3RhaEfMdA,6398,0,0,0,
6c88799c6f45407faf0f9ea007b0dcab,48100,3615432,9915,3980,33645,https://www.youtube.com/watch?v=nLrXBlq1TfE,950,658,1497,https://www.youtube.com/watch?v=p6VkbfZZ1MQ,13792,6771,33645,https://www.youtube.com/watch?v=nLrXBlq1TfE,0,0,0,0,
3681a0b4e4bd48888473b1884f6ee420,47900,5430179,841,315,17363,https://www.youtube.com/watch?v=hTGJUka7ODU,773,216,1620,https://www.youtube.com/watch?v=UusN0_yXHK4,1849,838,17363,https://www.youtube.com/watch?v=hTGJUka7ODU,0,0,0,0,
22ca620b93c94e5cb48175bbecf8d3af,47400,5453415,2407,1057,5778,https://www.youtube.com/watch?v=jwhNX3GPtpI,1655,892,2407,https://www.youtube.com/watch?v=_MacKMzJsVA,3442,1676,5778,https://www.youtube.com/watch?v=jwhNX3GPtpI,0,0,0,0,
e350c8b7e41045419ee1ac73bc78921b,47300,5186291,1251,649,17574,https://www.youtube.com/watch?v=PjcoHmGUKvk,1047,521,1974,https://www.youtube.com/watch?v=UvdHQ8wrGog,2605,1543,17574,https://www.youtube.com/watch?v=PjcoHmGUKvk,0,0,0,0,
c41044006a014ed28107f33221a7de98,47100,4366507,1829,682,2947,https://www.youtube.com/watch?v=5F9WwnfTRz0,1829,682,2947,https://www.youtube.com/watch?v=5F9WwnfTRz0,0,0,0,,5280,0,0,0,
ebe5c5f9d67f44f3bc5e70b413ce9df7,47000,2273948,615,306,1806,https://www.youtube.com/watch?v=DO0YEDmcC54,611,257,767,https://www.youtube.com/watch?v=rx__7UM2g7U,1806,460,1806,https://www.youtube.com/watch?v=DO0YEDmcC54,12249,1131,464,4381,https://www.twitch.tv/videos/2736240106
2760c9a44c20464d8e140e6367ed1cdf,46900,2449950,471,211,3251,https://www.youtube.com/watch?v=RS5uBZ0fUYg,405,179,893,https://www.youtube.com/watch?v=9t2fLiHjkMg,2610,1711,3251,https://www.youtube.com/watch?v=RS5uBZ0fUYg,2429,521,421,1680,https://www.twitch.tv/videos/2751660027
575d15d21f7240e1ad72935bf7fa0465,46900,1668542,400,232,3948,https://www.youtube.com/watch?v=x_zVajCRP8w,359,170,635,https://www.youtube.com/watch?v=p51he7Ao4wE,3034,1690,3948,https://www.youtube.com/watch?v=x_zVajCRP8w,0,0,0,0,
64c779f8cc214e7a9b570c7b3fc128cc,46700,3924191,0,0,0,,0,0,0,,0,0,0,,4643,0,0,0,
fe1abd28f3114015ac31ae1821e8dd3f,46100,1700864,1387,638,4318,https://www.youtube.com/watch?v=SUhPubpIcZQ,1326,560,4318,https://www.youtube.com/watch?v=SUhPubpIcZQ,2751,2438,3684,https://www.youtube.com/watch?v=h7tcrRFJLVU,4641,678,398,1708,https://www.twitch.tv/videos/2746814818
21d5855a8c7d4461b286d40c167ac093,46100,5044884,1326,603,16636,https://www.youtube.com/watch?v=3_Or3Nou3cc,1137,398,1887,https://www.youtube.com/watch?v=rpTXeJ4aOKQ,14052,12260,16636,https://www.youtube.com/watch?v=3_Or3Nou3cc,993,607,580,9380,https://www.twitch.tv/videos/2751049797
3d786b116dbc437e8684d7b46567a1e5,45600,1591197,956,508,3946,https://www.youtube.com/watch?v=IUT2J3KviC0,858,508,1247,https://www.youtube.com/watch?v=E5UcYzqHJBw,1906,668,3946,https://www.youtube.com/watch?v=IUT2J3KviC0,9658,1715,813,5681,https://www.twitch.tv/videos/2740175394
20f0e269ce554a00920de0444bc22aaf,45000,3917711,1433,787,19353,https://www.youtube.com/watch?v=2aX19VdsXSM,553,254,1433,https://www.youtube.com/watch?v=odrGAJD9jkM,3375,1221,19353,https://www.youtube.com/watch?v=2aX19VdsXSM,0,0,0,0,
177fe395a2704d10add06cb1466fa254,44900,3468470,12180,5484,52074,https://www.youtube.com/watch?v=l9ipGbJBM3s,9544,3167,15542,https://www.youtube.com/watch?v=AikQEEEKeDI,29671,15431,52074,https://www.youtube.com/watch?v=l9ipGbJBM3s,31733,20712,10861,49382,https://www.twitch.tv/videos/2755750529
a0d4fad2fd3d4e4981947642a9dbafc4,44200,3419436,1658,996,3736,https://www.youtube.com/watch?v=Q5CDhTS6cRY,1658,996,3736,https://www.youtube.com/watch?v=Q5CDhTS6cRY,0,0,0,,12153,1819,1231,3565,https://www.twitch.tv/videos/2750191813
a05be3d154824597b21375f53b244585,43900,4,0,0,0,,0,0,0,,0,0,0,,21831,0,0,0,
1c6ebd51e0fc4ebab88347e853335c87,43900,2038114,1666,695,5795,https://www.youtube.com/watch?v=KQpId9Fhaog,995,649,5795,https://www.youtube.com/watch?v=KQpId9Fhaog,2206,1040,5247,https://www.youtube.com/watch?v=0z09omPYeo0,1724,1758,1168,3525,https://www.twitch.tv/videos/2756419455
c25e6f38d6df447e84c4747ba6ac75cc,43500,1440588,7302,3884,83525,https://www.youtube.com/watch?v=uc4XTTqruUQ,5330,3545,27220,https://www.youtube.com/watch?v=JabK0E69CLo,9102,4090,83525,https://www.youtube.com/watch?v=uc4XTTqruUQ,0,0,0,0,
0825b7bbb6134dbc98a132cc1782fb1f,43000,1774747,478,273,719,https://www.youtube.com/watch?v=OkO45iD7AeM,478,273,719,https://www.youtube.com/watch?v=OkO45iD7AeM,0,0,0,,0,0,0,0,
dee8efe8990e458c915e4f6a6a16b49f,42700,5264077,186,77,400,https://www.youtube.com/watch?v=TQIFAc9aP-E,186,77,400,https://www.youtube.com/watch?v=TQIFAc9aP-E,0,0,0,,3319,0,0,0,
9a496e9b261f401dba4991a9f4c7048e,42600,1531745,798,508,5534,https://www.youtube.com/watch?v=2hFHNAf0Ib0,752,494,1575,https://www.youtube.com/watch?v=DUMtXIM8CVo,3355,539,5534,https://www.youtube.com/watch?v=2hFHNAf0Ib0,0,0,0,0,
73b97b1a35c84579aa8ffcd6534efad3,42500,5836731,1552,716,21495,https://www.youtube.com/watch?v=kyaHMmGLvsU,793,344,2060,https://www.youtube.com/watch?v=gji8A_nS7To,5616,2562,21495,https://www.youtube.com/watch?v=kyaHMmGLvsU,10775,0,0,0,
5f6f102dd7cc4bfaa99e4cde16b85290,42400,2203804,1816,886,7878,https://www.youtube.com/watch?v=kJla_y6UhOc,1635,838,2475,https://www.youtube.com/watch?v=5UHIBqG7qT8,4163,2144,7878,https://www.youtube.com/watch?v=kJla_y6UhOc,7996,5276,1952,13926,https://www.twitch.tv/videos/2749154260
a9f28d3e3d2a4ecb93ff10955be791d1,42100,3029485,3454,2022,5165,https://www.youtube.com/watch?v=DniH6zC8CX0,3039,2022,4064,https://www.youtube.com/watch?v=23xJALNSnBg,4188,3002,5165,https://www.youtube.com/watch?v=DniH6zC8CX0,16576,6782,1997,13547,https://www.twitch.tv/videos/2737890607
029dfaf0b42a45839661df6dc99efcdd,41900,1169537,0,0,0,,0,0,0,,0,0,0,,706,0,0,0,
8150f530d858418282811429cc32622b,41100,2264657,400,189,2999,https://www.youtube.com/watch?v=9VXRjMbsKd0,344,185,2999,https://www.youtube.com/watch?v=9VXRjMbsKd0,2356,622,2466,https://www.youtube.com/watch?v=vlRqAX0wqPE,12904,751,308,1608,https://www.twitch.tv/videos/2737959363
ed426712876641848613137bef236d26,40800,3831527,1580,618,9757,https://www.youtube.com/watch?v=_P13W26FOvs,1188,465,1673,https://www.youtube.com/watch?v=3yd2VC6B00I,3716,1617,9757,https://www.youtube.com/watch?v=_P13W26FOvs,9094,1382,474,2053,https://www.twitch.tv/videos/2747541963
be6c475c291d45a0a7349abdb70be20d,40500,13015098,289,151,3788,https://www.youtube.com/watch?v=eVkQ7EaPlSc,272,144,1305,https://www.youtube.com/watch?v=73A43hZjSd4,2566,626,3788,https://www.youtube.com/watch?v=eVkQ7EaPlSc,0,0,0,0,
14770d49681b44c1a6a7fcbdc265f539,40500,1842721,1432,699,1468,https://www.youtube.com/watch?v=8sTVlBSmFbk,1432,699,1468,https://www.youtube.com/watch?v=8sTVlBSmFbk,0,0,0,,0,0,0,0,
5e98938ba0624235863dd2af8017fbe6,40400,1923584,1344,485,4893,https://www.youtube.com/watch?v=pmfViL8jc34,1376,539,4893,https://www.youtube.com/watch?v=pmfViL8jc34,701,388,701,https://www.youtube.com/watch?v=h50yg0FYzD8,0,0,0,0,
4b8137b8ba4e4a4dad994e2e07e351fe,40300,2485702,394,168,1210,https://www.youtube.com/watch?v=whNxHKKMHUw,301,141,397,https://www.youtube.com/watch?v=NeB5xIajTjk,1108,352,1210,https://www.youtube.com/watch?v=whNxHKKMHUw,2094,229,158,249,https://www.twitch.tv/videos/2747813705
6943bbfc993443d4b3853833b3bb1a66,40300,15011980,7292,2977,12075,https://www.youtube.com/watch?v=Khbel9tEw70,0,0,0,,7292,2977,12075,https://www.youtube.com/watch?v=Khbel9tEw70,0,0,0,0,
d1694c709e0f489fbd07fc9bc67c0a66,40000,1948964,522,300,1904,https://www.youtube.com/watch?v=66XFn8Gd7hM,484,257,1351,https://www.youtube.com/watch?v=ZaxH4A14XjQ,1565,858,1904,https://www.youtube.com/watch?v=66XFn8Gd7hM,2651,1365,1085,2235,https://www.twitch.tv/videos/2754812030
192d2decee72410e8346c135c4ac6e00,39500,1576416,1954,1030,3290,https://www.youtube.com/watch?v=N3_HuT6c-pg,1954,1030,3290,https://www.youtube.com/watch?v=N3_HuT6c-pg,0,0,0,,2391,0,0,0,
e069724ddab54dd690d6c3425574effd,39100,6277463,1629,855,27929,https://www.youtube.com/watch?v=z4fzHyne-VA,1270,494,2095,https://www.youtube.com/watch?v=xjvTK5foQpQ,7291,3526,27929,https://www.youtube.com/watch?v=z4fzHyne-VA,4628,458,452,458,https://www.twitch.tv/videos/2758288949
f928e57423634094b3d7d8461321c028,38100,958658,399,246,593,https://www.youtube.com/watch?v=9dmYUflA_LU,399,246,593,https://www.youtube.com/watch?v=9dmYUflA_LU,0,0,0,,3128,0,0,0,
80f7b111f0e044abae4c37f6a96b5957,38000,1096270,259,157,1275,https://www.youtube.com/watch?v=eF9GlTaw17E,259,146,615,https://www.youtube.com/watch?v=ulF2L0t2qYA,1275,1215,1275,https://www.youtube.com/watch?v=eF9GlTaw17E,0,0,0,0,
62e5d9c4ad1e4d7a9fb61fe531c4b940,37500,100581,0,0,0,,0,0,0,,0,0,0,,0,0,0,0,
f6a8c59d8b8d4e009d4e147ec268cd73,37500,2028491,2155,1444,4694,https://www.youtube.com/watch?v=ScLhcwGhoKw,2155,1444,4694,https://www.youtube.com/watch?v=ScLhcwGhoKw,0,0,0,,4981,0,0,0,
7aba821c721e45bcb3d113652e9e8fb2,37400,1145655,1280,465,2561,https://www.youtube.com/watch?v=ftX7yigjje0,1083,433,1535,https://www.youtube.com/watch?v=Y1qtBu8eizE,2561,2349,2561,https://www.youtube.com/watch?v=ftX7yigjje0,0,0,0,0,
c88554bbf263412da16e7a17fd03e467,37300,2083242,4664,2063,27569,https://www.youtube.com/watch?v=VwtRu5dvUmw,3178,1724,27569,https://www.youtube.com/watch?v=VwtRu5dvUmw,12035,4720,26159,https://www.youtube.com/watch?v=kCdkGYCSERU,0,0,0,0,
a85d79e2323b4869a6f784c51218cd37,36800,3623933,2699,1451,35000,https://www.youtube.com/watch?v=LEB5YT5LlMs,1539,756,6049,https://www.youtube.com/watch?v=lZ352BLrtA0,4267,2358,35000,https://www.youtube.com/watch?v=LEB5YT5LlMs,2103,323,234,848,https://www.twitch.tv/videos/2754238864
5c7beefaa54444e3b0443d7abd93c1f7,36700,4245765,0,0,0,,0,0,0,,0,0,0,,4425,586,412,1155,https://www.twitch.tv/videos/2756696334
84d68bef71304aa089c10d2c33c9a107,36600,3530483,1686,775,7615,https://www.youtube.com/watch?v=sidAiJm4aTI,1396,626,3612,https://www.youtube.com/watch?v=krcaNq2sZGk,4795,1982,7615,https://www.youtube.com/watch?v=sidAiJm4aTI,0,0,0,0,
f928118054aa4e11aa4ec88504d8b886,36200,2106856,633,230,1355,https://www.youtube.com/watch?v=e0hU-FCJPK4,633,230,1355,https://www.youtube.com/watch?v=e0hU-FCJPK4,0,0,0,,2332,333,262,333,https://www.twitch.tv/videos/2753461674
dad6fb7439d744739755a9a7c6c18d20,36200,3242667,2619,1002,7204,https://www.youtube.com/watch?v=mQHVTqadc0U,1510,950,4147,https://www.youtube.com/watch?v=voo4uRHUl8w,5414,2062,7204,https://www.youtube.com/watch?v=mQHVTqadc0U,2823,670,407,1705,https://www.twitch.tv/videos/2754247926
6baf9b6a84a44ab3a6979d98bff7ee21,35700,1570167,1712,589,17627,https://www.youtube.com/watch?v=U8SxZ16wzgw,1518,515,3596,https://www.youtube.com/watch?v=4lOK8QMzdJM,11666,8121,17627,https://www.youtube.com/watch?v=U8SxZ16wzgw,0,0,0,0,
b08047f2566246ac995e03a5db727cfe,35100,88264,1668,208,2527,https://www.youtube.com/watch?v=8oCp_FSBI7c,809,102,809,https://www.youtube.com/watch?v=gahG4sRMd4A,2527,314,2527,https://www.youtube.com/watch?v=8oCp_FSBI7c,7238,0,0,0,
683c47ffba3246cb8574a6f2667208d1,34900,1173888,2405,867,17632,https://www.youtube.com/watch?v=c5OK94le8dQ,1341,708,2405,https://www.youtube.com/watch?v=xKSjTA9QT_4,6238,3024,17632,https://www.youtube.com/watch?v=c5OK94le8dQ,11254,10902,4980,21195,https://www.twitch.tv/videos/2736118208
8267ea37c12a471a8a038f501832e099,34600,2416685,1696,274,2094,https://www.youtube.com/watch?v=m3D_LZB3rxk,1895,278,2094,https://www.youtube.com/watch?v=m3D_LZB3rxk,1500,274,1958,https://www.youtube.com/watch?v=5Qa1OTCw8fw,0,0,0,0,
84a911e2b05f4919a32e0c1618e32a7d,34300,1070765,530,288,1120,https://www.youtube.com/watch?v=zEr7avpf8Mc,530,288,1120,https://www.youtube.com/watch?v=zEr7avpf8Mc,0,0,0,,0,0,0,0,
55be1972142c44799f83ce3db4f14fbd,34100,2784640,2649,864,10507,https://www.youtube.com/watch?v=iObxoKonXEY,868,549,3621,https://www.youtube.com/watch?v=pOjBqbY0gpg,4137,1699,10507,https://www.youtube.com/watch?v=iObxoKonXEY,0,0,0,0,
6af8929143294c72b25a7108e79e2faf,34100,2224439,1059,607,3178,https://www.youtube.com/watch?v=smkm9KGvjm0,954,563,3178,https://www.youtube.com/watch?v=smkm9KGvjm0,1404,1179,1763,https://www.youtube.com/watch?v=TkA-l9buWsI,0,0,0,0,
6929e06cd9ed49739cadaa35115847c7,33900,2266370,1203,451,3941,https://www.youtube.com/watch?v=jA_b6FqvyLs,1203,451,3941,https://www.youtube.com/watch?v=jA_b6FqvyLs,0,0,0,,0,0,0,0,
d6c4708f6eb94ac6ad7668363b132248,33800,1092003,372,208,2378,https://www.youtube.com/watch?v=rtxJVSG1VSg,363,208,2184,https://www.youtube.com/watch?v=er7wmAhoKRA,990,387,2378,https://www.youtube.com/watch?v=rtxJVSG1VSg,0,0,0,0,
32b5b05c6e0f4747a8c0932d06f97f8c,33400,2055139,1960,921,4616,https://www.youtube.com/watch?v=aXfmNGJEaKE,1542,806,4138,https://www.youtube.com/watch?v=uvqD5rEO8qs,3952,1860,4616,https://www.youtube.com/watch?v=aXfmNGJEaKE,4703,0,0,0,
93bad1d4b0c54c8781e3775d13a62c38,33200,1090229,136,53,924,https://www.youtube.com/watch?v=jwaBl5K_SQo,134,56,163,https://www.youtube.com/watch?v=rLB4JMVjOZ8,924,40,924,https://www.youtube.com/watch?v=jwaBl5K_SQo,676,0,0,0,
9ca368e73d514656ade48dc946f55956,32600,4190379,0,0,0,,0,0,0,,0,0,0,,9171,878,394,1964,https://www.twitch.tv/videos/2752654233
334133534368487780dfa99b7c9f5949,32100,17839259,0,0,0,,0,0,0,,0,0,0,,0,0,0,0,
b0f523194beb4abca2b433e9e41d912c,32000,1749464,1125,452,3553,https://www.youtube.com/watch?v=MlJR_FxqHWo,1051,452,1887,https://www.youtube.com/watch?v=b4FSGWODOzQ,2035,574,3553,https://www.youtube.com/watch?v=MlJR_FxqHWo,11992,0,0,0,
59f5e287671149398135c5c08b5ed2f7,31900,654473,2234,1193,8594,https://www.youtube.com/watch?v=FLf9MssJ5TE,0,0,0,,2234,1193,8594,https://www.youtube.com/watch?v=FLf9MssJ5TE,202,0,0,0,
13a4e83f2bbc4d18bb27520a4dceef72,31900,7899589,6889,1751,9254,https://www.youtube.com/watch?v=nrqvEFnpOWI,4525,553,4525,https://www.youtube.com/watch?v=VQ8Pf1bfyVE,9254,2949,9254,https://www.youtube.com/watch?v=nrqvEFnpOWI,57658,34225,19088,71641,https://www.twitch.tv/videos/2734435056
1edf4940878546569e52dd06c95b8581,31600,2265513,407,300,1816,https://www.youtube.com/watch?v=VCQYOROSnck,405,296,873,https://www.youtube.com/watch?v=T9nGChiI-wk,1548,624,1816,https://www.youtube.com/watch?v=VCQYOROSnck,0,0,0,0,
e150e350532b4327b26989dd43cd3bad,31400,1996055,870,341,875,https://www.youtube.com/watch?v=fLRXnkD0it8,870,341,875,https://www.youtube.com/watch?v=fLRXnkD0it8,0,0,0,,1066,0,0,0,
ad56a56e509c4b6fa0cf11ca959e3c72,31300,85164,639,382,1034,https://www.youtube.com/watch?v=Mm-gX7QH_Ao,639,382,1034,https://www.youtube.com/watch?v=Mm-gX7QH_Ao,0,0,0,,134,0,0,0,
b42416c629e64c948f75aff4ff5c9a8a,31300,1229359,768,586,1969,https://www.youtube.com/watch?v=3DwMnraelSM,859,122,859,https://www.youtube.com/watch?v=CQ7sm4xNCjA,678,612,1969,https://www.youtube.com/watch?v=3DwMnraelSM,3725,0,0,0,
9f649d90164140bdb0e38f7e835c183b,31100,1874760,963,402,2907,https://www.youtube.com/watch?v=u_2oiY_6_ds,963,402,2907,https://www.youtube.com/watch?v=u_2oiY_6_ds,0,0,0,,0,0,0,0,
e1b2266a00c04e81bd868ae2fbff7848,31100,1641554,975,386,2999,https://www.youtube.com/watch?v=t-s4gf6KGdQ,1091,692,2999,https://www.youtube.com/watch?v=t-s4gf6KGdQ,233,141,249,https://www.youtube.com/watch?v=mECsgjrXmvE,0,0,0,0,
31f17632340f4e7fbd0ced07193dd81b,31000,565312,407,213,4211,https://www.youtube.com/watch?v=Gjhh5mtrB2M,381,175,1108,https://www.youtube.com/watch?v=mFJq3Q5zUOY,2956,1168,4211,https://www.youtube.com/watch?v=Gjhh5mtrB2M,0,0,0,0,
d81d1032a43642eca36e82ba9a3c39c5,30800,1191469,0,0,0,,0,0,0,,0,0,0,,11263,597,397,838,https://www.twitch.tv/videos/2751885348
660531d691fb49c6a454bff9b0fb8c9e,30800,997700,0,0,0,,0,0,0,,0,0,0,,1489,0,0,0,
099a5fd0d27d4fc892f684793ac18c99,30600,3927354,1243,560,4617,https://www.youtube.com/watch?v=R-yvDmKs7iI,645,454,768,https://www.youtube.com/watch?v=WitCwRFJ6wA,2524,1064,4617,https://www.youtube.com/watch?v=R-yvDmKs7iI,0,0,0,0,
e73551cd98ec47388899522353fc89e3,30400,2145265,0,0,0,,0,0,0,,0,0,0,,536,0,0,0,
1f54bc2ce03344728234e590bfb0134f,30300,0,0,0,0,,0,0,0,,0,0,0,,1392,0,0,0,
5b996b6eca90491cb8e1a43de23b2388,30100,826093,1559,874,4463,https://www.youtube.com/watch?v=cTB3F88nxhA,1564,875,4463,https://www.youtube.com/watch?v=cTB3F88nxhA,822,70,822,https://www.youtube.com/watch?v=E_YCe49QroE,0,0,0,0,
b6f68e0e323f45458752f3a7ec6a08f2,29500,2360540,2089,929,10290,https://www.youtube.com/watch?v=ZYnDlXukAEg,1455,284,2089,https://www.youtube.com/watch?v=8J6pp4DGzvI,4042,2220,10290,https://www.youtube.com/watch?v=ZYnDlXukAEg,3758,881,374,2222,https://www.twitch.tv/videos/2743608783
9af7c10c618844f08a327d38753124bd,29400,1404562,1782,216,1782,https://www.youtube.com/watch?v=Gbmcqb0RVgw,0,0,0,,1782,216,1782,https://www.youtube.com/watch?v=Gbmcqb0RVgw,17956,1948,1130,4011,https://www.twitch.tv/videos/2741217653
02d67d58d59644be9cdf0b1179419637,29300,1923322,590,226,9821,https://www.youtube.com/watch?v=r8oYACoBYBM,273,97,590,https://www.youtube.com/watch?v=wkZsplgRXbI,3964,594,9821,https://www.youtube.com/watch?v=r8oYACoBYBM,2588,468,385,720,https://www.twitch.tv/videos/2751028694
bc0b8c437eda4361b2a10003013f49cf,29200,342323,0,0,0,,0,0,0,,0,0,0,,0,0,0,0,
d35707348d554507a98f97eb59230efc,29000,2029188,761,401,64724,https://www.youtube.com/watch?v=ckRb58RNvM4,699,242,981,https://www.youtube.com/watch?v=_YZCHvJSaDY,3119,1648,64724,https://www.youtube.com/watch?v=ckRb58RNvM4,4477,694,446,1394,https://www.twitch.tv/videos/2757944990
bac1f0b8e8d149d4a48cfd30d7d7ad74,28900,2133685,576,156,817,https://www.youtube.com/watch?v=tXe57paUT7E,576,156,817,https://www.youtube.com/watch?v=tXe57paUT7E,0,0,0,,0,0,0,0,
4fd17e8877024633876c5d85bc81e56b,28900,4159597,821,409,26262,https://www.youtube.com/watch?v=3rv7uDk8Ljg,739,364,1337,https://www.youtube.com/watch?v=UzknHbyO6yY,4025,2318,26262,https://www.youtube.com/watch?v=3rv7uDk8Ljg,0,0,0,0,
fe569b0c059e406daf57eb2acd11cc21,28600,1687402,832,246,5481,https://www.youtube.com/watch?v=Hy_-ahkr3hs,667,238,5481,https://www.youtube.com/watch?v=Hy_-ahkr3hs,1556,327,1556,https://www.youtube.com/watch?v=SkVzUfJLoWE,0,0,0,0,
6f9d63518a69442a88ac602a3b37bf18,28500,1564077,487,210,1966,https://www.youtube.com/watch?v=U2X5R-mkcAc,357,187,1626,https://www.youtube.com/watch?v=vH_W721_guM,1643,799,1966,https://www.youtube.com/watch?v=U2X5R-mkcAc,0,0,0,0,
521fb650b9534787b19c8762957fb5d2,28500,0,0,0,0,,0,0,0,,0,0,0,,0,0,0,0,
3be86a2a9cb447f393d235132e157789,28400,2582133,1907,528,3606,https://www.youtube.com/watch?v=ePKUkNDCnZI,1907,528,3606,https://www.youtube.com/watch?v=ePKUkNDCnZI,0,0,0,,0,0,0,0,
19234cc590224c45912a14487f756dc5,28300,2172283,1979,1222,8496,https://www.youtube.com/watch?v=ClWaGyjXgUE,0,0,0,,1979,1222,8496,https://www.youtube.com/watch?v=ClWaGyjXgUE,12612,2763,1292,10339,https://www.twitch.tv/videos/2752598917
5ba11a0bf35147d499259ad5608a7de1,28300,2087168,1340,627,9510,https://www.youtube.com/watch?v=ydPcaqFsB8s,742,449,5157,https://www.youtube.com/watch?v=eW2939wUPPM,1397,635,9510,https://www.youtube.com/watch?v=ydPcaqFsB8s,4363,0,0,0,
f7c48554816643cdb8d343e6e9e6d313,28200,1565569,1881,768,2247,https://www.youtube.com/watch?v=IlQgN9zUIRA,1881,768,2247,https://www.youtube.com/watch?v=IlQgN9zUIRA,0,0,0,,12860,1406,701,3172,https://www.twitch.tv/videos/2742545699
73ae80b091f542358d7a5bf8905c28f3,28200,2757946,3449,1774,84514,https://www.youtube.com/watch?v=wX-8m-VYP1o,2040,883,3027,https://www.youtube.com/watch?v=oCJ54Vtphic,4868,3144,84514,https://www.youtube.com/watch?v=wX-8m-VYP1o,6791,1445,682,3138,https://www.twitch.tv/videos/2738378381
59110c6bf6e64ce6bdf86b40246dc106,28100,1431395,750,256,2889,https://www.youtube.com/watch?v=R3yeaUEqFQU,750,256,2889,https://www.youtube.com/watch?v=R3yeaUEqFQU,0,0,0,,0,0,0,0,
d1dd83b6e8a24df4b61f766cff45113c,28100,15846579,397,214,4250,https://www.youtube.com/watch?v=kODLHwRlSuU,250,115,2758,https://www.youtube.com/watch?v=WhgApJrB_0U,1996,829,4250,https://www.youtube.com/watch?v=kODLHwRlSuU,555,0,0,0,
14d83faa414c415097d577d2da9636ce,27800,973041,242,120,4603,https://www.youtube.com/watch?v=KXMux9DWHMI,191,109,331,https://www.youtube.com/watch?v=hNvkyxHCKS0,4603,2055,4603,https://www.youtube.com/watch?v=KXMux9DWHMI,0,0,0,0,
3197e5649c65405cbbe6e5f1a44cf8e1,27800,1462119,438,211,1092,https://www.youtube.com/watch?v=f3ySvzbYvUA,438,211,1092,https://www.youtube.com/watch?v=f3ySvzbYvUA,0,0,0,,0,0,0,0,
30114f720b104e7f89d9dc0399a00dd4,27100,36043,0,0,0,,0,0,0,,0,0,0,,0,0,0,0,
9e05802075c343a3bf2778550d5157da,26800,1361236,2445,598,5917,https://www.youtube.com/watch?v=rS621Dg067A,100,38,110,https://www.youtube.com/watch?v=aKvw6mUiS2w,2895,1082,5917,https://www.youtube.com/watch?v=rS621Dg067A,0,0,0,0,
6ce5f9e78ea946d8a2fd4191005557aa,26800,865601,0,0,0,,0,0,0,,0,0,0,,634,0,0,0,
f18407d79b4b43ffa6adf629d1723a8f,26400,1275,0,0,0,,0,0,0,,0,0,0,,0,0,0,0,
491a6000ce4b472c9b4f8c1dcfdb772c,26300,6201785,1734,733,3888,https://www.youtube.com/watch?v=3U5olcusfug,241,30,241,https://www.youtube.com/watch?v=v8IAzmup12Y,1774,769,3888,https://www.youtube.com/watch?v=3U5olcusfug,1077,0,0,0,
9335c3076be84149abfbef91ac0e9e68,26200,995082,0,0,0,,0,0,0,,0,0,0,,1375,0,0,0,
5d00575c06d74f588238857d7dec1b02,26000,3161102,1460,504,21403,https://www.youtube.com/watch?v=a68NFmBIZoo,1012,472,2276,https://www.youtube.com/watch?v=ymaC4DBZIWU,12358,7668,21403,https://www.youtube.com/watch?v=a68NFmBIZoo,0,0,0,0,
8a0b024373544f31b54e5a6cadb124dc,25900,1538638,971,385,10440,https://www.youtube.com/watch?v=AmJ0fzxGgUQ,706,281,5963,https://www.youtube.com/watch?v=fSE-b4lHePI,8745,3975,10440,https://www.youtube.com/watch?v=AmJ0fzxGgUQ,1771,738,500,738,https://www.twitch.tv/videos/2750881819
f2a403cb46354371837550730a397bd1,25600,1454608,376,208,410,https://www.youtube.com/watch?v=kPxpPGLUYlw,376,208,410,https://www.youtube.com/watch?v=kPxpPGLUYlw,0,0,0,,0,0,0,0,
95de1fe6727944e68404aec425d09170,25500,0,0,0,0,,0,0,0,,0,0,0,,3319,0,0,0,
691e8a5f258c4c17b70b6b489b0ad04d,25500,1683928,1039,434,4463,https://www.youtube.com/watch?v=W36v7aS60os,955,401,1785,https://www.youtube.com/watch?v=uE8niDiSw_o,3815,1914,4463,https://www.youtube.com/watch?v=W36v7aS60os,0,0,0,0,
896f74ae454b42a890e413bddc690335,25500,0,0,0,0,,0,0,0,,0,0,0,,1427,0,0,0,
aa1ff405338c41b98ff7197eb4d90349,25500,1213704,794,324,2692,https://www.youtube.com/watch?v=6XvY0NV__-4,377,180,1017,https://www.youtube.com/watch?v=fEWVnLGvA0s,1495,934,2692,https://www.youtube.com/watch?v=6XvY0NV__-4,0,0,0,0,
22c8ee785f7446e5978bab336fda92cb,25300,2144021,992,547,3329,https://www.youtube.com/watch?v=j_vUKk8h_fQ,992,547,3329,https://www.youtube.com/watch?v=j_vUKk8h_fQ,0,0,0,,0,0,0,0,
b0fa9fc53f99425db4cca93d2d48a91f,25200,777707,0,0,0,,0,0,0,,0,0,0,,0,0,0,0,
e7fd5d01e57c42658be2bf1e3ad5d696,24900,0,0,0,0,,0,0,0,,0,0,0,,0,0,0,0,
f0a395b14fa34e64ba1aaedb906c7dd3,24900,321378,0,0,0,,0,0,0,,0,0,0,,0,0,0,0,
868f29ec868047fdb2a80a91f49fc55a,24800,0,0,0,0,,0,0,0,,0,0,0,,0,0,0,0,
bf3356cfb2754286af9b6bb1665f56bd,24700,859445,1723,627,123117,https://www.youtube.com/watch?v=pPRHsDgAxXE,0,0,0,,1723,627,123117,https://www.youtube.com/watch?v=pPRHsDgAxXE,136,0,0,0,
03c018f2d3064da6ac4899bef1d600c5,24500,1055415,7603,1663,7603,https://www.youtube.com/watch?v=hUBagJKm6d4,0,0,0,,7603,1663,7603,https://www.youtube.com/watch?v=hUBagJKm6d4,36928,15548,11377,29310,https://www.twitch.tv/videos/2752678302
8dbec1de49be44d897f1c894427f3165,24500,726144,372,207,637,https://www.youtube.com/watch?v=es6rGxB_s1Y,372,207,637,https://www.youtube.com/watch?v=es6rGxB_s1Y,0,0,0,,3795,441,359,530,https://www.twitch.tv/videos/2756627295
239947732521428d946087065b7c8e17,24300,1843552,0,0,0,,0,0,0,,0,0,0,,0,0,0,0,
de0e98c9266449b7874a942cbbb63a0d,24300,1765474,0,0,0,,0,0,0,,0,0,0,,3060,0,0,0,
824c0c36956f4a73bb3ec479dd8e4da8,24200,1051706,696,271,1113,https://www.youtube.com/watch?v=i7FDCAAusk4,280,55,280,https://www.youtube.com/watch?v=KimXh1nolKc,1113,486,1113,https://www.youtube.com/watch?v=i7FDCAAusk4,2431,0,0,0,
25388daec64e40f38ca0e5a3a88fedb7,24000,967192,391,219,4092,https://www.youtube.com/watch?v=oUGfzfvK6kE,351,207,993,https://www.youtube.com/watch?v=N3jYwIOt8cw,1639,1358,4092,https://www.youtube.com/watch?v=oUGfzfvK6kE,3372,0,0,0,
a060cd640cf44c2bb8d78d8ff2411e68,23900,1076133,605,283,6878,https://www.youtube.com/watch?v=b6VQ9DOpHBI,589,203,5022,https://www.youtube.com/watch?v=ndjtD3GVxtg,2894,1778,6878,https://www.youtube.com/watch?v=b6VQ9DOpHBI,0,0,0,0,
f0b85b56d1d84085aca5ab7f592bd7da,23800,2064190,197,120,20399,https://www.youtube.com/watch?v=ee6_4BT23D0,190,118,538,https://www.youtube.com/watch?v=21BZOVs3Xlc,1505,1136,20399,https://www.youtube.com/watch?v=ee6_4BT23D0,0,0,0,0,
a667c79cb8284de29d5843dc3eafcc57,23600,462584,819,482,5074,https://www.youtube.com/watch?v=lrVnQ7oa3Ug,697,195,4436,https://www.youtube.com/watch?v=chci4qskEME,3395,992,5074,https://www.youtube.com/watch?v=lrVnQ7oa3Ug,0,0,0,0,
67d348e6690c43729cce031e70a26645,23400,1083772,14033,5204,18492,https://www.youtube.com/watch?v=d5pyQZ_bYEs,0,0,0,,14033,5204,18492,https://www.youtube.com/watch?v=d5pyQZ_bYEs,30333,6219,3561,18448,https://www.twitch.tv/videos/2758091841
28a930938667442288010b333937e2ab,23300,1853534,2182,1412,3110,https://www.youtube.com/watch?v=sTrYH5FKUqc,0,0,0,,2182,1412,3110,https://www.youtube.com/watch?v=sTrYH5FKUqc,10528,1492,734,2236,https://www.twitch.tv/videos/2734494408
7c00b7dc73a240dc84d68be389732a0c,23200,1098382,236,140,443,https://www.youtube.com/watch?v=h5A65jbSNGM,234,131,259,https://www.youtube.com/watch?v=qfEMVvWzEeQ,443,212,443,https://www.youtube.com/watch?v=h5A65jbSNGM,0,0,0,0,
ae4eaef845fc4daaa8106a51a590e145,23200,1251716,585,278,4186,https://www.youtube.com/watch?v=IHQS4QXO3Gc,547,276,2102,https://www.youtube.com/watch?v=alCHFmN_uIc,3479,2295,4186,https://www.youtube.com/watch?v=IHQS4QXO3Gc,0,0,0,0,
f13832094d8b40fbb95d07732aa3c3c7,23200,414032,743,243,1967,https://www.youtube.com/watch?v=DSoRx3D5bdQ,697,230,1130,https://www.youtube.com/watch?v=CGutRPHBuFE,1541,610,1967,https://www.youtube.com/watch?v=DSoRx3D5bdQ,0,0,0,0,
dcebd098c3ea479ba2b0e32a2696a5ec,23100,865731,612,342,4555,https://www.youtube.com/watch?v=oevRSJswqXU,597,273,710,https://www.youtube.com/watch?v=c31EzWVotFg,4555,2966,4555,https://www.youtube.com/watch?v=oevRSJswqXU,0,0,0,0,
2be709cdd22f4a63a95504731ba79afd,23100,975129,642,246,3325,https://www.youtube.com/watch?v=VGlbvwn7_og,605,227,941,https://www.youtube.com/watch?v=6v7F6s39c1A,3325,1844,3325,https://www.youtube.com/watch?v=VGlbvwn7_og,0,0,0,0,
951dd0b605d04163b38de18262e9a438,22800,627560,0,0,0,,0,0,0,,0,0,0,,1477,117,96,181,https://www.twitch.tv/videos/2757363644
da4a58b114b94469a0a93f6b8ee7512d,22500,821573,598,326,1657,https://www.youtube.com/watch?v=umJbt1-DEGs,562,326,1211,https://www.youtube.com/watch?v=zIWfZFZ-510,1296,861,1657,https://www.youtube.com/watch?v=umJbt1-DEGs,12399,350,237,693,https://www.twitch.tv/videos/2743675436
18bd2d37e2e64f0cab20ec6a2b2f2474,22400,1037428,565,225,3386,https://www.youtube.com/watch?v=MbTTlO3bIlc,487,204,742,https://www.youtube.com/watch?v=S_VGHubIv-w,2388,1064,3386,https://www.youtube.com/watch?v=MbTTlO3bIlc,3011,419,292,629,https://www.twitch.tv/videos/2747065219
6dfe72bb90994dceb7b753908876307d,22300,1450952,744,308,17368,https://www.youtube.com/watch?v=Tfb7ulqpCdQ,663,307,1428,https://www.youtube.com/watch?v=J4hJnOm6UdU,5970,1937,17368,https://www.youtube.com/watch?v=Tfb7ulqpCdQ,0,0,0,0,
c0c35f0471774be2b33163ae20f2d6bb,22200,1313297,464,218,3054,https://www.youtube.com/watch?v=WUU_lhN2a3k,454,211,2261,https://www.youtube.com/watch?v=wtUcVjU81D0,2569,1179,3054,https://www.youtube.com/watch?v=WUU_lhN2a3k,0,0,0,0,
75ddc749133b4c498eb35ceac1e2a0b2,22200,2671090,456,215,1865,https://www.youtube.com/watch?v=Z5WXNquTwtk,455,202,846,https://www.youtube.com/watch?v=v6fizsAZZsk,1865,1027,1865,https://www.youtube.com/watch?v=Z5WXNquTwtk,0,0,0,0,
05317bcbe5f243abb85618d2669bd0d7,22200,402733,71,45,299,https://www.youtube.com/watch?v=8DElqkq7aHQ,71,45,206,https://www.youtube.com/watch?v=Wpy-wuYMY0Q,191,98,299,https://www.youtube.com/watch?v=8DElqkq7aHQ,0,0,0,0,
3809ec8a42634d11aa1b7b8f99755c6a,22100,1841822,5694,2278,5694,https://www.youtube.com/watch?v=Va4Y4RQyT5Y,0,0,0,,5694,2278,5694,https://www.youtube.com/watch?v=Va4Y4RQyT5Y,67351,3664,1018,11639,https://www.twitch.tv/videos/2741841004
3e6a09fe4ef744f987e27ae0f06cdf09,21900,664890,376,239,1430,https://www.youtube.com/watch?v=ZzPK0Ic4JP0,374,202,662,https://www.youtube.com/watch?v=jA4SDCQ_8Mo,1040,541,1430,https://www.youtube.com/watch?v=ZzPK0Ic4JP0,0,0,0,0,
60716febdfe949248e8f67d85634bec5,21600,8279497,468,181,1831,https://www.youtube.com/watch?v=yAm7VwP6iGc,0,0,0,,468,181,1831,https://www.youtube.com/watch?v=yAm7VwP6iGc,0,0,0,0,
7754dca48f524b938314a2b346772e4e,21600,1658356,1164,609,9588,https://www.youtube.com/watch?v=gwWPdpSxGeE,803,363,1516,https://www.youtube.com/watch?v=0OHUHnNADsM,8528,4443,9588,https://www.youtube.com/watch?v=gwWPdpSxGeE,0,0,0,0,
532b143e82d6452fac9a18d1d025a2af,21500,430894,306,156,2255,https://www.youtube.com/watch?v=nBANNj05H_o,280,144,941,https://www.youtube.com/watch?v=KjZe_B5FBX4,1104,307,2255,https://www.youtube.com/watch?v=nBANNj05H_o,0,0,0,0,
ffe3f2e400ab4237ac873ae9d5a0eda4,21400,852250,1586,435,5389,https://www.youtube.com/watch?v=rGa7yanhY1U,885,346,2163,https://www.youtube.com/watch?v=VSPhGz7HckU,2635,985,5389,https://www.youtube.com/watch?v=rGa7yanhY1U,0,0,0,0,
ec4bc8d279af43eaba4679b762bbbc59,21300,822754,0,0,0,,0,0,0,,0,0,0,,0,0,0,0,
2a310e9273014b12a0517d13d25697e1,21200,511311,0,0,0,,0,0,0,,0,0,0,,0,0,0,0,
7081557634db487fa467b0bd2f939f66,21100,844056,0,0,0,,0,0,0,,0,0,0,,0,0,0,0,
0f2ad43c618943d19d5101f2d3c49ac9,20800,977213,234,127,1805,https://www.youtube.com/watch?v=POIHOusUcfQ,0,0,0,,234,127,1805,https://www.youtube.com/watch?v=POIHOusUcfQ,177,0,0,0,
b63a5ee44acf4498827a3fd984ab23e0,20700,1439851,787,236,1112,https://www.youtube.com/watch?v=FqLsXlWEy-Y,787,236,1112,https://www.youtube.com/watch?v=FqLsXlWEy-Y,0,0,0,,0,0,0,0,
2ba32c49f08849f9a109b7e485c9c5a5,20700,929454,1497,489,14840,https://www.youtube.com/watch?v=dG5V9kYWb_U,724,332,1933,https://www.youtube.com/watch?v=_FB7YCtWrjY,3661,1740,14840,https://www.youtube.com/watch?v=dG5V9kYWb_U,0,0,0,0,
53c811a3e7814de2b76dd4e0c241a9e5,20700,648086,117,81,730,https://www.youtube.com/watch?v=VIEjht70dXQ,117,81,730,https://www.youtube.com/watch?v=VIEjht70dXQ,0,0,0,,618,0,0,0,
accbad7e89df4174a13b68edcae74068,20600,794681,493,165,10528,https://www.youtube.com/watch?v=mkz53j2dhvo,488,166,1011,https://www.youtube.com/watch?v=IxCj4f6uPW4,1097,161,10528,https://www.youtube.com/watch?v=mkz53j2dhvo,738,0,0,0,
38fcf8bc7f3f45d68bab44577c019c84,20600,740960,327,161,12404,https://www.youtube.com/watch?v=hTkv5nTr8K8,286,105,355,https://www.youtube.com/watch?v=7NVxElGUeKI,1025,266,12404,https://www.youtube.com/watch?v=hTkv5nTr8K8,0,0,0,0,
365db081229a4efeb4630f19587a96b2,20600,1247696,816,302,7276,https://www.youtube.com/watch?v=5WnlNeOlpeA,506,259,7276,https://www.youtube.com/watch?v=5WnlNeOlpeA,2010,1228,6493,https://www.youtube.com/watch?v=hspUE3HH8Yg,0,0,0,0,
cd88de8b4bc84a71975df9afb42192b8,20500,489739,3557,1321,16208,https://www.youtube.com/watch?v=lx8kD_fYAqQ,2577,936,16208,https://www.youtube.com/watch?v=lx8kD_fYAqQ,7625,1943,7625,https://www.youtube.com/watch?v=pmmYyNCMdBM,4120,0,0,0,
67d6807619064938a78832b4106de5c0,20500,894146,104,54,170,https://www.youtube.com/watch?v=8GPg2SxViWg,104,54,170,https://www.youtube.com/watch?v=8GPg2SxViWg,0,0,0,,3256,165,109,224,https://www.twitch.tv/videos/2747034970
7cecb437e7a54e07a29c3a164565957d,20500,1206975,773,400,2634,https://www.youtube.com/watch?v=8rbtTezR7Xk,483,322,2406,https://www.youtube.com/watch?v=MnLPdsoLBrs,1926,1010,2634,https://www.youtube.com/watch?v=8rbtTezR7Xk,0,0,0,0,
554ca19c3d924cacac1f680675b9fdd2,20500,180428,0,0,0,,0,0,0,,0,0,0,,0,0,0,0,
9d0fb5c59ea745f09934f3cfd932c393,20400,2873942,3456,1365,16812,https://www.youtube.com/watch?v=11OVNzzz83U,519,288,618,https://www.youtube.com/watch?v=7BctUsyeKME,6084,2826,16812,https://www.youtube.com/watch?v=11OVNzzz83U,0,0,0,0,
f7c8264349654390a5e39810dc012a38,20400,1425582,1260,513,1663,https://www.youtube.com/watch?v=dDd83hp-FzY,0,0,0,,1260,513,1663,https://www.youtube.com/watch?v=dDd83hp-FzY,0,0,0,0,
e9a9d88bf69e4c83842fe05b3ae1601b,20400,1104757,543,339,580,https://www.youtube.com/watch?v=H92UKVsx6uI,506,318,506,https://www.youtube.com/watch?v=MIUNxGbCjAg,580,360,580,https://www.youtube.com/watch?v=H92UKVsx6uI,13313,1039,475,2321,https://www.twitch.tv/videos/2737948609
adc9d30b5940427e96ae92238f0f8b83,20200,568744,334,146,9080,https://www.youtube.com/watch?v=oMAFg3rEido,258,107,2763,https://www.youtube.com/watch?v=RjPsE7PU_Eo,1775,540,9080,https://www.youtube.com/watch?v=oMAFg3rEido,868,0,0,0,
3e19e054b479401da231ebc3d3fab628,20000,629628,2669,2202,3042,https://www.youtube.com/watch?v=O1tkprNkYYE,0,0,0,,2669,2202,3042,https://www.youtube.com/watch?v=O1tkprNkYYE,0,0,0,0,
c9ece3513c804b3db003cd8fca683857,19900,778958,0,0,0,,0,0,0,,0,0,0,,8601,0,0,0,
36a96262405a4d4683db73d8403bf8b7,19800,1255923,654,395,2707,https://www.youtube.com/watch?v=_ZZp_YOekvI,585,395,702,https://www.youtube.com/watch?v=6dr-4ugm53U,2134,532,2707,https://www.youtube.com/watch?v=_ZZp_YOekvI,571,88,75,294,https://www.twitch.tv/videos/2755714861
88f782b3b6c6492c926f70e4a13390c9,19700,807003,339,159,1471,https://www.youtube.com/watch?v=-nA4QXUgnzE,317,118,542,https://www.youtube.com/watch?v=4_poEzdmMmk,978,541,1471,https://www.youtube.com/watch?v=-nA4QXUgnzE,834,186,176,275,https://www.twitch.tv/videos/2750624428
7b58646f89cb4b7cbcdce819499c475f,19500,381779,0,0,0,,0,0,0,,0,0,0,,0,0,0,0,
c540124532e14ceb8e9ffc654a0ec4c9,19500,28737157,507,214,53348,https://www.youtube.com/watch?v=iFbinc2gYy4,297,101,2019,https://www.youtube.com/watch?v=bT3co3mHcr8,14696,4990,53348,https://www.youtube.com/watch?v=iFbinc2gYy4,1592,39,23,58,https://www.twitch.tv/videos/2747731452
de266b34e79c49b48fa566e9fb1a24af,19200,1316562,782,291,1316,https://www.youtube.com/watch?v=50dM2YpHfPs,782,291,1316,https://www.youtube.com/watch?v=50dM2YpHfPs,0,0,0,,624,0,0,0,
05e831b267914fc5b4d9b28de1f648dc,19200,948392,0,0,0,,0,0,0,,0,0,0,,0,0,0,0,
6548fd18ecf84bd88112cd5babfa2a66,19100,670128,449,257,14381,https://www.youtube.com/watch?v=Zf7T4b437_0,408,186,2595,https://www.youtube.com/watch?v=v6Y1YZ8MJ80,2154,793,14381,https://www.youtube.com/watch?v=Zf7T4b437_0,2521,0,0,0,
ef67b676c0334ef182151f473469c1f1,18900,1117516,1027,422,2705,https://www.youtube.com/watch?v=Q60109uvkUQ,617,302,1666,https://www.youtube.com/watch?v=bRrtVJdD3SE,1711,662,2705,https://www.youtube.com/watch?v=Q60109uvkUQ,0,0,0,0,
cdb5c89f61c94949a989457cf549b7e4,18800,1287293,596,319,2474,https://www.youtube.com/watch?v=pxQ4T1GhUS0,577,291,799,https://www.youtube.com/watch?v=w_DwWb-fRNg,673,427,2474,https://www.youtube.com/watch?v=pxQ4T1GhUS0,0,0,0,0,
2c05340bb152419ebe0bd3fb6a78da80,18600,1839597,772,369,7358,https://www.youtube.com/watch?v=L1Moj-ndH9c,658,317,2516,https://www.youtube.com/watch?v=vj4o77wkUjA,1431,819,7358,https://www.youtube.com/watch?v=L1Moj-ndH9c,0,0,0,0,
9265e640081f4625bd36cd1235c75bc7,18500,39549,0,0,0,,0,0,0,,0,0,0,,2453,0,0,0,
6c0758764e674c6db2f985710fcfbd7b,18500,1253593,814,531,4920,https://www.youtube.com/watch?v=aQUHHlXOQX0,643,342,887,https://www.youtube.com/watch?v=iY3MOy9MgPE,2312,993,4920,https://www.youtube.com/watch?v=aQUHHlXOQX0,0,0,0,0,
ebc44e2ba78f4790b832d02c31410262,18100,677042,238,132,3464,https://www.youtube.com/watch?v=jMzYscoKhVY,202,93,385,https://www.youtube.com/watch?v=EcYsocWv_S8,1680,651,3464,https://www.youtube.com/watch?v=jMzYscoKhVY,524,283,232,733,https://www.twitch.tv/videos/2756661788
05be4fb717614738a87daac46157ddb1,18100,1234175,408,181,1469,https://www.youtube.com/watch?v=yEvoY1T-AV0,366,198,645,https://www.youtube.com/watch?v=xQbg11TDeUM,1469,126,1469,https://www.youtube.com/watch?v=yEvoY1T-AV0,0,0,0,0,
2a28e77671ae43d7bccec54e7e956dd9,18000,220819,0,0,0,,0,0,0,,0,0,0,,0,0,0,0,
e9ec2395070144b0af7231570e06a743,17900,77141,0,0,0,,0,0,0,,0,0,0,,0,0,0,0,
0bfd032de03c48a4bd7d1f4505335a7d,17900,812957,307,171,569,https://www.youtube.com/watch?v=JII0tO3N8tY,307,171,569,https://www.youtube.com/watch?v=JII0tO3N8tY,0,0,0,,0,0,0,0,
aaa45dc386714427ba862f691d4471ac,17800,1700432,1107,350,6501,https://www.youtube.com/watch?v=6tAlIoZHsi8,521,280,1533,https://www.youtube.com/watch?v=tKlr1LRAKT8,1978,816,6501,https://www.youtube.com/watch?v=6tAlIoZHsi8,1508,0,0,0,
ed3f69b9de7c43f3a32b4e7dfdb5bfd0,17700,652774,208,111,6335,https://www.youtube.com/watch?v=J6ij2zd0WBU,182,97,336,https://www.youtube.com/watch?v=n1BDMrHK25I,1678,1038,6335,https://www.youtube.com/watch?v=J6ij2zd0WBU,0,0,0,0,
71cee502a14d4ef1b9b0264fa2db8987,17700,0,0,0,0,,0,0,0,,0,0,0,,5530,0,0,0,
090be1be8d29429183e190e22fc4be22,17600,1081247,1294,307,3311,https://www.youtube.com/watch?v=lU2xPBLMdbg,729,324,3311,https://www.youtube.com/watch?v=lU2xPBLMdbg,1913,290,2478,https://www.youtube.com/watch?v=6l1a-zFaoR0,3870,375,288,548,https://www.twitch.tv/videos/2755133404
6c7a8b443aa942a89a83485c98d10559,17400,1530960,264,87,451,https://www.youtube.com/watch?v=u9cE-i5LXps,263,107,451,https://www.youtube.com/watch?v=u9cE-i5LXps,364,55,364,https://www.youtube.com/watch?v=HOeQM_kJ0AA,0,0,0,0,
936b23e5e87144108c5d3f09f194c8b8,17300,1352470,252,112,422,https://www.youtube.com/watch?v=TIOwrqTPRJw,252,112,422,https://www.youtube.com/watch?v=TIOwrqTPRJw,0,0,0,,6854,0,0,0,
49eca1ea30a8425a8967677070c95627,17000,749049,542,248,2609,https://www.youtube.com/watch?v=l6IE0UpHGVE,515,214,704,https://www.youtube.com/watch?v=7K1qlJxn1rs,1906,350,2609,https://www.youtube.com/watch?v=l6IE0UpHGVE,0,0,0,0,
139f3f1818a2420aa35d5471adaf1a73,16900,606848,284,169,1037,https://www.youtube.com/watch?v=vuwNGq62flI,293,158,1037,https://www.youtube.com/watch?v=vuwNGq62flI,189,179,189,https://www.youtube.com/watch?v=0G5c2mY_guU,0,0,0,0,
470d1cb40a5e460e8cdc1414c5fd1a34,16800,359925,578,503,2659,https://www.youtube.com/watch?v=3Vzbku6GnJo,578,503,2659,https://www.youtube.com/watch?v=3Vzbku6GnJo,0,0,0,,1294,0,0,0,
bf58297d50a741e5b1808ec4c445f216,16800,3899403,1486,635,82699,https://www.youtube.com/watch?v=1-uqubxYB1I,353,203,509,https://www.youtube.com/watch?v=saoNeJ_TyDA,4181,1310,82699,https://www.youtube.com/watch?v=1-uqubxYB1I,0,0,0,0,
2ada3b89962b479bb8dbd2a63bca5da1,16700,1226454,367,141,505,https://www.youtube.com/watch?v=y8wEjxAJVuo,367,141,505,https://www.youtube.com/watch?v=y8wEjxAJVuo,0,0,0,,0,0,0,0,
7870ac4364ca4c97a4dfe7474251bf5b,16700,709046,786,456,41432,https://www.youtube.com/watch?v=e4TIXfBv-wA,760,450,1667,https://www.youtube.com/watch?v=KzEZR8FMGv8,21969,13905,41432,https://www.youtube.com/watch?v=e4TIXfBv-wA,0,0,0,0,
f6fe970a79964cca9dcec4741f0f679b,16700,1572899,2380,1467,33622,https://www.youtube.com/watch?v=huFK1-Vufr8,0,0,0,,2380,1467,33622,https://www.youtube.com/watch?v=huFK1-Vufr8,85349,35418,17585,117248,https://www.twitch.tv/videos/2755716754
fbb142bcb07a4808b0164c41ab1877ea,16600,1496062,289,188,2272,https://www.youtube.com/watch?v=Z3-FR8lfhbc,264,158,694,https://www.youtube.com/watch?v=BAUuXxCSLmY,1791,646,2272,https://www.youtube.com/watch?v=Z3-FR8lfhbc,0,0,0,0,
8796ee6fb25b4b40a8ad9a188059951a,16500,590591,234,120,476,https://www.youtube.com/watch?v=CrzAEeoez18,234,120,476,https://www.youtube.com/watch?v=CrzAEeoez18,0,0,0,,0,0,0,0,
1ac97b8deb08470dafc128557532dd52,16400,1193858,941,296,24877,https://www.youtube.com/watch?v=-2wumBTm-hY,322,122,531,https://www.youtube.com/watch?v=nUo5qHrSFZA,2580,1287,24877,https://www.youtube.com/watch?v=-2wumBTm-hY,418,0,0,0,
c61d5dd825d5423fac8fd1bc0596d1ff,16300,421239,438,213,5620,https://www.youtube.com/watch?v=ra7rCVk5RPI,387,170,811,https://www.youtube.com/watch?v=6VMpY9eBPfA,3150,772,5620,https://www.youtube.com/watch?v=ra7rCVk5RPI,0,0,0,0,
57903e09a68f4997b7c4bc356cd5e64d,16300,759808,833,480,5640,https://www.youtube.com/watch?v=3U0160zOKsU,695,349,1017,https://www.youtube.com/watch?v=ZWZYtkpQBiI,5457,1214,5640,https://www.youtube.com/watch?v=3U0160zOKsU,0,0,0,0,
0b63fa89b80e4649b0297d156ed1c791,16300,1392461,1161,613,2149,https://www.youtube.com/watch?v=F-r1VyFF5j0,776,611,1480,https://www.youtube.com/watch?v=ZXUODtzEqkI,1458,751,2149,https://www.youtube.com/watch?v=F-r1VyFF5j0,0,0,0,0,
3b1860c399f445469efdda27cf8d9156,16300,586786,210,70,483,https://www.youtube.com/watch?v=fniruDS4idk,210,70,483,https://www.youtube.com/watch?v=fniruDS4idk,0,0,0,,1093,31,16,84,https://www.twitch.tv/videos/2747081755
78e76a50d39f46ecbbdd81ae2133706c,16300,33377,0,0,0,,0,0,0,,0,0,0,,157,0,0,0,
c379e3f4f1eb41869ec465481b182e50,16200,678306,700,375,2774,https://www.youtube.com/watch?v=GxRL3MjKC0E,624,351,2774,https://www.youtube.com/watch?v=GxRL3MjKC0E,1701,631,2282,https://www.youtube.com/watch?v=yy7TnpuVKo0,0,0,0,0,
2885972c2d0943e6b697bdc5e72c1d4a,16000,284675,317,206,423,https://www.youtube.com/watch?v=xlrJy06CMM0,317,206,423,https://www.youtube.com/watch?v=xlrJy06CMM0,0,0,0,,0,0,0,0,
76d68171666847cc913328359037139c,16000,712486,410,135,19243,https://www.youtube.com/watch?v=IEaiJvkRRKU,345,102,908,https://www.youtube.com/watch?v=DkY59bBJxs8,2177,1347,19243,https://www.youtube.com/watch?v=IEaiJvkRRKU,1637,0,0,0,
d3a75c3d9f204420808f38ed629becf4,15900,0,0,0,0,,0,0,0,,0,0,0,,1464,0,0,0,
ec30041838214022aeb622c0851e46db,15800,807685,465,407,10727,https://www.youtube.com/watch?v=Xb5ubUuJuWA,110,15,141,https://www.youtube.com/watch?v=KQvvBD5Ik2w,5448,2958,10727,https://www.youtube.com/watch?v=Xb5ubUuJuWA,4867,519,314,745,https://www.twitch.tv/videos/2756470093
221563b6b46245379c6dc6328c9d0447,15700,1122463,131,7,131,https://www.youtube.com/watch?v=Zzml16IaGOM,0,0,0,,131,7,131,https://www.youtube.com/watch?v=Zzml16IaGOM,0,0,0,0,
5db725f32b5e4e1380ad64110b88c91d,15700,4937370,72,57,184,https://www.youtube.com/watch?v=7ju4DZg26Ks,72,57,184,https://www.youtube.com/watch?v=7ju4DZg26Ks,0,0,0,,1048,0,0,0,
71e1a399885b48e79c9a98e973e6b5e3,15700,5723155,2370,1324,17883,https://www.youtube.com/watch?v=PVGXtFrYbKE,0,0,0,,2370,1324,17883,https://www.youtube.com/watch?v=PVGXtFrYbKE,679,0,0,0,
b174714646ea40e28ce32affabe3e93e,15600,622728,867,735,3445,https://www.youtube.com/watch?v=ESMLxmhF7-w,772,491,2031,https://www.youtube.com/watch?v=L0QKRVbfQBQ,2391,1356,3445,https://www.youtube.com/watch?v=ESMLxmhF7-w,649,0,0,0,
656455380d524045b9f75d6082563f94,15600,1436611,204,122,1745,https://www.youtube.com/watch?v=W5v-EDEhMBE,182,92,245,https://www.youtube.com/watch?v=TJ8pgD9afvs,1573,1112,1745,https://www.youtube.com/watch?v=W5v-EDEhMBE,659,0,0,0,
77533b0fb2324e33bff67fbbf4daf13f,15400,3906228,604,355,1327,https://www.youtube.com/watch?v=pWJgNk4uJYU,1178,507,1327,https://www.youtube.com/watch?v=pWJgNk4uJYU,520,314,604,https://www.youtube.com/watch?v=d5j6ZT6jC-0,1464,11,9,11,https://www.twitch.tv/videos/2755897405
5d8a211269e449868dc84cc422ae0ec7,15300,22590,0,0,0,,0,0,0,,0,0,0,,0,0,0,0,
e93182ff3a954e0e92567136dc3659ed,15200,412161,241,94,1850,https://www.youtube.com/watch?v=WlYgP1RHkbE,218,93,387,https://www.youtube.com/watch?v=lzemCpOSPfY,1568,158,1850,https://www.youtube.com/watch?v=WlYgP1RHkbE,0,0,0,0,
fd7a69505569429fb845ac056825f3a9,15200,1561536,147,67,287,https://www.youtube.com/watch?v=mDQM3Ta7tT4,148,57,287,https://www.youtube.com/watch?v=mDQM3Ta7tT4,113,92,113,https://www.youtube.com/watch?v=kPMsIWOpEPg,0,0,0,0,
0f595c5e48be4f29befb358388a61f8b,15200,1222320,0,0,0,,0,0,0,,0,0,0,,385,0,0,0,
88aa589d4a3648738e49243d2056d03b,15000,915691,0,0,0,,0,0,0,,0,0,0,,1834,0,0,0,
1d2404a7bd5a4baab9473392d62e7ca9,14900,493119,0,0,0,,0,0,0,,0,0,0,,8178,0,0,0,
03762df738044b09a1e216949158c8a4,14700,250054,226,212,226,https://www.youtube.com/watch?v=dvnwK_-rp98,226,212,226,https://www.youtube.com/watch?v=dvnwK_-rp98,0,0,0,,2426,610,447,942,https://www.twitch.tv/videos/2755071439
5f8930a469f94b5cad116810f68a2614,14600,397872,1236,784,3906,https://www.youtube.com/watch?v=AUngejQemCM,1236,784,3906,https://www.youtube.com/watch?v=AUngejQemCM,1135,542,1962,https://www.youtube.com/watch?v=5ELHcBILVNw,0,0,0,0,
6a30fc9ee6f24d839198497406c63cc1,14600,2016592,239,89,1653,https://www.youtube.com/watch?v=nxitlYAHHoY,95,53,96,https://www.youtube.com/watch?v=vv3uT9806Sc,251,94,1653,https://www.youtube.com/watch?v=nxitlYAHHoY,524,0,0,0,
d32bd28cd67b4e64a56b24f9a76dadcd,14600,805906,0,0,0,,0,0,0,,0,0,0,,297,0,0,0,
0ba1bc3725a9456aa0f66ec951ad47eb,14600,745511,724,567,4268,https://www.youtube.com/watch?v=gycuQ5LYmQY,342,162,798,https://www.youtube.com/watch?v=zQJIRoHscUg,2293,1110,4268,https://www.youtube.com/watch?v=gycuQ5LYmQY,6107,579,195,1164,https://www.twitch.tv/videos/2735508956
d5c19a6328af48ba88bf41b2dd757f14,14500,690424,221,149,2698,https://www.youtube.com/watch?v=mApWlic5-1M,188,101,236,https://www.youtube.com/watch?v=TkRvdIMhb_s,1954,1223,2698,https://www.youtube.com/watch?v=mApWlic5-1M,0,0,0,0,
ac1ce1eeaffa4e58a8155c20d8f85ff3,14500,573801,452,224,1615,https://www.youtube.com/watch?v=0S8ac1nC4zk,438,197,1615,https://www.youtube.com/watch?v=0S8ac1nC4zk,1062,893,1417,https://www.youtube.com/watch?v=AjEAB7yziA0,5237,0,0,0,
15e4450f63904e50907dc93fee446fd2,14400,893755,963,474,2456,https://www.youtube.com/watch?v=qL9qVL9TPzQ,666,239,1392,https://www.youtube.com/watch?v=rdMP0Fm-tac,1997,949,2456,https://www.youtube.com/watch?v=qL9qVL9TPzQ,0,0,0,0,
bf197e3d2cd6400db5f7e397427965e5,14300,410610,116,59,176,https://www.youtube.com/watch?v=MNoSdjiH2E0,116,59,176,https://www.youtube.com/watch?v=MNoSdjiH2E0,0,0,0,,272,0,0,0,
031e5c207b634c6ab08dbc0a361ba52e,14300,416464,335,123,1870,https://www.youtube.com/watch?v=Eygr91ZGaU0,335,123,1870,https://www.youtube.com/watch?v=Eygr91ZGaU0,0,0,0,,458,0,0,0,
1a1942f52ea74121923497e7e0cfd6a5,14300,672048,189,80,245,https://www.youtube.com/watch?v=x2I7oKWdnTg,189,80,245,https://www.youtube.com/watch?v=x2I7oKWdnTg,0,0,0,,0,0,0,0,
8eec9fd38e7440f09bf1bc864e4d6e38,14200,497512,881,318,3264,https://www.youtube.com/watch?v=exi2rGrr-aI,734,206,1757,https://www.youtube.com/watch?v=oA7LKIGthBI,2181,1043,3264,https://www.youtube.com/watch?v=exi2rGrr-aI,2846,2906,2531,6556,https://www.twitch.tv/videos/2753506790
ec183b10574a449f91e43ab216976a60,14200,1090256,1246,719,5289,https://www.youtube.com/watch?v=ztlZ7ZQZtgo,996,438,2940,https://www.youtube.com/watch?v=OzqRUy2zaBA,4157,1733,5289,https://www.youtube.com/watch?v=ztlZ7ZQZtgo,1234,0,0,0,
b5561ece0c9b4f4a8fccdd3b36ee3260,14100,823386,642,258,9000,https://www.youtube.com/watch?v=a_9yV5Xb0F0,241,199,305,https://www.youtube.com/watch?v=vIiOqpywayk,3628,1516,9000,https://www.youtube.com/watch?v=a_9yV5Xb0F0,0,0,0,0,
2d57d202ef8e46a5871302b944309bc2,14100,1258562,63,30,65,https://www.youtube.com/watch?v=Y6b7wAIspiI,63,30,65,https://www.youtube.com/watch?v=Y6b7wAIspiI,0,0,0,,0,0,0,0,
81699719ffc04e4e92bb3207ab8a7a83,14100,562264,537,409,3616,https://www.youtube.com/watch?v=cSAvm98_nDQ,522,351,3616,https://www.youtube.com/watch?v=cSAvm98_nDQ,2206,1315,3053,https://www.youtube.com/watch?v=G2Obm12PKd4,445,0,0,0,
09600daf1956476190642d1be738e945,14100,1126819,827,390,18012,https://www.youtube.com/watch?v=2gTgFM45Y44,813,357,1267,https://www.youtube.com/watch?v=zEJ4tb-ydYQ,5571,1467,18012,https://www.youtube.com/watch?v=2gTgFM45Y44,0,0,0,0,
c4bc52355d334a98bdaa1e57c05673ad,14000,1097824,405,189,899,https://www.youtube.com/watch?v=D6a8DfmfBek,405,189,899,https://www.youtube.com/watch?v=D6a8DfmfBek,0,0,0,,0,0,0,0,
7c5232b16a1d44498677ed33e72bd8c6,13900,520272,400,213,3912,https://www.youtube.com/watch?v=KJaxl2GUHWA,357,211,2461,https://www.youtube.com/watch?v=_gb3bzGQG4k,2517,1018,3912,https://www.youtube.com/watch?v=KJaxl2GUHWA,0,0,0,0,
0471d5082a2e419786e141d6424c9150,13900,1388222,941,383,16368,https://www.youtube.com/watch?v=QuEWMVrmTPo,291,170,619,https://www.youtube.com/watch?v=qtXOU4pxAZM,2206,1163,16368,https://www.youtube.com/watch?v=QuEWMVrmTPo,7794,935,641,95924,https://www.twitch.tv/videos/2757278155
44af52f7f6aa487e850b3d261947205b,13800,1928851,302,177,3608,https://www.youtube.com/watch?v=FYzjx5Kx-X4,261,134,1653,https://www.youtube.com/watch?v=azVQKps6S74,2336,659,3608,https://www.youtube.com/watch?v=FYzjx5Kx-X4,114,110,68,175,https://www.twitch.tv/videos/2757355186
abc7acc71b474ebebecfde51ad5f88e1,13800,541592,187,75,201,https://www.youtube.com/watch?v=YsDxQN9VkI8,187,75,201,https://www.youtube.com/watch?v=YsDxQN9VkI8,0,0,0,,1641,0,0,0,
7ef2dc851df94f5aa7f632c736b4307e,13700,471826,252,55,262,https://www.youtube.com/watch?v=AKEVy6-x8pI,260,142,262,https://www.youtube.com/watch?v=AKEVy6-x8pI,57,22,62,https://www.youtube.com/watch?v=vsCW2-J-7i4,646,0,0,0,
ad2a1148ff4747229694f9aa2c3645d9,13700,1020745,587,167,1824,https://www.youtube.com/watch?v=4fdSHUJeSn4,198,96,587,https://www.youtube.com/watch?v=tXsHKLsEAqQ,1516,788,1824,https://www.youtube.com/watch?v=4fdSHUJeSn4,0,0,0,0,
4d8babea181e44df9855f3aafc06eb2c,13700,779954,505,169,7218,https://www.youtube.com/watch?v=bPoPWAH9R5M,293,141,1204,https://www.youtube.com/watch?v=hYiyM-eo-8Q,2132,775,7218,https://www.youtube.com/watch?v=bPoPWAH9R5M,0,0,0,0,
08184fac3ec1408a8009f2e7078794dd,13500,315389,0,0,0,,0,0,0,,0,0,0,,0,0,0,0,
7587608de08740aeb1a8dbe40006b90d,13500,1072081,2413,699,3016,https://www.youtube.com/watch?v=7lvNAu2wlBo,0,0,0,,2413,699,3016,https://www.youtube.com/watch?v=7lvNAu2wlBo,2437,795,254,1267,https://www.twitch.tv/videos/2756625031
4571c7a211b945f3b608c0066f7e73e4,13400,3260228,274,87,467,https://www.youtube.com/watch?v=XvY5k1g4TW0,274,87,467,https://www.youtube.com/watch?v=XvY5k1g4TW0,0,0,0,,821,94,77,94,https://www.twitch.tv/videos/2754283722
a51be890a1f443ea87bee45c9d8acf13,13300,912335,2661,1125,4104,https://www.youtube.com/watch?v=yor-N5QBlEY,0,0,0,,2661,1125,4104,https://www.youtube.com/watch?v=yor-N5QBlEY,17953,4012,1060,7346,https://www.twitch.tv/videos/2752488899
5d2231ea88fd474d8a11e5a759899216,13300,3382239,611,203,2674,https://www.youtube.com/watch?v=Yk5-BiBkRxA,588,195,953,https://www.youtube.com/watch?v=_kpqJht11uY,1831,1534,2674,https://www.youtube.com/watch?v=Yk5-BiBkRxA,212,0,0,0,
0448e6929687421c9e0435832765b9fe,13300,319006,292,90,333,https://www.youtube.com/watch?v=7zMIQsbkgq8,292,90,333,https://www.youtube.com/watch?v=7zMIQsbkgq8,0,0,0,,2674,433,369,1932,https://www.twitch.tv/videos/2758312568
1a520f3d2665454f985490e42467ae27,13200,475940,382,216,1470,https://www.youtube.com/watch?v=2FmiyOhiWhg,323,215,1247,https://www.youtube.com/watch?v=85JBRZBG4cU,1188,621,1470,https://www.youtube.com/watch?v=2FmiyOhiWhg,0,0,0,0,
70b86c53cafa43b49e2782fe4e4bbd6c,13100,792041,465,216,1166,https://www.youtube.com/watch?v=LrGR2DCJ5a0,432,207,679,https://www.youtube.com/watch?v=l2zcjy3IrfU,589,390,1166,https://www.youtube.com/watch?v=LrGR2DCJ5a0,0,0,0,0,
390346240f4748bd9d81e472411c20c2,13100,319512,1187,492,1187,https://www.youtube.com/watch?v=FuWZF77v6Eo,1187,492,1187,https://www.youtube.com/watch?v=FuWZF77v6Eo,0,0,0,,3651,0,0,0,
cad7f93653b54779932a6809a5f3a769,13000,344340,306,168,521,https://www.youtube.com/watch?v=YVtd8BtFyKg,306,168,521,https://www.youtube.com/watch?v=YVtd8BtFyKg,0,0,0,,1253,607,460,676,https://www.twitch.tv/videos/2754194827
3d46fb16bc2c48fb8f12a647cf5ec702,13000,1078010,865,431,4842,https://www.youtube.com/watch?v=x0AzrIMr_-g,790,300,4842,https://www.youtube.com/watch?v=x0AzrIMr_-g,1695,793,3131,https://www.youtube.com/watch?v=lcSQSEl9L0w,0,0,0,0,
f73be498fddd4e718f18f8203af00f33,13000,450332,247,110,420,https://www.youtube.com/watch?v=uA-yy3PDiOE,247,110,420,https://www.youtube.com/watch?v=uA-yy3PDiOE,0,0,0,,515,0,0,0,
1eec022f916a46b58f5124936afdabe3,13000,321355,304,171,2154,https://www.youtube.com/watch?v=3kK0yDU7cXw,243,166,333,https://www.youtube.com/watch?v=-_x3eXCxtOk,1101,406,2154,https://www.youtube.com/watch?v=3kK0yDU7cXw,0,0,0,0,
788611c913b04d999011628637657bee,12900,1439350,973,413,6627,https://www.youtube.com/watch?v=_5lRTqPjqEM,706,370,2274,https://www.youtube.com/watch?v=jrwce7aZ6Rk,2346,1213,6627,https://www.youtube.com/watch?v=_5lRTqPjqEM,2303,303,218,1157,https://www.twitch.tv/videos/2754001649
0ab147ded84b484eac14de7a46c9cf4e,12900,659777,315,162,4786,https://www.youtube.com/watch?v=CR2CFBNdqIo,296,131,727,https://www.youtube.com/watch?v=oTOFIl7dEuo,1198,900,4786,https://www.youtube.com/watch?v=CR2CFBNdqIo,0,0,0,0,
5ee3c46f62cf4b34accc313fb437581b,12800,163750,298,235,628,https://www.youtube.com/watch?v=4mu0zukulRY,298,235,628,https://www.youtube.com/watch?v=4mu0zukulRY,0,0,0,,0,0,0,0,
a168211aa3dd451cb33e09b80df0ea0a,12800,371212,95,53,350,https://www.youtube.com/watch?v=PgO2hZwcKpI,95,53,350,https://www.youtube.com/watch?v=PgO2hZwcKpI,145,12,145,https://www.youtube.com/watch?v=TGVtbnbe44k,547,0,0,0,
2ee2acc29fac42c5b130558543cbdf00,12800,822344,275,138,3975,https://www.youtube.com/watch?v=Ql8fAVUBQ0k,256,125,490,https://www.youtube.com/watch?v=NYBO8UW0dpg,1717,847,3975,https://www.youtube.com/watch?v=Ql8fAVUBQ0k,852,22,19,32,https://www.twitch.tv/videos/2756655071
fbced2373c5a48f6abee998296f20617,12800,184550,167,87,220,https://www.youtube.com/watch?v=k2PVnNsEhtA,167,87,220,https://www.youtube.com/watch?v=k2PVnNsEhtA,0,0,0,,0,0,0,0,
15cbed02d2f74630b04b73515909c1f4,12700,450131,180,133,207,https://www.youtube.com/watch?v=cnotfzmicec,180,133,207,https://www.youtube.com/watch?v=cnotfzmicec,0,0,0,,2459,0,0,0,
20aa88e16d77400b9bc4e72df1b2a588,12700,404787,555,258,2026,https://www.youtube.com/watch?v=C3Gp2pDV05c,396,193,614,https://www.youtube.com/watch?v=dxBTuibIbq4,1605,541,2026,https://www.youtube.com/watch?v=C3Gp2pDV05c,0,0,0,0,
68820304b6164959806479d6c9dad127,12700,514037,832,476,15131,https://www.youtube.com/watch?v=U-a0-IjwPVU,817,393,2431,https://www.youtube.com/watch?v=wZlsvpEZqCE,2258,1312,15131,https://www.youtube.com/watch?v=U-a0-IjwPVU,0,0,0,0,
5fbcb045887b4a87878773dbf5f63e26,12600,356039,302,160,2369,https://www.youtube.com/watch?v=Xbm70NAohjY,288,149,1018,https://www.youtube.com/watch?v=5b2Ro2w9x8Y,1990,1704,2369,https://www.youtube.com/watch?v=Xbm70NAohjY,1329,509,313,556,https://www.twitch.tv/videos/2747043249
3005ff0c09064d7f924c506e1e9c18ba,12600,500694,1513,689,1721,https://www.youtube.com/watch?v=ZHxQqjcUWx8,0,0,0,,1513,689,1721,https://www.youtube.com/watch?v=ZHxQqjcUWx8,22518,2696,1368,4487,https://www.twitch.tv/videos/2737230185
633c7350aca946428e98228660ee73e2,12300,510579,439,169,3289,https://www.youtube.com/watch?v=WIGmlv6-2zI,436,179,923,https://www.youtube.com/watch?v=xnLyFa0KGVA,439,107,3289,https://www.youtube.com/watch?v=WIGmlv6-2zI,0,0,0,0,
22fd5004e4a34134b6855525e01cda73,12200,53083,0,0,0,,0,0,0,,0,0,0,,0,0,0,0,
2a3824dd5c0a46f597b27dd183283aea,12200,5466931,464,217,17302,https://www.youtube.com/watch?v=vm0JZpOaAKo,202,99,1184,https://www.youtube.com/watch?v=8Xr2mZBXp5c,7434,3452,17302,https://www.youtube.com/watch?v=vm0JZpOaAKo,0,0,0,0,
3a8f78d98fd344cb9d32358e5c96eace,12100,590857,1577,629,14626,https://www.youtube.com/watch?v=Ab-Yg8v6eBQ,1010,464,1914,https://www.youtube.com/watch?v=jnPahQaCYiw,2742,1436,14626,https://www.youtube.com/watch?v=Ab-Yg8v6eBQ,3579,0,0,0,
126103200de947a7a3c2ac3971eef633,12100,241121,0,0,0,,0,0,0,,0,0,0,,0,0,0,0,
316dd044dc644c4cac9e140dcba5d210,12000,924914,114,109,1331,https://www.youtube.com/watch?v=kBRR3yTsAnU,0,0,0,,114,109,1331,https://www.youtube.com/watch?v=kBRR3yTsAnU,1203,235,182,492,https://www.twitch.tv/videos/2757494445
36497373f4734ce49ea8cb6a703f050b,12000,3883,0,0,0,,0,0,0,,0,0,0,,1348,0,0,0,
7cbd1f537c3d4e67b38b9f9e31cb93d6,12000,283074,406,197,616,https://www.youtube.com/watch?v=YJrY4zboafI,406,197,616,https://www.youtube.com/watch?v=YJrY4zboafI,0,0,0,,3218,843,288,25222,https://www.twitch.tv/videos/2746214596
b1939ca67a3c43cf8a6a0a9a88137419,12000,240610,422,204,2435,https://www.youtube.com/watch?v=FlfEpK4S_zE,232,162,497,https://www.youtube.com/watch?v=L-Sohr6RT1o,1752,782,2435,https://www.youtube.com/watch?v=FlfEpK4S_zE,0,0,0,0,
8195d69546e3466c95f9d35ccb7c6c35,12000,1292868,613,314,1403,https://www.youtube.com/watch?v=HnVA8_U_rh8,544,265,1128,https://www.youtube.com/watch?v=7iYNj_OCidg,1286,718,1403,https://www.youtube.com/watch?v=HnVA8_U_rh8,0,0,0,0,
976e0cf401784d3f874dc85b2b2c5839,12000,1150774,411,258,2286,https://www.youtube.com/watch?v=eNppJf5T8i0,406,254,713,https://www.youtube.com/watch?v=LrW0XsxSAuE,1864,1544,2286,https://www.youtube.com/watch?v=eNppJf5T8i0,3007,610,401,610,https://www.twitch.tv/videos/2750266610
d2c76258b7ff45ee88e3585c4c9ed0c1,12000,386957,0,0,0,,0,0,0,,0,0,0,,3806,0,0,0,
60ae2b3fd2254689bb65c216a0a09605,12000,52702,0,0,0,,0,0,0,,0,0,0,,0,0,0,0,
b57162e62056494d85f1743abdbad648,12000,646358,692,4,692,https://www.youtube.com/watch?v=QohUUZi21b4,692,4,692,https://www.youtube.com/watch?v=QohUUZi21b4,0,0,0,,309,0,0,0,
6e51f06f6a02439d82b213b623cda4e8,12000,457221,220,119,2140,https://www.youtube.com/watch?v=O22YfkpW3Og,207,111,1998,https://www.youtube.com/watch?v=u3Hk5NqbZ_U,2140,559,2140,https://www.youtube.com/watch?v=O22YfkpW3Og,0,0,0,0,
92335c98e0b244eda7a8660694d90f70,12000,0,0,0,0,,0,0,0,,0,0,0,,0,0,0,0,
675071ddbd4844119d341bbfd6a0ee2a,11900,360798,417,198,25445,https://www.youtube.com/watch?v=CUrE64opgUI,394,187,1984,https://www.youtube.com/watch?v=YK7AOGcR_18,7252,3036,25445,https://www.youtube.com/watch?v=CUrE64opgUI,0,0,0,0,
774342c826924ecfb8b13a2bc27e3b81,11900,2584954,199,144,2813,https://www.youtube.com/watch?v=AOsqQeknDPU,146,79,223,https://www.youtube.com/watch?v=bw2KyzaEj_w,1905,809,2813,https://www.youtube.com/watch?v=AOsqQeknDPU,0,0,0,0,
6559d42f66684b8f80b4cd4589addd85,11900,748726,237,77,711,https://www.youtube.com/watch?v=tHyz4y9rFs8,237,97,711,https://www.youtube.com/watch?v=tHyz4y9rFs8,164,25,164,https://www.youtube.com/watch?v=e-2mD4Iq_6M,3671,143,95,175,https://www.twitch.tv/videos/2747860665
93a4d479e67242d58d3ff80307d3bc84,11900,388248,477,196,1348,https://www.youtube.com/watch?v=U9WONOWHJnU,271,126,477,https://www.youtube.com/watch?v=7a35Wt-qI-8,1073,504,1348,https://www.youtube.com/watch?v=U9WONOWHJnU,187,112,77,124,https://www.twitch.tv/videos/2748631511
703ae2c7ccc9431382a5b0f2c35e6ec1,11800,745723,448,80,495,https://www.youtube.com/watch?v=fTOl2AO4nHw,448,80,495,https://www.youtube.com/watch?v=fTOl2AO4nHw,0,0,0,,0,0,0,0,
341ca5efce084743977d3b74315a30ab,11800,595815,711,439,3205,https://www.youtube.com/watch?v=bXexM30EVAE,697,354,1218,https://www.youtube.com/watch?v=Zwlvmu6mAKY,2520,1727,3205,https://www.youtube.com/watch?v=bXexM30EVAE,1475,446,319,698,https://www.twitch.tv/videos/2753489018
4558095012964943921cd8a376a192fd,11700,440328,0,0,0,,0,0,0,,0,0,0,,6353,637,269,1071,https://www.twitch.tv/videos/2734722943
8faff7aecb9d4e12917ea0144696e2de,11700,493224,284,105,753,https://www.youtube.com/watch?v=G0q1TVvS0pk,284,105,753,https://www.youtube.com/watch?v=G0q1TVvS0pk,0,0,0,,855,254,199,799,https://www.twitch.tv/videos/2748391738
5f0afd7885894861925e7030c096297e,11600,551709,367,231,1350,https://www.youtube.com/watch?v=EAb2Ea-UmCk,367,231,1350,https://www.youtube.com/watch?v=EAb2Ea-UmCk,0,0,0,,0,0,0,0,
1d14efa0dfb34515831c46b7dfddf819,11600,781315,0,0,0,,0,0,0,,0,0,0,,0,0,0,0,
82e63a8d4ae14beab89e13b43b35fce3,11600,328485,163,111,540,https://www.youtube.com/watch?v=YBWE4zCd3FM,163,111,540,https://www.youtube.com/watch?v=YBWE4zCd3FM,0,0,0,,0,0,0,0,
78c188fcd01a4ba382fb153ec86a7367,11500,1158416,634,283,2339,https://www.youtube.com/watch?v=7j85ughQZqg,620,246,2133,https://www.youtube.com/watch?v=IhmpiUY82Tc,2003,620,2339,https://www.youtube.com/watch?v=7j85ughQZqg,0,0,0,0,
8e96dc48c7714f258034d97d8b9a7f51,11400,0,0,0,0,,0,0,0,,0,0,0,,0,0,0,0,
512e1f38a37942cc8b7cb8aed597a810,11400,509050,257,143,1755,https://www.youtube.com/watch?v=BhAi51ZgYuU,247,99,489,https://www.youtube.com/watch?v=ehCkafP2Hgc,1689,696,1755,https://www.youtube.com/watch?v=BhAi51ZgYuU,0,0,0,0,
9012b1827e8141bd9d56d1a04b2f7ad1,11400,723138,619,234,2287,https://www.youtube.com/watch?v=oNmLLBm4imo,579,204,1492,https://www.youtube.com/watch?v=QfcZqe6QNQk,1677,960,2287,https://www.youtube.com/watch?v=oNmLLBm4imo,0,0,0,0,
696e947cd8624e609553d6786d21f11c,11400,409443,360,139,608,https://www.youtube.com/watch?v=JDiqwGHPdI8,355,147,549,https://www.youtube.com/watch?v=nkU42FRdO1E,608,71,608,https://www.youtube.com/watch?v=JDiqwGHPdI8,0,0,0,0,
fa3bc2669fe041dfaa0765278ffd6330,11300,412318,0,0,0,,0,0,0,,0,0,0,,2773,0,0,0,
a2e67b720e754c16bd739bcf9a95e396,11300,817299,921,288,6119,https://www.youtube.com/watch?v=hF65EKn9edY,282,178,520,https://www.youtube.com/watch?v=1EIYY_YpjoY,2604,1187,6119,https://www.youtube.com/watch?v=hF65EKn9edY,0,0,0,0,
ab5709b7d3074c6db2a57995d5b1c328,11300,1119315,341,111,493,https://www.youtube.com/watch?v=obaxgk6tDt4,347,111,493,https://www.youtube.com/watch?v=obaxgk6tDt4,296,33,296,https://www.youtube.com/watch?v=89GQyExwbRo,0,0,0,0,
5fc94cdcf7594a3ba5ce001ba405d3be,11300,728301,504,275,965,https://www.youtube.com/watch?v=o5xBNYIZpqI,504,275,965,https://www.youtube.com/watch?v=o5xBNYIZpqI,0,0,0,,1774,0,0,0,
72cc5bf1729245618e1f10da0b796d53,11300,464283,216,125,421,https://www.youtube.com/watch?v=V_pYd4Vveuw,175,112,295,https://www.youtube.com/watch?v=7IVdMZTgzBs,421,291,421,https://www.youtube.com/watch?v=V_pYd4Vveuw,1516,0,0,0,
1525e7221c00410886c8df3cdaab176e,11200,0,0,0,0,,0,0,0,,0,0,0,,0,0,0,0,
a5f7302f9f1a4fcdb2471c4bc52a05fb,11200,825604,751,314,12158,https://www.youtube.com/watch?v=HjHNKlYMkpo,751,314,4053,https://www.youtube.com/watch?v=EzKmLGTXe84,2454,1602,12158,https://www.youtube.com/watch?v=HjHNKlYMkpo,0,0,0,0,
51cd04cab0de47d4b2b5a156bbe2dfb0,11200,424758,265,139,389,https://www.youtube.com/watch?v=IoWAEKvo0As,265,139,389,https://www.youtube.com/watch?v=IoWAEKvo0As,0,0,0,,0,0,0,0,
9d153fd60b584d31b600bca66a86e452,11200,219599,0,0,0,,0,0,0,,0,0,0,,0,0,0,0,
43864254e678407fae3dc899f7155912,11100,494235,248,161,627,https://www.youtube.com/watch?v=Xq4Fgd2cqXM,142,95,209,https://www.youtube.com/watch?v=2E1KuLo4u-s,336,265,627,https://www.youtube.com/watch?v=Xq4Fgd2cqXM,0,0,0,0,
99e291fd358849b8877df76fba0a672e,11100,689821,0,0,0,,0,0,0,,0,0,0,,0,0,0,0,
17933ba43ccf4e3c85961523b77bd901,11100,309038,1304,621,2989,https://www.youtube.com/watch?v=t5wPMkwTMfU,1304,621,2989,https://www.youtube.com/watch?v=t5wPMkwTMfU,0,0,0,,1084,615,414,852,https://www.twitch.tv/videos/2750965703
914f6caed3ff4348824d966f76662bc2,11100,1024981,727,276,1011,https://www.youtube.com/watch?v=xYOLsimwHlw,811,338,1011,https://www.youtube.com/watch?v=xYOLsimwHlw,521,149,596,https://www.youtube.com/watch?v=Tx6W4Vebi_I,0,0,0,0,
b165ca888a7d4f61b754ac53ca374f11,11000,710313,0,0,0,,0,0,0,,0,0,0,,0,0,0,0,
836f66b079c4466db64a8b3bc9295450,11000,348394,1158,572,1875,https://www.youtube.com/watch?v=99iYxP0DjVM,0,0,0,,1158,572,1875,https://www.youtube.com/watch?v=99iYxP0DjVM,0,0,0,0,
84944da407dc4de9896c7b763132908c,11000,659480,209,104,1302,https://www.youtube.com/watch?v=Vk2HKodiRhE,167,89,636,https://www.youtube.com/watch?v=ZgrLlkOVaII,751,317,1302,https://www.youtube.com/watch?v=Vk2HKodiRhE,0,0,0,0,
824bd7df6923453292dec9ff3e3f664a,11000,490256,194,106,3075,https://www.youtube.com/watch?v=JyrnJmsGFgE,96,47,244,https://www.youtube.com/watch?v=yHY2JLHZzAU,1584,567,3075,https://www.youtube.com/watch?v=JyrnJmsGFgE,633,0,0,0,
a1608f0690584f07bf7aaf84ed9e4d8f,11000,260143,869,366,20927,https://www.youtube.com/watch?v=qEsRD4vAYos,819,345,1116,https://www.youtube.com/watch?v=2aH3BOLDksA,20927,4635,20927,https://www.youtube.com/watch?v=qEsRD4vAYos,0,0,0,0,
ed28c754bb704dbf8a296f7008c2b5e4,10900,113983,53,12,72,https://www.youtube.com/watch?v=yXN8PrbvUXA,72,18,72,https://www.youtube.com/watch?v=yXN8PrbvUXA,34,7,34,https://www.youtube.com/watch?v=qWPocfDo_0Q,1001,0,0,0,
e11a32eec71e4b49aba5525ba012a02a,10900,469883,234,106,396,https://www.youtube.com/watch?v=gfj3kHla_Y4,234,106,396,https://www.youtube.com/watch?v=gfj3kHla_Y4,0,0,0,,237,0,0,0,
e0c7d57886cc4835a4ff3617bd5e922c,10800,49027,0,0,0,,0,0,0,,0,0,0,,1543,0,0,0,
209a528363cd411886ec9e5d086ff1bc,10800,1265730,1089,535,3980,https://www.youtube.com/watch?v=khJ51f8XkIU,1089,535,3980,https://www.youtube.com/watch?v=khJ51f8XkIU,0,0,0,,768,0,0,0,
c518b228a5a849179ab26f28d230036e,10800,134009,0,0,0,,0,0,0,,0,0,0,,0,0,0,0,
0c09a69445864b44adbba11b487f9b1a,10800,619595,5065,1192,5276,https://www.youtube.com/watch?v=bBWXMm2RlGc,0,0,0,,5065,1192,5276,https://www.youtube.com/watch?v=bBWXMm2RlGc,813,0,0,0,
75d0bd5fa58a4a5fb479e3b2ebae82a7,10800,434009,168,102,263,https://www.youtube.com/watch?v=ZUhKp6OgnRQ,168,102,263,https://www.youtube.com/watch?v=ZUhKp6OgnRQ,0,0,0,,0,0,0,0,
8c3af9f56a3f4f1d84fcfcfa9f280c8d,10800,19053,0,0,0,,0,0,0,,0,0,0,,0,0,0,0,
c163cb7f683c453fa8a994ebbb09ede8,10700,441574,1281,586,2350,https://www.youtube.com/watch?v=SjTfcmHZcg0,116,18,139,https://www.youtube.com/watch?v=vSh1TBh-lY0,1428,773,2350,https://www.youtube.com/watch?v=SjTfcmHZcg0,3250,0,0,0,
36890ed250164897a7ab1066b83ad547,10700,12133,0,0,0,,0,0,0,,0,0,0,,381,0,0,0,
63a55bc5320e4f148ed0abd7991b0e01,10600,931902,1980,1072,4606,https://www.youtube.com/watch?v=56P6Ehm1wG4,0,0,0,,1980,1072,4606,https://www.youtube.com/watch?v=56P6Ehm1wG4,7635,692,305,2412,https://www.twitch.tv/videos/2749984821
00d3ddb7b65247eaa16473cfd1376723,10600,873150,1491,623,12223,https://www.youtube.com/watch?v=zL9DvdKyQv0,741,313,2189,https://www.youtube.com/watch?v=K2v7cZ3AIB4,1978,1255,12223,https://www.youtube.com/watch?v=zL9DvdKyQv0,898,0,0,0,
d9e5219a4cd84ac59bc35faa94729f01,10500,644620,155,86,2137,https://www.youtube.com/watch?v=E4T4S8Y3bBo,137,70,305,https://www.youtube.com/watch?v=sem6c7GOz54,767,181,2137,https://www.youtube.com/watch?v=E4T4S8Y3bBo,8923,365,308,999,https://www.twitch.tv/videos/2752699001
8dd4a8b4598e483e9112b2b1a9466013,10500,2814403,113,74,798,https://www.youtube.com/watch?v=xzAIi5-e0Ho,102,56,139,https://www.youtube.com/watch?v=_Ryv1Fe2VAU,615,338,798,https://www.youtube.com/watch?v=xzAIi5-e0Ho,265,0,0,0,
4b53aa789e544bd9aaecc9fbc79e4bbe,10500,834278,393,155,581,https://www.youtube.com/watch?v=qcfIl3EA8as,393,155,581,https://www.youtube.com/watch?v=qcfIl3EA8as,0,0,0,,0,0,0,0,
e04cb802f3c949bc8300c4125078f738,10500,374613,429,241,1821,https://www.youtube.com/watch?v=bKD5qUQG6U0,392,176,611,https://www.youtube.com/watch?v=_YDnne9mNBY,1116,547,1821,https://www.youtube.com/watch?v=bKD5qUQG6U0,0,0,0,0,
27c0252056e84aa28da6dcebb8e86e85,10500,703209,268,105,490,https://www.youtube.com/watch?v=nCj0meqJ990,268,105,490,https://www.youtube.com/watch?v=nCj0meqJ990,0,0,0,,7793,0,0,0,
96fc771ccb55485bb770997ec43e1ce1,10500,240304,0,0,0,,0,0,0,,0,0,0,,0,0,0,0,
7b2c8df9fd9d4f33bd5ec0c38f12826f,10500,0,0,0,0,,0,0,0,,0,0,0,,5541,0,0,0,
645fc774332a469ebd03f1a822ebe2be,10400,917539,508,317,1265,https://www.youtube.com/watch?v=OjJDvGGq-94,508,317,1265,https://www.youtube.com/watch?v=OjJDvGGq-94,0,0,0,,0,0,0,0,
b4bf821f6a6a440996f4fd9cddaf250b,10400,469814,205,130,1001,https://www.youtube.com/watch?v=7QvzWJjXwZQ,169,52,205,https://www.youtube.com/watch?v=UdWJR1YU0x4,557,330,1001,https://www.youtube.com/watch?v=7QvzWJjXwZQ,145,0,0,0,
93785f5e8b614be98bf8e096f5b1f997,10400,408832,115,58,2995,https://www.youtube.com/watch?v=LQ6Y3CMYZHk,104,53,124,https://www.youtube.com/watch?v=t06x2EuUw0Y,2575,1284,2995,https://www.youtube.com/watch?v=LQ6Y3CMYZHk,0,0,0,0,
0715c3b900ad423fa1b981cf4fc15c8f,10400,399862,116,72,225,https://www.youtube.com/watch?v=A2VhGCjv2B4,116,72,225,https://www.youtube.com/watch?v=A2VhGCjv2B4,0,0,0,,0,0,0,0,
95e5788cabf340e397e2726def426229,10400,489207,350,185,549,https://www.youtube.com/watch?v=GRZ8K_9wSyU,335,206,549,https://www.youtube.com/watch?v=GRZ8K_9wSyU,456,95,540,https://www.youtube.com/watch?v=XDO5RQo3X5M,0,0,0,0,
e949052e4ee24ecd8b352a68f6bf51e1,10300,350157,611,300,2926,https://www.youtube.com/watch?v=-UzrspKzGlA,506,120,697,https://www.youtube.com/watch?v=a4RVmZjHYLY,1918,713,2926,https://www.youtube.com/watch?v=-UzrspKzGlA,1877,553,446,732,https://www.twitch.tv/videos/2749216358
a31f3ab4cad841018b196b4de8186823,10300,647774,516,256,1572,https://www.youtube.com/watch?v=BrUyTbge-Vk,364,191,580,https://www.youtube.com/watch?v=nIkPGQMvhOI,1006,394,1572,https://www.youtube.com/watch?v=BrUyTbge-Vk,0,0,0,0,
175cfc69dbb34f1a8987f24a935db17f,10300,530115,431,306,7706,https://www.youtube.com/watch?v=aCqvnTkCmRc,400,291,926,https://www.youtube.com/watch?v=cJcH5-nxQ9Q,6552,2718,7706,https://www.youtube.com/watch?v=aCqvnTkCmRc,0,0,0,0,
c8c87552da404928bcb9fcbafd896591,10300,46338,0,0,0,,0,0,0,,0,0,0,,338,0,0,0,
b7f222493f4d4bd1be65f1c08300b45e,10300,449935,150,82,206,https://www.youtube.com/watch?v=emHNiPmzXlA,150,82,206,https://www.youtube.com/watch?v=emHNiPmzXlA,0,0,0,,0,0,0,0,
6885bffce2184355bed557901e079522,10200,436921,758,341,10758,https://www.youtube.com/watch?v=mQXUI9InvMQ,687,235,946,https://www.youtube.com/watch?v=mingxbQrK44,2095,1226,10758,https://www.youtube.com/watch?v=mQXUI9InvMQ,517,0,0,0,
fefbcad20d8344c79c74a103d0ea45b2,10200,316526,0,0,0,,0,0,0,,0,0,0,,0,0,0,0,
8ee549546bb14154b5e1fcaf3dd51f09,10200,0,0,0,0,,0,0,0,,0,0,0,,921,0,0,0,
6eec62ae2c9849de8ca895cef44ec952,10200,549926,227,117,1967,https://www.youtube.com/watch?v=OdJqPb3oD2s,187,45,439,https://www.youtube.com/watch?v=b3pNXDadiYo,957,636,1967,https://www.youtube.com/watch?v=OdJqPb3oD2s,1101,0,0,0,
3e269031fb4b45aaa0906ca424190ce2,10200,501431,3539,1505,4493,https://www.youtube.com/watch?v=wmSqRgZu7hg,0,0,0,,3539,1505,4493,https://www.youtube.com/watch?v=wmSqRgZu7hg,11076,2529,804,3302,https://www.twitch.tv/videos/2748441374
e0cd8e719dc64b5f9c171736bbaff6f7,10200,1297992,776,330,1845,https://www.youtube.com/watch?v=1ioaX-ZFbZI,676,330,1845,https://www.youtube.com/watch?v=1ioaX-ZFbZI,938,337,1100,https://www.youtube.com/watch?v=t6CZnaMUOJg,0,0,0,0,
1d5ee3e2653b4ae5b1050533f8d1ae31,10100,4762,0,0,0,,0,0,0,,0,0,0,,0,0,0,0,
59c0d89447d54786966ba8ecd5649d63,10100,232762,0,0,0,,0,0,0,,0,0,0,,1756,0,0,0,
340d9b553db042bdb8294ba2f9fd6990,10100,10038,0,0,0,,0,0,0,,0,0,0,,0,0,0,0,
42844ee6e0cc47938829b43a3101b9bb,10100,133867,0,0,0,,0,0,0,,0,0,0,,5082,1392,1283,1392,https://www.twitch.tv/videos/2756660172
4bfaeda5b1f242959a992d6ad8b8a036,10000,310052,301,87,772,https://www.youtube.com/watch?v=gGAxcSkIh5U,189,87,380,https://www.youtube.com/watch?v=Qmb10xBBUOI,547,84,772,https://www.youtube.com/watch?v=gGAxcSkIh5U,469,0,0,0,
a11814b8fb494b0c88170f182aa37cf9,10000,84405,0,0,0,,0,0,0,,0,0,0,,0,0,0,0,
310862830fb648b78cca7e581e2622a7,9990,553033,1225,146,1225,https://www.youtube.com/watch?v=ufKDOSjbjnw,0,0,0,,1225,146,1225,https://www.youtube.com/watch?v=ufKDOSjbjnw,21101,2461,1319,4813,https://www.twitch.tv/videos/2739670644
f2dc08b1c55843d9a3d1e0461ebf57c1,9960,462202,1873,669,24641,https://www.youtube.com/watch?v=vkOm4zCyjFw,447,124,447,https://www.youtube.com/watch?v=KCBbDMtub0U,13257,7616,24641,https://www.youtube.com/watch?v=vkOm4zCyjFw,0,0,0,0,
cd542f88cc8b47d087301d567b7cebca,9940,368504,419,59,9043,https://www.youtube.com/watch?v=NJYVxNLicX0,419,59,874,https://www.youtube.com/watch?v=Yn0qnZO70qc,1152,338,9043,https://www.youtube.com/watch?v=NJYVxNLicX0,1809,473,353,1219,https://www.twitch.tv/videos/2748504690
1434ae451f81469da327f32c387b9df0,9830,276832,82,41,96,https://www.youtube.com/watch?v=uhTQziUhSN8,82,41,96,https://www.youtube.com/watch?v=uhTQziUhSN8,0,0,0,,0,0,0,0,
f42c6f5877f14a38aef3f3b515769149,9780,1783543,371,263,2496,https://www.youtube.com/watch?v=VeUfth-N4Lg,213,107,692,https://www.youtube.com/watch?v=i35XSFvfF4k,1629,863,2496,https://www.youtube.com/watch?v=VeUfth-N4Lg,0,0,0,0,
9b33b75521bd43bca3346790ac65559c,9740,3234714,1395,321,4426,https://www.youtube.com/watch?v=eZGdZ6HRrtU,138,73,372,https://www.youtube.com/watch?v=zUwbCuVwNx4,1835,905,4426,https://www.youtube.com/watch?v=eZGdZ6HRrtU,8852,422,171,901,https://www.twitch.tv/videos/2751840948
335ebb05456849c2964629dc7157860e,9620,251922,302,160,2459,https://www.youtube.com/watch?v=sh8nm3n-i28,239,114,586,https://www.youtube.com/watch?v=e5krbJfNLrc,1999,1134,2459,https://www.youtube.com/watch?v=sh8nm3n-i28,368,356,336,356,https://www.twitch.tv/videos/2757358931
a39733d216994010b34bf5033be01589,9590,943643,655,277,10651,https://www.youtube.com/watch?v=5-Q2oX-trsY,506,250,1162,https://www.youtube.com/watch?v=6mr1ZAgAEqo,2046,830,10651,https://www.youtube.com/watch?v=5-Q2oX-trsY,278,0,0,0,
80d6517a96e74265a4d24f86b9c295c5,9490,448956,343,170,4315,https://www.youtube.com/watch?v=LDtX7AVN68k,246,99,445,https://www.youtube.com/watch?v=isL8DjSEKY8,1602,929,4315,https://www.youtube.com/watch?v=LDtX7AVN68k,0,0,0,0,
3cf4da41775b4e608f4dde5859cdda74,9460,1673129,980,257,4724,https://www.youtube.com/watch?v=XXCuLJt3N7c,108,41,113,https://www.youtube.com/watch?v=Uq32XwVDRMg,2821,1219,4724,https://www.youtube.com/watch?v=XXCuLJt3N7c,0,0,0,0,
f53807443055490f87b85ded6caee0aa,9390,492395,242,123,1648,https://www.youtube.com/watch?v=b2k07zzAQD8,212,108,511,https://www.youtube.com/watch?v=aTZqvPBbae0,546,423,1648,https://www.youtube.com/watch?v=b2k07zzAQD8,450,0,0,0,
13c69e2cf2ff4dc1907bbae9a87a8c0f,9380,459787,0,0,0,,0,0,0,,0,0,0,,4162,2818,2410,11082,https://www.twitch.tv/videos/2746948561
e02e777312df43b986f089339652402e,9360,0,0,0,0,,0,0,0,,0,0,0,,0,0,0,0,
191998e9f0ec4d67a19da194af311636,9340,132552,109,72,12309,https://www.youtube.com/watch?v=WA1_D_qvtrM,100,62,580,https://www.youtube.com/watch?v=dSfWeqgrizo,1676,1073,12309,https://www.youtube.com/watch?v=WA1_D_qvtrM,0,0,0,0,
ecd7e504a0b64480a4127a25678e4b4a,9300,118774,0,0,0,,0,0,0,,0,0,0,,0,0,0,0,
c4470a1419984fb8aec0851f225b177a,9290,687614,219,53,260,https://www.youtube.com/watch?v=3Eom_JUnO4Q,219,53,260,https://www.youtube.com/watch?v=3Eom_JUnO4Q,0,0,0,,0,0,0,0,
ab19e58312b74ebd9b68e27aeb0adde5,9280,548806,286,121,522,https://www.youtube.com/watch?v=59ccuXPciLo,286,121,522,https://www.youtube.com/watch?v=59ccuXPciLo,0,0,0,,0,0,0,0,
83cb016f535f4275bba29ad276b2084f,9270,579713,399,247,2543,https://www.youtube.com/watch?v=dFZqgzIRcnQ,383,244,854,https://www.youtube.com/watch?v=ovZ5jGWIGlI,1625,402,2543,https://www.youtube.com/watch?v=dFZqgzIRcnQ,0,0,0,0,
247215e876d24dae9932464b75fc577c,9260,762879,188,65,3897,https://www.youtube.com/watch?v=ZRvbjIxUNsw,122,51,233,https://www.youtube.com/watch?v=D2LGwLKVD9E,1649,861,3897,https://www.youtube.com/watch?v=ZRvbjIxUNsw,0,0,0,0,
5e0db06126544cfd944fc86a327be67a,9260,0,0,0,0,,0,0,0,,0,0,0,,0,0,0,0,
350516d81d0944fd8dde463cbd4fd279,9260,1045926,3998,1221,5348,https://www.youtube.com/watch?v=StFyyXjxUcI,0,0,0,,3998,1221,5348,https://www.youtube.com/watch?v=StFyyXjxUcI,0,0,0,0,
423dd7da92be47f4af7273c5f74efb27,9110,395779,0,0,0,,0,0,0,,0,0,0,,37089,1925,931,3124,https://www.twitch.tv/videos/2751693425
319383cd0cd4438990dbb916862cdbfc,9100,526467,394,269,49098,https://www.youtube.com/watch?v=tFMQBoxyYBQ,298,208,1004,https://www.youtube.com/watch?v=rpfnCtKj0TY,17402,4189,49098,https://www.youtube.com/watch?v=tFMQBoxyYBQ,0,0,0,0,
e3e93491f32d459ba2b79033cf75c619,9030,319658,426,236,2006,https://www.youtube.com/watch?v=Fz4_rt4ZTvU,411,225,942,https://www.youtube.com/watch?v=o3NXU8td5IY,1316,989,2006,https://www.youtube.com/watch?v=Fz4_rt4ZTvU,1140,0,0,0,
74c26216c39a40d1a9f1c5f63fa4d344,9030,395304,185,158,2672,https://www.youtube.com/watch?v=wjdKvTGg9Lk,170,99,253,https://www.youtube.com/watch?v=plLI2Yvfqqg,1364,938,2672,https://www.youtube.com/watch?v=wjdKvTGg9Lk,0,0,0,0,
d407b30c72a841bd82af1f5cc8ec0667,8970,415956,1075,412,11964,https://www.youtube.com/watch?v=84wm8LYdLLE,233,62,233,https://www.youtube.com/watch?v=1Fcbk8KAsBY,6519,639,11964,https://www.youtube.com/watch?v=84wm8LYdLLE,5540,0,0,0,
538d1d2058da4bdea1c7f43f088e995b,8960,283121,388,236,1523,https://www.youtube.com/watch?v=QTyU8Vul4Mg,379,260,796,https://www.youtube.com/watch?v=VK_qvlbOkUM,1233,119,1523,https://www.youtube.com/watch?v=QTyU8Vul4Mg,3225,0,0,0,
c4ffb821927d406682f3f17edfdf3bcd,8880,349095,0,0,0,,0,0,0,,0,0,0,,0,0,0,0,
65ada733fbe64a3a86aae7737e32fad0,8870,439466,340,175,596,https://www.youtube.com/watch?v=B36o7ovQY-g,331,179,596,https://www.youtube.com/watch?v=B36o7ovQY-g,560,122,560,https://www.youtube.com/watch?v=mAWD_NThlPw,0,0,0,0,
80dda735a7784d7fb999892874a05f0c,8870,449915,402,208,3190,https://www.youtube.com/watch?v=ZHPqVO4wK4o,303,129,430,https://www.youtube.com/watch?v=PZ6InXoMCWI,1284,840,3190,https://www.youtube.com/watch?v=ZHPqVO4wK4o,4275,0,0,0,
ac2b3c839ed14b12af1acecf322a15bd,8860,453315,249,135,1968,https://www.youtube.com/watch?v=aMrWcTw8uZU,179,111,289,https://www.youtube.com/watch?v=JS5HZMGxwJU,1268,903,1968,https://www.youtube.com/watch?v=aMrWcTw8uZU,0,0,0,0,
7fdfd0346667458a8657626f03434b59,8820,257428,175,50,1987,https://www.youtube.com/watch?v=UbMOM0awpTw,149,32,287,https://www.youtube.com/watch?v=1PQHXFy99wY,1170,698,1987,https://www.youtube.com/watch?v=UbMOM0awpTw,419,0,0,0,
7c0acdc8fe2449deb487cbb827b51723,8800,478122,475,209,2149,https://www.youtube.com/watch?v=Q5GAR7Pl3Ms,405,204,698,https://www.youtube.com/watch?v=WQwq0icIWJo,1002,214,2149,https://www.youtube.com/watch?v=Q5GAR7Pl3Ms,149,0,0,0,
123c79d3170e451eae2f0cc3543621f3,8790,268447,325,113,381,https://www.youtube.com/watch?v=7sN62iK8ziU,325,113,381,https://www.youtube.com/watch?v=7sN62iK8ziU,0,0,0,,0,0,0,0,
65ab938b60074946af1ea65a002c70df,8780,2666242,1133,156,4128,https://www.youtube.com/watch?v=X885XHFv0G0,198,95,250,https://www.youtube.com/watch?v=PUv5PM7-b5M,1774,866,4128,https://www.youtube.com/watch?v=X885XHFv0G0,580,0,0,0,
f7d0e4ed95e84262b329740d5d27afc9,8770,56947,0,0,0,,0,0,0,,0,0,0,,0,0,0,0,
65d554df176e4b849379d015fb333abf,8760,0,0,0,0,,0,0,0,,0,0,0,,0,0,0,0,
fa67b0859f2e45589e754f7e528967d6,8730,340876,1801,1023,3034,https://www.youtube.com/watch?v=KzFyZLWcxBE,0,0,0,,1801,1023,3034,https://www.youtube.com/watch?v=KzFyZLWcxBE,9922,992,484,1337,https://www.twitch.tv/videos/2743726130
823311ac8226476e8d1e323f536bf8b1,8690,169318,463,359,463,https://www.youtube.com/watch?v=1v4ki9EkzTU,463,359,463,https://www.youtube.com/watch?v=1v4ki9EkzTU,0,0,0,,1041,0,0,0,
08a612f1ecf84b619a8899a5caed28c1,8680,853090,544,269,2576,https://www.youtube.com/watch?v=uBOqGjHn0n4,362,142,405,https://www.youtube.com/watch?v=A2AD3ib6wE4,1886,537,2576,https://www.youtube.com/watch?v=uBOqGjHn0n4,21385,3925,1227,5825,https://www.twitch.tv/videos/2737852709
d2b0c8386e1341668f6bbc789d1ef1e3,8660,957873,282,104,751,https://www.youtube.com/watch?v=H-YtcQdNYMU,282,104,751,https://www.youtube.com/watch?v=H-YtcQdNYMU,0,0,0,,0,0,0,0,
558d8602fdeb4f3cb4ce484babb30577,8640,556126,162,102,1968,https://www.youtube.com/watch?v=RN6j4i6ST9w,136,76,199,https://www.youtube.com/watch?v=KOJb1FZ7pAc,1506,1071,1968,https://www.youtube.com/watch?v=RN6j4i6ST9w,0,0,0,0,
d90f173970a742d3ade6f4159c785d1e,8630,387705,650,313,4525,https://www.youtube.com/watch?v=G1Gyk1Xeg08,618,322,4525,https://www.youtube.com/watch?v=G1Gyk1Xeg08,2703,58,2703,https://www.youtube.com/watch?v=XdoBIXOtZbg,1427,1702,945,1702,https://www.twitch.tv/videos/2747823325
446d4bc526a4477eb6a72ae186e9d538,8620,124035,173,118,300,https://www.youtube.com/watch?v=V1WeZSK09FI,173,118,300,https://www.youtube.com/watch?v=V1WeZSK09FI,0,0,0,,0,0,0,0,
ad4d805afc1549348584aacb24035f89,8590,0,0,0,0,,0,0,0,,0,0,0,,0,0,0,0,
eafe564c8d9945c8af2ed66ff4cd773a,8550,586919,1342,769,29501,https://www.youtube.com/watch?v=z-TszdWl7RE,205,182,479,https://www.youtube.com/watch?v=Lw27OBaLF6Y,1915,858,29501,https://www.youtube.com/watch?v=z-TszdWl7RE,0,0,0,0,
a052e4ff345b41919ab0f13a5b10ff02,8510,409732,416,274,860,https://www.youtube.com/watch?v=yl-nGGExLPI,373,210,491,https://www.youtube.com/watch?v=jBsxCmt7OpE,762,530,860,https://www.youtube.com/watch?v=yl-nGGExLPI,2067,0,0,0,
1569b00373564846b894f47403376c6b,8510,236995,0,0,0,,0,0,0,,0,0,0,,0,0,0,0,
f2ad5f187c9141ab8830b8eaf81c3aee,8490,763821,397,164,116066,https://www.youtube.com/watch?v=gDBUIEziiHM,466,126,576,https://www.youtube.com/watch?v=_wlwh7Dgexc,348,192,116066,https://www.youtube.com/watch?v=gDBUIEziiHM,0,0,0,0,
bdc034d3afcd4456b6da2b96a2e460ef,8450,831045,277,95,277,https://www.youtube.com/watch?v=EExRcFL-LPQ,0,0,0,,277,95,277,https://www.youtube.com/watch?v=EExRcFL-LPQ,1593,64,34,70,https://www.twitch.tv/videos/2747102160
ce908f10dcde4e2480c8f97aafd45883,8440,1480789,489,240,2720,https://www.youtube.com/watch?v=4CzylYNrXdY,290,119,2720,https://www.youtube.com/watch?v=4CzylYNrXdY,832,428,2454,https://www.youtube.com/watch?v=1PR7JzGeG_4,1026,248,178,857,https://www.twitch.tv/videos/2756443914
1254f176d93548aca5ac7f4b53313f71,8430,3751728,104,83,988,https://www.youtube.com/watch?v=jw-Pn6RReLs,29,16,244,https://www.youtube.com/watch?v=X9az_uh0M6A,111,91,988,https://www.youtube.com/watch?v=jw-Pn6RReLs,1617,10,7,22,https://www.twitch.tv/videos/2755058659
13992a4fb59649ada3a2adf027b5b35a,8400,88530,113,46,133,https://www.youtube.com/watch?v=Ygxs3bo6YOI,113,46,133,https://www.youtube.com/watch?v=Ygxs3bo6YOI,0,0,0,,3766,39,27,54,https://www.twitch.tv/videos/2757508956
1dd6fdbb4f764fc3a18747c8adbf0692,8400,310984,228,170,727,https://www.youtube.com/watch?v=Tm648kc5JQs,228,170,727,https://www.youtube.com/watch?v=Tm648kc5JQs,0,0,0,,0,0,0,0,
03f5b3fed856438c9a53d30fdfadd9b7,8380,300713,236,116,1483,https://www.youtube.com/watch?v=auYYG5BEEJ0,181,100,370,https://www.youtube.com/watch?v=9YeoqGntuIQ,646,422,1483,https://www.youtube.com/watch?v=auYYG5BEEJ0,0,0,0,0,
7298d2db845840d7ab462c7628967f4e,8340,359278,175,94,237,https://www.youtube.com/watch?v=JN2zXpE6WzI,178,120,237,https://www.youtube.com/watch?v=JN2zXpE6WzI,68,44,83,https://www.youtube.com/watch?v=JTFJFzviqmU,0,0,0,0,
2d6886120def4c148c70514433d77e1e,8340,568973,450,167,609,https://www.youtube.com/watch?v=BSE4uszliuM,450,167,609,https://www.youtube.com/watch?v=BSE4uszliuM,0,0,0,,0,0,0,0,
058021ae015448cda91651a6bd41cdc6,8340,494346,147,35,201,https://www.youtube.com/watch?v=R3OPaokrN2Q,147,35,201,https://www.youtube.com/watch?v=R3OPaokrN2Q,0,0,0,,2641,0,0,0,
6fa1245c717d4af68589205df5ab6427,8320,705539,235,111,556,https://www.youtube.com/watch?v=WJRVqimBC4Q,235,111,556,https://www.youtube.com/watch?v=WJRVqimBC4Q,0,0,0,,767,0,0,0,
0249265256814f61978f6d492fe1c15d,8320,244746,0,0,0,,0,0,0,,0,0,0,,0,0,0,0,
3367168108de48adb898018c257db64f,8250,0,0,0,0,,0,0,0,,0,0,0,,0,0,0,0,
2a897c484c05483f9a46467e8f448314,8240,239979,703,395,2067,https://www.youtube.com/watch?v=N5DdHN3AwEI,629,222,1450,https://www.youtube.com/watch?v=74z4EWMyyAU,1350,473,2067,https://www.youtube.com/watch?v=N5DdHN3AwEI,4477,590,484,3983,https://www.twitch.tv/videos/2754963430
7ebc0dc9fdf3442688ecd63bbdc30c51,8240,306461,315,110,1584,https://www.youtube.com/watch?v=EpO5slgZsmc,315,110,1584,https://www.youtube.com/watch?v=EpO5slgZsmc,0,0,0,,0,0,0,0,
f7472d5310ce42819d17459c4f3fd7c1,8220,384999,520,247,10214,https://www.youtube.com/watch?v=iziXbYkOjpI,325,142,1246,https://www.youtube.com/watch?v=Vt5_QobaV4E,2261,1269,10214,https://www.youtube.com/watch?v=iziXbYkOjpI,391,35,27,95,https://www.twitch.tv/videos/2747759261
fe1d3152398b44e39d69f7ef78e73a8c,8220,558674,155,53,1480,https://www.youtube.com/watch?v=dmqB5WTBkPk,121,53,286,https://www.youtube.com/watch?v=Rw9ZkXexo0U,1229,419,1480,https://www.youtube.com/watch?v=dmqB5WTBkPk,592,0,0,0,
4482e4f0cea64f92aa78b2513c7ed897,8210,657984,709,402,2222,https://www.youtube.com/watch?v=-1PcP93dT44,588,292,723,https://www.youtube.com/watch?v=lvDaLJl5zCc,1112,647,2222,https://www.youtube.com/watch?v=-1PcP93dT44,0,0,0,0,
df0c2ce19ccf4e26ac1a18065f85dacc,8130,473687,122,86,134,https://www.youtube.com/watch?v=hmwULXcUVYw,122,86,134,https://www.youtube.com/watch?v=hmwULXcUVYw,0,0,0,,0,0,0,0,
41a8958a1a4a4cc8b404d04da033400e,8120,387912,352,21,352,https://www.youtube.com/watch?v=_-R-5YTzNCk,352,21,352,https://www.youtube.com/watch?v=_-R-5YTzNCk,0,0,0,,508,0,0,0,
2f0a0ee6478c45ae8af28953b4c370be,8060,1301459,306,170,759,https://www.youtube.com/watch?v=4FtXrZFKK5U,306,170,759,https://www.youtube.com/watch?v=4FtXrZFKK5U,0,0,0,,0,0,0,0,
990b7e28df934de1bdab364d72c79f90,8020,119957,131,86,179,https://www.youtube.com/watch?v=_xmKcXHhPpw,131,86,179,https://www.youtube.com/watch?v=_xmKcXHhPpw,0,0,0,,0,0,0,0,
9604bd9896fc421ba131a9a6e11d50b0,8000,936380,718,242,8582,https://www.youtube.com/watch?v=-G2VX5ZqmU4,610,231,1071,https://www.youtube.com/watch?v=Ob4NFOPuHJU,3577,2610,8582,https://www.youtube.com/watch?v=-G2VX5ZqmU4,0,0,0,0,
ee20f58e3fb74fae83a42239a83bcc4a,8000,242326,1131,774,1345,https://www.youtube.com/watch?v=mWk_xSAfD2A,1131,774,1345,https://www.youtube.com/watch?v=mWk_xSAfD2A,0,0,0,,0,0,0,0,
420208d1dcb74abfa325fc1f6a27e17b,7990,389296,566,274,1171,https://www.youtube.com/watch?v=LcvHo43GrUo,566,274,1171,https://www.youtube.com/watch?v=LcvHo43GrUo,0,0,0,,1397,156,103,156,https://www.twitch.tv/videos/2750370223
5ed5801d24c7412fa3fa65a82124aad0,7910,539769,1118,544,4235,https://www.youtube.com/watch?v=O1aaKJ1BEfA,1002,472,4098,https://www.youtube.com/watch?v=oHp0XHUvdzo,1791,667,4235,https://www.youtube.com/watch?v=O1aaKJ1BEfA,2117,545,485,1128,https://www.twitch.tv/videos/2751720038
fe698ded3a6148808ca857c73ac7ee15,7870,407211,432,211,1796,https://www.youtube.com/watch?v=wuLX26GLZjE,421,211,1519,https://www.youtube.com/watch?v=cWuF5qBD1HU,968,191,1796,https://www.youtube.com/watch?v=wuLX26GLZjE,324,0,0,0,
1f54eafd17434cd9bd175d27b72c2228,7860,205656,0,0,0,,0,0,0,,0,0,0,,0,0,0,0,
56abcaadabbe44dbbd18ab0ecfe1037f,7830,307846,0,0,0,,0,0,0,,0,0,0,,0,0,0,0,
c72226925ba94855b9fcc88fc2a25acc,7800,752182,436,185,2186,https://www.youtube.com/watch?v=9bLME8kJVAw,517,292,2186,https://www.youtube.com/watch?v=9bLME8kJVAw,299,75,393,https://www.youtube.com/watch?v=xt9YuDqX00Q,0,0,0,0,
b10149a2a1ee4ffcbf1dacb1b1722f9f,7790,187113,152,65,1927,https://www.youtube.com/watch?v=BdSsxCI3p-A,144,47,315,https://www.youtube.com/watch?v=If1o-HMY6w8,1425,702,1927,https://www.youtube.com/watch?v=BdSsxCI3p-A,860,52,42,52,https://www.twitch.tv/videos/2754256844
556c69847bc14bc7be03b3e40e52ac98,7720,194355,513,391,513,https://www.youtube.com/watch?v=tdthWdkPOAw,513,391,513,https://www.youtube.com/watch?v=tdthWdkPOAw,0,0,0,,1787,0,0,0,
d2a7b2d142ea4076afcfc7263b9e09fd,7700,560372,373,207,826,https://www.youtube.com/watch?v=SORfzX2ntqg,356,149,581,https://www.youtube.com/watch?v=iH4BbQXwIqA,826,622,826,https://www.youtube.com/watch?v=SORfzX2ntqg,775,0,0,0,
cf66d52e3a4146dbaf03c1578fc25c47,7680,0,0,0,0,,0,0,0,,0,0,0,,898,0,0,0,
a9faef4b712b4649ba60c7e8e262175a,7560,55249,1060,118,4014,https://www.youtube.com/watch?v=Z3zZp7UGrAk,0,0,0,,1060,118,4014,https://www.youtube.com/watch?v=Z3zZp7UGrAk,0,0,0,0,
b92c6e4c3bea4b938077a8f152f78083,7540,57130,0,0,0,,0,0,0,,0,0,0,,0,0,0,0,
7af8f321e84542dc9ccda160152fbf0b,7540,250906,96,35,783,https://www.youtube.com/watch?v=hSQw6T4zh5I,140,36,783,https://www.youtube.com/watch?v=hSQw6T4zh5I,70,28,96,https://www.youtube.com/watch?v=SNsyRgWn0xI,0,0,0,0,
cedd78c374b54898a647a3cb3a5263fc,7530,310796,589,266,1789,https://www.youtube.com/watch?v=s50E6QMs8Oc,589,266,1789,https://www.youtube.com/watch?v=s50E6QMs8Oc,0,0,0,,0,0,0,0,
8309d31b418642db83f0cf56b38fc9ad,7530,877609,563,237,2651,https://www.youtube.com/watch?v=ldIDyl29YJk,552,213,866,https://www.youtube.com/watch?v=lIxoatHlAuQ,2516,1722,2651,https://www.youtube.com/watch?v=ldIDyl29YJk,163,0,0,0,
eafb808b078844fdab1d8ed561dbd462,7530,416185,270,160,578,https://www.youtube.com/watch?v=wqdkcU5UyAA,282,167,578,https://www.youtube.com/watch?v=wqdkcU5UyAA,246,152,293,https://www.youtube.com/watch?v=csi-3d3lUJ8,0,0,0,0,
d13fdb8fdd3049e5bf80b5ab0fa8a1a6,7520,568773,533,193,1801,https://www.youtube.com/watch?v=HrURlOR5_48,287,159,591,https://www.youtube.com/watch?v=fIQorJuLucc,1005,317,1801,https://www.youtube.com/watch?v=HrURlOR5_48,0,0,0,0,
f3404208a69741c481201fffcdea3d9e,7520,138162,0,0,0,,0,0,0,,0,0,0,,0,0,0,0,
03b825a2908749099e40cd4a4d1169aa,7500,192473,170,15,170,https://www.youtube.com/watch?v=CQbjTho5TvI,170,15,170,https://www.youtube.com/watch?v=CQbjTho5TvI,0,0,0,,0,0,0,0,
28e0e0a574fe4deca3d5ded0aa5d64ef,7490,468147,494,227,5229,https://www.youtube.com/watch?v=n09LlBv1dCQ,474,199,684,https://www.youtube.com/watch?v=jzEOApPtGrs,1737,702,5229,https://www.youtube.com/watch?v=n09LlBv1dCQ,510,224,163,264,https://www.twitch.tv/videos/2751035796
a188f157d0384e0db5ae73605240d68b,7490,614899,322,136,1954,https://www.youtube.com/watch?v=UKrSdsuappM,308,118,449,https://www.youtube.com/watch?v=a02K-zaT2tY,1137,215,1954,https://www.youtube.com/watch?v=UKrSdsuappM,1167,0,0,0,
fe660ff34f8a41e4ac75bd6f9ac67400,7480,248027,0,0,0,,0,0,0,,0,0,0,,0,0,0,0,
d797701ab1564b62906f91a341134a9e,7460,289944,884,419,3042,https://www.youtube.com/watch?v=gb798wafSlg,587,266,973,https://www.youtube.com/watch?v=C3CyR_qwxNE,1584,670,3042,https://www.youtube.com/watch?v=gb798wafSlg,4910,372,256,372,https://www.twitch.tv/videos/2751069706
00c158176a504c9bb865b32276e79eb1,7440,182457,126,65,5114,https://www.youtube.com/watch?v=bj8Q8itQKdo,119,50,177,https://www.youtube.com/watch?v=cT4kxfjxXhI,2659,1207,5114,https://www.youtube.com/watch?v=bj8Q8itQKdo,0,0,0,0,
1c94e6e4d8cf4f8d9195385a9024275a,7400,81451,0,0,0,,0,0,0,,0,0,0,,400,0,0,0,
b90a42d3e9a5465ba4ef8a333c8148e5,7390,786242,187,108,1682,https://www.youtube.com/watch?v=e0--7ZAk6gI,165,59,975,https://www.youtube.com/watch?v=oWKYniII1pc,599,470,1682,https://www.youtube.com/watch?v=e0--7ZAk6gI,0,0,0,0,
89742766181f469b807f397325a2a6bf,7380,208778,113,45,184,https://www.youtube.com/watch?v=1qOCG61zabA,113,45,184,https://www.youtube.com/watch?v=1qOCG61zabA,0,0,0,,370,0,0,0,
9d864d1af4e749f5a58171b06c070565,7360,624153,1060,389,1969,https://www.youtube.com/watch?v=QxIDg-iuzY8,121,47,142,https://www.youtube.com/watch?v=SsUAfhIpz-8,1135,508,1969,https://www.youtube.com/watch?v=QxIDg-iuzY8,3686,364,287,1359,https://www.twitch.tv/videos/2749657597
94595065e7aa498d93067274eb755301,7360,1212814,240,98,589,https://www.youtube.com/watch?v=je4WMedPQYg,240,98,589,https://www.youtube.com/watch?v=je4WMedPQYg,0,0,0,,0,0,0,0,
9e3edec3eec54f49a065f1970471d473,7340,273722,469,263,794,https://www.youtube.com/watch?v=DFxLEekZGP8,497,283,794,https://www.youtube.com/watch?v=DFxLEekZGP8,165,163,165,https://www.youtube.com/watch?v=lAPiuDlzMik,882,934,536,1008,https://www.twitch.tv/videos/2748631306
7f72433f23da4bf8bfbf7ee3904eb7ca,7330,295491,0,0,0,,0,0,0,,0,0,0,,860,0,0,0,
0999b4ac6dbf496aacc1d48be59c4df0,7300,0,0,0,0,,0,0,0,,0,0,0,,0,0,0,0,
77e980ab542a4db6a34b5ac9c8f3948b,7280,377406,436,183,1008,https://www.youtube.com/watch?v=R5GhNLd8yIQ,436,183,1008,https://www.youtube.com/watch?v=R5GhNLd8yIQ,0,0,0,,724,0,0,0,
c897f2f0ae414985aa623bfe2dfe8f1c,7280,180087,187,93,1255,https://www.youtube.com/watch?v=nezC0T37fKo,122,82,990,https://www.youtube.com/watch?v=4kGUV1bwiR4,1255,647,1255,https://www.youtube.com/watch?v=nezC0T37fKo,611,0,0,0,
d80f5bc1e3ce4c35aa3eced40cc3bddc,7270,323113,632,366,2369,https://www.youtube.com/watch?v=YTvhzUJoTHY,493,215,861,https://www.youtube.com/watch?v=hjL7w27K-5U,1626,1115,2369,https://www.youtube.com/watch?v=YTvhzUJoTHY,537,155,116,173,https://www.twitch.tv/videos/2755041349
5cdf289b83524643af7ab2f2c8788adf,7240,323985,207,129,637,https://www.youtube.com/watch?v=PsSANK0z4cQ,207,129,637,https://www.youtube.com/watch?v=PsSANK0z4cQ,0,0,0,,0,0,0,0,
0ab16bd60230422d97f73e6810be221c,7220,346468,126,59,429,https://www.youtube.com/watch?v=jxKMctkxPGw,126,59,429,https://www.youtube.com/watch?v=jxKMctkxPGw,0,0,0,,0,0,0,0,
f40b8e8debf14680b5cc88bae98918f7,7190,225809,0,0,0,,0,0,0,,0,0,0,,0,0,0,0,
715cc1261d7e42c18135d47bd1cf2500,7160,175647,553,57,553,https://www.youtube.com/watch?v=GlJ-i37zGS8,553,57,553,https://www.youtube.com/watch?v=GlJ-i37zGS8,0,0,0,,6282,295,222,492,https://www.twitch.tv/videos/2751016367
c06f5173a01c4c0db7a761957c02186d,7120,485596,1151,254,5886,https://www.youtube.com/watch?v=nURzrZ28NQE,445,201,2009,https://www.youtube.com/watch?v=mjX_y8FmTgU,1396,424,5886,https://www.youtube.com/watch?v=nURzrZ28NQE,450,0,0,0,
5fa2dee0fba64112aa476441cd6ff982,7100,330340,636,303,1017,https://www.youtube.com/watch?v=aGF0LqBHoYw,636,303,1017,https://www.youtube.com/watch?v=aGF0LqBHoYw,0,0,0,,0,0,0,0,
9b2c7b20d02241b3b82492a5e78a71c0,7080,316424,390,205,1475,https://www.youtube.com/watch?v=OLu1Lw6f-64,150,127,191,https://www.youtube.com/watch?v=BVu4ERy57kU,582,380,1475,https://www.youtube.com/watch?v=OLu1Lw6f-64,0,0,0,0,
38f11eca620e4c83a3e4211cbf463cce,7080,957725,546,337,2580,https://www.youtube.com/watch?v=Du6GZhsMNbk,232,180,860,https://www.youtube.com/watch?v=J5Mq5H6WMmw,2580,1515,2580,https://www.youtube.com/watch?v=Du6GZhsMNbk,0,0,0,0,
d33940525b7f4b9db9ce85e08b4c175e,7060,328980,255,176,6021,https://www.youtube.com/watch?v=pGmpV3Ax0wY,227,136,274,https://www.youtube.com/watch?v=84ASfx8hjEs,3167,1011,6021,https://www.youtube.com/watch?v=pGmpV3Ax0wY,7878,182,165,717,https://www.twitch.tv/videos/2757350710
13a520e0a60c4aeea42f1c4d613e7e10,7040,239857,0,0,0,,0,0,0,,0,0,0,,485,0,0,0,
8c6bc741e4614154a63e987f930a468d,7010,352023,271,167,826,https://www.youtube.com/watch?v=KeE97dFKUJs,271,167,826,https://www.youtube.com/watch?v=KeE97dFKUJs,0,0,0,,0,0,0,0,
97a56c6914ab431d9b670456d11b22ed,7010,242240,185,66,482,https://www.youtube.com/watch?v=06kQG-bSJg4,185,66,482,https://www.youtube.com/watch?v=06kQG-bSJg4,0,0,0,,0,0,0,0,
a28e29c9e8ec4791a700cd2e30904534,7010,202386,171,72,358,https://www.youtube.com/watch?v=79vqpQyIYhU,171,72,358,https://www.youtube.com/watch?v=79vqpQyIYhU,0,0,0,,2929,271,172,372,https://www.twitch.tv/videos/2749893605
e7e219a17a7644cd9d28a2ab871f5f7c,6970,257629,573,461,738,https://www.youtube.com/watch?v=I6qBdvzpahc,0,0,0,,573,461,738,https://www.youtube.com/watch?v=I6qBdvzpahc,2776,747,603,1340,https://www.twitch.tv/videos/2758331709
c430f1e7cfee4440b2b537c80a2a667d,6960,234251,316,141,594,https://www.youtube.com/watch?v=rj9m_ID5arM,316,141,594,https://www.youtube.com/watch?v=rj9m_ID5arM,0,0,0,,0,0,0,0,
6fb9853185d844de80d4f3e0f3f2726d,6940,0,0,0,0,,0,0,0,,0,0,0,,0,0,0,0,
3e1c8d17663e49158b54330fdac1a308,6940,72601,0,0,0,,0,0,0,,0,0,0,,808,0,0,0,
1937fa889b474d339713d1117f435018,6920,814558,126,43,241,https://www.youtube.com/watch?v=lbJgW-qxJTw,126,43,241,https://www.youtube.com/watch?v=lbJgW-qxJTw,0,0,0,,7277,645,210,4360,https://www.twitch.tv/videos/2745045013
3c1783f6914f414b830c836829d1afa2,6850,255965,276,133,1296,https://www.youtube.com/watch?v=mX4sSSr6W-Q,269,123,1296,https://www.youtube.com/watch?v=mX4sSSr6W-Q,1110,649,1225,https://www.youtube.com/watch?v=P-A0JIf3WJs,273,0,0,0,
09b6598d6d604e9397eebff166c69e92,6840,95599,83,48,1758,https://www.youtube.com/watch?v=yHE3LxUFO0c,82,46,276,https://www.youtube.com/watch?v=w2GgSVXhHj0,1758,1205,1758,https://www.youtube.com/watch?v=yHE3LxUFO0c,167,71,49,190,https://www.twitch.tv/videos/2751093563
679aef46b6f448e493fdedae7df5b288,6830,1359067,1026,236,1580,https://www.youtube.com/watch?v=6HU0Vw8GZeg,0,0,0,,1026,236,1580,https://www.youtube.com/watch?v=6HU0Vw8GZeg,451,0,0,0,
e1e11ed8ecb24ab6ad7e1d4c4c39f563,6830,115529,0,0,0,,0,0,0,,0,0,0,,0,0,0,0,
a3c6cbf76630432c83fa5277388be97c,6800,67385,2945,2479,4995,https://www.youtube.com/watch?v=POnysu2y6I4,2945,2479,4995,https://www.youtube.com/watch?v=POnysu2y6I4,0,0,0,,0,0,0,0,
60ab80cc26bc4e4aaa526ce1952f9e42,6800,429810,115,61,6781,https://www.youtube.com/watch?v=e9lvAPbnNcs,111,43,352,https://www.youtube.com/watch?v=p-ZuJxmuSfg,966,222,6781,https://www.youtube.com/watch?v=e9lvAPbnNcs,376,52,36,143,https://www.twitch.tv/videos/2756739255
dc3e05e0c12b4e0a93dc230f30925ee0,6780,194880,270,197,340,https://www.youtube.com/watch?v=RfnQUw4DE68,0,0,0,,270,197,340,https://www.youtube.com/watch?v=RfnQUw4DE68,6773,697,563,1266,https://www.twitch.tv/videos/2755607410
f7b1eada802e4ed89c306c6641d243b3,6760,284411,152,69,1129,https://www.youtube.com/watch?v=MlF-UCAeXX0,151,66,1129,https://www.youtube.com/watch?v=MlF-UCAeXX0,706,392,706,https://www.youtube.com/watch?v=0t4RTIUrFbM,440,0,0,0,
80f4d6e50af64a48be812258498e86c0,6730,354886,0,0,0,,0,0,0,,0,0,0,,160,0,0,0,
543ddfe1d70d4a19920f6daa1959b3b4,6720,0,0,0,0,,0,0,0,,0,0,0,,0,0,0,0,
4865c3feac234584909168181b7dc2be,6700,172174,316,162,1368,https://www.youtube.com/watch?v=4L0M9Kzy790,294,158,464,https://www.youtube.com/watch?v=HFcogX0AvWA,910,839,1368,https://www.youtube.com/watch?v=4L0M9Kzy790,259,0,0,0,
757f1b20f7bd459ebd8949da907dceea,6690,382120,142,74,266,https://www.youtube.com/watch?v=G5EljRDLWcU,142,74,266,https://www.youtube.com/watch?v=G5EljRDLWcU,0,0,0,,0,0,0,0,
5dbed684176349d28353d5293085cd9c,6670,267857,355,259,355,https://www.youtube.com/watch?v=G3bTjvAbSS8,355,259,355,https://www.youtube.com/watch?v=G3bTjvAbSS8,0,0,0,,0,0,0,0,
7a88afc5eb644d76b35ed4ca968259bb,6630,501863,1892,843,2877,https://www.youtube.com/watch?v=Lghvn_M4M7U,0,0,0,,1892,843,2877,https://www.youtube.com/watch?v=Lghvn_M4M7U,20089,2873,1285,4157,https://www.twitch.tv/videos/2737265969
ab64eaef68c94ab4afb3a89007c81e9c,6630,842815,3915,2984,117849,https://www.youtube.com/watch?v=nZjTJY61LuQ,0,0,0,,3915,2984,117849,https://www.youtube.com/watch?v=nZjTJY61LuQ,6399,1842,1510,12110,https://www.twitch.tv/videos/2742181582
c321746bebe740cb98625ca4cf6fb9a7,6610,86016,250,156,433,https://www.youtube.com/watch?v=JwM22El0a3U,226,116,250,https://www.youtube.com/watch?v=u5GYI8WWluE,433,311,433,https://www.youtube.com/watch?v=JwM22El0a3U,0,0,0,0,
3ec59b8cb4114af7be754daa0b1b1ced,6560,167860,0,0,0,,0,0,0,,0,0,0,,0,0,0,0,
6603f7e70b684a07a3dac687460bacc5,6540,251154,153,60,236,https://www.youtube.com/watch?v=7AnqI3tA_dw,153,60,236,https://www.youtube.com/watch?v=7AnqI3tA_dw,0,0,0,,1408,116,109,156,https://www.twitch.tv/videos/2757411241
468c9630d37b4c41bb6b0305dc1143cf,6530,426158,273,97,771,https://www.youtube.com/watch?v=PPvWliutS0c,273,97,771,https://www.youtube.com/watch?v=PPvWliutS0c,0,0,0,,465,0,0,0,
e0debb323c5d49268c92c5d660cdb664,6520,334917,119,31,1142,https://www.youtube.com/watch?v=M5dFTQeehoY,119,31,1142,https://www.youtube.com/watch?v=M5dFTQeehoY,0,0,0,,0,0,0,0,
f6c34086d07a4322b9d4ebc538bada96,6520,127683,0,0,0,,0,0,0,,0,0,0,,0,0,0,0,
f58318cdd690482c9d19fb68bca374a4,6510,411654,107,81,3624,https://www.youtube.com/watch?v=3VbcTxtmYPo,107,67,183,https://www.youtube.com/watch?v=t2WBHBcUCXI,2109,959,3624,https://www.youtube.com/watch?v=3VbcTxtmYPo,228,0,0,0,
08be94e874d448f8a2794a44c61e8d8f,6500,456998,149,69,274,https://www.youtube.com/watch?v=WlDEKUN24BI,149,69,274,https://www.youtube.com/watch?v=WlDEKUN24BI,0,0,0,,0,0,0,0,
b54e216619d14031a317b820113e4084,6470,299450,181,82,300,https://www.youtube.com/watch?v=_selwr55NS8,241,120,300,https://www.youtube.com/watch?v=_selwr55NS8,149,67,169,https://www.youtube.com/watch?v=CveeN8EfF_c,0,0,0,0,
fffd31d236a2479c9070bcc171bdc13d,6470,176822,0,0,0,,0,0,0,,0,0,0,,0,0,0,0,
7f9d223a684e44e8b8d30bedcc07f1fa,6440,231493,108,57,296,https://www.youtube.com/watch?v=sFtZEbKDHV4,108,57,296,https://www.youtube.com/watch?v=sFtZEbKDHV4,0,0,0,,0,0,0,0,
e8c89b4aec4d45fbbb76533eb3db0428,6430,143039,148,34,203,https://www.youtube.com/watch?v=-R6LhY4rN40,94,64,94,https://www.youtube.com/watch?v=4F6gLl7D74M,203,4,203,https://www.youtube.com/watch?v=-R6LhY4rN40,0,0,0,0,
49196eec11454f589d4d6e52f1b1bbe8,6420,537684,197,81,1544,https://www.youtube.com/watch?v=0OmqvxGs1xc,165,79,284,https://www.youtube.com/watch?v=kD5bEZFCDv8,636,159,1544,https://www.youtube.com/watch?v=0OmqvxGs1xc,0,0,0,0,
281c7713c21e41bcb6e81365f328ab8c,6400,238437,0,0,0,,0,0,0,,0,0,0,,0,0,0,0,
da3a3993bd8946da824d66d5a5d456e2,6390,328335,0,0,0,,0,0,0,,0,0,0,,0,0,0,0,
0b1217df534d441bbdeb11d5f2a6465b,6390,75009,0,0,0,,0,0,0,,0,0,0,,975,0,0,0,
f81d4ef6f2f54e0c8c6d12a09e1fa5c7,6380,137990,179,99,1071,https://www.youtube.com/watch?v=Y-pwO0GX8y8,162,89,493,https://www.youtube.com/watch?v=iV1Jw4E68BQ,972,438,1071,https://www.youtube.com/watch?v=Y-pwO0GX8y8,0,0,0,0,
01edfa8163ad42cd85f56ef4dce2609e,6340,324469,169,75,1172,https://www.youtube.com/watch?v=zBPPC4rruC4,169,75,198,https://www.youtube.com/watch?v=z7r0PIfNTqY,168,70,1172,https://www.youtube.com/watch?v=zBPPC4rruC4,0,0,0,0,
5cb1c062f5f94b44a41ae658f4a53f0c,6310,136186,0,0,0,,0,0,0,,0,0,0,,13886,786,303,16560,https://www.twitch.tv/videos/2745223131
bf48aafcc9464111b358a4595cc7311c,6300,166028,0,0,0,,0,0,0,,0,0,0,,0,0,0,0,
3b0031a4b57f46719f06cbf7c5cc42b6,6300,311305,269,135,2549,https://www.youtube.com/watch?v=xo4wtmovJFg,257,112,471,https://www.youtube.com/watch?v=1r5RhGaE6oE,2235,1153,2549,https://www.youtube.com/watch?v=xo4wtmovJFg,141,0,0,0,
6ddea98137e2429eb0e9c4025ad9294f,6290,220593,646,242,1813,https://www.youtube.com/watch?v=LKw2LRjjxqA,340,156,888,https://www.youtube.com/watch?v=TbbzfaGfr6w,1389,645,1813,https://www.youtube.com/watch?v=LKw2LRjjxqA,0,0,0,0,
02e7729df0424fbbb21b77ccd543b0be,6290,1569325,166,53,1868,https://www.youtube.com/watch?v=HpuHEFc1t34,43,17,64,https://www.youtube.com/watch?v=YZA0Kh37RFg,204,88,1868,https://www.youtube.com/watch?v=HpuHEFc1t34,0,0,0,0,
0851296bdf4c4516b2506b8cce5151da,6280,613090,151,62,232,https://www.youtube.com/watch?v=D7e_bfFc1sU,197,93,232,https://www.youtube.com/watch?v=D7e_bfFc1sU,81,31,81,https://www.youtube.com/watch?v=Y0GDGgu4Z8A,0,0,0,0,
038ee6280ef742bcad8450ad52049944,6270,420100,257,136,2461,https://www.youtube.com/watch?v=EZZCxkWiQXw,257,136,1074,https://www.youtube.com/watch?v=bqCZJ3G3GQ8,1264,483,2461,https://www.youtube.com/watch?v=EZZCxkWiQXw,0,0,0,0,
557a590ea9764e8c99e72415d1837d52,6260,21522,0,0,0,,0,0,0,,0,0,0,,0,0,0,0,
cc882664d9794fb88b06a5a0aa1591ae,6240,315099,367,268,8649,https://www.youtube.com/watch?v=xmA73ELZi2c,367,268,8649,https://www.youtube.com/watch?v=xmA73ELZi2c,0,0,0,,0,0,0,0,
94c7cb6122bd4dcab2d8660ddc5f5508,6230,219259,197,98,280,https://www.youtube.com/watch?v=OT4yADc8EeI,197,98,280,https://www.youtube.com/watch?v=OT4yADc8EeI,0,0,0,,421,52,40,56,https://www.twitch.tv/videos/2749385418
5d903f62e014487e9ab21a48c19fc6ac,6210,365595,761,287,9370,https://www.youtube.com/watch?v=zZQurWJtulQ,161,26,185,https://www.youtube.com/watch?v=G3LIn-jNZVs,1231,1202,9370,https://www.youtube.com/watch?v=zZQurWJtulQ,872,167,124,188,https://www.twitch.tv/videos/2754281307
328a6a5742504b9d977f40660c118239,6210,1069557,146,61,1085,https://www.youtube.com/watch?v=qSy5-rW1aGU,148,69,1085,https://www.youtube.com/watch?v=qSy5-rW1aGU,53,20,529,https://www.youtube.com/watch?v=qQwUr2bthns,0,0,0,0,
160f90709224412f9cfc2aaa88e89a57,6160,566380,1543,708,15147,https://www.youtube.com/watch?v=rUNr9RZEEbE,1435,708,5565,https://www.youtube.com/watch?v=DyouGXa6m8Y,2687,1143,15147,https://www.youtube.com/watch?v=rUNr9RZEEbE,0,0,0,0,
4d0cbf91a5cb4524862207c5d406d98c,6130,142724,15210,13002,61233,https://www.youtube.com/watch?v=skPufMbEyVY,0,0,0,,15210,13002,61233,https://www.youtube.com/watch?v=skPufMbEyVY,0,0,0,0,
a83b6d485350402b90238deb371ae654,6090,110264,0,0,0,,0,0,0,,0,0,0,,4061,298,254,298,https://www.twitch.tv/videos/2755042162
1a3a0feb188e499ab4972c971d639f58,6090,272006,305,69,305,https://www.youtube.com/watch?v=IXNp7mJPUSE,305,69,305,https://www.youtube.com/watch?v=IXNp7mJPUSE,0,0,0,,0,0,0,0,
c2362f5ca48445a89fd081c4b2bc74d4,6080,221382,253,222,253,https://www.youtube.com/watch?v=7yj5TCBzVUM,253,222,253,https://www.youtube.com/watch?v=7yj5TCBzVUM,0,0,0,,136,0,0,0,
4576d781ddae45d59fc83c8d25385983,6080,163486,734,238,3825,https://www.youtube.com/watch?v=0S5zzkAkubw,580,208,2041,https://www.youtube.com/watch?v=sksczcqrNXQ,2052,659,3825,https://www.youtube.com/watch?v=0S5zzkAkubw,250,0,0,0,
febd22ec0bec4ecdbcd383be8c2694c3,6070,0,0,0,0,,0,0,0,,0,0,0,,0,0,0,0,
4eecf80e6ecc4644a7ff08314e6e0c82,6050,415152,398,320,1499,https://www.youtube.com/watch?v=k_GmP1YRKVs,354,306,685,https://www.youtube.com/watch?v=8IJny_CpzsI,1459,606,1499,https://www.youtube.com/watch?v=k_GmP1YRKVs,332,126,117,126,https://www.twitch.tv/videos/2756929149
16c4a9b7211a44f6b98d8e1aebf4ea70,6040,218844,0,0,0,,0,0,0,,0,0,0,,639,0,0,0,
75b388425b774a9f99a4483e295a13f0,6020,797477,370,248,1316,https://www.youtube.com/watch?v=iDODRLCOCyk,280,240,322,https://www.youtube.com/watch?v=3GKv64nVzGE,629,409,1316,https://www.youtube.com/watch?v=iDODRLCOCyk,415,0,0,0,
b6a105f12b904256ba356935ae46657f,6010,163742,0,0,0,,0,0,0,,0,0,0,,8620,443,334,17416,https://www.twitch.tv/videos/2742903997
2adc6f9aabb64fd892ff5d29ebdd5c44,5980,147946,0,0,0,,0,0,0,,0,0,0,,0,0,0,0,
2978ff3ab5f54898947af41ca4d47c4c,5960,95018,114,58,442,https://www.youtube.com/watch?v=zG-miWtNObo,112,56,261,https://www.youtube.com/watch?v=Z66Bn9YwvOQ,442,304,442,https://www.youtube.com/watch?v=zG-miWtNObo,528,0,0,0,
4cd21df2b76148b182903cc0aebe2bfa,5920,222711,161,75,246,https://www.youtube.com/watch?v=5EJQCh6v_ow,161,75,246,https://www.youtube.com/watch?v=5EJQCh6v_ow,0,0,0,,0,0,0,0,
66aa1c91546a4cfdab43faa119cea04a,5880,152,0,0,0,,0,0,0,,0,0,0,,3829,0,0,0,
325c292889f542688512641841b4ed8a,5870,255334,289,227,329,https://www.youtube.com/watch?v=pDfaOznJZd0,309,242,329,https://www.youtube.com/watch?v=pDfaOznJZd0,250,180,250,https://www.youtube.com/watch?v=6D4AiL_MbPA,0,0,0,0,
34edb431f7da4a43b2a6a9d79d2858d1,5860,322215,336,166,1048,https://www.youtube.com/watch?v=MuqkqFIeLgs,332,186,1048,https://www.youtube.com/watch?v=MuqkqFIeLgs,336,7,336,https://www.youtube.com/watch?v=iFwWhfoSrLk,564,285,207,342,https://www.twitch.tv/videos/2754228829
1ae72d56be5547b1825cdc0fdc0cce2e,5860,77829,118,111,122,https://www.youtube.com/watch?v=Dpw-JwyfXdg,118,111,122,https://www.youtube.com/watch?v=Dpw-JwyfXdg,0,0,0,,0,0,0,0,
5b6584a73478450d9db3f44b918580fd,5850,0,0,0,0,,0,0,0,,0,0,0,,907,0,0,0,
86154ca2dc964847b37297138aa65b9f,5840,240313,90,8,334,https://www.youtube.com/watch?v=uz6t6zeWzOk,90,8,334,https://www.youtube.com/watch?v=uz6t6zeWzOk,0,0,0,,1058,0,0,0,
bd99f3c8cd6e4fffb75bf0e5b1b5b4fa,5840,203603,1471,894,4767,https://www.youtube.com/watch?v=SGMJoLEgioQ,2383,894,4767,https://www.youtube.com/watch?v=SGMJoLEgioQ,1356,1101,1471,https://www.youtube.com/watch?v=9Xf6r96wTgE,0,0,0,0,
fceadce7c37f4cc08bc747aa79c3cf9e,5840,203069,153,70,1452,https://www.youtube.com/watch?v=lEngL16DgKM,126,59,319,https://www.youtube.com/watch?v=cGzKWgCOMFE,1190,448,1452,https://www.youtube.com/watch?v=lEngL16DgKM,0,0,0,0,
8fae79a84cd049fd8a2ea50528a75e2b,5820,196182,5683,2925,40212,https://www.youtube.com/watch?v=53CjjCMLMAw,0,0,0,,5683,2925,40212,https://www.youtube.com/watch?v=53CjjCMLMAw,2376,389,278,389,https://www.twitch.tv/videos/2751797435
c34e43b57f9f448582094f712a0b2c1a,5820,352417,218,91,1772,https://www.youtube.com/watch?v=57A6Iop5V68,217,85,380,https://www.youtube.com/watch?v=TuWhw78jUVs,1772,983,1772,https://www.youtube.com/watch?v=57A6Iop5V68,0,0,0,0,
9f975d473431409190e397bdc946d5b0,5810,264489,256,174,821,https://www.youtube.com/watch?v=dTBkQwHg5FM,256,174,821,https://www.youtube.com/watch?v=dTBkQwHg5FM,0,0,0,,241,0,0,0,
2ff93e20894245d49004276e3b51e64f,5790,262121,1239,390,2870,https://www.youtube.com/watch?v=T93nhwkiW1M,517,251,649,https://www.youtube.com/watch?v=1Uh0v6MgE3I,1960,755,2870,https://www.youtube.com/watch?v=T93nhwkiW1M,0,0,0,0,
33717d815310491da465eb6258a70b1c,5750,274237,254,90,295,https://www.youtube.com/watch?v=j9WbXFVmT9E,254,90,295,https://www.youtube.com/watch?v=j9WbXFVmT9E,0,0,0,,0,0,0,0,
58c4453bedb9463ab1dcb522d4d50faf,5740,1049873,66,30,191,https://www.youtube.com/watch?v=zU5gLMsWpEk,66,30,191,https://www.youtube.com/watch?v=zU5gLMsWpEk,0,0,0,,0,0,0,0,
4d856c2abee448b8941c27799bb8cb03,5720,93879,9274,5349,50937,https://www.youtube.com/watch?v=XKoqG2Z4yiw,0,0,0,,9274,5349,50937,https://www.youtube.com/watch?v=XKoqG2Z4yiw,0,0,0,0,
2a5b6a733ac54aba9490db8f504378d1,5710,3209,0,0,0,,0,0,0,,0,0,0,,0,0,0,0,
a800589948934dd68ac2c728cc05fbaf,5670,97735,0,0,0,,0,0,0,,0,0,0,,0,0,0,0,
3c5b24ec5e7e4451a917bb1683298c05,5660,291471,0,0,0,,0,0,0,,0,0,0,,0,0,0,0,
9e213402f2f54c42866d4f62545921b4,5650,145332,0,0,0,,0,0,0,,0,0,0,,454,0,0,0,
e17f42aa104040deae2ee3f3b1e85ed8,5650,317232,0,0,0,,0,0,0,,0,0,0,,39744,2148,690,2691,https://www.twitch.tv/videos/2740560823
925d91a363914edfb035fe6c08946be9,5630,175159,209,151,229,https://www.youtube.com/watch?v=WnPHVkWOh5E,209,151,229,https://www.youtube.com/watch?v=WnPHVkWOh5E,0,0,0,,0,0,0,0,
b1cb513e2511484cabbac00140b4a95c,5630,227980,417,227,50997,https://www.youtube.com/watch?v=EaLfWor3jno,414,180,734,https://www.youtube.com/watch?v=959dWHV3ZMw,26903,16061,50997,https://www.youtube.com/watch?v=EaLfWor3jno,450,322,237,333,https://www.twitch.tv/videos/2751035159
1307131312c54a11ab326e62474efc8a,5590,203014,3952,1693,3952,https://www.youtube.com/watch?v=Jp7yNFRBIcE,3952,1693,3952,https://www.youtube.com/watch?v=Jp7yNFRBIcE,0,0,0,,0,0,0,0,
35f3bb64e69c432180b98dde239f3bdd,5580,442395,527,176,1170,https://www.youtube.com/watch?v=uUuH1b2LuMw,471,151,720,https://www.youtube.com/watch?v=XHHINrSZTc4,732,287,1170,https://www.youtube.com/watch?v=uUuH1b2LuMw,803,58,35,100,https://www.twitch.tv/videos/2757698131
208d8aa3792641d6ae4e0de5a10a4a6f,5560,277991,200,86,3563,https://www.youtube.com/watch?v=bh0CQk6-Ems,94,62,277,https://www.youtube.com/watch?v=p_H0us0JXAY,747,264,3563,https://www.youtube.com/watch?v=bh0CQk6-Ems,1347,97,74,145,https://www.twitch.tv/videos/2755690126
0158495d5a2542a98181c2ddd21b90af,5560,0,0,0,0,,0,0,0,,0,0,0,,0,0,0,0,
dcbe7946e39e48bcb0b725de64a445c8,5540,491846,397,159,703,https://www.youtube.com/watch?v=lIhOCjV2ym4,410,172,703,https://www.youtube.com/watch?v=lIhOCjV2ym4,259,33,259,https://www.youtube.com/watch?v=46XFnp_QDg4,0,0,0,0,
9b11be3138284ff3904d3292d6aaa284,5530,283467,476,232,862,https://www.youtube.com/watch?v=NGP-A-xubfY,0,0,0,,476,232,862,https://www.youtube.com/watch?v=NGP-A-xubfY,0,0,0,0,
62e820e937ef4f4aaea0073bc5b21063,5520,9705,0,0,0,,0,0,0,,0,0,0,,0,0,0,0,
58304450990a433b88acd02b889b74e6,5520,153374,157,88,1586,https://www.youtube.com/watch?v=ZR6p679QcKw,138,61,176,https://www.youtube.com/watch?v=Uy8a37nMIZ4,863,618,1586,https://www.youtube.com/watch?v=ZR6p679QcKw,271,0,0,0,
dbfaa5f3d01142df8a05c4946a0a22dc,5510,450529,253,130,6361,https://www.youtube.com/watch?v=hi5_-EAJgfg,205,87,584,https://www.youtube.com/watch?v=n9Elfx6hFPE,2786,970,6361,https://www.youtube.com/watch?v=hi5_-EAJgfg,0,0,0,0,
40c846b91c4a44a980eddf20f0f789c0,5500,810467,478,211,9127,https://www.youtube.com/watch?v=mN8KVLpL75w,222,123,579,https://www.youtube.com/watch?v=iyUEuRxmsYI,2585,881,9127,https://www.youtube.com/watch?v=mN8KVLpL75w,6111,902,619,1940,https://www.twitch.tv/videos/2746932541
2d84a02e592d4a92893b7cc36af95a26,5500,206908,457,238,6359,https://www.youtube.com/watch?v=fH6Uxr3fDH0,443,208,583,https://www.youtube.com/watch?v=X2bAsQUU6rc,3976,2557,6359,https://www.youtube.com/watch?v=fH6Uxr3fDH0,564,435,297,470,https://www.twitch.tv/videos/2749415235
887b37336c9c4730809ace8b5e38df17,5490,62552,66,18,118,https://www.youtube.com/watch?v=iMjBFshCndY,61,18,118,https://www.youtube.com/watch?v=iMjBFshCndY,72,70,72,https://www.youtube.com/watch?v=eYEz3alczwc,53685,3400,1598,4888,https://www.twitch.tv/videos/2750546728
70adcdf6f8a146089a4e724b14146efd,5450,394548,405,181,25864,https://www.youtube.com/watch?v=dpJ19r7VP7o,350,113,636,https://www.youtube.com/watch?v=P6XCWMeKwWc,3880,863,25864,https://www.youtube.com/watch?v=dpJ19r7VP7o,512,392,317,392,https://www.twitch.tv/videos/2754051045
a0e2f9b9f851401bbd1736189d4b69b1,5450,135387,72,48,77,https://www.youtube.com/watch?v=vH-8VfYQivE,72,48,77,https://www.youtube.com/watch?v=vH-8VfYQivE,0,0,0,,0,0,0,0,
ea7d228d8fb2462f95aef21fc5bd4fb8,5440,1012919,834,368,1792,https://www.youtube.com/watch?v=JoC7TgNDI5Y,834,368,1792,https://www.youtube.com/watch?v=JoC7TgNDI5Y,0,0,0,,0,0,0,0,
490a48eedc944f9cb74501e6eefeb04d,5390,311397,463,151,2032,https://www.youtube.com/watch?v=0awsLOJwaWg,403,118,572,https://www.youtube.com/watch?v=Obc_Sxes3-w,1836,184,2032,https://www.youtube.com/watch?v=0awsLOJwaWg,2894,335,174,335,https://www.twitch.tv/videos/2747046891
428251b7832a48219276fb6e5f644e86,5380,826385,1556,100,8658,https://www.youtube.com/watch?v=yh8SJiy74jY,1138,84,2205,https://www.youtube.com/watch?v=NBCXwf-h7RU,1556,441,8658,https://www.youtube.com/watch?v=yh8SJiy74jY,262,0,0,0,
7ae1c13d53fb44f49f386eef43c63ee4,5380,257171,131,58,1638,https://www.youtube.com/watch?v=RnGSBkj4zE0,113,48,201,https://www.youtube.com/watch?v=Hs6l6SJGpUw,974,256,1638,https://www.youtube.com/watch?v=RnGSBkj4zE0,66,0,0,0,
dabf31fbee9b4214958603268d48b780,5360,74085,14319,9429,35983,https://www.youtube.com/watch?v=pAUtRIYlr2M,0,0,0,,14319,9429,35983,https://www.youtube.com/watch?v=pAUtRIYlr2M,0,0,0,0,
8f0b41303e8a481689fe4309a565ecd3,5350,315473,218,103,301,https://www.youtube.com/watch?v=_2ApNb2XZxI,218,103,301,https://www.youtube.com/watch?v=_2ApNb2XZxI,0,0,0,,1459,285,145,285,https://www.twitch.tv/videos/2746849083
529328632b0b4701a469ebc14413f855,5340,191551,336,111,444,https://www.youtube.com/watch?v=XA5fhFSeMZU,209,105,444,https://www.youtube.com/watch?v=XA5fhFSeMZU,411,161,422,https://www.youtube.com/watch?v=Srafz-3FoMI,0,0,0,0,
fec8644970684cffbbae8dd37a52d59c,5320,274986,133,56,1661,https://www.youtube.com/watch?v=2Bwdm4zJPs4,116,55,895,https://www.youtube.com/watch?v=6Rd6UxJgeDQ,443,394,1661,https://www.youtube.com/watch?v=2Bwdm4zJPs4,1071,292,220,1874,https://www.twitch.tv/videos/2750670421
b473dffe721745f6beb34b5a49e9aeda,5300,392149,0,0,0,,0,0,0,,0,0,0,,0,0,0,0,
b58761a33d75486f8aa0bf3f5bf07fe5,5300,0,0,0,0,,0,0,0,,0,0,0,,1782,0,0,0,
38ecb20931514383b2d93885136c6b68,5290,225624,182,90,496,https://www.youtube.com/watch?v=kn6ScKVctu8,182,90,496,https://www.youtube.com/watch?v=kn6ScKVctu8,0,0,0,,0,0,0,0,
c8858f1d4a2b41a4bbf738530023d6f9,5280,205428,171,96,329,https://www.youtube.com/watch?v=Qm09NmlbZeQ,171,96,329,https://www.youtube.com/watch?v=Qm09NmlbZeQ,0,0,0,,305,138,98,195,https://www.twitch.tv/videos/2756690940
443ba741722742d5b7d5f76c3e7b445b,5280,490802,235,154,1903,https://www.youtube.com/watch?v=hpTLlFmXbFo,235,154,689,https://www.youtube.com/watch?v=4EGuBLgcOVk,264,211,1903,https://www.youtube.com/watch?v=hpTLlFmXbFo,0,0,0,0,
7e088cf828bf4e02ae65bb8a1f6a8b89,5270,194250,89,36,128,https://www.youtube.com/watch?v=V0NvRheCdN0,89,36,128,https://www.youtube.com/watch?v=V0NvRheCdN0,0,0,0,,209,0,0,0,
44052b3832774bd7a4e4151f044c0901,5270,91875,0,0,0,,0,0,0,,0,0,0,,2042,0,0,0,
d889f67fe7b84a38a9742ab2a47f346a,5240,680579,943,179,1665,https://www.youtube.com/watch?v=kiQdYMM9N2E,103,31,110,https://www.youtube.com/watch?v=INq3EZ_nXQI,1301,578,1665,https://www.youtube.com/watch?v=kiQdYMM9N2E,3363,292,217,413,https://www.twitch.tv/videos/2750250219
2c42a2d77b4c481bae57dc00a66c2f16,5220,563188,566,271,1044,https://www.youtube.com/watch?v=3NGrj7n9uoU,566,271,1044,https://www.youtube.com/watch?v=3NGrj7n9uoU,358,284,497,https://www.youtube.com/watch?v=TJygTpquj_s,0,0,0,0,
b6f8117355b24e9c8a8a4c813a72aec9,5220,653983,223,80,1292,https://www.youtube.com/watch?v=ghnERPDhHo0,0,0,0,,223,80,1292,https://www.youtube.com/watch?v=ghnERPDhHo0,1353,326,267,550,https://www.twitch.tv/videos/2754998775
afb80b53c4a543e28eb165f036bc8e4f,5200,0,0,0,0,,0,0,0,,0,0,0,,0,0,0,0,
1f2b5204983b4d5ebe0a9352de3a66f6,5200,116618,223,171,287,https://www.youtube.com/watch?v=u8SNh25jKo0,223,171,287,https://www.youtube.com/watch?v=u8SNh25jKo0,0,0,0,,0,0,0,0,
a1470eec8f9349668adfbad2f25329b1,5190,1038,0,0,0,,0,0,0,,0,0,0,,1430,0,0,0,
63108f8ea91a4a699f345bb259750745,5190,98594,224,132,548,https://www.youtube.com/watch?v=RwLMWHmxcSk,252,135,548,https://www.youtube.com/watch?v=RwLMWHmxcSk,137,16,137,https://www.youtube.com/watch?v=J9Y7o7DYEvc,0,0,0,0,
effe96469a7348c786d01ccea8cf71cb,5170,180772,0,0,0,,0,0,0,,0,0,0,,0,0,0,0,
7f4f30df30ec405bb0968c585b243fa5,5170,365442,2603,925,12288,https://www.youtube.com/watch?v=WOZWpqMiXD0,436,178,453,https://www.youtube.com/watch?v=g7GO3MNV3Jo,2767,1049,12288,https://www.youtube.com/watch?v=WOZWpqMiXD0,785,188,164,212,https://www.twitch.tv/videos/2755101604
cc2a13ac075e4640b19020a51dcf9d88,5160,138971,752,91,752,https://www.youtube.com/watch?v=4VY0bHnMJ4M,752,91,752,https://www.youtube.com/watch?v=4VY0bHnMJ4M,0,0,0,,563,0,0,0,
f819220249044c7ca97126c828833c9b,5130,0,0,0,0,,0,0,0,,0,0,0,,0,0,0,0,
510bdce263cc479ca12d1fad64bfc65e,5130,342277,454,248,1273,https://www.youtube.com/watch?v=InXnl8-Sy7g,440,229,953,https://www.youtube.com/watch?v=59jbV1_S1hQ,1273,1239,1273,https://www.youtube.com/watch?v=InXnl8-Sy7g,0,0,0,0,
bdaa84ad3c7841d6a9ec8774ed9d40a9,5100,171294,478,225,1645,https://www.youtube.com/watch?v=e6ZrnSGZEPo,453,225,687,https://www.youtube.com/watch?v=BwJz_lHz9dQ,1519,389,1645,https://www.youtube.com/watch?v=e6ZrnSGZEPo,0,0,0,0,
25027be34ca844c885f40d5c26507898,5060,265457,1950,489,2525,https://www.youtube.com/watch?v=pxR995bwc8Y,0,0,0,,1950,489,2525,https://www.youtube.com/watch?v=pxR995bwc8Y,0,0,0,0,
410a9fff47f5491d98c47a4fa25ddf83,5040,6881,0,0,0,,0,0,0,,0,0,0,,0,0,0,0,
c21d4186912d4652a7fb5a1b3ef382b6,5020,187155,255,83,696,https://www.youtube.com/watch?v=aV-AaYfARVw,255,83,696,https://www.youtube.com/watch?v=aV-AaYfARVw,0,0,0,,2892,343,234,679,https://www.twitch.tv/videos/2756059554
c3bec3f382754230b178f8278eb550fb,5000,220904,247,86,1399,https://www.youtube.com/watch?v=uKP1AgBYC60,145,65,623,https://www.youtube.com/watch?v=mWr7RmbJUhE,425,193,1399,https://www.youtube.com/watch?v=uKP1AgBYC60,0,0,0,0,
94082eb7d950471b934592394ad3e4c8,4960,293060,0,0,0,,0,0,0,,0,0,0,,0,0,0,0,
36f4fa8dbd7740c3ae5ac02b890fa502,4950,307625,87,38,124,https://www.youtube.com/watch?v=6LBVjLSgecA,87,38,124,https://www.youtube.com/watch?v=6LBVjLSgecA,0,0,0,,1077,0,0,0,
def76c5c31fe4466b5ae6e6940ae6e58,4950,587115,492,257,3560,https://www.youtube.com/watch?v=Jl-zJNlW9Fk,426,237,726,https://www.youtube.com/watch?v=07kussYItsw,1085,384,3560,https://www.youtube.com/watch?v=Jl-zJNlW9Fk,0,0,0,0,
8fd3526ba2074df896bbcb47e713565b,4930,117717,121,61,196,https://www.youtube.com/watch?v=aJK3NkpiR4U,121,61,196,https://www.youtube.com/watch?v=aJK3NkpiR4U,0,0,0,,0,0,0,0,
3589be2c85dc460aa8de768c7a228730,4930,214125,145,90,411,https://www.youtube.com/watch?v=k9i9xn1oDrs,145,90,411,https://www.youtube.com/watch?v=k9i9xn1oDrs,0,0,0,,0,0,0,0,
19c3bdcc95134ef38ad98df3f92f3ccb,4920,315913,151,75,229,https://www.youtube.com/watch?v=Q_OspdTRDM0,151,75,229,https://www.youtube.com/watch?v=Q_OspdTRDM0,0,0,0,,840,60,43,73,https://www.twitch.tv/videos/2747844700
3c16d0b797bf49c3a4a6c043802ee2ec,4910,34116,0,0,0,,0,0,0,,0,0,0,,0,0,0,0,
17610c1e36214c0f8002456d8b0bcf36,4910,185285,0,0,0,,0,0,0,,0,0,0,,0,0,0,0,
e4e33334b43945b6837ec43826f3727f,4900,200455,356,174,3941,https://www.youtube.com/watch?v=RT7d7ypuomI,278,128,447,https://www.youtube.com/watch?v=nR8Lbc9vd1E,1450,408,3941,https://www.youtube.com/watch?v=RT7d7ypuomI,0,0,0,0,
d0b68b633fba4c02a627751778973f36,4900,111357,177,106,211,https://www.youtube.com/watch?v=Y7QgBNq5K34,177,106,211,https://www.youtube.com/watch?v=Y7QgBNq5K34,0,0,0,,0,0,0,0,
c8ef4e3182b74ecd994c837a75624390,4890,415728,962,451,9678,https://www.youtube.com/watch?v=BRQzQnrtop8,207,89,492,https://www.youtube.com/watch?v=j8j5bQ_aszw,1162,623,9678,https://www.youtube.com/watch?v=BRQzQnrtop8,0,0,0,0,
a1bc1c5451e64266a0f21f0847dd8d2f,4880,162423,94,40,96,https://www.youtube.com/watch?v=IJf0B6680WY,94,51,96,https://www.youtube.com/watch?v=IJf0B6680WY,86,16,86,https://www.youtube.com/watch?v=KvJdmxUPAJ0,440,222,145,222,https://www.twitch.tv/videos/2750184641
f9c9c29a9fb143539ade06564b99b233,4880,3462,86,28,147,https://www.youtube.com/watch?v=AW0goBuAxls,86,28,147,https://www.youtube.com/watch?v=AW0goBuAxls,0,0,0,,0,0,0,0,
fe8ee7b57ae74a1388127b81b136c7ea,4870,124157,189,45,431,https://www.youtube.com/watch?v=alJ71Ua4WZs,111,44,431,https://www.youtube.com/watch?v=alJ71Ua4WZs,328,84,328,https://www.youtube.com/watch?v=cqL80SSRni4,632,0,0,0,
42b8bd7bed2a4ddd930cfd223657e9ca,4860,189221,412,164,1300,https://www.youtube.com/watch?v=o7BjiMj5BlM,291,258,773,https://www.youtube.com/watch?v=U71pIflRSlk,622,121,1300,https://www.youtube.com/watch?v=o7BjiMj5BlM,1321,356,293,663,https://www.twitch.tv/videos/2750986175
2e266a71aa3d4a67bb8d9a2a0b573319,4840,278519,0,0,0,,0,0,0,,0,0,0,,41878,3246,1604,6278,https://www.twitch.tv/videos/2757220418
32b83b466c11418bb380623a95944302,4840,384222,967,534,967,https://www.youtube.com/watch?v=ywiSNHAIYUw,0,0,0,,967,534,967,https://www.youtube.com/watch?v=ywiSNHAIYUw,3376,311,267,734,https://www.twitch.tv/videos/2756618294
432458f2f15549919dc6e3706ccbd417,4820,317855,0,0,0,,0,0,0,,0,0,0,,0,0,0,0,
e0f419006f244a51804050ede1d1a5aa,4820,1305070,93,45,1891,https://www.youtube.com/watch?v=MRSlybTQprA,81,36,93,https://www.youtube.com/watch?v=8MeLB9gMdaQ,1891,365,1891,https://www.youtube.com/watch?v=MRSlybTQprA,0,0,0,0,
1357f282a9f04f6cbe3e215a0bd20482,4810,121897,466,104,2470,https://www.youtube.com/watch?v=f2xLWigYMqA,0,0,0,,466,104,2470,https://www.youtube.com/watch?v=f2xLWigYMqA,1822,0,0,0,
de81b740d66c439685aa37491d27efc4,4780,456554,0,0,0,,0,0,0,,0,0,0,,4335,273,184,342,https://www.twitch.tv/videos/2750190927
a9f1edc233804d4b90a9996219a3b14b,4780,242848,108,44,178,https://www.youtube.com/watch?v=MYfsVRlrthM,108,44,178,https://www.youtube.com/watch?v=MYfsVRlrthM,0,0,0,,0,0,0,0,
fad69c2a625446829ef410d9ef277c8f,4780,151719,188,137,574,https://www.youtube.com/watch?v=cBD8agOdyMc,188,137,574,https://www.youtube.com/watch?v=cBD8agOdyMc,0,0,0,,0,0,0,0,
29294f0665864cee8bb2b48697b9e84f,4770,254212,471,193,1718,https://www.youtube.com/watch?v=JEuK_kxK4Jc,434,190,1271,https://www.youtube.com/watch?v=cntI4F-zpzE,1463,594,1718,https://www.youtube.com/watch?v=JEuK_kxK4Jc,307,0,0,0,
9de74d9cd68f481396a3dbd76d529a24,4760,206321,166,59,318,https://www.youtube.com/watch?v=7ATBAV0Zxqo,166,59,318,https://www.youtube.com/watch?v=7ATBAV0Zxqo,0,0,0,,0,0,0,0,
1e71d9b4bbb1411b84e1aa428a79c9bc,4750,66724,0,0,0,,0,0,0,,0,0,0,,0,0,0,0,
592e95fcfa4e4610959b5635e449813d,4750,323400,269,248,269,https://www.youtube.com/watch?v=MqCKcJoc7b8,0,0,0,,269,248,269,https://www.youtube.com/watch?v=MqCKcJoc7b8,757,0,0,0,
b2313ef4c37542c89796ae94dfb8228d,4730,179774,233,85,311,https://www.youtube.com/watch?v=ALXvoWDjNyY,233,85,311,https://www.youtube.com/watch?v=ALXvoWDjNyY,0,0,0,,326,95,90,95,https://www.twitch.tv/videos/2757552491
e1b2337b79d1449e9ae6a754ec74050d,4730,608179,234,106,944,https://www.youtube.com/watch?v=RngA36ygNYg,234,106,944,https://www.youtube.com/watch?v=RngA36ygNYg,0,0,0,,0,0,0,0,
bcbde4d998e341418ebdf3e26884811d,4720,153030,279,127,546,https://www.youtube.com/watch?v=gEaq_sZ7Tkk,279,127,546,https://www.youtube.com/watch?v=gEaq_sZ7Tkk,0,0,0,,0,0,0,0,
4c8efd1d28d04eeabd21a3c337f154b9,4700,86574,123,66,282,https://www.youtube.com/watch?v=6Aqh5-0oc9c,123,66,282,https://www.youtube.com/watch?v=6Aqh5-0oc9c,0,0,0,,0,0,0,0,
988d1a83ff6c4f82af6be42946987c36,4690,314531,386,120,1661,https://www.youtube.com/watch?v=Ab6AEZTHAyc,115,52,212,https://www.youtube.com/watch?v=JVK8Fe7ZIS4,1105,511,1661,https://www.youtube.com/watch?v=Ab6AEZTHAyc,0,0,0,0,
256dd6464e974e118dc8103d5e9eb0b3,4690,103820,1298,1116,4038,https://www.youtube.com/watch?v=eRHljEblBxE,0,0,0,,1298,1116,4038,https://www.youtube.com/watch?v=eRHljEblBxE,3323,610,426,903,https://www.twitch.tv/videos/2751883224
4cc400969073471f9d2808a807e95f7d,4680,377967,578,156,1834,https://www.youtube.com/watch?v=VEjPeWqO7dk,443,382,978,https://www.youtube.com/watch?v=myubW1rvk9Y,578,156,1834,https://www.youtube.com/watch?v=VEjPeWqO7dk,0,0,0,0,
b3c1a09b09a54b9a8078d3310d151efe,4650,123356,0,0,0,,0,0,0,,0,0,0,,0,0,0,0,
98181ce64b3d45a9aa295c446e1bae9e,4650,117475,0,0,0,,0,0,0,,0,0,0,,573,0,0,0,
c6dab598fcee4b6b9bff76d2e8ffc8e6,4640,328989,286,102,2134,https://www.youtube.com/watch?v=lUmmPb4du8s,140,54,301,https://www.youtube.com/watch?v=p_6Gxz2ukfE,805,290,2134,https://www.youtube.com/watch?v=lUmmPb4du8s,813,0,0,0,
a99bc695c89d41e391a5abf6e781c911,4630,343012,0,0,0,,0,0,0,,0,0,0,,0,0,0,0,
4762b7be8b764f19a33a7cf167c2ea64,4620,66709,51,23,68,https://www.youtube.com/watch?v=fB8EVeblD4g,51,23,68,https://www.youtube.com/watch?v=fB8EVeblD4g,0,0,0,,0,0,0,0,
f9c7e5b8bcae492aa838379fb3190c20,4620,211815,0,0,0,,0,0,0,,0,0,0,,0,0,0,0,
6073eb006b764614915e90b5c54ce7e6,4620,297536,902,550,1558,https://www.youtube.com/watch?v=9SX9lYznouw,0,0,0,,902,550,1558,https://www.youtube.com/watch?v=9SX9lYznouw,3284,325,300,622,https://www.twitch.tv/videos/2746957952
33e0b518387b4479a76910366cd2a413,4600,245496,128,75,4001,https://www.youtube.com/watch?v=mDhDvhGTAnI,66,38,140,https://www.youtube.com/watch?v=7EPQ-68Ibas,3222,1768,4001,https://www.youtube.com/watch?v=mDhDvhGTAnI,367,25,16,41,https://www.twitch.tv/videos/2751999998
1aac7d12633a48c2b8f39356ee85de48,4570,123209,0,0,0,,0,0,0,,0,0,0,,2423,0,0,0,
2d9ef8be75c34daf9ce9d17ecbbe0f7a,4560,674026,127,65,341,https://www.youtube.com/watch?v=zBBm-L-kbms,127,65,341,https://www.youtube.com/watch?v=zBBm-L-kbms,0,0,0,,714,43,31,62,https://www.twitch.tv/videos/2755830605
20327c35cc9d4deba93299b790d7d721,4550,247597,192,113,1858,https://www.youtube.com/watch?v=pXvtLmpW_vc,121,63,143,https://www.youtube.com/watch?v=S8QKjaHfmQg,333,258,1858,https://www.youtube.com/watch?v=pXvtLmpW_vc,0,0,0,0,
d41f0a9dfdec46929f6f9534f8d79167,4530,64277,0,0,0,,0,0,0,,0,0,0,,0,0,0,0,
3dd8c72cab6d494dbd6fbf0a0e3dc41a,4520,310681,253,125,2264,https://www.youtube.com/watch?v=_W-2stoHdCY,237,120,2264,https://www.youtube.com/watch?v=_W-2stoHdCY,1197,615,1373,https://www.youtube.com/watch?v=3tiRwOzUB7o,1278,208,157,439,https://www.twitch.tv/videos/2751724503
443df65de03b4bd581708efc29b283ab,4490,71307,0,0,0,,0,0,0,,0,0,0,,2213,0,0,0,
0fa88d7be0ba4850abea150aa73fe440,4470,261433,0,0,0,,0,0,0,,0,0,0,,0,0,0,0,
3a43445829024217b728d04d5398b61c,4460,218161,225,98,566,https://www.youtube.com/watch?v=bUi707BPd90,225,98,566,https://www.youtube.com/watch?v=bUi707BPd90,0,0,0,,0,0,0,0,
b9569d6e438b473ba61d88c0230899f5,4430,262398,116,39,298,https://www.youtube.com/watch?v=HtEpN9SR_8w,108,40,273,https://www.youtube.com/watch?v=6RXXokwa8mg,298,36,298,https://www.youtube.com/watch?v=HtEpN9SR_8w,0,0,0,0,
c90914afde364f5e982414615662f5a7,4420,376162,238,125,1456,https://www.youtube.com/watch?v=d3NMp4NwYVw,280,169,1456,https://www.youtube.com/watch?v=d3NMp4NwYVw,137,81,137,https://www.youtube.com/watch?v=vQ8WIGXsfjQ,1989,0,0,0,
f53e734fd8ec432da4632f30e899338b,4420,50911,0,0,0,,0,0,0,,0,0,0,,0,0,0,0,
52b5fa7ff03945368644f52035a5e798,4410,323318,92,33,355,https://www.youtube.com/watch?v=6ET5BSZLfkY,92,33,355,https://www.youtube.com/watch?v=6ET5BSZLfkY,0,0,0,,0,0,0,0,
caf08c74dd7b4919bca49eef394d5475,4380,669154,1076,225,4016,https://www.youtube.com/watch?v=4ccFeJz7_wE,151,97,323,https://www.youtube.com/watch?v=C-7TTspfFOM,1657,729,4016,https://www.youtube.com/watch?v=4ccFeJz7_wE,3639,890,513,2051,https://www.twitch.tv/videos/2741927135
627d42f52e604f3e8eadc7f04ef74d2a,4380,214421,21,20,21,https://www.youtube.com/watch?v=2nNZ86YMijc,0,0,0,,21,20,21,https://www.youtube.com/watch?v=2nNZ86YMijc,3514,268,229,980,https://www.twitch.tv/videos/2746757806
5fd252ad134343a59705e00390c6d9ef,4380,117735,0,0,0,,0,0,0,,0,0,0,,1446,259,73,1249,https://www.twitch.tv/videos/2755612778
98187e2cc8c34f5d8e0853bffc1a30c9,4380,147601,2129,1100,2129,https://www.youtube.com/watch?v=NGn6Z9groFI,0,0,0,,2129,1100,2129,https://www.youtube.com/watch?v=NGn6Z9groFI,0,0,0,0,
bd7d712e0946448aa29a1d213d1c1beb,4380,135799,229,133,12835,https://www.youtube.com/watch?v=DREDNLFyr1M,165,78,241,https://www.youtube.com/watch?v=5tfVuQggo7o,1695,755,12835,https://www.youtube.com/watch?v=DREDNLFyr1M,348,265,199,455,https://www.twitch.tv/videos/2751922201
ccc1420185ad46d49d40b6b774db9b11,4370,242425,117,44,171,https://www.youtube.com/watch?v=rOHzLSnsOwU,135,56,171,https://www.youtube.com/watch?v=rOHzLSnsOwU,96,37,115,https://www.youtube.com/watch?v=Lbmwu5_0DbQ,773,87,85,195,https://www.twitch.tv/videos/2752691079
3f36658defc1428b8d4628478ef59256,4370,348916,666,279,2430,https://www.youtube.com/watch?v=uJ3px5gcY7Q,666,346,2430,https://www.youtube.com/watch?v=uJ3px5gcY7Q,876,255,1890,https://www.youtube.com/watch?v=_fS1JUnA4fs,0,0,0,0,
a2c7c34474174cd2bffcc17a32aeec21,4370,299466,108,78,1421,https://www.youtube.com/watch?v=IBkEcHLgOB8,83,40,128,https://www.youtube.com/watch?v=WlUCsF0ZlN8,1164,650,1421,https://www.youtube.com/watch?v=IBkEcHLgOB8,924,56,46,56,https://www.twitch.tv/videos/2754252699
9ceaafbe1a9a41bb9526b113354e03cc,4350,328568,191,107,1794,https://www.youtube.com/watch?v=Rt4G2pW0e6k,181,74,222,https://www.youtube.com/watch?v=1qhhKy7gvQA,1469,500,1794,https://www.youtube.com/watch?v=Rt4G2pW0e6k,0,0,0,0,
f658ebdc79bf4cef928a87d3a35855a5,4350,76556,42,28,45,https://www.youtube.com/watch?v=UZxOOrU3qqM,42,28,45,https://www.youtube.com/watch?v=UZxOOrU3qqM,0,0,0,,0,0,0,0,
16197a62aec94bcfa2e73220f291369b,4340,82123,0,0,0,,0,0,0,,0,0,0,,0,0,0,0,
f4fc9f87ed4b4f05a339b1f1a1d621b6,4320,92081,0,0,0,,0,0,0,,0,0,0,,0,0,0,0,
836fc798e2ec48b9985333de75d490ac,4320,390058,0,0,0,,0,0,0,,0,0,0,,0,0,0,0,
db1c4d81f03f4b04aca36b8b5b2b9c62,4310,94190,144,76,217,https://www.youtube.com/watch?v=8_1uAu9eXIc,144,76,217,https://www.youtube.com/watch?v=8_1uAu9eXIc,0,0,0,,438,0,0,0,
81387cdce77a4a9b9338145b28ae9ff6,4300,0,0,0,0,,0,0,0,,0,0,0,,0,0,0,0,
de071f4fc90344748afac14099022672,4290,109341,1692,159,1861,https://www.youtube.com/watch?v=s1wvCBn2yUs,0,0,0,,1692,159,1861,https://www.youtube.com/watch?v=s1wvCBn2yUs,8028,3670,2422,13510,https://www.twitch.tv/videos/2747304753
0ede84dfc1ff426cb42643d7390d2937,4260,709055,292,136,5251,https://www.youtube.com/watch?v=xmkECPorjdI,188,104,5251,https://www.youtube.com/watch?v=xmkECPorjdI,3248,683,3692,https://www.youtube.com/watch?v=NDSEWrv_kxM,1688,233,192,379,https://www.twitch.tv/videos/2758329588
caebfeea12c840f0ae0f0e2beb57b4e2,4250,223759,916,108,916,https://www.youtube.com/watch?v=VcQ41Wpfn9g,0,0,0,,916,108,916,https://www.youtube.com/watch?v=VcQ41Wpfn9g,0,0,0,0,
ba41581d315943fdaebe0dc981020d1c,4240,228713,131,46,175,https://www.youtube.com/watch?v=D7O8FgGYvW8,144,57,175,https://www.youtube.com/watch?v=D7O8FgGYvW8,124,46,149,https://www.youtube.com/watch?v=g89StP53Yn4,0,0,0,0,
c17ad3ef81904c26982024c9af1f0f3a,4230,177846,2533,505,3464,https://www.youtube.com/watch?v=GU38Fw_PAic,0,0,0,,2533,505,3464,https://www.youtube.com/watch?v=GU38Fw_PAic,3435,167,109,311,https://www.twitch.tv/videos/2748042509
872627e5c7a248bfb41a055dee03029a,4220,129248,190,88,2304,https://www.youtube.com/watch?v=VafuJP6sRmA,21,10,66,https://www.youtube.com/watch?v=wjJAwuarKIo,273,129,2304,https://www.youtube.com/watch?v=VafuJP6sRmA,761,0,0,0,
58bb51ba1bba485a98cbf859fb5687f4,4210,459642,540,140,2266,https://www.youtube.com/watch?v=luhnJJwSM_U,125,86,366,https://www.youtube.com/watch?v=7uD4gJ4S25o,1338,498,2266,https://www.youtube.com/watch?v=luhnJJwSM_U,1831,0,0,0,
3e340f9122814acc84ff51a0aec8ae13,4210,129012,0,0,0,,0,0,0,,0,0,0,,0,0,0,0,
58e377df63f745fc8473368b20afe2ae,4210,227806,52,35,118,https://www.youtube.com/watch?v=fMHwm0PmYdg,52,35,118,https://www.youtube.com/watch?v=fMHwm0PmYdg,0,0,0,,304,7,5,8,https://www.twitch.tv/videos/2758374042
2683fa864bd24112b6f7d04afb096a4e,4210,223980,297,133,2318,https://www.youtube.com/watch?v=edgg6d3kZLY,188,71,297,https://www.youtube.com/watch?v=t_WY5QzfA2A,1560,626,2318,https://www.youtube.com/watch?v=edgg6d3kZLY,362,0,0,0,
62f0f99b50d84bef91d06efdfe1c011e,4210,125950,0,0,0,,0,0,0,,0,0,0,,0,0,0,0,
6fb8c6dea7404638a9d78d4b0d84f64c,4200,30940,680,351,881,https://www.youtube.com/watch?v=znXDAY66Ak8,680,351,881,https://www.youtube.com/watch?v=znXDAY66Ak8,0,0,0,,2853,0,0,0,
ad6cf3322d204c79afa7d14d4d36473c,4190,313121,1909,779,5051,https://www.youtube.com/watch?v=ndpMhAWgV1E,0,0,0,,1909,779,5051,https://www.youtube.com/watch?v=ndpMhAWgV1E,0,0,0,0,
613b1c970cbf444980eba674ab40d807,4180,152777,0,0,0,,0,0,0,,0,0,0,,0,0,0,0,
50433c34f368460c9cda947f292a62b4,4180,327338,522,185,815,https://www.youtube.com/watch?v=pfD3ku1JRRE,534,196,815,https://www.youtube.com/watch?v=pfD3ku1JRRE,422,50,422,https://www.youtube.com/watch?v=iClOHkcUTPE,0,0,0,0,
c21605e81c714d7d9d66a627984dc30b,4180,0,0,0,0,,0,0,0,,0,0,0,,0,0,0,0,
01bebf0363a94b16b2313053c90a1c8a,4170,118850,82,62,144,https://www.youtube.com/watch?v=MXrEaox2HSw,82,62,144,https://www.youtube.com/watch?v=MXrEaox2HSw,0,0,0,,423,0,0,0,
7f049d05ff3a4946998b9ddd7df409fd,4150,137675,127,82,1627,https://www.youtube.com/watch?v=A41AEY16tqg,125,63,474,https://www.youtube.com/watch?v=VWbzBOA50aA,1365,969,1627,https://www.youtube.com/watch?v=A41AEY16tqg,2306,122,99,311,https://www.twitch.tv/videos/2753485838
ffb8b8f15321474a98628cb638631bf1,4140,814665,0,0,0,,0,0,0,,0,0,0,,0,0,0,0,
16b8db1818764f81addb322d109b5da3,4140,244123,1013,306,1471,https://www.youtube.com/watch?v=ViV1tEGJTUw,490,76,624,https://www.youtube.com/watch?v=g6vy8h0PLI8,1416,539,1471,https://www.youtube.com/watch?v=ViV1tEGJTUw,0,0,0,0,
65d2f574783c4c6297aaa915a891acda,4120,14881,0,0,0,,0,0,0,,0,0,0,,0,0,0,0,
d66fb507852f4d889e426c8ea0f9f246,4120,172505,439,173,2036,https://www.youtube.com/watch?v=xKbxaV95uYY,439,173,2036,https://www.youtube.com/watch?v=xKbxaV95uYY,0,0,0,,505,0,0,0,
1ea5aa0a7a7d401b897630667cf4b44e,4110,218098,98,48,216,https://www.youtube.com/watch?v=uWOacVOW_xI,98,48,216,https://www.youtube.com/watch?v=uWOacVOW_xI,0,0,0,,1237,274,176,404,https://www.twitch.tv/videos/2752756463
90446c6f1b704ff6b0fbbf017f0a68c5,4110,148270,527,150,657,https://www.youtube.com/watch?v=9EDvVdyCFRs,449,172,657,https://www.youtube.com/watch?v=9EDvVdyCFRs,557,117,557,https://www.youtube.com/watch?v=DE91YFYAtq4,0,0,0,0,
637b3a1eb03443248ebd1caba56e6b5a,4100,179955,410,180,1076,https://www.youtube.com/watch?v=vWrg6LWrYdI,410,180,1076,https://www.youtube.com/watch?v=vWrg6LWrYdI,0,0,0,,0,0,0,0,
8b027d3a3f374c9c8398b6dd751e5018,4080,1264,0,0,0,,0,0,0,,0,0,0,,37389,4726,1903,12072,https://www.twitch.tv/videos/2742905961
9d74c909706a450ea35c1777cac79e77,4080,442621,214,102,902,https://www.youtube.com/watch?v=qS2jEMvY6r0,208,102,539,https://www.youtube.com/watch?v=D2oxJSLVLzI,848,192,902,https://www.youtube.com/watch?v=qS2jEMvY6r0,866,112,77,112,https://www.twitch.tv/videos/2751021654
f03fa714465e44ef8d339474bd0f4a02,4070,132747,275,84,2050,https://www.youtube.com/watch?v=rSk1C9YLpxg,252,53,315,https://www.youtube.com/watch?v=Tjbxh_9T6Yo,712,351,2050,https://www.youtube.com/watch?v=rSk1C9YLpxg,0,0,0,0,
d177ac8568a14720b35bcc1a829aff51,4060,160975,141,48,246,https://www.youtube.com/watch?v=Z3Bu7lgdAds,141,48,246,https://www.youtube.com/watch?v=Z3Bu7lgdAds,0,0,0,,0,0,0,0,
eda6bf91049349e08f0f269fb4f8c0f9,4050,144293,95,37,1718,https://www.youtube.com/watch?v=GuC-iof1tf8,73,34,133,https://www.youtube.com/watch?v=3dus3umOF8g,1042,264,1718,https://www.youtube.com/watch?v=GuC-iof1tf8,194,0,0,0,
b516b71a9e8d43b8a377dabe1f9057dd,4040,116526,97,46,162,https://www.youtube.com/watch?v=TIg0G9raY_I,96,37,145,https://www.youtube.com/watch?v=mcZ9TnmY2EQ,129,51,162,https://www.youtube.com/watch?v=TIg0G9raY_I,531,54,35,76,https://www.twitch.tv/videos/2755806884
48fd85a178c24579ac7d8f43f1e5bc39,4030,163133,0,0,0,,0,0,0,,0,0,0,,180,0,0,0,
cd44db2c12a54568963299704aa8d4a6,4020,106255,0,0,0,,0,0,0,,0,0,0,,320,0,0,0,
4a44ee7065ae41ad8d70469297599df8,4020,1124639,39,27,40,https://www.youtube.com/watch?v=_3xMNbGVWQs,39,27,40,https://www.youtube.com/watch?v=_3xMNbGVWQs,0,0,0,,0,0,0,0,
2bf038f2a9514434aefa4ef7b2140f56,4020,155802,478,267,2492,https://www.youtube.com/watch?v=urV-M5Ca6Cs,397,249,689,https://www.youtube.com/watch?v=zgjjHqReTT0,1620,462,2492,https://www.youtube.com/watch?v=urV-M5Ca6Cs,516,700,657,1092,https://www.twitch.tv/videos/2752576956
c9ac78b9004c4c26ba4107ccefe399ec,4010,170169,78,21,288,https://www.youtube.com/watch?v=eUG4XJKU9RY,78,21,288,https://www.youtube.com/watch?v=eUG4XJKU9RY,0,0,0,,0,0,0,0,
9db6beb02e774aa7a97ba8674a5a8f9d,3950,82242,0,0,0,,0,0,0,,0,0,0,,197,0,0,0,
ec12bbfb27d24091aa6a7d64ff9429ea,3950,101863,420,250,420,https://www.youtube.com/watch?v=GZ8Cjbmf-mc,0,0,0,,420,250,420,https://www.youtube.com/watch?v=GZ8Cjbmf-mc,5301,483,223,956,https://www.twitch.tv/videos/2744647551
6b8922c9532e435eb4f03cabc8bb23b1,3940,134955,0,0,0,,0,0,0,,0,0,0,,0,0,0,0,
00d9cb7b0bcd451999f4fd33dd84be6c,3930,715908,183,105,1900,https://www.youtube.com/watch?v=GN1dYAmU3f0,129,88,382,https://www.youtube.com/watch?v=A7OmoNKh07s,663,209,1900,https://www.youtube.com/watch?v=GN1dYAmU3f0,4877,333,197,2691,https://www.twitch.tv/videos/2734615645
f332651666ff4dcfab45f08a39a62d8d,3920,0,0,0,0,,0,0,0,,0,0,0,,0,0,0,0,
780f8a72bb1543a79feb5730b42130c6,3910,241464,1246,697,2126,https://www.youtube.com/watch?v=mQGiB-aZDx4,339,168,375,https://www.youtube.com/watch?v=OldyLhVKIuk,1370,907,2126,https://www.youtube.com/watch?v=mQGiB-aZDx4,0,0,0,0,
0490d9546bce4068a0f52b39046bdf91,3890,105426,695,382,2601,https://www.youtube.com/watch?v=CdlpRUNvIrE,142,73,193,https://www.youtube.com/watch?v=pEGaX8Cf07c,770,482,2601,https://www.youtube.com/watch?v=CdlpRUNvIrE,4284,539,363,1035,https://www.twitch.tv/videos/2757562920
5cff30a1695346368e3ea7a7c7af4286,3880,401245,61,38,68,https://www.youtube.com/watch?v=hhAKtkzgZRQ,68,66,68,https://www.youtube.com/watch?v=hhAKtkzgZRQ,54,10,54,https://www.youtube.com/watch?v=7qIZw3OMXFM,761,0,0,0,
4b8f55c74e594978bb461a27b3924336,3880,105176,185,57,320,https://www.youtube.com/watch?v=PHCgV7P3c6c,185,57,320,https://www.youtube.com/watch?v=PHCgV7P3c6c,0,0,0,,835,0,0,0,
6bf5f37da9e74d539963689b6b0256a5,3880,490021,371,131,1369,https://www.youtube.com/watch?v=k4ygl29pWyg,156,59,371,https://www.youtube.com/watch?v=GVoa3OAhQbg,1168,584,1369,https://www.youtube.com/watch?v=k4ygl29pWyg,0,0,0,0,
99cc071a06b949bf8515609757fa9d7e,3880,166569,0,0,0,,0,0,0,,0,0,0,,476,0,0,0,
7b2d1d71057b4ac2a16109b980a99e28,3870,190982,207,130,5708,https://www.youtube.com/watch?v=bnKlcQyKwbk,149,79,241,https://www.youtube.com/watch?v=KYjCBYWZFNU,1361,583,5708,https://www.youtube.com/watch?v=bnKlcQyKwbk,0,0,0,0,
3727892a417b429aa063c7300e132966,3860,226455,0,0,0,,0,0,0,,0,0,0,,0,0,0,0,
9c1450789da443f491a66e6f121482fc,3860,313308,427,168,1407,https://www.youtube.com/watch?v=jJCHpaW0mp8,339,165,722,https://www.youtube.com/watch?v=wp_yO7RQ3yE,800,216,1407,https://www.youtube.com/watch?v=jJCHpaW0mp8,385,0,0,0,
b0f00fccf8a14655911360748c4699cd,3860,148584,516,260,2072,https://www.youtube.com/watch?v=H38O2tH6PfU,95,46,108,https://www.youtube.com/watch?v=mRLpX4QTSso,1183,459,2072,https://www.youtube.com/watch?v=H38O2tH6PfU,0,0,0,0,
368336c76b5b4ba1b28e5381d0b8b26d,3850,147531,0,0,0,,0,0,0,,0,0,0,,0,0,0,0,
a03628db891e4e8c9a54bc5161f1f2f4,3850,193303,0,0,0,,0,0,0,,0,0,0,,617,122,82,184,https://www.twitch.tv/videos/2749423509
edbd401267284e8886c1fd27d08283d4,3830,71219,0,0,0,,0,0,0,,0,0,0,,1031,0,0,0,
f18910b4b83a48558f16836f4c1488eb,3830,120412,0,0,0,,0,0,0,,0,0,0,,0,0,0,0,
20f361a84fb3439999c550c10fcf5642,3830,89185,0,0,0,,0,0,0,,0,0,0,,1650,0,0,0,
c371d4c7f516451bac8ae3a9a13dc7f2,3800,122713,106,54,175,https://www.youtube.com/watch?v=DQ5Et9J1lxg,106,54,175,https://www.youtube.com/watch?v=DQ5Et9J1lxg,0,0,0,,1475,96,74,149,https://www.twitch.tv/videos/2749394816
73827056b15849549388f720dde25c01,3800,181673,550,200,1133,https://www.youtube.com/watch?v=w8d6Ede1ICk,530,194,672,https://www.youtube.com/watch?v=KqakBIK8uoU,963,362,1133,https://www.youtube.com/watch?v=w8d6Ede1ICk,0,0,0,0,
7ddebf4d8f6d4c63a4fc7268d8113c10,3790,474008,225,168,1521,https://www.youtube.com/watch?v=74g_IQDGW8c,0,0,0,,225,168,1521,https://www.youtube.com/watch?v=74g_IQDGW8c,6425,963,608,6778,https://www.twitch.tv/videos/2745366096
342b158ba02d4103a1407d62fe786f5e,3780,180087,0,0,0,,0,0,0,,0,0,0,,1638,0,0,0,
3a4fe2f4720747ceabc87b3327ab2b17,3780,104543,180,24,180,https://www.youtube.com/watch?v=B5pcYC4PSQU,180,24,180,https://www.youtube.com/watch?v=B5pcYC4PSQU,0,0,0,,0,0,0,0,
ba5ed25718a7421cb15cd0ec62df723e,3770,150094,194,129,433,https://www.youtube.com/watch?v=FrFmDA5IxBE,194,129,433,https://www.youtube.com/watch?v=FrFmDA5IxBE,0,0,0,,484,0,0,0,
db4fd03c50654057bd32b9201666b345,3770,187027,0,0,0,,0,0,0,,0,0,0,,2313,0,0,0,
c01af5d5f9b74ac29b51dcae0dc55a2d,3750,290692,203,40,624,https://www.youtube.com/watch?v=x9aqO15_Bn4,624,89,624,https://www.youtube.com/watch?v=x9aqO15_Bn4,189,39,244,https://www.youtube.com/watch?v=gbiDmdKMUok,0,0,0,0,
b211eff7fcd04d47b81ed440890edabb,3740,97767,0,0,0,,0,0,0,,0,0,0,,377,0,0,0,
2f80e2f83d254bbdbf48b9c8b3fca995,3730,152512,206,90,492,https://www.youtube.com/watch?v=cZ8rese3sqo,198,95,492,https://www.youtube.com/watch?v=cZ8rese3sqo,275,61,275,https://www.youtube.com/watch?v=CLCc_aMjGBc,0,0,0,0,
42e2bc7c16734352b2e18a82e48844ec,3730,538214,382,139,2045,https://www.youtube.com/watch?v=EwpiejHMpTg,382,139,2045,https://www.youtube.com/watch?v=EwpiejHMpTg,0,0,0,,0,0,0,0,
601b56797a3246f49cead93e9e190a49,3730,149530,0,0,0,,0,0,0,,0,0,0,,0,0,0,0,
ed4666af39034d54913aba64cfea6f47,3700,339716,405,193,898,https://www.youtube.com/watch?v=wdoRshTGX0g,405,193,898,https://www.youtube.com/watch?v=wdoRshTGX0g,0,0,0,,941,0,0,0,
907d39ec8a394cdcb645bd4b2e6351e7,3690,101190,180,155,247,https://www.youtube.com/watch?v=S-nlwCJeBD0,180,155,247,https://www.youtube.com/watch?v=S-nlwCJeBD0,0,0,0,,0,0,0,0,
a246e7561e5f40799a48eeca69951b7b,3680,182860,138,93,167,https://www.youtube.com/watch?v=Q17z31XL7J4,138,93,167,https://www.youtube.com/watch?v=Q17z31XL7J4,0,0,0,,130,0,0,0,
dadb89bee9044261848ad444625d94f7,3660,59202,135,64,1213,https://www.youtube.com/watch?v=liN4vhA3lbk,96,55,145,https://www.youtube.com/watch?v=SkH82X4AWrU,561,456,1213,https://www.youtube.com/watch?v=liN4vhA3lbk,0,0,0,0,
bc70de85cb744f13bffae8a81ebd6bb4,3640,92793,0,0,0,,0,0,0,,0,0,0,,0,0,0,0,
286c24a67720434bbb4290d49fb42a54,3610,199217,111,47,3377,https://www.youtube.com/watch?v=x3jDC1HdBO4,92,36,236,https://www.youtube.com/watch?v=lV2AHEXbeK8,1848,1263,3377,https://www.youtube.com/watch?v=x3jDC1HdBO4,0,0,0,0,
3506a4f43442492e83c6fbe4cdb09aba,3610,61022,0,0,0,,0,0,0,,0,0,0,,0,0,0,0,
e76a030f33bc48a58257b261f95ee3af,3610,145100,140,87,207,https://www.youtube.com/watch?v=F3w52NHE29A,140,87,207,https://www.youtube.com/watch?v=F3w52NHE29A,0,0,0,,0,0,0,0,
b95eb39c5bb74de687696afbc31fb836,3610,100907,153,34,201,https://www.youtube.com/watch?v=leJCJI4cIF8,153,34,201,https://www.youtube.com/watch?v=leJCJI4cIF8,0,0,0,,402,203,55,255,https://www.twitch.tv/videos/2755684718
c2bbc6bca92c4825b72d635634197e2b,3600,223106,0,0,0,,0,0,0,,0,0,0,,0,0,0,0,
0df008566e92461eb808c5b3ba9c7f0f,3590,121509,46,14,79,https://www.youtube.com/watch?v=dkX3ccFDG0o,46,14,79,https://www.youtube.com/watch?v=dkX3ccFDG0o,0,0,0,,0,0,0,0,
e93734c51e5141419d44dc147f1c5420,3590,57487,0,0,0,,0,0,0,,0,0,0,,0,0,0,0,
b1c9458ca89b44bab0f09883ef40c45c,3590,115663,125,55,659,https://www.youtube.com/watch?v=TIbvsjVbqXc,125,55,659,https://www.youtube.com/watch?v=TIbvsjVbqXc,0,0,0,,0,0,0,0,
4d9730dc400443e6b8edb719febd5f46,3590,74570,120,53,164,https://www.youtube.com/watch?v=tO4X1HRThjE,120,53,164,https://www.youtube.com/watch?v=tO4X1HRThjE,0,0,0,,770,76,50,76,https://www.twitch.tv/videos/2750401773
644ed2200e8a446bae2920103d1015e3,3590,128836,90,54,468,https://www.youtube.com/watch?v=NSi6G48kmDk,78,48,142,https://www.youtube.com/watch?v=mD5UWCsSRM0,225,83,468,https://www.youtube.com/watch?v=NSi6G48kmDk,0,0,0,0,
7caa52181a744f68be9e3995c7adec24,3570,41827,150,51,211,https://www.youtube.com/watch?v=5AJFopuXmP8,150,51,211,https://www.youtube.com/watch?v=5AJFopuXmP8,0,0,0,,0,0,0,0,
5f9767b104b54292bf6dd29863c0c6b1,3570,356246,1135,489,1887,https://www.youtube.com/watch?v=7uXsXF3Ev5c,82,58,99,https://www.youtube.com/watch?v=11X0WWX-TQI,1166,541,1887,https://www.youtube.com/watch?v=7uXsXF3Ev5c,0,0,0,0,
c16daca9d8b84b18a38ab97cdcd7577a,3570,371250,263,91,1529,https://www.youtube.com/watch?v=GLG8LtAtla4,270,100,1314,https://www.youtube.com/watch?v=F0JqoAvR0iw,148,90,1529,https://www.youtube.com/watch?v=GLG8LtAtla4,0,0,0,0,
041976bda8b8410a99af25fc4cb87970,3560,124313,0,0,0,,0,0,0,,0,0,0,,133,0,0,0,
8b69d6c508194b93b14fc056038160ab,3560,82035,0,0,0,,0,0,0,,0,0,0,,1967,174,139,261,https://www.twitch.tv/videos/2749281189
d78d72ce0aac4c9d9c5c16604209ced3,3550,176824,507,202,1570,https://www.youtube.com/watch?v=LKz5S68VxW8,507,202,1570,https://www.youtube.com/watch?v=LKz5S68VxW8,0,0,0,,0,0,0,0,
8961bc96eec34a99ad58505bae3f58f1,3550,157088,97,47,152,https://www.youtube.com/watch?v=y_hcIA8yKho,97,47,152,https://www.youtube.com/watch?v=y_hcIA8yKho,0,0,0,,0,0,0,0,
64bba754590e41c5b58df1c536d4e865,3540,131134,107,47,201,https://www.youtube.com/watch?v=LqmyllRRQh0,107,47,201,https://www.youtube.com/watch?v=LqmyllRRQh0,0,0,0,,729,291,230,1160,https://www.twitch.tv/videos/2748912738
54b0131ceb734643b23b1eefee31cca0,3520,264265,118,108,118,https://www.youtube.com/watch?v=WuiWLuUlD1U,0,0,0,,118,108,118,https://www.youtube.com/watch?v=WuiWLuUlD1U,747,0,0,0,
edf9e466820347828b0d2d10e5e9bb72,3510,230422,36,19,1441,https://www.youtube.com/watch?v=6hjmFo6UMdg,36,19,76,https://www.youtube.com/watch?v=swhM18bwAAg,177,39,1441,https://www.youtube.com/watch?v=6hjmFo6UMdg,485,0,0,0,
07b9e0f7118446be96cc2d12f5d8ad02,3500,132410,0,0,0,,0,0,0,,0,0,0,,12215,629,285,629,https://www.twitch.tv/videos/2745349228
a60e76fb18f44818980d7d5b07cf82c9,3500,161711,1007,299,2057,https://www.youtube.com/watch?v=NkZfxia08WQ,796,266,1243,https://www.youtube.com/watch?v=fPXGAVq3n14,1289,566,2057,https://www.youtube.com/watch?v=NkZfxia08WQ,476,597,454,1556,https://www.twitch.tv/videos/2748678908
f45249f9d8094f9d85f6d02aec4af029,3490,772959,242,77,1497,https://www.youtube.com/watch?v=CKPciEaMGUQ,184,68,242,https://www.youtube.com/watch?v=LCE0k3KnJBs,1497,667,1497,https://www.youtube.com/watch?v=CKPciEaMGUQ,0,0,0,0,
4b79f7afd84a42b98d11bd1c5cb6478c,3490,93583,0,0,0,,0,0,0,,0,0,0,,0,0,0,0,
4f5a88e0193a4c948f7e84c56303db82,3490,91911,145,99,394,https://www.youtube.com/watch?v=tEgbhExa89E,145,99,394,https://www.youtube.com/watch?v=tEgbhExa89E,0,0,0,,0,0,0,0,
de362d2d371446d898953e74e27abd2a,3490,388885,197,116,2508,https://www.youtube.com/watch?v=f_iY5_sRV0o,110,33,747,https://www.youtube.com/watch?v=thWy9qbOdV4,256,167,2508,https://www.youtube.com/watch?v=f_iY5_sRV0o,0,0,0,0,
4c34c44a98974b709f7dbc7618847fd6,3480,263233,788,357,1270,https://www.youtube.com/watch?v=tLxE71NIeIs,0,0,0,,788,357,1270,https://www.youtube.com/watch?v=tLxE71NIeIs,11566,1043,441,1431,https://www.twitch.tv/videos/2736335296
8c25e14dcc3a4f71895d58924c69dc0a,3480,182228,99,96,99,https://www.youtube.com/watch?v=ZZ24ziSXXYY,99,96,99,https://www.youtube.com/watch?v=ZZ24ziSXXYY,0,0,0,,0,0,0,0,
01ba034aab854ec680fe6f1ddc7008e2,3470,165382,98,48,149,https://www.youtube.com/watch?v=CeKAU02vGRE,98,48,149,https://www.youtube.com/watch?v=CeKAU02vGRE,0,0,0,,0,0,0,0,
9881cf3008684e55aea70a2499e84163,3460,404311,234,118,2111,https://www.youtube.com/watch?v=sj_pWIOEjU4,220,84,480,https://www.youtube.com/watch?v=mJkyv2sU1no,944,284,2111,https://www.youtube.com/watch?v=sj_pWIOEjU4,166,0,0,0,
cf648a09bdbc45429f4fae7dfff1a040,3440,43660,0,0,0,,0,0,0,,0,0,0,,0,0,0,0,
4d347ba9ca0c41c59cda553ebe4af5b1,3430,137643,80,47,91,https://www.youtube.com/watch?v=Y--Uk-AbcZA,80,47,91,https://www.youtube.com/watch?v=Y--Uk-AbcZA,0,0,0,,1243,0,0,0,
7bf1f37dccbe4c72860c81a2772b91e1,3430,1551783,27,14,257,https://www.youtube.com/watch?v=jpeOIUil91g,24,14,119,https://www.youtube.com/watch?v=MCXTOppNvhI,88,19,257,https://www.youtube.com/watch?v=jpeOIUil91g,65,0,0,0,
7748d3ab76f34e06abb9d116bb432de2,3420,62440,0,0,0,,0,0,0,,0,0,0,,1652,0,0,0,
9379ed7f979440218e22b8db58dd0dd1,3410,207514,347,92,444,https://www.youtube.com/watch?v=zL0mBIm5bx4,347,92,444,https://www.youtube.com/watch?v=zL0mBIm5bx4,0,0,0,,572,0,0,0,
76cafd8f4f5e41cbad5e0520520fcc1b,3400,0,0,0,0,,0,0,0,,0,0,0,,0,0,0,0,
4d01ec47d0804a47a9fef6d9d01d9c29,3390,88596,0,0,0,,0,0,0,,0,0,0,,2173,142,97,427,https://www.twitch.tv/videos/2753987338
70a7428607b845fc959fb7d4859d018b,3380,343950,0,0,0,,0,0,0,,0,0,0,,18639,0,0,0,
02cf3719d4f44b7dbedc324ef8b0702e,3380,64062,0,0,0,,0,0,0,,0,0,0,,0,0,0,0,
46145dc9eaab4a84898468905a4759b0,3370,76294,83,39,100,https://www.youtube.com/watch?v=YgGXH5W7NXs,0,0,0,,83,39,100,https://www.youtube.com/watch?v=YgGXH5W7NXs,0,0,0,0,
53d808d5b57f452a96d67861f3da1f8c,3370,123704,495,238,3736,https://www.youtube.com/watch?v=kiP5UFdC88E,439,249,878,https://www.youtube.com/watch?v=FBPkD1OtRiQ,1733,133,3736,https://www.youtube.com/watch?v=kiP5UFdC88E,221,0,0,0,
2ceecb98e47845eab5e3d8d33bd53895,3360,103692,167,72,203,https://www.youtube.com/watch?v=-7gJHuCWkAE,167,72,203,https://www.youtube.com/watch?v=-7gJHuCWkAE,0,0,0,,0,0,0,0,
9ad37d3249e24861bc8cb84368883258,3360,206794,75,31,3776,https://www.youtube.com/watch?v=ATAkX38BMYA,68,31,152,https://www.youtube.com/watch?v=p9TeU3-99wQ,1940,986,3776,https://www.youtube.com/watch?v=ATAkX38BMYA,0,0,0,0,
8e249f04f6cb48bda24f1513a472f4d8,3350,269222,0,0,0,,0,0,0,,0,0,0,,0,0,0,0,
c485c46db92a4cda909347804da07153,3350,79517,73,39,85,https://www.youtube.com/watch?v=3acUgGVlggg,73,39,85,https://www.youtube.com/watch?v=3acUgGVlggg,0,0,0,,390,196,139,258,https://www.twitch.tv/videos/2754162903
0e8150c7419f4c1d94d8ccfb41a04280,3340,327515,0,0,0,,0,0,0,,0,0,0,,0,0,0,0,
a7810f3ba1af43ff888ccbbe477a1356,3340,32561,0,0,0,,0,0,0,,0,0,0,,674,0,0,0,
c7a3d726bb4243cabb70dfd1e9545cd0,3340,160434,97,67,200,https://www.youtube.com/watch?v=P-QV7BLm8GQ,97,67,200,https://www.youtube.com/watch?v=P-QV7BLm8GQ,0,0,0,,0,0,0,0,
049cb6d09a3b4db49962aa5b8e468a3f,3330,28753,0,0,0,,0,0,0,,0,0,0,,1246,0,0,0,
8125f51f9526408790a77c1c7b4a053b,3320,101340,26,13,26,https://www.youtube.com/watch?v=Dt9Cy3gVSc0,0,0,0,,26,13,26,https://www.youtube.com/watch?v=Dt9Cy3gVSc0,3273,0,0,0,
dd0401d23f5444c69b9d10db3b22d444,3320,131900,141,46,1795,https://www.youtube.com/watch?v=Xmg8dkXs-Do,134,41,209,https://www.youtube.com/watch?v=374SwHXK06o,1795,1175,1795,https://www.youtube.com/watch?v=Xmg8dkXs-Do,24,0,0,0,
de7f8ba1753d4e4cb95e6ac99007eacc,3310,92099,234,110,925,https://www.youtube.com/watch?v=oIlAG2Oh90U,232,107,485,https://www.youtube.com/watch?v=zfMHfdEwQqk,925,583,925,https://www.youtube.com/watch?v=oIlAG2Oh90U,0,0,0,0,
288f2fba52bf4d6b9e0ba66e03439837,3300,52524,0,0,0,,0,0,0,,0,0,0,,2333,0,0,0,
f5a683eeac6b4936b44d547c1e4edbc2,3280,68716,180,122,1529,https://www.youtube.com/watch?v=-eu37ccGMPs,155,108,302,https://www.youtube.com/watch?v=vgbLvVuDqdY,409,399,1529,https://www.youtube.com/watch?v=-eu37ccGMPs,119,33,29,48,https://www.twitch.tv/videos/2752556545
cb5ff5f1898a45b1bc27a32057a1fa91,3260,71827,0,0,0,,0,0,0,,0,0,0,,2177,0,0,0,
0ac7e05c8a3842e7bd1401652ce2bf4f,3250,131367,83,32,103,https://www.youtube.com/watch?v=1tpNyJi-Feo,83,32,103,https://www.youtube.com/watch?v=1tpNyJi-Feo,0,0,0,,0,0,0,0,
0f9d996c066a406dbe04161776c17461,3240,177106,134,90,517,https://www.youtube.com/watch?v=aJ6MfNFhinw,129,91,334,https://www.youtube.com/watch?v=ziW1UmTwtBw,487,82,517,https://www.youtube.com/watch?v=aJ6MfNFhinw,0,0,0,0,
5bbfc7c1b6584cef8c75f2f9044387d2,3240,293456,95,54,941,https://www.youtube.com/watch?v=_41kUnRy6xI,91,49,227,https://www.youtube.com/watch?v=uHWQBpr0vAA,617,329,941,https://www.youtube.com/watch?v=_41kUnRy6xI,0,0,0,0,
e810dcd23c334fd184d254718517764e,3230,213017,54,31,93,https://www.youtube.com/watch?v=G1lRMrilAPA,54,31,93,https://www.youtube.com/watch?v=G1lRMrilAPA,0,0,0,,0,0,0,0,
74ef34317983453ab86223490eba4f6e,3220,111654,461,145,611,https://www.youtube.com/watch?v=g63FkD5dn7I,461,145,611,https://www.youtube.com/watch?v=g63FkD5dn7I,0,0,0,,171,0,0,0,
30f59fd702d5417c9225bc729bf7ec32,3220,266491,133,43,297,https://www.youtube.com/watch?v=1Ah3SXZeL6g,132,50,297,https://www.youtube.com/watch?v=1Ah3SXZeL6g,216,22,216,https://www.youtube.com/watch?v=4b3Na3opVc0,0,0,0,0,
069ca07d5dd84cd3bf42e21a085d98fb,3210,26003,0,0,0,,0,0,0,,0,0,0,,162,0,0,0,
886f64b4a0504b9fbe5e4687b92f6584,3210,184547,71,33,15322,https://www.youtube.com/watch?v=BvtV8x5cbK8,305,180,449,https://www.youtube.com/watch?v=r2axhv1taFA,39,25,15322,https://www.youtube.com/watch?v=BvtV8x5cbK8,152,37,33,45,https://www.twitch.tv/videos/2752546489
5b85294949544a5f8855715acadf66a5,3210,109725,183,75,432,https://www.youtube.com/watch?v=YeaXgUdnAvs,183,75,432,https://www.youtube.com/watch?v=YeaXgUdnAvs,0,0,0,,1942,402,351,468,https://www.twitch.tv/videos/2752632808
72edc688855047cbbbe495e3f2af9fda,3200,122208,211,125,2758,https://www.youtube.com/watch?v=ikVlqBhpQFs,138,85,280,https://www.youtube.com/watch?v=AYGMhI5AVs0,1558,718,2758,https://www.youtube.com/watch?v=ikVlqBhpQFs,0,0,0,0,
96be1e561acd4a75817c6424d9d4f9f0,3200,135706,0,0,0,,0,0,0,,0,0,0,,4175,250,182,333,https://www.twitch.tv/videos/2752650659
8282a91b3aae44d3a075d08507665f4e,3200,58832,55,37,57,https://www.youtube.com/watch?v=1euzCMDFIbc,55,37,57,https://www.youtube.com/watch?v=1euzCMDFIbc,0,0,0,,0,0,0,0,
63f727e673b9460abd6f7079bcbb1865,3190,209214,207,124,1544,https://www.youtube.com/watch?v=W_ViksuVfQM,207,124,594,https://www.youtube.com/watch?v=q3RyCjrd7Ok,181,145,1544,https://www.youtube.com/watch?v=W_ViksuVfQM,0,0,0,0,
8a86c4d0f4ce462a92c6bf09c027e432,3190,2896742,0,0,0,,0,0,0,,0,0,0,,161,0,0,0,
536213f7ad4545f5a318156568763a35,3190,89973,0,0,0,,0,0,0,,0,0,0,,0,0,0,0,
1140618a96154395909d53257bffe0e6,3180,150921,103,35,201,https://www.youtube.com/watch?v=BcUMSafOYIc,103,35,201,https://www.youtube.com/watch?v=BcUMSafOYIc,0,0,0,,254,313,203,513,https://www.twitch.tv/videos/2750092903
67fdbfa65ee94cc688783102ef4f1ce5,3180,31501,0,0,0,,0,0,0,,0,0,0,,0,0,0,0,
dba1db65ba874e18a33d8465d52d8f2e,3180,112252,56,14,81,https://www.youtube.com/watch?v=R1SKcGQA6x8,56,14,81,https://www.youtube.com/watch?v=R1SKcGQA6x8,0,0,0,,0,0,0,0,
bcbf00e1e98b4d5e8af20f29adbb0645,3170,200550,57,31,79,https://www.youtube.com/watch?v=TvhZhtMDD9Y,57,31,79,https://www.youtube.com/watch?v=TvhZhtMDD9Y,0,0,0,,0,0,0,0,
a55a6a4b6453413cb8b1dc69423b67d5,3170,389024,293,136,2349,https://www.youtube.com/watch?v=SGA5JfSmYF0,293,96,1474,https://www.youtube.com/watch?v=qXHIZybRWFo,1314,226,2349,https://www.youtube.com/watch?v=SGA5JfSmYF0,0,0,0,0,
eb159df5d55b4730ab2955c5e2638e3f,3160,104009,137,117,137,https://www.youtube.com/watch?v=SKuo4L-GitI,137,117,137,https://www.youtube.com/watch?v=SKuo4L-GitI,0,0,0,,0,0,0,0,
38391974f5af4fbbb6224e3d6f2f7fb3,3160,191906,0,0,0,,0,0,0,,0,0,0,,6385,412,315,527,https://www.twitch.tv/videos/2756664312
bddcd7d262a2434f9b6d77150fbbc72c,3160,44156,0,0,0,,0,0,0,,0,0,0,,0,0,0,0,
3430201d0e1f4672a58faf16ee0f2761,3150,107742,182,147,209,https://www.youtube.com/watch?v=NQLwk6JjJDA,182,147,209,https://www.youtube.com/watch?v=NQLwk6JjJDA,0,0,0,,1356,116,64,121,https://www.twitch.tv/videos/2753491559
63f45366143549d8a2d26406445e0077,3150,150854,0,0,0,,0,0,0,,0,0,0,,0,0,0,0,
f466201465ac40ef9f3aefc9b08a39d1,3140,212971,401,199,1329,https://www.youtube.com/watch?v=fhC6CZaS6x8,395,196,1013,https://www.youtube.com/watch?v=-ueUs27rpVQ,1329,327,1329,https://www.youtube.com/watch?v=fhC6CZaS6x8,2278,924,474,1425,https://www.twitch.tv/videos/2743436206
1756e5a7f5a04ff6a7b5f482201b5cfc,3140,71348,0,0,0,,0,0,0,,0,0,0,,24620,2748,1002,8578,https://www.twitch.tv/videos/2738480305
5da1b6db7796434f9180d2f5e210ea6c,3140,215561,132,57,2582,https://www.youtube.com/watch?v=3LSTfYKHjF4,125,50,2582,https://www.youtube.com/watch?v=3LSTfYKHjF4,255,217,2395,https://www.youtube.com/watch?v=C971mt3YLFE,0,0,0,0,
7c6d1a181c90471887696ff9637aed03,3140,145259,0,0,0,,0,0,0,,0,0,0,,0,0,0,0,
d2f9e9b19102408bbef636a6458934e6,3130,544269,501,182,1015,https://www.youtube.com/watch?v=TWsrJ8O_p7c,501,182,1015,https://www.youtube.com/watch?v=TWsrJ8O_p7c,0,0,0,,173,0,0,0,
f9444f6d790344a4a51a301110665229,3120,145113,112,42,154,https://www.youtube.com/watch?v=II5kurOe8fc,112,42,154,https://www.youtube.com/watch?v=II5kurOe8fc,0,0,0,,0,0,0,0,
3bcfb277595f489ba52734d6f21c08e1,3120,0,0,0,0,,0,0,0,,0,0,0,,0,0,0,0,
b3f711673fea4ec5b6f87c023353594d,3110,217094,65,31,1128,https://www.youtube.com/watch?v=YaFCYeVPLw4,63,19,73,https://www.youtube.com/watch?v=5YGtWGqba8k,1128,964,1128,https://www.youtube.com/watch?v=YaFCYeVPLw4,0,0,0,0,
7e8fe40622974698a75d14d78006e009,3110,200562,1776,676,2633,https://www.youtube.com/watch?v=c-ZPPvK3yaE,201,147,264,https://www.youtube.com/watch?v=45xEDqdCRk0,2202,1165,2633,https://www.youtube.com/watch?v=c-ZPPvK3yaE,2292,438,299,646,https://www.twitch.tv/videos/2758060165
67ba07d1ace445328c13bfb9d612d564,3110,108615,283,156,1691,https://www.youtube.com/watch?v=dzEVZYmN2Xk,283,156,1691,https://www.youtube.com/watch?v=dzEVZYmN2Xk,653,207,1385,https://www.youtube.com/watch?v=5BFQcf46Y-s,0,0,0,0,
9af612c3f872434cad1ba2e5dcbfaec8,3100,1124762,182,87,2265,https://www.youtube.com/watch?v=BJnuS0vfp28,182,87,2265,https://www.youtube.com/watch?v=BJnuS0vfp28,0,0,0,,0,0,0,0,
da189f9d282e4c31a4a8024d11fe368d,3090,134383,119,85,255,https://www.youtube.com/watch?v=dPuTkTDsANE,119,85,255,https://www.youtube.com/watch?v=dPuTkTDsANE,0,0,0,,0,0,0,0,
ea62d2e6bc854e7a81b01a2362be310f,3080,201359,0,0,0,,0,0,0,,0,0,0,,336,0,0,0,
c28d59f83d9345de91d208cf7732bac5,3080,90011,0,0,0,,0,0,0,,0,0,0,,0,0,0,0,
f3085e3337f34b178380b52e3ca429af,3070,144123,364,196,2925,https://www.youtube.com/watch?v=sGUrw9AvqUs,364,196,2925,https://www.youtube.com/watch?v=sGUrw9AvqUs,0,0,0,,1005,0,0,0,
06e9953eb191486d979e6b92b6601d9a,3060,1168612,0,0,0,,0,0,0,,0,0,0,,2238,0,0,0,
8d5345223f364c7d8cc7203ee0ffafd6,3060,158391,0,0,0,,0,0,0,,0,0,0,,0,0,0,0,
cbba76fd34d74307a9f826e03b8e4db5,3050,126469,352,143,1382,https://www.youtube.com/watch?v=cq33bHE7-Sg,348,149,649,https://www.youtube.com/watch?v=S2i3mnV6SEM,580,124,1382,https://www.youtube.com/watch?v=cq33bHE7-Sg,391,102,63,188,https://www.twitch.tv/videos/2749678699
3d23ff5303d54cc58e5a69aa53b1db50,3040,369581,229,73,2020,https://www.youtube.com/watch?v=6M64C2md79Q,229,73,2020,https://www.youtube.com/watch?v=6M64C2md79Q,0,0,0,,0,0,0,0,
9643c650b1804107b85de1f08010aa9d,3010,313772,201,101,551,https://www.youtube.com/watch?v=e_ocTqUNqNI,217,111,551,https://www.youtube.com/watch?v=e_ocTqUNqNI,186,23,186,https://www.youtube.com/watch?v=_dUnCCzLlP4,793,207,184,653,https://www.twitch.tv/videos/2756691386
73675987096b486287784fc466b881be,3000,98196,317,157,2310,https://www.youtube.com/watch?v=C38DV1Mpot4,294,107,583,https://www.youtube.com/watch?v=BIsdr7WFHAU,1771,591,2310,https://www.youtube.com/watch?v=C38DV1Mpot4,0,0,0,0,
4e4721deba7c4681b1172714a29e6f19,3000,233211,3816,1675,7530,https://www.youtube.com/watch?v=DgPvV_auHAE,0,0,0,,3816,1675,7530,https://www.youtube.com/watch?v=DgPvV_auHAE,0,0,0,0,
89036aadc62d496aa73c0a0076d67f41,2990,103557,66,37,188,https://www.youtube.com/watch?v=odzckxEBuEU,66,37,188,https://www.youtube.com/watch?v=odzckxEBuEU,0,0,0,,2975,162,107,214,https://www.twitch.tv/videos/2747094931
99d1a2e0c8c047d2ad998e02d4dd9621,2960,103779,0,0,0,,0,0,0,,0,0,0,,0,0,0,0,
20b40bdf50604e2198a3c964dd86d31c,2930,45146,0,0,0,,0,0,0,,0,0,0,,488,0,0,0,
451ce18d28ff493e8238df85858dfb02,2930,259253,2978,1551,7469,https://www.youtube.com/watch?v=7TZMkOh38Do,0,0,0,,2978,1551,7469,https://www.youtube.com/watch?v=7TZMkOh38Do,2149,340,234,580,https://www.twitch.tv/videos/2753494671
b1bfaed0ed7f4ca9ae96c017159efe77,2930,311793,66,42,475,https://www.youtube.com/watch?v=JqqqvE2WdeY,65,30,475,https://www.youtube.com/watch?v=JqqqvE2WdeY,304,70,347,https://www.youtube.com/watch?v=uPmOErGM_Dc,113,0,0,0,
3ffbac2f7ae8478ca7b33d400d6e657e,2930,33705,0,0,0,,0,0,0,,0,0,0,,0,0,0,0,
6443d56896a848dd820e339b5f81e292,2930,93979,0,0,0,,0,0,0,,0,0,0,,4544,292,233,406,https://www.twitch.tv/videos/2756608420
9c64ee54cc094bf7931398eaf0c072d6,2920,192956,0,0,0,,0,0,0,,0,0,0,,2267,428,332,546,https://www.twitch.tv/videos/2755824453
1901cef25e9940e7b3da42d3c189cada,2920,64797,0,0,0,,0,0,0,,0,0,0,,0,0,0,0,
fd81a8861669442ca49c50bc4cfd4b5e,2910,181258,175,90,317,https://www.youtube.com/watch?v=ipj-MdtW8nM,175,90,317,https://www.youtube.com/watch?v=ipj-MdtW8nM,0,0,0,,0,0,0,0,
60ff50e95399472b96a6fbe83d75e806,2900,131727,352,176,2053,https://www.youtube.com/watch?v=IYbpD1UC9t4,308,165,847,https://www.youtube.com/watch?v=BSYQjmTHfI0,370,258,2053,https://www.youtube.com/watch?v=IYbpD1UC9t4,412,424,275,892,https://www.twitch.tv/videos/2747094969
4f917f1ccdd74d34a3746c379282b6fe,2900,244723,619,390,1546,https://www.youtube.com/watch?v=LfPRmtTbafI,0,0,0,,619,390,1546,https://www.youtube.com/watch?v=LfPRmtTbafI,2033,439,397,1388,https://www.twitch.tv/videos/2755442163
4e48e10b3c2f439c934b1db25679b972,2890,312978,651,268,961,https://www.youtube.com/watch?v=3f6OjR0-n1E,651,268,961,https://www.youtube.com/watch?v=3f6OjR0-n1E,0,0,0,,0,0,0,0,
7da08de1840847b99c6fe9a44a1ca0ac,2890,71728,0,0,0,,0,0,0,,0,0,0,,0,0,0,0,
f94ba8ea1a5441c4852d53e8f528ee20,2890,216173,403,135,4087,https://www.youtube.com/watch?v=STLIgVsRrmA,385,100,655,https://www.youtube.com/watch?v=RQwyxCedEfY,2849,2120,4087,https://www.youtube.com/watch?v=STLIgVsRrmA,582,0,0,0,
d539588cfa344f67965bb1dea41b9140,2890,242909,245,123,2921,https://www.youtube.com/watch?v=kD8zyGXFrLE,236,103,570,https://www.youtube.com/watch?v=JTCSMzXsbYo,2053,963,2921,https://www.youtube.com/watch?v=kD8zyGXFrLE,0,0,0,0,
677ae7ec361d4d3c9981bca8fbb974c8,2860,82797,0,0,0,,0,0,0,,0,0,0,,389,0,0,0,
6417469030e943748dfdba4ee26a08e4,2860,0,0,0,0,,0,0,0,,0,0,0,,1087,0,0,0,
91919c2ad07a4db88e0b4cfbc1739940,2840,23391,0,0,0,,0,0,0,,0,0,0,,2708,554,438,3729,https://www.twitch.tv/videos/2750251745
445a732fc0f64712b3213b4cd98fbdd3,2830,83374,225,139,1301,https://www.youtube.com/watch?v=DHbiIwmpc7E,201,104,1301,https://www.youtube.com/watch?v=DHbiIwmpc7E,1188,915,1203,https://www.youtube.com/watch?v=6QtoQ_Jha18,795,665,467,1106,https://www.twitch.tv/videos/2752735347
b79ac08a857c4553921c04c3b14b89ea,2830,191282,238,80,406,https://www.youtube.com/watch?v=aK0hfR0jqoI,0,0,0,,238,80,406,https://www.youtube.com/watch?v=aK0hfR0jqoI,500,0,0,0,
11dd1f817a6b4c80a066aedd8e0fa419,2830,86426,0,0,0,,0,0,0,,0,0,0,,0,0,0,0,
cd4c94db2aed435794cc7e55999016e7,2820,120156,67,32,69,https://www.youtube.com/watch?v=rO7HklqdySk,67,32,69,https://www.youtube.com/watch?v=rO7HklqdySk,0,0,0,,346,36,22,80,https://www.twitch.tv/videos/2748531153
b606cde735d84b45ab96489d7a9997dd,2820,183167,51,24,183,https://www.youtube.com/watch?v=Q5bf1VG1Ktc,51,24,183,https://www.youtube.com/watch?v=Q5bf1VG1Ktc,0,0,0,,225,0,0,0,
275aaf8046a144198dee96d20bce8b1a,2820,67122,294,78,399,https://www.youtube.com/watch?v=MiN13BPQwlo,294,78,399,https://www.youtube.com/watch?v=MiN13BPQwlo,0,0,0,,0,0,0,0,
32a08f858ffb4d6aba0624647cf8cf2d,2810,118356,101,51,456,https://www.youtube.com/watch?v=5h7jgo0xNWo,95,50,342,https://www.youtube.com/watch?v=5BAp_eI9PGU,356,291,456,https://www.youtube.com/watch?v=5h7jgo0xNWo,0,0,0,0,
8402646577b24bd5918bda8690e790b4,2810,350828,0,0,0,,0,0,0,,0,0,0,,1832,340,219,562,https://www.twitch.tv/videos/2751764153
d9205a7681c74bacae6e0c413aff1ab1,2800,83817,0,0,0,,0,0,0,,0,0,0,,0,0,0,0,
70f1d3ae590e4f2184f695fd2140010c,2800,693423,0,0,0,,0,0,0,,0,0,0,,0,0,0,0,
118c05e7f751446abee5fc827fda0215,2800,832257,89,42,588,https://www.youtube.com/watch?v=ztCY0qikJxM,89,42,588,https://www.youtube.com/watch?v=ztCY0qikJxM,0,0,0,,0,0,0,0,
339b4a73ce92470c97b1626405d5eb5b,2790,90283,0,0,0,,0,0,0,,0,0,0,,424,0,0,0,
76165d25983b463eaa1da66c86a32b7c,2790,38792,0,0,0,,0,0,0,,0,0,0,,758,24,18,141,https://www.twitch.tv/videos/2751083986
44f1d1ad14034bd3949ad6f84624f0e4,2790,225616,137,45,1629,https://www.youtube.com/watch?v=c30_4-T-gjs,70,28,443,https://www.youtube.com/watch?v=5d8MqLywL1U,1292,607,1629,https://www.youtube.com/watch?v=c30_4-T-gjs,2720,0,0,0,
bbd618a3874d4ae2ba5af36a23bc1914,2780,68994,0,0,0,,0,0,0,,0,0,0,,13339,2131,1014,5592,https://www.twitch.tv/videos/2737859040
2875db54b5d74d01b301d63d36dd6fbf,2780,65009,151,71,166,https://www.youtube.com/watch?v=KP81Va7pplo,151,71,166,https://www.youtube.com/watch?v=KP81Va7pplo,0,0,0,,0,0,0,0,
15b52ca3f3b5410cb2bb305d2bb737c4,2780,190684,40,19,1468,https://www.youtube.com/watch?v=GpAd8BKWRoQ,32,9,45,https://www.youtube.com/watch?v=1WDhzAZEvbA,1248,435,1468,https://www.youtube.com/watch?v=GpAd8BKWRoQ,1192,257,195,294,https://www.twitch.tv/videos/2751856101
40aa59fe29c64def89ab5fdce90b89ae,2780,1926398,52,9,94,https://www.youtube.com/watch?v=5yGQqYjncFY,49,8,94,https://www.youtube.com/watch?v=5yGQqYjncFY,59,9,68,https://www.youtube.com/watch?v=6HySqlf6RXA,0,0,0,0,
d210d8dfc0ec4a97907b9cebb5413ae3,2780,125538,0,0,0,,0,0,0,,0,0,0,,0,0,0,0,
e9c48535f2af4f638e5a4c54ffa7862c,2770,148423,30,3,34,https://www.youtube.com/watch?v=WzDfhDn0T7Q,30,3,34,https://www.youtube.com/watch?v=WzDfhDn0T7Q,0,0,0,,0,0,0,0,
accb26f2db2746e898b68ab07dd3c5bc,2770,181215,72,37,122,https://www.youtube.com/watch?v=WonRepN0a5g,72,37,122,https://www.youtube.com/watch?v=WonRepN0a5g,0,0,0,,860,37,25,66,https://www.twitch.tv/videos/2756562444
aa9fa329d639488dbb860b8f8b3235f8,2750,150415,1242,684,1699,https://www.youtube.com/watch?v=f1jh43K3GTQ,1242,684,1699,https://www.youtube.com/watch?v=f1jh43K3GTQ,0,0,0,,4586,1381,752,1739,https://www.twitch.tv/videos/2743048029
d55860f26114410c97af27ba1269e3ed,2750,144220,178,85,308,https://www.youtube.com/watch?v=fkWWb-OYq_4,178,85,308,https://www.youtube.com/watch?v=fkWWb-OYq_4,0,0,0,,1569,279,197,339,https://www.twitch.tv/videos/2751769971
fe5e2d95569c47f29e863a8212ed7c60,2750,83036,0,0,0,,0,0,0,,0,0,0,,4721,1435,1108,1935,https://www.twitch.tv/videos/2751230281
2463286fd3154219afa631c73d178147,2740,351882,185,76,382,https://www.youtube.com/watch?v=MizpY9Ap6L4,189,79,382,https://www.youtube.com/watch?v=MizpY9Ap6L4,107,12,107,https://www.youtube.com/watch?v=OV7eZw6Iprc,0,0,0,0,
fc90561b03104438b6e8f657a28574ce,2740,122741,281,153,777,https://www.youtube.com/watch?v=g0Lwc62ZrDA,366,188,777,https://www.youtube.com/watch?v=g0Lwc62ZrDA,234,67,234,https://www.youtube.com/watch?v=PRzZWyF3e2k,0,0,0,0,
fda1d7f773b04b6898f5180e21e47874,2740,0,0,0,0,,0,0,0,,0,0,0,,0,0,0,0,
c9510d2324d34b6fbd19ce627bf2bbac,2740,0,0,0,0,,0,0,0,,0,0,0,,0,0,0,0,
d2b1ba87da034210bbe54bfa1c01bc41,2730,60389,72,13,72,https://www.youtube.com/watch?v=Z9eaDTcjPX4,0,0,0,,72,13,72,https://www.youtube.com/watch?v=Z9eaDTcjPX4,8776,192,93,261,https://www.twitch.tv/videos/2753268644
c377cbfa47984f0ba9242b1f6e3dfc75,2720,25764,0,0,0,,0,0,0,,0,0,0,,2713,0,0,0,
652d06b0251940bea32cd69dec3057e6,2720,1452,131,48,131,https://www.youtube.com/watch?v=7AxDv1VPW28,131,48,131,https://www.youtube.com/watch?v=7AxDv1VPW28,0,0,0,,411,0,0,0,
2f607aefde1d4264814d4e9282dd5cb0,2710,136532,129,89,1721,https://www.youtube.com/watch?v=FzBc4aOKtxM,129,81,149,https://www.youtube.com/watch?v=K5rSRxMnjYs,1721,141,1721,https://www.youtube.com/watch?v=FzBc4aOKtxM,263,0,0,0,
e4bea3dcc8934426a57516d4d6b373f4,2710,133727,628,346,1573,https://www.youtube.com/watch?v=hwrWF8BV69I,0,0,0,,628,346,1573,https://www.youtube.com/watch?v=hwrWF8BV69I,5935,564,288,2135,https://www.twitch.tv/videos/2757494264
965bb7d47d0243839535d38bc1bc66cc,2700,62074,0,0,0,,0,0,0,,0,0,0,,0,0,0,0,
0a20931c68dc49c8bd08eda1486193d8,2700,67936,0,0,0,,0,0,0,,0,0,0,,1419,0,0,0,
7b40a7a144da4408b8de712c740e60dc,2690,131326,115,48,2267,https://www.youtube.com/watch?v=i5Gx4lltrTw,0,0,0,,115,48,2267,https://www.youtube.com/watch?v=i5Gx4lltrTw,0,0,0,0,
4bbc9414c3184dfa9aeab5fcdfd87089,2680,4361,0,0,0,,0,0,0,,0,0,0,,0,0,0,0,
c2f77009b4264e3fa09aa054c89bb40c,2680,86982,150,59,184,https://www.youtube.com/watch?v=enV0xKmBrGI,150,59,184,https://www.youtube.com/watch?v=enV0xKmBrGI,0,0,0,,127,0,0,0,
1fdc000815cc476dbc9d19aa431305b5,2680,73044,78,45,406,https://www.youtube.com/watch?v=_BsJvYQC0pM,78,45,406,https://www.youtube.com/watch?v=_BsJvYQC0pM,0,0,0,,0,0,0,0,
662341d52a8e413d8fe661c8da9470f0,2680,42863,0,0,0,,0,0,0,,0,0,0,,0,0,0,0,
75e0561f549f4775b90601a9d308340a,2670,67814,54,33,74,https://www.youtube.com/watch?v=pc6UmoxDWlw,54,33,74,https://www.youtube.com/watch?v=pc6UmoxDWlw,0,0,0,,0,0,0,0,
4dd71b1079284bdb8ba90198317e524d,2670,164333,207,79,278,https://www.youtube.com/watch?v=wCws5X3zSIk,278,39,278,https://www.youtube.com/watch?v=wCws5X3zSIk,136,120,136,https://www.youtube.com/watch?v=ATYHVK0Sgxw,0,0,0,0,
6b43c568bdf044e4a4ae0bae0cb9fff2,2660,68580,762,527,18035,https://www.youtube.com/watch?v=pYMAG1AKMkw,464,100,492,https://www.youtube.com/watch?v=jIc53XOwB4c,865,575,18035,https://www.youtube.com/watch?v=pYMAG1AKMkw,0,0,0,0,
b256a399ae7a49e18208455d29c2eb12,2660,411078,45,21,104,https://www.youtube.com/watch?v=RxeAPsOkKiA,45,21,104,https://www.youtube.com/watch?v=RxeAPsOkKiA,0,0,0,,1218,55,33,93,https://www.twitch.tv/videos/2749460966
9f7bf6b3d935460e83896a0fe28012e9,2650,107451,1011,359,3101,https://www.youtube.com/watch?v=_7C7zS82r7U,164,70,369,https://www.youtube.com/watch?v=Q7ouTG9gYb8,1308,622,3101,https://www.youtube.com/watch?v=_7C7zS82r7U,1689,328,298,448,https://www.twitch.tv/videos/2752592668
62f37fa0a2f44083945f03db36e50dff,2650,52460,168,53,1851,https://www.youtube.com/watch?v=o1I_95Vmb2Q,168,53,1851,https://www.youtube.com/watch?v=o1I_95Vmb2Q,0,0,0,,0,0,0,0,
4a64836a88024358a7401530fed8e0f8,2640,351208,60,40,143,https://www.youtube.com/watch?v=cKiOjC8ilKo,60,40,143,https://www.youtube.com/watch?v=cKiOjC8ilKo,0,0,0,,6171,455,301,711,https://www.twitch.tv/videos/2735491221
d0e0745dd98a4cab9c5e4ff43e3d246f,2640,78324,0,0,0,,0,0,0,,0,0,0,,0,0,0,0,
0bef54320f364c5a9289fceac64c5411,2640,78637,0,0,0,,0,0,0,,0,0,0,,155,13,10,382,https://www.twitch.tv/videos/2755864237
6c4992a47ccc4c3bb997d3c49ddc2ec8,2630,70171,0,0,0,,0,0,0,,0,0,0,,757,28,25,29,https://www.twitch.tv/videos/2754269451
85ec3eac9fef49dcb3aeee87520a5b85,2630,112643,239,145,1574,https://www.youtube.com/watch?v=Y-jjcbxQwuo,251,148,449,https://www.youtube.com/watch?v=tCug833EKj8,117,105,1574,https://www.youtube.com/watch?v=Y-jjcbxQwuo,0,0,0,0,
a577528125314beab91d127043218bb2,2630,119007,0,0,0,,0,0,0,,0,0,0,,0,0,0,0,
53335d77cc69488c8b49ec97548c3297,2620,24828,517,325,749,https://www.youtube.com/watch?v=34WmpPXp0gw,460,323,749,https://www.youtube.com/watch?v=34WmpPXp0gw,598,591,598,https://www.youtube.com/watch?v=GROXg3olfeY,0,0,0,0,
d95e3d9eed1a4e87a736a882a1fb9288,2600,244066,82,28,82,https://www.youtube.com/watch?v=tcSHs6Iek7o,82,28,82,https://www.youtube.com/watch?v=tcSHs6Iek7o,0,0,0,,76,0,0,0,
f4da0eee989545d2ade906b022a50e8c,2600,192886,39,10,42,https://www.youtube.com/watch?v=0ZYNlOJt3eA,39,10,42,https://www.youtube.com/watch?v=0ZYNlOJt3eA,0,0,0,,3885,360,252,366,https://www.twitch.tv/videos/2751084554
0a178f2c7b994a4ea8eb845ebd489a5a,2590,144501,81,38,2437,https://www.youtube.com/watch?v=MnI6iva-WWc,74,36,117,https://www.youtube.com/watch?v=OMTaUG3Fdjw,2437,1602,2437,https://www.youtube.com/watch?v=MnI6iva-WWc,204,0,0,0,
407d2bd02ef04b9ea28e5189383942be,2590,119905,77,45,287,https://www.youtube.com/watch?v=2wd8-5X2fDY,69,38,287,https://www.youtube.com/watch?v=2wd8-5X2fDY,90,78,90,https://www.youtube.com/watch?v=BYjRdW_mo3g,447,211,172,517,https://www.twitch.tv/videos/2756200068
853be9569c0e446eaa5c5059642ea63b,2590,139947,247,81,1602,https://www.youtube.com/watch?v=8ptno4fIZiE,222,65,704,https://www.youtube.com/watch?v=NidT08QG9PI,1588,489,1602,https://www.youtube.com/watch?v=8ptno4fIZiE,89,0,0,0,
60234dcffd2b42f097a78aaf121d410f,2590,61623,102,68,102,https://www.youtube.com/watch?v=k-4u8h5hW2g,102,68,102,https://www.youtube.com/watch?v=k-4u8h5hW2g,0,0,0,,220,0,0,0,
bac6a676ace94e759d9faaaed94ce1b1,2590,128756,185,65,304,https://www.youtube.com/watch?v=2FahbMofp4E,155,66,304,https://www.youtube.com/watch?v=2FahbMofp4E,185,42,185,https://www.youtube.com/watch?v=VCowNtHLEtM,0,0,0,0,
f96c65701df94732853d86ffd893081e,2580,74193,187,52,267,https://www.youtube.com/watch?v=P7mdp_g9YYE,227,88,267,https://www.youtube.com/watch?v=P7mdp_g9YYE,31,14,31,https://www.youtube.com/watch?v=NVXxe-K7Rsg,0,0,0,0,
d576c2396a004f3c8dd91baf14254898,2580,83262,38,12,94,https://www.youtube.com/watch?v=42zHkspKzJQ,38,12,94,https://www.youtube.com/watch?v=42zHkspKzJQ,0,0,0,,2860,151,91,191,https://www.twitch.tv/videos/2753439512
b8c13d7702844995a0b4a66eda4d31bc,2580,94544,6,3,14,https://www.youtube.com/watch?v=imyd7G2Q-Dg,0,0,0,,6,3,14,https://www.youtube.com/watch?v=imyd7G2Q-Dg,1531,144,99,262,https://www.twitch.tv/videos/2748587123
02168475e7ca4234b57d53f495bf3bbc,2570,151317,58,29,103,https://www.youtube.com/watch?v=oi3wqCbRYDE,58,29,103,https://www.youtube.com/watch?v=oi3wqCbRYDE,0,0,0,,0,0,0,0,
3896e47ba9f64b7082eee3980734ab14,2570,285279,133,92,152,https://www.youtube.com/watch?v=f1zSk5sZylc,133,92,152,https://www.youtube.com/watch?v=f1zSk5sZylc,0,0,0,,0,0,0,0,
5b40a93fac8646f48fca66add3d3642c,2560,212934,249,99,1254,https://www.youtube.com/watch?v=c1MuyfQbRFw,178,99,305,https://www.youtube.com/watch?v=mflPy2_6cdE,1064,165,1254,https://www.youtube.com/watch?v=c1MuyfQbRFw,0,0,0,0,
59005edeef174395915757d45718177d,2560,41927,0,0,0,,0,0,0,,0,0,0,,0,0,0,0,
c396dafdab3547259c0447ff82f278c2,2560,142231,443,232,3527,https://www.youtube.com/watch?v=kdnshB7HJRw,378,158,1571,https://www.youtube.com/watch?v=s2d0tR9WXEI,1688,858,3527,https://www.youtube.com/watch?v=kdnshB7HJRw,206,63,49,93,https://www.twitch.tv/videos/2756674091
7c147c43030b44b9ae244d82c387c82a,2560,74564,50,29,1126,https://www.youtube.com/watch?v=ljrOvsGbz9k,42,28,67,https://www.youtube.com/watch?v=PcKQ4YsJ1oI,789,752,1126,https://www.youtube.com/watch?v=ljrOvsGbz9k,0,0,0,0,
a429c3010da544bab919814a3ea472a4,2550,86122,0,0,0,,0,0,0,,0,0,0,,2872,172,154,246,https://www.twitch.tv/videos/2756687468
c40a8ff66b3348dc8459766b74846feb,2540,1440,0,0,0,,0,0,0,,0,0,0,,1934,0,0,0,
96ff628d2280470b833174c32200a749,2540,52877,241,101,582,https://www.youtube.com/watch?v=96NuZpuW1zE,241,101,582,https://www.youtube.com/watch?v=96NuZpuW1zE,0,0,0,,0,0,0,0,
a960b283b1124f44bc4bf2a16199977a,2530,107256,0,0,0,,0,0,0,,0,0,0,,4805,0,0,0,
7653119a278b4ea59d2af5e2ba7d30e0,2530,116418,137,41,138,https://www.youtube.com/watch?v=ZKr65QPci6s,137,41,138,https://www.youtube.com/watch?v=ZKr65QPci6s,0,0,0,,0,0,0,0,
fbf616b4f812413dbe6b156c8a9d5e5f,2520,69498,0,0,0,,0,0,0,,0,0,0,,0,0,0,0,
e68bb26e386a4d49a2f521f8abc83376,2520,0,0,0,0,,0,0,0,,0,0,0,,3526,0,0,0,
75a90497bfc2480f954c276b70f7b1c3,2520,188223,53,8,53,https://www.youtube.com/watch?v=9IrJbwxeDFg,53,8,53,https://www.youtube.com/watch?v=9IrJbwxeDFg,0,0,0,,7013,0,0,0,
83e0f3520699474ba7f017e5e4388a5f,2520,50922,67,2,67,https://www.youtube.com/watch?v=uP5F0iYJQOc,67,2,67,https://www.youtube.com/watch?v=uP5F0iYJQOc,0,0,0,,0,0,0,0,
c0ea5a6a7ede42fca6f3c6c87fc9d72e,2510,120992,258,150,797,https://www.youtube.com/watch?v=bbkmm5S3D_M,258,150,797,https://www.youtube.com/watch?v=bbkmm5S3D_M,0,0,0,,0,0,0,0,
62e0c4a2dc274095a08c49a7850d3b78,2490,40735,0,0,0,,0,0,0,,0,0,0,,1593,0,0,0,
7a93714b53274fbaad48bef3b409d458,2490,200423,234,80,509,https://www.youtube.com/watch?v=qdkOWZnQ_Ik,234,80,509,https://www.youtube.com/watch?v=qdkOWZnQ_Ik,0,0,0,,0,0,0,0,
87968861d5794c01bfce46d51c8abfc7,2490,24876,0,0,0,,0,0,0,,0,0,0,,0,0,0,0,
284024f40bb34b429debb78e7dbf3391,2490,60898,0,0,0,,0,0,0,,0,0,0,,0,0,0,0,
891c39f050e048aebafaafc90a1c4cbd,2480,54169,233,132,495,https://www.youtube.com/watch?v=df8b-5EYMOw,233,137,301,https://www.youtube.com/watch?v=n09QO_FuKkg,315,97,495,https://www.youtube.com/watch?v=df8b-5EYMOw,0,0,0,0,
b19d58b07131413a92b4bd16e37e8e38,2470,11605,0,0,0,,0,0,0,,0,0,0,,0,0,0,0,
eb9c18d484464a8e9ac12f44c761ce27,2460,65170,0,0,0,,0,0,0,,0,0,0,,685,0,0,0,
9767904fedef42febaa98e9162973356,2460,560727,201,46,2998,https://www.youtube.com/watch?v=AIQwXQpDqro,183,46,517,https://www.youtube.com/watch?v=XBwsZ0uoJto,486,329,2998,https://www.youtube.com/watch?v=AIQwXQpDqro,0,0,0,0,
889bc532fb85455bae33baf0aa7ec003,2460,201687,78,26,245,https://www.youtube.com/watch?v=BCxESnyNZXw,78,26,245,https://www.youtube.com/watch?v=BCxESnyNZXw,0,0,0,,0,0,0,0,
daf01d921fcd4d59876e7f574a083aba,2450,53436,0,0,0,,0,0,0,,0,0,0,,0,0,0,0,
a0c76cedf0e346a18586077a38f302d8,2450,107606,0,0,0,,0,0,0,,0,0,0,,173,0,0,0,
c8c0ab1d59fb4608ab1e460e946fa88a,2450,113727,109,48,1463,https://www.youtube.com/watch?v=JwiZmMjM74Y,83,48,179,https://www.youtube.com/watch?v=zXY2lNFcBA0,832,255,1463,https://www.youtube.com/watch?v=JwiZmMjM74Y,0,0,0,0,
db6b14a0319e4f639bfcf8d4309c064d,2440,336306,291,118,527,https://www.youtube.com/watch?v=IPEkF5jbjJo,0,0,0,,291,118,527,https://www.youtube.com/watch?v=IPEkF5jbjJo,3274,398,298,947,https://www.twitch.tv/videos/2756201436
9c913230c732455c9604dae9ebcfa64e,2430,115906,26,5,1213,https://www.youtube.com/watch?v=oh0YM45P970,27,7,27,https://www.youtube.com/watch?v=LQG3rrFXHHE,25,2,1213,https://www.youtube.com/watch?v=oh0YM45P970,1261,345,201,345,https://www.twitch.tv/videos/2748555896
352894d7c4eb4c9f87e248eae450183a,2430,297811,188,85,1695,https://www.youtube.com/watch?v=JgHuQ5avXp0,198,96,441,https://www.youtube.com/watch?v=ATBzfjn-Y14,123,65,1695,https://www.youtube.com/watch?v=JgHuQ5avXp0,0,0,0,0,
86957fa57641453e9fcb73550e58b64f,2430,71693,80,39,2080,https://www.youtube.com/watch?v=dOXGtE_IsUY,64,35,164,https://www.youtube.com/watch?v=vTcEj0kKe0o,2080,928,2080,https://www.youtube.com/watch?v=dOXGtE_IsUY,503,26,21,38,https://www.twitch.tv/videos/2753511978
a7874e2ea7a44640a4ad427680a1dc9a,2420,76907,0,0,0,,0,0,0,,0,0,0,,300,449,406,698,https://www.twitch.tv/videos/2757537793
932fd42911c74016bc7da418abd29f0f,2410,63893,62,29,122,https://www.youtube.com/watch?v=xjhlT2JYgok,62,29,122,https://www.youtube.com/watch?v=xjhlT2JYgok,0,0,0,,88,0,0,0,
faa4994019724702a9da315a8c3641bc,2410,151515,203,154,452,https://www.youtube.com/watch?v=xp3-qUnx1lQ,203,154,452,https://www.youtube.com/watch?v=xp3-qUnx1lQ,0,0,0,,0,0,0,0,
27bbe711f5e848a9bc8accc73fc79471,2410,24176,0,0,0,,0,0,0,,0,0,0,,0,0,0,0,
fa2a2255fa7d4aa7b5b54dea5dd2b1c4,2400,70327,142,45,185,https://www.youtube.com/watch?v=IxsZMGStq-8,143,48,185,https://www.youtube.com/watch?v=IxsZMGStq-8,95,31,95,https://www.youtube.com/watch?v=HwOMjRckuww,0,0,0,0,
0b0f8cd64c904508910707412b2c307f,2400,79640,219,79,480,https://www.youtube.com/watch?v=5c_0dS9UyZ0,219,79,480,https://www.youtube.com/watch?v=5c_0dS9UyZ0,0,0,0,,0,0,0,0,
72a83f60773546dba886008320809d70,2400,481616,24,7,34,https://www.youtube.com/watch?v=vZhIeuPe3lE,24,7,34,https://www.youtube.com/watch?v=vZhIeuPe3lE,0,0,0,,10162,688,105,688,https://www.twitch.tv/videos/2737933514
6e1845e76035452287436153470e8656,2400,109131,88,57,189,https://www.youtube.com/watch?v=oI5a9JHu57g,88,57,189,https://www.youtube.com/watch?v=oI5a9JHu57g,0,0,0,,462,0,0,0,
f656e3210df449889b6ad9e72acd7a72,2390,187430,236,101,2768,https://www.youtube.com/watch?v=7GVsFuvlSok,213,96,414,https://www.youtube.com/watch?v=ZEeuUBs8vbI,1554,811,2768,https://www.youtube.com/watch?v=7GVsFuvlSok,0,0,0,0,
7667228c716242d787e1e9cf37224896,2390,98583,0,0,0,,0,0,0,,0,0,0,,0,0,0,0,
67b37e4e1f2f49d88a047d650b70be91,2380,51041,104,58,1753,https://www.youtube.com/watch?v=6F39BDYB8VE,103,47,320,https://www.youtube.com/watch?v=ox0sAtIjecU,513,290,1753,https://www.youtube.com/watch?v=6F39BDYB8VE,773,122,89,343,https://www.twitch.tv/videos/2749133038
969122fc1adf4d8798a043b4754c893e,2380,20400,0,0,0,,0,0,0,,0,0,0,,0,0,0,0,
bd9c7d2e96094ce7b8ca032228bb13c7,2380,47988,0,0,0,,0,0,0,,0,0,0,,0,0,0,0,
e6a9746af2a84387b6ed5a7d3a4434da,2370,223793,134,85,3116,https://www.youtube.com/watch?v=iZbBQlSk3Ys,106,46,540,https://www.youtube.com/watch?v=DDqXMbgWw5w,1570,573,3116,https://www.youtube.com/watch?v=iZbBQlSk3Ys,0,0,0,0,
80c426d23cdb4dcda1d1a0a1bd7e0245,2360,27168,0,0,0,,0,0,0,,0,0,0,,6184,0,0,0,
b322780e7b80404193373149bfa8e86d,2360,49542,66,49,111,https://www.youtube.com/watch?v=YrEDmae9Gto,66,49,111,https://www.youtube.com/watch?v=YrEDmae9Gto,0,0,0,,0,0,0,0,
6c812a2f61ac470f8e3b30a92dca9d81,2360,75749,154,86,154,https://www.youtube.com/watch?v=nZiE0aIShHU,154,86,154,https://www.youtube.com/watch?v=nZiE0aIShHU,0,0,0,,0,0,0,0,
95f3f004ed9641139567827519f6b35e,2360,159085,0,0,0,,0,0,0,,0,0,0,,252,0,0,0,
b7fa120fd2264ecca8f9f02ece2850a9,2350,79470,60,42,60,https://www.youtube.com/watch?v=vCJKj8kF7Jo,0,0,0,,60,42,60,https://www.youtube.com/watch?v=vCJKj8kF7Jo,159,0,0,0,
c79b5a5a5c8b4d8f917afdfc16c01961,2350,100525,0,0,0,,0,0,0,,0,0,0,,3851,732,461,1572,https://www.twitch.tv/videos/2743903352
b115a7f57f664800a9f71a25eaf73b92,2340,74639,95,59,131,https://www.youtube.com/watch?v=_2IyEcjaMqs,131,75,131,https://www.youtube.com/watch?v=_2IyEcjaMqs,59,44,59,https://www.youtube.com/watch?v=b8yvLPToHRM,0,0,0,0,
3f12c2866e564c3086183c6e75ef79eb,2340,58970,0,0,0,,0,0,0,,0,0,0,,0,0,0,0,
65a52797bec24b9bb2df5201068873a4,2340,25873,0,0,0,,0,0,0,,0,0,0,,0,0,0,0,
d3a3eab7a3e34ea98784c44e3691c726,2340,90318,0,0,0,,0,0,0,,0,0,0,,0,0,0,0,
084c49d869114256af18c13cc4b56414,2330,51032,0,0,0,,0,0,0,,0,0,0,,0,0,0,0,
4a1e39ee23e6423fbfd3a15b1e28c8f3,2330,58848,0,0,0,,0,0,0,,0,0,0,,0,0,0,0,
395eade6d67445e1831010cac52ab444,2320,94386,545,270,1121,https://www.youtube.com/watch?v=VBYYHY9i_U4,275,200,275,https://www.youtube.com/watch?v=abEyvOWrnHw,560,289,1121,https://www.youtube.com/watch?v=VBYYHY9i_U4,789,0,0,0,
572c03fa49b54d4b95935321b4722b68,2320,444273,98,39,1765,https://www.youtube.com/watch?v=lS_IRTHohF4,0,0,0,,98,39,1765,https://www.youtube.com/watch?v=lS_IRTHohF4,1856,545,353,762,https://www.twitch.tv/videos/2750073155
c805a5c2c4fb4a068a65267452aa4da5,2320,86321,25,9,55,https://www.youtube.com/watch?v=bJWv5ih1UmM,25,9,55,https://www.youtube.com/watch?v=bJWv5ih1UmM,0,0,0,,0,0,0,0,
e8be1d48c5a249cebcef72b17653ef34,2320,11236,0,0,0,,0,0,0,,0,0,0,,0,0,0,0,
d8008bc6129d49d4bebfe530c4d02751,2310,0,0,0,0,,0,0,0,,0,0,0,,0,0,0,0,
d6666443c70f478eb3008d28a33e0f61,2310,159464,209,89,1378,https://www.youtube.com/watch?v=LNzsxozIyto,204,80,363,https://www.youtube.com/watch?v=YL4g2fkYn-Q,1260,1012,1378,https://www.youtube.com/watch?v=LNzsxozIyto,0,0,0,0,
4ac7e88bd2234040a1da03644b06a501,2300,0,0,0,0,,0,0,0,,0,0,0,,0,0,0,0,
b975eb70ed174bbda87e181be25bd1c5,2300,86295,0,0,0,,0,0,0,,0,0,0,,0,0,0,0,
9fb51e14ba1c499eb6383a7a166a4d52,2300,81991,51,25,2312,https://www.youtube.com/watch?v=S8qWYIJ0Lv0,50,20,125,https://www.youtube.com/watch?v=r6kdMjKBnWg,1865,274,2312,https://www.youtube.com/watch?v=S8qWYIJ0Lv0,0,0,0,0,
7ce04ee5bb63467f8b70a69136049218,2290,26802,0,0,0,,0,0,0,,0,0,0,,1768,478,308,581,https://www.twitch.tv/videos/2747746554
eb38f509e8464ba19ba8579e0b99e262,2280,98782,137,74,254,https://www.youtube.com/watch?v=yYPbl4jAtr4,137,74,254,https://www.youtube.com/watch?v=yYPbl4jAtr4,0,0,0,,0,0,0,0,
70d5f64a7e324d7584d7e5116d6dc5a2,2280,74060,186,163,186,https://www.youtube.com/watch?v=FmzuhbZBFRA,186,163,186,https://www.youtube.com/watch?v=FmzuhbZBFRA,0,0,0,,0,0,0,0,
fe0305c914c549879b315b6dc3204748,2270,44586,1098,427,1574,https://www.youtube.com/watch?v=NqKD1NeQ-Vc,0,0,0,,1098,427,1574,https://www.youtube.com/watch?v=NqKD1NeQ-Vc,0,0,0,0,
87568c720cae40a99264816eb1875347,2270,136616,158,70,485,https://www.youtube.com/watch?v=sb8WHad-cXg,158,73,485,https://www.youtube.com/watch?v=sb8WHad-cXg,48,13,48,https://www.youtube.com/watch?v=myiSqkuEblM,0,0,0,0,
43e557d175ce462b97c4c406954d8c04,2270,453412,51,16,152,https://www.youtube.com/watch?v=TlijjCP7KQo,52,18,152,https://www.youtube.com/watch?v=TlijjCP7KQo,50,14,50,https://www.youtube.com/watch?v=d9_cqHGSxMk,501,36,23,61,https://www.twitch.tv/videos/2753405563
f146e7f1a1164dbfab960ea34873afb5,2260,86484,0,0,0,,0,0,0,,0,0,0,,105,0,0,0,
edc63a5ab371435ea8614134d401c517,2250,91935,0,0,0,,0,0,0,,0,0,0,,0,0,0,0,
101cdaf175c643c888d0d33bdab5da15,2250,116437,405,195,2925,https://www.youtube.com/watch?v=7QzZA6Idwa4,414,203,2925,https://www.youtube.com/watch?v=7QzZA6Idwa4,200,25,200,https://www.youtube.com/watch?v=B6WNZ19reh8,170,212,169,487,https://www.twitch.tv/videos/2746930050
364f94fc7493453e9f53787ade8e35c6,2250,366639,0,0,0,,0,0,0,,0,0,0,,11,0,0,0,
90c317900736475a8c5cae632bdd0960,2250,157890,0,0,0,,0,0,0,,0,0,0,,0,0,0,0,
ad43fda31b7842dc8e7854840b974614,2250,99415,36,16,70,https://www.youtube.com/watch?v=RvLSkEcPM3k,36,16,70,https://www.youtube.com/watch?v=RvLSkEcPM3k,0,0,0,,1120,0,0,0,
2af83bdd7db644d88ffdaf123c38619b,2250,71999,89,35,146,https://www.youtube.com/watch?v=1Vfh7Q8yggQ,89,35,146,https://www.youtube.com/watch?v=1Vfh7Q8yggQ,0,0,0,,0,0,0,0,
25904d8b82c84d74a8abffb804647e21,2250,113807,0,0,0,,0,0,0,,0,0,0,,396,0,0,0,
345b2eb5c8bf4d7d9fa72176f67de440,2240,41944,0,0,0,,0,0,0,,0,0,0,,882,278,219,304,https://www.twitch.tv/videos/2749447768
6cd8cdc530d14e2d9d0a9cd20cb6b05c,2240,84780,190,118,217,https://www.youtube.com/watch?v=JTyz5c-ndrw,190,118,217,https://www.youtube.com/watch?v=JTyz5c-ndrw,0,0,0,,0,0,0,0,
6510332f58be4d86b0007c77a622c959,2240,308969,278,113,355,https://www.youtube.com/watch?v=4KMiui5QDko,278,113,355,https://www.youtube.com/watch?v=4KMiui5QDko,0,0,0,,3185,266,180,525,https://www.twitch.tv/videos/2752738629
c1aa10208a06439481231599b25845b0,2240,171602,653,376,748,https://www.youtube.com/watch?v=6-zqxCb294k,101,4,101,https://www.youtube.com/watch?v=tnr7MuQ_B0g,700,379,748,https://www.youtube.com/watch?v=6-zqxCb294k,2103,225,153,455,https://www.twitch.tv/videos/2747746359
92354b79050d4a2dbdb2289a7498a662,2240,37841,0,0,0,,0,0,0,,0,0,0,,0,0,0,0,
9b8fe3ac0f30473f87290d314dfda74e,2230,2374,0,0,0,,0,0,0,,0,0,0,,0,0,0,0,
6f382359f4d0436e9e1d4f87e4696e76,2230,68119,0,0,0,,0,0,0,,0,0,0,,0,0,0,0,
de610557c5c041df85e41e7f2f5490f5,2230,12423,0,0,0,,0,0,0,,0,0,0,,4151,0,0,0,
751596501f4f420a8a5c5c9d839efb22,2220,115967,0,0,0,,0,0,0,,0,0,0,,273,0,0,0,
ab069c9401bc4bd09eea8f5ece525d54,2220,345654,0,0,0,,0,0,0,,0,0,0,,0,0,0,0,
f99429e8c2324c5db10f11c3a2c51b5d,2220,68963,278,113,2186,https://www.youtube.com/watch?v=RTdes2_xAtg,278,113,2186,https://www.youtube.com/watch?v=RTdes2_xAtg,0,0,0,,0,0,0,0,
4d44c28a73394954a4d1bf2a1b2c162c,2220,143109,103,38,320,https://www.youtube.com/watch?v=ftqH9pJRKMM,103,38,320,https://www.youtube.com/watch?v=ftqH9pJRKMM,0,0,0,,0,0,0,0,
c52b95b6a42d48f0ae888720492a5a46,2210,144013,103,29,252,https://www.youtube.com/watch?v=Mw1lDhJbz6I,103,29,252,https://www.youtube.com/watch?v=Mw1lDhJbz6I,0,0,0,,0,0,0,0,
1ead15220cb842a79c3922d08d618e31,2210,4578,0,0,0,,0,0,0,,0,0,0,,0,0,0,0,
a64ba9e0b7dd4de58ffbdf9ca043a90b,2210,95628,0,0,0,,0,0,0,,0,0,0,,66,0,0,0,
a60c8fc0a1324bf8b65053231ee22373,2200,519673,35,20,87,https://www.youtube.com/watch?v=PLFfYV7W1BA,34,19,76,https://www.youtube.com/watch?v=XhbjhigcLTU,87,43,87,https://www.youtube.com/watch?v=PLFfYV7W1BA,163,13,10,38,https://www.twitch.tv/videos/2758338178
4766ec1a407f4271bca77fb81487e81a,2200,63494,88,46,215,https://www.youtube.com/watch?v=SsVJc3JbqrU,88,46,215,https://www.youtube.com/watch?v=SsVJc3JbqrU,0,0,0,,4431,462,249,40742,https://www.twitch.tv/videos/2739539387
cfc335d4b3e3411ca5b39ccb41a81958,2200,142630,1367,759,2768,https://www.youtube.com/watch?v=zlN7RjwvxDk,1367,759,2768,https://www.youtube.com/watch?v=zlN7RjwvxDk,0,0,0,,0,0,0,0,
d418b8a185f449b3a15c1656ba654780,2200,160277,153,121,153,https://www.youtube.com/watch?v=vjrwpEbBVO4,153,121,153,https://www.youtube.com/watch?v=vjrwpEbBVO4,0,0,0,,0,0,0,0,
65c0e7f6562d419e944caea644836c1f,2190,86673,179,97,229,https://www.youtube.com/watch?v=kVo-H-U_BzA,179,97,229,https://www.youtube.com/watch?v=kVo-H-U_BzA,0,0,0,,293,14,11,36,https://www.twitch.tv/videos/2755083123
b5c9831f97f4427a88a96d7c4ee40539,2180,199649,19,3,20,https://www.youtube.com/watch?v=s-5rx2c02I4,19,3,20,https://www.youtube.com/watch?v=s-5rx2c02I4,0,0,0,,1695,181,155,721,https://www.twitch.tv/videos/2750915742
cc1bad00639b4149b277f0d2e99c2abe,2180,94106,57,30,190,https://www.youtube.com/watch?v=PNYRMl4iqoM,57,30,190,https://www.youtube.com/watch?v=PNYRMl4iqoM,0,0,0,,0,0,0,0,
73a6eae6a16942ef8726b2c475fef9e0,2180,135413,0,0,0,,0,0,0,,0,0,0,,0,0,0,0,
6873f5b9a88c42ba980878bbffb5682a,2180,164283,193,70,2265,https://www.youtube.com/watch?v=JZ2tWMR2z9E,229,88,340,https://www.youtube.com/watch?v=z_NFy0Z4KCg,178,70,2265,https://www.youtube.com/watch?v=JZ2tWMR2z9E,0,0,0,0,
75f110ca5e9a4b7db3c57912baf5ca27,2180,176420,0,0,0,,0,0,0,,0,0,0,,3474,2052,1894,18825,https://www.twitch.tv/videos/2747059173
9ef5ec69554f46e887a9ac0fe54b4f41,2170,84808,168,21,168,https://www.youtube.com/watch?v=dg-mj9_6TXA,168,21,168,https://www.youtube.com/watch?v=dg-mj9_6TXA,0,0,0,,0,0,0,0,
60602526ae1d48688c23a74b3cb527e8,2170,98503,70,26,80,https://www.youtube.com/watch?v=uBrbE8wBp38,70,26,80,https://www.youtube.com/watch?v=uBrbE8wBp38,0,0,0,,0,0,0,0,
1c8887da9e96471ca28b97d80e390698,2170,118299,120,70,1734,https://www.youtube.com/watch?v=ZnCrVoVgl-M,105,47,170,https://www.youtube.com/watch?v=cWlp96lRsLY,369,125,1734,https://www.youtube.com/watch?v=ZnCrVoVgl-M,0,0,0,0,
0dc64e677ea0451095971685f0618966,2160,125171,0,0,0,,0,0,0,,0,0,0,,0,0,0,0,
27f5926236d04e34a08fdb7ab83940bc,2160,65159,272,125,392,https://www.youtube.com/watch?v=VphsQ85CdR4,272,134,392,https://www.youtube.com/watch?v=VphsQ85CdR4,94,61,94,https://www.youtube.com/watch?v=u23xp4rRZ_k,0,0,0,0,
d45c287a84b6485e8ff3400cf50f5db7,2160,169398,0,0,0,,0,0,0,,0,0,0,,4298,612,143,885,https://www.twitch.tv/videos/2757586664
220353f9b2634c84953cc7d243fbc6a0,2160,194575,584,183,1198,https://www.youtube.com/watch?v=lSyagHqcSIo,584,183,1198,https://www.youtube.com/watch?v=lSyagHqcSIo,0,0,0,,89,0,0,0,
5da8c6fb027049cc8bc2030c56e8c489,2150,30023,0,0,0,,0,0,0,,0,0,0,,136,0,0,0,
d2b6390494b94f44ac75b6e53780a09c,2140,35752,0,0,0,,0,0,0,,0,0,0,,63,0,0,0,
326e254f0da14bc6bfc5d379164cf5c6,2140,45434,0,0,0,,0,0,0,,0,0,0,,0,0,0,0,
19a2801d800547e58c6560aa1accf3e4,2140,94763,67,26,141,https://www.youtube.com/watch?v=_yk_ReyeXUE,67,26,141,https://www.youtube.com/watch?v=_yk_ReyeXUE,0,0,0,,440,0,0,0,
8be6ce1a26af47a4985205da119eab5a,2130,359545,263,132,1317,https://www.youtube.com/watch?v=sMHJZBrYNu0,263,132,1317,https://www.youtube.com/watch?v=sMHJZBrYNu0,328,246,606,https://www.youtube.com/watch?v=SY72ZyP3RPY,0,0,0,0,
c41a24bf9c8f48ee9454119057088688,2120,86258,0,0,0,,0,0,0,,0,0,0,,0,0,0,0,
4f93fe928d264a299c6589e09fbda21e,2120,163223,0,0,0,,0,0,0,,0,0,0,,0,0,0,0,
3039dc305f614cd89e8ee8d028dea0ff,2120,70061,0,0,0,,0,0,0,,0,0,0,,0,0,0,0,
6d2945d11f504edb9962f742b54f6553,2110,35758,0,0,0,,0,0,0,,0,0,0,,1098,0,0,0,
163841e490b14b2583a799b3795021ad,2110,61922,141,83,1807,https://www.youtube.com/watch?v=Tw_mspWkwbo,94,60,185,https://www.youtube.com/watch?v=OL4yaAeu8-4,949,255,1807,https://www.youtube.com/watch?v=Tw_mspWkwbo,411,328,255,979,https://www.twitch.tv/videos/2756446038
08a9cb204a03447bbba896df3ee6a096,2100,11865,0,0,0,,0,0,0,,0,0,0,,377,0,0,0,
1310ffb60dcf40eaaf6a08890e632234,2100,101331,111,60,157,https://www.youtube.com/watch?v=y4iIns3C0fo,111,60,157,https://www.youtube.com/watch?v=y4iIns3C0fo,0,0,0,,0,0,0,0,
6b36f446b10e4ea99d5d80d60beeee21,2100,50423,0,0,0,,0,0,0,,0,0,0,,8206,141,113,188,https://www.twitch.tv/videos/2756511693
07553f6f3df84c3396508456ccbe7df2,2100,69329,328,186,2137,https://www.youtube.com/watch?v=lBnBLVFPVoc,188,143,886,https://www.youtube.com/watch?v=_oNiJcximmE,1459,319,2137,https://www.youtube.com/watch?v=lBnBLVFPVoc,1034,528,406,720,https://www.twitch.tv/videos/2751006842
54a8fe908e2040bfb366aca0e67cc23f,2100,0,0,0,0,,0,0,0,,0,0,0,,0,0,0,0,
6274e7f2acaf4d48b5fa569168f9468e,2100,123674,113,57,135,https://www.youtube.com/watch?v=5AqYuEHmvJM,96,43,135,https://www.youtube.com/watch?v=5AqYuEHmvJM,113,57,113,https://www.youtube.com/watch?v=7uUUPyvPnnQ,0,0,0,0,
e9047e02eb6340ff940114f754c76875,2090,57125,87,30,123,https://www.youtube.com/watch?v=J7t2_Pui15s,87,30,123,https://www.youtube.com/watch?v=J7t2_Pui15s,0,0,0,,0,0,0,0,
14b8fa0f43664c31a5d634b20f9112d9,2090,175404,78,49,182,https://www.youtube.com/watch?v=JnRNKy4q5dE,77,47,139,https://www.youtube.com/watch?v=-byJoWEfhGE,182,111,182,https://www.youtube.com/watch?v=JnRNKy4q5dE,0,0,0,0,
9870111c23124c19a12de7bbdeb8abc1,2090,71417,75,25,91,https://www.youtube.com/watch?v=-pSdiW9OjyU,75,25,91,https://www.youtube.com/watch?v=-pSdiW9OjyU,0,0,0,,0,0,0,0,
8890acc220cd4f969ec2e23a28c1eda2,2090,7513,0,0,0,,0,0,0,,0,0,0,,0,0,0,0,
2c92fe49ca9f4b8faf8f4521378857d2,2090,278351,804,610,804,https://www.youtube.com/watch?v=09FFEjFaY1w,0,0,0,,804,610,804,https://www.youtube.com/watch?v=09FFEjFaY1w,648,15,11,33,https://www.twitch.tv/videos/2751088743
ab540a5b73bb4dfa85cebffb70fad5db,2090,58125,1030,155,1030,https://www.youtube.com/watch?v=9_YpyCc0SVg,0,0,0,,1030,155,1030,https://www.youtube.com/watch?v=9_YpyCc0SVg,1241,0,0,0,
1551bebc6c26453e9893f342c68002bd,2090,45834,193,99,454,https://www.youtube.com/watch?v=IrJ8snHKlEg,193,99,454,https://www.youtube.com/watch?v=IrJ8snHKlEg,0,0,0,,321,0,0,0,
80ea9b92d31c48b8b2cf2ca5bacc2a08,2090,66430,277,223,420,https://www.youtube.com/watch?v=piwFi7nnzb4,277,223,420,https://www.youtube.com/watch?v=piwFi7nnzb4,0,0,0,,0,0,0,0,
247eca886f5c43188a3d6d3945e40636,2090,126644,157,109,405,https://www.youtube.com/watch?v=qMBUmJbxiKY,157,113,405,https://www.youtube.com/watch?v=qMBUmJbxiKY,75,56,75,https://www.youtube.com/watch?v=IZMg4fjchlM,0,0,0,0,
9efea510313f4733b4d0b5e3cfb6988b,2080,506745,114,39,143,https://www.youtube.com/watch?v=OKFoB7Z_mpA,0,0,0,,114,39,143,https://www.youtube.com/watch?v=OKFoB7Z_mpA,0,0,0,0,
ef03340f293242f89fe15f2f828dbf7f,2080,46458,42,20,71,https://www.youtube.com/watch?v=qzA22ebm6MA,44,20,71,https://www.youtube.com/watch?v=qzA22ebm6MA,31,19,31,https://www.youtube.com/watch?v=_F0Q0GZ_iAQ,644,36,27,58,https://www.twitch.tv/videos/2748634592
40082e2bb0b546d3bd3ebb75a3192092,2080,1596290,195,97,2192,https://www.youtube.com/watch?v=h7sHss1llcU,0,0,0,,195,97,2192,https://www.youtube.com/watch?v=h7sHss1llcU,0,0,0,0,
8b7a4cfb12e54a309645f0e077bb088a,2080,33629,0,0,0,,0,0,0,,0,0,0,,0,0,0,0,
33918eea49984fb499619652ce58a4fa,2070,35570,58,15,61,https://www.youtube.com/watch?v=_L3gS2keYoE,58,15,61,https://www.youtube.com/watch?v=_L3gS2keYoE,0,0,0,,0,0,0,0,
1b863baf309a4ff587385012bb5bde51,2070,81106,0,0,0,,0,0,0,,0,0,0,,343,0,0,0,
8e84dbdebec446bab8c82b3f0467f398,2070,174236,95,54,4825,https://www.youtube.com/watch?v=KONQep3OyYw,82,41,241,https://www.youtube.com/watch?v=IueuPYiTmPs,1629,658,4825,https://www.youtube.com/watch?v=KONQep3OyYw,0,0,0,0,
226eb1e34c924ae2914d960039905d08,2070,225254,53,26,1452,https://www.youtube.com/watch?v=QE0Ck3tis_0,53,25,144,https://www.youtube.com/watch?v=iasXUfQXvPw,484,332,1452,https://www.youtube.com/watch?v=QE0Ck3tis_0,0,0,0,0,
1225d23bc1814140bc0093c1407f06b3,2070,159748,115,42,2823,https://www.youtube.com/watch?v=Tf1qvKu86sQ,68,32,156,https://www.youtube.com/watch?v=Nj8eIbxS0OU,1378,552,2823,https://www.youtube.com/watch?v=Tf1qvKu86sQ,99,29,24,29,https://www.twitch.tv/videos/2755097649
e66d389ebb604096bfa99178e1a13c27,2070,230535,489,333,3322,https://www.youtube.com/watch?v=BJ321gy4xCo,428,241,3322,https://www.youtube.com/watch?v=BJ321gy4xCo,2036,1816,2373,https://www.youtube.com/watch?v=xTqtC8msF3E,3725,193,136,432,https://www.twitch.tv/videos/2750957170
b8d723ac79eb47229a23adc4029a5bd5,2070,0,0,0,0,,0,0,0,,0,0,0,,0,0,0,0,
73a96bba42b444df98487ed22f97c240,2070,208915,603,193,7333,https://www.youtube.com/watch?v=lWPgWOVoiyc,50,49,50,https://www.youtube.com/watch?v=0sXyBzTnkIQ,618,235,7333,https://www.youtube.com/watch?v=lWPgWOVoiyc,774,340,161,583,https://www.twitch.tv/videos/2739671759
93e7079bd21c499f9004e79d18489d28,2060,486910,0,0,0,,0,0,0,,0,0,0,,86,0,0,0,
44b22851b9df4612bec834e2cfde9489,2060,515733,58,27,79,https://www.youtube.com/watch?v=LU4zg2AE3_Y,58,27,79,https://www.youtube.com/watch?v=LU4zg2AE3_Y,54,30,66,https://www.youtube.com/watch?v=QxdG5SV0Yh8,0,0,0,0,
cb52afa541704e6e8f1098a20679135c,2050,119638,68,10,72,https://www.youtube.com/watch?v=xEi4jfhyK-c,68,10,72,https://www.youtube.com/watch?v=xEi4jfhyK-c,0,0,0,,306,56,47,74,https://www.twitch.tv/videos/2753504331
e32a7d950f5a4b53ab2f47d225aec4fd,2040,54583,109,17,109,https://www.youtube.com/watch?v=ZpJvTGoS_5w,109,17,109,https://www.youtube.com/watch?v=ZpJvTGoS_5w,0,0,0,,0,0,0,0,
a76c19e10aa4463f92f0d2e0f30ab84a,2040,134982,101,45,1765,https://www.youtube.com/watch?v=dAS72p8HLNw,94,38,179,https://www.youtube.com/watch?v=F6X2t-VtaKo,1663,1008,1765,https://www.youtube.com/watch?v=dAS72p8HLNw,0,0,0,0,
5c7278d46cd24b8eb5f49c446acc759d,2040,67214,0,0,0,,0,0,0,,0,0,0,,63,0,0,0,
62b58adde13f4a73ab406f857d730e20,2040,84013,73,33,622,https://www.youtube.com/watch?v=A3fDqoHh2Ag,73,32,163,https://www.youtube.com/watch?v=QwOBx-Yoc8Q,622,612,622,https://www.youtube.com/watch?v=A3fDqoHh2Ag,0,0,0,0,
1c4d1b6728454276a4a5c4e0d6a94a20,2030,0,0,0,0,,0,0,0,,0,0,0,,0,0,0,0,
6eefc3826f4f49a0b28a5288c5e0d83e,2030,11837,0,0,0,,0,0,0,,0,0,0,,2403,0,0,0,
78dea7b59be448329ec287a403f95a13,2020,29150,3,2,8,https://www.youtube.com/watch?v=-c8NHOjRQhU,0,0,0,,3,2,8,https://www.youtube.com/watch?v=-c8NHOjRQhU,2059,219,173,219,https://www.twitch.tv/videos/2753563320
6eeed5b0702a45df8470a617ee2c5243,2020,24064,74,5,74,https://www.youtube.com/watch?v=Ua20n5JlnnE,74,5,74,https://www.youtube.com/watch?v=Ua20n5JlnnE,0,0,0,,0,0,0,0,
9087489bcb234de9bb2a8942a1562a61,2020,75640,0,0,0,,0,0,0,,0,0,0,,0,0,0,0,
c85f3da0538546c499238b23d273f627,2020,0,0,0,0,,0,0,0,,0,0,0,,417,0,0,0,
829ebc1f7fc34bd1b770298799fccaa7,2020,47180,58,29,58,https://www.youtube.com/watch?v=APtCi0Po-y8,58,29,58,https://www.youtube.com/watch?v=APtCi0Po-y8,0,0,0,,0,0,0,0,
83a59a0d6537461fb429af7e3af1d152,2020,256949,0,0,0,,0,0,0,,0,0,0,,0,0,0,0,
92e03a33b1e640f6aa94211011de5d24,2020,67089,54,13,4178,https://www.youtube.com/watch?v=cQfHNOkGfLI,47,12,133,https://www.youtube.com/watch?v=AU9lENizwLs,2360,1496,4178,https://www.youtube.com/watch?v=cQfHNOkGfLI,255,110,84,245,https://www.twitch.tv/videos/2747691867
0414bb8fc082472a9434bd4a463a9865,2010,10265,0,0,0,,0,0,0,,0,0,0,,186,0,0,0,
2a20316d245d406193331300bb44fdec,2010,25721,0,0,0,,0,0,0,,0,0,0,,5346,711,247,1641,https://www.twitch.tv/videos/2737768215
a66441bdef584fe0806c4be0fd2cf53a,2010,104400,0,0,0,,0,0,0,,0,0,0,,0,0,0,0,
b84f2dfff8ce4ca1af82bfc44405f1e7,2010,89125,46,16,123,https://www.youtube.com/watch?v=5VgdNQaLmaA,46,16,123,https://www.youtube.com/watch?v=5VgdNQaLmaA,0,0,0,,0,0,0,0,
c0ce3bfbf1434af3a2a7bd7b2c38e7e7,2010,135561,376,193,809,https://www.youtube.com/watch?v=a4kxYnhPlCk,376,193,809,https://www.youtube.com/watch?v=a4kxYnhPlCk,0,0,0,,0,0,0,0,
4ed0862cff5b47bcbf4b6a30e431e0fa,2010,12250,2118,1528,2136,https://www.youtube.com/watch?v=r9nSLZBKLas,0,0,0,,2118,1528,2136,https://www.youtube.com/watch?v=r9nSLZBKLas,0,0,0,0,
749161d9934f41bf97e7210afd6b3bb1,2010,41083,0,0,0,,0,0,0,,0,0,0,,107,0,0,0,
14d334ad35f146ecbb047d1c20652fe1,2000,343558,0,0,0,,0,0,0,,0,0,0,,0,0,0,0,
95f8bb8a92c1450b8b5993f740b39338,2000,762292,27,6,27,https://www.youtube.com/watch?v=FNvsccV4ejU,27,6,27,https://www.youtube.com/watch?v=FNvsccV4ejU,0,0,0,,298,0,0,0,
712d031e7f004ed99aa1dfdb176cff32,2000,116584,100,35,140,https://www.youtube.com/watch?v=oEtRxn5GHJg,0,0,0,,100,35,140,https://www.youtube.com/watch?v=oEtRxn5GHJg,322,0,0,0,
504678b9fa2f4506879ba42b27a13dff,1990,204465,104,53,2045,https://www.youtube.com/watch?v=0NBc1UPxO8U,88,47,252,https://www.youtube.com/watch?v=djLD7wKOHGE,494,239,2045,https://www.youtube.com/watch?v=0NBc1UPxO8U,0,0,0,0,
a9e5491563fd4b05896ef9a8cb2ee7d7,1990,124828,39,23,119,https://www.youtube.com/watch?v=c2TTwpjN528,39,23,119,https://www.youtube.com/watch?v=c2TTwpjN528,0,0,0,,0,0,0,0,
8b732f3260e0427f9cf795b93ada310a,1980,57766,1560,1438,1560,https://www.youtube.com/watch?v=il-Nt1mtuxE,0,0,0,,1560,1438,1560,https://www.youtube.com/watch?v=il-Nt1mtuxE,3004,500,474,600,https://www.twitch.tv/videos/2756670180
7bd1bc8b491d47e0b7cf0a573c36120e,1980,101295,33,13,33,https://www.youtube.com/watch?v=3x8_fWRi4JY,0,0,0,,33,13,33,https://www.youtube.com/watch?v=3x8_fWRi4JY,0,0,0,0,
83eff3b0de694818876092eaabd35b4a,1980,91806,45,27,140,https://www.youtube.com/watch?v=Ci-DSSIgPUE,45,27,140,https://www.youtube.com/watch?v=Ci-DSSIgPUE,0,0,0,,0,0,0,0,
6bddfe8d54104f4192c56e4935a871de,1970,600576,1331,258,1819,https://www.youtube.com/watch?v=Ro9XRYWrkXg,45,1,45,https://www.youtube.com/watch?v=4JHDW-3UJac,1575,268,1819,https://www.youtube.com/watch?v=Ro9XRYWrkXg,1031,237,170,848,https://www.twitch.tv/videos/2757581708
29574cafecff435b90d34431e2153f02,1970,252808,395,84,13637,https://www.youtube.com/watch?v=LlBwcfkGYeA,39,22,77,https://www.youtube.com/watch?v=MYd_EwLg-k0,1593,853,13637,https://www.youtube.com/watch?v=LlBwcfkGYeA,163,46,39,52,https://www.twitch.tv/videos/2756612306
4b7c733a13d247ec84844698ecc7ba0c,1970,43395,0,0,0,,0,0,0,,0,0,0,,2758,348,183,353,https://www.twitch.tv/videos/2747686867
4de89158f20a4d0e8023f15db8a9526e,1960,133578,0,0,0,,0,0,0,,0,0,0,,0,0,0,0,
8b810380ed254a5e8a85b65552ba4e61,1950,114746,419,237,2001,https://www.youtube.com/watch?v=MlhDiWJDJfc,0,0,0,,419,237,2001,https://www.youtube.com/watch?v=MlhDiWJDJfc,10543,2186,906,5544,https://www.twitch.tv/videos/2749294856
c0ae01f224734769a38c39b97fb6dbb7,1940,52291,0,0,0,,0,0,0,,0,0,0,,397,37,35,60,https://www.twitch.tv/videos/2757443009
9031798ec1884b52b17df470b6c379b2,1940,54262,204,126,225,https://www.youtube.com/watch?v=6NhD3zXsOlw,204,126,225,https://www.youtube.com/watch?v=6NhD3zXsOlw,0,0,0,,0,0,0,0,
734477be3c5d42afbdde5356c6a6e8ee,1940,81699,0,0,0,,0,0,0,,0,0,0,,0,0,0,0,
7d2aa4176f60423bb1532ac37ed55e28,1940,149639,96,43,958,https://www.youtube.com/watch?v=3EgWMX9oFfg,96,43,958,https://www.youtube.com/watch?v=3EgWMX9oFfg,0,0,0,,0,0,0,0,
2c6d5a00eabf47e2affcc8fa6ec64f9c,1940,173484,37,19,1994,https://www.youtube.com/watch?v=7EsJVy6-lD8,32,15,70,https://www.youtube.com/watch?v=78V3ehpNuis,375,54,1994,https://www.youtube.com/watch?v=7EsJVy6-lD8,116,13,12,17,https://www.twitch.tv/videos/2757489279
17b1d3fb1e1944dabd5e6a45f94e2f6b,1930,67706,160,69,4032,https://www.youtube.com/watch?v=w32iAEg5JLU,148,69,184,https://www.youtube.com/watch?v=JJHRNuyHy5U,4032,1013,4032,https://www.youtube.com/watch?v=w32iAEg5JLU,0,0,0,0,
70c982c2dffc4cd08c90431abcc8be97,1930,53499,55,24,138,https://www.youtube.com/watch?v=IiUoSx-GWAU,55,24,138,https://www.youtube.com/watch?v=IiUoSx-GWAU,0,0,0,,185,31,23,90,https://www.twitch.tv/videos/2749401510
1025a2d1ea674c649b1e7934895bd419,1930,55264,83,55,88,https://www.youtube.com/watch?v=jnFU2JpVBkE,83,55,88,https://www.youtube.com/watch?v=jnFU2JpVBkE,0,0,0,,0,0,0,0,
0563e1d0ff394d1ab0d6a09d89870fba,1930,140967,132,52,2164,https://www.youtube.com/watch?v=H6eM7cTOQYI,133,66,164,https://www.youtube.com/watch?v=1lpCJwQn8O8,74,45,2164,https://www.youtube.com/watch?v=H6eM7cTOQYI,99,35,23,60,https://www.twitch.tv/videos/2751765119
8564954960ba466fa7f17bc0e0ea5e8e,1920,38888,0,0,0,,0,0,0,,0,0,0,,356,0,0,0,
bb1cda940e0a44b3a25f3e368c19c490,1920,60506,123,53,184,https://www.youtube.com/watch?v=_5fVEpTO1eI,123,53,184,https://www.youtube.com/watch?v=_5fVEpTO1eI,0,0,0,,0,0,0,0,
b34b0381ce8e40f2b24fa0a96a1e1bd5,1920,94413,0,0,0,,0,0,0,,0,0,0,,0,0,0,0,
bf124655587e4f5b937d695be814d25d,1910,150580,130,48,142,https://www.youtube.com/watch?v=hktKRi43O1c,130,48,142,https://www.youtube.com/watch?v=hktKRi43O1c,0,0,0,,0,0,0,0,
e58a5a6f40e040d79bbcd139824d6fc7,1910,242456,1021,264,2604,https://www.youtube.com/watch?v=OoLl_DbHWAU,140,64,140,https://www.youtube.com/watch?v=mEKE7ZQXB0s,1246,286,2604,https://www.youtube.com/watch?v=OoLl_DbHWAU,10024,2297,725,18955,https://www.twitch.tv/videos/2745292315
58d43efc5b4046148d02de0e65ef9120,1900,159339,251,90,5547,https://www.youtube.com/watch?v=gGpkVrJLVzo,132,79,251,https://www.youtube.com/watch?v=h7TeOlOggbo,1170,474,5547,https://www.youtube.com/watch?v=gGpkVrJLVzo,512,72,58,180,https://www.twitch.tv/videos/2749279309
e897180feafa4f748c41f13306b6f379,1900,419697,608,269,3053,https://www.youtube.com/watch?v=oxZnFjF195w,339,234,374,https://www.youtube.com/watch?v=H0EYQq0IhEs,1550,648,3053,https://www.youtube.com/watch?v=oxZnFjF195w,13,0,0,0,
7c18bc597298484c8f2925759fc1ac4a,1890,12525,74,47,151,https://www.youtube.com/watch?v=8Ko-Y7BlXSY,74,47,151,https://www.youtube.com/watch?v=8Ko-Y7BlXSY,0,0,0,,784,0,0,0,
2c2bf7ce933a4f34ac25c2dfa72fe565,1890,138107,519,269,2935,https://www.youtube.com/watch?v=L_YO1-aArm8,403,138,707,https://www.youtube.com/watch?v=VuOPqmIbVeI,2066,862,2935,https://www.youtube.com/watch?v=L_YO1-aArm8,685,207,157,680,https://www.twitch.tv/videos/2750924147
7eec0f9233fa49ed92c4f60fb8a82694,1890,37912,7,2,14,https://www.youtube.com/watch?v=tHcY38Qg0ts,0,0,0,,7,2,14,https://www.youtube.com/watch?v=tHcY38Qg0ts,1012,88,63,129,https://www.twitch.tv/videos/2750248989
d20c66018a094127805133f051037124,1890,79628,0,0,0,,0,0,0,,0,0,0,,1846,0,0,0,
4f20b9493001401f81b7a451bf856fba,1890,146848,270,162,2687,https://www.youtube.com/watch?v=y7UeqKiR7XM,212,120,392,https://www.youtube.com/watch?v=_FGWsFD4EWM,1374,600,2687,https://www.youtube.com/watch?v=y7UeqKiR7XM,1531,540,440,540,https://www.twitch.tv/videos/2754174926
1eb556018c7847feb170b09b8622590c,1880,112221,59,26,134,https://www.youtube.com/watch?v=3WGY1tFcc20,59,17,134,https://www.youtube.com/watch?v=3WGY1tFcc20,57,44,80,https://www.youtube.com/watch?v=sKoeOGmBYM4,0,0,0,0,
a8e44e51a99c487694e2525dc57c85ca,1870,46727,0,0,0,,0,0,0,,0,0,0,,1185,0,0,0,
9be037b96ffa41c9a080edf332650649,1870,100006,58,13,113,https://www.youtube.com/watch?v=3PkjB37RTtk,95,54,96,https://www.youtube.com/watch?v=1pmEBFlkqpc,8,1,113,https://www.youtube.com/watch?v=3PkjB37RTtk,0,0,0,0,
63175a6880c5427891463ff07fd0bf7e,1870,49699,0,0,0,,0,0,0,,0,0,0,,0,0,0,0,
0bf305da1ec14c5c8447b9a007bc81f6,1870,186369,202,62,1257,https://www.youtube.com/watch?v=DlnUzbBvTCU,138,57,1149,https://www.youtube.com/watch?v=QAlubhuhyAk,668,103,1257,https://www.youtube.com/watch?v=DlnUzbBvTCU,970,126,74,511,https://www.twitch.tv/videos/2751574089
d564ef4ee383435787e18dee18247631,1860,57055,83,24,121,https://www.youtube.com/watch?v=AwYqFh6vsbA,57,24,93,https://www.youtube.com/watch?v=cimFO-0JzH8,109,35,121,https://www.youtube.com/watch?v=AwYqFh6vsbA,376,22,13,22,https://www.twitch.tv/videos/2749382770
14561bf5e63844f58b60deb87f443507,1850,0,0,0,0,,0,0,0,,0,0,0,,1101,266,65,341,https://www.twitch.tv/videos/2735725215
bee432690bb44e03940ab4a86bbbbdfd,1850,19384,0,0,0,,0,0,0,,0,0,0,,0,0,0,0,
a5681ed32f994c57a107a0b9248fb228,1850,72994,84,52,443,https://www.youtube.com/watch?v=VzogFc10UrI,84,45,152,https://www.youtube.com/watch?v=YH_FCuShmqs,443,125,443,https://www.youtube.com/watch?v=VzogFc10UrI,0,0,0,0,
5ff20156ebbf4390a3573d6a94aed8df,1840,89331,136,52,447,https://www.youtube.com/watch?v=Ct854egPTrE,136,52,447,https://www.youtube.com/watch?v=Ct854egPTrE,0,0,0,,0,0,0,0,
0fbdfcc1b9cf41fdb840cf2f546d9324,1840,137307,56,18,1007,https://www.youtube.com/watch?v=oh_NcRC_lsA,56,19,1007,https://www.youtube.com/watch?v=oh_NcRC_lsA,12,5,12,https://www.youtube.com/watch?v=ViYSZk8JkS4,671,0,0,0,
a6a789d93f3a4352b251a51b43f98d2c,1840,45196,280,224,280,https://www.youtube.com/watch?v=trT6rfIi2gM,280,224,280,https://www.youtube.com/watch?v=trT6rfIi2gM,0,0,0,,0,0,0,0,
48b978b1705a4f61a760b05280000b34,1840,8782,0,0,0,,0,0,0,,0,0,0,,1265,0,0,0,
70874043d50b4e3a873742127251caa5,1830,80927,216,4,216,https://www.youtube.com/watch?v=DNoLj_UoCao,216,4,216,https://www.youtube.com/watch?v=DNoLj_UoCao,0,0,0,,0,0,0,0,
fe5a0ac164a940c79e430eab9995da2e,1830,181490,0,0,0,,0,0,0,,0,0,0,,111,0,0,0,
361d3dd97ee9430f85d57b61ea8f0b85,1830,155310,118,49,240,https://www.youtube.com/watch?v=JyaoRDfVBrM,118,49,240,https://www.youtube.com/watch?v=JyaoRDfVBrM,0,0,0,,0,0,0,0,
9c0184b0f01a4af4a4c2c56139682fb9,1830,41670,131,118,161,https://www.youtube.com/watch?v=ThjNPrOzKKQ,161,146,161,https://www.youtube.com/watch?v=ThjNPrOzKKQ,101,90,101,https://www.youtube.com/watch?v=GDrd4m011q0,109,0,0,0,
f3b487c00ef5466eaa529f3a2e8d6753,1830,34560,170,140,213,https://www.youtube.com/watch?v=hmCIxPI1zpQ,170,140,213,https://www.youtube.com/watch?v=hmCIxPI1zpQ,0,0,0,,0,0,0,0,
a823412858b749f7bd2bff3739ec55b7,1830,93164,113,50,384,https://www.youtube.com/watch?v=t2unN3SEBZ4,113,50,384,https://www.youtube.com/watch?v=t2unN3SEBZ4,0,0,0,,431,50,32,50,https://www.twitch.tv/videos/2750201714
342f808864164047acc8ddffe88c9618,1830,132919,113,52,113,https://www.youtube.com/watch?v=pggCHYwQgKs,113,52,113,https://www.youtube.com/watch?v=pggCHYwQgKs,0,0,0,,2154,449,362,740,https://www.twitch.tv/videos/2753349115
e72542ff8bb14e47929b037c626c320a,1820,36754,0,0,0,,0,0,0,,0,0,0,,0,0,0,0,
08158657738a4949bce0cbbc36c4e701,1820,76897,0,0,0,,0,0,0,,0,0,0,,0,0,0,0,
db2f279f9960492082f3ae6ad20aca91,1810,47039,0,0,0,,0,0,0,,0,0,0,,504,0,0,0,
3bbbe40f23e344fa8889d410b7315383,1810,2081,0,0,0,,0,0,0,,0,0,0,,0,0,0,0,
0c1efcf431bc4ffbb208775a9738e348,1810,66521,0,0,0,,0,0,0,,0,0,0,,160,0,0,0,
bff58c28269748eb99103a257886309a,1800,58991,135,45,213,https://www.youtube.com/watch?v=uFFnq66_bxY,135,45,213,https://www.youtube.com/watch?v=uFFnq66_bxY,0,0,0,,0,0,0,0,
8ad9544f4e4f42a09ec1ecb6b514729f,1800,95251,40,18,114,https://www.youtube.com/watch?v=rJf-RGmu-IU,40,18,114,https://www.youtube.com/watch?v=rJf-RGmu-IU,0,0,0,,0,0,0,0,
49c4f54141434226960845b2a46c432b,1800,61008,42,37,66,https://www.youtube.com/watch?v=7qf0gLExxHg,42,37,66,https://www.youtube.com/watch?v=7qf0gLExxHg,0,0,0,,0,0,0,0,
b023ec32c6b5474e95c7faf252925b8e,1800,50772,0,0,0,,0,0,0,,0,0,0,,404,31,24,34,https://www.twitch.tv/videos/2755817985
0da343539de64a169fe51ad653e5c73d,1800,40790,36,28,93,https://www.youtube.com/watch?v=g6o880LU1GY,36,28,93,https://www.youtube.com/watch?v=g6o880LU1GY,0,0,0,,0,0,0,0,
be84d60f2d0e452ab7d66eaeb957477f,1790,82624,5,5,7,https://www.youtube.com/watch?v=hZG-fnPbIz8,0,0,0,,5,5,7,https://www.youtube.com/watch?v=hZG-fnPbIz8,0,0,0,0,
372962c805114682a4d16b75c13c80ed,1790,265,0,0,0,,0,0,0,,0,0,0,,0,0,0,0,
5efdd7a401eb430ba20cb6f391fbbce3,1790,34926,0,0,0,,0,0,0,,0,0,0,,0,0,0,0,
31c7fada1ab24cbd83ab4ae698955a29,1790,78744,31,17,774,https://www.youtube.com/watch?v=ByDqQX8TN5c,27,12,98,https://www.youtube.com/watch?v=tLF4UPS0KRQ,351,336,774,https://www.youtube.com/watch?v=ByDqQX8TN5c,0,0,0,0,
ced6b5d82fc848a5a0f45a1b3da4cfae,1780,81152,111,53,128,https://www.youtube.com/watch?v=7SJ4NP6G9Oo,111,53,128,https://www.youtube.com/watch?v=7SJ4NP6G9Oo,0,0,0,,216,28,20,28,https://www.twitch.tv/videos/2751917536
d1dcec3b0dbe4e39b2907be832c467a1,1780,0,0,0,0,,0,0,0,,0,0,0,,0,0,0,0,
c489b78388904133a8b93cd4d0470aad,1780,3974,0,0,0,,0,0,0,,0,0,0,,628,0,0,0,
e39607950249427da8b60fa012115e44,1780,104197,464,109,877,https://www.youtube.com/watch?v=WeQRxgtsAuE,0,0,0,,464,109,877,https://www.youtube.com/watch?v=WeQRxgtsAuE,0,0,0,0,
15b8c0a77287451395102506f90ec98b,1780,641,0,0,0,,0,0,0,,0,0,0,,0,0,0,0,
29d3dea4a1684bec9592e2ccc3685c57,1780,64003,0,0,0,,0,0,0,,0,0,0,,0,0,0,0,
0b91169f9d504a479f0e1010ae4edda1,1770,5596,0,0,0,,0,0,0,,0,0,0,,0,0,0,0,
3bc6afb820df4f59b2c6ff1c25d1eed3,1770,142275,65,44,451,https://www.youtube.com/watch?v=WtxmRbsTKnE,58,41,451,https://www.youtube.com/watch?v=WtxmRbsTKnE,171,96,436,https://www.youtube.com/watch?v=m0Xiw1mOdFc,0,0,0,0,
b49c2970f97b4fd4a6762b3e9ba94f8e,1770,7696,0,0,0,,0,0,0,,0,0,0,,10042,1102,477,2134,https://www.twitch.tv/videos/2743723465
5612ac8b150e45e5a7381a2c07e9671a,1770,75751,78,39,298,https://www.youtube.com/watch?v=utcvOuN50HA,78,39,298,https://www.youtube.com/watch?v=utcvOuN50HA,0,0,0,,0,0,0,0,
6cb91cbf63cd46d49566ade06d3b3418,1770,19839,42,29,1165,https://www.youtube.com/watch?v=3G5nufXAHEs,41,8,247,https://www.youtube.com/watch?v=F-GrgemoFqI,91,49,1165,https://www.youtube.com/watch?v=3G5nufXAHEs,0,0,0,0,
ce59f11c200841dab2e8a5e30655a827,1770,251256,0,0,0,,0,0,0,,0,0,0,,27,0,0,0,
d748a977fcd24752ad9e038468713bf2,1760,38044,69,40,117,https://www.youtube.com/watch?v=dbpn3osYbiA,69,40,117,https://www.youtube.com/watch?v=dbpn3osYbiA,0,0,0,,0,0,0,0,
8020c505099f474ca81da3023926485f,1760,103998,108,55,2290,https://www.youtube.com/watch?v=AEmQLoJL5d8,107,53,185,https://www.youtube.com/watch?v=X71GPvMiRVQ,2290,227,2290,https://www.youtube.com/watch?v=AEmQLoJL5d8,0,0,0,0,
2e8c364f691740dd81c0fa61727a9790,1750,596382,0,0,0,,0,0,0,,0,0,0,,3787,0,0,0,
637a5867616a436ba0f7cdd36057f55a,1750,137607,101,59,1481,https://www.youtube.com/watch?v=MuWgW0e8v6E,100,64,788,https://www.youtube.com/watch?v=8rs3tr0sbe4,197,29,1481,https://www.youtube.com/watch?v=MuWgW0e8v6E,96,0,0,0,
fa4fe8c441404dcf85dda8b8bce34a9a,1750,42606,0,0,0,,0,0,0,,0,0,0,,0,0,0,0,
66830cad0b9949689741b0dc5ef39d29,1750,49260,0,0,0,,0,0,0,,0,0,0,,0,0,0,0,
8483ae3c14ca488394d427d271854d88,1750,35698,0,0,0,,0,0,0,,0,0,0,,43,0,0,0,
d0c2bb3e9091413e8d245bdc217e9420,1750,54698,62,10,107,https://www.youtube.com/watch?v=n7dJGMv0yxA,62,10,107,https://www.youtube.com/watch?v=n7dJGMv0yxA,0,0,0,,0,0,0,0,
3a8fe50b02d04b45af3974ed979c52eb,1750,82822,240,93,1471,https://www.youtube.com/watch?v=Pj50wnX82lo,223,65,320,https://www.youtube.com/watch?v=Nv1Z3i9BCd4,1390,569,1471,https://www.youtube.com/watch?v=Pj50wnX82lo,0,0,0,0,
b632def93af34129ad1a2a6f01a8277f,1750,82714,0,0,0,,0,0,0,,0,0,0,,0,0,0,0,
e3b2ba3f0767417a911eedeb6604ec7f,1750,2182,0,0,0,,0,0,0,,0,0,0,,0,0,0,0,
3584322d47f14c7aa8f6e98511d3c54a,1750,1128,0,0,0,,0,0,0,,0,0,0,,1045,0,0,0,
0f7d7faa487642d0a8ff6d5fc8dbc394,1750,150896,93,90,93,https://www.youtube.com/watch?v=M4MaHSOL8cc,0,0,0,,93,90,93,https://www.youtube.com/watch?v=M4MaHSOL8cc,1676,471,106,1880,https://www.twitch.tv/videos/2756654631
7cc197b36bc64bf38aaf98a17eaf8d31,1740,172143,454,449,1738,https://www.youtube.com/watch?v=fkCRHrlgOMI,122,102,165,https://www.youtube.com/watch?v=HdKHP3npHGE,1397,920,1738,https://www.youtube.com/watch?v=fkCRHrlgOMI,0,0,0,0,
6fa5098cd1c644c5871a47a7e56803dc,1740,49330,324,181,500,https://www.youtube.com/watch?v=AFlRT_HhNsE,324,181,500,https://www.youtube.com/watch?v=AFlRT_HhNsE,0,0,0,,257,0,0,0,
673abaca34d047b49b11d50214a9a463,1740,78688,174,78,248,https://www.youtube.com/watch?v=8c0uE5l4SYg,180,68,248,https://www.youtube.com/watch?v=8c0uE5l4SYg,168,160,168,https://www.youtube.com/watch?v=i7dQC6W3L-M,86,0,0,0,
2e58c53f72f144dbad853ca8630dab19,1740,50841,261,124,1345,https://www.youtube.com/watch?v=82EGocUIb_Y,261,124,1345,https://www.youtube.com/watch?v=82EGocUIb_Y,0,0,0,,143,0,0,0,
018244f1ad404c9eaa4ddf747c3bafa0,1740,220603,170,87,346,https://www.youtube.com/watch?v=DKb1hnAEkIo,183,88,346,https://www.youtube.com/watch?v=DKb1hnAEkIo,100,33,135,https://www.youtube.com/watch?v=4fftNOPa6Q8,0,0,0,0,
f3fa92d46e744da29b61f9468c76b9a5,1730,38893,86,17,86,https://www.youtube.com/watch?v=X9Xelr_zEH4,86,17,86,https://www.youtube.com/watch?v=X9Xelr_zEH4,0,0,0,,0,0,0,0,
dc8226bfc9c64cf5bc768f387a41c48d,1730,25252,0,0,0,,0,0,0,,0,0,0,,0,0,0,0,
8f7fdc3104f541539132c122eeab6801,1730,36079,109,70,1441,https://www.youtube.com/watch?v=u_RXqZ4HO7k,107,66,200,https://www.youtube.com/watch?v=_O3X3XG7i3E,167,75,1441,https://www.youtube.com/watch?v=u_RXqZ4HO7k,0,0,0,0,
a0ac84f84b914c21acf669844a163436,1730,39498,157,14,157,https://www.youtube.com/watch?v=noi1a_NfLA4,157,14,157,https://www.youtube.com/watch?v=noi1a_NfLA4,0,0,0,,410,286,214,472,https://www.twitch.tv/videos/2757634359
b0e88b4d4e5d41c4b5edd07540dc3637,1720,138221,72,23,102,https://www.youtube.com/watch?v=YXaJ1QERo1o,72,23,102,https://www.youtube.com/watch?v=YXaJ1QERo1o,0,0,0,,0,0,0,0,
84cccbea595d4bc69426d5c75f1ac3a4,1720,89408,0,0,0,,0,0,0,,0,0,0,,0,0,0,0,
8c171b8f4b854cbfade4ee2babc19e0f,1710,37857,116,49,1293,https://www.youtube.com/watch?v=luafOySUMF8,113,45,235,https://www.youtube.com/watch?v=cPYcQMBXGGY,834,258,1293,https://www.youtube.com/watch?v=luafOySUMF8,0,0,0,0,
f3914ae7ae6541198b6b5f4d63febe48,1710,49209,0,0,0,,0,0,0,,0,0,0,,0,0,0,0,
aff718d907904c398ec8d685b71436a1,1710,29815,0,0,0,,0,0,0,,0,0,0,,300,0,0,0,
e9fa90c6824c47abbfd114e9cd9b4125,1710,108749,57,28,4017,https://www.youtube.com/watch?v=yVdnS5Enpf0,56,23,73,https://www.youtube.com/watch?v=rcV8HYRgB94,2750,1301,4017,https://www.youtube.com/watch?v=yVdnS5Enpf0,0,0,0,0,
8f1a38101d324afcbfc7df27d5d1e0a9,1700,194858,32,18,254,https://www.youtube.com/watch?v=hGX1GvHUh9c,32,13,254,https://www.youtube.com/watch?v=hGX1GvHUh9c,75,67,75,https://www.youtube.com/watch?v=kZW9jLTCScA,0,0,0,0,
af40da4e1fc24360bf9ed4eb828bf912,1700,165,0,0,0,,0,0,0,,0,0,0,,0,0,0,0,
1e0ca2c7a8d7493baa62b792d78e7b07,1700,131397,130,53,251,https://www.youtube.com/watch?v=D9N_k9-lySc,130,53,251,https://www.youtube.com/watch?v=D9N_k9-lySc,0,0,0,,0,0,0,0,
dbe3f9880dec4a03bcc1943343455a6c,1700,77092,98,77,141,https://www.youtube.com/watch?v=opuhCghdMGk,98,77,141,https://www.youtube.com/watch?v=opuhCghdMGk,0,0,0,,0,0,0,0,
351e16ae67e14d5e8c7294284c2ded4d,1690,25129,0,0,0,,0,0,0,,0,0,0,,699,0,0,0,
1c304e8690e2400d9482f1173f59ad70,1690,89630,323,43,1428,https://www.youtube.com/watch?v=pS9MQkhJvMA,323,42,659,https://www.youtube.com/watch?v=FYUoEWwVURA,789,177,1428,https://www.youtube.com/watch?v=pS9MQkhJvMA,209,77,60,147,https://www.twitch.tv/videos/2747756523
7d3b310a867942cab270e48f7a397e0d,1690,42153,44,25,1871,https://www.youtube.com/watch?v=5eHeKUjY9rQ,40,16,102,https://www.youtube.com/watch?v=IQqRdAWnAHY,768,193,1871,https://www.youtube.com/watch?v=5eHeKUjY9rQ,890,0,0,0,
608b617ad99c4f18b97d10560e254b4b,1680,53078,107,39,397,https://www.youtube.com/watch?v=h12w_MqYgaY,104,36,397,https://www.youtube.com/watch?v=h12w_MqYgaY,282,97,325,https://www.youtube.com/watch?v=pu3wmeGKK1M,0,0,0,0,
9deb096c2fb943a7ae7487bf25e28026,1680,118721,145,66,703,https://www.youtube.com/watch?v=hlV42I-SuFY,145,66,177,https://www.youtube.com/watch?v=MXAy4dD_Tl8,410,71,703,https://www.youtube.com/watch?v=hlV42I-SuFY,1367,186,155,301,https://www.twitch.tv/videos/2750283615
df7bcc29e3204005877b25cdad9206b7,1680,81035,0,0,0,,0,0,0,,0,0,0,,0,0,0,0,
44ae1f339250472c82d1fc4ffb3610ad,1680,73617,454,206,648,https://www.youtube.com/watch?v=t0tEi7o5Tw8,454,206,648,https://www.youtube.com/watch?v=t0tEi7o5Tw8,0,0,0,,2700,1140,610,38105,https://www.twitch.tv/videos/2758111667
eb54f557a3734bfda57ecddd8df07681,1670,43349,0,0,0,,0,0,0,,0,0,0,,539,136,89,136,https://www.twitch.tv/videos/2750239168
60a400d6a5d841f78b352675c383dbef,1670,47697,0,0,0,,0,0,0,,0,0,0,,0,0,0,0,
7eb39f4278b04ed485060a084cd07876,1670,62014,0,0,0,,0,0,0,,0,0,0,,0,0,0,0,
21a819efced54f6991abd3fc0b43091f,1670,124853,225,96,1667,https://www.youtube.com/watch?v=Meo-CYwptG4,104,59,225,https://www.youtube.com/watch?v=9Yz6lX9d4C4,1334,613,1667,https://www.youtube.com/watch?v=Meo-CYwptG4,816,138,110,160,https://www.twitch.tv/videos/2751048331
af9a2d0fab684be9b9da09e251f6bae6,1670,78955,161,78,3806,https://www.youtube.com/watch?v=rlm_EFx_NeM,141,60,219,https://www.youtube.com/watch?v=t04Y6CLp2cQ,1763,542,3806,https://www.youtube.com/watch?v=rlm_EFx_NeM,417,288,220,372,https://www.twitch.tv/videos/2754924380
d18dd7d3e19f469b9e3faaa6c1fe2b0d,1670,36033,90,29,226,https://www.youtube.com/watch?v=VMXlb_PTgao,90,29,226,https://www.youtube.com/watch?v=VMXlb_PTgao,0,0,0,,227,0,0,0,
1f445fb1ee7447c2add6738b86570b2e,1670,70268,0,0,0,,0,0,0,,0,0,0,,0,0,0,0,
1257fb7258eb49ad8cf58ed64b800056,1660,47445,0,0,0,,0,0,0,,0,0,0,,789,167,65,592,https://www.twitch.tv/videos/2739254277
cfa15a7e93824927ad4b84a519b0ab68,1660,605196,2181,1238,4807,https://www.youtube.com/watch?v=fCfQBPZkQmM,0,0,0,,2181,1238,4807,https://www.youtube.com/watch?v=fCfQBPZkQmM,0,0,0,0,
ecbeda5532474bdb8d08d4e15ce98d89,1660,15209,0,0,0,,0,0,0,,0,0,0,,3009,228,204,228,https://www.twitch.tv/videos/2755984271
3e41189706dd483db4e407c295b058ce,1660,99076,56,30,1023,https://www.youtube.com/watch?v=LifFU4RvjxI,56,30,133,https://www.youtube.com/watch?v=svqtDz83Zrc,529,237,1023,https://www.youtube.com/watch?v=LifFU4RvjxI,4762,452,235,150602,https://www.twitch.tv/videos/2750160567
e3451dd6f3c0444c888eb6f67704613a,1650,61964,158,77,406,https://www.youtube.com/watch?v=yBcLPTFpD_Q,158,77,406,https://www.youtube.com/watch?v=yBcLPTFpD_Q,0,0,0,,0,0,0,0,
7259f7e619e943018e64fb24d4d20e34,1650,34125,143,117,160,https://www.youtube.com/watch?v=HCI2OvBTFko,143,117,160,https://www.youtube.com/watch?v=HCI2OvBTFko,0,0,0,,0,0,0,0,
10c8c9b647e7464f9d95c7c1a865da01,1650,117916,66,21,1999,https://www.youtube.com/watch?v=r-ZYdSBtNmk,30,13,85,https://www.youtube.com/watch?v=oKVojeS1pzA,688,440,1999,https://www.youtube.com/watch?v=r-ZYdSBtNmk,2102,233,136,264,https://www.twitch.tv/videos/2746949303
c192b6e25df841ad85cbc8bbf0bd8bfe,1640,109903,0,0,0,,0,0,0,,0,0,0,,0,0,0,0,
f7bfeaf6288f4afe80b62dab32698a0c,1640,521676,57,22,106,https://www.youtube.com/watch?v=deBQALnoAQA,65,32,106,https://www.youtube.com/watch?v=deBQALnoAQA,33,18,95,https://www.youtube.com/watch?v=LNF96ICWrUI,335,0,0,0,
7d6a4fa5389c461bb553b8190c5e951f,1640,105202,0,0,0,,0,0,0,,0,0,0,,0,0,0,0,
7e50374d02184a429cfc6dfba9b52e2f,1640,9671,0,0,0,,0,0,0,,0,0,0,,392,62,36,75,https://www.twitch.tv/videos/2748641085
34d968321e3c40aabf759ad22d33bb3a,1640,0,0,0,0,,0,0,0,,0,0,0,,0,0,0,0,
52643019126449999714c7b659b6539c,1640,0,0,0,0,,0,0,0,,0,0,0,,334,0,0,0,
607d6173383c4118a32171fbcfc98e60,1640,42317,3,2,19,https://www.youtube.com/watch?v=vOnoC6uNYcU,0,0,0,,3,2,19,https://www.youtube.com/watch?v=vOnoC6uNYcU,16608,4252,3356,4252,https://www.twitch.tv/videos/2753485050
da503b835e2a41d58433ebf6960db356,1630,59978,164,8,190,https://www.youtube.com/watch?v=e1QUmzq8QLk,190,2,190,https://www.youtube.com/watch?v=e1QUmzq8QLk,139,13,139,https://www.youtube.com/watch?v=WVsLSG7tFQw,783,0,0,0,
4077520d348749e49598cd5fa1058b6a,1630,60069,19,11,93,https://www.youtube.com/watch?v=jlFa_YsIGrU,19,11,93,https://www.youtube.com/watch?v=jlFa_YsIGrU,0,0,0,,263,0,0,0,
e8ec42e35b774df8a21ae98a0d01fdc0,1630,1203850,97,62,4337,https://www.youtube.com/watch?v=csbJ8eHDF6s,44,24,104,https://www.youtube.com/watch?v=v9Toaaop7jA,891,265,4337,https://www.youtube.com/watch?v=csbJ8eHDF6s,0,0,0,0,
bc7d14416ba24cc8819f0753e1f595f5,1630,309182,124,83,784,https://www.youtube.com/watch?v=2-iHp5q_Mbw,124,83,784,https://www.youtube.com/watch?v=2-iHp5q_Mbw,0,0,0,,0,0,0,0,
0dc671f00179414c959171b6625785a0,1630,0,0,0,0,,0,0,0,,0,0,0,,0,0,0,0,
306117a48f3445baad1d6a919ed340bb,1630,69326,165,73,1096,https://www.youtube.com/watch?v=bo-M60tCcEQ,153,69,324,https://www.youtube.com/watch?v=ou_yKyeaIWE,654,471,1096,https://www.youtube.com/watch?v=bo-M60tCcEQ,151,0,0,0,
46e494bf06c640da95ad1b0b81631d98,1630,262699,45,34,2087,https://www.youtube.com/watch?v=Lwq8TKOCaZ4,41,30,99,https://www.youtube.com/watch?v=7oW72pi7MBY,1063,510,2087,https://www.youtube.com/watch?v=Lwq8TKOCaZ4,926,27,24,47,https://www.twitch.tv/videos/2751719734
bdcf0d95e6544ebaaddbfba94839cd6b,1630,91299,50,13,102,https://www.youtube.com/watch?v=NwDyrUs5T-4,51,17,67,https://www.youtube.com/watch?v=trGc21r6uWM,23,10,102,https://www.youtube.com/watch?v=NwDyrUs5T-4,0,0,0,0,
b9086ee5f7b54353a5ba85c973b2e2af,1630,64987,66,40,66,https://www.youtube.com/watch?v=aNtpX5-GisI,66,40,66,https://www.youtube.com/watch?v=aNtpX5-GisI,0,0,0,,0,0,0,0,
c45e260cafa14b3fab4030fb339ed1ab,1630,76588,47,29,204,https://www.youtube.com/watch?v=ImLlFiBk8_0,47,32,69,https://www.youtube.com/watch?v=6qFN8nbSBeI,204,4,204,https://www.youtube.com/watch?v=ImLlFiBk8_0,28,0,0,0,
7e26ddf485a84c0cb6d781a3bf432c55,1630,38975,0,0,0,,0,0,0,,0,0,0,,3963,0,0,0,
7425576151124e11a94609fd1b8687bc,1620,62225,0,0,0,,0,0,0,,0,0,0,,2035,0,0,0,
5dc565de88a948ecb092cce178aafe60,1620,477534,0,0,0,,0,0,0,,0,0,0,,414,0,0,0,
d3b1e8a5a2c74d2395dc33869caadb50,1620,7170,0,0,0,,0,0,0,,0,0,0,,0,0,0,0,
cb8dab545aa1409c8c6cf887f8825485,1620,62018,0,0,0,,0,0,0,,0,0,0,,0,0,0,0,
86853cb239d740ce953573ba74bd08bd,1620,58177,0,0,0,,0,0,0,,0,0,0,,1759,0,0,0,
bee9506c5d714205bfc69573280852c2,1620,121139,667,117,1906,https://www.youtube.com/watch?v=ImBpujiwTBE,89,26,252,https://www.youtube.com/watch?v=OWXar5btfPM,1420,526,1906,https://www.youtube.com/watch?v=ImBpujiwTBE,2135,81,49,87,https://www.twitch.tv/videos/2750273056
80e2f3365bfd4479a3594c3278311103,1620,0,0,0,0,,0,0,0,,0,0,0,,2261,0,0,0,
c4651b162abb45c3a85640e3d456fa71,1610,57867,25,20,43,https://www.youtube.com/watch?v=t55YpXndvxo,25,20,43,https://www.youtube.com/watch?v=t55YpXndvxo,0,0,0,,320,0,0,0,
9e5e58a212584007b1ab1f22f5c59438,1610,135591,134,77,510,https://www.youtube.com/watch?v=muMCo_56fHU,134,77,510,https://www.youtube.com/watch?v=muMCo_56fHU,0,0,0,,0,0,0,0,
a1915cccb8584d57b9b22975263c7af4,1610,268798,82,33,108,https://www.youtube.com/watch?v=3f0zz9Q6OW0,67,19,104,https://www.youtube.com/watch?v=p3w4NBQn_nU,108,73,108,https://www.youtube.com/watch?v=3f0zz9Q6OW0,0,0,0,0,
00c2bd1279064d88b05ad2d17d790e37,1600,6782,873,261,2031,https://www.youtube.com/watch?v=2aWz_PYw1Ic,0,0,0,,873,261,2031,https://www.youtube.com/watch?v=2aWz_PYw1Ic,193,0,0,0,
d7963784d96543e28a290361d38efe30,1600,95630,0,0,0,,0,0,0,,0,0,0,,1369,0,0,0,
53cd965ca91e495887b89aabd6314402,1600,31952,53,28,82,https://www.youtube.com/watch?v=VEHg2-4uTNk,53,28,82,https://www.youtube.com/watch?v=VEHg2-4uTNk,0,0,0,,16,0,0,0,
67674d86fce54eceb37e0dc4ea802132,1600,121587,75,36,481,https://www.youtube.com/watch?v=wfJfAJqJyO8,75,37,299,https://www.youtube.com/watch?v=V7wKpm4r5Jo,62,18,481,https://www.youtube.com/watch?v=wfJfAJqJyO8,92,6,5,16,https://www.twitch.tv/videos/2754312148
954590604f0e49e88fadc8ce6dafba1b,1600,93893,66,36,238,https://www.youtube.com/watch?v=__p03p1yQeg,66,36,238,https://www.youtube.com/watch?v=__p03p1yQeg,0,0,0,,0,0,0,0,
86e86bf2d8e54e9083613e7398e1e7ac,1590,37080,0,0,0,,0,0,0,,0,0,0,,1817,401,266,1943,https://www.twitch.tv/videos/2750942481
597fbfe660ae4e6d92bb20bd7e6f3738,1590,9639,0,0,0,,0,0,0,,0,0,0,,737,0,0,0,
89f4c9a5a9374700ae9f3725cd8a3f0f,1590,145866,301,131,3556,https://www.youtube.com/watch?v=6FUeOjatJyM,90,37,153,https://www.youtube.com/watch?v=zDzEpTN8_Zs,1211,600,3556,https://www.youtube.com/watch?v=6FUeOjatJyM,178,110,90,149,https://www.twitch.tv/videos/2755847548
b0a7d70ae76549f5b4418e56ee4ad43f,1590,44364,76,44,1225,https://www.youtube.com/watch?v=_viZWdOyaB8,74,43,159,https://www.youtube.com/watch?v=xdHK5Fy8JhA,799,256,1225,https://www.youtube.com/watch?v=_viZWdOyaB8,1020,323,248,540,https://www.twitch.tv/videos/2754110074
7194df8aca7745c1b2a61dd91e56c6b8,1590,0,0,0,0,,0,0,0,,0,0,0,,0,0,0,0,
a73b969a7fe24a9aaeb9bc1c63ca6450,1590,86380,0,0,0,,0,0,0,,0,0,0,,4884,541,287,1212,https://www.twitch.tv/videos/2756385682
e214241ed6574d939e398051ae25921d,1590,65,0,0,0,,0,0,0,,0,0,0,,0,0,0,0,
7e9fc4a1ccc7445182bb3c5264d99187,1590,63199,137,48,1444,https://www.youtube.com/watch?v=L6UqS10-gvw,93,36,273,https://www.youtube.com/watch?v=tXDJnvlduhU,821,392,1444,https://www.youtube.com/watch?v=L6UqS10-gvw,0,0,0,0,
8cace62dbfc34c2a9a2a348e479cdbb1,1590,193720,968,491,1131,https://www.youtube.com/watch?v=sNvk6S5-duw,17,5,17,https://www.youtube.com/watch?v=JT8ozyVamQA,1076,541,1131,https://www.youtube.com/watch?v=sNvk6S5-duw,0,0,0,0,
a725f6babc5f44779d7389886c6cd7b7,1590,58054,88,43,742,https://www.youtube.com/watch?v=31AfikBYcS0,88,43,742,https://www.youtube.com/watch?v=31AfikBYcS0,0,0,0,,0,0,0,0,
2913f17e61014f7691e016fae8468404,1590,72885,66,26,505,https://www.youtube.com/watch?v=D3HHBW-ggAE,53,18,66,https://www.youtube.com/watch?v=h6HZKCvAqZo,505,243,505,https://www.youtube.com/watch?v=D3HHBW-ggAE,265,0,0,0,
905304e606344aba8c84b83717453f5e,1580,69621,107,54,391,https://www.youtube.com/watch?v=WNMi5rm7G-c,107,54,391,https://www.youtube.com/watch?v=WNMi5rm7G-c,0,0,0,,0,0,0,0,
895f655b68e34434992fe2a9ebbc725a,1580,6549,0,0,0,,0,0,0,,0,0,0,,0,0,0,0,
055f10f2da424da8bfbfe9d01b15fb11,1580,44111,81,53,147,https://www.youtube.com/watch?v=n6YjqFlMmQw,81,53,147,https://www.youtube.com/watch?v=n6YjqFlMmQw,0,0,0,,39,0,0,0,
9a7b7c9c31da44aca5a68395a2e69488,1580,706046,35,19,255,https://www.youtube.com/watch?v=eAoVXKGAx3Y,33,18,255,https://www.youtube.com/watch?v=eAoVXKGAx3Y,86,28,127,https://www.youtube.com/watch?v=pfbP1AZoDrg,114,0,0,0,
95fa8eef249d4edca59594271fedc487,1570,52491,0,0,0,,0,0,0,,0,0,0,,0,0,0,0,
c4fafcb15c694ad5ab88d1948d401e54,1570,82996,89,38,390,https://www.youtube.com/watch?v=fIRToniAHgU,89,38,390,https://www.youtube.com/watch?v=fIRToniAHgU,0,0,0,,174,0,0,0,
5b1bd72acc95440cb3aa381c89cfca3c,1560,90437,374,116,467,https://www.youtube.com/watch?v=vg2grTcaea4,0,0,0,,374,116,467,https://www.youtube.com/watch?v=vg2grTcaea4,0,0,0,0,
a112fc34dd9944a5a15f50c1c078aa3e,1560,126707,92,70,114,https://www.youtube.com/watch?v=sY8Zt5HDl1w,92,70,114,https://www.youtube.com/watch?v=sY8Zt5HDl1w,0,0,0,,0,0,0,0,
94f9966aa28a45e1ab4b94507037d1d7,1560,144206,148,58,274,https://www.youtube.com/watch?v=DxmIivs_Mv4,148,58,274,https://www.youtube.com/watch?v=DxmIivs_Mv4,0,0,0,,0,0,0,0,
1cdbceb7ad414bb59b3a9563a93fe840,1550,64826,227,120,227,https://www.youtube.com/watch?v=lGB9oUQ6k28,227,120,227,https://www.youtube.com/watch?v=lGB9oUQ6k28,0,0,0,,0,0,0,0,
95eabea4e8014fedb5d34ea27137a4ca,1550,129617,98,72,1420,https://www.youtube.com/watch?v=68qDDfVzbm0,94,70,171,https://www.youtube.com/watch?v=ObAgdAJlQCs,1282,508,1420,https://www.youtube.com/watch?v=68qDDfVzbm0,0,0,0,0,
e312462015a2454087c9fe83dd939994,1550,29865,83,48,133,https://www.youtube.com/watch?v=nma4xHGL4cw,83,48,133,https://www.youtube.com/watch?v=nma4xHGL4cw,0,0,0,,0,0,0,0,
904f58005872497b82964fff25490152,1550,22045,0,0,0,,0,0,0,,0,0,0,,190,0,0,0,
e8eb343e61df420bbfa5de7fea1a90b2,1550,0,0,0,0,,0,0,0,,0,0,0,,0,0,0,0,
bf03fd8b5b55481590ea63338c5cdd20,1550,29277,0,0,0,,0,0,0,,0,0,0,,4039,0,0,0,
1be625b10e2f4e65bab5b19d10a4d0b1,1540,18462,0,0,0,,0,0,0,,0,0,0,,0,0,0,0,
cbd9ed35dc0045aa9c57bb9ee14b02e0,1540,693610,12,3,13,https://www.youtube.com/watch?v=0DXZrfOlIfQ,0,0,0,,12,3,13,https://www.youtube.com/watch?v=0DXZrfOlIfQ,0,0,0,0,
e5f4b34c47844699a1c9c6dc3326cf6b,1540,0,0,0,0,,0,0,0,,0,0,0,,66,0,0,0,
1eef416d7ad94b6aa728e10d6da10304,1540,69205,40,23,80,https://www.youtube.com/watch?v=0nSDdsvUEFs,0,0,0,,40,23,80,https://www.youtube.com/watch?v=0nSDdsvUEFs,2036,664,392,664,https://www.twitch.tv/videos/2748666052
ee7cfe445bc84d6fa7fff5df6fbf0d32,1530,45636,72,26,72,https://www.youtube.com/watch?v=NdDeYEd1F7Y,72,26,72,https://www.youtube.com/watch?v=NdDeYEd1F7Y,0,0,0,,732,0,0,0,
e210fb08b0744535a907823fa9f062cc,1530,52812,0,0,0,,0,0,0,,0,0,0,,1208,323,107,582,https://www.twitch.tv/videos/2754001693
260f0fb7a8b1421394c38114230479bb,1520,65390,48,25,154,https://www.youtube.com/watch?v=1q_YWST60ak,48,25,154,https://www.youtube.com/watch?v=1q_YWST60ak,0,0,0,,141,21,17,30,https://www.twitch.tv/videos/2753486612
d57b7459ef5949ef96672a96fb33d8a2,1520,62970,106,88,106,https://www.youtube.com/watch?v=Hi61rxSbToo,106,88,106,https://www.youtube.com/watch?v=Hi61rxSbToo,0,0,0,,1100,274,185,404,https://www.twitch.tv/videos/2750966249
c6ce333916b446d48d27be05df1a218e,1510,30841,69,34,90,https://www.youtube.com/watch?v=8OTZBKPAvAQ,69,34,90,https://www.youtube.com/watch?v=8OTZBKPAvAQ,0,0,0,,552,33,25,57,https://www.twitch.tv/videos/2758275236
eaa1d55ba99c40ce82413701233efdbd,1510,60384,41,25,71,https://www.youtube.com/watch?v=bQjp8YrGELs,41,25,71,https://www.youtube.com/watch?v=bQjp8YrGELs,0,0,0,,0,0,0,0,
8d65d936f3c7411ab8a812d7ebc70cdf,1510,27247,0,0,0,,0,0,0,,0,0,0,,238,0,0,0,
d70830a282b9446f89bc9d82c88b8db3,1510,133215,0,0,0,,0,0,0,,0,0,0,,265,0,0,0,
c506f1ab266f47e2be683220533a4790,1510,43188,38,21,187,https://www.youtube.com/watch?v=Xf_D35NPgWc,25,18,51,https://www.youtube.com/watch?v=0nxYTHkrhXM,133,39,187,https://www.youtube.com/watch?v=Xf_D35NPgWc,0,0,0,0,
b88e19a358b843068cd5bd7ec103d521,1510,133838,145,82,1244,https://www.youtube.com/watch?v=19zf10dlmtI,142,73,171,https://www.youtube.com/watch?v=lRJbqrTwxeo,1244,852,1244,https://www.youtube.com/watch?v=19zf10dlmtI,0,0,0,0,
076c16fcd0c843c0b70748712d15f233,1510,30485,138,113,1075,https://www.youtube.com/watch?v=SulYGe4tHP0,138,57,1075,https://www.youtube.com/watch?v=SulYGe4tHP0,168,149,206,https://www.youtube.com/watch?v=_3ngDg6ZWOE,0,0,0,0,
2ead897ab38c4530aeeb69a2f02da623,1500,69091,99,56,529,https://www.youtube.com/watch?v=KmfBz3--0bk,99,56,401,https://www.youtube.com/watch?v=-4Ak9u3REOo,301,89,529,https://www.youtube.com/watch?v=KmfBz3--0bk,0,0,0,0,
02dadd7977b8412b99f101241de4cb3f,1500,77992,33,13,77,https://www.youtube.com/watch?v=5HVPv0fo7XU,33,13,77,https://www.youtube.com/watch?v=5HVPv0fo7XU,0,0,0,,1074,89,58,133,https://www.twitch.tv/videos/2748616287
dcc5b43448044231a3a8710d144b2602,1500,130057,139,80,213,https://www.youtube.com/watch?v=1tOBX705dCU,139,80,213,https://www.youtube.com/watch?v=1tOBX705dCU,0,0,0,,0,0,0,0,
5ce810e28ea54f5bacd55573589f4e4e,1500,99273,42,29,79,https://www.youtube.com/watch?v=uU9S4Df6S94,42,29,79,https://www.youtube.com/watch?v=uU9S4Df6S94,0,0,0,,0,0,0,0,
b8ce93818de34a93901147e5d9857170,1490,85824,0,0,0,,0,0,0,,0,0,0,,0,0,0,0,
6db0d51e6ac9410f84f79e57448b8a60,1490,148236,161,85,249,https://www.youtube.com/watch?v=YS6WuXEZv-o,161,85,249,https://www.youtube.com/watch?v=YS6WuXEZv-o,0,0,0,,0,0,0,0,
91025114208d41b2bff535d6e277017e,1490,65756,49,30,63,https://www.youtube.com/watch?v=IVdm6LIM_18,49,30,63,https://www.youtube.com/watch?v=IVdm6LIM_18,0,0,0,,0,0,0,0,
6d61885259b744a28c7b92c0785e8fe9,1490,0,0,0,0,,0,0,0,,0,0,0,,854,0,0,0,
489752f0b42c49b785d43f1207429983,1490,44161,47,42,47,https://www.youtube.com/watch?v=hPbMI6x2V8U,47,42,47,https://www.youtube.com/watch?v=hPbMI6x2V8U,0,0,0,,0,0,0,0,
4c466d73397a4899b4ca26f90aaf57ad,1490,159053,1135,428,1507,https://www.youtube.com/watch?v=PNj-Rs2FkUQ,0,0,0,,1135,428,1507,https://www.youtube.com/watch?v=PNj-Rs2FkUQ,167,22,11,40,https://www.twitch.tv/videos/2746987568
bd04e64364a545d39069ab05e09c8156,1490,77173,0,0,0,,0,0,0,,0,0,0,,0,0,0,0,
a881100803aa4abc84dc3cc814dca0e7,1490,53902,70,8,2780,https://www.youtube.com/watch?v=wJ4klUjQQsI,58,4,70,https://www.youtube.com/watch?v=UMjsR70-ciI,2780,1635,2780,https://www.youtube.com/watch?v=wJ4klUjQQsI,0,0,0,0,
12f51c457b27425fa98fe89c24ccb61c,1490,29173,0,0,0,,0,0,0,,0,0,0,,0,0,0,0,
d62ad85ae5434754bc4f9f366815064a,1480,44888,0,0,0,,0,0,0,,0,0,0,,0,0,0,0,
77829b31e6e246efbf1f648a353ff823,1480,256363,180,101,1534,https://www.youtube.com/watch?v=J0T-J7iz9Bo,149,95,1060,https://www.youtube.com/watch?v=d_m516Yjpiw,1192,126,1534,https://www.youtube.com/watch?v=J0T-J7iz9Bo,0,0,0,0,
3cf7289a95834ae1a25d4cb2909a1a9e,1480,50674,0,0,0,,0,0,0,,0,0,0,,0,0,0,0,
1be04e1564c34845bee20467cdb8cfd1,1470,121205,0,0,0,,0,0,0,,0,0,0,,0,0,0,0,
356186a5552f499baab4ac520b7d4235,1470,89750,136,74,1880,https://www.youtube.com/watch?v=H_EGCsM6pL4,122,65,167,https://www.youtube.com/watch?v=5K_MHNLbVII,681,420,1880,https://www.youtube.com/watch?v=H_EGCsM6pL4,0,0,0,0,
2131a63328214b7f9a1022dae6890d66,1470,79137,59,32,196,https://www.youtube.com/watch?v=CL3BujKMoaQ,59,32,196,https://www.youtube.com/watch?v=CL3BujKMoaQ,0,0,0,,358,0,0,0,
2cc874f341184fb799b01c399477c0b4,1460,64375,122,76,122,https://www.youtube.com/watch?v=UkNLSYQIGeI,122,76,122,https://www.youtube.com/watch?v=UkNLSYQIGeI,0,0,0,,152,0,0,0,
091ac99f10804fe3b417a0f285731b4e,1460,201,101,36,143,https://www.youtube.com/watch?v=HQNjD8uJxSo,101,36,143,https://www.youtube.com/watch?v=HQNjD8uJxSo,0,0,0,,468,0,0,0,
687568c1c9254c8ab34e7b6efbdd6dbc,1450,200368,71,36,75,https://www.youtube.com/watch?v=yWP3tbicvMA,71,36,75,https://www.youtube.com/watch?v=yWP3tbicvMA,0,0,0,,0,0,0,0,
fcb4d9b8cd4a49dba6b421d97c179065,1450,66258,0,0,0,,0,0,0,,0,0,0,,1204,250,160,254,https://www.twitch.tv/videos/2749655042
8044e4d538ab4e16b1952c8e42dee12e,1450,139551,52,25,175,https://www.youtube.com/watch?v=-gNp5cQA95E,45,24,175,https://www.youtube.com/watch?v=-gNp5cQA95E,99,87,99,https://www.youtube.com/watch?v=KjPpiN9yHes,0,0,0,0,
a2188c1a225e4f93a64e3385fa02d779,1450,83107,0,0,0,,0,0,0,,0,0,0,,0,0,0,0,
6e6fd1311d2f42228faa8b1ccb0fa589,1450,76303,74,39,78,https://www.youtube.com/watch?v=x6y6PqPfQPE,74,39,78,https://www.youtube.com/watch?v=x6y6PqPfQPE,0,0,0,,0,0,0,0,
0ec3bf23ccba41659f6d91e424fb2b4a,1440,56607,0,0,0,,0,0,0,,0,0,0,,0,0,0,0,
46ca57774cd7476d86727882d07bd918,1440,69608,102,43,2545,https://www.youtube.com/watch?v=esJROkcEQaU,79,33,102,https://www.youtube.com/watch?v=v0rHh1hdoGk,1641,908,2545,https://www.youtube.com/watch?v=esJROkcEQaU,145,199,163,199,https://www.twitch.tv/videos/2754271159
889bb42644a14ae4af2b3594c51d057b,1440,78946,57,24,180,https://www.youtube.com/watch?v=d-v1YueUqqE,56,22,180,https://www.youtube.com/watch?v=d-v1YueUqqE,103,39,103,https://www.youtube.com/watch?v=orsNzM5Oeb4,0,0,0,0,
0dbf3f6f6521460782992a963122aed0,1440,251845,120,49,1246,https://www.youtube.com/watch?v=ANjbRLwOv9E,120,49,215,https://www.youtube.com/watch?v=5QQEoilCovU,310,44,1246,https://www.youtube.com/watch?v=ANjbRLwOv9E,334,91,61,101,https://www.twitch.tv/videos/2751036059
d3ae105969be4117ade8be2e8d19c008,1430,0,0,0,0,,0,0,0,,0,0,0,,2046,0,0,0,
747fb5e9d30240a1ac42fbf37e86b55d,1430,111618,51,26,252,https://www.youtube.com/watch?v=z108Cqj8qOM,50,14,158,https://www.youtube.com/watch?v=mwwBbvkmqi8,252,207,252,https://www.youtube.com/watch?v=z108Cqj8qOM,415,13,10,21,https://www.twitch.tv/videos/2755039679
5bc1ba6d941e4eca868a5b33425c3262,1430,0,0,0,0,,0,0,0,,0,0,0,,1193,0,0,0,
564b411dc4874310be6f8ee9bb7a0312,1420,99522,0,0,0,,0,0,0,,0,0,0,,0,0,0,0,
2ea398a50afd48c3a9e3a819186a4375,1410,61428,225,108,743,https://www.youtube.com/watch?v=knnit670AyY,225,108,743,https://www.youtube.com/watch?v=knnit670AyY,0,0,0,,150,0,0,0,
d766d15cb84b4aa9b33122097eefff76,1410,0,0,0,0,,0,0,0,,0,0,0,,10769,0,0,0,
58588863643843439cebc85ef72654bb,1410,102145,54,32,265,https://www.youtube.com/watch?v=qX-1KdvK_Vo,53,28,74,https://www.youtube.com/watch?v=3EQROTCDlm4,265,189,265,https://www.youtube.com/watch?v=qX-1KdvK_Vo,0,0,0,0,
aabaf7767fa5449b86f58160496d0d4c,1400,74583,89,36,187,https://www.youtube.com/watch?v=B8TK89Dlk8M,89,36,187,https://www.youtube.com/watch?v=B8TK89Dlk8M,0,0,0,,0,0,0,0,
a7410ae72f2d4648bcf192c21abd7c32,1400,52461,0,0,0,,0,0,0,,0,0,0,,173,0,0,0,
bf425f4bc9154c00918ed885bdced632,1400,82459,182,22,182,https://www.youtube.com/watch?v=z0zhCevbuns,182,22,182,https://www.youtube.com/watch?v=z0zhCevbuns,0,0,0,,0,0,0,0,
6adad1ae67dc495dae88cefa06446593,1400,106773,0,0,0,,0,0,0,,0,0,0,,0,0,0,0,
c6a8cee6b8e042518ef58659113b3f34,1390,69236,139,48,168,https://www.youtube.com/watch?v=0sluICKj5nQ,139,48,168,https://www.youtube.com/watch?v=0sluICKj5nQ,0,0,0,,0,0,0,0,
30f58f5fd3994b9a8751b3f44e543c17,1390,105883,55,51,55,https://www.youtube.com/watch?v=JgmDPSZGnks,55,51,55,https://www.youtube.com/watch?v=JgmDPSZGnks,0,0,0,,0,0,0,0,
acac9c479b4b42ba99d0bdfa2004ee5f,1390,30882,0,0,0,,0,0,0,,0,0,0,,914,0,0,0,
1b6e28ac923f4134a3627badc2fa8ef6,1390,68675,0,0,0,,0,0,0,,0,0,0,,490,0,0,0,
5a901d793927414493afa87af0c4baec,1390,28550,0,0,0,,0,0,0,,0,0,0,,1443,0,0,0,
5356357f112b46db862b472a4aafcee8,1380,44885,152,69,2064,https://www.youtube.com/watch?v=GlfNiwNdgog,152,69,177,https://www.youtube.com/watch?v=Evs4gZy9lL0,164,96,2064,https://www.youtube.com/watch?v=GlfNiwNdgog,1290,30,28,39,https://www.twitch.tv/videos/2757517637
ea8cc7c4366d48c797a88bfbcf584301,1380,35748,0,0,0,,0,0,0,,0,0,0,,156,0,0,0,
e63047f70b0b4a7eba70e7d8cbd507ec,1380,31133,0,0,0,,0,0,0,,0,0,0,,0,0,0,0,
188bbf1349f1482cbd24d06ba720cf17,1380,18383,0,0,0,,0,0,0,,0,0,0,,885,72,44,145,https://www.twitch.tv/videos/2747028080
303c4cd8cf334f01805afdd8df5adc7f,1380,57419,65,31,86,https://www.youtube.com/watch?v=NjgKJL_pi4k,65,31,86,https://www.youtube.com/watch?v=NjgKJL_pi4k,0,0,0,,0,0,0,0,
43056077596a49349ee4bea028f670f6,1380,80727,176,108,183,https://www.youtube.com/watch?v=S5eM8ytnfjg,176,108,183,https://www.youtube.com/watch?v=S5eM8ytnfjg,0,0,0,,305,266,253,266,https://www.twitch.tv/videos/2757433598
aa0d8c2604694532a20aaf0f0ced8a5e,1370,0,0,0,0,,0,0,0,,0,0,0,,2525,0,0,0,
a974047cb6bb412da7fca2ec9d91d882,1370,62497,143,58,6223,https://www.youtube.com/watch?v=aae1cPnMm1o,100,48,143,https://www.youtube.com/watch?v=6xi8ruJZIE8,6223,2453,6223,https://www.youtube.com/watch?v=aae1cPnMm1o,214,176,152,248,https://www.twitch.tv/videos/2754235749
bc77dc55cf9b4be88c878ac4b5c07438,1370,25871,0,0,0,,0,0,0,,0,0,0,,792,235,169,375,https://www.twitch.tv/videos/2749205396
de1fec02e4ab43aa948a415621abc524,1370,88117,0,0,0,,0,0,0,,0,0,0,,0,0,0,0,
9948190bc88442f4a0757eed54fb24f0,1360,30991,212,115,2087,https://www.youtube.com/watch?v=BKidm7HEvTQ,0,0,0,,212,115,2087,https://www.youtube.com/watch?v=BKidm7HEvTQ,224,864,587,3428,https://www.twitch.tv/videos/2755722480
7327248ff3f04589bca9e61665448ae8,1360,47327,0,0,0,,0,0,0,,0,0,0,,312,0,0,0,
6861903583ee45d191ddc03faf6cd0d8,1360,21393,0,0,0,,0,0,0,,0,0,0,,1297,88,69,125,https://www.twitch.tv/videos/2747890558
6f68d3f50edf4814b59a4a018090b180,1360,29604,61,57,61,https://www.youtube.com/watch?v=Rkc4lvqM-Js,61,57,61,https://www.youtube.com/watch?v=Rkc4lvqM-Js,0,0,0,,0,0,0,0,
4d98ebdc4eb8448da8d2ab8f64df8383,1360,1491,1491,929,1491,https://www.youtube.com/watch?v=G6bCefPw-cY,0,0,0,,1491,929,1491,https://www.youtube.com/watch?v=G6bCefPw-cY,155,0,0,0,
e3157ce546a640029cfcccb9107f8154,1350,78380,4,0,8,https://www.youtube.com/watch?v=w9BbqPQk15k,0,0,0,,4,0,8,https://www.youtube.com/watch?v=w9BbqPQk15k,0,0,0,0,
18d1c00e0bde4ddbb8be5eafe0967dfe,1350,76241,0,0,0,,0,0,0,,0,0,0,,0,0,0,0,
61e81c6f534247b486b8125bd34fa960,1350,67380,0,0,0,,0,0,0,,0,0,0,,20178,1450,580,4456,https://www.twitch.tv/videos/2744510572
25b1a8ceab1d439491fb4e98013cd0fc,1350,21969,0,0,0,,0,0,0,,0,0,0,,582,352,65,638,https://www.twitch.tv/videos/2738930048
5903a0f7274043058d817894a9b39e75,1340,31225,7,3,14,https://www.youtube.com/watch?v=t7G1Ik24vi4,0,0,0,,7,3,14,https://www.youtube.com/watch?v=t7G1Ik24vi4,0,0,0,0,
87606e72f653472f9eafb06e8f49c39c,1330,156234,920,728,1829,https://www.youtube.com/watch?v=J5Pr7Bz9Ydg,0,0,0,,920,728,1829,https://www.youtube.com/watch?v=J5Pr7Bz9Ydg,0,0,0,0,
4082168d753e42b7aca1d25e759d09a7,1330,47800,0,0,0,,0,0,0,,0,0,0,,652,0,0,0,
e36d8852a3ed4cb58eb4e863b93ccb4e,1330,365,0,0,0,,0,0,0,,0,0,0,,101,0,0,0,
e15cd068f6fd4a05be985c22133f5428,1330,92344,257,65,259,https://www.youtube.com/watch?v=0Qk_kyT7cd4,257,65,259,https://www.youtube.com/watch?v=0Qk_kyT7cd4,0,0,0,,0,0,0,0,
6ff6adcddc934a3b94e45448e1912539,1330,203377,0,0,0,,0,0,0,,0,0,0,,1878,0,0,0,
4267c862353e410388f1eaa5a5d85017,1320,35848,65,33,142,https://www.youtube.com/watch?v=bSS917MzzUo,65,33,142,https://www.youtube.com/watch?v=bSS917MzzUo,0,0,0,,0,0,0,0,
8968a24fb6bf4f08b1611e694c98eb40,1320,88758,46,20,1375,https://www.youtube.com/watch?v=qULNc-ajCKA,44,20,112,https://www.youtube.com/watch?v=g99sQEkjCOI,1375,644,1375,https://www.youtube.com/watch?v=qULNc-ajCKA,0,0,0,0,
f4eae5dde65b41969336f3f52c6df2d8,1320,111553,114,59,1469,https://www.youtube.com/watch?v=1S0hWLUfw5A,87,35,168,https://www.youtube.com/watch?v=0oAHA6Tc4IA,1421,697,1469,https://www.youtube.com/watch?v=1S0hWLUfw5A,187,0,0,0,
cc641478434a4af8bb042c88f6588b2b,1320,0,0,0,0,,0,0,0,,0,0,0,,0,0,0,0,
eec1f137ea78444185a4268f72f59611,1320,48618,0,0,0,,0,0,0,,0,0,0,,0,0,0,0,
e2df9d4aea8b4cb4b8e38c31cbf73036,1320,50099,0,0,0,,0,0,0,,0,0,0,,0,0,0,0,
b572cb7de27446e3bcda5135f6a23d8a,1320,42128,85,49,1862,https://www.youtube.com/watch?v=_uO0pPPQqxQ,73,32,87,https://www.youtube.com/watch?v=f_YU7tbNr4k,968,739,1862,https://www.youtube.com/watch?v=_uO0pPPQqxQ,0,0,0,0,
9de536d111214c379ec6969a52d92442,1320,74026,48,2,49,https://www.youtube.com/watch?v=DD7DH9Kkas0,48,2,49,https://www.youtube.com/watch?v=DD7DH9Kkas0,0,0,0,,0,0,0,0,
773a7694afcf4666960b05a4faf1a1fa,1310,72434,111,22,126,https://www.youtube.com/watch?v=k9dW8W7p2MY,111,22,126,https://www.youtube.com/watch?v=k9dW8W7p2MY,0,0,0,,0,0,0,0,
521efecabae94dd6b1d21bc5e8543fcb,1310,68267,0,0,0,,0,0,0,,0,0,0,,375,0,0,0,
1e06211caf4f4afa98125699a4c66b5d,1310,0,0,0,0,,0,0,0,,0,0,0,,0,0,0,0,
515f61904a1a45688ea0d7bc1e7d499e,1310,307632,922,371,1510,https://www.youtube.com/watch?v=R3-E3sGMBVw,0,0,0,,922,371,1510,https://www.youtube.com/watch?v=R3-E3sGMBVw,6,0,0,0,
55889d2ac7c34549b9baa54bd5c899f3,1310,0,0,0,0,,0,0,0,,0,0,0,,23,0,0,0,
e9a30300d33f4c2e9b1c3bd1d64148cc,1310,28274,0,0,0,,0,0,0,,0,0,0,,0,0,0,0,
22a83c82e1914eb68b12e76b4ccb277c,1300,47106,52,30,1677,https://www.youtube.com/watch?v=-DLouEd0Ukg,51,28,94,https://www.youtube.com/watch?v=9RN7PkFbVBk,1425,653,1677,https://www.youtube.com/watch?v=-DLouEd0Ukg,0,0,0,0,
ffe6a7983e434702a68fe18c169e3164,1300,52603,71,20,175,https://www.youtube.com/watch?v=X5C5bCrNNHY,71,28,175,https://www.youtube.com/watch?v=X5C5bCrNNHY,18,7,18,https://www.youtube.com/watch?v=4hoMvhkZE0w,398,10,8,11,https://www.twitch.tv/videos/2754933757
506d9c6fdbd34c8aa5fda64d90d96ac2,1300,97738,53,23,197,https://www.youtube.com/watch?v=dyeO05coGPo,53,23,197,https://www.youtube.com/watch?v=dyeO05coGPo,0,0,0,,0,0,0,0,
cd9733cb91b6400aae0bc23e3f25d7eb,1300,36228,0,0,0,,0,0,0,,0,0,0,,0,0,0,0,
f479e1403f614727a5f2a2be339bad74,1290,21303,0,0,0,,0,0,0,,0,0,0,,3585,703,60,703,https://www.twitch.tv/videos/2736279456
a5e5533ac342488a94003dc77869ddf9,1290,65445,58,23,103,https://www.youtube.com/watch?v=QoZLlbAelag,58,23,103,https://www.youtube.com/watch?v=QoZLlbAelag,30,6,30,https://www.youtube.com/watch?v=Ew81gC0GZac,0,0,0,0,
849624dcb99b4abf814b0b748669b6ff,1290,5933,206,19,431,https://www.youtube.com/watch?v=ulh0v43M4L0,206,19,431,https://www.youtube.com/watch?v=ulh0v43M4L0,0,0,0,,0,0,0,0,
0c3b5ae85d2940b8b73a92d72dc0d313,1290,77707,72,27,1422,https://www.youtube.com/watch?v=WlBq_P1abTA,73,28,93,https://www.youtube.com/watch?v=Z3Y12QRqQrc,24,9,1422,https://www.youtube.com/watch?v=WlBq_P1abTA,473,71,64,77,https://www.twitch.tv/videos/2756664756
30a4362c1143491ea0ed5383c4882251,1280,69681,161,74,293,https://www.youtube.com/watch?v=1vZuD25NwT4,161,74,293,https://www.youtube.com/watch?v=1vZuD25NwT4,0,0,0,,0,0,0,0,
bb28421da8a749ffb1ca8582b6278c24,1280,50596,48,19,192,https://www.youtube.com/watch?v=1tk4-n4880M,0,0,0,,48,19,192,https://www.youtube.com/watch?v=1tk4-n4880M,685,204,148,354,https://www.twitch.tv/videos/2749429416
787da9082edb4e9e9024a52cb12449e8,1280,31857,174,80,462,https://www.youtube.com/watch?v=SPkuyoNxA1Q,174,80,462,https://www.youtube.com/watch?v=SPkuyoNxA1Q,0,0,0,,0,0,0,0,
2efe1ad069184a7e94b0583b452ffac4,1280,122378,0,0,0,,0,0,0,,0,0,0,,0,0,0,0,
355d53b23acb4f4697b858ca06b25fb7,1280,400642,28,6,50,https://www.youtube.com/watch?v=o6AWvcABI98,28,6,50,https://www.youtube.com/watch?v=o6AWvcABI98,0,0,0,,0,0,0,0,
6ab090baa4624f1c8fca28312799e826,1280,42899,0,0,0,,0,0,0,,0,0,0,,776,80,63,97,https://www.twitch.tv/videos/2750250842
8fbd23f4e2ad442bb230aea8f433cd49,1280,118944,52,34,3202,https://www.youtube.com/watch?v=oAejAbxRF2I,40,21,86,https://www.youtube.com/watch?v=epUAONlSjmA,1293,454,3202,https://www.youtube.com/watch?v=oAejAbxRF2I,100,15,12,17,https://www.twitch.tv/videos/2752706203
376881e818cc47c2a045ca4cb8361380,1280,21639,0,0,0,,0,0,0,,0,0,0,,1538,0,0,0,
74f214b764314c5aa446eb9981c94935,1270,41962,0,0,0,,0,0,0,,0,0,0,,0,0,0,0,
403697f0f5ba49ef873673236c07e2d3,1270,74499,62,28,2283,https://www.youtube.com/watch?v=9z8InzyLfEQ,62,18,136,https://www.youtube.com/watch?v=P4qvVOaQmiY,2283,345,2283,https://www.youtube.com/watch?v=9z8InzyLfEQ,137,51,26,126,https://www.twitch.tv/videos/2753551836
d4e45d5ea1bf4a3a887b9f99ef60fda3,1270,1339,0,0,0,,0,0,0,,0,0,0,,0,0,0,0,
e5433e4a21eb49e2bcd508e3b12fba6d,1270,10581,0,0,0,,0,0,0,,0,0,0,,187,22,12,22,https://www.twitch.tv/videos/2748630674
9cd7391045604ccda8be89f7946233e2,1270,1781,0,0,0,,0,0,0,,0,0,0,,81,38,34,42,https://www.twitch.tv/videos/2756620234
de49994d9fd14067bf9ea5b4fbac7229,1260,32691,267,71,399,https://www.youtube.com/watch?v=0qNkkAwfcQw,267,71,399,https://www.youtube.com/watch?v=0qNkkAwfcQw,0,0,0,,419,0,0,0,
9133438057714eb196366f5ecbed6a4a,1260,385971,1055,461,6376,https://www.youtube.com/watch?v=cRcF0HfW9fY,0,0,0,,1055,461,6376,https://www.youtube.com/watch?v=cRcF0HfW9fY,0,0,0,0,
3daee44c0bab401386813cff327a10a2,1260,130198,244,118,2876,https://www.youtube.com/watch?v=72GvOPbYNwg,198,52,733,https://www.youtube.com/watch?v=EFQxuD1A8qc,1225,282,2876,https://www.youtube.com/watch?v=72GvOPbYNwg,0,0,0,0,
e6794eac6ea541c5a9e5570a041ac3b9,1260,41561,0,0,0,,0,0,0,,0,0,0,,1217,0,0,0,
5d73e7f013034d06b58decaf4b2b385c,1250,27870,0,0,0,,0,0,0,,0,0,0,,0,0,0,0,
948d1078ceaf4b39b3bef86fdab85482,1250,13477,0,0,0,,0,0,0,,0,0,0,,0,0,0,0,
afe78c5051094e86bf9fdfe6cb2a4222,1250,58389,0,0,0,,0,0,0,,0,0,0,,0,0,0,0,
a45c0a929a504afa9afee5c56bc9b959,1240,42647,194,80,3089,https://www.youtube.com/watch?v=mXn6i39vzxc,172,76,476,https://www.youtube.com/watch?v=OIf5GZhbWPA,2506,1286,3089,https://www.youtube.com/watch?v=mXn6i39vzxc,0,0,0,0,
21c774c9133043baaf8d283705cd9093,1240,33149,235,132,1081,https://www.youtube.com/watch?v=OuaG7KqxXTM,214,96,535,https://www.youtube.com/watch?v=Fl343r58Evw,783,343,1081,https://www.youtube.com/watch?v=OuaG7KqxXTM,0,0,0,0,
648d77b2067849838a8ad3fdc0afb85a,1240,5688,0,0,0,,0,0,0,,0,0,0,,1399,304,249,570,https://www.twitch.tv/videos/2755663877
7f7e1579979c49249dc65783d457e890,1240,33359,47,3,47,https://www.youtube.com/watch?v=ZQ5XxF6Jl7M,47,3,47,https://www.youtube.com/watch?v=ZQ5XxF6Jl7M,0,0,0,,441,0,0,0,
aa72818fdcaf460b9b3f90e92d702e57,1240,25360,1826,1590,2762,https://www.youtube.com/watch?v=qKy8ONLHrC8,0,0,0,,1826,1590,2762,https://www.youtube.com/watch?v=qKy8ONLHrC8,7136,4771,2294,9045,https://www.twitch.tv/videos/2747873193
d4b4a16e0ccc4bb49ff82c8584e6ed79,1230,42669,0,0,0,,0,0,0,,0,0,0,,0,0,0,0,
7a9b7ab0d5bd411195d77800ff778a90,1230,249551,294,174,130983,https://www.youtube.com/watch?v=qy1D5TcxB9M,0,0,0,,294,174,130983,https://www.youtube.com/watch?v=qy1D5TcxB9M,66,0,0,0,
c2012638512742e2801d0ced54f61711,1230,60229,0,0,0,,0,0,0,,0,0,0,,0,0,0,0,
e290f49c193149708cd72747639d5ced,1230,70523,278,77,585,https://www.youtube.com/watch?v=Gl9LiebYQMw,278,77,585,https://www.youtube.com/watch?v=Gl9LiebYQMw,0,0,0,,0,0,0,0,
6df15d678de844d1a7f08226c02d6183,1230,8546,0,0,0,,0,0,0,,0,0,0,,0,0,0,0,
be56f6cf87ab4da7b132b9d62c74bc2e,1220,37540,0,0,0,,0,0,0,,0,0,0,,0,0,0,0,
7441319fa18e4556a8ee9ef4e6396ee0,1220,116687,59,28,127,https://www.youtube.com/watch?v=NKnFaiKLor4,59,27,127,https://www.youtube.com/watch?v=NKnFaiKLor4,88,60,88,https://www.youtube.com/watch?v=zyAH6CIPun4,0,0,0,0,
d3e4f9bdbb6c42fc97b60148cefdb6e0,1220,32564,0,0,0,,0,0,0,,0,0,0,,5489,2724,1304,5054,https://www.twitch.tv/videos/2750309150
2f966e51210f49ba9dce2ac90e3ada18,1220,21586,0,0,0,,0,0,0,,0,0,0,,865,0,0,0,
a8b244b0fb1f42f8b4bb3d3c2277de3b,1220,115880,0,0,0,,0,0,0,,0,0,0,,4622,539,229,3243,https://www.twitch.tv/videos/2758199618
d4bea738b4d548b788ddb590b62cc2bd,1220,140603,284,36,1644,https://www.youtube.com/watch?v=4sSukNsQg4o,96,31,906,https://www.youtube.com/watch?v=2S06S3OHE3Y,1603,196,1644,https://www.youtube.com/watch?v=4sSukNsQg4o,0,0,0,0,
0b8d1c0fa1b14df6821e85def645425e,1220,98354,96,25,250,https://www.youtube.com/watch?v=4Xyx7qtb3Ig,94,24,119,https://www.youtube.com/watch?v=DB3DboY8vcc,250,178,250,https://www.youtube.com/watch?v=4Xyx7qtb3Ig,165,0,0,0,
9b424d3a99ef4fc3b17bc7fef92fefd3,1220,79384,26,12,2996,https://www.youtube.com/watch?v=LADm6BycZFg,18,9,53,https://www.youtube.com/watch?v=mPd8TgwUGVc,980,465,2996,https://www.youtube.com/watch?v=LADm6BycZFg,379,0,0,0,
497385ad229548cdb0c80d89b70d050f,1210,105002,0,0,0,,0,0,0,,0,0,0,,0,0,0,0,
310c827bd2b34fa58413b09453226ee9,1210,0,0,0,0,,0,0,0,,0,0,0,,0,0,0,0,
0f74555e05794780adc4eb0b9096f727,1210,15092,51,24,98,https://www.youtube.com/watch?v=yMULOG5DCTY,51,24,98,https://www.youtube.com/watch?v=yMULOG5DCTY,0,0,0,,110,0,0,0,
d23dbc9d1db64c42821697d1bac8fb66,1210,105307,188,98,3174,https://www.youtube.com/watch?v=tnAd_vr2el0,131,78,188,https://www.youtube.com/watch?v=7mZc21MlzDM,1267,570,3174,https://www.youtube.com/watch?v=tnAd_vr2el0,0,0,0,0,
3430389926a942cbacde9b444b3a6653,1210,50827,0,0,0,,0,0,0,,0,0,0,,1034,0,0,0,
af34d62a8f4e4ca180c11f11c2832893,1210,39658,0,0,0,,0,0,0,,0,0,0,,0,0,0,0,
e308f7f536c8462baf851d52cdff7fb9,1210,40093,0,0,0,,0,0,0,,0,0,0,,0,0,0,0,
b80c21b76e7849f0a0fa94194fe2ad4b,1210,19895,0,0,0,,0,0,0,,0,0,0,,1134,0,0,0,
a4d4a2a3d7b648be9aa4d652ae592a4b,1210,101521,1580,422,2577,https://www.youtube.com/watch?v=w3ou-2PYF28,0,0,0,,1580,422,2577,https://www.youtube.com/watch?v=w3ou-2PYF28,116,0,0,0,
4071b27c63424e1f9882ebe04a884586,1200,43813,2098,1577,2098,https://www.youtube.com/watch?v=K1RXSwTb-ok,0,0,0,,2098,1577,2098,https://www.youtube.com/watch?v=K1RXSwTb-ok,5992,1467,676,1611,https://www.twitch.tv/videos/2738508135
03c9d83a4c534b65a5743b381eb2ce33,1200,35936,35,27,35,https://www.youtube.com/watch?v=dlOW314lLQw,35,27,35,https://www.youtube.com/watch?v=dlOW314lLQw,0,0,0,,691,0,0,0,
8a68997a04594f3495ff2cb00a7da6d8,1200,79960,708,15,708,https://www.youtube.com/watch?v=jYq-l9d6SWg,0,0,0,,708,15,708,https://www.youtube.com/watch?v=jYq-l9d6SWg,1934,1289,980,2019,https://www.twitch.tv/videos/2756489809
21a80fdbdff448b98102b0d8ffa70888,1200,187,0,0,0,,0,0,0,,0,0,0,,0,0,0,0,
ccf93d7646f249dfa3454f5a60f466c8,1200,42307,0,0,0,,0,0,0,,0,0,0,,117,0,0,0,
c15d8ca6249341d88086f2a9a2359812,1200,262649,1560,909,128642,https://www.youtube.com/watch?v=277Ij74qu2g,0,0,0,,1560,909,128642,https://www.youtube.com/watch?v=277Ij74qu2g,0,0,0,0,
82d5f7612b7645f3a77dd954a0e30b24,1200,34101,0,0,0,,0,0,0,,0,0,0,,0,0,0,0,
c587658ad4fe44b09137591c094ab297,1200,114645,154,67,484,https://www.youtube.com/watch?v=MpOptILZib8,153,67,257,https://www.youtube.com/watch?v=TnNeTyoAXnQ,484,61,484,https://www.youtube.com/watch?v=MpOptILZib8,32,0,0,0,
0446516df6074a4ba8a0f3639b17de46,1190,58153,1572,1085,1572,https://www.youtube.com/watch?v=0qDkc7Q9jS0,0,0,0,,1572,1085,1572,https://www.youtube.com/watch?v=0qDkc7Q9jS0,0,0,0,0,
7b46621c7baf437da117a6c10c856292,1190,20626,73,33,116,https://www.youtube.com/watch?v=yLMcjHKYAHE,73,33,116,https://www.youtube.com/watch?v=yLMcjHKYAHE,0,0,0,,0,0,0,0,
921b0b3a8dd64a5494720801af95ba06,1190,79868,42,13,74,https://www.youtube.com/watch?v=lb2BOtFaIk0,42,13,74,https://www.youtube.com/watch?v=lb2BOtFaIk0,0,0,0,,0,0,0,0,
6e845fd52d044ab598cc4ca35ba91f88,1180,7760,0,0,0,,0,0,0,,0,0,0,,0,0,0,0,
f2ca2659644f4d02abc851e7bee3255b,1180,16341,0,0,0,,0,0,0,,0,0,0,,2119,860,579,1066,https://www.twitch.tv/videos/2758136623
a09298c0b6ab4dcda7cfe945f47f445f,1180,0,0,0,0,,0,0,0,,0,0,0,,0,0,0,0,
9cdf183fa1ee43c2906cca70884a6278,1180,24491,0,0,0,,0,0,0,,0,0,0,,0,0,0,0,
fe555b322c784b5b9c2297c585bc9352,1170,37410,89,65,89,https://www.youtube.com/watch?v=vJp8vDa5tIY,89,65,89,https://www.youtube.com/watch?v=vJp8vDa5tIY,0,0,0,,0,0,0,0,
3b9a06751f3c415993d424480d4d5060,1170,138965,65,28,70,https://www.youtube.com/watch?v=eeXBcMbTuU4,65,28,70,https://www.youtube.com/watch?v=eeXBcMbTuU4,0,0,0,,0,0,0,0,
870430bfaf9942f487819fcb4630fabb,1170,703,370,86,370,https://www.youtube.com/watch?v=gVt5z4dCu3s,370,86,370,https://www.youtube.com/watch?v=gVt5z4dCu3s,0,0,0,,1240,193,171,506,https://www.twitch.tv/videos/2750095950
07c204505d544b28bb52426d0665a59c,1170,55047,133,96,2182,https://www.youtube.com/watch?v=NHLKU01Xu9s,165,102,598,https://www.youtube.com/watch?v=ZTxn1gY79SQ,114,43,2182,https://www.youtube.com/watch?v=NHLKU01Xu9s,0,0,0,0,
ac5176c53ad7447b8d63f82f65ba7200,1170,56408,0,0,0,,0,0,0,,0,0,0,,2556,0,0,0,
74c75f221fbb4cffa67de26881bae17d,1170,81189,0,0,0,,0,0,0,,0,0,0,,0,0,0,0,
99e9616a2f73426d8c0a672dd20d9ad3,1160,219398,63,15,63,https://www.youtube.com/watch?v=t16wRq1J6gk,63,15,63,https://www.youtube.com/watch?v=t16wRq1J6gk,0,0,0,,62,0,0,0,
507d48eff3d44b6cba7b707e321e01e7,1160,62308,0,0,0,,0,0,0,,0,0,0,,630,0,0,0,
20bfe5495db6453eaadbc55322c856f9,1160,38632,0,0,0,,0,0,0,,0,0,0,,0,0,0,0,
4c4ebb91c8a346b2876d1ccd1a32dead,1160,58283,86,31,231,https://www.youtube.com/watch?v=9eB5VT-sKEo,81,33,231,https://www.youtube.com/watch?v=9eB5VT-sKEo,130,16,130,https://www.youtube.com/watch?v=A0fbScqun6A,438,22,12,22,https://www.twitch.tv/videos/2748648283
01871d8239314affaf7032899ce6502f,1150,295192,0,0,0,,0,0,0,,0,0,0,,0,0,0,0,
f227226fd52e4fbe801b4c89acfe4887,1150,33616,64,40,99,https://www.youtube.com/watch?v=15C8EFZT5nU,64,40,99,https://www.youtube.com/watch?v=15C8EFZT5nU,0,0,0,,619,0,0,0,
90405cb21f7743639684632f6bc57a46,1150,6637,0,0,0,,0,0,0,,0,0,0,,0,0,0,0,
492582e14bd0480eb5c847e6240f020b,1150,75531,53,29,555,https://www.youtube.com/watch?v=DYH3qzysoQI,57,36,555,https://www.youtube.com/watch?v=DYH3qzysoQI,38,8,38,https://www.youtube.com/watch?v=UzIUIkoly14,0,0,0,0,
7e1072448d24495f8cac5163c0290989,1150,37913,57,20,57,https://www.youtube.com/watch?v=9BbGinT9FZw,57,20,57,https://www.youtube.com/watch?v=9BbGinT9FZw,0,0,0,,200,0,0,0,
d4c077fa180a460cabadc4e2838d1855,1150,58796,0,0,0,,0,0,0,,0,0,0,,0,0,0,0,
aab094af87d74f3cbcb332bdac03fa23,1140,23655,0,0,0,,0,0,0,,0,0,0,,0,0,0,0,
702c28baa35c4b7588ad4fa70ddc2304,1140,32578,2780,1814,10276,https://www.youtube.com/watch?v=9sYJkRb4XH4,0,0,0,,2780,1814,10276,https://www.youtube.com/watch?v=9sYJkRb4XH4,0,0,0,0,
d7e9a44c2bbe439b9f062d64dc1b96f3,1140,67267,82,44,151,https://www.youtube.com/watch?v=ZZDxL-qUGO0,82,44,151,https://www.youtube.com/watch?v=ZZDxL-qUGO0,0,0,0,,121,0,0,0,
f97745a8003c480fa728cf34d61afc6c,1140,66756,638,23,1619,https://www.youtube.com/watch?v=BMtf6z4C6wg,0,0,0,,638,23,1619,https://www.youtube.com/watch?v=BMtf6z4C6wg,0,0,0,0,
956591dc2e40411688b8f8e3079bc5e3,1140,119030,272,52,497,https://www.youtube.com/watch?v=lpZDhKD7qlI,272,52,497,https://www.youtube.com/watch?v=lpZDhKD7qlI,0,0,0,,0,0,0,0,
4e7110080135486ba1d83d3e5cdbf0ca,1140,14894,0,0,0,,0,0,0,,0,0,0,,429,0,0,0,
c964cb46cc9d411aaca372f9e459d2dc,1140,53615,0,0,0,,0,0,0,,0,0,0,,237,0,0,0,
1f378a6e115046ffa1a17f9079285d4a,1140,34344,68,27,107,https://www.youtube.com/watch?v=3Fqver50pWQ,68,27,107,https://www.youtube.com/watch?v=3Fqver50pWQ,0,0,0,,87,0,0,0,
3d33f15ad27c406abfd68d6c16e0b53d,1130,68222,0,0,0,,0,0,0,,0,0,0,,0,0,0,0,
4bdf9ee9f53f4785b37a9d9dbd2a0da8,1130,64949,11,4,61,https://www.youtube.com/watch?v=AuKPcZjOJ-s,0,0,0,,11,4,61,https://www.youtube.com/watch?v=AuKPcZjOJ-s,0,0,0,0,
902740b39aed4b3cb381701c96a73f3a,1130,53479,97,31,392,https://www.youtube.com/watch?v=J1tYAxCRuks,100,32,392,https://www.youtube.com/watch?v=J1tYAxCRuks,41,7,41,https://www.youtube.com/watch?v=1F-hOT1UHxY,219,21,20,96,https://www.twitch.tv/videos/2750052380
853afd5eb42e4f61bb0f9478aa8c1661,1130,0,0,0,0,,0,0,0,,0,0,0,,0,0,0,0,
5f9ded46df28474bbd1470d761700f30,1130,653511,0,0,0,,0,0,0,,0,0,0,,834,0,0,0,
a5c12a1268af408c9a3ed6adbb72c53c,1130,69737,72,13,72,https://www.youtube.com/watch?v=R3k_q9EIchU,0,0,0,,72,13,72,https://www.youtube.com/watch?v=R3k_q9EIchU,0,0,0,0,
0b0668c6206c4500bdcbc281ee58680c,1130,39416,44,32,100,https://www.youtube.com/watch?v=XXDUReDnoeo,44,32,100,https://www.youtube.com/watch?v=XXDUReDnoeo,0,0,0,,2918,0,0,0,
fff74fa431cd4468b177675010504ee1,1130,17150,225,71,225,https://www.youtube.com/watch?v=aNXud_i2WRQ,0,0,0,,225,71,225,https://www.youtube.com/watch?v=aNXud_i2WRQ,374,39,30,77,https://www.twitch.tv/videos/2750210081
01fc7842da284adaad67d3774a4b2a6c,1130,17719,57,39,66,https://www.youtube.com/watch?v=fgVbpMQfGEM,57,39,66,https://www.youtube.com/watch?v=fgVbpMQfGEM,0,0,0,,0,0,0,0,
15bc73fc2acf4a7695bab31fdea450f0,1120,39406,67,11,67,https://www.youtube.com/watch?v=NwafhF7P-1A,67,11,67,https://www.youtube.com/watch?v=NwafhF7P-1A,0,0,0,,0,0,0,0,
d29682522104427fb366fa19a0521bc3,1120,19376,0,0,0,,0,0,0,,0,0,0,,494,0,0,0,
b0b9e352f71d4a03ace9972ddec4ec56,1120,41461,74,27,74,https://www.youtube.com/watch?v=N4CkT8JRLLA,74,27,74,https://www.youtube.com/watch?v=N4CkT8JRLLA,0,0,0,,0,0,0,0,
5226367de740445789ec9b65a84d65c5,1120,178449,46,27,539,https://www.youtube.com/watch?v=nim3JeNCNrw,37,13,47,https://www.youtube.com/watch?v=UILnNQepCj8,361,207,539,https://www.youtube.com/watch?v=nim3JeNCNrw,279,0,0,0,
798dda88504941b08a086b309c81b4ef,1120,4471,0,0,0,,0,0,0,,0,0,0,,0,0,0,0,
99f95450781349058c1c4098d6fe9f41,1120,72878,0,0,0,,0,0,0,,0,0,0,,0,0,0,0,
381bb87f90794f2a909775a87c192dc5,1110,108820,0,0,0,,0,0,0,,0,0,0,,10443,350,139,38937,https://www.twitch.tv/videos/2739743365
49f14b84269f458099232c2a21b2ba74,1110,31845,0,0,0,,0,0,0,,0,0,0,,0,0,0,0,
12f8dc82bc0d4f89bfbd7ede76ab1faf,1110,23920,1812,1185,7490,https://www.youtube.com/watch?v=yNcANpcr-6U,304,285,304,https://www.youtube.com/watch?v=D29IKPYIJjA,2089,1567,7490,https://www.youtube.com/watch?v=yNcANpcr-6U,0,0,0,0,
46a8009adbca4aa083af580b50b69306,1110,24444,18,12,27,https://www.youtube.com/watch?v=ZLPI4XWjdm0,18,12,27,https://www.youtube.com/watch?v=ZLPI4XWjdm0,0,0,0,,495,13,8,16,https://www.twitch.tv/videos/2751778608
c2b9638d8dd54888a91caa8a67366907,1110,20578,0,0,0,,0,0,0,,0,0,0,,2568,158,121,648,https://www.twitch.tv/videos/2757397201
5d02c4219e484617979165267cbd8d7f,1100,7419,0,0,0,,0,0,0,,0,0,0,,8,0,0,0,
869d9d9067b64dd78418cc258cb6607b,1100,69425,113,52,615,https://www.youtube.com/watch?v=UBItF7MeFEA,120,55,615,https://www.youtube.com/watch?v=UBItF7MeFEA,71,9,71,https://www.youtube.com/watch?v=FCiQ7YxC86w,872,304,208,394,https://www.twitch.tv/videos/2755021021
62080edda26345efbf8bc2bab0ab4136,1100,31110,0,0,0,,0,0,0,,0,0,0,,0,0,0,0,
971c91b32e9b4e1abfdafe711cb9e440,1100,49357,0,0,0,,0,0,0,,0,0,0,,0,0,0,0,
5aaaa518ae674ae1a1162e8454a460f9,1100,23372,0,0,0,,0,0,0,,0,0,0,,1400,0,0,0,
6abc6d7010ed4b7a88b2566b171c9005,1100,31153,95,55,423,https://www.youtube.com/watch?v=xtwvqpKypVs,95,55,423,https://www.youtube.com/watch?v=xtwvqpKypVs,0,0,0,,0,0,0,0,
ec9a791b8152478b95858b199b866ef9,1100,44605,0,0,0,,0,0,0,,0,0,0,,380,0,0,0,
e212d468e3e64ad5b8f22f61bc4e06f7,1100,34145,0,0,0,,0,0,0,,0,0,0,,0,0,0,0,
43acb25e255340d09b50283f0308d1ff,1100,524292,25,20,47,https://www.youtube.com/watch?v=nzjfnGPRmPg,25,20,47,https://www.youtube.com/watch?v=nzjfnGPRmPg,0,0,0,,0,0,0,0,
d475848a566848dc9f6ad02707d87e2a,1100,140054,77,39,184,https://www.youtube.com/watch?v=t2kTURmdiVQ,77,37,184,https://www.youtube.com/watch?v=t2kTURmdiVQ,83,51,83,https://www.youtube.com/watch?v=WOHx0xTPpus,0,0,0,0,
3410ce8f1b78487f8025485a6c09b1b8,1100,34010,0,0,0,,0,0,0,,0,0,0,,0,0,0,0,
9bf758b113b048bc9331f244b619e4b2,1100,81210,255,188,1922,https://www.youtube.com/watch?v=hq1SQnx54K0,39,12,71,https://www.youtube.com/watch?v=DBVi55Aj6co,335,218,1922,https://www.youtube.com/watch?v=hq1SQnx54K0,271,0,0,0,
b4b4fcedc8264cb5b90584935aebf110,1100,41866,173,53,267,https://www.youtube.com/watch?v=JcbwHIqI_3I,173,53,267,https://www.youtube.com/watch?v=JcbwHIqI_3I,0,0,0,,262,0,0,0,
66d986eaa59347b0b18c5ed103cb173e,1100,54803,79,45,225,https://www.youtube.com/watch?v=dhrqDgiIVwc,79,45,225,https://www.youtube.com/watch?v=dhrqDgiIVwc,0,0,0,,0,0,0,0,
46388caf23e34f09b145fff0fa25b897,1090,33078,0,0,0,,0,0,0,,0,0,0,,886,281,201,468,https://www.twitch.tv/videos/2752690546
8d67810b612540a0ad928179c1f9a4ee,1090,18582,0,0,0,,0,0,0,,0,0,0,,482,177,147,371,https://www.twitch.tv/videos/2756790122
4b9b64309ea0491bbde3b86b6c34bdd0,1090,70188,150,51,162,https://www.youtube.com/watch?v=FVSIYLS5ktE,150,51,162,https://www.youtube.com/watch?v=FVSIYLS5ktE,0,0,0,,0,0,0,0,
a1ef171711404951a987f4c9bc5e64f0,1090,80653,209,136,1290,https://www.youtube.com/watch?v=9_6FI88IgeQ,98,69,165,https://www.youtube.com/watch?v=UOMyKORRMXQ,1139,811,1290,https://www.youtube.com/watch?v=9_6FI88IgeQ,0,0,0,0,
f5838bbd59cf4922897b71efe3dc25af,1090,2301,0,0,0,,0,0,0,,0,0,0,,892,0,0,0,
ffaf6da580a44e11bba9715e3c854958,1090,60963,60,23,173,https://www.youtube.com/watch?v=YofgP_-TMm4,60,23,173,https://www.youtube.com/watch?v=YofgP_-TMm4,0,0,0,,196,0,0,0,
fa83a68ebfff419983124d69373ede6f,1090,190455,1130,788,2028,https://www.youtube.com/watch?v=LaXS1E7TlRw,133,106,155,https://www.youtube.com/watch?v=3vHDREcvztg,1206,918,2028,https://www.youtube.com/watch?v=LaXS1E7TlRw,2018,256,170,623,https://www.twitch.tv/videos/2746961059
70af0f70b6284690a524eb87aaa1d296,1090,71839,0,0,0,,0,0,0,,0,0,0,,4816,4949,1594,9141,https://www.twitch.tv/videos/2737944917
238b751368474f798a737e7cf1f4a87b,1090,45729,31,9,71,https://www.youtube.com/watch?v=hT9KJqy8sK0,31,9,71,https://www.youtube.com/watch?v=hT9KJqy8sK0,0,0,0,,2089,114,63,118,https://www.twitch.tv/videos/2747026459
83f4ec63112c46d1801fc596894c3e47,1090,41133,0,0,0,,0,0,0,,0,0,0,,0,0,0,0,
7aca9b05fe654223a3702531383002a8,1090,7272,0,0,0,,0,0,0,,0,0,0,,2851,319,228,871,https://www.twitch.tv/videos/2756609391
aa1bb853e814428eb663082b28309309,1090,33313,102,53,753,https://www.youtube.com/watch?v=2TeB8YYjWfE,95,50,187,https://www.youtube.com/watch?v=XVyK4Wc0wns,573,149,753,https://www.youtube.com/watch?v=2TeB8YYjWfE,0,0,0,0,
fb7ced3cc6c247928ce1bb3b2715d98c,1090,335607,0,0,0,,0,0,0,,0,0,0,,0,0,0,0,
8489d002b1704612bd0dd23f9a14ed51,1090,55543,46,20,78,https://www.youtube.com/watch?v=FCfAMBL56YA,46,20,78,https://www.youtube.com/watch?v=FCfAMBL56YA,0,0,0,,175,0,0,0,
41ec65fd72424aa0b90cdfefd49bd35e,1080,733,0,0,0,,0,0,0,,0,0,0,,0,0,0,0,
0a9ce04e6eee4c6d8dde6eb5a0f56c20,1080,18585,0,0,0,,0,0,0,,0,0,0,,0,0,0,0,
83ec4919298a4ad5984e3da31109a4c8,1080,29867,0,0,0,,0,0,0,,0,0,0,,10298,3498,2307,9281,https://www.twitch.tv/videos/2753510323
d1f20b59a19e4ec499d423a7ba65d602,1080,29098,0,0,0,,0,0,0,,0,0,0,,0,0,0,0,
5f413dce55614542940c58900ef1c82c,1080,25628,0,0,0,,0,0,0,,0,0,0,,812,0,0,0,
d6d4ed41815a4603a028d321d9d14a56,1080,8871,84,46,1553,https://www.youtube.com/watch?v=Wis5NHy2vd8,84,46,1553,https://www.youtube.com/watch?v=Wis5NHy2vd8,0,0,0,,10,0,0,0,
db86eecb7c7047a984098e23de131e29,1080,127564,103,39,267,https://www.youtube.com/watch?v=et7qy56oL_0,103,39,267,https://www.youtube.com/watch?v=et7qy56oL_0,0,0,0,,166,34,24,63,https://www.twitch.tv/videos/2752700146
0d7502e74c394a7f82a07c31fee877ff,1080,34528,0,0,0,,0,0,0,,0,0,0,,0,0,0,0,
278f93ad57b14f01a71f1e89598ee503,1080,10280,0,0,0,,0,0,0,,0,0,0,,0,0,0,0,
26eba1f0fabf425aa5769e01e855ea28,1080,100764,69,7,69,https://www.youtube.com/watch?v=SsD-6NdBOSw,69,7,69,https://www.youtube.com/watch?v=SsD-6NdBOSw,0,0,0,,0,0,0,0,
5396c3113555413f8b8d722d44b413d3,1070,4375,78,3,78,https://www.youtube.com/watch?v=51a0g-cobcI,78,3,78,https://www.youtube.com/watch?v=51a0g-cobcI,0,0,0,,0,0,0,0,
1eef7c0894a547a2bff186f6a735145a,1070,23985,78,41,95,https://www.youtube.com/watch?v=CNXklFo3mVE,78,41,95,https://www.youtube.com/watch?v=CNXklFo3mVE,0,0,0,,0,0,0,0,
b5d3dfb81219492cb11a34291aab8cc8,1070,31913,0,0,0,,0,0,0,,0,0,0,,0,0,0,0,
85aa19ec73ce4db08ba1bf3d0f1807ce,1070,51945,0,0,0,,0,0,0,,0,0,0,,0,0,0,0,
a9396c8dd95e43b29c694b14afa07ac4,1070,25291,0,0,0,,0,0,0,,0,0,0,,3556,562,375,2412,https://www.twitch.tv/videos/2751121242
3a963b6901c7467da3d9c8bd74df9da6,1070,50130,80,18,80,https://www.youtube.com/watch?v=weQJE_w6vqY,80,18,80,https://www.youtube.com/watch?v=weQJE_w6vqY,0,0,0,,0,0,0,0,
8a8bc32109654a41a7cae0a9f235d9fb,1060,6329,0,0,0,,0,0,0,,0,0,0,,434,0,0,0,
37df80920d2b4363b3fd69fd3c6be31c,1060,0,0,0,0,,0,0,0,,0,0,0,,0,0,0,0,
fe70a0055df1453a82bea6582d3072fa,1060,45626,87,24,112,https://www.youtube.com/watch?v=0ljJPIQ4nCc,87,24,112,https://www.youtube.com/watch?v=0ljJPIQ4nCc,0,0,0,,0,0,0,0,
683db9d9b58f4dd883966c82581a7b60,1060,40029,27,12,52,https://www.youtube.com/watch?v=ZPiQ8MpBNmo,27,12,52,https://www.youtube.com/watch?v=ZPiQ8MpBNmo,0,0,0,,0,0,0,0,
32a5b834b2bf4912bcd54ac00ae13285,1060,2962,0,0,0,,0,0,0,,0,0,0,,2478,1316,1090,1323,https://www.twitch.tv/videos/2754307831
7754a4ea82814b7fbbecfcf459382001,1060,228862,0,0,0,,0,0,0,,0,0,0,,2423,104,80,818,https://www.twitch.tv/videos/2751891282
8d8b1382b7154504819e1db08ecbe8ee,1060,21343,0,0,0,,0,0,0,,0,0,0,,0,0,0,0,
e0535f2d38f04d26aca33772bccb33b8,1060,69748,0,0,0,,0,0,0,,0,0,0,,2430,500,205,712,https://www.twitch.tv/videos/2741319721
45baafce0f294208a063a496814b7986,1060,46837,58,33,98,https://www.youtube.com/watch?v=LCH2ziN6tmg,58,33,98,https://www.youtube.com/watch?v=LCH2ziN6tmg,0,0,0,,0,0,0,0,
b9eb00549c554290a7dbc5cd05910239,1060,100154,70,35,77,https://www.youtube.com/watch?v=nusG57At6eA,70,35,77,https://www.youtube.com/watch?v=nusG57At6eA,0,0,0,,0,0,0,0,
218f418c23084e87a498d1c4fad724ae,1050,0,0,0,0,,0,0,0,,0,0,0,,0,0,0,0,
b4de9155a5f34284a41224c38e70c67e,1050,53803,0,0,0,,0,0,0,,0,0,0,,44,0,0,0,
1145b6f48caf4756a889a437025c3db2,1050,36878,0,0,0,,0,0,0,,0,0,0,,0,0,0,0,
c6af4f23c6ce4adab5301d79b0bd343a,1050,160477,53,37,80,https://www.youtube.com/watch?v=tUr7SwWfCrc,53,37,80,https://www.youtube.com/watch?v=tUr7SwWfCrc,0,0,0,,3550,695,477,12337,https://www.twitch.tv/videos/2742003875
4b214cdeac0649989f03f39e497816cf,1040,4489123,63,30,6178,https://www.youtube.com/watch?v=oFsT76dbCb8,41,22,115,https://www.youtube.com/watch?v=Tr4oquBXAM4,1016,496,6178,https://www.youtube.com/watch?v=oFsT76dbCb8,674,132,107,195,https://www.twitch.tv/videos/2751815149
f560e7811b454fe489044165c53dba83,1040,58757,38,18,83,https://www.youtube.com/watch?v=ru4yT8j55mI,38,18,83,https://www.youtube.com/watch?v=ru4yT8j55mI,0,0,0,,0,0,0,0,
5a1eb09579134895adfa9516611bd925,1040,32517,20,3,35,https://www.youtube.com/watch?v=PYmxALnL_10,20,3,35,https://www.youtube.com/watch?v=PYmxALnL_10,0,0,0,,700,90,75,136,https://www.twitch.tv/videos/2748553621
4d4410bdde7d4107809dc6e1e2ce0e0e,1040,51623,67,20,630,https://www.youtube.com/watch?v=_3nIvV_k-ag,60,19,165,https://www.youtube.com/watch?v=cWGNmSfNWVQ,630,136,630,https://www.youtube.com/watch?v=_3nIvV_k-ag,0,0,0,0,
00a208caab334f6daf286ebb92cfd9da,1030,17996,31,28,31,https://www.youtube.com/watch?v=2mkvB28LIVc,31,28,31,https://www.youtube.com/watch?v=2mkvB28LIVc,0,0,0,,412,0,0,0,
647a4992105c4f18b92239156e0064fb,1030,26045,0,0,0,,0,0,0,,0,0,0,,144,0,0,0,
ca8d038d311e4cccb2deded15cee89cd,1030,52926,87,49,319,https://www.youtube.com/watch?v=pQ1v0ZgAyOw,95,49,319,https://www.youtube.com/watch?v=pQ1v0ZgAyOw,30,27,55,https://www.youtube.com/watch?v=vSVqD419Ehw,112,0,0,0,
34e2da1086ea4670b7b3d1fec34d8403,1030,52504,313,215,542,https://www.youtube.com/watch?v=uZQLnxFla9I,85,62,85,https://www.youtube.com/watch?v=O9nWDLfqDcw,542,368,542,https://www.youtube.com/watch?v=uZQLnxFla9I,0,0,0,0,
483a76d7ad1d464aa290606959ddddec,1030,67694,93,34,127,https://www.youtube.com/watch?v=CbJhE2S-xhg,99,45,127,https://www.youtube.com/watch?v=CbJhE2S-xhg,49,7,49,https://www.youtube.com/watch?v=WcgUE1mMnaE,831,406,333,523,https://www.twitch.tv/videos/2756454199
d792696470b54bd4947a59b10759a636,1030,49278,107,31,148,https://www.youtube.com/watch?v=CA1SNVNlj_U,107,31,148,https://www.youtube.com/watch?v=CA1SNVNlj_U,0,0,0,,0,0,0,0,
c91c52df005e4a7c988704e474b54dbc,1030,103269,1048,515,1538,https://www.youtube.com/watch?v=rlKabOoRR08,132,59,161,https://www.youtube.com/watch?v=Bq9YkNbhXOk,1124,761,1538,https://www.youtube.com/watch?v=rlKabOoRR08,0,0,0,0,
3588ee10f67c4911b544e48223c57c7d,1030,22425,0,0,0,,0,0,0,,0,0,0,,0,0,0,0,
01a20c96c500469fab898ebd03b0c019,1030,77326,122,112,129,https://www.youtube.com/watch?v=RHNPRXZQrEM,122,112,129,https://www.youtube.com/watch?v=RHNPRXZQrEM,0,0,0,,0,0,0,0,
e63fe9e27be44403b222fb0319c027b6,1020,31918,698,78,963,https://www.youtube.com/watch?v=WGlck9E3Zv4,109,56,109,https://www.youtube.com/watch?v=mlleM5dHuqI,767,216,963,https://www.youtube.com/watch?v=WGlck9E3Zv4,4436,766,293,148899,https://www.twitch.tv/videos/2757448611
800b7770ac1d4e4eb62318639ff71b7a,1020,69626,80,2,80,https://www.youtube.com/watch?v=A4e4xiMhPs4,0,0,0,,80,2,80,https://www.youtube.com/watch?v=A4e4xiMhPs4,0,0,0,0,
7ca8ec94cb4640ccb27719cbfc8a8df0,1020,56000,97,5,110,https://www.youtube.com/watch?v=wOZ1u_Daykk,97,5,110,https://www.youtube.com/watch?v=wOZ1u_Daykk,0,0,0,,0,0,0,0,
51a882d77c24494d92605b5b75424603,1020,103150,198,64,783,https://www.youtube.com/watch?v=6h5zin-h8cM,175,62,741,https://www.youtube.com/watch?v=Zd_eDsBglZs,684,190,783,https://www.youtube.com/watch?v=6h5zin-h8cM,56,91,38,91,https://www.twitch.tv/videos/2744509536
4ba065758aa94ce18cfe227cc37b1afe,1020,34073,1059,208,1593,https://www.youtube.com/watch?v=l9jqglVsJOg,0,0,0,,1059,208,1593,https://www.youtube.com/watch?v=l9jqglVsJOg,3417,297,180,892,https://www.twitch.tv/videos/2743728006
bdd0c04996154ef0be37c1f65b3b8866,1020,36858,0,0,0,,0,0,0,,0,0,0,,0,0,0,0,
0d080db8809848e2ba918799b2f7885b,1020,54255,64,31,582,https://www.youtube.com/watch?v=oJh47ken84I,64,31,582,https://www.youtube.com/watch?v=oJh47ken84I,0,0,0,,0,0,0,0,
684aeef535fb4dd2a483746cdaab5065,1020,71269,0,0,0,,0,0,0,,0,0,0,,178,0,0,0,
b5b0001ea8594cd68567ef344ca0bb2e,1020,168190,62,58,109,https://www.youtube.com/watch?v=fE1TcfZ7k1I,62,58,109,https://www.youtube.com/watch?v=fE1TcfZ7k1I,0,0,0,,0,0,0,0,
48e18dcee4e640c6b5ede6a8bdc84ade,1010,21231,0,0,0,,0,0,0,,0,0,0,,0,0,0,0,
515abc7c33164a98be134d1c7fec84e2,1010,27759,0,0,0,,0,0,0,,0,0,0,,242,0,0,0,
f4ff6f40be3a4294ac1fe3e475421377,1010,79275,94,58,1678,https://www.youtube.com/watch?v=R6iUr4mDoFA,88,53,143,https://www.youtube.com/watch?v=ELMzLKIb4ec,1678,807,1678,https://www.youtube.com/watch?v=R6iUr4mDoFA,47,0,0,0,
302e5b74253e412faf131a3039933786,1010,75288,0,0,0,,0,0,0,,0,0,0,,0,0,0,0,
db52957b67e94991b36e41e4a20fb52a,1010,0,0,0,0,,0,0,0,,0,0,0,,52,0,0,0,
45d38ce14fb644c0890823d444a33276,1010,1983,0,0,0,,0,0,0,,0,0,0,,0,0,0,0,
7df81b926eec4a998d5ffcd67b59ff5e,1000,33180,103,102,103,https://www.youtube.com/watch?v=QHfRx5lyLPo,103,102,103,https://www.youtube.com/watch?v=QHfRx5lyLPo,0,0,0,,0,0,0,0,
e46d27918a77488ca5b4144eb1b978df,1000,60882,0,0,0,,0,0,0,,0,0,0,,0,0,0,0,
ee1be8631b3e4abdbcc12dbe96d5268f,1000,39823,0,0,0,,0,0,0,,0,0,0,,0,0,0,0,
c7344bac508b46f2a20c4bb6861f33ab,1000,13810,0,0,0,,0,0,0,,0,0,0,,0,0,0,0,
78d441a2d6584d078a6ce202238d36b9,1000,26322,0,0,0,,0,0,0,,0,0,0,,0,0,0,0,
22a1949143784185ae001c31a717b5bc,996,83529,141,67,2025,https://www.youtube.com/watch?v=JVUxHXXkK5g,95,67,308,https://www.youtube.com/watch?v=kUFCz5GdBOI,185,70,2025,https://www.youtube.com/watch?v=JVUxHXXkK5g,0,0,0,0,
7a0eb6cbe5a94663888ef35a63ab3b5a,995,26696,0,0,0,,0,0,0,,0,0,0,,1398,208,173,211,https://www.twitch.tv/videos/2751815217
9b2edcfdc76748f59576b77524402804,994,60216,0,0,0,,0,0,0,,0,0,0,,0,0,0,0,
d23e5f9f3abf4b36b79c04f5265a8efc,992,55756,63,33,935,https://www.youtube.com/watch?v=hAkl1J34fU8,52,11,70,https://www.youtube.com/watch?v=GKnxNXyHpYA,197,56,935,https://www.youtube.com/watch?v=hAkl1J34fU8,156,0,0,0,
838f883ea01f431f97bfe9dbf3064422,990,37076,0,0,0,,0,0,0,,0,0,0,,106,0,0,0,
a0f657e0538e4269af88094fa1c3dacb,986,22919,486,83,513,https://www.youtube.com/watch?v=CrelzArtzts,84,83,84,https://www.youtube.com/watch?v=hD7QNtz3Uh8,499,237,513,https://www.youtube.com/watch?v=CrelzArtzts,0,0,0,0,
1e59cd43a10a44edb1407fb8ba8529a8,986,49625,111,51,184,https://www.youtube.com/watch?v=rx1w7l-MzKc,111,51,184,https://www.youtube.com/watch?v=rx1w7l-MzKc,0,0,0,,0,0,0,0,
62b7ee328a7b42b0a1da0ab3bc22d1db,984,157478,28,15,1318,https://www.youtube.com/watch?v=wTy71l8IQ7o,25,14,85,https://www.youtube.com/watch?v=j6lkvbCbe9k,1093,613,1318,https://www.youtube.com/watch?v=wTy71l8IQ7o,1178,71,57,215,https://www.twitch.tv/videos/2756646086
95694a64c0fe4b5c987344f1edcec826,981,48610,19,13,325,https://www.youtube.com/watch?v=ntUKhTSnA_E,19,13,68,https://www.youtube.com/watch?v=p1tFXyTzFRo,13,5,325,https://www.youtube.com/watch?v=ntUKhTSnA_E,1558,112,92,153,https://www.twitch.tv/videos/2752655058
e2049fd03bea4bf6bfee472e4674021c,981,149954,50,24,99,https://www.youtube.com/watch?v=-tiKIhIVYsI,50,24,99,https://www.youtube.com/watch?v=-tiKIhIVYsI,0,0,0,,75,2,1,4,https://www.twitch.tv/videos/2753532551
ad26bb0363ef42c7988f79ef9b07dfcc,979,54704,0,0,0,,0,0,0,,0,0,0,,0,0,0,0,
5de329cf8bc5410fb40ef38d117be94d,977,48384,112,58,2393,https://www.youtube.com/watch?v=P9KC5bZF3ec,61,36,150,https://www.youtube.com/watch?v=OiMDpHIzOvQ,1319,745,2393,https://www.youtube.com/watch?v=P9KC5bZF3ec,484,131,116,236,https://www.twitch.tv/videos/2752675119
566e5b6f438a4cacb3e4036eb9ffe9b8,976,62432,38,20,128,https://www.youtube.com/watch?v=e4H_73SanGQ,38,20,128,https://www.youtube.com/watch?v=e4H_73SanGQ,0,0,0,,0,0,0,0,
19f507cc460a426cb02013fb203bd0a7,969,35287,357,199,1497,https://www.youtube.com/watch?v=vY_Z9vM2ocg,356,177,957,https://www.youtube.com/watch?v=kpXUXzxp9FA,1497,277,1497,https://www.youtube.com/watch?v=vY_Z9vM2ocg,423,51,36,153,https://www.twitch.tv/videos/2756502110
021e4f709f1a4c56b8cd200c476db3e7,969,22204,0,0,0,,0,0,0,,0,0,0,,0,0,0,0,
b1ba066a7bc44c93a4ca264f2144f5bd,969,37090,37,18,111,https://www.youtube.com/watch?v=qGdJAeZ7qRk,42,20,111,https://www.youtube.com/watch?v=qGdJAeZ7qRk,24,10,28,https://www.youtube.com/watch?v=HZ9UMUnsx5c,1106,64,57,103,https://www.twitch.tv/videos/2749873082
c060912477dd414ea79d74adddfb4661,969,61965,13,7,77,https://www.youtube.com/watch?v=o9F1_Xgj7U8,23,20,77,https://www.youtube.com/watch?v=o9F1_Xgj7U8,5,2,9,https://www.youtube.com/watch?v=kfTmqp_ay6Q,0,0,0,0,
302b50b5cf4844d58868013404b1ec3f,968,19082,65,29,137,https://www.youtube.com/watch?v=OPJfZhnZNmk,65,29,137,https://www.youtube.com/watch?v=OPJfZhnZNmk,0,0,0,,0,0,0,0,
6c3a22611ac24eb19cec3bd7c78a8705,967,243785,94,50,189,https://www.youtube.com/watch?v=De6qNErzQMo,94,50,189,https://www.youtube.com/watch?v=De6qNErzQMo,0,0,0,,0,0,0,0,
bb56715066e548c297232372a16ab083,964,106121,79,33,1272,https://www.youtube.com/watch?v=hUT0DEeiB8M,0,0,0,,79,33,1272,https://www.youtube.com/watch?v=hUT0DEeiB8M,1909,0,0,0,
bf195265fa5944d894dc53baf7143645,964,36940,0,0,0,,0,0,0,,0,0,0,,0,0,0,0,
7003e3e3a24244ffb5ebfbbdc20c97f8,962,26393,49,10,64,https://www.youtube.com/watch?v=nro9xmWXRiM,49,10,64,https://www.youtube.com/watch?v=nro9xmWXRiM,0,0,0,,0,0,0,0,
8460a099a32044a5aa602f780dec94f2,959,292254,329,180,2415,https://www.youtube.com/watch?v=fR3woWdz610,0,0,0,,329,180,2415,https://www.youtube.com/watch?v=fR3woWdz610,18,0,0,0,
179eb3fd3fb34ffe93859dd945b1b3a6,959,4393,0,0,0,,0,0,0,,0,0,0,,0,0,0,0,
2a0de6059bd74c298a80f45a8052790e,956,170325,1364,845,2257,https://www.youtube.com/watch?v=gwDFst1uwDg,0,0,0,,1364,845,2257,https://www.youtube.com/watch?v=gwDFst1uwDg,1153,388,273,677,https://www.twitch.tv/videos/2754776636
a5647aba47dc4bb48eaa0cde6de7c6bd,953,41128,0,0,0,,0,0,0,,0,0,0,,0,0,0,0,
b5ff000d6dd74683b17965294f1c4bf7,951,31502,34,33,34,https://www.youtube.com/watch?v=DswSJMUrnRY,34,33,34,https://www.youtube.com/watch?v=DswSJMUrnRY,0,0,0,,771,24,23,24,https://www.twitch.tv/videos/2758099919
995bff308e7f4df3aa33305fc0ddde8e,951,39713,0,0,0,,0,0,0,,0,0,0,,0,0,0,0,
026bdd139df44cec930dd7fc76345184,950,42634,208,91,1095,https://www.youtube.com/watch?v=zYsyOn5PJME,179,91,333,https://www.youtube.com/watch?v=N9yiqxOIDa8,519,246,1095,https://www.youtube.com/watch?v=zYsyOn5PJME,0,0,0,0,
fb23227395a04a26abe441d1ac7978de,950,96012,45,18,131,https://www.youtube.com/watch?v=LLod1Wh1_Nc,45,18,131,https://www.youtube.com/watch?v=LLod1Wh1_Nc,0,0,0,,210,75,64,179,https://www.twitch.tv/videos/2758235427
ab2e7fbd11784f96aa9cf599786f8bf1,949,73843,1269,296,1745,https://www.youtube.com/watch?v=m_QYrcXNZcs,237,69,237,https://www.youtube.com/watch?v=SshsUzvk_WA,1318,322,1745,https://www.youtube.com/watch?v=m_QYrcXNZcs,0,0,0,0,
8a5468bc4c7d44989e5ee4864a9b941a,946,86221,66,19,217,https://www.youtube.com/watch?v=DF5FXnmYybE,66,19,93,https://www.youtube.com/watch?v=qFKA4Z0TrkI,122,78,217,https://www.youtube.com/watch?v=DF5FXnmYybE,0,0,0,0,
2656bc44436c45cca3e94e43a9a49c2d,944,127404,262,97,1217,https://www.youtube.com/watch?v=VxPA-Xt8Yx8,262,97,1217,https://www.youtube.com/watch?v=VxPA-Xt8Yx8,0,0,0,,0,0,0,0,
06a61409f4334b0eb8a5f647b819c78b,941,70453,19,8,50,https://www.youtube.com/watch?v=Q37CNounpG4,29,11,50,https://www.youtube.com/watch?v=Q37CNounpG4,8,5,15,https://www.youtube.com/watch?v=EXsN_sMfnTM,0,0,0,0,
64dc8c2de5de4c43906e515ec03f79c6,941,173332,0,0,0,,0,0,0,,0,0,0,,0,0,0,0,
a00240316f524d218d889d00a8b42721,940,89365,72,27,91,https://www.youtube.com/watch?v=CyEy9V8GRAA,72,27,91,https://www.youtube.com/watch?v=CyEy9V8GRAA,0,0,0,,0,0,0,0,
0a000a22ebd84abf860bcd5ef0a5ed60,940,39680,7,1,160,https://www.youtube.com/watch?v=HKRoj4Urgv8,0,0,0,,7,1,160,https://www.youtube.com/watch?v=HKRoj4Urgv8,2173,256,160,398,https://www.twitch.tv/videos/2751856510
8a63cc5d44b44e2c88122e98c533d20a,940,294209,0,0,0,,0,0,0,,0,0,0,,0,0,0,0,
ecbe9a46c7ec4f3d8fe217012c39d490,939,395270,0,0,0,,0,0,0,,0,0,0,,0,0,0,0,
96f44559b15e4bad9de2eb8a0a2a92da,938,22425,1289,1092,18372,https://www.youtube.com/watch?v=55ieK5m9xM8,0,0,0,,1289,1092,18372,https://www.youtube.com/watch?v=55ieK5m9xM8,0,0,0,0,
7ca610bac41843a28abba9e947aa9ded,936,51942,0,0,0,,0,0,0,,0,0,0,,3015,447,236,447,https://www.twitch.tv/videos/2747224150
5d29544fdded43d1937166548487394a,936,5498,0,0,0,,0,0,0,,0,0,0,,1846,180,113,206,https://www.twitch.tv/videos/2747955730
0e9aeecbe8f04a62ab781cf2e520eba0,934,37348,0,0,0,,0,0,0,,0,0,0,,7178,782,259,14502,https://www.twitch.tv/videos/2747043796
1ee3a662da8a439887a931727cb07317,934,95669,0,0,0,,0,0,0,,0,0,0,,0,0,0,0,
54e70d7cc2fb4c6da0d833519331c770,930,127276,648,301,1249,https://www.youtube.com/watch?v=2kkoH5h6Frw,0,0,0,,648,301,1249,https://www.youtube.com/watch?v=2kkoH5h6Frw,2550,429,270,563,https://www.twitch.tv/videos/2747794500
7aeffe1ba0c443d5aa4721247b801593,929,123677,0,0,0,,0,0,0,,0,0,0,,0,0,0,0,
743ceb55869042b9bee1f48fe0be13fb,928,33407,0,0,0,,0,0,0,,0,0,0,,1502,0,0,0,
44332b31031149f5bd411f415cbb531e,927,26101,0,0,0,,0,0,0,,0,0,0,,221,0,0,0,
becdcbab308f4fa18540982596eebbd5,926,7538,0,0,0,,0,0,0,,0,0,0,,7391,840,613,2677,https://www.twitch.tv/videos/2748544356
453cbd84364b42d8ac11cef8d3d63bd1,924,28366,68,48,68,https://www.youtube.com/watch?v=2l2fZ0Mh0VE,68,48,68,https://www.youtube.com/watch?v=2l2fZ0Mh0VE,0,0,0,,0,0,0,0,
7f43dbf571c44e04a7a471b9e7296a8a,923,38278,0,0,0,,0,0,0,,0,0,0,,0,0,0,0,
37f190c8282b4d42ba9ee8c4b61d24a4,923,4795,0,0,0,,0,0,0,,0,0,0,,0,0,0,0,
b2e19555d1f441a8a0e3f53b6507863e,919,50393,34,16,38,https://www.youtube.com/watch?v=_KlOm1ODty0,34,16,38,https://www.youtube.com/watch?v=_KlOm1ODty0,0,0,0,,112,0,0,0,
4aee4e4c619a4e2aa8bbc2edce38ccfa,917,111080,107,51,1865,https://www.youtube.com/watch?v=Z0MQDUr_6WM,99,50,165,https://www.youtube.com/watch?v=q7yML4lrrDU,768,218,1865,https://www.youtube.com/watch?v=Z0MQDUr_6WM,0,0,0,0,
08268c9de16e423381e351aeef8f7ffb,916,28514,88,45,179,https://www.youtube.com/watch?v=GQ7FvG4ZvjQ,88,45,179,https://www.youtube.com/watch?v=GQ7FvG4ZvjQ,0,0,0,,0,0,0,0,
7c88a51800fd4984ad24ba803d3760dd,916,15613,0,0,0,,0,0,0,,0,0,0,,0,0,0,0,
db67d9cacbcf4797ba2d41a6d115e2ff,914,49422,85,49,599,https://www.youtube.com/watch?v=ItMJjhJmaoY,74,27,85,https://www.youtube.com/watch?v=H_A5GyA7NuY,430,240,599,https://www.youtube.com/watch?v=ItMJjhJmaoY,0,0,0,0,
15711ba2b93a46c295901d775aaf314e,907,3812,0,0,0,,0,0,0,,0,0,0,,0,0,0,0,
843d99233b474827a2f0bc417ffd3852,907,43539,16,14,1106,https://www.youtube.com/watch?v=qHPAV9jSfcw,15,13,66,https://www.youtube.com/watch?v=kFFti9LhOe8,1106,941,1106,https://www.youtube.com/watch?v=qHPAV9jSfcw,8230,2433,1548,6022,https://www.twitch.tv/videos/2756564133
d26893447610406da66ee14abfbd5868,907,27999,101,72,124,https://www.youtube.com/watch?v=d41waj6GLm0,101,72,124,https://www.youtube.com/watch?v=d41waj6GLm0,0,0,0,,0,0,0,0,
d8b0b4e36c614d328620461a295572a1,905,51256,25,15,75,https://www.youtube.com/watch?v=OSsA29R6n3c,25,15,75,https://www.youtube.com/watch?v=OSsA29R6n3c,0,0,0,,139,0,0,0,
b93b5ffedc3f4310af888462d65e4082,905,46440,58,24,166,https://www.youtube.com/watch?v=qe4W4F1aJOg,58,24,166,https://www.youtube.com/watch?v=qe4W4F1aJOg,0,0,0,,207,20,13,22,https://www.twitch.tv/videos/2755777703
c94bc4ff4689403aac751731d33150e6,904,17571,461,235,1751,https://www.youtube.com/watch?v=8_WQPfWMIn0,225,146,667,https://www.youtube.com/watch?v=DRgr24gVDWM,896,643,1751,https://www.youtube.com/watch?v=8_WQPfWMIn0,296,198,134,213,https://www.twitch.tv/videos/2749479714
8e2559d9a7714ecd9cb0448b4d28f8d2,903,25956,0,0,0,,0,0,0,,0,0,0,,4998,209,132,435,https://www.twitch.tv/videos/2756571567
b9b727200b664a98bc1a8fd76d3cdb9c,903,22596,0,0,0,,0,0,0,,0,0,0,,0,0,0,0,
58374cba861d4267a84ad689bb6ce91a,901,39881,22,3,47,https://www.youtube.com/watch?v=oWZPisRKpyM,22,6,47,https://www.youtube.com/watch?v=oWZPisRKpyM,5,0,8,https://www.youtube.com/watch?v=fGiWDtGdSEs,0,0,0,0,
34973abcef4e41b29add2b476ce0a7fb,901,6245,0,0,0,,0,0,0,,0,0,0,,18,0,0,0,
23af2b94549e42c282ec0d6eecf01102,901,31584,16,5,74,https://www.youtube.com/watch?v=IgdEj9Luc5I,74,16,74,https://www.youtube.com/watch?v=IgdEj9Luc5I,14,2,21,https://www.youtube.com/watch?v=US6nUrejAHs,2458,0,0,0,
9fb9fe13bf124da3a1affb24c5bba5e2,900,29759,0,0,0,,0,0,0,,0,0,0,,0,0,0,0,
834afd07257a43ac9f61085f79449be1,900,43052,199,141,1539,https://www.youtube.com/watch?v=YPT2nYNdiO0,189,124,510,https://www.youtube.com/watch?v=lbwXHDg4d5Y,1332,415,1539,https://www.youtube.com/watch?v=YPT2nYNdiO0,0,0,0,0,
107ad23090e649b8935850f3d78ded99,899,35262,154,65,258,https://www.youtube.com/watch?v=EGrtdkvuw44,154,65,258,https://www.youtube.com/watch?v=EGrtdkvuw44,0,0,0,,129,0,0,0,
5c5880d994854afbbea0a35716bce186,897,30819,11,3,40,https://www.youtube.com/watch?v=gXrdRvqjxu0,11,3,40,https://www.youtube.com/watch?v=gXrdRvqjxu0,0,0,0,,2027,0,0,0,
607a7be9721741c48e2901609c294ada,895,74881,0,0,0,,0,0,0,,0,0,0,,1508,0,0,0,
837cc45c90974caa9f07699c3899fa7b,895,45485,37,19,917,https://www.youtube.com/watch?v=9lZsF8NAjfo,34,18,917,https://www.youtube.com/watch?v=9lZsF8NAjfo,206,183,206,https://www.youtube.com/watch?v=vm5oSquPBXI,463,0,0,0,
4ba98a2155ad4b4392d8c5d7a51f4964,894,194077,555,252,2318,https://www.youtube.com/watch?v=ztecH8lzAyE,515,216,2318,https://www.youtube.com/watch?v=ztecH8lzAyE,975,525,1015,https://www.youtube.com/watch?v=bXAZmvxe8Ho,0,0,0,0,
f461b26ba47b4e37a90d2ca4fa5fa329,892,25923,0,0,0,,0,0,0,,0,0,0,,0,0,0,0,
872b7ddfc20f433f9575e2a762e83c06,891,48077,126,34,276,https://www.youtube.com/watch?v=D2XeymgOrwE,126,34,276,https://www.youtube.com/watch?v=D2XeymgOrwE,0,0,0,,0,0,0,0,
f1020d6d2f904704a363cf21806327a1,889,18133,0,0,0,,0,0,0,,0,0,0,,198,0,0,0,
7a160bd129144664804dd3fc08fceeb1,888,20943,0,0,0,,0,0,0,,0,0,0,,7810,2376,900,6648,https://www.twitch.tv/videos/2757650247
8c0ff863d66348898311ee83d16257b5,888,28890,35,13,63,https://www.youtube.com/watch?v=PwNC-UZtF5s,31,12,63,https://www.youtube.com/watch?v=oUitg2ShAyM,63,14,63,https://www.youtube.com/watch?v=PwNC-UZtF5s,204,42,31,45,https://www.twitch.tv/videos/2756704386
f9f38aebd04f4a219e165e0c6e1fb347,887,15021,0,0,0,,0,0,0,,0,0,0,,0,0,0,0,
0a67a8d822094ca3a59963f0fac8798a,887,35505,69,55,69,https://www.youtube.com/watch?v=RY6DohA7q5o,69,55,69,https://www.youtube.com/watch?v=RY6DohA7q5o,0,0,0,,0,0,0,0,
a2ee4a74f9ca40f5b6218de51736b9c8,880,50926,57,20,375,https://www.youtube.com/watch?v=f_SYYLeawXs,57,20,375,https://www.youtube.com/watch?v=f_SYYLeawXs,0,0,0,,0,0,0,0,
acc708b79f1c4e388466b407387e7cb5,879,125142,55,29,1509,https://www.youtube.com/watch?v=I5mTt_nVt2g,40,20,121,https://www.youtube.com/watch?v=z8jStCWX94Y,1059,534,1509,https://www.youtube.com/watch?v=I5mTt_nVt2g,0,0,0,0,
6c3eeb48b7764f11804ff8110d5d990b,878,97398,0,0,0,,0,0,0,,0,0,0,,0,0,0,0,
490d50310ffe4de4aac9c6368b49a0aa,877,36287,382,116,1628,https://www.youtube.com/watch?v=8xRnk_BebLk,0,0,0,,382,116,1628,https://www.youtube.com/watch?v=8xRnk_BebLk,0,0,0,0,
b399afc661d04f47acc9d0681be343b4,875,107305,111,60,2364,https://www.youtube.com/watch?v=poMuINfVWVQ,84,46,134,https://www.youtube.com/watch?v=a4l9WGHK5WY,687,184,2364,https://www.youtube.com/watch?v=poMuINfVWVQ,407,175,126,427,https://www.twitch.tv/videos/2747070428
521477be11a44c43b063b394757b2342,875,55947,38,20,70,https://www.youtube.com/watch?v=h3l-i5Z7sKQ,38,20,70,https://www.youtube.com/watch?v=h3l-i5Z7sKQ,0,0,0,,0,0,0,0,
76f2fa6f1aa44f0a816a01a1b277430a,872,32959,24,14,30,https://www.youtube.com/watch?v=1YkUG4qi2Vw,24,14,30,https://www.youtube.com/watch?v=1YkUG4qi2Vw,0,0,0,,42,0,0,0,
f702d43aeff84979ad97438d0b1d8bcc,868,9776,0,0,0,,0,0,0,,0,0,0,,447,0,0,0,
e3021481a8d247a5a9a5bf0a29399673,868,130097,150,84,150,https://www.youtube.com/watch?v=rRsXsjNJHb4,150,84,150,https://www.youtube.com/watch?v=rRsXsjNJHb4,0,0,0,,0,0,0,0,
819cc1636ec94c0ab290b4513c6d629d,864,38380,0,0,0,,0,0,0,,0,0,0,,4753,0,0,0,
b3fb28fe6a0e4fcfb8014e7a4070ca09,864,54882,29,16,83,https://www.youtube.com/watch?v=IKlwJs76oBY,29,16,83,https://www.youtube.com/watch?v=IKlwJs76oBY,0,0,0,,0,0,0,0,
6ef3b507ab8e41d499c59d8cf8b65202,863,0,0,0,0,,0,0,0,,0,0,0,,0,0,0,0,
0b183e5c128246c0ad5cd5491e8b8c83,860,211052,531,126,5771,https://www.youtube.com/watch?v=vZRyZv_Noeo,71,24,91,https://www.youtube.com/watch?v=owfh6al1CUk,1178,206,5771,https://www.youtube.com/watch?v=vZRyZv_Noeo,0,0,0,0,
45e104a6eabe4967a6cb84e720dd8e74,858,41702,4,2,88,https://www.youtube.com/watch?v=uwbCAWhJejc,0,0,0,,4,2,88,https://www.youtube.com/watch?v=uwbCAWhJejc,1869,217,68,463,https://www.twitch.tv/videos/2734735610
fcf611e0ddc5474b9836eb8aa2fe1d24,857,75351,26,11,78,https://www.youtube.com/watch?v=iew7q-2vytM,26,11,78,https://www.youtube.com/watch?v=iew7q-2vytM,0,0,0,,0,0,0,0,
9cfe61128e134f8dad9bb6ebf568cd71,854,20093,3,1,6,https://www.youtube.com/watch?v=rCiyeubmnt4,0,0,0,,3,1,6,https://www.youtube.com/watch?v=rCiyeubmnt4,1263,166,119,371,https://www.twitch.tv/videos/2752593151
5862e8e7c5fd4261af093cec20b40300,853,36923,136,58,215,https://www.youtube.com/watch?v=9FH9h6fxnwc,136,58,215,https://www.youtube.com/watch?v=9FH9h6fxnwc,0,0,0,,0,0,0,0,
5964947a5624455cba648007ec04a0b9,848,14970,0,0,0,,0,0,0,,0,0,0,,0,0,0,0,
415ca337b1104450acbed1eb046c0a58,846,87294,15,5,23,https://www.youtube.com/watch?v=GKXveabQctk,15,5,23,https://www.youtube.com/watch?v=GKXveabQctk,0,0,0,,271,0,0,0,
c747687c19704747b4cae2d4d5715aa0,846,32807,1262,765,10842,https://www.youtube.com/watch?v=3Lgftlh_tI4,0,0,0,,1262,765,10842,https://www.youtube.com/watch?v=3Lgftlh_tI4,4146,170,131,321,https://www.twitch.tv/videos/2757376970
370f66a57c0341b0adef5bcbad64ff90,845,46086,3,1,26,https://www.youtube.com/watch?v=R_1sMon1aEs,19,11,26,https://www.youtube.com/watch?v=R_1sMon1aEs,3,1,17,https://www.youtube.com/watch?v=uv-bMPogsJo,0,0,0,0,
27b10e5896e34e8d841f1605792b96c9,839,35814,0,0,0,,0,0,0,,0,0,0,,424,0,0,0,
7b3809e085754d52aee99d1fcc980eaf,839,37499,155,89,1607,https://www.youtube.com/watch?v=gYlIa4Kkhp4,85,34,155,https://www.youtube.com/watch?v=1GlhLNU0kho,614,232,1607,https://www.youtube.com/watch?v=gYlIa4Kkhp4,0,0,0,0,
3f3abaed158f420e84f9d1d5f4492b1d,838,61559,28,12,107,https://www.youtube.com/watch?v=0Buz01F8h84,28,12,107,https://www.youtube.com/watch?v=0Buz01F8h84,0,0,0,,645,57,46,136,https://www.twitch.tv/videos/2752602426
f36c774fbf4847e1afdf66a1e4806ea3,838,19770,1021,521,1021,https://www.youtube.com/watch?v=C1V5-7ZcgjY,0,0,0,,1021,521,1021,https://www.youtube.com/watch?v=C1V5-7ZcgjY,2399,835,794,943,https://www.twitch.tv/videos/2756638480
a753be70dd194989835b604e4b249363,838,31099,0,0,0,,0,0,0,,0,0,0,,654,0,0,0,
399a496d028447a58924b2660d0fc187,838,198,0,0,0,,0,0,0,,0,0,0,,0,0,0,0,
61c75f9fbf044b54872197eec7c9bafa,835,272123,208,58,958,https://www.youtube.com/watch?v=EGDza7NkBlg,78,42,103,https://www.youtube.com/watch?v=UYKkA6E_8EM,535,295,958,https://www.youtube.com/watch?v=EGDza7NkBlg,0,0,0,0,
9ed7a28dd35e4e1c9400af811f6a284c,835,16644,0,0,0,,0,0,0,,0,0,0,,829,0,0,0,
f4c357c0b7ae4891859ecd205d903dff,835,37028,336,63,2115,https://www.youtube.com/watch?v=wq6yVpcPtQw,58,33,66,https://www.youtube.com/watch?v=VxckFEsQ66k,356,86,2115,https://www.youtube.com/watch?v=wq6yVpcPtQw,82,0,0,0,
899e5f40cf7f49a8808969866758779e,834,37970,145,65,883,https://www.youtube.com/watch?v=c6tp74FXXQs,129,57,162,https://www.youtube.com/watch?v=y6k6Qdduzeg,883,717,883,https://www.youtube.com/watch?v=c6tp74FXXQs,241,75,49,97,https://www.twitch.tv/videos/2751015924
f5a37da60cb74069a7dc13867404521f,832,63580,358,280,666,https://www.youtube.com/watch?v=3Hzp3oZ8Y1w,0,0,0,,358,280,666,https://www.youtube.com/watch?v=3Hzp3oZ8Y1w,0,0,0,0,
d3ac18bfe0984394a6fe19319a36b412,830,62687,80,21,80,https://www.youtube.com/watch?v=5z93v0wvT_8,80,21,80,https://www.youtube.com/watch?v=5z93v0wvT_8,0,0,0,,0,0,0,0,
77f4700c452c4200a4e62effa2884b4a,828,33215,17,16,17,https://www.youtube.com/watch?v=3SfYtSbD56Y,17,16,17,https://www.youtube.com/watch?v=3SfYtSbD56Y,0,0,0,,716,0,0,0,
23dda65e497d4888b87db304533b8138,827,13684,0,0,0,,0,0,0,,0,0,0,,5374,763,431,1144,https://www.twitch.tv/videos/2735698400
aef2ed42d49343f28394b6335695b5ac,827,370570,0,0,9,https://www.youtube.com/watch?v=FMBh2xdjnzc,0,0,0,,0,0,9,https://www.youtube.com/watch?v=FMBh2xdjnzc,3048,57,50,75,https://www.twitch.tv/videos/2753439612
c26ea894da5741df9e1bc62044f6bce7,825,4077,0,0,0,,0,0,0,,0,0,0,,262,0,0,0,
6d144d78d2284fbcafa2428a5d132733,824,26876,0,0,0,,0,0,0,,0,0,0,,701,55,44,62,https://www.twitch.tv/videos/2753394063
899208f999aa4121ae2b67abb3190674,823,13527,0,0,0,,0,0,0,,0,0,0,,4208,195,124,367,https://www.twitch.tv/videos/2747020404
686fa700c1ee4d179ed277d5b101f8a4,818,27767,0,0,0,,0,0,0,,0,0,0,,0,0,0,0,
0294dc5e3fb14312b472bb05af5ad329,817,21944,0,0,0,,0,0,0,,0,0,0,,0,0,0,0,
0aa8c41f04bf4f12b9a8281353ea448a,817,35686,0,0,0,,0,0,0,,0,0,0,,4780,0,0,0,
689bcf2176f84f86a4fb53800f25ea7a,815,1509,0,0,0,,0,0,0,,0,0,0,,0,0,0,0,
6c5d547cdebf4daf813ac8b66c9fb873,815,32998,0,0,0,,0,0,0,,0,0,0,,0,0,0,0,
e099cf09b8674b988f17828aab2f7d86,812,21827,116,92,116,https://www.youtube.com/watch?v=5GkgnBCFWqQ,116,92,116,https://www.youtube.com/watch?v=5GkgnBCFWqQ,0,0,0,,640,185,96,185,https://www.twitch.tv/videos/2747054527
a26891359b444900956f04bc1b8f5faa,809,24302,81,24,870,https://www.youtube.com/watch?v=BcRjolCAoow,74,24,110,https://www.youtube.com/watch?v=itaRjt97E3Y,406,55,870,https://www.youtube.com/watch?v=BcRjolCAoow,276,70,51,109,https://www.twitch.tv/videos/2755042832
0a55a882e4ae4a1e9c1e77ea001aa91b,807,99105,0,0,0,,0,0,0,,0,0,0,,1504,29,18,42,https://www.twitch.tv/videos/2751029495
034c0cb04f884faa8f2b6a02ff090ad1,805,0,0,0,0,,0,0,0,,0,0,0,,0,0,0,0,
23354f18e2a94c9187fd0560fd874eeb,804,27349,0,0,0,,0,0,0,,0,0,0,,1663,221,151,336,https://www.twitch.tv/videos/2750186525
a0dbf7095446402ea77b11d8cced5a4b,804,45481,0,0,0,,0,0,0,,0,0,0,,0,0,0,0,
e80414fcc37b4d818ccf9dddb23cb452,801,16652,0,0,0,,0,0,0,,0,0,0,,4013,1633,648,2489,https://www.twitch.tv/videos/2742206280
13a3d049cda44b9e8da24006e642dd78,800,24818,0,0,0,,0,0,0,,0,0,0,,2783,0,0,0,
5f8e197a06bc453e8d9e0a1c6cb92f1c,800,34894,3,1,21,https://www.youtube.com/watch?v=uaRs5_Jxffw,0,0,0,,3,1,21,https://www.youtube.com/watch?v=uaRs5_Jxffw,1626,95,62,204,https://www.twitch.tv/videos/2755858332
a1c3335026d44b99b9abb8c6aaba3968,799,18004,0,0,0,,0,0,0,,0,0,0,,636,0,0,0,
30bc516401f24514aaecce081979ab50,799,14547,0,0,0,,0,0,0,,0,0,0,,0,0,0,0,
3e4c23394dde46f58f89cba536b208d5,797,22426,49,28,61,https://www.youtube.com/watch?v=AAzs_Qq1b_E,49,28,61,https://www.youtube.com/watch?v=AAzs_Qq1b_E,0,0,0,,0,0,0,0,
29a3d514ca274f6fb966f9d70bed4b52,796,77558,0,0,0,,0,0,0,,0,0,0,,809,300,185,521,https://www.twitch.tv/videos/2752568019
7a0c5fe0fe2f4427afe500c85ec958cb,794,54172,0,0,0,,0,0,0,,0,0,0,,0,0,0,0,
3034b51ec8ad439fa7033773a72a5c4a,792,20614,0,0,0,,0,0,0,,0,0,0,,3312,0,0,0,
1594067d444e4a53abb95bc1aa40e6db,790,26020,0,0,0,,0,0,0,,0,0,0,,499,34,27,63,https://www.twitch.tv/videos/2752667375
29e2c3ae8e4d48f29fb3b89c463abb1c,790,69946,43,5,91,https://www.youtube.com/watch?v=fWDSQK--l4A,43,5,43,https://www.youtube.com/watch?v=dPvd__PytIE,45,5,91,https://www.youtube.com/watch?v=fWDSQK--l4A,2801,736,288,2784,https://www.twitch.tv/videos/2741008457
d1d879cfccf7411296dcc765ca40e39c,789,123592,1231,968,2846,https://www.youtube.com/watch?v=4Uw4i0WfsbI,0,0,0,,1231,968,2846,https://www.youtube.com/watch?v=4Uw4i0WfsbI,1434,171,140,481,https://www.twitch.tv/videos/2758165913
ff063abda8d24869b8d34267e673958f,789,0,0,0,0,,0,0,0,,0,0,0,,0,0,0,0,
14148e0fda054494b7cd2f9f38bb765a,785,42806,0,0,0,,0,0,0,,0,0,0,,281,0,0,0,
5f6dcf3b9b71405498aa07a2b80cb5ec,785,136208,359,161,359,https://www.youtube.com/watch?v=Uomw6WR6ps8,0,0,0,,359,161,359,https://www.youtube.com/watch?v=Uomw6WR6ps8,1246,131,81,296,https://www.twitch.tv/videos/2758356892
e2ddcd13e70643238d46f50fba8261b2,785,85165,831,625,978,https://www.youtube.com/watch?v=fdV8Nq6VNDc,0,0,0,,831,625,978,https://www.youtube.com/watch?v=fdV8Nq6VNDc,2937,899,122,2334,https://www.twitch.tv/videos/2748578592
cf38ee666e104dce949c195f5ac58da2,784,301577,43,23,84,https://www.youtube.com/watch?v=nFFTd3dPMj4,43,23,84,https://www.youtube.com/watch?v=nFFTd3dPMj4,5,1,5,https://www.youtube.com/watch?v=kg9GKPjMHU4,0,0,0,0,
f0afa83a8d2d4cc6bb9eb80655bbe40d,783,12641,0,0,0,,0,0,0,,0,0,0,,0,0,0,0,
d44dc8542b4f4dacab8f54b7e3483728,783,36008,64,28,104,https://www.youtube.com/watch?v=0p9zn8k8pcM,64,28,104,https://www.youtube.com/watch?v=0p9zn8k8pcM,0,0,0,,0,0,0,0,
80ae039e7c3e4e90b6b3994ead599307,782,53845,131,76,210,https://www.youtube.com/watch?v=MkMNhDOjiu0,131,76,210,https://www.youtube.com/watch?v=MkMNhDOjiu0,0,0,0,,0,0,0,0,
d2c5b1c430fa45c8b9be0b8be65d8a6b,782,4650,0,0,0,,0,0,0,,0,0,0,,304,0,0,0,
943129b96d2341bcb7b25a66c9da2354,779,32908,0,0,0,,0,0,0,,0,0,0,,16513,0,0,0,
c3e1a96f96334696af38e93fa8178085,777,46317,5,0,5,https://www.youtube.com/watch?v=PpUmXV1PhR8,0,0,0,,5,0,5,https://www.youtube.com/watch?v=PpUmXV1PhR8,1239,29,24,44,https://www.twitch.tv/videos/2755082167
968f0b8c521942d6939234c70f49747a,776,23607,0,0,0,,0,0,0,,0,0,0,,1957,437,344,437,https://www.twitch.tv/videos/2753445861
73f219fc31294239804b67151318e0a8,775,39121,0,0,0,,0,0,0,,0,0,0,,253,0,0,0,
4caaacdde06c4a0a9662e0d1e07114e0,774,15566,0,0,0,,0,0,0,,0,0,0,,0,0,0,0,
2971554445614cfaaccddd9cde93c599,773,25214,57,37,57,https://www.youtube.com/watch?v=0e8mwTvQkoo,0,0,0,,57,37,57,https://www.youtube.com/watch?v=0e8mwTvQkoo,1118,98,86,98,https://www.twitch.tv/videos/2755715049
8c59e356f1564e068e1c81ac7de1a4e3,772,34206,0,0,0,,0,0,0,,0,0,0,,0,0,0,0,
405cf0a502a6496bacfe7e49647e7e28,772,37805,23,10,49,https://www.youtube.com/watch?v=DcmNM3L1r6g,23,13,49,https://www.youtube.com/watch?v=DcmNM3L1r6g,6,0,6,https://www.youtube.com/watch?v=92bKpqb3tEw,2174,748,470,1160,https://www.twitch.tv/videos/2751144855
d9baa82223d04494abd266da86171d95,772,0,0,0,0,,0,0,0,,0,0,0,,644,0,0,0,
4de233ea7dfc4a7da1738ab627babd48,771,42129,81,37,1577,https://www.youtube.com/watch?v=SDdJmcB7Xm4,75,35,254,https://www.youtube.com/watch?v=BDMlHLgXEGs,1577,867,1577,https://www.youtube.com/watch?v=SDdJmcB7Xm4,0,0,0,0,
7342482fda6d40f98e078505a24825d4,771,40510,87,53,126,https://www.youtube.com/watch?v=iyYMUFO54Ys,87,53,126,https://www.youtube.com/watch?v=iyYMUFO54Ys,0,0,0,,0,0,0,0,
2a2b7990365f4a1bb1d8acf1ae0f2f32,770,289835,54,22,22439,https://www.youtube.com/watch?v=opZbxAY9E9g,29,15,115,https://www.youtube.com/watch?v=qohiZmnPNPQ,1894,901,22439,https://www.youtube.com/watch?v=opZbxAY9E9g,141,4,3,9,https://www.twitch.tv/videos/2755866419
a22035a68721415e830d1d7b8ffd172d,770,11345,0,0,0,,0,0,0,,0,0,0,,1846,0,0,0,
e83a22c584774763a3b91d557141604d,769,9965,0,0,0,,0,0,0,,0,0,0,,2048,601,374,928,https://www.twitch.tv/videos/2747009244
de6ab52e6aca42d2ab88274244e772fc,769,25997,0,0,0,,0,0,0,,0,0,0,,0,0,0,0,
3922688ae4b64592b8301430e19fd2ca,769,68874,104,63,1477,https://www.youtube.com/watch?v=s8xhEKpJ1Wc,98,36,157,https://www.youtube.com/watch?v=zNI1-GhvP2c,349,226,1477,https://www.youtube.com/watch?v=s8xhEKpJ1Wc,183,222,188,249,https://www.twitch.tv/videos/2752747942
50a5bb8d33e14c81813bd0d02dc34b58,767,0,0,0,0,,0,0,0,,0,0,0,,0,0,0,0,
5cdecbd7413e4c9e9cb56373a186ccec,767,17749,0,0,0,,0,0,0,,0,0,0,,402,40,27,88,https://www.twitch.tv/videos/2749441623
e888326df83d41f680960f24bb55c670,767,16022,0,0,0,,0,0,0,,0,0,0,,0,0,0,0,
17946118c2d641819c847aba0c491e13,766,4015,0,0,0,,0,0,0,,0,0,0,,5053,0,0,0,
80b6efc8007f4f6d84ce2f93862ae319,765,106946,215,123,301,https://www.youtube.com/watch?v=tIW2ltMaf_M,215,123,301,https://www.youtube.com/watch?v=tIW2ltMaf_M,0,0,0,,0,0,0,0,
1d1e155c827e4ed2a0596c256983c22d,764,19526,9,3,32,https://www.youtube.com/watch?v=zDIZB1xnBkg,0,0,0,,9,3,32,https://www.youtube.com/watch?v=zDIZB1xnBkg,2237,344,250,1643,https://www.twitch.tv/videos/2751306559
f1dff6bebe3a4fa7a4b9c05f91bdc42b,763,0,0,0,0,,0,0,0,,0,0,0,,0,0,0,0,
40bb881e52be4d8b9c66a60be89e0504,762,50496,54,27,60,https://www.youtube.com/watch?v=UyDm0gTXKEk,54,27,60,https://www.youtube.com/watch?v=UyDm0gTXKEk,0,0,0,,0,0,0,0,
945e26a69e2145219406bf2ca0d59554,761,21528,0,0,0,,0,0,0,,0,0,0,,728,0,0,0,
3a932cc8813343b6bb5d822cb2f53558,761,42012,0,0,0,,0,0,0,,0,0,0,,3187,0,0,0,
3204abe8247b45f08481bef65884ebc3,760,2983,0,0,0,,0,0,0,,0,0,0,,1339,34,30,51,https://www.twitch.tv/videos/2755924576
9539cc114b7648efb72bafc3a7358ae6,757,0,0,0,0,,0,0,0,,0,0,0,,1935,0,0,0,
dc0868efeac540bfac9b383bd65a82e6,757,22497,61,29,74,https://www.youtube.com/watch?v=A4qIzjByIT0,61,29,74,https://www.youtube.com/watch?v=A4qIzjByIT0,0,0,0,,0,0,0,0,
f7c5ff874d1d4528a36c0a54d27017a3,756,59654,33,6,56,https://www.youtube.com/watch?v=yXQ_wf_K0dY,33,6,56,https://www.youtube.com/watch?v=yXQ_wf_K0dY,0,0,0,,0,0,0,0,
cec266a3203a4d1599494b42f35b4012,755,631,0,0,0,,0,0,0,,0,0,0,,498,38,28,63,https://www.twitch.tv/videos/2755847063
a666cf6707d14cdbbe6581a8964aabd0,751,20781,0,0,0,,0,0,0,,0,0,0,,858,22,14,22,https://www.twitch.tv/videos/2750292223
66ab3e28c90a428bb98100cd9119a4e9,751,28236,72,40,154,https://www.youtube.com/watch?v=PhFHikDooiA,72,40,154,https://www.youtube.com/watch?v=PhFHikDooiA,0,0,0,,0,0,0,0,
efe21404e1e344dda7e75ecb2c160895,750,0,0,0,0,,0,0,0,,0,0,0,,0,0,0,0,
c639c0dba4504221bfec50cf787f395d,749,29189,100,52,1170,https://www.youtube.com/watch?v=zr5d2NLSNTM,73,44,85,https://www.youtube.com/watch?v=sSz_NO_WLlA,1158,331,1170,https://www.youtube.com/watch?v=zr5d2NLSNTM,1029,232,170,340,https://www.twitch.tv/videos/2747715804
7531ceacd52e43b4a29ba4dc18a3f56c,745,35907,1660,1199,1660,https://www.youtube.com/watch?v=w3N-6CDKg0s,0,0,0,,1660,1199,1660,https://www.youtube.com/watch?v=w3N-6CDKg0s,1878,278,185,463,https://www.twitch.tv/videos/2758145692
b96e4730713c48899004d4af5975fe21,744,5148,0,0,0,,0,0,0,,0,0,0,,250,0,0,0,
d573ba517ed043a780491c40a7aaa22e,742,0,0,0,0,,0,0,0,,0,0,0,,0,0,0,0,
6ac39c9c814e4dfe9c2294345a2a3e9c,742,54858,110,35,432,https://www.youtube.com/watch?v=xng6IrWrUXw,80,35,432,https://www.youtube.com/watch?v=xng6IrWrUXw,136,19,136,https://www.youtube.com/watch?v=Blw9gdIssM0,1460,128,125,128,https://www.twitch.tv/videos/2758178052
0f97f20ec79649e687590a4dc7328a21,740,19663,0,0,0,,0,0,0,,0,0,0,,349,0,0,0,
75e2a9a237e14297976b9b8946818de5,739,1606,0,0,0,,0,0,0,,0,0,0,,0,0,0,0,
4f20e15637644c409c850ced48bb33dd,738,34706,111,68,154,https://www.youtube.com/watch?v=IyxHl0CiAJ0,124,45,154,https://www.youtube.com/watch?v=IyxHl0CiAJ0,105,72,105,https://www.youtube.com/watch?v=PJW2oFDo50Q,0,0,0,0,
f5260b1a196a43f8b4aff1cc742a67f4,737,22120,130,72,1232,https://www.youtube.com/watch?v=rCxJFMsZW7w,108,68,564,https://www.youtube.com/watch?v=VIh63YT4Wp0,1045,612,1232,https://www.youtube.com/watch?v=rCxJFMsZW7w,118,34,30,44,https://www.twitch.tv/videos/2756629493
a1880ae475fe44fc92760277c3f850ed,736,6500,0,0,0,,0,0,0,,0,0,0,,587,0,0,0,
ab7fb3b59bef4d869388be703ffa8c01,736,12361,0,0,0,,0,0,0,,0,0,0,,0,0,0,0,
eef7776c596141afb7efb9c1790bcb64,736,34342,0,0,0,,0,0,0,,0,0,0,,1523,0,0,0,
c6286d22a9344325bb1609918d442b93,736,69857,0,0,0,,0,0,0,,0,0,0,,76,0,0,0,
40fd0ce414e8465880489531775662e7,735,244,0,0,0,,0,0,0,,0,0,0,,0,0,0,0,
c2b2f9bf0228445289b8791110b340ec,732,363231,44,24,86,https://www.youtube.com/watch?v=xxXaDGhIfwU,44,24,86,https://www.youtube.com/watch?v=xxXaDGhIfwU,0,0,0,,93,0,0,0,
8774553046cb47a9b5165c15feb01e84,731,32781,21,14,145,https://www.youtube.com/watch?v=jG_M_4hbKNU,21,14,145,https://www.youtube.com/watch?v=jG_M_4hbKNU,0,0,0,,475,68,62,68,https://www.twitch.tv/videos/2756542430
28e04c3575d84bd48e2de545801d4d06,729,18302,0,0,0,,0,0,0,,0,0,0,,0,0,0,0,
8f4142c5ead94656b4744b425d800fb8,727,98733,48,18,117,https://www.youtube.com/watch?v=ZvAMkSEGhZE,48,18,117,https://www.youtube.com/watch?v=ZvAMkSEGhZE,0,0,0,,0,0,0,0,
a2f9fd3568f3467aa35e411dbde1ab45,726,39680,54,8,56,https://www.youtube.com/watch?v=mDB6_UHN1Es,0,0,0,,54,8,56,https://www.youtube.com/watch?v=mDB6_UHN1Es,0,0,0,0,
00de1290ff0a4edda4db0385a6ba3300,726,14721,0,0,0,,0,0,0,,0,0,0,,1761,91,87,153,https://www.twitch.tv/videos/2755118134
9124a5ccacc44fb68b5b1d5697e3fb90,726,17925,94,31,166,https://www.youtube.com/watch?v=EzeW2vkG1ds,94,31,166,https://www.youtube.com/watch?v=EzeW2vkG1ds,0,0,0,,0,0,0,0,
c22cb6790eaf4fcc8ac47633e0ab6c49,725,23455,100,40,1043,https://www.youtube.com/watch?v=dmKxoBHIEcs,47,16,135,https://www.youtube.com/watch?v=NF_Cg9IG02U,605,366,1043,https://www.youtube.com/watch?v=dmKxoBHIEcs,301,82,68,111,https://www.twitch.tv/videos/2752734255
6826120624a244d4ab9522b5845db071,723,38338,0,0,0,,0,0,0,,0,0,0,,3659,370,313,792,https://www.twitch.tv/videos/2758225684
027dc46502ee4350ba597000191659ae,716,20153,104,73,1384,https://www.youtube.com/watch?v=wbL9Oxn0yIc,94,73,319,https://www.youtube.com/watch?v=HnrBKz4tYdE,485,265,1384,https://www.youtube.com/watch?v=wbL9Oxn0yIc,52,0,0,0,
ea31f43c943742be847e205495fc64ad,716,62210,1796,1531,2234,https://www.youtube.com/watch?v=KVdigRlA5CY,0,0,0,,1796,1531,2234,https://www.youtube.com/watch?v=KVdigRlA5CY,3439,1504,719,4537,https://www.twitch.tv/videos/2754353635
082df6a588424bc9aaa378c53b34315c,715,23484,0,0,0,,0,0,0,,0,0,0,,179,36,32,36,https://www.twitch.tv/videos/2756543155
ffe0cef3d8c34c52bb605a23a3e61e95,715,20623,236,76,1636,https://www.youtube.com/watch?v=sQVPShLOTpw,236,76,332,https://www.youtube.com/watch?v=j2Yk4BGrx_Y,853,341,1636,https://www.youtube.com/watch?v=sQVPShLOTpw,0,0,0,0,
bb775b8f85574398af290f5be009d40e,714,948,0,0,0,,0,0,0,,0,0,0,,0,0,0,0,
acc6cc72bdb74a74a719cc41baf0aade,713,26785,56,29,109,https://www.youtube.com/watch?v=VFz40UPBDuo,56,29,109,https://www.youtube.com/watch?v=VFz40UPBDuo,0,0,0,,0,0,0,0,
8999cce711d64abfb6d451ca6172dd3e,711,50318,1789,1269,18432,https://www.youtube.com/watch?v=GDYCpZr7fvE,0,0,0,,1789,1269,18432,https://www.youtube.com/watch?v=GDYCpZr7fvE,0,0,0,0,
fb72bfcead034da2abef22637e7b2b3c,709,36306,971,239,1405,https://www.youtube.com/watch?v=LCPLljeKhvI,0,0,0,,971,239,1405,https://www.youtube.com/watch?v=LCPLljeKhvI,1507,138,94,277,https://www.twitch.tv/videos/2753249395
8bd1aad0ee834101b6042c08495a31be,709,17073,0,0,0,,0,0,0,,0,0,0,,250,22,14,25,https://www.twitch.tv/videos/2747846895
a4e31a26718d42d692f6613fafb810f5,708,17770,0,0,0,,0,0,0,,0,0,0,,0,0,0,0,
667d1f10770d4512a5350b74bcb3efc0,706,28128,65,50,74,https://www.youtube.com/watch?v=y5nzFKePEbI,65,50,74,https://www.youtube.com/watch?v=y5nzFKePEbI,0,0,0,,0,0,0,0,
6bff712e91fe4fc19332873f9db07c2a,706,28032,0,0,0,,0,0,0,,0,0,0,,0,0,0,0,
d460f1ea172d49f9a23f3277a391ce30,705,5822,0,0,0,,0,0,0,,0,0,0,,526,35,33,73,https://www.twitch.tv/videos/2747043977
40a4357f990e4fd8ad2ac18c26603925,705,17945,23,8,52,https://www.youtube.com/watch?v=j_Yx5sl8aJE,20,3,29,https://www.youtube.com/watch?v=rF4WusjUPik,52,19,52,https://www.youtube.com/watch?v=j_Yx5sl8aJE,1658,47,35,103,https://www.twitch.tv/videos/2753464579
96f73c5682e942ef888a3313031c7f58,704,11579,0,0,0,,0,0,0,,0,0,0,,0,0,0,0,
5ee9f1126dcf463e8d6afc8ef113d084,703,21920,56,30,121,https://www.youtube.com/watch?v=Kc81yab4c90,56,30,121,https://www.youtube.com/watch?v=Kc81yab4c90,0,0,0,,0,0,0,0,
c72045d5b8714411af64d5c9d29cea97,701,28380,0,0,0,,0,0,0,,0,0,0,,0,0,0,0,
4297ecbe09d04698a65f1778f5c16dc4,700,30606,56,34,1887,https://www.youtube.com/watch?v=PxvkgWvOfVk,51,25,92,https://www.youtube.com/watch?v=jVmn-cJe9iA,641,456,1887,https://www.youtube.com/watch?v=PxvkgWvOfVk,201,20,15,28,https://www.twitch.tv/videos/2748680829
b3628981441b4b1aa2a3c91af81c7084,700,4387,0,0,0,,0,0,0,,0,0,0,,0,0,0,0,
2047c8ae25624470b90251b1fd9502d5,697,27779,0,0,0,,0,0,0,,0,0,0,,0,0,0,0,
4caacad18f2842a099e3f8cc31060aca,696,32734,0,0,0,,0,0,0,,0,0,0,,0,0,0,0,
8881d23b0a3c426590c8a2509e363ec1,696,86381,0,0,0,,0,0,0,,0,0,0,,2006,128,92,246,https://www.twitch.tv/videos/2752696723
bd16ea1e11d9475eb53a108ba90ea6a3,696,58522,27,10,90,https://www.youtube.com/watch?v=mwYaTKPQ6Hw,27,10,90,https://www.youtube.com/watch?v=mwYaTKPQ6Hw,0,0,0,,0,0,0,0,
9b64082043fc451f9dd5edc793fa8605,696,8699,5,1,14,https://www.youtube.com/watch?v=fKwLO1rhSF4,0,0,0,,5,1,14,https://www.youtube.com/watch?v=fKwLO1rhSF4,1148,239,194,301,https://www.twitch.tv/videos/2756493049
60da3bb357d64f998006b8ca3043fd00,695,28812,52,31,155,https://www.youtube.com/watch?v=nl0x4ALdN7k,52,31,155,https://www.youtube.com/watch?v=nl0x4ALdN7k,0,0,0,,0,0,0,0,
8a3a04df8f6048d19825cdfef59ecdc1,694,19467,0,0,0,,0,0,0,,0,0,0,,0,0,0,0,
b5e6939c87f34003b2faf4bb3a72ca14,694,0,0,0,0,,0,0,0,,0,0,0,,0,0,0,0,
28e5717b1964475ca59ce02d81cb2796,693,14290,0,0,0,,0,0,0,,0,0,0,,3266,680,258,1401,https://www.twitch.tv/videos/2756253174
0800162a149e420ea0386c9506e710b7,693,29587,0,0,0,,0,0,0,,0,0,0,,0,0,0,0,
a0467c81a3014fbf83029acffe5b1d3f,688,12290,0,0,0,,0,0,0,,0,0,0,,1159,28,21,33,https://www.twitch.tv/videos/2751654569
1058d6e9f351455389e8a7a716ea26ff,686,52673,33,12,94,https://www.youtube.com/watch?v=7T5amoiJHKQ,28,15,94,https://www.youtube.com/watch?v=7T5amoiJHKQ,44,9,66,https://www.youtube.com/watch?v=y1ZKcvT5aPQ,3395,175,136,466,https://www.twitch.tv/videos/2751034502
5896bb30994d4416ad7e252642135194,684,49350,61,36,69,https://www.youtube.com/watch?v=8WZYDTkcOr4,61,36,69,https://www.youtube.com/watch?v=8WZYDTkcOr4,0,0,0,,0,0,0,0,
bff3b878d9864ff893bd79d1f2a7a849,683,44027,22,10,55,https://www.youtube.com/watch?v=YfZ7AOvdReY,23,8,55,https://www.youtube.com/watch?v=YfZ7AOvdReY,18,12,18,https://www.youtube.com/watch?v=m6Il3g6lKxE,129,12,7,24,https://www.twitch.tv/videos/2751599604
29d8d144d6a24ff28476d25306286836,683,133320,2191,742,4364,https://www.youtube.com/watch?v=oBAZ1kSNpXI,0,0,0,,2191,742,4364,https://www.youtube.com/watch?v=oBAZ1kSNpXI,1179,287,212,2125,https://www.twitch.tv/videos/2750957496
8ba365057cdb4ba5ba9c27c02c7c7f3d,683,13078,0,0,0,,0,0,0,,0,0,0,,1201,0,0,0,
15e82a696cfc4d42929e29b0d90955d1,681,45748,182,65,937,https://www.youtube.com/watch?v=u73BDr4WJ4k,146,71,937,https://www.youtube.com/watch?v=u73BDr4WJ4k,280,63,463,https://www.youtube.com/watch?v=T_PdOICsRjw,0,0,0,0,
15ec206bfc374aaaa594bc12e9887a69,681,9391,0,0,0,,0,0,0,,0,0,0,,1624,0,0,0,
1b8f1c5c6e784ef4930d7e0f1dc35e4e,681,0,0,0,0,,0,0,0,,0,0,0,,0,0,0,0,
2608bc34d1f8497da55ab0cf4d0d7f0e,679,14047,1110,455,1110,https://www.youtube.com/watch?v=_U8AbHHXaLU,0,0,0,,1110,455,1110,https://www.youtube.com/watch?v=_U8AbHHXaLU,2982,1168,805,1769,https://www.twitch.tv/videos/2750716938
0528d5a963af400884b2db8484a0d152,678,531,0,0,0,,0,0,0,,0,0,0,,411,0,0,0,
2c83b5b4c0644e9d94c4221ba9543cc5,677,19113,0,0,0,,0,0,0,,0,0,0,,270,0,0,0,
0591345aa6634a73ac41f08af6d4e06e,676,33398,42,24,1372,https://www.youtube.com/watch?v=heD6IR2yrrI,39,23,117,https://www.youtube.com/watch?v=lKXIICej48Q,1372,1270,1372,https://www.youtube.com/watch?v=heD6IR2yrrI,0,0,0,0,
94b3f738cde248e3bf6061f1692d6337,675,167478,0,0,0,,0,0,0,,0,0,0,,0,0,0,0,
e44a37ed06c749da9aeea8e16b309a84,675,28944,0,0,0,,0,0,0,,0,0,0,,27,0,0,0,
8ae0f370cf124faa953a09089a427fd9,674,27515,91,44,559,https://www.youtube.com/watch?v=aHS8geOU6yE,91,44,559,https://www.youtube.com/watch?v=aHS8geOU6yE,0,0,0,,291,41,29,90,https://www.twitch.tv/videos/2757440998
6159040406fc4e6cb73dbf9734717703,673,98248,0,0,0,,0,0,0,,0,0,0,,2146,0,0,0,
263db06cfe814d4397e6fc8bc593e70e,673,42540,0,0,0,,0,0,0,,0,0,0,,0,0,0,0,
c265c71f4d2744919a319f0f38c008f9,671,25933,0,0,0,,0,0,0,,0,0,0,,5612,0,0,0,
1a39f2817a8d4b2d941677c2a07e896a,670,78588,75,35,1888,https://www.youtube.com/watch?v=QJcfuS9b3QI,56,20,1299,https://www.youtube.com/watch?v=LZlPVx-PqtQ,288,66,1888,https://www.youtube.com/watch?v=QJcfuS9b3QI,0,0,0,0,
a324be13dcdb4acbbe722638fc2dbfa4,669,37686,57,37,3036,https://www.youtube.com/watch?v=d-MgyzTMa5U,45,14,67,https://www.youtube.com/watch?v=kTpTvo8ry-0,2831,1161,3036,https://www.youtube.com/watch?v=d-MgyzTMa5U,115,14,12,16,https://www.twitch.tv/videos/2755041311
728094029eab434ca60a99e4d1a139c7,667,111463,512,312,24100,https://www.youtube.com/watch?v=9pZf8c6UhP0,153,51,228,https://www.youtube.com/watch?v=yhjtlpECNhw,1780,793,24100,https://www.youtube.com/watch?v=9pZf8c6UhP0,5,0,0,0,
dfc411c6b5d24d97b944f527ddfd2f0b,665,34141,72,30,176,https://www.youtube.com/watch?v=C5wt33nQFJk,79,30,176,https://www.youtube.com/watch?v=C5wt33nQFJk,44,37,44,https://www.youtube.com/watch?v=fb_v45aJfoM,0,0,0,0,
26b00f5ff5bf4b5a8dcb6c5c34e1b4f6,665,4896,0,0,0,,0,0,0,,0,0,0,,5941,1042,641,3283,https://www.twitch.tv/videos/2751335790
d15b3fadead04e7399faaeb47fdf37f9,664,33586,0,0,0,,0,0,0,,0,0,0,,0,0,0,0,
a59b5e9b4b3f423faa754bb0c1c5e9f7,664,20043,0,0,0,,0,0,0,,0,0,0,,13,0,0,0,
63d931b5a0374b3fbeef2c565a8db8df,663,95161,2294,274,2294,https://www.youtube.com/watch?v=8sthokxi8lM,0,0,0,,2294,274,2294,https://www.youtube.com/watch?v=8sthokxi8lM,6378,636,441,636,https://www.twitch.tv/videos/2751172147
5bbd1c2531594775a4b74928e630dd59,662,45475,0,0,0,,0,0,0,,0,0,0,,4110,325,203,1538,https://www.twitch.tv/videos/2751674738
f3a1ec7e996e4897ba4e34376f7c0be2,662,8358,90,50,90,https://www.youtube.com/watch?v=fsZ-qkkyED4,0,0,0,,90,50,90,https://www.youtube.com/watch?v=fsZ-qkkyED4,1022,212,147,317,https://www.twitch.tv/videos/2752602863
3a30426a65fe450bbef138fd8ba35f1e,661,51435,75,47,179,https://www.youtube.com/watch?v=LJnwwKNDXTU,75,47,179,https://www.youtube.com/watch?v=LJnwwKNDXTU,0,0,0,,0,0,0,0,
f513e865b8aa4afab938316563c4955f,660,30222,0,0,0,,0,0,0,,0,0,0,,429,0,0,0,
4b305df8ba4546b48c8ec1cda5efb7e2,660,181102,15,10,15,https://www.youtube.com/watch?v=95hpsBZv6-A,15,10,15,https://www.youtube.com/watch?v=95hpsBZv6-A,0,0,0,,0,0,0,0,
23d18a6678794320b2d3f9d468b9b3a4,659,42949,15,6,122,https://www.youtube.com/watch?v=Bg0u2-i-wfE,15,6,23,https://www.youtube.com/watch?v=1ityZ19Z0Cs,122,7,122,https://www.youtube.com/watch?v=Bg0u2-i-wfE,1262,155,124,578,https://www.twitch.tv/videos/2747066830
fc6a8de6e0e14e05a11b1d35dfce1d71,658,36237,42,33,56,https://www.youtube.com/watch?v=kTVtNWylXuo,42,30,43,https://www.youtube.com/watch?v=iDQc6JWmFqA,56,40,56,https://www.youtube.com/watch?v=kTVtNWylXuo,0,0,0,0,
7342e2aefa41449880565dfd15a35cad,658,20481,40,9,51,https://www.youtube.com/watch?v=9tHyJeftAEI,40,9,51,https://www.youtube.com/watch?v=9tHyJeftAEI,0,0,0,,0,0,0,0,
49d38057272d4c4992cdbcb792c94d00,657,25967,32,10,51,https://www.youtube.com/watch?v=f64gLKgEbO8,32,10,51,https://www.youtube.com/watch?v=f64gLKgEbO8,0,0,0,,284,37,9,96,https://www.twitch.tv/videos/2738656833
91d867842ac74a299407199f295d135d,655,2315,0,0,0,,0,0,0,,0,0,0,,0,0,0,0,
c03997835cc943fe81a441c571d733d0,654,53582,23,9,123,https://www.youtube.com/watch?v=JYDkK-i6Ad0,22,8,39,https://www.youtube.com/watch?v=bxVntjCRxHA,123,30,123,https://www.youtube.com/watch?v=JYDkK-i6Ad0,207,0,0,0,
b96f58f4373a4b65977afe5f2829e9e4,653,164645,53,10,147,https://www.youtube.com/watch?v=_HSAirVLFXU,52,10,66,https://www.youtube.com/watch?v=y74G_e1MyP4,105,47,147,https://www.youtube.com/watch?v=_HSAirVLFXU,512,121,79,170,https://www.twitch.tv/videos/2751143649
14d68e1fc65f4206b0c45d65970c0215,651,42759,61,26,85,https://www.youtube.com/watch?v=0SBV7WJEQKA,61,26,85,https://www.youtube.com/watch?v=0SBV7WJEQKA,0,0,0,,0,0,0,0,
9bd9d680d6cf48d1a7171430f286fcb1,651,92245,37,17,1281,https://www.youtube.com/watch?v=Gov4W0ci3gs,32,13,68,https://www.youtube.com/watch?v=L1zz_GALQvQ,401,133,1281,https://www.youtube.com/watch?v=Gov4W0ci3gs,0,0,0,0,
4d4db7afb4b84af7b4d54889a5f93947,651,19353,34,31,34,https://www.youtube.com/watch?v=PYBIvVKocis,0,0,0,,34,31,34,https://www.youtube.com/watch?v=PYBIvVKocis,0,0,0,0,
31073a45106c442cbe11fd4368e162fe,650,16094,0,0,0,,0,0,0,,0,0,0,,2140,0,0,0,
f7185f45c8a44e69bf829405206996b9,650,30622,108,28,174,https://www.youtube.com/watch?v=GQJGo5xOHG0,108,28,174,https://www.youtube.com/watch?v=GQJGo5xOHG0,0,0,0,,54,0,0,0,
0f11420beab0442eae0208ac63d4474c,650,3913,0,0,0,,0,0,0,,0,0,0,,0,0,0,0,
948c874aac8c4c7fa088b380e79b2154,649,20679,104,71,104,https://www.youtube.com/watch?v=mX-TDfR26p0,104,71,104,https://www.youtube.com/watch?v=mX-TDfR26p0,0,0,0,,0,0,0,0,
2c6b5ad20b4e4bdc85310b791d02b364,649,7018,0,0,0,,0,0,0,,0,0,0,,2342,0,0,0,
3e079110e939428085c1f1040ec756f9,648,8642,0,0,0,,0,0,0,,0,0,0,,0,0,0,0,
677a773535814b5fa2d557da2f80bb89,647,17364,0,0,0,,0,0,0,,0,0,0,,423,0,0,0,
e911a56d410b4949aee1d3a8dc84f4ad,647,39766,37,15,70,https://www.youtube.com/watch?v=QA3Ow9z1mPI,37,16,70,https://www.youtube.com/watch?v=QA3Ow9z1mPI,37,0,37,https://www.youtube.com/watch?v=-PY11RAkqPU,0,0,0,0,
87e1b5eec62040118b6bd49efbe5d61c,644,50875,118,47,1345,https://www.youtube.com/watch?v=8PalmfywAWg,79,40,219,https://www.youtube.com/watch?v=k0KtSHOiNHA,549,312,1345,https://www.youtube.com/watch?v=8PalmfywAWg,426,191,142,724,https://www.twitch.tv/videos/2750766730
9f585f607da24e26b05ccb7e06e1d4f1,641,88304,135,43,1429,https://www.youtube.com/watch?v=hA-NEMfFZUM,61,28,230,https://www.youtube.com/watch?v=2ReGbIlG_wk,1134,272,1429,https://www.youtube.com/watch?v=hA-NEMfFZUM,527,0,0,0,
adb7f358e8134f30ac0919a74c9d171b,638,13847,3,2,3,https://www.youtube.com/watch?v=skeYWpR9kiM,0,0,0,,3,2,3,https://www.youtube.com/watch?v=skeYWpR9kiM,2211,319,200,708,https://www.twitch.tv/videos/2750120777
031da54f73f94adf8159ef0d3bfeb52b,636,67508,31,12,72,https://www.youtube.com/watch?v=5_W9oRA9ES8,31,12,72,https://www.youtube.com/watch?v=5_W9oRA9ES8,0,0,0,,0,0,0,0,
5298121274154e4b9154e8ac47d98beb,636,36831,84,65,562,https://www.youtube.com/watch?v=8d-zhqJgohg,32,18,137,https://www.youtube.com/watch?v=3f-GnyF08_Q,562,558,562,https://www.youtube.com/watch?v=8d-zhqJgohg,0,0,0,0,
4c127c01ba31487599018fc81ff1a3dd,635,36000,0,0,0,,0,0,0,,0,0,0,,0,0,0,0,
6bb99d03979041aa909d87375acaf92d,635,108612,592,76,592,https://www.youtube.com/watch?v=w4PgibFmpF4,592,76,592,https://www.youtube.com/watch?v=w4PgibFmpF4,0,0,0,,0,0,0,0,
f1bcb26adebc4b95abd8fb779dfc4f6f,635,30818,114,43,148,https://www.youtube.com/watch?v=1DhxKSehUVo,114,43,148,https://www.youtube.com/watch?v=1DhxKSehUVo,0,0,0,,0,0,0,0,
e7f01ae0c78b4daeaaf8f3fe39946e8d,633,33378,37,8,73,https://www.youtube.com/watch?v=5k3TtIw48gU,37,8,73,https://www.youtube.com/watch?v=5k3TtIw48gU,0,0,0,,0,0,0,0,
ec332c6e824044698204e6dba3e5fbfc,633,12001,0,0,0,,0,0,0,,0,0,0,,567,0,0,0,
424043d4c55449cd9317bc0923c13299,631,264954,66,29,1222,https://www.youtube.com/watch?v=-J7i7TCloQI,37,11,77,https://www.youtube.com/watch?v=2j0m3PAI2LA,445,41,1222,https://www.youtube.com/watch?v=-J7i7TCloQI,279,0,0,0,
004e635d5d494045a810b2d026e769c7,631,62000,187,142,1146,https://www.youtube.com/watch?v=qQ1ddQVFs8k,187,142,264,https://www.youtube.com/watch?v=2zGYAC3iqlU,593,284,1146,https://www.youtube.com/watch?v=qQ1ddQVFs8k,0,0,0,0,
dc9cd2bc942d427d8cc73370d1194f9e,631,45662,115,77,342,https://www.youtube.com/watch?v=tXVbQrocWGM,115,77,342,https://www.youtube.com/watch?v=tXVbQrocWGM,0,0,0,,0,0,0,0,
1f455594561b421da20dde10d1540981,630,44370,0,0,0,,0,0,0,,0,0,0,,6176,448,253,1434,https://www.twitch.tv/videos/2755879235
e55e67f2f7f64a6da7ae604df1652f5e,630,252345,96,67,113,https://www.youtube.com/watch?v=G-xWaqvQYG8,79,26,79,https://www.youtube.com/watch?v=UtMFRj_W-Ew,113,107,113,https://www.youtube.com/watch?v=G-xWaqvQYG8,0,0,0,0,
87e486b2a37549cbaccc95bbf7d3f253,628,40939,26,19,1185,https://www.youtube.com/watch?v=VgczWFbnB78,26,19,131,https://www.youtube.com/watch?v=SbPTbc-uhec,1185,812,1185,https://www.youtube.com/watch?v=VgczWFbnB78,2437,118,89,177,https://www.twitch.tv/videos/2751102828
e50da8792cd94b009eaa8dd4be738d59,627,2038,0,0,0,,0,0,0,,0,0,0,,1076,32,22,68,https://www.twitch.tv/videos/2755211916
fdb0805c65e24f13b7f23e50e0db8ae2,626,45751,795,571,1154,https://www.youtube.com/watch?v=aWUsrr3QOhw,0,0,0,,795,571,1154,https://www.youtube.com/watch?v=aWUsrr3QOhw,8710,967,756,1069,https://www.twitch.tv/videos/2753426273
326a721a7a904cb9b5ed0dad4899d7c2,626,21775,548,506,1081,https://www.youtube.com/watch?v=yExXFMYZ7IQ,0,0,0,,548,506,1081,https://www.youtube.com/watch?v=yExXFMYZ7IQ,789,231,182,430,https://www.twitch.tv/videos/2750232742
54b80ca15e0c40f6abdebd37e0aa4ca1,624,14254,0,0,0,,0,0,0,,0,0,0,,672,207,143,255,https://www.twitch.tv/videos/2751837348
6c2b07e387644ff1898d8c536747dcb0,623,20854,961,374,1417,https://www.youtube.com/watch?v=RU_KhMaK_IY,0,0,0,,961,374,1417,https://www.youtube.com/watch?v=RU_KhMaK_IY,308,0,0,0,
960c19dbf65f4b7fa27439d1ede2af21,622,22804,0,0,0,,0,0,0,,0,0,0,,0,0,0,0,
b16b9643e24d404a8de6d66551451b85,622,8867,34,7,71,https://www.youtube.com/watch?v=TcYBJapPL_I,34,7,71,https://www.youtube.com/watch?v=TcYBJapPL_I,0,0,0,,3316,0,0,0,
32ce3b3861fe4b5a98d5adc9a704bbf1,622,26231,673,434,5928,https://www.youtube.com/watch?v=iDo-1k4ZF5U,531,501,588,https://www.youtube.com/watch?v=EanMnzJDcLU,3834,367,5928,https://www.youtube.com/watch?v=iDo-1k4ZF5U,31,0,0,0,
3e6f13f775fa4ef09ff9b26ce062eb52,622,1582,0,0,0,,0,0,0,,0,0,0,,306,0,0,0,
c1ca3c2282084d0ebbdeb3896801aec9,621,18998,0,0,0,,0,0,0,,0,0,0,,259,0,0,0,
b8ccfa7aec6a419ca8ad1a91d9fafdf6,621,0,0,0,0,,0,0,0,,0,0,0,,2333,128,87,176,https://www.twitch.tv/videos/2753831290
0ad03ee6159c4d37a4feccbc49ba3dcf,621,56722,34,19,488,https://www.youtube.com/watch?v=zFlMJV26D4E,34,21,488,https://www.youtube.com/watch?v=zFlMJV26D4E,5,2,5,https://www.youtube.com/watch?v=ZQAMDGAKUNo,168,0,0,0,
5e931b583dfe4fdc98d10e4dceaf2c93,621,23283,6,1,95,https://www.youtube.com/watch?v=Eez7IzygwcU,0,0,0,,6,1,95,https://www.youtube.com/watch?v=Eez7IzygwcU,1523,121,118,121,https://www.twitch.tv/videos/2758184839
75efe1c591fa4cba93c4938c58cfed27,621,0,0,0,0,,0,0,0,,0,0,0,,0,0,0,0,
e0823adb7a574647b6e395e70038509d,620,28089,992,280,1481,https://www.youtube.com/watch?v=XNMxYKlM21M,0,0,0,,992,280,1481,https://www.youtube.com/watch?v=XNMxYKlM21M,0,0,0,0,
dec8ff1f1ef243ccb8fa65edb7a813bd,620,872,0,0,0,,0,0,0,,0,0,0,,327,0,0,0,
a1d00cd951ed45afb01e1668dfae6592,618,8196,0,0,0,,0,0,0,,0,0,0,,0,0,0,0,
c3945429509246f79c5f0a18594f696d,618,30120,37,33,37,https://www.youtube.com/watch?v=Kr1lBfHTm50,0,0,0,,37,33,37,https://www.youtube.com/watch?v=Kr1lBfHTm50,12843,3137,1088,5526,https://www.twitch.tv/videos/2755765659
e07cd7e29645414481d441fcfd4fd456,617,29100,4,2,5,https://www.youtube.com/watch?v=oBtS2Rl_wRU,0,0,0,,4,2,5,https://www.youtube.com/watch?v=oBtS2Rl_wRU,0,0,0,0,
f5a99c6ea78e4023b1bc84c1502f432d,616,30960,20,8,312,https://www.youtube.com/watch?v=JVWx7yxZbpI,18,7,55,https://www.youtube.com/watch?v=jV6lo6woU5I,189,164,312,https://www.youtube.com/watch?v=JVWx7yxZbpI,794,66,32,127,https://www.twitch.tv/videos/2757561284
66345fc8147b45e99d6eba1b0df6ba7c,616,31731,0,0,0,,0,0,0,,0,0,0,,0,0,0,0,
f220baaf52864d7eba4b39877bc2afd2,616,0,0,0,0,,0,0,0,,0,0,0,,1133,0,0,0,
12d506583827419e9eb3b64ec551a94d,616,32650,67,32,91,https://www.youtube.com/watch?v=rJEBJElcB9I,67,32,91,https://www.youtube.com/watch?v=rJEBJElcB9I,0,0,0,,24,0,0,0,
2ffa876173cb42bc8a1de004fe10e391,612,11676,0,0,0,,0,0,0,,0,0,0,,0,0,0,0,
17143fd7a2eb41aab006783b2584dda7,611,14710,0,0,0,,0,0,0,,0,0,0,,1030,0,0,0,
809ddec4aec2402ea41adeba2f8520ec,608,59295,199,19,796,https://www.youtube.com/watch?v=AxowdVcOiZE,0,0,0,,199,19,796,https://www.youtube.com/watch?v=AxowdVcOiZE,1212,262,202,269,https://www.twitch.tv/videos/2752664219
5507154831064d69906acc64c76b1c99,606,23192,0,0,0,,0,0,0,,0,0,0,,3161,478,154,890,https://www.twitch.tv/videos/2752794265
9760ffdb528f40a7bd010589f2ce06c4,605,29562,0,0,0,,0,0,0,,0,0,0,,785,72,48,72,https://www.twitch.tv/videos/2750898422
d02adf3818df4c9fa03ed90bf1df5b41,605,15465,15,11,29,https://www.youtube.com/watch?v=4GtNv3K6K1I,28,22,29,https://www.youtube.com/watch?v=4GtNv3K6K1I,3,2,4,https://www.youtube.com/watch?v=qaLIRXtQ0ro,0,0,0,0,
09664b7d99674030ae184672ac8c8ee7,601,52076,0,0,0,,0,0,0,,0,0,0,,0,0,0,0,
5d1f5182f62642a8a2e3ae5d3ead1014,601,51110,102,8,301,https://www.youtube.com/watch?v=YmD_jz6vZKc,99,26,181,https://www.youtube.com/watch?v=r68FUn9NdXE,127,4,301,https://www.youtube.com/watch?v=YmD_jz6vZKc,0,0,0,0,
8b0dbadf9faa4815923944437f1c1abb,600,72239,8,3,1278,https://www.youtube.com/watch?v=FQ-D-Vv67Qg,0,0,0,,8,3,1278,https://www.youtube.com/watch?v=FQ-D-Vv67Qg,0,0,0,0,
7c781489389447e682388caccae7fb1c,600,21097,18,11,23,https://www.youtube.com/watch?v=cz4j1rBqxo0,0,0,0,,18,11,23,https://www.youtube.com/watch?v=cz4j1rBqxo0,1043,42,25,49,https://www.twitch.tv/videos/2749430727
20b9316c0979495fbff724be3442d4a4,599,142031,43,19,1995,https://www.youtube.com/watch?v=3btuJlJ44c8,29,17,93,https://www.youtube.com/watch?v=na_cX2Ycvfc,246,124,1995,https://www.youtube.com/watch?v=3btuJlJ44c8,17,0,0,0,
6142bdfa61cd4f3092263bfe477e8e0b,599,147156,66,43,81,https://www.youtube.com/watch?v=wTZruUVvOog,66,43,81,https://www.youtube.com/watch?v=wTZruUVvOog,0,0,0,,0,0,0,0,
04ca68439fd14d088c77eb0069e6414f,598,55493,25,17,61,https://www.youtube.com/watch?v=7NiwgyyrD2Y,25,17,61,https://www.youtube.com/watch?v=7NiwgyyrD2Y,0,0,0,,348,66,47,113,https://www.twitch.tv/videos/2748511123
3f74c9c84fac427ea0e3d147c6027e82,596,17696,5,0,5,https://www.youtube.com/watch?v=rUhZ8B6dOf0,0,0,0,,5,0,5,https://www.youtube.com/watch?v=rUhZ8B6dOf0,0,0,0,0,
19ccc34670ad4ea6b4d8bc5aaafdf876,595,12800,0,0,0,,0,0,0,,0,0,0,,0,0,0,0,
e4a78a4115b7463eb3e42f1cbbd59aa0,594,38491,0,0,0,,0,0,0,,0,0,0,,0,0,0,0,
8729a18bfb7848d880a59da20b281640,593,0,0,0,0,,0,0,0,,0,0,0,,547,0,0,0,
3849edba2b2e411f8564e9c1d1aaaa51,592,72587,0,0,0,,0,0,0,,0,0,0,,0,0,0,0,
defbc693cb874182807b768593439616,592,19095,0,0,0,,0,0,0,,0,0,0,,1605,182,47,228,https://www.twitch.tv/videos/2741246628
da2113ffb3d74a6394685e68feaa7b60,592,144463,266,93,1697,https://www.youtube.com/watch?v=vUX4BSd2Iqk,22,13,42,https://www.youtube.com/watch?v=vsPM-QNDrEQ,266,123,1697,https://www.youtube.com/watch?v=vUX4BSd2Iqk,0,0,0,0,
2fbd2ed36dc7493b8d3e95a19c2c9847,590,47465,53,24,295,https://www.youtube.com/watch?v=-GurZoN0Sgw,53,24,295,https://www.youtube.com/watch?v=-GurZoN0Sgw,0,0,0,,0,0,0,0,
cd90274cae394fa7be47a5535b563882,588,0,0,0,0,,0,0,0,,0,0,0,,0,0,0,0,
4cc07f3cbfed434090bba391bc15fd6d,587,39554,0,0,0,,0,0,0,,0,0,0,,1640,130,71,166,https://www.twitch.tv/videos/2747829374
1204e14e13fb4e1e9dcbd47e1a8dc7b2,585,15637,0,0,0,,0,0,0,,0,0,0,,711,0,0,0,
8c4d0ef0e1ee405e93be5d03974307ce,585,31033,67,33,76,https://www.youtube.com/watch?v=lJwv2XiSVR4,67,33,76,https://www.youtube.com/watch?v=lJwv2XiSVR4,0,0,0,,31,0,0,0,
7dc8617f6004470c8a65a67a9abdf661,584,19280,20,9,20,https://www.youtube.com/watch?v=QMLQqfmWr7M,20,9,20,https://www.youtube.com/watch?v=QMLQqfmWr7M,0,0,0,,248,0,0,0,
fcf160e0e39147b4b4037d1e4d18f076,582,69036,54,23,132,https://www.youtube.com/watch?v=qskSwJaK9FE,54,23,132,https://www.youtube.com/watch?v=qskSwJaK9FE,0,0,0,,0,0,0,0,
3de1f749e7fe4b219a2a10611311297f,582,22753,46,15,104,https://www.youtube.com/watch?v=OJ0l_gtBGNM,46,15,104,https://www.youtube.com/watch?v=OJ0l_gtBGNM,0,0,0,,353,0,0,0,
6f5a8075e60244cb8e74c6aa35daaa2a,582,29442,0,0,0,,0,0,0,,0,0,0,,0,0,0,0,
903278eb21a342669dc6f7eea7dbe618,576,18991,164,89,1037,https://www.youtube.com/watch?v=dqbwAuhlSiM,152,89,409,https://www.youtube.com/watch?v=fhnpo73QSN0,1037,892,1037,https://www.youtube.com/watch?v=dqbwAuhlSiM,0,0,0,0,
ff88906b47654805b8370426415f1183,576,20514,0,0,0,,0,0,0,,0,0,0,,3213,729,426,3413,https://www.twitch.tv/videos/2745253476
f9247dd02dd24e209eba623edcd8354b,574,55871,195,116,261,https://www.youtube.com/watch?v=RU-nrof7J54,0,0,0,,195,116,261,https://www.youtube.com/watch?v=RU-nrof7J54,518,0,0,0,
aa673b95b03540288c87dbaa59477ef9,574,37873,193,101,193,https://www.youtube.com/watch?v=xp0V8KJUMkY,193,101,193,https://www.youtube.com/watch?v=xp0V8KJUMkY,0,0,0,,0,0,0,0,
fad52a34935b402a819aa4bb504453da,574,29987,0,0,0,,0,0,0,,0,0,0,,0,0,0,0,
4859b57db8e043f1965e56324f137097,571,92509,900,675,900,https://www.youtube.com/watch?v=jXPVlwJeSVQ,0,0,0,,900,675,900,https://www.youtube.com/watch?v=jXPVlwJeSVQ,1950,506,319,700,https://www.twitch.tv/videos/2756548296
a05afa97381b4f96b02a1af859426f9c,571,54612,196,77,1850,https://www.youtube.com/watch?v=ZMWWggz90lQ,108,64,365,https://www.youtube.com/watch?v=Ud-kHR0o83c,971,237,1850,https://www.youtube.com/watch?v=ZMWWggz90lQ,0,0,0,0,
bedd14283dd34a639c5f77a95856ecad,570,20765,101,46,152,https://www.youtube.com/watch?v=BYkNj8-Z_bQ,101,46,152,https://www.youtube.com/watch?v=BYkNj8-Z_bQ,0,0,0,,0,0,0,0,
7179f903569e4fa9842b5c5ea3f7a645,567,34208,46,7,60,https://www.youtube.com/watch?v=HPpY3bGdN58,46,7,60,https://www.youtube.com/watch?v=HPpY3bGdN58,0,0,0,,637,0,0,0,
993f7baff5d24cf69d077e30f7fd1a9d,566,26266,0,0,0,,0,0,0,,0,0,0,,0,0,0,0,
c4ad3b6c4fe94f9a8142895fd869dfb9,565,4552,12,8,13,https://www.youtube.com/watch?v=PIqXGdqpN7E,0,0,0,,12,8,13,https://www.youtube.com/watch?v=PIqXGdqpN7E,1477,397,306,483,https://www.twitch.tv/videos/2750846433
3e7ef261eb21464eacd7d26a1e6c2fcc,564,26082,85,50,134,https://www.youtube.com/watch?v=Vw4LWZDZ8Qc,85,50,134,https://www.youtube.com/watch?v=Vw4LWZDZ8Qc,0,0,0,,0,0,0,0,
3353f8693d7b4caa82abeb2de3d89815,564,19514,25,13,51,https://www.youtube.com/watch?v=Zi6pJqTFR8U,25,13,51,https://www.youtube.com/watch?v=Zi6pJqTFR8U,4,3,4,https://www.youtube.com/watch?v=Moix4U_AP7w,1626,313,246,634,https://www.twitch.tv/videos/2749536507
bee7e3be201d4df089b9d73d384b75c5,563,893,0,0,0,,0,0,0,,0,0,0,,0,0,0,0,
df6e2520044744f0957a83db74b386bb,562,15579,0,0,0,,0,0,0,,0,0,0,,0,0,0,0,
5e259658ed814cc894dfe408d10ecc6e,562,31074,119,16,133,https://www.youtube.com/watch?v=LmweZDgnhBA,119,16,133,https://www.youtube.com/watch?v=LmweZDgnhBA,0,0,0,,0,0,0,0,
ab24c13e4bff4ff8909a7650260f8b19,562,30781,54,35,1818,https://www.youtube.com/watch?v=_BXK1fEIqNE,53,29,103,https://www.youtube.com/watch?v=e2ChJIDeaqI,1476,513,1818,https://www.youtube.com/watch?v=_BXK1fEIqNE,0,0,0,0,
ee5418c900a7400fa44c821eaaca0218,561,9882,33,6,46,https://www.youtube.com/watch?v=fjDO983iWlc,0,0,0,,33,6,46,https://www.youtube.com/watch?v=fjDO983iWlc,622,19,13,49,https://www.twitch.tv/videos/2758318601
318268a48a3c47b7a56609c204d02b03,560,15093,0,0,0,,0,0,0,,0,0,0,,3281,148,117,618,https://www.twitch.tv/videos/2747633821
6542ad533b67427ab99e5b2277ace17d,559,15583,0,0,0,,0,0,0,,0,0,0,,0,0,0,0,
ba795eb1ea0f4fea888b1bfff3d5be86,559,68954,51,8,100,https://www.youtube.com/watch?v=J5R3IaF39qQ,0,0,0,,51,8,100,https://www.youtube.com/watch?v=J5R3IaF39qQ,3429,0,0,0,
22b0dfc3703e477d9ce6880cdbfafd91,558,23636,0,0,0,,0,0,0,,0,0,0,,2342,265,164,854,https://www.twitch.tv/videos/2757352234
8a19d25c92fe4b3194f1211d503d6d4d,557,53241,0,0,0,,0,0,0,,0,0,0,,0,0,0,0,
52ff14aabd804801a6e589681fc2fb4d,557,70802,19,2,34,https://www.youtube.com/watch?v=RLT4SjMjXgU,0,0,0,,19,2,34,https://www.youtube.com/watch?v=RLT4SjMjXgU,1620,0,0,0,
5908563b5c944c7b919b08e5233a8a5a,556,134213,10,5,27,https://www.youtube.com/watch?v=dmiLLLhPoAM,0,0,0,,10,5,27,https://www.youtube.com/watch?v=dmiLLLhPoAM,965,64,56,159,https://www.twitch.tv/videos/2756679056
21c8f34b3284456792c28b2ce7290589,555,23912,0,0,0,,0,0,0,,0,0,0,,0,0,0,0,
b76eb671dc62463fb845025be34526b7,552,3964,242,109,426,https://www.youtube.com/watch?v=ynO-ONDlz50,0,0,0,,242,109,426,https://www.youtube.com/watch?v=ynO-ONDlz50,0,0,0,0,
21f5355738614770afb34b761a4c45af,550,4360,0,0,0,,0,0,0,,0,0,0,,0,0,0,0,
f5493e350f514aae860e4fbc529adf4c,550,336,0,0,0,,0,0,0,,0,0,0,,0,0,0,0,
d613059b356d4cc9b1c3e998f32d1a5a,550,20887,0,0,0,,0,0,0,,0,0,0,,6564,1305,688,1885,https://www.twitch.tv/videos/2757379878
9fba4ecf861140acb418c343a475f99c,549,49185,98,32,174,https://www.youtube.com/watch?v=g9Pstgb1cs0,98,32,174,https://www.youtube.com/watch?v=g9Pstgb1cs0,0,0,0,,102,0,0,0,
07f20f05bef0432e8644e1bee798ef46,548,20851,173,113,712,https://www.youtube.com/watch?v=wR7FcKc82eI,149,44,229,https://www.youtube.com/watch?v=KnzsGreoHIM,447,315,712,https://www.youtube.com/watch?v=wR7FcKc82eI,0,0,0,0,
1760601b33854f2ab58b6217bd2cfedf,547,34130,71,20,100,https://www.youtube.com/watch?v=08JqpB8zdwA,71,20,100,https://www.youtube.com/watch?v=08JqpB8zdwA,0,0,0,,0,0,0,0,
82d775c8bb1740c0a6db1037d3bf5fe0,545,14418,46,12,87,https://www.youtube.com/watch?v=bvjB1L48B1o,46,12,87,https://www.youtube.com/watch?v=bvjB1L48B1o,0,0,0,,0,0,0,0,
6503172c78774a0fa639255ac2e7e85a,545,20692,23,8,45,https://www.youtube.com/watch?v=QlwR8a3q7_E,31,16,45,https://www.youtube.com/watch?v=QlwR8a3q7_E,16,5,20,https://www.youtube.com/watch?v=HREXe9gCk90,0,0,0,0,
746abd9861714105823ebfb2a18f6fdc,544,43337,35,19,104,https://www.youtube.com/watch?v=PEMEK7Ble5Y,35,19,104,https://www.youtube.com/watch?v=PEMEK7Ble5Y,0,0,0,,0,0,0,0,
7c6c40e2c7b64a6997fb2173f446860f,542,37367,130,44,1377,https://www.youtube.com/watch?v=Y81oQxIDth4,130,44,1377,https://www.youtube.com/watch?v=Y81oQxIDth4,0,0,0,,8,0,0,0,
25262970b019418badba15bc46f9c048,540,116142,42,18,99,https://www.youtube.com/watch?v=ZTDmrmCPpVY,42,18,99,https://www.youtube.com/watch?v=ZTDmrmCPpVY,0,0,0,,456,207,66,312,https://www.twitch.tv/videos/2742638461
f1cd5373408f4509b94caed34d4c05e9,540,10741,0,0,0,,0,0,0,,0,0,0,,0,0,0,0,
284904fe0fc5485f926eb7941427d8f4,540,9823,0,0,0,,0,0,0,,0,0,0,,0,0,0,0,
f1af649939f441ef83a72bac4dc974e3,540,18088,0,0,0,,0,0,0,,0,0,0,,0,0,0,0,
0e136a936a574815a311e6e801ce3ca6,537,21103,5,2,6,https://www.youtube.com/watch?v=Mg6yDbsgWzM,0,0,0,,5,2,6,https://www.youtube.com/watch?v=Mg6yDbsgWzM,33,15,14,15,https://www.twitch.tv/videos/2758317274
433b2802b62441a39c721400926d59eb,536,20832,91,44,716,https://www.youtube.com/watch?v=yJ6vTGwI3HI,91,44,716,https://www.youtube.com/watch?v=yJ6vTGwI3HI,0,0,0,,0,0,0,0,
b359f595b54b4edc8969423a8b5658ff,532,30655,0,0,0,,0,0,0,,0,0,0,,0,0,0,0,
36ad63809a2441c9b85f7ee628136ce3,530,78336,81,41,1582,https://www.youtube.com/watch?v=g3qoCVPo1XM,53,21,129,https://www.youtube.com/watch?v=05N12bIw664,373,166,1582,https://www.youtube.com/watch?v=g3qoCVPo1XM,22,0,0,0,
7344fd4a1019434792afd863eddb4250,530,35691,0,0,0,,0,0,0,,0,0,0,,1564,273,209,497,https://www.twitch.tv/videos/2757495477
c6704a4edfef443ba46ba7f0db0c4ff9,530,13792,0,0,0,,0,0,0,,0,0,0,,0,0,0,0,
f072e780d0c84ca08c27020e1f2de365,529,15137,6,3,13,https://www.youtube.com/watch?v=sKBLansLXbQ,0,0,0,,6,3,13,https://www.youtube.com/watch?v=sKBLansLXbQ,695,26,14,41,https://www.twitch.tv/videos/2747134186
5cfc673e9de1433096a85e9236895c79,528,15697,0,0,0,,0,0,0,,0,0,0,,0,0,0,0,
7dd6c13c71ee452e9a85dec903f2ee15,528,30249,93,51,1497,https://www.youtube.com/watch?v=ibhH97dM6to,83,56,104,https://www.youtube.com/watch?v=99zyinqCt90,1497,31,1497,https://www.youtube.com/watch?v=ibhH97dM6to,0,0,0,0,
1e131b3460564fd49ca9675ead6ad9c6,528,30275,176,47,1875,https://www.youtube.com/watch?v=175SGJZmS_s,89,40,416,https://www.youtube.com/watch?v=c4Q0cRdDnM0,1473,207,1875,https://www.youtube.com/watch?v=175SGJZmS_s,0,0,0,0,
586377912f314b4d8c3be33760526ae0,527,20716,0,0,0,,0,0,0,,0,0,0,,0,0,0,0,
14392ae1c106403ab690e8a6dea7c534,526,36133,118,54,223,https://www.youtube.com/watch?v=Mx4fF-v-NFg,118,54,223,https://www.youtube.com/watch?v=Mx4fF-v-NFg,0,0,0,,0,0,0,0,
54c49dea17ad4eb5aeb7ce1698dc01be,526,31998,72,30,1215,https://www.youtube.com/watch?v=g2pGDcL06ng,57,10,125,https://www.youtube.com/watch?v=XqtQc4Gav3g,1177,695,1215,https://www.youtube.com/watch?v=g2pGDcL06ng,117,0,0,0,
01d150623c984f3d8d7de4b1859afadd,525,10849,2,0,4,https://www.youtube.com/watch?v=2VBpu18ysvg,0,0,0,,2,0,4,https://www.youtube.com/watch?v=2VBpu18ysvg,0,0,0,0,
1e4f8348a36e4ab3abda426f1810513a,525,13357,0,0,0,,0,0,0,,0,0,0,,0,0,0,0,
bd7947d2357941039893b911b18f3b4c,525,42925,124,35,291,https://www.youtube.com/watch?v=TX66v9RNEGs,124,35,291,https://www.youtube.com/watch?v=TX66v9RNEGs,0,0,0,,650,74,57,110,https://www.twitch.tv/videos/2751703486
d6afb902dbe04e35ab52f961f538f9bd,524,22904,0,0,0,,0,0,0,,0,0,0,,121,0,0,0,
b7b1cb60f1c24c0ea4fb1f506d3e247a,521,14186,5,3,5,https://www.youtube.com/watch?v=7UGnRUHrDZI,0,0,0,,5,3,5,https://www.youtube.com/watch?v=7UGnRUHrDZI,1544,368,261,397,https://www.twitch.tv/videos/2754172231
aa182728aa6d44c4ae37caa7cdb8ed29,521,21615,0,0,0,,0,0,0,,0,0,0,,222,0,0,0,
24a8057dfc374fc9bdfd9b8c813a5e12,519,21370,0,0,0,,0,0,0,,0,0,0,,0,0,0,0,
100af980504b4bd38c8b2192d1e71b29,518,31359,116,86,208,https://www.youtube.com/watch?v=85Sr7AJvAyc,116,86,208,https://www.youtube.com/watch?v=85Sr7AJvAyc,0,0,0,,0,0,0,0,
a6b0f8c8343041f0b1ea96c46ee4e582,518,17424,50,27,78,https://www.youtube.com/watch?v=8dZ25PTHxfc,53,27,78,https://www.youtube.com/watch?v=8dZ25PTHxfc,33,22,33,https://www.youtube.com/watch?v=opcbPqBNxHc,207,20,15,42,https://www.twitch.tv/videos/2755865049
3750eae778e9453eaeee75956a8dabc6,518,8638,0,0,0,,0,0,0,,0,0,0,,2516,213,154,213,https://www.twitch.tv/videos/2751965396
3f2e41bdee4145f59fa97830ba3f5edb,516,16314,0,0,0,,0,0,0,,0,0,0,,2488,385,284,531,https://www.twitch.tv/videos/2747909111
182c265206924dccb716fc21b37486b0,516,8794,0,0,0,,0,0,0,,0,0,0,,0,0,0,0,
d6827fe530ca4db4b748651c72e81ead,516,13384,43,22,374,https://www.youtube.com/watch?v=zxg8gqxquaI,43,20,100,https://www.youtube.com/watch?v=oKvu7Zlj8YM,374,148,374,https://www.youtube.com/watch?v=zxg8gqxquaI,241,33,28,68,https://www.twitch.tv/videos/2755856265
2bffdc20e3cb48de9bf46600f62d248e,515,26847,0,0,0,,0,0,0,,0,0,0,,287,0,0,0,
7731172cfcaa4e668762473a7b9d509a,515,14776,360,280,360,https://www.youtube.com/watch?v=IrQWSYXDZRE,0,0,0,,360,280,360,https://www.youtube.com/watch?v=IrQWSYXDZRE,745,0,0,0,
41ad2f1c78f0406ab5460f38115002d7,514,21543,35,14,52,https://www.youtube.com/watch?v=57PUQfo7qfI,35,14,52,https://www.youtube.com/watch?v=57PUQfo7qfI,0,0,0,,0,0,0,0,
ffdc53dc3c764656a2f76031ee262b60,513,7284,0,0,0,,0,0,0,,0,0,0,,231,0,0,0,
4dc4dc5b3dc24cb193ec2a127059c194,512,44880,110,38,1300,https://www.youtube.com/watch?v=5YJspOkO-8g,79,37,205,https://www.youtube.com/watch?v=cO7XHyVSLRY,346,148,1300,https://www.youtube.com/watch?v=5YJspOkO-8g,0,0,0,0,
37e88453b9cb48b1863bc455328b34c1,510,7914,0,0,0,,0,0,0,,0,0,0,,1485,279,177,405,https://www.twitch.tv/videos/2747096237
52136fb3529d4f5eb5225ade4209b8b3,509,12083,0,0,0,,0,0,0,,0,0,0,,0,0,0,0,
ce013f56157740e59c7735bd51356260,507,23160,0,0,0,,0,0,0,,0,0,0,,365,0,0,0,
17a340801a7d4697be53c472c621993d,506,25679,0,0,0,,0,0,0,,0,0,0,,788,196,136,289,https://www.twitch.tv/videos/2753647710
7a570b5273ae4e359a6491aba1313011,506,13809,47,46,83,https://www.youtube.com/watch?v=8qBsAim8Hms,47,46,83,https://www.youtube.com/watch?v=8qBsAim8Hms,0,0,0,,4235,1297,680,16396,https://www.twitch.tv/videos/2756562188
619f48c4546c481bbc52aadc12c3e48f,505,6600,66,0,66,https://www.youtube.com/watch?v=sMU9KPfvQrs,0,0,0,,66,0,66,https://www.youtube.com/watch?v=sMU9KPfvQrs,2382,436,385,739,https://www.twitch.tv/videos/2754949308
9099b86c3fe84a138b0bc1f258bca138,505,21425,38,13,38,https://www.youtube.com/watch?v=BTtDhapKOg0,38,13,38,https://www.youtube.com/watch?v=BTtDhapKOg0,0,0,0,,0,0,0,0,
87f156d485c047ec9c137894c7452da4,505,6845,0,0,0,,0,0,0,,0,0,0,,498,0,0,0,
a1f8a0af53c34922b0c66ebdf4b3381d,503,8215,89,33,89,https://www.youtube.com/watch?v=d7CD-5gnIfg,89,33,89,https://www.youtube.com/watch?v=d7CD-5gnIfg,0,0,0,,62,0,0,0,
cd1224f4756340c594f3c36245e9b4d4,502,140210,286,118,1240,https://www.youtube.com/watch?v=SQD2LaGR_FQ,0,0,0,,286,118,1240,https://www.youtube.com/watch?v=SQD2LaGR_FQ,2054,349,344,349,https://www.twitch.tv/videos/2758252889
780ca962f78b49d580c8a078b0525d25,497,14468,2914,793,4614,https://www.youtube.com/watch?v=hPxmva3se2Y,0,0,0,,2914,793,4614,https://www.youtube.com/watch?v=hPxmva3se2Y,0,0,0,0,
09c9c71c41e24e7d9498ce41a78dae1c,496,13343,0,0,0,,0,0,0,,0,0,0,,465,0,0,0,
1a95847597f04ae39d6f0d9caba04a5f,496,18706,0,0,0,,0,0,0,,0,0,0,,1520,422,293,872,https://www.twitch.tv/videos/2756525483
b0df22881775422093e3e64a63b01a5a,496,55957,18,10,18,https://www.youtube.com/watch?v=UTZ8U3WqZCk,18,10,18,https://www.youtube.com/watch?v=UTZ8U3WqZCk,0,0,0,,155,0,0,0,
442edbdb59fe4979a2be3e5183258cf8,495,22309,38,8,56,https://www.youtube.com/watch?v=fSe1q7TZY_8,38,8,56,https://www.youtube.com/watch?v=fSe1q7TZY_8,0,0,0,,0,0,0,0,
8db6aab32c8e45c8a70d0850bfcd3e5c,495,27157,56,34,59,https://www.youtube.com/watch?v=XctcEDylwqw,56,34,59,https://www.youtube.com/watch?v=XctcEDylwqw,0,0,0,,154,14,8,21,https://www.twitch.tv/videos/2749444197
ae5ffb6b5338483c91ff1b883d51a3e7,495,2798,0,0,0,,0,0,0,,0,0,0,,0,0,0,0,
0a067d81cfe24b39b770b67ad89b61a7,494,0,0,0,0,,0,0,0,,0,0,0,,0,0,0,0,
87df5b92303e4410884b8c52ff2c4e0d,493,35792,57,33,3350,https://www.youtube.com/watch?v=laGknklRs1s,0,0,0,,57,33,3350,https://www.youtube.com/watch?v=laGknklRs1s,1110,292,245,494,https://www.twitch.tv/videos/2757413012
323c21f9e49f47d48609f698a3f81fd5,492,5972,30,6,47,https://www.youtube.com/watch?v=C7BojIoOXFw,30,6,47,https://www.youtube.com/watch?v=C7BojIoOXFw,0,0,0,,0,0,0,0,
e53ab7560fbc44fcba0dc3b7dceff697,491,9785,83,24,83,https://www.youtube.com/watch?v=NXT4hoBgt0M,83,24,83,https://www.youtube.com/watch?v=NXT4hoBgt0M,0,0,0,,0,0,0,0,
e306270e80094416818cfddb33153419,489,18413,0,0,0,,0,0,0,,0,0,0,,0,0,0,0,
54355102572e408183af55831cb98e3a,488,27979,57,16,61,https://www.youtube.com/watch?v=imzAeDVQb6I,57,16,61,https://www.youtube.com/watch?v=imzAeDVQb6I,0,0,0,,179,0,0,0,
cbee87914d63402b825bf74d25333236,487,16578,115,42,137,https://www.youtube.com/watch?v=u8CXqbGbGVo,115,42,137,https://www.youtube.com/watch?v=u8CXqbGbGVo,0,0,0,,0,0,0,0,
6cc5ac707eed4f9e9b5bc7b2f970fe1b,485,18269,134,53,1455,https://www.youtube.com/watch?v=erccaU9Efsw,62,52,88,https://www.youtube.com/watch?v=yFBAlgaigC4,270,62,1455,https://www.youtube.com/watch?v=erccaU9Efsw,0,0,0,0,
2103bcf7923d4f74b2d043bffef71cc1,484,28111,280,187,286,https://www.youtube.com/watch?v=O6FKIY9SaGE,0,0,0,,280,187,286,https://www.youtube.com/watch?v=O6FKIY9SaGE,0,0,0,0,
21507f58118d406b87fd42a39c87855a,484,15087,67,31,166,https://www.youtube.com/watch?v=jbxHF1nx4vk,67,31,166,https://www.youtube.com/watch?v=jbxHF1nx4vk,0,0,0,,0,0,0,0,
84111bbae2be41ea96c8b2f6c755f00c,484,16236,91,17,1611,https://www.youtube.com/watch?v=GW3zTazLWJQ,82,17,125,https://www.youtube.com/watch?v=NMw6QNret58,1611,402,1611,https://www.youtube.com/watch?v=GW3zTazLWJQ,1507,188,131,355,https://www.twitch.tv/videos/2747844390
c699beab8e8a4064849c977b67058447,484,21590,36,8,36,https://www.youtube.com/watch?v=GWkjMhPAGwY,36,8,36,https://www.youtube.com/watch?v=GWkjMhPAGwY,0,0,0,,1162,0,0,0,
994fcc5db40840ae990cf1ce43728548,483,8729,39,27,39,https://www.youtube.com/watch?v=aKmU0gx-qq0,39,27,39,https://www.youtube.com/watch?v=aKmU0gx-qq0,0,0,0,,0,0,0,0,
0c2cb722c6ab4e3890139c922c80d4d8,483,4046,0,0,0,,0,0,0,,0,0,0,,194,0,0,0,
acb95c574d8444cd80102796e0d56edd,482,65919,46,4,173,https://www.youtube.com/watch?v=5o8zL_vpdX8,46,4,173,https://www.youtube.com/watch?v=5o8zL_vpdX8,0,0,0,,221,0,0,0,
91f5b04be2e74f64b03e0774cc275748,482,21015,0,0,0,,0,0,0,,0,0,0,,0,0,0,0,
b511c9a0eba7474fbb8ac8d02ff357b7,481,60674,52,23,91,https://www.youtube.com/watch?v=_AcMPNN708c,46,17,91,https://www.youtube.com/watch?v=_AcMPNN708c,57,48,57,https://www.youtube.com/watch?v=ZKtf-azm15M,0,0,0,0,
9959d43cae9b49dbbcd666f742322b4a,480,26748,0,0,0,,0,0,0,,0,0,0,,627,36,23,57,https://www.twitch.tv/videos/2748600547
7677c9c71c0a4decad1472b7ecc604bb,480,5991,0,0,0,,0,0,0,,0,0,0,,491,0,0,0,
533e7b1b50ba448292c09c5845d68eb6,478,8931,81,16,86,https://www.youtube.com/watch?v=A5n26Bkb9DE,81,16,86,https://www.youtube.com/watch?v=A5n26Bkb9DE,0,0,0,,260,99,64,99,https://www.twitch.tv/videos/2750190767
423ee3a5dbd549f19893a1823856b8dc,476,67261,306,103,1783,https://www.youtube.com/watch?v=3KjbFtPPPKw,38,17,46,https://www.youtube.com/watch?v=IyouWX5FCbc,412,143,1783,https://www.youtube.com/watch?v=3KjbFtPPPKw,488,43,25,71,https://www.twitch.tv/videos/2751568705
b88a2e77cd7b4758925642f63b58051a,475,25548,103,65,870,https://www.youtube.com/watch?v=ad3EQlZNKN8,99,55,151,https://www.youtube.com/watch?v=iiwcBxUDZuA,870,757,870,https://www.youtube.com/watch?v=ad3EQlZNKN8,0,0,0,0,
95df3846ff6644429227e9e058994ad8,473,23800,63,21,93,https://www.youtube.com/watch?v=dmDDLdQ7vPk,63,21,93,https://www.youtube.com/watch?v=dmDDLdQ7vPk,0,0,0,,0,0,0,0,
6695a7e8f824489881f2c321501a36a6,473,24504,12,7,31,https://www.youtube.com/watch?v=x5fO-IeMIk0,12,7,31,https://www.youtube.com/watch?v=x5fO-IeMIk0,0,0,0,,0,0,0,0,
d2da40bb201e49ddbd6a8780bfaf8b63,471,14037,100,92,117,https://www.youtube.com/watch?v=I8t2xdK9WME,83,77,83,https://www.youtube.com/watch?v=2-0bx3XzzqY,117,106,117,https://www.youtube.com/watch?v=I8t2xdK9WME,1313,91,83,226,https://www.twitch.tv/videos/2755848526
59e3094256344f8c83a3f4355b8b667b,471,3520,0,0,0,,0,0,0,,0,0,0,,2632,210,134,361,https://www.twitch.tv/videos/2747824869
7652b3bd3da6418cbf02c85057077b54,471,11233,24,10,61,https://www.youtube.com/watch?v=WdGJ6bOo0B0,24,10,61,https://www.youtube.com/watch?v=WdGJ6bOo0B0,0,0,0,,280,0,0,0,
6d1b01658ae74a7f91c7f60b5abe1cb2,471,44234,52,23,136,https://www.youtube.com/watch?v=vGOi5Rv5fhw,55,26,136,https://www.youtube.com/watch?v=vGOi5Rv5fhw,21,0,21,https://www.youtube.com/watch?v=ETKrSog-0Nw,0,0,0,0,
2ccdc43de33c478192767afae6309f06,470,69087,36,16,1896,https://www.youtube.com/watch?v=EM5agGRjCD4,36,16,46,https://www.youtube.com/watch?v=yN5UTlMxVsc,282,83,1896,https://www.youtube.com/watch?v=EM5agGRjCD4,280,87,71,179,https://www.twitch.tv/videos/2755864443
085ed0ddc3294678b9570fdbcf581c64,470,140,0,0,0,,0,0,0,,0,0,0,,31199,685,349,1620,https://www.twitch.tv/videos/2741883911
294b1c29030244c784387782c0cb6aee,468,13400,0,0,0,,0,0,0,,0,0,0,,0,0,0,0,
3513b73ded994bc3a92a70c9632c9856,467,7919,0,0,0,,0,0,0,,0,0,0,,7019,422,115,692,https://www.twitch.tv/videos/2737294173
23335565d59c404080e9c06f437b011b,467,71578,8,4,18,https://www.youtube.com/watch?v=y8IXyq1EfeA,8,4,18,https://www.youtube.com/watch?v=y8IXyq1EfeA,0,0,0,,1137,189,144,287,https://www.twitch.tv/videos/2757397761
006c02f11f8b4af28d0a38039f227016,467,0,0,0,0,,0,0,0,,0,0,0,,0,0,0,0,
7a2ad28d7377465a8721724cfce9ffb5,466,7033,0,0,0,,0,0,0,,0,0,0,,0,0,0,0,
fb17cff93fa94c8ea8b052f497f27fb4,465,21758,0,0,0,,0,0,0,,0,0,0,,17,0,0,0,
451162e7f4c041edb3447732eba1937a,464,3131,0,0,0,,0,0,0,,0,0,0,,111,0,0,0,
e41bf48a09d64e4aa3d96064a9a63b08,464,76053,0,0,0,,0,0,0,,0,0,0,,71,0,0,0,
4abb927b8dc049768d63b4a8e229e8cc,464,0,0,0,0,,0,0,0,,0,0,0,,0,0,0,0,
037bc9366d5949b0877707007b4b1ed5,463,19066,0,0,0,,0,0,0,,0,0,0,,358,133,120,506,https://www.twitch.tv/videos/2756724954
2dc29f6b05584c718c60034af9883496,463,101929,0,0,0,,0,0,0,,0,0,0,,0,0,0,0,
2df2e0bc14fa4450a0d17d294b5a0bc0,462,31762,19,18,19,https://www.youtube.com/watch?v=H1eLgCMK5bA,19,18,19,https://www.youtube.com/watch?v=H1eLgCMK5bA,0,0,0,,0,0,0,0,
7d53d75ac36b4faea2450918f84dada3,462,13104,115,61,1308,https://www.youtube.com/watch?v=310W7Ih3xOg,101,51,153,https://www.youtube.com/watch?v=dFr5M23Jg-o,1308,852,1308,https://www.youtube.com/watch?v=310W7Ih3xOg,0,0,0,0,
6f0d9d64bb6a4a81af1e84a72d30f5b8,462,19553,90,58,418,https://www.youtube.com/watch?v=uT_zpaVaTCM,90,55,418,https://www.youtube.com/watch?v=uT_zpaVaTCM,376,260,376,https://www.youtube.com/watch?v=0mzOe61a68g,130,45,30,124,https://www.twitch.tv/videos/2749306982
c822d7ffe24248fdbca2f3b1bdfd1139,461,86336,0,0,0,,0,0,0,,0,0,0,,3038,0,0,0,
9189101a4bb740de969b772dde92125a,459,5841,0,0,0,,0,0,0,,0,0,0,,1153,0,0,0,
d7309b9e82a04c0f809a2deb4de0c155,458,71464,0,0,0,,0,0,0,,0,0,0,,46,0,0,0,
3b0f8e9ace2b46a087a665d5c10b38dd,458,8075,0,0,0,,0,0,0,,0,0,0,,0,0,0,0,
33546b9ad5a8408589405f9467063dd7,458,8270,643,581,945,https://www.youtube.com/watch?v=jBcRHOEanVQ,0,0,0,,643,581,945,https://www.youtube.com/watch?v=jBcRHOEanVQ,3577,249,110,1186,https://www.twitch.tv/videos/2748681762
3981c01691a44d708da1191e9546eaad,458,31040,33,23,140,https://www.youtube.com/watch?v=BhS7TO_PXH8,33,23,140,https://www.youtube.com/watch?v=BhS7TO_PXH8,0,0,0,,0,0,0,0,
5e5a5e77c39148ef8f31ccc1c63fdcd4,458,7938,0,0,0,,0,0,0,,0,0,0,,48,0,0,0,
62ca936be6c645a7bf2222b67086800a,457,38144,0,0,0,,0,0,0,,0,0,0,,1119,0,0,0,
156c4271fe17425bb02fd7b24f5a2a7a,457,6683,0,0,0,,0,0,0,,0,0,0,,0,0,0,0,
af41302aa9184c2dbc25d2ed16e878fc,455,84402,29,20,250,https://www.youtube.com/watch?v=53Hdgldt6WE,28,19,53,https://www.youtube.com/watch?v=uPSz3CDy28k,250,237,250,https://www.youtube.com/watch?v=53Hdgldt6WE,226,0,0,0,
09945e9139af4f3a96e6adfd73139d35,454,16254,0,0,0,,0,0,0,,0,0,0,,1582,168,121,187,https://www.twitch.tv/videos/2751897597
238b4a68bcde4f3bbf18b0b01f66ec43,454,27798,67,8,67,https://www.youtube.com/watch?v=Cj4MqD96w5Y,67,8,67,https://www.youtube.com/watch?v=Cj4MqD96w5Y,0,0,0,,0,0,0,0,
6926325d2c1c4c4e87f7be69ab675d53,454,100197,57,34,1006,https://www.youtube.com/watch?v=RwTXsER1Tj8,54,25,146,https://www.youtube.com/watch?v=XDHl4nmqUxo,576,122,1006,https://www.youtube.com/watch?v=RwTXsER1Tj8,0,0,0,0,
9e3222bedec44f1a8fecdc237c020cbd,453,135415,64,45,108,https://www.youtube.com/watch?v=nsmWbZdpLaI,0,0,0,,64,45,108,https://www.youtube.com/watch?v=nsmWbZdpLaI,329,0,0,0,
6c9b67b00b3c4940a6af6a6604b0b1fd,451,12119,0,0,0,,0,0,0,,0,0,0,,0,0,0,0,
88917b370d0041d8be65372342c92523,451,24235,5,3,80,https://www.youtube.com/watch?v=hQMDR6CfQeg,0,0,0,,5,3,80,https://www.youtube.com/watch?v=hQMDR6CfQeg,1507,322,221,361,https://www.twitch.tv/videos/2755780895
da165e838dfe49aea3f91457f3825657,450,10394,25,13,32,https://www.youtube.com/watch?v=hpwwm4uhZZY,0,0,0,,25,13,32,https://www.youtube.com/watch?v=hpwwm4uhZZY,0,0,0,0,
1bf9786ba55042b9ae3294dadfc7b40d,450,16616,53,31,1694,https://www.youtube.com/watch?v=txyFC36jTi4,51,24,130,https://www.youtube.com/watch?v=VQDawIvMp4k,812,368,1694,https://www.youtube.com/watch?v=txyFC36jTi4,0,0,0,0,
e802007cbda74a0bb3a41f4ebcae7f47,450,9601,1462,1018,3301,https://www.youtube.com/watch?v=cjCYKvzPuhc,0,0,0,,1462,1018,3301,https://www.youtube.com/watch?v=cjCYKvzPuhc,0,0,0,0,
7b578956fab14341919193c03ca3ab32,450,11032,28,14,48,https://www.youtube.com/watch?v=hCwVP_OaKB0,28,14,48,https://www.youtube.com/watch?v=hCwVP_OaKB0,0,0,0,,0,0,0,0,
c6e955ae1fce48678120bc086a436073,450,21188,97,13,97,https://www.youtube.com/watch?v=soqaMlZiAUM,97,13,97,https://www.youtube.com/watch?v=soqaMlZiAUM,0,0,0,,0,0,0,0,
08959069eae342deab6803454669b60e,449,0,0,0,0,,0,0,0,,0,0,0,,0,0,0,0,
3434e3ca02904364b763c86e75fa6d4a,448,71380,0,0,0,,0,0,0,,0,0,0,,1457,0,0,0,
c232b3088a6e49b997b325d5de9a3013,447,16029,64,32,491,https://www.youtube.com/watch?v=NaKZP7mxHws,63,31,134,https://www.youtube.com/watch?v=z0dqITI0K4c,491,242,491,https://www.youtube.com/watch?v=NaKZP7mxHws,144,0,0,0,
d017bd7855e547298906060f0e9b442e,445,13053,2774,233,2774,https://www.youtube.com/watch?v=3jHA7Bnxhx4,0,0,0,,2774,233,2774,https://www.youtube.com/watch?v=3jHA7Bnxhx4,1465,60,37,81,https://www.twitch.tv/videos/2747790071
e5eb10612f5c4b069928fc1a71ad8e7d,444,50495,62,35,1730,https://www.youtube.com/watch?v=5Io-TVoMzrA,49,26,259,https://www.youtube.com/watch?v=ofKUUL5c6f0,1561,718,1730,https://www.youtube.com/watch?v=5Io-TVoMzrA,0,0,0,0,
d1719d9d50c347efa498bb8644447392,444,0,0,0,0,,0,0,0,,0,0,0,,0,0,0,0,
42ff41f7d6884ae8b93ed46415376d83,443,12706,113,50,113,https://www.youtube.com/watch?v=7HtxtXVC0ZQ,113,50,113,https://www.youtube.com/watch?v=7HtxtXVC0ZQ,0,0,0,,0,0,0,0,
51f3508054da4987b4e8f659e4d28d1d,443,2792,1434,837,1434,https://www.youtube.com/watch?v=Pry75HlCrrM,0,0,0,,1434,837,1434,https://www.youtube.com/watch?v=Pry75HlCrrM,4856,679,179,2131,https://www.twitch.tv/videos/2734605725
6ec876adec524585af913c1585e8df1f,441,8923,0,0,0,,0,0,0,,0,0,0,,1569,0,0,0,
c92baa46ff4e41c9918ad2427c0853d6,441,24257,0,0,0,,0,0,0,,0,0,0,,4548,308,117,450,https://www.twitch.tv/videos/2756774843
ffffcd6d454a4e77a215927a82c460bc,440,100284,905,396,4636,https://www.youtube.com/watch?v=Lh-zhWVnXNI,0,0,0,,905,396,4636,https://www.youtube.com/watch?v=Lh-zhWVnXNI,988,143,101,181,https://www.twitch.tv/videos/2748599367
f16af590d65d4d07bb6603aed00a1a78,440,0,0,0,0,,0,0,0,,0,0,0,,0,0,0,0,
10550198223845c9a95ff1993088b464,439,6609,0,0,0,,0,0,0,,0,0,0,,0,0,0,0,
7e8047d78da3487a8e9dd33c67554d30,437,17066,0,0,0,,0,0,0,,0,0,0,,109,20,13,20,https://www.twitch.tv/videos/2750895318
c5ac07b79a304f37b039266446fd4f3b,436,24673,154,119,154,https://www.youtube.com/watch?v=mXGHG0enY3Q,154,119,154,https://www.youtube.com/watch?v=mXGHG0enY3Q,0,0,0,,0,0,0,0,
64d9adbc552c487db0cdf42ac3845e18,436,37731,0,0,0,,0,0,0,,0,0,0,,70,0,0,0,
73abc31606db493f971f679dfde4f7e5,436,49538,59,20,1910,https://www.youtube.com/watch?v=d3SRKplsJ1M,43,19,92,https://www.youtube.com/watch?v=oouStdLEp9U,782,145,1910,https://www.youtube.com/watch?v=d3SRKplsJ1M,79,0,0,0,
9bb20f60d5c440d39eb4f14fbe48a296,434,0,0,0,0,,0,0,0,,0,0,0,,376,0,0,0,
7c654d42b5f9447ab761a14b9ab42b77,433,0,0,0,0,,0,0,0,,0,0,0,,275,0,0,0,
f2b0bc3e82024bd3ae1c7cb5fe926829,433,11670,21,7,48,https://www.youtube.com/watch?v=kZJobv04rN8,21,7,48,https://www.youtube.com/watch?v=kZJobv04rN8,0,0,0,,0,0,0,0,
40f76b568f384790a1a089bb6619ddb2,432,8737,53,30,60,https://www.youtube.com/watch?v=jWRUREv9sOk,53,30,60,https://www.youtube.com/watch?v=jWRUREv9sOk,0,0,0,,1139,93,56,220,https://www.twitch.tv/videos/2741999961
ae7dbe93a8cc4651b5ddb7b539e85d6b,430,27993,0,0,0,,0,0,0,,0,0,0,,0,0,0,0,
a56567301c734548bad86e8ace7d9140,430,52209,0,0,0,,0,0,0,,0,0,0,,0,0,0,0,
f5ef8ac02db547dd92da5e87717a8dca,428,7889,175,86,642,https://www.youtube.com/watch?v=PquWH_XYTyY,175,86,642,https://www.youtube.com/watch?v=PquWH_XYTyY,0,0,0,,0,0,0,0,
c7400e2934c646e49f7df1816de41360,428,18962,47,32,63,https://www.youtube.com/watch?v=1ng9SKEfQCQ,47,32,63,https://www.youtube.com/watch?v=1ng9SKEfQCQ,0,0,0,,25,0,0,0,
5dd38c1bf796414399e7c80092c1d984,428,301051,1044,185,37223,https://www.youtube.com/watch?v=BYEGw56k45A,16,3,33,https://www.youtube.com/watch?v=0TLrQzl1F5M,1965,220,37223,https://www.youtube.com/watch?v=BYEGw56k45A,39,0,0,0,
5fbf4f6751f24d03a5723670cd500aca,427,11081,0,0,0,,0,0,0,,0,0,0,,768,0,0,0,
c79c2ac57f9048eebdc1b9329209e19f,426,68,0,0,0,,0,0,0,,0,0,0,,299,0,0,0,
f3fe9fb6de2a477fae878a39924c15bd,425,11837,0,0,0,,0,0,0,,0,0,0,,3050,2504,1189,4159,https://www.twitch.tv/videos/2747117660
28c152a7489b4402960bd4bd36b7229b,423,41448,15,6,211,https://www.youtube.com/watch?v=-oGfm4kpxBQ,0,0,0,,15,6,211,https://www.youtube.com/watch?v=-oGfm4kpxBQ,189,59,51,68,https://www.twitch.tv/videos/2758195081
f0f6694a60de4fb799b3f315abbaf7b6,422,19174,0,0,0,,0,0,0,,0,0,0,,0,0,0,0,
4a2df649332047d3b733c88209925f4c,421,8310,0,0,0,,0,0,0,,0,0,0,,1248,0,0,0,
04efe2883aff4fb189084cb815c7c036,420,0,0,0,0,,0,0,0,,0,0,0,,0,0,0,0,
8c494e45ce5b462aa744d46bbdc54021,419,85504,61,32,169,https://www.youtube.com/watch?v=NCK6zn-gxUw,61,32,169,https://www.youtube.com/watch?v=NCK6zn-gxUw,0,0,0,,270,25,18,31,https://www.twitch.tv/videos/2756459636
bd119628dae64d45b71b44e0f158f23a,418,4687,0,0,0,,0,0,0,,0,0,0,,3772,0,0,0,
a2ca2eb4da5b4df3aa59637e1dbc260b,416,3282,0,0,0,,0,0,0,,0,0,0,,719,0,0,0,
7d0d99e77f624bdc934b17212a39a894,416,1975,0,0,0,,0,0,0,,0,0,0,,4185,643,510,741,https://www.twitch.tv/videos/2753654854
7d11ed1b02104cf58efd2df6cbc1ef69,416,20605,8,1,8,https://www.youtube.com/watch?v=InriEtBbdIs,0,0,0,,8,1,8,https://www.youtube.com/watch?v=InriEtBbdIs,1202,75,63,129,https://www.twitch.tv/videos/2755121234
aedfb89bad4545379af018f5933bddb7,415,23722,83,30,182,https://www.youtube.com/watch?v=jTpKp2ze9Cs,71,26,125,https://www.youtube.com/watch?v=e1-5rrwOw78,179,105,182,https://www.youtube.com/watch?v=jTpKp2ze9Cs,22,0,0,0,
7168995b95ab439aa7cf1f3099d7bd88,415,60528,833,140,1595,https://www.youtube.com/watch?v=7aOdfL6m5Gw,0,0,0,,833,140,1595,https://www.youtube.com/watch?v=7aOdfL6m5Gw,3673,0,0,0,
5c70a4710fca4b86ac63d56b0e894284,415,30738,0,0,0,,0,0,0,,0,0,0,,0,0,0,0,
7051e693d03645bda16b3591f06ebd3f,414,20511,0,0,0,,0,0,0,,0,0,0,,0,0,0,0,
698aa5547b7c4cf793b1411322d1b423,413,24007,0,0,0,,0,0,0,,0,0,0,,1904,575,467,904,https://www.twitch.tv/videos/2753291832
5000b613025542c498cd6ab2287865c6,412,2708,0,0,0,,0,0,0,,0,0,0,,3646,594,418,838,https://www.twitch.tv/videos/2747728444
6717d34e87574888848bc45c86bd80e6,412,27915,1444,498,2688,https://www.youtube.com/watch?v=tP_L92zAn40,0,0,0,,1444,498,2688,https://www.youtube.com/watch?v=tP_L92zAn40,1004,415,281,958,https://www.twitch.tv/videos/2747703415
1cddca10dd334373b8f51b3b0ed2efe4,411,23943,2,1,73,https://www.youtube.com/watch?v=3uuVRJqlF90,0,0,0,,2,1,73,https://www.youtube.com/watch?v=3uuVRJqlF90,0,0,0,0,
ea7f97145fd44a51a95e5b97a6b8366c,411,121743,399,23,399,https://www.youtube.com/watch?v=UDwL6r2nAcQ,0,0,0,,399,23,399,https://www.youtube.com/watch?v=UDwL6r2nAcQ,0,0,0,0,
f771e51357eb44d2820afd47aba3b546,410,9830,0,0,0,,0,0,0,,0,0,0,,345,25,21,25,https://www.twitch.tv/videos/2755867895
8527ad14c0a348e19d1dc223e0abac20,409,9162,0,0,0,,0,0,0,,0,0,0,,0,0,0,0,
d11123a75b874ad2bb120bb237e94c8d,408,2840,0,0,0,,0,0,0,,0,0,0,,4774,2184,1899,2495,https://www.twitch.tv/videos/2753383449
00ddd14a74df4e2488319ea2ce25770c,406,219,0,0,0,,0,0,0,,0,0,0,,1225,0,0,0,
30e2594ce7cf4bc3a7e536639b15ff30,405,9149,34,14,84,https://www.youtube.com/watch?v=nXhDXfxcKog,34,14,84,https://www.youtube.com/watch?v=nXhDXfxcKog,0,0,0,,200,57,45,83,https://www.twitch.tv/videos/2747828323
4e35059a74df41189368fad5263a1f3f,404,39292,55,33,295,https://www.youtube.com/watch?v=gjTVkWXg7NI,52,32,92,https://www.youtube.com/watch?v=vhfrOtYVAm4,178,115,295,https://www.youtube.com/watch?v=gjTVkWXg7NI,65,0,0,0,
cc85e4120c0746b7925c898a963f0747,404,22211,14,1,22,https://www.youtube.com/watch?v=pcbIoJgO_BU,14,1,22,https://www.youtube.com/watch?v=pcbIoJgO_BU,0,0,0,,0,0,0,0,
f9174719d2a148eea3b406e332e4fcab,403,0,0,0,0,,0,0,0,,0,0,0,,0,0,0,0,
6c166d9128e74147a5c0b1dbf89c885c,402,6034,0,0,0,,0,0,0,,0,0,0,,0,0,0,0,
4e1dd2ab9e4b4c71bced0c5987cf9be7,401,16525,0,0,0,,0,0,0,,0,0,0,,2882,184,128,274,https://www.twitch.tv/videos/2750189623
52d7a40d46034062ad2fc29b4a2a9198,397,43627,221,27,221,https://www.youtube.com/watch?v=AMn2-jlFjfk,0,0,0,,221,27,221,https://www.youtube.com/watch?v=AMn2-jlFjfk,3320,1038,466,1468,https://www.twitch.tv/videos/2754121013
45d566a561914da0a15a5a21574eb30a,397,4706,34,15,209,https://www.youtube.com/watch?v=IbvbK8Xesuw,34,15,209,https://www.youtube.com/watch?v=IbvbK8Xesuw,0,0,0,,0,0,0,0,
74beedbc5f694a2c94fe73545ba4037d,396,23174,116,31,141,https://www.youtube.com/watch?v=mlRWKMXK5wY,98,27,135,https://www.youtube.com/watch?v=zhMElEMeHSM,141,45,141,https://www.youtube.com/watch?v=mlRWKMXK5wY,210,88,60,88,https://www.twitch.tv/videos/2751034970
68f424a416ad426faa8b01b78f47b3e3,396,25813,5767,4357,5767,https://www.youtube.com/watch?v=zW69fYnIe24,0,0,0,,5767,4357,5767,https://www.youtube.com/watch?v=zW69fYnIe24,0,0,0,0,
7232734df59c4e099205c7685007d8d4,395,81630,2,1,2,https://www.youtube.com/watch?v=iuJu7MG6ak0,0,0,0,,2,1,2,https://www.youtube.com/watch?v=iuJu7MG6ak0,949,54,45,66,https://www.twitch.tv/videos/2757749789
836015916a40475bb608e8c6a69b6a09,394,30564,17,2,17,https://www.youtube.com/watch?v=tYuC2h-DxFM,17,2,17,https://www.youtube.com/watch?v=tYuC2h-DxFM,0,0,0,,0,0,0,0,
ec198b33036c436591c01ee93976b6a3,394,534,0,0,0,,0,0,0,,0,0,0,,0,0,0,0,
d3b5f619038a4c488d36aeaeddc0f790,394,7204,0,0,0,,0,0,0,,0,0,0,,0,0,0,0,
22aaa78ca5fa444bb70649727131c0f2,393,16821,93,36,135,https://www.youtube.com/watch?v=XWxwAvC4f5k,93,36,135,https://www.youtube.com/watch?v=XWxwAvC4f5k,0,0,0,,0,0,0,0,
3d5a0befb7b042f697f70d5fb3d6ab94,392,11034,0,0,0,,0,0,0,,0,0,0,,0,0,0,0,
da3d722ffea34b5b87fbb62c6026cba2,392,12874,0,0,0,,0,0,0,,0,0,0,,140,0,0,0,
e802bcea6eb04ce6aa9041aa5e06ceae,392,12056,1255,130,1255,https://www.youtube.com/watch?v=t0ra6myAYcE,0,0,0,,1255,130,1255,https://www.youtube.com/watch?v=t0ra6myAYcE,0,0,0,0,
b0ec0f1ffbd8426982e7ca40d4b1064b,392,8959,0,0,0,,0,0,0,,0,0,0,,0,0,0,0,
be45601754a44c568c9f60f7d2847ccb,392,13449,29,14,59,https://www.youtube.com/watch?v=K6dPMkXoWNQ,29,14,59,https://www.youtube.com/watch?v=K6dPMkXoWNQ,0,0,0,,0,0,0,0,
93bf43bc175742cd8c7af6b80687cd84,391,42752,0,0,0,,0,0,0,,0,0,0,,1681,268,144,363,https://www.twitch.tv/videos/2746948689
05055e62d34241888df31217ac25e671,391,20764,0,0,0,,0,0,0,,0,0,0,,1505,99,75,361,https://www.twitch.tv/videos/2747630458
508ebe96e7a94e94893609e616086dff,388,66068,79,45,1780,https://www.youtube.com/watch?v=y8T6D3zRGK8,0,0,0,,79,45,1780,https://www.youtube.com/watch?v=y8T6D3zRGK8,493,58,45,91,https://www.twitch.tv/videos/2748624807
26ae367c497f410399b769ded171d29f,387,7420,0,0,0,,0,0,0,,0,0,0,,0,0,0,0,
577fdbca86fa4414a153b5ebdcab90d4,387,2082,0,0,0,,0,0,0,,0,0,0,,1970,18,10,18,https://www.twitch.tv/videos/2748986470
0a5bbdc460184f279cb8c7965a1d6098,386,63413,886,247,886,https://www.youtube.com/watch?v=kUdVXgjKd68,0,0,0,,886,247,886,https://www.youtube.com/watch?v=kUdVXgjKd68,226,34,26,53,https://www.twitch.tv/videos/2748616007
c8cb49db0c6842afa1a9bb8bb2620e8f,386,22221,0,0,0,,0,0,0,,0,0,0,,0,0,0,0,
b386124230514f5fa128ad046e85f12f,386,5596,0,0,0,,0,0,0,,0,0,0,,431,0,0,0,
20b358775f2c4e7aa0a9f4e5090fe557,385,0,0,0,0,,0,0,0,,0,0,0,,0,0,0,0,
21fcf23549a74111bbe31c949245e2cd,385,12258,0,0,0,,0,0,0,,0,0,0,,0,0,0,0,
2f7da7d6dbe84301b4ef52240cc05e9b,384,25538,0,0,0,,0,0,0,,0,0,0,,1204,0,0,0,
b3b24f0ebecc45118f88f12042bd59c8,384,62894,0,0,0,,0,0,0,,0,0,0,,0,0,0,0,
9ee3c9b53c0048329175370a5868300b,383,36143,0,0,0,,0,0,0,,0,0,0,,0,0,0,0,
6eac5ce6527b4513bcff4b38d277b5cc,383,30734,298,145,312,https://www.youtube.com/watch?v=fAFdqt0QTXc,23,2,23,https://www.youtube.com/watch?v=zMk9SAOlV48,300,181,312,https://www.youtube.com/watch?v=fAFdqt0QTXc,190,0,0,0,
cce33288177341058833d8b4a093b03f,383,28243,4,2,4,https://www.youtube.com/watch?v=Zj69Hc1Jifg,0,0,0,,4,2,4,https://www.youtube.com/watch?v=Zj69Hc1Jifg,0,0,0,0,
502d093ba13d45de84602b54a1dc6e6c,381,18592,83,22,88,https://www.youtube.com/watch?v=ri9vjsxlKDw,85,42,88,https://www.youtube.com/watch?v=ri9vjsxlKDw,1,1,1,https://www.youtube.com/watch?v=BsJ35uSviEQ,118,0,0,0,
c5e956bdce614dddbeddfaf6ada4200d,381,19555,28,25,66,https://www.youtube.com/watch?v=lHmbWM6gCpU,28,25,66,https://www.youtube.com/watch?v=lHmbWM6gCpU,0,0,0,,0,0,0,0,
d50d9b85f098470c8220cd99de802b17,380,20287,54,13,77,https://www.youtube.com/watch?v=K1vyk7p8l1g,54,13,77,https://www.youtube.com/watch?v=K1vyk7p8l1g,0,0,0,,0,0,0,0,
dbf7b5a346e645f7be7d0d19d2193bc5,380,136996,1111,382,1529,https://www.youtube.com/watch?v=fvNgh8p9yNo,0,0,0,,1111,382,1529,https://www.youtube.com/watch?v=fvNgh8p9yNo,0,0,0,0,
f0987ff6444945558cd159a508cd823f,379,6085,0,0,0,,0,0,0,,0,0,0,,2165,0,0,0,
c11749c10e1941a9adb2a231eee2f2ea,379,7597,18,3,18,https://www.youtube.com/watch?v=Cgn63dAsge0,18,3,18,https://www.youtube.com/watch?v=Cgn63dAsge0,0,0,0,,306,0,0,0,
7f3411a01ffc45bab4f25f088131bb50,377,3262,46,22,223,https://www.youtube.com/watch?v=m5B0sfuS4xo,46,22,223,https://www.youtube.com/watch?v=m5B0sfuS4xo,0,0,0,,0,0,0,0,
64e20992295c4be984e9af0a470d6440,376,4491,0,0,0,,0,0,0,,0,0,0,,5398,143,114,250,https://www.twitch.tv/videos/2747046592
161544bf51864b2bad46cdd769bee278,376,15307,69,27,177,https://www.youtube.com/watch?v=pm5c-i1JkyY,69,27,177,https://www.youtube.com/watch?v=pm5c-i1JkyY,0,0,0,,125,32,26,52,https://www.twitch.tv/videos/2747035374
b932ddb915af47ec948b56d4bf901dab,376,6303,94,67,94,https://www.youtube.com/watch?v=vFtRGEcGCRM,94,67,94,https://www.youtube.com/watch?v=vFtRGEcGCRM,0,0,0,,0,0,0,0,
a2ceea65ce58431085b1366a0cfe9c61,376,0,0,0,0,,0,0,0,,0,0,0,,0,0,0,0,
4819621890c0408aaa7e81aa2dd3386b,374,18415,0,0,0,,0,0,0,,0,0,0,,0,0,0,0,
9434be74cca5450789bf73aa4359b542,372,4950,4,0,4,https://www.youtube.com/watch?v=ifYVcp5o5sI,4,0,4,https://www.youtube.com/watch?v=ifYVcp5o5sI,0,0,0,,0,0,0,0,
c97b665a89c34600be01f83eb1f77063,372,11636,0,0,0,,0,0,0,,0,0,0,,0,0,0,0,
670df075e5f9402bbcb6369685838b02,371,12473,18,8,64,https://www.youtube.com/watch?v=hFANfYTSuIM,18,8,64,https://www.youtube.com/watch?v=hFANfYTSuIM,0,0,0,,0,0,0,0,
236bfe277b89428dacb6ecc89fdb6ca2,370,0,0,0,0,,0,0,0,,0,0,0,,0,0,0,0,
1391c9808cd64cecb670a24b210ebc3f,370,0,0,0,0,,0,0,0,,0,0,0,,0,0,0,0,
012a92dc9c224aa6986c10e635428a7f,370,97678,0,0,0,,0,0,0,,0,0,0,,0,0,0,0,
4e78d5ae75144358a0384df9822c60bc,369,8704,0,0,0,,0,0,0,,0,0,0,,600,658,561,1071,https://www.twitch.tv/videos/2756532932
ae5e1ce2a3074d07818716492277408c,369,2857,0,0,0,,0,0,0,,0,0,0,,1156,0,0,0,
789a5da3ba8146e9ac10a8814f096b49,368,3266,0,0,0,,0,0,0,,0,0,0,,0,0,0,0,
a5fe6adcf3bd42b79475803c56a11832,367,20007,54,14,66,https://www.youtube.com/watch?v=jh3cNahg44M,54,14,66,https://www.youtube.com/watch?v=jh3cNahg44M,0,0,0,,46,0,0,0,
a8e0ec03cb0a4e0292228e1a6ed35e6a,365,8361,0,0,0,,0,0,0,,0,0,0,,849,24,19,31,https://www.twitch.tv/videos/2757229974
df7b08cd72224681a63e6e85e0753132,363,49127,0,0,0,,0,0,0,,0,0,0,,188,0,0,0,
8013fa67a08945a5b4b976156b6f610f,363,6555,0,0,0,,0,0,0,,0,0,0,,387,62,40,62,https://www.twitch.tv/videos/2750185485
ce4d344e37cd403cbb5325010144d393,362,25793,421,66,2956,https://www.youtube.com/watch?v=i5HF0TG4fHk,92,61,630,https://www.youtube.com/watch?v=VjFrfVmR4IQ,1244,643,2956,https://www.youtube.com/watch?v=i5HF0TG4fHk,1190,312,230,407,https://www.twitch.tv/videos/2748647730
e1bc34a2b6ac4d86ad6758cef724e7dc,362,10133,0,0,0,,0,0,0,,0,0,0,,325,526,326,1471,https://www.twitch.tv/videos/2747743798
fd5a1e004f224586aa65f9c5b374cc4a,362,7290,0,0,0,,0,0,0,,0,0,0,,4857,491,278,820,https://www.twitch.tv/videos/2751874123
60a64aca51ed4528895fe35b08231670,361,13106,0,0,1,https://www.youtube.com/watch?v=LTUu6oUwh8M,0,0,0,,0,0,1,https://www.youtube.com/watch?v=LTUu6oUwh8M,410,24,18,74,https://www.twitch.tv/videos/2748694678
a42c38cc7c0b4812b9bc79ab5f2d84f3,360,19637,149,38,994,https://www.youtube.com/watch?v=wpeLqCC8VOY,20,9,149,https://www.youtube.com/watch?v=k8TzyJEBop4,356,92,994,https://www.youtube.com/watch?v=wpeLqCC8VOY,0,0,0,0,
1c096a5610c0459b84c74213c3b30f85,360,28198,0,0,0,,0,0,0,,0,0,0,,213,0,0,0,
ef0319d27b10495795a5b994bc2249d5,360,35727,106,54,2039,https://www.youtube.com/watch?v=p9PCPUc1kAQ,82,45,173,https://www.youtube.com/watch?v=t7PDP31Wnrc,1670,507,2039,https://www.youtube.com/watch?v=p9PCPUc1kAQ,0,0,0,0,
652b28416c394eed93337f121c0dcbf5,360,16167,54,44,54,https://www.youtube.com/watch?v=wRYnymOLd3s,54,44,54,https://www.youtube.com/watch?v=wRYnymOLd3s,0,0,0,,0,0,0,0,
e443b9e0c3524137ba2774625c6c78cd,360,8338,0,0,0,,0,0,0,,0,0,0,,704,89,60,375,https://www.twitch.tv/videos/2750174377
9be839573d1a4944a93740ca42fa65d4,359,19834,0,0,0,,0,0,0,,0,0,0,,1481,0,0,0,
27a484e8f53a433396e73bea886fa2cb,359,20023,0,0,0,,0,0,0,,0,0,0,,0,0,0,0,
f2f74f42d7e44c2b8c71807abd0967f3,358,94003,0,0,0,,0,0,0,,0,0,0,,3042,513,234,1499,https://www.twitch.tv/videos/2734391690
3a29989f3f71430f88f1535125a1d32c,357,28045,0,0,0,,0,0,0,,0,0,0,,0,0,0,0,
a27f33f32dd2414c8c6843f8783a32f0,357,10495,134,66,1495,https://www.youtube.com/watch?v=w1DkbmATzHs,131,78,171,https://www.youtube.com/watch?v=mGwSv4NYEDk,1495,33,1495,https://www.youtube.com/watch?v=w1DkbmATzHs,0,0,0,0,
07930a961f0b4078a14f0a57f0a93965,354,27390,34,9,72,https://www.youtube.com/watch?v=zbUrfTUHWoo,34,9,72,https://www.youtube.com/watch?v=zbUrfTUHWoo,0,0,0,,0,0,0,0,
4fc02db3aab84e6cb526c02405d18c6e,354,17569,0,0,0,,0,0,0,,0,0,0,,148,0,0,0,
6166fbac685941a6acf389460de44943,354,29227,68,29,181,https://www.youtube.com/watch?v=OPmvmGxE4VA,68,29,181,https://www.youtube.com/watch?v=OPmvmGxE4VA,0,0,0,,0,0,0,0,
7ee1b473a5584a1a85973acfa45e0e1d,354,9616,44,15,72,https://www.youtube.com/watch?v=jksTcdVMVJo,44,15,72,https://www.youtube.com/watch?v=jksTcdVMVJo,0,0,0,,0,0,0,0,
f46e5ebb899548cab53d24f1901315b0,351,14410,64,57,90,https://www.youtube.com/watch?v=FzSVkuEck_M,64,57,90,https://www.youtube.com/watch?v=FzSVkuEck_M,0,0,0,,139,0,0,0,
682e400513134d0bacfa85513958c64d,351,6731,0,0,0,,0,0,0,,0,0,0,,930,302,217,990,https://www.twitch.tv/videos/2756462691
6e56882f3f8e4911b8b67316f1265808,350,83825,0,0,0,,0,0,0,,0,0,0,,168,0,0,0,
735a3d989210437f9e5b8e7a7ba6d88a,349,13624,57,40,102,https://www.youtube.com/watch?v=Wr47XmSY2a0,57,40,102,https://www.youtube.com/watch?v=Wr47XmSY2a0,0,0,0,,123,0,0,0,
f24626ac0ce34975a3b3fd6d8455f4f7,347,7976,0,0,0,,0,0,0,,0,0,0,,180,0,0,0,
2efb6dc7796c4ce792c196d27af0df87,347,37053,51,23,1087,https://www.youtube.com/watch?v=mdf4di7isBg,39,14,77,https://www.youtube.com/watch?v=2q8YtA0C6zk,242,70,1087,https://www.youtube.com/watch?v=mdf4di7isBg,0,0,0,0,
513c300c8af04b8a84d18f665b66481f,345,40079,0,0,0,,0,0,0,,0,0,0,,0,0,0,0,
e63fd2ead17a4b57b256fcd55fe83b0e,343,26756,62,35,146,https://www.youtube.com/watch?v=g0dnt5hqU3E,62,35,146,https://www.youtube.com/watch?v=g0dnt5hqU3E,0,0,0,,308,165,162,322,https://www.twitch.tv/videos/2755773168
4bc8631382ba4559bca22733663cdad5,343,7439,0,0,0,,0,0,0,,0,0,0,,0,0,0,0,
db3a6f094c3146c2ab6f2f267337f132,342,10279,318,154,318,https://www.youtube.com/watch?v=2qhfh5lk3sg,0,0,0,,318,154,318,https://www.youtube.com/watch?v=2qhfh5lk3sg,1302,239,213,451,https://www.twitch.tv/videos/2750185088
3a13b2827ef048859006a3acb74c175a,341,8603,66,50,66,https://www.youtube.com/watch?v=zki5eAQixRY,0,0,0,,66,50,66,https://www.youtube.com/watch?v=zki5eAQixRY,3830,504,405,2421,https://www.twitch.tv/videos/2752582809
73755322c8e74479864369766f924be1,339,19121,0,0,0,,0,0,0,,0,0,0,,4908,0,0,0,
b423123a68df4ac88b2a376ae5fd3b89,338,11530,104,57,1741,https://www.youtube.com/watch?v=x82eQ7H0JLs,66,47,331,https://www.youtube.com/watch?v=LCZltSZEwxY,524,320,1741,https://www.youtube.com/watch?v=x82eQ7H0JLs,0,0,0,0,
aac7be72efc74efe9e77148fd4af7151,338,15701,26,10,52,https://www.youtube.com/watch?v=-2ktDgg60yg,26,10,52,https://www.youtube.com/watch?v=-2ktDgg60yg,0,0,0,,0,0,0,0,
d8520b0d7b424141bf19b3254d264960,337,8710,0,0,0,,0,0,0,,0,0,0,,0,0,0,0,
2e05bf5968cf4b3789a1316f5b05d857,335,66469,0,0,0,,0,0,0,,0,0,0,,0,0,0,0,
f6a02208132e4cdeb72d84d1fb487384,335,0,0,0,0,,0,0,0,,0,0,0,,0,0,0,0,
4f8936d4899d4e2c83bf949bc61b2bd2,335,9400,48,8,52,https://www.youtube.com/watch?v=eof_BLQ2Atg,48,8,52,https://www.youtube.com/watch?v=eof_BLQ2Atg,0,0,0,,167,0,0,0,
389bd53524c74c44a32d72279b288b17,335,2891,0,0,0,,0,0,0,,0,0,0,,0,0,0,0,
9a13461ec0e644ceb6e86381ca41d33a,333,37767,1192,576,1192,https://www.youtube.com/watch?v=F3vJjiJ0Lo4,0,0,0,,1192,576,1192,https://www.youtube.com/watch?v=F3vJjiJ0Lo4,1369,0,0,0,
876c11fba4af4235857127b9af87093e,332,17184,0,0,0,,0,0,0,,0,0,0,,0,0,0,0,
5ae7e41f9b9a420d9217a0b2c6755f52,331,3654,0,0,0,,0,0,0,,0,0,0,,0,0,0,0,
3083d2b8192843958b2852553cb3bc70,331,2757,0,0,0,,0,0,0,,0,0,0,,424,70,56,82,https://www.twitch.tv/videos/2755847984
366df9da61654531a6581169c70a0432,330,0,0,0,0,,0,0,0,,0,0,0,,55,0,0,0,
5c3ea93753724a63b32071a7a580af7b,330,34473,1,0,35,https://www.youtube.com/watch?v=un-D6X6R7sc,0,0,0,,1,0,35,https://www.youtube.com/watch?v=un-D6X6R7sc,1782,10,6,46,https://www.twitch.tv/videos/2757703126
6d83214d4d964bc9a236f4cbdd8d99e4,327,15898,99,67,993,https://www.youtube.com/watch?v=b2xtaBEssCY,98,58,207,https://www.youtube.com/watch?v=0TEe2SWo0uI,993,411,993,https://www.youtube.com/watch?v=b2xtaBEssCY,46,0,0,0,
46e65e217ca84bbf8d43b67c3e5a9d90,325,23556,4,1,583,https://www.youtube.com/watch?v=c60SnOQRy6E,0,0,0,,4,1,583,https://www.youtube.com/watch?v=c60SnOQRy6E,212,23,21,23,https://www.twitch.tv/videos/2756520183
0fa0331a92df4a21bc5fc771223c3b3c,325,17594,0,0,0,,0,0,0,,0,0,0,,2252,0,0,0,
8a8a1d0901c04d568be19e2d8bbc9ca1,324,33283,0,0,0,,0,0,0,,0,0,0,,0,0,0,0,
0f5e3935971449daa91b654886313110,323,0,0,0,0,,0,0,0,,0,0,0,,2262,0,0,0,
2af109d54b1c49968b572aa2b59664ab,322,12450,0,0,0,,0,0,0,,0,0,0,,0,0,0,0,
12f22a9f1ecf4807a61eee4d628d4bd3,321,4454,0,0,0,,0,0,0,,0,0,0,,0,0,0,0,
e32b6351f1684034955171b93b1c5e63,321,0,0,0,0,,0,0,0,,0,0,0,,1820,0,0,0,
1db7ec043f284eaea0bd2213ecce2bad,320,17753,72,33,1416,https://www.youtube.com/watch?v=pC4Mq5-Cnuk,59,16,243,https://www.youtube.com/watch?v=nwYZoy606j4,1360,357,1416,https://www.youtube.com/watch?v=pC4Mq5-Cnuk,0,0,0,0,
c4268d9874b14b3282613fa11102ce4b,319,22361,45,15,131,https://www.youtube.com/watch?v=4XWtM1tt2mg,45,15,131,https://www.youtube.com/watch?v=4XWtM1tt2mg,0,0,0,,324,63,44,90,https://www.twitch.tv/videos/2756715263
e94e1e38a611403192e4db197c2d9d91,319,6997,0,0,0,,0,0,0,,0,0,0,,0,0,0,0,
76a17ecab93c4c3db069c9a5d8d0ecf5,318,43067,0,0,0,,0,0,0,,0,0,0,,1809,158,155,290,https://www.twitch.tv/videos/2752604963
ca161c4e0ef54cd4a311705625caf164,318,11330,0,0,0,,0,0,0,,0,0,0,,2237,0,0,0,
d88c3cbdb65940e69a3feb152dc93d6d,317,1029,0,0,0,,0,0,0,,0,0,0,,458,0,0,0,
7f494e37d17544878977d81e26b13897,316,170,0,0,0,,0,0,0,,0,0,0,,0,0,0,0,
d859857097fe4e9d90a2d840c0e7fca1,316,20299,21,3,171,https://www.youtube.com/watch?v=rLiLvGEmXf8,0,0,0,,21,3,171,https://www.youtube.com/watch?v=rLiLvGEmXf8,245,0,0,0,
a24116ba22c84747818b7be8cd8eb733,314,12711,27,24,107,https://www.youtube.com/watch?v=EVXu8HkNVAE,27,24,107,https://www.youtube.com/watch?v=EVXu8HkNVAE,0,0,0,,350,35,25,43,https://www.twitch.tv/videos/2757284359
9abd60c00f0f412b978a2398b13ac4e8,313,38932,0,0,0,,0,0,0,,0,0,0,,0,0,0,0,
3df5dcf41cdb46c7b7de73e502ce4ae1,313,10557,0,0,0,,0,0,0,,0,0,0,,658,0,0,0,
cbb0ea239d8e4f65a46ada52dfb778e3,312,8617,0,0,0,,0,0,0,,0,0,0,,424,0,0,0,
09db2ab40bc54cae831b5514b68be313,312,0,0,0,0,,0,0,0,,0,0,0,,0,0,0,0,
890c5d306c5f4a218f861c8a98a1e74a,309,5609,0,0,0,,0,0,0,,0,0,0,,68,0,0,0,
71f86178cf8545658c5c836c868a3646,308,6869,0,0,0,,0,0,0,,0,0,0,,1338,442,410,525,https://www.twitch.tv/videos/2755841299
57843e9c870647729c2438a7a7077008,307,8527,0,0,0,,0,0,0,,0,0,0,,97,0,0,0,
4e4cbcbc0acf410ea5a50e4a6bbafd01,306,3992,8,0,18,https://www.youtube.com/watch?v=t3bFNLGITIc,0,0,0,,8,0,18,https://www.youtube.com/watch?v=t3bFNLGITIc,2478,723,525,941,https://www.twitch.tv/videos/2747894791
bf7122f997f04401b0a6938abaded38c,306,18010,29,6,34,https://www.youtube.com/watch?v=hVB6HI_BjEI,29,6,34,https://www.youtube.com/watch?v=hVB6HI_BjEI,0,0,0,,0,0,0,0,
2f32fa150b4b4572bb6dd1a8e8c94ff1,305,11657,103,28,406,https://www.youtube.com/watch?v=MRykXFyfRPU,0,0,0,,103,28,406,https://www.youtube.com/watch?v=MRykXFyfRPU,3802,1253,671,3161,https://www.twitch.tv/videos/2740736132
b6cc2e3d23f34ba8bbeba181d19a714c,304,6295,0,0,0,,0,0,0,,0,0,0,,4289,1416,791,16614,https://www.twitch.tv/videos/2746375308
f3757b8d656f48749cada897ce597abc,303,7739,0,0,0,,0,0,0,,0,0,0,,0,0,0,0,
dfa5fefa546a40d5a677ddfff02ff3e1,303,18359,5,0,5,https://www.youtube.com/watch?v=roBcZKOLOlk,0,0,0,,5,0,5,https://www.youtube.com/watch?v=roBcZKOLOlk,800,40,31,46,https://www.twitch.tv/videos/2751790944
803435ca691f43a4b02360926fee23d1,302,12903,97,49,133,https://www.youtube.com/watch?v=zoQiWgFKzX8,97,49,133,https://www.youtube.com/watch?v=zoQiWgFKzX8,0,0,0,,1503,97,76,133,https://www.twitch.tv/videos/2752573758
d09b9f800b7940deb1f8a2b58a302f07,302,4246,0,0,0,,0,0,0,,0,0,0,,4242,319,251,569,https://www.twitch.tv/videos/2753647865
72ee59fb29644f8b88a4dd3d7e91fe39,301,10282,0,0,0,,0,0,0,,0,0,0,,0,0,0,0,
85340d14d5654ac3b28b39b007a7dea7,301,15533,51,12,114,https://www.youtube.com/watch?v=Fwios0HhBAo,51,12,114,https://www.youtube.com/watch?v=Fwios0HhBAo,0,0,0,,0,0,0,0,
09ceaec049b74c6bbe11eca7d4aa3cf6,300,7845,0,0,0,,0,0,0,,0,0,0,,0,0,0,0,
a13421f0201540ecaccd5c207b15c425,300,16700,0,0,0,,0,0,0,,0,0,0,,0,0,0,0,
2b1ef81172474b6b8409100be2f30da7,299,4548,4,1,6,https://www.youtube.com/watch?v=IeKCeK6oA_Y,0,0,0,,4,1,6,https://www.youtube.com/watch?v=IeKCeK6oA_Y,2627,233,159,233,https://www.twitch.tv/videos/2751004113
a4a9cd639c7546538ee9635b9a14989d,299,16068,35,6,38,https://www.youtube.com/watch?v=6CphDjCWeSI,35,6,38,https://www.youtube.com/watch?v=6CphDjCWeSI,0,0,0,,0,0,0,0,
8ae87582ab1e4b31bfd38310afda77bd,298,3725,0,0,0,,0,0,0,,0,0,0,,1344,0,0,0,
f4935cf7bbb94ae88202ee7ab6d6b92b,297,0,0,0,0,,0,0,0,,0,0,0,,52,0,0,0,
2e7fa2f9a4ba4ca6a0ea1397839aafca,297,11056,24,12,30,https://www.youtube.com/watch?v=1tNSThxgb_M,24,12,30,https://www.youtube.com/watch?v=1tNSThxgb_M,0,0,0,,0,0,0,0,
095d5621db8b44ed914d81f9e1183673,296,10418,67,27,177,https://www.youtube.com/watch?v=KA-a20CcaOM,67,27,88,https://www.youtube.com/watch?v=KTBxz5keQQE,101,21,177,https://www.youtube.com/watch?v=KA-a20CcaOM,24,0,0,0,
2d2dc667f7a9488092e67b0475dc3774,296,2811,0,0,0,,0,0,0,,0,0,0,,206,0,0,0,
d39563dd7adf452989791068eaf4524e,296,4590,72,35,88,https://www.youtube.com/watch?v=LdyIohlcmaA,72,35,88,https://www.youtube.com/watch?v=LdyIohlcmaA,0,0,0,,0,0,0,0,
92b3889a0c304d8fb9eed110bb82c60c,295,16886,0,0,0,,0,0,0,,0,0,0,,0,0,0,0,
79f4c64bde584997bf6ad38afd44b51d,295,21310,27,21,46,https://www.youtube.com/watch?v=Ce0dCfgZH5Q,27,21,46,https://www.youtube.com/watch?v=Ce0dCfgZH5Q,0,0,0,,157,58,55,59,https://www.twitch.tv/videos/2757386872
e1421ddfd4e442b490e2a74656a2838d,294,198,0,0,0,,0,0,0,,0,0,0,,850,0,0,0,
b09373e11cc74ed4b58440b9d7368172,294,23153,26,13,37,https://www.youtube.com/watch?v=tvOBCPCnr5o,26,13,37,https://www.youtube.com/watch?v=tvOBCPCnr5o,0,0,0,,0,0,0,0,
8fe313c8e0704a29a7a387b47c4f938b,292,10270,96,58,371,https://www.youtube.com/watch?v=EzIW4HU9bKc,71,52,167,https://www.youtube.com/watch?v=dgrFtwBxj9s,126,62,371,https://www.youtube.com/watch?v=EzIW4HU9bKc,0,0,0,0,
c572dfdd998b439fb17f01f4633cfb31,292,14875,0,0,0,,0,0,0,,0,0,0,,0,0,0,0,
e6373c7f689c44f8971ca0f83c817789,292,1630,0,0,0,,0,0,0,,0,0,0,,223,0,0,0,
df6443487ffb4142aea2b053b4aa8db7,292,34060,76,36,1298,https://www.youtube.com/watch?v=0nyZYMl-9sg,0,0,0,,76,36,1298,https://www.youtube.com/watch?v=0nyZYMl-9sg,1657,249,170,539,https://www.twitch.tv/videos/2754836579
d3a0a421fd184f9fa51856096d01e85b,292,16962,35,9,35,https://www.youtube.com/watch?v=TFihpXEC3sw,35,9,35,https://www.youtube.com/watch?v=TFihpXEC3sw,0,0,0,,0,0,0,0,
c40a4498540d462a89c2391a41aa9f0e,291,12329,90,83,844,https://www.youtube.com/watch?v=kuP5TEv34fM,70,48,90,https://www.youtube.com/watch?v=YXAugYhfN20,749,568,844,https://www.youtube.com/watch?v=kuP5TEv34fM,2357,77,68,77,https://www.twitch.tv/videos/2755817827
be1bfb3aafb34118808fd5a5c059ffaf,290,28291,0,0,0,,0,0,0,,0,0,0,,492,0,0,0,
479b23215fd84e0387e4f95c8bdfb127,290,116774,229,103,2568,https://www.youtube.com/watch?v=BGXDilYHpKc,29,16,52,https://www.youtube.com/watch?v=0peC7S1IGWA,1761,178,2568,https://www.youtube.com/watch?v=BGXDilYHpKc,0,0,0,0,
1895ef1f232d454aa6c18ca7812c794c,290,3723,91,60,91,https://www.youtube.com/watch?v=pP07qzimYqA,91,60,91,https://www.youtube.com/watch?v=pP07qzimYqA,0,0,0,,17,0,0,0,
82af75b290f44cd8b9a97bc5addaaf58,289,7629,34,25,43,https://www.youtube.com/watch?v=IH49TVgjaPY,34,25,43,https://www.youtube.com/watch?v=IH49TVgjaPY,0,0,0,,136,0,0,0,
e773129f910c4bd182f3b702c9ec1b55,289,9824,23,16,24,https://www.youtube.com/watch?v=4zrQUmY2CMA,23,16,24,https://www.youtube.com/watch?v=4zrQUmY2CMA,0,0,0,,0,0,0,0,
d148768158984ce8b3a8214b1fb3dafc,289,2953,43,36,43,https://www.youtube.com/watch?v=lG3fDYao9aw,43,36,43,https://www.youtube.com/watch?v=lG3fDYao9aw,0,0,0,,156,26,15,54,https://www.twitch.tv/videos/2747963978
ca4210c7562b479cb3af76082fb70fcd,289,2869,0,0,0,,0,0,0,,0,0,0,,3469,711,444,1033,https://www.twitch.tv/videos/2747005770
d2e2645a97a14ce4b58a7884c0e6ec56,287,27332,0,0,0,,0,0,0,,0,0,0,,1289,57,43,62,https://www.twitch.tv/videos/2756915571
6391e2693fa6464d83fdf5d136596bb0,285,14462,68,23,203,https://www.youtube.com/watch?v=1n1Cv6RXYuY,65,23,203,https://www.youtube.com/watch?v=1n1Cv6RXYuY,81,58,188,https://www.youtube.com/watch?v=HP_sGEOs9Tc,0,0,0,0,
703cea871ebf4ab6a8b2704f7611197b,284,8403,0,0,0,,0,0,0,,0,0,0,,0,0,0,0,
d334f3b3ba8b4e43bd7b5a237a7b4476,284,42287,64,25,284,https://www.youtube.com/watch?v=2Q1WbUWJCCI,64,25,284,https://www.youtube.com/watch?v=2Q1WbUWJCCI,0,0,0,,39,0,0,0,
5f68c9b585ad40c0ada7697c9b7f5055,284,0,0,0,0,,0,0,0,,0,0,0,,7428,895,335,1933,https://www.twitch.tv/videos/2735398005
1618171723d84cbe8b57cd69fa6f477f,283,38340,0,0,0,,0,0,0,,0,0,0,,759,32,20,42,https://www.twitch.tv/videos/2755061765
964a0dde279c45ea85ffc6ad5d266206,282,10217,111,46,1935,https://www.youtube.com/watch?v=9Rn6f3O66u4,58,30,148,https://www.youtube.com/watch?v=ZGUKkeppLgY,1395,679,1935,https://www.youtube.com/watch?v=9Rn6f3O66u4,1076,163,142,203,https://www.twitch.tv/videos/2755609797
b3a1f0922f7440f3bb1adbfa7a04bd09,281,8953,0,0,0,,0,0,0,,0,0,0,,1017,0,0,0,
bc5f0ae969564d15a5e85bfbe4df3164,280,9311,0,0,0,,0,0,0,,0,0,0,,37,0,0,0,
279a45d6a8f9445389b9b8cdbcb72ae8,280,25932,0,0,0,,0,0,0,,0,0,0,,273,29,28,35,https://www.twitch.tv/videos/2758279006
7badd33c853240e280db61899f381ff2,280,10937,0,0,0,,0,0,0,,0,0,0,,419,0,0,0,
c9f9ff24ef184b29a58c616412f1dbbc,280,5707,0,0,0,,0,0,0,,0,0,0,,0,0,0,0,
9d5365bf17564326a578781a38b72bea,279,0,0,0,0,,0,0,0,,0,0,0,,0,0,0,0,
9ee558b898964252a06e2c423f8d58ad,279,0,0,0,0,,0,0,0,,0,0,0,,0,0,0,0,
f40e7d4c2b8b4ea89a6cd017303ca5c0,279,1577,0,0,0,,0,0,0,,0,0,0,,527,290,181,290,https://www.twitch.tv/videos/2749448606
94ca3090942d4ca38a71b8f1b65c7343,278,17692,0,0,0,,0,0,0,,0,0,0,,171,0,0,0,
6fa20242354646ad8e8feea8d52e514e,278,6729,0,0,0,,0,0,0,,0,0,0,,0,0,0,0,
4cebb92683d548089e998ec18a484930,277,13189,34,31,34,https://www.youtube.com/watch?v=mkqUnzBnW-E,34,31,34,https://www.youtube.com/watch?v=mkqUnzBnW-E,0,0,0,,0,0,0,0,
b7155dea3cdc452e9f77df41ccca17bd,276,1228,0,0,0,,0,0,0,,0,0,0,,492,0,0,0,
25619abc5e0d4f79839e48d83234eaf8,274,6055,8,3,14,https://www.youtube.com/watch?v=EBI7uSSrGXY,8,3,14,https://www.youtube.com/watch?v=EBI7uSSrGXY,0,0,0,,734,46,38,62,https://www.twitch.tv/videos/2749389260
3e7f5f5e829e4d4baca2a8a5916d60e4,273,3254,992,451,1315,https://www.youtube.com/watch?v=LEkylWrn4uU,0,0,0,,992,451,1315,https://www.youtube.com/watch?v=LEkylWrn4uU,2189,501,376,1085,https://www.twitch.tv/videos/2750786704
c543b53edfbd4b3c92f4801cb8d3346c,273,15862,0,0,0,,0,0,0,,0,0,0,,0,0,0,0,
a16471805f7f44f88237b42c79b9f3a2,272,10572,0,0,0,,0,0,0,,0,0,0,,0,0,0,0,
192be77802a54229bb67b40c00978520,272,2181,0,0,0,,0,0,0,,0,0,0,,1032,0,0,0,
de5f8aaf92814bb79eb91adb0efc8f1d,272,13584,12,5,31,https://www.youtube.com/watch?v=Ix9FzXGxj3k,12,5,31,https://www.youtube.com/watch?v=Ix9FzXGxj3k,0,0,0,,0,0,0,0,
985e64cecc24401290c08cb7e2f4ef50,271,7423,35,13,41,https://www.youtube.com/watch?v=OKfwM2a25KA,35,13,41,https://www.youtube.com/watch?v=OKfwM2a25KA,0,0,0,,2005,275,213,400,https://www.twitch.tv/videos/2746871370
a6a155230538488e8488f01160598837,271,16970,0,0,0,,0,0,0,,0,0,0,,0,0,0,0,
bb0466e52fe240099d8498548b2fad3e,270,15087,0,0,0,,0,0,0,,0,0,0,,77,0,0,0,
67b3f32472774d3191ecfea12f60a990,268,9411,0,0,0,,0,0,0,,0,0,0,,116,0,0,0,
05d19eac5d22427f916e6fa59bf17b3b,268,78789,5,2,915,https://www.youtube.com/watch?v=eRhsuCCe974,0,0,0,,5,2,915,https://www.youtube.com/watch?v=eRhsuCCe974,2475,305,244,516,https://www.twitch.tv/videos/2748602994
03e9bea117bd4b5ba189b48f1617d9bb,268,7790,0,0,0,,0,0,0,,0,0,0,,0,0,0,0,
836540821b58433e9e04bea62c49cf2d,267,470,166,81,316,https://www.youtube.com/watch?v=eaGNw-UkSso,0,0,0,,166,81,316,https://www.youtube.com/watch?v=eaGNw-UkSso,341,0,0,0,
22a21c1a529f4817b8790629d8b4590f,264,35578,234,58,404,https://www.youtube.com/watch?v=byKNQhDHw10,0,0,0,,234,58,404,https://www.youtube.com/watch?v=byKNQhDHw10,106,0,0,0,
33f8f83054e3473d9c8c5e1a3c8e1008,264,8785,32,21,82,https://www.youtube.com/watch?v=Yh5v4CpWcog,33,22,82,https://www.youtube.com/watch?v=Yh5v4CpWcog,4,2,4,https://www.youtube.com/watch?v=IzftBmxRwGE,0,0,0,0,
a76d4171e74448fd9d1a6eaf183be3ff,263,15162,0,0,0,,0,0,0,,0,0,0,,852,190,111,190,https://www.twitch.tv/videos/2748615258
fbd0d260a09c47b1a9dcc73fd41e7eca,263,3848,0,0,0,,0,0,0,,0,0,0,,6449,0,0,0,
0d07fb89672446c3b4a1682131f96f7b,261,21904,24,14,42,https://www.youtube.com/watch?v=B_j0vDsvTL4,24,14,42,https://www.youtube.com/watch?v=B_j0vDsvTL4,0,0,0,,0,0,0,0,
105f7890339346329ab408f423f617c3,260,15808,0,0,0,,0,0,0,,0,0,0,,4369,2154,309,2645,https://www.twitch.tv/videos/2738019450
0c05eca1975b40b3a0b54d3dfd61055d,258,37185,0,0,0,,0,0,0,,0,0,0,,2635,111,77,152,https://www.twitch.tv/videos/2747066113
f7758d944fd8438a86bfe1235c7bcd17,258,15314,5,3,182,https://www.youtube.com/watch?v=qrEQoAtkmL0,0,0,0,,5,3,182,https://www.youtube.com/watch?v=qrEQoAtkmL0,602,0,0,0,
04e61f47cdf542c7b5a3b3ae569fc021,258,2974,0,0,0,,0,0,0,,0,0,0,,884,0,0,0,
1af1c5f8526a4396820151df1bff37b7,258,25193,150,43,1809,https://www.youtube.com/watch?v=RWNAf0QVGps,124,41,165,https://www.youtube.com/watch?v=YNomkBgIuCM,1290,135,1809,https://www.youtube.com/watch?v=RWNAf0QVGps,0,0,0,0,
7c96bbca1c184d70a39ef2a65a0d788c,255,164350,0,0,0,,0,0,0,,0,0,0,,594,0,0,0,
3a44da0674144e61bff60415cc09a678,255,7266,10,5,12,https://www.youtube.com/watch?v=XuT7uCNw5Qs,10,5,12,https://www.youtube.com/watch?v=XuT7uCNw5Qs,0,0,0,,0,0,0,0,
2ff6c25f8e5943d2ac0a6a006f5784c3,255,2380,0,0,0,,0,0,0,,0,0,0,,1595,295,241,382,https://www.twitch.tv/videos/2757315016
5734f8f1aa53439e84769631937e0dd7,253,0,0,0,0,,0,0,0,,0,0,0,,0,0,0,0,
cd0b2f63c88e4b4abd5b83296a5d7866,253,3718,0,0,0,,0,0,0,,0,0,0,,3610,0,0,0,
75eb49d99170441ab784d7bec7378d21,252,10684,0,0,0,,0,0,0,,0,0,0,,1409,42,28,134,https://www.twitch.tv/videos/2757408441
a091320108954092a07650dd8a31a451,250,11575,0,0,0,,0,0,0,,0,0,0,,0,0,0,0,
5f044942071146cb9ec4b760458a662e,250,10882,0,0,0,,0,0,0,,0,0,0,,806,261,163,263,https://www.twitch.tv/videos/2749375355
8c1fe8acf675446ebb2fd046e6396983,248,24504,36,19,44,https://www.youtube.com/watch?v=wNUeu4toLO0,36,19,44,https://www.youtube.com/watch?v=wNUeu4toLO0,0,0,0,,261,18,15,36,https://www.twitch.tv/videos/2751857181
90a8ac8d7653460298ba85cb7e4d3bc9,246,3263,0,0,0,,0,0,0,,0,0,0,,55,0,0,0,
cabc3ddcf7ad46ef9acb4b0951f9b2ba,246,20883,1,0,1129,https://www.youtube.com/watch?v=EHjJtpJh3cU,0,0,0,,1,0,1129,https://www.youtube.com/watch?v=EHjJtpJh3cU,1227,212,148,381,https://www.twitch.tv/videos/2751770917
789a7f5d025349b4ace0925f9e17fdd7,245,873,0,0,0,,0,0,0,,0,0,0,,0,0,0,0,
4bded61728c4482c817c3cc236d0a619,245,19563,0,0,0,,0,0,0,,0,0,0,,1103,0,0,0,
a3452262e11348c88afea4031b0323a8,244,21507,5,2,18,https://www.youtube.com/watch?v=QSWnGxD06eE,0,0,0,,5,2,18,https://www.youtube.com/watch?v=QSWnGxD06eE,474,0,0,0,
975ec89d484d499aa1beece0c6731a15,244,11632,0,0,0,,0,0,0,,0,0,0,,0,0,0,0,
1ccf3d7852d34137b9cc70343dcc41bf,243,108758,266,7,266,https://www.youtube.com/watch?v=cN37FCUPFgo,0,0,0,,266,7,266,https://www.youtube.com/watch?v=cN37FCUPFgo,113,0,0,0,
47cd428eee8640cb80afaa4ef9bb55e0,242,17013,53,42,80,https://www.youtube.com/watch?v=x5XhigJh_Xc,53,42,80,https://www.youtube.com/watch?v=x5XhigJh_Xc,0,0,0,,1652,95,70,136,https://www.twitch.tv/videos/2748643657
c91577ba12cd45deb9c8e5c666c290be,241,87452,41,22,1364,https://www.youtube.com/watch?v=IVFdS2GrdCU,38,22,172,https://www.youtube.com/watch?v=Wn20g93-o24,103,39,1364,https://www.youtube.com/watch?v=IVFdS2GrdCU,0,0,0,0,
e7ac18c2e713426692cfd0ef7fe2b897,241,38,0,0,0,,0,0,0,,0,0,0,,149,7,6,16,https://www.twitch.tv/videos/2751889590
0e516fd1e97a4c58bad3afb6469748d4,241,3105,16,6,871,https://www.youtube.com/watch?v=-gGJf87f-20,225,167,768,https://www.youtube.com/watch?v=_6e38JrmhQA,7,3,871,https://www.youtube.com/watch?v=-gGJf87f-20,558,44,30,56,https://www.twitch.tv/videos/2746968665
777608b04fa74a42975497f6273ed6f9,240,12401,2,1,3,https://www.youtube.com/watch?v=0ro8iT1y-co,0,0,0,,2,1,3,https://www.youtube.com/watch?v=0ro8iT1y-co,2950,461,241,624,https://www.twitch.tv/videos/2753486433
67252692b4f64f509af6eacffdeafdf9,239,25125,57,19,345,https://www.youtube.com/watch?v=UFIIH90h6Vw,56,22,63,https://www.youtube.com/watch?v=2A8bXNKBT1o,345,19,345,https://www.youtube.com/watch?v=UFIIH90h6Vw,0,0,0,0,
3e86fddd8145474691e77ba761a6b2a5,239,37370,0,0,0,,0,0,0,,0,0,0,,1049,153,140,153,https://www.twitch.tv/videos/2756650150
5c85ca3ffbfc4ff6b0591c29fc92b7eb,237,5765,0,0,0,,0,0,0,,0,0,0,,0,0,0,0,
33cabb57d2454dfdbdf7453c54429940,236,90789,1501,616,1501,https://www.youtube.com/watch?v=vuis9eefuNg,0,0,0,,1501,616,1501,https://www.youtube.com/watch?v=vuis9eefuNg,650,348,224,1448,https://www.twitch.tv/videos/2751004407
2a5241b8ebc54be98263c9ea2924b7e9,235,7165,629,410,985,https://www.youtube.com/watch?v=VKImZRn18a8,0,0,0,,629,410,985,https://www.youtube.com/watch?v=VKImZRn18a8,1814,409,302,2968,https://www.twitch.tv/videos/2756366498
dbbb8592c30840c8b00ae8091a684e5c,234,9109,0,0,0,,0,0,0,,0,0,0,,1275,0,0,0,
f72fb9eab9a84db5ba139131d59bdd02,233,36146,839,129,1057,https://www.youtube.com/watch?v=-pIMijzAS98,0,0,0,,839,129,1057,https://www.youtube.com/watch?v=-pIMijzAS98,381,67,44,113,https://www.twitch.tv/videos/2751882800
a3afce163c9341c992f526816d9d5440,233,3816,17,15,162,https://www.youtube.com/watch?v=6WZvGxfKNFU,16,13,162,https://www.youtube.com/watch?v=6WZvGxfKNFU,19,18,24,https://www.youtube.com/watch?v=cfQCJ79-M14,102,0,0,0,
4693c4a0f4284a429f353419a3fc547c,232,52142,1372,496,11720,https://www.youtube.com/watch?v=pHDOJd4NLsQ,0,0,0,,1372,496,11720,https://www.youtube.com/watch?v=pHDOJd4NLsQ,0,0,0,0,
d198a42f93d84e9ca061a72243d142cc,232,117955,0,0,0,,0,0,0,,0,0,0,,526,51,36,200,https://www.twitch.tv/videos/2749243213
c274c90379ca4e57a79251976cda3e54,232,8847,0,0,0,,0,0,0,,0,0,0,,322,0,0,0,
42d2b255295b468dafe439394130ae11,231,12315,14,8,18,https://www.youtube.com/watch?v=uGna5yXBP4o,0,0,0,,14,8,18,https://www.youtube.com/watch?v=uGna5yXBP4o,967,216,141,216,https://www.twitch.tv/videos/2750185438
af89613e72874e219c00ab0c89b6c641,231,52823,25,12,41,https://www.youtube.com/watch?v=fH7GyJcCLto,27,19,41,https://www.youtube.com/watch?v=fH7GyJcCLto,5,0,5,https://www.youtube.com/watch?v=49zlPC0rbnI,11,0,0,0,
d8b5835bc6aa46119cc7ddd4447e780f,231,35952,0,0,0,,0,0,0,,0,0,0,,2000,549,374,549,https://www.twitch.tv/videos/2750925900
25b5885afcdc4430be0d822464ccff91,231,3549,9,4,26,https://www.youtube.com/watch?v=f-P4ttzXAzI,11,5,26,https://www.youtube.com/watch?v=f-P4ttzXAzI,5,1,5,https://www.youtube.com/watch?v=AF32voEGyE0,329,25,14,46,https://www.twitch.tv/videos/2753437671
a7bb915cc1a0474080d7dbf6d245daf4,230,13392,0,0,0,,0,0,0,,0,0,0,,44,0,0,0,
e9569c3f60c541ab83899c09079feaa2,229,10451,570,323,969,https://www.youtube.com/watch?v=tIHRv-tu96E,0,0,0,,570,323,969,https://www.youtube.com/watch?v=tIHRv-tu96E,2936,1795,1001,1795,https://www.twitch.tv/videos/2747879687
d4bd6ed12ee746a8978434ee5b14dd27,229,60217,334,14,1224,https://www.youtube.com/watch?v=mFGVd6cuack,0,0,0,,334,14,1224,https://www.youtube.com/watch?v=mFGVd6cuack,540,115,105,375,https://www.twitch.tv/videos/2747844387
bf6401d2159c40a8a616defa8c2c4a66,228,25504,0,0,0,,0,0,0,,0,0,0,,823,0,0,0,
156aba6fe34b4d648a3fd210550963c7,227,1040,0,0,0,,0,0,0,,0,0,0,,93,0,0,0,
5d23e69300534fe6aa678d75573381ea,227,1980,0,0,0,,0,0,0,,0,0,0,,0,0,0,0,
2dfcc511bca64a678926415857b097e9,226,0,0,0,0,,0,0,0,,0,0,0,,0,0,0,0,
dc27d7819dac471f907e0ace5131580f,226,5314,0,0,0,,0,0,0,,0,0,0,,1448,244,118,468,https://www.twitch.tv/videos/2745884079
af82ee4712aa4d6c9c4100591a8a3163,225,3184,0,0,0,,0,0,0,,0,0,0,,584,195,169,251,https://www.twitch.tv/videos/2757329742
27a22366e885420e8a3c78ee7ac7c075,224,15374,45,20,64,https://www.youtube.com/watch?v=GctzKR3UMpY,45,20,64,https://www.youtube.com/watch?v=GctzKR3UMpY,0,0,0,,35,17,13,37,https://www.twitch.tv/videos/2757511067
63730ec82db64ce5a51464cf24f9a4aa,223,86,0,0,0,,0,0,0,,0,0,0,,389,0,0,0,
71da2daf84a546c39399adf6ca44aac1,223,16388,26,10,81,https://www.youtube.com/watch?v=Dn_rd5VXLG8,30,11,81,https://www.youtube.com/watch?v=Dn_rd5VXLG8,11,2,11,https://www.youtube.com/watch?v=48X1kHIKMQ0,303,53,37,96,https://www.twitch.tv/videos/2751794289
fa4720c840ac4877966044322b79c9ba,222,0,0,0,0,,0,0,0,,0,0,0,,0,0,0,0,
98619914a2eb4b07bd6bc0a02066e455,221,5623,0,0,0,,0,0,0,,0,0,0,,1319,224,162,279,https://www.twitch.tv/videos/2757558802
ccf55e42124c46ab828b188fc8c4f947,221,47406,927,318,1464,https://www.youtube.com/watch?v=8OPzQWCX__0,0,0,0,,927,318,1464,https://www.youtube.com/watch?v=8OPzQWCX__0,703,331,199,630,https://www.twitch.tv/videos/2749520791
52d8a731a7634e529ba986ae40ce6526,220,16826,0,0,0,,0,0,0,,0,0,0,,850,408,275,803,https://www.twitch.tv/videos/2755627216
c56801a52568414ca54724a3c24c3417,219,19842,0,0,0,,0,0,0,,0,0,0,,2208,0,0,0,
25ac52ef552244a997045ca561b5636f,219,3654,0,0,0,,0,0,0,,0,0,0,,0,0,0,0,
1fa9ddce23964bab8edddf7f18dad2f3,218,10595,0,0,0,,0,0,0,,0,0,0,,1575,69,49,79,https://www.twitch.tv/videos/2749518084
9543391286c44c5e9c9e9ed7ef608f20,218,2831,0,0,0,,0,0,0,,0,0,0,,610,0,0,0,
3986345f7cae4fc5ba3b7fd3a8dceba0,218,1007,0,0,0,,0,0,0,,0,0,0,,1120,0,0,0,
c269bafe425f470e957731c454b8925c,218,18037,0,0,0,,0,0,0,,0,0,0,,445,0,0,0,
d564dc69725f4258b8b08d8d5df285a8,217,9290,15,7,65,https://www.youtube.com/watch?v=mwE7nG8u2e0,14,6,65,https://www.youtube.com/watch?v=mwE7nG8u2e0,45,37,45,https://www.youtube.com/watch?v=qhwCNlnjqfE,70,11,9,21,https://www.twitch.tv/videos/2754298918
1e602bc3e53a4fd2a1cd28a053988fbc,217,3539,0,0,0,,0,0,0,,0,0,0,,0,0,0,0,
15c82034235748649547ada64817a6d1,217,15839,337,138,1414,https://www.youtube.com/watch?v=FbFwVtNxdO0,0,0,0,,337,138,1414,https://www.youtube.com/watch?v=FbFwVtNxdO0,3609,275,189,1132,https://www.twitch.tv/videos/2753552382
8e65ff08f84f46148a79346978db81c8,217,57881,54,35,18080,https://www.youtube.com/watch?v=VXNF7h2SY6s,44,25,120,https://www.youtube.com/watch?v=QQch8WZypSI,543,345,18080,https://www.youtube.com/watch?v=VXNF7h2SY6s,0,0,0,0,
0554e298ab8041c19ce07bf0b2c315a0,216,18700,51,34,1266,https://www.youtube.com/watch?v=fAIZl1bxCg8,41,15,52,https://www.youtube.com/watch?v=NkygGElcLcw,671,223,1266,https://www.youtube.com/watch?v=fAIZl1bxCg8,0,0,0,0,
d8fa0fb407c043cb9b65ab66c2221e8d,216,69988,3,1,17,https://www.youtube.com/watch?v=wcK3Zb6MngQ,0,0,0,,3,1,17,https://www.youtube.com/watch?v=wcK3Zb6MngQ,2237,37,30,63,https://www.twitch.tv/videos/2755850919
31888d1a66654eee82d4dd22017db978,215,37653,370,88,1409,https://www.youtube.com/watch?v=oJ-2LZNIn_w,0,0,0,,370,88,1409,https://www.youtube.com/watch?v=oJ-2LZNIn_w,0,0,0,0,
cfe0c2386d794c229d71c5a6a7e28333,214,15575,11,9,11,https://www.youtube.com/watch?v=0pItBV7x1vc,0,0,0,,11,9,11,https://www.youtube.com/watch?v=0pItBV7x1vc,0,0,0,0,
8814a6eccdd04fa6bf2f8201f12bf8ae,213,3770,0,0,0,,0,0,0,,0,0,0,,339,34,27,51,https://www.twitch.tv/videos/2756652696
463e3994840145618264d41fa3eaf344,212,12282,49,24,54,https://www.youtube.com/watch?v=bQk9-1qB2lo,49,24,54,https://www.youtube.com/watch?v=bQk9-1qB2lo,0,0,0,,0,0,0,0,
54ea240f1bf1471981684464081645e7,211,4067,0,0,0,,0,0,0,,0,0,0,,349,8,5,11,https://www.twitch.tv/videos/2749953363
12479712313d4ddda715483e1f93ee9d,211,4323,13,11,13,https://www.youtube.com/watch?v=EUlgtMQeYsw,0,0,0,,13,11,13,https://www.youtube.com/watch?v=EUlgtMQeYsw,0,0,0,0,
3dc59c2e8b424c9e812fb48048ebdef8,211,6243,4,3,9,https://www.youtube.com/watch?v=Oga8tAPMr3o,0,0,0,,4,3,9,https://www.youtube.com/watch?v=Oga8tAPMr3o,1522,118,105,276,https://www.twitch.tv/videos/2752751480
47d591738d2449a496e7ce140b539662,209,1246,0,0,0,,0,0,0,,0,0,0,,2115,247,193,268,https://www.twitch.tv/videos/2757144474
cbaa062d8a2443b1b2b1efd92d9bd3bb,208,0,0,0,0,,0,0,0,,0,0,0,,0,0,0,0,
f1d9ff59d3d74b0ebb4268de53698dbf,208,6344,0,0,0,,0,0,0,,0,0,0,,735,0,0,0,
7bebabbe96a34368aa03da163e3da313,207,27435,36,4,39,https://www.youtube.com/watch?v=xFDSuN8IvV0,36,4,39,https://www.youtube.com/watch?v=xFDSuN8IvV0,0,0,0,,0,0,0,0,
5949eae32b844c9e873474efb19f4e6d,206,6058,30,26,30,https://www.youtube.com/watch?v=pVQcM0b6j5M,30,26,30,https://www.youtube.com/watch?v=pVQcM0b6j5M,0,0,0,,0,0,0,0,
14b644d58ff14ef1b491ef3d451e9e06,206,0,0,0,0,,0,0,0,,0,0,0,,3367,0,0,0,
de8c5ca15afd4534a822e5a1a9c2784e,206,1935,0,0,0,,0,0,0,,0,0,0,,2182,227,193,433,https://www.twitch.tv/videos/2747181502
1d9db35aa47c4d2d8bea3fb94afbd1b9,206,7693,44,21,372,https://www.youtube.com/watch?v=7vzZ5EcyssQ,44,20,105,https://www.youtube.com/watch?v=L3PZutmR6Qo,372,22,372,https://www.youtube.com/watch?v=7vzZ5EcyssQ,0,0,0,0,
3082cc9c2e124fb3bf77cc799590042e,205,16138,65,12,77,https://www.youtube.com/watch?v=lm2oyZBm6do,65,12,77,https://www.youtube.com/watch?v=lm2oyZBm6do,0,0,0,,0,0,0,0,
3c9899af7c104ea08eb0baa4ee565076,203,2413,0,0,0,,0,0,0,,0,0,0,,676,58,34,58,https://www.twitch.tv/videos/2748600332
a5ced44a2bb74575a9cf9ea48f9ec890,199,8681,0,0,0,,0,0,0,,0,0,0,,0,0,0,0,
fdbcdd7db6b04ed4b2336b1b3da66564,198,18690,527,110,527,https://www.youtube.com/watch?v=iW2TPlq_QmQ,0,0,0,,527,110,527,https://www.youtube.com/watch?v=iW2TPlq_QmQ,227,290,218,396,https://www.twitch.tv/videos/2753510065
49150fef0c1f4c0e9e18567224a7bf5c,198,2421,2425,2043,2425,https://www.youtube.com/watch?v=SKjbf60UGiQ,0,0,0,,2425,2043,2425,https://www.youtube.com/watch?v=SKjbf60UGiQ,0,0,0,0,
1d0201167f5445e8b410a8f311e54133,197,20856,0,0,0,,0,0,0,,0,0,0,,145,0,0,0,
3802b3f13284406cb4bc3f775690add5,197,7016,69,32,104,https://www.youtube.com/watch?v=ts7bTdDhLIQ,69,32,104,https://www.youtube.com/watch?v=ts7bTdDhLIQ,0,0,0,,90,127,68,230,https://www.twitch.tv/videos/2757494484
05970b8580b4433d9afb8769568d2276,197,5025,0,0,0,,0,0,0,,0,0,0,,9,0,0,0,
48e968abd77d434db31de0f0bb8d92a1,196,10783,5,1,7,https://www.youtube.com/watch?v=WRW-A9P2QSM,0,0,0,,5,1,7,https://www.youtube.com/watch?v=WRW-A9P2QSM,530,32,21,46,https://www.twitch.tv/videos/2755847521
936b7b3d4250469d94b53ebc7e4936f6,193,241271,0,0,0,,0,0,0,,0,0,0,,1186,210,75,280,https://www.twitch.tv/videos/2757125674
bd39e88e6dd24e659b135b7fe96bef5b,193,563,0,0,0,,0,0,0,,0,0,0,,0,0,0,0,
021eaf7cecfa4416b759fcc310f7b15a,192,8112,0,0,0,,0,0,0,,0,0,0,,223,44,39,44,https://www.twitch.tv/videos/2755840009
f30f6a2e994641b5af169b97f2aad13b,192,6952,0,0,0,,0,0,0,,0,0,0,,552,0,0,0,
26e2e1583d404f48b879375ef74ae33a,192,8954,0,0,0,,0,0,0,,0,0,0,,0,0,0,0,
698d1cca0e1f417892c954dabe0aacf8,191,769,0,0,0,,0,0,0,,0,0,0,,2304,0,0,0,
aad41e66df77481baac0825033d81487,190,43695,1053,338,1236,https://www.youtube.com/watch?v=9b8Cpv3jG_Q,0,0,0,,1053,338,1236,https://www.youtube.com/watch?v=9b8Cpv3jG_Q,0,0,0,0,
df079afa77ea4a65baedaaa701936050,189,0,0,0,0,,0,0,0,,0,0,0,,0,0,0,0,
2afd93f378e14e78ad944fa86a84ed98,188,5060,0,0,0,,0,0,0,,0,0,0,,0,0,0,0,
6cdaf0b035d04e3794a5accd5ed8b08f,188,1690,0,0,0,,0,0,0,,0,0,0,,0,0,0,0,
6d76e6b27f164061a216ec2831bd8dd3,188,0,0,0,0,,0,0,0,,0,0,0,,1216,0,0,0,
202d7c3df0a0489288ace48e1e81ac9f,187,4635,0,0,0,,0,0,0,,0,0,0,,76,0,0,0,
865ef104e1784d878871c819452a63dd,187,1921,67,17,88,https://www.youtube.com/watch?v=d3iAVK2Q3Ys,67,17,88,https://www.youtube.com/watch?v=d3iAVK2Q3Ys,0,0,0,,0,0,0,0,
699b0baa82d0413aa073155683edcd56,186,5323,0,0,0,,0,0,0,,0,0,0,,2198,86,78,99,https://www.twitch.tv/videos/2755838506
cf5fc0cd849841679951b3769979b3a0,185,3781,80,37,149,https://www.youtube.com/watch?v=Lm7SDPEqaJg,80,37,149,https://www.youtube.com/watch?v=Lm7SDPEqaJg,0,0,0,,39,27,20,44,https://www.twitch.tv/videos/2747112537
59ea0c3b836c4dee8ba08df9bb73be86,184,0,0,0,0,,0,0,0,,0,0,0,,0,0,0,0,
7a7e366c81d54d03a07cb2c6cb382884,184,6218,0,0,0,,0,0,0,,0,0,0,,0,0,0,0,
c8bd7c9fcc714269b8092571f2622867,183,478,0,0,0,,0,0,0,,0,0,0,,0,0,0,0,
a0fd4ae0fdc540c7b0c63d292372412a,182,2480,0,0,0,,0,0,0,,0,0,0,,186,0,0,0,
e73e2554e6754cadb0b836bb1fcfdaf7,182,18440,102,57,717,https://www.youtube.com/watch?v=M_P9ZM98734,92,50,253,https://www.youtube.com/watch?v=5LeiuXCLPEc,561,101,717,https://www.youtube.com/watch?v=M_P9ZM98734,35,45,38,78,https://www.twitch.tv/videos/2757382558
d46a06f4c654403e8b6376f7eda6f6ba,181,9472,75,15,1714,https://www.youtube.com/watch?v=9Zc7tJkYRJ8,69,11,92,https://www.youtube.com/watch?v=Om8d9YVFn1I,1714,248,1714,https://www.youtube.com/watch?v=9Zc7tJkYRJ8,0,0,0,0,
25f3eb5a85784e0e9f59f45ae775badd,180,10498,0,0,0,,0,0,0,,0,0,0,,0,0,0,0,
98c577d538f84d75a3c34e0f9d13c8a3,177,10799,0,0,0,,0,0,0,,0,0,0,,255,0,0,0,
74a8b2325c0c4b158dd12377bff187c8,177,9015,118,14,726,https://www.youtube.com/watch?v=9aZevKYxXlQ,0,0,0,,118,14,726,https://www.youtube.com/watch?v=9aZevKYxXlQ,0,0,0,0,
ae2d7595c5b94d0786e2fcd5c8973c06,176,2501,0,0,0,,0,0,0,,0,0,0,,0,0,0,0,
a0b5f8b54a534dfcb66154002e97e4cc,176,0,0,0,0,,0,0,0,,0,0,0,,155,0,0,0,
9add5efb4665440e8e021a9c3ced6095,175,9987,65,21,413,https://www.youtube.com/watch?v=FH9nqQmfHNo,63,19,413,https://www.youtube.com/watch?v=FH9nqQmfHNo,249,150,249,https://www.youtube.com/watch?v=88ttK-KWVZ8,0,0,0,0,
7ee7164af0d645a18422350715a1eef0,175,399,0,0,0,,0,0,0,,0,0,0,,359,0,0,0,
9b9409f309a54c54bf6225f43eae1167,174,5918,0,0,0,,0,0,0,,0,0,0,,1935,499,392,839,https://www.twitch.tv/videos/2757479027
844adbe9800c4c52863267075afd2c7f,173,8763,0,0,0,,0,0,0,,0,0,0,,259,0,0,0,
ad94d8048eb443248e4f2161201a938d,173,5111,284,190,1128,https://www.youtube.com/watch?v=gVt35I-ANfc,0,0,0,,284,190,1128,https://www.youtube.com/watch?v=gVt35I-ANfc,12,0,0,0,
b2ec8ce2ab124618ae1b1af2cd85ce23,173,2747,0,0,0,,0,0,0,,0,0,0,,270,0,0,0,
513641895d9a4fbca3b19aeb63d28915,172,7334,0,0,0,,0,0,0,,0,0,0,,1295,503,147,600,https://www.twitch.tv/videos/2738895823
56e0088d20b04a059da9932476fc9a5b,172,21223,0,0,0,,0,0,0,,0,0,0,,2563,0,0,0,
a3bbe09809e141e5b0658a79ba63f977,172,13658,4,2,14,https://www.youtube.com/watch?v=8pa5mvhGwBs,0,0,0,,4,2,14,https://www.youtube.com/watch?v=8pa5mvhGwBs,404,11,9,23,https://www.twitch.tv/videos/2757497707
b850c220033a4b6d83c9b9b70b04647b,172,3752,0,0,0,,0,0,0,,0,0,0,,203,0,0,0,
67dc6d443cff47a4bc6a31a56e8b72f5,171,17649,61,44,81,https://www.youtube.com/watch?v=djwZf9-9kpA,63,52,81,https://www.youtube.com/watch?v=djwZf9-9kpA,7,4,8,https://www.youtube.com/watch?v=yzZJ7FNNNXY,0,0,0,0,
6cdc57bc89cc4b7f9c9d848fd5b0d031,171,23724,0,0,0,,0,0,0,,0,0,0,,0,0,0,0,
bb21226dc1db41e294f545133948115b,171,12872,0,0,0,,0,0,0,,0,0,0,,858,0,0,0,
a91c83dff0c94387aa2c11e597424517,171,10930,0,0,0,,0,0,0,,0,0,0,,260,80,41,80,https://www.twitch.tv/videos/2747038087
868a7d0a1ef94befa5205a21fb65d7d5,169,2806,0,0,0,,0,0,0,,0,0,0,,4629,177,142,633,https://www.twitch.tv/videos/2758235050
2479e2782c0b4a7880004832c84a336b,169,2563,1508,795,1508,https://www.youtube.com/watch?v=jqWuv8FXNDk,0,0,0,,1508,795,1508,https://www.youtube.com/watch?v=jqWuv8FXNDk,284,0,0,0,
c29627e1a48a4ea8b21c858aba1836d0,168,6460,0,0,0,,0,0,0,,0,0,0,,416,109,77,157,https://www.twitch.tv/videos/2748591503
591654ee39c147ffaa77a531a81a6eda,167,13083,24,14,144,https://www.youtube.com/watch?v=bKKVzQgiVdI,24,14,144,https://www.youtube.com/watch?v=bKKVzQgiVdI,0,0,0,,672,45,23,45,https://www.twitch.tv/videos/2747035629
0c97b425059d4ac893cae0f804f4ccbc,167,10991,0,0,0,,0,0,0,,0,0,0,,0,0,0,0,
cd38e82545b04cb8a3e047fe41f2ba40,167,1263,0,0,0,,0,0,0,,0,0,0,,1015,269,124,967,https://www.twitch.tv/videos/2740853501
288ba70f1a044c72a65ed9cf3b425d13,167,16996,0,0,0,,0,0,0,,0,0,0,,0,0,0,0,
58f233e089ca45c8bc1969b471183766,166,24618,16,3,63,https://www.youtube.com/watch?v=6v8tFqWvC14,16,3,63,https://www.youtube.com/watch?v=6v8tFqWvC14,0,0,0,,0,0,0,0,
a46ad933ff6f4d0c91cc1069f0329265,166,3490,0,0,0,,0,0,0,,0,0,0,,0,0,0,0,
604dc5a26bb54f3d8a69c9df659d23d7,165,4991,0,0,0,,0,0,0,,0,0,0,,802,27,23,47,https://www.twitch.tv/videos/2747011224
8ad7e8cd45e040f797cf2f1fa9d68976,165,5677,40,16,159,https://www.youtube.com/watch?v=thn3JSkJgJs,40,16,159,https://www.youtube.com/watch?v=thn3JSkJgJs,0,0,0,,0,0,0,0,
64677f13935847cca3e2e6670a89d9a8,164,1085,21,9,32,https://www.youtube.com/watch?v=47ecIXRkmuw,21,9,32,https://www.youtube.com/watch?v=47ecIXRkmuw,0,0,0,,428,42,35,42,https://www.twitch.tv/videos/2755044693
c08ae8d7412d407c8b233f6e445d081c,164,3345,1,0,87,https://www.youtube.com/watch?v=rWf6pDaG6MM,0,0,0,,1,0,87,https://www.youtube.com/watch?v=rWf6pDaG6MM,719,38,34,61,https://www.twitch.tv/videos/2758172712
1266255bc3ec481abc9d970be9f14f6d,164,0,0,0,0,,0,0,0,,0,0,0,,0,0,0,0,
1e62a729ec51448aa89d22adde18b214,163,35050,54,37,583,https://www.youtube.com/watch?v=RrKuYAjvujc,50,39,162,https://www.youtube.com/watch?v=sc30jGWeyAI,76,33,583,https://www.youtube.com/watch?v=RrKuYAjvujc,0,0,0,0,
0134d1ae91784122b79954c2c8571aef,163,0,0,0,0,,0,0,0,,0,0,0,,389,0,0,0,
ad6455da071543ab88cd4855a11cf39b,162,6153,20,12,36,https://www.youtube.com/watch?v=mZgwNGHPC34,20,12,36,https://www.youtube.com/watch?v=mZgwNGHPC34,0,0,0,,0,0,0,0,
3475b2087d9a4d799c10bd3ac5f45437,160,887,27,4,27,https://www.youtube.com/watch?v=bRGs-Zgon7o,0,0,0,,27,4,27,https://www.youtube.com/watch?v=bRGs-Zgon7o,1153,0,0,0,
d93ec185504e45e2894865980da489a9,159,2666,10,6,46,https://www.youtube.com/watch?v=tCuBFRYRQ5I,0,0,0,,10,6,46,https://www.youtube.com/watch?v=tCuBFRYRQ5I,1717,241,186,386,https://www.twitch.tv/videos/2747945211
949f184abcc84a82b8e9f333b41a2109,159,9388,5,2,28,https://www.youtube.com/watch?v=E34A-1Gfw9s,0,0,0,,5,2,28,https://www.youtube.com/watch?v=E34A-1Gfw9s,2455,890,362,1537,https://www.twitch.tv/videos/2738905371
6481e646412745d3b2fa38255cef0da4,159,7819,238,66,292,https://www.youtube.com/watch?v=_JzAWJHYa68,0,0,0,,238,66,292,https://www.youtube.com/watch?v=_JzAWJHYa68,558,80,59,127,https://www.twitch.tv/videos/2754310370
d92c3f9d55fb49e0bc29039b70da5dfb,158,1627,0,0,0,,0,0,0,,0,0,0,,0,0,0,0,
5aca9ae61bba473b96998fee811d155e,157,29038,378,159,700,https://www.youtube.com/watch?v=_lmpb4ildQg,20,10,20,https://www.youtube.com/watch?v=fmYxpF77XC4,495,161,700,https://www.youtube.com/watch?v=_lmpb4ildQg,0,0,0,0,
bad9c0bc10404089a32d6b4b8346fc0e,157,86210,16,8,26,https://www.youtube.com/watch?v=LBrFWlOssbA,16,8,26,https://www.youtube.com/watch?v=LBrFWlOssbA,0,0,0,,0,0,0,0,
290bbaa329eb45b1a267bfd7e35c3b14,156,9075,0,0,0,,0,0,0,,0,0,0,,460,21,15,30,https://www.twitch.tv/videos/2750253447
46821555a7af41e4aa70fe0fabd8a4f6,155,7303,0,0,0,,0,0,0,,0,0,0,,669,90,71,297,https://www.twitch.tv/videos/2746934173
fe1731a49d43440391f571347747604c,155,2561,2,0,2,https://www.youtube.com/watch?v=7vEFC1ejXO4,0,0,0,,2,0,2,https://www.youtube.com/watch?v=7vEFC1ejXO4,1276,118,103,127,https://www.twitch.tv/videos/2755108353
3442df03030941b0933077faf6a75c6a,154,9780,0,0,0,,0,0,0,,0,0,0,,630,72,47,120,https://www.twitch.tv/videos/2747886560
354734963c7d49588387bbba859a05a2,154,246,0,0,0,,0,0,0,,0,0,0,,0,0,0,0,
dc97af965a4942d281cc7365805233f1,154,3213,0,0,0,,0,0,0,,0,0,0,,68,17,13,17,https://www.twitch.tv/videos/2756520444
4d96aeef13f949e19026682e337db138,153,3234,0,0,0,,0,0,0,,0,0,0,,2646,166,141,229,https://www.twitch.tv/videos/2757403440
edfed5b0978a4fb98f94319bfc639d98,153,1198,0,0,0,,0,0,0,,0,0,0,,1050,361,281,1170,https://www.twitch.tv/videos/2750006809
a8bee4c680a54cf29b34d90bf7230ab1,153,2794,0,0,0,,0,0,0,,0,0,0,,1902,265,172,265,https://www.twitch.tv/videos/2750146574
67c533576c474a0d9897f62964cef71c,153,4524,0,0,0,,0,0,0,,0,0,0,,303,84,56,154,https://www.twitch.tv/videos/2756532630
6a915915ad2a4d29b524ebd50f2dbbe4,152,1517,0,0,0,,0,0,0,,0,0,0,,1594,0,0,0,
f958b1a87ecd4bfab42ba0d1443bfa61,152,9910,5,1,11,https://www.youtube.com/watch?v=ymbmwSFTUWw,6,2,11,https://www.youtube.com/watch?v=ymbmwSFTUWw,2,0,11,https://www.youtube.com/watch?v=eSQAHsQwOF4,526,97,53,97,https://www.twitch.tv/videos/2747802426
fced951d6a344a27b59e422984ead36d,150,27015,35,20,153,https://www.youtube.com/watch?v=3PkXrGaLe00,53,31,53,https://www.youtube.com/watch?v=LHou4mVZg9s,18,10,153,https://www.youtube.com/watch?v=3PkXrGaLe00,0,0,0,0,
68671ee09add4d87b8038acebc5b48a4,149,1040,3,1,21,https://www.youtube.com/watch?v=_LzT-_fK9-4,0,0,0,,3,1,21,https://www.youtube.com/watch?v=_LzT-_fK9-4,954,118,80,198,https://www.twitch.tv/videos/2750310354
eabec2cff9fb48cdb79965d77a56f47d,149,8850,69,20,737,https://www.youtube.com/watch?v=6q3tR7ZWXsM,63,19,175,https://www.youtube.com/watch?v=HhD3NCze8y0,117,61,737,https://www.youtube.com/watch?v=6q3tR7ZWXsM,0,0,0,0,
41e1aa0eab8d4ec5a4010833581f5b92,149,2748,0,0,0,,0,0,0,,0,0,0,,87,0,0,0,
be4cf0f0dbca4973992d2cb553c1c2bc,149,0,0,0,0,,0,0,0,,0,0,0,,883,0,0,0,
68fd874932e3457989d88d4f7f474260,149,7758,34,20,1201,https://www.youtube.com/watch?v=6ksiGhil-1M,29,17,125,https://www.youtube.com/watch?v=_CFb4PSXvmg,532,298,1201,https://www.youtube.com/watch?v=6ksiGhil-1M,72,37,27,175,https://www.twitch.tv/videos/2750914541
704fc1f053134276ab03c19687cfcca6,147,0,0,0,0,,0,0,0,,0,0,0,,0,0,0,0,
eab02228a491402a824805ab47174ff4,146,0,0,0,0,,0,0,0,,0,0,0,,0,0,0,0,
521d3e3d5e6e410aababfb8f290749b6,145,2477,1,0,1,https://www.youtube.com/watch?v=MDW_Iu83lhw,0,0,0,,1,0,1,https://www.youtube.com/watch?v=MDW_Iu83lhw,369,0,0,0,
46a16e41f2af4523adeb4556f2e0b0d5,145,3271,0,0,0,,0,0,0,,0,0,0,,8435,0,0,0,
06f1c7339e1c47ecb69ea7385f4635a1,145,32780,701,342,1623,https://www.youtube.com/watch?v=jlvCcLpYMTw,0,0,0,,701,342,1623,https://www.youtube.com/watch?v=jlvCcLpYMTw,367,185,116,274,https://www.twitch.tv/videos/2748599926
98fd913e544f4725afdd28ad05f3e737,145,12225,0,0,0,,0,0,0,,0,0,0,,0,0,0,0,
e6d7ea2833a1477aab8dfa3d4f4936fb,144,4448,0,0,0,,0,0,0,,0,0,0,,1438,183,159,373,https://www.twitch.tv/videos/2750991758
240c765d12ae40ab85e53fb39eb22b03,143,2601,0,0,0,,0,0,0,,0,0,0,,4421,42,28,549,https://www.twitch.tv/videos/2757344343
8b1758159f754a3a8d7f26dcf12c008f,143,7026,0,0,0,,0,0,0,,0,0,0,,0,0,0,0,
2d3deb7610dd4329ba77597dfdd13043,143,19610,554,64,1052,https://www.youtube.com/watch?v=uD7A0V6uHMQ,0,0,0,,554,64,1052,https://www.youtube.com/watch?v=uD7A0V6uHMQ,1890,200,97,607,https://www.twitch.tv/videos/2741242805
7ccac8385e2d41f69aab04b7f2b23cac,143,5209,0,0,0,,0,0,0,,0,0,0,,1362,0,0,0,
4ec87ced65c74722927e8fd3f219a653,143,3192,0,0,0,,0,0,0,,0,0,0,,222,0,0,0,
a84b1b6deabc462b9cf994fd02304b5b,143,864,0,0,0,,0,0,0,,0,0,0,,1691,29,18,29,https://www.twitch.tv/videos/2749594630
c8672ebbfe37442788c48d9a8399fc7b,142,24943,0,0,0,,0,0,0,,0,0,0,,860,210,159,345,https://www.twitch.tv/videos/2753520275
2f2a88438aee4a5e842f186bcdc05128,142,12103,519,89,2040,https://www.youtube.com/watch?v=ySBV2-LUBKM,0,0,0,,519,89,2040,https://www.youtube.com/watch?v=ySBV2-LUBKM,71,0,0,0,
eac3578c689d48b493103c11e2b16c5e,141,15883,0,0,0,,0,0,0,,0,0,0,,909,320,212,427,https://www.twitch.tv/videos/2747003254
985e77a95dcc46e38b513ab638c5ed25,141,7913,0,0,0,,0,0,0,,0,0,0,,500,0,0,0,
f55b426f2ceb419d964d1d1bcd3860e9,141,7040,0,0,0,,0,0,0,,0,0,0,,0,0,0,0,
1ea0189fc3ce47fb9461b6cab10d78fe,140,2882,0,0,0,,0,0,0,,0,0,0,,147,0,0,0,
3040b4d9d4374815a4e0af0c887a42fc,139,16807,0,0,0,,0,0,0,,0,0,0,,1247,1579,1031,1579,https://www.twitch.tv/videos/2750162335
061fa27713ec453ebf41c21eb58b7719,138,2110,0,0,0,,0,0,0,,0,0,0,,0,0,0,0,
135224fe261040639a802804b52f22db,137,0,0,0,0,,0,0,0,,0,0,0,,632,0,0,0,
f314b215c987471888b4477dc4d8bf08,137,0,0,0,0,,0,0,0,,0,0,0,,0,0,0,0,
a1a4762aa1eb4d95be1c0c7a528a8336,136,9882,1,0,7,https://www.youtube.com/watch?v=1Bj4QlIzjaU,0,0,0,,1,0,7,https://www.youtube.com/watch?v=1Bj4QlIzjaU,1855,189,137,189,https://www.twitch.tv/videos/2752015884
e739323b76994f8abcca757db52a440d,134,8010,42,39,42,https://www.youtube.com/watch?v=g5LrOHRkl4w,42,39,42,https://www.youtube.com/watch?v=g5LrOHRkl4w,0,0,0,,0,0,0,0,
5fdd1d15cf404c918b0f697baff04218,133,29602,1371,443,3285,https://www.youtube.com/watch?v=ggQ0bOFIsKw,0,0,0,,1371,443,3285,https://www.youtube.com/watch?v=ggQ0bOFIsKw,2555,560,499,1124,https://www.twitch.tv/videos/2751075059
fd638ba6820241d1b3367afab0c6ab3e,133,9902,0,0,0,,0,0,0,,0,0,0,,0,0,0,0,
fe1bd62313574733ab86c1a56b7143ab,133,0,0,0,0,,0,0,0,,0,0,0,,1555,0,0,0,
c9e933e250e747f88f8cbf4857ec7f3b,131,131,0,0,0,,0,0,0,,0,0,0,,2950,756,579,1821,https://www.twitch.tv/videos/2751664008
f42472ba115a480ab309612af9ae29cf,131,4603,22,4,39,https://www.youtube.com/watch?v=Bw453vJAxws,22,4,39,https://www.youtube.com/watch?v=Bw453vJAxws,0,0,0,,0,0,0,0,
b18dea7632bc49db974a22d6eb6660fb,130,3651,9,7,10,https://www.youtube.com/watch?v=CiOYzLYNvIs,0,0,0,,9,7,10,https://www.youtube.com/watch?v=CiOYzLYNvIs,404,43,30,44,https://www.twitch.tv/videos/2752696491
afb9c6f2f93040d0a0227405b9d17bde,130,221186,566,204,1804,https://www.youtube.com/watch?v=sAUP5mH9xTE,0,0,0,,566,204,1804,https://www.youtube.com/watch?v=sAUP5mH9xTE,424,86,68,182,https://www.twitch.tv/videos/2749287867
c85822960da341bb8f5323219b233bd1,129,8972,0,0,0,,0,0,0,,0,0,0,,0,0,0,0,
2928a7d5624e4af8b1331eabae6bda17,129,2670,2,0,3,https://www.youtube.com/watch?v=k2wFfHf7VNY,0,0,0,,2,0,3,https://www.youtube.com/watch?v=k2wFfHf7VNY,729,15,11,43,https://www.twitch.tv/videos/2749477145
453db6575b094b388ba2ae38e7ff2c51,128,15444,0,0,0,,0,0,0,,0,0,0,,674,96,80,125,https://www.twitch.tv/videos/2756856649
90c230602c7542daa149c6f6edebc7c4,127,1458,0,0,0,,0,0,0,,0,0,0,,0,0,0,0,
74d00f89697a43e6801463c71fb37172,126,18300,272,63,2398,https://www.youtube.com/watch?v=C4bHFlsQBbM,84,27,96,https://www.youtube.com/watch?v=eZ6TGOlQWrc,546,129,2398,https://www.youtube.com/watch?v=C4bHFlsQBbM,33,0,0,0,
f09a7c3155a047c98f155434b2634ecf,125,3893,0,0,0,,0,0,0,,0,0,0,,392,0,0,0,
3b7dac5e2bdb4c08a139e18ef7f6f7e5,125,7188,0,0,0,,0,0,0,,0,0,0,,644,20,16,40,https://www.twitch.tv/videos/2752523529
a1d3d37caa68474288b903f309db32a1,124,8940,4,3,5,https://www.youtube.com/watch?v=8L2zkxD3vvg,4,3,5,https://www.youtube.com/watch?v=8L2zkxD3vvg,0,0,0,,0,0,0,0,
9b6ebeb957fe4fed84a5472b6b3bd13c,122,16982,2,1,2,https://www.youtube.com/watch?v=AgBZzlSPFxA,0,0,0,,2,1,2,https://www.youtube.com/watch?v=AgBZzlSPFxA,1189,173,139,537,https://www.twitch.tv/videos/2758023076
09b00ccde152498b808efe7317bd52f0,122,1431,0,0,0,,0,0,0,,0,0,0,,2860,0,0,0,
577251897dc7463393b68c5b6f96559b,121,6662,5,3,7,https://www.youtube.com/watch?v=n1bkbR9Cun0,0,0,0,,5,3,7,https://www.youtube.com/watch?v=n1bkbR9Cun0,680,186,138,634,https://www.twitch.tv/videos/2748607603
75da31a9fa4e4dafac9e98135bfab373,121,0,0,0,0,,0,0,0,,0,0,0,,0,0,0,0,
f7c5066e776943ef9f277e3f41232272,121,4359,0,0,0,,0,0,0,,0,0,0,,0,0,0,0,
350b440f9436415c8499526d4c6f3dfd,121,3977,0,0,0,,0,0,0,,0,0,0,,1724,212,132,238,https://www.twitch.tv/videos/2748712270
fef1577c0352446c8e371b9fd9e7cc73,120,8625,0,0,2,https://www.youtube.com/watch?v=UdXQNqE7fP8,0,0,0,,0,0,2,https://www.youtube.com/watch?v=UdXQNqE7fP8,121,10,8,19,https://www.twitch.tv/videos/2750247818
8064b5c85fc64d10ae3e9d3a4c0dfd8f,119,1172,0,0,0,,0,0,0,,0,0,0,,2756,0,0,0,
8b5d6e9353ba46789fa6a2cfd94f69b2,119,4233,3,0,11,https://www.youtube.com/watch?v=qjtlEf2xCkI,0,0,0,,3,0,11,https://www.youtube.com/watch?v=qjtlEf2xCkI,130,14,10,18,https://www.twitch.tv/videos/2754805886
9a7b047b85ae4227af74a0e200c3abc9,118,16435,606,536,1229,https://www.youtube.com/watch?v=qPIP53B0pG4,0,0,0,,606,536,1229,https://www.youtube.com/watch?v=qPIP53B0pG4,759,45,32,74,https://www.twitch.tv/videos/2757996904
16e0b967de004b45b5c10302382ad43e,118,1893,0,0,0,,0,0,0,,0,0,0,,531,37,35,62,https://www.twitch.tv/videos/2755711487
5a60a41d2a604bc68368158cd0b1cc12,118,9545,0,0,2,https://www.youtube.com/watch?v=hJohYzgCKW8,0,0,0,,0,0,2,https://www.youtube.com/watch?v=hJohYzgCKW8,636,69,50,116,https://www.twitch.tv/videos/2751897463
6c66740fc44a4a489e7a67ac93dd274e,118,1433,0,0,0,,0,0,0,,0,0,0,,414,0,0,0,
82dcae1da14844ee88960a76041e7c27,116,482,0,0,0,,0,0,0,,0,0,0,,271,0,0,0,
e93b2dd2339a422f8ab3d21c9d95161c,116,2468,0,0,0,,0,0,0,,0,0,0,,503,30,27,65,https://www.twitch.tv/videos/2753279695
a2847bd09f954df794fb9289d6a96dae,115,4080,176,88,327,https://www.youtube.com/watch?v=EOg0fxV27YA,0,0,0,,176,88,327,https://www.youtube.com/watch?v=EOg0fxV27YA,636,90,63,193,https://www.twitch.tv/videos/2748568679
063fe3c0ae714b4ea4edaf79bda5dda0,115,494,0,0,0,,0,0,0,,0,0,0,,2094,272,218,457,https://www.twitch.tv/videos/2750188516
b9a09f50375248aebc3d6afdb7f5adf6,114,2012,0,0,0,,0,0,0,,0,0,0,,833,0,0,0,
1daf23905a3d4aa9a59273e563e33382,113,6582,0,0,0,,0,0,0,,0,0,0,,1825,0,0,0,
12286b61ae55499b8c60101a4625b089,113,6633,0,0,0,,0,0,0,,0,0,0,,314,0,0,0,
822b9b7a9eca49df9bfd617a19b274b0,113,2728,30,10,54,https://www.youtube.com/watch?v=aVqLiQVn4BI,30,10,54,https://www.youtube.com/watch?v=aVqLiQVn4BI,0,0,0,,0,0,0,0,
8882f2de2e6947e190be5b4f63a4e626,112,0,0,0,0,,0,0,0,,0,0,0,,0,0,0,0,
4ead521cd6a04a5aa1b2739f252ac9d1,111,1744,0,0,0,,0,0,0,,0,0,0,,260,60,35,134,https://www.twitch.tv/videos/2751856395
6358ea21f673491fab72d62494b2225f,110,3817,532,266,950,https://www.youtube.com/watch?v=lnW52cKubzY,0,0,0,,532,266,950,https://www.youtube.com/watch?v=lnW52cKubzY,523,264,200,635,https://www.twitch.tv/videos/2756543980
dd9bf471b0304627877f38daaec5407b,109,599,0,0,0,,0,0,0,,0,0,0,,940,67,55,67,https://www.twitch.tv/videos/2757383021
77364942d7f24440bbde8efa71c724df,109,6818,0,0,0,,0,0,0,,0,0,0,,634,37,24,90,https://www.twitch.tv/videos/2747039311
821713a01e5a4f1787926fb48dbf7302,109,7540,30,21,76,https://www.youtube.com/watch?v=yt9XFCxsm5E,30,21,76,https://www.youtube.com/watch?v=yt9XFCxsm5E,0,0,0,,0,0,0,0,
965ff8a77ab845aaac693d9c7a56f82d,108,7494,0,0,0,,0,0,0,,0,0,0,,674,129,79,192,https://www.twitch.tv/videos/2750955557
a127ff7335ae467d961641bcf84f1e2f,107,9332,0,0,0,,0,0,0,,0,0,0,,2155,203,161,228,https://www.twitch.tv/videos/2755795405
8868dd9b4d75481397fd841b8ef6c55d,107,2285,0,0,0,,0,0,0,,0,0,0,,13,0,0,0,
f10dc84fab2a41d385c2553b0f1d788b,106,4291,0,0,0,,0,0,0,,0,0,0,,619,78,65,175,https://www.twitch.tv/videos/2748614062
1af37b5945cf40019107583a3c6537ea,105,635,0,0,0,,0,0,0,,0,0,0,,2663,433,300,599,https://www.twitch.tv/videos/2755833909
65f0266aa5484b4e9f244e856e0d88b3,105,36,0,0,0,,0,0,0,,0,0,0,,417,0,0,0,
1406aeb0ef48430bab0b939a29609394,105,2117,1090,1065,1362,https://www.youtube.com/watch?v=OxgY_g5_U2U,0,0,0,,1090,1065,1362,https://www.youtube.com/watch?v=OxgY_g5_U2U,0,0,0,0,
a2e9afb364e84d48acbdc77441ad17a7,104,7762,1153,416,1569,https://www.youtube.com/watch?v=iGkS46pveVc,0,0,0,,1153,416,1569,https://www.youtube.com/watch?v=iGkS46pveVc,545,35,30,36,https://www.twitch.tv/videos/2754333851
0a9f3befc55d447fbc9fa1e54ba0dd8e,103,0,0,0,0,,0,0,0,,0,0,0,,134,0,0,0,
fede6fee793048f1a576cab38a6bd414,103,6245,0,0,0,,0,0,0,,0,0,0,,2290,57,41,98,https://www.twitch.tv/videos/2749413469
2d25a18a83af462a8d4062e162017a1a,102,5102,7,3,7,https://www.youtube.com/watch?v=s75SuCI_V0o,0,0,0,,7,3,7,https://www.youtube.com/watch?v=s75SuCI_V0o,495,0,0,0,
ca65749ceff346fd971c24b0461f18d9,102,8277,0,0,0,,0,0,0,,0,0,0,,618,0,0,0,
06d173cf0b3f4369bcfb4b4270bd59e3,100,293,0,0,0,,0,0,0,,0,0,0,,220,110,82,378,https://www.twitch.tv/videos/2749286426
25ebd185190b42d993d961d7c795b444,100,2679,0,0,0,,0,0,0,,0,0,0,,2356,0,0,0,
53b98a4bbf49419fb4516525846d4d35,100,483,0,0,0,,0,0,0,,0,0,0,,1818,0,0,0,
c8e7047c84614b1bb8e9f352c7dac95e,100,1138,0,0,0,,0,0,0,,0,0,0,,723,0,0,0,
7f7b426bf3fb463388a1dd8ddb02a0be,99,1964,0,0,0,,0,0,0,,0,0,0,,92,0,0,0,
08d8f03223a54fb3807d49fb7c30b434,99,2379,61,34,1451,https://www.youtube.com/watch?v=5Ke-hWQEcTo,61,32,233,https://www.youtube.com/watch?v=iHt5SrFv2Ss,456,324,1451,https://www.youtube.com/watch?v=5Ke-hWQEcTo,23,143,136,143,https://www.twitch.tv/videos/2757493801
f35a552c958c4e798cac3bff3f5fff2b,99,676,0,0,0,,0,0,0,,0,0,0,,677,0,0,0,
ba27c499a50f4cac87e6e5b94da18292,98,1981,0,0,0,,0,0,0,,0,0,0,,1314,492,355,898,https://www.twitch.tv/videos/2757583365
7d5666a446d14da29b95ba8ecf3fc4b6,96,11754,0,0,0,,0,0,0,,0,0,0,,0,0,0,0,
67784d7c61af482780ab0558083fcd1e,95,3035,0,0,0,,0,0,0,,0,0,0,,360,10,7,14,https://www.twitch.tv/videos/2750183699
6c8f616ab73c449d8eb8e3888c2c8bfe,94,1457,0,0,0,,0,0,0,,0,0,0,,1550,0,0,0,
ef36201df30f43ba9efbd573f9a6d9b7,94,13640,0,0,0,,0,0,0,,0,0,0,,413,159,120,310,https://www.twitch.tv/videos/2751067180
6b21f41580a64cc7ab15d219a612723b,94,0,0,0,0,,0,0,0,,0,0,0,,4513,0,0,0,
7180ef027197417da8c0143be2d45fa2,94,0,0,0,0,,0,0,0,,0,0,0,,640,0,0,0,
33ce96c886d341879ce66c4f7892c421,93,57624,171,94,1344,https://www.youtube.com/watch?v=dIRTqt2SJEU,0,0,0,,171,94,1344,https://www.youtube.com/watch?v=dIRTqt2SJEU,670,182,154,354,https://www.twitch.tv/videos/2751711446
ede21f904daf4a9b978efe15b0d9a31f,92,10053,0,0,0,,0,0,0,,0,0,0,,1932,248,188,248,https://www.twitch.tv/videos/2752769196
2bb0e68d998d4b2bbfc79557a233fb33,91,10143,23,10,207,https://www.youtube.com/watch?v=PNUw5Xihh-c,23,10,207,https://www.youtube.com/watch?v=PNUw5Xihh-c,0,0,0,,104,15,12,47,https://www.twitch.tv/videos/2747037209
34e73d1959694451b938ff53d98f9cec,86,717,30,17,30,https://www.youtube.com/watch?v=VYz6b_hFbdc,0,0,0,,30,17,30,https://www.youtube.com/watch?v=VYz6b_hFbdc,368,67,51,84,https://www.twitch.tv/videos/2755758185
32ae564b306c42cab2e1a4a8a9d6adfe,85,1054,0,0,0,,0,0,0,,0,0,0,,1282,0,0,0,
cf100db6a3dc4010b32802b75f5abc14,85,1052,11,5,156,https://www.youtube.com/watch?v=KHpbRFK8oL4,20,13,76,https://www.youtube.com/watch?v=Jr7RgMHq9ho,4,2,156,https://www.youtube.com/watch?v=KHpbRFK8oL4,0,0,0,0,
9523dedfc79a4f99b18461ff40586307,84,21997,0,0,0,,0,0,0,,0,0,0,,0,0,0,0,
904e3c91b4e1427f9b2d69f69aa3b13c,84,13851,33,16,39,https://www.youtube.com/watch?v=0qmt0ReMEyM,33,16,39,https://www.youtube.com/watch?v=0qmt0ReMEyM,0,0,0,,0,0,0,0,
c441bf25222246ac8f1a67477d047520,83,0,0,0,0,,0,0,0,,0,0,0,,0,0,0,0,
9f9bfcbf980b43bcb00c03261439d18d,83,1319,0,0,0,,0,0,0,,0,0,0,,42,0,0,0,
e4348f08ee98429eb6143ecbac088f1a,83,2430,23,19,81,https://www.youtube.com/watch?v=aqJNTW1a4Ho,21,17,28,https://www.youtube.com/watch?v=4lzna1e9UMM,24,21,81,https://www.youtube.com/watch?v=aqJNTW1a4Ho,0,0,0,0,
16dba95f038f4b5ca6d3599c80ebe118,81,1438,0,0,0,,0,0,0,,0,0,0,,0,0,0,0,
4c3e3e5338ae44feae581bbdffa8b811,79,11116,0,0,0,,0,0,0,,0,0,0,,217,0,0,0,
c6d0078f1d5e4fd08a459c7eecd85464,79,19776,159,76,785,https://www.youtube.com/watch?v=lKFK7tsj9hI,33,17,91,https://www.youtube.com/watch?v=_szex1aJz5k,405,139,785,https://www.youtube.com/watch?v=lKFK7tsj9hI,0,0,0,0,
6bf231719d5e485fa0cdee99905858d4,79,1642,0,0,0,,0,0,0,,0,0,0,,710,176,102,429,https://www.twitch.tv/videos/2756555920
07e7b5801c93482daf6a6259ec569e43,78,448,0,0,0,,0,0,0,,0,0,0,,322,0,0,0,
12ece01ae7004e9195e79309f0cdae40,78,284,0,0,0,,0,0,0,,0,0,0,,2553,0,0,0,
39ff9dd2c91841b6b8c719d71b7bdb11,77,6970,0,0,0,,0,0,0,,0,0,0,,293,159,141,390,https://www.twitch.tv/videos/2754230247
a7c42dc3d080425b9e979100a59d955c,77,4367,0,0,0,,0,0,0,,0,0,0,,309,0,0,0,
105bfceb9747425eb58622b6ebccf920,75,1032,0,0,0,,0,0,0,,0,0,0,,369,0,0,0,
3fd5cac9e94144ad9a298e46c5472792,75,1547,63,38,63,https://www.youtube.com/watch?v=oi2bDdv3uMo,0,0,0,,63,38,63,https://www.youtube.com/watch?v=oi2bDdv3uMo,0,0,0,0,
188108fa6e2e41afb060e4038e49d4ab,75,2554,0,0,0,,0,0,0,,0,0,0,,711,0,0,0,
eff26caff6bd4720957cefaf8f6fc87a,73,5720,0,0,0,,0,0,0,,0,0,0,,1257,234,146,416,https://www.twitch.tv/videos/2749746930
1ef73c1e25b04bce98a9a5e475826d57,73,0,0,0,0,,0,0,0,,0,0,0,,0,0,0,0,
28e6f7c12a3b45899e7508058f926af9,73,12364,0,0,0,,0,0,0,,0,0,0,,1619,97,43,125,https://www.twitch.tv/videos/2736364700
ee77ed51da394f02b72c33756b155eac,72,4720,7,3,28,https://www.youtube.com/watch?v=3bwa4sOgwB8,0,0,0,,7,3,28,https://www.youtube.com/watch?v=3bwa4sOgwB8,756,58,38,71,https://www.twitch.tv/videos/2755818639
ce1d3cace1cf4ec799c8846c8c2a6d48,71,236,0,0,0,,0,0,0,,0,0,0,,2300,740,318,1682,https://www.twitch.tv/videos/2740518654
a5be52423e2f46b8bbad4a56c7f1d5e5,70,1416,3,1,4,https://www.youtube.com/watch?v=x25DZH_aU60,0,0,0,,3,1,4,https://www.youtube.com/watch?v=x25DZH_aU60,1292,252,160,435,https://www.twitch.tv/videos/2758292394
70ab761191014a39b7d090541f785cd2,67,2934,51,15,1295,https://www.youtube.com/watch?v=JfWgqbgp4Wo,0,0,0,,51,15,1295,https://www.youtube.com/watch?v=JfWgqbgp4Wo,91,59,32,59,https://www.twitch.tv/videos/2747876261
2c2db11a23aa43298ab96e60a20692d7,67,1600,0,0,0,,0,0,0,,0,0,0,,1482,0,0,0,
4eb87102a0f44516a6ed011faeeff00d,66,0,0,0,0,,0,0,0,,0,0,0,,1518,0,0,0,
82ceab659cbe441fb2f6555fdcacad6c,66,1081,0,0,0,,0,0,0,,0,0,0,,0,0,0,0,
1645f4035c9b42019c61d630fc75d5e0,66,853,0,0,0,,0,0,0,,0,0,0,,92,0,0,0,
43d785b8082f43138988dacd0236bb67,66,0,0,0,0,,0,0,0,,0,0,0,,437,0,0,0,
fd1f154909d743129d5d6f58813bf231,66,3989,0,0,0,,0,0,0,,0,0,0,,0,0,0,0,
4d8e2a0b44bc475da5d9688b668c782d,65,196,0,0,0,,0,0,0,,0,0,0,,279,0,0,0,
94bda3c948ac4e74ad5c3592c1d284ac,65,782,1,0,3,https://www.youtube.com/watch?v=UNxgnLb-z-I,0,0,0,,1,0,3,https://www.youtube.com/watch?v=UNxgnLb-z-I,130,0,0,0,
b2d32948347e4c6c9afa8f813e626aae,65,5726,16,4,1949,https://www.youtube.com/watch?v=1kjYiREnpS8,13,3,16,https://www.youtube.com/watch?v=hqDsXDapVss,1949,1611,1949,https://www.youtube.com/watch?v=1kjYiREnpS8,0,0,0,0,
51fc95cfca444f03abe9a50acf8f85e6,65,3536,0,0,0,,0,0,0,,0,0,0,,1325,221,148,2766,https://www.twitch.tv/videos/2757105401
061fb9c63b7e45bb85ea7e6bd4fe3745,65,4271,26,21,26,https://www.youtube.com/watch?v=MPvkRKgA0yA,0,0,0,,26,21,26,https://www.youtube.com/watch?v=MPvkRKgA0yA,218,51,36,51,https://www.twitch.tv/videos/2751584865
22f16847ee064b1bafd9bbe15bd31284,64,2660,675,512,1538,https://www.youtube.com/watch?v=xl6g7qHJtUY,0,0,0,,675,512,1538,https://www.youtube.com/watch?v=xl6g7qHJtUY,685,84,56,273,https://www.twitch.tv/videos/2752551991
ff170a57c74545c7977b64a6d82981af,64,9053,22,13,418,https://www.youtube.com/watch?v=C03NL1-Nd1M,18,10,43,https://www.youtube.com/watch?v=eSsYu3A9jsI,111,41,418,https://www.youtube.com/watch?v=C03NL1-Nd1M,0,0,0,0,
c7f53f2fbdbe4db488629ab4d738a16a,64,4336,0,0,0,,0,0,0,,0,0,0,,698,109,92,379,https://www.twitch.tv/videos/2757301095
d6a769b7bf6b49f08adf3e1136d86c7e,63,16531,0,0,0,,0,0,0,,0,0,0,,900,0,0,0,
45850b41e06641ef9dc11aa3d94c9738,63,2890,0,0,0,,0,0,0,,0,0,0,,0,0,0,0,
f9d27b07ff84433b8397b0587f339e27,63,9354,0,0,0,,0,0,0,,0,0,0,,192,25,15,56,https://www.twitch.tv/videos/2746255411
a9ada11d61114319885597db6a0725fb,61,316,0,0,0,,0,0,0,,0,0,0,,649,39,30,39,https://www.twitch.tv/videos/2753353810
e2448cc1f0df41b08247cb7a51119a67,61,676,127,73,127,https://www.youtube.com/watch?v=Zt40ikC7Y68,0,0,0,,127,73,127,https://www.youtube.com/watch?v=Zt40ikC7Y68,698,0,0,0,
889b220891694985b7373aa2732a0263,61,423,0,0,0,,0,0,0,,0,0,0,,538,101,63,167,https://www.twitch.tv/videos/2751142104
8723ccecdfd84d92b1de24f9d6a86bcc,59,4146,1296,1223,1296,https://www.youtube.com/watch?v=81u8rZMiT3w,0,0,0,,1296,1223,1296,https://www.youtube.com/watch?v=81u8rZMiT3w,3417,537,335,1173,https://www.twitch.tv/videos/2754924643
5718a7998f6249eeba0bf087da51c1c0,59,18576,1554,1333,1554,https://www.youtube.com/watch?v=ZvKESWfLg9w,0,0,0,,1554,1333,1554,https://www.youtube.com/watch?v=ZvKESWfLg9w,578,123,101,482,https://www.twitch.tv/videos/2752471331
dda9d5733f5f49f4aa77f147640040c3,59,438,0,0,0,,0,0,0,,0,0,0,,948,0,0,0,
a73103b226f34098bb5d4cd00b86d2f6,59,2144,0,0,0,,0,0,0,,0,0,0,,251,0,0,0,
359bb9450c49401da7b002980d4f97df,57,217,0,0,0,,0,0,0,,0,0,0,,986,0,0,0,
ef13ede8525d49339887c3bf54b08acc,56,1203,38,16,65,https://www.youtube.com/watch?v=hPQX2f9HWac,38,16,65,https://www.youtube.com/watch?v=hPQX2f9HWac,0,0,0,,46,0,0,0,
e4488c7dece84f7580bc0ab130222e08,56,7219,0,0,0,,0,0,0,,0,0,0,,913,82,49,82,https://www.twitch.tv/videos/2749022231
6bb236447ed9412a98c9b2d7c9069e10,55,13133,0,0,0,,0,0,0,,0,0,0,,1979,246,184,427,https://www.twitch.tv/videos/2752503113
5d27ac4b9342450990a299e95818bbb0,55,2079,0,0,0,,0,0,0,,0,0,0,,0,0,0,0,
130a4d6105464e518a8a3eed336b4101,54,674,0,0,0,,0,0,0,,0,0,0,,1000,0,0,0,
f8e4654549304ea9933e02c2dcf48aae,53,0,0,0,0,,0,0,0,,0,0,0,,575,0,0,0,
e3b9c06f64d84a0dabb3e97c0caacaca,53,14939,488,55,945,https://www.youtube.com/watch?v=B0flPuy7lR0,0,0,0,,488,55,945,https://www.youtube.com/watch?v=B0flPuy7lR0,0,0,0,0,
b3e0bc9dd06f4774b492e6d50dd92be2,52,83,0,0,0,,0,0,0,,0,0,0,,252,34,22,34,https://www.twitch.tv/videos/2750206535
c06b6f1eb79d41ecb17aaaf80e035daa,52,0,0,0,0,,0,0,0,,0,0,0,,2054,490,395,966,https://www.twitch.tv/videos/2753506192
591a7323f0134cf2929e75d959f21f68,51,93,4,0,4,https://www.youtube.com/watch?v=E9XmUEJlaxM,4,0,4,https://www.youtube.com/watch?v=E9XmUEJlaxM,0,0,0,,1249,326,308,514,https://www.twitch.tv/videos/2757437463
2a25c205cc374cbeb8c8ccfe988ec9cc,51,792,0,0,0,,0,0,0,,0,0,0,,1468,183,130,326,https://www.twitch.tv/videos/2755729373
74acc3b3c4db41d2a13cce887ad2a856,50,3225,0,0,0,,0,0,0,,0,0,0,,1483,0,0,0,
889b2fb6c9ea47a99834061b47251a4b,49,1865,7,1,223,https://www.youtube.com/watch?v=DwoiUuixWzA,0,0,0,,7,1,223,https://www.youtube.com/watch?v=DwoiUuixWzA,370,54,46,63,https://www.twitch.tv/videos/2755040762
f5f22d1a091143798bfc7fac1211183c,49,662,285,36,506,https://www.youtube.com/watch?v=YqQnRvY9lBA,0,0,0,,285,36,506,https://www.youtube.com/watch?v=YqQnRvY9lBA,124,34,17,34,https://www.twitch.tv/videos/2752065055
80692e12416048be8396526bdb9c3040,49,1712,0,0,0,,0,0,0,,0,0,0,,526,0,0,0,
f86ec6a459f64e7d8431c69b1d7ec28b,48,666,31,17,133,https://www.youtube.com/watch?v=XnW5Fdw4Rlo,31,17,133,https://www.youtube.com/watch?v=XnW5Fdw4Rlo,0,0,0,,36,32,29,43,https://www.twitch.tv/videos/2754283605
0ddb6eca94604d4da0665e90fbbe366f,48,1187,0,0,0,,0,0,0,,0,0,0,,154,27,19,53,https://www.twitch.tv/videos/2747847986
255a5e79f9d14e6492d741b95f78cb7c,48,1062,24,12,25,https://www.youtube.com/watch?v=8xH4OhE0wy4,24,12,25,https://www.youtube.com/watch?v=8xH4OhE0wy4,0,0,0,,2262,84,56,99,https://www.twitch.tv/videos/2749072266
bd8b9130e88a44c98f1bdcbed402ae01,48,629,0,0,0,,0,0,0,,0,0,0,,0,0,0,0,
d9f302ca07b54664a88124d64442abac,47,7980,8,4,8,https://www.youtube.com/watch?v=Q-qLOFn8X6Y,0,0,0,,8,4,8,https://www.youtube.com/watch?v=Q-qLOFn8X6Y,131,14,6,18,https://www.twitch.tv/videos/2751899981
3098e045fa844093a3731b19665e9462,47,425,0,0,0,,0,0,0,,0,0,0,,754,0,0,0,
3691abedd6a7487d9995943b3df5c843,47,0,0,0,0,,0,0,0,,0,0,0,,251,0,0,0,
68c50e424b2148478c74effaacfdeae3,46,593,0,0,0,,0,0,0,,0,0,0,,243,94,59,297,https://www.twitch.tv/videos/2755753727
359d60ab5abb445a8477a50781acc050,46,2286,1935,592,1935,https://www.youtube.com/watch?v=vOteZsskVI4,0,0,0,,1935,592,1935,https://www.youtube.com/watch?v=vOteZsskVI4,0,0,0,0,
cb470bbb5a8f468a8a15b08757309d74,46,2284,0,0,0,,0,0,0,,0,0,0,,488,166,118,291,https://www.twitch.tv/videos/2758120429
df02d1a89bc74c928c825773996bbb7b,46,2020,0,0,0,,0,0,0,,0,0,0,,1430,346,235,377,https://www.twitch.tv/videos/2751127530
676db89cb8a9483486442231b615b46f,45,8208,0,0,0,,0,0,0,,0,0,0,,126,0,0,0,
5b0963427f8e4f04a35cb0e71d95698d,45,0,0,0,0,,0,0,0,,0,0,0,,0,0,0,0,
40fca873cd074b01baa8f9b006f50d00,44,12501,0,0,0,,0,0,0,,0,0,0,,0,0,0,0,
a0e7c7e7702b4e81a5fecc4090814236,44,16878,14,6,152,https://www.youtube.com/watch?v=snlxv4FufsE,0,0,0,,14,6,152,https://www.youtube.com/watch?v=snlxv4FufsE,147,129,103,222,https://www.twitch.tv/videos/2748691700
9e121751e3774a15bdf9ccfab7eb7faf,43,472,0,0,0,,0,0,0,,0,0,0,,1054,168,106,296,https://www.twitch.tv/videos/2757400342
4e5a8a6380764f9b9f28732968e4aac8,43,313,0,0,0,,0,0,0,,0,0,0,,515,69,63,152,https://www.twitch.tv/videos/2751636928
07b6c0dad3114eca9e903fd5725cc4e8,43,269,0,0,0,,0,0,0,,0,0,0,,172,43,28,51,https://www.twitch.tv/videos/2750155075
c8be9c7ed05442dcb2b278dc5a6bc1de,40,10813,0,0,0,,0,0,0,,0,0,0,,184,50,37,101,https://www.twitch.tv/videos/2747063036
76355385e14341a5b8360ea9d19d831e,40,202,0,0,0,,0,0,0,,0,0,0,,0,0,0,0,
2e2a6c392c024bb2a68b681bc210c187,39,5587,3,1,249,https://www.youtube.com/watch?v=YWFGhn0iVyk,0,0,0,,3,1,249,https://www.youtube.com/watch?v=YWFGhn0iVyk,282,69,47,69,https://www.twitch.tv/videos/2751036002
54f2f567fdac423c80dad4b29a4372db,39,5634,0,0,0,,0,0,0,,0,0,0,,95,43,35,78,https://www.twitch.tv/videos/2757296823
78b333b99eb242ad96a8ee82275a0e98,38,5781,18,11,1639,https://www.youtube.com/watch?v=9QJMJlnZ6Kk,15,1,18,https://www.youtube.com/watch?v=2GRSI08_cPU,226,112,1639,https://www.youtube.com/watch?v=9QJMJlnZ6Kk,0,0,0,0,
e04b970f339243258cb0dc0c5735274a,38,1043,0,0,0,,0,0,0,,0,0,0,,0,0,0,0,
73273454c7b4453a834a74701826e0b8,37,576,0,0,0,,0,0,0,,0,0,0,,851,0,0,0,
9ff652451cbd4ad098bf20dd9748ce12,37,4,0,0,0,,0,0,0,,0,0,0,,2157,25,18,60,https://www.twitch.tv/videos/2756169979
b9d51a073b4542ac800bd7c9e38d0902,37,1243,0,0,0,,0,0,0,,0,0,0,,229,0,0,0,
6bcb75418dd24274b2fe4b8e60a94999,37,3902,0,0,0,,0,0,0,,0,0,0,,385,0,0,0,
7360e8cae69b4d4fbe91510c776b1c5e,37,3137,0,0,4,https://www.youtube.com/watch?v=7crdEVHVDeY,0,0,0,,0,0,4,https://www.youtube.com/watch?v=7crdEVHVDeY,225,48,33,94,https://www.twitch.tv/videos/2752664177
c68bc0ba32f14d9b8669b0594435b68b,36,349,0,0,0,,0,0,0,,0,0,0,,203,23,19,26,https://www.twitch.tv/videos/2756762182
d95abd62958c4081a999660b995d72ce,36,0,0,0,0,,0,0,0,,0,0,0,,0,0,0,0,
0eba942738504c8182c861668195c39e,36,0,0,0,0,,0,0,0,,0,0,0,,477,0,0,0,
0b53549edaf5490ca350ef17aee7b8b9,36,197,0,0,0,,0,0,0,,0,0,0,,536,29,18,35,https://www.twitch.tv/videos/2752706990
285655d636d54fb6b3d23c92401545cf,36,4866,0,0,0,,0,0,0,,0,0,0,,0,0,0,0,
6d6b6d6e7b4b464bb093c9d34cee9754,33,591,0,0,0,,0,0,0,,0,0,0,,343,0,0,0,
0cb217f7775543eb9c5aac3b9df75a86,32,18233,0,0,0,,0,0,0,,0,0,0,,736,81,58,114,https://www.twitch.tv/videos/2746944315
b8495fc4bb174140acf0ebd7d64fe044,30,2751,0,0,0,,0,0,0,,0,0,0,,2878,289,206,289,https://www.twitch.tv/videos/2751758773
e3ee9544e190459d9bc2bdf3c1ccde7b,29,3885,1,0,15,https://www.youtube.com/watch?v=2kMjvrACm7M,0,0,0,,1,0,15,https://www.youtube.com/watch?v=2kMjvrACm7M,778,102,80,144,https://www.twitch.tv/videos/2749400671
9f976a39c1fa4e6dae3ed11b771ef918,29,694,9,3,46,https://www.youtube.com/watch?v=92LzO7iyLrM,9,3,46,https://www.youtube.com/watch?v=92LzO7iyLrM,3,1,10,https://www.youtube.com/watch?v=ANxWeFgoIPs,55,29,21,99,https://www.twitch.tv/videos/2755777595
6c52137d373a45d58eafc0d52253dcf8,28,0,0,0,0,,0,0,0,,0,0,0,,1120,405,333,528,https://www.twitch.tv/videos/2751016819
1ee3effc49074de1ba98b10a13df2d10,27,680,0,0,0,,0,0,0,,0,0,0,,266,0,0,0,
0b165d46f9164557b16678383820ee04,27,0,0,0,0,,0,0,0,,0,0,0,,707,0,0,0,
50c9dbd2624f41408f2b6a9ccf61e447,26,501,0,0,0,,0,0,0,,0,0,0,,289,0,0,0,
59216a033f2b47128d190a5ed1add217,25,11,0,0,0,,0,0,0,,0,0,0,,257,6,4,8,https://www.twitch.tv/videos/2752008004
d4cd6eee95774ca389aebf3e783a8cd8,25,258,0,0,0,,0,0,0,,0,0,0,,480,56,38,109,https://www.twitch.tv/videos/2754154665
9f68c1ebda2041c9a221d47733e3cab9,24,975,0,0,0,,0,0,0,,0,0,0,,0,0,0,0,
bf2a683536dd447c83b75340e3db3b0a,23,1871,0,0,0,,0,0,0,,0,0,0,,149,0,0,0,
5454ccf6c8ee496296e7084081863575,22,346,8,3,16,https://www.youtube.com/watch?v=LYSNdz6guiw,7,3,7,https://www.youtube.com/watch?v=hU9vcQ3VbUk,9,4,16,https://www.youtube.com/watch?v=LYSNdz6guiw,4,0,0,0,
5a59b23a201f4b2d8729b0f4b33c9e6b,22,1907,0,0,0,,0,0,0,,0,0,0,,127,26,20,34,https://www.twitch.tv/videos/2755805186
173423093026403dbd1443e56c47b3db,21,824,0,0,43,https://www.youtube.com/watch?v=5mvGLT1xTB0,0,0,0,,0,0,43,https://www.youtube.com/watch?v=5mvGLT1xTB0,369,27,21,56,https://www.twitch.tv/videos/2750202716
fae9210539d44a39a2a275b8d53cae37,18,3259,13,5,1487,https://www.youtube.com/watch?v=zXxY--_EcYE,51,14,60,https://www.youtube.com/watch?v=VoRdH5tAHfk,9,3,1487,https://www.youtube.com/watch?v=zXxY--_EcYE,13,47,41,67,https://www.twitch.tv/videos/2757493948
a6815e229f914db2a936ad70c285cea2,17,1279,0,0,0,,0,0,0,,0,0,0,,458,17,15,17,https://www.twitch.tv/videos/2755870170
0886366d9cb8424e90fd8b3e12dcc0af,16,1343,0,0,0,,0,0,0,,0,0,0,,1458,462,359,920,https://www.twitch.tv/videos/2748333024
1e90b55b0e0b483d971e0c1fe02c750c,14,115,0,0,0,,0,0,0,,0,0,0,,0,0,0,0,
ead3db33c54e411baa75a4bad3b48aee,13,80,0,0,0,,0,0,0,,0,0,0,,1614,48,34,65,https://www.twitch.tv/videos/2748647545
43436bf839424d238cc24ec8d90eb83c,13,1342,0,0,0,,0,0,0,,0,0,0,,13,0,0,0,
65a64befb1d84a1a85fe6ffe0abb09b4,13,0,0,0,0,,0,0,0,,0,0,0,,8,0,0,0,
156fb169c746493bb50c813f20c4d1a8,13,119,2,1,2,https://www.youtube.com/watch?v=D6Ns0OJ-P7g,2,1,2,https://www.youtube.com/watch?v=D6Ns0OJ-P7g,0,0,0,,46,16,14,23,https://www.twitch.tv/videos/2757567600
4b6b92e9aea74d7481d50636f088e9be,12,1356,0,0,0,,0,0,0,,0,0,0,,0,0,0,0,
83cdbb34376a45a086a9dac3bc5ccb9a,12,0,0,0,0,,0,0,0,,0,0,0,,17,17,15,17,https://www.twitch.tv/videos/2755913866
fd183b51115b4fefaf8ff3388d40acb3,12,30,0,0,0,,0,0,0,,0,0,0,,470,0,0,0,
0a07165e6a2f45ab9b6c96debba1f079,10,0,0,0,0,,0,0,0,,0,0,0,,193,167,148,566,https://www.twitch.tv/videos/2755717234
b46cdde6e23343d5b5a9cfd115286e26,9,79,0,0,0,,0,0,0,,0,0,0,,114,57,39,73,https://www.twitch.tv/videos/2747005096
e3b45528947e48a4b68964369bb69e00,9,1576,12,7,23,https://www.youtube.com/watch?v=oTfp_u32mZ8,23,13,23,https://www.youtube.com/watch?v=oTfp_u32mZ8,2,1,2,https://www.youtube.com/watch?v=dotHFpTM-lc,252,39,25,56,https://www.twitch.tv/videos/2758278370
e2c0d3ba19244f75888e5dbe1881d22f,5,7,0,0,0,,0,0,0,,0,0,0,,1282,208,133,1039,https://www.twitch.tv/videos/2758160186
19fdf3885dcf4d45bdf768a6f3fd99b4,4,85,0,0,0,,0,0,0,,0,0,0,,585,0,0,0,
c8c9028316b44ae9a1ac302337862085,0,0,0,0,0,,0,0,0,,0,0,0,,436,70,44,77,https://www.twitch.tv/videos/2750968954
06337167c1a14d82b6a7f7cc71eac813,0,0,0,0,0,,0,0,0,,0,0,0,,846,0,0,0,
e698befe9649448885d93094cd4dc6a9,0,0,0,0,0,,0,0,0,,0,0,0,,3919,581,468,980,https://www.twitch.tv/videos/2754245114
389c752acb964aeda95f36098fd37ef0,0,0,0,0,0,,0,0,0,,0,0,0,,1591,104,54,104,https://www.twitch.tv/videos/2747011576
b6519fbc0d6941d4b43ce1742a14b0b2,0,0,0,0,0,,0,0,0,,0,0,0,,718,0,0,0,
e4421bd8d15848c09fa4ad4df162c858,0,0,0,0,0,,0,0,0,,0,0,0,,362,0,0,0,
2af6cb0e15ce4839ba711b47608d4f4d,0,0,0,0,0,,0,0,0,,0,0,0,,4022,493,377,535,https://www.twitch.tv/videos/2750260998
e94cfb3c71d94965bfc98f135bfd2f14,0,0,0,0,0,,0,0,0,,0,0,0,,763,394,240,1204,https://www.twitch.tv/videos/2746121912
d30a2d88bd2146a8870209e98004e0f0,0,0,0,0,0,,0,0,0,,0,0,0,,1972,741,326,1072,https://www.twitch.tv/videos/2757335614
326e21d5b6e7446698969bbd8be1b564,0,0,0,0,0,,0,0,0,,0,0,0,,2398,122,83,122,https://www.twitch.tv/videos/2750926649
f48eb9c6edaa4e45b2a1ebad1e9304ff,0,0,0,0,0,,0,0,0,,0,0,0,,0,0,0,0,
555fe6a78fdb4d8b9fa8a286377972e8,0,0,0,0,0,,0,0,0,,0,0,0,,1129,712,580,1528,https://www.twitch.tv/videos/2755857161
a0ba9fee8a7747cab74e98ed61fb4a68,0,0,0,0,0,,0,0,0,,0,0,0,,1203,173,136,216,https://www.twitch.tv/videos/2753329496
a5773880b0f040a9abbecacf3eb0eb29,0,0,0,0,0,,0,0,0,,0,0,0,,2438,0,0,0,
e34f7c6a99ea4780b2351de111e222e6,0,0,0,0,0,,0,0,0,,0,0,0,,275,174,116,218,https://www.twitch.tv/videos/2751103432
547aa467c2ce497e9d95c4a085effe0d,0,0,0,0,0,,0,0,0,,0,0,0,,1364,0,0,0,
cad8c81461ac41c887bdf3617ccdaee6,0,0,0,0,0,,0,0,0,,0,0,0,,1126,0,0,0,
fa59e2edc64c432ebaeeb66b2a53ab2d,0,0,0,0,0,,0,0,0,,0,0,0,,4648,1482,666,4399,https://www.twitch.tv/videos/2748464574
0572bddb85b24166820f34f39164f99c,0,0,0,0,0,,0,0,0,,0,0,0,,795,158,150,158,https://www.twitch.tv/videos/2757493002
480aca28939a4eb5bf558a710e21709c,0,0,0,0,0,,0,0,0,,0,0,0,,2910,129,111,410,https://www.twitch.tv/videos/2751618511
32aabdc7b41144a8b1bd28954cd3278c,0,0,0,0,0,,0,0,0,,0,0,0,,1546,0,0,0,
eeefa43ecaf74f7b822dde3f0e7683d4,0,0,0,0,0,,0,0,0,,0,0,0,,2118,128,62,291,https://www.twitch.tv/videos/2734615265
fc7fa0c5a7604cc8a420ee89472fcac3,0,0,0,0,0,,0,0,0,,0,0,0,,1117,59,34,87,https://www.twitch.tv/videos/2748653039
d3f5c739727041bbb2151e96d9368bae,0,0,0,0,0,,0,0,0,,0,0,0,,406,213,161,425,https://www.twitch.tv/videos/2748314583
e353f482c5be4887838ea9fdf802ad91,0,0,0,0,0,,0,0,0,,0,0,0,,3568,344,202,553,https://www.twitch.tv/videos/2747490958
4fcbdf1b0a384ee58733b1e852edefa5,0,0,0,0,0,,0,0,0,,0,0,0,,990,0,0,0,
f9641107ffee492cbec14839b1958144,0,0,0,0,0,,0,0,0,,0,0,0,,2175,0,0,0,
36beb36f581f44d393dcf0af2b194789,0,0,0,0,0,,0,0,0,,0,0,0,,6373,433,250,1507,https://www.twitch.tv/videos/2750757135
bf277797951346fe991c27c79a6c5081,0,0,0,0,0,,0,0,0,,0,0,0,,9497,718,267,1115,https://www.twitch.tv/videos/2736240350
55e9448a0a9040f99dc8ea1cf86cbad5,0,0,0,0,0,,0,0,0,,0,0,0,,1369,0,0,0,
22eea06367f4430d816e38dfb68a26cf,0,0,0,0,0,,0,0,0,,0,0,0,,995,0,0,0,
4f1ccc5966a847308552b2c7b05e18dc,0,0,0,0,0,,0,0,0,,0,0,0,,27,6,4,6,https://www.twitch.tv/videos/2753888477
7dd086a606284ba6b7b584f8b00dc190,0,0,0,0,0,,0,0,0,,0,0,0,,401,35,25,47,https://www.twitch.tv/videos/2751035267
288d3972d3164ee595228b8a5959ac00,0,0,0,0,0,,0,0,0,,0,0,0,,3011,0,0,0,
02fa128da7cc4f3aab0f1c5ee356f342,0,0,0,0,0,,0,0,0,,0,0,0,,506,112,92,229,https://www.twitch.tv/videos/2756602108
31f4c00be9eb41a1a6be0356614048fd,0,0,0,0,0,,0,0,0,,0,0,0,,3622,100,33,288,https://www.twitch.tv/videos/2734644028
c099b7e8d46c418d8e17097d496f3b83,0,0,0,0,0,,0,0,0,,0,0,0,,3474,733,311,1486,https://www.twitch.tv/videos/2749285440
4c42b9f574e7438d8aea8b099e451505,0,0,0,0,0,,0,0,0,,0,0,0,,1152,98,75,103,https://www.twitch.tv/videos/2756727036
3cfc2b54a543469b92a95ff1e3f1da54,0,0,0,0,0,,0,0,0,,0,0,0,,1626,0,0,0,
16896dffcb474d7aa21540c944a2f7de,0,0,0,0,0,,0,0,0,,0,0,0,,3300,1962,1009,81743,https://www.twitch.tv/videos/2742131606
9c85aee2166449c395c18b0bc06f89e2,0,0,0,0,0,,0,0,0,,0,0,0,,350,0,0,0,
ec045a49833c4c2fa7b7012ca7544e18,0,0,0,0,0,,0,0,0,,0,0,0,,1696,0,0,0,
dbabd28a98cf447189088251a5b973d4,0,0,0,0,0,,0,0,0,,0,0,0,,253,0,0,0,
e32a4d49fba7459fbdf9e242288fa18c,0,0,0,0,0,,0,0,0,,0,0,0,,4970,305,233,452,https://www.twitch.tv/videos/2749271828
3a2199639669433faff0591468bcfa10,0,0,0,0,0,,0,0,0,,0,0,0,,1144,0,0,0,
6c7336d4605540c6871de5f96874129c,0,0,0,0,0,,0,0,0,,0,0,0,,24173,2485,1594,52869,https://www.twitch.tv/videos/2750812191
cda9668f324445a7bd507094ad6946b8,0,0,0,0,0,,0,0,0,,0,0,0,,419,41,22,41,https://www.twitch.tv/videos/2747825327
2ffed40199d64b8f83668479fb6fd8ed,0,0,0,0,0,,0,0,0,,0,0,0,,245,0,0,0,
f8ade397837d42f7a9167e0d4f20fc56,0,0,0,0,0,,0,0,0,,0,0,0,,2698,0,0,0,
9bef8e0d321d4dab973b7e98443937ea,0,0,0,0,0,,0,0,0,,0,0,0,,313,0,0,0,
a17fcdf32a124beba3fba16299aed2b3,0,0,0,0,0,,0,0,0,,0,0,0,,8560,754,301,1281,https://www.twitch.tv/videos/2738796753
b4607ee6ce914078ae3704617ca03333,0,0,0,0,0,,0,0,0,,0,0,0,,526,0,0,0,
ed1b68a3184d466bb17b3c3363fad948,0,0,0,0,0,,0,0,0,,0,0,0,,812,15,10,27,https://www.twitch.tv/videos/2751777908
3de6bc82438b451abf5ebe76a366be24,0,0,0,0,0,,0,0,0,,0,0,0,,3695,0,0,0,
df49a373151f4d21a118829e7ee471c0,0,0,0,0,0,,0,0,0,,0,0,0,,1535,0,0,0,
007847e77d894f199e1272cf81e02730,0,0,0,0,0,,0,0,0,,0,0,0,,660,0,0,0,
d17f504657b84cd9af8a3d405713e918,0,0,0,0,0,,0,0,0,,0,0,0,,124,0,0,0,
e53606f1bf0c4059b1226b6c2e037fd0,0,0,0,0,0,,0,0,0,,0,0,0,,883,55,29,75,https://www.twitch.tv/videos/2747135253
0495c29470d143fa99819123878186b7,0,0,0,0,0,,0,0,0,,0,0,0,,5508,0,0,0,
99c240d0c1a047b4a4e017d764a54c62,0,0,0,0,0,,0,0,0,,0,0,0,,442,150,103,196,https://www.twitch.tv/videos/2749217212
f0cf456a9f204645a4b468f8cbefb150,0,0,0,0,0,,0,0,0,,0,0,0,,1408,0,0,0,
339b1998ac594ab2b45bedc3038d6cf0,0,0,0,0,0,,0,0,0,,0,0,0,,866,0,0,0,
8cbfffe3cac54065be4149b03b680d87,0,0,0,0,0,,0,0,0,,0,0,0,,579,0,0,0,
6908430ccb204a1b9d95ee7a1711cae3,0,0,0,0,0,,0,0,0,,0,0,0,,2581,0,0,0,
4307c0486d204edc9d2be8d0c76949d5,0,0,0,0,0,,0,0,0,,0,0,0,,143,0,0,0,
b92f05ad314c4937b09cd603f9ebd64b,0,0,0,0,0,,0,0,0,,0,0,0,,343,0,0,0,
ad2aef5af5074f14af7f6ddf7899743a,0,0,0,0,0,,0,0,0,,0,0,0,,2035,0,0,0,
242326a56b0d4ca7a37c08a8fc2be138,0,0,0,0,0,,0,0,0,,0,0,0,,794,155,95,358,https://www.twitch.tv/videos/2754129953
e18c43e19e9b4fc8af0cdc24c33ae476,0,0,0,0,0,,0,0,0,,0,0,0,,2502,0,0,0,
7cd55e03d87c4c77843a437ec0703670,0,0,0,0,0,,0,0,0,,0,0,0,,3029,0,0,0,
228427b15b964f1396b5a7b5eb224a21,0,0,0,0,0,,0,0,0,,0,0,0,,55,0,0,0,
6a963053004f4deaa0dbdf875db41879,0,0,0,0,0,,0,0,0,,0,0,0,,673,29,24,58,https://www.twitch.tv/videos/2746963817
1a95bb88e451498ca3491b69af964588,0,0,0,0,0,,0,0,0,,0,0,0,,36892,4156,1092,11274,https://www.twitch.tv/videos/2750875975
a5b71bba2a2347a080ae3443d5ef47d5,0,0,0,0,0,,0,0,0,,0,0,0,,850,0,0,0,
4dd7cfc58ae54c1fa6211ba9b1c607ec,0,0,0,0,0,,0,0,0,,0,0,0,,1730,455,280,694,https://www.twitch.tv/videos/2749159617
b1f8da62ceca4089a4e7115624be25bc,0,0,0,0,0,,0,0,0,,0,0,0,,1893,2025,1560,4813,https://www.twitch.tv/videos/2754752675
22c4cd83790e401ca8055a64554cf3a7,0,0,0,0,0,,0,0,0,,0,0,0,,166,0,0,0,
107fac8e77f74af8ba95491ae9492642,0,0,0,0,0,,0,0,0,,0,0,0,,478,0,0,0,
07fec8d9014a41c28216345a5adb1533,0,0,0,0,0,,0,0,0,,0,0,0,,460,0,0,0,
d91ffcc2823f4121a2caa347a8c2a507,0,0,0,0,0,,0,0,0,,0,0,0,,873,36,28,42,https://www.twitch.tv/videos/2756795338
6a6547a3f19d4870a6f11b88c60a5296,0,0,0,0,0,,0,0,0,,0,0,0,,3584,221,91,278,https://www.twitch.tv/videos/2742064127
f84598913e654789a80556fd38388dfb,0,0,0,0,0,,0,0,0,,0,0,0,,1520,112,84,112,https://www.twitch.tv/videos/2752649963
ed051ffc6cd643c287a678fea774e644,0,0,0,0,0,,0,0,0,,0,0,0,,2719,0,0,0,
59152798bfa74acb8bad10346fd10d69,0,0,0,0,0,,0,0,0,,0,0,0,,1044,433,364,866,https://www.twitch.tv/videos/2751684382
2996488b9f454fb3a42c17ab292ac63c,0,0,0,0,0,,0,0,0,,0,0,0,,502,123,94,189,https://www.twitch.tv/videos/2752825855
fdb4872691864af8825511a6d0c72895,0,0,0,0,0,,0,0,0,,0,0,0,,425,188,149,435,https://www.twitch.tv/videos/2757706055
6ec708afd89043b682eb82dacc36c3c9,0,0,0,0,0,,0,0,0,,0,0,0,,1072,0,0,0,
88526add0348499c95bd5838a5f35989,0,0,0,0,0,,0,0,0,,0,0,0,,1788,219,165,346,https://www.twitch.tv/videos/2758331245
256252fdd3d1437995088c56e674fcf0,0,0,0,0,0,,0,0,0,,0,0,0,,1081,79,51,79,https://www.twitch.tv/videos/2750232107
9ca05592c52f42649191751f18cb70e6,0,0,0,0,0,,0,0,0,,0,0,0,,2652,139,123,201,https://www.twitch.tv/videos/2756681441
3840a44ffffd48098bdfc16c4ee537bb,0,0,0,0,0,,0,0,0,,0,0,0,,2905,0,0,0,
828ab4c66f5f43f298d237374a266b7e,0,0,0,0,0,,0,0,0,,0,0,0,,2954,348,207,717,https://www.twitch.tv/videos/2738771401
a3a1caa89669445db63f22b9a3af88b0,0,0,0,0,0,,0,0,0,,0,0,0,,1206,0,0,0,
66c8fc624de94d8e8af4325e41ce7c34,0,0,0,0,0,,0,0,0,,0,0,0,,1372,387,173,1064,https://www.twitch.tv/videos/2739633987
3569cab127ab4bf9af790de9a999a5f8,0,0,0,0,0,,0,0,0,,0,0,0,,523,0,0,0,
f5034a946bf249c780a864c19efda669,0,0,0,0,0,,0,0,0,,0,0,0,,415,21,15,33,https://www.twitch.tv/videos/2748596425
8024d67e25454783a698e5ecf2c4dc67,0,0,0,0,0,,0,0,0,,0,0,0,,576,120,73,167,https://www.twitch.tv/videos/2749558731
4cb08241fbce4905a83ed02de6a1af9c,0,0,0,0,0,,0,0,0,,0,0,0,,7529,2029,905,5448,https://www.twitch.tv/videos/2756056767
d804bcd787db4333bca9dccd268ed32a,0,0,0,0,0,,0,0,0,,0,0,0,,3620,805,545,1659,https://www.twitch.tv/videos/2755719684
89e97a0dc5844cf88fe30a25f347aac0,0,0,0,0,0,,0,0,0,,0,0,0,,213,213,163,359,https://www.twitch.tv/videos/2751801090
9e64bba43928414884503de36f805c48,0,0,0,0,0,,0,0,0,,0,0,0,,34264,7899,3405,11747,https://www.twitch.tv/videos/2737063230
057faa70622247bd933959412bbeb667,0,0,0,0,0,,0,0,0,,0,0,0,,1083,0,0,0,
c2777df3c8d341f4a1f0bb9cda8d9365,0,0,0,0,0,,0,0,0,,0,0,0,,1682,0,0,0,
4e5f0c7c5f1f49c2b1d249b10225cabb,0,0,0,0,0,,0,0,0,,0,0,0,,43120,3181,1793,5435,https://www.twitch.tv/videos/2746992015
644e669aa31443fe9a61a14e75ebd21e,0,0,0,0,0,,0,0,0,,0,0,0,,7479,480,277,1124,https://www.twitch.tv/videos/2737703851
daa0d327175a43dc9bb627bc6db7de56,0,0,0,0,0,,0,0,0,,0,0,0,,1335,78,59,425,https://www.twitch.tv/videos/2747851821
ba562aad440d483e988d3ce7e7217c94,0,0,0,0,0,,0,0,0,,0,0,0,,36644,9623,5283,18009,https://www.twitch.tv/videos/2752567774
224e3ebb4c0540098ce414cc6e79df9d,0,0,0,0,0,,0,0,0,,0,0,0,,45,0,0,0,
880137f60dc842b98862f5b86ba8d94d,0,0,0,0,0,,0,0,0,,0,0,0,,711,62,42,62,https://www.twitch.tv/videos/2750870482
4fadb90960a844daab26191bb158d3a3,0,0,0,0,0,,0,0,0,,0,0,0,,3289,0,0,0,
be1a18aa8599409ba250e5345e62fed6,0,0,0,0,0,,0,0,0,,0,0,0,,2127,217,25,312,https://www.twitch.tv/videos/2737957333
59904dcbea754d238b0710e75262d119,0,0,0,0,0,,0,0,0,,0,0,0,,624,31,24,34,https://www.twitch.tv/videos/2758323391
b053612876e04de488a32893a19f4b08,0,0,0,0,0,,0,0,0,,0,0,0,,339,73,54,203,https://www.twitch.tv/videos/2746906342
fe62d50e41af4aa29c3e2b0cfc62fb3d,0,0,0,0,0,,0,0,0,,0,0,0,,983,196,186,505,https://www.twitch.tv/videos/2750942883
83f96fd6cab64f4da581c50cd2a31b82,0,0,0,0,0,,0,0,0,,0,0,0,,4054,0,0,0,
091175f48e6c4ead84a2811cb3f22560,0,0,0,0,0,,0,0,0,,0,0,0,,108,0,0,0,
76489786a22c4162970f9c288157db6b,0,0,0,0,0,,0,0,0,,0,0,0,,1848,166,145,258,https://www.twitch.tv/videos/2757212048
31a4ca5b5d554c13902eff32302e5eb9,0,0,0,0,0,,0,0,0,,0,0,0,,1956,294,242,852,https://www.twitch.tv/videos/2756375217
60cc7f18c0fe438280af5a81b31eb923,0,0,0,0,0,,0,0,0,,0,0,0,,3831,428,245,40232,https://www.twitch.tv/videos/2756653980
5b62816b7dee4c13856f3c21629be3c4,0,0,0,0,0,,0,0,0,,0,0,0,,24550,2663,941,4471,https://www.twitch.tv/videos/2736179884
921d25072caf403ea797c3d5f61f84cf,0,0,0,0,0,,0,0,0,,0,0,0,,1822,0,0,0,
f0bc26cfe4a8451d863a8d8cbd6313ed,0,0,0,0,0,,0,0,0,,0,0,0,,6,0,0,0,
c29bc8bf78dd417980491f19333c8fa2,0,0,0,0,0,,0,0,0,,0,0,0,,12958,0,0,0,
cfc7bcf869514c70a5091672d3acb031,0,0,0,0,0,,0,0,0,,0,0,0,,399,103,76,103,https://www.twitch.tv/videos/2752524975
8c2f8700978045ec86bf1ade1b3e650b,0,0,0,0,0,,0,0,0,,0,0,0,,775,44,33,225,https://www.twitch.tv/videos/2756147296
1addf96267ac494bb73c9e6f6e1793b8,0,0,0,0,0,,0,0,0,,0,0,0,,2692,0,0,0,
305290c734e94a74881ae46c49ea18c4,0,0,0,0,0,,0,0,0,,0,0,0,,7036,2437,696,3491,https://www.twitch.tv/videos/2734818966
afa3e309e41044c5bffe17466607d481,0,0,0,0,0,,0,0,0,,0,0,0,,32471,18386,10172,30069,https://www.twitch.tv/videos/2740551799
