V5##VTuber ID,YouTube Subscriber Count,YouTube View Count,YouTube Recent Total Median View Count,YouTube Recent Total Popularity,YouTube Recent Total Highest View Count,YouTube Recent Total Highest Viewed URL,YouTube Recent Livestream Median View Count,YouTube Recent Livestream Popularity,YouTube Recent Livestream Highest View Count,YouTube Recent Livestream Highest Viewed URL,YouTube Recent Video Median View Count,YouTube Recent Video Popularity,YouTube Recent Video Highest View Count,YouTube Recent Video Highest Viewed URL,Twitch Follower Count,Twitch Recent Median View Count,Twitch Recent Popularity,Twitch Recent Highest View Count,Twitch Recent Highest Viewed URL
1c5619a4ece046dd8ba68ed343489ca3,545000,134122237,28147,9591,244834,https://www.youtube.com/watch?v=ttB6AD5FKHU,3709,1968,3709,https://www.youtube.com/watch?v=Kt9SUxRjhOA,30040,13710,244834,https://www.youtube.com/watch?v=ttB6AD5FKHU,32816,0,0,0,
f6a4e7aa8d0c4e5cb39d199845ec4d02,447000,64664448,9262,4050,57799,https://www.youtube.com/watch?v=XNBbtNp5Vo8,3404,417,3511,https://www.youtube.com/watch?v=p1lLdAuAvks,9436,4515,57799,https://www.youtube.com/watch?v=XNBbtNp5Vo8,121983,16152,8269,78244,https://www.twitch.tv/videos/2745222674
5535c9524eb046c38e172ebfa06b302f,398000,130488360,12545,4848,90961,https://www.youtube.com/watch?v=FMObqdfAJeg,8923,4437,73637,https://www.youtube.com/watch?v=ePolU2-tn68,13075,4934,90961,https://www.youtube.com/watch?v=FMObqdfAJeg,74300,1303,612,7426,https://www.twitch.tv/videos/2731150541
664e1b310cf343b78623f99b31e40fae,395000,56879455,0,0,0,,0,0,0,,0,0,0,,17067,0,0,0,
d837e8fda137492c9d77882b98ff863a,336000,156666576,102537,25261,1236913,https://www.youtube.com/watch?v=m14-DLOkqgw,17407,11057,465830,https://www.youtube.com/watch?v=MCLMJJ_puTY,278503,101216,1236913,https://www.youtube.com/watch?v=m14-DLOkqgw,53178,14283,7604,34087,https://www.twitch.tv/videos/2748524812
182da09d8d454f37a52ec546cbb35e39,315000,68464396,30058,11214,470091,https://www.youtube.com/watch?v=fIlTRqG-3OQ,7676,4012,30129,https://www.youtube.com/watch?v=7Hk4ph8GqEU,44112,20130,470091,https://www.youtube.com/watch?v=fIlTRqG-3OQ,4988,0,0,0,
897400f2658a483286ca6acc927006ca,237000,38721193,12655,7943,730642,https://www.youtube.com/watch?v=2MFxqHgLKZE,1218,384,2253,https://www.youtube.com/watch?v=bqLhRnvK6vA,21060,11251,730642,https://www.youtube.com/watch?v=2MFxqHgLKZE,10549,565,392,613,https://www.twitch.tv/videos/2746062478
abd64c9a64e04fb1b23faa2480c1c106,227000,80984488,4260,1872,15687,https://www.youtube.com/watch?v=B0drO96wnAk,2315,1023,3568,https://www.youtube.com/watch?v=CWpinfjWWw4,4357,1958,15687,https://www.youtube.com/watch?v=B0drO96wnAk,2318,95,58,95,https://www.twitch.tv/videos/2746143502
4b6b055ada4d4f0ab63b7ad02a3fa3ef,225000,18846503,1258,330,1924,https://www.youtube.com/watch?v=K0dwXwCUXcY,1258,330,1924,https://www.youtube.com/watch?v=K0dwXwCUXcY,0,0,0,,56051,1319,937,2504,https://www.twitch.tv/videos/2747798931
a9f6574e98f34b20a05269134930fb50,221000,9830969,4188,1343,4474,https://www.youtube.com/watch?v=X74IsyOlZ_o,4188,1343,4474,https://www.youtube.com/watch?v=X74IsyOlZ_o,0,0,0,,0,0,0,0,
7c06b9e316ce4ac18ce836cd72442bbe,219000,64446682,6314,3072,25394,https://www.youtube.com/watch?v=Ylcrcp0J54E,6110,2927,10254,https://www.youtube.com/watch?v=qu1STMF5dCA,11160,4661,25394,https://www.youtube.com/watch?v=Ylcrcp0J54E,57088,3714,2463,10609,https://www.twitch.tv/videos/2752648878
c04f006e69e04000a68cd0c41f888eb2,218000,14264883,5054,2848,11684,https://www.youtube.com/watch?v=mWMqCvw5omw,5054,2848,11684,https://www.youtube.com/watch?v=mWMqCvw5omw,0,0,0,,0,0,0,0,
312fdd3c5e6d4aefa73fd3860ecc5613,192000,35056075,13187,6595,30431,https://www.youtube.com/watch?v=8HZky4WBjuI,13187,8014,21432,https://www.youtube.com/watch?v=AllV9QdrgyM,12814,5566,30431,https://www.youtube.com/watch?v=8HZky4WBjuI,24194,14197,4425,176089,https://www.twitch.tv/videos/2751034012
c65e7caaf81a43249d5132b9fe312b24,181000,15185722,8801,3498,15469,https://www.youtube.com/watch?v=QMeUaEcVDJs,8801,3498,15469,https://www.youtube.com/watch?v=QMeUaEcVDJs,0,0,0,,0,0,0,0,
265a18972d244affae35711cfd1f9931,181000,20998095,3815,2132,24934,https://www.youtube.com/watch?v=cw6pZvUqvxM,3529,1801,20609,https://www.youtube.com/watch?v=mEJhgmNENM4,7889,2321,24934,https://www.youtube.com/watch?v=cw6pZvUqvxM,18700,2353,1054,6866,https://www.twitch.tv/videos/2741259223
e93bd1102e214cbaa71cc5b2e4a53595,180000,36168778,13299,6012,38938,https://www.youtube.com/watch?v=duvz_7c6hNw,12355,5594,20969,https://www.youtube.com/watch?v=zlRzb3iDgn4,31437,7265,38938,https://www.youtube.com/watch?v=duvz_7c6hNw,88763,32869,16736,70837,https://www.twitch.tv/videos/2736278991
3f4650e05ceb41008bd16869780b7af1,153000,72358817,43961,16202,155529,https://www.youtube.com/watch?v=FIJ30vk0n7w,9134,3006,13715,https://www.youtube.com/watch?v=BroGEqgKpT8,59054,29582,155529,https://www.youtube.com/watch?v=FIJ30vk0n7w,0,0,0,0,
f110fd69b66941bab04de9ada563c6ac,153000,18307967,3345,1205,6914,https://www.youtube.com/watch?v=F2HetsEEYCo,3345,1205,6914,https://www.youtube.com/watch?v=F2HetsEEYCo,4318,1414,6353,https://www.youtube.com/watch?v=0qIFajsRy7I,14236,4563,1009,21241,https://www.twitch.tv/videos/2743581136
bafb134fd2f849898d6242d1f5f683cc,145000,25142118,5102,2465,383093,https://www.youtube.com/watch?v=GYY6aDgyuWE,3073,1513,20102,https://www.youtube.com/watch?v=bq8-M96hxMs,33491,9272,383093,https://www.youtube.com/watch?v=GYY6aDgyuWE,44857,0,0,0,
2741a90689f342548daad7f760b0a8f7,140000,1520061,0,0,0,,0,0,0,,0,0,0,,6942,0,0,0,
21428cae24af4607bffe25cb2746daa6,139000,0,0,0,0,,0,0,0,,0,0,0,,0,0,0,0,
6dc75ab227e34c928598bde8f2d324bf,139000,39902751,9290,4631,125820,https://www.youtube.com/watch?v=d2uqE5xa7RE,7441,3760,12267,https://www.youtube.com/watch?v=foC87ynmyeg,75576,7296,125820,https://www.youtube.com/watch?v=d2uqE5xa7RE,0,0,0,0,
c82ab1b4f8f64d1f84cae4ce09aa0dea,138000,24371320,0,0,0,,0,0,0,,0,0,0,,46200,0,0,0,
0641a9c8b9a94994aaa33e0c86fef75b,136000,32065689,5470,2946,41133,https://www.youtube.com/watch?v=oRAduSjDDUA,3890,1713,15090,https://www.youtube.com/watch?v=bW-DRIa35Bs,14055,4483,41133,https://www.youtube.com/watch?v=oRAduSjDDUA,8090,0,0,0,
fa5a7cdc259543259af42bb23f1e4041,135000,35401106,5799,1539,160632,https://www.youtube.com/watch?v=ZBvhu1H8ruQ,2236,1187,11134,https://www.youtube.com/watch?v=t1mAlL23xKc,15383,4403,160632,https://www.youtube.com/watch?v=ZBvhu1H8ruQ,0,0,0,0,
a3ce195c0069494c99849d0b1a10a7fd,132000,16820474,2565,1792,55000,https://www.youtube.com/watch?v=yXt700MVjm4,2073,1188,14871,https://www.youtube.com/watch?v=NUNMS7prItk,10444,6391,55000,https://www.youtube.com/watch?v=yXt700MVjm4,27364,0,0,0,
58abad4aa8de49efb785367503dfd92c,131000,17716800,0,0,0,,0,0,0,,0,0,0,,0,0,0,0,
494d2c5daf9f4a8a8e4538687e6be14c,126000,6272445,4179,1559,21210,https://www.youtube.com/watch?v=95NxxGEmL-g,2962,1527,5527,https://www.youtube.com/watch?v=NeFqrBmqraY,6711,2319,21210,https://www.youtube.com/watch?v=95NxxGEmL-g,0,0,0,0,
b41844198887422fb52cb928a272cbc8,125000,48530666,0,0,0,,0,0,0,,0,0,0,,0,0,0,0,
f1b5f88144e14bd188e17b2f98303713,123000,4996133,4199,1101,4225,https://www.youtube.com/watch?v=zZX_orzo8Gs,4199,1101,4225,https://www.youtube.com/watch?v=zZX_orzo8Gs,0,0,0,,0,0,0,0,
e78cffa246c24a1c88031151cad8c385,120000,10863410,2009,921,14836,https://www.youtube.com/watch?v=SvYh7OeTaJc,1162,649,2254,https://www.youtube.com/watch?v=vzsTIEcaw9Q,6793,2514,14836,https://www.youtube.com/watch?v=SvYh7OeTaJc,4524,3624,2428,12303,https://www.twitch.tv/videos/2744921609
ab4f892ca62e4043b6287bdfe50b145d,117000,20977266,1452,924,22002,https://www.youtube.com/watch?v=i16VMskURus,1275,491,2467,https://www.youtube.com/watch?v=-FMDyHibgmE,12151,1734,22002,https://www.youtube.com/watch?v=i16VMskURus,1488,0,0,0,
a9b855767b2d432c9f263e3427ff33a6,113000,16298188,7054,2557,22264,https://www.youtube.com/watch?v=1LH2lhoq8Nw,3666,2212,16288,https://www.youtube.com/watch?v=9L0gZSLo9To,9150,5493,22264,https://www.youtube.com/watch?v=1LH2lhoq8Nw,0,0,0,0,
b4a1791208fd4d85b7b08ee2bad0c236,110000,17780022,19618,5736,64120,https://www.youtube.com/watch?v=xE1g-_Ruhnk,5224,2777,16867,https://www.youtube.com/watch?v=NWB_MF7DR60,28759,12843,64120,https://www.youtube.com/watch?v=xE1g-_Ruhnk,0,0,0,0,
9cec24b011ee45648eb404066c997f49,108000,19399664,6847,4002,39267,https://www.youtube.com/watch?v=I7_XaF8TthI,6323,3585,14550,https://www.youtube.com/watch?v=OZf0ToUHryM,15884,7168,39267,https://www.youtube.com/watch?v=I7_XaF8TthI,39595,10077,3923,17077,https://www.twitch.tv/videos/2752713130
04d2ff1dde6b4bb68503a734274f4b7e,107000,8819410,3640,1662,3904,https://www.youtube.com/watch?v=gpF72GzvF9I,3640,1798,3779,https://www.youtube.com/watch?v=0Y6lAFCqVzk,3137,1375,3904,https://www.youtube.com/watch?v=gpF72GzvF9I,0,0,0,0,
c0c033c9c8014562b58a7124b6b22fb0,106000,1498015,565,288,2195,https://www.youtube.com/watch?v=xc3XfCwxEBw,534,288,940,https://www.youtube.com/watch?v=XOjojiBrq3E,825,361,2195,https://www.youtube.com/watch?v=xc3XfCwxEBw,0,0,0,0,
23ec5ecfb8c14ea893576783f1790643,105000,6117381,968,505,53464,https://www.youtube.com/watch?v=3PdcDOA0U0Q,884,446,1218,https://www.youtube.com/watch?v=JJSWvdumBK0,10136,5903,53464,https://www.youtube.com/watch?v=3PdcDOA0U0Q,1659,647,618,647,https://www.twitch.tv/videos/2754283298
b126053a1356460ebf85a874a6a55aca,104000,42774174,2695,1495,13745,https://www.youtube.com/watch?v=OQ8TT_9v1_o,2676,1455,3544,https://www.youtube.com/watch?v=lCG8J_wFa9w,2984,1715,13745,https://www.youtube.com/watch?v=OQ8TT_9v1_o,0,0,0,0,
5f12df329c6144e1a6c596f4fbcb9e81,103000,10744899,3920,2265,99474,https://www.youtube.com/watch?v=yc48visdo1w,2888,1605,7636,https://www.youtube.com/watch?v=y_J5MpthWB4,19130,5704,99474,https://www.youtube.com/watch?v=yc48visdo1w,0,0,0,0,
98e3a5838fec4a6caa936ae35485de23,102000,8349356,3374,1458,6902,https://www.youtube.com/watch?v=j3Z9EpaecwM,2617,1637,6363,https://www.youtube.com/watch?v=H7RP67mUhsc,5743,1279,6902,https://www.youtube.com/watch?v=j3Z9EpaecwM,0,0,0,0,
702c74978d8f4adab79f292cbecb49a4,101000,13087294,5323,1792,99105,https://www.youtube.com/watch?v=6VANNFmQmIk,1917,775,2577,https://www.youtube.com/watch?v=mPEkwS2YPWg,7892,3156,99105,https://www.youtube.com/watch?v=6VANNFmQmIk,13172,0,0,0,
15c9a54b946a40c38c07ea2f9efddfa5,98900,26814061,12092,8457,20797,https://www.youtube.com/watch?v=4eY7Thfo_aI,12677,9011,20797,https://www.youtube.com/watch?v=4eY7Thfo_aI,5349,1550,5349,https://www.youtube.com/watch?v=wsyEj8E9O9I,61789,26113,14730,54864,https://www.twitch.tv/videos/2751842299
8bf35c3b9a9e461d825a9170555b71c2,95700,21652949,15683,6388,62152,https://www.youtube.com/watch?v=xcYXcTokVy8,14055,6388,25393,https://www.youtube.com/watch?v=mraFkZm87C0,56405,15614,62152,https://www.youtube.com/watch?v=xcYXcTokVy8,49264,27982,16177,46986,https://www.twitch.tv/videos/2753513022
5efb403f9a174bfd82d04d528a121042,93000,11402328,68623,33028,597695,https://www.youtube.com/watch?v=xeIColaiXLk,24999,6750,37703,https://www.youtube.com/watch?v=OIGtRk6JVS8,128857,63027,597695,https://www.youtube.com/watch?v=xeIColaiXLk,12873,11706,4142,25297,https://www.twitch.tv/videos/2732649086
53707f0116dc4fca8614ac7139e40b83,92300,32894530,3794,3580,3794,https://www.youtube.com/watch?v=0D21HEgiQwk,0,0,0,,3794,3580,3794,https://www.youtube.com/watch?v=0D21HEgiQwk,4794,126,116,207,https://www.twitch.tv/videos/2745338044
ea4c1a67c2e445ad8028768616ceb659,90500,13244068,2544,1081,23499,https://www.youtube.com/watch?v=NtYCwGVKtio,2462,697,6649,https://www.youtube.com/watch?v=rBJK978_KPQ,16519,6132,23499,https://www.youtube.com/watch?v=NtYCwGVKtio,3829,1174,1084,1174,https://www.twitch.tv/videos/2753502912
a6a4e83ae23140e6bd1f7c817af8f864,85100,5464349,2833,1508,35368,https://www.youtube.com/watch?v=-45uWOJNLbY,2833,781,2833,https://www.youtube.com/watch?v=tK0vPRPkLOE,9790,6330,35368,https://www.youtube.com/watch?v=-45uWOJNLbY,12128,3770,1855,25821,https://www.twitch.tv/videos/2742957355
9d9c6477329245cbb2557895f4f15686,84800,9068743,10499,3718,87980,https://www.youtube.com/watch?v=qFTw-Je5ZgI,0,0,0,,10499,3718,87980,https://www.youtube.com/watch?v=qFTw-Je5ZgI,168279,13245,6214,23201,https://www.twitch.tv/videos/2740406220
4544974bc5624035ae7bb0c9ed33e44e,84100,9265769,2369,1184,47629,https://www.youtube.com/watch?v=nr0W_KEswzI,2203,858,4346,https://www.youtube.com/watch?v=q1mxbgnCrLY,19242,12060,47629,https://www.youtube.com/watch?v=nr0W_KEswzI,12444,1943,1163,5770,https://www.twitch.tv/videos/2740329867
7e81a72484054a5c89f3826ebc8946be,80400,5729527,936,344,2960,https://www.youtube.com/watch?v=BYpbGNO5hiY,895,334,2055,https://www.youtube.com/watch?v=6IeNXj_CXEw,2119,877,2960,https://www.youtube.com/watch?v=BYpbGNO5hiY,12403,2547,1108,4598,https://www.twitch.tv/videos/2753411635
1ccdbe5d48934f4cbabc86512dd1d357,78900,6268103,3767,978,9582,https://www.youtube.com/watch?v=-r1_2QFU8iw,6683,1424,9582,https://www.youtube.com/watch?v=-r1_2QFU8iw,1906,978,3767,https://www.youtube.com/watch?v=efx4Jd-MHAs,0,0,0,0,
0bf0ec441dc6489583f7218e02ab6a89,78500,5060056,576,259,1095,https://www.youtube.com/watch?v=8tKNFfPym5w,576,259,1095,https://www.youtube.com/watch?v=8tKNFfPym5w,0,0,0,,10574,1307,1101,2119,https://www.twitch.tv/videos/2751917038
6bd49f94afb144e995247388ca8c42a8,77600,15127426,15723,5821,65443,https://www.youtube.com/watch?v=k2E6C4qzU4A,12870,5553,21899,https://www.youtube.com/watch?v=PUUq-UrzrkY,49634,17662,65443,https://www.youtube.com/watch?v=k2E6C4qzU4A,68650,40525,18727,68667,https://www.twitch.tv/videos/2748500963
4b6655120fbd4431a8f7894cac4a4d49,76800,8551602,2262,590,16909,https://www.youtube.com/watch?v=KC5id58fb4I,2262,590,16909,https://www.youtube.com/watch?v=KC5id58fb4I,0,0,0,,0,0,0,0,
8746bf3b3b5843e7b00f6ec23fefb6b1,76600,35503614,0,0,0,,0,0,0,,0,0,0,,14609,1856,865,2088,https://www.twitch.tv/videos/2742832548
01f26342ae4e419280bcfd6ec6e86db1,75100,5736688,0,0,0,,0,0,0,,0,0,0,,4401,0,0,0,
17c335762a694402b8cb9a96b2865572,74900,7717098,1724,1070,3617,https://www.youtube.com/watch?v=v2_6lClOnvo,1724,1070,3617,https://www.youtube.com/watch?v=v2_6lClOnvo,0,0,0,,0,0,0,0,
fd6a0236861940389e15ef85b16c6069,74300,27503899,50265,26544,249958,https://www.youtube.com/watch?v=F1O9FBTFhVw,0,0,0,,50265,26544,249958,https://www.youtube.com/watch?v=F1O9FBTFhVw,173867,50332,22908,129364,https://www.twitch.tv/videos/2735487641
5bd39e2c6dcf4ff19436d8a5fa069464,73200,9870523,8907,5164,32635,https://www.youtube.com/watch?v=2eVqrdT9AFQ,13448,4436,23637,https://www.youtube.com/watch?v=n5aL-d3H_ps,8821,5539,32635,https://www.youtube.com/watch?v=2eVqrdT9AFQ,30442,27393,9629,34151,https://www.twitch.tv/videos/2738708481
cd42e06c40534d9eac7e30a434e47d43,72000,5860597,915,409,6046,https://www.youtube.com/watch?v=xxUn9w3fcn4,908,394,2408,https://www.youtube.com/watch?v=rYob7xagjjU,2553,1731,6046,https://www.youtube.com/watch?v=xxUn9w3fcn4,3301,0,0,0,
c5fe413a473d4638b53fb3f9019aabbe,69000,5253620,4813,4710,6212,https://www.youtube.com/watch?v=ogww-LP7Hr0,4813,4710,6212,https://www.youtube.com/watch?v=ogww-LP7Hr0,0,0,0,,23686,36864,17703,58399,https://www.twitch.tv/videos/2741827304
ec65566d949944ffb1e2723f97ded6e0,68800,464615,0,0,0,,0,0,0,,0,0,0,,7083,0,0,0,
2694a505a0e0441bb99b49e8ce1f7473,68000,5409270,3752,1576,3752,https://www.youtube.com/watch?v=wIhLxCHLJbU,0,0,0,,3752,1576,3752,https://www.youtube.com/watch?v=wIhLxCHLJbU,53103,12077,4175,20012,https://www.twitch.tv/videos/2740382846
d5fdf5fc55d14476908e416e6d43c121,67700,5380144,2247,1146,9980,https://www.youtube.com/watch?v=HTilBjwPKy4,1742,833,9690,https://www.youtube.com/watch?v=uxKPQKc01CA,4805,2637,9980,https://www.youtube.com/watch?v=HTilBjwPKy4,0,0,0,0,
8d113670c4514e5bb28823a756385528,67500,9339372,15833,6459,45970,https://www.youtube.com/watch?v=uxhOm1jZlYA,15833,5337,27491,https://www.youtube.com/watch?v=jbfpvK3QMr0,19644,8003,45970,https://www.youtube.com/watch?v=uxhOm1jZlYA,29088,23267,10215,32680,https://www.twitch.tv/videos/2735541592
7ead9e2cac544a7cb00444ef6b4698d1,67300,7989800,0,0,0,,0,0,0,,0,0,0,,22410,0,0,0,
6c872a4043b84e4493877a42af684d1d,66000,10156534,1694,850,23866,https://www.youtube.com/watch?v=Tg5NXQn58lU,1447,701,3198,https://www.youtube.com/watch?v=SKJj99wsy5E,18279,4151,23866,https://www.youtube.com/watch?v=Tg5NXQn58lU,6204,0,0,0,
1323f1b775bf43659f8b8ec2899522cd,64600,4172760,2583,1143,6383,https://www.youtube.com/watch?v=0VT1Sgh52ZQ,2583,1143,6383,https://www.youtube.com/watch?v=0VT1Sgh52ZQ,0,0,0,,0,0,0,0,
1b63d89e0b1a4b579de6d99e25eaff8f,63900,12961405,3811,2736,25708,https://www.youtube.com/watch?v=eTIfusmDAmI,3285,2676,6369,https://www.youtube.com/watch?v=FdNi6gyl-aY,20256,4989,25708,https://www.youtube.com/watch?v=eTIfusmDAmI,11599,0,0,0,
cb94019fb4714e168b47d6757995efc3,61700,4665121,2131,983,16312,https://www.youtube.com/watch?v=1lQtQ1N4LLM,1941,840,2914,https://www.youtube.com/watch?v=RnTQjcvT3fw,11182,5325,16312,https://www.youtube.com/watch?v=1lQtQ1N4LLM,7065,2704,1334,3728,https://www.twitch.tv/videos/2739674280
4fc5a770272a43f1bb0a1d12aa3a9b46,61500,13499925,2467,738,13494,https://www.youtube.com/watch?v=_GLOq6PifW0,0,0,0,,2467,738,13494,https://www.youtube.com/watch?v=_GLOq6PifW0,0,0,0,0,
512b64ec20174d018540516e9edf2b2f,61200,7767097,339,194,636,https://www.youtube.com/watch?v=svFtjeTHyc8,370,164,454,https://www.youtube.com/watch?v=JhnVK9LAELo,334,200,636,https://www.youtube.com/watch?v=svFtjeTHyc8,1240,0,0,0,
f5ff982730f54cd4826ff0530a4288c2,61100,6073884,6372,2529,27628,https://www.youtube.com/watch?v=lb8vTlB17rw,2568,333,22618,https://www.youtube.com/watch?v=3DGcsM1ANiA,6543,3178,27628,https://www.youtube.com/watch?v=lb8vTlB17rw,0,0,0,0,
6a9a7c7dc3f94605b5f619e9fbcfa33d,61100,1973774,11234,6731,101565,https://www.youtube.com/watch?v=zoTuHFTuGjY,10707,7268,49919,https://www.youtube.com/watch?v=iJ9DIokXMnk,12416,4039,101565,https://www.youtube.com/watch?v=zoTuHFTuGjY,0,0,0,0,
a8ce4642418b4fe8ba1471a32097f4c4,61000,3804166,729,349,3178,https://www.youtube.com/watch?v=Zw_nEmddvyQ,620,290,2066,https://www.youtube.com/watch?v=1AsI2Z772NE,2515,1604,3178,https://www.youtube.com/watch?v=Zw_nEmddvyQ,0,0,0,0,
911d3403c8e84dc3b0c4a2f6017698b6,60800,1633543,583,275,2420,https://www.youtube.com/watch?v=WAibJxrrisI,524,252,942,https://www.youtube.com/watch?v=V2e_HNYrOYk,1591,370,2420,https://www.youtube.com/watch?v=WAibJxrrisI,3590,1743,1014,1743,https://www.twitch.tv/videos/2745265491
0d717ed7ec134fb6ac94ce9dc4e25658,60300,4581259,1801,629,5840,https://www.youtube.com/watch?v=501HRmtUbn4,1801,629,5840,https://www.youtube.com/watch?v=501HRmtUbn4,0,0,0,,0,0,0,0,
e113ace92bbe445385bcc4635a9ca570,59800,13724,0,0,0,,0,0,0,,0,0,0,,0,0,0,0,
8a4988902b5640e6ae1829285307c636,58800,4638065,0,0,0,,0,0,0,,0,0,0,,0,0,0,0,
f985903969ad4e8b839e919aabe94480,58500,1052356,698,270,1489,https://www.youtube.com/watch?v=ZxXZMLyCFIY,698,270,1199,https://www.youtube.com/watch?v=faZBiiRPSTI,576,409,1489,https://www.youtube.com/watch?v=ZxXZMLyCFIY,0,0,0,0,
14a9a08fbdc641e8ac8c384dedfccf0a,58100,6333664,4227,1246,6126,https://www.youtube.com/watch?v=c-gdToZw_xc,4227,1246,6126,https://www.youtube.com/watch?v=c-gdToZw_xc,0,0,0,,16947,6545,2992,10406,https://www.twitch.tv/videos/2751799808
5a934764983e45959855735b79bcc90e,58100,2611021,1083,578,3600,https://www.youtube.com/watch?v=LwaQ2CwZfmE,1083,578,3345,https://www.youtube.com/watch?v=1zq8pbd_xfc,2321,759,3600,https://www.youtube.com/watch?v=LwaQ2CwZfmE,11582,1297,464,4359,https://www.twitch.tv/videos/2740389286
99f6f80397b34d0b9a0cfd40f3801a35,57600,2723612,2462,1204,20654,https://www.youtube.com/watch?v=AL4n3LTKODU,1827,1120,2642,https://www.youtube.com/watch?v=vDxUsD_SW1g,8677,2599,20654,https://www.youtube.com/watch?v=AL4n3LTKODU,29478,17318,11666,65494,https://www.twitch.tv/videos/2745357557
ba59bb31bbcd4cf3a481c4cf72918fb0,56900,8331636,2833,1458,6083,https://www.youtube.com/watch?v=xTNHn2Plz84,2717,1371,3486,https://www.youtube.com/watch?v=tEjTHiCYXiE,6083,4389,6083,https://www.youtube.com/watch?v=xTNHn2Plz84,0,0,0,0,
02f5258d29b046bc9f597c9baac014bf,56500,4193715,7801,3991,103634,https://www.youtube.com/watch?v=gG0FdYwxcU0,6114,3778,8186,https://www.youtube.com/watch?v=IlJn2le8mp4,29250,9298,103634,https://www.youtube.com/watch?v=gG0FdYwxcU0,38626,51518,30693,123739,https://www.twitch.tv/videos/2740495438
6aefa292dc61441e98c787efb0067922,55500,2537203,1182,696,4337,https://www.youtube.com/watch?v=LKzf9fWnHTk,1075,617,4194,https://www.youtube.com/watch?v=7VI-oCN7neI,2919,1250,4337,https://www.youtube.com/watch?v=LKzf9fWnHTk,11203,1744,957,4798,https://www.twitch.tv/videos/2746776510
729621ce509b4641ad8cde76dec037d0,54800,2807844,682,415,5168,https://www.youtube.com/watch?v=9CAR_x6aLTk,664,395,3710,https://www.youtube.com/watch?v=M_z7R_SNmZE,5168,1317,5168,https://www.youtube.com/watch?v=9CAR_x6aLTk,5180,705,540,1840,https://www.twitch.tv/videos/2747736592
e14d4aac184c4ccdba6f2a9718cfea62,54700,3031297,710,315,3845,https://www.youtube.com/watch?v=-tOFde55hYU,710,315,3845,https://www.youtube.com/watch?v=-tOFde55hYU,0,0,0,,0,0,0,0,
66c812bb04844241af1d1c7539b5e251,53600,38947518,148,87,1716,https://www.youtube.com/watch?v=qi0k_e05exI,131,83,1716,https://www.youtube.com/watch?v=qi0k_e05exI,273,104,637,https://www.youtube.com/watch?v=LOdPJRiKN5M,1084,33,21,47,https://www.twitch.tv/videos/2745204817
a000aa1d3ea7489c993277d33ab2457e,53300,5326207,3958,1890,22136,https://www.youtube.com/watch?v=8nXMWnsfFrg,3152,1796,12731,https://www.youtube.com/watch?v=eUsnH3N_ASs,19568,2521,22136,https://www.youtube.com/watch?v=8nXMWnsfFrg,48314,18004,9819,49069,https://www.twitch.tv/videos/2754908229
626750f4e7a745619c171c44fb1efcc0,52900,6922273,1998,910,7212,https://www.youtube.com/watch?v=zz-ACYvQ8pQ,979,391,2518,https://www.youtube.com/watch?v=q_EAy98ZoKA,2947,1567,7212,https://www.youtube.com/watch?v=zz-ACYvQ8pQ,10817,489,256,2080,https://www.twitch.tv/videos/2752525140
efe550a729e14dbab790a3f73205d8ed,52900,2963096,2652,761,5281,https://www.youtube.com/watch?v=wknqtMbP-vs,1101,593,2775,https://www.youtube.com/watch?v=n34Do940Y_o,3059,1066,5281,https://www.youtube.com/watch?v=wknqtMbP-vs,0,0,0,0,
ce2a2c07a74640fc8d3b39d022b16dd9,52700,4762783,1000,557,7124,https://www.youtube.com/watch?v=buqFZPhP10s,756,351,1264,https://www.youtube.com/watch?v=Osk12nkgV8Q,4059,2083,7124,https://www.youtube.com/watch?v=buqFZPhP10s,0,0,0,0,
658e63bebdca421ca934b0bf6aa2bcd8,52100,5959157,2058,871,5292,https://www.youtube.com/watch?v=Bm-4dLgN2kQ,2147,969,5292,https://www.youtube.com/watch?v=Bm-4dLgN2kQ,1440,281,4156,https://www.youtube.com/watch?v=c_yLlmECgJ0,11074,618,426,873,https://www.twitch.tv/videos/2747843772
cbb5df4184f04027b8a550d648d79eeb,51800,4507866,15865,6557,30681,https://www.youtube.com/watch?v=TlBO44EJa6s,30681,10003,30681,https://www.youtube.com/watch?v=TlBO44EJa6s,14131,6235,29368,https://www.youtube.com/watch?v=ZBgfdb62BFk,0,0,0,0,
60282d578bb747b8b232dba81168a5b6,51300,5183234,3164,1151,16485,https://www.youtube.com/watch?v=IVcCdgv2rOo,2858,1151,4988,https://www.youtube.com/watch?v=hRbPEjhurro,4943,1062,16485,https://www.youtube.com/watch?v=IVcCdgv2rOo,0,0,0,0,
927ce160c29f4465ba196c3e1b8fee1c,50500,2981199,1034,571,2825,https://www.youtube.com/watch?v=k_KJ3_QRPp4,1019,492,1707,https://www.youtube.com/watch?v=XS28bvZmZqM,2270,1823,2825,https://www.youtube.com/watch?v=k_KJ3_QRPp4,4821,875,618,2273,https://www.twitch.tv/videos/2745230109
50a0835b66844b0ab84f573934f20989,49700,2449072,1467,744,3252,https://www.youtube.com/watch?v=1nLdkwoY5uk,1434,706,3252,https://www.youtube.com/watch?v=1nLdkwoY5uk,2083,1618,2083,https://www.youtube.com/watch?v=VQY82rLVhN8,0,0,0,0,
7d66bf98da354f72baee891cdd91855b,49700,4491220,2128,1444,7615,https://www.youtube.com/watch?v=81fey24id8E,2128,1444,7615,https://www.youtube.com/watch?v=81fey24id8E,0,0,0,,0,0,0,0,
3bc36efc33ba4410be1d509a39074ceb,49000,4006020,15160,7167,44903,https://www.youtube.com/watch?v=xpIiMm1hwPY,13159,7167,20353,https://www.youtube.com/watch?v=f0xAhF6l_xI,20687,7202,44903,https://www.youtube.com/watch?v=xpIiMm1hwPY,24653,26720,15135,59877,https://www.twitch.tv/videos/2742048788
0eb515afbb9347529a406e91a07cde90,49000,2535852,20203,5619,71854,https://www.youtube.com/watch?v=khjc9hc0rTY,6710,3919,8532,https://www.youtube.com/watch?v=KJNC_4fSsFI,27226,14782,71854,https://www.youtube.com/watch?v=khjc9hc0rTY,19911,9799,4115,17042,https://www.twitch.tv/videos/2744504739
4c3cae772e974f8fb8e04f4cc9c8cd8d,48800,3230402,2434,1025,11770,https://www.youtube.com/watch?v=oQnfDZj1MlA,2145,1254,4128,https://www.youtube.com/watch?v=0BuBCuA9-xg,7391,587,11770,https://www.youtube.com/watch?v=oQnfDZj1MlA,0,0,0,0,
1cfadb0d2e154a258c3177ff8264336f,48800,4378170,4143,1120,12141,https://www.youtube.com/watch?v=hwdzHmEMjbk,2358,1306,12141,https://www.youtube.com/watch?v=hwdzHmEMjbk,5127,1113,7256,https://www.youtube.com/watch?v=n713YY3UU6w,0,0,0,0,
5c4241def363418d9b7167d8369d0350,48200,2367392,0,0,0,,0,0,0,,0,0,0,,44,0,0,0,
2db2ffc41ff340a990a6d4dcec000d08,48200,2925835,7151,3354,27130,https://www.youtube.com/watch?v=Yqf5YU2ucN8,4784,2441,9605,https://www.youtube.com/watch?v=Orhpjj_yj3o,16930,6645,27130,https://www.youtube.com/watch?v=Yqf5YU2ucN8,25220,12005,5159,17502,https://www.twitch.tv/videos/2747803888
6c88799c6f45407faf0f9ea007b0dcab,48000,3593378,9906,5066,33054,https://www.youtube.com/watch?v=nLrXBlq1TfE,1196,495,1481,https://www.youtube.com/watch?v=p6VkbfZZ1MQ,17851,6597,33054,https://www.youtube.com/watch?v=nLrXBlq1TfE,0,0,0,0,
3681a0b4e4bd48888473b1884f6ee420,47900,5431270,822,293,17188,https://www.youtube.com/watch?v=hTGJUka7ODU,749,269,1619,https://www.youtube.com/watch?v=UusN0_yXHK4,9494,3883,17188,https://www.youtube.com/watch?v=hTGJUka7ODU,0,0,0,0,
920d34819cf944e99cf469f7552d535f,47600,11432501,16845,9479,131170,https://www.youtube.com/watch?v=3Z3RhaEfMdA,15959,6851,29741,https://www.youtube.com/watch?v=u-uKUevEAok,44384,29219,131170,https://www.youtube.com/watch?v=3Z3RhaEfMdA,6258,6686,5289,7326,https://www.twitch.tv/videos/2754316502
22ca620b93c94e5cb48175bbecf8d3af,47400,5447577,2707,1057,5695,https://www.youtube.com/watch?v=jwhNX3GPtpI,1818,876,2374,https://www.youtube.com/watch?v=_MacKMzJsVA,3838,1957,5695,https://www.youtube.com/watch?v=jwhNX3GPtpI,0,0,0,0,
e350c8b7e41045419ee1ac73bc78921b,47300,5177416,1245,553,17549,https://www.youtube.com/watch?v=PjcoHmGUKvk,1183,367,1971,https://www.youtube.com/watch?v=UvdHQ8wrGog,2833,1604,17549,https://www.youtube.com/watch?v=PjcoHmGUKvk,0,0,0,0,
c41044006a014ed28107f33221a7de98,47100,4362004,2033,648,2898,https://www.youtube.com/watch?v=5F9WwnfTRz0,2033,648,2898,https://www.youtube.com/watch?v=5F9WwnfTRz0,0,0,0,,5279,0,0,0,
ebe5c5f9d67f44f3bc5e70b413ce9df7,47000,2272035,604,336,1747,https://www.youtube.com/watch?v=DO0YEDmcC54,603,310,766,https://www.youtube.com/watch?v=rx__7UM2g7U,1747,678,1747,https://www.youtube.com/watch?v=DO0YEDmcC54,12247,865,307,4381,https://www.twitch.tv/videos/2736240106
2760c9a44c20464d8e140e6367ed1cdf,46900,2444960,482,247,3166,https://www.youtube.com/watch?v=RS5uBZ0fUYg,440,223,1032,https://www.youtube.com/watch?v=1j-58vynBSU,2510,1723,3166,https://www.youtube.com/watch?v=RS5uBZ0fUYg,2423,500,471,1680,https://www.twitch.tv/videos/2751660027
575d15d21f7240e1ad72935bf7fa0465,46900,1665132,371,192,3900,https://www.youtube.com/watch?v=x_zVajCRP8w,337,177,631,https://www.youtube.com/watch?v=tcght9lwlsM,3662,2413,3900,https://www.youtube.com/watch?v=x_zVajCRP8w,0,0,0,0,
64c779f8cc214e7a9b570c7b3fc128cc,46700,3922362,0,0,0,,0,0,0,,0,0,0,,4647,0,0,0,
21d5855a8c7d4461b286d40c167ac093,46100,5007527,1226,508,8658,https://www.youtube.com/watch?v=3_Or3Nou3cc,1132,483,2835,https://www.youtube.com/watch?v=oLhBDLF2h7U,8658,8237,8658,https://www.youtube.com/watch?v=3_Or3Nou3cc,961,845,808,25183,https://www.twitch.tv/videos/2733820880
fe1abd28f3114015ac31ae1821e8dd3f,46000,1691837,1067,562,4293,https://www.youtube.com/watch?v=SUhPubpIcZQ,1067,562,4293,https://www.youtube.com/watch?v=SUhPubpIcZQ,0,0,0,,4640,597,394,1704,https://www.twitch.tv/videos/2746814818
3d786b116dbc437e8684d7b46567a1e5,45600,1585436,944,606,3778,https://www.youtube.com/watch?v=IUT2J3KviC0,854,601,1238,https://www.youtube.com/watch?v=E5UcYzqHJBw,2062,733,3778,https://www.youtube.com/watch?v=IUT2J3KviC0,9621,1715,741,5681,https://www.twitch.tv/videos/2740175394
20f0e269ce554a00920de0444bc22aaf,45000,3912572,1484,915,19346,https://www.youtube.com/watch?v=2aX19VdsXSM,871,280,1434,https://www.youtube.com/watch?v=t7m2oTo9KRE,3361,1710,19346,https://www.youtube.com/watch?v=2aX19VdsXSM,0,0,0,0,
177fe395a2704d10add06cb1466fa254,44700,3395906,12058,5173,96930,https://www.youtube.com/watch?v=1s9ZofFhHBI,10643,3927,15426,https://www.youtube.com/watch?v=AikQEEEKeDI,35520,14197,96930,https://www.youtube.com/watch?v=1s9ZofFhHBI,31488,21138,9971,42873,https://www.twitch.tv/videos/2744526511
a0d4fad2fd3d4e4981947642a9dbafc4,44100,3408494,1632,1076,4753,https://www.youtube.com/watch?v=6fcJS6rJVQE,1632,1076,4753,https://www.youtube.com/watch?v=6fcJS6rJVQE,0,0,0,,12134,1730,754,3562,https://www.twitch.tv/videos/2750191813
a05be3d154824597b21375f53b244585,44000,4,0,0,0,,0,0,0,,0,0,0,,21908,0,0,0,
1c6ebd51e0fc4ebab88347e853335c87,43900,2027644,2003,822,5279,https://www.youtube.com/watch?v=KQpId9Fhaog,999,608,5279,https://www.youtube.com/watch?v=KQpId9Fhaog,2429,1332,5235,https://www.youtube.com/watch?v=0z09omPYeo0,1662,1161,760,1739,https://www.twitch.tv/videos/2750465099
c25e6f38d6df447e84c4747ba6ac75cc,43400,1413726,8408,5067,83100,https://www.youtube.com/watch?v=uc4XTTqruUQ,7180,5173,27134,https://www.youtube.com/watch?v=JabK0E69CLo,11921,4903,83100,https://www.youtube.com/watch?v=uc4XTTqruUQ,0,0,0,0,
0825b7bbb6134dbc98a132cc1782fb1f,42900,1759197,525,214,1010,https://www.youtube.com/watch?v=v6v0__aR2Bg,525,214,1010,https://www.youtube.com/watch?v=v6v0__aR2Bg,0,0,0,,0,0,0,0,
dee8efe8990e458c915e4f6a6a16b49f,42700,5263781,182,104,400,https://www.youtube.com/watch?v=TQIFAc9aP-E,182,104,400,https://www.youtube.com/watch?v=TQIFAc9aP-E,0,0,0,,3320,0,0,0,
9a496e9b261f401dba4991a9f4c7048e,42600,1525687,898,547,5500,https://www.youtube.com/watch?v=2hFHNAf0Ib0,762,400,1394,https://www.youtube.com/watch?v=DUMtXIM8CVo,3466,786,5500,https://www.youtube.com/watch?v=2hFHNAf0Ib0,0,0,0,0,
73b97b1a35c84579aa8ffcd6534efad3,42400,5809230,1209,600,21351,https://www.youtube.com/watch?v=kyaHMmGLvsU,792,418,1913,https://www.youtube.com/watch?v=c_uBq-LRuIY,5915,2471,21351,https://www.youtube.com/watch?v=kyaHMmGLvsU,10772,0,0,0,
5f6f102dd7cc4bfaa99e4cde16b85290,42300,2186454,1929,1034,7791,https://www.youtube.com/watch?v=kJla_y6UhOc,1652,720,2711,https://www.youtube.com/watch?v=mM3ZyGQALi0,5164,2340,7791,https://www.youtube.com/watch?v=kJla_y6UhOc,7948,5274,2181,13921,https://www.twitch.tv/videos/2749154260
a9f28d3e3d2a4ecb93ff10955be791d1,42000,3012502,2749,1793,4028,https://www.youtube.com/watch?v=23xJALNSnBg,2325,1932,4028,https://www.youtube.com/watch?v=23xJALNSnBg,3174,1655,3174,https://www.youtube.com/watch?v=Pw1p3wc9EXU,16534,7069,2353,13544,https://www.twitch.tv/videos/2737890607
029dfaf0b42a45839661df6dc99efcdd,41900,1169311,0,0,0,,0,0,0,,0,0,0,,707,0,0,0,
8150f530d858418282811429cc32622b,41100,2257987,408,221,2993,https://www.youtube.com/watch?v=9VXRjMbsKd0,404,211,2993,https://www.youtube.com/watch?v=9VXRjMbsKd0,2310,947,2458,https://www.youtube.com/watch?v=vlRqAX0wqPE,12902,750,365,1608,https://www.twitch.tv/videos/2737959363
ed426712876641848613137bef236d26,40800,3820473,1560,686,9745,https://www.youtube.com/watch?v=_P13W26FOvs,1202,591,1577,https://www.youtube.com/watch?v=_vy0Tn0xo_8,3170,1718,9745,https://www.youtube.com/watch?v=_P13W26FOvs,9085,1380,624,2053,https://www.twitch.tv/videos/2747541963
14770d49681b44c1a6a7fcbdc265f539,40500,1842721,1447,849,1932,https://www.youtube.com/watch?v=-HvpxAUUYss,1447,849,1932,https://www.youtube.com/watch?v=-HvpxAUUYss,0,0,0,,0,0,0,0,
be6c475c291d45a0a7349abdb70be20d,40400,13008105,284,160,3747,https://www.youtube.com/watch?v=eVkQ7EaPlSc,253,151,1302,https://www.youtube.com/watch?v=73A43hZjSd4,1559,578,3747,https://www.youtube.com/watch?v=eVkQ7EaPlSc,0,0,0,0,
4b8137b8ba4e4a4dad994e2e07e351fe,40300,2485126,392,203,1206,https://www.youtube.com/watch?v=whNxHKKMHUw,294,192,393,https://www.youtube.com/watch?v=NeB5xIajTjk,1082,487,1206,https://www.youtube.com/watch?v=whNxHKKMHUw,2094,222,182,249,https://www.twitch.tv/videos/2747813705
5e98938ba0624235863dd2af8017fbe6,40300,1907847,1326,598,4702,https://www.youtube.com/watch?v=pmfViL8jc34,1340,634,4702,https://www.youtube.com/watch?v=pmfViL8jc34,682,469,682,https://www.youtube.com/watch?v=h50yg0FYzD8,0,0,0,0,
6943bbfc993443d4b3853833b3bb1a66,40300,15006503,8910,1977,11997,https://www.youtube.com/watch?v=Khbel9tEw70,0,0,0,,8910,1977,11997,https://www.youtube.com/watch?v=Khbel9tEw70,0,0,0,0,
d1694c709e0f489fbd07fc9bc67c0a66,40000,1945459,538,326,1883,https://www.youtube.com/watch?v=66XFn8Gd7hM,506,300,1323,https://www.youtube.com/watch?v=ZaxH4A14XjQ,1544,1052,1883,https://www.youtube.com/watch?v=66XFn8Gd7hM,2643,1347,1250,2201,https://www.twitch.tv/videos/2754812030
192d2decee72410e8346c135c4ac6e00,39400,1574725,2438,1068,7519,https://www.youtube.com/watch?v=80uRIFTqA80,2438,1068,7519,https://www.youtube.com/watch?v=80uRIFTqA80,0,0,0,,2392,0,0,0,
e069724ddab54dd690d6c3425574effd,39000,6255148,1625,871,27868,https://www.youtube.com/watch?v=z4fzHyne-VA,1306,605,2090,https://www.youtube.com/watch?v=xjvTK5foQpQ,7293,3881,27868,https://www.youtube.com/watch?v=z4fzHyne-VA,4623,0,0,0,
f928e57423634094b3d7d8461321c028,38100,957100,446,219,581,https://www.youtube.com/watch?v=9dmYUflA_LU,446,219,581,https://www.youtube.com/watch?v=9dmYUflA_LU,0,0,0,,3123,450,235,450,https://www.twitch.tv/videos/2743753205
80f7b111f0e044abae4c37f6a96b5957,38000,1092166,259,152,611,https://www.youtube.com/watch?v=ulF2L0t2qYA,259,152,611,https://www.youtube.com/watch?v=ulF2L0t2qYA,0,0,0,,0,0,0,0,
62e5d9c4ad1e4d7a9fb61fe531c4b940,37500,100558,0,0,0,,0,0,0,,0,0,0,,0,0,0,0,
f6a8c59d8b8d4e009d4e147ec268cd73,37500,2019968,2123,1227,4622,https://www.youtube.com/watch?v=ScLhcwGhoKw,2123,1227,4622,https://www.youtube.com/watch?v=ScLhcwGhoKw,0,0,0,,4981,0,0,0,
7aba821c721e45bcb3d113652e9e8fb2,37300,1139436,1256,469,4505,https://www.youtube.com/watch?v=9vBt54UnZvA,1023,555,1525,https://www.youtube.com/watch?v=XATWqYeET0c,4257,380,4505,https://www.youtube.com/watch?v=9vBt54UnZvA,0,0,0,0,
c88554bbf263412da16e7a17fd03e467,37000,2040920,3382,2176,311854,https://www.youtube.com/watch?v=J0VgMRBQCxE,3066,1527,26985,https://www.youtube.com/watch?v=VwtRu5dvUmw,13592,5672,311854,https://www.youtube.com/watch?v=J0VgMRBQCxE,0,0,0,0,
5c7beefaa54444e3b0443d7abd93c1f7,36800,4245405,0,0,0,,0,0,0,,0,0,0,,4421,499,218,979,https://www.twitch.tv/videos/2736353573
a85d79e2323b4869a6f784c51218cd37,36700,3574694,3129,1245,32322,https://www.youtube.com/watch?v=LEB5YT5LlMs,1127,737,6041,https://www.youtube.com/watch?v=lZ352BLrtA0,4176,2390,32322,https://www.youtube.com/watch?v=LEB5YT5LlMs,2090,300,236,846,https://www.twitch.tv/videos/2754238864
84d68bef71304aa089c10d2c33c9a107,36600,3517423,1970,752,7513,https://www.youtube.com/watch?v=sidAiJm4aTI,1548,675,4565,https://www.youtube.com/watch?v=xRpneVil_ys,4744,2222,7513,https://www.youtube.com/watch?v=sidAiJm4aTI,0,0,0,0,
f928118054aa4e11aa4ec88504d8b886,36200,2106502,484,240,1352,https://www.youtube.com/watch?v=e0hU-FCJPK4,484,240,1352,https://www.youtube.com/watch?v=e0hU-FCJPK4,0,0,0,,2328,321,295,321,https://www.twitch.tv/videos/2753461674
dad6fb7439d744739755a9a7c6c18d20,36200,3228988,2596,1062,6250,https://www.youtube.com/watch?v=EOkJvH2J1Mk,1466,770,4123,https://www.youtube.com/watch?v=voo4uRHUl8w,4566,2019,6250,https://www.youtube.com/watch?v=EOkJvH2J1Mk,2818,669,496,1669,https://www.twitch.tv/videos/2754247926
6baf9b6a84a44ab3a6979d98bff7ee21,35600,1550651,2166,689,14198,https://www.youtube.com/watch?v=U8SxZ16wzgw,1695,698,3586,https://www.youtube.com/watch?v=4lOK8QMzdJM,5273,421,14198,https://www.youtube.com/watch?v=U8SxZ16wzgw,0,0,0,0,
b08047f2566246ac995e03a5db727cfe,35100,88177,1641,423,2485,https://www.youtube.com/watch?v=8oCp_FSBI7c,797,206,797,https://www.youtube.com/watch?v=gahG4sRMd4A,2485,640,2485,https://www.youtube.com/watch?v=8oCp_FSBI7c,7238,0,0,0,
683c47ffba3246cb8574a6f2667208d1,34800,1160470,2382,1071,16759,https://www.youtube.com/watch?v=c5OK94le8dQ,1422,875,2392,https://www.youtube.com/watch?v=xKSjTA9QT_4,6143,2999,16759,https://www.youtube.com/watch?v=c5OK94le8dQ,11052,7812,4430,21195,https://www.twitch.tv/videos/2736118208
8267ea37c12a471a8a038f501832e099,34600,2415507,1479,392,2057,https://www.youtube.com/watch?v=m3D_LZB3rxk,1574,392,2057,https://www.youtube.com/watch?v=m3D_LZB3rxk,891,345,1479,https://www.youtube.com/watch?v=3WrBwDjkKzQ,0,0,0,0,
84a911e2b05f4919a32e0c1618e32a7d,34200,1069620,543,344,1085,https://www.youtube.com/watch?v=zEr7avpf8Mc,543,344,1085,https://www.youtube.com/watch?v=zEr7avpf8Mc,0,0,0,,0,0,0,0,
6af8929143294c72b25a7108e79e2faf,34100,2218257,830,579,3052,https://www.youtube.com/watch?v=smkm9KGvjm0,824,532,3052,https://www.youtube.com/watch?v=smkm9KGvjm0,1541,1365,1541,https://www.youtube.com/watch?v=TkA-l9buWsI,0,0,0,0,
55be1972142c44799f83ce3db4f14fbd,34000,2767099,3373,953,10485,https://www.youtube.com/watch?v=iObxoKonXEY,863,622,3608,https://www.youtube.com/watch?v=pOjBqbY0gpg,4993,1645,10485,https://www.youtube.com/watch?v=iObxoKonXEY,0,0,0,0,
6929e06cd9ed49739cadaa35115847c7,33900,2263957,1227,397,3870,https://www.youtube.com/watch?v=jA_b6FqvyLs,1213,490,3870,https://www.youtube.com/watch?v=jA_b6FqvyLs,3347,397,3347,https://www.youtube.com/watch?v=6enRZOBGpS0,0,0,0,0,
d6c4708f6eb94ac6ad7668363b132248,33400,1061951,376,236,2349,https://www.youtube.com/watch?v=rtxJVSG1VSg,362,226,2159,https://www.youtube.com/watch?v=er7wmAhoKRA,1162,321,2349,https://www.youtube.com/watch?v=rtxJVSG1VSg,0,0,0,0,
93bad1d4b0c54c8781e3775d13a62c38,33300,1089806,134,68,919,https://www.youtube.com/watch?v=jwaBl5K_SQo,134,68,163,https://www.youtube.com/watch?v=cPFB3mo2eDA,493,82,919,https://www.youtube.com/watch?v=jwaBl5K_SQo,676,0,0,0,
32b5b05c6e0f4747a8c0932d06f97f8c,33300,2044271,2095,792,4476,https://www.youtube.com/watch?v=aXfmNGJEaKE,1848,574,4128,https://www.youtube.com/watch?v=uvqD5rEO8qs,3639,2131,4476,https://www.youtube.com/watch?v=aXfmNGJEaKE,4702,0,0,0,
9ca368e73d514656ade48dc946f55956,32700,4190044,0,0,0,,0,0,0,,0,0,0,,9162,839,375,1960,https://www.twitch.tv/videos/2752654233
b0f523194beb4abca2b433e9e41d912c,32000,1745231,1123,553,3531,https://www.youtube.com/watch?v=MlJR_FxqHWo,1046,491,1817,https://www.youtube.com/watch?v=v36AuQqtB5M,1922,994,3531,https://www.youtube.com/watch?v=MlJR_FxqHWo,11991,0,0,0,
334133534368487780dfa99b7c9f5949,32000,17786590,112,10,112,https://www.youtube.com/watch?v=nD_lREmy1co,112,10,112,https://www.youtube.com/watch?v=nD_lREmy1co,0,0,0,,0,0,0,0,
13a4e83f2bbc4d18bb27520a4dceef72,31900,7890430,6741,2608,9012,https://www.youtube.com/watch?v=nrqvEFnpOWI,4470,1142,4470,https://www.youtube.com/watch?v=VQ8Pf1bfyVE,9012,4073,9012,https://www.youtube.com/watch?v=nrqvEFnpOWI,57578,36413,23012,71622,https://www.twitch.tv/videos/2734435056
1edf4940878546569e52dd06c95b8581,31500,2262825,438,248,1779,https://www.youtube.com/watch?v=VCQYOROSnck,409,237,1076,https://www.youtube.com/watch?v=NJyiVk-5Slg,1487,808,1779,https://www.youtube.com/watch?v=VCQYOROSnck,0,0,0,0,
e150e350532b4327b26989dd43cd3bad,31400,1995950,864,454,875,https://www.youtube.com/watch?v=fLRXnkD0it8,864,454,875,https://www.youtube.com/watch?v=fLRXnkD0it8,0,0,0,,1064,0,0,0,
ad56a56e509c4b6fa0cf11ca959e3c72,31300,82354,654,324,984,https://www.youtube.com/watch?v=nWM5E5zaZ2k,654,324,984,https://www.youtube.com/watch?v=nWM5E5zaZ2k,0,0,0,,134,0,0,0,
b42416c629e64c948f75aff4ff5c9a8a,31300,1228270,1176,248,1942,https://www.youtube.com/watch?v=3DwMnraelSM,837,231,837,https://www.youtube.com/watch?v=CQ7sm4xNCjA,1515,264,1942,https://www.youtube.com/watch?v=3DwMnraelSM,3723,0,0,0,
e1b2266a00c04e81bd868ae2fbff7848,31100,1638456,1088,348,7695,https://www.youtube.com/watch?v=LSSnGGOs9J0,1020,639,2937,https://www.youtube.com/watch?v=t-s4gf6KGdQ,1731,206,7695,https://www.youtube.com/watch?v=LSSnGGOs9J0,0,0,0,0,
9f649d90164140bdb0e38f7e835c183b,31100,1870496,1010,445,2895,https://www.youtube.com/watch?v=u_2oiY_6_ds,1010,445,2895,https://www.youtube.com/watch?v=u_2oiY_6_ds,0,0,0,,0,0,0,0,
31f17632340f4e7fbd0ced07193dd81b,31000,562812,424,192,4150,https://www.youtube.com/watch?v=Gjhh5mtrB2M,405,182,1094,https://www.youtube.com/watch?v=mFJq3Q5zUOY,4150,1318,4150,https://www.youtube.com/watch?v=Gjhh5mtrB2M,0,0,0,0,
d81d1032a43642eca36e82ba9a3c39c5,30800,1191094,0,0,0,,0,0,0,,0,0,0,,11252,693,496,836,https://www.twitch.tv/videos/2751885348
660531d691fb49c6a454bff9b0fb8c9e,30800,997594,0,0,0,,0,0,0,,0,0,0,,1490,0,0,0,
099a5fd0d27d4fc892f684793ac18c99,30600,3913617,1937,662,4544,https://www.youtube.com/watch?v=R-yvDmKs7iI,671,500,785,https://www.youtube.com/watch?v=4pttxNwLa2g,2647,1020,4544,https://www.youtube.com/watch?v=R-yvDmKs7iI,0,0,0,0,
e73551cd98ec47388899522353fc89e3,30400,2145201,0,0,0,,0,0,0,,0,0,0,,536,0,0,0,
1f54bc2ce03344728234e590bfb0134f,30300,0,0,0,0,,0,0,0,,0,0,0,,1393,0,0,0,
5b996b6eca90491cb8e1a43de23b2388,30000,823105,1433,707,4396,https://www.youtube.com/watch?v=cTB3F88nxhA,1530,950,4396,https://www.youtube.com/watch?v=cTB3F88nxhA,1068,144,1346,https://www.youtube.com/watch?v=aMTq2tR8XFo,0,0,0,0,
b6f68e0e323f45458752f3a7ec6a08f2,29400,2350326,2033,741,10109,https://www.youtube.com/watch?v=ZYnDlXukAEg,1198,327,2078,https://www.youtube.com/watch?v=8J6pp4DGzvI,3787,1694,10109,https://www.youtube.com/watch?v=ZYnDlXukAEg,3745,1007,428,2221,https://www.twitch.tv/videos/2743608783
9af7c10c618844f08a327d38753124bd,29300,1403734,1699,433,1699,https://www.youtube.com/watch?v=Gbmcqb0RVgw,0,0,0,,1699,433,1699,https://www.youtube.com/watch?v=Gbmcqb0RVgw,17930,1855,1119,4010,https://www.twitch.tv/videos/2741217653
02d67d58d59644be9cdf0b1179419637,29300,1923087,588,260,9767,https://www.youtube.com/watch?v=r8oYACoBYBM,272,143,588,https://www.youtube.com/watch?v=wkZsplgRXbI,3535,825,9767,https://www.youtube.com/watch?v=r8oYACoBYBM,2586,469,380,718,https://www.twitch.tv/videos/2751028694
bc0b8c437eda4361b2a10003013f49cf,29200,342234,0,0,0,,0,0,0,,0,0,0,,0,0,0,0,
d35707348d554507a98f97eb59230efc,28900,2026800,853,337,64696,https://www.youtube.com/watch?v=ckRb58RNvM4,759,307,1242,https://www.youtube.com/watch?v=pRC9hIOtmks,3105,2015,64696,https://www.youtube.com/watch?v=ckRb58RNvM4,4460,738,541,1092,https://www.twitch.tv/videos/2746709336
bac1f0b8e8d149d4a48cfd30d7d7ad74,28900,2133051,610,147,1609,https://www.youtube.com/watch?v=pD-ksI1tIIo,599,171,983,https://www.youtube.com/watch?v=YsxUVSg3cb4,1609,124,1609,https://www.youtube.com/watch?v=pD-ksI1tIIo,0,0,0,0,
4fd17e8877024633876c5d85bc81e56b,28900,4147125,857,417,26196,https://www.youtube.com/watch?v=3rv7uDk8Ljg,766,394,1337,https://www.youtube.com/watch?v=UzknHbyO6yY,5305,3029,26196,https://www.youtube.com/watch?v=3rv7uDk8Ljg,0,0,0,0,
521fb650b9534787b19c8762957fb5d2,28500,0,0,0,0,,0,0,0,,0,0,0,,0,0,0,0,
fe569b0c059e406daf57eb2acd11cc21,28500,1683768,784,257,5373,https://www.youtube.com/watch?v=Hy_-ahkr3hs,596,257,5373,https://www.youtube.com/watch?v=Hy_-ahkr3hs,1815,349,2144,https://www.youtube.com/watch?v=omH0SimR4OI,0,0,0,0,
6f9d63518a69442a88ac602a3b37bf18,28500,1561190,478,251,1964,https://www.youtube.com/watch?v=U2X5R-mkcAc,383,217,1623,https://www.youtube.com/watch?v=vH_W721_guM,1613,566,1964,https://www.youtube.com/watch?v=U2X5R-mkcAc,0,0,0,0,
3be86a2a9cb447f393d235132e157789,28400,2578032,2057,613,3562,https://www.youtube.com/watch?v=ePKUkNDCnZI,2057,613,3562,https://www.youtube.com/watch?v=ePKUkNDCnZI,0,0,0,,0,0,0,0,
19234cc590224c45912a14487f756dc5,28300,2170737,2617,1767,8399,https://www.youtube.com/watch?v=ClWaGyjXgUE,0,0,0,,2617,1767,8399,https://www.youtube.com/watch?v=ClWaGyjXgUE,12565,3366,798,10319,https://www.twitch.tv/videos/2752598917
73ae80b091f542358d7a5bf8905c28f3,28200,2737363,3019,1720,81656,https://www.youtube.com/watch?v=wX-8m-VYP1o,1350,766,3019,https://www.youtube.com/watch?v=oCJ54Vtphic,5369,2951,81656,https://www.youtube.com/watch?v=wX-8m-VYP1o,6774,1739,813,3649,https://www.twitch.tv/videos/2731251021
5ba11a0bf35147d499259ad5608a7de1,28200,2083790,1216,401,8994,https://www.youtube.com/watch?v=ydPcaqFsB8s,695,143,5031,https://www.youtube.com/watch?v=eW2939wUPPM,1355,519,8994,https://www.youtube.com/watch?v=ydPcaqFsB8s,4364,0,0,0,
f7c48554816643cdb8d343e6e9e6d313,28200,1564989,1812,975,2124,https://www.youtube.com/watch?v=IlQgN9zUIRA,1812,975,2124,https://www.youtube.com/watch?v=IlQgN9zUIRA,0,0,0,,12836,1311,503,3172,https://www.twitch.tv/videos/2742545699
59110c6bf6e64ce6bdf86b40246dc106,28100,1428131,736,284,2750,https://www.youtube.com/watch?v=R3yeaUEqFQU,736,284,2750,https://www.youtube.com/watch?v=R3yeaUEqFQU,0,0,0,,0,0,0,0,
d1dd83b6e8a24df4b61f766cff45113c,28100,15839726,372,159,6648,https://www.youtube.com/watch?v=teqV5mH8aZ8,205,132,2750,https://www.youtube.com/watch?v=WhgApJrB_0U,1800,569,6648,https://www.youtube.com/watch?v=teqV5mH8aZ8,555,0,0,0,
59f5e287671149398135c5c08b5ed2f7,28000,638836,2329,1160,5277,https://www.youtube.com/watch?v=eV8B7kHrjl8,0,0,0,,2329,1160,5277,https://www.youtube.com/watch?v=eV8B7kHrjl8,173,0,0,0,
14d83faa414c415097d577d2da9636ce,27800,970107,290,97,2341,https://www.youtube.com/watch?v=KXMux9DWHMI,239,91,329,https://www.youtube.com/watch?v=hNvkyxHCKS0,2341,1357,2341,https://www.youtube.com/watch?v=KXMux9DWHMI,0,0,0,0,
3197e5649c65405cbbe6e5f1a44cf8e1,27800,1459918,449,206,1086,https://www.youtube.com/watch?v=f3ySvzbYvUA,449,206,1086,https://www.youtube.com/watch?v=f3ySvzbYvUA,0,0,0,,0,0,0,0,
30114f720b104e7f89d9dc0399a00dd4,27200,36043,0,0,0,,0,0,0,,0,0,0,,0,0,0,0,
6ce5f9e78ea946d8a2fd4191005557aa,26800,865464,0,0,0,,0,0,0,,0,0,0,,634,0,0,0,
9e05802075c343a3bf2778550d5157da,26700,1349818,2423,549,4436,https://www.youtube.com/watch?v=j2ZuEBYP9H8,98,46,101,https://www.youtube.com/watch?v=aKvw6mUiS2w,2941,1066,4436,https://www.youtube.com/watch?v=j2ZuEBYP9H8,0,0,0,0,
f18407d79b4b43ffa6adf629d1723a8f,26400,1275,0,0,0,,0,0,0,,0,0,0,,0,0,0,0,
491a6000ce4b472c9b4f8c1dcfdb772c,26300,6190356,2098,837,40095,https://www.youtube.com/watch?v=5WW5stKblyA,220,56,220,https://www.youtube.com/watch?v=v8IAzmup12Y,2412,864,40095,https://www.youtube.com/watch?v=5WW5stKblyA,1076,0,0,0,
9335c3076be84149abfbef91ac0e9e68,26100,992562,0,0,0,,0,0,0,,0,0,0,,1374,0,0,0,
5d00575c06d74f588238857d7dec1b02,25900,3133909,1431,619,20384,https://www.youtube.com/watch?v=s4TJTX38jKo,1150,486,2274,https://www.youtube.com/watch?v=ymaC4DBZIWU,4417,3626,20384,https://www.youtube.com/watch?v=s4TJTX38jKo,0,0,0,0,
8a0b024373544f31b54e5a6cadb124dc,25800,1529425,991,516,10241,https://www.youtube.com/watch?v=sF4nWLher5E,708,352,5775,https://www.youtube.com/watch?v=fSE-b4lHePI,8657,4890,10241,https://www.youtube.com/watch?v=sF4nWLher5E,1765,834,583,944,https://www.twitch.tv/videos/2746080883
f2a403cb46354371837550730a397bd1,25600,1454123,409,212,832,https://www.youtube.com/watch?v=iTFJoK1Qr5Q,376,259,409,https://www.youtube.com/watch?v=kPxpPGLUYlw,832,100,832,https://www.youtube.com/watch?v=iTFJoK1Qr5Q,0,0,0,0,
95de1fe6727944e68404aec425d09170,25500,0,0,0,0,,0,0,0,,0,0,0,,3322,0,0,0,
aa1ff405338c41b98ff7197eb4d90349,25500,1210641,640,288,2670,https://www.youtube.com/watch?v=6XvY0NV__-4,410,137,1015,https://www.youtube.com/watch?v=fEWVnLGvA0s,1453,1073,2670,https://www.youtube.com/watch?v=6XvY0NV__-4,0,0,0,0,
896f74ae454b42a890e413bddc690335,25500,0,0,0,0,,0,0,0,,0,0,0,,1427,0,0,0,
691e8a5f258c4c17b70b6b489b0ad04d,25400,1665009,1094,519,4274,https://www.youtube.com/watch?v=W36v7aS60os,1075,507,1784,https://www.youtube.com/watch?v=uE8niDiSw_o,3564,2244,4274,https://www.youtube.com/watch?v=W36v7aS60os,0,0,0,0,
22c8ee785f7446e5978bab336fda92cb,25300,2141671,1010,673,3304,https://www.youtube.com/watch?v=j_vUKk8h_fQ,1010,673,3304,https://www.youtube.com/watch?v=j_vUKk8h_fQ,0,0,0,,0,0,0,0,
b0fa9fc53f99425db4cca93d2d48a91f,25200,777499,0,0,0,,0,0,0,,0,0,0,,0,0,0,0,
e7fd5d01e57c42658be2bf1e3ad5d696,24900,0,0,0,0,,0,0,0,,0,0,0,,0,0,0,0,
f0a395b14fa34e64ba1aaedb906c7dd3,24900,321230,0,0,0,,0,0,0,,0,0,0,,0,0,0,0,
868f29ec868047fdb2a80a91f49fc55a,24800,0,0,0,0,,0,0,0,,0,0,0,,0,0,0,0,
8dbec1de49be44d897f1c894427f3165,24500,723590,415,163,1356,https://www.youtube.com/watch?v=ox7H9EQH3RE,415,163,1356,https://www.youtube.com/watch?v=ox7H9EQH3RE,0,0,0,,3791,304,213,343,https://www.twitch.tv/videos/2750236859
03c018f2d3064da6ac4899bef1d600c5,24400,1052387,7425,2614,7425,https://www.youtube.com/watch?v=hUBagJKm6d4,0,0,0,,7425,2614,7425,https://www.youtube.com/watch?v=hUBagJKm6d4,36588,14924,10557,29203,https://www.twitch.tv/videos/2752678302
239947732521428d946087065b7c8e17,24300,1843552,0,0,0,,0,0,0,,0,0,0,,0,0,0,0,
de0e98c9266449b7874a942cbbb63a0d,24300,1765427,0,0,0,,0,0,0,,0,0,0,,3061,0,0,0,
824c0c36956f4a73bb3ec479dd8e4da8,24200,1051576,696,364,1113,https://www.youtube.com/watch?v=i7FDCAAusk4,280,93,280,https://www.youtube.com/watch?v=KimXh1nolKc,1113,635,1113,https://www.youtube.com/watch?v=i7FDCAAusk4,2430,0,0,0,
a667c79cb8284de29d5843dc3eafcc57,23600,461279,695,287,4933,https://www.youtube.com/watch?v=lrVnQ7oa3Ug,576,211,4410,https://www.youtube.com/watch?v=chci4qskEME,3306,1409,4933,https://www.youtube.com/watch?v=lrVnQ7oa3Ug,0,0,0,0,
f0b85b56d1d84085aca5ab7f592bd7da,23600,2049692,214,130,34650,https://www.youtube.com/watch?v=S7-udkjXVgI,204,126,538,https://www.youtube.com/watch?v=21BZOVs3Xlc,2443,1606,34650,https://www.youtube.com/watch?v=S7-udkjXVgI,0,0,0,0,
a060cd640cf44c2bb8d78d8ff2411e68,23600,1032064,580,247,2982,https://www.youtube.com/watch?v=vi__-uYZJA8,424,209,1045,https://www.youtube.com/watch?v=kFBfR2lBNxg,2787,1144,2982,https://www.youtube.com/watch?v=vi__-uYZJA8,0,0,0,0,
25388daec64e40f38ca0e5a3a88fedb7,23600,961059,368,240,4040,https://www.youtube.com/watch?v=oUGfzfvK6kE,341,231,990,https://www.youtube.com/watch?v=N3jYwIOt8cw,1591,434,4040,https://www.youtube.com/watch?v=oUGfzfvK6kE,3374,0,0,0,
67d348e6690c43729cce031e70a26645,23300,1075693,12363,6065,15665,https://www.youtube.com/watch?v=d5pyQZ_bYEs,0,0,0,,12363,6065,15665,https://www.youtube.com/watch?v=d5pyQZ_bYEs,30052,6058,3027,15736,https://www.twitch.tv/videos/2753383065
28a930938667442288010b333937e2ab,23300,1845798,2364,1085,3401,https://www.youtube.com/watch?v=fLbGcGumVSo,0,0,0,,2364,1085,3401,https://www.youtube.com/watch?v=fLbGcGumVSo,10527,1618,716,2236,https://www.twitch.tv/videos/2734494408
7c00b7dc73a240dc84d68be389732a0c,23200,1096324,239,158,428,https://www.youtube.com/watch?v=h5A65jbSNGM,235,154,259,https://www.youtube.com/watch?v=qfEMVvWzEeQ,428,262,428,https://www.youtube.com/watch?v=h5A65jbSNGM,0,0,0,0,
ae4eaef845fc4daaa8106a51a590e145,23200,1249918,580,326,3809,https://www.youtube.com/watch?v=IHQS4QXO3Gc,543,311,2102,https://www.youtube.com/watch?v=alCHFmN_uIc,3284,2588,3809,https://www.youtube.com/watch?v=IHQS4QXO3Gc,0,0,0,0,
f13832094d8b40fbb95d07732aa3c3c7,23200,408280,732,315,1941,https://www.youtube.com/watch?v=DSoRx3D5bdQ,667,299,1120,https://www.youtube.com/watch?v=SokFurBEcjU,1517,705,1941,https://www.youtube.com/watch?v=DSoRx3D5bdQ,0,0,0,0,
dcebd098c3ea479ba2b0e32a2696a5ec,23100,864475,657,257,4527,https://www.youtube.com/watch?v=oevRSJswqXU,644,221,694,https://www.youtube.com/watch?v=c31EzWVotFg,4527,3551,4527,https://www.youtube.com/watch?v=oevRSJswqXU,0,0,0,0,
2be709cdd22f4a63a95504731ba79afd,23000,972213,641,259,2982,https://www.youtube.com/watch?v=VGlbvwn7_og,636,213,923,https://www.youtube.com/watch?v=ub_-BsDmt_4,2982,2052,2982,https://www.youtube.com/watch?v=VGlbvwn7_og,0,0,0,0,
951dd0b605d04163b38de18262e9a438,22800,627492,0,0,0,,0,0,0,,0,0,0,,1478,208,131,307,https://www.twitch.tv/videos/2743579115
da4a58b114b94469a0a93f6b8ee7512d,22400,818856,562,334,1203,https://www.youtube.com/watch?v=zIWfZFZ-510,545,303,1203,https://www.youtube.com/watch?v=zIWfZFZ-510,898,366,898,https://www.youtube.com/watch?v=GfSKjMELI0A,12386,327,181,693,https://www.twitch.tv/videos/2743675436
18bd2d37e2e64f0cab20ec6a2b2f2474,22400,1036079,575,287,3367,https://www.youtube.com/watch?v=OmQiyV-hFWA,505,225,741,https://www.youtube.com/watch?v=S_VGHubIv-w,2377,1168,3367,https://www.youtube.com/watch?v=OmQiyV-hFWA,3005,548,334,633,https://www.twitch.tv/videos/2744533606
6dfe72bb90994dceb7b753908876307d,22300,1446486,746,366,17333,https://www.youtube.com/watch?v=Tfb7ulqpCdQ,724,322,1427,https://www.youtube.com/watch?v=J4hJnOm6UdU,5949,2444,17333,https://www.youtube.com/watch?v=Tfb7ulqpCdQ,0,0,0,0,
75ddc749133b4c498eb35ceac1e2a0b2,22200,2668690,475,261,1834,https://www.youtube.com/watch?v=Z5WXNquTwtk,465,248,846,https://www.youtube.com/watch?v=v6fizsAZZsk,1834,1254,1834,https://www.youtube.com/watch?v=Z5WXNquTwtk,0,0,0,0,
05317bcbe5f243abb85618d2669bd0d7,22200,401071,69,48,294,https://www.youtube.com/watch?v=8DElqkq7aHQ,69,49,205,https://www.youtube.com/watch?v=Wpy-wuYMY0Q,106,24,294,https://www.youtube.com/watch?v=8DElqkq7aHQ,0,0,0,0,
c0c35f0471774be2b33163ae20f2d6bb,22200,1310934,452,232,2740,https://www.youtube.com/watch?v=WUU_lhN2a3k,444,213,2253,https://www.youtube.com/watch?v=wtUcVjU81D0,2628,1739,2740,https://www.youtube.com/watch?v=WUU_lhN2a3k,0,0,0,0,
3809ec8a42634d11aa1b7b8f99755c6a,22100,1840340,5666,3022,5666,https://www.youtube.com/watch?v=Va4Y4RQyT5Y,0,0,0,,5666,3022,5666,https://www.youtube.com/watch?v=Va4Y4RQyT5Y,67316,3898,1382,11639,https://www.twitch.tv/videos/2741841004
3e6a09fe4ef744f987e27ae0f06cdf09,21900,663060,373,199,1390,https://www.youtube.com/watch?v=ZzPK0Ic4JP0,361,183,657,https://www.youtube.com/watch?v=jA4SDCQ_8Mo,1205,836,1390,https://www.youtube.com/watch?v=ZzPK0Ic4JP0,0,0,0,0,
7754dca48f524b938314a2b346772e4e,21600,1651509,1153,528,9478,https://www.youtube.com/watch?v=gwWPdpSxGeE,852,325,3397,https://www.youtube.com/watch?v=yurJdqqKdrk,6946,5202,9478,https://www.youtube.com/watch?v=gwWPdpSxGeE,0,0,0,0,
60716febdfe949248e8f67d85634bec5,21600,8276478,359,181,558,https://www.youtube.com/watch?v=uXui3nI08y4,0,0,0,,359,181,558,https://www.youtube.com/watch?v=uXui3nI08y4,0,0,0,0,
532b143e82d6452fac9a18d1d025a2af,21500,428985,306,185,2252,https://www.youtube.com/watch?v=nBANNj05H_o,263,139,940,https://www.youtube.com/watch?v=KjZe_B5FBX4,846,261,2252,https://www.youtube.com/watch?v=nBANNj05H_o,0,0,0,0,
ffe3f2e400ab4237ac873ae9d5a0eda4,21300,847211,1201,446,5317,https://www.youtube.com/watch?v=rGa7yanhY1U,867,333,2141,https://www.youtube.com/watch?v=VSPhGz7HckU,2567,1001,5317,https://www.youtube.com/watch?v=rGa7yanhY1U,0,0,0,0,
ec4bc8d279af43eaba4679b762bbbc59,21300,822268,0,0,0,,0,0,0,,0,0,0,,0,0,0,0,
2a310e9273014b12a0517d13d25697e1,21200,511195,0,0,0,,0,0,0,,0,0,0,,0,0,0,0,
7081557634db487fa467b0bd2f939f66,21100,844015,0,0,0,,0,0,0,,0,0,0,,0,0,0,0,
0f2ad43c618943d19d5101f2d3c49ac9,20800,976617,235,226,1892,https://www.youtube.com/watch?v=POIHOusUcfQ,0,0,0,,235,226,1892,https://www.youtube.com/watch?v=POIHOusUcfQ,178,0,0,0,
53c811a3e7814de2b76dd4e0c241a9e5,20700,647771,114,89,717,https://www.youtube.com/watch?v=VIEjht70dXQ,114,89,717,https://www.youtube.com/watch?v=VIEjht70dXQ,0,0,0,,618,0,0,0,
b63a5ee44acf4498827a3fd984ab23e0,20700,1439254,778,292,1109,https://www.youtube.com/watch?v=FqLsXlWEy-Y,778,292,1109,https://www.youtube.com/watch?v=FqLsXlWEy-Y,0,0,0,,0,0,0,0,
accbad7e89df4174a13b68edcae74068,20600,793431,490,267,10508,https://www.youtube.com/watch?v=mkz53j2dhvo,443,224,1008,https://www.youtube.com/watch?v=IxCj4f6uPW4,1385,631,10508,https://www.youtube.com/watch?v=mkz53j2dhvo,737,0,0,0,
38fcf8bc7f3f45d68bab44577c019c84,20600,734363,313,182,12385,https://www.youtube.com/watch?v=hTkv5nTr8K8,254,133,331,https://www.youtube.com/watch?v=1e63DHWJQZI,1012,360,12385,https://www.youtube.com/watch?v=hTkv5nTr8K8,0,0,0,0,
365db081229a4efeb4630f19587a96b2,20500,1237118,810,345,6426,https://www.youtube.com/watch?v=hspUE3HH8Yg,518,294,6131,https://www.youtube.com/watch?v=5WnlNeOlpeA,1998,885,6426,https://www.youtube.com/watch?v=hspUE3HH8Yg,0,0,0,0,
554ca19c3d924cacac1f680675b9fdd2,20500,180428,0,0,0,,0,0,0,,0,0,0,,0,0,0,0,
67d6807619064938a78832b4106de5c0,20500,893807,105,55,241,https://www.youtube.com/watch?v=mJlgRXtAczY,105,55,241,https://www.youtube.com/watch?v=mJlgRXtAczY,0,0,0,,3245,155,113,224,https://www.twitch.tv/videos/2747034970
2ba32c49f08849f9a109b7e485c9c5a5,20500,908637,1495,497,4973,https://www.youtube.com/watch?v=_M7gjlZBKpg,686,356,1572,https://www.youtube.com/watch?v=Ue8sOnwnylQ,2643,1490,4973,https://www.youtube.com/watch?v=_M7gjlZBKpg,0,0,0,0,
7cecb437e7a54e07a29c3a164565957d,20500,1204338,770,408,2598,https://www.youtube.com/watch?v=8rbtTezR7Xk,746,361,2291,https://www.youtube.com/watch?v=MnLPdsoLBrs,1312,745,2598,https://www.youtube.com/watch?v=8rbtTezR7Xk,0,0,0,0,
cd88de8b4bc84a71975df9afb42192b8,20400,483032,1961,680,16184,https://www.youtube.com/watch?v=lx8kD_fYAqQ,1782,634,16184,https://www.youtube.com/watch?v=lx8kD_fYAqQ,7520,2919,7520,https://www.youtube.com/watch?v=pmmYyNCMdBM,4115,0,0,0,
e9a9d88bf69e4c83842fe05b3ae1601b,20400,1103354,514,390,530,https://www.youtube.com/watch?v=H92UKVsx6uI,499,380,499,https://www.youtube.com/watch?v=MIUNxGbCjAg,530,400,530,https://www.youtube.com/watch?v=H92UKVsx6uI,13311,1159,667,2321,https://www.twitch.tv/videos/2737948609
9d0fb5c59ea745f09934f3cfd932c393,20400,2866694,3858,1868,15602,https://www.youtube.com/watch?v=2EnuZNvmHQo,556,246,613,https://www.youtube.com/watch?v=7BctUsyeKME,6533,2761,15602,https://www.youtube.com/watch?v=2EnuZNvmHQo,0,0,0,0,
f7c8264349654390a5e39810dc012a38,20400,1425135,1266,583,1658,https://www.youtube.com/watch?v=dDd83hp-FzY,0,0,0,,1266,583,1658,https://www.youtube.com/watch?v=dDd83hp-FzY,0,0,0,0,
adc9d30b5940427e96ae92238f0f8b83,20200,567556,362,154,9070,https://www.youtube.com/watch?v=oMAFg3rEido,247,130,2731,https://www.youtube.com/watch?v=RjPsE7PU_Eo,1771,453,9070,https://www.youtube.com/watch?v=oMAFg3rEido,868,0,0,0,
3e19e054b479401da231ebc3d3fab628,20000,628167,2577,2211,2577,https://www.youtube.com/watch?v=O1tkprNkYYE,0,0,0,,2577,2211,2577,https://www.youtube.com/watch?v=O1tkprNkYYE,0,0,0,0,
c9ece3513c804b3db003cd8fca683857,19900,778883,0,0,0,,0,0,0,,0,0,0,,8599,0,0,0,
36a96262405a4d4683db73d8403bf8b7,19800,1250189,1329,415,2655,https://www.youtube.com/watch?v=_ZZp_YOekvI,584,420,1489,https://www.youtube.com/watch?v=H4kSEmWr_o8,1824,410,2655,https://www.youtube.com/watch?v=_ZZp_YOekvI,569,88,87,88,https://www.twitch.tv/videos/2755070731
88f782b3b6c6492c926f70e4a13390c9,19700,806629,343,190,1462,https://www.youtube.com/watch?v=-nA4QXUgnzE,328,140,599,https://www.youtube.com/watch?v=RF5HQzYKoHI,835,512,1462,https://www.youtube.com/watch?v=-nA4QXUgnzE,834,184,125,591,https://www.twitch.tv/videos/2745902005
7b58646f89cb4b7cbcdce819499c475f,19500,381667,0,0,0,,0,0,0,,0,0,0,,0,0,0,0,
c540124532e14ceb8e9ffc654a0ec4c9,19500,28719790,378,196,49760,https://www.youtube.com/watch?v=iFbinc2gYy4,258,116,2016,https://www.youtube.com/watch?v=bT3co3mHcr8,14628,6178,49760,https://www.youtube.com/watch?v=iFbinc2gYy4,1591,58,39,225,https://www.twitch.tv/videos/2743588150
bf3356cfb2754286af9b6bb1665f56bd,19500,838277,1568,721,121576,https://www.youtube.com/watch?v=pPRHsDgAxXE,0,0,0,,1568,721,121576,https://www.youtube.com/watch?v=pPRHsDgAxXE,119,0,0,0,
05e831b267914fc5b4d9b28de1f648dc,19200,948019,0,0,0,,0,0,0,,0,0,0,,0,0,0,0,
de266b34e79c49b48fa566e9fb1a24af,19100,1311309,771,317,1315,https://www.youtube.com/watch?v=50dM2YpHfPs,771,317,1315,https://www.youtube.com/watch?v=50dM2YpHfPs,0,0,0,,611,0,0,0,
6548fd18ecf84bd88112cd5babfa2a66,19000,662423,453,173,13008,https://www.youtube.com/watch?v=Zf7T4b437_0,378,130,2277,https://www.youtube.com/watch?v=v6Y1YZ8MJ80,2107,554,13008,https://www.youtube.com/watch?v=Zf7T4b437_0,2521,0,0,0,
cdb5c89f61c94949a989457cf549b7e4,18800,1283384,657,387,2458,https://www.youtube.com/watch?v=pxQ4T1GhUS0,633,287,796,https://www.youtube.com/watch?v=w_DwWb-fRNg,781,532,2458,https://www.youtube.com/watch?v=pxQ4T1GhUS0,0,0,0,0,
ef67b676c0334ef182151f473469c1f1,18700,1105818,965,353,2617,https://www.youtube.com/watch?v=Q60109uvkUQ,601,232,1655,https://www.youtube.com/watch?v=bRrtVJdD3SE,1671,750,2617,https://www.youtube.com/watch?v=Q60109uvkUQ,0,0,0,0,
2c05340bb152419ebe0bd3fb6a78da80,18600,1835803,798,417,7242,https://www.youtube.com/watch?v=L1Moj-ndH9c,673,370,2455,https://www.youtube.com/watch?v=vj4o77wkUjA,1353,882,7242,https://www.youtube.com/watch?v=L1Moj-ndH9c,0,0,0,0,
9265e640081f4625bd36cd1235c75bc7,18500,39529,0,0,0,,0,0,0,,0,0,0,,2453,0,0,0,
6c0758764e674c6db2f985710fcfbd7b,18500,1249629,879,463,4870,https://www.youtube.com/watch?v=aQUHHlXOQX0,689,319,1090,https://www.youtube.com/watch?v=uQlOyfM0Lao,2372,1089,4870,https://www.youtube.com/watch?v=aQUHHlXOQX0,0,0,0,0,
ebc44e2ba78f4790b832d02c31410262,18100,674723,236,153,3449,https://www.youtube.com/watch?v=jMzYscoKhVY,194,81,385,https://www.youtube.com/watch?v=EcYsocWv_S8,1728,835,3449,https://www.youtube.com/watch?v=jMzYscoKhVY,518,278,187,691,https://www.twitch.tv/videos/2751002549
05be4fb717614738a87daac46157ddb1,18000,1232501,375,178,1450,https://www.youtube.com/watch?v=yEvoY1T-AV0,346,171,683,https://www.youtube.com/watch?v=ggxk-wpeXTw,1450,318,1450,https://www.youtube.com/watch?v=yEvoY1T-AV0,0,0,0,0,
2a28e77671ae43d7bccec54e7e956dd9,18000,220743,0,0,0,,0,0,0,,0,0,0,,0,0,0,0,
e9ec2395070144b0af7231570e06a743,17900,77111,0,0,0,,0,0,0,,0,0,0,,0,0,0,0,
0bfd032de03c48a4bd7d1f4505335a7d,17900,811398,314,184,560,https://www.youtube.com/watch?v=JII0tO3N8tY,314,184,560,https://www.youtube.com/watch?v=JII0tO3N8tY,0,0,0,,0,0,0,0,
aaa45dc386714427ba862f691d4471ac,17800,1697456,1299,473,6454,https://www.youtube.com/watch?v=6tAlIoZHsi8,573,307,1529,https://www.youtube.com/watch?v=tKlr1LRAKT8,1968,1072,6454,https://www.youtube.com/watch?v=6tAlIoZHsi8,1506,0,0,0,
ed3f69b9de7c43f3a32b4e7dfdb5bfd0,17700,647478,208,128,6327,https://www.youtube.com/watch?v=J6ij2zd0WBU,190,101,334,https://www.youtube.com/watch?v=n1BDMrHK25I,1671,1210,6327,https://www.youtube.com/watch?v=J6ij2zd0WBU,0,0,0,0,
71cee502a14d4ef1b9b0264fa2db8987,17700,0,0,0,0,,0,0,0,,0,0,0,,5531,0,0,0,
090be1be8d29429183e190e22fc4be22,17600,1076699,713,412,3166,https://www.youtube.com/watch?v=lU2xPBLMdbg,176,121,3166,https://www.youtube.com/watch?v=lU2xPBLMdbg,2147,684,2421,https://www.youtube.com/watch?v=6l1a-zFaoR0,3859,367,283,531,https://www.twitch.tv/videos/2746100711
6c7a8b443aa942a89a83485c98d10559,17400,1530439,266,109,444,https://www.youtube.com/watch?v=u9cE-i5LXps,263,111,444,https://www.youtube.com/watch?v=u9cE-i5LXps,361,103,361,https://www.youtube.com/watch?v=HOeQM_kJ0AA,0,0,0,0,
936b23e5e87144108c5d3f09f194c8b8,17300,1351939,251,126,397,https://www.youtube.com/watch?v=QwdMr_FM-U8,251,126,397,https://www.youtube.com/watch?v=QwdMr_FM-U8,0,0,0,,6859,0,0,0,
139f3f1818a2420aa35d5471adaf1a73,16900,605521,268,193,1014,https://www.youtube.com/watch?v=vuwNGq62flI,268,193,1014,https://www.youtube.com/watch?v=vuwNGq62flI,0,0,0,,0,0,0,0,
49eca1ea30a8425a8967677070c95627,16900,706834,542,283,2352,https://www.youtube.com/watch?v=l6IE0UpHGVE,529,250,703,https://www.youtube.com/watch?v=7K1qlJxn1rs,1752,556,2352,https://www.youtube.com/watch?v=l6IE0UpHGVE,0,0,0,0,
2ada3b89962b479bb8dbd2a63bca5da1,16700,1223118,379,181,1503,https://www.youtube.com/watch?v=bi7140Xw9Lo,379,181,1503,https://www.youtube.com/watch?v=bi7140Xw9Lo,0,0,0,,0,0,0,0,
470d1cb40a5e460e8cdc1414c5fd1a34,16700,359385,989,170,2656,https://www.youtube.com/watch?v=3Vzbku6GnJo,989,170,2656,https://www.youtube.com/watch?v=3Vzbku6GnJo,0,0,0,,1295,0,0,0,
bf58297d50a741e5b1808ec4c445f216,16700,3881504,788,274,79517,https://www.youtube.com/watch?v=1-uqubxYB1I,313,131,509,https://www.youtube.com/watch?v=saoNeJ_TyDA,4072,1756,79517,https://www.youtube.com/watch?v=1-uqubxYB1I,0,0,0,0,
f6fe970a79964cca9dcec4741f0f679b,16600,1562836,1765,1262,33119,https://www.youtube.com/watch?v=huFK1-Vufr8,0,0,0,,1765,1262,33119,https://www.youtube.com/watch?v=huFK1-Vufr8,85275,35414,13429,90408,https://www.twitch.tv/videos/2742439835
7870ac4364ca4c97a4dfe7474251bf5b,16600,682327,792,521,38871,https://www.youtube.com/watch?v=e4TIXfBv-wA,682,449,1664,https://www.youtube.com/watch?v=KzEZR8FMGv8,12485,11349,38871,https://www.youtube.com/watch?v=e4TIXfBv-wA,0,0,0,0,
fbb142bcb07a4808b0164c41ab1877ea,16600,1494110,289,181,2251,https://www.youtube.com/watch?v=Z3-FR8lfhbc,274,171,693,https://www.youtube.com/watch?v=BAUuXxCSLmY,1819,683,2251,https://www.youtube.com/watch?v=Z3-FR8lfhbc,0,0,0,0,
8796ee6fb25b4b40a8ad9a188059951a,16500,589754,280,147,476,https://www.youtube.com/watch?v=CrzAEeoez18,280,147,476,https://www.youtube.com/watch?v=CrzAEeoez18,0,0,0,,0,0,0,0,
3b1860c399f445469efdda27cf8d9156,16300,586036,209,91,474,https://www.youtube.com/watch?v=fniruDS4idk,209,91,474,https://www.youtube.com/watch?v=fniruDS4idk,0,0,0,,1094,30,19,84,https://www.twitch.tv/videos/2747081755
c61d5dd825d5423fac8fd1bc0596d1ff,16300,420654,405,254,5611,https://www.youtube.com/watch?v=ra7rCVk5RPI,368,168,855,https://www.youtube.com/watch?v=6VMpY9eBPfA,3124,1172,5611,https://www.youtube.com/watch?v=ra7rCVk5RPI,0,0,0,0,
0b63fa89b80e4649b0297d156ed1c791,16300,1388166,1084,639,2133,https://www.youtube.com/watch?v=F-r1VyFF5j0,773,594,1459,https://www.youtube.com/watch?v=ZXUODtzEqkI,1259,827,2133,https://www.youtube.com/watch?v=F-r1VyFF5j0,0,0,0,0,
78e76a50d39f46ecbbdd81ae2133706c,16300,33352,0,0,0,,0,0,0,,0,0,0,,157,0,0,0,
1ac97b8deb08470dafc128557532dd52,16200,1169382,485,179,18646,https://www.youtube.com/watch?v=-2wumBTm-hY,322,158,525,https://www.youtube.com/watch?v=nUo5qHrSFZA,2642,1153,18646,https://www.youtube.com/watch?v=-2wumBTm-hY,414,0,0,0,
57903e09a68f4997b7c4bc356cd5e64d,16200,740455,838,491,4771,https://www.youtube.com/watch?v=3U0160zOKsU,715,419,1017,https://www.youtube.com/watch?v=ZWZYtkpQBiI,4709,1514,4771,https://www.youtube.com/watch?v=3U0160zOKsU,0,0,0,0,
c379e3f4f1eb41869ec465481b182e50,16200,675302,645,389,2761,https://www.youtube.com/watch?v=GxRL3MjKC0E,613,304,2761,https://www.youtube.com/watch?v=GxRL3MjKC0E,1555,624,2260,https://www.youtube.com/watch?v=yy7TnpuVKo0,0,0,0,0,
2885972c2d0943e6b697bdc5e72c1d4a,16000,283622,351,239,795,https://www.youtube.com/watch?v=oukLwl11jCA,351,239,795,https://www.youtube.com/watch?v=oukLwl11jCA,0,0,0,,0,0,0,0,
d3a75c3d9f204420808f38ed629becf4,15900,0,0,0,0,,0,0,0,,0,0,0,,1465,0,0,0,
ec30041838214022aeb622c0851e46db,15800,799791,776,32,10719,https://www.youtube.com/watch?v=Xb5ubUuJuWA,119,21,153,https://www.youtube.com/watch?v=UwiRGvziUeQ,5436,3304,10719,https://www.youtube.com/watch?v=Xb5ubUuJuWA,4844,456,280,623,https://www.twitch.tv/videos/2743772926
221563b6b46245379c6dc6328c9d0447,15700,1122041,123,23,123,https://www.youtube.com/watch?v=Zzml16IaGOM,0,0,0,,123,23,123,https://www.youtube.com/watch?v=Zzml16IaGOM,0,0,0,0,
5db725f32b5e4e1380ad64110b88c91d,15700,4934935,80,33,184,https://www.youtube.com/watch?v=7ju4DZg26Ks,80,33,184,https://www.youtube.com/watch?v=7ju4DZg26Ks,0,0,0,,1048,0,0,0,
b174714646ea40e28ce32affabe3e93e,15600,599142,1119,530,3406,https://www.youtube.com/watch?v=ESMLxmhF7-w,738,385,1950,https://www.youtube.com/watch?v=L0QKRVbfQBQ,3022,1258,3406,https://www.youtube.com/watch?v=ESMLxmhF7-w,648,0,0,0,
76d68171666847cc913328359037139c,15600,703356,502,155,19231,https://www.youtube.com/watch?v=IEaiJvkRRKU,387,125,888,https://www.youtube.com/watch?v=DkY59bBJxs8,1905,1545,19231,https://www.youtube.com/watch?v=IEaiJvkRRKU,1634,0,0,0,
656455380d524045b9f75d6082563f94,15600,1434001,193,103,1735,https://www.youtube.com/watch?v=W5v-EDEhMBE,184,90,245,https://www.youtube.com/watch?v=TJ8pgD9afvs,1735,1198,1735,https://www.youtube.com/watch?v=W5v-EDEhMBE,660,0,0,0,
71e1a399885b48e79c9a98e973e6b5e3,15500,5704833,2478,1105,16704,https://www.youtube.com/watch?v=PVGXtFrYbKE,0,0,0,,2478,1105,16704,https://www.youtube.com/watch?v=PVGXtFrYbKE,679,0,0,0,
77533b0fb2324e33bff67fbbf4daf13f,15400,3903963,768,371,1298,https://www.youtube.com/watch?v=pWJgNk4uJYU,1146,520,1298,https://www.youtube.com/watch?v=pWJgNk4uJYU,499,371,571,https://www.youtube.com/watch?v=d5j6ZT6jC-0,1464,13,7,13,https://www.twitch.tv/videos/2744606327
5d8a211269e449868dc84cc422ae0ec7,15300,22571,0,0,0,,0,0,0,,0,0,0,,0,0,0,0,
0f595c5e48be4f29befb358388a61f8b,15200,1222202,0,0,0,,0,0,0,,0,0,0,,387,0,0,0,
fd7a69505569429fb845ac056825f3a9,15200,1560736,160,76,753,https://www.youtube.com/watch?v=KwhyUbz9ZTM,160,76,285,https://www.youtube.com/watch?v=mDQM3Ta7tT4,419,48,753,https://www.youtube.com/watch?v=KwhyUbz9ZTM,0,0,0,0,
e93182ff3a954e0e92567136dc3659ed,15200,411255,241,122,1848,https://www.youtube.com/watch?v=WlYgP1RHkbE,214,118,383,https://www.youtube.com/watch?v=lzemCpOSPfY,1449,405,1848,https://www.youtube.com/watch?v=WlYgP1RHkbE,0,0,0,0,
88aa589d4a3648738e49243d2056d03b,15000,915587,0,0,0,,0,0,0,,0,0,0,,1834,0,0,0,
1d2404a7bd5a4baab9473392d62e7ca9,14900,492944,0,0,0,,0,0,0,,0,0,0,,8185,0,0,0,
03762df738044b09a1e216949158c8a4,14700,249217,0,0,0,,0,0,0,,0,0,0,,2421,898,506,912,https://www.twitch.tv/videos/2755071439
0ba1bc3725a9456aa0f66ec951ad47eb,14600,740150,567,369,4220,https://www.youtube.com/watch?v=gycuQ5LYmQY,342,148,785,https://www.youtube.com/watch?v=zQJIRoHscUg,2009,1156,4220,https://www.youtube.com/watch?v=gycuQ5LYmQY,6103,576,253,1163,https://www.twitch.tv/videos/2735508956
d32bd28cd67b4e64a56b24f9a76dadcd,14600,805888,0,0,0,,0,0,0,,0,0,0,,297,0,0,0,
6a30fc9ee6f24d839198497406c63cc1,14600,2015473,247,92,1647,https://www.youtube.com/watch?v=nxitlYAHHoY,89,39,128,https://www.youtube.com/watch?v=MkgsazjS6rw,278,110,1647,https://www.youtube.com/watch?v=nxitlYAHHoY,524,0,0,0,
5f8930a469f94b5cad116810f68a2614,14600,394880,1509,896,3896,https://www.youtube.com/watch?v=AUngejQemCM,2013,999,3896,https://www.youtube.com/watch?v=AUngejQemCM,1069,653,1845,https://www.youtube.com/watch?v=5ELHcBILVNw,0,0,0,0,
d5c19a6328af48ba88bf41b2dd757f14,14500,689525,1014,187,2691,https://www.youtube.com/watch?v=mApWlic5-1M,196,88,234,https://www.youtube.com/watch?v=TkRvdIMhb_s,1874,1106,2691,https://www.youtube.com/watch?v=mApWlic5-1M,0,0,0,0,
ac1ce1eeaffa4e58a8155c20d8f85ff3,14500,572381,441,243,1385,https://www.youtube.com/watch?v=AjEAB7yziA0,430,240,982,https://www.youtube.com/watch?v=A0Qd7qmynJ0,1053,614,1385,https://www.youtube.com/watch?v=AjEAB7yziA0,5235,0,0,0,
15e4450f63904e50907dc93fee446fd2,14400,888754,945,486,2436,https://www.youtube.com/watch?v=qL9qVL9TPzQ,602,364,1386,https://www.youtube.com/watch?v=rdMP0Fm-tac,1590,941,2436,https://www.youtube.com/watch?v=qL9qVL9TPzQ,0,0,0,0,
1a1942f52ea74121923497e7e0cfd6a5,14300,671720,189,99,245,https://www.youtube.com/watch?v=x2I7oKWdnTg,189,99,245,https://www.youtube.com/watch?v=x2I7oKWdnTg,0,0,0,,0,0,0,0,
bf197e3d2cd6400db5f7e397427965e5,14300,410193,111,59,176,https://www.youtube.com/watch?v=MNoSdjiH2E0,111,59,176,https://www.youtube.com/watch?v=MNoSdjiH2E0,0,0,0,,272,0,0,0,
031e5c207b634c6ab08dbc0a361ba52e,14300,413858,335,112,1858,https://www.youtube.com/watch?v=Eygr91ZGaU0,335,112,1858,https://www.youtube.com/watch?v=Eygr91ZGaU0,0,0,0,,457,0,0,0,
ec183b10574a449f91e43ab216976a60,14200,1082727,1245,702,17976,https://www.youtube.com/watch?v=WdROzPR6dhw,936,386,2834,https://www.youtube.com/watch?v=OzqRUy2zaBA,4123,1732,17976,https://www.youtube.com/watch?v=WdROzPR6dhw,1234,0,0,0,
8eec9fd38e7440f09bf1bc864e4d6e38,14100,485206,896,314,60657,https://www.youtube.com/watch?v=fclLNA58sWA,713,257,1550,https://www.youtube.com/watch?v=oA7LKIGthBI,2316,1154,60657,https://www.youtube.com/watch?v=fclLNA58sWA,2592,1235,717,6421,https://www.twitch.tv/videos/2753506790
2d57d202ef8e46a5871302b944309bc2,14100,1257896,62,38,64,https://www.youtube.com/watch?v=Y6b7wAIspiI,62,38,64,https://www.youtube.com/watch?v=Y6b7wAIspiI,0,0,0,,0,0,0,0,
b5561ece0c9b4f4a8fccdd3b36ee3260,14100,822231,468,240,8933,https://www.youtube.com/watch?v=a_9yV5Xb0F0,262,86,302,https://www.youtube.com/watch?v=Xcat4CLRFvk,3538,1142,8933,https://www.youtube.com/watch?v=a_9yV5Xb0F0,0,0,0,0,
81699719ffc04e4e92bb3207ab8a7a83,14100,553392,493,362,3137,https://www.youtube.com/watch?v=QbrXHCnhXo0,406,332,3137,https://www.youtube.com/watch?v=QbrXHCnhXo0,2724,836,2728,https://www.youtube.com/watch?v=es3ImhKMGfQ,442,0,0,0,
09600daf1956476190642d1be738e945,14000,1104693,820,450,9420,https://www.youtube.com/watch?v=2gTgFM45Y44,810,425,1353,https://www.youtube.com/watch?v=KT5jUD1NoqQ,6782,3056,9420,https://www.youtube.com/watch?v=2gTgFM45Y44,0,0,0,0,
0471d5082a2e419786e141d6424c9150,13900,1372720,1455,420,16292,https://www.youtube.com/watch?v=QuEWMVrmTPo,309,168,601,https://www.youtube.com/watch?v=qtXOU4pxAZM,2069,1173,16292,https://www.youtube.com/watch?v=QuEWMVrmTPo,7666,935,346,1485,https://www.twitch.tv/videos/2751618515
c4bc52355d334a98bdaa1e57c05673ad,13900,1096671,378,239,898,https://www.youtube.com/watch?v=D6a8DfmfBek,378,239,898,https://www.youtube.com/watch?v=D6a8DfmfBek,0,0,0,,0,0,0,0,
44af52f7f6aa487e850b3d261947205b,13800,1920967,301,192,3532,https://www.youtube.com/watch?v=FYzjx5Kx-X4,257,127,1417,https://www.youtube.com/watch?v=azVQKps6S74,2724,1144,3532,https://www.youtube.com/watch?v=FYzjx5Kx-X4,106,91,56,109,https://www.twitch.tv/videos/2749444803
abc7acc71b474ebebecfde51ad5f88e1,13800,541292,190,79,339,https://www.youtube.com/watch?v=XWS1DmJ5N5E,190,79,339,https://www.youtube.com/watch?v=XWS1DmJ5N5E,0,0,0,,1641,0,0,0,
7c5232b16a1d44498677ed33e72bd8c6,13800,518106,518,200,3666,https://www.youtube.com/watch?v=KJaxl2GUHWA,504,161,2461,https://www.youtube.com/watch?v=_gb3bzGQG4k,2459,1325,3666,https://www.youtube.com/watch?v=KJaxl2GUHWA,0,0,0,0,
ad2a1148ff4747229694f9aa2c3645d9,13700,1018800,471,191,1819,https://www.youtube.com/watch?v=4fdSHUJeSn4,201,138,585,https://www.youtube.com/watch?v=tXsHKLsEAqQ,1485,779,1819,https://www.youtube.com/watch?v=4fdSHUJeSn4,0,0,0,0,
4d8babea181e44df9855f3aafc06eb2c,13700,778570,810,227,7206,https://www.youtube.com/watch?v=bPoPWAH9R5M,293,176,1202,https://www.youtube.com/watch?v=hYiyM-eo-8Q,2114,912,7206,https://www.youtube.com/watch?v=bPoPWAH9R5M,0,0,0,0,
7ef2dc851df94f5aa7f632c736b4307e,13700,471513,243,90,262,https://www.youtube.com/watch?v=AKEVy6-x8pI,249,174,262,https://www.youtube.com/watch?v=AKEVy6-x8pI,57,30,62,https://www.youtube.com/watch?v=vsCW2-J-7i4,647,0,0,0,
08184fac3ec1408a8009f2e7078794dd,13500,314936,0,0,0,,0,0,0,,0,0,0,,0,0,0,0,
7587608de08740aeb1a8dbe40006b90d,13400,1060594,2240,812,2957,https://www.youtube.com/watch?v=7lvNAu2wlBo,0,0,0,,2240,812,2957,https://www.youtube.com/watch?v=7lvNAu2wlBo,2428,763,297,934,https://www.twitch.tv/videos/2746282110
a51be890a1f443ea87bee45c9d8acf13,13300,901751,2990,1186,4039,https://www.youtube.com/watch?v=yor-N5QBlEY,0,0,0,,2990,1186,4039,https://www.youtube.com/watch?v=yor-N5QBlEY,17925,3507,1205,7315,https://www.twitch.tv/videos/2752488899
4571c7a211b945f3b608c0066f7e73e4,13300,3255944,262,87,1523,https://www.youtube.com/watch?v=szomRkwQdkA,252,83,465,https://www.youtube.com/watch?v=FaAIBn6AJ3o,1523,166,1523,https://www.youtube.com/watch?v=szomRkwQdkA,819,0,0,0,
5d2231ea88fd474d8a11e5a759899216,13300,3375664,623,183,3872,https://www.youtube.com/watch?v=SeaPbPpLIB4,591,180,952,https://www.youtube.com/watch?v=_kpqJht11uY,2831,222,3872,https://www.youtube.com/watch?v=SeaPbPpLIB4,212,0,0,0,
0448e6929687421c9e0435832765b9fe,13300,318607,299,120,1437,https://www.youtube.com/watch?v=60idBiFWJJA,291,131,330,https://www.youtube.com/watch?v=7zMIQsbkgq8,1437,120,1437,https://www.youtube.com/watch?v=60idBiFWJJA,2660,426,306,812,https://www.twitch.tv/videos/2749312083
1a520f3d2665454f985490e42467ae27,13200,474916,345,200,1455,https://www.youtube.com/watch?v=2FmiyOhiWhg,285,185,1246,https://www.youtube.com/watch?v=85JBRZBG4cU,1156,809,1455,https://www.youtube.com/watch?v=2FmiyOhiWhg,0,0,0,0,
390346240f4748bd9d81e472411c20c2,13100,319396,1178,645,1178,https://www.youtube.com/watch?v=FuWZF77v6Eo,1178,645,1178,https://www.youtube.com/watch?v=FuWZF77v6Eo,0,0,0,,3652,308,161,308,https://www.twitch.tv/videos/2743800708
70b86c53cafa43b49e2782fe4e4bbd6c,13100,789826,483,238,690,https://www.youtube.com/watch?v=LrGR2DCJ5a0,452,224,659,https://www.youtube.com/watch?v=l2zcjy3IrfU,566,336,690,https://www.youtube.com/watch?v=LrGR2DCJ5a0,0,0,0,0,
1eec022f916a46b58f5124936afdabe3,13000,320092,319,204,2147,https://www.youtube.com/watch?v=3kK0yDU7cXw,225,110,376,https://www.youtube.com/watch?v=kR8yl3wBPUg,1305,542,2147,https://www.youtube.com/watch?v=3kK0yDU7cXw,0,0,0,0,
cad7f93653b54779932a6809a5f3a769,13000,343469,326,186,520,https://www.youtube.com/watch?v=YVtd8BtFyKg,326,186,520,https://www.youtube.com/watch?v=YVtd8BtFyKg,0,0,0,,1254,550,440,631,https://www.twitch.tv/videos/2754194827
f73be498fddd4e718f18f8203af00f33,13000,449321,223,116,420,https://www.youtube.com/watch?v=uA-yy3PDiOE,223,116,420,https://www.youtube.com/watch?v=uA-yy3PDiOE,0,0,0,,514,0,0,0,
3d46fb16bc2c48fb8f12a647cf5ec702,13000,1077011,962,372,4825,https://www.youtube.com/watch?v=x0AzrIMr_-g,826,312,4825,https://www.youtube.com/watch?v=x0AzrIMr_-g,1691,904,3111,https://www.youtube.com/watch?v=lcSQSEl9L0w,0,0,0,0,
788611c913b04d999011628637657bee,12900,1434101,1053,417,20396,https://www.youtube.com/watch?v=0DmEBET8Fj4,713,405,2273,https://www.youtube.com/watch?v=jrwce7aZ6Rk,2469,805,20396,https://www.youtube.com/watch?v=0DmEBET8Fj4,2298,428,291,1339,https://www.twitch.tv/videos/2743468751
0ab147ded84b484eac14de7a46c9cf4e,12900,657098,324,150,4984,https://www.youtube.com/watch?v=CR2CFBNdqIo,314,138,727,https://www.youtube.com/watch?v=oTOFIl7dEuo,1509,493,4984,https://www.youtube.com/watch?v=CR2CFBNdqIo,0,0,0,0,
a168211aa3dd451cb33e09b80df0ea0a,12800,370749,99,56,350,https://www.youtube.com/watch?v=PgO2hZwcKpI,97,58,350,https://www.youtube.com/watch?v=PgO2hZwcKpI,140,30,140,https://www.youtube.com/watch?v=TGVtbnbe44k,546,0,0,0,
fbced2373c5a48f6abee998296f20617,12800,184377,167,89,220,https://www.youtube.com/watch?v=k2PVnNsEhtA,167,89,220,https://www.youtube.com/watch?v=k2PVnNsEhtA,0,0,0,,0,0,0,0,
15cbed02d2f74630b04b73515909c1f4,12700,449821,170,59,190,https://www.youtube.com/watch?v=h9ZW_w7_54Q,170,59,190,https://www.youtube.com/watch?v=h9ZW_w7_54Q,0,0,0,,2460,0,0,0,
2ee2acc29fac42c5b130558543cbdf00,12700,815851,255,158,1921,https://www.youtube.com/watch?v=Ql8fAVUBQ0k,226,131,490,https://www.youtube.com/watch?v=NYBO8UW0dpg,1704,1068,1921,https://www.youtube.com/watch?v=Ql8fAVUBQ0k,850,24,16,44,https://www.twitch.tv/videos/2746274480
68820304b6164959806479d6c9dad127,12700,498888,829,421,12608,https://www.youtube.com/watch?v=U-a0-IjwPVU,812,341,2424,https://www.youtube.com/watch?v=wZlsvpEZqCE,7358,2543,12608,https://www.youtube.com/watch?v=U-a0-IjwPVU,0,0,0,0,
5ee3c46f62cf4b34accc313fb437581b,12700,161179,293,89,663,https://www.youtube.com/watch?v=AJgCfX1Y6h4,293,89,663,https://www.youtube.com/watch?v=AJgCfX1Y6h4,0,0,0,,0,0,0,0,
20aa88e16d77400b9bc4e72df1b2a588,12700,403578,613,262,2021,https://www.youtube.com/watch?v=C3Gp2pDV05c,425,202,613,https://www.youtube.com/watch?v=dxBTuibIbq4,1406,589,2021,https://www.youtube.com/watch?v=C3Gp2pDV05c,0,0,0,0,
3005ff0c09064d7f924c506e1e9c18ba,12600,500550,1660,308,1660,https://www.youtube.com/watch?v=ZHxQqjcUWx8,0,0,0,,1660,308,1660,https://www.youtube.com/watch?v=ZHxQqjcUWx8,22495,2727,1161,6344,https://www.twitch.tv/videos/2733883165
5fbcb045887b4a87878773dbf5f63e26,12600,353031,293,196,1546,https://www.youtube.com/watch?v=33B6G4EOv-Y,284,192,1017,https://www.youtube.com/watch?v=5b2Ro2w9x8Y,1546,1407,1546,https://www.youtube.com/watch?v=33B6G4EOv-Y,1328,555,392,1195,https://www.twitch.tv/videos/2744270230
633c7350aca946428e98228660ee73e2,12300,507188,434,210,3272,https://www.youtube.com/watch?v=WIGmlv6-2zI,418,215,919,https://www.youtube.com/watch?v=xnLyFa0KGVA,659,134,3272,https://www.youtube.com/watch?v=WIGmlv6-2zI,0,0,0,0,
22fd5004e4a34134b6855525e01cda73,12200,53051,0,0,0,,0,0,0,,0,0,0,,0,0,0,0,
3a8f78d98fd344cb9d32358e5c96eace,12100,588219,1517,706,14609,https://www.youtube.com/watch?v=Ab-Yg8v6eBQ,1007,488,1895,https://www.youtube.com/watch?v=jnPahQaCYiw,2315,1477,14609,https://www.youtube.com/watch?v=Ab-Yg8v6eBQ,3582,0,0,0,
126103200de947a7a3c2ac3971eef633,12100,241063,0,0,0,,0,0,0,,0,0,0,,0,0,0,0,
2a3824dd5c0a46f597b27dd183283aea,12100,5435133,305,158,17995,https://www.youtube.com/watch?v=tUp8zU55Evs,188,93,1169,https://www.youtube.com/watch?v=8Xr2mZBXp5c,8261,2911,17995,https://www.youtube.com/watch?v=tUp8zU55Evs,0,0,0,0,
36497373f4734ce49ea8cb6a703f050b,12000,3879,0,0,0,,0,0,0,,0,0,0,,1349,0,0,0,
8195d69546e3466c95f9d35ccb7c6c35,12000,1292175,601,371,1359,https://www.youtube.com/watch?v=UMePjCMSBCo,551,297,1111,https://www.youtube.com/watch?v=7iYNj_OCidg,1132,652,1359,https://www.youtube.com/watch?v=UMePjCMSBCo,0,0,0,0,
60ae2b3fd2254689bb65c216a0a09605,12000,52699,0,0,0,,0,0,0,,0,0,0,,0,0,0,0,
b1939ca67a3c43cf8a6a0a9a88137419,12000,235587,692,222,2366,https://www.youtube.com/watch?v=FlfEpK4S_zE,273,152,482,https://www.youtube.com/watch?v=L-Sohr6RT1o,1700,542,2366,https://www.youtube.com/watch?v=FlfEpK4S_zE,0,0,0,0,
316dd044dc644c4cac9e140dcba5d210,12000,913094,146,106,213,https://www.youtube.com/watch?v=NZz974MxZVg,0,0,0,,146,106,213,https://www.youtube.com/watch?v=NZz974MxZVg,1160,190,131,268,https://www.twitch.tv/videos/2754251723
b57162e62056494d85f1743abdbad648,12000,646224,687,96,687,https://www.youtube.com/watch?v=QohUUZi21b4,687,96,687,https://www.youtube.com/watch?v=QohUUZi21b4,0,0,0,,309,0,0,0,
6e51f06f6a02439d82b213b623cda4e8,12000,456822,200,121,2123,https://www.youtube.com/watch?v=O22YfkpW3Og,193,114,1986,https://www.youtube.com/watch?v=u3Hk5NqbZ_U,2123,837,2123,https://www.youtube.com/watch?v=O22YfkpW3Og,0,0,0,0,
d2c76258b7ff45ee88e3585c4c9ed0c1,12000,386829,0,0,0,,0,0,0,,0,0,0,,3805,0,0,0,
92335c98e0b244eda7a8660694d90f70,12000,0,0,0,0,,0,0,0,,0,0,0,,0,0,0,0,
7cbd1f537c3d4e67b38b9f9e31cb93d6,12000,282960,405,234,613,https://www.youtube.com/watch?v=YJrY4zboafI,405,234,613,https://www.youtube.com/watch?v=YJrY4zboafI,0,0,0,,3207,786,286,25222,https://www.twitch.tv/videos/2746214596
93a4d479e67242d58d3ff80307d3bc84,11900,386842,471,197,1347,https://www.youtube.com/watch?v=U9WONOWHJnU,264,112,474,https://www.youtube.com/watch?v=7a35Wt-qI-8,979,524,1347,https://www.youtube.com/watch?v=U9WONOWHJnU,187,109,89,124,https://www.twitch.tv/videos/2748631511
6559d42f66684b8f80b4cd4589addd85,11900,747670,237,101,700,https://www.youtube.com/watch?v=tHyz4y9rFs8,238,102,700,https://www.youtube.com/watch?v=tHyz4y9rFs8,163,47,163,https://www.youtube.com/watch?v=e-2mD4Iq_6M,3671,127,82,208,https://www.twitch.tv/videos/2746345633
774342c826924ecfb8b13a2bc27e3b81,11900,2578966,137,64,1705,https://www.youtube.com/watch?v=D-PUYA8ruiM,101,26,215,https://www.youtube.com/watch?v=bw2KyzaEj_w,1705,770,1705,https://www.youtube.com/watch?v=D-PUYA8ruiM,0,0,0,0,
976e0cf401784d3f874dc85b2b2c5839,11900,1145876,408,242,1736,https://www.youtube.com/watch?v=7Gf97yHdo9I,406,242,712,https://www.youtube.com/watch?v=LrW0XsxSAuE,1562,671,1736,https://www.youtube.com/watch?v=7Gf97yHdo9I,3004,598,473,598,https://www.twitch.tv/videos/2750266610
703ae2c7ccc9431382a5b0f2c35e6ec1,11800,744337,443,137,484,https://www.youtube.com/watch?v=fTOl2AO4nHw,443,137,484,https://www.youtube.com/watch?v=fTOl2AO4nHw,0,0,0,,0,0,0,0,
4558095012964943921cd8a376a192fd,11700,440266,0,0,0,,0,0,0,,0,0,0,,6344,649,329,1071,https://www.twitch.tv/videos/2734722943
8faff7aecb9d4e12917ea0144696e2de,11700,492044,265,108,748,https://www.youtube.com/watch?v=G0q1TVvS0pk,265,108,748,https://www.youtube.com/watch?v=G0q1TVvS0pk,0,0,0,,855,289,225,1151,https://www.twitch.tv/videos/2745962968
341ca5efce084743977d3b74315a30ab,11700,590560,720,328,3141,https://www.youtube.com/watch?v=bXexM30EVAE,717,279,1401,https://www.youtube.com/watch?v=E5bGFD9LRBs,2764,1844,3141,https://www.youtube.com/watch?v=bXexM30EVAE,1472,529,308,682,https://www.twitch.tv/videos/2753489018
5f0afd7885894861925e7030c096297e,11600,551002,349,264,1350,https://www.youtube.com/watch?v=EAb2Ea-UmCk,349,264,1350,https://www.youtube.com/watch?v=EAb2Ea-UmCk,0,0,0,,0,0,0,0,
82e63a8d4ae14beab89e13b43b35fce3,11600,328209,157,128,506,https://www.youtube.com/watch?v=YBWE4zCd3FM,157,128,506,https://www.youtube.com/watch?v=YBWE4zCd3FM,0,0,0,,0,0,0,0,
1d14efa0dfb34515831c46b7dfddf819,11600,781271,0,0,0,,0,0,0,,0,0,0,,0,0,0,0,
78c188fcd01a4ba382fb153ec86a7367,11500,1153755,634,302,2138,https://www.youtube.com/watch?v=7j85ughQZqg,626,289,2111,https://www.youtube.com/watch?v=IhmpiUY82Tc,2033,1080,2138,https://www.youtube.com/watch?v=7j85ughQZqg,0,0,0,0,
675071ddbd4844119d341bbfd6a0ee2a,11500,342668,418,209,5291,https://www.youtube.com/watch?v=k81YdsUtldM,386,198,1874,https://www.youtube.com/watch?v=YK7AOGcR_18,5255,2921,5291,https://www.youtube.com/watch?v=k81YdsUtldM,0,0,0,0,
8e96dc48c7714f258034d97d8b9a7f51,11400,0,0,0,0,,0,0,0,,0,0,0,,0,0,0,0,
512e1f38a37942cc8b7cb8aed597a810,11400,508794,280,141,1734,https://www.youtube.com/watch?v=BhAi51ZgYuU,262,123,488,https://www.youtube.com/watch?v=ehCkafP2Hgc,1675,912,1734,https://www.youtube.com/watch?v=BhAi51ZgYuU,0,0,0,0,
9012b1827e8141bd9d56d1a04b2f7ad1,11400,718572,584,229,2256,https://www.youtube.com/watch?v=oNmLLBm4imo,565,199,1081,https://www.youtube.com/watch?v=cSoSm46DxN0,1692,1138,2256,https://www.youtube.com/watch?v=oNmLLBm4imo,0,0,0,0,
72cc5bf1729245618e1f10da0b796d53,11300,464104,179,135,411,https://www.youtube.com/watch?v=V_pYd4Vveuw,176,134,292,https://www.youtube.com/watch?v=7IVdMZTgzBs,411,339,411,https://www.youtube.com/watch?v=V_pYd4Vveuw,1516,0,0,0,
ab5709b7d3074c6db2a57995d5b1c328,11300,1118298,369,121,1121,https://www.youtube.com/watch?v=33-kT50QFgo,371,128,1121,https://www.youtube.com/watch?v=33-kT50QFgo,287,70,287,https://www.youtube.com/watch?v=89GQyExwbRo,0,0,0,0,
fa3bc2669fe041dfaa0765278ffd6330,11300,412299,0,0,0,,0,0,0,,0,0,0,,2774,0,0,0,
a2e67b720e754c16bd739bcf9a95e396,11300,814308,1387,411,6086,https://www.youtube.com/watch?v=hF65EKn9edY,367,196,518,https://www.youtube.com/watch?v=1EIYY_YpjoY,3575,1414,6086,https://www.youtube.com/watch?v=hF65EKn9edY,0,0,0,0,
696e947cd8624e609553d6786d21f11c,11300,409031,381,147,603,https://www.youtube.com/watch?v=JDiqwGHPdI8,378,144,549,https://www.youtube.com/watch?v=nkU42FRdO1E,603,151,603,https://www.youtube.com/watch?v=JDiqwGHPdI8,0,0,0,0,
5fc94cdcf7594a3ba5ce001ba405d3be,11300,726577,555,305,964,https://www.youtube.com/watch?v=o5xBNYIZpqI,555,305,964,https://www.youtube.com/watch?v=o5xBNYIZpqI,0,0,0,,1772,0,0,0,
51cd04cab0de47d4b2b5a156bbe2dfb0,11200,424040,248,96,387,https://www.youtube.com/watch?v=IoWAEKvo0As,248,96,387,https://www.youtube.com/watch?v=IoWAEKvo0As,0,0,0,,0,0,0,0,
9d153fd60b584d31b600bca66a86e452,11200,219566,0,0,0,,0,0,0,,0,0,0,,0,0,0,0,
a5f7302f9f1a4fcdb2471c4bc52a05fb,11200,822392,882,271,12140,https://www.youtube.com/watch?v=HjHNKlYMkpo,787,254,4051,https://www.youtube.com/watch?v=EzKmLGTXe84,3863,2001,12140,https://www.youtube.com/watch?v=HjHNKlYMkpo,0,0,0,0,
1525e7221c00410886c8df3cdaab176e,11200,0,0,0,0,,0,0,0,,0,0,0,,0,0,0,0,
43864254e678407fae3dc899f7155912,11100,493271,208,153,621,https://www.youtube.com/watch?v=Xq4Fgd2cqXM,175,102,208,https://www.youtube.com/watch?v=2E1KuLo4u-s,328,213,621,https://www.youtube.com/watch?v=Xq4Fgd2cqXM,0,0,0,0,
914f6caed3ff4348824d966f76662bc2,11100,1023799,795,286,1303,https://www.youtube.com/watch?v=Y3ttxu7UHuU,804,353,1007,https://www.youtube.com/watch?v=xYOLsimwHlw,568,181,1303,https://www.youtube.com/watch?v=Y3ttxu7UHuU,0,0,0,0,
99e291fd358849b8877df76fba0a672e,11100,689636,0,0,0,,0,0,0,,0,0,0,,0,0,0,0,
b165ca888a7d4f61b754ac53ca374f11,11000,710235,0,0,0,,0,0,0,,0,0,0,,0,0,0,0,
836f66b079c4466db64a8b3bc9295450,11000,346949,1194,592,1872,https://www.youtube.com/watch?v=99iYxP0DjVM,0,0,0,,1194,592,1872,https://www.youtube.com/watch?v=99iYxP0DjVM,0,0,0,0,
17933ba43ccf4e3c85961523b77bd901,11000,305750,1358,628,2979,https://www.youtube.com/watch?v=t5wPMkwTMfU,1358,628,2979,https://www.youtube.com/watch?v=t5wPMkwTMfU,0,0,0,,1083,616,461,852,https://www.twitch.tv/videos/2750965703
a1608f0690584f07bf7aaf84ed9e4d8f,11000,257820,891,701,20773,https://www.youtube.com/watch?v=qEsRD4vAYos,865,581,1098,https://www.youtube.com/watch?v=2aH3BOLDksA,20773,7371,20773,https://www.youtube.com/watch?v=qEsRD4vAYos,0,0,0,0,
824bd7df6923453292dec9ff3e3f664a,11000,488943,192,67,3069,https://www.youtube.com/watch?v=JyrnJmsGFgE,96,56,244,https://www.youtube.com/watch?v=yHY2JLHZzAU,1490,776,3069,https://www.youtube.com/watch?v=JyrnJmsGFgE,631,0,0,0,
84944da407dc4de9896c7b763132908c,11000,657951,167,107,1294,https://www.youtube.com/watch?v=Vk2HKodiRhE,166,95,498,https://www.youtube.com/watch?v=qXE6WLhWk4E,872,304,1294,https://www.youtube.com/watch?v=Vk2HKodiRhE,0,0,0,0,
e11a32eec71e4b49aba5525ba012a02a,10900,469753,235,118,394,https://www.youtube.com/watch?v=gfj3kHla_Y4,235,118,394,https://www.youtube.com/watch?v=gfj3kHla_Y4,0,0,0,,237,0,0,0,
ed28c754bb704dbf8a296f7008c2b5e4,10900,113983,50,18,70,https://www.youtube.com/watch?v=yXN8PrbvUXA,70,27,70,https://www.youtube.com/watch?v=yXN8PrbvUXA,31,10,31,https://www.youtube.com/watch?v=qWPocfDo_0Q,1001,0,0,0,
8c3af9f56a3f4f1d84fcfcfa9f280c8d,10900,19039,0,0,0,,0,0,0,,0,0,0,,0,0,0,0,
0c09a69445864b44adbba11b487f9b1a,10800,619315,5060,1865,5267,https://www.youtube.com/watch?v=bBWXMm2RlGc,0,0,0,,5060,1865,5267,https://www.youtube.com/watch?v=bBWXMm2RlGc,814,0,0,0,
c518b228a5a849179ab26f28d230036e,10800,134005,0,0,0,,0,0,0,,0,0,0,,0,0,0,0,
209a528363cd411886ec9e5d086ff1bc,10800,1261306,994,548,3907,https://www.youtube.com/watch?v=khJ51f8XkIU,994,548,3907,https://www.youtube.com/watch?v=khJ51f8XkIU,0,0,0,,768,0,0,0,
e0c7d57886cc4835a4ff3617bd5e922c,10800,48922,0,0,0,,0,0,0,,0,0,0,,1546,0,0,0,
75d0bd5fa58a4a5fb479e3b2ebae82a7,10800,433817,187,83,259,https://www.youtube.com/watch?v=ZUhKp6OgnRQ,187,83,259,https://www.youtube.com/watch?v=ZUhKp6OgnRQ,0,0,0,,0,0,0,0,
c163cb7f683c453fa8a994ebbb09ede8,10700,439055,1052,448,2338,https://www.youtube.com/watch?v=SjTfcmHZcg0,136,23,136,https://www.youtube.com/watch?v=vSh1TBh-lY0,1387,733,2338,https://www.youtube.com/watch?v=SjTfcmHZcg0,3249,0,0,0,
36890ed250164897a7ab1066b83ad547,10700,12117,0,0,0,,0,0,0,,0,0,0,,381,0,0,0,
63a55bc5320e4f148ed0abd7991b0e01,10600,931779,1961,1369,4601,https://www.youtube.com/watch?v=56P6Ehm1wG4,0,0,0,,1961,1369,4601,https://www.youtube.com/watch?v=56P6Ehm1wG4,7635,712,386,2410,https://www.twitch.tv/videos/2749984821
00d3ddb7b65247eaa16473cfd1376723,10500,863822,1807,582,12170,https://www.youtube.com/watch?v=zL9DvdKyQv0,737,349,2106,https://www.youtube.com/watch?v=K2v7cZ3AIB4,2109,744,12170,https://www.youtube.com/watch?v=zL9DvdKyQv0,891,0,0,0,
96fc771ccb55485bb770997ec43e1ce1,10500,240223,0,0,0,,0,0,0,,0,0,0,,0,0,0,0,
e04cb802f3c949bc8300c4125078f738,10500,372018,387,184,1272,https://www.youtube.com/watch?v=X8Cog1Elnjc,316,164,611,https://www.youtube.com/watch?v=_YDnne9mNBY,911,534,1272,https://www.youtube.com/watch?v=X8Cog1Elnjc,0,0,0,0,
27c0252056e84aa28da6dcebb8e86e85,10500,702423,275,116,490,https://www.youtube.com/watch?v=nCj0meqJ990,275,116,490,https://www.youtube.com/watch?v=nCj0meqJ990,0,0,0,,7790,0,0,0,
7b2c8df9fd9d4f33bd5ec0c38f12826f,10500,0,0,0,0,,0,0,0,,0,0,0,,5541,0,0,0,
93785f5e8b614be98bf8e096f5b1f997,10500,408237,113,66,2981,https://www.youtube.com/watch?v=LQ6Y3CMYZHk,90,54,122,https://www.youtube.com/watch?v=t06x2EuUw0Y,2568,1621,2981,https://www.youtube.com/watch?v=LQ6Y3CMYZHk,0,0,0,0,
4b53aa789e544bd9aaecc9fbc79e4bbe,10500,832996,325,173,522,https://www.youtube.com/watch?v=7nqoeG93d7o,325,173,522,https://www.youtube.com/watch?v=7nqoeG93d7o,0,0,0,,0,0,0,0,
b4bf821f6a6a440996f4fd9cddaf250b,10400,467570,284,129,957,https://www.youtube.com/watch?v=7QvzWJjXwZQ,160,66,204,https://www.youtube.com/watch?v=UdWJR1YU0x4,504,348,957,https://www.youtube.com/watch?v=7QvzWJjXwZQ,145,0,0,0,
95e5788cabf340e397e2726def426229,10400,487477,338,140,549,https://www.youtube.com/watch?v=GRZ8K_9wSyU,338,141,549,https://www.youtube.com/watch?v=GRZ8K_9wSyU,401,117,527,https://www.youtube.com/watch?v=XDO5RQo3X5M,0,0,0,0,
8dd4a8b4598e483e9112b2b1a9466013,10400,2812516,108,61,983,https://www.youtube.com/watch?v=NHxTL7tkeTo,107,60,139,https://www.youtube.com/watch?v=_Ryv1Fe2VAU,600,85,983,https://www.youtube.com/watch?v=NHxTL7tkeTo,265,0,0,0,
0715c3b900ad423fa1b981cf4fc15c8f,10400,399324,118,77,226,https://www.youtube.com/watch?v=A2VhGCjv2B4,118,77,226,https://www.youtube.com/watch?v=A2VhGCjv2B4,0,0,0,,0,0,0,0,
645fc774332a469ebd03f1a822ebe2be,10400,916361,627,321,1265,https://www.youtube.com/watch?v=OjJDvGGq-94,627,321,1265,https://www.youtube.com/watch?v=OjJDvGGq-94,0,0,0,,0,0,0,0,
d9e5219a4cd84ac59bc35faa94729f01,10400,641559,141,92,2123,https://www.youtube.com/watch?v=E4T4S8Y3bBo,133,63,303,https://www.youtube.com/watch?v=sem6c7GOz54,751,304,2123,https://www.youtube.com/watch?v=E4T4S8Y3bBo,8902,294,177,999,https://www.twitch.tv/videos/2752699001
a31f3ab4cad841018b196b4de8186823,10300,646046,512,262,1566,https://www.youtube.com/watch?v=BrUyTbge-Vk,401,208,576,https://www.youtube.com/watch?v=nIkPGQMvhOI,999,497,1566,https://www.youtube.com/watch?v=BrUyTbge-Vk,0,0,0,0,
e949052e4ee24ecd8b352a68f6bf51e1,10300,347568,542,199,2855,https://www.youtube.com/watch?v=-UzrspKzGlA,457,160,789,https://www.youtube.com/watch?v=08QNTThr0AE,2033,859,2855,https://www.youtube.com/watch?v=-UzrspKzGlA,1865,563,462,748,https://www.twitch.tv/videos/2746180643
b7f222493f4d4bd1be65f1c08300b45e,10300,449094,153,89,271,https://www.youtube.com/watch?v=aFfjXrfxVNw,153,89,271,https://www.youtube.com/watch?v=aFfjXrfxVNw,0,0,0,,0,0,0,0,
c8c87552da404928bcb9fcbafd896591,10300,46303,0,0,0,,0,0,0,,0,0,0,,338,0,0,0,
3e269031fb4b45aaa0906ca424190ce2,10200,499287,3519,1435,4465,https://www.youtube.com/watch?v=wmSqRgZu7hg,0,0,0,,3519,1435,4465,https://www.youtube.com/watch?v=wmSqRgZu7hg,11062,2187,478,3300,https://www.twitch.tv/videos/2748441374
fefbcad20d8344c79c74a103d0ea45b2,10200,316455,1288,56,1288,https://www.youtube.com/watch?v=UwuUr95xZIk,0,0,0,,1288,56,1288,https://www.youtube.com/watch?v=UwuUr95xZIk,0,0,0,0,
8ee549546bb14154b5e1fcaf3dd51f09,10200,0,0,0,0,,0,0,0,,0,0,0,,921,0,0,0,
175cfc69dbb34f1a8987f24a935db17f,10200,527380,415,259,7700,https://www.youtube.com/watch?v=aCqvnTkCmRc,394,220,920,https://www.youtube.com/watch?v=cJcH5-nxQ9Q,3374,1831,7700,https://www.youtube.com/watch?v=aCqvnTkCmRc,0,0,0,0,
6eec62ae2c9849de8ca895cef44ec952,10200,548576,278,73,1958,https://www.youtube.com/watch?v=OdJqPb3oD2s,197,44,542,https://www.youtube.com/watch?v=RmcBb8N3Rv8,1193,788,1958,https://www.youtube.com/watch?v=OdJqPb3oD2s,1101,0,0,0,
6885bffce2184355bed557901e079522,10200,433459,767,321,10009,https://www.youtube.com/watch?v=mQXUI9InvMQ,726,286,1031,https://www.youtube.com/watch?v=mNw1RXG9v0I,1900,997,10009,https://www.youtube.com/watch?v=mQXUI9InvMQ,518,0,0,0,
e0cd8e719dc64b5f9c171736bbaff6f7,10200,1295916,1094,407,1990,https://www.youtube.com/watch?v=POKTLcWFoyI,1203,407,1990,https://www.youtube.com/watch?v=POKTLcWFoyI,887,419,1094,https://www.youtube.com/watch?v=t6CZnaMUOJg,0,0,0,0,
340d9b553db042bdb8294ba2f9fd6990,10100,9818,0,0,0,,0,0,0,,0,0,0,,0,0,0,0,
42844ee6e0cc47938829b43a3101b9bb,10100,133828,0,0,0,,0,0,0,,0,0,0,,5087,0,0,0,
1d5ee3e2653b4ae5b1050533f8d1ae31,10100,4756,0,0,0,,0,0,0,,0,0,0,,0,0,0,0,
59c0d89447d54786966ba8ecd5649d63,10100,232696,1266,152,1266,https://www.youtube.com/watch?v=rjggnTKQJG4,1266,152,1266,https://www.youtube.com/watch?v=rjggnTKQJG4,0,0,0,,1754,0,0,0,
a11814b8fb494b0c88170f182aa37cf9,10000,84311,0,0,0,,0,0,0,,0,0,0,,0,0,0,0,
4bfaeda5b1f242959a992d6ad8b8a036,10000,309880,274,98,758,https://www.youtube.com/watch?v=gGAxcSkIh5U,219,68,379,https://www.youtube.com/watch?v=Qmb10xBBUOI,537,154,758,https://www.youtube.com/watch?v=gGAxcSkIh5U,469,0,0,0,
310862830fb648b78cca7e581e2622a7,9990,552922,1156,164,1214,https://www.youtube.com/watch?v=ufKDOSjbjnw,0,0,0,,1156,164,1214,https://www.youtube.com/watch?v=ufKDOSjbjnw,21096,2461,1207,4812,https://www.twitch.tv/videos/2739670644
cd542f88cc8b47d087301d567b7cebca,9930,368652,474,107,9068,https://www.youtube.com/watch?v=NJYVxNLicX0,474,107,1042,https://www.youtube.com/watch?v=GIGSyrkFk_g,1147,488,9068,https://www.youtube.com/watch?v=NJYVxNLicX0,1799,530,435,1219,https://www.twitch.tv/videos/2748504690
f2dc08b1c55843d9a3d1e0461ebf57c1,9890,456180,1851,908,21087,https://www.youtube.com/watch?v=vkOm4zCyjFw,434,178,434,https://www.youtube.com/watch?v=KCBbDMtub0U,11469,8091,21087,https://www.youtube.com/watch?v=vkOm4zCyjFw,0,0,0,0,
1434ae451f81469da327f32c387b9df0,9840,276671,92,53,95,https://www.youtube.com/watch?v=uhTQziUhSN8,92,53,95,https://www.youtube.com/watch?v=uhTQziUhSN8,0,0,0,,0,0,0,0,
f42c6f5877f14a38aef3f3b515769149,9750,1778705,549,149,39529,https://www.youtube.com/watch?v=-Mf6JCQG6YE,189,120,549,https://www.youtube.com/watch?v=ctiSOEwU9bQ,1853,1191,39529,https://www.youtube.com/watch?v=-Mf6JCQG6YE,0,0,0,0,
9b33b75521bd43bca3346790ac65559c,9730,3223742,1490,450,3090,https://www.youtube.com/watch?v=ZRH9vIN1Um4,166,87,371,https://www.youtube.com/watch?v=zUwbCuVwNx4,1740,856,3090,https://www.youtube.com/watch?v=ZRH9vIN1Um4,8849,468,211,901,https://www.twitch.tv/videos/2751840948
a39733d216994010b34bf5033be01589,9550,936792,574,329,16786,https://www.youtube.com/watch?v=ivtqaAyd8zU,464,244,877,https://www.youtube.com/watch?v=IW3HlxbJHvE,2656,651,16786,https://www.youtube.com/watch?v=ivtqaAyd8zU,277,0,0,0,
80d6517a96e74265a4d24f86b9c295c5,9470,446625,347,150,4309,https://www.youtube.com/watch?v=LDtX7AVN68k,281,120,490,https://www.youtube.com/watch?v=hkTiW-oJpAY,1585,1042,4309,https://www.youtube.com/watch?v=LDtX7AVN68k,0,0,0,0,
3cf4da41775b4e608f4dde5859cdda74,9450,1666050,818,68,4671,https://www.youtube.com/watch?v=XXCuLJt3N7c,108,55,113,https://www.youtube.com/watch?v=Uq32XwVDRMg,1618,1031,4671,https://www.youtube.com/watch?v=XXCuLJt3N7c,0,0,0,0,
335ebb05456849c2964629dc7157860e,9400,238839,294,191,2375,https://www.youtube.com/watch?v=sh8nm3n-i28,215,142,586,https://www.youtube.com/watch?v=e5krbJfNLrc,2104,929,2375,https://www.youtube.com/watch?v=sh8nm3n-i28,361,108,63,108,https://www.twitch.tv/videos/2745364368
13c69e2cf2ff4dc1907bbae9a87a8c0f,9380,459766,0,0,0,,0,0,0,,0,0,0,,4150,2770,2171,11079,https://www.twitch.tv/videos/2746948561
e02e777312df43b986f089339652402e,9360,0,0,0,0,,0,0,0,,0,0,0,,0,0,0,0,
f53807443055490f87b85ded6caee0aa,9350,491115,223,136,1640,https://www.youtube.com/watch?v=b2k07zzAQD8,207,101,498,https://www.youtube.com/watch?v=aTZqvPBbae0,414,232,1640,https://www.youtube.com/watch?v=b2k07zzAQD8,449,0,0,0,
ecd7e504a0b64480a4127a25678e4b4a,9310,118705,0,0,0,,0,0,0,,0,0,0,,0,0,0,0,
191998e9f0ec4d67a19da194af311636,9310,130694,108,74,12305,https://www.youtube.com/watch?v=WA1_D_qvtrM,100,63,567,https://www.youtube.com/watch?v=dSfWeqgrizo,1665,806,12305,https://www.youtube.com/watch?v=WA1_D_qvtrM,0,0,0,0,
c4470a1419984fb8aec0851f225b177a,9300,687171,233,42,258,https://www.youtube.com/watch?v=3Eom_JUnO4Q,233,42,258,https://www.youtube.com/watch?v=3Eom_JUnO4Q,0,0,0,,0,0,0,0,
ab19e58312b74ebd9b68e27aeb0adde5,9280,548129,301,136,522,https://www.youtube.com/watch?v=59ccuXPciLo,301,136,522,https://www.youtube.com/watch?v=59ccuXPciLo,0,0,0,,0,0,0,0,
83cb016f535f4275bba29ad276b2084f,9270,578262,506,293,2521,https://www.youtube.com/watch?v=dFZqgzIRcnQ,401,288,840,https://www.youtube.com/watch?v=ovZ5jGWIGlI,961,493,2521,https://www.youtube.com/watch?v=dFZqgzIRcnQ,0,0,0,0,
5e0db06126544cfd944fc86a327be67a,9260,0,0,0,0,,0,0,0,,0,0,0,,0,0,0,0,
350516d81d0944fd8dde463cbd4fd279,9250,1038854,4508,1729,4677,https://www.youtube.com/watch?v=StFyyXjxUcI,0,0,0,,4508,1729,4677,https://www.youtube.com/watch?v=StFyyXjxUcI,0,0,0,0,
247215e876d24dae9932464b75fc577c,9240,759163,181,78,2753,https://www.youtube.com/watch?v=LmZ6XIXaRBI,118,58,233,https://www.youtube.com/watch?v=D2LGwLKVD9E,1323,989,2753,https://www.youtube.com/watch?v=LmZ6XIXaRBI,0,0,0,0,
423dd7da92be47f4af7273c5f74efb27,9110,395697,0,0,0,,0,0,0,,0,0,0,,37105,1856,1146,3122,https://www.twitch.tv/videos/2751693425
319383cd0cd4438990dbb916862cdbfc,9030,523764,478,225,49061,https://www.youtube.com/watch?v=tFMQBoxyYBQ,341,213,1002,https://www.youtube.com/watch?v=tNOI15fDeuc,14837,2284,49061,https://www.youtube.com/watch?v=tFMQBoxyYBQ,0,0,0,0,
74c26216c39a40d1a9f1c5f63fa4d344,9020,393495,167,103,2655,https://www.youtube.com/watch?v=wjdKvTGg9Lk,162,87,262,https://www.youtube.com/watch?v=NmBQHjP-H0U,1771,867,2655,https://www.youtube.com/watch?v=wjdKvTGg9Lk,0,0,0,0,
e3e93491f32d459ba2b79033cf75c619,9010,318173,413,282,1968,https://www.youtube.com/watch?v=Fz4_rt4ZTvU,412,245,942,https://www.youtube.com/watch?v=o3NXU8td5IY,1595,682,1968,https://www.youtube.com/watch?v=Fz4_rt4ZTvU,1138,0,0,0,
d407b30c72a841bd82af1f5cc8ec0667,8970,415852,749,322,11952,https://www.youtube.com/watch?v=84wm8LYdLLE,328,60,429,https://www.youtube.com/watch?v=LXhGBh39hIk,6510,1505,11952,https://www.youtube.com/watch?v=84wm8LYdLLE,5542,0,0,0,
538d1d2058da4bdea1c7f43f088e995b,8940,281902,361,223,1511,https://www.youtube.com/watch?v=QTyU8Vul4Mg,344,218,792,https://www.youtube.com/watch?v=VK_qvlbOkUM,1223,228,1511,https://www.youtube.com/watch?v=QTyU8Vul4Mg,3227,0,0,0,
c4ffb821927d406682f3f17edfdf3bcd,8880,348793,0,0,0,,0,0,0,,0,0,0,,0,0,0,0,
ac2b3c839ed14b12af1acecf322a15bd,8850,450792,236,147,1966,https://www.youtube.com/watch?v=aMrWcTw8uZU,194,78,289,https://www.youtube.com/watch?v=JS5HZMGxwJU,1225,780,1966,https://www.youtube.com/watch?v=aMrWcTw8uZU,0,0,0,0,
80dda735a7784d7fb999892874a05f0c,8850,447211,388,150,3178,https://www.youtube.com/watch?v=ZHPqVO4wK4o,276,146,429,https://www.youtube.com/watch?v=PZ6InXoMCWI,1402,378,3178,https://www.youtube.com/watch?v=ZHPqVO4wK4o,4277,0,0,0,
65ada733fbe64a3a86aae7737e32fad0,8830,437074,347,192,557,https://www.youtube.com/watch?v=eUJopEgHOV8,343,189,557,https://www.youtube.com/watch?v=eUJopEgHOV8,546,192,546,https://www.youtube.com/watch?v=mAWD_NThlPw,0,0,0,0,
7fdfd0346667458a8657626f03434b59,8810,256883,156,49,1985,https://www.youtube.com/watch?v=UbMOM0awpTw,148,36,227,https://www.youtube.com/watch?v=6GHXdoVczaU,1167,852,1985,https://www.youtube.com/watch?v=UbMOM0awpTw,419,0,0,0,
123c79d3170e451eae2f0cc3543621f3,8790,268261,324,132,375,https://www.youtube.com/watch?v=7sN62iK8ziU,324,132,375,https://www.youtube.com/watch?v=7sN62iK8ziU,0,0,0,,0,0,0,0,
65ab938b60074946af1ea65a002c70df,8780,2661229,1148,198,4113,https://www.youtube.com/watch?v=X885XHFv0G0,206,87,325,https://www.youtube.com/watch?v=qEdK8skNmJw,1741,918,4113,https://www.youtube.com/watch?v=X885XHFv0G0,580,0,0,0,
f7d0e4ed95e84262b329740d5d27afc9,8770,56926,0,0,0,,0,0,0,,0,0,0,,0,0,0,0,
7c0acdc8fe2449deb487cbb827b51723,8770,477225,504,240,2140,https://www.youtube.com/watch?v=Q5GAR7Pl3Ms,392,107,714,https://www.youtube.com/watch?v=CsWkNDKdgeQ,1344,386,2140,https://www.youtube.com/watch?v=Q5GAR7Pl3Ms,149,0,0,0,
65d554df176e4b849379d015fb333abf,8760,0,0,0,0,,0,0,0,,0,0,0,,0,0,0,0,
fa67b0859f2e45589e754f7e528967d6,8730,340526,1790,1256,3028,https://www.youtube.com/watch?v=KzFyZLWcxBE,0,0,0,,1790,1256,3028,https://www.youtube.com/watch?v=KzFyZLWcxBE,9889,847,498,1335,https://www.twitch.tv/videos/2743726130
823311ac8226476e8d1e323f536bf8b1,8680,168827,446,405,446,https://www.youtube.com/watch?v=1v4ki9EkzTU,446,405,446,https://www.youtube.com/watch?v=1v4ki9EkzTU,0,0,0,,1041,0,0,0,
08a612f1ecf84b619a8899a5caed28c1,8680,852867,672,278,4179,https://www.youtube.com/watch?v=d6h2c_nPK2c,344,186,403,https://www.youtube.com/watch?v=A2AD3ib6wE4,2483,644,4179,https://www.youtube.com/watch?v=d6h2c_nPK2c,21382,5080,1635,5824,https://www.twitch.tv/videos/2737852709
558d8602fdeb4f3cb4ce484babb30577,8630,554432,155,89,1960,https://www.youtube.com/watch?v=RN6j4i6ST9w,147,80,199,https://www.youtube.com/watch?v=KOJb1FZ7pAc,1259,862,1960,https://www.youtube.com/watch?v=RN6j4i6ST9w,0,0,0,0,
d2b0c8386e1341668f6bbc789d1ef1e3,8620,957063,270,93,664,https://www.youtube.com/watch?v=uTp1RZBtASE,270,93,664,https://www.youtube.com/watch?v=uTp1RZBtASE,0,0,0,,0,0,0,0,
446d4bc526a4477eb6a72ae186e9d538,8610,123203,173,92,221,https://www.youtube.com/watch?v=iDmANQWjOlE,173,92,221,https://www.youtube.com/watch?v=iDmANQWjOlE,0,0,0,,0,0,0,0,
d90f173970a742d3ade6f4159c785d1e,8610,386132,622,417,4520,https://www.youtube.com/watch?v=G1Gyk1Xeg08,598,419,4520,https://www.youtube.com/watch?v=G1Gyk1Xeg08,2659,411,2659,https://www.youtube.com/watch?v=XdoBIXOtZbg,1424,1678,1155,1678,https://www.twitch.tv/videos/2747823325
ad4d805afc1549348584aacb24035f89,8590,0,0,0,0,,0,0,0,,0,0,0,,0,0,0,0,
eafe564c8d9945c8af2ed66ff4cd773a,8550,586272,1453,942,29493,https://www.youtube.com/watch?v=z-TszdWl7RE,335,296,470,https://www.youtube.com/watch?v=Lw27OBaLF6Y,2266,1024,29493,https://www.youtube.com/watch?v=z-TszdWl7RE,0,0,0,0,
1569b00373564846b894f47403376c6b,8510,236882,0,0,0,,0,0,0,,0,0,0,,0,0,0,0,
a052e4ff345b41919ab0f13a5b10ff02,8450,407988,433,262,738,https://www.youtube.com/watch?v=yl-nGGExLPI,410,221,489,https://www.youtube.com/watch?v=jBsxCmt7OpE,699,576,738,https://www.youtube.com/watch?v=yl-nGGExLPI,2062,0,0,0,
bdc034d3afcd4456b6da2b96a2e460ef,8450,830955,275,131,275,https://www.youtube.com/watch?v=EExRcFL-LPQ,0,0,0,,275,131,275,https://www.youtube.com/watch?v=EExRcFL-LPQ,1594,63,42,69,https://www.twitch.tv/videos/2747102160
ce908f10dcde4e2480c8f97aafd45883,8420,1469322,387,157,2435,https://www.youtube.com/watch?v=1PR7JzGeG_4,268,127,944,https://www.youtube.com/watch?v=UUMvpZJRkhM,790,327,2435,https://www.youtube.com/watch?v=1PR7JzGeG_4,984,229,154,472,https://www.twitch.tv/videos/2750157032
1254f176d93548aca5ac7f4b53313f71,8420,3738643,54,37,968,https://www.youtube.com/watch?v=jw-Pn6RReLs,31,12,244,https://www.youtube.com/watch?v=X9az_uh0M6A,74,52,968,https://www.youtube.com/watch?v=jw-Pn6RReLs,1617,10,8,22,https://www.twitch.tv/videos/2747050720
f2ad5f187c9141ab8830b8eaf81c3aee,8390,646849,418,151,1216,https://www.youtube.com/watch?v=bV8UiL4jlHw,468,171,1060,https://www.youtube.com/watch?v=iOUk7lIUjJ4,325,144,1216,https://www.youtube.com/watch?v=bV8UiL4jlHw,0,0,0,0,
1dd6fdbb4f764fc3a18747c8adbf0692,8380,310313,256,145,726,https://www.youtube.com/watch?v=Tm648kc5JQs,256,145,726,https://www.youtube.com/watch?v=Tm648kc5JQs,0,0,0,,0,0,0,0,
13992a4fb59649ada3a2adf027b5b35a,8370,88252,112,47,133,https://www.youtube.com/watch?v=Ygxs3bo6YOI,112,47,133,https://www.youtube.com/watch?v=Ygxs3bo6YOI,0,0,0,,3764,34,27,50,https://www.twitch.tv/videos/2746245467
03f5b3fed856438c9a53d30fdfadd9b7,8360,298543,227,122,1479,https://www.youtube.com/watch?v=auYYG5BEEJ0,178,79,362,https://www.youtube.com/watch?v=9YeoqGntuIQ,603,435,1479,https://www.youtube.com/watch?v=auYYG5BEEJ0,0,0,0,0,
7298d2db845840d7ab462c7628967f4e,8340,359260,173,94,236,https://www.youtube.com/watch?v=JN2zXpE6WzI,176,131,236,https://www.youtube.com/watch?v=JN2zXpE6WzI,68,53,83,https://www.youtube.com/watch?v=JTFJFzviqmU,0,0,0,0,
2d6886120def4c148c70514433d77e1e,8330,567641,461,172,608,https://www.youtube.com/watch?v=BSE4uszliuM,461,172,608,https://www.youtube.com/watch?v=BSE4uszliuM,0,0,0,,0,0,0,0,
058021ae015448cda91651a6bd41cdc6,8330,494194,143,52,201,https://www.youtube.com/watch?v=R3OPaokrN2Q,143,52,201,https://www.youtube.com/watch?v=R3OPaokrN2Q,0,0,0,,2642,0,0,0,
0249265256814f61978f6d492fe1c15d,8330,244650,0,0,0,,0,0,0,,0,0,0,,0,0,0,0,
6fa1245c717d4af68589205df5ab6427,8320,704259,239,128,524,https://www.youtube.com/watch?v=WJRVqimBC4Q,239,128,524,https://www.youtube.com/watch?v=WJRVqimBC4Q,0,0,0,,765,0,0,0,
3367168108de48adb898018c257db64f,8250,0,0,0,0,,0,0,0,,0,0,0,,0,0,0,0,
fe1d3152398b44e39d69f7ef78e73a8c,8220,558210,189,66,1472,https://www.youtube.com/watch?v=dmqB5WTBkPk,137,64,284,https://www.youtube.com/watch?v=Rw9ZkXexo0U,1220,579,1472,https://www.youtube.com/watch?v=dmqB5WTBkPk,591,0,0,0,
f7472d5310ce42819d17459c4f3fd7c1,8200,380486,477,199,10201,https://www.youtube.com/watch?v=iziXbYkOjpI,338,166,1783,https://www.youtube.com/watch?v=JZssPU6ScQU,2259,1553,10201,https://www.youtube.com/watch?v=iziXbYkOjpI,390,35,27,98,https://www.twitch.tv/videos/2744471634
4482e4f0cea64f92aa78b2513c7ed897,8180,655392,676,336,2197,https://www.youtube.com/watch?v=-1PcP93dT44,530,262,715,https://www.youtube.com/watch?v=lvDaLJl5zCc,1456,793,2197,https://www.youtube.com/watch?v=-1PcP93dT44,0,0,0,0,
7ebc0dc9fdf3442688ecd63bbdc30c51,8160,304761,295,117,1217,https://www.youtube.com/watch?v=YCItDfq0nY4,295,117,1217,https://www.youtube.com/watch?v=YCItDfq0nY4,0,0,0,,0,0,0,0,
df0c2ce19ccf4e26ac1a18065f85dacc,8140,473413,169,48,208,https://www.youtube.com/watch?v=DJbBL40lVE4,169,48,208,https://www.youtube.com/watch?v=DJbBL40lVE4,0,0,0,,0,0,0,0,
41a8958a1a4a4cc8b404d04da033400e,8120,387800,258,49,258,https://www.youtube.com/watch?v=_-R-5YTzNCk,258,49,258,https://www.youtube.com/watch?v=_-R-5YTzNCk,0,0,0,,508,0,0,0,
2a897c484c05483f9a46467e8f448314,8070,233659,645,266,2040,https://www.youtube.com/watch?v=N5DdHN3AwEI,517,192,1322,https://www.youtube.com/watch?v=74z4EWMyyAU,1339,374,2040,https://www.youtube.com/watch?v=N5DdHN3AwEI,4233,500,428,500,https://www.twitch.tv/videos/2751920540
2f0a0ee6478c45ae8af28953b4c370be,8060,1299458,368,199,4174,https://www.youtube.com/watch?v=oFT3XHk3OZU,367,196,759,https://www.youtube.com/watch?v=4FtXrZFKK5U,4174,391,4174,https://www.youtube.com/watch?v=oFT3XHk3OZU,0,0,0,0,
990b7e28df934de1bdab364d72c79f90,8020,119504,138,78,334,https://www.youtube.com/watch?v=CRLrw1IX7fk,138,78,334,https://www.youtube.com/watch?v=CRLrw1IX7fk,0,0,0,,0,0,0,0,
9604bd9896fc421ba131a9a6e11d50b0,8000,934964,675,316,8484,https://www.youtube.com/watch?v=-G2VX5ZqmU4,588,300,1071,https://www.youtube.com/watch?v=Ob4NFOPuHJU,3398,778,8484,https://www.youtube.com/watch?v=-G2VX5ZqmU4,0,0,0,0,
ee20f58e3fb74fae83a42239a83bcc4a,8000,242191,1088,889,1277,https://www.youtube.com/watch?v=mWk_xSAfD2A,1088,889,1277,https://www.youtube.com/watch?v=mWk_xSAfD2A,0,0,0,,0,0,0,0,
420208d1dcb74abfa325fc1f6a27e17b,7970,388616,593,244,1126,https://www.youtube.com/watch?v=LcvHo43GrUo,593,244,1126,https://www.youtube.com/watch?v=LcvHo43GrUo,0,0,0,,1397,149,118,149,https://www.twitch.tv/videos/2750370223
fe698ded3a6148808ca857c73ac7ee15,7860,404789,445,212,3144,https://www.youtube.com/watch?v=YA2aJINaUVY,410,211,1602,https://www.youtube.com/watch?v=5kcMlnRMnYU,748,214,3144,https://www.youtube.com/watch?v=YA2aJINaUVY,324,0,0,0,
1f54eafd17434cd9bd175d27b72c2228,7860,205624,0,0,0,,0,0,0,,0,0,0,,0,0,0,0,
56abcaadabbe44dbbd18ab0ecfe1037f,7830,307802,0,0,0,,0,0,0,,0,0,0,,0,0,0,0,
5ed5801d24c7412fa3fa65a82124aad0,7810,533648,1299,715,6714,https://www.youtube.com/watch?v=B0YyL0xE4ws,1072,567,4092,https://www.youtube.com/watch?v=oHp0XHUvdzo,2267,766,6714,https://www.youtube.com/watch?v=B0YyL0xE4ws,2104,407,357,1127,https://www.twitch.tv/videos/2751720038
c72226925ba94855b9fcc88fc2a25acc,7790,750906,505,183,2180,https://www.youtube.com/watch?v=9bLME8kJVAw,550,289,2180,https://www.youtube.com/watch?v=9bLME8kJVAw,291,107,386,https://www.youtube.com/watch?v=xt9YuDqX00Q,0,0,0,0,
b10149a2a1ee4ffcbf1dacb1b1722f9f,7790,186907,148,85,1927,https://www.youtube.com/watch?v=BdSsxCI3p-A,148,58,313,https://www.youtube.com/watch?v=If1o-HMY6w8,1425,892,1927,https://www.youtube.com/watch?v=BdSsxCI3p-A,860,49,46,49,https://www.twitch.tv/videos/2754256844
556c69847bc14bc7be03b3e40e52ac98,7720,194269,476,426,476,https://www.youtube.com/watch?v=tdthWdkPOAw,476,426,476,https://www.youtube.com/watch?v=tdthWdkPOAw,0,0,0,,1786,0,0,0,
d2a7b2d142ea4076afcfc7263b9e09fd,7700,559354,426,102,801,https://www.youtube.com/watch?v=SORfzX2ntqg,380,102,576,https://www.youtube.com/watch?v=iH4BbQXwIqA,743,387,801,https://www.youtube.com/watch?v=SORfzX2ntqg,775,0,0,0,
cf66d52e3a4146dbaf03c1578fc25c47,7680,0,0,0,0,,0,0,0,,0,0,0,,898,0,0,0,
b92c6e4c3bea4b938077a8f152f78083,7540,57127,0,0,0,,0,0,0,,0,0,0,,0,0,0,0,
cedd78c374b54898a647a3cb3a5263fc,7530,309669,589,301,1704,https://www.youtube.com/watch?v=s50E6QMs8Oc,589,301,1704,https://www.youtube.com/watch?v=s50E6QMs8Oc,0,0,0,,0,0,0,0,
f3404208a69741c481201fffcdea3d9e,7520,138141,0,0,0,,0,0,0,,0,0,0,,0,0,0,0,
eafb808b078844fdab1d8ed561dbd462,7510,415107,248,156,577,https://www.youtube.com/watch?v=wqdkcU5UyAA,274,173,577,https://www.youtube.com/watch?v=wqdkcU5UyAA,172,81,238,https://www.youtube.com/watch?v=Q_jWJDhhhTA,0,0,0,0,
8309d31b418642db83f0cf56b38fc9ad,7510,873259,555,254,2334,https://www.youtube.com/watch?v=yi4-6sI1gss,552,239,860,https://www.youtube.com/watch?v=L0HQRxFRA_k,2334,1372,2334,https://www.youtube.com/watch?v=yi4-6sI1gss,162,0,0,0,
03b825a2908749099e40cd4a4d1169aa,7500,192458,170,38,170,https://www.youtube.com/watch?v=CQbjTho5TvI,170,38,170,https://www.youtube.com/watch?v=CQbjTho5TvI,0,0,0,,0,0,0,0,
fe660ff34f8a41e4ac75bd6f9ac67400,7480,247986,0,0,0,,0,0,0,,0,0,0,,0,0,0,0,
a188f157d0384e0db5ae73605240d68b,7470,613092,313,171,1946,https://www.youtube.com/watch?v=UKrSdsuappM,285,144,485,https://www.youtube.com/watch?v=f3wFnVUvtpE,1048,380,1946,https://www.youtube.com/watch?v=UKrSdsuappM,1167,0,0,0,
28e0e0a574fe4deca3d5ded0aa5d64ef,7460,465237,519,247,5185,https://www.youtube.com/watch?v=n09LlBv1dCQ,479,245,679,https://www.youtube.com/watch?v=jzEOApPtGrs,3622,1163,5185,https://www.youtube.com/watch?v=n09LlBv1dCQ,511,219,188,263,https://www.twitch.tv/videos/2751035796
a9faef4b712b4649ba60c7e8e262175a,7460,54782,1051,381,3645,https://www.youtube.com/watch?v=Z3zZp7UGrAk,0,0,0,,1051,381,3645,https://www.youtube.com/watch?v=Z3zZp7UGrAk,0,0,0,0,
d797701ab1564b62906f91a341134a9e,7450,288163,901,362,2938,https://www.youtube.com/watch?v=gb798wafSlg,710,236,972,https://www.youtube.com/watch?v=C3CyR_qwxNE,1571,593,2938,https://www.youtube.com/watch?v=gb798wafSlg,4908,356,292,356,https://www.twitch.tv/videos/2751069706
7af8f321e84542dc9ccda160152fbf0b,7440,250473,95,47,1750,https://www.youtube.com/watch?v=f_JRwLAMAZ4,139,61,1750,https://www.youtube.com/watch?v=f_JRwLAMAZ4,60,38,95,https://www.youtube.com/watch?v=SNsyRgWn0xI,0,0,0,0,
d13fdb8fdd3049e5bf80b5ab0fa8a1a6,7420,564618,534,211,1777,https://www.youtube.com/watch?v=HrURlOR5_48,301,139,583,https://www.youtube.com/watch?v=fIQorJuLucc,977,335,1777,https://www.youtube.com/watch?v=HrURlOR5_48,0,0,0,0,
1c94e6e4d8cf4f8d9195385a9024275a,7400,81433,0,0,0,,0,0,0,,0,0,0,,399,0,0,0,
89742766181f469b807f397325a2a6bf,7380,208573,92,44,460,https://www.youtube.com/watch?v=fIhgGKMzuNs,92,44,460,https://www.youtube.com/watch?v=fIhgGKMzuNs,0,0,0,,370,0,0,0,
9d864d1af4e749f5a58171b06c070565,7360,623218,607,237,1968,https://www.youtube.com/watch?v=QxIDg-iuzY8,117,51,278,https://www.youtube.com/watch?v=cDpV2YKHTi0,1082,571,1968,https://www.youtube.com/watch?v=QxIDg-iuzY8,3686,432,271,1359,https://www.twitch.tv/videos/2749657597
00c158176a504c9bb865b32276e79eb1,7360,178931,129,64,3559,https://www.youtube.com/watch?v=bj8Q8itQKdo,119,60,173,https://www.youtube.com/watch?v=cT4kxfjxXhI,3050,1558,3559,https://www.youtube.com/watch?v=bj8Q8itQKdo,0,0,0,0,
94595065e7aa498d93067274eb755301,7350,1210917,169,80,585,https://www.youtube.com/watch?v=je4WMedPQYg,169,80,585,https://www.youtube.com/watch?v=je4WMedPQYg,0,0,0,,0,0,0,0,
9e3edec3eec54f49a065f1970471d473,7340,273228,491,316,790,https://www.youtube.com/watch?v=DFxLEekZGP8,491,316,790,https://www.youtube.com/watch?v=DFxLEekZGP8,0,0,0,,882,920,651,984,https://www.twitch.tv/videos/2748631306
7f72433f23da4bf8bfbf7ee3904eb7ca,7340,295480,0,0,0,,0,0,0,,0,0,0,,860,0,0,0,
0999b4ac6dbf496aacc1d48be59c4df0,7310,0,0,0,0,,0,0,0,,0,0,0,,0,0,0,0,
77e980ab542a4db6a34b5ac9c8f3948b,7280,376971,337,220,995,https://www.youtube.com/watch?v=R5GhNLd8yIQ,337,220,995,https://www.youtube.com/watch?v=R5GhNLd8yIQ,0,0,0,,724,0,0,0,
c897f2f0ae414985aa623bfe2dfe8f1c,7270,179541,121,49,1239,https://www.youtube.com/watch?v=nezC0T37fKo,121,48,990,https://www.youtube.com/watch?v=4kGUV1bwiR4,1239,804,1239,https://www.youtube.com/watch?v=nezC0T37fKo,611,0,0,0,
d80f5bc1e3ce4c35aa3eced40cc3bddc,7260,322704,506,254,2362,https://www.youtube.com/watch?v=YTvhzUJoTHY,412,202,861,https://www.youtube.com/watch?v=hjL7w27K-5U,1791,1092,2362,https://www.youtube.com/watch?v=YTvhzUJoTHY,538,162,103,166,https://www.twitch.tv/videos/2755041349
5cdf289b83524643af7ab2f2c8788adf,7230,323825,149,68,421,https://www.youtube.com/watch?v=oe9acKjFV5s,149,68,421,https://www.youtube.com/watch?v=oe9acKjFV5s,0,0,0,,0,0,0,0,
0ab16bd60230422d97f73e6810be221c,7210,346283,131,72,429,https://www.youtube.com/watch?v=jxKMctkxPGw,131,72,429,https://www.youtube.com/watch?v=jxKMctkxPGw,0,0,0,,0,0,0,0,
f40b8e8debf14680b5cc88bae98918f7,7180,225794,0,0,0,,0,0,0,,0,0,0,,0,0,0,0,
715cc1261d7e42c18135d47bd1cf2500,7160,175605,552,131,552,https://www.youtube.com/watch?v=GlJ-i37zGS8,552,131,552,https://www.youtube.com/watch?v=GlJ-i37zGS8,0,0,0,,6280,311,212,491,https://www.twitch.tv/videos/2751016367
5fa2dee0fba64112aa476441cd6ff982,7090,329124,583,301,1017,https://www.youtube.com/watch?v=aGF0LqBHoYw,583,301,1017,https://www.youtube.com/watch?v=aGF0LqBHoYw,0,0,0,,0,0,0,0,
c06f5173a01c4c0db7a761957c02186d,7080,480725,1122,352,5830,https://www.youtube.com/watch?v=nURzrZ28NQE,465,251,1985,https://www.youtube.com/watch?v=mjX_y8FmTgU,1352,547,5830,https://www.youtube.com/watch?v=nURzrZ28NQE,450,0,0,0,
38f11eca620e4c83a3e4211cbf463cce,7080,955269,853,604,2453,https://www.youtube.com/watch?v=Du6GZhsMNbk,533,399,853,https://www.youtube.com/watch?v=J5Mq5H6WMmw,2453,1768,2453,https://www.youtube.com/watch?v=Du6GZhsMNbk,0,0,0,0,
13a520e0a60c4aeea42f1c4d613e7e10,7040,239849,0,0,0,,0,0,0,,0,0,0,,485,0,0,0,
9b2c7b20d02241b3b82492a5e78a71c0,7040,315206,435,182,1426,https://www.youtube.com/watch?v=OLu1Lw6f-64,163,58,193,https://www.youtube.com/watch?v=BVu4ERy57kU,577,453,1426,https://www.youtube.com/watch?v=OLu1Lw6f-64,0,0,0,0,
97a56c6914ab431d9b670456d11b22ed,7010,241871,232,84,1106,https://www.youtube.com/watch?v=D5IEj-AzX_U,229,81,482,https://www.youtube.com/watch?v=06kQG-bSJg4,1106,130,1106,https://www.youtube.com/watch?v=D5IEj-AzX_U,0,0,0,0,
d33940525b7f4b9db9ce85e08b4c175e,7010,326265,260,186,5899,https://www.youtube.com/watch?v=pGmpV3Ax0wY,240,145,319,https://www.youtube.com/watch?v=Tb8h0gAAl_Y,3456,1303,5899,https://www.youtube.com/watch?v=pGmpV3Ax0wY,7859,224,150,365,https://www.twitch.tv/videos/2748517516
a28e29c9e8ec4791a700cd2e30904534,7000,201990,190,42,658,https://www.youtube.com/watch?v=gaOUSUEf5Ws,190,42,658,https://www.youtube.com/watch?v=gaOUSUEf5Ws,0,0,0,,2929,270,213,370,https://www.twitch.tv/videos/2749893605
8c6bc741e4614154a63e987f930a468d,7000,350568,249,151,823,https://www.youtube.com/watch?v=KeE97dFKUJs,249,151,823,https://www.youtube.com/watch?v=KeE97dFKUJs,0,0,0,,0,0,0,0,
e7e219a17a7644cd9d28a2ab871f5f7c,6970,256640,463,416,463,https://www.youtube.com/watch?v=I6qBdvzpahc,0,0,0,,463,416,463,https://www.youtube.com/watch?v=I6qBdvzpahc,2752,631,626,743,https://www.twitch.tv/videos/2752777985
6fb9853185d844de80d4f3e0f3f2726d,6950,0,0,0,0,,0,0,0,,0,0,0,,0,0,0,0,
3e1c8d17663e49158b54330fdac1a308,6940,72586,0,0,0,,0,0,0,,0,0,0,,808,0,0,0,
c430f1e7cfee4440b2b537c80a2a667d,6930,233461,284,164,592,https://www.youtube.com/watch?v=rj9m_ID5arM,284,164,592,https://www.youtube.com/watch?v=rj9m_ID5arM,0,0,0,,0,0,0,0,
1937fa889b474d339713d1117f435018,6930,813166,146,51,294,https://www.youtube.com/watch?v=19ZNrmq1ivo,146,51,294,https://www.youtube.com/watch?v=19ZNrmq1ivo,0,0,0,,7276,658,230,4360,https://www.twitch.tv/videos/2745045013
3c1783f6914f414b830c836829d1afa2,6840,254462,278,141,1870,https://www.youtube.com/watch?v=xyesgC3UctY,271,141,1287,https://www.youtube.com/watch?v=mX4sSSr6W-Q,1528,300,1870,https://www.youtube.com/watch?v=xyesgC3UctY,273,0,0,0,
e1e11ed8ecb24ab6ad7e1d4c4c39f563,6830,115492,0,0,0,,0,0,0,,0,0,0,,0,0,0,0,
679aef46b6f448e493fdedae7df5b288,6820,1358066,1026,192,1573,https://www.youtube.com/watch?v=6HU0Vw8GZeg,0,0,0,,1026,192,1573,https://www.youtube.com/watch?v=6HU0Vw8GZeg,450,0,0,0,
60ab80cc26bc4e4aaa526ce1952f9e42,6790,428116,111,61,6715,https://www.youtube.com/watch?v=e9lvAPbnNcs,110,55,345,https://www.youtube.com/watch?v=p-ZuJxmuSfg,1382,565,6715,https://www.youtube.com/watch?v=e9lvAPbnNcs,371,50,35,85,https://www.twitch.tv/videos/2754328629
dc3e05e0c12b4e0a93dc230f30925ee0,6780,194726,238,204,283,https://www.youtube.com/watch?v=RfnQUw4DE68,0,0,0,,238,204,283,https://www.youtube.com/watch?v=RfnQUw4DE68,6771,734,586,1155,https://www.twitch.tv/videos/2754007956
a3c6cbf76630432c83fa5277388be97c,6750,62206,936,668,1997,https://www.youtube.com/watch?v=POnysu2y6I4,936,668,1997,https://www.youtube.com/watch?v=POnysu2y6I4,0,0,0,,0,0,0,0,
f7b1eada802e4ed89c306c6641d243b3,6750,284028,150,74,1412,https://www.youtube.com/watch?v=aYy_y6vrADQ,148,73,1127,https://www.youtube.com/watch?v=MlF-UCAeXX0,1052,305,1412,https://www.youtube.com/watch?v=aYy_y6vrADQ,440,0,0,0,
09b6598d6d604e9397eebff166c69e92,6740,94639,90,49,1496,https://www.youtube.com/watch?v=yHE3LxUFO0c,90,48,245,https://www.youtube.com/watch?v=X7b09_fwwEI,1496,1224,1496,https://www.youtube.com/watch?v=yHE3LxUFO0c,157,71,58,328,https://www.twitch.tv/videos/2745425562
80f4d6e50af64a48be812258498e86c0,6730,354825,0,0,0,,0,0,0,,0,0,0,,160,0,0,0,
543ddfe1d70d4a19920f6daa1959b3b4,6720,0,0,0,0,,0,0,0,,0,0,0,,0,0,0,0,
757f1b20f7bd459ebd8949da907dceea,6690,381753,135,70,271,https://www.youtube.com/watch?v=T2NnWQQBIVc,135,70,271,https://www.youtube.com/watch?v=T2NnWQQBIVc,0,0,0,,0,0,0,0,
5dbed684176349d28353d5293085cd9c,6670,267833,350,302,350,https://www.youtube.com/watch?v=G3bTjvAbSS8,350,302,350,https://www.youtube.com/watch?v=G3bTjvAbSS8,0,0,0,,0,0,0,0,
4865c3feac234584909168181b7dc2be,6670,171549,293,193,876,https://www.youtube.com/watch?v=9rUCiNPCFO0,283,181,876,https://www.youtube.com/watch?v=9rUCiNPCFO0,417,370,417,https://www.youtube.com/watch?v=SlhTyJgqDkY,260,0,0,0,
7a88afc5eb644d76b35ed4ca968259bb,6620,499269,1728,961,2922,https://www.youtube.com/watch?v=8T-mJ6KWf2k,0,0,0,,1728,961,2922,https://www.youtube.com/watch?v=8T-mJ6KWf2k,20082,2738,1188,5112,https://www.twitch.tv/videos/2731419088
c321746bebe740cb98625ca4cf6fb9a7,6610,85922,249,189,422,https://www.youtube.com/watch?v=JwM22El0a3U,224,145,249,https://www.youtube.com/watch?v=u5GYI8WWluE,422,359,422,https://www.youtube.com/watch?v=JwM22El0a3U,0,0,0,0,
3ec59b8cb4114af7be754daa0b1b1ced,6560,167704,0,0,0,,0,0,0,,0,0,0,,0,0,0,0,
6603f7e70b684a07a3dac687460bacc5,6540,250793,172,75,235,https://www.youtube.com/watch?v=7AnqI3tA_dw,172,75,235,https://www.youtube.com/watch?v=7AnqI3tA_dw,0,0,0,,1401,63,37,63,https://www.twitch.tv/videos/2745379702
468c9630d37b4c41bb6b0305dc1143cf,6530,426144,273,125,730,https://www.youtube.com/watch?v=PPvWliutS0c,273,125,730,https://www.youtube.com/watch?v=PPvWliutS0c,0,0,0,,464,0,0,0,
f6c34086d07a4322b9d4ebc538bada96,6520,127574,0,0,0,,0,0,0,,0,0,0,,0,0,0,0,
e0debb323c5d49268c92c5d660cdb664,6520,333948,73,26,187,https://www.youtube.com/watch?v=csvZklNur2w,73,26,187,https://www.youtube.com/watch?v=csvZklNur2w,0,0,0,,0,0,0,0,
f58318cdd690482c9d19fb68bca374a4,6510,411014,111,69,3616,https://www.youtube.com/watch?v=3VbcTxtmYPo,104,39,144,https://www.youtube.com/watch?v=WpGIzH9YlL8,1950,1258,3616,https://www.youtube.com/watch?v=3VbcTxtmYPo,228,0,0,0,
08be94e874d448f8a2794a44c61e8d8f,6500,456919,146,87,271,https://www.youtube.com/watch?v=WlDEKUN24BI,146,87,271,https://www.youtube.com/watch?v=WlDEKUN24BI,0,0,0,,0,0,0,0,
ab64eaef68c94ab4afb3a89007c81e9c,6480,819099,2111,1330,97175,https://www.youtube.com/watch?v=nZjTJY61LuQ,0,0,0,,2111,1330,97175,https://www.youtube.com/watch?v=nZjTJY61LuQ,6266,1357,322,12100,https://www.twitch.tv/videos/2742181582
b54e216619d14031a317b820113e4084,6470,299226,209,94,313,https://www.youtube.com/watch?v=4xG4buSjIJY,245,116,313,https://www.youtube.com/watch?v=4xG4buSjIJY,151,72,169,https://www.youtube.com/watch?v=CveeN8EfF_c,0,0,0,0,
fffd31d236a2479c9070bcc171bdc13d,6460,176780,0,0,0,,0,0,0,,0,0,0,,0,0,0,0,
7f9d223a684e44e8b8d30bedcc07f1fa,6440,231095,110,41,280,https://www.youtube.com/watch?v=sFtZEbKDHV4,110,41,280,https://www.youtube.com/watch?v=sFtZEbKDHV4,0,0,0,,0,0,0,0,
e8c89b4aec4d45fbbb76533eb3db0428,6430,142995,142,51,194,https://www.youtube.com/watch?v=-R6LhY4rN40,90,73,90,https://www.youtube.com/watch?v=4F6gLl7D74M,194,30,194,https://www.youtube.com/watch?v=-R6LhY4rN40,0,0,0,0,
49196eec11454f589d4d6e52f1b1bbe8,6410,537088,165,101,1542,https://www.youtube.com/watch?v=0OmqvxGs1xc,156,86,280,https://www.youtube.com/watch?v=9_Ria8GaZr0,635,243,1542,https://www.youtube.com/watch?v=0OmqvxGs1xc,0,0,0,0,
281c7713c21e41bcb6e81365f328ab8c,6400,238417,0,0,0,,0,0,0,,0,0,0,,0,0,0,0,
da3a3993bd8946da824d66d5a5d456e2,6390,328297,0,0,0,,0,0,0,,0,0,0,,0,0,0,0,
0b1217df534d441bbdeb11d5f2a6465b,6390,74978,0,0,0,,0,0,0,,0,0,0,,976,0,0,0,
f81d4ef6f2f54e0c8c6d12a09e1fa5c7,6350,137166,190,103,1056,https://www.youtube.com/watch?v=Y-pwO0GX8y8,155,102,303,https://www.youtube.com/watch?v=KgfUg7m81Tc,949,552,1056,https://www.youtube.com/watch?v=Y-pwO0GX8y8,0,0,0,0,
01edfa8163ad42cd85f56ef4dce2609e,6330,324219,169,75,1258,https://www.youtube.com/watch?v=UhXw40nqSxM,149,92,220,https://www.youtube.com/watch?v=_mMP9Rqsn1s,186,36,1258,https://www.youtube.com/watch?v=UhXw40nqSxM,0,0,0,0,
5cb1c062f5f94b44a41ae658f4a53f0c,6310,136003,0,0,0,,0,0,0,,0,0,0,,13891,822,369,16558,https://www.twitch.tv/videos/2745223131
bf48aafcc9464111b358a4595cc7311c,6300,165988,0,0,0,,0,0,0,,0,0,0,,0,0,0,0,
02e7729df0424fbbb21b77ccd543b0be,6290,1561668,114,61,1810,https://www.youtube.com/watch?v=HpuHEFc1t34,40,22,64,https://www.youtube.com/watch?v=YZA0Kh37RFg,182,93,1810,https://www.youtube.com/watch?v=HpuHEFc1t34,0,0,0,0,
0851296bdf4c4516b2506b8cce5151da,6280,612783,231,44,1243,https://www.youtube.com/watch?v=NUzT2UPS3e0,212,82,669,https://www.youtube.com/watch?v=cq0Sr0-mb5w,486,44,1243,https://www.youtube.com/watch?v=NUzT2UPS3e0,0,0,0,0,
6ddea98137e2429eb0e9c4025ad9294f,6270,218157,655,271,1803,https://www.youtube.com/watch?v=ewB0zvml7V4,396,201,885,https://www.youtube.com/watch?v=TbbzfaGfr6w,1430,538,1803,https://www.youtube.com/watch?v=ewB0zvml7V4,0,0,0,0,
3b0031a4b57f46719f06cbf7c5cc42b6,6270,307738,269,136,2500,https://www.youtube.com/watch?v=xo4wtmovJFg,257,106,1447,https://www.youtube.com/watch?v=bxEqLLC-At0,1859,957,2500,https://www.youtube.com/watch?v=xo4wtmovJFg,141,0,0,0,
038ee6280ef742bcad8450ad52049944,6260,419722,249,145,2451,https://www.youtube.com/watch?v=EZZCxkWiQXw,249,145,1072,https://www.youtube.com/watch?v=bqCZJ3G3GQ8,1243,634,2451,https://www.youtube.com/watch?v=EZZCxkWiQXw,0,0,0,0,
557a590ea9764e8c99e72415d1837d52,6260,21522,0,0,0,,0,0,0,,0,0,0,,0,0,0,0,
cc882664d9794fb88b06a5a0aa1591ae,6240,314291,426,272,8626,https://www.youtube.com/watch?v=xmA73ELZi2c,426,272,8626,https://www.youtube.com/watch?v=xmA73ELZi2c,0,0,0,,0,0,0,0,
94c7cb6122bd4dcab2d8660ddc5f5508,6230,219076,138,39,277,https://www.youtube.com/watch?v=OT4yADc8EeI,142,67,277,https://www.youtube.com/watch?v=OT4yADc8EeI,135,11,135,https://www.youtube.com/watch?v=2YrQyXd4ByE,421,58,39,60,https://www.twitch.tv/videos/2746030784
328a6a5742504b9d977f40660c118239,6210,1067964,141,69,1079,https://www.youtube.com/watch?v=qSy5-rW1aGU,139,69,1079,https://www.youtube.com/watch?v=qSy5-rW1aGU,148,22,516,https://www.youtube.com/watch?v=qQwUr2bthns,0,0,0,0,
5d903f62e014487e9ab21a48c19fc6ac,6190,360630,238,224,9343,https://www.youtube.com/watch?v=zZQurWJtulQ,167,47,181,https://www.youtube.com/watch?v=FpaFYr_MnGI,976,403,9343,https://www.youtube.com/watch?v=zZQurWJtulQ,869,157,130,280,https://www.twitch.tv/videos/2743737150
160f90709224412f9cfc2aaa88e89a57,6140,556241,1543,652,14217,https://www.youtube.com/watch?v=rUNr9RZEEbE,1519,652,5546,https://www.youtube.com/watch?v=DyouGXa6m8Y,2513,1366,14217,https://www.youtube.com/watch?v=rUNr9RZEEbE,0,0,0,0,
a83b6d485350402b90238deb371ae654,6090,110172,0,0,0,,0,0,0,,0,0,0,,4061,282,215,290,https://www.twitch.tv/videos/2755042162
1a3a0feb188e499ab4972c971d639f58,6080,271976,304,109,304,https://www.youtube.com/watch?v=IXNp7mJPUSE,304,109,304,https://www.youtube.com/watch?v=IXNp7mJPUSE,0,0,0,,0,0,0,0,
c2362f5ca48445a89fd081c4b2bc74d4,6070,220542,530,123,900,https://www.youtube.com/watch?v=bscxMfv2u3Q,161,155,161,https://www.youtube.com/watch?v=7yj5TCBzVUM,900,91,900,https://www.youtube.com/watch?v=bscxMfv2u3Q,136,0,0,0,
febd22ec0bec4ecdbcd383be8c2694c3,6070,0,0,0,0,,0,0,0,,0,0,0,,0,0,0,0,
16c4a9b7211a44f6b98d8e1aebf4ea70,6040,218750,0,0,0,,0,0,0,,0,0,0,,640,0,0,0,
4576d781ddae45d59fc83c8d25385983,6040,161383,844,336,3038,https://www.youtube.com/watch?v=0S5zzkAkubw,515,237,1884,https://www.youtube.com/watch?v=sksczcqrNXQ,2013,915,3038,https://www.youtube.com/watch?v=0S5zzkAkubw,249,0,0,0,
4eecf80e6ecc4644a7ff08314e6e0c82,6020,413523,486,131,1565,https://www.youtube.com/watch?v=sAg2sR1VuRA,314,131,637,https://www.youtube.com/watch?v=8IJny_CpzsI,1436,563,1565,https://www.youtube.com/watch?v=sAg2sR1VuRA,285,0,0,0,
b6a105f12b904256ba356935ae46657f,6010,163722,0,0,0,,0,0,0,,0,0,0,,8614,499,136,17416,https://www.twitch.tv/videos/2742903997
75b388425b774a9f99a4483e295a13f0,6010,795346,319,286,604,https://www.youtube.com/watch?v=_1hfqkOOXkk,259,257,319,https://www.youtube.com/watch?v=3GKv64nVzGE,502,380,604,https://www.youtube.com/watch?v=_1hfqkOOXkk,415,0,0,0,
2adc6f9aabb64fd892ff5d29ebdd5c44,5980,147942,0,0,0,,0,0,0,,0,0,0,,0,0,0,0,
2978ff3ab5f54898947af41ca4d47c4c,5930,208683,115,69,1877,https://www.youtube.com/watch?v=B_V6hHuJ-TM,107,63,261,https://www.youtube.com/watch?v=Z66Bn9YwvOQ,1158,853,1877,https://www.youtube.com/watch?v=B_V6hHuJ-TM,529,0,0,0,
4cd21df2b76148b182903cc0aebe2bfa,5920,222558,161,109,245,https://www.youtube.com/watch?v=5EJQCh6v_ow,161,109,245,https://www.youtube.com/watch?v=5EJQCh6v_ow,0,0,0,,0,0,0,0,
66aa1c91546a4cfdab43faa119cea04a,5880,152,0,0,0,,0,0,0,,0,0,0,,3832,0,0,0,
34edb431f7da4a43b2a6a9d79d2858d1,5860,321686,343,191,1044,https://www.youtube.com/watch?v=MuqkqFIeLgs,351,203,1044,https://www.youtube.com/watch?v=MuqkqFIeLgs,333,51,333,https://www.youtube.com/watch?v=iFwWhfoSrLk,565,283,243,338,https://www.twitch.tv/videos/2754228829
1ae72d56be5547b1825cdc0fdc0cce2e,5860,77685,0,0,0,,0,0,0,,0,0,0,,0,0,0,0,
325c292889f542688512641841b4ed8a,5860,254900,267,223,313,https://www.youtube.com/watch?v=pDfaOznJZd0,313,258,313,https://www.youtube.com/watch?v=pDfaOznJZd0,221,189,221,https://www.youtube.com/watch?v=6D4AiL_MbPA,0,0,0,0,
5b6584a73478450d9db3f44b918580fd,5850,0,0,0,0,,0,0,0,,0,0,0,,907,0,0,0,
86154ca2dc964847b37297138aa65b9f,5840,240078,89,18,333,https://www.youtube.com/watch?v=uz6t6zeWzOk,89,18,333,https://www.youtube.com/watch?v=uz6t6zeWzOk,0,0,0,,1059,0,0,0,
fceadce7c37f4cc08bc747aa79c3cf9e,5830,201254,155,91,3655,https://www.youtube.com/watch?v=njYN73aFp-Y,115,73,318,https://www.youtube.com/watch?v=cGzKWgCOMFE,1105,489,3655,https://www.youtube.com/watch?v=njYN73aFp-Y,0,0,0,0,
c34e43b57f9f448582094f712a0b2c1a,5810,351282,214,102,1741,https://www.youtube.com/watch?v=57A6Iop5V68,211,97,368,https://www.youtube.com/watch?v=FlCzZQHuAiM,1741,1198,1741,https://www.youtube.com/watch?v=57A6Iop5V68,0,0,0,0,
9f975d473431409190e397bdc946d5b0,5810,262979,257,208,558,https://www.youtube.com/watch?v=eDkYzzliTMc,257,208,558,https://www.youtube.com/watch?v=eDkYzzliTMc,0,0,0,,241,0,0,0,
2ff93e20894245d49004276e3b51e64f,5760,258613,1329,445,2862,https://www.youtube.com/watch?v=T93nhwkiW1M,536,209,709,https://www.youtube.com/watch?v=Rm9mF2zi-GI,1571,807,2862,https://www.youtube.com/watch?v=T93nhwkiW1M,0,0,0,0,
8fae79a84cd049fd8a2ea50528a75e2b,5750,161589,6577,3640,39343,https://www.youtube.com/watch?v=53CjjCMLMAw,0,0,0,,6577,3640,39343,https://www.youtube.com/watch?v=53CjjCMLMAw,2368,331,281,331,https://www.twitch.tv/videos/2751797435
33717d815310491da465eb6258a70b1c,5750,274186,243,118,295,https://www.youtube.com/watch?v=j9WbXFVmT9E,243,118,295,https://www.youtube.com/watch?v=j9WbXFVmT9E,0,0,0,,0,0,0,0,
58c4453bedb9463ab1dcb522d4d50faf,5740,1049689,103,45,188,https://www.youtube.com/watch?v=zU5gLMsWpEk,103,45,188,https://www.youtube.com/watch?v=zU5gLMsWpEk,0,0,0,,0,0,0,0,
bd99f3c8cd6e4fffb75bf0e5b1b5b4fa,5730,196180,1138,640,4685,https://www.youtube.com/watch?v=SGMJoLEgioQ,1670,603,4685,https://www.youtube.com/watch?v=SGMJoLEgioQ,1060,872,1060,https://www.youtube.com/watch?v=YGAkyFVG5Z4,0,0,0,0,
2a5b6a733ac54aba9490db8f504378d1,5710,3209,0,0,0,,0,0,0,,0,0,0,,0,0,0,0,
a800589948934dd68ac2c728cc05fbaf,5670,97702,0,0,0,,0,0,0,,0,0,0,,0,0,0,0,
3c5b24ec5e7e4451a917bb1683298c05,5660,291429,0,0,0,,0,0,0,,0,0,0,,0,0,0,0,
e17f42aa104040deae2ee3f3b1e85ed8,5650,317161,0,0,0,,0,0,0,,0,0,0,,39751,2416,730,4184,https://www.twitch.tv/videos/2731282720
9e213402f2f54c42866d4f62545921b4,5650,145275,0,0,0,,0,0,0,,0,0,0,,454,0,0,0,
925d91a363914edfb035fe6c08946be9,5630,175003,201,172,212,https://www.youtube.com/watch?v=WnPHVkWOh5E,201,172,212,https://www.youtube.com/watch?v=WnPHVkWOh5E,0,0,0,,0,0,0,0,
b1cb513e2511484cabbac00140b4a95c,5600,217377,417,220,45737,https://www.youtube.com/watch?v=EaLfWor3jno,415,191,731,https://www.youtube.com/watch?v=959dWHV3ZMw,24255,17658,45737,https://www.youtube.com/watch?v=EaLfWor3jno,450,219,136,333,https://www.twitch.tv/videos/2751035159
1307131312c54a11ab326e62474efc8a,5580,202660,3766,2116,3766,https://www.youtube.com/watch?v=Jp7yNFRBIcE,3766,2116,3766,https://www.youtube.com/watch?v=Jp7yNFRBIcE,0,0,0,,0,0,0,0,
35f3bb64e69c432180b98dde239f3bdd,5560,441560,417,74,1274,https://www.youtube.com/watch?v=90Rn41Nk1S0,359,83,720,https://www.youtube.com/watch?v=XHHINrSZTc4,551,64,1274,https://www.youtube.com/watch?v=90Rn41Nk1S0,802,58,39,104,https://www.twitch.tv/videos/2743820085
0158495d5a2542a98181c2ddd21b90af,5560,0,0,0,0,,0,0,0,,0,0,0,,0,0,0,0,
208d8aa3792641d6ae4e0de5a10a4a6f,5540,275306,242,86,3556,https://www.youtube.com/watch?v=bh0CQk6-Ems,94,52,446,https://www.youtube.com/watch?v=WLhM6gAfCE4,1045,364,3556,https://www.youtube.com/watch?v=bh0CQk6-Ems,1345,87,53,138,https://www.twitch.tv/videos/2747822727
9b11be3138284ff3904d3292d6aaa284,5530,282373,331,83,788,https://www.youtube.com/watch?v=NGP-A-xubfY,312,23,312,https://www.youtube.com/watch?v=DeBuI_Tqlr8,500,226,788,https://www.youtube.com/watch?v=NGP-A-xubfY,0,0,0,0,
62e820e937ef4f4aaea0073bc5b21063,5520,9691,0,0,0,,0,0,0,,0,0,0,,0,0,0,0,
dcbe7946e39e48bcb0b725de64a445c8,5520,490618,376,178,1719,https://www.youtube.com/watch?v=ITQTouRUGvU,376,178,703,https://www.youtube.com/watch?v=lIhOCjV2ym4,987,135,1719,https://www.youtube.com/watch?v=ITQTouRUGvU,0,0,0,0,
58304450990a433b88acd02b889b74e6,5510,151283,144,75,1573,https://www.youtube.com/watch?v=ZR6p679QcKw,135,62,176,https://www.youtube.com/watch?v=Uy8a37nMIZ4,1156,830,1573,https://www.youtube.com/watch?v=ZR6p679QcKw,271,42,34,42,https://www.twitch.tv/videos/2751069363
887b37336c9c4730809ace8b5e38df17,5490,62517,61,25,118,https://www.youtube.com/watch?v=iMjBFshCndY,61,25,118,https://www.youtube.com/watch?v=iMjBFshCndY,0,0,0,,53679,3399,2051,4886,https://www.twitch.tv/videos/2750546728
40c846b91c4a44a980eddf20f0f789c0,5480,806024,524,200,9105,https://www.youtube.com/watch?v=mN8KVLpL75w,239,145,881,https://www.youtube.com/watch?v=0FYx1aISjEY,2604,852,9105,https://www.youtube.com/watch?v=mN8KVLpL75w,6069,850,710,1940,https://www.twitch.tv/videos/2746932541
dbfaa5f3d01142df8a05c4946a0a22dc,5470,444493,250,100,3733,https://www.youtube.com/watch?v=d5MLQpOKcXM,239,58,581,https://www.youtube.com/watch?v=n9Elfx6hFPE,3008,1384,3733,https://www.youtube.com/watch?v=d5MLQpOKcXM,0,0,0,0,
2d84a02e592d4a92893b7cc36af95a26,5470,205461,457,240,6238,https://www.youtube.com/watch?v=fH6Uxr3fDH0,444,200,572,https://www.youtube.com/watch?v=X2bAsQUU6rc,4758,2331,6238,https://www.youtube.com/watch?v=fH6Uxr3fDH0,550,421,329,573,https://www.twitch.tv/videos/2746354500
70adcdf6f8a146089a4e724b14146efd,5450,394432,415,161,25863,https://www.youtube.com/watch?v=dpJ19r7VP7o,353,134,636,https://www.youtube.com/watch?v=P6XCWMeKwWc,3875,1296,25863,https://www.youtube.com/watch?v=dpJ19r7VP7o,512,389,366,389,https://www.twitch.tv/videos/2754051045
a0e2f9b9f851401bbd1736189d4b69b1,5450,135355,65,28,65,https://www.youtube.com/watch?v=KODyOL8oXuk,65,28,65,https://www.youtube.com/watch?v=KODyOL8oXuk,0,0,0,,0,0,0,0,
ea7d228d8fb2462f95aef21fc5bd4fb8,5440,1011516,796,397,1772,https://www.youtube.com/watch?v=JoC7TgNDI5Y,796,397,1772,https://www.youtube.com/watch?v=JoC7TgNDI5Y,0,0,0,,0,0,0,0,
490a48eedc944f9cb74501e6eefeb04d,5390,311188,461,202,2022,https://www.youtube.com/watch?v=0awsLOJwaWg,391,142,568,https://www.youtube.com/watch?v=Obc_Sxes3-w,1880,369,2022,https://www.youtube.com/watch?v=0awsLOJwaWg,2894,204,117,330,https://www.twitch.tv/videos/2747046891
428251b7832a48219276fb6e5f644e86,5380,822736,1844,508,8552,https://www.youtube.com/watch?v=yh8SJiy74jY,2188,391,2188,https://www.youtube.com/watch?v=NBCXwf-h7RU,1501,626,8552,https://www.youtube.com/watch?v=yh8SJiy74jY,262,0,0,0,
7ae1c13d53fb44f49f386eef43c63ee4,5360,254943,133,58,1801,https://www.youtube.com/watch?v=YFgp073_6r4,126,52,249,https://www.youtube.com/watch?v=hKNI3GWr-Zg,767,176,1801,https://www.youtube.com/watch?v=YFgp073_6r4,66,0,0,0,
8f0b41303e8a481689fe4309a565ecd3,5340,314809,199,112,298,https://www.youtube.com/watch?v=_2ApNb2XZxI,209,113,298,https://www.youtube.com/watch?v=_2ApNb2XZxI,115,2,115,https://www.youtube.com/watch?v=AkP75Ze0LeI,1460,284,182,284,https://www.twitch.tv/videos/2746849083
529328632b0b4701a469ebc14413f855,5340,191144,396,159,444,https://www.youtube.com/watch?v=XA5fhFSeMZU,272,129,444,https://www.youtube.com/watch?v=XA5fhFSeMZU,406,213,416,https://www.youtube.com/watch?v=Srafz-3FoMI,0,0,0,0,
b473dffe721745f6beb34b5a49e9aeda,5300,392081,0,0,0,,0,0,0,,0,0,0,,0,0,0,0,
fec8644970684cffbbae8dd37a52d59c,5300,273080,113,61,1639,https://www.youtube.com/watch?v=2Bwdm4zJPs4,109,61,894,https://www.youtube.com/watch?v=6Rd6UxJgeDQ,303,180,1639,https://www.youtube.com/watch?v=2Bwdm4zJPs4,1053,338,244,1874,https://www.twitch.tv/videos/2750670421
b58761a33d75486f8aa0bf3f5bf07fe5,5300,0,0,0,0,,0,0,0,,0,0,0,,1781,0,0,0,
38ecb20931514383b2d93885136c6b68,5280,225076,183,98,485,https://www.youtube.com/watch?v=kn6ScKVctu8,183,98,485,https://www.youtube.com/watch?v=kn6ScKVctu8,0,0,0,,0,0,0,0,
443ba741722742d5b7d5f76c3e7b445b,5280,489754,258,199,1894,https://www.youtube.com/watch?v=hpTLlFmXbFo,242,194,687,https://www.youtube.com/watch?v=4EGuBLgcOVk,361,330,1894,https://www.youtube.com/watch?v=hpTLlFmXbFo,0,0,0,0,
7e088cf828bf4e02ae65bb8a1f6a8b89,5270,194249,89,37,128,https://www.youtube.com/watch?v=V0NvRheCdN0,89,37,128,https://www.youtube.com/watch?v=V0NvRheCdN0,0,0,0,,209,0,0,0,
c8858f1d4a2b41a4bbf738530023d6f9,5270,204365,165,124,328,https://www.youtube.com/watch?v=Qm09NmlbZeQ,165,124,328,https://www.youtube.com/watch?v=Qm09NmlbZeQ,0,0,0,,295,109,74,190,https://www.twitch.tv/videos/2753489207
44052b3832774bd7a4e4151f044c0901,5270,91867,0,0,0,,0,0,0,,0,0,0,,2042,0,0,0,
d889f67fe7b84a38a9742ab2a47f346a,5240,680390,1227,164,1659,https://www.youtube.com/watch?v=kiQdYMM9N2E,103,44,107,https://www.youtube.com/watch?v=INq3EZ_nXQI,1288,764,1659,https://www.youtube.com/watch?v=kiQdYMM9N2E,3361,270,171,412,https://www.twitch.tv/videos/2750250219
b6f8117355b24e9c8a8a4c813a72aec9,5220,653931,218,108,1291,https://www.youtube.com/watch?v=ghnERPDhHo0,0,0,0,,218,108,1291,https://www.youtube.com/watch?v=ghnERPDhHo0,1350,290,206,531,https://www.twitch.tv/videos/2754998775
2c42a2d77b4c481bae57dc00a66c2f16,5210,560550,556,311,1040,https://www.youtube.com/watch?v=3NGrj7n9uoU,569,289,1040,https://www.youtube.com/watch?v=3NGrj7n9uoU,435,372,435,https://www.youtube.com/watch?v=TJygTpquj_s,0,0,0,0,
1f2b5204983b4d5ebe0a9352de3a66f6,5200,116368,218,186,282,https://www.youtube.com/watch?v=u8SNh25jKo0,218,186,282,https://www.youtube.com/watch?v=u8SNh25jKo0,0,0,0,,0,0,0,0,
afb80b53c4a543e28eb165f036bc8e4f,5200,274467,174,100,2083,https://www.youtube.com/watch?v=aMsCC7dQou0,129,47,326,https://www.youtube.com/watch?v=kJ7niZiuzVo,1452,428,2083,https://www.youtube.com/watch?v=aMsCC7dQou0,0,0,0,0,
63108f8ea91a4a699f345bb259750745,5190,98135,223,130,545,https://www.youtube.com/watch?v=RwLMWHmxcSk,271,137,545,https://www.youtube.com/watch?v=RwLMWHmxcSk,134,34,134,https://www.youtube.com/watch?v=J9Y7o7DYEvc,0,0,0,0,
a1470eec8f9349668adfbad2f25329b1,5190,1037,0,0,0,,0,0,0,,0,0,0,,1430,0,0,0,
7f4f30df30ec405bb0968c585b243fa5,5170,365131,2656,1237,12268,https://www.youtube.com/watch?v=WOZWpqMiXD0,432,234,451,https://www.youtube.com/watch?v=g7GO3MNV3Jo,2841,1380,12268,https://www.youtube.com/watch?v=WOZWpqMiXD0,786,0,0,0,
effe96469a7348c786d01ccea8cf71cb,5170,180694,0,0,0,,0,0,0,,0,0,0,,0,0,0,0,
cc2a13ac075e4640b19020a51dcf9d88,5160,138914,749,190,749,https://www.youtube.com/watch?v=4VY0bHnMJ4M,749,190,749,https://www.youtube.com/watch?v=4VY0bHnMJ4M,0,0,0,,563,0,0,0,
f819220249044c7ca97126c828833c9b,5130,0,0,0,0,,0,0,0,,0,0,0,,0,0,0,0,
510bdce263cc479ca12d1fad64bfc65e,5120,341502,439,254,953,https://www.youtube.com/watch?v=59jbV1_S1hQ,439,254,953,https://www.youtube.com/watch?v=59jbV1_S1hQ,0,0,0,,0,0,0,0,
bdaa84ad3c7841d6a9ec8774ed9d40a9,5090,170552,542,233,1625,https://www.youtube.com/watch?v=e6ZrnSGZEPo,459,208,656,https://www.youtube.com/watch?v=LBGqLkY-QT4,1507,588,1625,https://www.youtube.com/watch?v=e6ZrnSGZEPo,0,0,0,0,
25027be34ca844c885f40d5c26507898,5060,265216,1933,712,2505,https://www.youtube.com/watch?v=pxR995bwc8Y,0,0,0,,1933,712,2505,https://www.youtube.com/watch?v=pxR995bwc8Y,0,0,0,0,
410a9fff47f5491d98c47a4fa25ddf83,5040,6881,0,0,0,,0,0,0,,0,0,0,,0,0,0,0,
c21d4186912d4652a7fb5a1b3ef382b6,5010,186764,316,86,694,https://www.youtube.com/watch?v=aV-AaYfARVw,316,86,694,https://www.youtube.com/watch?v=aV-AaYfARVw,0,0,0,,2888,375,244,591,https://www.twitch.tv/videos/2749605557
c3bec3f382754230b178f8278eb550fb,4990,212652,237,106,1397,https://www.youtube.com/watch?v=uKP1AgBYC60,159,77,616,https://www.youtube.com/watch?v=mWr7RmbJUhE,440,192,1397,https://www.youtube.com/watch?v=uKP1AgBYC60,0,0,0,0,
94082eb7d950471b934592394ad3e4c8,4960,292922,0,0,0,,0,0,0,,0,0,0,,0,0,0,0,
36f4fa8dbd7740c3ae5ac02b890fa502,4950,307426,87,47,125,https://www.youtube.com/watch?v=f_VJz_jeajE,87,47,125,https://www.youtube.com/watch?v=f_VJz_jeajE,0,0,0,,1078,0,0,0,
def76c5c31fe4466b5ae6e6940ae6e58,4940,581565,429,258,2170,https://www.youtube.com/watch?v=Qd4DYF4SrOg,414,228,721,https://www.youtube.com/watch?v=07kussYItsw,1173,430,2170,https://www.youtube.com/watch?v=Qd4DYF4SrOg,0,0,0,0,
3589be2c85dc460aa8de768c7a228730,4920,213823,160,102,409,https://www.youtube.com/watch?v=k9i9xn1oDrs,160,102,409,https://www.youtube.com/watch?v=k9i9xn1oDrs,0,0,0,,0,0,0,0,
19c3bdcc95134ef38ad98df3f92f3ccb,4920,315500,157,88,228,https://www.youtube.com/watch?v=Q_OspdTRDM0,157,88,228,https://www.youtube.com/watch?v=Q_OspdTRDM0,0,0,0,,837,64,45,96,https://www.twitch.tv/videos/2745421916
8fd3526ba2074df896bbcb47e713565b,4920,117646,139,61,195,https://www.youtube.com/watch?v=aJK3NkpiR4U,139,61,195,https://www.youtube.com/watch?v=aJK3NkpiR4U,0,0,0,,0,0,0,0,
3c16d0b797bf49c3a4a6c043802ee2ec,4910,34074,0,0,0,,0,0,0,,0,0,0,,0,0,0,0,
17610c1e36214c0f8002456d8b0bcf36,4910,185247,349,42,349,https://www.youtube.com/watch?v=nB4nwrqWrA4,0,0,0,,349,42,349,https://www.youtube.com/watch?v=nB4nwrqWrA4,0,0,0,0,
d0b68b633fba4c02a627751778973f36,4900,111220,175,122,209,https://www.youtube.com/watch?v=Y7QgBNq5K34,175,122,209,https://www.youtube.com/watch?v=Y7QgBNq5K34,0,0,0,,0,0,0,0,
f9c9c29a9fb143539ade06564b99b233,4880,3362,89,34,147,https://www.youtube.com/watch?v=AW0goBuAxls,89,34,147,https://www.youtube.com/watch?v=AW0goBuAxls,0,0,0,,0,0,0,0,
a1bc1c5451e64266a0f21f0847dd8d2f,4880,161673,93,29,325,https://www.youtube.com/watch?v=7UDRo56mQbA,93,52,209,https://www.youtube.com/watch?v=KTAJVDF1MHM,86,26,325,https://www.youtube.com/watch?v=7UDRo56mQbA,439,312,198,406,https://www.twitch.tv/videos/2744508890
e4e33334b43945b6837ec43826f3727f,4870,199258,351,207,3914,https://www.youtube.com/watch?v=RT7d7ypuomI,281,125,488,https://www.youtube.com/watch?v=nR8Lbc9vd1E,1577,478,3914,https://www.youtube.com/watch?v=RT7d7ypuomI,0,0,0,0,
fe8ee7b57ae74a1388127b81b136c7ea,4860,123965,185,60,428,https://www.youtube.com/watch?v=alJ71Ua4WZs,107,60,428,https://www.youtube.com/watch?v=alJ71Ua4WZs,321,125,321,https://www.youtube.com/watch?v=cqL80SSRni4,632,0,0,0,
2e266a71aa3d4a67bb8d9a2a0b573319,4840,278371,0,0,0,,0,0,0,,0,0,0,,41891,3225,1641,6065,https://www.twitch.tv/videos/2745090190
42b8bd7bed2a4ddd930cfd223657e9ca,4840,187246,430,183,1284,https://www.youtube.com/watch?v=o7BjiMj5BlM,289,241,771,https://www.youtube.com/watch?v=U71pIflRSlk,613,140,1284,https://www.youtube.com/watch?v=o7BjiMj5BlM,1317,238,213,663,https://www.twitch.tv/videos/2750986175
32b83b466c11418bb380623a95944302,4830,384047,957,656,957,https://www.youtube.com/watch?v=ywiSNHAIYUw,0,0,0,,957,656,957,https://www.youtube.com/watch?v=ywiSNHAIYUw,3353,281,230,685,https://www.twitch.tv/videos/2755043985
c8ef4e3182b74ecd994c837a75624390,4830,407989,905,402,9672,https://www.youtube.com/watch?v=BRQzQnrtop8,185,84,374,https://www.youtube.com/watch?v=l3UPIpK6Y4c,1086,672,9672,https://www.youtube.com/watch?v=BRQzQnrtop8,0,0,0,0,
e0f419006f244a51804050ede1d1a5aa,4820,1303086,93,57,1886,https://www.youtube.com/watch?v=MRSlybTQprA,81,47,93,https://www.youtube.com/watch?v=8MeLB9gMdaQ,1886,616,1886,https://www.youtube.com/watch?v=MRSlybTQprA,0,0,0,0,
1357f282a9f04f6cbe3e215a0bd20482,4810,121791,564,129,2451,https://www.youtube.com/watch?v=f2xLWigYMqA,0,0,0,,564,129,2451,https://www.youtube.com/watch?v=f2xLWigYMqA,1821,240,136,246,https://www.twitch.tv/videos/2744482774
432458f2f15549919dc6e3706ccbd417,4790,316455,269,20,269,https://www.youtube.com/watch?v=IHldilNDetU,0,0,0,,269,20,269,https://www.youtube.com/watch?v=IHldilNDetU,0,0,0,0,
de81b740d66c439685aa37491d27efc4,4780,456548,0,0,0,,0,0,0,,0,0,0,,4338,263,183,342,https://www.twitch.tv/videos/2750190927
a9f1edc233804d4b90a9996219a3b14b,4770,242380,98,46,328,https://www.youtube.com/watch?v=241YZ6xPt2g,98,46,328,https://www.youtube.com/watch?v=241YZ6xPt2g,0,0,0,,0,0,0,0,
fad69c2a625446829ef410d9ef277c8f,4760,151264,196,138,548,https://www.youtube.com/watch?v=cBD8agOdyMc,196,138,548,https://www.youtube.com/watch?v=cBD8agOdyMc,0,0,0,,0,0,0,0,
9de74d9cd68f481396a3dbd76d529a24,4760,206141,162,80,304,https://www.youtube.com/watch?v=7ATBAV0Zxqo,162,80,304,https://www.youtube.com/watch?v=7ATBAV0Zxqo,0,0,0,,0,0,0,0,
592e95fcfa4e4610959b5635e449813d,4750,322853,0,0,0,,0,0,0,,0,0,0,,757,0,0,0,
1e71d9b4bbb1411b84e1aa428a79c9bc,4750,66720,0,0,0,,0,0,0,,0,0,0,,0,0,0,0,
29294f0665864cee8bb2b48697b9e84f,4750,250958,454,225,1648,https://www.youtube.com/watch?v=PEk7FHexrDk,344,215,1266,https://www.youtube.com/watch?v=cntI4F-zpzE,1246,641,1648,https://www.youtube.com/watch?v=PEk7FHexrDk,307,0,0,0,
b2313ef4c37542c89796ae94dfb8228d,4730,179510,281,113,306,https://www.youtube.com/watch?v=ALXvoWDjNyY,281,113,306,https://www.youtube.com/watch?v=ALXvoWDjNyY,0,0,0,,326,233,145,233,https://www.twitch.tv/videos/2746301324
4d0cbf91a5cb4524862207c5d406d98c,4720,44603,9299,6869,24622,https://www.youtube.com/watch?v=skPufMbEyVY,0,0,0,,9299,6869,24622,https://www.youtube.com/watch?v=skPufMbEyVY,0,0,0,0,
e1b2337b79d1449e9ae6a754ec74050d,4720,607170,236,89,451,https://www.youtube.com/watch?v=jXZkqZCpI78,236,89,451,https://www.youtube.com/watch?v=jXZkqZCpI78,0,0,0,,0,0,0,0,
bcbde4d998e341418ebdf3e26884811d,4720,152506,281,114,543,https://www.youtube.com/watch?v=gEaq_sZ7Tkk,281,114,543,https://www.youtube.com/watch?v=gEaq_sZ7Tkk,0,0,0,,0,0,0,0,
4c8efd1d28d04eeabd21a3c337f154b9,4690,86182,107,54,281,https://www.youtube.com/watch?v=6Aqh5-0oc9c,107,54,281,https://www.youtube.com/watch?v=6Aqh5-0oc9c,0,0,0,,0,0,0,0,
988d1a83ff6c4f82af6be42946987c36,4680,311520,236,89,1441,https://www.youtube.com/watch?v=Ht-mq4rknBI,113,46,402,https://www.youtube.com/watch?v=RUvoox2fJJY,1052,513,1441,https://www.youtube.com/watch?v=Ht-mq4rknBI,0,0,0,0,
b3c1a09b09a54b9a8078d3310d151efe,4660,123344,68,1,68,https://www.youtube.com/watch?v=nUmydZxaHs0,68,1,68,https://www.youtube.com/watch?v=nUmydZxaHs0,0,0,0,,0,0,0,0,
256dd6464e974e118dc8103d5e9eb0b3,4660,98480,1134,242,3998,https://www.youtube.com/watch?v=eRHljEblBxE,0,0,0,,1134,242,3998,https://www.youtube.com/watch?v=eRHljEblBxE,3316,572,421,896,https://www.twitch.tv/videos/2751883224
4cc400969073471f9d2808a807e95f7d,4650,369562,608,195,1823,https://www.youtube.com/watch?v=VEjPeWqO7dk,237,172,237,https://www.youtube.com/watch?v=g41zde9hFzw,615,203,1823,https://www.youtube.com/watch?v=VEjPeWqO7dk,0,0,0,0,
98181ce64b3d45a9aa295c446e1bae9e,4650,117395,0,0,0,,0,0,0,,0,0,0,,573,0,0,0,
c6dab598fcee4b6b9bff76d2e8ffc8e6,4630,324938,285,93,2134,https://www.youtube.com/watch?v=lUmmPb4du8s,138,54,301,https://www.youtube.com/watch?v=p_6Gxz2ukfE,740,352,2134,https://www.youtube.com/watch?v=lUmmPb4du8s,814,0,0,0,
a99bc695c89d41e391a5abf6e781c911,4630,343012,0,0,0,,0,0,0,,0,0,0,,0,0,0,0,
6073eb006b764614915e90b5c54ce7e6,4620,295799,897,667,1392,https://www.youtube.com/watch?v=9SX9lYznouw,0,0,0,,897,667,1392,https://www.youtube.com/watch?v=9SX9lYznouw,3284,487,292,613,https://www.twitch.tv/videos/2746957952
f9c7e5b8bcae492aa838379fb3190c20,4620,211795,0,0,0,,0,0,0,,0,0,0,,0,0,0,0,
4762b7be8b764f19a33a7cf167c2ea64,4610,66516,46,26,66,https://www.youtube.com/watch?v=nyMCe2sGRDU,46,26,66,https://www.youtube.com/watch?v=nyMCe2sGRDU,0,0,0,,0,0,0,0,
4d856c2abee448b8941c27799bb8cb03,4600,57449,12319,8924,35930,https://www.youtube.com/watch?v=XKoqG2Z4yiw,0,0,0,,12319,8924,35930,https://www.youtube.com/watch?v=XKoqG2Z4yiw,0,0,0,0,
33e0b518387b4479a76910366cd2a413,4590,244704,100,54,3999,https://www.youtube.com/watch?v=mDhDvhGTAnI,65,43,140,https://www.youtube.com/watch?v=7EPQ-68Ibas,3162,2151,3999,https://www.youtube.com/watch?v=mDhDvhGTAnI,367,25,20,41,https://www.twitch.tv/videos/2751999998
1aac7d12633a48c2b8f39356ee85de48,4570,123170,0,0,0,,0,0,0,,0,0,0,,2423,0,0,0,
2d9ef8be75c34daf9ce9d17ecbbe0f7a,4550,673115,147,64,340,https://www.youtube.com/watch?v=zBBm-L-kbms,147,64,340,https://www.youtube.com/watch?v=zBBm-L-kbms,0,0,0,,713,43,29,106,https://www.twitch.tv/videos/2745382192
20327c35cc9d4deba93299b790d7d721,4540,246754,216,98,1857,https://www.youtube.com/watch?v=pXvtLmpW_vc,125,57,143,https://www.youtube.com/watch?v=S8QKjaHfmQg,1005,240,1857,https://www.youtube.com/watch?v=pXvtLmpW_vc,0,0,0,0,
d41f0a9dfdec46929f6f9534f8d79167,4540,64242,0,0,0,,0,0,0,,0,0,0,,0,0,0,0,
3dd8c72cab6d494dbd6fbf0a0e3dc41a,4510,309177,247,147,3296,https://www.youtube.com/watch?v=bxiYusMog78,239,121,3296,https://www.youtube.com/watch?v=bxiYusMog78,1265,878,1365,https://www.youtube.com/watch?v=3tiRwOzUB7o,1279,212,166,760,https://www.twitch.tv/videos/2746071102
443df65de03b4bd581708efc29b283ab,4490,71295,0,0,0,,0,0,0,,0,0,0,,2214,0,0,0,
0fa88d7be0ba4850abea150aa73fe440,4480,261414,0,0,0,,0,0,0,,0,0,0,,0,0,0,0,
3a43445829024217b728d04d5398b61c,4440,217416,186,103,566,https://www.youtube.com/watch?v=bUi707BPd90,186,103,566,https://www.youtube.com/watch?v=bUi707BPd90,0,0,0,,0,0,0,0,
b9569d6e438b473ba61d88c0230899f5,4430,262195,122,72,290,https://www.youtube.com/watch?v=HtEpN9SR_8w,114,62,268,https://www.youtube.com/watch?v=6RXXokwa8mg,290,74,290,https://www.youtube.com/watch?v=HtEpN9SR_8w,0,0,0,0,
f53e734fd8ec432da4632f30e899338b,4420,50889,0,0,0,,0,0,0,,0,0,0,,0,0,0,0,
c90914afde364f5e982414615662f5a7,4420,375838,196,88,1441,https://www.youtube.com/watch?v=d3NMp4NwYVw,199,102,1441,https://www.youtube.com/watch?v=d3NMp4NwYVw,122,88,122,https://www.youtube.com/watch?v=vQ8WIGXsfjQ,1991,0,0,0,
52b5fa7ff03945368644f52035a5e798,4410,322907,99,39,543,https://www.youtube.com/watch?v=CfTkal81o5I,99,39,543,https://www.youtube.com/watch?v=CfTkal81o5I,0,0,0,,0,0,0,0,
dabf31fbee9b4214958603268d48b780,4380,34623,11586,7124,14749,https://www.youtube.com/watch?v=8ZFbheFUjYo,0,0,0,,11586,7124,14749,https://www.youtube.com/watch?v=8ZFbheFUjYo,0,0,0,0,
5fd252ad134343a59705e00390c6d9ef,4380,117668,0,0,0,,0,0,0,,0,0,0,,1421,256,76,444,https://www.twitch.tv/videos/2742733735
627d42f52e604f3e8eadc7f04ef74d2a,4380,214373,0,0,0,,0,0,0,,0,0,0,,3515,391,266,979,https://www.twitch.tv/videos/2746757806
98187e2cc8c34f5d8e0853bffc1a30c9,4370,147424,2124,1380,2124,https://www.youtube.com/watch?v=NGn6Z9groFI,0,0,0,,2124,1380,2124,https://www.youtube.com/watch?v=NGn6Z9groFI,0,0,0,0,
bd7d712e0946448aa29a1d213d1c1beb,4370,135465,212,146,12827,https://www.youtube.com/watch?v=DREDNLFyr1M,152,89,225,https://www.youtube.com/watch?v=5iUDzHPPslI,1935,927,12827,https://www.youtube.com/watch?v=DREDNLFyr1M,321,264,184,455,https://www.twitch.tv/videos/2751922201
caf08c74dd7b4919bca49eef394d5475,4360,663582,1255,253,4008,https://www.youtube.com/watch?v=4ccFeJz7_wE,154,117,321,https://www.youtube.com/watch?v=C-7TTspfFOM,1622,677,4008,https://www.youtube.com/watch?v=4ccFeJz7_wE,3633,805,405,2048,https://www.twitch.tv/videos/2741927135
ccc1420185ad46d49d40b6b774db9b11,4360,242332,115,49,169,https://www.youtube.com/watch?v=rOHzLSnsOwU,131,52,169,https://www.youtube.com/watch?v=rOHzLSnsOwU,95,49,115,https://www.youtube.com/watch?v=Lbmwu5_0DbQ,772,99,57,188,https://www.twitch.tv/videos/2752691079
a2c7c34474174cd2bffcc17a32aeec21,4350,297122,106,72,1276,https://www.youtube.com/watch?v=6zxvd7FFMSg,77,37,125,https://www.youtube.com/watch?v=WlUCsF0ZlN8,775,617,1276,https://www.youtube.com/watch?v=6zxvd7FFMSg,924,54,51,54,https://www.twitch.tv/videos/2754252699
f658ebdc79bf4cef928a87d3a35855a5,4350,76476,40,31,41,https://www.youtube.com/watch?v=UZxOOrU3qqM,40,31,41,https://www.youtube.com/watch?v=UZxOOrU3qqM,0,0,0,,0,0,0,0,
16197a62aec94bcfa2e73220f291369b,4340,82033,0,0,0,,0,0,0,,0,0,0,,0,0,0,0,
836fc798e2ec48b9985333de75d490ac,4330,389968,0,0,0,,0,0,0,,0,0,0,,0,0,0,0,
3f36658defc1428b8d4628478ef59256,4330,340276,594,345,2430,https://www.youtube.com/watch?v=uJ3px5gcY7Q,437,265,2430,https://www.youtube.com/watch?v=uJ3px5gcY7Q,813,405,1553,https://www.youtube.com/watch?v=_fS1JUnA4fs,0,0,0,0,
9ceaafbe1a9a41bb9526b113354e03cc,4330,328450,187,115,1779,https://www.youtube.com/watch?v=Rt4G2pW0e6k,172,71,220,https://www.youtube.com/watch?v=1qhhKy7gvQA,1455,689,1779,https://www.youtube.com/watch?v=Rt4G2pW0e6k,0,0,0,0,
f4fc9f87ed4b4f05a339b1f1a1d621b6,4320,92079,0,0,0,,0,0,0,,0,0,0,,0,0,0,0,
81387cdce77a4a9b9338145b28ae9ff6,4300,0,0,0,0,,0,0,0,,0,0,0,,0,0,0,0,
db1c4d81f03f4b04aca36b8b5b2b9c62,4290,92859,150,90,217,https://www.youtube.com/watch?v=8_1uAu9eXIc,150,90,217,https://www.youtube.com/watch?v=8_1uAu9eXIc,0,0,0,,438,0,0,0,
de071f4fc90344748afac14099022672,4290,109271,1775,260,2184,https://www.youtube.com/watch?v=pBdB9dOvmZY,0,0,0,,1775,260,2184,https://www.youtube.com/watch?v=pBdB9dOvmZY,7977,2758,561,10326,https://www.twitch.tv/videos/2749253203
0ede84dfc1ff426cb42643d7390d2937,4260,706653,252,162,5247,https://www.youtube.com/watch?v=xmkECPorjdI,172,102,5247,https://www.youtube.com/watch?v=xmkECPorjdI,1764,1029,3687,https://www.youtube.com/watch?v=NDSEWrv_kxM,1688,326,181,326,https://www.twitch.tv/videos/2744577267
caebfeea12c840f0ae0f0e2beb57b4e2,4250,223647,910,229,910,https://www.youtube.com/watch?v=VcQ41Wpfn9g,0,0,0,,910,229,910,https://www.youtube.com/watch?v=VcQ41Wpfn9g,0,0,0,0,
ba41581d315943fdaebe0dc981020d1c,4240,228628,97,46,175,https://www.youtube.com/watch?v=D7O8FgGYvW8,136,69,175,https://www.youtube.com/watch?v=D7O8FgGYvW8,92,46,147,https://www.youtube.com/watch?v=g89StP53Yn4,0,0,0,0,
c17ad3ef81904c26982024c9af1f0f3a,4230,177835,2530,842,3461,https://www.youtube.com/watch?v=GU38Fw_PAic,0,0,0,,2530,842,3461,https://www.youtube.com/watch?v=GU38Fw_PAic,3437,195,154,311,https://www.twitch.tv/videos/2748042509
872627e5c7a248bfb41a055dee03029a,4220,127775,197,82,2300,https://www.youtube.com/watch?v=VafuJP6sRmA,23,10,66,https://www.youtube.com/watch?v=wjJAwuarKIo,311,160,2300,https://www.youtube.com/watch?v=VafuJP6sRmA,756,0,0,0,
58bb51ba1bba485a98cbf859fb5687f4,4210,455689,714,205,2259,https://www.youtube.com/watch?v=luhnJJwSM_U,127,98,357,https://www.youtube.com/watch?v=7uD4gJ4S25o,1177,481,2259,https://www.youtube.com/watch?v=luhnJJwSM_U,1829,0,0,0,
2683fa864bd24112b6f7d04afb096a4e,4210,223460,378,149,2310,https://www.youtube.com/watch?v=edgg6d3kZLY,230,78,378,https://www.youtube.com/watch?v=TVfRrRiZZgk,1566,735,2310,https://www.youtube.com/watch?v=edgg6d3kZLY,362,0,0,0,
3e340f9122814acc84ff51a0aec8ae13,4210,128890,0,0,0,,0,0,0,,0,0,0,,0,0,0,0,
62f0f99b50d84bef91d06efdfe1c011e,4210,125949,0,0,0,,0,0,0,,0,0,0,,0,0,0,0,
58e377df63f745fc8473368b20afe2ae,4210,227522,58,21,117,https://www.youtube.com/watch?v=fMHwm0PmYdg,58,21,117,https://www.youtube.com/watch?v=fMHwm0PmYdg,0,0,0,,304,6,5,6,https://www.twitch.tv/videos/2752794959
50433c34f368460c9cda947f292a62b4,4180,326045,526,181,795,https://www.youtube.com/watch?v=pfD3ku1JRRE,526,250,795,https://www.youtube.com/watch?v=pfD3ku1JRRE,534,81,651,https://www.youtube.com/watch?v=obyIzqqdjvk,0,0,0,0,
613b1c970cbf444980eba674ab40d807,4180,152764,0,0,0,,0,0,0,,0,0,0,,0,0,0,0,
c21605e81c714d7d9d66a627984dc30b,4180,0,0,0,0,,0,0,0,,0,0,0,,0,0,0,0,
01bebf0363a94b16b2313053c90a1c8a,4170,118601,81,58,171,https://www.youtube.com/watch?v=O2a70ZV089I,81,58,171,https://www.youtube.com/watch?v=O2a70ZV089I,0,0,0,,423,0,0,0,
6fb8c6dea7404638a9d78d4b0d84f64c,4160,29918,680,378,1208,https://www.youtube.com/watch?v=vtPQaw2EOfU,680,378,1208,https://www.youtube.com/watch?v=vtPQaw2EOfU,0,0,0,,2854,0,0,0,
ad6cf3322d204c79afa7d14d4d36473c,4150,305553,1782,830,2456,https://www.youtube.com/watch?v=ndpMhAWgV1E,0,0,0,,1782,830,2456,https://www.youtube.com/watch?v=ndpMhAWgV1E,0,0,0,0,
7f049d05ff3a4946998b9ddd7df409fd,4150,136707,129,74,1602,https://www.youtube.com/watch?v=A41AEY16tqg,123,57,472,https://www.youtube.com/watch?v=VWbzBOA50aA,1427,1179,1602,https://www.youtube.com/watch?v=A41AEY16tqg,2304,148,105,311,https://www.twitch.tv/videos/2753485838
16b8db1818764f81addb322d109b5da3,4140,243954,617,160,1470,https://www.youtube.com/watch?v=ViV1tEGJTUw,474,121,617,https://www.youtube.com/watch?v=g6vy8h0PLI8,1413,726,1470,https://www.youtube.com/watch?v=ViV1tEGJTUw,0,0,0,0,
ffb8b8f15321474a98628cb638631bf1,4130,812709,0,0,0,,0,0,0,,0,0,0,,0,0,0,0,
d66fb507852f4d889e426c8ea0f9f246,4120,171443,449,184,2087,https://www.youtube.com/watch?v=46ikU4JNiNA,444,187,2087,https://www.youtube.com/watch?v=46ikU4JNiNA,782,14,782,https://www.youtube.com/watch?v=JuvyWufB0cI,502,0,0,0,
65d2f574783c4c6297aaa915a891acda,4120,14878,0,0,0,,0,0,0,,0,0,0,,0,0,0,0,
90446c6f1b704ff6b0fbbf017f0a68c5,4110,148158,453,212,655,https://www.youtube.com/watch?v=9EDvVdyCFRs,361,237,655,https://www.youtube.com/watch?v=9EDvVdyCFRs,545,187,545,https://www.youtube.com/watch?v=DE91YFYAtq4,0,0,0,0,
1ea5aa0a7a7d401b897630667cf4b44e,4100,217136,99,39,299,https://www.youtube.com/watch?v=oq8f53ZT45o,99,39,299,https://www.youtube.com/watch?v=oq8f53ZT45o,0,0,0,,1230,310,204,404,https://www.twitch.tv/videos/2752756463
637b3a1eb03443248ebd1caba56e6b5a,4100,179146,406,132,1072,https://www.youtube.com/watch?v=vWrg6LWrYdI,406,132,1072,https://www.youtube.com/watch?v=vWrg6LWrYdI,0,0,0,,0,0,0,0,
8b027d3a3f374c9c8398b6dd751e5018,4080,1261,0,0,0,,0,0,0,,0,0,0,,37388,4752,1668,12071,https://www.twitch.tv/videos/2742905961
9d74c909706a450ea35c1777cac79e77,4080,441248,236,123,902,https://www.youtube.com/watch?v=qS2jEMvY6r0,231,123,755,https://www.youtube.com/watch?v=2v_w7ajo40M,633,67,902,https://www.youtube.com/watch?v=qS2jEMvY6r0,866,106,87,106,https://www.twitch.tv/videos/2751021654
d177ac8568a14720b35bcc1a829aff51,4060,160885,136,51,232,https://www.youtube.com/watch?v=VDtb3mxCyfQ,136,51,232,https://www.youtube.com/watch?v=VDtb3mxCyfQ,0,0,0,,0,0,0,0,
eda6bf91049349e08f0f269fb4f8c0f9,4050,142497,96,44,1717,https://www.youtube.com/watch?v=GuC-iof1tf8,76,34,133,https://www.youtube.com/watch?v=3dus3umOF8g,1041,402,1717,https://www.youtube.com/watch?v=GuC-iof1tf8,194,0,0,0,
b516b71a9e8d43b8a377dabe1f9057dd,4040,115916,97,38,481,https://www.youtube.com/watch?v=5IdPVe9ufpE,82,38,147,https://www.youtube.com/watch?v=G-ny26JnEWY,138,46,481,https://www.youtube.com/watch?v=5IdPVe9ufpE,530,49,38,58,https://www.twitch.tv/videos/2745351816
48fd85a178c24579ac7d8f43f1e5bc39,4030,163098,0,0,0,,0,0,0,,0,0,0,,180,0,0,0,
cd44db2c12a54568963299704aa8d4a6,4020,106247,0,0,0,,0,0,0,,0,0,0,,320,0,0,0,
4a44ee7065ae41ad8d70469297599df8,4020,1124286,38,20,38,https://www.youtube.com/watch?v=tNMNe1h6Olc,38,20,38,https://www.youtube.com/watch?v=tNMNe1h6Olc,0,0,0,,0,0,0,0,
c9ac78b9004c4c26ba4107ccefe399ec,4010,170153,78,58,288,https://www.youtube.com/watch?v=eUG4XJKU9RY,78,58,288,https://www.youtube.com/watch?v=eUG4XJKU9RY,0,0,0,,0,0,0,0,
2bf038f2a9514434aefa4ef7b2140f56,3960,153697,501,276,1864,https://www.youtube.com/watch?v=AFzGRHWYX_M,444,264,685,https://www.youtube.com/watch?v=zgjjHqReTT0,1343,459,1864,https://www.youtube.com/watch?v=AFzGRHWYX_M,502,456,356,1092,https://www.twitch.tv/videos/2752576956
f03fa714465e44ef8d339474bd0f4a02,3960,126942,260,87,2025,https://www.youtube.com/watch?v=rSk1C9YLpxg,223,74,293,https://www.youtube.com/watch?v=YncANju04Bc,771,299,2025,https://www.youtube.com/watch?v=rSk1C9YLpxg,0,0,0,0,
9db6beb02e774aa7a97ba8674a5a8f9d,3950,82236,0,0,0,,0,0,0,,0,0,0,,197,0,0,0,
ec12bbfb27d24091aa6a7d64ff9429ea,3950,101786,418,304,418,https://www.youtube.com/watch?v=GZ8Cjbmf-mc,0,0,0,,418,304,418,https://www.youtube.com/watch?v=GZ8Cjbmf-mc,5286,505,230,956,https://www.twitch.tv/videos/2744647551
6b8922c9532e435eb4f03cabc8bb23b1,3940,134926,0,0,0,,0,0,0,,0,0,0,,0,0,0,0,
00d9cb7b0bcd451999f4fd33dd84be6c,3930,715462,191,100,1896,https://www.youtube.com/watch?v=GN1dYAmU3f0,142,96,434,https://www.youtube.com/watch?v=s58FZXbJ63g,658,335,1896,https://www.youtube.com/watch?v=GN1dYAmU3f0,4875,354,232,2691,https://www.twitch.tv/videos/2734615645
f332651666ff4dcfab45f08a39a62d8d,3920,0,0,0,0,,0,0,0,,0,0,0,,0,0,0,0,
780f8a72bb1543a79feb5730b42130c6,3900,236313,971,491,2118,https://www.youtube.com/watch?v=mQGiB-aZDx4,334,209,365,https://www.youtube.com/watch?v=OldyLhVKIuk,1405,692,2118,https://www.youtube.com/watch?v=mQGiB-aZDx4,0,0,0,0,
5cff30a1695346368e3ea7a7c7af4286,3880,400249,53,17,53,https://www.youtube.com/watch?v=7qIZw3OMXFM,0,0,0,,53,17,53,https://www.youtube.com/watch?v=7qIZw3OMXFM,761,0,0,0,
99cc071a06b949bf8515609757fa9d7e,3880,166563,0,0,0,,0,0,0,,0,0,0,,476,0,0,0,
4b8f55c74e594978bb461a27b3924336,3870,104821,207,75,314,https://www.youtube.com/watch?v=PHCgV7P3c6c,207,75,314,https://www.youtube.com/watch?v=PHCgV7P3c6c,0,0,0,,835,0,0,0,
6bf5f37da9e74d539963689b6b0256a5,3870,489715,281,131,1359,https://www.youtube.com/watch?v=k4ygl29pWyg,149,83,370,https://www.youtube.com/watch?v=GVoa3OAhQbg,1168,455,1359,https://www.youtube.com/watch?v=k4ygl29pWyg,0,0,0,0,
3727892a417b429aa063c7300e132966,3860,226419,0,0,0,,0,0,0,,0,0,0,,0,0,0,0,
9c1450789da443f491a66e6f121482fc,3850,311069,479,185,1403,https://www.youtube.com/watch?v=jJCHpaW0mp8,351,147,719,https://www.youtube.com/watch?v=wp_yO7RQ3yE,811,243,1403,https://www.youtube.com/watch?v=jJCHpaW0mp8,384,0,0,0,
0490d9546bce4068a0f52b39046bdf91,3850,104073,676,242,2590,https://www.youtube.com/watch?v=CdlpRUNvIrE,138,95,191,https://www.youtube.com/watch?v=pEGaX8Cf07c,1023,533,2590,https://www.youtube.com/watch?v=CdlpRUNvIrE,4266,520,412,947,https://www.twitch.tv/videos/2751974458
368336c76b5b4ba1b28e5381d0b8b26d,3850,147493,0,0,0,,0,0,0,,0,0,0,,0,0,0,0,
a03628db891e4e8c9a54bc5161f1f2f4,3850,193295,462,24,462,https://www.youtube.com/watch?v=a1HIjQeANRc,0,0,0,,462,24,462,https://www.youtube.com/watch?v=a1HIjQeANRc,617,154,120,1177,https://www.twitch.tv/videos/2746092120
20f361a84fb3439999c550c10fcf5642,3840,89157,0,0,0,,0,0,0,,0,0,0,,1650,0,0,0,
edbd401267284e8886c1fd27d08283d4,3830,71201,0,0,0,,0,0,0,,0,0,0,,1031,0,0,0,
7b2d1d71057b4ac2a16109b980a99e28,3830,186419,199,118,5687,https://www.youtube.com/watch?v=bnKlcQyKwbk,139,91,210,https://www.youtube.com/watch?v=DBHxuLng1xE,1419,638,5687,https://www.youtube.com/watch?v=bnKlcQyKwbk,0,0,0,0,
f18910b4b83a48558f16836f4c1488eb,3830,120339,0,0,0,,0,0,0,,0,0,0,,0,0,0,0,
b0f00fccf8a14655911360748c4699cd,3800,147752,341,112,2058,https://www.youtube.com/watch?v=H38O2tH6PfU,100,57,137,https://www.youtube.com/watch?v=4uqpu-gtrwY,1144,568,2058,https://www.youtube.com/watch?v=H38O2tH6PfU,0,0,0,0,
c371d4c7f516451bac8ae3a9a13dc7f2,3790,122283,109,52,184,https://www.youtube.com/watch?v=Qo39TEkKdzA,109,56,184,https://www.youtube.com/watch?v=Qo39TEkKdzA,135,12,135,https://www.youtube.com/watch?v=VeclOc36k_s,1472,96,75,149,https://www.twitch.tv/videos/2749394816
342b158ba02d4103a1407d62fe786f5e,3780,180044,0,0,0,,0,0,0,,0,0,0,,1639,0,0,0,
7ddebf4d8f6d4c63a4fc7268d8113c10,3780,471660,416,52,1370,https://www.youtube.com/watch?v=5r-bp_9OXd0,0,0,0,,416,52,1370,https://www.youtube.com/watch?v=5r-bp_9OXd0,6420,873,590,6778,https://www.twitch.tv/videos/2745366096
3a4fe2f4720747ceabc87b3327ab2b17,3780,104534,180,48,180,https://www.youtube.com/watch?v=B5pcYC4PSQU,180,48,180,https://www.youtube.com/watch?v=B5pcYC4PSQU,0,0,0,,0,0,0,0,
ba5ed25718a7421cb15cd0ec62df723e,3770,149600,212,151,459,https://www.youtube.com/watch?v=iVPRlnI2Qpk,212,151,459,https://www.youtube.com/watch?v=iVPRlnI2Qpk,0,0,0,,482,0,0,0,
73827056b15849549388f720dde25c01,3770,178674,527,227,1331,https://www.youtube.com/watch?v=PQAw4JESsis,468,204,672,https://www.youtube.com/watch?v=KqakBIK8uoU,987,356,1331,https://www.youtube.com/watch?v=PQAw4JESsis,0,0,0,0,
db4fd03c50654057bd32b9201666b345,3760,186932,0,0,0,,0,0,0,,0,0,0,,2316,0,0,0,
c01af5d5f9b74ac29b51dcae0dc55a2d,3750,290312,201,68,1753,https://www.youtube.com/watch?v=etIKb_wD00I,615,169,615,https://www.youtube.com/watch?v=x9aqO15_Bn4,186,64,1753,https://www.youtube.com/watch?v=etIKb_wD00I,0,0,0,0,
b211eff7fcd04d47b81ed440890edabb,3740,97765,0,0,0,,0,0,0,,0,0,0,,377,0,0,0,
601b56797a3246f49cead93e9e190a49,3730,149525,0,0,0,,0,0,0,,0,0,0,,0,0,0,0,
42e2bc7c16734352b2e18a82e48844ec,3720,535809,371,155,2044,https://www.youtube.com/watch?v=EwpiejHMpTg,371,155,2044,https://www.youtube.com/watch?v=EwpiejHMpTg,0,0,0,,0,0,0,0,
2f80e2f83d254bbdbf48b9c8b3fca995,3720,152119,196,101,489,https://www.youtube.com/watch?v=cZ8rese3sqo,194,105,489,https://www.youtube.com/watch?v=cZ8rese3sqo,272,96,272,https://www.youtube.com/watch?v=CLCc_aMjGBc,0,0,0,0,
ed4666af39034d54913aba64cfea6f47,3690,338090,438,204,898,https://www.youtube.com/watch?v=wdoRshTGX0g,438,204,898,https://www.youtube.com/watch?v=wdoRshTGX0g,0,0,0,,0,0,0,0,
907d39ec8a394cdcb645bd4b2e6351e7,3670,100438,102,21,130,https://www.youtube.com/watch?v=og2MnnXJijw,102,21,130,https://www.youtube.com/watch?v=og2MnnXJijw,0,0,0,,0,0,0,0,
a246e7561e5f40799a48eeca69951b7b,3670,182506,116,44,142,https://www.youtube.com/watch?v=JrjyhGqq02s,116,44,142,https://www.youtube.com/watch?v=JrjyhGqq02s,0,0,0,,129,0,0,0,
dadb89bee9044261848ad444625d94f7,3650,58077,127,77,2073,https://www.youtube.com/watch?v=KAUeoA_gxtQ,96,37,140,https://www.youtube.com/watch?v=SkH82X4AWrU,434,234,2073,https://www.youtube.com/watch?v=KAUeoA_gxtQ,0,0,0,0,
bc70de85cb744f13bffae8a81ebd6bb4,3640,92788,0,0,0,,0,0,0,,0,0,0,,0,0,0,0,
286c24a67720434bbb4290d49fb42a54,3610,196609,110,57,1838,https://www.youtube.com/watch?v=HMyvF78JIKc,102,54,230,https://www.youtube.com/watch?v=lV2AHEXbeK8,1831,1400,1838,https://www.youtube.com/watch?v=HMyvF78JIKc,0,0,0,0,
e76a030f33bc48a58257b261f95ee3af,3610,144614,135,50,236,https://www.youtube.com/watch?v=wa8PxONuHKg,135,50,236,https://www.youtube.com/watch?v=wa8PxONuHKg,0,0,0,,0,0,0,0,
3506a4f43442492e83c6fbe4cdb09aba,3610,61014,0,0,0,,0,0,0,,0,0,0,,0,0,0,0,
b95eb39c5bb74de687696afbc31fb836,3600,100837,178,25,198,https://www.youtube.com/watch?v=wnLrN787_Fo,178,25,198,https://www.youtube.com/watch?v=wnLrN787_Fo,0,0,0,,398,123,21,241,https://www.twitch.tv/videos/2741337490
c2bbc6bca92c4825b72d635634197e2b,3600,223022,0,0,0,,0,0,0,,0,0,0,,0,0,0,0,
e93734c51e5141419d44dc147f1c5420,3590,57476,0,0,0,,0,0,0,,0,0,0,,0,0,0,0,
b1c9458ca89b44bab0f09883ef40c45c,3590,115565,130,63,659,https://www.youtube.com/watch?v=TIbvsjVbqXc,130,63,659,https://www.youtube.com/watch?v=TIbvsjVbqXc,0,0,0,,0,0,0,0,
0df008566e92461eb808c5b3ba9c7f0f,3590,121483,46,16,142,https://www.youtube.com/watch?v=m029DQSmSO4,46,16,142,https://www.youtube.com/watch?v=m029DQSmSO4,0,0,0,,0,0,0,0,
644ed2200e8a446bae2920103d1015e3,3580,128630,90,59,468,https://www.youtube.com/watch?v=NSi6G48kmDk,81,48,142,https://www.youtube.com/watch?v=mD5UWCsSRM0,225,128,468,https://www.youtube.com/watch?v=NSi6G48kmDk,0,0,0,0,
7caa52181a744f68be9e3995c7adec24,3570,41780,154,64,211,https://www.youtube.com/watch?v=5AJFopuXmP8,154,64,211,https://www.youtube.com/watch?v=5AJFopuXmP8,0,0,0,,0,0,0,0,
4d9730dc400443e6b8edb719febd5f46,3570,74109,130,44,160,https://www.youtube.com/watch?v=tO4X1HRThjE,130,44,160,https://www.youtube.com/watch?v=tO4X1HRThjE,0,0,0,,770,43,26,67,https://www.twitch.tv/videos/2750401773
c16daca9d8b84b18a38ab97cdcd7577a,3570,369945,273,84,1492,https://www.youtube.com/watch?v=GLG8LtAtla4,273,81,1300,https://www.youtube.com/watch?v=F0JqoAvR0iw,219,96,1492,https://www.youtube.com/watch?v=GLG8LtAtla4,0,0,0,0,
5f9767b104b54292bf6dd29863c0c6b1,3570,354394,754,302,1881,https://www.youtube.com/watch?v=7uXsXF3Ev5c,81,67,96,https://www.youtube.com/watch?v=11X0WWX-TQI,1133,584,1881,https://www.youtube.com/watch?v=7uXsXF3Ev5c,0,0,0,0,
041976bda8b8410a99af25fc4cb87970,3560,124274,1228,67,1228,https://www.youtube.com/watch?v=sTn-v24g7jo,0,0,0,,1228,67,1228,https://www.youtube.com/watch?v=sTn-v24g7jo,133,0,0,0,
8b69d6c508194b93b14fc056038160ab,3550,82017,0,0,0,,0,0,0,,0,0,0,,1964,170,149,259,https://www.twitch.tv/videos/2749281189
8961bc96eec34a99ad58505bae3f58f1,3550,157050,96,15,113,https://www.youtube.com/watch?v=dWCN1jSwZz8,96,15,113,https://www.youtube.com/watch?v=dWCN1jSwZz8,0,0,0,,0,0,0,0,
d78d72ce0aac4c9d9c5c16604209ced3,3540,176320,553,210,1540,https://www.youtube.com/watch?v=LKz5S68VxW8,553,210,1540,https://www.youtube.com/watch?v=LKz5S68VxW8,0,0,0,,0,0,0,0,
64bba754590e41c5b58df1c536d4e865,3530,130958,152,51,201,https://www.youtube.com/watch?v=LqmyllRRQh0,152,51,201,https://www.youtube.com/watch?v=LqmyllRRQh0,0,0,0,,725,291,268,1160,https://www.twitch.tv/videos/2748912738
54b0131ceb734643b23b1eefee31cca0,3510,263957,251,30,251,https://www.youtube.com/watch?v=LO-Hhil1hj4,0,0,0,,251,30,251,https://www.youtube.com/watch?v=LO-Hhil1hj4,747,0,0,0,
edf9e466820347828b0d2d10e5e9bb72,3500,230366,37,25,1441,https://www.youtube.com/watch?v=6hjmFo6UMdg,37,25,75,https://www.youtube.com/watch?v=swhM18bwAAg,177,62,1441,https://www.youtube.com/watch?v=6hjmFo6UMdg,485,0,0,0,
07b9e0f7118446be96cc2d12f5d8ad02,3500,132383,0,0,0,,0,0,0,,0,0,0,,12216,601,353,601,https://www.twitch.tv/videos/2745349228
4b79f7afd84a42b98d11bd1c5cb6478c,3490,93558,0,0,0,,0,0,0,,0,0,0,,0,0,0,0,
f45249f9d8094f9d85f6d02aec4af029,3490,772937,242,93,1496,https://www.youtube.com/watch?v=CKPciEaMGUQ,184,92,242,https://www.youtube.com/watch?v=LCE0k3KnJBs,1496,866,1496,https://www.youtube.com/watch?v=CKPciEaMGUQ,0,0,0,0,
8c25e14dcc3a4f71895d58924c69dc0a,3480,182027,0,0,0,,0,0,0,,0,0,0,,0,0,0,0,
de362d2d371446d898953e74e27abd2a,3480,387883,175,72,2508,https://www.youtube.com/watch?v=f_iY5_sRV0o,109,29,744,https://www.youtube.com/watch?v=thWy9qbOdV4,256,201,2508,https://www.youtube.com/watch?v=f_iY5_sRV0o,0,0,0,0,
a60e76fb18f44818980d7d5b07cf82c9,3480,158717,895,360,2045,https://www.youtube.com/watch?v=NkZfxia08WQ,796,303,1241,https://www.youtube.com/watch?v=fPXGAVq3n14,1361,513,2045,https://www.youtube.com/watch?v=NkZfxia08WQ,472,746,606,1556,https://www.twitch.tv/videos/2748678908
4c34c44a98974b709f7dbc7618847fd6,3480,262047,455,212,1266,https://www.youtube.com/watch?v=tLxE71NIeIs,0,0,0,,455,212,1266,https://www.youtube.com/watch?v=tLxE71NIeIs,11567,1075,476,1447,https://www.twitch.tv/videos/2731318743
01ba034aab854ec680fe6f1ddc7008e2,3470,165180,98,45,128,https://www.youtube.com/watch?v=aoGEVN0wkn0,98,45,128,https://www.youtube.com/watch?v=aoGEVN0wkn0,0,0,0,,0,0,0,0,
cf648a09bdbc45429f4fae7dfff1a040,3440,43659,0,0,0,,0,0,0,,0,0,0,,0,0,0,0,
9881cf3008684e55aea70a2499e84163,3440,396520,256,113,2094,https://www.youtube.com/watch?v=sj_pWIOEjU4,225,78,599,https://www.youtube.com/watch?v=3BHPcx4IYFY,996,482,2094,https://www.youtube.com/watch?v=sj_pWIOEjU4,165,0,0,0,
7bf1f37dccbe4c72860c81a2772b91e1,3430,1550946,23,16,119,https://www.youtube.com/watch?v=MCXTOppNvhI,20,16,119,https://www.youtube.com/watch?v=MCXTOppNvhI,49,31,87,https://www.youtube.com/watch?v=aRZEa8s_p5I,66,0,0,0,
4d347ba9ca0c41c59cda553ebe4af5b1,3430,137582,80,58,91,https://www.youtube.com/watch?v=Y--Uk-AbcZA,80,58,91,https://www.youtube.com/watch?v=Y--Uk-AbcZA,0,0,0,,1243,0,0,0,
7748d3ab76f34e06abb9d116bb432de2,3420,62398,0,0,0,,0,0,0,,0,0,0,,1650,0,0,0,
4f5a88e0193a4c948f7e84c56303db82,3420,90321,126,79,246,https://www.youtube.com/watch?v=AkeahhQYrnA,126,79,246,https://www.youtube.com/watch?v=AkeahhQYrnA,0,0,0,,0,0,0,0,
76cafd8f4f5e41cbad5e0520520fcc1b,3400,0,0,0,0,,0,0,0,,0,0,0,,0,0,0,0,
9379ed7f979440218e22b8db58dd0dd1,3400,206993,360,96,429,https://www.youtube.com/watch?v=zL0mBIm5bx4,360,96,429,https://www.youtube.com/watch?v=zL0mBIm5bx4,0,0,0,,572,0,0,0,
4d01ec47d0804a47a9fef6d9d01d9c29,3390,88593,0,0,0,,0,0,0,,0,0,0,,2173,142,116,425,https://www.twitch.tv/videos/2753987338
02cf3719d4f44b7dbedc324ef8b0702e,3380,64013,0,0,0,,0,0,0,,0,0,0,,0,0,0,0,
70a7428607b845fc959fb7d4859d018b,3380,343798,0,0,0,,0,0,0,,0,0,0,,18638,0,0,0,
46145dc9eaab4a84898468905a4759b0,3370,76277,81,49,100,https://www.youtube.com/watch?v=YgGXH5W7NXs,0,0,0,,81,49,100,https://www.youtube.com/watch?v=YgGXH5W7NXs,0,0,0,0,
53d808d5b57f452a96d67861f3da1f8c,3360,122507,578,293,5498,https://www.youtube.com/watch?v=xxrwamvea2I,490,266,865,https://www.youtube.com/watch?v=FBPkD1OtRiQ,1807,363,5498,https://www.youtube.com/watch?v=xxrwamvea2I,222,0,0,0,
2ceecb98e47845eab5e3d8d33bd53895,3360,103502,149,81,201,https://www.youtube.com/watch?v=-7gJHuCWkAE,149,81,201,https://www.youtube.com/watch?v=-7gJHuCWkAE,0,0,0,,0,0,0,0,
9ad37d3249e24861bc8cb84368883258,3350,206684,95,26,3772,https://www.youtube.com/watch?v=ATAkX38BMYA,84,24,184,https://www.youtube.com/watch?v=Lkp75_TtwCg,985,53,3772,https://www.youtube.com/watch?v=ATAkX38BMYA,0,0,0,0,
8e249f04f6cb48bda24f1513a472f4d8,3350,269204,0,0,0,,0,0,0,,0,0,0,,0,0,0,0,
c485c46db92a4cda909347804da07153,3340,79368,72,42,83,https://www.youtube.com/watch?v=3acUgGVlggg,72,42,83,https://www.youtube.com/watch?v=3acUgGVlggg,0,0,0,,388,135,87,253,https://www.twitch.tv/videos/2754162903
0e8150c7419f4c1d94d8ccfb41a04280,3340,327496,0,0,0,,0,0,0,,0,0,0,,0,0,0,0,
c7a3d726bb4243cabb70dfd1e9545cd0,3340,160397,89,47,200,https://www.youtube.com/watch?v=P-QV7BLm8GQ,89,47,200,https://www.youtube.com/watch?v=P-QV7BLm8GQ,0,0,0,,0,0,0,0,
049cb6d09a3b4db49962aa5b8e468a3f,3340,28741,0,0,0,,0,0,0,,0,0,0,,1247,0,0,0,
a7810f3ba1af43ff888ccbbe477a1356,3340,32480,0,0,0,,0,0,0,,0,0,0,,675,0,0,0,
dd0401d23f5444c69b9d10db3b22d444,3320,131735,144,52,1790,https://www.youtube.com/watch?v=Xmg8dkXs-Do,137,51,198,https://www.youtube.com/watch?v=374SwHXK06o,1790,1410,1790,https://www.youtube.com/watch?v=Xmg8dkXs-Do,24,0,0,0,
8125f51f9526408790a77c1c7b4a053b,3320,101274,93,17,161,https://www.youtube.com/watch?v=bwQ01n8wZr8,0,0,0,,93,17,161,https://www.youtube.com/watch?v=bwQ01n8wZr8,3273,0,0,0,
288f2fba52bf4d6b9e0ba66e03439837,3300,52515,0,0,0,,0,0,0,,0,0,0,,2333,0,0,0,
de7f8ba1753d4e4cb95e6ac99007eacc,3290,91983,238,121,1458,https://www.youtube.com/watch?v=_H2gJHkLTik,232,113,484,https://www.youtube.com/watch?v=zfMHfdEwQqk,920,134,1458,https://www.youtube.com/watch?v=_H2gJHkLTik,0,0,0,0,
f5a683eeac6b4936b44d547c1e4edbc2,3260,63022,162,106,294,https://www.youtube.com/watch?v=vgbLvVuDqdY,155,126,294,https://www.youtube.com/watch?v=vgbLvVuDqdY,193,72,193,https://www.youtube.com/watch?v=L5W9mJFbi1M,117,32,29,48,https://www.twitch.tv/videos/2752556545
cb5ff5f1898a45b1bc27a32057a1fa91,3260,71823,0,0,0,,0,0,0,,0,0,0,,2177,0,0,0,
0ac7e05c8a3842e7bd1401652ce2bf4f,3250,131298,84,31,220,https://www.youtube.com/watch?v=117ZWUtSA5g,84,31,220,https://www.youtube.com/watch?v=117ZWUtSA5g,0,0,0,,0,0,0,0,
0f9d996c066a406dbe04161776c17461,3240,177055,131,106,514,https://www.youtube.com/watch?v=aJ6MfNFhinw,124,101,333,https://www.youtube.com/watch?v=ziW1UmTwtBw,484,123,514,https://www.youtube.com/watch?v=aJ6MfNFhinw,0,0,0,0,
5bbfc7c1b6584cef8c75f2f9044387d2,3240,292448,92,62,1085,https://www.youtube.com/watch?v=X5_mKcY1CLo,86,56,226,https://www.youtube.com/watch?v=uHWQBpr0vAA,907,216,1085,https://www.youtube.com/watch?v=X5_mKcY1CLo,0,0,0,0,
e810dcd23c334fd184d254718517764e,3230,212922,54,23,93,https://www.youtube.com/watch?v=G1lRMrilAPA,54,23,93,https://www.youtube.com/watch?v=G1lRMrilAPA,0,0,0,,0,0,0,0,
30f59fd702d5417c9225bc729bf7ec32,3220,266231,206,46,342,https://www.youtube.com/watch?v=ODgLpdGdqiI,202,42,342,https://www.youtube.com/watch?v=ODgLpdGdqiI,213,50,213,https://www.youtube.com/watch?v=4b3Na3opVc0,0,0,0,0,
069ca07d5dd84cd3bf42e21a085d98fb,3210,25997,0,0,0,,0,0,0,,0,0,0,,162,0,0,0,
74ef34317983453ab86223490eba4f6e,3210,110770,477,120,762,https://www.youtube.com/watch?v=eAWuiQDkTX8,477,120,762,https://www.youtube.com/watch?v=eAWuiQDkTX8,0,0,0,,171,0,0,0,
96be1e561acd4a75817c6424d9d4f9f0,3200,135695,0,0,0,,0,0,0,,0,0,0,,4176,249,215,331,https://www.twitch.tv/videos/2752650659
536213f7ad4545f5a318156568763a35,3200,89959,0,0,0,,0,0,0,,0,0,0,,0,0,0,0,
5b85294949544a5f8855715acadf66a5,3200,109376,181,95,1886,https://www.youtube.com/watch?v=w9guRCBqK-Y,151,75,441,https://www.youtube.com/watch?v=YeaXgUdnAvs,1886,163,1886,https://www.youtube.com/watch?v=w9guRCBqK-Y,1934,297,262,467,https://www.twitch.tv/videos/2752632808
886f64b4a0504b9fbe5e4687b92f6584,3200,182834,67,32,15315,https://www.youtube.com/watch?v=BvtV8x5cbK8,254,155,444,https://www.youtube.com/watch?v=N4fLzrvOBhQ,36,26,15315,https://www.youtube.com/watch?v=BvtV8x5cbK8,151,44,39,93,https://www.twitch.tv/videos/2750045251
8282a91b3aae44d3a075d08507665f4e,3200,58775,54,44,57,https://www.youtube.com/watch?v=1euzCMDFIbc,54,44,57,https://www.youtube.com/watch?v=1euzCMDFIbc,0,0,0,,0,0,0,0,
72edc688855047cbbbe495e3f2af9fda,3190,121515,214,127,2756,https://www.youtube.com/watch?v=ikVlqBhpQFs,146,97,278,https://www.youtube.com/watch?v=AYGMhI5AVs0,1557,925,2756,https://www.youtube.com/watch?v=ikVlqBhpQFs,0,0,0,0,
8a86c4d0f4ce462a92c6bf09c027e432,3190,2896625,0,0,0,,0,0,0,,0,0,0,,161,0,0,0,
67fdbfa65ee94cc688783102ef4f1ce5,3180,31498,0,0,0,,0,0,0,,0,0,0,,0,0,0,0,
dba1db65ba874e18a33d8465d52d8f2e,3180,112180,56,18,81,https://www.youtube.com/watch?v=R1SKcGQA6x8,56,18,81,https://www.youtube.com/watch?v=R1SKcGQA6x8,0,0,0,,0,0,0,0,
63f727e673b9460abd6f7079bcbb1865,3180,205476,207,86,584,https://www.youtube.com/watch?v=q3RyCjrd7Ok,199,122,584,https://www.youtube.com/watch?v=q3RyCjrd7Ok,247,36,396,https://www.youtube.com/watch?v=bdFWdHOoh0w,0,0,0,0,
1140618a96154395909d53257bffe0e6,3170,150876,103,42,200,https://www.youtube.com/watch?v=BcUMSafOYIc,103,42,200,https://www.youtube.com/watch?v=BcUMSafOYIc,0,0,0,,254,308,241,513,https://www.twitch.tv/videos/2750092903
bcbf00e1e98b4d5e8af20f29adbb0645,3170,200365,56,36,78,https://www.youtube.com/watch?v=TvhZhtMDD9Y,56,36,78,https://www.youtube.com/watch?v=TvhZhtMDD9Y,0,0,0,,0,0,0,0,
a55a6a4b6453413cb8b1dc69423b67d5,3160,387682,283,125,2328,https://www.youtube.com/watch?v=SGA5JfSmYF0,260,101,1471,https://www.youtube.com/watch?v=qXHIZybRWFo,1913,201,2328,https://www.youtube.com/watch?v=SGA5JfSmYF0,0,0,0,0,
bddcd7d262a2434f9b6d77150fbbc72c,3160,44154,0,0,0,,0,0,0,,0,0,0,,0,0,0,0,
38391974f5af4fbbb6224e3d6f2f7fb3,3160,191796,0,0,0,,0,0,0,,0,0,0,,6384,353,278,448,https://www.twitch.tv/videos/2754258386
eb159df5d55b4730ab2955c5e2638e3f,3160,103841,153,151,153,https://www.youtube.com/watch?v=SKuo4L-GitI,153,151,153,https://www.youtube.com/watch?v=SKuo4L-GitI,0,0,0,,0,0,0,0,
63f45366143549d8a2d26406445e0077,3150,150798,0,0,0,,0,0,0,,0,0,0,,0,0,0,0,
3430201d0e1f4672a58faf16ee0f2761,3140,107447,205,47,218,https://www.youtube.com/watch?v=754CLpbrrIw,205,47,218,https://www.youtube.com/watch?v=754CLpbrrIw,0,0,0,,1357,116,80,121,https://www.twitch.tv/videos/2753491559
1756e5a7f5a04ff6a7b5f482201b5cfc,3140,71291,0,0,0,,0,0,0,,0,0,0,,24595,3008,1268,8578,https://www.twitch.tv/videos/2738480305
7c6d1a181c90471887696ff9637aed03,3140,145236,237,26,237,https://www.youtube.com/watch?v=8EuyS8njD7o,237,26,237,https://www.youtube.com/watch?v=8EuyS8njD7o,0,0,0,,0,0,0,0,
f466201465ac40ef9f3aefc9b08a39d1,3130,212059,401,193,1312,https://www.youtube.com/watch?v=fhC6CZaS6x8,395,178,626,https://www.youtube.com/watch?v=Kx1b4iMYvkU,1312,497,1312,https://www.youtube.com/watch?v=fhC6CZaS6x8,2273,888,465,1424,https://www.twitch.tv/videos/2743436206
d2f9e9b19102408bbef636a6458934e6,3120,541616,479,224,814,https://www.youtube.com/watch?v=2YorOgvwKa8,479,224,814,https://www.youtube.com/watch?v=2YorOgvwKa8,0,0,0,,173,0,0,0,
f9444f6d790344a4a51a301110665229,3120,144924,107,42,164,https://www.youtube.com/watch?v=2y1bp7l9WjI,107,42,164,https://www.youtube.com/watch?v=2y1bp7l9WjI,0,0,0,,0,0,0,0,
5da1b6db7796434f9180d2f5e210ea6c,3120,214110,122,70,2551,https://www.youtube.com/watch?v=3LSTfYKHjF4,85,57,2551,https://www.youtube.com/watch?v=3LSTfYKHjF4,605,434,1667,https://www.youtube.com/watch?v=C971mt3YLFE,0,0,0,0,
3bcfb277595f489ba52734d6f21c08e1,3120,0,0,0,0,,0,0,0,,0,0,0,,0,0,0,0,
9af612c3f872434cad1ba2e5dcbfaec8,3100,1124550,182,64,2235,https://www.youtube.com/watch?v=BJnuS0vfp28,182,64,2235,https://www.youtube.com/watch?v=BJnuS0vfp28,0,0,0,,0,0,0,0,
67ba07d1ace445328c13bfb9d612d564,3100,107728,284,186,1690,https://www.youtube.com/watch?v=dzEVZYmN2Xk,283,183,1690,https://www.youtube.com/watch?v=dzEVZYmN2Xk,1050,443,1372,https://www.youtube.com/watch?v=5BFQcf46Y-s,0,0,0,0,
b3f711673fea4ec5b6f87c023353594d,3100,215651,65,14,159,https://www.youtube.com/watch?v=ceHjBWgv2wk,69,13,159,https://www.youtube.com/watch?v=ceHjBWgv2wk,33,32,33,https://www.youtube.com/watch?v=YaFCYeVPLw4,0,0,0,0,
7e8fe40622974698a75d14d78006e009,3100,200316,2195,1027,2632,https://www.youtube.com/watch?v=c-ZPPvK3yaE,262,204,262,https://www.youtube.com/watch?v=45xEDqdCRk0,2281,1251,2632,https://www.youtube.com/watch?v=c-ZPPvK3yaE,2288,407,298,607,https://www.twitch.tv/videos/2752464635
ea62d2e6bc854e7a81b01a2362be310f,3090,201352,0,0,0,,0,0,0,,0,0,0,,336,0,0,0,
da189f9d282e4c31a4a8024d11fe368d,3090,133915,126,103,430,https://www.youtube.com/watch?v=GHQJfZ3LrFA,122,114,252,https://www.youtube.com/watch?v=dPuTkTDsANE,430,45,430,https://www.youtube.com/watch?v=GHQJfZ3LrFA,0,0,0,0,
c28d59f83d9345de91d208cf7732bac5,3080,89973,0,0,0,,0,0,0,,0,0,0,,0,0,0,0,
8d5345223f364c7d8cc7203ee0ffafd6,3060,158371,0,0,0,,0,0,0,,0,0,0,,0,0,0,0,
06e9953eb191486d979e6b92b6601d9a,3050,1164924,0,0,0,,0,0,0,,0,0,0,,2238,0,0,0,
cbba76fd34d74307a9f826e03b8e4db5,3050,125278,346,197,1359,https://www.youtube.com/watch?v=Ec4WtC01oe4,331,193,648,https://www.youtube.com/watch?v=S2i3mnV6SEM,568,197,1359,https://www.youtube.com/watch?v=Ec4WtC01oe4,390,92,47,188,https://www.twitch.tv/videos/2749678699
3d23ff5303d54cc58e5a69aa53b1db50,3040,367825,171,76,2013,https://www.youtube.com/watch?v=6M64C2md79Q,171,76,2013,https://www.youtube.com/watch?v=6M64C2md79Q,0,0,0,,0,0,0,0,
73675987096b486287784fc466b881be,3000,97926,299,145,2292,https://www.youtube.com/watch?v=C38DV1Mpot4,291,131,572,https://www.youtube.com/watch?v=BIsdr7WFHAU,1753,817,2292,https://www.youtube.com/watch?v=C38DV1Mpot4,0,0,0,0,
9643c650b1804107b85de1f08010aa9d,2990,313002,275,96,551,https://www.youtube.com/watch?v=e_ocTqUNqNI,280,104,551,https://www.youtube.com/watch?v=e_ocTqUNqNI,184,47,184,https://www.youtube.com/watch?v=_dUnCCzLlP4,769,208,139,366,https://www.twitch.tv/videos/2745416581
89036aadc62d496aa73c0a0076d67f41,2990,103181,62,26,148,https://www.youtube.com/watch?v=odzckxEBuEU,62,26,148,https://www.youtube.com/watch?v=odzckxEBuEU,0,0,0,,2973,180,144,324,https://www.twitch.tv/videos/2744508191
4e4721deba7c4681b1172714a29e6f19,2960,228083,4701,1386,8728,https://www.youtube.com/watch?v=4By1QW-e_l4,0,0,0,,4701,1386,8728,https://www.youtube.com/watch?v=4By1QW-e_l4,0,0,0,0,
99d1a2e0c8c047d2ad998e02d4dd9621,2960,103769,0,0,0,,0,0,0,,0,0,0,,0,0,0,0,
f3085e3337f34b178380b52e3ca429af,2940,140276,299,200,495,https://www.youtube.com/watch?v=34mnmKlOyYc,299,200,495,https://www.youtube.com/watch?v=34mnmKlOyYc,0,0,0,,992,0,0,0,
20b40bdf50604e2198a3c964dd86d31c,2930,45130,0,0,0,,0,0,0,,0,0,0,,488,0,0,0,
3ffbac2f7ae8478ca7b33d400d6e657e,2930,33689,0,0,0,,0,0,0,,0,0,0,,0,0,0,0,
6443d56896a848dd820e339b5f81e292,2930,93965,0,0,0,,0,0,0,,0,0,0,,4543,289,180,873,https://www.twitch.tv/videos/2744539008
b1bfaed0ed7f4ca9ae96c017159efe77,2930,311099,68,32,474,https://www.youtube.com/watch?v=JqqqvE2WdeY,66,25,474,https://www.youtube.com/watch?v=JqqqvE2WdeY,261,108,348,https://www.youtube.com/watch?v=uPmOErGM_Dc,113,0,0,0,
451ce18d28ff493e8238df85858dfb02,2920,259088,3074,1710,7449,https://www.youtube.com/watch?v=7TZMkOh38Do,0,0,0,,3074,1710,7449,https://www.youtube.com/watch?v=7TZMkOh38Do,2148,338,278,551,https://www.twitch.tv/videos/2753494671
9c64ee54cc094bf7931398eaf0c072d6,2920,192903,0,0,0,,0,0,0,,0,0,0,,2267,398,267,465,https://www.twitch.tv/videos/2751046443
1901cef25e9940e7b3da42d3c189cada,2910,64734,0,0,0,,0,0,0,,0,0,0,,0,0,0,0,
fd81a8861669442ca49c50bc4cfd4b5e,2910,181244,190,82,312,https://www.youtube.com/watch?v=ipj-MdtW8nM,190,82,312,https://www.youtube.com/watch?v=ipj-MdtW8nM,0,0,0,,0,0,0,0,
4f917f1ccdd74d34a3746c379282b6fe,2900,243731,208,146,1541,https://www.youtube.com/watch?v=LfPRmtTbafI,0,0,0,,208,146,1541,https://www.youtube.com/watch?v=LfPRmtTbafI,2004,328,234,702,https://www.twitch.tv/videos/2752573858
4e48e10b3c2f439c934b1db25679b972,2890,312607,611,305,943,https://www.youtube.com/watch?v=3f6OjR0-n1E,611,305,943,https://www.youtube.com/watch?v=3f6OjR0-n1E,0,0,0,,0,0,0,0,
d539588cfa344f67965bb1dea41b9140,2890,241881,286,89,2917,https://www.youtube.com/watch?v=kD8zyGXFrLE,245,70,568,https://www.youtube.com/watch?v=JTCSMzXsbYo,1994,1202,2917,https://www.youtube.com/watch?v=kD8zyGXFrLE,0,0,0,0,
7da08de1840847b99c6fe9a44a1ca0ac,2890,71723,0,0,0,,0,0,0,,0,0,0,,0,0,0,0,
60ff50e95399472b96a6fbe83d75e806,2880,129124,363,130,2181,https://www.youtube.com/watch?v=Gppvwr3v9rA,358,103,831,https://www.youtube.com/watch?v=BSYQjmTHfI0,369,249,2181,https://www.youtube.com/watch?v=Gppvwr3v9rA,398,464,308,892,https://www.twitch.tv/videos/2747094969
f94ba8ea1a5441c4852d53e8f528ee20,2870,214078,385,130,4047,https://www.youtube.com/watch?v=STLIgVsRrmA,357,129,652,https://www.youtube.com/watch?v=RQwyxCedEfY,4047,3285,4047,https://www.youtube.com/watch?v=STLIgVsRrmA,582,0,0,0,
6417469030e943748dfdba4ee26a08e4,2860,0,0,0,0,,0,0,0,,0,0,0,,1087,0,0,0,
677ae7ec361d4d3c9981bca8fbb974c8,2860,82795,316,34,316,https://www.youtube.com/watch?v=gtkdBO3HN8Y,316,34,316,https://www.youtube.com/watch?v=gtkdBO3HN8Y,0,0,0,,389,0,0,0,
91919c2ad07a4db88e0b4cfbc1739940,2840,23284,0,0,0,,0,0,0,,0,0,0,,2652,438,302,3725,https://www.twitch.tv/videos/2750251745
b79ac08a857c4553921c04c3b14b89ea,2830,191117,238,112,406,https://www.youtube.com/watch?v=aK0hfR0jqoI,0,0,0,,238,112,406,https://www.youtube.com/watch?v=aK0hfR0jqoI,500,0,0,0,
11dd1f817a6b4c80a066aedd8e0fa419,2830,86410,0,0,0,,0,0,0,,0,0,0,,0,0,0,0,
cd4c94db2aed435794cc7e55999016e7,2820,120107,67,39,69,https://www.youtube.com/watch?v=rO7HklqdySk,67,39,69,https://www.youtube.com/watch?v=rO7HklqdySk,0,0,0,,346,36,26,80,https://www.twitch.tv/videos/2748531153
b606cde735d84b45ab96489d7a9997dd,2820,182903,68,28,182,https://www.youtube.com/watch?v=Q5bf1VG1Ktc,68,28,182,https://www.youtube.com/watch?v=Q5bf1VG1Ktc,0,0,0,,224,0,0,0,
8402646577b24bd5918bda8690e790b4,2820,350747,0,0,0,,0,0,0,,0,0,0,,1833,339,256,562,https://www.twitch.tv/videos/2751764153
275aaf8046a144198dee96d20bce8b1a,2820,67092,293,117,399,https://www.youtube.com/watch?v=MiN13BPQwlo,293,117,399,https://www.youtube.com/watch?v=MiN13BPQwlo,0,0,0,,0,0,0,0,
32a08f858ffb4d6aba0624647cf8cf2d,2810,117723,97,63,1346,https://www.youtube.com/watch?v=3DTyTRRnAMQ,91,52,341,https://www.youtube.com/watch?v=5BAp_eI9PGU,326,213,1346,https://www.youtube.com/watch?v=3DTyTRRnAMQ,0,0,0,0,
118c05e7f751446abee5fc827fda0215,2800,831977,82,43,589,https://www.youtube.com/watch?v=ztCY0qikJxM,82,43,589,https://www.youtube.com/watch?v=ztCY0qikJxM,0,0,0,,0,0,0,0,
445a732fc0f64712b3213b4cd98fbdd3,2800,81086,226,120,2100,https://www.youtube.com/watch?v=vWmwNGOuvgA,212,120,2100,https://www.youtube.com/watch?v=vWmwNGOuvgA,1140,498,1147,https://www.youtube.com/watch?v=Jrz1ZDcyF20,785,618,406,1095,https://www.twitch.tv/videos/2752735347
70f1d3ae590e4f2184f695fd2140010c,2800,693283,0,0,0,,0,0,0,,0,0,0,,0,0,0,0,
d9205a7681c74bacae6e0c413aff1ab1,2790,83813,0,0,0,,0,0,0,,0,0,0,,0,0,0,0,
44f1d1ad14034bd3949ad6f84624f0e4,2790,223419,121,45,1544,https://www.youtube.com/watch?v=4AKWKYydT_c,60,28,443,https://www.youtube.com/watch?v=5d8MqLywL1U,1088,217,1544,https://www.youtube.com/watch?v=4AKWKYydT_c,2718,0,0,0,
339b4a73ce92470c97b1626405d5eb5b,2790,90262,0,0,0,,0,0,0,,0,0,0,,424,0,0,0,
76165d25983b463eaa1da66c86a32b7c,2790,38779,0,0,0,,0,0,0,,0,0,0,,758,12,7,141,https://www.twitch.tv/videos/2751083986
2875db54b5d74d01b301d63d36dd6fbf,2780,64816,136,18,154,https://www.youtube.com/watch?v=KP81Va7pplo,136,18,154,https://www.youtube.com/watch?v=KP81Va7pplo,0,0,0,,0,0,0,0,
40aa59fe29c64def89ab5fdce90b89ae,2780,1924830,52,17,93,https://www.youtube.com/watch?v=5yGQqYjncFY,49,14,93,https://www.youtube.com/watch?v=5yGQqYjncFY,59,17,68,https://www.youtube.com/watch?v=6HySqlf6RXA,0,0,0,0,
d210d8dfc0ec4a97907b9cebb5413ae3,2780,117053,0,0,0,,0,0,0,,0,0,0,,0,0,0,0,
15b52ca3f3b5410cb2bb305d2bb737c4,2780,190675,42,25,1919,https://www.youtube.com/watch?v=fNE8SfTZV9s,32,14,45,https://www.youtube.com/watch?v=1WDhzAZEvbA,1468,244,1919,https://www.youtube.com/watch?v=fNE8SfTZV9s,1191,237,210,290,https://www.twitch.tv/videos/2751856101
bbd618a3874d4ae2ba5af36a23bc1914,2780,68908,0,0,0,,0,0,0,,0,0,0,,13310,2095,1336,5590,https://www.twitch.tv/videos/2737859040
e9c48535f2af4f638e5a4c54ffa7862c,2770,148385,31,6,34,https://www.youtube.com/watch?v=WzDfhDn0T7Q,31,6,34,https://www.youtube.com/watch?v=WzDfhDn0T7Q,0,0,0,,0,0,0,0,
accb26f2db2746e898b68ab07dd3c5bc,2760,180750,79,33,121,https://www.youtube.com/watch?v=WonRepN0a5g,79,33,121,https://www.youtube.com/watch?v=WonRepN0a5g,0,0,0,,857,39,28,63,https://www.twitch.tv/videos/2751789539
d55860f26114410c97af27ba1269e3ed,2750,143817,198,101,308,https://www.youtube.com/watch?v=fkWWb-OYq_4,198,101,308,https://www.youtube.com/watch?v=fkWWb-OYq_4,0,0,0,,1562,242,166,333,https://www.twitch.tv/videos/2751769971
fda1d7f773b04b6898f5180e21e47874,2750,0,0,0,0,,0,0,0,,0,0,0,,0,0,0,0,
c9510d2324d34b6fbd19ce627bf2bbac,2740,0,0,0,0,,0,0,0,,0,0,0,,0,0,0,0,
2463286fd3154219afa631c73d178147,2740,351814,174,49,571,https://www.youtube.com/watch?v=F0yHAtFTDs0,183,70,571,https://www.youtube.com/watch?v=F0yHAtFTDs0,106,26,106,https://www.youtube.com/watch?v=OV7eZw6Iprc,0,0,0,0,
d2b1ba87da034210bbe54bfa1c01bc41,2730,60372,72,23,72,https://www.youtube.com/watch?v=Z9eaDTcjPX4,0,0,0,,72,23,72,https://www.youtube.com/watch?v=Z9eaDTcjPX4,8776,193,88,261,https://www.twitch.tv/videos/2753268644
c377cbfa47984f0ba9242b1f6e3dfc75,2720,25751,0,0,0,,0,0,0,,0,0,0,,2715,62,1,62,https://www.twitch.tv/videos/2731295428
fc90561b03104438b6e8f657a28574ce,2720,121523,248,170,610,https://www.youtube.com/watch?v=XvCyUC3t8pc,266,172,610,https://www.youtube.com/watch?v=XvCyUC3t8pc,230,97,230,https://www.youtube.com/watch?v=PRzZWyF3e2k,0,0,0,0,
652d06b0251940bea32cd69dec3057e6,2720,1451,129,65,129,https://www.youtube.com/watch?v=7AxDv1VPW28,129,65,129,https://www.youtube.com/watch?v=7AxDv1VPW28,0,0,0,,411,0,0,0,
2f607aefde1d4264814d4e9282dd5cb0,2710,136196,130,98,1717,https://www.youtube.com/watch?v=FzBc4aOKtxM,128,91,144,https://www.youtube.com/watch?v=K5rSRxMnjYs,1717,370,1717,https://www.youtube.com/watch?v=FzBc4aOKtxM,263,0,0,0,
aa9fa329d639488dbb860b8f8b3235f8,2710,148465,1174,832,1649,https://www.youtube.com/watch?v=f1jh43K3GTQ,1174,832,1649,https://www.youtube.com/watch?v=f1jh43K3GTQ,0,0,0,,4534,1711,892,2149,https://www.twitch.tv/videos/2750322103
0a20931c68dc49c8bd08eda1486193d8,2700,67933,0,0,0,,0,0,0,,0,0,0,,1421,0,0,0,
965bb7d47d0243839535d38bc1bc66cc,2700,62074,0,0,0,,0,0,0,,0,0,0,,0,0,0,0,
7b40a7a144da4408b8de712c740e60dc,2690,131225,115,58,2266,https://www.youtube.com/watch?v=i5Gx4lltrTw,0,0,0,,115,58,2266,https://www.youtube.com/watch?v=i5Gx4lltrTw,0,0,0,0,
fe5e2d95569c47f29e863a8212ed7c60,2690,82679,0,0,0,,0,0,0,,0,0,0,,4679,3558,2335,5261,https://www.twitch.tv/videos/2745573249
662341d52a8e413d8fe661c8da9470f0,2680,42872,0,0,0,,0,0,0,,0,0,0,,0,0,0,0,
c2f77009b4264e3fa09aa054c89bb40c,2680,86898,150,84,184,https://www.youtube.com/watch?v=enV0xKmBrGI,150,84,184,https://www.youtube.com/watch?v=enV0xKmBrGI,0,0,0,,127,0,0,0,
1fdc000815cc476dbc9d19aa431305b5,2680,72843,80,55,406,https://www.youtube.com/watch?v=_BsJvYQC0pM,80,55,406,https://www.youtube.com/watch?v=_BsJvYQC0pM,0,0,0,,0,0,0,0,
75e0561f549f4775b90601a9d308340a,2670,67617,59,35,81,https://www.youtube.com/watch?v=Wf_ucje-eQ8,59,35,81,https://www.youtube.com/watch?v=Wf_ucje-eQ8,0,0,0,,0,0,0,0,
e4bea3dcc8934426a57516d4d6b373f4,2670,131937,605,414,605,https://www.youtube.com/watch?v=mP5ZsAsitfA,0,0,0,,605,414,605,https://www.youtube.com/watch?v=mP5ZsAsitfA,5749,558,347,1819,https://www.twitch.tv/videos/2747539801
4bbc9414c3184dfa9aeab5fcdfd87089,2670,4348,0,0,0,,0,0,0,,0,0,0,,0,0,0,0,
b256a399ae7a49e18208455d29c2eb12,2660,410637,39,23,101,https://www.youtube.com/watch?v=RxeAPsOkKiA,39,23,101,https://www.youtube.com/watch?v=RxeAPsOkKiA,0,0,0,,1218,65,41,99,https://www.twitch.tv/videos/2745136166
4dd71b1079284bdb8ba90198317e524d,2660,163895,314,56,352,https://www.youtube.com/watch?v=GhfDPTKoN8M,314,56,352,https://www.youtube.com/watch?v=GhfDPTKoN8M,0,0,0,,0,0,0,0,
62f37fa0a2f44083945f03db36e50dff,2650,52449,168,66,1851,https://www.youtube.com/watch?v=o1I_95Vmb2Q,168,66,1851,https://www.youtube.com/watch?v=o1I_95Vmb2Q,0,0,0,,0,0,0,0,
9f7bf6b3d935460e83896a0fe28012e9,2650,107086,1004,720,3093,https://www.youtube.com/watch?v=_7C7zS82r7U,159,53,310,https://www.youtube.com/watch?v=Q7ouTG9gYb8,1289,814,3093,https://www.youtube.com/watch?v=_7C7zS82r7U,1680,337,252,447,https://www.twitch.tv/videos/2752592668
0bef54320f364c5a9289fceac64c5411,2640,78631,0,0,0,,0,0,0,,0,0,0,,154,15,13,21,https://www.twitch.tv/videos/2746230665
4a64836a88024358a7401530fed8e0f8,2640,350895,76,29,143,https://www.youtube.com/watch?v=cKiOjC8ilKo,76,29,143,https://www.youtube.com/watch?v=cKiOjC8ilKo,0,0,0,,6174,471,196,711,https://www.twitch.tv/videos/2735491221
d0e0745dd98a4cab9c5e4ff43e3d246f,2640,78304,0,0,0,,0,0,0,,0,0,0,,0,0,0,0,
85ec3eac9fef49dcb3aeee87520a5b85,2630,111877,245,93,1558,https://www.youtube.com/watch?v=Y-jjcbxQwuo,254,97,435,https://www.youtube.com/watch?v=tCug833EKj8,145,21,1558,https://www.youtube.com/watch?v=Y-jjcbxQwuo,0,0,0,0,
6c4992a47ccc4c3bb997d3c49ddc2ec8,2630,69667,0,0,0,,0,0,0,,0,0,0,,758,38,27,49,https://www.twitch.tv/videos/2745417422
a577528125314beab91d127043218bb2,2630,118915,0,0,0,,0,0,0,,0,0,0,,0,0,0,0,
6b43c568bdf044e4a4ae0bae0cb9fff2,2600,60016,633,418,17983,https://www.youtube.com/watch?v=pYMAG1AKMkw,452,158,483,https://www.youtube.com/watch?v=jIc53XOwB4c,752,585,17983,https://www.youtube.com/watch?v=pYMAG1AKMkw,0,0,0,0,
f4da0eee989545d2ade906b022a50e8c,2600,192862,39,15,42,https://www.youtube.com/watch?v=0ZYNlOJt3eA,39,15,42,https://www.youtube.com/watch?v=0ZYNlOJt3eA,0,0,0,,3882,364,274,748,https://www.twitch.tv/videos/2745286469
53335d77cc69488c8b49ec97548c3297,2600,24227,510,377,744,https://www.youtube.com/watch?v=34WmpPXp0gw,510,377,744,https://www.youtube.com/watch?v=34WmpPXp0gw,0,0,0,,0,0,0,0,
d95e3d9eed1a4e87a736a882a1fb9288,2600,244046,218,27,354,https://www.youtube.com/watch?v=oI0d7XrwzFs,218,27,354,https://www.youtube.com/watch?v=oI0d7XrwzFs,0,0,0,,76,0,0,0,
0a178f2c7b994a4ea8eb845ebd489a5a,2590,144490,83,39,2428,https://www.youtube.com/watch?v=MnI6iva-WWc,79,38,117,https://www.youtube.com/watch?v=OMTaUG3Fdjw,2428,1920,2428,https://www.youtube.com/watch?v=MnI6iva-WWc,204,0,0,0,
bac6a676ace94e759d9faaaed94ce1b1,2590,128661,183,75,304,https://www.youtube.com/watch?v=2FahbMofp4E,154,85,304,https://www.youtube.com/watch?v=2FahbMofp4E,183,66,183,https://www.youtube.com/watch?v=VCowNtHLEtM,0,0,0,0,
60234dcffd2b42f097a78aaf121d410f,2590,61617,98,78,98,https://www.youtube.com/watch?v=k-4u8h5hW2g,98,78,98,https://www.youtube.com/watch?v=k-4u8h5hW2g,0,0,0,,220,0,0,0,
407d2bd02ef04b9ea28e5189383942be,2590,119785,79,41,286,https://www.youtube.com/watch?v=2wd8-5X2fDY,79,41,286,https://www.youtube.com/watch?v=2wd8-5X2fDY,0,0,0,,432,199,135,829,https://www.twitch.tv/videos/2745757483
b8c13d7702844995a0b4a66eda4d31bc,2580,94536,4,2,14,https://www.youtube.com/watch?v=imyd7G2Q-Dg,0,0,0,,4,2,14,https://www.youtube.com/watch?v=imyd7G2Q-Dg,1531,156,111,262,https://www.twitch.tv/videos/2748587123
d576c2396a004f3c8dd91baf14254898,2580,83188,32,11,94,https://www.youtube.com/watch?v=42zHkspKzJQ,32,11,94,https://www.youtube.com/watch?v=42zHkspKzJQ,0,0,0,,2856,143,93,190,https://www.twitch.tv/videos/2753439512
f96c65701df94732853d86ffd893081e,2580,74169,181,85,261,https://www.youtube.com/watch?v=P7mdp_g9YYE,221,115,261,https://www.youtube.com/watch?v=P7mdp_g9YYE,31,18,31,https://www.youtube.com/watch?v=NVXxe-K7Rsg,0,0,0,0,
853be9569c0e446eaa5c5059642ea63b,2580,139324,378,96,1585,https://www.youtube.com/watch?v=8ptno4fIZiE,345,95,704,https://www.youtube.com/watch?v=NidT08QG9PI,1572,645,1585,https://www.youtube.com/watch?v=8ptno4fIZiE,89,0,0,0,
02168475e7ca4234b57d53f495bf3bbc,2570,151121,57,37,70,https://www.youtube.com/watch?v=7aw7tK1wBJY,57,37,70,https://www.youtube.com/watch?v=7aw7tK1wBJY,0,0,0,,0,0,0,0,
3896e47ba9f64b7082eee3980734ab14,2570,285085,138,94,166,https://www.youtube.com/watch?v=nEoNZm9d7NM,138,94,166,https://www.youtube.com/watch?v=nEoNZm9d7NM,0,0,0,,0,0,0,0,
5b40a93fac8646f48fca66add3d3642c,2560,212547,255,112,1379,https://www.youtube.com/watch?v=a7174vq0z1w,209,110,302,https://www.youtube.com/watch?v=mflPy2_6cdE,1253,165,1379,https://www.youtube.com/watch?v=a7174vq0z1w,0,0,0,0,
59005edeef174395915757d45718177d,2560,41919,0,0,0,,0,0,0,,0,0,0,,0,0,0,0,
7c147c43030b44b9ae244d82c387c82a,2560,74076,46,35,67,https://www.youtube.com/watch?v=PcKQ4YsJ1oI,46,35,67,https://www.youtube.com/watch?v=PcKQ4YsJ1oI,0,0,0,,0,0,0,0,
a429c3010da544bab919814a3ea472a4,2550,86120,0,0,0,,0,0,0,,0,0,0,,2869,168,139,253,https://www.twitch.tv/videos/2745348325
c40a8ff66b3348dc8459766b74846feb,2540,1438,0,0,0,,0,0,0,,0,0,0,,1933,0,0,0,
96ff628d2280470b833174c32200a749,2540,52791,250,95,577,https://www.youtube.com/watch?v=96NuZpuW1zE,250,95,577,https://www.youtube.com/watch?v=96NuZpuW1zE,0,0,0,,0,0,0,0,
7653119a278b4ea59d2af5e2ba7d30e0,2530,116382,136,46,140,https://www.youtube.com/watch?v=fYZAn3n2xi0,136,46,140,https://www.youtube.com/watch?v=fYZAn3n2xi0,0,0,0,,0,0,0,0,
a960b283b1124f44bc4bf2a16199977a,2530,107230,0,0,0,,0,0,0,,0,0,0,,4808,0,0,0,
fbf616b4f812413dbe6b156c8a9d5e5f,2520,69498,0,0,0,,0,0,0,,0,0,0,,0,0,0,0,
83e0f3520699474ba7f017e5e4388a5f,2520,50919,67,11,67,https://www.youtube.com/watch?v=uP5F0iYJQOc,67,11,67,https://www.youtube.com/watch?v=uP5F0iYJQOc,0,0,0,,0,0,0,0,
e68bb26e386a4d49a2f521f8abc83376,2520,0,0,0,0,,0,0,0,,0,0,0,,3527,0,0,0,
c396dafdab3547259c0447ff82f278c2,2520,138952,456,199,3523,https://www.youtube.com/watch?v=kdnshB7HJRw,382,190,1662,https://www.youtube.com/watch?v=kDRWrwUoNiM,2104,826,3523,https://www.youtube.com/watch?v=kdnshB7HJRw,203,47,45,63,https://www.twitch.tv/videos/2753557168
75a90497bfc2480f954c276b70f7b1c3,2520,188145,53,15,53,https://www.youtube.com/watch?v=9IrJbwxeDFg,53,15,53,https://www.youtube.com/watch?v=9IrJbwxeDFg,0,0,0,,7013,0,0,0,
284024f40bb34b429debb78e7dbf3391,2490,60851,0,0,0,,0,0,0,,0,0,0,,0,0,0,0,
7a93714b53274fbaad48bef3b409d458,2490,200015,214,104,488,https://www.youtube.com/watch?v=qdkOWZnQ_Ik,214,104,488,https://www.youtube.com/watch?v=qdkOWZnQ_Ik,0,0,0,,0,0,0,0,
87968861d5794c01bfce46d51c8abfc7,2490,24876,0,0,0,,0,0,0,,0,0,0,,0,0,0,0,
62e0c4a2dc274095a08c49a7850d3b78,2490,40728,0,0,0,,0,0,0,,0,0,0,,1593,0,0,0,
c0ea5a6a7ede42fca6f3c6c87fc9d72e,2490,119807,257,165,801,https://www.youtube.com/watch?v=hw5h9sKNvQ8,257,165,801,https://www.youtube.com/watch?v=hw5h9sKNvQ8,0,0,0,,0,0,0,0,
891c39f050e048aebafaafc90a1c4cbd,2470,54136,298,97,987,https://www.youtube.com/watch?v=VA6HOWhT6E8,230,166,298,https://www.youtube.com/watch?v=n09QO_FuKkg,494,46,987,https://www.youtube.com/watch?v=VA6HOWhT6E8,0,0,0,0,
b19d58b07131413a92b4bd16e37e8e38,2470,11603,0,0,0,,0,0,0,,0,0,0,,0,0,0,0,
eb9c18d484464a8e9ac12f44c761ce27,2460,65159,0,0,0,,0,0,0,,0,0,0,,685,0,0,0,
889bc532fb85455bae33baf0aa7ec003,2460,201404,109,45,242,https://www.youtube.com/watch?v=BCxESnyNZXw,109,45,242,https://www.youtube.com/watch?v=BCxESnyNZXw,0,0,0,,0,0,0,0,
daf01d921fcd4d59876e7f574a083aba,2450,53421,0,0,0,,0,0,0,,0,0,0,,0,0,0,0,
a0c76cedf0e346a18586077a38f302d8,2450,107583,358,9,358,https://www.youtube.com/watch?v=-iEe5hAacuo,0,0,0,,358,9,358,https://www.youtube.com/watch?v=-iEe5hAacuo,173,0,0,0,
c8c0ab1d59fb4608ab1e460e946fa88a,2450,113633,109,63,1462,https://www.youtube.com/watch?v=JwiZmMjM74Y,83,62,179,https://www.youtube.com/watch?v=zXY2lNFcBA0,830,365,1462,https://www.youtube.com/watch?v=JwiZmMjM74Y,0,0,0,0,
9767904fedef42febaa98e9162973356,2450,559615,185,60,2969,https://www.youtube.com/watch?v=AIQwXQpDqro,138,60,638,https://www.youtube.com/watch?v=MHp65dUNxpo,960,198,2969,https://www.youtube.com/watch?v=AIQwXQpDqro,0,0,0,0,
db6b14a0319e4f639bfcf8d4309c064d,2440,336229,523,132,1796,https://www.youtube.com/watch?v=mGCQVgL7eNk,0,0,0,,523,132,1796,https://www.youtube.com/watch?v=mGCQVgL7eNk,3274,356,236,681,https://www.twitch.tv/videos/2753985153
9c913230c732455c9604dae9ebcfa64e,2430,114989,13,1,1180,https://www.youtube.com/watch?v=oh0YM45P970,20,4,53,https://www.youtube.com/watch?v=Ldo2WMOTW7g,11,1,1180,https://www.youtube.com/watch?v=oh0YM45P970,1261,283,180,335,https://www.twitch.tv/videos/2748555896
86957fa57641453e9fcb73550e58b64f,2430,71657,79,43,2079,https://www.youtube.com/watch?v=dOXGtE_IsUY,63,40,164,https://www.youtube.com/watch?v=vTcEj0kKe0o,2079,1205,2079,https://www.youtube.com/watch?v=dOXGtE_IsUY,501,32,28,73,https://www.twitch.tv/videos/2746116736
352894d7c4eb4c9f87e248eae450183a,2420,297649,179,84,1692,https://www.youtube.com/watch?v=JgHuQ5avXp0,188,95,441,https://www.youtube.com/watch?v=ATBzfjn-Y14,123,72,1692,https://www.youtube.com/watch?v=JgHuQ5avXp0,0,0,0,0,
a7874e2ea7a44640a4ad427680a1dc9a,2420,76890,0,0,0,,0,0,0,,0,0,0,,294,191,163,191,https://www.twitch.tv/videos/2751935686
27bbe711f5e848a9bc8accc73fc79471,2410,24166,0,0,0,,0,0,0,,0,0,0,,0,0,0,0,
6e1845e76035452287436153470e8656,2400,108881,89,67,187,https://www.youtube.com/watch?v=oI5a9JHu57g,89,67,187,https://www.youtube.com/watch?v=oI5a9JHu57g,0,0,0,,462,0,0,0,
72a83f60773546dba886008320809d70,2400,481414,30,9,46,https://www.youtube.com/watch?v=3W8NO1Kfev0,30,9,46,https://www.youtube.com/watch?v=3W8NO1Kfev0,0,0,0,,10166,673,193,673,https://www.twitch.tv/videos/2737933514
faa4994019724702a9da315a8c3641bc,2400,151125,219,174,448,https://www.youtube.com/watch?v=xp3-qUnx1lQ,219,174,448,https://www.youtube.com/watch?v=xp3-qUnx1lQ,0,0,0,,0,0,0,0,
fa2a2255fa7d4aa7b5b54dea5dd2b1c4,2400,70192,142,52,184,https://www.youtube.com/watch?v=IxsZMGStq-8,142,58,184,https://www.youtube.com/watch?v=IxsZMGStq-8,91,41,91,https://www.youtube.com/watch?v=HwOMjRckuww,0,0,0,0,
0b0f8cd64c904508910707412b2c307f,2400,79553,219,97,470,https://www.youtube.com/watch?v=5c_0dS9UyZ0,219,97,470,https://www.youtube.com/watch?v=5c_0dS9UyZ0,0,0,0,,0,0,0,0,
932fd42911c74016bc7da418abd29f0f,2400,63804,61,30,122,https://www.youtube.com/watch?v=xjhlT2JYgok,61,30,122,https://www.youtube.com/watch?v=xjhlT2JYgok,0,0,0,,88,0,0,0,
7667228c716242d787e1e9cf37224896,2390,98572,0,0,0,,0,0,0,,0,0,0,,0,0,0,0,
f656e3210df449889b6ad9e72acd7a72,2390,187078,251,123,2768,https://www.youtube.com/watch?v=7GVsFuvlSok,227,97,497,https://www.youtube.com/watch?v=Yhe3CbXZplc,1547,1020,2768,https://www.youtube.com/watch?v=7GVsFuvlSok,0,0,0,0,
969122fc1adf4d8798a043b4754c893e,2380,20399,0,0,0,,0,0,0,,0,0,0,,0,0,0,0,
bd9c7d2e96094ce7b8ca032228bb13c7,2380,47971,0,0,0,,0,0,0,,0,0,0,,0,0,0,0,
e6a9746af2a84387b6ed5a7d3a4434da,2360,222075,133,79,3107,https://www.youtube.com/watch?v=iZbBQlSk3Ys,105,49,540,https://www.youtube.com/watch?v=DDqXMbgWw5w,2175,756,3107,https://www.youtube.com/watch?v=iZbBQlSk3Ys,0,0,0,0,
95f3f004ed9641139567827519f6b35e,2360,159056,0,0,0,,0,0,0,,0,0,0,,251,0,0,0,
80c426d23cdb4dcda1d1a0a1bd7e0245,2360,27164,0,0,0,,0,0,0,,0,0,0,,6185,0,0,0,
b7fa120fd2264ecca8f9f02ece2850a9,2350,79397,58,48,58,https://www.youtube.com/watch?v=vCJKj8kF7Jo,0,0,0,,58,48,58,https://www.youtube.com/watch?v=vCJKj8kF7Jo,159,0,0,0,
6c812a2f61ac470f8e3b30a92dca9d81,2350,75724,151,105,151,https://www.youtube.com/watch?v=nZiE0aIShHU,151,105,151,https://www.youtube.com/watch?v=nZiE0aIShHU,0,0,0,,0,0,0,0,
67b37e4e1f2f49d88a047d650b70be91,2350,50174,105,59,1691,https://www.youtube.com/watch?v=6F39BDYB8VE,102,52,245,https://www.youtube.com/watch?v=x8g56VyJH9Y,490,328,1691,https://www.youtube.com/watch?v=6F39BDYB8VE,762,125,98,343,https://www.twitch.tv/videos/2749133038
c79b5a5a5c8b4d8f917afdfc16c01961,2350,100459,0,0,0,,0,0,0,,0,0,0,,3847,731,564,1568,https://www.twitch.tv/videos/2743903352
b322780e7b80404193373149bfa8e86d,2350,49482,87,39,111,https://www.youtube.com/watch?v=YrEDmae9Gto,87,39,111,https://www.youtube.com/watch?v=YrEDmae9Gto,0,0,0,,0,0,0,0,
65a52797bec24b9bb2df5201068873a4,2340,25870,0,0,0,,0,0,0,,0,0,0,,0,0,0,0,
3f12c2866e564c3086183c6e75ef79eb,2340,58966,0,0,0,,0,0,0,,0,0,0,,0,0,0,0,
d3a3eab7a3e34ea98784c44e3691c726,2340,90306,0,0,0,,0,0,0,,0,0,0,,0,0,0,0,
084c49d869114256af18c13cc4b56414,2330,51028,0,0,0,,0,0,0,,0,0,0,,0,0,0,0,
4a1e39ee23e6423fbfd3a15b1e28c8f3,2330,58836,0,0,0,,0,0,0,,0,0,0,,0,0,0,0,
b115a7f57f664800a9f71a25eaf73b92,2330,74553,64,40,130,https://www.youtube.com/watch?v=_2IyEcjaMqs,97,46,130,https://www.youtube.com/watch?v=_2IyEcjaMqs,46,40,46,https://www.youtube.com/watch?v=b8yvLPToHRM,0,0,0,0,
c805a5c2c4fb4a068a65267452aa4da5,2320,86270,24,11,55,https://www.youtube.com/watch?v=bJWv5ih1UmM,24,11,55,https://www.youtube.com/watch?v=bJWv5ih1UmM,0,0,0,,0,0,0,0,
e8be1d48c5a249cebcef72b17653ef34,2320,11232,0,0,0,,0,0,0,,0,0,0,,0,0,0,0,
572c03fa49b54d4b95935321b4722b68,2320,443268,102,28,1763,https://www.youtube.com/watch?v=lS_IRTHohF4,0,0,0,,102,28,1763,https://www.youtube.com/watch?v=lS_IRTHohF4,1855,545,426,1514,https://www.twitch.tv/videos/2746121664
395eade6d67445e1831010cac52ab444,2320,94359,543,278,1447,https://www.youtube.com/watch?v=AKSPSgAdAWQ,182,120,269,https://www.youtube.com/watch?v=abEyvOWrnHw,839,342,1447,https://www.youtube.com/watch?v=AKSPSgAdAWQ,790,0,0,0,
d6666443c70f478eb3008d28a33e0f61,2310,158540,232,95,1745,https://www.youtube.com/watch?v=Hv6i_qvy-mA,210,66,362,https://www.youtube.com/watch?v=YL4g2fkYn-Q,1484,517,1745,https://www.youtube.com/watch?v=Hv6i_qvy-mA,0,0,0,0,
d8008bc6129d49d4bebfe530c4d02751,2310,0,0,0,0,,0,0,0,,0,0,0,,0,0,0,0,
4ac7e88bd2234040a1da03644b06a501,2300,0,0,0,0,,0,0,0,,0,0,0,,0,0,0,0,
9fb51e14ba1c499eb6383a7a166a4d52,2300,81848,50,31,2229,https://www.youtube.com/watch?v=S8qWYIJ0Lv0,50,24,124,https://www.youtube.com/watch?v=r6kdMjKBnWg,1865,561,2229,https://www.youtube.com/watch?v=S8qWYIJ0Lv0,0,0,0,0,
b975eb70ed174bbda87e181be25bd1c5,2300,86289,0,0,0,,0,0,0,,0,0,0,,0,0,0,0,
7ce04ee5bb63467f8b70a69136049218,2290,26797,0,0,0,,0,0,0,,0,0,0,,1768,354,326,580,https://www.twitch.tv/videos/2747746554
eb38f509e8464ba19ba8579e0b99e262,2280,98745,135,89,254,https://www.youtube.com/watch?v=yYPbl4jAtr4,135,89,254,https://www.youtube.com/watch?v=yYPbl4jAtr4,0,0,0,,0,0,0,0,
70d5f64a7e324d7584d7e5116d6dc5a2,2280,73861,0,0,0,,0,0,0,,0,0,0,,0,0,0,0,
fe0305c914c549879b315b6dc3204748,2270,44536,1094,571,1571,https://www.youtube.com/watch?v=NqKD1NeQ-Vc,0,0,0,,1094,571,1571,https://www.youtube.com/watch?v=NqKD1NeQ-Vc,0,0,0,0,
43e557d175ce462b97c4c406954d8c04,2270,453345,50,15,151,https://www.youtube.com/watch?v=TlijjCP7KQo,48,15,151,https://www.youtube.com/watch?v=TlijjCP7KQo,50,21,50,https://www.youtube.com/watch?v=d9_cqHGSxMk,501,39,31,61,https://www.twitch.tv/videos/2753405563
87568c720cae40a99264816eb1875347,2260,135756,171,88,1422,https://www.youtube.com/watch?v=At2xU8QM9X8,171,91,485,https://www.youtube.com/watch?v=sb8WHad-cXg,674,30,1422,https://www.youtube.com/watch?v=At2xU8QM9X8,0,0,0,0,
f146e7f1a1164dbfab960ea34873afb5,2260,86472,0,0,0,,0,0,0,,0,0,0,,105,0,0,0,
edc63a5ab371435ea8614134d401c517,2250,91919,0,0,0,,0,0,0,,0,0,0,,0,0,0,0,
90c317900736475a8c5cae632bdd0960,2250,157860,0,0,0,,0,0,0,,0,0,0,,0,0,0,0,
ad43fda31b7842dc8e7854840b974614,2250,99321,36,17,101,https://www.youtube.com/watch?v=hRjuTFtdvBQ,36,17,101,https://www.youtube.com/watch?v=hRjuTFtdvBQ,0,0,0,,1118,0,0,0,
25904d8b82c84d74a8abffb804647e21,2250,113799,0,0,0,,0,0,0,,0,0,0,,396,0,0,0,
364f94fc7493453e9f53787ade8e35c6,2250,366322,0,0,0,,0,0,0,,0,0,0,,11,0,0,0,
2af83bdd7db644d88ffdaf123c38619b,2250,71853,89,42,161,https://www.youtube.com/watch?v=DSkWb_Tn-Ro,89,42,161,https://www.youtube.com/watch?v=DSkWb_Tn-Ro,0,0,0,,0,0,0,0,
c1aa10208a06439481231599b25845b0,2240,171598,652,463,748,https://www.youtube.com/watch?v=6-zqxCb294k,101,17,101,https://www.youtube.com/watch?v=tnr7MuQ_B0g,700,472,748,https://www.youtube.com/watch?v=6-zqxCb294k,2105,218,142,455,https://www.twitch.tv/videos/2747746359
6510332f58be4d86b0007c77a622c959,2240,308606,262,141,1482,https://www.youtube.com/watch?v=EWqpUtaW9kk,262,141,1482,https://www.youtube.com/watch?v=EWqpUtaW9kk,0,0,0,,3181,262,197,524,https://www.twitch.tv/videos/2752738629
345b2eb5c8bf4d7d9fa72176f67de440,2240,41901,0,0,0,,0,0,0,,0,0,0,,880,613,356,928,https://www.twitch.tv/videos/2743787222
92354b79050d4a2dbdb2289a7498a662,2240,37840,0,0,0,,0,0,0,,0,0,0,,0,0,0,0,
de610557c5c041df85e41e7f2f5490f5,2230,12411,0,0,0,,0,0,0,,0,0,0,,4150,0,0,0,
6f382359f4d0436e9e1d4f87e4696e76,2230,68052,0,0,0,,0,0,0,,0,0,0,,0,0,0,0,
9b8fe3ac0f30473f87290d314dfda74e,2230,2374,0,0,0,,0,0,0,,0,0,0,,0,0,0,0,
6cd8cdc530d14e2d9d0a9cd20cb6b05c,2230,84697,114,98,215,https://www.youtube.com/watch?v=JTyz5c-ndrw,114,98,215,https://www.youtube.com/watch?v=JTyz5c-ndrw,0,0,0,,0,0,0,0,
751596501f4f420a8a5c5c9d839efb22,2220,115967,0,0,0,,0,0,0,,0,0,0,,273,0,0,0,
f99429e8c2324c5db10f11c3a2c51b5d,2220,68890,272,138,2177,https://www.youtube.com/watch?v=RTdes2_xAtg,272,138,2177,https://www.youtube.com/watch?v=RTdes2_xAtg,0,0,0,,0,0,0,0,
ab069c9401bc4bd09eea8f5ece525d54,2220,345540,0,0,0,,0,0,0,,0,0,0,,0,0,0,0,
1ead15220cb842a79c3922d08d618e31,2210,4575,0,0,0,,0,0,0,,0,0,0,,0,0,0,0,
a64ba9e0b7dd4de58ffbdf9ca043a90b,2210,95618,0,0,0,,0,0,0,,0,0,0,,67,0,0,0,
4d44c28a73394954a4d1bf2a1b2c162c,2210,142955,103,47,320,https://www.youtube.com/watch?v=ftqH9pJRKMM,103,47,320,https://www.youtube.com/watch?v=ftqH9pJRKMM,0,0,0,,0,0,0,0,
d418b8a185f449b3a15c1656ba654780,2200,160227,149,138,149,https://www.youtube.com/watch?v=vjrwpEbBVO4,149,138,149,https://www.youtube.com/watch?v=vjrwpEbBVO4,0,0,0,,0,0,0,0,
4766ec1a407f4271bca77fb81487e81a,2200,63157,83,53,215,https://www.youtube.com/watch?v=SsVJc3JbqrU,83,53,215,https://www.youtube.com/watch?v=SsVJc3JbqrU,0,0,0,,4424,566,264,40742,https://www.twitch.tv/videos/2739539387
a60c8fc0a1324bf8b65053231ee22373,2200,519254,34,17,87,https://www.youtube.com/watch?v=PLFfYV7W1BA,34,17,76,https://www.youtube.com/watch?v=XhbjhigcLTU,87,54,87,https://www.youtube.com/watch?v=PLFfYV7W1BA,162,12,11,50,https://www.twitch.tv/videos/2745419387
c52b95b6a42d48f0ae888720492a5a46,2200,143990,103,44,252,https://www.youtube.com/watch?v=Mw1lDhJbz6I,103,44,252,https://www.youtube.com/watch?v=Mw1lDhJbz6I,0,0,0,,0,0,0,0,
65c0e7f6562d419e944caea644836c1f,2190,86292,153,116,225,https://www.youtube.com/watch?v=cuZuiRIKnI4,153,116,225,https://www.youtube.com/watch?v=cuZuiRIKnI4,0,0,0,,293,26,23,35,https://www.twitch.tv/videos/2755083123
73a6eae6a16942ef8726b2c475fef9e0,2180,135410,0,0,0,,0,0,0,,0,0,0,,0,0,0,0,
cc1bad00639b4149b277f0d2e99c2abe,2180,93738,52,28,101,https://www.youtube.com/watch?v=SUY2rn3A8vc,52,28,101,https://www.youtube.com/watch?v=SUY2rn3A8vc,0,0,0,,0,0,0,0,
75f110ca5e9a4b7db3c57912baf5ca27,2180,176406,0,0,0,,0,0,0,,0,0,0,,3460,913,535,18825,https://www.twitch.tv/videos/2747059173
b5c9831f97f4427a88a96d7c4ee40539,2180,199615,18,5,19,https://www.youtube.com/watch?v=s-5rx2c02I4,18,5,19,https://www.youtube.com/watch?v=s-5rx2c02I4,0,0,0,,1696,180,171,719,https://www.twitch.tv/videos/2750915742
6873f5b9a88c42ba980878bbffb5682a,2170,163560,184,94,2259,https://www.youtube.com/watch?v=JZ2tWMR2z9E,202,94,339,https://www.youtube.com/watch?v=z_NFy0Z4KCg,163,86,2259,https://www.youtube.com/watch?v=JZ2tWMR2z9E,0,0,0,0,
60602526ae1d48688c23a74b3cb527e8,2170,98464,70,34,80,https://www.youtube.com/watch?v=uBrbE8wBp38,70,34,80,https://www.youtube.com/watch?v=uBrbE8wBp38,0,0,0,,0,0,0,0,
9ef5ec69554f46e887a9ac0fe54b4f41,2170,84807,168,43,168,https://www.youtube.com/watch?v=dg-mj9_6TXA,168,43,168,https://www.youtube.com/watch?v=dg-mj9_6TXA,0,0,0,,0,0,0,0,
101cdaf175c643c888d0d33bdab5da15,2160,112122,367,178,2921,https://www.youtube.com/watch?v=7QzZA6Idwa4,383,181,2921,https://www.youtube.com/watch?v=7QzZA6Idwa4,193,50,193,https://www.youtube.com/watch?v=B6WNZ19reh8,158,140,99,487,https://www.twitch.tv/videos/2746930050
27f5926236d04e34a08fdb7ab83940bc,2160,65133,270,99,389,https://www.youtube.com/watch?v=VphsQ85CdR4,271,129,389,https://www.youtube.com/watch?v=VphsQ85CdR4,93,73,93,https://www.youtube.com/watch?v=u23xp4rRZ_k,0,0,0,0,
d45c287a84b6485e8ff3400cf50f5db7,2160,169381,0,0,0,,0,0,0,,0,0,0,,4289,594,189,657,https://www.twitch.tv/videos/2734760602
1c8887da9e96471ca28b97d80e390698,2160,117781,135,77,1900,https://www.youtube.com/watch?v=kOOmu9zKhVk,104,61,169,https://www.youtube.com/watch?v=cWlp96lRsLY,843,192,1900,https://www.youtube.com/watch?v=kOOmu9zKhVk,0,0,0,0,
5da8c6fb027049cc8bc2030c56e8c489,2160,30022,0,0,0,,0,0,0,,0,0,0,,136,0,0,0,
0dc64e677ea0451095971685f0618966,2160,125146,0,0,0,,0,0,0,,0,0,0,,0,0,0,0,
220353f9b2634c84953cc7d243fbc6a0,2150,193529,569,302,1191,https://www.youtube.com/watch?v=lSyagHqcSIo,569,302,1191,https://www.youtube.com/watch?v=lSyagHqcSIo,0,0,0,,89,0,0,0,
19a2801d800547e58c6560aa1accf3e4,2140,94661,72,15,141,https://www.youtube.com/watch?v=_yk_ReyeXUE,72,15,141,https://www.youtube.com/watch?v=_yk_ReyeXUE,0,0,0,,440,0,0,0,
d2b6390494b94f44ac75b6e53780a09c,2140,35750,0,0,0,,0,0,0,,0,0,0,,63,0,0,0,
cfc335d4b3e3411ca5b39ccb41a81958,2140,139189,1362,807,2767,https://www.youtube.com/watch?v=zlN7RjwvxDk,1362,807,2767,https://www.youtube.com/watch?v=zlN7RjwvxDk,0,0,0,,0,0,0,0,
326e254f0da14bc6bfc5d379164cf5c6,2140,45393,0,0,0,,0,0,0,,0,0,0,,0,0,0,0,
c41a24bf9c8f48ee9454119057088688,2130,86238,0,0,0,,0,0,0,,0,0,0,,0,0,0,0,
3039dc305f614cd89e8ee8d028dea0ff,2120,70005,0,0,0,,0,0,0,,0,0,0,,0,0,0,0,
4f93fe928d264a299c6589e09fbda21e,2120,163218,0,0,0,,0,0,0,,0,0,0,,0,0,0,0,
1310ffb60dcf40eaaf6a08890e632234,2110,101271,139,74,285,https://www.youtube.com/watch?v=12iQraFvdgU,139,74,285,https://www.youtube.com/watch?v=12iQraFvdgU,0,0,0,,0,0,0,0,
08a9cb204a03447bbba896df3ee6a096,2110,11861,0,0,0,,0,0,0,,0,0,0,,377,0,0,0,
6d2945d11f504edb9962f742b54f6553,2110,35751,36,3,65,https://www.youtube.com/watch?v=Zk5Fja2uJWM,36,3,65,https://www.youtube.com/watch?v=Zk5Fja2uJWM,0,0,0,,1095,0,0,0,
8890acc220cd4f969ec2e23a28c1eda2,2100,7502,0,0,0,,0,0,0,,0,0,0,,0,0,0,0,
6274e7f2acaf4d48b5fa569168f9468e,2100,123617,110,70,129,https://www.youtube.com/watch?v=5AqYuEHmvJM,93,54,129,https://www.youtube.com/watch?v=5AqYuEHmvJM,110,70,110,https://www.youtube.com/watch?v=7uUUPyvPnnQ,0,0,0,0,
8be6ce1a26af47a4985205da119eab5a,2100,357200,275,130,1522,https://www.youtube.com/watch?v=MYGNcx1MQh0,274,133,568,https://www.youtube.com/watch?v=T7cBAfgfft4,585,88,1522,https://www.youtube.com/watch?v=MYGNcx1MQh0,0,0,0,0,
54a8fe908e2040bfb366aca0e67cc23f,2100,0,0,0,0,,0,0,0,,0,0,0,,0,0,0,0,
163841e490b14b2583a799b3795021ad,2100,61431,166,74,1805,https://www.youtube.com/watch?v=Tw_mspWkwbo,94,67,185,https://www.youtube.com/watch?v=OL4yaAeu8-4,435,314,1805,https://www.youtube.com/watch?v=Tw_mspWkwbo,393,326,288,688,https://www.twitch.tv/videos/2750877392
ab540a5b73bb4dfa85cebffb70fad5db,2090,58095,1028,291,1028,https://www.youtube.com/watch?v=9_YpyCc0SVg,0,0,0,,1028,291,1028,https://www.youtube.com/watch?v=9_YpyCc0SVg,1241,0,0,0,
6b36f446b10e4ea99d5d80d60beeee21,2090,50415,0,0,0,,0,0,0,,0,0,0,,8207,161,115,252,https://www.twitch.tv/videos/2746047981
14b8fa0f43664c31a5d634b20f9112d9,2090,175166,81,52,180,https://www.youtube.com/watch?v=JnRNKy4q5dE,78,47,139,https://www.youtube.com/watch?v=-byJoWEfhGE,180,133,180,https://www.youtube.com/watch?v=JnRNKy4q5dE,0,0,0,0,
e9047e02eb6340ff940114f754c76875,2090,57075,122,30,122,https://www.youtube.com/watch?v=J7t2_Pui15s,122,30,122,https://www.youtube.com/watch?v=J7t2_Pui15s,0,0,0,,0,0,0,0,
07553f6f3df84c3396508456ccbe7df2,2090,66225,308,177,1678,https://www.youtube.com/watch?v=KhwZ4Gvkfgc,194,127,884,https://www.youtube.com/watch?v=_oNiJcximmE,359,330,1678,https://www.youtube.com/watch?v=KhwZ4Gvkfgc,1035,466,348,709,https://www.twitch.tv/videos/2751006842
9870111c23124c19a12de7bbdeb8abc1,2090,71404,75,34,88,https://www.youtube.com/watch?v=-pSdiW9OjyU,75,34,88,https://www.youtube.com/watch?v=-pSdiW9OjyU,0,0,0,,0,0,0,0,
80ea9b92d31c48b8b2cf2ca5bacc2a08,2090,65985,148,100,315,https://www.youtube.com/watch?v=piwFi7nnzb4,148,100,315,https://www.youtube.com/watch?v=piwFi7nnzb4,0,0,0,,0,0,0,0,
2c92fe49ca9f4b8faf8f4521378857d2,2090,277970,796,710,796,https://www.youtube.com/watch?v=09FFEjFaY1w,0,0,0,,796,710,796,https://www.youtube.com/watch?v=09FFEjFaY1w,648,15,10,41,https://www.twitch.tv/videos/2746276137
ef03340f293242f89fe15f2f828dbf7f,2080,46345,44,9,87,https://www.youtube.com/watch?v=U1y-VQEWyy4,45,8,87,https://www.youtube.com/watch?v=U1y-VQEWyy4,30,22,30,https://www.youtube.com/watch?v=_F0Q0GZ_iAQ,644,35,27,58,https://www.twitch.tv/videos/2748634592
8b7a4cfb12e54a309645f0e077bb088a,2080,33597,0,0,0,,0,0,0,,0,0,0,,0,0,0,0,
9efea510313f4733b4d0b5e3cfb6988b,2080,506043,111,52,141,https://www.youtube.com/watch?v=OKFoB7Z_mpA,0,0,0,,111,52,141,https://www.youtube.com/watch?v=OKFoB7Z_mpA,0,0,0,0,
40082e2bb0b546d3bd3ebb75a3192092,2080,1595355,200,102,2143,https://www.youtube.com/watch?v=h7sHss1llcU,0,0,0,,200,102,2143,https://www.youtube.com/watch?v=h7sHss1llcU,0,0,0,0,
33918eea49984fb499619652ce58a4fa,2070,35566,58,23,60,https://www.youtube.com/watch?v=_L3gS2keYoE,58,23,60,https://www.youtube.com/watch?v=_L3gS2keYoE,0,0,0,,0,0,0,0,
226eb1e34c924ae2914d960039905d08,2070,224504,59,26,1445,https://www.youtube.com/watch?v=QE0Ck3tis_0,55,26,142,https://www.youtube.com/watch?v=iasXUfQXvPw,319,66,1445,https://www.youtube.com/watch?v=QE0Ck3tis_0,0,0,0,0,
1b863baf309a4ff587385012bb5bde51,2070,81084,0,0,0,,0,0,0,,0,0,0,,343,0,0,0,
1551bebc6c26453e9893f342c68002bd,2070,45126,183,122,454,https://www.youtube.com/watch?v=IrJ8snHKlEg,183,122,454,https://www.youtube.com/watch?v=IrJ8snHKlEg,0,0,0,,322,0,0,0,
1225d23bc1814140bc0093c1407f06b3,2070,157779,91,50,2817,https://www.youtube.com/watch?v=Tf1qvKu86sQ,63,32,156,https://www.youtube.com/watch?v=Nj8eIbxS0OU,1365,715,2817,https://www.youtube.com/watch?v=Tf1qvKu86sQ,99,30,26,32,https://www.twitch.tv/videos/2749999776
b8d723ac79eb47229a23adc4029a5bd5,2070,0,0,0,0,,0,0,0,,0,0,0,,0,0,0,0,
44b22851b9df4612bec834e2cfde9489,2060,515572,54,31,79,https://www.youtube.com/watch?v=LU4zg2AE3_Y,56,31,79,https://www.youtube.com/watch?v=LU4zg2AE3_Y,47,31,54,https://www.youtube.com/watch?v=QxdG5SV0Yh8,0,0,0,0,
93e7079bd21c499f9004e79d18489d28,2060,486646,0,0,0,,0,0,0,,0,0,0,,86,0,0,0,
e66d389ebb604096bfa99178e1a13c27,2060,223683,404,254,3320,https://www.youtube.com/watch?v=BJ321gy4xCo,391,246,3320,https://www.youtube.com/watch?v=BJ321gy4xCo,2017,786,2017,https://www.youtube.com/watch?v=HSwGhUC90wY,3720,230,160,444,https://www.twitch.tv/videos/2746146783
73a96bba42b444df98487ed22f97c240,2060,206476,600,223,7324,https://www.youtube.com/watch?v=lWPgWOVoiyc,0,0,0,,600,223,7324,https://www.youtube.com/watch?v=lWPgWOVoiyc,764,310,161,1266,https://www.twitch.tv/videos/2733714948
8e84dbdebec446bab8c82b3f0467f398,2060,172417,103,50,4817,https://www.youtube.com/watch?v=KONQep3OyYw,86,39,239,https://www.youtube.com/watch?v=IueuPYiTmPs,1489,785,4817,https://www.youtube.com/watch?v=KONQep3OyYw,0,0,0,0,
62b58adde13f4a73ab406f857d730e20,2050,83884,72,18,1751,https://www.youtube.com/watch?v=yCmwwdP3iaY,68,18,163,https://www.youtube.com/watch?v=QwOBx-Yoc8Q,1751,86,1751,https://www.youtube.com/watch?v=yCmwwdP3iaY,0,0,0,0,
cb52afa541704e6e8f1098a20679135c,2050,119612,67,18,72,https://www.youtube.com/watch?v=xEi4jfhyK-c,67,18,72,https://www.youtube.com/watch?v=xEi4jfhyK-c,0,0,0,,305,61,56,61,https://www.twitch.tv/videos/2753504331
5c7278d46cd24b8eb5f49c446acc759d,2040,67147,0,0,0,,0,0,0,,0,0,0,,64,0,0,0,
e32a7d950f5a4b53ab2f47d225aec4fd,2040,54582,108,31,108,https://www.youtube.com/watch?v=ZpJvTGoS_5w,108,31,108,https://www.youtube.com/watch?v=ZpJvTGoS_5w,0,0,0,,0,0,0,0,
247eca886f5c43188a3d6d3945e40636,2040,125877,146,82,404,https://www.youtube.com/watch?v=qMBUmJbxiKY,148,84,404,https://www.youtube.com/watch?v=qMBUmJbxiKY,67,59,67,https://www.youtube.com/watch?v=IZMg4fjchlM,0,0,0,0,
6eefc3826f4f49a0b28a5288c5e0d83e,2030,11827,0,0,0,,0,0,0,,0,0,0,,2402,197,117,197,https://www.twitch.tv/videos/2745535111
a76c19e10aa4463f92f0d2e0f30ab84a,2030,132919,106,47,1553,https://www.youtube.com/watch?v=p_OgVC8DZF0,104,46,179,https://www.youtube.com/watch?v=DSo0zgfjzcw,1553,626,1553,https://www.youtube.com/watch?v=p_OgVC8DZF0,0,0,0,0,
1c4d1b6728454276a4a5c4e0d6a94a20,2030,0,0,0,0,,0,0,0,,0,0,0,,0,0,0,0,
6eeed5b0702a45df8470a617ee2c5243,2020,24064,74,15,74,https://www.youtube.com/watch?v=Ua20n5JlnnE,74,15,74,https://www.youtube.com/watch?v=Ua20n5JlnnE,0,0,0,,0,0,0,0,
9087489bcb234de9bb2a8942a1562a61,2020,75629,0,0,0,,0,0,0,,0,0,0,,0,0,0,0,
829ebc1f7fc34bd1b770298799fccaa7,2020,47176,58,36,58,https://www.youtube.com/watch?v=APtCi0Po-y8,58,36,58,https://www.youtube.com/watch?v=APtCi0Po-y8,0,0,0,,0,0,0,0,
83a59a0d6537461fb429af7e3af1d152,2020,256932,0,0,0,,0,0,0,,0,0,0,,0,0,0,0,
c85f3da0538546c499238b23d273f627,2020,0,0,0,0,,0,0,0,,0,0,0,,417,0,0,0,
78dea7b59be448329ec287a403f95a13,2020,29116,3,0,14,https://www.youtube.com/watch?v=6CGuAHlYsto,0,0,0,,3,0,14,https://www.youtube.com/watch?v=6CGuAHlYsto,2057,144,80,144,https://www.twitch.tv/videos/2744616028
a66441bdef584fe0806c4be0fd2cf53a,2010,104269,0,0,0,,0,0,0,,0,0,0,,0,0,0,0,
4ed0862cff5b47bcbf4b6a30e431e0fa,2010,10590,1999,1707,2080,https://www.youtube.com/watch?v=r9nSLZBKLas,0,0,0,,1999,1707,2080,https://www.youtube.com/watch?v=r9nSLZBKLas,0,0,0,0,
749161d9934f41bf97e7210afd6b3bb1,2010,41082,0,0,0,,0,0,0,,0,0,0,,107,0,0,0,
b84f2dfff8ce4ca1af82bfc44405f1e7,2010,89009,38,20,123,https://www.youtube.com/watch?v=5VgdNQaLmaA,38,20,123,https://www.youtube.com/watch?v=5VgdNQaLmaA,0,0,0,,0,0,0,0,
0414bb8fc082472a9434bd4a463a9865,2010,10256,0,0,0,,0,0,0,,0,0,0,,186,0,0,0,
c0ce3bfbf1434af3a2a7bd7b2c38e7e7,2000,134378,413,191,836,https://www.youtube.com/watch?v=a4kxYnhPlCk,413,191,836,https://www.youtube.com/watch?v=a4kxYnhPlCk,0,0,0,,0,0,0,0,
14d334ad35f146ecbb047d1c20652fe1,2000,343458,0,0,0,,0,0,0,,0,0,0,,0,0,0,0,
2a20316d245d406193331300bb44fdec,2000,25675,0,0,0,,0,0,0,,0,0,0,,5320,665,381,1641,https://www.twitch.tv/videos/2737768215
95f8bb8a92c1450b8b5993f740b39338,2000,762292,27,10,27,https://www.youtube.com/watch?v=FNvsccV4ejU,27,10,27,https://www.youtube.com/watch?v=FNvsccV4ejU,0,0,0,,298,0,0,0,
92e03a33b1e640f6aa94211011de5d24,1990,65299,59,18,19393,https://www.youtube.com/watch?v=de1SVdWcJpE,48,17,131,https://www.youtube.com/watch?v=AU9lENizwLs,2137,389,19393,https://www.youtube.com/watch?v=de1SVdWcJpE,256,103,96,244,https://www.twitch.tv/videos/2747691867
712d031e7f004ed99aa1dfdb176cff32,1990,116550,99,48,139,https://www.youtube.com/watch?v=oEtRxn5GHJg,0,0,0,,99,48,139,https://www.youtube.com/watch?v=oEtRxn5GHJg,322,0,0,0,
a9e5491563fd4b05896ef9a8cb2ee7d7,1990,124667,53,23,119,https://www.youtube.com/watch?v=c2TTwpjN528,53,23,119,https://www.youtube.com/watch?v=c2TTwpjN528,0,0,0,,0,0,0,0,
83eff3b0de694818876092eaabd35b4a,1980,91686,52,24,140,https://www.youtube.com/watch?v=Ci-DSSIgPUE,52,24,140,https://www.youtube.com/watch?v=Ci-DSSIgPUE,0,0,0,,0,0,0,0,
7bd1bc8b491d47e0b7cf0a573c36120e,1980,101259,32,17,32,https://www.youtube.com/watch?v=3x8_fWRi4JY,0,0,0,,32,17,32,https://www.youtube.com/watch?v=3x8_fWRi4JY,0,0,0,0,
504678b9fa2f4506879ba42b27a13dff,1980,202767,113,58,2038,https://www.youtube.com/watch?v=0NBc1UPxO8U,89,53,252,https://www.youtube.com/watch?v=djLD7wKOHGE,491,260,2038,https://www.youtube.com/watch?v=0NBc1UPxO8U,0,0,0,0,
4b7c733a13d247ec84844698ecc7ba0c,1970,43391,0,0,0,,0,0,0,,0,0,0,,2759,347,219,357,https://www.twitch.tv/videos/2745943018
6bddfe8d54104f4192c56e4935a871de,1970,600504,1331,455,1819,https://www.youtube.com/watch?v=Ro9XRYWrkXg,45,7,45,https://www.youtube.com/watch?v=4JHDW-3UJac,1575,478,1819,https://www.youtube.com/watch?v=Ro9XRYWrkXg,1006,266,196,793,https://www.twitch.tv/videos/2744427235
4de89158f20a4d0e8023f15db8a9526e,1960,132762,0,0,0,,0,0,0,,0,0,0,,0,0,0,0,
29574cafecff435b90d34431e2153f02,1940,238486,77,36,2822,https://www.youtube.com/watch?v=3m8aSkZSGCc,39,17,77,https://www.youtube.com/watch?v=MYd_EwLg-k0,1422,455,2822,https://www.youtube.com/watch?v=3m8aSkZSGCc,163,37,33,37,https://www.twitch.tv/videos/2753413986
734477be3c5d42afbdde5356c6a6e8ee,1940,81698,0,0,0,,0,0,0,,0,0,0,,0,0,0,0,
c0ae01f224734769a38c39b97fb6dbb7,1930,52287,0,0,0,,0,0,0,,0,0,0,,393,0,0,0,
9031798ec1884b52b17df470b6c379b2,1930,54233,204,90,210,https://www.youtube.com/watch?v=6NhD3zXsOlw,204,90,210,https://www.youtube.com/watch?v=6NhD3zXsOlw,0,0,0,,0,0,0,0,
8b810380ed254a5e8a85b65552ba4e61,1930,114159,1230,240,2105,https://www.youtube.com/watch?v=8rNXoyVyxFg,0,0,0,,1230,240,2105,https://www.youtube.com/watch?v=8rNXoyVyxFg,10512,2038,839,5539,https://www.twitch.tv/videos/2749294856
70c982c2dffc4cd08c90431abcc8be97,1930,53403,59,23,138,https://www.youtube.com/watch?v=IiUoSx-GWAU,59,23,138,https://www.youtube.com/watch?v=IiUoSx-GWAU,0,0,0,,185,33,25,90,https://www.twitch.tv/videos/2749401510
7d2aa4176f60423bb1532ac37ed55e28,1930,149345,94,47,958,https://www.youtube.com/watch?v=3EgWMX9oFfg,96,50,958,https://www.youtube.com/watch?v=3EgWMX9oFfg,43,5,43,https://www.youtube.com/watch?v=RAAQjzYGpUY,0,0,0,0,
17b1d3fb1e1944dabd5e6a45f94e2f6b,1930,67553,163,88,4030,https://www.youtube.com/watch?v=w32iAEg5JLU,155,68,184,https://www.youtube.com/watch?v=JJHRNuyHy5U,4030,1550,4030,https://www.youtube.com/watch?v=w32iAEg5JLU,0,0,0,0,
1025a2d1ea674c649b1e7934895bd419,1930,55246,80,64,88,https://www.youtube.com/watch?v=jnFU2JpVBkE,80,64,88,https://www.youtube.com/watch?v=jnFU2JpVBkE,0,0,0,,0,0,0,0,
bb1cda940e0a44b3a25f3e368c19c490,1920,60275,144,61,183,https://www.youtube.com/watch?v=_5fVEpTO1eI,144,61,183,https://www.youtube.com/watch?v=_5fVEpTO1eI,0,0,0,,0,0,0,0,
8564954960ba466fa7f17bc0e0ea5e8e,1920,38882,0,0,0,,0,0,0,,0,0,0,,356,0,0,0,
b34b0381ce8e40f2b24fa0a96a1e1bd5,1920,94389,0,0,0,,0,0,0,,0,0,0,,0,0,0,0,
0563e1d0ff394d1ab0d6a09d89870fba,1920,137359,135,62,2154,https://www.youtube.com/watch?v=H6eM7cTOQYI,135,62,180,https://www.youtube.com/watch?v=rpRtJK4Ztvc,169,69,2154,https://www.youtube.com/watch?v=H6eM7cTOQYI,99,38,28,69,https://www.twitch.tv/videos/2744482041
bf124655587e4f5b937d695be814d25d,1910,150477,134,58,141,https://www.youtube.com/watch?v=hktKRi43O1c,134,58,141,https://www.youtube.com/watch?v=hktKRi43O1c,0,0,0,,0,0,0,0,
e58a5a6f40e040d79bbcd139824d6fc7,1910,242339,1234,347,2599,https://www.youtube.com/watch?v=OoLl_DbHWAU,133,79,133,https://www.youtube.com/watch?v=mEKE7ZQXB0s,1591,406,2599,https://www.youtube.com/watch?v=OoLl_DbHWAU,9984,2297,881,18955,https://www.twitch.tv/videos/2745292315
2c6d5a00eabf47e2affcc8fa6ec64f9c,1900,172528,32,15,1711,https://www.youtube.com/watch?v=7EsJVy6-lD8,30,14,57,https://www.youtube.com/watch?v=3aeKrHeelfs,369,104,1711,https://www.youtube.com/watch?v=7EsJVy6-lD8,116,32,19,35,https://www.twitch.tv/videos/2745397235
4f20b9493001401f81b7a451bf856fba,1890,144304,217,111,2165,https://www.youtube.com/watch?v=CJW1MQdKpRw,200,93,392,https://www.youtube.com/watch?v=_FGWsFD4EWM,575,433,2165,https://www.youtube.com/watch?v=CJW1MQdKpRw,1523,389,321,535,https://www.twitch.tv/videos/2754174926
d20c66018a094127805133f051037124,1890,79620,0,0,0,,0,0,0,,0,0,0,,1848,0,0,0,
7c18bc597298484c8f2925759fc1ac4a,1890,12414,89,59,151,https://www.youtube.com/watch?v=8Ko-Y7BlXSY,89,59,151,https://www.youtube.com/watch?v=8Ko-Y7BlXSY,0,0,0,,782,0,0,0,
7eec0f9233fa49ed92c4f60fb8a82694,1890,37912,9,2,14,https://www.youtube.com/watch?v=tHcY38Qg0ts,0,0,0,,9,2,14,https://www.youtube.com/watch?v=tHcY38Qg0ts,1012,154,100,181,https://www.twitch.tv/videos/2744570843
58d43efc5b4046148d02de0e65ef9120,1890,157690,227,99,5534,https://www.youtube.com/watch?v=gGpkVrJLVzo,161,82,474,https://www.youtube.com/watch?v=qJ2phrmfwh4,1157,793,5534,https://www.youtube.com/watch?v=gGpkVrJLVzo,511,87,78,180,https://www.twitch.tv/videos/2749279309
e897180feafa4f748c41f13306b6f379,1880,417076,586,292,3033,https://www.youtube.com/watch?v=oxZnFjF195w,354,230,440,https://www.youtube.com/watch?v=d4Y-l0_LHQI,1532,568,3033,https://www.youtube.com/watch?v=oxZnFjF195w,13,0,0,0,
1eb556018c7847feb170b09b8622590c,1870,111902,61,22,134,https://www.youtube.com/watch?v=3WGY1tFcc20,59,21,134,https://www.youtube.com/watch?v=3WGY1tFcc20,73,62,73,https://www.youtube.com/watch?v=sKoeOGmBYM4,0,0,0,0,
63175a6880c5427891463ff07fd0bf7e,1870,49699,0,0,0,,0,0,0,,0,0,0,,0,0,0,0,
a8e44e51a99c487694e2525dc57c85ca,1870,46712,0,0,0,,0,0,0,,0,0,0,,1187,0,0,0,
9be037b96ffa41c9a080edf332650649,1870,99982,11,1,1699,https://www.youtube.com/watch?v=Zd09UfWrWK8,72,58,92,https://www.youtube.com/watch?v=BVXoSX4qcV0,7,0,1699,https://www.youtube.com/watch?v=Zd09UfWrWK8,0,0,0,0,
d564ef4ee383435787e18dee18247631,1860,56970,93,44,119,https://www.youtube.com/watch?v=AwYqFh6vsbA,71,44,93,https://www.youtube.com/watch?v=cimFO-0JzH8,106,48,119,https://www.youtube.com/watch?v=AwYqFh6vsbA,376,22,16,22,https://www.twitch.tv/videos/2749382770
0bf305da1ec14c5c8447b9a007bc81f6,1860,185631,156,71,1240,https://www.youtube.com/watch?v=DlnUzbBvTCU,111,61,1147,https://www.youtube.com/watch?v=QAlubhuhyAk,633,191,1240,https://www.youtube.com/watch?v=DlnUzbBvTCU,965,123,78,511,https://www.twitch.tv/videos/2751574089
2c2bf7ce933a4f34ac25c2dfa72fe565,1850,134660,483,167,2272,https://www.youtube.com/watch?v=plyQMc2XYKc,339,127,706,https://www.youtube.com/watch?v=VuOPqmIbVeI,1816,732,2272,https://www.youtube.com/watch?v=plyQMc2XYKc,680,205,172,680,https://www.twitch.tv/videos/2750924147
bee432690bb44e03940ab4a86bbbbdfd,1850,19383,0,0,0,,0,0,0,,0,0,0,,0,0,0,0,
a5681ed32f994c57a107a0b9248fb228,1850,72876,84,46,440,https://www.youtube.com/watch?v=VzogFc10UrI,84,38,146,https://www.youtube.com/watch?v=YH_FCuShmqs,440,183,440,https://www.youtube.com/watch?v=VzogFc10UrI,0,0,0,0,
14561bf5e63844f58b60deb87f443507,1850,0,0,0,0,,0,0,0,,0,0,0,,1101,286,94,357,https://www.twitch.tv/videos/2731523239
48b978b1705a4f61a760b05280000b34,1840,8781,0,0,0,,0,0,0,,0,0,0,,1266,0,0,0,
a6a789d93f3a4352b251a51b43f98d2c,1840,45170,272,254,272,https://www.youtube.com/watch?v=trT6rfIi2gM,272,254,272,https://www.youtube.com/watch?v=trT6rfIi2gM,0,0,0,,0,0,0,0,
5ff20156ebbf4390a3573d6a94aed8df,1840,89102,91,45,447,https://www.youtube.com/watch?v=Ct854egPTrE,91,45,447,https://www.youtube.com/watch?v=Ct854egPTrE,0,0,0,,0,0,0,0,
361d3dd97ee9430f85d57b61ea8f0b85,1830,155221,113,56,239,https://www.youtube.com/watch?v=JyaoRDfVBrM,113,56,239,https://www.youtube.com/watch?v=JyaoRDfVBrM,0,0,0,,0,0,0,0,
0fbdfcc1b9cf41fdb840cf2f546d9324,1830,133116,43,18,341,https://www.youtube.com/watch?v=gLD_SmckPJQ,45,18,341,https://www.youtube.com/watch?v=gLD_SmckPJQ,12,6,12,https://www.youtube.com/watch?v=ViYSZk8JkS4,671,0,0,0,
f3b487c00ef5466eaa529f3a2e8d6753,1830,34176,147,143,168,https://www.youtube.com/watch?v=nzVQ2Rt2uLQ,147,143,168,https://www.youtube.com/watch?v=nzVQ2Rt2uLQ,0,0,0,,0,0,0,0,
fe5a0ac164a940c79e430eab9995da2e,1830,181485,0,0,0,,0,0,0,,0,0,0,,111,0,0,0,
70874043d50b4e3a873742127251caa5,1830,80813,215,33,215,https://www.youtube.com/watch?v=DNoLj_UoCao,215,33,215,https://www.youtube.com/watch?v=DNoLj_UoCao,0,0,0,,0,0,0,0,
342f808864164047acc8ddffe88c9618,1830,132836,113,67,113,https://www.youtube.com/watch?v=pggCHYwQgKs,113,67,113,https://www.youtube.com/watch?v=pggCHYwQgKs,0,0,0,,2146,423,279,740,https://www.twitch.tv/videos/2753349115
a823412858b749f7bd2bff3739ec55b7,1820,92720,113,48,378,https://www.youtube.com/watch?v=t2unN3SEBZ4,113,48,378,https://www.youtube.com/watch?v=t2unN3SEBZ4,0,0,0,,431,48,32,50,https://www.twitch.tv/videos/2744362036
e72542ff8bb14e47929b037c626c320a,1820,36751,0,0,0,,0,0,0,,0,0,0,,0,0,0,0,
08158657738a4949bce0cbbc36c4e701,1820,76889,0,0,0,,0,0,0,,0,0,0,,0,0,0,0,
9c0184b0f01a4af4a4c2c56139682fb9,1820,41360,0,0,0,,0,0,0,,0,0,0,,0,0,0,0,
0c1efcf431bc4ffbb208775a9738e348,1810,66494,0,0,0,,0,0,0,,0,0,0,,160,0,0,0,
3bbbe40f23e344fa8889d410b7315383,1810,2081,0,0,0,,0,0,0,,0,0,0,,0,0,0,0,
db2f279f9960492082f3ae6ad20aca91,1810,47027,0,0,0,,0,0,0,,0,0,0,,504,0,0,0,
49c4f54141434226960845b2a46c432b,1800,60866,0,0,0,,0,0,0,,0,0,0,,0,0,0,0,
0da343539de64a169fe51ad653e5c73d,1800,40758,45,34,93,https://www.youtube.com/watch?v=g6o880LU1GY,45,34,93,https://www.youtube.com/watch?v=g6o880LU1GY,0,0,0,,0,0,0,0,
bff58c28269748eb99103a257886309a,1800,58555,114,48,238,https://www.youtube.com/watch?v=uFFnq66_bxY,114,48,238,https://www.youtube.com/watch?v=uFFnq66_bxY,0,0,0,,0,0,0,0,
8ad9544f4e4f42a09ec1ecb6b514729f,1800,95227,49,23,114,https://www.youtube.com/watch?v=rJf-RGmu-IU,49,23,114,https://www.youtube.com/watch?v=rJf-RGmu-IU,0,0,0,,0,0,0,0,
372962c805114682a4d16b75c13c80ed,1790,264,0,0,0,,0,0,0,,0,0,0,,0,0,0,0,
b023ec32c6b5474e95c7faf252925b8e,1790,50756,17,1,17,https://www.youtube.com/watch?v=A-gm56fb-2M,0,0,0,,17,1,17,https://www.youtube.com/watch?v=A-gm56fb-2M,402,19,16,20,https://www.twitch.tv/videos/2753520497
5efdd7a401eb430ba20cb6f391fbbce3,1790,34912,0,0,0,,0,0,0,,0,0,0,,0,0,0,0,
8b732f3260e0427f9cf795b93ada310a,1790,57156,898,75,898,https://www.youtube.com/watch?v=p8ciE7sgr4c,0,0,0,,898,75,898,https://www.youtube.com/watch?v=p8ciE7sgr4c,2975,402,209,402,https://www.twitch.tv/videos/2743718455
be84d60f2d0e452ab7d66eaeb957477f,1790,82562,3,2,3,https://www.youtube.com/watch?v=zQRhQIsNIyI,0,0,0,,3,2,3,https://www.youtube.com/watch?v=zQRhQIsNIyI,0,0,0,0,
31c7fada1ab24cbd83ab4ae698955a29,1790,78724,36,16,774,https://www.youtube.com/watch?v=ByDqQX8TN5c,31,13,98,https://www.youtube.com/watch?v=tLF4UPS0KRQ,479,399,774,https://www.youtube.com/watch?v=ByDqQX8TN5c,0,0,0,0,
c489b78388904133a8b93cd4d0470aad,1780,3974,0,0,0,,0,0,0,,0,0,0,,628,0,0,0,
e39607950249427da8b60fa012115e44,1780,104189,464,171,877,https://www.youtube.com/watch?v=WeQRxgtsAuE,0,0,0,,464,171,877,https://www.youtube.com/watch?v=WeQRxgtsAuE,0,0,0,0,
d1dcec3b0dbe4e39b2907be832c467a1,1780,0,0,0,0,,0,0,0,,0,0,0,,0,0,0,0,
15b8c0a77287451395102506f90ec98b,1780,641,0,0,0,,0,0,0,,0,0,0,,0,0,0,0,
3bc6afb820df4f59b2c6ff1c25d1eed3,1780,141504,61,36,450,https://www.youtube.com/watch?v=WtxmRbsTKnE,58,35,450,https://www.youtube.com/watch?v=WtxmRbsTKnE,119,86,435,https://www.youtube.com/watch?v=m0Xiw1mOdFc,0,0,0,0,
29d3dea4a1684bec9592e2ccc3685c57,1780,64003,0,0,0,,0,0,0,,0,0,0,,0,0,0,0,
ced6b5d82fc848a5a0f45a1b3da4cfae,1780,81131,109,68,128,https://www.youtube.com/watch?v=7SJ4NP6G9Oo,109,68,128,https://www.youtube.com/watch?v=7SJ4NP6G9Oo,0,0,0,,216,10,6,28,https://www.twitch.tv/videos/2751917536
ce59f11c200841dab2e8a5e30655a827,1770,251152,0,0,0,,0,0,0,,0,0,0,,27,0,0,0,
b49c2970f97b4fd4a6762b3e9ba94f8e,1770,7686,0,0,0,,0,0,0,,0,0,0,,10042,967,349,2134,https://www.twitch.tv/videos/2743723465
0b91169f9d504a479f0e1010ae4edda1,1770,5596,0,0,0,,0,0,0,,0,0,0,,0,0,0,0,
d748a977fcd24752ad9e038468713bf2,1760,37873,67,43,98,https://www.youtube.com/watch?v=T9GJunEA8pk,67,43,98,https://www.youtube.com/watch?v=T9GJunEA8pk,0,0,0,,0,0,0,0,
5612ac8b150e45e5a7381a2c07e9671a,1760,75579,71,46,256,https://www.youtube.com/watch?v=utcvOuN50HA,71,46,256,https://www.youtube.com/watch?v=utcvOuN50HA,0,0,0,,0,0,0,0,
66830cad0b9949689741b0dc5ef39d29,1760,49233,0,0,0,,0,0,0,,0,0,0,,0,0,0,0,
8020c505099f474ca81da3023926485f,1760,103947,107,66,2282,https://www.youtube.com/watch?v=AEmQLoJL5d8,106,64,185,https://www.youtube.com/watch?v=X71GPvMiRVQ,2282,530,2282,https://www.youtube.com/watch?v=AEmQLoJL5d8,0,0,0,0,
e3b2ba3f0767417a911eedeb6604ec7f,1760,2182,0,0,0,,0,0,0,,0,0,0,,0,0,0,0,
2e8c364f691740dd81c0fa61727a9790,1760,596169,0,0,0,,0,0,0,,0,0,0,,3788,0,0,0,
3584322d47f14c7aa8f6e98511d3c54a,1750,1125,0,0,0,,0,0,0,,0,0,0,,1046,0,0,0,
b632def93af34129ad1a2a6f01a8277f,1750,82708,0,0,0,,0,0,0,,0,0,0,,0,0,0,0,
d0c2bb3e9091413e8d245bdc217e9420,1750,54679,62,19,107,https://www.youtube.com/watch?v=n7dJGMv0yxA,62,19,107,https://www.youtube.com/watch?v=n7dJGMv0yxA,0,0,0,,0,0,0,0,
8483ae3c14ca488394d427d271854d88,1750,35697,0,0,0,,0,0,0,,0,0,0,,43,0,0,0,
0f7d7faa487642d0a8ff6d5fc8dbc394,1750,150867,0,0,0,,0,0,0,,0,0,0,,1660,466,140,1454,https://www.twitch.tv/videos/2745378648
fa4fe8c441404dcf85dda8b8bce34a9a,1750,42605,0,0,0,,0,0,0,,0,0,0,,0,0,0,0,
3a8fe50b02d04b45af3974ed979c52eb,1740,82440,240,96,1471,https://www.youtube.com/watch?v=Pj50wnX82lo,227,79,320,https://www.youtube.com/watch?v=Nv1Z3i9BCd4,1430,475,1471,https://www.youtube.com/watch?v=Pj50wnX82lo,0,0,0,0,
673abaca34d047b49b11d50214a9a463,1740,78391,177,90,247,https://www.youtube.com/watch?v=8c0uE5l4SYg,177,90,247,https://www.youtube.com/watch?v=8c0uE5l4SYg,0,0,0,,86,0,0,0,
637a5867616a436ba0f7cdd36057f55a,1740,136922,100,69,1480,https://www.youtube.com/watch?v=MuWgW0e8v6E,100,69,788,https://www.youtube.com/watch?v=8rs3tr0sbe4,255,131,1480,https://www.youtube.com/watch?v=MuWgW0e8v6E,95,0,0,0,
a0ac84f84b914c21acf669844a163436,1730,39481,165,22,176,https://www.youtube.com/watch?v=kj6LJN-_-88,165,22,176,https://www.youtube.com/watch?v=kj6LJN-_-88,0,0,0,,378,205,184,324,https://www.twitch.tv/videos/2751134430
dc8226bfc9c64cf5bc768f387a41c48d,1730,25247,0,0,0,,0,0,0,,0,0,0,,0,0,0,0,
f3fa92d46e744da29b61f9468c76b9a5,1730,38871,84,27,84,https://www.youtube.com/watch?v=X9Xelr_zEH4,84,27,84,https://www.youtube.com/watch?v=X9Xelr_zEH4,0,0,0,,0,0,0,0,
018244f1ad404c9eaa4ddf747c3bafa0,1730,219360,178,87,345,https://www.youtube.com/watch?v=DKb1hnAEkIo,194,96,345,https://www.youtube.com/watch?v=DKb1hnAEkIo,99,36,135,https://www.youtube.com/watch?v=4fftNOPa6Q8,0,0,0,0,
b0e88b4d4e5d41c4b5edd07540dc3637,1720,138069,76,29,102,https://www.youtube.com/watch?v=YXaJ1QERo1o,76,29,102,https://www.youtube.com/watch?v=YXaJ1QERo1o,0,0,0,,0,0,0,0,
84cccbea595d4bc69426d5c75f1ac3a4,1720,89320,0,0,0,,0,0,0,,0,0,0,,0,0,0,0,
8f7fdc3104f541539132c122eeab6801,1720,35948,107,78,1440,https://www.youtube.com/watch?v=u_RXqZ4HO7k,104,70,200,https://www.youtube.com/watch?v=_O3X3XG7i3E,283,158,1440,https://www.youtube.com/watch?v=u_RXqZ4HO7k,0,0,0,0,
7cc197b36bc64bf38aaf98a17eaf8d31,1720,169876,728,535,1347,https://www.youtube.com/watch?v=LONoxReXmog,127,125,140,https://www.youtube.com/watch?v=HdKHP3npHGE,1332,1050,1347,https://www.youtube.com/watch?v=LONoxReXmog,0,0,0,0,
6fa5098cd1c644c5871a47a7e56803dc,1720,48928,339,162,496,https://www.youtube.com/watch?v=AFlRT_HhNsE,339,162,496,https://www.youtube.com/watch?v=AFlRT_HhNsE,0,0,0,,258,0,0,0,
aff718d907904c398ec8d685b71436a1,1710,29811,0,0,0,,0,0,0,,0,0,0,,300,0,0,0,
f3914ae7ae6541198b6b5f4d63febe48,1710,49205,0,0,0,,0,0,0,,0,0,0,,0,0,0,0,
e9fa90c6824c47abbfd114e9cd9b4125,1710,108662,56,30,4016,https://www.youtube.com/watch?v=yVdnS5Enpf0,55,26,73,https://www.youtube.com/watch?v=rcV8HYRgB94,1509,1150,4016,https://www.youtube.com/watch?v=yVdnS5Enpf0,0,0,0,0,
2e58c53f72f144dbad853ca8630dab19,1710,49254,262,148,1336,https://www.youtube.com/watch?v=82EGocUIb_Y,262,148,1336,https://www.youtube.com/watch?v=82EGocUIb_Y,0,0,0,,141,0,0,0,
8f1a38101d324afcbfc7df27d5d1e0a9,1700,194578,23,10,250,https://www.youtube.com/watch?v=hGX1GvHUh9c,23,10,250,https://www.youtube.com/watch?v=hGX1GvHUh9c,0,0,0,,0,0,0,0,
dbe3f9880dec4a03bcc1943343455a6c,1700,77024,123,118,141,https://www.youtube.com/watch?v=opuhCghdMGk,123,118,141,https://www.youtube.com/watch?v=opuhCghdMGk,0,0,0,,0,0,0,0,
af40da4e1fc24360bf9ed4eb828bf912,1700,165,0,0,0,,0,0,0,,0,0,0,,0,0,0,0,
1e0ca2c7a8d7493baa62b792d78e7b07,1700,131298,128,65,251,https://www.youtube.com/watch?v=D9N_k9-lySc,128,65,251,https://www.youtube.com/watch?v=D9N_k9-lySc,0,0,0,,0,0,0,0,
8c171b8f4b854cbfade4ee2babc19e0f,1690,37494,119,49,1290,https://www.youtube.com/watch?v=luafOySUMF8,116,46,235,https://www.youtube.com/watch?v=cPYcQMBXGGY,830,366,1290,https://www.youtube.com/watch?v=luafOySUMF8,0,0,0,0,
351e16ae67e14d5e8c7294284c2ded4d,1690,25119,0,0,0,,0,0,0,,0,0,0,,699,0,0,0,
7d3b310a867942cab270e48f7a397e0d,1690,38917,42,21,1866,https://www.youtube.com/watch?v=5eHeKUjY9rQ,41,20,173,https://www.youtube.com/watch?v=LYl74QadCIE,166,140,1866,https://www.youtube.com/watch?v=5eHeKUjY9rQ,885,0,0,0,
9deb096c2fb943a7ae7487bf25e28026,1680,118529,145,67,701,https://www.youtube.com/watch?v=hlV42I-SuFY,127,67,166,https://www.youtube.com/watch?v=1CM3sWI9Ng8,665,60,701,https://www.youtube.com/watch?v=hlV42I-SuFY,1365,212,134,301,https://www.twitch.tv/videos/2750283615
d18dd7d3e19f469b9e3faaa6c1fe2b0d,1680,35862,90,43,226,https://www.youtube.com/watch?v=VMXlb_PTgao,90,43,226,https://www.youtube.com/watch?v=VMXlb_PTgao,0,0,0,,226,0,0,0,
608b617ad99c4f18b97d10560e254b4b,1680,52834,106,48,397,https://www.youtube.com/watch?v=h12w_MqYgaY,104,45,397,https://www.youtube.com/watch?v=h12w_MqYgaY,281,134,324,https://www.youtube.com/watch?v=pu3wmeGKK1M,0,0,0,0,
1c304e8690e2400d9482f1173f59ad70,1680,89411,288,70,1427,https://www.youtube.com/watch?v=pS9MQkhJvMA,288,70,654,https://www.youtube.com/watch?v=FYUoEWwVURA,789,282,1427,https://www.youtube.com/watch?v=pS9MQkhJvMA,209,80,53,147,https://www.twitch.tv/videos/2747756523
df7bcc29e3204005877b25cdad9206b7,1680,81033,0,0,0,,0,0,0,,0,0,0,,0,0,0,0,
44ae1f339250472c82d1fc4ffb3610ad,1680,73281,482,242,695,https://www.youtube.com/watch?v=-9262sa5Esc,482,242,695,https://www.youtube.com/watch?v=-9262sa5Esc,0,0,0,,2684,1147,622,1698,https://www.twitch.tv/videos/2744270988
7eb39f4278b04ed485060a084cd07876,1670,61969,0,0,0,,0,0,0,,0,0,0,,0,0,0,0,
1f445fb1ee7447c2add6738b86570b2e,1670,70264,0,0,0,,0,0,0,,0,0,0,,0,0,0,0,
60a400d6a5d841f78b352675c383dbef,1670,47687,0,0,0,,0,0,0,,0,0,0,,0,0,0,0,
eb54f557a3734bfda57ecddd8df07681,1670,43338,0,0,0,,0,0,0,,0,0,0,,540,130,102,130,https://www.twitch.tv/videos/2750239168
af9a2d0fab684be9b9da09e251f6bae6,1670,78021,147,82,3795,https://www.youtube.com/watch?v=rlm_EFx_NeM,133,67,219,https://www.youtube.com/watch?v=t04Y6CLp2cQ,2776,1146,3795,https://www.youtube.com/watch?v=rlm_EFx_NeM,415,200,149,200,https://www.twitch.tv/videos/2749281810
3e41189706dd483db4e407c295b058ce,1660,98786,62,28,1023,https://www.youtube.com/watch?v=LifFU4RvjxI,62,28,133,https://www.youtube.com/watch?v=svqtDz83Zrc,522,301,1023,https://www.youtube.com/watch?v=LifFU4RvjxI,4751,425,216,150597,https://www.twitch.tv/videos/2750160567
21a819efced54f6991abd3fc0b43091f,1660,123130,336,129,1664,https://www.youtube.com/watch?v=Meo-CYwptG4,179,41,222,https://www.youtube.com/watch?v=9Yz6lX9d4C4,1321,506,1664,https://www.youtube.com/watch?v=Meo-CYwptG4,812,160,131,160,https://www.twitch.tv/videos/2751048331
1257fb7258eb49ad8cf58ed64b800056,1660,47438,0,0,0,,0,0,0,,0,0,0,,782,188,69,658,https://www.twitch.tv/videos/2731455847
ecbeda5532474bdb8d08d4e15ce98d89,1660,15209,0,0,0,,0,0,0,,0,0,0,,3010,0,0,0,
7259f7e619e943018e64fb24d4d20e34,1650,33976,153,131,153,https://www.youtube.com/watch?v=HCI2OvBTFko,153,131,153,https://www.youtube.com/watch?v=HCI2OvBTFko,0,0,0,,0,0,0,0,
cfa15a7e93824927ad4b84a519b0ab68,1650,597104,2290,1315,4761,https://www.youtube.com/watch?v=fCfQBPZkQmM,0,0,0,,2290,1315,4761,https://www.youtube.com/watch?v=fCfQBPZkQmM,0,0,0,0,
e3451dd6f3c0444c888eb6f67704613a,1650,61734,171,77,603,https://www.youtube.com/watch?v=MIOMk9I9gSw,171,77,603,https://www.youtube.com/watch?v=MIOMk9I9gSw,0,0,0,,0,0,0,0,
10c8c9b647e7464f9d95c7c1a865da01,1650,116574,85,23,1663,https://www.youtube.com/watch?v=zUOwbhd-N8w,32,15,85,https://www.youtube.com/watch?v=oKVojeS1pzA,569,369,1663,https://www.youtube.com/watch?v=zUOwbhd-N8w,2103,232,145,264,https://www.twitch.tv/videos/2746949303
52643019126449999714c7b659b6539c,1640,0,0,0,0,,0,0,0,,0,0,0,,334,0,0,0,
34d968321e3c40aabf759ad22d33bb3a,1640,0,0,0,0,,0,0,0,,0,0,0,,0,0,0,0,
7e50374d02184a429cfc6dfba9b52e2f,1640,9670,0,0,0,,0,0,0,,0,0,0,,392,59,42,75,https://www.twitch.tv/videos/2748641085
607d6173383c4118a32171fbcfc98e60,1640,42241,1,1,8,https://www.youtube.com/watch?v=-Kjqu_8O6fE,0,0,0,,1,1,8,https://www.youtube.com/watch?v=-Kjqu_8O6fE,16572,3501,3230,3501,https://www.twitch.tv/videos/2753485050
f7bfeaf6288f4afe80b62dab32698a0c,1640,521067,63,20,139,https://www.youtube.com/watch?v=wWOkjXqSeLI,65,29,102,https://www.youtube.com/watch?v=deBQALnoAQA,38,13,139,https://www.youtube.com/watch?v=wWOkjXqSeLI,335,0,0,0,
7d6a4fa5389c461bb553b8190c5e951f,1640,105089,0,0,0,,0,0,0,,0,0,0,,0,0,0,0,
c192b6e25df841ad85cbc8bbf0bd8bfe,1640,109896,0,0,0,,0,0,0,,0,0,0,,0,0,0,0,
4077520d348749e49598cd5fa1058b6a,1630,60033,18,9,92,https://www.youtube.com/watch?v=jlFa_YsIGrU,18,9,92,https://www.youtube.com/watch?v=jlFa_YsIGrU,0,0,0,,263,0,0,0,
cb8dab545aa1409c8c6cf887f8825485,1630,61986,0,0,0,,0,0,0,,0,0,0,,0,0,0,0,
c45e260cafa14b3fab4030fb339ed1ab,1630,76534,50,30,204,https://www.youtube.com/watch?v=ImLlFiBk8_0,48,28,69,https://www.youtube.com/watch?v=6qFN8nbSBeI,204,32,204,https://www.youtube.com/watch?v=ImLlFiBk8_0,28,0,0,0,
0dc671f00179414c959171b6625785a0,1630,0,0,0,0,,0,0,0,,0,0,0,,0,0,0,0,
7e26ddf485a84c0cb6d781a3bf432c55,1630,38865,0,0,0,,0,0,0,,0,0,0,,3964,0,0,0,
306117a48f3445baad1d6a919ed340bb,1630,68270,152,87,1087,https://www.youtube.com/watch?v=bo-M60tCcEQ,149,63,324,https://www.youtube.com/watch?v=ou_yKyeaIWE,751,379,1087,https://www.youtube.com/watch?v=bo-M60tCcEQ,151,0,0,0,
b9086ee5f7b54353a5ba85c973b2e2af,1630,64980,67,49,67,https://www.youtube.com/watch?v=aNtpX5-GisI,67,49,67,https://www.youtube.com/watch?v=aNtpX5-GisI,0,0,0,,0,0,0,0,
bc7d14416ba24cc8819f0753e1f595f5,1630,308566,127,75,775,https://www.youtube.com/watch?v=2-iHp5q_Mbw,127,75,775,https://www.youtube.com/watch?v=2-iHp5q_Mbw,0,0,0,,0,0,0,0,
bdcf0d95e6544ebaaddbfba94839cd6b,1630,91118,48,16,98,https://www.youtube.com/watch?v=NwDyrUs5T-4,50,18,60,https://www.youtube.com/watch?v=9Ytp7wGDKW8,21,12,98,https://www.youtube.com/watch?v=NwDyrUs5T-4,0,0,0,0,
5dc565de88a948ecb092cce178aafe60,1630,477486,0,0,0,,0,0,0,,0,0,0,,415,0,0,0,
da503b835e2a41d58433ebf6960db356,1630,59978,164,30,190,https://www.youtube.com/watch?v=e1QUmzq8QLk,190,28,190,https://www.youtube.com/watch?v=e1QUmzq8QLk,139,32,139,https://www.youtube.com/watch?v=WVsLSG7tFQw,783,0,0,0,
e8ec42e35b774df8a21ae98a0d01fdc0,1620,1198682,107,68,4335,https://www.youtube.com/watch?v=csbJ8eHDF6s,42,14,104,https://www.youtube.com/watch?v=v9Toaaop7jA,889,107,4335,https://www.youtube.com/watch?v=csbJ8eHDF6s,0,0,0,0,
86853cb239d740ce953573ba74bd08bd,1620,58175,0,0,0,,0,0,0,,0,0,0,,1761,0,0,0,
46e494bf06c640da95ad1b0b81631d98,1620,262570,51,31,2087,https://www.youtube.com/watch?v=Lwq8TKOCaZ4,39,18,99,https://www.youtube.com/watch?v=x8kvM6JAEfE,1062,651,2087,https://www.youtube.com/watch?v=Lwq8TKOCaZ4,925,33,19,47,https://www.twitch.tv/videos/2751719734
d3b1e8a5a2c74d2395dc33869caadb50,1620,7152,0,0,0,,0,0,0,,0,0,0,,0,0,0,0,
80e2f3365bfd4479a3594c3278311103,1620,0,0,0,0,,0,0,0,,0,0,0,,2262,0,0,0,
a1915cccb8584d57b9b22975263c7af4,1610,268759,88,53,1196,https://www.youtube.com/watch?v=TPJFUkaNsx0,67,28,104,https://www.youtube.com/watch?v=p3w4NBQn_nU,649,92,1196,https://www.youtube.com/watch?v=TPJFUkaNsx0,0,0,0,0,
c4651b162abb45c3a85640e3d456fa71,1610,57863,31,17,42,https://www.youtube.com/watch?v=t55YpXndvxo,31,17,42,https://www.youtube.com/watch?v=t55YpXndvxo,0,0,0,,320,0,0,0,
9e5e58a212584007b1ab1f22f5c59438,1610,135250,133,49,507,https://www.youtube.com/watch?v=muMCo_56fHU,133,49,507,https://www.youtube.com/watch?v=muMCo_56fHU,0,0,0,,0,0,0,0,
7425576151124e11a94609fd1b8687bc,1610,62201,77,2,77,https://www.youtube.com/watch?v=q2t5UNXxz_M,77,2,77,https://www.youtube.com/watch?v=q2t5UNXxz_M,0,0,0,,2029,0,0,0,
d7963784d96543e28a290361d38efe30,1600,95622,0,0,0,,0,0,0,,0,0,0,,1369,0,0,0,
67674d86fce54eceb37e0dc4ea802132,1600,121156,80,42,476,https://www.youtube.com/watch?v=wfJfAJqJyO8,81,42,298,https://www.youtube.com/watch?v=V7wKpm4r5Jo,79,23,476,https://www.youtube.com/watch?v=wfJfAJqJyO8,92,8,6,16,https://www.twitch.tv/videos/2754312148
bee9506c5d714205bfc69573280852c2,1600,119628,252,72,1886,https://www.youtube.com/watch?v=ImBpujiwTBE,117,20,252,https://www.youtube.com/watch?v=OWXar5btfPM,1412,311,1886,https://www.youtube.com/watch?v=ImBpujiwTBE,2136,83,62,247,https://www.twitch.tv/videos/2745287972
954590604f0e49e88fadc8ce6dafba1b,1600,93638,62,34,68,https://www.youtube.com/watch?v=Ggj8cE48DrY,62,34,68,https://www.youtube.com/watch?v=Ggj8cE48DrY,0,0,0,,0,0,0,0,
e214241ed6574d939e398051ae25921d,1590,65,0,0,0,,0,0,0,,0,0,0,,0,0,0,0,
2913f17e61014f7691e016fae8468404,1590,72885,77,26,501,https://www.youtube.com/watch?v=D3HHBW-ggAE,71,23,206,https://www.youtube.com/watch?v=ThNNOQLFN_w,501,308,501,https://www.youtube.com/watch?v=D3HHBW-ggAE,265,0,0,0,
597fbfe660ae4e6d92bb20bd7e6f3738,1590,9637,0,0,0,,0,0,0,,0,0,0,,737,0,0,0,
a73b969a7fe24a9aaeb9bc1c63ca6450,1590,86326,0,0,0,,0,0,0,,0,0,0,,4880,377,77,787,https://www.twitch.tv/videos/2733569513
86e86bf2d8e54e9083613e7398e1e7ac,1590,37046,0,0,0,,0,0,0,,0,0,0,,1817,547,463,1942,https://www.twitch.tv/videos/2750942481
7194df8aca7745c1b2a61dd91e56c6b8,1590,0,0,0,0,,0,0,0,,0,0,0,,0,0,0,0,
8cace62dbfc34c2a9a2a348e479cdbb1,1590,193720,968,624,1131,https://www.youtube.com/watch?v=sNvk6S5-duw,17,7,17,https://www.youtube.com/watch?v=JT8ozyVamQA,1076,656,1131,https://www.youtube.com/watch?v=sNvk6S5-duw,0,0,0,0,
055f10f2da424da8bfbfe9d01b15fb11,1580,43925,95,46,150,https://www.youtube.com/watch?v=UhZ-L1h4E5Y,95,46,150,https://www.youtube.com/watch?v=UhZ-L1h4E5Y,0,0,0,,38,0,0,0,
895f655b68e34434992fe2a9ebbc725a,1580,6547,0,0,0,,0,0,0,,0,0,0,,0,0,0,0,
53cd965ca91e495887b89aabd6314402,1580,31707,51,24,76,https://www.youtube.com/watch?v=VEHg2-4uTNk,51,24,76,https://www.youtube.com/watch?v=VEHg2-4uTNk,0,0,0,,16,0,0,0,
7e9fc4a1ccc7445182bb3c5264d99187,1580,62534,136,56,1438,https://www.youtube.com/watch?v=L6UqS10-gvw,97,42,273,https://www.youtube.com/watch?v=tXDJnvlduhU,864,406,1438,https://www.youtube.com/watch?v=L6UqS10-gvw,0,0,0,0,
b0a7d70ae76549f5b4418e56ee4ad43f,1570,43448,76,41,1217,https://www.youtube.com/watch?v=_viZWdOyaB8,76,41,159,https://www.youtube.com/watch?v=xdHK5Fy8JhA,630,226,1217,https://www.youtube.com/watch?v=_viZWdOyaB8,1020,325,294,540,https://www.twitch.tv/videos/2754110074
a725f6babc5f44779d7389886c6cd7b7,1570,57432,88,43,736,https://www.youtube.com/watch?v=31AfikBYcS0,88,43,736,https://www.youtube.com/watch?v=31AfikBYcS0,0,0,0,,0,0,0,0,
905304e606344aba8c84b83717453f5e,1570,69293,107,50,390,https://www.youtube.com/watch?v=WNMi5rm7G-c,107,50,390,https://www.youtube.com/watch?v=WNMi5rm7G-c,0,0,0,,0,0,0,0,
9a7b7c9c31da44aca5a68395a2e69488,1570,705007,38,17,250,https://www.youtube.com/watch?v=8IK6GnM89jA,34,14,250,https://www.youtube.com/watch?v=8IK6GnM89jA,86,37,127,https://www.youtube.com/watch?v=pfbP1AZoDrg,114,0,0,0,
c4fafcb15c694ad5ab88d1948d401e54,1570,82719,123,49,486,https://www.youtube.com/watch?v=5ipGfEVCwR4,123,49,486,https://www.youtube.com/watch?v=5ipGfEVCwR4,0,0,0,,172,0,0,0,
89f4c9a5a9374700ae9f3725cd8a3f0f,1560,143506,259,112,3543,https://www.youtube.com/watch?v=6FUeOjatJyM,110,17,160,https://www.youtube.com/watch?v=PaIaAXOXPWE,1212,573,3543,https://www.youtube.com/watch?v=6FUeOjatJyM,172,110,59,113,https://www.twitch.tv/videos/2743746808
94f9966aa28a45e1ab4b94507037d1d7,1560,143724,147,60,274,https://www.youtube.com/watch?v=DxmIivs_Mv4,147,60,274,https://www.youtube.com/watch?v=DxmIivs_Mv4,0,0,0,,0,0,0,0,
5b1bd72acc95440cb3aa381c89cfca3c,1560,89934,149,133,373,https://www.youtube.com/watch?v=43JFQoAIu94,0,0,0,,149,133,373,https://www.youtube.com/watch?v=43JFQoAIu94,0,0,0,0,
1cdbceb7ad414bb59b3a9563a93fe840,1560,64800,223,147,223,https://www.youtube.com/watch?v=lGB9oUQ6k28,223,147,223,https://www.youtube.com/watch?v=lGB9oUQ6k28,0,0,0,,0,0,0,0,
a112fc34dd9944a5a15f50c1c078aa3e,1560,126588,100,59,139,https://www.youtube.com/watch?v=_5rT_FtaPFE,100,59,139,https://www.youtube.com/watch?v=_5rT_FtaPFE,0,0,0,,0,0,0,0,
95fa8eef249d4edca59594271fedc487,1560,52327,0,0,0,,0,0,0,,0,0,0,,0,0,0,0,
e312462015a2454087c9fe83dd939994,1550,29848,82,58,130,https://www.youtube.com/watch?v=nma4xHGL4cw,82,58,130,https://www.youtube.com/watch?v=nma4xHGL4cw,0,0,0,,0,0,0,0,
bf03fd8b5b55481590ea63338c5cdd20,1550,29230,0,0,0,,0,0,0,,0,0,0,,4034,0,0,0,
904f58005872497b82964fff25490152,1550,22030,0,0,0,,0,0,0,,0,0,0,,190,0,0,0,
e8eb343e61df420bbfa5de7fea1a90b2,1550,0,0,0,0,,0,0,0,,0,0,0,,0,0,0,0,
95eabea4e8014fedb5d34ea27137a4ca,1550,129332,103,71,1419,https://www.youtube.com/watch?v=68qDDfVzbm0,98,40,169,https://www.youtube.com/watch?v=ObAgdAJlQCs,1281,697,1419,https://www.youtube.com/watch?v=68qDDfVzbm0,0,0,0,0,
00c2bd1279064d88b05ad2d17d790e37,1550,6552,819,158,1253,https://www.youtube.com/watch?v=KvRBTMIIpLE,0,0,0,,819,158,1253,https://www.youtube.com/watch?v=KvRBTMIIpLE,193,0,0,0,
cbd9ed35dc0045aa9c57bb9ee14b02e0,1540,693582,12,6,320,https://www.youtube.com/watch?v=03XaoO7-EOU,0,0,0,,12,6,320,https://www.youtube.com/watch?v=03XaoO7-EOU,0,0,0,0,
e5f4b34c47844699a1c9c6dc3326cf6b,1540,0,0,0,0,,0,0,0,,0,0,0,,66,0,0,0,
1be625b10e2f4e65bab5b19d10a4d0b1,1540,18459,0,0,0,,0,0,0,,0,0,0,,0,0,0,0,
1eef416d7ad94b6aa728e10d6da10304,1540,69184,37,27,80,https://www.youtube.com/watch?v=0nSDdsvUEFs,0,0,0,,37,27,80,https://www.youtube.com/watch?v=0nSDdsvUEFs,2033,661,478,661,https://www.twitch.tv/videos/2748666052
ee7cfe445bc84d6fa7fff5df6fbf0d32,1530,45633,59,18,72,https://www.youtube.com/watch?v=NdDeYEd1F7Y,59,18,72,https://www.youtube.com/watch?v=NdDeYEd1F7Y,0,0,0,,734,0,0,0,
e210fb08b0744535a907823fa9f062cc,1530,52782,0,0,0,,0,0,0,,0,0,0,,1207,280,97,581,https://www.twitch.tv/videos/2754001693
260f0fb7a8b1421394c38114230479bb,1520,65240,43,32,153,https://www.youtube.com/watch?v=1q_YWST60ak,43,32,153,https://www.youtube.com/watch?v=1q_YWST60ak,0,0,0,,141,20,18,29,https://www.twitch.tv/videos/2753486612
d57b7459ef5949ef96672a96fb33d8a2,1520,62956,103,99,103,https://www.youtube.com/watch?v=Hi61rxSbToo,103,99,103,https://www.youtube.com/watch?v=Hi61rxSbToo,0,0,0,,1099,272,220,400,https://www.twitch.tv/videos/2750966249
8d65d936f3c7411ab8a812d7ebc70cdf,1510,27246,0,0,0,,0,0,0,,0,0,0,,238,0,0,0,
eaa1d55ba99c40ce82413701233efdbd,1510,60382,51,22,71,https://www.youtube.com/watch?v=bQjp8YrGELs,51,22,71,https://www.youtube.com/watch?v=bQjp8YrGELs,0,0,0,,0,0,0,0,
c6ce333916b446d48d27be05df1a218e,1510,30818,60,43,84,https://www.youtube.com/watch?v=vg5XQ8tPkoE,60,43,84,https://www.youtube.com/watch?v=vg5XQ8tPkoE,0,0,0,,552,25,17,32,https://www.twitch.tv/videos/2753367211
b88e19a358b843068cd5bd7ec103d521,1510,133525,141,78,1236,https://www.youtube.com/watch?v=19zf10dlmtI,137,62,169,https://www.youtube.com/watch?v=lRJbqrTwxeo,1236,1012,1236,https://www.youtube.com/watch?v=19zf10dlmtI,0,0,0,0,
c506f1ab266f47e2be683220533a4790,1510,43101,51,25,187,https://www.youtube.com/watch?v=Xf_D35NPgWc,26,21,51,https://www.youtube.com/watch?v=0nxYTHkrhXM,126,52,187,https://www.youtube.com/watch?v=Xf_D35NPgWc,0,0,0,0,
d70830a282b9446f89bc9d82c88b8db3,1510,133031,0,0,0,,0,0,0,,0,0,0,,265,0,0,0,
02dadd7977b8412b99f101241de4cb3f,1500,77807,33,13,77,https://www.youtube.com/watch?v=5HVPv0fo7XU,33,13,77,https://www.youtube.com/watch?v=5HVPv0fo7XU,0,0,0,,1074,88,59,181,https://www.twitch.tv/videos/2746116167
5ce810e28ea54f5bacd55573589f4e4e,1500,99138,39,23,79,https://www.youtube.com/watch?v=uU9S4Df6S94,39,23,79,https://www.youtube.com/watch?v=uU9S4Df6S94,0,0,0,,0,0,0,0,
dcc5b43448044231a3a8710d144b2602,1500,129718,139,66,226,https://www.youtube.com/watch?v=cZRsT0gMJPk,139,66,226,https://www.youtube.com/watch?v=cZRsT0gMJPk,0,0,0,,0,0,0,0,
2ead897ab38c4530aeeb69a2f02da623,1500,68795,99,60,528,https://www.youtube.com/watch?v=KmfBz3--0bk,99,60,400,https://www.youtube.com/watch?v=-4Ak9u3REOo,301,129,528,https://www.youtube.com/watch?v=KmfBz3--0bk,0,0,0,0,
bd04e64364a545d39069ab05e09c8156,1490,77155,0,0,0,,0,0,0,,0,0,0,,0,0,0,0,
6db0d51e6ac9410f84f79e57448b8a60,1490,148172,160,106,247,https://www.youtube.com/watch?v=YS6WuXEZv-o,160,106,247,https://www.youtube.com/watch?v=YS6WuXEZv-o,0,0,0,,0,0,0,0,
12f51c457b27425fa98fe89c24ccb61c,1490,29158,0,0,0,,0,0,0,,0,0,0,,0,0,0,0,
91025114208d41b2bff535d6e277017e,1490,65658,54,37,63,https://www.youtube.com/watch?v=IVdm6LIM_18,54,37,63,https://www.youtube.com/watch?v=IVdm6LIM_18,0,0,0,,0,0,0,0,
b8ce93818de34a93901147e5d9857170,1490,85813,0,0,0,,0,0,0,,0,0,0,,0,0,0,0,
a881100803aa4abc84dc3cc814dca0e7,1490,53698,56,4,2726,https://www.youtube.com/watch?v=wJ4klUjQQsI,43,3,131,https://www.youtube.com/watch?v=ZNXp3q0y-FQ,2726,1966,2726,https://www.youtube.com/watch?v=wJ4klUjQQsI,0,0,0,0,
4c466d73397a4899b4ca26f90aaf57ad,1490,158992,1121,571,1493,https://www.youtube.com/watch?v=PNj-Rs2FkUQ,0,0,0,,1121,571,1493,https://www.youtube.com/watch?v=PNj-Rs2FkUQ,167,22,14,33,https://www.twitch.tv/videos/2746987568
6d61885259b744a28c7b92c0785e8fe9,1490,0,0,0,0,,0,0,0,,0,0,0,,855,0,0,0,
3cf7289a95834ae1a25d4cb2909a1a9e,1480,50660,0,0,0,,0,0,0,,0,0,0,,0,0,0,0,
489752f0b42c49b785d43f1207429983,1480,44105,59,6,59,https://www.youtube.com/watch?v=YmAC_V1sWt4,59,6,59,https://www.youtube.com/watch?v=YmAC_V1sWt4,0,0,0,,0,0,0,0,
d62ad85ae5434754bc4f9f366815064a,1470,44843,0,0,0,,0,0,0,,0,0,0,,0,0,0,0,
1be04e1564c34845bee20467cdb8cfd1,1470,121125,0,0,0,,0,0,0,,0,0,0,,0,0,0,0,
77829b31e6e246efbf1f648a353ff823,1470,255955,169,86,1533,https://www.youtube.com/watch?v=J0T-J7iz9Bo,159,60,1060,https://www.youtube.com/watch?v=d_m516Yjpiw,1182,261,1533,https://www.youtube.com/watch?v=J0T-J7iz9Bo,0,0,0,0,
2131a63328214b7f9a1022dae6890d66,1470,78983,65,38,196,https://www.youtube.com/watch?v=CL3BujKMoaQ,65,38,196,https://www.youtube.com/watch?v=CL3BujKMoaQ,0,0,0,,358,0,0,0,
2cc874f341184fb799b01c399477c0b4,1460,64341,111,84,111,https://www.youtube.com/watch?v=UkNLSYQIGeI,111,84,111,https://www.youtube.com/watch?v=UkNLSYQIGeI,0,0,0,,152,0,0,0,
091ac99f10804fe3b417a0f285731b4e,1460,141,141,35,141,https://www.youtube.com/watch?v=HQNjD8uJxSo,141,35,141,https://www.youtube.com/watch?v=HQNjD8uJxSo,0,0,0,,468,0,0,0,
076c16fcd0c843c0b70748712d15f233,1460,29307,103,50,826,https://www.youtube.com/watch?v=SulYGe4tHP0,103,50,826,https://www.youtube.com/watch?v=SulYGe4tHP0,0,0,0,,0,0,0,0,
687568c1c9254c8ab34e7b6efbdd6dbc,1450,200154,68,44,74,https://www.youtube.com/watch?v=yWP3tbicvMA,68,44,74,https://www.youtube.com/watch?v=yWP3tbicvMA,0,0,0,,0,0,0,0,
a2188c1a225e4f93a64e3385fa02d779,1450,82865,0,0,0,,0,0,0,,0,0,0,,0,0,0,0,
fcb4d9b8cd4a49dba6b421d97c179065,1450,66243,0,0,0,,0,0,0,,0,0,0,,1203,178,129,178,https://www.twitch.tv/videos/2748815831
6e6fd1311d2f42228faa8b1ccb0fa589,1450,76237,73,38,134,https://www.youtube.com/watch?v=7NfPWua1Iww,73,38,134,https://www.youtube.com/watch?v=7NfPWua1Iww,0,0,0,,0,0,0,0,
8044e4d538ab4e16b1952c8e42dee12e,1450,139362,66,23,486,https://www.youtube.com/watch?v=i9mQmYmKSa8,66,23,486,https://www.youtube.com/watch?v=i9mQmYmKSa8,0,0,0,,0,0,0,0,
0ec3bf23ccba41659f6d91e424fb2b4a,1440,56595,0,0,0,,0,0,0,,0,0,0,,0,0,0,0,
356186a5552f499baab4ac520b7d4235,1440,88790,131,69,1868,https://www.youtube.com/watch?v=H_EGCsM6pL4,120,60,207,https://www.youtube.com/watch?v=tjfgswU7IKM,679,399,1868,https://www.youtube.com/watch?v=H_EGCsM6pL4,0,0,0,0,
46ca57774cd7476d86727882d07bd918,1430,68412,91,47,2522,https://www.youtube.com/watch?v=esJROkcEQaU,82,37,120,https://www.youtube.com/watch?v=sUqvumaiG4Q,1761,891,2522,https://www.youtube.com/watch?v=esJROkcEQaU,145,160,127,194,https://www.twitch.tv/videos/2754271159
d3ae105969be4117ade8be2e8d19c008,1430,0,0,0,0,,0,0,0,,0,0,0,,2046,0,0,0,
564b411dc4874310be6f8ee9bb7a0312,1430,99445,0,0,0,,0,0,0,,0,0,0,,0,0,0,0,
747fb5e9d30240a1ac42fbf37e86b55d,1430,111014,49,32,157,https://www.youtube.com/watch?v=mwwBbvkmqi8,48,21,157,https://www.youtube.com/watch?v=mwwBbvkmqi8,59,56,59,https://www.youtube.com/watch?v=z108Cqj8qOM,415,18,13,21,https://www.twitch.tv/videos/2746188217
0dbf3f6f6521460782992a963122aed0,1430,251540,108,58,1242,https://www.youtube.com/watch?v=ANjbRLwOv9E,108,56,175,https://www.youtube.com/watch?v=sLNqFsrQYz8,306,120,1242,https://www.youtube.com/watch?v=ANjbRLwOv9E,333,89,71,97,https://www.twitch.tv/videos/2751036059
5bc1ba6d941e4eca868a5b33425c3262,1430,0,0,0,0,,0,0,0,,0,0,0,,1194,0,0,0,
889bb42644a14ae4af2b3594c51d057b,1420,77640,59,26,180,https://www.youtube.com/watch?v=d-v1YueUqqE,58,25,180,https://www.youtube.com/watch?v=d-v1YueUqqE,101,52,101,https://www.youtube.com/watch?v=orsNzM5Oeb4,0,0,0,0,
2ea398a50afd48c3a9e3a819186a4375,1410,61057,247,97,739,https://www.youtube.com/watch?v=knnit670AyY,247,97,739,https://www.youtube.com/watch?v=knnit670AyY,0,0,0,,149,0,0,0,
58588863643843439cebc85ef72654bb,1410,102077,60,28,261,https://www.youtube.com/watch?v=qX-1KdvK_Vo,52,26,84,https://www.youtube.com/watch?v=vENp41VPuoE,261,221,261,https://www.youtube.com/watch?v=qX-1KdvK_Vo,0,0,0,0,
d766d15cb84b4aa9b33122097eefff76,1410,0,0,0,0,,0,0,0,,0,0,0,,10776,0,0,0,
aabaf7767fa5449b86f58160496d0d4c,1400,74385,83,36,186,https://www.youtube.com/watch?v=B8TK89Dlk8M,83,36,186,https://www.youtube.com/watch?v=B8TK89Dlk8M,0,0,0,,0,0,0,0,
a7410ae72f2d4648bcf192c21abd7c32,1400,52458,0,0,0,,0,0,0,,0,0,0,,174,0,0,0,
bf425f4bc9154c00918ed885bdced632,1400,82458,122,26,181,https://www.youtube.com/watch?v=z0zhCevbuns,122,26,181,https://www.youtube.com/watch?v=z0zhCevbuns,0,0,0,,0,0,0,0,
6adad1ae67dc495dae88cefa06446593,1400,106747,0,0,0,,0,0,0,,0,0,0,,0,0,0,0,
30f58f5fd3994b9a8751b3f44e543c17,1390,105784,0,0,0,,0,0,0,,0,0,0,,0,0,0,0,
5a901d793927414493afa87af0c4baec,1390,28529,0,0,0,,0,0,0,,0,0,0,,1438,0,0,0,
1b6e28ac923f4134a3627badc2fa8ef6,1390,68670,0,0,0,,0,0,0,,0,0,0,,490,0,0,0,
c6a8cee6b8e042518ef58659113b3f34,1390,69086,139,66,166,https://www.youtube.com/watch?v=0sluICKj5nQ,139,66,166,https://www.youtube.com/watch?v=0sluICKj5nQ,0,0,0,,0,0,0,0,
acac9c479b4b42ba99d0bdfa2004ee5f,1390,30879,0,0,0,,0,0,0,,0,0,0,,915,0,0,0,
ea8cc7c4366d48c797a88bfbcf584301,1380,35745,0,0,0,,0,0,0,,0,0,0,,155,0,0,0,
188bbf1349f1482cbd24d06ba720cf17,1380,18379,0,0,0,,0,0,0,,0,0,0,,887,72,51,145,https://www.twitch.tv/videos/2747028080
e63047f70b0b4a7eba70e7d8cbd507ec,1380,31123,0,0,0,,0,0,0,,0,0,0,,0,0,0,0,
5356357f112b46db862b472a4aafcee8,1380,44215,163,80,2062,https://www.youtube.com/watch?v=GlfNiwNdgog,152,81,175,https://www.youtube.com/watch?v=Evs4gZy9lL0,213,78,2062,https://www.youtube.com/watch?v=GlfNiwNdgog,1291,0,0,0,
303c4cd8cf334f01805afdd8df5adc7f,1380,57366,86,31,86,https://www.youtube.com/watch?v=NjgKJL_pi4k,86,31,86,https://www.youtube.com/watch?v=NjgKJL_pi4k,0,0,0,,0,0,0,0,
43056077596a49349ee4bea028f670f6,1380,80534,179,76,179,https://www.youtube.com/watch?v=S5eM8ytnfjg,179,76,179,https://www.youtube.com/watch?v=S5eM8ytnfjg,0,0,0,,306,0,0,0,
bc77dc55cf9b4be88c878ac4b5c07438,1370,25831,51,1,91,https://www.youtube.com/watch?v=VMg6Eat5XJ0,91,2,91,https://www.youtube.com/watch?v=VMg6Eat5XJ0,11,0,11,https://www.youtube.com/watch?v=XOTeYH7obxo,792,227,194,375,https://www.twitch.tv/videos/2749205396
de1fec02e4ab43aa948a415621abc524,1370,88112,0,0,0,,0,0,0,,0,0,0,,0,0,0,0,
aa0d8c2604694532a20aaf0f0ced8a5e,1370,0,0,0,0,,0,0,0,,0,0,0,,2528,0,0,0,
4d98ebdc4eb8448da8d2ab8f64df8383,1360,1491,1491,1128,1491,https://www.youtube.com/watch?v=G6bCefPw-cY,0,0,0,,1491,1128,1491,https://www.youtube.com/watch?v=G6bCefPw-cY,155,0,0,0,
6f68d3f50edf4814b59a4a018090b180,1360,29538,119,15,119,https://www.youtube.com/watch?v=pZA_gCA4ASg,119,15,119,https://www.youtube.com/watch?v=pZA_gCA4ASg,0,0,0,,0,0,0,0,
7327248ff3f04589bca9e61665448ae8,1360,47321,0,0,0,,0,0,0,,0,0,0,,313,0,0,0,
6861903583ee45d191ddc03faf6cd0d8,1360,21393,0,0,0,,0,0,0,,0,0,0,,1296,90,80,126,https://www.twitch.tv/videos/2743789352
9948190bc88442f4a0757eed54fb24f0,1360,30790,307,129,2080,https://www.youtube.com/watch?v=BKidm7HEvTQ,0,0,0,,307,129,2080,https://www.youtube.com/watch?v=BKidm7HEvTQ,220,825,699,1287,https://www.twitch.tv/videos/2748486549
e3157ce546a640029cfcccb9107f8154,1350,78360,4,1,8,https://www.youtube.com/watch?v=w9BbqPQk15k,0,0,0,,4,1,8,https://www.youtube.com/watch?v=w9BbqPQk15k,0,0,0,0,
25b1a8ceab1d439491fb4e98013cd0fc,1350,21963,0,0,0,,0,0,0,,0,0,0,,582,95,17,635,https://www.twitch.tv/videos/2738930048
61e81c6f534247b486b8125bd34fa960,1350,67356,0,0,0,,0,0,0,,0,0,0,,20157,1456,653,4456,https://www.twitch.tv/videos/2744510572
18d1c00e0bde4ddbb8be5eafe0967dfe,1340,76036,368,20,368,https://www.youtube.com/watch?v=_As23yNt3F4,0,0,0,,368,20,368,https://www.youtube.com/watch?v=_As23yNt3F4,0,0,0,0,
5903a0f7274043058d817894a9b39e75,1340,31220,7,4,14,https://www.youtube.com/watch?v=t7G1Ik24vi4,0,0,0,,7,4,14,https://www.youtube.com/watch?v=t7G1Ik24vi4,0,0,0,0,
6ff6adcddc934a3b94e45448e1912539,1330,203373,0,0,0,,0,0,0,,0,0,0,,1878,0,0,0,
e36d8852a3ed4cb58eb4e863b93ccb4e,1330,363,0,0,0,,0,0,0,,0,0,0,,101,0,0,0,
e15cd068f6fd4a05be985c22133f5428,1330,92073,249,96,256,https://www.youtube.com/watch?v=g1qLj5PTjN8,249,96,256,https://www.youtube.com/watch?v=g1qLj5PTjN8,0,0,0,,0,0,0,0,
4082168d753e42b7aca1d25e759d09a7,1330,47792,0,0,0,,0,0,0,,0,0,0,,652,0,0,0,
9de536d111214c379ec6969a52d92442,1320,73943,46,8,48,https://www.youtube.com/watch?v=5HuGKdz079s,46,8,48,https://www.youtube.com/watch?v=5HuGKdz079s,0,0,0,,0,0,0,0,
4267c862353e410388f1eaa5a5d85017,1320,35765,69,44,142,https://www.youtube.com/watch?v=bSS917MzzUo,69,44,142,https://www.youtube.com/watch?v=bSS917MzzUo,0,0,0,,0,0,0,0,
8968a24fb6bf4f08b1611e694c98eb40,1320,88668,53,24,1374,https://www.youtube.com/watch?v=qULNc-ajCKA,48,22,112,https://www.youtube.com/watch?v=g99sQEkjCOI,1374,827,1374,https://www.youtube.com/watch?v=qULNc-ajCKA,0,0,0,0,
cc641478434a4af8bb042c88f6588b2b,1320,0,0,0,0,,0,0,0,,0,0,0,,0,0,0,0,
e2df9d4aea8b4cb4b8e38c31cbf73036,1320,50090,0,0,0,,0,0,0,,0,0,0,,0,0,0,0,
eec1f137ea78444185a4268f72f59611,1320,48572,0,0,0,,0,0,0,,0,0,0,,0,0,0,0,
87606e72f653472f9eafb06e8f49c39c,1320,155712,1800,1662,1800,https://www.youtube.com/watch?v=J5Pr7Bz9Ydg,0,0,0,,1800,1662,1800,https://www.youtube.com/watch?v=J5Pr7Bz9Ydg,0,0,0,0,
773a7694afcf4666960b05a4faf1a1fa,1310,72378,111,38,124,https://www.youtube.com/watch?v=k9dW8W7p2MY,111,38,124,https://www.youtube.com/watch?v=k9dW8W7p2MY,0,0,0,,0,0,0,0,
1e06211caf4f4afa98125699a4c66b5d,1310,0,0,0,0,,0,0,0,,0,0,0,,0,0,0,0,
55889d2ac7c34549b9baa54bd5c899f3,1310,0,0,0,0,,0,0,0,,0,0,0,,23,0,0,0,
e9a30300d33f4c2e9b1c3bd1d64148cc,1310,28265,0,0,0,,0,0,0,,0,0,0,,0,0,0,0,
521efecabae94dd6b1d21bc5e8543fcb,1310,68214,107,11,107,https://www.youtube.com/watch?v=8DV2rJOY_ok,107,11,107,https://www.youtube.com/watch?v=8DV2rJOY_ok,0,0,0,,375,0,0,0,
a974047cb6bb412da7fca2ec9d91d882,1310,61694,106,60,5653,https://www.youtube.com/watch?v=aae1cPnMm1o,73,45,139,https://www.youtube.com/watch?v=6xi8ruJZIE8,5653,2982,5653,https://www.youtube.com/watch?v=aae1cPnMm1o,210,218,196,245,https://www.twitch.tv/videos/2754235749
506d9c6fdbd34c8aa5fda64d90d96ac2,1310,97542,50,27,197,https://www.youtube.com/watch?v=dyeO05coGPo,50,27,197,https://www.youtube.com/watch?v=dyeO05coGPo,0,0,0,,0,0,0,0,
f4eae5dde65b41969336f3f52c6df2d8,1310,108966,113,45,1469,https://www.youtube.com/watch?v=1S0hWLUfw5A,96,30,167,https://www.youtube.com/watch?v=0oAHA6Tc4IA,1174,662,1469,https://www.youtube.com/watch?v=1S0hWLUfw5A,186,0,0,0,
b572cb7de27446e3bcda5135f6a23d8a,1300,38923,81,41,1228,https://www.youtube.com/watch?v=pvQj7SUom5U,73,25,95,https://www.youtube.com/watch?v=ZxrHx_EJKfc,1028,204,1228,https://www.youtube.com/watch?v=pvQj7SUom5U,0,0,0,0,
22a83c82e1914eb68b12e76b4ccb277c,1300,46946,61,27,1670,https://www.youtube.com/watch?v=-DLouEd0Ukg,60,26,94,https://www.youtube.com/watch?v=9RN7PkFbVBk,1424,842,1670,https://www.youtube.com/watch?v=-DLouEd0Ukg,0,0,0,0,
ffe6a7983e434702a68fe18c169e3164,1300,52529,71,20,175,https://www.youtube.com/watch?v=X5C5bCrNNHY,72,28,175,https://www.youtube.com/watch?v=X5C5bCrNNHY,18,9,18,https://www.youtube.com/watch?v=4hoMvhkZE0w,398,11,10,16,https://www.twitch.tv/videos/2751916304
515f61904a1a45688ea0d7bc1e7d499e,1300,306841,911,488,1495,https://www.youtube.com/watch?v=R3-E3sGMBVw,0,0,0,,911,488,1495,https://www.youtube.com/watch?v=R3-E3sGMBVw,6,0,0,0,
cd9733cb91b6400aae0bc23e3f25d7eb,1300,36228,0,0,0,,0,0,0,,0,0,0,,0,0,0,0,
f479e1403f614727a5f2a2be339bad74,1290,21289,0,0,0,,0,0,0,,0,0,0,,3579,696,152,696,https://www.twitch.tv/videos/2736279456
849624dcb99b4abf814b0b748669b6ff,1290,5927,212,51,431,https://www.youtube.com/watch?v=ulh0v43M4L0,212,51,431,https://www.youtube.com/watch?v=ulh0v43M4L0,0,0,0,,0,0,0,0,
a5e5533ac342488a94003dc77869ddf9,1290,65039,58,24,101,https://www.youtube.com/watch?v=QoZLlbAelag,58,24,101,https://www.youtube.com/watch?v=QoZLlbAelag,30,10,30,https://www.youtube.com/watch?v=Ew81gC0GZac,0,0,0,0,
2efe1ad069184a7e94b0583b452ffac4,1280,122325,0,0,0,,0,0,0,,0,0,0,,0,0,0,0,
30a4362c1143491ea0ed5383c4882251,1280,69651,90,77,293,https://www.youtube.com/watch?v=1vZuD25NwT4,90,77,293,https://www.youtube.com/watch?v=1vZuD25NwT4,0,0,0,,0,0,0,0,
355d53b23acb4f4697b858ca06b25fb7,1280,400482,27,12,50,https://www.youtube.com/watch?v=o6AWvcABI98,27,12,50,https://www.youtube.com/watch?v=o6AWvcABI98,0,0,0,,0,0,0,0,
376881e818cc47c2a045ca4cb8361380,1280,21630,0,0,0,,0,0,0,,0,0,0,,1538,0,0,0,
6ab090baa4624f1c8fca28312799e826,1280,42898,0,0,0,,0,0,0,,0,0,0,,775,80,49,97,https://www.twitch.tv/videos/2750250842
0c3b5ae85d2940b8b73a92d72dc0d313,1280,76890,69,17,1415,https://www.youtube.com/watch?v=WlBq_P1abTA,69,33,108,https://www.youtube.com/watch?v=0BM7nt6xpM0,208,10,1415,https://www.youtube.com/watch?v=WlBq_P1abTA,473,0,0,0,
403697f0f5ba49ef873673236c07e2d3,1270,74402,59,21,2282,https://www.youtube.com/watch?v=9z8InzyLfEQ,57,21,135,https://www.youtube.com/watch?v=P4qvVOaQmiY,2282,649,2282,https://www.youtube.com/watch?v=9z8InzyLfEQ,135,44,31,125,https://www.twitch.tv/videos/2753551836
74f214b764314c5aa446eb9981c94935,1270,41951,0,0,0,,0,0,0,,0,0,0,,0,0,0,0,
9cd7391045604ccda8be89f7946233e2,1270,1780,0,0,0,,0,0,0,,0,0,0,,81,60,33,96,https://www.twitch.tv/videos/2746209969
d4e45d5ea1bf4a3a887b9f99ef60fda3,1270,1339,0,0,0,,0,0,0,,0,0,0,,0,0,0,0,
8fbd23f4e2ad442bb230aea8f433cd49,1270,118775,55,28,3191,https://www.youtube.com/watch?v=oAejAbxRF2I,40,24,86,https://www.youtube.com/watch?v=vGIFbS1RzXI,1122,503,3191,https://www.youtube.com/watch?v=oAejAbxRF2I,98,14,14,17,https://www.twitch.tv/videos/2752706203
e5433e4a21eb49e2bcd508e3b12fba6d,1270,10579,0,0,0,,0,0,0,,0,0,0,,187,14,9,22,https://www.twitch.tv/videos/2748630674
bb28421da8a749ffb1ca8582b6278c24,1270,50510,73,24,180,https://www.youtube.com/watch?v=1tk4-n4880M,0,0,0,,73,24,180,https://www.youtube.com/watch?v=1tk4-n4880M,677,200,147,352,https://www.twitch.tv/videos/2749429416
e6794eac6ea541c5a9e5570a041ac3b9,1260,41551,0,0,0,,0,0,0,,0,0,0,,1219,0,0,0,
de49994d9fd14067bf9ea5b4fbac7229,1260,32676,136,31,399,https://www.youtube.com/watch?v=0qNkkAwfcQw,136,31,399,https://www.youtube.com/watch?v=0qNkkAwfcQw,0,0,0,,419,0,0,0,
787da9082edb4e9e9024a52cb12449e8,1260,31365,173,84,461,https://www.youtube.com/watch?v=SPkuyoNxA1Q,173,84,461,https://www.youtube.com/watch?v=SPkuyoNxA1Q,0,0,0,,0,0,0,0,
5d73e7f013034d06b58decaf4b2b385c,1250,27869,0,0,0,,0,0,0,,0,0,0,,0,0,0,0,
3daee44c0bab401386813cff327a10a2,1250,125302,216,67,2867,https://www.youtube.com/watch?v=72GvOPbYNwg,197,58,730,https://www.youtube.com/watch?v=EFQxuD1A8qc,1214,316,2867,https://www.youtube.com/watch?v=72GvOPbYNwg,0,0,0,0,
afe78c5051094e86bf9fdfe6cb2a4222,1250,58284,60,5,60,https://www.youtube.com/watch?v=zVafrBNfLq0,60,5,60,https://www.youtube.com/watch?v=zVafrBNfLq0,0,0,0,,0,0,0,0,
948d1078ceaf4b39b3bef86fdab85482,1240,13464,108,3,108,https://www.youtube.com/watch?v=lEVsXT4gx_o,108,3,108,https://www.youtube.com/watch?v=lEVsXT4gx_o,0,0,0,,0,0,0,0,
7f7e1579979c49249dc65783d457e890,1240,33348,47,9,47,https://www.youtube.com/watch?v=JydX3lKt49g,47,9,47,https://www.youtube.com/watch?v=JydX3lKt49g,0,0,0,,438,0,0,0,
648d77b2067849838a8ad3fdc0afb85a,1240,5675,0,0,0,,0,0,0,,0,0,0,,1390,279,184,283,https://www.twitch.tv/videos/2750031776
9133438057714eb196366f5ecbed6a4a,1240,379997,1002,534,6153,https://www.youtube.com/watch?v=cRcF0HfW9fY,0,0,0,,1002,534,6153,https://www.youtube.com/watch?v=cRcF0HfW9fY,0,0,0,0,
e290f49c193149708cd72747639d5ced,1230,70147,150,32,584,https://www.youtube.com/watch?v=Gl9LiebYQMw,150,32,584,https://www.youtube.com/watch?v=Gl9LiebYQMw,0,0,0,,0,0,0,0,
c2012638512742e2801d0ced54f61711,1230,60187,0,0,0,,0,0,0,,0,0,0,,0,0,0,0,
d4b4a16e0ccc4bb49ff82c8584e6ed79,1230,42660,0,0,0,,0,0,0,,0,0,0,,0,0,0,0,
7a9b7ab0d5bd411195d77800ff778a90,1230,119449,299,186,130803,https://www.youtube.com/watch?v=qy1D5TcxB9M,0,0,0,,299,186,130803,https://www.youtube.com/watch?v=qy1D5TcxB9M,66,0,0,0,
6df15d678de844d1a7f08226c02d6183,1230,8543,0,0,0,,0,0,0,,0,0,0,,0,0,0,0,
d3e4f9bdbb6c42fc97b60148cefdb6e0,1220,32461,0,0,0,,0,0,0,,0,0,0,,5475,2771,1186,5052,https://www.twitch.tv/videos/2750309150
2f966e51210f49ba9dce2ac90e3ada18,1220,21585,0,0,0,,0,0,0,,0,0,0,,864,0,0,0,
0b8d1c0fa1b14df6821e85def645425e,1220,98214,91,34,244,https://www.youtube.com/watch?v=4Xyx7qtb3Ig,91,32,118,https://www.youtube.com/watch?v=DB3DboY8vcc,244,206,244,https://www.youtube.com/watch?v=4Xyx7qtb3Ig,165,0,0,0,
be56f6cf87ab4da7b132b9d62c74bc2e,1220,37539,0,0,0,,0,0,0,,0,0,0,,0,0,0,0,
d4bea738b4d548b788ddb590b62cc2bd,1220,137740,284,52,1716,https://www.youtube.com/watch?v=741WLUCrPCk,58,30,906,https://www.youtube.com/watch?v=2S06S3OHE3Y,1598,246,1716,https://www.youtube.com/watch?v=741WLUCrPCk,0,0,0,0,
7441319fa18e4556a8ee9ef4e6396ee0,1220,116413,61,30,127,https://www.youtube.com/watch?v=NKnFaiKLor4,59,30,127,https://www.youtube.com/watch?v=NKnFaiKLor4,105,39,122,https://www.youtube.com/watch?v=hk5pP0uYKiE,0,0,0,0,
9b424d3a99ef4fc3b17bc7fef92fefd3,1220,77703,38,13,2993,https://www.youtube.com/watch?v=LADm6BycZFg,25,9,53,https://www.youtube.com/watch?v=mPd8TgwUGVc,1271,276,2993,https://www.youtube.com/watch?v=LADm6BycZFg,380,0,0,0,
b80c21b76e7849f0a0fa94194fe2ad4b,1210,19890,0,0,0,,0,0,0,,0,0,0,,1135,0,0,0,
e308f7f536c8462baf851d52cdff7fb9,1210,40093,0,0,0,,0,0,0,,0,0,0,,0,0,0,0,
310c827bd2b34fa58413b09453226ee9,1210,0,0,0,0,,0,0,0,,0,0,0,,0,0,0,0,
3430389926a942cbacde9b444b3a6653,1210,50825,0,0,0,,0,0,0,,0,0,0,,1035,0,0,0,
0f74555e05794780adc4eb0b9096f727,1210,14983,59,27,1565,https://www.youtube.com/watch?v=iHJLXgSJEgo,55,27,169,https://www.youtube.com/watch?v=_IYcRPPhghQ,1565,123,1565,https://www.youtube.com/watch?v=iHJLXgSJEgo,110,0,0,0,
497385ad229548cdb0c80d89b70d050f,1210,104726,0,0,0,,0,0,0,,0,0,0,,0,0,0,0,
af34d62a8f4e4ca180c11f11c2832893,1210,39631,0,0,0,,0,0,0,,0,0,0,,0,0,0,0,
21c774c9133043baaf8d283705cd9093,1210,32495,218,117,1019,https://www.youtube.com/watch?v=5V1OvcMnfuM,206,100,535,https://www.youtube.com/watch?v=Fl343r58Evw,507,417,1019,https://www.youtube.com/watch?v=5V1OvcMnfuM,0,0,0,0,
a4d4a2a3d7b648be9aa4d652ae592a4b,1210,98712,1561,487,3993,https://www.youtube.com/watch?v=UAVd7Mw9Yq4,3993,473,3993,https://www.youtube.com/watch?v=UAVd7Mw9Yq4,1534,541,2218,https://www.youtube.com/watch?v=w3ou-2PYF28,115,0,0,0,
a8b244b0fb1f42f8b4bb3d3c2277de3b,1200,115747,0,0,0,,0,0,0,,0,0,0,,4051,528,192,1544,https://www.twitch.tv/videos/2747677440
8a68997a04594f3495ff2cb00a7da6d8,1200,79910,707,109,707,https://www.youtube.com/watch?v=jYq-l9d6SWg,0,0,0,,707,109,707,https://www.youtube.com/watch?v=jYq-l9d6SWg,1925,1024,629,1439,https://www.twitch.tv/videos/2751008041
82d5f7612b7645f3a77dd954a0e30b24,1200,33990,0,0,0,,0,0,0,,0,0,0,,0,0,0,0,
03c9d83a4c534b65a5743b381eb2ce33,1200,35901,35,3,59,https://www.youtube.com/watch?v=k4D3KWEl0Lk,47,14,59,https://www.youtube.com/watch?v=k4D3KWEl0Lk,3,2,3,https://www.youtube.com/watch?v=06OHr48CSgU,692,0,0,0,
ccf93d7646f249dfa3454f5a60f466c8,1200,42291,0,0,0,,0,0,0,,0,0,0,,117,0,0,0,
aa72818fdcaf460b9b3f90e92d702e57,1200,21201,383,377,383,https://www.youtube.com/watch?v=tlRrg_ctqus,0,0,0,,383,377,383,https://www.youtube.com/watch?v=tlRrg_ctqus,7057,4565,2738,9042,https://www.twitch.tv/videos/2747873193
21a80fdbdff448b98102b0d8ffa70888,1200,187,0,0,0,,0,0,0,,0,0,0,,0,0,0,0,
921b0b3a8dd64a5494720801af95ba06,1190,79806,48,17,1317,https://www.youtube.com/watch?v=wtAbsTOgwYI,41,17,74,https://www.youtube.com/watch?v=lb2BOtFaIk0,756,83,1317,https://www.youtube.com/watch?v=wtAbsTOgwYI,0,0,0,0,
d23dbc9d1db64c42821697d1bac8fb66,1190,102102,217,111,2969,https://www.youtube.com/watch?v=q4w5zP7RxWc,134,63,217,https://www.youtube.com/watch?v=WSyz3QFZOD4,1186,696,2969,https://www.youtube.com/watch?v=q4w5zP7RxWc,0,0,0,0,
0446516df6074a4ba8a0f3639b17de46,1190,58105,1557,1283,1557,https://www.youtube.com/watch?v=0qDkc7Q9jS0,0,0,0,,1557,1283,1557,https://www.youtube.com/watch?v=0qDkc7Q9jS0,0,0,0,0,
c587658ad4fe44b09137591c094ab297,1190,113895,154,70,1645,https://www.youtube.com/watch?v=M15nEb-aU3g,154,70,367,https://www.youtube.com/watch?v=IkTYMxUIqN8,1062,84,1645,https://www.youtube.com/watch?v=M15nEb-aU3g,32,0,0,0,
4071b27c63424e1f9882ebe04a884586,1190,43171,1583,1401,1583,https://www.youtube.com/watch?v=K1RXSwTb-ok,0,0,0,,1583,1401,1583,https://www.youtube.com/watch?v=K1RXSwTb-ok,5843,1222,643,1603,https://www.twitch.tv/videos/2738508135
a09298c0b6ab4dcda7cfe945f47f445f,1180,0,0,0,0,,0,0,0,,0,0,0,,0,0,0,0,
9cdf183fa1ee43c2906cca70884a6278,1180,24477,0,0,0,,0,0,0,,0,0,0,,0,0,0,0,
f2ca2659644f4d02abc851e7bee3255b,1180,16341,0,0,0,,0,0,0,,0,0,0,,2100,665,489,852,https://www.twitch.tv/videos/2750755757
6e845fd52d044ab598cc4ca35ba91f88,1180,7760,0,0,0,,0,0,0,,0,0,0,,0,0,0,0,
7b46621c7baf437da117a6c10c856292,1180,20533,79,42,116,https://www.youtube.com/watch?v=yLMcjHKYAHE,79,42,116,https://www.youtube.com/watch?v=yLMcjHKYAHE,0,0,0,,0,0,0,0,
fe555b322c784b5b9c2297c585bc9352,1170,37410,89,77,89,https://www.youtube.com/watch?v=vJp8vDa5tIY,89,77,89,https://www.youtube.com/watch?v=vJp8vDa5tIY,0,0,0,,0,0,0,0,
74c75f221fbb4cffa67de26881bae17d,1170,81160,0,0,0,,0,0,0,,0,0,0,,0,0,0,0,
ac5176c53ad7447b8d63f82f65ba7200,1170,56388,0,0,0,,0,0,0,,0,0,0,,2558,0,0,0,
a45c0a929a504afa9afee5c56bc9b959,1170,42163,193,83,3048,https://www.youtube.com/watch?v=mXn6i39vzxc,161,73,467,https://www.youtube.com/watch?v=OIf5GZhbWPA,1900,373,3048,https://www.youtube.com/watch?v=mXn6i39vzxc,0,0,0,0,
870430bfaf9942f487819fcb4630fabb,1170,673,339,76,348,https://www.youtube.com/watch?v=gVt5z4dCu3s,339,76,348,https://www.youtube.com/watch?v=gVt5z4dCu3s,0,0,0,,1235,193,155,1262,https://www.twitch.tv/videos/2746482821
3b9a06751f3c415993d424480d4d5060,1170,138889,59,31,69,https://www.youtube.com/watch?v=FqrBnponsF4,59,31,69,https://www.youtube.com/watch?v=FqrBnponsF4,0,0,0,,0,0,0,0,
507d48eff3d44b6cba7b707e321e01e7,1160,62275,0,0,0,,0,0,0,,0,0,0,,630,0,0,0,
99e9616a2f73426d8c0a672dd20d9ad3,1160,219361,61,23,61,https://www.youtube.com/watch?v=t16wRq1J6gk,61,23,61,https://www.youtube.com/watch?v=t16wRq1J6gk,0,0,0,,62,0,0,0,
20bfe5495db6453eaadbc55322c856f9,1160,38608,0,0,0,,0,0,0,,0,0,0,,0,0,0,0,
07c204505d544b28bb52426d0665a59c,1160,54716,174,90,2176,https://www.youtube.com/watch?v=NHLKU01Xu9s,174,111,596,https://www.youtube.com/watch?v=ZTxn1gY79SQ,166,67,2176,https://www.youtube.com/watch?v=NHLKU01Xu9s,0,0,0,0,
01871d8239314affaf7032899ce6502f,1150,295111,0,0,0,,0,0,0,,0,0,0,,0,0,0,0,
d4c077fa180a460cabadc4e2838d1855,1150,58794,0,0,0,,0,0,0,,0,0,0,,0,0,0,0,
7e1072448d24495f8cac5163c0290989,1150,37891,56,28,57,https://www.youtube.com/watch?v=xEvSRFuwg2g,56,28,57,https://www.youtube.com/watch?v=xEvSRFuwg2g,0,0,0,,199,0,0,0,
90405cb21f7743639684632f6bc57a46,1150,6637,0,0,0,,0,0,0,,0,0,0,,0,0,0,0,
f227226fd52e4fbe801b4c89acfe4887,1150,33527,71,31,105,https://www.youtube.com/watch?v=omF_DYJBkrA,71,31,105,https://www.youtube.com/watch?v=omF_DYJBkrA,0,0,0,,618,0,0,0,
4c4ebb91c8a346b2876d1ccd1a32dead,1150,57838,77,31,231,https://www.youtube.com/watch?v=9eB5VT-sKEo,77,29,231,https://www.youtube.com/watch?v=9eB5VT-sKEo,129,33,129,https://www.youtube.com/watch?v=A0fbScqun6A,437,22,15,22,https://www.twitch.tv/videos/2748648283
aab094af87d74f3cbcb332bdac03fa23,1140,23654,0,0,0,,0,0,0,,0,0,0,,0,0,0,0,
d7e9a44c2bbe439b9f062d64dc1b96f3,1140,66952,68,45,151,https://www.youtube.com/watch?v=ZZDxL-qUGO0,68,45,151,https://www.youtube.com/watch?v=ZZDxL-qUGO0,0,0,0,,121,0,0,0,
492582e14bd0480eb5c847e6240f020b,1140,74882,46,25,214,https://www.youtube.com/watch?v=NzUt2aPjCYk,49,33,214,https://www.youtube.com/watch?v=NzUt2aPjCYk,38,13,38,https://www.youtube.com/watch?v=UzIUIkoly14,0,0,0,0,
c964cb46cc9d411aaca372f9e459d2dc,1140,53614,0,0,0,,0,0,0,,0,0,0,,237,0,0,0,
1f378a6e115046ffa1a17f9079285d4a,1140,34273,70,32,106,https://www.youtube.com/watch?v=3Fqver50pWQ,70,32,106,https://www.youtube.com/watch?v=3Fqver50pWQ,0,0,0,,87,0,0,0,
956591dc2e40411688b8f8e3079bc5e3,1140,119020,152,17,497,https://www.youtube.com/watch?v=lpZDhKD7qlI,152,17,497,https://www.youtube.com/watch?v=lpZDhKD7qlI,0,0,0,,0,0,0,0,
4e7110080135486ba1d83d3e5cdbf0ca,1140,14893,0,0,0,,0,0,0,,0,0,0,,429,0,0,0,
0b0668c6206c4500bdcbc281ee58680c,1130,39273,44,4,68,https://www.youtube.com/watch?v=6uW9bsj4MnM,44,4,68,https://www.youtube.com/watch?v=6uW9bsj4MnM,0,0,0,,2916,330,206,330,https://www.twitch.tv/videos/2746361490
853afd5eb42e4f61bb0f9478aa8c1661,1130,0,0,0,0,,0,0,0,,0,0,0,,0,0,0,0,
a5c12a1268af408c9a3ed6adbb72c53c,1130,69713,71,23,71,https://www.youtube.com/watch?v=R3k_q9EIchU,0,0,0,,71,23,71,https://www.youtube.com/watch?v=R3k_q9EIchU,0,0,0,0,
3d33f15ad27c406abfd68d6c16e0b53d,1130,68214,0,0,0,,0,0,0,,0,0,0,,0,0,0,0,
01fc7842da284adaad67d3774a4b2a6c,1130,17654,61,40,65,https://www.youtube.com/watch?v=fgVbpMQfGEM,61,40,65,https://www.youtube.com/watch?v=fgVbpMQfGEM,0,0,0,,0,0,0,0,
4bdf9ee9f53f4785b37a9d9dbd2a0da8,1130,64901,11,5,61,https://www.youtube.com/watch?v=AuKPcZjOJ-s,0,0,0,,11,5,61,https://www.youtube.com/watch?v=AuKPcZjOJ-s,0,0,0,0,
f97745a8003c480fa728cf34d61afc6c,1130,66699,923,517,1619,https://www.youtube.com/watch?v=BMtf6z4C6wg,0,0,0,,923,517,1619,https://www.youtube.com/watch?v=BMtf6z4C6wg,0,0,0,0,
fff74fa431cd4468b177675010504ee1,1130,17021,221,99,221,https://www.youtube.com/watch?v=aNXud_i2WRQ,0,0,0,,221,99,221,https://www.youtube.com/watch?v=aNXud_i2WRQ,371,43,28,79,https://www.twitch.tv/videos/2744531621
5f9ded46df28474bbd1470d761700f30,1130,653511,0,0,0,,0,0,0,,0,0,0,,835,0,0,0,
15bc73fc2acf4a7695bab31fdea450f0,1120,39390,178,12,290,https://www.youtube.com/watch?v=bINI6f89aEE,67,20,67,https://www.youtube.com/watch?v=NwafhF7P-1A,290,3,290,https://www.youtube.com/watch?v=bINI6f89aEE,0,0,0,0,
798dda88504941b08a086b309c81b4ef,1120,4469,0,0,0,,0,0,0,,0,0,0,,0,0,0,0,
99f95450781349058c1c4098d6fe9f41,1120,72869,0,0,0,,0,0,0,,0,0,0,,0,0,0,0,
b0b9e352f71d4a03ace9972ddec4ec56,1120,41426,73,37,73,https://www.youtube.com/watch?v=N4CkT8JRLLA,73,37,73,https://www.youtube.com/watch?v=N4CkT8JRLLA,0,0,0,,0,0,0,0,
d29682522104427fb366fa19a0521bc3,1120,19376,0,0,0,,0,0,0,,0,0,0,,494,0,0,0,
5226367de740445789ec9b65a84d65c5,1120,177900,44,22,354,https://www.youtube.com/watch?v=XGX9q6WItac,30,13,44,https://www.youtube.com/watch?v=wGMcjYIIBV0,304,195,354,https://www.youtube.com/watch?v=XGX9q6WItac,279,10,5,10,https://www.twitch.tv/videos/2744754505
49f14b84269f458099232c2a21b2ba74,1110,31845,0,0,0,,0,0,0,,0,0,0,,0,0,0,0,
902740b39aed4b3cb381701c96a73f3a,1110,52849,86,34,389,https://www.youtube.com/watch?v=J1tYAxCRuks,89,35,389,https://www.youtube.com/watch?v=J1tYAxCRuks,36,11,36,https://www.youtube.com/watch?v=1F-hOT1UHxY,204,22,16,110,https://www.twitch.tv/videos/2744626995
381bb87f90794f2a909775a87c192dc5,1110,108814,0,0,0,,0,0,0,,0,0,0,,10438,318,146,38935,https://www.twitch.tv/videos/2739743365
46a8009adbca4aa083af580b50b69306,1110,24443,18,14,27,https://www.youtube.com/watch?v=ZLPI4XWjdm0,18,14,27,https://www.youtube.com/watch?v=ZLPI4XWjdm0,0,0,0,,495,12,9,15,https://www.twitch.tv/videos/2751778608
62080edda26345efbf8bc2bab0ab4136,1110,31104,0,0,0,,0,0,0,,0,0,0,,0,0,0,0,
c2b9638d8dd54888a91caa8a67366907,1110,20571,0,0,0,,0,0,0,,0,0,0,,2556,113,92,577,https://www.twitch.tv/videos/2751818143
971c91b32e9b4e1abfdafe711cb9e440,1100,49351,0,0,0,,0,0,0,,0,0,0,,0,0,0,0,
5d02c4219e484617979165267cbd8d7f,1100,7415,0,0,0,,0,0,0,,0,0,0,,8,0,0,0,
d475848a566848dc9f6ad02707d87e2a,1100,139654,76,41,193,https://www.youtube.com/watch?v=shkC9PetdkU,75,40,193,https://www.youtube.com/watch?v=shkC9PetdkU,83,62,83,https://www.youtube.com/watch?v=WOHx0xTPpus,0,0,0,0,
3410ce8f1b78487f8025485a6c09b1b8,1100,34002,0,0,0,,0,0,0,,0,0,0,,0,0,0,0,
b4b4fcedc8264cb5b90584935aebf110,1100,41862,173,41,276,https://www.youtube.com/watch?v=KxogCzoog40,173,41,276,https://www.youtube.com/watch?v=KxogCzoog40,0,0,0,,262,0,0,0,
5aaaa518ae674ae1a1162e8454a460f9,1100,23369,0,0,0,,0,0,0,,0,0,0,,1402,0,0,0,
9bf758b113b048bc9331f244b619e4b2,1100,79977,254,157,1920,https://www.youtube.com/watch?v=hq1SQnx54K0,38,12,70,https://www.youtube.com/watch?v=DBVi55Aj6co,391,258,1920,https://www.youtube.com/watch?v=hq1SQnx54K0,271,0,0,0,
43acb25e255340d09b50283f0308d1ff,1100,521181,30,22,36,https://www.youtube.com/watch?v=nzjfnGPRmPg,30,22,36,https://www.youtube.com/watch?v=nzjfnGPRmPg,0,0,0,,0,0,0,0,
e212d468e3e64ad5b8f22f61bc4e06f7,1100,34144,0,0,0,,0,0,0,,0,0,0,,0,0,0,0,
ec9a791b8152478b95858b199b866ef9,1100,44600,0,0,0,,0,0,0,,0,0,0,,380,0,0,0,
6abc6d7010ed4b7a88b2566b171c9005,1100,30854,90,56,426,https://www.youtube.com/watch?v=xtwvqpKypVs,90,56,426,https://www.youtube.com/watch?v=xtwvqpKypVs,0,0,0,,0,0,0,0,
7aca9b05fe654223a3702531383002a8,1090,7260,0,0,0,,0,0,0,,0,0,0,,2852,318,270,847,https://www.twitch.tv/videos/2753076171
a1ef171711404951a987f4c9bc5e64f0,1090,78754,165,86,1499,https://www.youtube.com/watch?v=dhScXYUZ1xE,92,74,165,https://www.youtube.com/watch?v=UOMyKORRMXQ,1177,456,1499,https://www.youtube.com/watch?v=dhScXYUZ1xE,0,0,0,0,
238b751368474f798a737e7cf1f4a87b,1090,45723,35,12,213,https://www.youtube.com/watch?v=P6qnFMjwmrI,35,12,213,https://www.youtube.com/watch?v=P6qnFMjwmrI,0,0,0,,2087,116,70,256,https://www.twitch.tv/videos/2745357577
f5838bbd59cf4922897b71efe3dc25af,1090,2301,0,0,0,,0,0,0,,0,0,0,,892,0,0,0,
869d9d9067b64dd78418cc258cb6607b,1090,69199,106,63,615,https://www.youtube.com/watch?v=UBItF7MeFEA,112,64,615,https://www.youtube.com/watch?v=UBItF7MeFEA,68,17,68,https://www.youtube.com/watch?v=FCiQ7YxC86w,871,276,251,391,https://www.twitch.tv/videos/2755021021
8d67810b612540a0ad928179c1f9a4ee,1090,18581,16,0,16,https://www.youtube.com/watch?v=c-DIRufIqHk,0,0,0,,16,0,16,https://www.youtube.com/watch?v=c-DIRufIqHk,475,180,153,277,https://www.twitch.tv/videos/2745451711
8489d002b1704612bd0dd23f9a14ed51,1090,55536,54,18,78,https://www.youtube.com/watch?v=FCfAMBL56YA,54,18,78,https://www.youtube.com/watch?v=FCfAMBL56YA,0,0,0,,175,0,0,0,
4b9b64309ea0491bbde3b86b6c34bdd0,1090,70186,150,71,162,https://www.youtube.com/watch?v=FVSIYLS5ktE,150,71,162,https://www.youtube.com/watch?v=FVSIYLS5ktE,0,0,0,,0,0,0,0,
83f4ec63112c46d1801fc596894c3e47,1090,41123,0,0,0,,0,0,0,,0,0,0,,0,0,0,0,
66d986eaa59347b0b18c5ed103cb173e,1090,54523,79,37,225,https://www.youtube.com/watch?v=dhrqDgiIVwc,79,37,225,https://www.youtube.com/watch?v=dhrqDgiIVwc,0,0,0,,0,0,0,0,
70af0f70b6284690a524eb87aaa1d296,1090,71809,0,0,0,,0,0,0,,0,0,0,,4808,5020,2251,9138,https://www.twitch.tv/videos/2737944917
46388caf23e34f09b145fff0fa25b897,1090,33072,0,0,0,,0,0,0,,0,0,0,,886,281,238,467,https://www.twitch.tv/videos/2752690546
fb7ced3cc6c247928ce1bb3b2715d98c,1090,334049,0,0,0,,0,0,0,,0,0,0,,0,0,0,0,
aa1bb853e814428eb663082b28309309,1090,32980,98,58,741,https://www.youtube.com/watch?v=2TeB8YYjWfE,93,55,185,https://www.youtube.com/watch?v=XVyK4Wc0wns,563,221,741,https://www.youtube.com/watch?v=2TeB8YYjWfE,0,0,0,0,
41ec65fd72424aa0b90cdfefd49bd35e,1080,733,0,0,0,,0,0,0,,0,0,0,,0,0,0,0,
d6d4ed41815a4603a028d321d9d14a56,1080,8752,89,52,1552,https://www.youtube.com/watch?v=Wis5NHy2vd8,89,52,1552,https://www.youtube.com/watch?v=Wis5NHy2vd8,0,0,0,,10,0,0,0,
26eba1f0fabf425aa5769e01e855ea28,1080,100520,69,16,69,https://www.youtube.com/watch?v=SsD-6NdBOSw,69,16,69,https://www.youtube.com/watch?v=SsD-6NdBOSw,0,0,0,,0,0,0,0,
5f413dce55614542940c58900ef1c82c,1080,25628,0,0,0,,0,0,0,,0,0,0,,812,0,0,0,
d1f20b59a19e4ec499d423a7ba65d602,1080,29098,0,0,0,,0,0,0,,0,0,0,,0,0,0,0,
0d7502e74c394a7f82a07c31fee877ff,1080,34518,0,0,0,,0,0,0,,0,0,0,,0,0,0,0,
db86eecb7c7047a984098e23de131e29,1080,127377,113,34,267,https://www.youtube.com/watch?v=et7qy56oL_0,113,34,267,https://www.youtube.com/watch?v=et7qy56oL_0,0,0,0,,165,39,30,89,https://www.twitch.tv/videos/2743748051
0a9ce04e6eee4c6d8dde6eb5a0f56c20,1080,18574,0,0,0,,0,0,0,,0,0,0,,0,0,0,0,
fa83a68ebfff419983124d69373ede6f,1080,187961,1157,742,2021,https://www.youtube.com/watch?v=LaXS1E7TlRw,152,123,152,https://www.youtube.com/watch?v=3vHDREcvztg,1184,932,2021,https://www.youtube.com/watch?v=LaXS1E7TlRw,2014,235,179,623,https://www.twitch.tv/videos/2746961059
ffaf6da580a44e11bba9715e3c854958,1080,60633,54,27,153,https://www.youtube.com/watch?v=bwwbOAEVLJ4,54,27,153,https://www.youtube.com/watch?v=bwwbOAEVLJ4,0,0,0,,196,0,0,0,
278f93ad57b14f01a71f1e89598ee503,1080,10276,0,0,0,,0,0,0,,0,0,0,,0,0,0,0,
83ec4919298a4ad5984e3da31109a4c8,1080,29820,0,0,0,,0,0,0,,0,0,0,,10276,3540,1899,9216,https://www.twitch.tv/videos/2732005949
702c28baa35c4b7588ad4fa70ddc2304,1070,23810,3454,2401,9555,https://www.youtube.com/watch?v=YyZp2-Rrfcg,0,0,0,,3454,2401,9555,https://www.youtube.com/watch?v=YyZp2-Rrfcg,0,0,0,0,
5396c3113555413f8b8d722d44b413d3,1070,4372,78,13,78,https://www.youtube.com/watch?v=51a0g-cobcI,78,13,78,https://www.youtube.com/watch?v=51a0g-cobcI,0,0,0,,0,0,0,0,
b5d3dfb81219492cb11a34291aab8cc8,1070,31907,0,0,0,,0,0,0,,0,0,0,,0,0,0,0,
85aa19ec73ce4db08ba1bf3d0f1807ce,1070,51928,85,10,85,https://www.youtube.com/watch?v=gGJK520lsbc,85,10,85,https://www.youtube.com/watch?v=gGJK520lsbc,0,0,0,,0,0,0,0,
a9396c8dd95e43b29c694b14afa07ac4,1070,25289,0,0,0,,0,0,0,,0,0,0,,3525,390,347,2410,https://www.twitch.tv/videos/2751121242
3a963b6901c7467da3d9c8bd74df9da6,1070,50060,77,27,77,https://www.youtube.com/watch?v=weQJE_w6vqY,77,27,77,https://www.youtube.com/watch?v=weQJE_w6vqY,0,0,0,,0,0,0,0,
1eef7c0894a547a2bff186f6a735145a,1070,23867,72,38,78,https://www.youtube.com/watch?v=_Kd4CMhFqho,72,38,78,https://www.youtube.com/watch?v=_Kd4CMhFqho,0,0,0,,0,0,0,0,
37df80920d2b4363b3fd69fd3c6be31c,1060,0,0,0,0,,0,0,0,,0,0,0,,0,0,0,0,
45baafce0f294208a063a496814b7986,1060,46735,81,34,97,https://www.youtube.com/watch?v=LCH2ziN6tmg,81,34,97,https://www.youtube.com/watch?v=LCH2ziN6tmg,0,0,0,,0,0,0,0,
8d8b1382b7154504819e1db08ecbe8ee,1060,21333,0,0,0,,0,0,0,,0,0,0,,0,0,0,0,
32a5b834b2bf4912bcd54ac00ae13285,1060,2949,0,0,0,,0,0,0,,0,0,0,,2433,1320,1061,1758,https://www.twitch.tv/videos/2745836922
8a8bc32109654a41a7cae0a9f235d9fb,1060,6327,0,0,0,,0,0,0,,0,0,0,,434,0,0,0,
b9eb00549c554290a7dbc5cd05910239,1060,100040,77,22,77,https://www.youtube.com/watch?v=nusG57At6eA,77,22,77,https://www.youtube.com/watch?v=nusG57At6eA,0,0,0,,0,0,0,0,
683db9d9b58f4dd883966c82581a7b60,1060,39967,27,13,55,https://www.youtube.com/watch?v=9A6RDHdkBsU,27,13,55,https://www.youtube.com/watch?v=9A6RDHdkBsU,0,0,0,,0,0,0,0,
7754a4ea82814b7fbbecfcf459382001,1060,228832,0,0,0,,0,0,0,,0,0,0,,2421,102,79,818,https://www.twitch.tv/videos/2751891282
fe70a0055df1453a82bea6582d3072fa,1060,45537,89,34,112,https://www.youtube.com/watch?v=0ljJPIQ4nCc,89,34,112,https://www.youtube.com/watch?v=0ljJPIQ4nCc,0,0,0,,0,0,0,0,
e0535f2d38f04d26aca33772bccb33b8,1060,69718,0,0,0,,0,0,0,,0,0,0,,2427,476,210,711,https://www.twitch.tv/videos/2741319721
c6af4f23c6ce4adab5301d79b0bd343a,1050,160256,66,22,177,https://www.youtube.com/watch?v=weOp_l7LP4g,66,22,177,https://www.youtube.com/watch?v=weOp_l7LP4g,0,0,0,,3550,685,337,12333,https://www.twitch.tv/videos/2742003875
b4de9155a5f34284a41224c38e70c67e,1050,53771,0,0,0,,0,0,0,,0,0,0,,44,0,0,0,
218f418c23084e87a498d1c4fad724ae,1050,0,0,0,0,,0,0,0,,0,0,0,,0,0,0,0,
1145b6f48caf4756a889a437025c3db2,1050,36860,0,0,0,,0,0,0,,0,0,0,,0,0,0,0,
4b214cdeac0649989f03f39e497816cf,1040,4487640,70,29,6178,https://www.youtube.com/watch?v=oFsT76dbCb8,53,18,145,https://www.youtube.com/watch?v=Hy5DBnvTylY,1094,571,6178,https://www.youtube.com/watch?v=oFsT76dbCb8,672,132,102,195,https://www.twitch.tv/videos/2751815149
4d4410bdde7d4107809dc6e1e2ce0e0e,1040,51591,73,33,629,https://www.youtube.com/watch?v=_3nIvV_k-ag,67,25,164,https://www.youtube.com/watch?v=cWGNmSfNWVQ,629,220,629,https://www.youtube.com/watch?v=_3nIvV_k-ag,0,0,0,0,
f560e7811b454fe489044165c53dba83,1040,58722,38,17,105,https://www.youtube.com/watch?v=dTgI6PVP6Ns,38,17,105,https://www.youtube.com/watch?v=dTgI6PVP6Ns,0,0,0,,0,0,0,0,
5a1eb09579134895adfa9516611bd925,1040,32511,20,3,35,https://www.youtube.com/watch?v=PYmxALnL_10,20,3,35,https://www.youtube.com/watch?v=PYmxALnL_10,0,0,0,,699,86,82,136,https://www.twitch.tv/videos/2748553621
483a76d7ad1d464aa290606959ddddec,1030,67496,107,40,200,https://www.youtube.com/watch?v=Rd4AFgvDHHs,112,40,200,https://www.youtube.com/watch?v=Rd4AFgvDHHs,49,13,49,https://www.youtube.com/watch?v=WcgUE1mMnaE,829,233,160,485,https://www.twitch.tv/videos/2753295888
3588ee10f67c4911b544e48223c57c7d,1030,22423,0,0,0,,0,0,0,,0,0,0,,0,0,0,0,
647a4992105c4f18b92239156e0064fb,1030,26043,0,0,0,,0,0,0,,0,0,0,,144,0,0,0,
01a20c96c500469fab898ebd03b0c019,1030,77005,316,27,316,https://www.youtube.com/watch?v=hYG1F-tv6qU,316,27,316,https://www.youtube.com/watch?v=hYG1F-tv6qU,0,0,0,,0,0,0,0,
34e2da1086ea4670b7b3d1fec34d8403,1030,52417,311,255,539,https://www.youtube.com/watch?v=uZQLnxFla9I,83,72,83,https://www.youtube.com/watch?v=O9nWDLfqDcw,539,438,539,https://www.youtube.com/watch?v=uZQLnxFla9I,0,0,0,0,
00a208caab334f6daf286ebb92cfd9da,1030,17951,0,0,0,,0,0,0,,0,0,0,,409,0,0,0,
b5b0001ea8594cd68567ef344ca0bb2e,1020,167862,66,49,101,https://www.youtube.com/watch?v=fE1TcfZ7k1I,66,49,101,https://www.youtube.com/watch?v=fE1TcfZ7k1I,0,0,0,,0,0,0,0,
800b7770ac1d4e4eb62318639ff71b7a,1020,69621,78,12,78,https://www.youtube.com/watch?v=A4e4xiMhPs4,0,0,0,,78,12,78,https://www.youtube.com/watch?v=A4e4xiMhPs4,0,0,0,0,
d792696470b54bd4947a59b10759a636,1020,49094,77,38,148,https://www.youtube.com/watch?v=CA1SNVNlj_U,77,38,148,https://www.youtube.com/watch?v=CA1SNVNlj_U,0,0,0,,0,0,0,0,
0d080db8809848e2ba918799b2f7885b,1020,53902,57,30,522,https://www.youtube.com/watch?v=oJh47ken84I,57,30,522,https://www.youtube.com/watch?v=oJh47ken84I,0,0,0,,0,0,0,0,
ca8d038d311e4cccb2deded15cee89cd,1020,52260,91,26,287,https://www.youtube.com/watch?v=HGUitCxAYnk,100,26,287,https://www.youtube.com/watch?v=HGUitCxAYnk,6,4,6,https://www.youtube.com/watch?v=o8wnfJUedbA,111,0,0,0,
c91c52df005e4a7c988704e474b54dbc,1020,103400,797,649,1529,https://www.youtube.com/watch?v=rlKabOoRR08,159,69,185,https://www.youtube.com/watch?v=1VJ4gMM5aRI,1017,745,1529,https://www.youtube.com/watch?v=rlKabOoRR08,0,0,0,0,
7ca8ec94cb4640ccb27719cbfc8a8df0,1020,55989,96,17,110,https://www.youtube.com/watch?v=wOZ1u_Daykk,96,17,110,https://www.youtube.com/watch?v=wOZ1u_Daykk,0,0,0,,0,0,0,0,
684aeef535fb4dd2a483746cdaab5065,1020,71251,0,0,0,,0,0,0,,0,0,0,,178,0,0,0,
bdd0c04996154ef0be37c1f65b3b8866,1020,36848,0,0,0,,0,0,0,,0,0,0,,0,0,0,0,
45d38ce14fb644c0890823d444a33276,1010,1981,0,0,0,,0,0,0,,0,0,0,,0,0,0,0,
db52957b67e94991b36e41e4a20fb52a,1010,0,0,0,0,,0,0,0,,0,0,0,,52,0,0,0,
51a882d77c24494d92605b5b75424603,1010,101242,181,72,740,https://www.youtube.com/watch?v=Zd_eDsBglZs,175,71,740,https://www.youtube.com/watch?v=Zd_eDsBglZs,355,229,676,https://www.youtube.com/watch?v=onw7TeJfezE,56,89,49,89,https://www.twitch.tv/videos/2744509536
f4ff6f40be3a4294ac1fe3e475421377,1010,79104,121,31,1663,https://www.youtube.com/watch?v=R6iUr4mDoFA,107,28,169,https://www.youtube.com/watch?v=8hsQGlPwK58,1663,1022,1663,https://www.youtube.com/watch?v=R6iUr4mDoFA,47,0,0,0,
4ba065758aa94ce18cfe227cc37b1afe,1010,34057,1057,353,1591,https://www.youtube.com/watch?v=l9jqglVsJOg,0,0,0,,1057,353,1591,https://www.youtube.com/watch?v=l9jqglVsJOg,3418,297,207,892,https://www.twitch.tv/videos/2743728006
515abc7c33164a98be134d1c7fec84e2,1010,27757,0,0,0,,0,0,0,,0,0,0,,242,0,0,0,
302e5b74253e412faf131a3039933786,1010,75273,0,0,0,,0,0,0,,0,0,0,,0,0,0,0,
48e18dcee4e640c6b5ede6a8bdc84ade,1010,21231,0,0,0,,0,0,0,,0,0,0,,0,0,0,0,
7df81b926eec4a998d5ffcd67b59ff5e,1000,33176,0,0,0,,0,0,0,,0,0,0,,0,0,0,0,
c7344bac508b46f2a20c4bb6861f33ab,1000,13808,0,0,0,,0,0,0,,0,0,0,,0,0,0,0,
ee1be8631b3e4abdbcc12dbe96d5268f,1000,39818,0,0,0,,0,0,0,,0,0,0,,0,0,0,0,
e46d27918a77488ca5b4144eb1b978df,1000,60872,0,0,0,,0,0,0,,0,0,0,,0,0,0,0,
e63fe9e27be44403b222fb0319c027b6,1000,30867,565,120,835,https://www.youtube.com/watch?v=zN9HcYpLUMU,103,67,103,https://www.youtube.com/watch?v=mlleM5dHuqI,693,153,835,https://www.youtube.com/watch?v=zN9HcYpLUMU,4266,730,347,24401,https://www.twitch.tv/videos/2744453556
78d441a2d6584d078a6ce202238d36b9,1000,26317,0,0,0,,0,0,0,,0,0,0,,0,0,0,0,
7a0eb6cbe5a94663888ef35a63ab3b5a,996,26694,0,0,0,,0,0,0,,0,0,0,,1396,243,163,511,https://www.twitch.tv/videos/2744393711
22a1949143784185ae001c31a717b5bc,993,83238,171,69,2019,https://www.youtube.com/watch?v=JVUxHXXkK5g,89,53,308,https://www.youtube.com/watch?v=kUFCz5GdBOI,188,82,2019,https://www.youtube.com/watch?v=JVUxHXXkK5g,0,0,0,0,
9b2edcfdc76748f59576b77524402804,993,60212,0,0,0,,0,0,0,,0,0,0,,0,0,0,0,
838f883ea01f431f97bfe9dbf3064422,991,37072,0,0,0,,0,0,0,,0,0,0,,106,0,0,0,
c15d8ca6249341d88086f2a9a2359812,989,225688,1501,915,124650,https://www.youtube.com/watch?v=277Ij74qu2g,0,0,0,,1501,915,124650,https://www.youtube.com/watch?v=277Ij74qu2g,0,0,0,0,
d23e5f9f3abf4b36b79c04f5265a8efc,989,55637,106,18,930,https://www.youtube.com/watch?v=hAkl1J34fU8,61,15,109,https://www.youtube.com/watch?v=JPxOX3l0_FU,194,126,930,https://www.youtube.com/watch?v=hAkl1J34fU8,156,0,0,0,
a0f657e0538e4269af88094fa1c3dacb,985,22872,484,122,524,https://www.youtube.com/watch?v=wT_xZqIOp4c,0,0,0,,484,122,524,https://www.youtube.com/watch?v=wT_xZqIOp4c,0,0,0,0,
1e59cd43a10a44edb1407fb8ba8529a8,984,49207,118,57,188,https://www.youtube.com/watch?v=uQ-fvZUKxzg,118,57,188,https://www.youtube.com/watch?v=uQ-fvZUKxzg,0,0,0,,0,0,0,0,
95694a64c0fe4b5c987344f1edcec826,982,48542,16,10,324,https://www.youtube.com/watch?v=ntUKhTSnA_E,19,16,68,https://www.youtube.com/watch?v=p1tFXyTzFRo,7,1,324,https://www.youtube.com/watch?v=ntUKhTSnA_E,1557,126,106,256,https://www.twitch.tv/videos/2745244948
e2049fd03bea4bf6bfee472e4674021c,981,149634,48,25,84,https://www.youtube.com/watch?v=RIn8PJLq6II,48,25,84,https://www.youtube.com/watch?v=RIn8PJLq6II,0,0,0,,75,2,2,17,https://www.twitch.tv/videos/2751065943
ad26bb0363ef42c7988f79ef9b07dfcc,979,54673,0,0,0,,0,0,0,,0,0,0,,0,0,0,0,
62b7ee328a7b42b0a1da0ab3bc22d1db,975,157131,31,16,1311,https://www.youtube.com/watch?v=wTy71l8IQ7o,28,10,84,https://www.youtube.com/watch?v=j6lkvbCbe9k,1170,601,1311,https://www.youtube.com/watch?v=wTy71l8IQ7o,1174,73,56,185,https://www.twitch.tv/videos/2751016299
566e5b6f438a4cacb3e4036eb9ffe9b8,972,62066,37,19,125,https://www.youtube.com/watch?v=e4H_73SanGQ,37,19,125,https://www.youtube.com/watch?v=e4H_73SanGQ,0,0,0,,0,0,0,0,
c060912477dd414ea79d74adddfb4661,969,61871,13,7,76,https://www.youtube.com/watch?v=o9F1_Xgj7U8,16,8,76,https://www.youtube.com/watch?v=o9F1_Xgj7U8,4,1,4,https://www.youtube.com/watch?v=_UaZoa03vsg,0,0,0,0,
021e4f709f1a4c56b8cd200c476db3e7,969,22199,0,0,0,,0,0,0,,0,0,0,,0,0,0,0,
5de329cf8bc5410fb40ef38d117be94d,968,47475,102,49,2389,https://www.youtube.com/watch?v=P9KC5bZF3ec,65,36,150,https://www.youtube.com/watch?v=OiMDpHIzOvQ,1445,1016,2389,https://www.youtube.com/watch?v=P9KC5bZF3ec,482,145,116,236,https://www.twitch.tv/videos/2752675119
6c3a22611ac24eb19cec3bd7c78a8705,966,243255,92,39,184,https://www.youtube.com/watch?v=De6qNErzQMo,92,39,184,https://www.youtube.com/watch?v=De6qNErzQMo,0,0,0,,0,0,0,0,
302b50b5cf4844d58868013404b1ec3f,965,18808,64,30,113,https://www.youtube.com/watch?v=o7GuHef58fg,64,30,113,https://www.youtube.com/watch?v=o7GuHef58fg,0,0,0,,0,0,0,0,
b1ba066a7bc44c93a4ca264f2144f5bd,963,36972,42,20,111,https://www.youtube.com/watch?v=qGdJAeZ7qRk,42,20,111,https://www.youtube.com/watch?v=qGdJAeZ7qRk,28,5,28,https://www.youtube.com/watch?v=HZ9UMUnsx5c,1105,76,57,168,https://www.twitch.tv/videos/2744198758
bf195265fa5944d894dc53baf7143645,963,36846,0,0,0,,0,0,0,,0,0,0,,0,0,0,0,
bb56715066e548c297232372a16ab083,962,106055,82,41,1272,https://www.youtube.com/watch?v=hUT0DEeiB8M,0,0,0,,82,41,1272,https://www.youtube.com/watch?v=hUT0DEeiB8M,1902,0,0,0,
7003e3e3a24244ffb5ebfbbdc20c97f8,961,26392,56,13,64,https://www.youtube.com/watch?v=nro9xmWXRiM,56,13,64,https://www.youtube.com/watch?v=nro9xmWXRiM,0,0,0,,0,0,0,0,
8460a099a32044a5aa602f780dec94f2,960,291840,651,411,2402,https://www.youtube.com/watch?v=fR3woWdz610,0,0,0,,651,411,2402,https://www.youtube.com/watch?v=fR3woWdz610,18,0,0,0,
179eb3fd3fb34ffe93859dd945b1b3a6,959,4389,0,0,0,,0,0,0,,0,0,0,,0,0,0,0,
a5647aba47dc4bb48eaa0cde6de7c6bd,953,41124,0,0,0,,0,0,0,,0,0,0,,0,0,0,0,
2a0de6059bd74c298a80f45a8052790e,951,168120,1362,693,2257,https://www.youtube.com/watch?v=gwDFst1uwDg,0,0,0,,1362,693,2257,https://www.youtube.com/watch?v=gwDFst1uwDg,1154,323,254,672,https://www.twitch.tv/videos/2754776636
995bff308e7f4df3aa33305fc0ddde8e,951,39711,0,0,0,,0,0,0,,0,0,0,,0,0,0,0,
b5ff000d6dd74683b17965294f1c4bf7,950,31490,0,0,0,,0,0,0,,0,0,0,,771,0,0,0,
ab2e7fbd11784f96aa9cf599786f8bf1,949,73809,1210,421,1741,https://www.youtube.com/watch?v=m_QYrcXNZcs,233,99,233,https://www.youtube.com/watch?v=SshsUzvk_WA,1236,450,1741,https://www.youtube.com/watch?v=m_QYrcXNZcs,0,0,0,0,
fb23227395a04a26abe441d1ac7978de,948,95565,45,20,132,https://www.youtube.com/watch?v=2Ft3FwxPCoE,45,20,132,https://www.youtube.com/watch?v=2Ft3FwxPCoE,0,0,0,,209,68,63,145,https://www.twitch.tv/videos/2754144382
8a5468bc4c7d44989e5ee4864a9b941a,945,86132,51,19,213,https://www.youtube.com/watch?v=DF5FXnmYybE,51,19,91,https://www.youtube.com/watch?v=qFKA4Z0TrkI,120,92,213,https://www.youtube.com/watch?v=DF5FXnmYybE,0,0,0,0,
19f507cc460a426cb02013fb203bd0a7,944,32954,323,138,1483,https://www.youtube.com/watch?v=vY_Z9vM2ocg,319,125,744,https://www.youtube.com/watch?v=r1ZkE7dNRBI,1483,472,1483,https://www.youtube.com/watch?v=vY_Z9vM2ocg,419,45,36,63,https://www.twitch.tv/videos/2746295949
06a61409f4334b0eb8a5f647b819c78b,941,70386,24,8,62,https://www.youtube.com/watch?v=WnFOuG31afo,29,14,49,https://www.youtube.com/watch?v=Q37CNounpG4,8,3,62,https://www.youtube.com/watch?v=WnFOuG31afo,0,0,0,0,
0a000a22ebd84abf860bcd5ef0a5ed60,940,39640,6,2,156,https://www.youtube.com/watch?v=HKRoj4Urgv8,0,0,0,,6,2,156,https://www.youtube.com/watch?v=HKRoj4Urgv8,2173,256,186,496,https://www.twitch.tv/videos/2746219628
026bdd139df44cec930dd7fc76345184,940,42062,208,116,1089,https://www.youtube.com/watch?v=zYsyOn5PJME,198,97,333,https://www.youtube.com/watch?v=N9yiqxOIDa8,801,286,1089,https://www.youtube.com/watch?v=zYsyOn5PJME,0,0,0,0,
64dc8c2de5de4c43906e515ec03f79c6,940,172912,0,0,0,,0,0,0,,0,0,0,,0,0,0,0,
ecbe9a46c7ec4f3d8fe217012c39d490,939,394879,0,0,0,,0,0,0,,0,0,0,,0,0,0,0,
a00240316f524d218d889d00a8b42721,939,89270,72,36,91,https://www.youtube.com/watch?v=CyEy9V8GRAA,72,36,91,https://www.youtube.com/watch?v=CyEy9V8GRAA,0,0,0,,0,0,0,0,
7ca610bac41843a28abba9e947aa9ded,936,51911,0,0,0,,0,0,0,,0,0,0,,3017,388,234,442,https://www.twitch.tv/videos/2747224150
5d29544fdded43d1937166548487394a,936,5498,0,0,0,,0,0,0,,0,0,0,,1847,167,126,204,https://www.twitch.tv/videos/2747955730
0e9aeecbe8f04a62ab781cf2e520eba0,933,37343,0,0,0,,0,0,0,,0,0,0,,7179,773,283,14501,https://www.twitch.tv/videos/2747043796
1ee3a662da8a439887a931727cb07317,933,95490,0,0,0,,0,0,0,,0,0,0,,0,0,0,0,
54e70d7cc2fb4c6da0d833519331c770,931,127209,646,386,1245,https://www.youtube.com/watch?v=2kkoH5h6Frw,0,0,0,,646,386,1245,https://www.youtube.com/watch?v=2kkoH5h6Frw,2536,428,285,563,https://www.twitch.tv/videos/2747794500
2656bc44436c45cca3e94e43a9a49c2d,930,123259,242,78,1191,https://www.youtube.com/watch?v=pqyNpDSiaOs,242,78,1191,https://www.youtube.com/watch?v=pqyNpDSiaOs,0,0,0,,0,0,0,0,
7aeffe1ba0c443d5aa4721247b801593,929,123596,0,0,0,,0,0,0,,0,0,0,,0,0,0,0,
743ceb55869042b9bee1f48fe0be13fb,928,33395,0,0,0,,0,0,0,,0,0,0,,1502,0,0,0,
44332b31031149f5bd411f415cbb531e,926,26100,0,0,0,,0,0,0,,0,0,0,,221,0,0,0,
becdcbab308f4fa18540982596eebbd5,924,7534,0,0,0,,0,0,0,,0,0,0,,7363,855,704,2676,https://www.twitch.tv/videos/2748544356
453cbd84364b42d8ac11cef8d3d63bd1,924,28359,52,30,67,https://www.youtube.com/watch?v=2l2fZ0Mh0VE,52,30,67,https://www.youtube.com/watch?v=2l2fZ0Mh0VE,0,0,0,,0,0,0,0,
37f190c8282b4d42ba9ee8c4b61d24a4,923,4795,0,0,0,,0,0,0,,0,0,0,,0,0,0,0,
7f43dbf571c44e04a7a471b9e7296a8a,923,38274,0,0,0,,0,0,0,,0,0,0,,0,0,0,0,
b2e19555d1f441a8a0e3f53b6507863e,919,50377,34,20,38,https://www.youtube.com/watch?v=oKblVLMqp6I,34,20,38,https://www.youtube.com/watch?v=oKblVLMqp6I,0,0,0,,113,0,0,0,
4aee4e4c619a4e2aa8bbc2edce38ccfa,917,110847,111,69,1864,https://www.youtube.com/watch?v=Z0MQDUr_6WM,95,64,165,https://www.youtube.com/watch?v=q7yML4lrrDU,1102,222,1864,https://www.youtube.com/watch?v=Z0MQDUr_6WM,0,0,0,0,
08268c9de16e423381e351aeef8f7ffb,916,28400,88,55,179,https://www.youtube.com/watch?v=GQ7FvG4ZvjQ,88,55,179,https://www.youtube.com/watch?v=GQ7FvG4ZvjQ,0,0,0,,0,0,0,0,
7c88a51800fd4984ad24ba803d3760dd,916,15612,0,0,0,,0,0,0,,0,0,0,,0,0,0,0,
db67d9cacbcf4797ba2d41a6d115e2ff,914,49414,85,58,598,https://www.youtube.com/watch?v=ItMJjhJmaoY,74,37,85,https://www.youtube.com/watch?v=H_A5GyA7NuY,430,298,598,https://www.youtube.com/watch?v=ItMJjhJmaoY,0,0,0,0,
15711ba2b93a46c295901d775aaf314e,907,3810,0,0,0,,0,0,0,,0,0,0,,0,0,0,0,
d26893447610406da66ee14abfbd5868,906,27978,73,31,73,https://www.youtube.com/watch?v=jK7unZAdaNk,73,31,73,https://www.youtube.com/watch?v=jK7unZAdaNk,0,0,0,,0,0,0,0,
d8b0b4e36c614d328620461a295572a1,906,51239,25,16,73,https://www.youtube.com/watch?v=OSsA29R6n3c,25,16,73,https://www.youtube.com/watch?v=OSsA29R6n3c,0,0,0,,139,0,0,0,
8e2559d9a7714ecd9cb0448b4d28f8d2,903,25938,0,0,0,,0,0,0,,0,0,0,,4994,163,57,425,https://www.twitch.tv/videos/2733609468
b9b727200b664a98bc1a8fd76d3cdb9c,903,22592,0,0,0,,0,0,0,,0,0,0,,0,0,0,0,
23af2b94549e42c282ec0d6eecf01102,902,31570,16,7,65,https://www.youtube.com/watch?v=IgdEj9Luc5I,65,23,65,https://www.youtube.com/watch?v=IgdEj9Luc5I,14,4,21,https://www.youtube.com/watch?v=US6nUrejAHs,2455,0,0,0,
9fb9fe13bf124da3a1affb24c5bba5e2,901,29754,0,0,0,,0,0,0,,0,0,0,,0,0,0,0,
34973abcef4e41b29add2b476ce0a7fb,901,6245,0,0,0,,0,0,0,,0,0,0,,18,0,0,0,
b93b5ffedc3f4310af888462d65e4082,901,46254,56,25,69,https://www.youtube.com/watch?v=KE7iAcP7bL8,56,25,69,https://www.youtube.com/watch?v=KE7iAcP7bL8,0,0,0,,207,18,14,20,https://www.twitch.tv/videos/2748613415
58374cba861d4267a84ad689bb6ce91a,899,39814,21,6,47,https://www.youtube.com/watch?v=oWZPisRKpyM,22,9,47,https://www.youtube.com/watch?v=oWZPisRKpyM,5,1,8,https://www.youtube.com/watch?v=fGiWDtGdSEs,0,0,0,0,
107ad23090e649b8935850f3d78ded99,898,35068,187,57,486,https://www.youtube.com/watch?v=lBPqMfj78-Q,187,57,486,https://www.youtube.com/watch?v=lBPqMfj78-Q,0,0,0,,129,0,0,0,
5c5880d994854afbbea0a35716bce186,896,30806,11,6,40,https://www.youtube.com/watch?v=gXrdRvqjxu0,11,6,40,https://www.youtube.com/watch?v=gXrdRvqjxu0,0,0,0,,2028,0,0,0,
607a7be9721741c48e2901609c294ada,895,74869,0,0,0,,0,0,0,,0,0,0,,1509,0,0,0,
837cc45c90974caa9f07699c3899fa7b,893,45146,27,18,912,https://www.youtube.com/watch?v=9lZsF8NAjfo,27,18,912,https://www.youtube.com/watch?v=9lZsF8NAjfo,0,0,0,,460,0,0,0,
f461b26ba47b4e37a90d2ca4fa5fa329,892,25919,0,0,0,,0,0,0,,0,0,0,,0,0,0,0,
872b7ddfc20f433f9575e2a762e83c06,891,48053,114,41,261,https://www.youtube.com/watch?v=D2XeymgOrwE,114,41,261,https://www.youtube.com/watch?v=D2XeymgOrwE,0,0,0,,0,0,0,0,
4ba98a2155ad4b4392d8c5d7a51f4964,891,192520,586,301,2317,https://www.youtube.com/watch?v=ztecH8lzAyE,579,267,2317,https://www.youtube.com/watch?v=ztecH8lzAyE,963,643,988,https://www.youtube.com/watch?v=bXAZmvxe8Ho,0,0,0,0,
834afd07257a43ac9f61085f79449be1,890,42235,232,145,1525,https://www.youtube.com/watch?v=YPT2nYNdiO0,194,109,507,https://www.youtube.com/watch?v=lbwXHDg4d5Y,1319,589,1525,https://www.youtube.com/watch?v=YPT2nYNdiO0,0,0,0,0,
f1020d6d2f904704a363cf21806327a1,890,18131,0,0,0,,0,0,0,,0,0,0,,198,0,0,0,
8c0ff863d66348898311ee83d16257b5,888,28853,38,17,63,https://www.youtube.com/watch?v=PwNC-UZtF5s,37,16,63,https://www.youtube.com/watch?v=oUitg2ShAyM,63,22,63,https://www.youtube.com/watch?v=PwNC-UZtF5s,204,40,24,42,https://www.twitch.tv/videos/2744555245
7a160bd129144664804dd3fc08fceeb1,887,20909,0,0,0,,0,0,0,,0,0,0,,7736,2298,1026,3894,https://www.twitch.tv/videos/2735651387
0a67a8d822094ca3a59963f0fac8798a,887,35476,65,61,65,https://www.youtube.com/watch?v=RY6DohA7q5o,65,61,65,https://www.youtube.com/watch?v=RY6DohA7q5o,0,0,0,,0,0,0,0,
f9f38aebd04f4a219e165e0c6e1fb347,887,15021,0,0,0,,0,0,0,,0,0,0,,0,0,0,0,
12f8dc82bc0d4f89bfbd7ede76ab1faf,886,14571,1962,1732,6528,https://www.youtube.com/watch?v=yNcANpcr-6U,0,0,0,,1962,1732,6528,https://www.youtube.com/watch?v=yNcANpcr-6U,0,0,0,0,
843d99233b474827a2f0bc417ffd3852,884,42321,14,13,376,https://www.youtube.com/watch?v=qHPAV9jSfcw,12,11,14,https://www.youtube.com/watch?v=kfv2YfNG3k0,376,370,376,https://www.youtube.com/watch?v=qHPAV9jSfcw,8203,2446,1010,5659,https://www.twitch.tv/videos/2745617445
96f44559b15e4bad9de2eb8a0a2a92da,880,4958,1554,1404,5554,https://www.youtube.com/watch?v=55ieK5m9xM8,0,0,0,,1554,1404,5554,https://www.youtube.com/watch?v=55ieK5m9xM8,0,0,0,0,
acc708b79f1c4e388466b407387e7cb5,879,125215,56,33,1509,https://www.youtube.com/watch?v=I5mTt_nVt2g,42,23,212,https://www.youtube.com/watch?v=waQKr0VNzpw,1172,266,1509,https://www.youtube.com/watch?v=I5mTt_nVt2g,0,0,0,0,
6c3eeb48b7764f11804ff8110d5d990b,877,97387,0,0,0,,0,0,0,,0,0,0,,0,0,0,0,
a2ee4a74f9ca40f5b6218de51736b9c8,876,50736,55,21,230,https://www.youtube.com/watch?v=f_SYYLeawXs,55,21,230,https://www.youtube.com/watch?v=f_SYYLeawXs,0,0,0,,0,0,0,0,
490d50310ffe4de4aac9c6368b49a0aa,876,36240,192,81,1626,https://www.youtube.com/watch?v=8xRnk_BebLk,0,0,0,,192,81,1626,https://www.youtube.com/watch?v=8xRnk_BebLk,0,0,0,0,
521477be11a44c43b063b394757b2342,875,55890,42,24,778,https://www.youtube.com/watch?v=GkM5Sw0okB4,39,19,70,https://www.youtube.com/watch?v=h3l-i5Z7sKQ,778,43,778,https://www.youtube.com/watch?v=GkM5Sw0okB4,0,0,0,0,
76f2fa6f1aa44f0a816a01a1b277430a,871,32953,23,17,28,https://www.youtube.com/watch?v=1YkUG4qi2Vw,23,17,28,https://www.youtube.com/watch?v=1YkUG4qi2Vw,0,0,0,,42,0,0,0,
b399afc661d04f47acc9d0681be343b4,871,104930,97,53,2362,https://www.youtube.com/watch?v=poMuINfVWVQ,83,45,132,https://www.youtube.com/watch?v=a4l9WGHK5WY,685,215,2362,https://www.youtube.com/watch?v=poMuINfVWVQ,401,177,143,426,https://www.twitch.tv/videos/2747070428
f702d43aeff84979ad97438d0b1d8bcc,868,9776,0,0,0,,0,0,0,,0,0,0,,447,0,0,0,
e3021481a8d247a5a9a5bf0a29399673,867,129788,148,103,148,https://www.youtube.com/watch?v=rRsXsjNJHb4,148,103,148,https://www.youtube.com/watch?v=rRsXsjNJHb4,0,0,0,,0,0,0,0,
6ef3b507ab8e41d499c59d8cf8b65202,864,0,0,0,0,,0,0,0,,0,0,0,,0,0,0,0,
819cc1636ec94c0ab290b4513c6d629d,864,38363,0,0,0,,0,0,0,,0,0,0,,4755,0,0,0,
b3fb28fe6a0e4fcfb8014e7a4070ca09,864,54842,29,19,82,https://www.youtube.com/watch?v=IKlwJs76oBY,29,19,82,https://www.youtube.com/watch?v=IKlwJs76oBY,0,0,0,,0,0,0,0,
c94bc4ff4689403aac751731d33150e6,859,15561,505,331,6866,https://www.youtube.com/watch?v=iXf-vV2PSgw,221,167,574,https://www.youtube.com/watch?v=1yQRREau9VI,1040,605,6866,https://www.youtube.com/watch?v=iXf-vV2PSgw,292,188,157,413,https://www.twitch.tv/videos/2745483219
fcf611e0ddc5474b9836eb8aa2fe1d24,858,75268,29,11,78,https://www.youtube.com/watch?v=iew7q-2vytM,29,11,78,https://www.youtube.com/watch?v=iew7q-2vytM,0,0,0,,0,0,0,0,
45e104a6eabe4967a6cb84e720dd8e74,858,41681,5,2,88,https://www.youtube.com/watch?v=uwbCAWhJejc,0,0,0,,5,2,88,https://www.youtube.com/watch?v=uwbCAWhJejc,1868,230,89,541,https://www.twitch.tv/videos/2733624935
9cfe61128e134f8dad9bb6ebf568cd71,854,20078,5,2,26,https://www.youtube.com/watch?v=AQa7bJQWy1U,0,0,0,,5,2,26,https://www.youtube.com/watch?v=AQa7bJQWy1U,1263,148,115,370,https://www.twitch.tv/videos/2752593151
0b183e5c128246c0ad5cd5491e8b8c83,853,204243,672,52,2194,https://www.youtube.com/watch?v=vGSOlxmfgOE,79,28,88,https://www.youtube.com/watch?v=owfh6al1CUk,1084,334,2194,https://www.youtube.com/watch?v=vGSOlxmfgOE,0,0,0,0,
5862e8e7c5fd4261af093cec20b40300,852,36447,140,57,348,https://www.youtube.com/watch?v=RXvHIYwnGdQ,137,59,214,https://www.youtube.com/watch?v=9FH9h6fxnwc,348,28,348,https://www.youtube.com/watch?v=RXvHIYwnGdQ,0,0,0,0,
5964947a5624455cba648007ec04a0b9,848,14968,0,0,0,,0,0,0,,0,0,0,,0,0,0,0,
415ca337b1104450acbed1eb046c0a58,846,87258,23,8,23,https://www.youtube.com/watch?v=GKXveabQctk,23,8,23,https://www.youtube.com/watch?v=GKXveabQctk,0,0,0,,271,0,0,0,
370f66a57c0341b0adef5bcbad64ff90,844,46018,3,1,25,https://www.youtube.com/watch?v=R_1sMon1aEs,17,6,25,https://www.youtube.com/watch?v=R_1sMon1aEs,2,0,17,https://www.youtube.com/watch?v=uv-bMPogsJo,0,0,0,0,
27b10e5896e34e8d841f1605792b96c9,839,35782,0,0,0,,0,0,0,,0,0,0,,424,0,0,0,
399a496d028447a58924b2660d0fc187,838,198,0,0,0,,0,0,0,,0,0,0,,0,0,0,0,
3f3abaed158f420e84f9d1d5f4492b1d,838,61483,27,13,142,https://www.youtube.com/watch?v=EJeREuHiVco,27,13,142,https://www.youtube.com/watch?v=EJeREuHiVco,0,0,0,,640,39,27,136,https://www.twitch.tv/videos/2752602426
a753be70dd194989835b604e4b249363,838,31081,0,0,0,,0,0,0,,0,0,0,,654,0,0,0,
f36c774fbf4847e1afdf66a1e4806ea3,837,19756,1010,650,1010,https://www.youtube.com/watch?v=C1V5-7ZcgjY,0,0,0,,1010,650,1010,https://www.youtube.com/watch?v=C1V5-7ZcgjY,2390,269,195,269,https://www.twitch.tv/videos/2748705121
61c75f9fbf044b54872197eec7c9bafa,835,271675,102,53,940,https://www.youtube.com/watch?v=EGDza7NkBlg,70,45,102,https://www.youtube.com/watch?v=UYKkA6E_8EM,496,382,940,https://www.youtube.com/watch?v=EGDza7NkBlg,0,0,0,0,
899e5f40cf7f49a8808969866758779e,832,37223,162,73,318,https://www.youtube.com/watch?v=c6tp74FXXQs,128,73,162,https://www.youtube.com/watch?v=y6k6Qdduzeg,269,155,318,https://www.youtube.com/watch?v=c6tp74FXXQs,241,74,59,95,https://www.twitch.tv/videos/2751015924
c747687c19704747b4cae2d4d5715aa0,832,30667,1242,895,10840,https://www.youtube.com/watch?v=3Lgftlh_tI4,0,0,0,,1242,895,10840,https://www.youtube.com/watch?v=3Lgftlh_tI4,4141,179,147,437,https://www.twitch.tv/videos/2745237685
7b3809e085754d52aee99d1fcc980eaf,832,36675,154,70,1606,https://www.youtube.com/watch?v=gYlIa4Kkhp4,77,36,154,https://www.youtube.com/watch?v=1GlhLNU0kho,584,339,1606,https://www.youtube.com/watch?v=gYlIa4Kkhp4,0,0,0,0,
f5a37da60cb74069a7dc13867404521f,831,63500,355,326,664,https://www.youtube.com/watch?v=3Hzp3oZ8Y1w,0,0,0,,355,326,664,https://www.youtube.com/watch?v=3Hzp3oZ8Y1w,0,0,0,0,
f4c357c0b7ae4891859ecd205d903dff,831,36907,330,72,2109,https://www.youtube.com/watch?v=wq6yVpcPtQw,56,40,66,https://www.youtube.com/watch?v=VxckFEsQ66k,351,132,2109,https://www.youtube.com/watch?v=wq6yVpcPtQw,82,0,0,0,
9ed7a28dd35e4e1c9400af811f6a284c,831,16638,0,0,0,,0,0,0,,0,0,0,,832,0,0,0,
d3ac18bfe0984394a6fe19319a36b412,830,62686,80,31,80,https://www.youtube.com/watch?v=5z93v0wvT_8,80,31,80,https://www.youtube.com/watch?v=5z93v0wvT_8,0,0,0,,0,0,0,0,
aef2ed42d49343f28394b6335695b5ac,828,368692,0,0,9,https://www.youtube.com/watch?v=FMBh2xdjnzc,0,0,0,,0,0,9,https://www.youtube.com/watch?v=FMBh2xdjnzc,3048,75,69,129,https://www.twitch.tv/videos/2746080148
23dda65e497d4888b87db304533b8138,827,13684,0,0,0,,0,0,0,,0,0,0,,5373,742,432,1144,https://www.twitch.tv/videos/2735698400
77f4700c452c4200a4e62effa2884b4a,827,33190,0,0,0,,0,0,0,,0,0,0,,716,0,0,0,
c26ea894da5741df9e1bc62044f6bce7,826,4077,0,0,0,,0,0,0,,0,0,0,,262,0,0,0,
6d144d78d2284fbcafa2428a5d132733,824,26874,0,0,0,,0,0,0,,0,0,0,,701,54,50,61,https://www.twitch.tv/videos/2753394063
899208f999aa4121ae2b67abb3190674,823,13515,0,0,0,,0,0,0,,0,0,0,,4206,189,143,367,https://www.twitch.tv/videos/2747020404
686fa700c1ee4d179ed277d5b101f8a4,818,27767,0,0,0,,0,0,0,,0,0,0,,0,0,0,0,
0aa8c41f04bf4f12b9a8281353ea448a,817,35682,0,0,0,,0,0,0,,0,0,0,,4782,0,0,0,
0294dc5e3fb14312b472bb05af5ad329,817,21944,0,0,0,,0,0,0,,0,0,0,,0,0,0,0,
689bcf2176f84f86a4fb53800f25ea7a,815,1509,0,0,0,,0,0,0,,0,0,0,,0,0,0,0,
6c5d547cdebf4daf813ac8b66c9fb873,815,32941,0,0,0,,0,0,0,,0,0,0,,0,0,0,0,
0a55a882e4ae4a1e9c1e77ea001aa91b,807,98963,0,0,0,,0,0,0,,0,0,0,,1505,35,23,38,https://www.twitch.tv/videos/2746188517
034c0cb04f884faa8f2b6a02ff090ad1,805,0,0,0,0,,0,0,0,,0,0,0,,0,0,0,0,
e099cf09b8674b988f17828aab2f7d86,805,21777,111,102,111,https://www.youtube.com/watch?v=5GkgnBCFWqQ,111,102,111,https://www.youtube.com/watch?v=5GkgnBCFWqQ,0,0,0,,639,178,116,178,https://www.twitch.tv/videos/2747054527
a26891359b444900956f04bc1b8f5faa,804,24571,84,37,1562,https://www.youtube.com/watch?v=G8oau6XwU2I,63,26,108,https://www.youtube.com/watch?v=2Dr_aS8Oj1A,402,129,1562,https://www.youtube.com/watch?v=G8oau6XwU2I,273,71,44,145,https://www.twitch.tv/videos/2744052172
a0dbf7095446402ea77b11d8cced5a4b,804,45480,0,0,0,,0,0,0,,0,0,0,,0,0,0,0,
23354f18e2a94c9187fd0560fd874eeb,803,27340,0,0,0,,0,0,0,,0,0,0,,1663,241,125,336,https://www.twitch.tv/videos/2750186525
13a3d049cda44b9e8da24006e642dd78,800,24814,0,0,0,,0,0,0,,0,0,0,,2783,0,0,0,
29a3d514ca274f6fb966f9d70bed4b52,799,77548,0,0,0,,0,0,0,,0,0,0,,809,299,164,515,https://www.twitch.tv/videos/2752568019
30bc516401f24514aaecce081979ab50,799,14544,0,0,0,,0,0,0,,0,0,0,,0,0,0,0,
5f8e197a06bc453e8d9e0a1c6cb92f1c,798,34818,3,1,19,https://www.youtube.com/watch?v=fX8Ov5rVZlY,0,0,0,,3,1,19,https://www.youtube.com/watch?v=fX8Ov5rVZlY,1629,93,64,155,https://www.twitch.tv/videos/2751779159
3e4c23394dde46f58f89cba536b208d5,796,22410,47,27,59,https://www.youtube.com/watch?v=AAzs_Qq1b_E,47,27,59,https://www.youtube.com/watch?v=AAzs_Qq1b_E,0,0,0,,0,0,0,0,
a1c3335026d44b99b9abb8c6aaba3968,794,17980,0,0,0,,0,0,0,,0,0,0,,636,0,0,0,
7a0c5fe0fe2f4427afe500c85ec958cb,794,54114,0,0,0,,0,0,0,,0,0,0,,0,0,0,0,
3034b51ec8ad439fa7033773a72a5c4a,793,20613,0,0,0,,0,0,0,,0,0,0,,3312,0,0,0,
e80414fcc37b4d818ccf9dddb23cb452,792,16577,0,0,0,,0,0,0,,0,0,0,,4005,1504,361,2472,https://www.twitch.tv/videos/2742206280
29e2c3ae8e4d48f29fb3b89c463abb1c,790,69931,43,11,90,https://www.youtube.com/watch?v=fWDSQK--l4A,43,11,43,https://www.youtube.com/watch?v=dPvd__PytIE,45,10,90,https://www.youtube.com/watch?v=fWDSQK--l4A,2802,730,384,3080,https://www.twitch.tv/videos/2733917379
1594067d444e4a53abb95bc1aa40e6db,790,26014,0,0,0,,0,0,0,,0,0,0,,499,34,31,63,https://www.twitch.tv/videos/2752667375
ff063abda8d24869b8d34267e673958f,789,0,0,0,0,,0,0,0,,0,0,0,,0,0,0,0,
14148e0fda054494b7cd2f9f38bb765a,785,42792,0,0,0,,0,0,0,,0,0,0,,281,0,0,0,
5f6dcf3b9b71405498aa07a2b80cb5ec,785,136186,351,204,351,https://www.youtube.com/watch?v=Uomw6WR6ps8,0,0,0,,351,204,351,https://www.youtube.com/watch?v=Uomw6WR6ps8,1241,166,112,254,https://www.twitch.tv/videos/2754300949
d44dc8542b4f4dacab8f54b7e3483728,784,35980,71,30,149,https://www.youtube.com/watch?v=WhroQjeix5g,71,30,149,https://www.youtube.com/watch?v=WhroQjeix5g,0,0,0,,0,0,0,0,
cf38ee666e104dce949c195f5ac58da2,784,301120,43,12,134,https://www.youtube.com/watch?v=D8PlCdh0NyY,43,13,134,https://www.youtube.com/watch?v=D8PlCdh0NyY,5,1,5,https://www.youtube.com/watch?v=kg9GKPjMHU4,0,0,0,0,
f0afa83a8d2d4cc6bb9eb80655bbe40d,783,12641,0,0,0,,0,0,0,,0,0,0,,0,0,0,0,
d2c5b1c430fa45c8b9be0b8be65d8a6b,782,4576,0,0,0,,0,0,0,,0,0,0,,304,0,0,0,
8a63cc5d44b44e2c88122e98c533d20a,781,294143,0,0,0,,0,0,0,,0,0,0,,0,0,0,0,
943129b96d2341bcb7b25a66c9da2354,780,32899,0,0,0,,0,0,0,,0,0,0,,16514,0,0,0,
80ae039e7c3e4e90b6b3994ead599307,780,53584,128,54,209,https://www.youtube.com/watch?v=MkMNhDOjiu0,128,54,209,https://www.youtube.com/watch?v=MkMNhDOjiu0,0,0,0,,0,0,0,0,
c3e1a96f96334696af38e93fa8178085,778,46300,5,1,5,https://www.youtube.com/watch?v=PpUmXV1PhR8,0,0,0,,5,1,5,https://www.youtube.com/watch?v=PpUmXV1PhR8,1239,28,28,43,https://www.twitch.tv/videos/2755082167
e2ddcd13e70643238d46f50fba8261b2,777,84805,755,668,909,https://www.youtube.com/watch?v=fdV8Nq6VNDc,0,0,0,,755,668,909,https://www.youtube.com/watch?v=fdV8Nq6VNDc,2937,886,232,2327,https://www.twitch.tv/videos/2748578592
968f0b8c521942d6939234c70f49747a,776,23588,0,0,0,,0,0,0,,0,0,0,,1957,437,402,437,https://www.twitch.tv/videos/2753445861
73f219fc31294239804b67151318e0a8,775,39118,0,0,0,,0,0,0,,0,0,0,,253,0,0,0,
8c59e356f1564e068e1c81ac7de1a4e3,773,34202,0,0,0,,0,0,0,,0,0,0,,0,0,0,0,
2971554445614cfaaccddd9cde93c599,773,25206,53,41,53,https://www.youtube.com/watch?v=0e8mwTvQkoo,0,0,0,,53,41,53,https://www.youtube.com/watch?v=0e8mwTvQkoo,1117,0,0,0,
4caaacdde06c4a0a9662e0d1e07114e0,773,15558,0,0,0,,0,0,0,,0,0,0,,0,0,0,0,
d9baa82223d04494abd266da86171d95,772,0,0,0,0,,0,0,0,,0,0,0,,645,0,0,0,
405cf0a502a6496bacfe7e49647e7e28,771,37645,21,11,49,https://www.youtube.com/watch?v=DcmNM3L1r6g,21,13,49,https://www.youtube.com/watch?v=DcmNM3L1r6g,6,1,6,https://www.youtube.com/watch?v=oT1CQdx7gS4,2169,733,526,1160,https://www.twitch.tv/videos/2751144855
7342482fda6d40f98e078505a24825d4,771,40454,106,68,125,https://www.youtube.com/watch?v=iyYMUFO54Ys,106,68,125,https://www.youtube.com/watch?v=iyYMUFO54Ys,0,0,0,,0,0,0,0,
a22035a68721415e830d1d7b8ffd172d,771,11336,0,0,0,,0,0,0,,0,0,0,,1849,0,0,0,
e83a22c584774763a3b91d557141604d,769,9965,0,0,0,,0,0,0,,0,0,0,,2048,734,434,814,https://www.twitch.tv/videos/2747009244
de6ab52e6aca42d2ab88274244e772fc,769,25995,0,0,0,,0,0,0,,0,0,0,,0,0,0,0,
2a2b7990365f4a1bb1d8acf1ae0f2f32,767,289153,57,25,23379,https://www.youtube.com/watch?v=0Wgd8yoDCrY,41,14,114,https://www.youtube.com/watch?v=qohiZmnPNPQ,1914,1010,23379,https://www.youtube.com/watch?v=0Wgd8yoDCrY,141,4,3,5,https://www.twitch.tv/videos/2749416766
5cdecbd7413e4c9e9cb56373a186ccec,767,17723,0,0,0,,0,0,0,,0,0,0,,401,40,27,88,https://www.twitch.tv/videos/2749441623
4de233ea7dfc4a7da1738ab627babd48,767,41813,80,42,1574,https://www.youtube.com/watch?v=SDdJmcB7Xm4,75,35,253,https://www.youtube.com/watch?v=BDMlHLgXEGs,1574,1075,1574,https://www.youtube.com/watch?v=SDdJmcB7Xm4,0,0,0,0,
50a5bb8d33e14c81813bd0d02dc34b58,767,0,0,0,0,,0,0,0,,0,0,0,,0,0,0,0,
3922688ae4b64592b8301430e19fd2ca,766,68185,104,53,1475,https://www.youtube.com/watch?v=s8xhEKpJ1Wc,97,36,117,https://www.youtube.com/watch?v=hTx9FqTc5dc,211,163,1475,https://www.youtube.com/watch?v=s8xhEKpJ1Wc,175,247,220,413,https://www.twitch.tv/videos/2746097333
e888326df83d41f680960f24bb55c670,766,16011,0,0,0,,0,0,0,,0,0,0,,0,0,0,0,
17946118c2d641819c847aba0c491e13,766,4013,0,0,0,,0,0,0,,0,0,0,,5051,0,0,0,
1d1e155c827e4ed2a0596c256983c22d,764,19510,5,1,32,https://www.youtube.com/watch?v=zDIZB1xnBkg,0,0,0,,5,1,32,https://www.youtube.com/watch?v=zDIZB1xnBkg,2229,344,235,1643,https://www.twitch.tv/videos/2751306559
f1dff6bebe3a4fa7a4b9c05f91bdc42b,763,0,0,0,0,,0,0,0,,0,0,0,,0,0,0,0,
80b6efc8007f4f6d84ce2f93862ae319,763,106721,216,127,301,https://www.youtube.com/watch?v=tIW2ltMaf_M,216,127,301,https://www.youtube.com/watch?v=tIW2ltMaf_M,0,0,0,,0,0,0,0,
40bb881e52be4d8b9c66a60be89e0504,762,50441,51,10,127,https://www.youtube.com/watch?v=E_7kTAjiRbk,51,10,127,https://www.youtube.com/watch?v=E_7kTAjiRbk,0,0,0,,0,0,0,0,
d1d879cfccf7411296dcc765ca40e39c,762,122511,1814,1053,2844,https://www.youtube.com/watch?v=4Uw4i0WfsbI,0,0,0,,1814,1053,2844,https://www.youtube.com/watch?v=4Uw4i0WfsbI,1429,210,147,687,https://www.twitch.tv/videos/2746084075
3a932cc8813343b6bb5d822cb2f53558,761,41999,0,0,0,,0,0,0,,0,0,0,,3188,0,0,0,
945e26a69e2145219406bf2ca0d59554,761,21528,0,0,0,,0,0,0,,0,0,0,,728,0,0,0,
3204abe8247b45f08481bef65884ebc3,760,2983,0,0,0,,0,0,0,,0,0,0,,1339,0,0,0,
dc0868efeac540bfac9b383bd65a82e6,757,22429,62,37,74,https://www.youtube.com/watch?v=A4qIzjByIT0,62,37,74,https://www.youtube.com/watch?v=A4qIzjByIT0,0,0,0,,0,0,0,0,
9539cc114b7648efb72bafc3a7358ae6,757,0,0,0,0,,0,0,0,,0,0,0,,1936,0,0,0,
f7c5ff874d1d4528a36c0a54d27017a3,756,59577,33,8,56,https://www.youtube.com/watch?v=yXQ_wf_K0dY,33,8,56,https://www.youtube.com/watch?v=yXQ_wf_K0dY,0,0,0,,0,0,0,0,
a666cf6707d14cdbbe6581a8964aabd0,751,20761,0,0,0,,0,0,0,,0,0,0,,859,48,29,60,https://www.twitch.tv/videos/2744618950
efe21404e1e344dda7e75ecb2c160895,750,0,0,0,0,,0,0,0,,0,0,0,,0,0,0,0,
66ab3e28c90a428bb98100cd9119a4e9,750,28047,101,42,159,https://www.youtube.com/watch?v=xfLqpOdaAgA,101,42,159,https://www.youtube.com/watch?v=xfLqpOdaAgA,0,0,0,,0,0,0,0,
c639c0dba4504221bfec50cf787f395d,746,29161,90,59,3039,https://www.youtube.com/watch?v=i1BC1IHmpWg,77,51,82,https://www.youtube.com/watch?v=sSz_NO_WLlA,1163,409,3039,https://www.youtube.com/watch?v=i1BC1IHmpWg,1020,232,183,339,https://www.twitch.tv/videos/2747715804
b96e4730713c48899004d4af5975fe21,744,5145,0,0,0,,0,0,0,,0,0,0,,250,0,0,0,
7531ceacd52e43b4a29ba4dc18a3f56c,744,35812,1657,1418,1657,https://www.youtube.com/watch?v=w3N-6CDKg0s,0,0,0,,1657,1418,1657,https://www.youtube.com/watch?v=w3N-6CDKg0s,1875,278,168,552,https://www.twitch.tv/videos/2732779045
d573ba517ed043a780491c40a7aaa22e,742,0,0,0,0,,0,0,0,,0,0,0,,0,0,0,0,
0f97f20ec79649e687590a4dc7328a21,740,19660,0,0,0,,0,0,0,,0,0,0,,349,0,0,0,
6ac39c9c814e4dfe9c2294345a2a3e9c,740,54574,123,40,430,https://www.youtube.com/watch?v=xng6IrWrUXw,110,42,430,https://www.youtube.com/watch?v=xng6IrWrUXw,136,37,136,https://www.youtube.com/watch?v=Blw9gdIssM0,1456,0,0,0,
75e2a9a237e14297976b9b8946818de5,739,1606,0,0,0,,0,0,0,,0,0,0,,0,0,0,0,
4f20e15637644c409c850ced48bb33dd,738,34633,124,64,153,https://www.youtube.com/watch?v=IyxHl0CiAJ0,137,43,153,https://www.youtube.com/watch?v=IyxHl0CiAJ0,104,85,104,https://www.youtube.com/watch?v=PJW2oFDo50Q,0,0,0,0,
eef7776c596141afb7efb9c1790bcb64,736,34338,0,0,0,,0,0,0,,0,0,0,,1524,0,0,0,
a1880ae475fe44fc92760277c3f850ed,736,6500,0,0,0,,0,0,0,,0,0,0,,586,0,0,0,
40fd0ce414e8465880489531775662e7,736,244,0,0,0,,0,0,0,,0,0,0,,0,0,0,0,
c6286d22a9344325bb1609918d442b93,736,69837,0,0,0,,0,0,0,,0,0,0,,76,0,0,0,
ab7fb3b59bef4d869388be703ffa8c01,736,12360,0,0,0,,0,0,0,,0,0,0,,0,0,0,0,
8774553046cb47a9b5165c15feb01e84,730,32737,22,18,144,https://www.youtube.com/watch?v=jG_M_4hbKNU,22,18,144,https://www.youtube.com/watch?v=jG_M_4hbKNU,0,0,0,,476,0,0,0,
28e04c3575d84bd48e2de545801d4d06,729,18302,0,0,0,,0,0,0,,0,0,0,,0,0,0,0,
f5260b1a196a43f8b4aff1cc742a67f4,729,21280,138,90,1230,https://www.youtube.com/watch?v=rCxJFMsZW7w,108,83,138,https://www.youtube.com/watch?v=81KcrVD70yo,1036,775,1230,https://www.youtube.com/watch?v=rCxJFMsZW7w,112,29,27,70,https://www.twitch.tv/videos/2751776428
c2b2f9bf0228445289b8791110b340ec,729,363139,49,19,87,https://www.youtube.com/watch?v=xxXaDGhIfwU,49,19,87,https://www.youtube.com/watch?v=xxXaDGhIfwU,0,0,0,,92,0,0,0,
a2f9fd3568f3467aa35e411dbde1ab45,726,39648,51,23,53,https://www.youtube.com/watch?v=YdtjBO1YliE,0,0,0,,51,23,53,https://www.youtube.com/watch?v=YdtjBO1YliE,0,0,0,0,
8f4142c5ead94656b4744b425d800fb8,726,98479,46,19,115,https://www.youtube.com/watch?v=ZvAMkSEGhZE,46,19,115,https://www.youtube.com/watch?v=ZvAMkSEGhZE,0,0,0,,0,0,0,0,
00de1290ff0a4edda4db0385a6ba3300,726,14713,0,0,0,,0,0,0,,0,0,0,,1760,114,88,151,https://www.twitch.tv/videos/2755118134
9124a5ccacc44fb68b5b1d5697e3fb90,724,17878,101,43,217,https://www.youtube.com/watch?v=DBRQBuVqaFg,101,43,217,https://www.youtube.com/watch?v=DBRQBuVqaFg,0,0,0,,0,0,0,0,
c22cb6790eaf4fcc8ac47633e0ab6c49,724,23397,114,34,1043,https://www.youtube.com/watch?v=dmKxoBHIEcs,73,22,134,https://www.youtube.com/watch?v=NF_Cg9IG02U,605,446,1043,https://www.youtube.com/watch?v=dmKxoBHIEcs,302,95,72,108,https://www.twitch.tv/videos/2752734255
6826120624a244d4ab9522b5845db071,723,38293,0,0,0,,0,0,0,,0,0,0,,3651,209,149,702,https://www.twitch.tv/videos/2750744508
082df6a588424bc9aaa378c53b34315c,715,23468,0,0,0,,0,0,0,,0,0,0,,179,0,0,0,
bb775b8f85574398af290f5be009d40e,714,948,0,0,0,,0,0,0,,0,0,0,,0,0,0,0,
ffe0cef3d8c34c52bb605a23a3e61e95,713,20580,238,51,1631,https://www.youtube.com/watch?v=sQVPShLOTpw,252,69,332,https://www.youtube.com/watch?v=j2Yk4BGrx_Y,206,13,1631,https://www.youtube.com/watch?v=sQVPShLOTpw,0,0,0,0,
acc6cc72bdb74a74a719cc41baf0aade,710,26769,58,38,109,https://www.youtube.com/watch?v=VFz40UPBDuo,58,38,109,https://www.youtube.com/watch?v=VFz40UPBDuo,0,0,0,,0,0,0,0,
8bd1aad0ee834101b6042c08495a31be,709,17070,0,0,0,,0,0,0,,0,0,0,,249,20,15,25,https://www.twitch.tv/videos/2747846895
fb72bfcead034da2abef22637e7b2b3c,709,36290,970,391,1403,https://www.youtube.com/watch?v=LCPLljeKhvI,0,0,0,,970,391,1403,https://www.youtube.com/watch?v=LCPLljeKhvI,1507,117,89,277,https://www.twitch.tv/videos/2753249395
cec266a3203a4d1599494b42f35b4012,708,623,0,0,0,,0,0,0,,0,0,0,,494,37,30,86,https://www.twitch.tv/videos/2746093364
a4e31a26718d42d692f6613fafb810f5,708,17762,0,0,0,,0,0,0,,0,0,0,,0,0,0,0,
667d1f10770d4512a5350b74bcb3efc0,706,28111,63,57,67,https://www.youtube.com/watch?v=y5nzFKePEbI,63,57,67,https://www.youtube.com/watch?v=y5nzFKePEbI,0,0,0,,0,0,0,0,
6bff712e91fe4fc19332873f9db07c2a,706,28031,0,0,0,,0,0,0,,0,0,0,,0,0,0,0,
d460f1ea172d49f9a23f3277a391ce30,705,5820,0,0,0,,0,0,0,,0,0,0,,528,49,36,72,https://www.twitch.tv/videos/2747043977
027dc46502ee4350ba597000191659ae,705,18455,100,44,615,https://www.youtube.com/watch?v=IvxER_M2YqI,83,59,316,https://www.youtube.com/watch?v=HnrBKz4tYdE,481,36,615,https://www.youtube.com/watch?v=IvxER_M2YqI,52,0,0,0,
40a4357f990e4fd8ad2ac18c26603925,705,17939,22,10,52,https://www.youtube.com/watch?v=j_Yx5sl8aJE,19,5,29,https://www.youtube.com/watch?v=rF4WusjUPik,52,26,52,https://www.youtube.com/watch?v=j_Yx5sl8aJE,1659,75,68,103,https://www.twitch.tv/videos/2753464579
96f73c5682e942ef888a3313031c7f58,704,11579,0,0,0,,0,0,0,,0,0,0,,0,0,0,0,
ea31f43c943742be847e205495fc64ad,702,60049,1398,1175,2186,https://www.youtube.com/watch?v=KVdigRlA5CY,0,0,0,,1398,1175,2186,https://www.youtube.com/watch?v=KVdigRlA5CY,3426,1495,814,4462,https://www.twitch.tv/videos/2754353635
5ee9f1126dcf463e8d6afc8ef113d084,702,21912,56,35,118,https://www.youtube.com/watch?v=Kc81yab4c90,56,35,118,https://www.youtube.com/watch?v=Kc81yab4c90,0,0,0,,0,0,0,0,
c72045d5b8714411af64d5c9d29cea97,701,28378,0,0,0,,0,0,0,,0,0,0,,0,0,0,0,
b3628981441b4b1aa2a3c91af81c7084,700,4377,0,0,0,,0,0,0,,0,0,0,,0,0,0,0,
2047c8ae25624470b90251b1fd9502d5,697,27767,0,0,0,,0,0,0,,0,0,0,,0,0,0,0,
9b64082043fc451f9dd5edc793fa8605,696,8690,4,2,14,https://www.youtube.com/watch?v=fKwLO1rhSF4,0,0,0,,4,2,14,https://www.youtube.com/watch?v=fKwLO1rhSF4,1149,181,119,186,https://www.twitch.tv/videos/2744340840
bd16ea1e11d9475eb53a108ba90ea6a3,696,58370,28,9,58,https://www.youtube.com/watch?v=mwYaTKPQ6Hw,28,9,58,https://www.youtube.com/watch?v=mwYaTKPQ6Hw,0,0,0,,0,0,0,0,
8881d23b0a3c426590c8a2509e363ec1,695,86371,0,0,0,,0,0,0,,0,0,0,,2003,118,92,476,https://www.twitch.tv/videos/2746117357
4caacad18f2842a099e3f8cc31060aca,695,32727,0,0,0,,0,0,0,,0,0,0,,0,0,0,0,
b5e6939c87f34003b2faf4bb3a72ca14,694,0,0,0,0,,0,0,0,,0,0,0,,0,0,0,0,
8a3a04df8f6048d19825cdfef59ecdc1,694,19466,0,0,0,,0,0,0,,0,0,0,,0,0,0,0,
0800162a149e420ea0386c9506e710b7,693,29584,0,0,0,,0,0,0,,0,0,0,,0,0,0,0,
4297ecbe09d04698a65f1778f5c16dc4,692,27984,56,36,1867,https://www.youtube.com/watch?v=PxvkgWvOfVk,51,24,99,https://www.youtube.com/watch?v=IVQafYaXHJo,645,544,1867,https://www.youtube.com/watch?v=PxvkgWvOfVk,199,23,17,26,https://www.twitch.tv/videos/2748680829
28e5717b1964475ca59ce02d81cb2796,692,14272,0,0,0,,0,0,0,,0,0,0,,3259,645,289,1191,https://www.twitch.tv/videos/2732151434
60da3bb357d64f998006b8ca3043fd00,691,28474,49,17,122,https://www.youtube.com/watch?v=M2zVHQSHfGY,49,17,122,https://www.youtube.com/watch?v=M2zVHQSHfGY,0,0,0,,0,0,0,0,
a0467c81a3014fbf83029acffe5b1d3f,688,12285,0,0,0,,0,0,0,,0,0,0,,1160,26,25,33,https://www.twitch.tv/videos/2751654569
8ba365057cdb4ba5ba9c27c02c7c7f3d,683,13041,0,0,0,,0,0,0,,0,0,0,,1201,0,0,0,
5896bb30994d4416ad7e252642135194,683,49250,51,15,51,https://www.youtube.com/watch?v=sanY34Omunw,51,15,51,https://www.youtube.com/watch?v=sanY34Omunw,0,0,0,,0,0,0,0,
bff3b878d9864ff893bd79d1f2a7a849,682,43955,23,9,48,https://www.youtube.com/watch?v=srzeEulu9w0,24,9,48,https://www.youtube.com/watch?v=srzeEulu9w0,17,14,17,https://www.youtube.com/watch?v=m6Il3g6lKxE,129,10,6,24,https://www.twitch.tv/videos/2747080988
1b8f1c5c6e784ef4930d7e0f1dc35e4e,681,0,0,0,0,,0,0,0,,0,0,0,,0,0,0,0,
15ec206bfc374aaaa594bc12e9887a69,681,9389,0,0,0,,0,0,0,,0,0,0,,1621,0,0,0,
15e82a696cfc4d42929e29b0d90955d1,679,45607,181,90,2201,https://www.youtube.com/watch?v=wFkmwNaHElc,173,86,912,https://www.youtube.com/watch?v=u73BDr4WJ4k,330,96,2201,https://www.youtube.com/watch?v=wFkmwNaHElc,0,0,0,0,
0528d5a963af400884b2db8484a0d152,678,531,0,0,0,,0,0,0,,0,0,0,,412,0,0,0,
2608bc34d1f8497da55ab0cf4d0d7f0e,678,14038,1107,601,1107,https://www.youtube.com/watch?v=_U8AbHHXaLU,0,0,0,,1107,601,1107,https://www.youtube.com/watch?v=_U8AbHHXaLU,2968,1161,715,1769,https://www.twitch.tv/videos/2750716938
2c83b5b4c0644e9d94c4221ba9543cc5,677,19110,0,0,0,,0,0,0,,0,0,0,,271,0,0,0,
e44a37ed06c749da9aeea8e16b309a84,675,28944,0,0,0,,0,0,0,,0,0,0,,27,0,0,0,
94b3f738cde248e3bf6061f1692d6337,675,167461,0,0,0,,0,0,0,,0,0,0,,0,0,0,0,
263db06cfe814d4397e6fc8bc593e70e,673,42526,0,0,0,,0,0,0,,0,0,0,,0,0,0,0,
6159040406fc4e6cb73dbf9734717703,673,98222,0,0,0,,0,0,0,,0,0,0,,2146,0,0,0,
0591345aa6634a73ac41f08af6d4e06e,672,32032,43,26,117,https://www.youtube.com/watch?v=lKXIICej48Q,43,26,117,https://www.youtube.com/watch?v=lKXIICej48Q,0,0,0,,0,0,0,0,
8999cce711d64abfb6d451ca6172dd3e,671,36902,1763,1281,18412,https://www.youtube.com/watch?v=GDYCpZr7fvE,0,0,0,,1763,1281,18412,https://www.youtube.com/watch?v=GDYCpZr7fvE,0,0,0,0,
29d8d144d6a24ff28476d25306286836,671,133273,2812,984,4363,https://www.youtube.com/watch?v=oBAZ1kSNpXI,0,0,0,,2812,984,4363,https://www.youtube.com/watch?v=oBAZ1kSNpXI,1166,251,204,2124,https://www.twitch.tv/videos/2750957496
c265c71f4d2744919a319f0f38c008f9,670,25912,0,0,0,,0,0,0,,0,0,0,,5609,0,0,0,
1a39f2817a8d4b2d941677c2a07e896a,667,78545,124,55,1888,https://www.youtube.com/watch?v=QJcfuS9b3QI,56,24,1282,https://www.youtube.com/watch?v=LZlPVx-PqtQ,318,97,1888,https://www.youtube.com/watch?v=QJcfuS9b3QI,0,0,0,0,
d15b3fadead04e7399faaeb47fdf37f9,664,33577,0,0,0,,0,0,0,,0,0,0,,0,0,0,0,
a59b5e9b4b3f423faa754bb0c1c5e9f7,664,20040,0,0,0,,0,0,0,,0,0,0,,13,0,0,0,
26b00f5ff5bf4b5a8dcb6c5c34e1b4f6,664,4891,0,0,0,,0,0,0,,0,0,0,,5925,944,380,3400,https://www.twitch.tv/videos/2733797091
63d931b5a0374b3fbeef2c565a8db8df,663,95099,2288,579,2288,https://www.youtube.com/watch?v=8sthokxi8lM,0,0,0,,2288,579,2288,https://www.youtube.com/watch?v=8sthokxi8lM,6377,576,476,576,https://www.twitch.tv/videos/2751172147
5bbd1c2531594775a4b74928e630dd59,662,45473,0,0,0,,0,0,0,,0,0,0,,4106,316,192,1538,https://www.twitch.tv/videos/2751674738
f3a1ec7e996e4897ba4e34376f7c0be2,661,8240,178,46,1625,https://www.youtube.com/watch?v=k6bMEFtWH48,0,0,0,,178,46,1625,https://www.youtube.com/watch?v=k6bMEFtWH48,1021,210,173,316,https://www.twitch.tv/videos/2752602863
f513e865b8aa4afab938316563c4955f,660,30214,0,0,0,,0,0,0,,0,0,0,,429,0,0,0,
23d18a6678794320b2d3f9d468b9b3a4,660,42890,15,7,120,https://www.youtube.com/watch?v=Bg0u2-i-wfE,15,7,27,https://www.youtube.com/watch?v=BuLiVy5bQ5Q,120,23,120,https://www.youtube.com/watch?v=Bg0u2-i-wfE,1263,150,113,578,https://www.twitch.tv/videos/2747066830
4b305df8ba4546b48c8ec1cda5efb7e2,660,181086,14,11,14,https://www.youtube.com/watch?v=95hpsBZv6-A,14,11,14,https://www.youtube.com/watch?v=95hpsBZv6-A,0,0,0,,0,0,0,0,
3a30426a65fe450bbef138fd8ba35f1e,659,51177,83,51,205,https://www.youtube.com/watch?v=IU8kgv6XT1Y,83,51,205,https://www.youtube.com/watch?v=IU8kgv6XT1Y,0,0,0,,0,0,0,0,
7342e2aefa41449880565dfd15a35cad,658,20478,40,14,51,https://www.youtube.com/watch?v=9tHyJeftAEI,40,14,51,https://www.youtube.com/watch?v=9tHyJeftAEI,0,0,0,,0,0,0,0,
fc6a8de6e0e14e05a11b1d35dfce1d71,657,36190,39,35,55,https://www.youtube.com/watch?v=kTVtNWylXuo,36,35,42,https://www.youtube.com/watch?v=x21H4SmHEyM,55,47,55,https://www.youtube.com/watch?v=kTVtNWylXuo,0,0,0,0,
91d867842ac74a299407199f295d135d,656,2314,0,0,0,,0,0,0,,0,0,0,,0,0,0,0,
c03997835cc943fe81a441c571d733d0,655,53529,22,10,123,https://www.youtube.com/watch?v=JYDkK-i6Ad0,22,10,73,https://www.youtube.com/watch?v=R8I8vw-apoI,123,46,123,https://www.youtube.com/watch?v=JYDkK-i6Ad0,207,0,0,0,
dfc411c6b5d24d97b944f527ddfd2f0b,654,33897,78,28,259,https://www.youtube.com/watch?v=mhjrC4vg7Og,78,36,176,https://www.youtube.com/watch?v=C5wt33nQFJk,133,5,259,https://www.youtube.com/watch?v=mhjrC4vg7Og,0,0,0,0,
49d38057272d4c4992cdbcb792c94d00,654,25943,32,10,51,https://www.youtube.com/watch?v=f64gLKgEbO8,32,10,51,https://www.youtube.com/watch?v=f64gLKgEbO8,0,0,0,,284,37,13,96,https://www.twitch.tv/videos/2738656833
728094029eab434ca60a99e4d1a139c7,652,111206,1242,543,24089,https://www.youtube.com/watch?v=9pZf8c6UhP0,126,54,177,https://www.youtube.com/watch?v=ScelU20vT-s,1812,1027,24089,https://www.youtube.com/watch?v=9pZf8c6UhP0,5,0,0,0,
14d68e1fc65f4206b0c45d65970c0215,651,42747,66,34,630,https://www.youtube.com/watch?v=5AAu1Nr5C0A,61,35,84,https://www.youtube.com/watch?v=0SBV7WJEQKA,630,9,630,https://www.youtube.com/watch?v=5AAu1Nr5C0A,0,0,0,0,
31073a45106c442cbe11fd4368e162fe,651,16093,0,0,0,,0,0,0,,0,0,0,,2140,0,0,0,
4d4db7afb4b84af7b4d54889a5f93947,651,19299,0,0,0,,0,0,0,,0,0,0,,0,0,0,0,
b96f58f4373a4b65977afe5f2829e9e4,651,164418,27,11,143,https://www.youtube.com/watch?v=_HSAirVLFXU,26,10,63,https://www.youtube.com/watch?v=zwI3c6gzyAk,101,59,143,https://www.youtube.com/watch?v=_HSAirVLFXU,511,119,72,168,https://www.twitch.tv/videos/2751143649
f7185f45c8a44e69bf829405206996b9,651,30618,115,21,174,https://www.youtube.com/watch?v=GQJGo5xOHG0,115,21,174,https://www.youtube.com/watch?v=GQJGo5xOHG0,0,0,0,,54,0,0,0,
1058d6e9f351455389e8a7a716ea26ff,650,52442,32,14,86,https://www.youtube.com/watch?v=7T5amoiJHKQ,29,13,86,https://www.youtube.com/watch?v=7T5amoiJHKQ,39,15,61,https://www.youtube.com/watch?v=y1ZKcvT5aPQ,3358,177,146,465,https://www.twitch.tv/videos/2751034502
0f11420beab0442eae0208ac63d4474c,650,3903,0,0,0,,0,0,0,,0,0,0,,0,0,0,0,
9bd9d680d6cf48d1a7171430f286fcb1,650,91257,38,22,1631,https://www.youtube.com/watch?v=sfYiwiZmmZ0,33,16,67,https://www.youtube.com/watch?v=L1zz_GALQvQ,424,154,1631,https://www.youtube.com/watch?v=sfYiwiZmmZ0,0,0,0,0,
948c874aac8c4c7fa088b380e79b2154,649,20665,95,78,95,https://www.youtube.com/watch?v=mX-TDfR26p0,95,78,95,https://www.youtube.com/watch?v=mX-TDfR26p0,0,0,0,,0,0,0,0,
8ae0f370cf124faa953a09089a427fd9,649,25860,88,41,559,https://www.youtube.com/watch?v=aHS8geOU6yE,88,41,559,https://www.youtube.com/watch?v=aHS8geOU6yE,0,0,0,,290,41,32,128,https://www.twitch.tv/videos/2745881817
2c6b5ad20b4e4bdc85310b791d02b364,649,6991,0,0,0,,0,0,0,,0,0,0,,2346,0,0,0,
3e079110e939428085c1f1040ec756f9,648,8627,0,0,0,,0,0,0,,0,0,0,,0,0,0,0,
677a773535814b5fa2d557da2f80bb89,647,17354,0,0,0,,0,0,0,,0,0,0,,423,0,0,0,
e911a56d410b4949aee1d3a8dc84f4ad,645,39714,37,16,59,https://www.youtube.com/watch?v=QA3Ow9z1mPI,37,18,59,https://www.youtube.com/watch?v=QA3Ow9z1mPI,36,5,36,https://www.youtube.com/watch?v=-PY11RAkqPU,0,0,0,0,
87e1b5eec62040118b6bd49efbe5d61c,644,49456,118,59,1379,https://www.youtube.com/watch?v=cgTRmIHHJFY,78,44,216,https://www.youtube.com/watch?v=k0KtSHOiNHA,823,238,1379,https://www.youtube.com/watch?v=cgTRmIHHJFY,424,184,147,724,https://www.twitch.tv/videos/2750766730
adb7f358e8134f30ac0919a74c9d171b,638,13840,0,0,0,,0,0,0,,0,0,0,,2210,360,253,708,https://www.twitch.tv/videos/2750120777
031da54f73f94adf8159ef0d3bfeb52b,636,67366,35,15,116,https://www.youtube.com/watch?v=Fr_bjsAIAq0,35,15,72,https://www.youtube.com/watch?v=5_W9oRA9ES8,116,14,116,https://www.youtube.com/watch?v=Fr_bjsAIAq0,0,0,0,0,
6bb99d03979041aa909d87375acaf92d,635,108593,592,155,592,https://www.youtube.com/watch?v=w4PgibFmpF4,592,155,592,https://www.youtube.com/watch?v=w4PgibFmpF4,0,0,0,,0,0,0,0,
4c127c01ba31487599018fc81ff1a3dd,635,35982,36,1,36,https://www.youtube.com/watch?v=UUXeFUKfAHk,36,1,36,https://www.youtube.com/watch?v=UUXeFUKfAHk,0,0,0,,0,0,0,0,
ec332c6e824044698204e6dba3e5fbfc,634,12000,0,0,0,,0,0,0,,0,0,0,,567,0,0,0,
f1bcb26adebc4b95abd8fb779dfc4f6f,633,30757,115,53,1775,https://www.youtube.com/watch?v=q-_DA2no4fg,112,52,148,https://www.youtube.com/watch?v=1DhxKSehUVo,1775,208,1775,https://www.youtube.com/watch?v=q-_DA2no4fg,0,0,0,0,
e7f01ae0c78b4daeaaf8f3fe39946e8d,633,33366,39,10,73,https://www.youtube.com/watch?v=5k3TtIw48gU,39,10,73,https://www.youtube.com/watch?v=5k3TtIw48gU,0,0,0,,0,0,0,0,
9f585f607da24e26b05ccb7e06e1d4f1,632,85996,129,50,1414,https://www.youtube.com/watch?v=hA-NEMfFZUM,63,28,214,https://www.youtube.com/watch?v=2ReGbIlG_wk,932,183,1414,https://www.youtube.com/watch?v=hA-NEMfFZUM,526,0,0,0,
424043d4c55449cd9317bc0923c13299,631,264825,66,23,1219,https://www.youtube.com/watch?v=-J7i7TCloQI,47,11,88,https://www.youtube.com/watch?v=-Yopoz_NcTk,444,100,1219,https://www.youtube.com/watch?v=-J7i7TCloQI,279,0,0,0,
1f455594561b421da20dde10d1540981,630,44366,0,0,0,,0,0,0,,0,0,0,,6169,447,269,1048,https://www.twitch.tv/videos/2742816592
e55e67f2f7f64a6da7ae604df1652f5e,629,252233,78,36,78,https://www.youtube.com/watch?v=UtMFRj_W-Ew,78,36,78,https://www.youtube.com/watch?v=UtMFRj_W-Ew,0,0,0,,0,0,0,0,
5298121274154e4b9154e8ac47d98beb,628,36689,31,21,69,https://www.youtube.com/watch?v=3f-GnyF08_Q,31,21,69,https://www.youtube.com/watch?v=3f-GnyF08_Q,0,0,0,,0,0,0,0,
87e486b2a37549cbaccc95bbf7d3f253,627,40858,31,16,1182,https://www.youtube.com/watch?v=VgczWFbnB78,30,15,133,https://www.youtube.com/watch?v=SbPTbc-uhec,1182,967,1182,https://www.youtube.com/watch?v=VgczWFbnB78,2438,117,91,261,https://www.twitch.tv/videos/2745435168
e50da8792cd94b009eaa8dd4be738d59,627,2039,0,0,0,,0,0,0,,0,0,0,,1074,33,24,61,https://www.twitch.tv/videos/2755211916
004e635d5d494045a810b2d026e769c7,626,61419,136,104,1141,https://www.youtube.com/watch?v=qQ1ddQVFs8k,136,104,199,https://www.youtube.com/watch?v=GcSLTQjhu4U,590,362,1141,https://www.youtube.com/watch?v=qQ1ddQVFs8k,0,0,0,0,
fdb0805c65e24f13b7f23e50e0db8ae2,625,44947,813,637,1142,https://www.youtube.com/watch?v=aWUsrr3QOhw,0,0,0,,813,637,1142,https://www.youtube.com/watch?v=aWUsrr3QOhw,8711,874,660,1053,https://www.twitch.tv/videos/2753426273
54b80ca15e0c40f6abdebd37e0aa4ca1,624,14221,0,0,0,,0,0,0,,0,0,0,,671,203,168,249,https://www.twitch.tv/videos/2751837348
6c2b07e387644ff1898d8c536747dcb0,623,20837,960,491,1417,https://www.youtube.com/watch?v=RU_KhMaK_IY,0,0,0,,960,491,1417,https://www.youtube.com/watch?v=RU_KhMaK_IY,308,0,0,0,
a324be13dcdb4acbbe722638fc2dbfa4,623,35402,58,28,2786,https://www.youtube.com/watch?v=tu3A6fqZvQE,45,14,69,https://www.youtube.com/watch?v=SFBkI2sgaew,1780,456,2786,https://www.youtube.com/watch?v=tu3A6fqZvQE,115,15,13,16,https://www.twitch.tv/videos/2755041311
3e6f13f775fa4ef09ff9b26ce062eb52,622,1580,0,0,0,,0,0,0,,0,0,0,,307,0,0,0,
960c19dbf65f4b7fa27439d1ede2af21,622,22803,0,0,0,,0,0,0,,0,0,0,,0,0,0,0,
75efe1c591fa4cba93c4938c58cfed27,621,0,0,0,0,,0,0,0,,0,0,0,,0,0,0,0,
c1ca3c2282084d0ebbdeb3896801aec9,621,18991,0,0,0,,0,0,0,,0,0,0,,259,0,0,0,
5e931b583dfe4fdc98d10e4dceaf2c93,621,23282,8,1,95,https://www.youtube.com/watch?v=Eez7IzygwcU,0,0,0,,8,1,95,https://www.youtube.com/watch?v=Eez7IzygwcU,1523,209,107,209,https://www.twitch.tv/videos/2743613245
b16b9643e24d404a8de6d66551451b85,621,8776,35,8,69,https://www.youtube.com/watch?v=TcYBJapPL_I,35,8,69,https://www.youtube.com/watch?v=TcYBJapPL_I,0,0,0,,3310,0,0,0,
b8ccfa7aec6a419ca8ad1a91d9fafdf6,621,0,0,0,0,,0,0,0,,0,0,0,,2330,114,93,175,https://www.twitch.tv/videos/2753831290
0ad03ee6159c4d37a4feccbc49ba3dcf,620,56513,33,20,488,https://www.youtube.com/watch?v=zFlMJV26D4E,33,21,488,https://www.youtube.com/watch?v=zFlMJV26D4E,4,2,4,https://www.youtube.com/watch?v=ZQAMDGAKUNo,169,0,0,0,
dc9cd2bc942d427d8cc73370d1194f9e,619,44907,111,43,327,https://www.youtube.com/watch?v=tXVbQrocWGM,112,45,327,https://www.youtube.com/watch?v=tXVbQrocWGM,102,2,102,https://www.youtube.com/watch?v=VDDYWVx37t0,0,0,0,0,
dec8ff1f1ef243ccb8fa65edb7a813bd,619,872,0,0,0,,0,0,0,,0,0,0,,327,0,0,0,
a1d00cd951ed45afb01e1668dfae6592,618,8196,0,0,0,,0,0,0,,0,0,0,,0,0,0,0,
e07cd7e29645414481d441fcfd4fd456,617,29090,3,1,5,https://www.youtube.com/watch?v=oBtS2Rl_wRU,0,0,0,,3,1,5,https://www.youtube.com/watch?v=oBtS2Rl_wRU,0,0,0,0,
12d506583827419e9eb3b64ec551a94d,617,32650,67,40,95,https://www.youtube.com/watch?v=rJEBJElcB9I,67,40,95,https://www.youtube.com/watch?v=rJEBJElcB9I,0,0,0,,24,0,0,0,
326a721a7a904cb9b5ed0dad4899d7c2,617,20856,0,0,0,,0,0,0,,0,0,0,,786,273,206,430,https://www.twitch.tv/videos/2750232742
e0823adb7a574647b6e395e70038509d,617,28012,983,409,1475,https://www.youtube.com/watch?v=XNMxYKlM21M,0,0,0,,983,409,1475,https://www.youtube.com/watch?v=XNMxYKlM21M,0,0,0,0,
f220baaf52864d7eba4b39877bc2afd2,616,0,0,0,0,,0,0,0,,0,0,0,,1135,0,0,0,
c3945429509246f79c5f0a18594f696d,616,30054,0,0,0,,0,0,0,,0,0,0,,12802,3218,1253,5092,https://www.twitch.tv/videos/2747682493
66345fc8147b45e99d6eba1b0df6ba7c,616,31722,0,0,0,,0,0,0,,0,0,0,,0,0,0,0,
f5a99c6ea78e4023b1bc84c1502f432d,615,30583,18,7,207,https://www.youtube.com/watch?v=JVWx7yxZbpI,17,7,45,https://www.youtube.com/watch?v=qfqB6XeN4hA,116,101,207,https://www.youtube.com/watch?v=JVWx7yxZbpI,791,66,38,141,https://www.twitch.tv/videos/2733849036
2ffa876173cb42bc8a1de004fe10e391,612,11669,0,0,0,,0,0,0,,0,0,0,,0,0,0,0,
17143fd7a2eb41aab006783b2584dda7,611,14702,0,0,0,,0,0,0,,0,0,0,,1030,0,0,0,
809ddec4aec2402ea41adeba2f8520ec,608,59212,270,60,796,https://www.youtube.com/watch?v=AxowdVcOiZE,0,0,0,,270,60,796,https://www.youtube.com/watch?v=AxowdVcOiZE,1210,103,52,269,https://www.twitch.tv/videos/2752664219
9760ffdb528f40a7bd010589f2ce06c4,605,29556,0,0,0,,0,0,0,,0,0,0,,784,71,57,71,https://www.twitch.tv/videos/2750898422
5507154831064d69906acc64c76b1c99,605,23188,0,0,0,,0,0,0,,0,0,0,,3164,478,160,881,https://www.twitch.tv/videos/2752794265
d02adf3818df4c9fa03ed90bf1df5b41,605,15459,14,13,26,https://www.youtube.com/watch?v=4GtNv3K6K1I,26,23,26,https://www.youtube.com/watch?v=4GtNv3K6K1I,3,2,3,https://www.youtube.com/watch?v=vJ1v0VavYco,0,0,0,0,
5d1f5182f62642a8a2e3ae5d3ead1014,601,51098,102,21,299,https://www.youtube.com/watch?v=YmD_jz6vZKc,99,21,182,https://www.youtube.com/watch?v=r68FUn9NdXE,126,21,299,https://www.youtube.com/watch?v=YmD_jz6vZKc,0,0,0,0,
09664b7d99674030ae184672ac8c8ee7,600,52059,0,0,0,,0,0,0,,0,0,0,,0,0,0,0,
7c781489389447e682388caccae7fb1c,600,21091,17,13,23,https://www.youtube.com/watch?v=cz4j1rBqxo0,0,0,0,,17,13,23,https://www.youtube.com/watch?v=cz4j1rBqxo0,1043,42,31,49,https://www.twitch.tv/videos/2749430727
6142bdfa61cd4f3092263bfe477e8e0b,599,147034,57,37,72,https://www.youtube.com/watch?v=bxFqbu3FzLo,57,37,72,https://www.youtube.com/watch?v=bxFqbu3FzLo,0,0,0,,0,0,0,0,
8b0dbadf9faa4815923944437f1c1abb,599,72173,9,4,1278,https://www.youtube.com/watch?v=FQ-D-Vv67Qg,0,0,0,,9,4,1278,https://www.youtube.com/watch?v=FQ-D-Vv67Qg,0,0,0,0,
04ca68439fd14d088c77eb0069e6414f,598,55466,28,4,69,https://www.youtube.com/watch?v=WIURq9UmiWk,28,4,69,https://www.youtube.com/watch?v=WIURq9UmiWk,0,0,0,,348,66,56,113,https://www.twitch.tv/videos/2748511123
20b9316c0979495fbff724be3442d4a4,598,140132,38,24,1106,https://www.youtube.com/watch?v=59dbwEmUKqE,21,16,92,https://www.youtube.com/watch?v=na_cX2Ycvfc,246,149,1106,https://www.youtube.com/watch?v=59dbwEmUKqE,17,0,0,0,
3f74c9c84fac427ea0e3d147c6027e82,596,17627,11,1,159,https://www.youtube.com/watch?v=VJp_PeDeG-A,0,0,0,,11,1,159,https://www.youtube.com/watch?v=VJp_PeDeG-A,0,0,0,0,
19ccc34670ad4ea6b4d8bc5aaafdf876,595,12800,0,0,0,,0,0,0,,0,0,0,,0,0,0,0,
e4a78a4115b7463eb3e42f1cbbd59aa0,594,38478,0,0,0,,0,0,0,,0,0,0,,0,0,0,0,
8729a18bfb7848d880a59da20b281640,593,0,0,0,0,,0,0,0,,0,0,0,,547,0,0,0,
3849edba2b2e411f8564e9c1d1aaaa51,592,72538,67,4,67,https://www.youtube.com/watch?v=CqWnO0WnS2I,67,4,67,https://www.youtube.com/watch?v=CqWnO0WnS2I,0,0,0,,0,0,0,0,
defbc693cb874182807b768593439616,588,19093,0,0,0,,0,0,0,,0,0,0,,1605,176,73,228,https://www.twitch.tv/videos/2741246628
cd90274cae394fa7be47a5535b563882,588,0,0,0,0,,0,0,0,,0,0,0,,0,0,0,0,
da2113ffb3d74a6394685e68feaa7b60,588,143223,241,107,1697,https://www.youtube.com/watch?v=vUX4BSd2Iqk,22,9,40,https://www.youtube.com/watch?v=37txmpI2Nvw,266,120,1697,https://www.youtube.com/watch?v=vUX4BSd2Iqk,0,0,0,0,
4cc07f3cbfed434090bba391bc15fd6d,585,39554,238,4,238,https://www.youtube.com/watch?v=ctCKRPiGG0U,0,0,0,,238,4,238,https://www.youtube.com/watch?v=ctCKRPiGG0U,1633,125,84,155,https://www.twitch.tv/videos/2747829374
7dc8617f6004470c8a65a67a9abdf661,585,19278,20,12,20,https://www.youtube.com/watch?v=QMLQqfmWr7M,20,12,20,https://www.youtube.com/watch?v=QMLQqfmWr7M,0,0,0,,248,0,0,0,
1204e14e13fb4e1e9dcbd47e1a8dc7b2,585,15637,0,0,0,,0,0,0,,0,0,0,,711,0,0,0,
8c4d0ef0e1ee405e93be5d03974307ce,584,30961,66,29,76,https://www.youtube.com/watch?v=lJwv2XiSVR4,66,29,76,https://www.youtube.com/watch?v=lJwv2XiSVR4,0,0,0,,31,0,0,0,
2fbd2ed36dc7493b8d3e95a19c2c9847,583,47283,52,27,293,https://www.youtube.com/watch?v=-GurZoN0Sgw,52,27,293,https://www.youtube.com/watch?v=-GurZoN0Sgw,0,0,0,,0,0,0,0,
6f5a8075e60244cb8e74c6aa35daaa2a,582,29430,0,0,0,,0,0,0,,0,0,0,,0,0,0,0,
3de1f749e7fe4b219a2a10611311297f,582,22718,45,28,104,https://www.youtube.com/watch?v=OJ0l_gtBGNM,45,28,104,https://www.youtube.com/watch?v=OJ0l_gtBGNM,0,0,0,,353,0,0,0,
fcf160e0e39147b4b4037d1e4d18f076,581,68988,47,21,66,https://www.youtube.com/watch?v=gRI9NCvmTgo,47,21,66,https://www.youtube.com/watch?v=gRI9NCvmTgo,0,0,0,,0,0,0,0,
ff88906b47654805b8370426415f1183,576,20508,0,0,0,,0,0,0,,0,0,0,,3204,956,446,3412,https://www.twitch.tv/videos/2745253476
fad52a34935b402a819aa4bb504453da,575,29983,0,0,0,,0,0,0,,0,0,0,,0,0,0,0,
f9247dd02dd24e209eba623edcd8354b,574,55845,192,139,256,https://www.youtube.com/watch?v=RU-nrof7J54,0,0,0,,192,139,256,https://www.youtube.com/watch?v=RU-nrof7J54,518,0,0,0,
aa673b95b03540288c87dbaa59477ef9,573,37853,192,126,192,https://www.youtube.com/watch?v=xp0V8KJUMkY,192,126,192,https://www.youtube.com/watch?v=xp0V8KJUMkY,0,0,0,,0,0,0,0,
bedd14283dd34a639c5f77a95856ecad,570,20746,101,65,151,https://www.youtube.com/watch?v=BYkNj8-Z_bQ,101,65,151,https://www.youtube.com/watch?v=BYkNj8-Z_bQ,0,0,0,,0,0,0,0,
4859b57db8e043f1965e56324f137097,570,92496,898,793,898,https://www.youtube.com/watch?v=jXPVlwJeSVQ,0,0,0,,898,793,898,https://www.youtube.com/watch?v=jXPVlwJeSVQ,1946,334,250,601,https://www.twitch.tv/videos/2749301766
903278eb21a342669dc6f7eea7dbe618,570,17853,193,100,530,https://www.youtube.com/watch?v=dqbwAuhlSiM,161,96,408,https://www.youtube.com/watch?v=fhnpo73QSN0,530,526,530,https://www.youtube.com/watch?v=dqbwAuhlSiM,0,0,0,0,
7179f903569e4fa9842b5c5ea3f7a645,567,34192,46,7,59,https://www.youtube.com/watch?v=HPpY3bGdN58,46,7,59,https://www.youtube.com/watch?v=HPpY3bGdN58,0,0,0,,637,0,0,0,
993f7baff5d24cf69d077e30f7fd1a9d,566,26216,77,7,77,https://www.youtube.com/watch?v=VTDtju3fg9M,77,7,77,https://www.youtube.com/watch?v=VTDtju3fg9M,0,0,0,,0,0,0,0,
c4ad3b6c4fe94f9a8142895fd869dfb9,566,4539,12,7,13,https://www.youtube.com/watch?v=PIqXGdqpN7E,0,0,0,,12,7,13,https://www.youtube.com/watch?v=PIqXGdqpN7E,1479,479,388,479,https://www.twitch.tv/videos/2750846433
bee7e3be201d4df089b9d73d384b75c5,563,893,0,0,0,,0,0,0,,0,0,0,,0,0,0,0,
3353f8693d7b4caa82abeb2de3d89815,563,19352,25,13,57,https://www.youtube.com/watch?v=VsXWWzoDfYg,26,13,57,https://www.youtube.com/watch?v=VsXWWzoDfYg,14,1,14,https://www.youtube.com/watch?v=Dc7CEkbTcoA,1607,320,248,634,https://www.twitch.tv/videos/2749536507
5e259658ed814cc894dfe408d10ecc6e,562,31071,105,16,133,https://www.youtube.com/watch?v=LmweZDgnhBA,105,16,133,https://www.youtube.com/watch?v=LmweZDgnhBA,0,0,0,,0,0,0,0,
df6e2520044744f0957a83db74b386bb,562,15579,0,0,0,,0,0,0,,0,0,0,,0,0,0,0,
3e7ef261eb21464eacd7d26a1e6c2fcc,561,25926,87,53,134,https://www.youtube.com/watch?v=Vw4LWZDZ8Qc,87,53,134,https://www.youtube.com/watch?v=Vw4LWZDZ8Qc,0,0,0,,0,0,0,0,
ee5418c900a7400fa44c821eaaca0218,561,9880,32,10,45,https://www.youtube.com/watch?v=fjDO983iWlc,0,0,0,,32,10,45,https://www.youtube.com/watch?v=fjDO983iWlc,620,19,10,38,https://www.twitch.tv/videos/2747036977
318268a48a3c47b7a56609c204d02b03,560,15093,0,0,0,,0,0,0,,0,0,0,,3275,123,96,618,https://www.twitch.tv/videos/2747633821
ba795eb1ea0f4fea888b1bfff3d5be86,559,68940,51,15,100,https://www.youtube.com/watch?v=J5R3IaF39qQ,0,0,0,,51,15,100,https://www.youtube.com/watch?v=J5R3IaF39qQ,3430,0,0,0,
6542ad533b67427ab99e5b2277ace17d,559,15578,0,0,0,,0,0,0,,0,0,0,,0,0,0,0,
52ff14aabd804801a6e589681fc2fb4d,557,70757,19,3,43,https://www.youtube.com/watch?v=fDZ7GXcQico,0,0,0,,19,3,43,https://www.youtube.com/watch?v=fDZ7GXcQico,1621,0,0,0,
8a19d25c92fe4b3194f1211d503d6d4d,556,53215,1452,172,1452,https://www.youtube.com/watch?v=JW_5hB-ThVg,0,0,0,,1452,172,1452,https://www.youtube.com/watch?v=JW_5hB-ThVg,0,0,0,0,
5908563b5c944c7b919b08e5233a8a5a,556,134167,16,5,427,https://www.youtube.com/watch?v=5P3MXtVZiL8,0,0,0,,16,5,427,https://www.youtube.com/watch?v=5P3MXtVZiL8,961,68,54,148,https://www.twitch.tv/videos/2743705349
21c8f34b3284456792c28b2ce7290589,555,23907,0,0,0,,0,0,0,,0,0,0,,0,0,0,0,
22b0dfc3703e477d9ce6880cdbfafd91,555,23625,0,0,0,,0,0,0,,0,0,0,,2311,326,204,427,https://www.twitch.tv/videos/2743582192
ab24c13e4bff4ff8909a7650260f8b19,554,30601,57,34,1817,https://www.youtube.com/watch?v=_BXK1fEIqNE,54,26,103,https://www.youtube.com/watch?v=e2ChJIDeaqI,1468,705,1817,https://www.youtube.com/watch?v=_BXK1fEIqNE,0,0,0,0,
f5493e350f514aae860e4fbc529adf4c,550,336,0,0,0,,0,0,0,,0,0,0,,0,0,0,0,
a05afa97381b4f96b02a1af859426f9c,549,52344,148,85,1827,https://www.youtube.com/watch?v=GdOtMq4tagE,109,39,273,https://www.youtube.com/watch?v=V6YIF5nMKWs,1029,211,1827,https://www.youtube.com/watch?v=GdOtMq4tagE,0,0,0,0,
21f5355738614770afb34b761a4c45af,549,4356,0,0,0,,0,0,0,,0,0,0,,0,0,0,0,
b76eb671dc62463fb845025be34526b7,549,3747,412,215,412,https://www.youtube.com/watch?v=ynO-ONDlz50,0,0,0,,412,215,412,https://www.youtube.com/watch?v=ynO-ONDlz50,0,0,0,0,
1760601b33854f2ab58b6217bd2cfedf,547,34110,70,28,98,https://www.youtube.com/watch?v=08JqpB8zdwA,70,28,98,https://www.youtube.com/watch?v=08JqpB8zdwA,0,0,0,,0,0,0,0,
82d775c8bb1740c0a6db1037d3bf5fe0,546,14415,45,18,86,https://www.youtube.com/watch?v=bvjB1L48B1o,45,18,86,https://www.youtube.com/watch?v=bvjB1L48B1o,0,0,0,,0,0,0,0,
9fba4ecf861140acb418c343a475f99c,544,48822,98,34,130,https://www.youtube.com/watch?v=ukl5gC1tNaw,98,34,130,https://www.youtube.com/watch?v=ukl5gC1tNaw,0,0,0,,99,0,0,0,
746abd9861714105823ebfb2a18f6fdc,543,43182,31,12,104,https://www.youtube.com/watch?v=PEMEK7Ble5Y,31,12,104,https://www.youtube.com/watch?v=PEMEK7Ble5Y,0,0,0,,0,0,0,0,
6503172c78774a0fa639255ac2e7e85a,543,20681,24,12,45,https://www.youtube.com/watch?v=QlwR8a3q7_E,32,21,45,https://www.youtube.com/watch?v=QlwR8a3q7_E,16,7,20,https://www.youtube.com/watch?v=HREXe9gCk90,0,0,0,0,
f1af649939f441ef83a72bac4dc974e3,540,18083,0,0,0,,0,0,0,,0,0,0,,0,0,0,0,
25262970b019418badba15bc46f9c048,540,116069,42,21,159,https://www.youtube.com/watch?v=83r0eK4V2po,42,21,159,https://www.youtube.com/watch?v=83r0eK4V2po,0,0,0,,456,202,89,312,https://www.twitch.tv/videos/2742638461
f1cd5373408f4509b94caed34d4c05e9,540,10739,0,0,0,,0,0,0,,0,0,0,,0,0,0,0,
284904fe0fc5485f926eb7941427d8f4,540,9822,0,0,0,,0,0,0,,0,0,0,,0,0,0,0,
d613059b356d4cc9b1c3e998f32d1a5a,538,20866,0,0,0,,0,0,0,,0,0,0,,6403,1294,673,1828,https://www.twitch.tv/videos/2742020284
7c6c40e2c7b64a6997fb2173f446860f,537,37120,142,63,1351,https://www.youtube.com/watch?v=Y81oQxIDth4,142,63,1351,https://www.youtube.com/watch?v=Y81oQxIDth4,0,0,0,,8,0,0,0,
0e136a936a574815a311e6e801ce3ca6,536,21097,6,2,7,https://www.youtube.com/watch?v=dD2g9fwSQAA,0,0,0,,6,2,7,https://www.youtube.com/watch?v=dD2g9fwSQAA,33,0,0,0,
433b2802b62441a39c721400926d59eb,532,20438,91,47,713,https://www.youtube.com/watch?v=yJ6vTGwI3HI,91,47,713,https://www.youtube.com/watch?v=yJ6vTGwI3HI,0,0,0,,0,0,0,0,
b359f595b54b4edc8969423a8b5658ff,532,30611,0,0,0,,0,0,0,,0,0,0,,0,0,0,0,
c6704a4edfef443ba46ba7f0db0c4ff9,531,13789,0,0,0,,0,0,0,,0,0,0,,0,0,0,0,
f072e780d0c84ca08c27020e1f2de365,529,15130,5,3,13,https://www.youtube.com/watch?v=sKBLansLXbQ,0,0,0,,5,3,13,https://www.youtube.com/watch?v=sKBLansLXbQ,695,41,27,59,https://www.twitch.tv/videos/2744604683
5cfc673e9de1433096a85e9236895c79,529,15697,0,0,0,,0,0,0,,0,0,0,,0,0,0,0,
7344fd4a1019434792afd863eddb4250,529,35636,0,0,0,,0,0,0,,0,0,0,,1555,276,232,444,https://www.twitch.tv/videos/2743729987
36ad63809a2441c9b85f7ee628136ce3,529,77004,85,44,1582,https://www.youtube.com/watch?v=g3qoCVPo1XM,58,28,129,https://www.youtube.com/watch?v=05N12bIw664,382,149,1582,https://www.youtube.com/watch?v=g3qoCVPo1XM,22,0,0,0,
7dd6c13c71ee452e9a85dec903f2ee15,527,30178,1066,68,1748,https://www.youtube.com/watch?v=kw9CrbhV2Bg,92,63,102,https://www.youtube.com/watch?v=99zyinqCt90,1268,93,1748,https://www.youtube.com/watch?v=kw9CrbhV2Bg,0,0,0,0,
01d150623c984f3d8d7de4b1859afadd,525,10849,2,1,4,https://www.youtube.com/watch?v=lgx3yTt0XI8,0,0,0,,2,1,4,https://www.youtube.com/watch?v=lgx3yTt0XI8,0,0,0,0,
bd7947d2357941039893b911b18f3b4c,525,42712,112,38,289,https://www.youtube.com/watch?v=TX66v9RNEGs,112,38,289,https://www.youtube.com/watch?v=TX66v9RNEGs,0,0,0,,650,74,60,98,https://www.twitch.tv/videos/2751703486
586377912f314b4d8c3be33760526ae0,525,20712,0,0,0,,0,0,0,,0,0,0,,0,0,0,0,
1e4f8348a36e4ab3abda426f1810513a,525,13342,0,0,0,,0,0,0,,0,0,0,,0,0,0,0,
1e131b3460564fd49ca9675ead6ad9c6,524,28738,171,60,1873,https://www.youtube.com/watch?v=175SGJZmS_s,122,54,415,https://www.youtube.com/watch?v=c4Q0cRdDnM0,1726,290,1873,https://www.youtube.com/watch?v=175SGJZmS_s,0,0,0,0,
d6afb902dbe04e35ab52f961f538f9bd,524,22899,0,0,0,,0,0,0,,0,0,0,,121,0,0,0,
aa182728aa6d44c4ae37caa7cdb8ed29,521,21610,0,0,0,,0,0,0,,0,0,0,,222,0,0,0,
14392ae1c106403ab690e8a6dea7c534,521,35678,115,59,185,https://www.youtube.com/watch?v=0aMq3YihmFQ,115,59,185,https://www.youtube.com/watch?v=0aMq3YihmFQ,0,0,0,,0,0,0,0,
b7b1cb60f1c24c0ea4fb1f506d3e247a,521,14179,5,4,5,https://www.youtube.com/watch?v=7UGnRUHrDZI,0,0,0,,5,4,5,https://www.youtube.com/watch?v=7UGnRUHrDZI,1544,330,273,340,https://www.twitch.tv/videos/2748527172
54c49dea17ad4eb5aeb7ce1698dc01be,519,30644,57,16,1173,https://www.youtube.com/watch?v=uksSZwV9Jns,41,14,124,https://www.youtube.com/watch?v=XqtQc4Gav3g,227,193,1173,https://www.youtube.com/watch?v=uksSZwV9Jns,117,0,0,0,
24a8057dfc374fc9bdfd9b8c813a5e12,519,21365,0,0,0,,0,0,0,,0,0,0,,0,0,0,0,
a6b0f8c8343041f0b1ea96c46ee4e582,518,17266,52,25,75,https://www.youtube.com/watch?v=FWL-8DABVgQ,54,23,75,https://www.youtube.com/watch?v=FWL-8DABVgQ,32,26,32,https://www.youtube.com/watch?v=opcbPqBNxHc,205,19,15,25,https://www.twitch.tv/videos/2751060552
3f2e41bdee4145f59fa97830ba3f5edb,517,16293,0,0,0,,0,0,0,,0,0,0,,2476,338,303,879,https://www.twitch.tv/videos/2745399729
3750eae778e9453eaeee75956a8dabc6,517,8638,0,0,0,,0,0,0,,0,0,0,,2515,209,179,209,https://www.twitch.tv/videos/2751965396
100af980504b4bd38c8b2192d1e71b29,516,31119,45,16,51,https://www.youtube.com/watch?v=rpno0DBB38M,45,16,51,https://www.youtube.com/watch?v=rpno0DBB38M,0,0,0,,0,0,0,0,
182c265206924dccb716fc21b37486b0,516,8794,0,0,0,,0,0,0,,0,0,0,,0,0,0,0,
d6827fe530ca4db4b748651c72e81ead,515,13203,43,20,362,https://www.youtube.com/watch?v=zxg8gqxquaI,40,18,100,https://www.youtube.com/watch?v=oKvu7Zlj8YM,362,191,362,https://www.youtube.com/watch?v=zxg8gqxquaI,236,34,21,62,https://www.twitch.tv/videos/2752467308
41ad2f1c78f0406ab5460f38115002d7,515,21525,52,19,52,https://www.youtube.com/watch?v=57PUQfo7qfI,52,19,52,https://www.youtube.com/watch?v=57PUQfo7qfI,0,0,0,,0,0,0,0,
7731172cfcaa4e668762473a7b9d509a,514,14702,325,296,325,https://www.youtube.com/watch?v=IrQWSYXDZRE,0,0,0,,325,296,325,https://www.youtube.com/watch?v=IrQWSYXDZRE,745,0,0,0,
2bffdc20e3cb48de9bf46600f62d248e,514,26837,0,0,0,,0,0,0,,0,0,0,,286,20,10,20,https://www.twitch.tv/videos/2743676434
ffdc53dc3c764656a2f76031ee262b60,513,7284,0,0,0,,0,0,0,,0,0,0,,231,0,0,0,
07f20f05bef0432e8644e1bee798ef46,511,20595,147,57,701,https://www.youtube.com/watch?v=wR7FcKc82eI,103,44,228,https://www.youtube.com/watch?v=KnzsGreoHIM,428,359,701,https://www.youtube.com/watch?v=wR7FcKc82eI,0,0,0,0,
37e88453b9cb48b1863bc455328b34c1,510,7905,29,1,29,https://www.youtube.com/watch?v=1ezVxPMWCuQ,0,0,0,,29,1,29,https://www.youtube.com/watch?v=1ezVxPMWCuQ,1484,430,259,468,https://www.twitch.tv/videos/2744615304
52136fb3529d4f5eb5225ade4209b8b3,509,12083,0,0,0,,0,0,0,,0,0,0,,0,0,0,0,
ce013f56157740e59c7735bd51356260,507,23157,0,0,0,,0,0,0,,0,0,0,,365,0,0,0,
9099b86c3fe84a138b0bc1f258bca138,506,21423,38,18,38,https://www.youtube.com/watch?v=BTtDhapKOg0,38,18,38,https://www.youtube.com/watch?v=BTtDhapKOg0,0,0,0,,0,0,0,0,
17a340801a7d4697be53c472c621993d,506,25669,0,0,0,,0,0,0,,0,0,0,,789,233,214,283,https://www.twitch.tv/videos/2753647710
87f156d485c047ec9c137894c7452da4,505,6844,0,0,0,,0,0,0,,0,0,0,,498,0,0,0,
4dc4dc5b3dc24cb193ec2a127059c194,503,44505,110,45,1268,https://www.youtube.com/watch?v=5YJspOkO-8g,75,43,205,https://www.youtube.com/watch?v=cO7XHyVSLRY,380,235,1268,https://www.youtube.com/watch?v=5YJspOkO-8g,0,0,0,0,
a1f8a0af53c34922b0c66ebdf4b3381d,503,8206,84,43,84,https://www.youtube.com/watch?v=d7CD-5gnIfg,84,43,84,https://www.youtube.com/watch?v=d7CD-5gnIfg,0,0,0,,62,0,0,0,
cd1224f4756340c594f3c36245e9b4d4,501,140208,470,263,1240,https://www.youtube.com/watch?v=SQD2LaGR_FQ,0,0,0,,470,263,1240,https://www.youtube.com/watch?v=SQD2LaGR_FQ,2048,207,111,243,https://www.twitch.tv/videos/2744448066
ae5ffb6b5338483c91ff1b883d51a3e7,497,2796,0,0,0,,0,0,0,,0,0,0,,0,0,0,0,
09c9c71c41e24e7d9498ce41a78dae1c,496,13338,0,0,0,,0,0,0,,0,0,0,,465,0,0,0,
442edbdb59fe4979a2be3e5183258cf8,496,22308,38,12,56,https://www.youtube.com/watch?v=fSe1q7TZY_8,38,12,56,https://www.youtube.com/watch?v=fSe1q7TZY_8,0,0,0,,0,0,0,0,
780ca962f78b49d580c8a078b0525d25,496,16605,2899,1176,4607,https://www.youtube.com/watch?v=hPxmva3se2Y,0,0,0,,2899,1176,4607,https://www.youtube.com/watch?v=hPxmva3se2Y,0,0,0,0,
1a95847597f04ae39d6f0d9caba04a5f,495,18691,0,0,0,,0,0,0,,0,0,0,,1511,233,190,428,https://www.twitch.tv/videos/2751707302
0a067d81cfe24b39b770b67ad89b61a7,494,0,0,0,0,,0,0,0,,0,0,0,,0,0,0,0,
b0df22881775422093e3e64a63b01a5a,494,55654,17,6,18,https://www.youtube.com/watch?v=9FjICM16ntI,17,6,18,https://www.youtube.com/watch?v=9FjICM16ntI,0,0,0,,155,0,0,0,
7a570b5273ae4e359a6491aba1313011,494,13759,0,0,0,,0,0,0,,0,0,0,,4239,1235,747,2355,https://www.twitch.tv/videos/2745366023
8db6aab32c8e45c8a70d0850bfcd3e5c,494,27150,54,22,80,https://www.youtube.com/watch?v=Z5IHOfHVtW8,54,22,80,https://www.youtube.com/watch?v=Z5IHOfHVtW8,0,0,0,,154,14,10,21,https://www.twitch.tv/videos/2749444197
323c21f9e49f47d48609f698a3f81fd5,491,5970,30,10,47,https://www.youtube.com/watch?v=C7BojIoOXFw,30,10,47,https://www.youtube.com/watch?v=C7BojIoOXFw,0,0,0,,0,0,0,0,
e53ab7560fbc44fcba0dc3b7dceff697,490,9767,82,34,82,https://www.youtube.com/watch?v=NXT4hoBgt0M,82,34,82,https://www.youtube.com/watch?v=NXT4hoBgt0M,0,0,0,,0,0,0,0,
e306270e80094416818cfddb33153419,489,18353,0,0,0,,0,0,0,,0,0,0,,0,0,0,0,
619f48c4546c481bbc52aadc12c3e48f,489,6579,63,9,63,https://www.youtube.com/watch?v=sMU9KPfvQrs,0,0,0,,63,9,63,https://www.youtube.com/watch?v=sMU9KPfvQrs,2361,434,242,727,https://www.twitch.tv/videos/2754949308
54355102572e408183af55831cb98e3a,488,27954,57,24,61,https://www.youtube.com/watch?v=imzAeDVQb6I,57,24,61,https://www.youtube.com/watch?v=imzAeDVQb6I,0,0,0,,179,0,0,0,
c699beab8e8a4064849c977b67058447,485,21577,36,12,1117,https://www.youtube.com/watch?v=ZEoLd3Fmj6E,33,7,36,https://www.youtube.com/watch?v=GWkjMhPAGwY,1117,25,1117,https://www.youtube.com/watch?v=ZEoLd3Fmj6E,1161,0,0,0,
cbee87914d63402b825bf74d25333236,484,16370,99,27,137,https://www.youtube.com/watch?v=u8CXqbGbGVo,99,27,137,https://www.youtube.com/watch?v=u8CXqbGbGVo,0,0,0,,0,0,0,0,
2103bcf7923d4f74b2d043bffef71cc1,484,27813,271,217,280,https://www.youtube.com/watch?v=O6FKIY9SaGE,0,0,0,,271,217,280,https://www.youtube.com/watch?v=O6FKIY9SaGE,0,0,0,0,
0c2cb722c6ab4e3890139c922c80d4d8,483,4046,0,0,0,,0,0,0,,0,0,0,,194,0,0,0,
acb95c574d8444cd80102796e0d56edd,482,65899,92,7,173,https://www.youtube.com/watch?v=5o8zL_vpdX8,92,7,173,https://www.youtube.com/watch?v=5o8zL_vpdX8,0,0,0,,221,0,0,0,
91f5b04be2e74f64b03e0774cc275748,482,21011,0,0,0,,0,0,0,,0,0,0,,0,0,0,0,
994fcc5db40840ae990cf1ce43728548,482,8722,56,16,75,https://www.youtube.com/watch?v=lKfVBP56L2A,56,16,75,https://www.youtube.com/watch?v=lKfVBP56L2A,0,0,0,,0,0,0,0,
87df5b92303e4410884b8c52ff2c4e0d,481,32266,57,41,1190,https://www.youtube.com/watch?v=irs0e-HxdfA,0,0,0,,57,41,1190,https://www.youtube.com/watch?v=irs0e-HxdfA,1109,204,133,311,https://www.twitch.tv/videos/2745261259
7677c9c71c0a4decad1472b7ecc604bb,480,5991,0,0,0,,0,0,0,,0,0,0,,491,0,0,0,
21507f58118d406b87fd42a39c87855a,480,14964,67,42,164,https://www.youtube.com/watch?v=jbxHF1nx4vk,67,42,164,https://www.youtube.com/watch?v=jbxHF1nx4vk,0,0,0,,0,0,0,0,
9959d43cae9b49dbbcd666f742322b4a,480,26743,69,0,69,https://www.youtube.com/watch?v=h9yZPCWvYzk,0,0,0,,69,0,69,https://www.youtube.com/watch?v=h9yZPCWvYzk,623,36,27,73,https://www.twitch.tv/videos/2746230253
b511c9a0eba7474fbb8ac8d02ff357b7,479,60598,45,23,137,https://www.youtube.com/watch?v=SrJ62M3mfPU,45,23,90,https://www.youtube.com/watch?v=_AcMPNN708c,84,21,137,https://www.youtube.com/watch?v=SrJ62M3mfPU,0,0,0,0,
84111bbae2be41ea96c8b2f6c755f00c,479,16123,89,29,1606,https://www.youtube.com/watch?v=GW3zTazLWJQ,89,25,125,https://www.youtube.com/watch?v=NMw6QNret58,1606,615,1606,https://www.youtube.com/watch?v=GW3zTazLWJQ,1502,222,148,368,https://www.twitch.tv/videos/2745398437
533e7b1b50ba448292c09c5845d68eb6,478,8918,74,27,84,https://www.youtube.com/watch?v=A5n26Bkb9DE,74,27,84,https://www.youtube.com/watch?v=A5n26Bkb9DE,0,0,0,,259,91,71,91,https://www.twitch.tv/videos/2750190767
6695a7e8f824489881f2c321501a36a6,473,24491,12,6,31,https://www.youtube.com/watch?v=x5fO-IeMIk0,12,6,31,https://www.youtube.com/watch?v=x5fO-IeMIk0,0,0,0,,0,0,0,0,
95df3846ff6644429227e9e058994ad8,473,23685,68,20,109,https://www.youtube.com/watch?v=OzhE2L6y358,68,20,109,https://www.youtube.com/watch?v=OzhE2L6y358,0,0,0,,0,0,0,0,
6cc5ac707eed4f9e9b5bc7b2f970fe1b,472,18104,124,59,1448,https://www.youtube.com/watch?v=erccaU9Efsw,82,49,130,https://www.youtube.com/watch?v=s8WZ1H5JKX0,257,124,1448,https://www.youtube.com/watch?v=erccaU9Efsw,0,0,0,0,
59e3094256344f8c83a3f4355b8b667b,471,3517,0,0,0,,0,0,0,,0,0,0,,2634,215,170,897,https://www.twitch.tv/videos/2745402809
83f96fd6cab64f4da581c50cd2a31b82,471,5778,0,0,0,,0,0,0,,0,0,0,,4056,839,531,2199,https://www.twitch.tv/videos/2752288098
7652b3bd3da6418cbf02c85057077b54,470,11207,33,7,60,https://www.youtube.com/watch?v=WdGJ6bOo0B0,33,7,60,https://www.youtube.com/watch?v=WdGJ6bOo0B0,0,0,0,,280,0,0,0,
b88a2e77cd7b4758925642f63b58051a,469,24386,101,36,134,https://www.youtube.com/watch?v=fVA_7D6FYwI,101,36,134,https://www.youtube.com/watch?v=fVA_7D6FYwI,0,0,0,,0,0,0,0,
294b1c29030244c784387782c0cb6aee,468,13399,0,0,0,,0,0,0,,0,0,0,,0,0,0,0,
085ed0ddc3294678b9570fdbcf581c64,468,138,0,0,0,,0,0,0,,0,0,0,,31192,684,385,1620,https://www.twitch.tv/videos/2741883911
3513b73ded994bc3a92a70c9632c9856,467,7912,0,0,0,,0,0,0,,0,0,0,,7017,416,155,692,https://www.twitch.tv/videos/2737294173
6d1b01658ae74a7f91c7f60b5abe1cb2,467,44090,47,4,79,https://www.youtube.com/watch?v=AkWx2Dap5Vo,47,23,57,https://www.youtube.com/watch?v=DOuTFbisuyc,47,2,79,https://www.youtube.com/watch?v=AkWx2Dap5Vo,0,0,0,0,
7a2ad28d7377465a8721724cfce9ffb5,467,7030,0,0,0,,0,0,0,,0,0,0,,0,0,0,0,
006c02f11f8b4af28d0a38039f227016,467,0,0,0,0,,0,0,0,,0,0,0,,0,0,0,0,
23335565d59c404080e9c06f437b011b,467,71537,5,3,18,https://www.youtube.com/watch?v=y8IXyq1EfeA,5,3,18,https://www.youtube.com/watch?v=y8IXyq1EfeA,0,0,0,,1133,198,137,263,https://www.twitch.tv/videos/2747809593
d2da40bb201e49ddbd6a8780bfaf8b63,466,13870,0,0,0,,0,0,0,,0,0,0,,1311,0,0,0,
fb17cff93fa94c8ea8b052f497f27fb4,465,21751,0,0,0,,0,0,0,,0,0,0,,17,0,0,0,
451162e7f4c041edb3447732eba1937a,464,3129,0,0,0,,0,0,0,,0,0,0,,111,67,41,67,https://www.twitch.tv/videos/2746221135
4abb927b8dc049768d63b4a8e229e8cc,464,0,0,0,0,,0,0,0,,0,0,0,,0,0,0,0,
e41bf48a09d64e4aa3d96064a9a63b08,463,75313,0,0,0,,0,0,0,,0,0,0,,71,0,0,0,
037bc9366d5949b0877707007b4b1ed5,463,19033,0,0,0,,0,0,0,,0,0,0,,341,141,139,370,https://www.twitch.tv/videos/2751951444
2dc29f6b05584c718c60034af9883496,463,101861,12,0,12,https://www.youtube.com/watch?v=E46pAoVqHlY,0,0,0,,12,0,12,https://www.youtube.com/watch?v=E46pAoVqHlY,0,0,0,0,
2df2e0bc14fa4450a0d17d294b5a0bc0,462,31755,16,0,16,https://www.youtube.com/watch?v=X5Y3Lm_fiUI,16,0,16,https://www.youtube.com/watch?v=X5Y3Lm_fiUI,0,0,0,,0,0,0,0,
c822d7ffe24248fdbca2f3b1bdfd1139,461,86322,0,0,0,,0,0,0,,0,0,0,,3037,0,0,0,
6f0d9d64bb6a4a81af1e84a72d30f5b8,460,19001,144,67,1160,https://www.youtube.com/watch?v=p2Z2r33KIP0,105,55,450,https://www.youtube.com/watch?v=wLF2W4vVKAE,761,219,1160,https://www.youtube.com/watch?v=p2Z2r33KIP0,130,44,33,124,https://www.twitch.tv/videos/2749306982
423ee3a5dbd549f19893a1823856b8dc,459,65214,280,129,1757,https://www.youtube.com/watch?v=3KjbFtPPPKw,36,16,46,https://www.youtube.com/watch?v=IyouWX5FCbc,304,190,1757,https://www.youtube.com/watch?v=3KjbFtPPPKw,489,31,28,71,https://www.twitch.tv/videos/2751568705
9189101a4bb740de969b772dde92125a,459,5840,0,0,0,,0,0,0,,0,0,0,,1154,0,0,0,
3b0f8e9ace2b46a087a665d5c10b38dd,458,8074,0,0,0,,0,0,0,,0,0,0,,0,0,0,0,
5e5a5e77c39148ef8f31ccc1c63fdcd4,458,7938,0,0,0,,0,0,0,,0,0,0,,48,0,0,0,
d7309b9e82a04c0f809a2deb4de0c155,458,71443,0,0,0,,0,0,0,,0,0,0,,46,0,0,0,
62ca936be6c645a7bf2222b67086800a,457,38144,0,0,0,,0,0,0,,0,0,0,,1117,0,0,0,
3981c01691a44d708da1191e9546eaad,456,30986,39,25,140,https://www.youtube.com/watch?v=BhS7TO_PXH8,39,25,140,https://www.youtube.com/watch?v=BhS7TO_PXH8,0,0,0,,0,0,0,0,
7d53d75ac36b4faea2450918f84dada3,456,12728,117,43,1284,https://www.youtube.com/watch?v=310W7Ih3xOg,87,43,149,https://www.youtube.com/watch?v=ol7b9GAM1eU,927,506,1284,https://www.youtube.com/watch?v=310W7Ih3xOg,0,0,0,0,
156c4271fe17425bb02fd7b24f5a2a7a,455,6621,0,0,0,,0,0,0,,0,0,0,,0,0,0,0,
09945e9139af4f3a96e6adfd73139d35,454,16234,55,0,55,https://www.youtube.com/watch?v=R1MEcsSh-Wo,0,0,0,,55,0,55,https://www.youtube.com/watch?v=R1MEcsSh-Wo,1577,164,98,188,https://www.twitch.tv/videos/2743774551
238b4a68bcde4f3bbf18b0b01f66ec43,454,27791,67,17,67,https://www.youtube.com/watch?v=Cj4MqD96w5Y,67,17,67,https://www.youtube.com/watch?v=Cj4MqD96w5Y,0,0,0,,0,0,0,0,
6926325d2c1c4c4e87f7be69ab675d53,453,99892,61,34,1003,https://www.youtube.com/watch?v=RwTXsER1Tj8,56,22,146,https://www.youtube.com/watch?v=XDHl4nmqUxo,568,192,1003,https://www.youtube.com/watch?v=RwTXsER1Tj8,0,0,0,0,
6c9b67b00b3c4940a6af6a6604b0b1fd,451,12106,0,0,0,,0,0,0,,0,0,0,,0,0,0,0,
af41302aa9184c2dbc25d2ed16e878fc,451,83995,27,17,71,https://www.youtube.com/watch?v=VmaCu33Uf9E,27,17,71,https://www.youtube.com/watch?v=VmaCu33Uf9E,0,0,0,,226,0,0,0,
9e3222bedec44f1a8fecdc237c020cbd,451,135356,65,12,71,https://www.youtube.com/watch?v=nsmWbZdpLaI,0,0,0,,65,12,71,https://www.youtube.com/watch?v=nsmWbZdpLaI,328,0,0,0,
7b578956fab14341919193c03ca3ab32,451,10993,28,15,48,https://www.youtube.com/watch?v=hCwVP_OaKB0,28,15,48,https://www.youtube.com/watch?v=hCwVP_OaKB0,0,0,0,,0,0,0,0,
da165e838dfe49aea3f91457f3825657,450,10366,29,9,71,https://www.youtube.com/watch?v=aVDFYXVOO1I,71,4,71,https://www.youtube.com/watch?v=aVDFYXVOO1I,29,9,29,https://www.youtube.com/watch?v=hpwwm4uhZZY,0,0,0,0,
c6e955ae1fce48678120bc086a436073,450,21184,89,17,96,https://www.youtube.com/watch?v=soqaMlZiAUM,89,17,96,https://www.youtube.com/watch?v=soqaMlZiAUM,0,0,0,,0,0,0,0,
08959069eae342deab6803454669b60e,449,0,0,0,0,,0,0,0,,0,0,0,,0,0,0,0,
2ccdc43de33c478192767afae6309f06,449,66802,29,11,1557,https://www.youtube.com/watch?v=EM5agGRjCD4,29,11,70,https://www.youtube.com/watch?v=dvQHQpZlyiI,93,8,1557,https://www.youtube.com/watch?v=EM5agGRjCD4,278,107,72,156,https://www.twitch.tv/videos/2743753614
1bf9786ba55042b9ae3294dadfc7b40d,449,16473,42,26,1685,https://www.youtube.com/watch?v=txyFC36jTi4,33,23,128,https://www.youtube.com/watch?v=VQDawIvMp4k,811,475,1685,https://www.youtube.com/watch?v=txyFC36jTi4,0,0,0,0,
88917b370d0041d8be65372342c92523,448,24172,4,3,76,https://www.youtube.com/watch?v=hQMDR6CfQeg,0,0,0,,4,3,76,https://www.youtube.com/watch?v=hQMDR6CfQeg,1504,292,211,325,https://www.twitch.tv/videos/2748609098
3434e3ca02904364b763c86e75fa6d4a,447,71315,0,0,0,,0,0,0,,0,0,0,,1457,0,0,0,
d017bd7855e547298906060f0e9b442e,445,13053,2774,602,2774,https://www.youtube.com/watch?v=3jHA7Bnxhx4,0,0,0,,2774,602,2774,https://www.youtube.com/watch?v=3jHA7Bnxhx4,1465,59,46,81,https://www.twitch.tv/videos/2747790071
c232b3088a6e49b997b325d5de9a3013,444,15899,62,39,488,https://www.youtube.com/watch?v=NaKZP7mxHws,59,38,134,https://www.youtube.com/watch?v=z0dqITI0K4c,488,306,488,https://www.youtube.com/watch?v=NaKZP7mxHws,143,0,0,0,
d1719d9d50c347efa498bb8644447392,444,0,0,0,0,,0,0,0,,0,0,0,,0,0,0,0,
42ff41f7d6884ae8b93ed46415376d83,443,12705,112,64,112,https://www.youtube.com/watch?v=7HtxtXVC0ZQ,112,64,112,https://www.youtube.com/watch?v=7HtxtXVC0ZQ,0,0,0,,0,0,0,0,
51f3508054da4987b4e8f659e4d28d1d,443,2783,1423,1021,1423,https://www.youtube.com/watch?v=Pry75HlCrrM,0,0,0,,1423,1021,1423,https://www.youtube.com/watch?v=Pry75HlCrrM,4853,625,292,2131,https://www.twitch.tv/videos/2734605725
33546b9ad5a8408589405f9467063dd7,442,7252,0,0,0,,0,0,0,,0,0,0,,3564,339,113,1186,https://www.twitch.tv/videos/2748681762
c92baa46ff4e41c9918ad2427c0853d6,441,24244,0,0,0,,0,0,0,,0,0,0,,4550,275,128,434,https://www.twitch.tv/videos/2742201322
6ec876adec524585af913c1585e8df1f,441,8904,0,0,0,,0,0,0,,0,0,0,,1570,0,0,0,
f16af590d65d4d07bb6603aed00a1a78,440,0,0,0,0,,0,0,0,,0,0,0,,0,0,0,0,
10550198223845c9a95ff1993088b464,439,6609,0,0,0,,0,0,0,,0,0,0,,0,0,0,0,
e5eb10612f5c4b069928fc1a71ad8e7d,438,50324,66,28,1720,https://www.youtube.com/watch?v=5Io-TVoMzrA,52,30,258,https://www.youtube.com/watch?v=ofKUUL5c6f0,86,8,1720,https://www.youtube.com/watch?v=5Io-TVoMzrA,0,0,0,0,
7e8047d78da3487a8e9dd33c67554d30,437,17066,0,0,0,,0,0,0,,0,0,0,,109,20,16,20,https://www.twitch.tv/videos/2750895318
c5ac07b79a304f37b039266446fd4f3b,436,24639,150,136,150,https://www.youtube.com/watch?v=mXGHG0enY3Q,150,136,150,https://www.youtube.com/watch?v=mXGHG0enY3Q,0,0,0,,0,0,0,0,
64d9adbc552c487db0cdf42ac3845e18,436,37731,0,0,0,,0,0,0,,0,0,0,,70,0,0,0,
9bb20f60d5c440d39eb4f14fbe48a296,434,0,0,0,0,,0,0,0,,0,0,0,,376,0,0,0,
7c654d42b5f9447ab761a14b9ab42b77,433,0,0,0,0,,0,0,0,,0,0,0,,276,0,0,0,
f2b0bc3e82024bd3ae1c7cb5fe926829,431,11606,16,8,36,https://www.youtube.com/watch?v=-HrRnnSHsr8,16,8,36,https://www.youtube.com/watch?v=-HrRnnSHsr8,0,0,0,,0,0,0,0,
ae7dbe93a8cc4651b5ddb7b539e85d6b,430,27989,0,0,0,,0,0,0,,0,0,0,,0,0,0,0,
a56567301c734548bad86e8ace7d9140,430,52206,0,0,0,,0,0,0,,0,0,0,,0,0,0,0,
c7400e2934c646e49f7df1816de41360,428,18959,47,39,63,https://www.youtube.com/watch?v=1ng9SKEfQCQ,47,39,63,https://www.youtube.com/watch?v=1ng9SKEfQCQ,0,0,0,,25,0,0,0,
73abc31606db493f971f679dfde4f7e5,427,49368,61,29,1904,https://www.youtube.com/watch?v=d3SRKplsJ1M,35,15,84,https://www.youtube.com/watch?v=bElUbI6q4Y4,781,262,1904,https://www.youtube.com/watch?v=d3SRKplsJ1M,79,0,0,0,
5fbf4f6751f24d03a5723670cd500aca,427,11080,0,0,0,,0,0,0,,0,0,0,,768,0,0,0,
c79c2ac57f9048eebdc1b9329209e19f,426,68,0,0,0,,0,0,0,,0,0,0,,299,0,0,0,
40f76b568f384790a1a089bb6619ddb2,426,8622,54,23,82,https://www.youtube.com/watch?v=vrf5mWfXf7E,54,23,82,https://www.youtube.com/watch?v=vrf5mWfXf7E,0,0,0,,1135,105,61,220,https://www.twitch.tv/videos/2741999961
f3fe9fb6de2a477fae878a39924c15bd,425,11835,0,0,0,,0,0,0,,0,0,0,,3050,2501,1521,4153,https://www.twitch.tv/videos/2747117660
28c152a7489b4402960bd4bd36b7229b,424,41445,13,4,38,https://www.youtube.com/watch?v=FpI1ErUgIyE,0,0,0,,13,4,38,https://www.youtube.com/watch?v=FpI1ErUgIyE,189,37,21,51,https://www.twitch.tv/videos/2751781841
f0f6694a60de4fb799b3f315abbaf7b6,422,19174,0,0,0,,0,0,0,,0,0,0,,0,0,0,0,
32ce3b3861fe4b5a98d5adc9a704bbf1,422,20168,1823,823,5174,https://www.youtube.com/watch?v=iDo-1k4ZF5U,0,0,0,,1823,823,5174,https://www.youtube.com/watch?v=iDo-1k4ZF5U,16,0,0,0,
4a2df649332047d3b733c88209925f4c,421,8305,0,0,0,,0,0,0,,0,0,0,,1248,170,92,170,https://www.twitch.tv/videos/2744385727
04efe2883aff4fb189084cb815c7c036,421,0,0,0,0,,0,0,0,,0,0,0,,0,0,0,0,
8c494e45ce5b462aa744d46bbdc54021,419,85449,66,39,292,https://www.youtube.com/watch?v=f8y8Bv4Ni2g,66,39,292,https://www.youtube.com/watch?v=f8y8Bv4Ni2g,0,0,0,,270,24,18,29,https://www.twitch.tv/videos/2751653776
5dd38c1bf796414399e7c80092c1d984,419,279358,247,144,35829,https://www.youtube.com/watch?v=BYEGw56k45A,12,0,31,https://www.youtube.com/watch?v=0TLrQzl1F5M,1312,354,35829,https://www.youtube.com/watch?v=BYEGw56k45A,39,0,0,0,
bd119628dae64d45b71b44e0f158f23a,418,4687,0,0,0,,0,0,0,,0,0,0,,3773,0,0,0,
7d0d99e77f624bdc934b17212a39a894,416,1974,0,0,0,,0,0,0,,0,0,0,,4184,643,575,732,https://www.twitch.tv/videos/2753654854
7d11ed1b02104cf58efd2df6cbc1ef69,416,20599,8,2,8,https://www.youtube.com/watch?v=InriEtBbdIs,0,0,0,,8,2,8,https://www.youtube.com/watch?v=InriEtBbdIs,1201,92,68,130,https://www.twitch.tv/videos/2744570569
a2ca2eb4da5b4df3aa59637e1dbc260b,416,3282,0,0,0,,0,0,0,,0,0,0,,720,0,0,0,
5c70a4710fca4b86ac63d56b0e894284,415,30734,0,0,0,,0,0,0,,0,0,0,,0,0,0,0,
7168995b95ab439aa7cf1f3099d7bd88,415,60512,431,16,1594,https://www.youtube.com/watch?v=7aOdfL6m5Gw,0,0,0,,431,16,1594,https://www.youtube.com/watch?v=7aOdfL6m5Gw,3679,0,0,0,
7051e693d03645bda16b3591f06ebd3f,414,20511,0,0,0,,0,0,0,,0,0,0,,0,0,0,0,
1cddca10dd334373b8f51b3b0ed2efe4,412,23931,2,0,73,https://www.youtube.com/watch?v=3uuVRJqlF90,0,0,0,,2,0,73,https://www.youtube.com/watch?v=3uuVRJqlF90,0,0,0,0,
aedfb89bad4545379af018f5933bddb7,412,23614,76,35,175,https://www.youtube.com/watch?v=jTpKp2ze9Cs,71,33,125,https://www.youtube.com/watch?v=e1-5rrwOw78,175,63,175,https://www.youtube.com/watch?v=jTpKp2ze9Cs,22,0,0,0,
5000b613025542c498cd6ab2287865c6,411,2693,0,0,0,,0,0,0,,0,0,0,,3636,568,473,838,https://www.twitch.tv/videos/2747728444
8527ad14c0a348e19d1dc223e0abac20,410,9160,0,0,0,,0,0,0,,0,0,0,,0,0,0,0,
ea7f97145fd44a51a95e5b97a6b8366c,410,120938,391,75,391,https://www.youtube.com/watch?v=UDwL6r2nAcQ,0,0,0,,391,75,391,https://www.youtube.com/watch?v=UDwL6r2nAcQ,0,0,0,0,
f771e51357eb44d2820afd47aba3b546,410,9830,0,0,0,,0,0,0,,0,0,0,,344,22,16,22,https://www.twitch.tv/videos/2754310832
d11123a75b874ad2bb120bb237e94c8d,408,2839,0,0,0,,0,0,0,,0,0,0,,4778,2483,2274,2483,https://www.twitch.tv/videos/2753383449
698aa5547b7c4cf793b1411322d1b423,408,23994,0,0,0,,0,0,0,,0,0,0,,1898,621,399,899,https://www.twitch.tv/videos/2753291832
6717d34e87574888848bc45c86bd80e6,406,26451,721,569,2683,https://www.youtube.com/watch?v=tP_L92zAn40,0,0,0,,721,569,2683,https://www.youtube.com/watch?v=tP_L92zAn40,1002,450,344,1691,https://www.twitch.tv/videos/2743545085
00ddd14a74df4e2488319ea2ce25770c,406,219,0,0,0,,0,0,0,,0,0,0,,1225,0,0,0,
cc85e4120c0746b7925c898a963f0747,404,22209,22,3,40,https://www.youtube.com/watch?v=DNvS7mRetCo,22,3,40,https://www.youtube.com/watch?v=DNvS7mRetCo,0,0,0,,0,0,0,0,
4e35059a74df41189368fad5263a1f3f,403,39152,56,35,286,https://www.youtube.com/watch?v=gjTVkWXg7NI,53,35,102,https://www.youtube.com/watch?v=B8QEpP4HS3Q,76,31,286,https://www.youtube.com/watch?v=gjTVkWXg7NI,65,0,0,0,
f9174719d2a148eea3b406e332e4fcab,403,0,0,0,0,,0,0,0,,0,0,0,,0,0,0,0,
6c166d9128e74147a5c0b1dbf89c885c,402,6033,0,0,0,,0,0,0,,0,0,0,,0,0,0,0,
30e2594ce7cf4bc3a7e536639b15ff30,402,9100,38,17,84,https://www.youtube.com/watch?v=nXhDXfxcKog,38,17,84,https://www.youtube.com/watch?v=nXhDXfxcKog,0,0,0,,195,59,46,87,https://www.twitch.tv/videos/2746246591
e802007cbda74a0bb3a41f4ebcae7f47,401,8333,1347,1116,2994,https://www.youtube.com/watch?v=cjCYKvzPuhc,0,0,0,,1347,1116,2994,https://www.youtube.com/watch?v=cjCYKvzPuhc,0,0,0,0,
4e1dd2ab9e4b4c71bced0c5987cf9be7,401,16519,0,0,0,,0,0,0,,0,0,0,,2876,163,111,274,https://www.twitch.tv/videos/2750189623
52d7a40d46034062ad2fc29b4a2a9198,396,43614,213,54,213,https://www.youtube.com/watch?v=AMn2-jlFjfk,0,0,0,,213,54,213,https://www.youtube.com/watch?v=AMn2-jlFjfk,3312,1036,316,1468,https://www.twitch.tv/videos/2754121013
45d566a561914da0a15a5a21574eb30a,396,4698,34,13,209,https://www.youtube.com/watch?v=IbvbK8Xesuw,34,13,209,https://www.youtube.com/watch?v=IbvbK8Xesuw,0,0,0,,0,0,0,0,
7232734df59c4e099205c7685007d8d4,395,81548,3,0,89,https://www.youtube.com/watch?v=emtgduZ7vSk,0,0,0,,3,0,89,https://www.youtube.com/watch?v=emtgduZ7vSk,949,31,21,39,https://www.twitch.tv/videos/2749416102
ec198b33036c436591c01ee93976b6a3,395,534,0,0,0,,0,0,0,,0,0,0,,0,0,0,0,
836015916a40475bb608e8c6a69b6a09,394,30545,17,4,17,https://www.youtube.com/watch?v=tYuC2h-DxFM,17,4,17,https://www.youtube.com/watch?v=tYuC2h-DxFM,0,0,0,,0,0,0,0,
d3b5f619038a4c488d36aeaeddc0f790,394,7202,0,0,0,,0,0,0,,0,0,0,,0,0,0,0,
74beedbc5f694a2c94fe73545ba4037d,394,23154,98,41,140,https://www.youtube.com/watch?v=mlRWKMXK5wY,74,38,135,https://www.youtube.com/watch?v=zhMElEMeHSM,140,63,140,https://www.youtube.com/watch?v=mlRWKMXK5wY,209,88,72,88,https://www.twitch.tv/videos/2751034970
22aaa78ca5fa444bb70649727131c0f2,393,16680,77,19,1706,https://www.youtube.com/watch?v=4druHMAvdCM,60,15,133,https://www.youtube.com/watch?v=XWxwAvC4f5k,1706,19,1706,https://www.youtube.com/watch?v=4druHMAvdCM,0,0,0,0,
f5ef8ac02db547dd92da5e87717a8dca,393,6634,158,100,638,https://www.youtube.com/watch?v=PquWH_XYTyY,158,100,638,https://www.youtube.com/watch?v=PquWH_XYTyY,0,0,0,,0,0,0,0,
3d5a0befb7b042f697f70d5fb3d6ab94,392,11032,0,0,0,,0,0,0,,0,0,0,,0,0,0,0,
e802bcea6eb04ce6aa9041aa5e06ceae,392,12049,657,149,1255,https://www.youtube.com/watch?v=t0ra6myAYcE,60,1,60,https://www.youtube.com/watch?v=J9b349sA1oM,1255,297,1255,https://www.youtube.com/watch?v=t0ra6myAYcE,0,0,0,0,
be45601754a44c568c9f60f7d2847ccb,392,13430,28,18,59,https://www.youtube.com/watch?v=K6dPMkXoWNQ,28,18,59,https://www.youtube.com/watch?v=K6dPMkXoWNQ,0,0,0,,0,0,0,0,
b0ec0f1ffbd8426982e7ca40d4b1064b,392,8959,0,0,0,,0,0,0,,0,0,0,,0,0,0,0,
93bf43bc175742cd8c7af6b80687cd84,391,42731,0,0,0,,0,0,0,,0,0,0,,1681,171,123,363,https://www.twitch.tv/videos/2746948689
05055e62d34241888df31217ac25e671,391,20764,0,0,0,,0,0,0,,0,0,0,,1505,87,64,361,https://www.twitch.tv/videos/2747630458
26ae367c497f410399b769ded171d29f,388,7397,0,0,0,,0,0,0,,0,0,0,,0,0,0,0,
c8cb49db0c6842afa1a9bb8bb2620e8f,387,22221,0,0,0,,0,0,0,,0,0,0,,0,0,0,0,
da3d722ffea34b5b87fbb62c6026cba2,386,12864,0,0,0,,0,0,0,,0,0,0,,140,0,0,0,
577fdbca86fa4414a153b5ebdcab90d4,386,2082,0,0,0,,0,0,0,,0,0,0,,1971,63,38,91,https://www.twitch.tv/videos/2743918879
21fcf23549a74111bbe31c949245e2cd,385,12258,0,0,0,,0,0,0,,0,0,0,,0,0,0,0,
20b358775f2c4e7aa0a9f4e5090fe557,385,0,0,0,0,,0,0,0,,0,0,0,,0,0,0,0,
2f7da7d6dbe84301b4ef52240cc05e9b,385,25538,0,0,0,,0,0,0,,0,0,0,,1204,0,0,0,
b3b24f0ebecc45118f88f12042bd59c8,384,62877,0,0,0,,0,0,0,,0,0,0,,0,0,0,0,
b386124230514f5fa128ad046e85f12f,384,5595,0,0,0,,0,0,0,,0,0,0,,431,0,0,0,
0a5bbdc460184f279cb8c7965a1d6098,384,63381,885,71,889,https://www.youtube.com/watch?v=8CSZzONPwlQ,0,0,0,,885,71,889,https://www.youtube.com/watch?v=8CSZzONPwlQ,226,34,28,53,https://www.twitch.tv/videos/2748616007
6eac5ce6527b4513bcff4b38d277b5cc,383,30376,194,103,300,https://www.youtube.com/watch?v=La_861ksJzg,22,5,22,https://www.youtube.com/watch?v=zMk9SAOlV48,297,184,300,https://www.youtube.com/watch?v=La_861ksJzg,190,0,0,0,
9ee3c9b53c0048329175370a5868300b,383,36135,0,0,0,,0,0,0,,0,0,0,,0,0,0,0,
cce33288177341058833d8b4a093b03f,383,28237,3,2,3,https://www.youtube.com/watch?v=Zj69Hc1Jifg,0,0,0,,3,2,3,https://www.youtube.com/watch?v=Zj69Hc1Jifg,0,0,0,0,
502d093ba13d45de84602b54a1dc6e6c,381,18591,85,24,158,https://www.youtube.com/watch?v=O-Kq03ZTvYI,87,33,158,https://www.youtube.com/watch?v=O-Kq03ZTvYI,31,2,31,https://www.youtube.com/watch?v=-m5EvxlGVUc,118,0,0,0,
c5e956bdce614dddbeddfaf6ada4200d,381,19522,31,12,66,https://www.youtube.com/watch?v=lHmbWM6gCpU,31,12,66,https://www.youtube.com/watch?v=lHmbWM6gCpU,0,0,0,,0,0,0,0,
508ebe96e7a94e94893609e616086dff,380,58560,68,33,1833,https://www.youtube.com/watch?v=y8T6D3zRGK8,0,0,0,,68,33,1833,https://www.youtube.com/watch?v=y8T6D3zRGK8,493,62,46,91,https://www.twitch.tv/videos/2748624807
dbf7b5a346e645f7be7d0d19d2193bc5,380,135277,1111,530,1289,https://www.youtube.com/watch?v=fvNgh8p9yNo,0,0,0,,1111,530,1289,https://www.youtube.com/watch?v=fvNgh8p9yNo,0,0,0,0,
c11749c10e1941a9adb2a231eee2f2ea,379,7580,18,5,18,https://www.youtube.com/watch?v=Cgn63dAsge0,18,5,18,https://www.youtube.com/watch?v=Cgn63dAsge0,0,0,0,,306,0,0,0,
f0987ff6444945558cd159a508cd823f,379,6080,0,0,0,,0,0,0,,0,0,0,,2165,0,0,0,
d50d9b85f098470c8220cd99de802b17,379,20264,63,36,75,https://www.youtube.com/watch?v=K1vyk7p8l1g,63,36,75,https://www.youtube.com/watch?v=K1vyk7p8l1g,0,0,0,,0,0,0,0,
64e20992295c4be984e9af0a470d6440,376,4491,0,0,0,,0,0,0,,0,0,0,,5399,155,117,250,https://www.twitch.tv/videos/2747046592
b932ddb915af47ec948b56d4bf901dab,376,6301,92,78,92,https://www.youtube.com/watch?v=vFtRGEcGCRM,92,78,92,https://www.youtube.com/watch?v=vFtRGEcGCRM,0,0,0,,0,0,0,0,
a2ceea65ce58431085b1366a0cfe9c61,376,0,0,0,0,,0,0,0,,0,0,0,,0,0,0,0,
4819621890c0408aaa7e81aa2dd3386b,375,18413,0,0,0,,0,0,0,,0,0,0,,0,0,0,0,
7f3411a01ffc45bab4f25f088131bb50,374,3155,50,22,193,https://www.youtube.com/watch?v=m5B0sfuS4xo,50,22,193,https://www.youtube.com/watch?v=m5B0sfuS4xo,0,0,0,,0,0,0,0,
9434be74cca5450789bf73aa4359b542,372,4950,4,0,4,https://www.youtube.com/watch?v=ifYVcp5o5sI,4,0,4,https://www.youtube.com/watch?v=ifYVcp5o5sI,0,0,0,,0,0,0,0,
c97b665a89c34600be01f83eb1f77063,372,11633,0,0,0,,0,0,0,,0,0,0,,0,0,0,0,
236bfe277b89428dacb6ecc89fdb6ca2,370,0,0,0,0,,0,0,0,,0,0,0,,0,0,0,0,
012a92dc9c224aa6986c10e635428a7f,370,97672,0,0,0,,0,0,0,,0,0,0,,0,0,0,0,
1391c9808cd64cecb670a24b210ebc3f,370,0,0,0,0,,0,0,0,,0,0,0,,0,0,0,0,
ae5e1ce2a3074d07818716492277408c,369,2856,0,0,0,,0,0,0,,0,0,0,,1156,0,0,0,
4e78d5ae75144358a0384df9822c60bc,369,8678,0,0,0,,0,0,0,,0,0,0,,597,365,237,492,https://www.twitch.tv/videos/2746115524
670df075e5f9402bbcb6369685838b02,368,12399,18,5,64,https://www.youtube.com/watch?v=hFANfYTSuIM,18,5,64,https://www.youtube.com/watch?v=hFANfYTSuIM,0,0,0,,0,0,0,0,
789a5da3ba8146e9ac10a8814f096b49,367,3262,0,0,0,,0,0,0,,0,0,0,,0,0,0,0,
a8e0ec03cb0a4e0292228e1a6ed35e6a,365,8361,0,0,0,,0,0,0,,0,0,0,,852,25,21,54,https://www.twitch.tv/videos/2746119624
8013fa67a08945a5b4b976156b6f610f,363,6555,0,0,0,,0,0,0,,0,0,0,,388,54,42,54,https://www.twitch.tv/videos/2750185485
fd5a1e004f224586aa65f9c5b374cc4a,363,7282,0,0,0,,0,0,0,,0,0,0,,4840,556,279,843,https://www.twitch.tv/videos/2732096059
a5fe6adcf3bd42b79475803c56a11832,363,19914,49,19,64,https://www.youtube.com/watch?v=jh3cNahg44M,49,19,64,https://www.youtube.com/watch?v=jh3cNahg44M,0,0,0,,45,0,0,0,
df7b08cd72224681a63e6e85e0753132,363,49110,0,0,0,,0,0,0,,0,0,0,,188,0,0,0,
e1bc34a2b6ac4d86ad6758cef724e7dc,363,10116,0,0,0,,0,0,0,,0,0,0,,323,592,445,1469,https://www.twitch.tv/videos/2747743798
161544bf51864b2bad46cdd769bee278,360,15163,67,20,448,https://www.youtube.com/watch?v=SYY46ZJmxKk,65,20,169,https://www.youtube.com/watch?v=nBhN_Vm0JAc,448,36,448,https://www.youtube.com/watch?v=SYY46ZJmxKk,121,34,24,52,https://www.twitch.tv/videos/2747035374
652b28416c394eed93337f121c0dcbf5,360,16134,53,50,53,https://www.youtube.com/watch?v=wRYnymOLd3s,53,50,53,https://www.youtube.com/watch?v=wRYnymOLd3s,0,0,0,,0,0,0,0,
e443b9e0c3524137ba2774625c6c78cd,360,8332,0,0,0,,0,0,0,,0,0,0,,701,87,70,374,https://www.twitch.tv/videos/2750174377
1c096a5610c0459b84c74213c3b30f85,360,28138,0,0,0,,0,0,0,,0,0,0,,213,0,0,0,
60a64aca51ed4528895fe35b08231670,360,13103,0,0,2,https://www.youtube.com/watch?v=4ENi9vu9seI,0,0,0,,0,0,2,https://www.youtube.com/watch?v=4ENi9vu9seI,408,34,22,74,https://www.twitch.tv/videos/2748694678
a42c38cc7c0b4812b9bc79ab5f2d84f3,359,19027,149,28,994,https://www.youtube.com/watch?v=wpeLqCC8VOY,22,11,145,https://www.youtube.com/watch?v=k8TzyJEBop4,249,153,994,https://www.youtube.com/watch?v=wpeLqCC8VOY,0,0,0,0,
27a484e8f53a433396e73bea886fa2cb,359,20021,0,0,0,,0,0,0,,0,0,0,,0,0,0,0,
9be839573d1a4944a93740ca42fa65d4,359,19831,0,0,0,,0,0,0,,0,0,0,,1482,93,57,93,https://www.twitch.tv/videos/2746252945
f2f74f42d7e44c2b8c71807abd0967f3,358,94003,0,0,0,,0,0,0,,0,0,0,,3042,483,280,1499,https://www.twitch.tv/videos/2734391690
3a29989f3f71430f88f1535125a1d32c,358,28044,0,0,0,,0,0,0,,0,0,0,,0,0,0,0,
ce4d344e37cd403cbb5325010144d393,356,25221,623,232,2956,https://www.youtube.com/watch?v=i5HF0TG4fHk,94,72,623,https://www.youtube.com/watch?v=VjFrfVmR4IQ,1488,732,2956,https://www.youtube.com/watch?v=i5HF0TG4fHk,1184,260,153,407,https://www.twitch.tv/videos/2748647730
4fc02db3aab84e6cb526c02405d18c6e,354,17566,0,0,0,,0,0,0,,0,0,0,,148,0,0,0,
07930a961f0b4078a14f0a57f0a93965,354,27375,34,14,71,https://www.youtube.com/watch?v=zbUrfTUHWoo,34,14,71,https://www.youtube.com/watch?v=zbUrfTUHWoo,0,0,0,,0,0,0,0,
7ee1b473a5584a1a85973acfa45e0e1d,354,9508,49,20,64,https://www.youtube.com/watch?v=vuQKQqG4Gq0,49,20,64,https://www.youtube.com/watch?v=vuQKQqG4Gq0,0,0,0,,0,0,0,0,
a27f33f32dd2414c8c6843f8783a32f0,352,10205,167,76,1713,https://www.youtube.com/watch?v=fRmSCC1_pFk,145,76,220,https://www.youtube.com/watch?v=CCFbOYgb9hk,1342,134,1713,https://www.youtube.com/watch?v=fRmSCC1_pFk,0,0,0,0,
682e400513134d0bacfa85513958c64d,350,6731,0,0,0,,0,0,0,,0,0,0,,922,302,243,473,https://www.twitch.tv/videos/2744578246
6e56882f3f8e4911b8b67316f1265808,350,83817,0,0,0,,0,0,0,,0,0,0,,168,0,0,0,
f46e5ebb899548cab53d24f1901315b0,350,14408,62,17,85,https://www.youtube.com/watch?v=RD27kcMXWi0,62,17,85,https://www.youtube.com/watch?v=RD27kcMXWi0,0,0,0,,139,0,0,0,
f24626ac0ce34975a3b3fd6d8455f4f7,347,7976,0,0,0,,0,0,0,,0,0,0,,180,0,0,0,
ef0319d27b10495795a5b994bc2249d5,346,35300,100,55,2034,https://www.youtube.com/watch?v=p9PCPUc1kAQ,88,34,170,https://www.youtube.com/watch?v=t7PDP31Wnrc,1656,721,2034,https://www.youtube.com/watch?v=p9PCPUc1kAQ,0,0,0,0,
513c300c8af04b8a84d18f665b66481f,345,40076,0,0,0,,0,0,0,,0,0,0,,0,0,0,0,
735a3d989210437f9e5b8e7a7ba6d88a,345,13540,63,47,100,https://www.youtube.com/watch?v=Wr47XmSY2a0,63,47,100,https://www.youtube.com/watch?v=Wr47XmSY2a0,0,0,0,,123,0,0,0,
2efb6dc7796c4ce792c196d27af0df87,344,36780,54,20,1224,https://www.youtube.com/watch?v=ouZcRAXnA7c,40,15,76,https://www.youtube.com/watch?v=2q8YtA0C6zk,191,89,1224,https://www.youtube.com/watch?v=ouZcRAXnA7c,0,0,0,0,
4bc8631382ba4559bca22733663cdad5,343,7439,0,0,0,,0,0,0,,0,0,0,,0,0,0,0,
6166fbac685941a6acf389460de44943,342,28885,65,32,181,https://www.youtube.com/watch?v=OPmvmGxE4VA,65,32,181,https://www.youtube.com/watch?v=OPmvmGxE4VA,0,0,0,,0,0,0,0,
db3a6f094c3146c2ab6f2f267337f132,342,10267,317,196,317,https://www.youtube.com/watch?v=2qhfh5lk3sg,0,0,0,,317,196,317,https://www.youtube.com/watch?v=2qhfh5lk3sg,1294,321,199,474,https://www.twitch.tv/videos/2745450384
e63fd2ead17a4b57b256fcd55fe83b0e,340,26538,66,25,146,https://www.youtube.com/watch?v=g0dnt5hqU3E,66,25,146,https://www.youtube.com/watch?v=g0dnt5hqU3E,0,0,0,,298,167,137,233,https://www.twitch.tv/videos/2751832003
73755322c8e74479864369766f924be1,339,19091,0,0,0,,0,0,0,,0,0,0,,4907,0,0,0,
3a13b2827ef048859006a3acb74c175a,337,8589,59,52,59,https://www.youtube.com/watch?v=zki5eAQixRY,0,0,0,,59,52,59,https://www.youtube.com/watch?v=zki5eAQixRY,3780,518,391,2420,https://www.twitch.tv/videos/2752582809
aac7be72efc74efe9e77148fd4af7151,337,15661,25,12,52,https://www.youtube.com/watch?v=-2ktDgg60yg,25,12,52,https://www.youtube.com/watch?v=-2ktDgg60yg,0,0,0,,0,0,0,0,
d8520b0d7b424141bf19b3254d264960,337,8708,0,0,0,,0,0,0,,0,0,0,,0,0,0,0,
2e05bf5968cf4b3789a1316f5b05d857,335,66440,0,0,0,,0,0,0,,0,0,0,,0,0,0,0,
389bd53524c74c44a32d72279b288b17,335,2891,0,0,0,,0,0,0,,0,0,0,,0,0,0,0,
f6a02208132e4cdeb72d84d1fb487384,335,0,0,0,0,,0,0,0,,0,0,0,,0,0,0,0,
4f8936d4899d4e2c83bf949bc61b2bd2,334,9396,47,14,48,https://www.youtube.com/watch?v=eof_BLQ2Atg,47,14,48,https://www.youtube.com/watch?v=eof_BLQ2Atg,0,0,0,,167,0,0,0,
9a13461ec0e644ceb6e86381ca41d33a,333,37739,1190,734,1190,https://www.youtube.com/watch?v=F3vJjiJ0Lo4,0,0,0,,1190,734,1190,https://www.youtube.com/watch?v=F3vJjiJ0Lo4,1369,0,0,0,
876c11fba4af4235857127b9af87093e,333,17184,0,0,0,,0,0,0,,0,0,0,,0,0,0,0,
5ae7e41f9b9a420d9217a0b2c6755f52,331,3653,0,0,0,,0,0,0,,0,0,0,,0,0,0,0,
3083d2b8192843958b2852553cb3bc70,331,2757,0,0,0,,0,0,0,,0,0,0,,424,0,0,0,
b423123a68df4ac88b2a376ae5fd3b89,330,11030,99,51,1734,https://www.youtube.com/watch?v=x82eQ7H0JLs,66,45,330,https://www.youtube.com/watch?v=LCZltSZEwxY,505,376,1734,https://www.youtube.com/watch?v=x82eQ7H0JLs,0,0,0,0,
5c3ea93753724a63b32071a7a580af7b,330,34424,1,0,35,https://www.youtube.com/watch?v=un-D6X6R7sc,0,0,0,,1,0,35,https://www.youtube.com/watch?v=un-D6X6R7sc,1782,8,6,56,https://www.twitch.tv/videos/2743512128
366df9da61654531a6581169c70a0432,330,0,0,0,0,,0,0,0,,0,0,0,,55,0,0,0,
46e65e217ca84bbf8d43b67c3e5a9d90,325,22832,4,0,11,https://www.youtube.com/watch?v=Bkk_AQbJhEU,0,0,0,,4,0,11,https://www.youtube.com/watch?v=Bkk_AQbJhEU,213,0,0,0,
0fa0331a92df4a21bc5fc771223c3b3c,325,17529,0,0,0,,0,0,0,,0,0,0,,2254,0,0,0,
6d83214d4d964bc9a236f4cbdd8d99e4,324,15786,75,53,990,https://www.youtube.com/watch?v=b2xtaBEssCY,74,47,207,https://www.youtube.com/watch?v=0TEe2SWo0uI,990,542,990,https://www.youtube.com/watch?v=b2xtaBEssCY,46,0,0,0,
8a8a1d0901c04d568be19e2d8bbc9ca1,324,33222,0,0,0,,0,0,0,,0,0,0,,0,0,0,0,
0f5e3935971449daa91b654886313110,323,0,0,0,0,,0,0,0,,0,0,0,,2261,0,0,0,
2af109d54b1c49968b572aa2b59664ab,323,12450,0,0,0,,0,0,0,,0,0,0,,0,0,0,0,
12f22a9f1ecf4807a61eee4d628d4bd3,321,4454,0,0,0,,0,0,0,,0,0,0,,0,0,0,0,
e32b6351f1684034955171b93b1c5e63,321,0,0,0,0,,0,0,0,,0,0,0,,1820,0,0,0,
e94e1e38a611403192e4db197c2d9d91,319,6996,0,0,0,,0,0,0,,0,0,0,,0,0,0,0,
ca161c4e0ef54cd4a311705625caf164,318,11321,0,0,0,,0,0,0,,0,0,0,,2238,0,0,0,
76a17ecab93c4c3db069c9a5d8d0ecf5,318,43009,0,0,0,,0,0,0,,0,0,0,,1807,288,254,2897,https://www.twitch.tv/videos/2744578683
d88c3cbdb65940e69a3feb152dc93d6d,317,1029,0,0,0,,0,0,0,,0,0,0,,458,0,0,0,
c4268d9874b14b3282613fa11102ce4b,317,22280,42,14,145,https://www.youtube.com/watch?v=4XWtM1tt2mg,42,14,145,https://www.youtube.com/watch?v=4XWtM1tt2mg,0,0,0,,321,71,49,82,https://www.twitch.tv/videos/2746361395
7f494e37d17544878977d81e26b13897,316,170,0,0,0,,0,0,0,,0,0,0,,0,0,0,0,
d859857097fe4e9d90a2d840c0e7fca1,316,20291,19,5,171,https://www.youtube.com/watch?v=rLiLvGEmXf8,0,0,0,,19,5,171,https://www.youtube.com/watch?v=rLiLvGEmXf8,245,0,0,0,
1db7ec043f284eaea0bd2213ecce2bad,316,17621,71,35,1413,https://www.youtube.com/watch?v=pC4Mq5-Cnuk,59,14,243,https://www.youtube.com/watch?v=nwYZoy606j4,1359,538,1413,https://www.youtube.com/watch?v=pC4Mq5-Cnuk,0,0,0,0,
68f424a416ad426faa8b01b78f47b3e3,315,24260,12151,1638,21128,https://www.youtube.com/watch?v=vb8gLyg1OaA,0,0,0,,12151,1638,21128,https://www.youtube.com/watch?v=vb8gLyg1OaA,0,0,0,0,
9abd60c00f0f412b978a2398b13ac4e8,313,38931,0,0,0,,0,0,0,,0,0,0,,0,0,0,0,
3df5dcf41cdb46c7b7de73e502ce4ae1,313,10554,0,0,0,,0,0,0,,0,0,0,,658,0,0,0,
09db2ab40bc54cae831b5514b68be313,312,0,0,0,0,,0,0,0,,0,0,0,,0,0,0,0,
a24116ba22c84747818b7be8cd8eb733,311,12606,21,16,106,https://www.youtube.com/watch?v=EVXu8HkNVAE,21,16,106,https://www.youtube.com/watch?v=EVXu8HkNVAE,0,0,0,,347,29,25,41,https://www.twitch.tv/videos/2751652225
cbb0ea239d8e4f65a46ada52dfb778e3,311,8613,0,0,0,,0,0,0,,0,0,0,,424,0,0,0,
890c5d306c5f4a218f861c8a98a1e74a,308,5604,0,0,0,,0,0,0,,0,0,0,,68,0,0,0,
71f86178cf8545658c5c836c868a3646,308,6868,0,0,0,,0,0,0,,0,0,0,,1331,2064,1199,2064,https://www.twitch.tv/videos/2745254837
57843e9c870647729c2438a7a7077008,307,8526,0,0,0,,0,0,0,,0,0,0,,97,0,0,0,
4e4cbcbc0acf410ea5a50e4a6bbafd01,306,3985,7,1,17,https://www.youtube.com/watch?v=t3bFNLGITIc,0,0,0,,7,1,17,https://www.youtube.com/watch?v=t3bFNLGITIc,2476,975,612,1042,https://www.twitch.tv/videos/2746383771
bf7122f997f04401b0a6938abaded38c,306,18001,29,10,34,https://www.youtube.com/watch?v=hVB6HI_BjEI,29,10,34,https://www.youtube.com/watch?v=hVB6HI_BjEI,0,0,0,,0,0,0,0,
f3757b8d656f48749cada897ce597abc,304,7735,0,0,0,,0,0,0,,0,0,0,,0,0,0,0,
2f32fa150b4b4572bb6dd1a8e8c94ff1,304,11635,253,29,1077,https://www.youtube.com/watch?v=z3BxJZnd-1I,0,0,0,,253,29,1077,https://www.youtube.com/watch?v=z3BxJZnd-1I,3791,1206,613,3160,https://www.twitch.tv/videos/2740736132
b6cc2e3d23f34ba8bbeba181d19a714c,303,6290,0,0,0,,0,0,0,,0,0,0,,4279,1532,773,16613,https://www.twitch.tv/videos/2746375308
dfa5fefa546a40d5a677ddfff02ff3e1,303,18356,5,1,5,https://www.youtube.com/watch?v=roBcZKOLOlk,0,0,0,,5,1,5,https://www.youtube.com/watch?v=roBcZKOLOlk,800,39,35,46,https://www.twitch.tv/videos/2751790944
803435ca691f43a4b02360926fee23d1,302,12817,101,50,133,https://www.youtube.com/watch?v=zoQiWgFKzX8,101,50,133,https://www.youtube.com/watch?v=zoQiWgFKzX8,0,0,0,,1503,94,89,133,https://www.twitch.tv/videos/2752573758
d09b9f800b7940deb1f8a2b58a302f07,302,4243,0,0,0,,0,0,0,,0,0,0,,4248,395,301,611,https://www.twitch.tv/videos/2743873518
85340d14d5654ac3b28b39b007a7dea7,302,15416,52,14,133,https://www.youtube.com/watch?v=ENJKkcZdxPI,52,14,133,https://www.youtube.com/watch?v=ENJKkcZdxPI,0,0,0,,0,0,0,0,
72ee59fb29644f8b88a4dd3d7e91fe39,301,10282,0,0,0,,0,0,0,,0,0,0,,0,0,0,0,
09ceaec049b74c6bbe11eca7d4aa3cf6,300,7845,0,0,0,,0,0,0,,0,0,0,,0,0,0,0,
a13421f0201540ecaccd5c207b15c425,299,16700,0,0,0,,0,0,0,,0,0,0,,0,0,0,0,
2b1ef81172474b6b8409100be2f30da7,299,4546,3,2,5,https://www.youtube.com/watch?v=IeKCeK6oA_Y,0,0,0,,3,2,5,https://www.youtube.com/watch?v=IeKCeK6oA_Y,2629,222,182,222,https://www.twitch.tv/videos/2751004113
a4a9cd639c7546538ee9635b9a14989d,299,16068,35,11,38,https://www.youtube.com/watch?v=6CphDjCWeSI,35,11,38,https://www.youtube.com/watch?v=6CphDjCWeSI,0,0,0,,0,0,0,0,
8ae87582ab1e4b31bfd38310afda77bd,298,3724,0,0,0,,0,0,0,,0,0,0,,1344,134,73,146,https://www.twitch.tv/videos/2744603219
f4935cf7bbb94ae88202ee7ab6d6b92b,297,0,0,0,0,,0,0,0,,0,0,0,,52,0,0,0,
2e7fa2f9a4ba4ca6a0ea1397839aafca,297,11037,19,9,30,https://www.youtube.com/watch?v=1tNSThxgb_M,19,9,30,https://www.youtube.com/watch?v=1tNSThxgb_M,0,0,0,,0,0,0,0,
2d2dc667f7a9488092e67b0475dc3774,296,2811,0,0,0,,0,0,0,,0,0,0,,206,0,0,0,
095d5621db8b44ed914d81f9e1183673,296,10400,65,35,176,https://www.youtube.com/watch?v=KA-a20CcaOM,65,35,88,https://www.youtube.com/watch?v=KTBxz5keQQE,100,34,176,https://www.youtube.com/watch?v=KA-a20CcaOM,24,0,0,0,
d39563dd7adf452989791068eaf4524e,295,4577,72,38,88,https://www.youtube.com/watch?v=LdyIohlcmaA,72,38,88,https://www.youtube.com/watch?v=LdyIohlcmaA,0,0,0,,0,0,0,0,
b09373e11cc74ed4b58440b9d7368172,294,23094,26,11,36,https://www.youtube.com/watch?v=tvOBCPCnr5o,26,11,36,https://www.youtube.com/watch?v=tvOBCPCnr5o,0,0,0,,0,0,0,0,
e1421ddfd4e442b490e2a74656a2838d,294,198,0,0,0,,0,0,0,,0,0,0,,850,0,0,0,
c572dfdd998b439fb17f01f4633cfb31,293,14875,0,0,0,,0,0,0,,0,0,0,,0,0,0,0,
1895ef1f232d454aa6c18ca7812c794c,293,3699,85,67,85,https://www.youtube.com/watch?v=pP07qzimYqA,85,67,85,https://www.youtube.com/watch?v=pP07qzimYqA,0,0,0,,17,0,0,0,
92b3889a0c304d8fb9eed110bb82c60c,293,16839,0,0,0,,0,0,0,,0,0,0,,0,0,0,0,
79f4c64bde584997bf6ad38afd44b51d,292,21269,24,2,50,https://www.youtube.com/watch?v=q446rvgio3E,24,2,50,https://www.youtube.com/watch?v=q446rvgio3E,0,0,0,,152,40,27,40,https://www.twitch.tv/videos/2747853326
d3a0a421fd184f9fa51856096d01e85b,292,16961,35,14,35,https://www.youtube.com/watch?v=TFihpXEC3sw,35,14,35,https://www.youtube.com/watch?v=TFihpXEC3sw,0,0,0,,0,0,0,0,
e6373c7f689c44f8971ca0f83c817789,292,1630,0,0,0,,0,0,0,,0,0,0,,223,10,6,16,https://www.twitch.tv/videos/2746325945
df6443487ffb4142aea2b053b4aa8db7,291,33960,212,23,1296,https://www.youtube.com/watch?v=0nyZYMl-9sg,0,0,0,,212,23,1296,https://www.youtube.com/watch?v=0nyZYMl-9sg,1651,264,186,538,https://www.twitch.tv/videos/2754836579
479b23215fd84e0387e4f95c8bdfb127,290,116716,176,66,2568,https://www.youtube.com/watch?v=BGXDilYHpKc,36,13,52,https://www.youtube.com/watch?v=0peC7S1IGWA,235,126,2568,https://www.youtube.com/watch?v=BGXDilYHpKc,0,0,0,0,
be1bfb3aafb34118808fd5a5c059ffaf,290,28281,0,0,0,,0,0,0,,0,0,0,,492,0,0,0,
e773129f910c4bd182f3b702c9ec1b55,289,9795,19,4,22,https://www.youtube.com/watch?v=4zrQUmY2CMA,19,4,22,https://www.youtube.com/watch?v=4zrQUmY2CMA,0,0,0,,0,0,0,0,
8fe313c8e0704a29a7a387b47c4f938b,288,10180,122,58,362,https://www.youtube.com/watch?v=EzIW4HU9bKc,117,24,254,https://www.youtube.com/watch?v=DdW-xOgdYUQ,122,76,362,https://www.youtube.com/watch?v=EzIW4HU9bKc,0,0,0,0,
ca4210c7562b479cb3af76082fb70fcd,288,2857,0,0,0,,0,0,0,,0,0,0,,3443,778,454,1032,https://www.twitch.tv/videos/2747005770
d2e2645a97a14ce4b58a7884c0e6ec56,287,27332,0,0,0,,0,0,0,,0,0,0,,1290,47,27,49,https://www.twitch.tv/videos/2744521908
d148768158984ce8b3a8214b1fb3dafc,287,2938,35,34,35,https://www.youtube.com/watch?v=lG3fDYao9aw,35,34,35,https://www.youtube.com/watch?v=lG3fDYao9aw,0,0,0,,156,28,18,54,https://www.twitch.tv/videos/2747963978
82af75b290f44cd8b9a97bc5addaaf58,286,7611,27,23,27,https://www.youtube.com/watch?v=TokUBInq0eY,27,23,27,https://www.youtube.com/watch?v=TokUBInq0eY,0,0,0,,136,0,0,0,
703cea871ebf4ab6a8b2704f7611197b,284,8403,0,0,0,,0,0,0,,0,0,0,,0,0,0,0,
5f68c9b585ad40c0ada7697c9b7f5055,284,0,0,0,0,,0,0,0,,0,0,0,,7416,876,371,2758,https://www.twitch.tv/videos/2732603794
1618171723d84cbe8b57cd69fa6f477f,283,38335,0,0,0,,0,0,0,,0,0,0,,760,0,0,0,
d334f3b3ba8b4e43bd7b5a237a7b4476,282,42185,64,24,282,https://www.youtube.com/watch?v=2Q1WbUWJCCI,64,24,282,https://www.youtube.com/watch?v=2Q1WbUWJCCI,0,0,0,,39,0,0,0,
6391e2693fa6464d83fdf5d136596bb0,282,14387,68,31,201,https://www.youtube.com/watch?v=1n1Cv6RXYuY,67,24,201,https://www.youtube.com/watch?v=1n1Cv6RXYuY,74,63,174,https://www.youtube.com/watch?v=HP_sGEOs9Tc,0,0,0,0,
b3a1f0922f7440f3bb1adbfa7a04bd09,281,8951,0,0,0,,0,0,0,,0,0,0,,1017,0,0,0,
c9f9ff24ef184b29a58c616412f1dbbc,281,5703,0,0,0,,0,0,0,,0,0,0,,0,0,0,0,
7badd33c853240e280db61899f381ff2,280,10931,0,0,0,,0,0,0,,0,0,0,,419,0,0,0,
279a45d6a8f9445389b9b8cdbcb72ae8,280,25928,0,0,0,,0,0,0,,0,0,0,,272,0,0,0,
bc5f0ae969564d15a5e85bfbe4df3164,280,9311,0,0,0,,0,0,0,,0,0,0,,37,0,0,0,
9d5365bf17564326a578781a38b72bea,279,0,0,0,0,,0,0,0,,0,0,0,,0,0,0,0,
9ee558b898964252a06e2c423f8d58ad,279,0,0,0,0,,0,0,0,,0,0,0,,0,0,0,0,
f40e7d4c2b8b4ea89a6cd017303ca5c0,278,1575,0,0,0,,0,0,0,,0,0,0,,528,283,214,283,https://www.twitch.tv/videos/2749448606
6fa20242354646ad8e8feea8d52e514e,278,6727,0,0,0,,0,0,0,,0,0,0,,0,0,0,0,
94ca3090942d4ca38a71b8f1b65c7343,278,17686,0,0,0,,0,0,0,,0,0,0,,171,0,0,0,
4cebb92683d548089e998ec18a484930,277,13154,26,3,26,https://www.youtube.com/watch?v=VJFaGLJDrVY,26,3,26,https://www.youtube.com/watch?v=VJFaGLJDrVY,0,0,0,,0,0,0,0,
b7155dea3cdc452e9f77df41ccca17bd,276,1226,0,0,0,,0,0,0,,0,0,0,,492,0,0,0,
25619abc5e0d4f79839e48d83234eaf8,274,6055,8,4,14,https://www.youtube.com/watch?v=EBI7uSSrGXY,8,4,14,https://www.youtube.com/watch?v=EBI7uSSrGXY,0,0,0,,734,49,42,76,https://www.twitch.tv/videos/2744617320
3e7f5f5e829e4d4baca2a8a5916d60e4,272,3248,991,625,1311,https://www.youtube.com/watch?v=LEkylWrn4uU,0,0,0,,991,625,1311,https://www.youtube.com/watch?v=LEkylWrn4uU,2183,475,439,1085,https://www.twitch.tv/videos/2750786704
985e64cecc24401290c08cb7e2f4ef50,272,7414,33,14,41,https://www.youtube.com/watch?v=z2d22ZXrCgA,33,14,41,https://www.youtube.com/watch?v=z2d22ZXrCgA,0,0,0,,2004,258,201,435,https://www.twitch.tv/videos/2743529322
c543b53edfbd4b3c92f4801cb8d3346c,272,15860,0,0,0,,0,0,0,,0,0,0,,0,0,0,0,
de5f8aaf92814bb79eb91adb0efc8f1d,272,13553,12,6,27,https://www.youtube.com/watch?v=Ix9FzXGxj3k,12,6,27,https://www.youtube.com/watch?v=Ix9FzXGxj3k,0,0,0,,0,0,0,0,
a16471805f7f44f88237b42c79b9f3a2,272,10560,0,0,0,,0,0,0,,0,0,0,,0,0,0,0,
192be77802a54229bb67b40c00978520,271,2181,0,0,0,,0,0,0,,0,0,0,,1033,0,0,0,
a6a155230538488e8488f01160598837,271,16970,0,0,0,,0,0,0,,0,0,0,,0,0,0,0,
bb0466e52fe240099d8498548b2fad3e,270,15087,0,0,0,,0,0,0,,0,0,0,,77,0,0,0,
67b3f32472774d3191ecfea12f60a990,268,9408,0,0,0,,0,0,0,,0,0,0,,116,0,0,0,
05d19eac5d22427f916e6fa59bf17b3b,268,78756,5,2,912,https://www.youtube.com/watch?v=eRhsuCCe974,127,6,148,https://www.youtube.com/watch?v=eMQcVvdCsyo,4,2,912,https://www.youtube.com/watch?v=eRhsuCCe974,2474,300,194,516,https://www.twitch.tv/videos/2748602994
03e9bea117bd4b5ba189b48f1617d9bb,268,7789,0,0,0,,0,0,0,,0,0,0,,0,0,0,0,
964a0dde279c45ea85ffc6ad5d266206,267,7936,62,38,1377,https://www.youtube.com/watch?v=F9OPFXCpXtY,35,18,128,https://www.youtube.com/watch?v=rjrZ9jLGPmI,1295,661,1377,https://www.youtube.com/watch?v=F9OPFXCpXtY,1074,136,124,200,https://www.twitch.tv/videos/2746269298
836540821b58433e9e04bea62c49cf2d,266,441,222,66,302,https://www.youtube.com/watch?v=eaGNw-UkSso,0,0,0,,222,66,302,https://www.youtube.com/watch?v=eaGNw-UkSso,341,0,0,0,
33f8f83054e3473d9c8c5e1a3c8e1008,264,8784,32,25,82,https://www.youtube.com/watch?v=Yh5v4CpWcog,33,26,82,https://www.youtube.com/watch?v=Yh5v4CpWcog,4,3,4,https://www.youtube.com/watch?v=IzftBmxRwGE,0,0,0,0,
22a21c1a529f4817b8790629d8b4590f,264,35265,217,80,387,https://www.youtube.com/watch?v=byKNQhDHw10,0,0,0,,217,80,387,https://www.youtube.com/watch?v=byKNQhDHw10,106,0,0,0,
a76d4171e74448fd9d1a6eaf183be3ff,263,15157,0,0,0,,0,0,0,,0,0,0,,852,183,132,183,https://www.twitch.tv/videos/2748615258
fbd0d260a09c47b1a9dcc73fd41e7eca,263,3848,0,0,0,,0,0,0,,0,0,0,,6450,0,0,0,
c40a4498540d462a89c2391a41aa9f0e,262,11484,68,56,827,https://www.youtube.com/watch?v=kuP5TEv34fM,57,37,68,https://www.youtube.com/watch?v=HNggqAxkf3s,827,654,827,https://www.youtube.com/watch?v=kuP5TEv34fM,2358,0,0,0,
105f7890339346329ab408f423f617c3,260,15807,236,12,236,https://www.youtube.com/watch?v=-g4Q3EgD7Dc,0,0,0,,236,12,236,https://www.youtube.com/watch?v=-g4Q3EgD7Dc,4374,2148,595,2633,https://www.twitch.tv/videos/2738019450
0d07fb89672446c3b4a1682131f96f7b,260,21873,27,15,42,https://www.youtube.com/watch?v=B_j0vDsvTL4,27,15,42,https://www.youtube.com/watch?v=B_j0vDsvTL4,0,0,0,,0,0,0,0,
0c05eca1975b40b3a0b54d3dfd61055d,258,37179,0,0,0,,0,0,0,,0,0,0,,2631,94,80,152,https://www.twitch.tv/videos/2747066113
f7758d944fd8438a86bfe1235c7bcd17,258,15306,4,3,182,https://www.youtube.com/watch?v=qrEQoAtkmL0,0,0,0,,4,3,182,https://www.youtube.com/watch?v=qrEQoAtkmL0,602,0,0,0,
04e61f47cdf542c7b5a3b3ae569fc021,257,2970,0,0,0,,0,0,0,,0,0,0,,884,0,0,0,
7c96bbca1c184d70a39ef2a65a0d788c,255,164348,0,0,0,,0,0,0,,0,0,0,,594,0,0,0,
3a44da0674144e61bff60415cc09a678,255,7265,10,2,11,https://www.youtube.com/watch?v=XuT7uCNw5Qs,10,2,11,https://www.youtube.com/watch?v=XuT7uCNw5Qs,0,0,0,,0,0,0,0,
2ff6c25f8e5943d2ac0a6a006f5784c3,255,2379,28,1,28,https://www.youtube.com/watch?v=U3t4Fc2ta54,0,0,0,,28,1,28,https://www.youtube.com/watch?v=U3t4Fc2ta54,1587,200,143,200,https://www.twitch.tv/videos/2748524778
5734f8f1aa53439e84769631937e0dd7,255,0,0,0,0,,0,0,0,,0,0,0,,0,0,0,0,
1af1c5f8526a4396820151df1bff37b7,253,23124,98,56,1534,https://www.youtube.com/watch?v=0-qpKSU9JHY,90,50,164,https://www.youtube.com/watch?v=YNomkBgIuCM,1272,338,1534,https://www.youtube.com/watch?v=0-qpKSU9JHY,0,0,0,0,
cd0b2f63c88e4b4abd5b83296a5d7866,253,3718,0,0,0,,0,0,0,,0,0,0,,3610,0,0,0,
75eb49d99170441ab784d7bec7378d21,252,10683,0,0,0,,0,0,0,,0,0,0,,1408,42,34,90,https://www.twitch.tv/videos/2751081699
a091320108954092a07650dd8a31a451,250,11575,0,0,0,,0,0,0,,0,0,0,,0,0,0,0,
5f044942071146cb9ec4b760458a662e,249,10851,0,0,0,,0,0,0,,0,0,0,,800,261,198,263,https://www.twitch.tv/videos/2749375355
8c1fe8acf675446ebb2fd046e6396983,248,24487,28,10,43,https://www.youtube.com/watch?v=wNUeu4toLO0,28,10,43,https://www.youtube.com/watch?v=wNUeu4toLO0,0,0,0,,258,19,12,36,https://www.twitch.tv/videos/2751857181
90a8ac8d7653460298ba85cb7e4d3bc9,246,3256,0,0,0,,0,0,0,,0,0,0,,55,0,0,0,
789a7f5d025349b4ace0925f9e17fdd7,245,873,0,0,0,,0,0,0,,0,0,0,,0,0,0,0,
4bded61728c4482c817c3cc236d0a619,245,19542,0,0,0,,0,0,0,,0,0,0,,1104,0,0,0,
975ec89d484d499aa1beece0c6731a15,244,11632,0,0,0,,0,0,0,,0,0,0,,0,0,0,0,
a3452262e11348c88afea4031b0323a8,244,21466,4,1,18,https://www.youtube.com/watch?v=QSWnGxD06eE,0,0,0,,4,1,18,https://www.youtube.com/watch?v=QSWnGxD06eE,475,0,0,0,
cabc3ddcf7ad46ef9acb4b0951f9b2ba,244,20847,2,0,1129,https://www.youtube.com/watch?v=EHjJtpJh3cU,0,0,0,,2,0,1129,https://www.youtube.com/watch?v=EHjJtpJh3cU,1222,214,155,382,https://www.twitch.tv/videos/2745461537
1ccf3d7852d34137b9cc70343dcc41bf,243,108750,442,50,619,https://www.youtube.com/watch?v=aRYcSyKP2aM,0,0,0,,442,50,619,https://www.youtube.com/watch?v=aRYcSyKP2aM,113,0,0,0,
47cd428eee8640cb80afaa4ef9bb55e0,242,16930,45,38,80,https://www.youtube.com/watch?v=x5XhigJh_Xc,45,38,80,https://www.youtube.com/watch?v=x5XhigJh_Xc,0,0,0,,1651,95,81,136,https://www.twitch.tv/videos/2748643657
0e516fd1e97a4c58bad3afb6469748d4,241,3050,8,2,826,https://www.youtube.com/watch?v=-gGJf87f-20,225,197,768,https://www.youtube.com/watch?v=_6e38JrmhQA,7,1,826,https://www.youtube.com/watch?v=-gGJf87f-20,558,56,37,103,https://www.twitch.tv/videos/2744431922
e7ac18c2e713426692cfd0ef7fe2b897,241,38,0,0,0,,0,0,0,,0,0,0,,150,8,6,16,https://www.twitch.tv/videos/2751889590
c91577ba12cd45deb9c8e5c666c290be,240,86013,46,22,172,https://www.youtube.com/watch?v=Wn20g93-o24,43,18,172,https://www.youtube.com/watch?v=Wn20g93-o24,101,52,113,https://www.youtube.com/watch?v=0PWTEDZkE_w,0,0,0,0,
67252692b4f64f509af6eacffdeafdf9,239,25044,59,24,344,https://www.youtube.com/watch?v=UFIIH90h6Vw,57,23,63,https://www.youtube.com/watch?v=2A8bXNKBT1o,344,65,344,https://www.youtube.com/watch?v=UFIIH90h6Vw,0,0,0,0,
777608b04fa74a42975497f6273ed6f9,239,12393,2,1,6,https://www.youtube.com/watch?v=b_3UvTG2q-w,0,0,0,,2,1,6,https://www.youtube.com/watch?v=b_3UvTG2q-w,2950,618,330,632,https://www.twitch.tv/videos/2743742429
3e86fddd8145474691e77ba761a6b2a5,239,37369,0,0,0,,0,0,0,,0,0,0,,1049,0,0,0,
5c85ca3ffbfc4ff6b0591c29fc92b7eb,237,5764,0,0,0,,0,0,0,,0,0,0,,0,0,0,0,
33cabb57d2454dfdbdf7453c54429940,236,90748,1497,550,2050,https://www.youtube.com/watch?v=-SJrlbmlDIQ,0,0,0,,1497,550,2050,https://www.youtube.com/watch?v=-SJrlbmlDIQ,639,351,256,1446,https://www.twitch.tv/videos/2751004407
dbbb8592c30840c8b00ae8091a684e5c,234,9107,0,0,0,,0,0,0,,0,0,0,,1275,0,0,0,
d198a42f93d84e9ca061a72243d142cc,232,117945,0,0,0,,0,0,0,,0,0,0,,525,51,29,200,https://www.twitch.tv/videos/2749243213
f72fb9eab9a84db5ba139131d59bdd02,232,36133,837,240,1053,https://www.youtube.com/watch?v=-pIMijzAS98,0,0,0,,837,240,1053,https://www.youtube.com/watch?v=-pIMijzAS98,380,68,52,113,https://www.twitch.tv/videos/2751882800
c274c90379ca4e57a79251976cda3e54,232,8846,0,0,0,,0,0,0,,0,0,0,,322,0,0,0,
d8b5835bc6aa46119cc7ddd4447e780f,231,35947,0,0,0,,0,0,0,,0,0,0,,2000,549,447,549,https://www.twitch.tv/videos/2750925900
af89613e72874e219c00ab0c89b6c641,231,52796,17,9,41,https://www.youtube.com/watch?v=fH7GyJcCLto,25,15,41,https://www.youtube.com/watch?v=fH7GyJcCLto,5,0,5,https://www.youtube.com/watch?v=49zlPC0rbnI,11,0,0,0,
a7bb915cc1a0474080d7dbf6d245daf4,230,13373,0,0,0,,0,0,0,,0,0,0,,44,0,0,0,
25b5885afcdc4430be0d822464ccff91,230,3543,11,6,25,https://www.youtube.com/watch?v=f-P4ttzXAzI,18,6,25,https://www.youtube.com/watch?v=f-P4ttzXAzI,5,2,5,https://www.youtube.com/watch?v=AF32voEGyE0,329,22,14,44,https://www.twitch.tv/videos/2753437671
e9569c3f60c541ab83899c09079feaa2,229,10438,568,397,966,https://www.youtube.com/watch?v=tIHRv-tu96E,0,0,0,,568,397,966,https://www.youtube.com/watch?v=tIHRv-tu96E,2934,1766,1220,1766,https://www.twitch.tv/videos/2747879687
d4bd6ed12ee746a8978434ee5b14dd27,229,60203,332,90,1224,https://www.youtube.com/watch?v=mFGVd6cuack,0,0,0,,332,90,1224,https://www.youtube.com/watch?v=mFGVd6cuack,540,67,50,375,https://www.twitch.tv/videos/2747844387
42d2b255295b468dafe439394130ae11,228,12310,8,4,17,https://www.youtube.com/watch?v=uGna5yXBP4o,0,0,0,,8,4,17,https://www.youtube.com/watch?v=uGna5yXBP4o,967,180,124,214,https://www.twitch.tv/videos/2750185438
5d23e69300534fe6aa678d75573381ea,228,1963,0,0,0,,0,0,0,,0,0,0,,0,0,0,0,
2a5241b8ebc54be98263c9ea2924b7e9,228,6669,721,415,936,https://www.youtube.com/watch?v=VKImZRn18a8,0,0,0,,721,415,936,https://www.youtube.com/watch?v=VKImZRn18a8,1794,477,326,605,https://www.twitch.tv/videos/2745315535
bf6401d2159c40a8a616defa8c2c4a66,228,25502,0,0,0,,0,0,0,,0,0,0,,823,0,0,0,
156aba6fe34b4d648a3fd210550963c7,227,1040,0,0,0,,0,0,0,,0,0,0,,93,0,0,0,
a3afce163c9341c992f526816d9d5440,226,3554,10,9,33,https://www.youtube.com/watch?v=9SYWCwesh4w,10,9,33,https://www.youtube.com/watch?v=9SYWCwesh4w,0,0,0,,101,0,0,0,
dc27d7819dac471f907e0ace5131580f,226,5304,0,0,0,,0,0,0,,0,0,0,,1449,243,147,468,https://www.twitch.tv/videos/2745884079
4693c4a0f4284a429f353419a3fc547c,226,50779,1753,861,11705,https://www.youtube.com/watch?v=pHDOJd4NLsQ,0,0,0,,1753,861,11705,https://www.youtube.com/watch?v=pHDOJd4NLsQ,0,0,0,0,
2dfcc511bca64a678926415857b097e9,226,0,0,0,0,,0,0,0,,0,0,0,,0,0,0,0,
af82ee4712aa4d6c9c4100591a8a3163,225,3184,0,0,0,,0,0,0,,0,0,0,,575,163,154,210,https://www.twitch.tv/videos/2754898907
63730ec82db64ce5a51464cf24f9a4aa,223,86,0,0,0,,0,0,0,,0,0,0,,389,0,0,0,
fa4720c840ac4877966044322b79c9ba,222,0,0,0,0,,0,0,0,,0,0,0,,0,0,0,0,
6cb91cbf63cd46d49566ade06d3b3418,222,6469,0,0,0,,0,0,0,,0,0,0,,0,0,0,0,
98619914a2eb4b07bd6bc0a02066e455,221,5603,0,0,0,,0,0,0,,0,0,0,,1320,206,184,235,https://www.twitch.tv/videos/2753670204
52d8a731a7634e529ba986ae40ce6526,220,16823,0,0,0,,0,0,0,,0,0,0,,842,281,267,406,https://www.twitch.tv/videos/2750801651
71da2daf84a546c39399adf6ca44aac1,220,16182,22,10,81,https://www.youtube.com/watch?v=Dn_rd5VXLG8,23,10,81,https://www.youtube.com/watch?v=Dn_rd5VXLG8,11,4,11,https://www.youtube.com/watch?v=48X1kHIKMQ0,301,0,0,0,
27a22366e885420e8a3c78ee7ac7c075,220,15280,48,19,120,https://www.youtube.com/watch?v=H1CRIwWWt_E,48,19,120,https://www.youtube.com/watch?v=H1CRIwWWt_E,0,0,0,,35,16,13,18,https://www.twitch.tv/videos/2749414764
c56801a52568414ca54724a3c24c3417,219,19841,0,0,0,,0,0,0,,0,0,0,,2207,200,122,200,https://www.twitch.tv/videos/2746095447
25ac52ef552244a997045ca561b5636f,219,3650,0,0,0,,0,0,0,,0,0,0,,0,0,0,0,
9543391286c44c5e9c9e9ed7ef608f20,218,2831,0,0,0,,0,0,0,,0,0,0,,612,0,0,0,
3986345f7cae4fc5ba3b7fd3a8dceba0,218,1006,0,0,0,,0,0,0,,0,0,0,,1114,0,0,0,
15c82034235748649547ada64817a6d1,218,15775,511,302,1411,https://www.youtube.com/watch?v=FbFwVtNxdO0,0,0,0,,511,302,1411,https://www.youtube.com/watch?v=FbFwVtNxdO0,3608,275,181,1115,https://www.twitch.tv/videos/2753552382
1fa9ddce23964bab8edddf7f18dad2f3,218,10595,0,0,0,,0,0,0,,0,0,0,,1576,78,59,78,https://www.twitch.tv/videos/2749518084
1e602bc3e53a4fd2a1cd28a053988fbc,217,3539,0,0,0,,0,0,0,,0,0,0,,0,0,0,0,
d564dc69725f4258b8b08d8d5df285a8,217,9188,33,7,41,https://www.youtube.com/watch?v=qhwCNlnjqfE,33,7,38,https://www.youtube.com/watch?v=3FsQZUddaiI,41,39,41,https://www.youtube.com/watch?v=qhwCNlnjqfE,70,14,12,21,https://www.twitch.tv/videos/2754298918
d8fa0fb407c043cb9b65ab66c2221e8d,216,69976,3,0,17,https://www.youtube.com/watch?v=wcK3Zb6MngQ,0,0,0,,3,0,17,https://www.youtube.com/watch?v=wcK3Zb6MngQ,2234,31,21,61,https://www.twitch.tv/videos/2745448478
c269bafe425f470e957731c454b8925c,215,17903,0,0,0,,0,0,0,,0,0,0,,445,0,0,0,
0554e298ab8041c19ce07bf0b2c315a0,215,18671,51,42,1264,https://www.youtube.com/watch?v=fAIZl1bxCg8,45,18,52,https://www.youtube.com/watch?v=NkygGElcLcw,670,311,1264,https://www.youtube.com/watch?v=fAIZl1bxCg8,0,0,0,0,
cfe0c2386d794c229d71c5a6a7e28333,214,15535,9,5,10,https://www.youtube.com/watch?v=0pItBV7x1vc,0,0,0,,9,5,10,https://www.youtube.com/watch?v=0pItBV7x1vc,0,0,0,0,
31888d1a66654eee82d4dd22017db978,213,37037,440,129,1409,https://www.youtube.com/watch?v=oJ-2LZNIn_w,0,0,0,,440,129,1409,https://www.youtube.com/watch?v=oJ-2LZNIn_w,0,0,0,0,
8814a6eccdd04fa6bf2f8201f12bf8ae,213,3770,0,0,0,,0,0,0,,0,0,0,,339,34,28,35,https://www.twitch.tv/videos/2751753066
463e3994840145618264d41fa3eaf344,211,12214,45,22,54,https://www.youtube.com/watch?v=bQk9-1qB2lo,45,22,54,https://www.youtube.com/watch?v=bQk9-1qB2lo,0,0,0,,0,0,0,0,
54ea240f1bf1471981684464081645e7,211,4067,0,0,0,,0,0,0,,0,0,0,,349,10,7,24,https://www.twitch.tv/videos/2743638820
3dc59c2e8b424c9e812fb48048ebdef8,211,6207,4,3,7,https://www.youtube.com/watch?v=Oga8tAPMr3o,0,0,0,,4,3,7,https://www.youtube.com/watch?v=Oga8tAPMr3o,1521,152,127,276,https://www.twitch.tv/videos/2752751480
12479712313d4ddda715483e1f93ee9d,210,4296,0,0,0,,0,0,0,,0,0,0,,0,0,0,0,
47d591738d2449a496e7ce140b539662,209,1245,0,0,0,,0,0,0,,0,0,0,,2111,240,201,253,https://www.twitch.tv/videos/2750669638
cbaa062d8a2443b1b2b1efd92d9bd3bb,208,0,0,0,0,,0,0,0,,0,0,0,,0,0,0,0,
f1d9ff59d3d74b0ebb4268de53698dbf,208,6342,0,0,0,,0,0,0,,0,0,0,,735,0,0,0,
de8c5ca15afd4534a822e5a1a9c2784e,206,2053,0,0,0,,0,0,0,,0,0,0,,2179,319,244,433,https://www.twitch.tv/videos/2747181502
7bebabbe96a34368aa03da163e3da313,206,27410,35,9,36,https://www.youtube.com/watch?v=xFDSuN8IvV0,35,9,36,https://www.youtube.com/watch?v=xFDSuN8IvV0,0,0,0,,0,0,0,0,
14b644d58ff14ef1b491ef3d451e9e06,206,0,0,0,0,,0,0,0,,0,0,0,,3369,0,0,0,
ccf55e42124c46ab828b188fc8c4f947,206,45914,377,104,1457,https://www.youtube.com/watch?v=8OPzQWCX__0,0,0,0,,377,104,1457,https://www.youtube.com/watch?v=8OPzQWCX__0,695,354,239,629,https://www.twitch.tv/videos/2749520791
3082cc9c2e124fb3bf77cc799590042e,205,16122,58,16,77,https://www.youtube.com/watch?v=lm2oyZBm6do,58,16,77,https://www.youtube.com/watch?v=lm2oyZBm6do,0,0,0,,0,0,0,0,
1d9db35aa47c4d2d8bea3fb94afbd1b9,205,7608,35,22,371,https://www.youtube.com/watch?v=7vzZ5EcyssQ,33,21,83,https://www.youtube.com/watch?v=L3PZutmR6Qo,371,72,371,https://www.youtube.com/watch?v=7vzZ5EcyssQ,0,0,0,0,
8e65ff08f84f46148a79346978db81c8,205,38966,53,28,1121,https://www.youtube.com/watch?v=Fy5_BFHWROo,44,27,120,https://www.youtube.com/watch?v=QQch8WZypSI,374,356,1121,https://www.youtube.com/watch?v=Fy5_BFHWROo,0,0,0,0,
5949eae32b844c9e873474efb19f4e6d,204,6017,0,0,0,,0,0,0,,0,0,0,,0,0,0,0,
3c9899af7c104ea08eb0baa4ee565076,203,2413,0,0,0,,0,0,0,,0,0,0,,676,58,37,60,https://www.twitch.tv/videos/2744416990
a5ced44a2bb74575a9cf9ea48f9ec890,199,8676,76,4,76,https://www.youtube.com/watch?v=e4s655QZIBI,76,4,76,https://www.youtube.com/watch?v=e4s655QZIBI,0,0,0,,0,0,0,0,
1d0201167f5445e8b410a8f311e54133,197,20849,0,0,0,,0,0,0,,0,0,0,,145,34,28,54,https://www.twitch.tv/videos/2751053532
05970b8580b4433d9afb8769568d2276,197,5008,0,0,0,,0,0,0,,0,0,0,,9,0,0,0,
fdbcdd7db6b04ed4b2336b1b3da66564,197,18684,526,180,526,https://www.youtube.com/watch?v=iW2TPlq_QmQ,0,0,0,,526,180,526,https://www.youtube.com/watch?v=iW2TPlq_QmQ,215,269,198,396,https://www.twitch.tv/videos/2753510065
48e968abd77d434db31de0f0bb8d92a1,196,10783,4,1,7,https://www.youtube.com/watch?v=WRW-A9P2QSM,0,0,0,,4,1,7,https://www.youtube.com/watch?v=WRW-A9P2QSM,529,32,26,51,https://www.twitch.tv/videos/2744508139
bd39e88e6dd24e659b135b7fe96bef5b,193,563,0,0,0,,0,0,0,,0,0,0,,0,0,0,0,
936b7b3d4250469d94b53ebc7e4936f6,193,241251,0,0,0,,0,0,0,,0,0,0,,1186,213,95,279,https://www.twitch.tv/videos/2748237813
26e2e1583d404f48b879375ef74ae33a,192,8954,0,0,0,,0,0,0,,0,0,0,,0,0,0,0,
021eaf7cecfa4416b759fcc310f7b15a,192,8096,60,7,60,https://www.youtube.com/watch?v=BUMh9RpRoL0,0,0,0,,60,7,60,https://www.youtube.com/watch?v=BUMh9RpRoL0,222,0,0,0,
698d1cca0e1f417892c954dabe0aacf8,191,768,0,0,0,,0,0,0,,0,0,0,,2305,0,0,0,
f30f6a2e994641b5af169b97f2aad13b,191,6949,0,0,0,,0,0,0,,0,0,0,,549,0,0,0,
3802b3f13284406cb4bc3f775690add5,191,6735,67,36,96,https://www.youtube.com/watch?v=H7WYvMBU0Dk,67,36,96,https://www.youtube.com/watch?v=H7WYvMBU0Dk,0,0,0,,82,90,60,127,https://www.twitch.tv/videos/2747036142
6d76e6b27f164061a216ec2831bd8dd3,189,0,0,0,0,,0,0,0,,0,0,0,,1217,51,29,60,https://www.twitch.tv/videos/2745414762
df079afa77ea4a65baedaaa701936050,189,0,0,0,0,,0,0,0,,0,0,0,,0,0,0,0,
6cdaf0b035d04e3794a5accd5ed8b08f,188,1689,0,0,0,,0,0,0,,0,0,0,,0,0,0,0,
2afd93f378e14e78ad944fa86a84ed98,188,5059,0,0,0,,0,0,0,,0,0,0,,0,0,0,0,
202d7c3df0a0489288ace48e1e81ac9f,187,4635,0,0,0,,0,0,0,,0,0,0,,76,0,0,0,
aad41e66df77481baac0825033d81487,187,43658,899,318,1154,https://www.youtube.com/watch?v=pphaG2mqBko,0,0,0,,899,318,1154,https://www.youtube.com/watch?v=pphaG2mqBko,0,0,0,0,
699b0baa82d0413aa073155683edcd56,186,5320,0,0,0,,0,0,0,,0,0,0,,2199,111,79,140,https://www.twitch.tv/videos/2744541630
865ef104e1784d878871c819452a63dd,185,1917,67,26,86,https://www.youtube.com/watch?v=d3iAVK2Q3Ys,67,26,86,https://www.youtube.com/watch?v=d3iAVK2Q3Ys,0,0,0,,0,0,0,0,
59ea0c3b836c4dee8ba08df9bb73be86,184,0,0,0,0,,0,0,0,,0,0,0,,0,0,0,0,
cf5fc0cd849841679951b3769979b3a0,184,3566,84,29,211,https://www.youtube.com/watch?v=3uB1JzEHVaU,84,29,211,https://www.youtube.com/watch?v=3uB1JzEHVaU,0,0,0,,37,25,20,44,https://www.twitch.tv/videos/2747112537
7a7e366c81d54d03a07cb2c6cb382884,184,6215,0,0,0,,0,0,0,,0,0,0,,0,0,0,0,
c8bd7c9fcc714269b8092571f2622867,183,478,0,0,0,,0,0,0,,0,0,0,,0,0,0,0,
a0fd4ae0fdc540c7b0c63d292372412a,182,2473,0,0,0,,0,0,0,,0,0,0,,186,0,0,0,
25f3eb5a85784e0e9f59f45ae775badd,180,10496,0,0,0,,0,0,0,,0,0,0,,0,0,0,0,
e73e2554e6754cadb0b836bb1fcfdaf7,178,17877,96,47,1200,https://www.youtube.com/watch?v=1O_zskkPAOk,87,41,237,https://www.youtube.com/watch?v=a71eL1M2doU,716,156,1200,https://www.youtube.com/watch?v=1O_zskkPAOk,31,57,45,80,https://www.twitch.tv/videos/2750921509
d46a06f4c654403e8b6376f7eda6f6ba,178,9466,74,22,1712,https://www.youtube.com/watch?v=9Zc7tJkYRJ8,68,19,92,https://www.youtube.com/watch?v=Om8d9YVFn1I,1712,476,1712,https://www.youtube.com/watch?v=9Zc7tJkYRJ8,0,0,0,0,
98c577d538f84d75a3c34e0f9d13c8a3,177,10688,0,0,0,,0,0,0,,0,0,0,,256,14,7,14,https://www.twitch.tv/videos/2743879540
49150fef0c1f4c0e9e18567224a7bf5c,177,0,650,634,650,https://www.youtube.com/watch?v=SKjbf60UGiQ,0,0,0,,650,634,650,https://www.youtube.com/watch?v=SKjbf60UGiQ,0,0,0,0,
ae2d7595c5b94d0786e2fcd5c8973c06,176,2501,0,0,0,,0,0,0,,0,0,0,,0,0,0,0,
a0b5f8b54a534dfcb66154002e97e4cc,175,0,0,0,0,,0,0,0,,0,0,0,,155,0,0,0,
7ee7164af0d645a18422350715a1eef0,175,399,0,0,0,,0,0,0,,0,0,0,,359,0,0,0,
9b9409f309a54c54bf6225f43eae1167,174,5902,0,0,0,,0,0,0,,0,0,0,,1923,349,289,464,https://www.twitch.tv/videos/2753423689
b2ec8ce2ab124618ae1b1af2cd85ce23,173,2745,0,0,0,,0,0,0,,0,0,0,,270,0,0,0,
844adbe9800c4c52863267075afd2c7f,173,8761,0,0,0,,0,0,0,,0,0,0,,259,0,0,0,
b850c220033a4b6d83c9b9b70b04647b,172,3752,0,0,0,,0,0,0,,0,0,0,,203,0,0,0,
56e0088d20b04a059da9932476fc9a5b,172,21221,0,0,0,,0,0,0,,0,0,0,,2564,0,0,0,
9add5efb4665440e8e021a9c3ced6095,172,10597,66,17,409,https://www.youtube.com/watch?v=FH9nqQmfHNo,64,10,409,https://www.youtube.com/watch?v=FH9nqQmfHNo,228,168,228,https://www.youtube.com/watch?v=88ttK-KWVZ8,0,0,0,0,
513641895d9a4fbca3b19aeb63d28915,172,7327,0,0,0,,0,0,0,,0,0,0,,1294,503,214,600,https://www.twitch.tv/videos/2738895823
74a8b2325c0c4b158dd12377bff187c8,171,8964,156,26,722,https://www.youtube.com/watch?v=9aZevKYxXlQ,0,0,0,,156,26,722,https://www.youtube.com/watch?v=9aZevKYxXlQ,0,0,0,0,
a91c83dff0c94387aa2c11e597424517,171,10926,0,0,0,,0,0,0,,0,0,0,,260,53,34,78,https://www.twitch.tv/videos/2747038087
a3bbe09809e141e5b0658a79ba63f977,171,13630,6,3,14,https://www.youtube.com/watch?v=8pa5mvhGwBs,0,0,0,,6,3,14,https://www.youtube.com/watch?v=8pa5mvhGwBs,402,16,8,21,https://www.twitch.tv/videos/2754267689
6cdc57bc89cc4b7f9c9d848fd5b0d031,171,23656,0,0,0,,0,0,0,,0,0,0,,0,0,0,0,
bb21226dc1db41e294f545133948115b,171,12866,0,0,0,,0,0,0,,0,0,0,,858,0,0,0,
67dc6d443cff47a4bc6a31a56e8b72f5,171,17532,54,4,81,https://www.youtube.com/watch?v=djwZf9-9kpA,59,26,81,https://www.youtube.com/watch?v=djwZf9-9kpA,6,3,6,https://www.youtube.com/watch?v=yzZJ7FNNNXY,0,0,0,0,
868a7d0a1ef94befa5205a21fb65d7d5,169,2805,0,0,0,,0,0,0,,0,0,0,,4630,176,165,192,https://www.twitch.tv/videos/2754990635
2479e2782c0b4a7880004832c84a336b,169,2562,1507,995,1507,https://www.youtube.com/watch?v=jqWuv8FXNDk,0,0,0,,1507,995,1507,https://www.youtube.com/watch?v=jqWuv8FXNDk,284,72,40,72,https://www.twitch.tv/videos/2744536082
c29627e1a48a4ea8b21c858aba1836d0,168,6452,0,0,0,,0,0,0,,0,0,0,,414,141,96,157,https://www.twitch.tv/videos/2748591503
0c97b425059d4ac893cae0f804f4ccbc,168,10989,0,0,0,,0,0,0,,0,0,0,,0,0,0,0,
ad94d8048eb443248e4f2161201a938d,168,4827,278,118,1121,https://www.youtube.com/watch?v=gVt35I-ANfc,0,0,0,,278,118,1121,https://www.youtube.com/watch?v=gVt35I-ANfc,12,0,0,0,
cd38e82545b04cb8a3e047fe41f2ba40,167,1257,0,0,0,,0,0,0,,0,0,0,,1012,211,110,967,https://www.twitch.tv/videos/2740853501
288ba70f1a044c72a65ed9cf3b425d13,167,16978,0,0,0,,0,0,0,,0,0,0,,0,0,0,0,
591654ee39c147ffaa77a531a81a6eda,167,13065,24,17,144,https://www.youtube.com/watch?v=bKKVzQgiVdI,24,17,144,https://www.youtube.com/watch?v=bKKVzQgiVdI,0,0,0,,672,40,26,51,https://www.twitch.tv/videos/2744522949
a46ad933ff6f4d0c91cc1069f0329265,166,3490,0,0,0,,0,0,0,,0,0,0,,0,0,0,0,
58f233e089ca45c8bc1969b471183766,166,24593,17,5,62,https://www.youtube.com/watch?v=6v8tFqWvC14,17,5,62,https://www.youtube.com/watch?v=6v8tFqWvC14,0,0,0,,0,0,0,0,
604dc5a26bb54f3d8a69c9df659d23d7,165,4988,0,0,0,,0,0,0,,0,0,0,,802,43,28,63,https://www.twitch.tv/videos/2743593981
c08ae8d7412d407c8b233f6e445d081c,164,3345,2,0,87,https://www.youtube.com/watch?v=rWf6pDaG6MM,0,0,0,,2,0,87,https://www.youtube.com/watch?v=rWf6pDaG6MM,719,40,30,77,https://www.twitch.tv/videos/2746097002
64677f13935847cca3e2e6670a89d9a8,164,1030,21,9,31,https://www.youtube.com/watch?v=4p7UGw32qHg,21,9,31,https://www.youtube.com/watch?v=4p7UGw32qHg,0,0,0,,428,13,7,41,https://www.twitch.tv/videos/2755044693
1266255bc3ec481abc9d970be9f14f6d,164,0,0,0,0,,0,0,0,,0,0,0,,0,0,0,0,
0134d1ae91784122b79954c2c8571aef,163,0,0,0,0,,0,0,0,,0,0,0,,389,0,0,0,
ad6455da071543ab88cd4855a11cf39b,161,6136,36,13,37,https://www.youtube.com/watch?v=1WDEkymJ_5Y,36,13,37,https://www.youtube.com/watch?v=1WDEkymJ_5Y,0,0,0,,0,0,0,0,
8ad7e8cd45e040f797cf2f1fa9d68976,161,5592,39,16,158,https://www.youtube.com/watch?v=thn3JSkJgJs,39,16,158,https://www.youtube.com/watch?v=thn3JSkJgJs,0,0,0,,0,0,0,0,
1e62a729ec51448aa89d22adde18b214,160,34375,75,34,356,https://www.youtube.com/watch?v=Rd364RKLaMw,54,44,162,https://www.youtube.com/watch?v=sc30jGWeyAI,77,31,356,https://www.youtube.com/watch?v=Rd364RKLaMw,0,0,0,0,
3475b2087d9a4d799c10bd3ac5f45437,160,885,27,8,27,https://www.youtube.com/watch?v=bRGs-Zgon7o,0,0,0,,27,8,27,https://www.youtube.com/watch?v=bRGs-Zgon7o,1150,253,148,253,https://www.twitch.tv/videos/2745341721
6481e646412745d3b2fa38255cef0da4,159,7819,292,102,1756,https://www.youtube.com/watch?v=T6BnM6Nrlss,0,0,0,,292,102,1756,https://www.youtube.com/watch?v=T6BnM6Nrlss,556,82,62,127,https://www.twitch.tv/videos/2754310370
d93ec185504e45e2894865980da489a9,159,2642,7,1,30,https://www.youtube.com/watch?v=tCuBFRYRQ5I,0,0,0,,7,1,30,https://www.youtube.com/watch?v=tCuBFRYRQ5I,1715,278,221,688,https://www.twitch.tv/videos/2745498175
d92c3f9d55fb49e0bc29039b70da5dfb,158,1627,0,0,0,,0,0,0,,0,0,0,,0,0,0,0,
5aca9ae61bba473b96998fee811d155e,157,29018,260,195,699,https://www.youtube.com/watch?v=_lmpb4ildQg,20,13,20,https://www.youtube.com/watch?v=fmYxpF77XC4,377,209,699,https://www.youtube.com/watch?v=_lmpb4ildQg,0,0,0,0,
949f184abcc84a82b8e9f333b41a2109,157,9366,6,3,28,https://www.youtube.com/watch?v=E34A-1Gfw9s,0,0,0,,6,3,28,https://www.youtube.com/watch?v=E34A-1Gfw9s,2446,968,458,1537,https://www.twitch.tv/videos/2738905371
290bbaa329eb45b1a267bfd7e35c3b14,156,9074,0,0,0,,0,0,0,,0,0,0,,459,25,17,30,https://www.twitch.tv/videos/2750253447
bad9c0bc10404089a32d6b4b8346fc0e,156,86175,16,7,101,https://www.youtube.com/watch?v=x7EcroC4Gsg,16,7,101,https://www.youtube.com/watch?v=x7EcroC4Gsg,0,0,0,,0,0,0,0,
46821555a7af41e4aa70fe0fabd8a4f6,155,7303,0,0,0,,0,0,0,,0,0,0,,670,115,81,297,https://www.twitch.tv/videos/2746934173
fe1731a49d43440391f571347747604c,155,2562,1,0,1,https://www.youtube.com/watch?v=7vEFC1ejXO4,0,0,0,,1,0,1,https://www.youtube.com/watch?v=7vEFC1ejXO4,1274,362,235,600,https://www.twitch.tv/videos/2745222673
3442df03030941b0933077faf6a75c6a,154,9756,0,0,0,,0,0,0,,0,0,0,,629,72,56,120,https://www.twitch.tv/videos/2747886560
354734963c7d49588387bbba859a05a2,154,246,0,0,0,,0,0,0,,0,0,0,,0,0,0,0,
dc97af965a4942d281cc7365805233f1,154,3213,0,0,0,,0,0,0,,0,0,0,,68,16,13,16,https://www.twitch.tv/videos/2750889743
a8bee4c680a54cf29b34d90bf7230ab1,153,2793,0,0,0,,0,0,0,,0,0,0,,1903,196,142,252,https://www.twitch.tv/videos/2750146574
4d96aeef13f949e19026682e337db138,153,3233,0,0,0,,0,0,0,,0,0,0,,2647,103,77,103,https://www.twitch.tv/videos/2749383489
edfed5b0978a4fb98f94319bfc639d98,153,1196,0,0,0,,0,0,0,,0,0,0,,1047,350,241,1170,https://www.twitch.tv/videos/2750006809
6a915915ad2a4d29b524ebd50f2dbbe4,152,1514,0,0,0,,0,0,0,,0,0,0,,1595,0,0,0,
f958b1a87ecd4bfab42ba0d1443bfa61,152,9899,5,2,11,https://www.youtube.com/watch?v=eSQAHsQwOF4,6,3,11,https://www.youtube.com/watch?v=ymbmwSFTUWw,2,0,11,https://www.youtube.com/watch?v=eSQAHsQwOF4,524,78,50,94,https://www.twitch.tv/videos/2747802426
67c533576c474a0d9897f62964cef71c,151,4521,0,0,0,,0,0,0,,0,0,0,,298,78,60,105,https://www.twitch.tv/videos/2749299254
fced951d6a344a27b59e422984ead36d,150,26995,42,11,153,https://www.youtube.com/watch?v=3PkXrGaLe00,42,19,53,https://www.youtube.com/watch?v=LHou4mVZg9s,55,11,153,https://www.youtube.com/watch?v=3PkXrGaLe00,0,0,0,0,
41e1aa0eab8d4ec5a4010833581f5b92,149,2747,0,0,0,,0,0,0,,0,0,0,,87,0,0,0,
be4cf0f0dbca4973992d2cb553c1c2bc,149,0,0,0,0,,0,0,0,,0,0,0,,883,0,0,0,
68671ee09add4d87b8038acebc5b48a4,149,1017,4,1,21,https://www.youtube.com/watch?v=_LzT-_fK9-4,0,0,0,,4,1,21,https://www.youtube.com/watch?v=_LzT-_fK9-4,951,122,95,313,https://www.twitch.tv/videos/2744607709
704fc1f053134276ab03c19687cfcca6,147,0,0,0,0,,0,0,0,,0,0,0,,0,0,0,0,
eabec2cff9fb48cdb79965d77a56f47d,146,8756,69,21,777,https://www.youtube.com/watch?v=6q3tR7ZWXsM,58,17,175,https://www.youtube.com/watch?v=HhD3NCze8y0,117,76,777,https://www.youtube.com/watch?v=6q3tR7ZWXsM,0,0,0,0,
eab02228a491402a824805ab47174ff4,146,0,0,0,0,,0,0,0,,0,0,0,,0,0,0,0,
521d3e3d5e6e410aababfb8f290749b6,145,2475,1,0,1,https://www.youtube.com/watch?v=MDW_Iu83lhw,0,0,0,,1,0,1,https://www.youtube.com/watch?v=MDW_Iu83lhw,369,9,4,9,https://www.twitch.tv/videos/2744472679
98fd913e544f4725afdd28ad05f3e737,145,12221,0,0,0,,0,0,0,,0,0,0,,0,0,0,0,
46a16e41f2af4523adeb4556f2e0b0d5,145,3270,0,0,0,,0,0,0,,0,0,0,,8437,0,0,0,
06f1c7339e1c47ecb69ea7385f4635a1,144,32724,701,435,1621,https://www.youtube.com/watch?v=jlvCcLpYMTw,0,0,0,,701,435,1621,https://www.youtube.com/watch?v=jlvCcLpYMTw,363,197,133,274,https://www.twitch.tv/videos/2748599926
a84b1b6deabc462b9cf994fd02304b5b,143,863,0,0,0,,0,0,0,,0,0,0,,1690,71,42,136,https://www.twitch.tv/videos/2746002976
240c765d12ae40ab85e53fb39eb22b03,143,2601,0,0,0,,0,0,0,,0,0,0,,4421,0,0,0,
4ec87ced65c74722927e8fd3f219a653,143,3191,0,0,0,,0,0,0,,0,0,0,,222,0,0,0,
8b1758159f754a3a8d7f26dcf12c008f,143,7018,0,0,0,,0,0,0,,0,0,0,,0,0,0,0,
7ccac8385e2d41f69aab04b7f2b23cac,143,5204,0,0,0,,0,0,0,,0,0,0,,1363,0,0,0,
2d3deb7610dd4329ba77597dfdd13043,142,19595,1052,228,1897,https://www.youtube.com/watch?v=KHRR-oevWPE,0,0,0,,1052,228,1897,https://www.youtube.com/watch?v=KHRR-oevWPE,1885,212,104,607,https://www.twitch.tv/videos/2741242805
e6d7ea2833a1477aab8dfa3d4f4936fb,142,4446,0,0,0,,0,0,0,,0,0,0,,1436,236,165,371,https://www.twitch.tv/videos/2750991758
2f2a88438aee4a5e842f186bcdc05128,142,11552,1073,203,2033,https://www.youtube.com/watch?v=ySBV2-LUBKM,0,0,0,,1073,203,2033,https://www.youtube.com/watch?v=ySBV2-LUBKM,71,0,0,0,
985e77a95dcc46e38b513ab638c5ed25,141,7909,0,0,0,,0,0,0,,0,0,0,,501,0,0,0,
c8672ebbfe37442788c48d9a8399fc7b,141,24934,0,0,0,,0,0,0,,0,0,0,,852,219,146,345,https://www.twitch.tv/videos/2753520275
f55b426f2ceb419d964d1d1bcd3860e9,141,7020,0,0,0,,0,0,0,,0,0,0,,0,0,0,0,
eac3578c689d48b493103c11e2b16c5e,141,15883,0,0,0,,0,0,0,,0,0,0,,907,314,190,418,https://www.twitch.tv/videos/2747003254
1ea0189fc3ce47fb9461b6cab10d78fe,140,2879,0,0,0,,0,0,0,,0,0,0,,147,0,0,0,
3040b4d9d4374815a4e0af0c887a42fc,139,16805,0,0,0,,0,0,0,,0,0,0,,1248,1576,1240,1576,https://www.twitch.tv/videos/2750162335
061fa27713ec453ebf41c21eb58b7719,138,2110,0,0,0,,0,0,0,,0,0,0,,0,0,0,0,
135224fe261040639a802804b52f22db,137,0,0,0,0,,0,0,0,,0,0,0,,632,22,11,22,https://www.twitch.tv/videos/2744274400
f314b215c987471888b4477dc4d8bf08,137,0,0,0,0,,0,0,0,,0,0,0,,0,0,0,0,
a1a4762aa1eb4d95be1c0c7a528a8336,136,9876,1,0,832,https://www.youtube.com/watch?v=t8ER8BEeY5I,0,0,0,,1,0,832,https://www.youtube.com/watch?v=t8ER8BEeY5I,1854,186,159,186,https://www.twitch.tv/videos/2752015884
e739323b76994f8abcca757db52a440d,134,7960,76,9,76,https://www.youtube.com/watch?v=dG4Ku6zgQIw,76,9,76,https://www.youtube.com/watch?v=dG4Ku6zgQIw,0,0,0,,0,0,0,0,
fd638ba6820241d1b3367afab0c6ab3e,134,9901,0,0,0,,0,0,0,,0,0,0,,0,0,0,0,
5fdd1d15cf404c918b0f697baff04218,133,29593,1371,597,3279,https://www.youtube.com/watch?v=ggQ0bOFIsKw,0,0,0,,1371,597,3279,https://www.youtube.com/watch?v=ggQ0bOFIsKw,2562,564,484,1123,https://www.twitch.tv/videos/2751075059
fe1bd62313574733ab86c1a56b7143ab,133,0,0,0,0,,0,0,0,,0,0,0,,1555,0,0,0,
c9e933e250e747f88f8cbf4857ec7f3b,131,131,0,0,0,,0,0,0,,0,0,0,,2924,714,462,1821,https://www.twitch.tv/videos/2751664008
f42472ba115a480ab309612af9ae29cf,131,4601,21,5,37,https://www.youtube.com/watch?v=Bw453vJAxws,21,5,37,https://www.youtube.com/watch?v=Bw453vJAxws,0,0,0,,0,0,0,0,
afb9c6f2f93040d0a0227405b9d17bde,130,219102,566,184,1804,https://www.youtube.com/watch?v=sAUP5mH9xTE,0,0,0,,566,184,1804,https://www.youtube.com/watch?v=sAUP5mH9xTE,419,100,70,182,https://www.twitch.tv/videos/2749287867
b18dea7632bc49db974a22d6eb6660fb,130,3636,2,0,9,https://www.youtube.com/watch?v=CiOYzLYNvIs,0,0,0,,2,0,9,https://www.youtube.com/watch?v=CiOYzLYNvIs,404,40,32,43,https://www.twitch.tv/videos/2752696491
2928a7d5624e4af8b1331eabae6bda17,129,2668,2,0,3,https://www.youtube.com/watch?v=k2wFfHf7VNY,0,0,0,,2,0,3,https://www.youtube.com/watch?v=k2wFfHf7VNY,731,16,12,43,https://www.twitch.tv/videos/2749477145
c85822960da341bb8f5323219b233bd1,129,8971,0,0,0,,0,0,0,,0,0,0,,0,0,0,0,
90c230602c7542daa149c6f6edebc7c4,127,1457,0,0,0,,0,0,0,,0,0,0,,0,0,0,0,
453db6575b094b388ba2ae38e7ff2c51,127,15439,0,0,0,,0,0,0,,0,0,0,,674,0,0,0,
3b7dac5e2bdb4c08a139e18ef7f6f7e5,125,7186,0,0,0,,0,0,0,,0,0,0,,645,20,15,40,https://www.twitch.tv/videos/2752523529
f09a7c3155a047c98f155434b2634ecf,125,3893,0,0,0,,0,0,0,,0,0,0,,392,0,0,0,
a1d3d37caa68474288b903f309db32a1,124,8933,6,1,10,https://www.youtube.com/watch?v=aZtp5wgC_Pk,6,1,10,https://www.youtube.com/watch?v=aZtp5wgC_Pk,0,0,0,,0,0,0,0,
09b00ccde152498b808efe7317bd52f0,123,1428,0,0,0,,0,0,0,,0,0,0,,2862,0,0,0,
9b6ebeb957fe4fed84a5472b6b3bd13c,122,16964,0,0,0,,0,0,0,,0,0,0,,1182,329,195,505,https://www.twitch.tv/videos/2743589680
74d00f89697a43e6801463c71fb37172,122,18222,94,68,2388,https://www.youtube.com/watch?v=C4bHFlsQBbM,65,16,94,https://www.youtube.com/watch?v=TQyu34u_rWE,477,194,2388,https://www.youtube.com/watch?v=C4bHFlsQBbM,33,5,3,53,https://www.twitch.tv/videos/2751641065
75da31a9fa4e4dafac9e98135bfab373,121,0,0,0,0,,0,0,0,,0,0,0,,0,0,0,0,
350b440f9436415c8499526d4c6f3dfd,121,3977,0,0,0,,0,0,0,,0,0,0,,1723,167,123,238,https://www.twitch.tv/videos/2748712270
f7c5066e776943ef9f277e3f41232272,121,4359,0,0,0,,0,0,0,,0,0,0,,0,0,0,0,
fef1577c0352446c8e371b9fd9e7cc73,120,8619,0,0,2,https://www.youtube.com/watch?v=UdXQNqE7fP8,0,0,0,,0,0,2,https://www.youtube.com/watch?v=UdXQNqE7fP8,121,8,6,19,https://www.twitch.tv/videos/2750247818
68fd874932e3457989d88d4f7f474260,120,6401,27,13,1011,https://www.youtube.com/watch?v=ZI0ngZJvQZw,21,19,124,https://www.youtube.com/watch?v=_CFb4PSXvmg,30,3,1011,https://www.youtube.com/watch?v=ZI0ngZJvQZw,66,36,25,174,https://www.twitch.tv/videos/2750914541
8064b5c85fc64d10ae3e9d3a4c0dfd8f,119,1172,0,0,0,,0,0,0,,0,0,0,,2758,0,0,0,
577251897dc7463393b68c5b6f96559b,119,6649,3,1,7,https://www.youtube.com/watch?v=r4Wd8HVwugc,0,0,0,,3,1,7,https://www.youtube.com/watch?v=r4Wd8HVwugc,681,246,175,634,https://www.twitch.tv/videos/2748607603
6c66740fc44a4a489e7a67ac93dd274e,119,1432,0,0,0,,0,0,0,,0,0,0,,414,0,0,0,
8b5d6e9353ba46789fa6a2cfd94f69b2,119,4225,4,0,16,https://www.youtube.com/watch?v=grq8JCzsng4,0,0,0,,4,0,16,https://www.youtube.com/watch?v=grq8JCzsng4,130,14,12,17,https://www.twitch.tv/videos/2754805886
5a60a41d2a604bc68368158cd0b1cc12,118,9538,0,0,2,https://www.youtube.com/watch?v=hJohYzgCKW8,0,0,0,,0,0,2,https://www.youtube.com/watch?v=hJohYzgCKW8,637,63,46,116,https://www.twitch.tv/videos/2751897463
16e0b967de004b45b5c10302382ad43e,117,1886,0,0,0,,0,0,0,,0,0,0,,525,20,13,20,https://www.twitch.tv/videos/2747578661
e93b2dd2339a422f8ab3d21c9d95161c,116,2467,0,0,0,,0,0,0,,0,0,0,,503,21,16,65,https://www.twitch.tv/videos/2753279695
82dcae1da14844ee88960a76041e7c27,116,482,0,0,0,,0,0,0,,0,0,0,,271,0,0,0,
9a7b047b85ae4227af74a0e200c3abc9,116,15168,843,529,1100,https://www.youtube.com/watch?v=Y42TYt95wWU,0,0,0,,843,529,1100,https://www.youtube.com/watch?v=Y42TYt95wWU,758,47,36,64,https://www.twitch.tv/videos/2746226179
063fe3c0ae714b4ea4edaf79bda5dda0,115,492,0,0,0,,0,0,0,,0,0,0,,2093,271,177,455,https://www.twitch.tv/videos/2750188516
a2847bd09f954df794fb9289d6a96dae,115,4080,176,111,326,https://www.youtube.com/watch?v=EOg0fxV27YA,0,0,0,,176,111,326,https://www.youtube.com/watch?v=EOg0fxV27YA,637,91,65,193,https://www.twitch.tv/videos/2748568679
b9a09f50375248aebc3d6afdb7f5adf6,114,2011,0,0,0,,0,0,0,,0,0,0,,833,0,0,0,
1daf23905a3d4aa9a59273e563e33382,113,6582,0,0,0,,0,0,0,,0,0,0,,1826,0,0,0,
12286b61ae55499b8c60101a4625b089,113,6633,0,0,0,,0,0,0,,0,0,0,,314,0,0,0,
822b9b7a9eca49df9bfd617a19b274b0,112,2747,27,11,40,https://www.youtube.com/watch?v=aVqLiQVn4BI,27,11,40,https://www.youtube.com/watch?v=aVqLiQVn4BI,0,0,0,,0,0,0,0,
8882f2de2e6947e190be5b4f63a4e626,112,0,0,0,0,,0,0,0,,0,0,0,,0,0,0,0,
4ead521cd6a04a5aa1b2739f252ac9d1,111,1735,0,0,0,,0,0,0,,0,0,0,,260,53,23,133,https://www.twitch.tv/videos/2751856395
6358ea21f673491fab72d62494b2225f,110,3813,112,21,947,https://www.youtube.com/watch?v=lnW52cKubzY,0,0,0,,112,21,947,https://www.youtube.com/watch?v=lnW52cKubzY,514,270,174,568,https://www.twitch.tv/videos/2751746677
77364942d7f24440bbde8efa71c724df,109,6818,0,0,0,,0,0,0,,0,0,0,,634,25,18,90,https://www.twitch.tv/videos/2747039311
821713a01e5a4f1787926fb48dbf7302,109,7413,28,17,75,https://www.youtube.com/watch?v=yt9XFCxsm5E,28,17,75,https://www.youtube.com/watch?v=yt9XFCxsm5E,0,0,0,,0,0,0,0,
965ff8a77ab845aaac693d9c7a56f82d,108,7493,0,0,0,,0,0,0,,0,0,0,,674,132,90,326,https://www.twitch.tv/videos/2745284408
dd9bf471b0304627877f38daaec5407b,108,597,0,0,0,,0,0,0,,0,0,0,,939,61,35,134,https://www.twitch.tv/videos/2746119935
a127ff7335ae467d961641bcf84f1e2f,107,9329,0,0,0,,0,0,0,,0,0,0,,2152,179,145,179,https://www.twitch.tv/videos/2750871878
8868dd9b4d75481397fd841b8ef6c55d,107,2284,0,0,0,,0,0,0,,0,0,0,,13,0,0,0,
f10dc84fab2a41d385c2553b0f1d788b,106,4286,0,0,0,,0,0,0,,0,0,0,,618,102,78,386,https://www.twitch.tv/videos/2744408185
65f0266aa5484b4e9f244e856e0d88b3,105,36,0,0,0,,0,0,0,,0,0,0,,418,0,0,0,
1af37b5945cf40019107583a3c6537ea,105,635,0,0,0,,0,0,0,,0,0,0,,2662,451,343,553,https://www.twitch.tv/videos/2752688679
fede6fee793048f1a576cab38a6bd414,103,6244,0,0,0,,0,0,0,,0,0,0,,2288,67,16,114,https://www.twitch.tv/videos/2731995198
0a9f3befc55d447fbc9fa1e54ba0dd8e,103,0,0,0,0,,0,0,0,,0,0,0,,134,0,0,0,
2d25a18a83af462a8d4062e162017a1a,102,5101,7,4,7,https://www.youtube.com/watch?v=s75SuCI_V0o,0,0,0,,7,4,7,https://www.youtube.com/watch?v=s75SuCI_V0o,495,20,12,20,https://www.twitch.tv/videos/2746363132
ca65749ceff346fd971c24b0461f18d9,102,8277,0,0,0,,0,0,0,,0,0,0,,618,0,0,0,
25ebd185190b42d993d961d7c795b444,100,2679,0,0,0,,0,0,0,,0,0,0,,2356,0,0,0,
53b98a4bbf49419fb4516525846d4d35,100,483,0,0,0,,0,0,0,,0,0,0,,1818,0,0,0,
a2e9afb364e84d48acbdc77441ad17a7,100,6984,1452,400,1568,https://www.youtube.com/watch?v=iGkS46pveVc,0,0,0,,1452,400,1568,https://www.youtube.com/watch?v=iGkS46pveVc,544,36,34,36,https://www.twitch.tv/videos/2754333851
c8e7047c84614b1bb8e9f352c7dac95e,100,1138,0,0,0,,0,0,0,,0,0,0,,723,0,0,0,
f35a552c958c4e798cac3bff3f5fff2b,99,674,0,0,0,,0,0,0,,0,0,0,,677,127,65,127,https://www.twitch.tv/videos/2743576065
06d173cf0b3f4369bcfb4b4270bd59e3,99,292,0,0,0,,0,0,0,,0,0,0,,220,240,187,378,https://www.twitch.tv/videos/2749286426
7f7b426bf3fb463388a1dd8ddb02a0be,99,1964,0,0,0,,0,0,0,,0,0,0,,92,0,0,0,
ba27c499a50f4cac87e6e5b94da18292,97,1981,0,0,0,,0,0,0,,0,0,0,,1311,509,369,566,https://www.twitch.tv/videos/2754326675
7d5666a446d14da29b95ba8ecf3fc4b6,96,11731,0,0,0,,0,0,0,,0,0,0,,0,0,0,0,
67784d7c61af482780ab0558083fcd1e,95,3035,0,0,0,,0,0,0,,0,0,0,,360,18,11,23,https://www.twitch.tv/videos/2744507030
7180ef027197417da8c0143be2d45fa2,94,0,0,0,0,,0,0,0,,0,0,0,,640,0,0,0,
6c8f616ab73c449d8eb8e3888c2c8bfe,94,1457,0,0,0,,0,0,0,,0,0,0,,1550,0,0,0,
ef36201df30f43ba9efbd573f9a6d9b7,94,13639,0,0,0,,0,0,0,,0,0,0,,406,160,109,526,https://www.twitch.tv/videos/2745365661
6b21f41580a64cc7ab15d219a612723b,94,0,0,0,0,,0,0,0,,0,0,0,,4513,0,0,0,
33ce96c886d341879ce66c4f7892c421,93,57623,171,117,1344,https://www.youtube.com/watch?v=dIRTqt2SJEU,0,0,0,,171,117,1344,https://www.youtube.com/watch?v=dIRTqt2SJEU,669,177,126,354,https://www.twitch.tv/videos/2751711446
ede21f904daf4a9b978efe15b0d9a31f,92,10053,0,0,0,,0,0,0,,0,0,0,,1922,225,200,225,https://www.twitch.tv/videos/2752769196
2bb0e68d998d4b2bbfc79557a233fb33,88,10051,24,13,213,https://www.youtube.com/watch?v=9GOu_VaHqOw,24,13,213,https://www.youtube.com/watch?v=9GOu_VaHqOw,0,0,0,,102,17,12,47,https://www.twitch.tv/videos/2747037209
34e73d1959694451b938ff53d98f9cec,86,716,30,21,30,https://www.youtube.com/watch?v=VYz6b_hFbdc,0,0,0,,30,21,30,https://www.youtube.com/watch?v=VYz6b_hFbdc,365,49,33,49,https://www.twitch.tv/videos/2747819678
32ae564b306c42cab2e1a4a8a9d6adfe,85,1053,0,0,0,,0,0,0,,0,0,0,,1283,0,0,0,
9523dedfc79a4f99b18461ff40586307,84,21990,24,0,24,https://www.youtube.com/watch?v=SRaZkgo_Bxo,24,0,24,https://www.youtube.com/watch?v=SRaZkgo_Bxo,0,0,0,,0,0,0,0,
904e3c91b4e1427f9b2d69f69aa3b13c,84,13845,32,20,34,https://www.youtube.com/watch?v=0qmt0ReMEyM,32,20,34,https://www.youtube.com/watch?v=0qmt0ReMEyM,0,0,0,,0,0,0,0,
cf100db6a3dc4010b32802b75f5abc14,83,840,10,5,147,https://www.youtube.com/watch?v=KHpbRFK8oL4,19,15,75,https://www.youtube.com/watch?v=Jr7RgMHq9ho,4,2,147,https://www.youtube.com/watch?v=KHpbRFK8oL4,0,0,0,0,
c441bf25222246ac8f1a67477d047520,83,0,0,0,0,,0,0,0,,0,0,0,,0,0,0,0,
9f9bfcbf980b43bcb00c03261439d18d,83,1319,0,0,0,,0,0,0,,0,0,0,,42,0,0,0,
1406aeb0ef48430bab0b939a29609394,81,0,0,0,0,,0,0,0,,0,0,0,,0,0,0,0,
16dba95f038f4b5ca6d3599c80ebe118,81,1438,0,0,0,,0,0,0,,0,0,0,,0,0,0,0,
4c3e3e5338ae44feae581bbdffa8b811,79,11093,0,0,0,,0,0,0,,0,0,0,,217,0,0,0,
c6d0078f1d5e4fd08a459c7eecd85464,79,19530,269,121,785,https://www.youtube.com/watch?v=lKFK7tsj9hI,43,18,88,https://www.youtube.com/watch?v=_szex1aJz5k,373,192,785,https://www.youtube.com/watch?v=lKFK7tsj9hI,0,0,0,0,
6bf231719d5e485fa0cdee99905858d4,79,1640,0,0,0,,0,0,0,,0,0,0,,706,158,108,263,https://www.twitch.tv/videos/2750958463
07e7b5801c93482daf6a6259ec569e43,78,448,0,0,0,,0,0,0,,0,0,0,,322,0,0,0,
12ece01ae7004e9195e79309f0cdae40,78,282,35,3,35,https://www.youtube.com/watch?v=mjTcHdi6p_k,0,0,0,,35,3,35,https://www.youtube.com/watch?v=mjTcHdi6p_k,2554,0,0,0,
a7c42dc3d080425b9e979100a59d955c,77,4364,0,0,0,,0,0,0,,0,0,0,,309,0,0,0,
39ff9dd2c91841b6b8c719d71b7bdb11,77,6968,0,0,0,,0,0,0,,0,0,0,,287,190,111,387,https://www.twitch.tv/videos/2754230247
3fd5cac9e94144ad9a298e46c5472792,75,1538,57,42,57,https://www.youtube.com/watch?v=oi2bDdv3uMo,0,0,0,,57,42,57,https://www.youtube.com/watch?v=oi2bDdv3uMo,0,0,0,0,
188108fa6e2e41afb060e4038e49d4ab,75,2554,0,0,0,,0,0,0,,0,0,0,,711,0,0,0,
105bfceb9747425eb58622b6ebccf920,75,1031,0,0,0,,0,0,0,,0,0,0,,369,0,0,0,
28e6f7c12a3b45899e7508058f926af9,73,12358,0,0,0,,0,0,0,,0,0,0,,1619,58,7,125,https://www.twitch.tv/videos/2736364700
1ef73c1e25b04bce98a9a5e475826d57,73,0,0,0,0,,0,0,0,,0,0,0,,0,0,0,0,
eff26caff6bd4720957cefaf8f6fc87a,73,5716,115,7,115,https://www.youtube.com/watch?v=tgYcdi39PSg,0,0,0,,115,7,115,https://www.youtube.com/watch?v=tgYcdi39PSg,1257,267,230,1570,https://www.twitch.tv/videos/2743651552
08d8f03223a54fb3807d49fb7c30b434,73,2119,61,39,606,https://www.youtube.com/watch?v=QpQB1hZAziA,60,38,226,https://www.youtube.com/watch?v=iHt5SrFv2Ss,430,364,606,https://www.youtube.com/watch?v=QpQB1hZAziA,20,0,0,0,
ce1d3cace1cf4ec799c8846c8c2a6d48,71,236,0,0,0,,0,0,0,,0,0,0,,2290,878,154,2349,https://www.twitch.tv/videos/2731022451
a5be52423e2f46b8bbad4a56c7f1d5e5,70,1416,3,1,4,https://www.youtube.com/watch?v=x25DZH_aU60,0,0,0,,3,1,4,https://www.youtube.com/watch?v=x25DZH_aU60,1281,232,186,319,https://www.twitch.tv/videos/2747039988
ee77ed51da394f02b72c33756b155eac,70,4669,6,1,58,https://www.youtube.com/watch?v=1n0jKNF-9aM,0,0,0,,6,1,58,https://www.youtube.com/watch?v=1n0jKNF-9aM,752,44,25,65,https://www.twitch.tv/videos/2750184916
2c2db11a23aa43298ab96e60a20692d7,67,1599,0,0,0,,0,0,0,,0,0,0,,1482,0,0,0,
70ab761191014a39b7d090541f785cd2,67,2911,47,6,1290,https://www.youtube.com/watch?v=JfWgqbgp4Wo,0,0,0,,47,6,1290,https://www.youtube.com/watch?v=JfWgqbgp4Wo,92,59,40,59,https://www.twitch.tv/videos/2747876261
82ceab659cbe441fb2f6555fdcacad6c,66,1081,0,0,0,,0,0,0,,0,0,0,,0,0,0,0,
1645f4035c9b42019c61d630fc75d5e0,66,851,0,0,0,,0,0,0,,0,0,0,,92,0,0,0,
43d785b8082f43138988dacd0236bb67,66,0,0,0,0,,0,0,0,,0,0,0,,437,0,0,0,
4eb87102a0f44516a6ed011faeeff00d,66,0,0,0,0,,0,0,0,,0,0,0,,1518,0,0,0,
fd1f154909d743129d5d6f58813bf231,66,3988,0,0,0,,0,0,0,,0,0,0,,0,0,0,0,
94bda3c948ac4e74ad5c3592c1d284ac,65,782,1,0,3,https://www.youtube.com/watch?v=UNxgnLb-z-I,0,0,0,,1,0,3,https://www.youtube.com/watch?v=UNxgnLb-z-I,130,0,0,0,
51fc95cfca444f03abe9a50acf8f85e6,65,3535,0,0,0,,0,0,0,,0,0,0,,1294,190,165,2212,https://www.twitch.tv/videos/2750651227
061fb9c63b7e45bb85ea7e6bd4fe3745,65,4252,20,19,20,https://www.youtube.com/watch?v=MPvkRKgA0yA,0,0,0,,20,19,20,https://www.youtube.com/watch?v=MPvkRKgA0yA,218,36,28,51,https://www.twitch.tv/videos/2751584865
b2d32948347e4c6c9afa8f813e626aae,65,3770,14,5,1943,https://www.youtube.com/watch?v=1kjYiREnpS8,12,4,14,https://www.youtube.com/watch?v=hqDsXDapVss,1943,1865,1943,https://www.youtube.com/watch?v=1kjYiREnpS8,0,0,0,0,
4d8e2a0b44bc475da5d9688b668c782d,65,196,0,0,0,,0,0,0,,0,0,0,,279,0,0,0,
c7f53f2fbdbe4db488629ab4d738a16a,64,4322,0,0,0,,0,0,0,,0,0,0,,691,66,41,103,https://www.twitch.tv/videos/2751043369
ff170a57c74545c7977b64a6d82981af,64,8759,25,10,417,https://www.youtube.com/watch?v=C03NL1-Nd1M,22,8,45,https://www.youtube.com/watch?v=tG-yZerAfKY,101,41,417,https://www.youtube.com/watch?v=C03NL1-Nd1M,0,0,0,0,
d6a769b7bf6b49f08adf3e1136d86c7e,63,16531,0,0,0,,0,0,0,,0,0,0,,900,0,0,0,
45850b41e06641ef9dc11aa3d94c9738,63,2890,0,0,0,,0,0,0,,0,0,0,,0,0,0,0,
f9d27b07ff84433b8397b0587f339e27,63,9351,0,0,0,,0,0,0,,0,0,0,,192,26,13,56,https://www.twitch.tv/videos/2746255411
22f16847ee064b1bafd9bbe15bd31284,62,2596,1330,991,1532,https://www.youtube.com/watch?v=xl6g7qHJtUY,0,0,0,,1330,991,1532,https://www.youtube.com/watch?v=xl6g7qHJtUY,678,82,61,273,https://www.twitch.tv/videos/2752551991
889b220891694985b7373aa2732a0263,61,423,0,0,0,,0,0,0,,0,0,0,,536,125,87,200,https://www.twitch.tv/videos/2743799319
a9ada11d61114319885597db6a0725fb,61,316,0,0,0,,0,0,0,,0,0,0,,650,37,33,37,https://www.twitch.tv/videos/2753353810
e2448cc1f0df41b08247cb7a51119a67,61,671,127,90,127,https://www.youtube.com/watch?v=Zt40ikC7Y68,0,0,0,,127,90,127,https://www.youtube.com/watch?v=Zt40ikC7Y68,698,0,0,0,
dda9d5733f5f49f4aa77f147640040c3,59,435,0,0,0,,0,0,0,,0,0,0,,944,0,0,0,
a73103b226f34098bb5d4cd00b86d2f6,59,2144,0,0,0,,0,0,0,,0,0,0,,251,0,0,0,
5718a7998f6249eeba0bf087da51c1c0,59,16976,1508,1495,1508,https://www.youtube.com/watch?v=ZvKESWfLg9w,0,0,0,,1508,1495,1508,https://www.youtube.com/watch?v=ZvKESWfLg9w,564,85,65,482,https://www.twitch.tv/videos/2752471331
359bb9450c49401da7b002980d4f97df,57,215,0,0,0,,0,0,0,,0,0,0,,986,0,0,0,
5d27ac4b9342450990a299e95818bbb0,56,2078,0,0,0,,0,0,0,,0,0,0,,0,0,0,0,
ef13ede8525d49339887c3bf54b08acc,56,1203,38,21,65,https://www.youtube.com/watch?v=hPQX2f9HWac,38,21,65,https://www.youtube.com/watch?v=hPQX2f9HWac,0,0,0,,46,10,6,10,https://www.twitch.tv/videos/2746228863
e4488c7dece84f7580bc0ab130222e08,56,7219,0,0,0,,0,0,0,,0,0,0,,913,113,70,151,https://www.twitch.tv/videos/2744675389
130a4d6105464e518a8a3eed336b4101,54,674,0,0,0,,0,0,0,,0,0,0,,1001,0,0,0,
6bb236447ed9412a98c9b2d7c9069e10,54,13132,0,0,0,,0,0,0,,0,0,0,,1975,268,177,427,https://www.twitch.tv/videos/2752503113
e3b9c06f64d84a0dabb3e97c0caacaca,53,14923,32,7,945,https://www.youtube.com/watch?v=B0flPuy7lR0,0,0,0,,32,7,945,https://www.youtube.com/watch?v=B0flPuy7lR0,0,0,0,0,
f8e4654549304ea9933e02c2dcf48aae,53,0,0,0,0,,0,0,0,,0,0,0,,575,0,0,0,
8723ccecdfd84d92b1de24f9d6a86bcc,53,2820,0,0,0,,0,0,0,,0,0,0,,3407,450,299,1251,https://www.twitch.tv/videos/2745368338
c06b6f1eb79d41ecb17aaaf80e035daa,52,0,0,0,0,,0,0,0,,0,0,0,,2055,503,409,1302,https://www.twitch.tv/videos/2743738305
b3e0bc9dd06f4774b492e6d50dd92be2,52,83,0,0,0,,0,0,0,,0,0,0,,252,33,26,33,https://www.twitch.tv/videos/2750206535
591a7323f0134cf2929e75d959f21f68,51,101,4,1,4,https://www.youtube.com/watch?v=E9XmUEJlaxM,4,1,4,https://www.youtube.com/watch?v=E9XmUEJlaxM,0,0,0,,1249,0,0,0,
2a25c205cc374cbeb8c8ccfe988ec9cc,51,792,0,0,0,,0,0,0,,0,0,0,,1467,149,109,183,https://www.twitch.tv/videos/2751772801
74acc3b3c4db41d2a13cce887ad2a856,50,3225,0,0,0,,0,0,0,,0,0,0,,1482,0,0,0,
f5f22d1a091143798bfc7fac1211183c,49,661,285,74,506,https://www.youtube.com/watch?v=YqQnRvY9lBA,0,0,0,,285,74,506,https://www.youtube.com/watch?v=YqQnRvY9lBA,124,63,35,96,https://www.twitch.tv/videos/2745428210
80692e12416048be8396526bdb9c3040,49,1710,0,0,0,,0,0,0,,0,0,0,,526,0,0,0,
bd8b9130e88a44c98f1bdcbed402ae01,48,629,0,0,0,,0,0,0,,0,0,0,,0,0,0,0,
255a5e79f9d14e6492d741b95f78cb7c,48,1054,23,15,24,https://www.youtube.com/watch?v=8xH4OhE0wy4,23,15,24,https://www.youtube.com/watch?v=8xH4OhE0wy4,0,0,0,,2262,78,62,99,https://www.twitch.tv/videos/2749072266
0ddb6eca94604d4da0665e90fbbe366f,48,1187,0,0,0,,0,0,0,,0,0,0,,154,24,21,53,https://www.twitch.tv/videos/2747847986
f86ec6a459f64e7d8431c69b1d7ec28b,48,597,41,22,133,https://www.youtube.com/watch?v=XnW5Fdw4Rlo,41,22,133,https://www.youtube.com/watch?v=XnW5Fdw4Rlo,0,0,0,,34,36,33,39,https://www.twitch.tv/videos/2754283605
3098e045fa844093a3731b19665e9462,47,425,0,0,0,,0,0,0,,0,0,0,,753,0,0,0,
d9f302ca07b54664a88124d64442abac,47,7972,8,5,8,https://www.youtube.com/watch?v=Q-qLOFn8X6Y,0,0,0,,8,5,8,https://www.youtube.com/watch?v=Q-qLOFn8X6Y,131,14,8,17,https://www.twitch.tv/videos/2751899981
3691abedd6a7487d9995943b3df5c843,47,0,0,0,0,,0,0,0,,0,0,0,,251,0,0,0,
cb470bbb5a8f468a8a15b08757309d74,46,2284,0,0,0,,0,0,0,,0,0,0,,470,140,106,185,https://www.twitch.tv/videos/2750174734
359d60ab5abb445a8477a50781acc050,46,2284,1933,849,1933,https://www.youtube.com/watch?v=vOteZsskVI4,0,0,0,,1933,849,1933,https://www.youtube.com/watch?v=vOteZsskVI4,0,0,0,0,
889b2fb6c9ea47a99834061b47251a4b,46,1812,2,1,223,https://www.youtube.com/watch?v=DwoiUuixWzA,0,0,0,,2,1,223,https://www.youtube.com/watch?v=DwoiUuixWzA,369,101,59,115,https://www.twitch.tv/videos/2743710161
df02d1a89bc74c928c825773996bbb7b,46,2020,0,0,0,,0,0,0,,0,0,0,,1430,265,174,381,https://www.twitch.tv/videos/2746118640
676db89cb8a9483486442231b615b46f,45,8208,0,0,0,,0,0,0,,0,0,0,,126,0,0,0,
5b0963427f8e4f04a35cb0e71d95698d,45,0,0,0,0,,0,0,0,,0,0,0,,0,0,0,0,
68c50e424b2148478c74effaacfdeae3,45,589,0,0,0,,0,0,0,,0,0,0,,216,66,51,186,https://www.twitch.tv/videos/2754981029
40fca873cd074b01baa8f9b006f50d00,44,12498,0,0,0,,0,0,0,,0,0,0,,0,0,0,0,
a0e7c7e7702b4e81a5fecc4090814236,44,16665,14,6,79,https://www.youtube.com/watch?v=Ey2FVgdExZo,0,0,0,,14,6,79,https://www.youtube.com/watch?v=Ey2FVgdExZo,142,145,104,222,https://www.twitch.tv/videos/2748691700
9e121751e3774a15bdf9ccfab7eb7faf,43,472,0,0,0,,0,0,0,,0,0,0,,1050,151,104,181,https://www.twitch.tv/videos/2748608520
4e5a8a6380764f9b9f28732968e4aac8,43,313,0,0,0,,0,0,0,,0,0,0,,513,92,80,152,https://www.twitch.tv/videos/2751636928
07b6c0dad3114eca9e903fd5725cc4e8,43,269,0,0,0,,0,0,0,,0,0,0,,171,35,25,51,https://www.twitch.tv/videos/2750155075
c8be9c7ed05442dcb2b278dc5a6bc1de,40,10813,0,0,0,,0,0,0,,0,0,0,,184,54,40,100,https://www.twitch.tv/videos/2747063036
76355385e14341a5b8360ea9d19d831e,40,202,0,0,0,,0,0,0,,0,0,0,,0,0,0,0,
2e2a6c392c024bb2a68b681bc210c187,39,5577,3,1,374,https://www.youtube.com/watch?v=GutTzlaqVk0,0,0,0,,3,1,374,https://www.youtube.com/watch?v=GutTzlaqVk0,282,69,56,69,https://www.twitch.tv/videos/2751036002
54f2f567fdac423c80dad4b29a4372db,38,5634,0,0,0,,0,0,0,,0,0,0,,93,44,37,60,https://www.twitch.tv/videos/2750351917
e04b970f339243258cb0dc0c5735274a,38,1043,0,0,0,,0,0,0,,0,0,0,,0,0,0,0,
73273454c7b4453a834a74701826e0b8,37,576,0,0,0,,0,0,0,,0,0,0,,850,0,0,0,
7360e8cae69b4d4fbe91510c776b1c5e,37,3135,0,0,4,https://www.youtube.com/watch?v=YIqe1V4RLc0,0,0,0,,0,0,4,https://www.youtube.com/watch?v=YIqe1V4RLc0,225,46,33,94,https://www.twitch.tv/videos/2752664177
6bcb75418dd24274b2fe4b8e60a94999,37,3867,0,0,0,,0,0,0,,0,0,0,,385,0,0,0,
9ff652451cbd4ad098bf20dd9748ce12,37,4,0,0,0,,0,0,0,,0,0,0,,2158,24,15,45,https://www.twitch.tv/videos/2751174216
b9d51a073b4542ac800bd7c9e38d0902,37,1243,0,0,0,,0,0,0,,0,0,0,,229,0,0,0,
0b53549edaf5490ca350ef17aee7b8b9,36,197,0,0,0,,0,0,0,,0,0,0,,536,31,23,48,https://www.twitch.tv/videos/2746175233
285655d636d54fb6b3d23c92401545cf,36,4865,0,0,0,,0,0,0,,0,0,0,,0,0,0,0,
0eba942738504c8182c861668195c39e,36,0,0,0,0,,0,0,0,,0,0,0,,476,0,0,0,
c68bc0ba32f14d9b8669b0594435b68b,36,343,2,0,3,https://www.youtube.com/watch?v=fK6XA6hAtW4,0,0,0,,2,0,3,https://www.youtube.com/watch?v=fK6XA6hAtW4,203,20,17,20,https://www.twitch.tv/videos/2751959070
78b333b99eb242ad96a8ee82275a0e98,33,4562,18,8,1635,https://www.youtube.com/watch?v=9QJMJlnZ6Kk,13,3,18,https://www.youtube.com/watch?v=2GRSI08_cPU,58,35,1635,https://www.youtube.com/watch?v=9QJMJlnZ6Kk,0,0,0,0,
6d6b6d6e7b4b464bb093c9d34cee9754,33,591,0,0,0,,0,0,0,,0,0,0,,341,0,0,0,
0cb217f7775543eb9c5aac3b9df75a86,32,18233,0,0,0,,0,0,0,,0,0,0,,735,77,44,114,https://www.twitch.tv/videos/2746944315
d95abd62958c4081a999660b995d72ce,30,0,0,0,0,,0,0,0,,0,0,0,,0,0,0,0,
b8495fc4bb174140acf0ebd7d64fe044,30,2751,0,0,0,,0,0,0,,0,0,0,,2877,284,240,284,https://www.twitch.tv/videos/2751758773
e3ee9544e190459d9bc2bdf3c1ccde7b,29,3867,1,0,15,https://www.youtube.com/watch?v=2kMjvrACm7M,0,0,0,,1,0,15,https://www.youtube.com/watch?v=2kMjvrACm7M,773,116,94,144,https://www.twitch.tv/videos/2749400671
6c52137d373a45d58eafc0d52253dcf8,28,0,0,0,0,,0,0,0,,0,0,0,,1116,520,378,823,https://www.twitch.tv/videos/2746144235
1ee3effc49074de1ba98b10a13df2d10,27,679,0,0,0,,0,0,0,,0,0,0,,265,0,0,0,
9f976a39c1fa4e6dae3ed11b771ef918,27,627,9,4,46,https://www.youtube.com/watch?v=92LzO7iyLrM,9,4,46,https://www.youtube.com/watch?v=92LzO7iyLrM,3,1,10,https://www.youtube.com/watch?v=ANxWeFgoIPs,53,27,19,65,https://www.twitch.tv/videos/2750237463
0b165d46f9164557b16678383820ee04,27,0,0,0,0,,0,0,0,,0,0,0,,706,0,0,0,
50c9dbd2624f41408f2b6a9ccf61e447,26,498,0,0,0,,0,0,0,,0,0,0,,289,0,0,0,
59216a033f2b47128d190a5ed1add217,25,11,0,0,0,,0,0,0,,0,0,0,,256,6,5,8,https://www.twitch.tv/videos/2752008004
d4cd6eee95774ca389aebf3e783a8cd8,25,258,0,0,0,,0,0,0,,0,0,0,,480,61,40,109,https://www.twitch.tv/videos/2754154665
9f68c1ebda2041c9a221d47733e3cab9,24,975,0,0,0,,0,0,0,,0,0,0,,0,0,0,0,
bf2a683536dd447c83b75340e3db3b0a,22,1864,0,0,0,,0,0,0,,0,0,0,,149,58,33,58,https://www.twitch.tv/videos/2745055173
5a59b23a201f4b2d8729b0f4b33c9e6b,22,1907,0,0,0,,0,0,0,,0,0,0,,125,18,13,18,https://www.twitch.tv/videos/2749388345
173423093026403dbd1443e56c47b3db,21,808,0,0,31,https://www.youtube.com/watch?v=5mvGLT1xTB0,0,0,0,,0,0,31,https://www.youtube.com/watch?v=5mvGLT1xTB0,368,40,25,56,https://www.twitch.tv/videos/2744379573
5454ccf6c8ee496296e7084081863575,20,342,9,3,19,https://www.youtube.com/watch?v=QzXACClWR0Y,13,3,19,https://www.youtube.com/watch?v=QzXACClWR0Y,9,3,16,https://www.youtube.com/watch?v=LYSNdz6guiw,4,0,0,0,
a6815e229f914db2a936ad70c285cea2,17,1279,0,0,0,,0,0,0,,0,0,0,,457,0,0,0,
0886366d9cb8424e90fd8b3e12dcc0af,16,1343,0,0,0,,0,0,0,,0,0,0,,1455,487,321,920,https://www.twitch.tv/videos/2748333024
fae9210539d44a39a2a275b8d53cae37,14,3211,22,7,1486,https://www.youtube.com/watch?v=zXxY--_EcYE,46,21,58,https://www.youtube.com/watch?v=VoRdH5tAHfk,10,6,1486,https://www.youtube.com/watch?v=zXxY--_EcYE,9,45,44,63,https://www.twitch.tv/videos/2749391775
1e90b55b0e0b483d971e0c1fe02c750c,14,115,0,0,0,,0,0,0,,0,0,0,,0,0,0,0,
43436bf839424d238cc24ec8d90eb83c,13,1340,6,0,6,https://www.youtube.com/watch?v=gKlmc2T8yLk,0,0,0,,6,0,6,https://www.youtube.com/watch?v=gKlmc2T8yLk,13,0,0,0,
65a64befb1d84a1a85fe6ffe0abb09b4,13,0,0,0,0,,0,0,0,,0,0,0,,8,0,0,0,
83cdbb34376a45a086a9dac3bc5ccb9a,13,0,0,0,0,,0,0,0,,0,0,0,,16,0,0,0,
156fb169c746493bb50c813f20c4d1a8,13,116,0,0,0,,0,0,0,,0,0,0,,44,33,24,33,https://www.twitch.tv/videos/2749186520
ead3db33c54e411baa75a4bad3b48aee,12,79,0,0,0,,0,0,0,,0,0,0,,1616,44,39,65,https://www.twitch.tv/videos/2748647545
fd183b51115b4fefaf8ff3388d40acb3,12,29,0,0,0,,0,0,0,,0,0,0,,470,0,0,0,
4b6b92e9aea74d7481d50636f088e9be,12,1356,0,0,0,,0,0,0,,0,0,0,,0,0,0,0,
0a07165e6a2f45ab9b6c96debba1f079,10,0,0,0,0,,0,0,0,,0,0,0,,160,115,91,419,https://www.twitch.tv/videos/2755042287
e3b45528947e48a4b68964369bb69e00,9,1576,12,8,23,https://www.youtube.com/watch?v=oTfp_u32mZ8,23,16,23,https://www.youtube.com/watch?v=oTfp_u32mZ8,2,1,2,https://www.youtube.com/watch?v=dotHFpTM-lc,250,39,25,94,https://www.twitch.tv/videos/2744334478
b46cdde6e23343d5b5a9cfd115286e26,9,79,0,0,0,,0,0,0,,0,0,0,,113,55,46,73,https://www.twitch.tv/videos/2747005096
e2c0d3ba19244f75888e5dbe1881d22f,5,7,0,0,0,,0,0,0,,0,0,0,,1269,191,144,209,https://www.twitch.tv/videos/2747882933
19fdf3885dcf4d45bdf768a6f3fd99b4,4,85,0,0,0,,0,0,0,,0,0,0,,585,0,0,0,
afa3e309e41044c5bffe17466607d481,0,0,0,0,0,,0,0,0,,0,0,0,,32388,18344,11712,30066,https://www.twitch.tv/videos/2740551799
32aabdc7b41144a8b1bd28954cd3278c,0,0,0,0,0,,0,0,0,,0,0,0,,1546,68,38,68,https://www.twitch.tv/videos/2744670977
c2777df3c8d341f4a1f0bb9cda8d9365,0,0,0,0,0,,0,0,0,,0,0,0,,1684,0,0,0,
9c85aee2166449c395c18b0bc06f89e2,0,0,0,0,0,,0,0,0,,0,0,0,,349,0,0,0,
b053612876e04de488a32893a19f4b08,0,0,0,0,0,,0,0,0,,0,0,0,,340,65,44,203,https://www.twitch.tv/videos/2746906342
389c752acb964aeda95f36098fd37ef0,0,0,0,0,0,,0,0,0,,0,0,0,,1590,95,62,95,https://www.twitch.tv/videos/2747011576
b1f8da62ceca4089a4e7115624be25bc,0,0,0,0,0,,0,0,0,,0,0,0,,1866,2025,1834,5806,https://www.twitch.tv/videos/2744225721
7dd086a606284ba6b7b584f8b00dc190,0,0,0,0,0,,0,0,0,,0,0,0,,401,28,24,47,https://www.twitch.tv/videos/2751035267
a5b71bba2a2347a080ae3443d5ef47d5,0,0,0,0,0,,0,0,0,,0,0,0,,852,0,0,0,
091175f48e6c4ead84a2811cb3f22560,0,0,0,0,0,,0,0,0,,0,0,0,,108,0,0,0,
e32a4d49fba7459fbdf9e242288fa18c,0,0,0,0,0,,0,0,0,,0,0,0,,4967,392,210,755,https://www.twitch.tv/videos/2732826390
d30a2d88bd2146a8870209e98004e0f0,0,0,0,0,0,,0,0,0,,0,0,0,,1970,718,266,1092,https://www.twitch.tv/videos/2733649780
60cc7f18c0fe438280af5a81b31eb923,0,0,0,0,0,,0,0,0,,0,0,0,,3761,381,227,1110,https://www.twitch.tv/videos/2751732053
2af6cb0e15ce4839ba711b47608d4f4d,0,0,0,0,0,,0,0,0,,0,0,0,,4016,448,311,529,https://www.twitch.tv/videos/2750260998
e34f7c6a99ea4780b2351de111e222e6,0,0,0,0,0,,0,0,0,,0,0,0,,277,173,138,215,https://www.twitch.tv/videos/2751103432
d3f5c739727041bbb2151e96d9368bae,0,0,0,0,0,,0,0,0,,0,0,0,,406,162,144,425,https://www.twitch.tv/videos/2748314583
242326a56b0d4ca7a37c08a8fc2be138,0,0,0,0,0,,0,0,0,,0,0,0,,792,157,114,358,https://www.twitch.tv/videos/2754129953
880137f60dc842b98862f5b86ba8d94d,0,0,0,0,0,,0,0,0,,0,0,0,,710,59,47,59,https://www.twitch.tv/videos/2750870482
3a2199639669433faff0591468bcfa10,0,0,0,0,0,,0,0,0,,0,0,0,,1144,0,0,0,
b92f05ad314c4937b09cd603f9ebd64b,0,0,0,0,0,,0,0,0,,0,0,0,,343,0,0,0,
256252fdd3d1437995088c56e674fcf0,0,0,0,0,0,,0,0,0,,0,0,0,,1080,58,45,58,https://www.twitch.tv/videos/2750232107
007847e77d894f199e1272cf81e02730,0,0,0,0,0,,0,0,0,,0,0,0,,660,0,0,0,
f48eb9c6edaa4e45b2a1ebad1e9304ff,0,0,0,0,0,,0,0,0,,0,0,0,,0,0,0,0,
f0bc26cfe4a8451d863a8d8cbd6313ed,0,0,0,0,0,,0,0,0,,0,0,0,,6,0,0,0,
16896dffcb474d7aa21540c944a2f7de,0,0,0,0,0,,0,0,0,,0,0,0,,3296,1962,1210,81743,https://www.twitch.tv/videos/2742131606
fe62d50e41af4aa29c3e2b0cfc62fb3d,0,0,0,0,0,,0,0,0,,0,0,0,,983,404,334,502,https://www.twitch.tv/videos/2750942883
df49a373151f4d21a118829e7ee471c0,0,0,0,0,0,,0,0,0,,0,0,0,,1535,0,0,0,
8024d67e25454783a698e5ecf2c4dc67,0,0,0,0,0,,0,0,0,,0,0,0,,574,119,88,164,https://www.twitch.tv/videos/2749558731
89e97a0dc5844cf88fe30a25f347aac0,0,0,0,0,0,,0,0,0,,0,0,0,,205,162,122,359,https://www.twitch.tv/videos/2751801090
ed051ffc6cd643c287a678fea774e644,0,0,0,0,0,,0,0,0,,0,0,0,,2721,0,0,0,
e94cfb3c71d94965bfc98f135bfd2f14,0,0,0,0,0,,0,0,0,,0,0,0,,759,395,223,1204,https://www.twitch.tv/videos/2746121912
ba562aad440d483e988d3ce7e7217c94,0,0,0,0,0,,0,0,0,,0,0,0,,36642,9622,5450,18000,https://www.twitch.tv/videos/2752567774
e53606f1bf0c4059b1226b6c2e037fd0,0,0,0,0,0,,0,0,0,,0,0,0,,883,75,49,127,https://www.twitch.tv/videos/2745362915
daa0d327175a43dc9bb627bc6db7de56,0,0,0,0,0,,0,0,0,,0,0,0,,1336,75,58,425,https://www.twitch.tv/videos/2747851821
2ffed40199d64b8f83668479fb6fd8ed,0,0,0,0,0,,0,0,0,,0,0,0,,245,0,0,0,
4f1ccc5966a847308552b2c7b05e18dc,0,0,0,0,0,,0,0,0,,0,0,0,,27,6,5,6,https://www.twitch.tv/videos/2753888477
88526add0348499c95bd5838a5f35989,0,0,0,0,0,,0,0,0,,0,0,0,,1779,236,179,313,https://www.twitch.tv/videos/2747106839
a3a1caa89669445db63f22b9a3af88b0,0,0,0,0,0,,0,0,0,,0,0,0,,1206,0,0,0,
224e3ebb4c0540098ce414cc6e79df9d,0,0,0,0,0,,0,0,0,,0,0,0,,45,0,0,0,
4dd7cfc58ae54c1fa6211ba9b1c607ec,0,0,0,0,0,,0,0,0,,0,0,0,,1730,694,420,823,https://www.twitch.tv/videos/2743563774
9ca05592c52f42649191751f18cb70e6,0,0,0,0,0,,0,0,0,,0,0,0,,2648,131,89,196,https://www.twitch.tv/videos/2753466835
921d25072caf403ea797c3d5f61f84cf,0,0,0,0,0,,0,0,0,,0,0,0,,1820,0,0,0,
fdb4872691864af8825511a6d0c72895,0,0,0,0,0,,0,0,0,,0,0,0,,414,164,129,401,https://www.twitch.tv/videos/2751914192
e698befe9649448885d93094cd4dc6a9,0,0,0,0,0,,0,0,0,,0,0,0,,3901,436,386,976,https://www.twitch.tv/videos/2754245114
339b1998ac594ab2b45bedc3038d6cf0,0,0,0,0,0,,0,0,0,,0,0,0,,869,0,0,0,
bf277797951346fe991c27c79a6c5081,0,0,0,0,0,,0,0,0,,0,0,0,,9498,718,285,1115,https://www.twitch.tv/videos/2736240350
6908430ccb204a1b9d95ee7a1711cae3,0,0,0,0,0,,0,0,0,,0,0,0,,2581,0,0,0,
07fec8d9014a41c28216345a5adb1533,0,0,0,0,0,,0,0,0,,0,0,0,,460,0,0,0,
eeefa43ecaf74f7b822dde3f0e7683d4,0,0,0,0,0,,0,0,0,,0,0,0,,2115,134,55,2907,https://www.twitch.tv/videos/2733043486
0572bddb85b24166820f34f39164f99c,0,0,0,0,0,,0,0,0,,0,0,0,,791,0,0,0,
107fac8e77f74af8ba95491ae9492642,0,0,0,0,0,,0,0,0,,0,0,0,,478,0,0,0,
f84598913e654789a80556fd38388dfb,0,0,0,0,0,,0,0,0,,0,0,0,,1520,111,98,111,https://www.twitch.tv/videos/2752649963
0495c29470d143fa99819123878186b7,0,0,0,0,0,,0,0,0,,0,0,0,,5509,0,0,0,
c29bc8bf78dd417980491f19333c8fa2,0,0,0,0,0,,0,0,0,,0,0,0,,12955,1017,85,1017,https://www.twitch.tv/videos/2732879055
36beb36f581f44d393dcf0af2b194789,0,0,0,0,0,,0,0,0,,0,0,0,,6373,432,249,1507,https://www.twitch.tv/videos/2750757135
fc7fa0c5a7604cc8a420ee89472fcac3,0,0,0,0,0,,0,0,0,,0,0,0,,1119,49,35,67,https://www.twitch.tv/videos/2748653039
22c4cd83790e401ca8055a64554cf3a7,0,0,0,0,0,,0,0,0,,0,0,0,,165,0,0,0,
644e669aa31443fe9a61a14e75ebd21e,0,0,0,0,0,,0,0,0,,0,0,0,,7475,519,307,1124,https://www.twitch.tv/videos/2737703851
9bef8e0d321d4dab973b7e98443937ea,0,0,0,0,0,,0,0,0,,0,0,0,,313,0,0,0,
f9641107ffee492cbec14839b1958144,0,0,0,0,0,,0,0,0,,0,0,0,,2175,0,0,0,
d17f504657b84cd9af8a3d405713e918,0,0,0,0,0,,0,0,0,,0,0,0,,124,0,0,0,
06337167c1a14d82b6a7f7cc71eac813,0,0,0,0,0,,0,0,0,,0,0,0,,847,0,0,0,
e18c43e19e9b4fc8af0cdc24c33ae476,0,0,0,0,0,,0,0,0,,0,0,0,,2502,0,0,0,
a0ba9fee8a7747cab74e98ed61fb4a68,0,0,0,0,0,,0,0,0,,0,0,0,,1198,149,102,216,https://www.twitch.tv/videos/2753329496
f0cf456a9f204645a4b468f8cbefb150,0,0,0,0,0,,0,0,0,,0,0,0,,1407,0,0,0,
cad8c81461ac41c887bdf3617ccdaee6,0,0,0,0,0,,0,0,0,,0,0,0,,1126,0,0,0,
e4421bd8d15848c09fa4ad4df162c858,0,0,0,0,0,,0,0,0,,0,0,0,,361,0,0,0,
c099b7e8d46c418d8e17097d496f3b83,0,0,0,0,0,,0,0,0,,0,0,0,,3455,743,334,1484,https://www.twitch.tv/videos/2749285440
ed1b68a3184d466bb17b3c3363fad948,0,0,0,0,0,,0,0,0,,0,0,0,,811,19,11,23,https://www.twitch.tv/videos/2745244328
828ab4c66f5f43f298d237374a266b7e,0,0,0,0,0,,0,0,0,,0,0,0,,2953,348,210,717,https://www.twitch.tv/videos/2738771401
228427b15b964f1396b5a7b5eb224a21,0,0,0,0,0,,0,0,0,,0,0,0,,55,0,0,0,
555fe6a78fdb4d8b9fa8a286377972e8,0,0,0,0,0,,0,0,0,,0,0,0,,1124,641,484,688,https://www.twitch.tv/videos/2751719302
66c8fc624de94d8e8af4325e41ce7c34,0,0,0,0,0,,0,0,0,,0,0,0,,1368,360,150,1064,https://www.twitch.tv/videos/2739633987
31f4c00be9eb41a1a6be0356614048fd,0,0,0,0,0,,0,0,0,,0,0,0,,3623,100,41,288,https://www.twitch.tv/videos/2734644028
f5034a946bf249c780a864c19efda669,0,0,0,0,0,,0,0,0,,0,0,0,,414,22,13,33,https://www.twitch.tv/videos/2748596425
6c7336d4605540c6871de5f96874129c,0,0,0,0,0,,0,0,0,,0,0,0,,24172,3376,1687,52865,https://www.twitch.tv/videos/2750812191
4fcbdf1b0a384ee58733b1e852edefa5,0,0,0,0,0,,0,0,0,,0,0,0,,989,0,0,0,
4e5f0c7c5f1f49c2b1d249b10225cabb,0,0,0,0,0,,0,0,0,,0,0,0,,43122,3234,1679,5435,https://www.twitch.tv/videos/2746992015
d804bcd787db4333bca9dccd268ed32a,0,0,0,0,0,,0,0,0,,0,0,0,,3612,877,406,1810,https://www.twitch.tv/videos/2732811979
057faa70622247bd933959412bbeb667,0,0,0,0,0,,0,0,0,,0,0,0,,1082,0,0,0,
99c240d0c1a047b4a4e017d764a54c62,0,0,0,0,0,,0,0,0,,0,0,0,,441,159,94,216,https://www.twitch.tv/videos/2744348615
9e64bba43928414884503de36f805c48,0,0,0,0,0,,0,0,0,,0,0,0,,34250,8405,4191,11745,https://www.twitch.tv/videos/2737063230
cda9668f324445a7bd507094ad6946b8,0,0,0,0,0,,0,0,0,,0,0,0,,419,36,24,36,https://www.twitch.tv/videos/2747825327
5b62816b7dee4c13856f3c21629be3c4,0,0,0,0,0,,0,0,0,,0,0,0,,24542,2806,1085,4470,https://www.twitch.tv/videos/2736179884
ad2aef5af5074f14af7f6ddf7899743a,0,0,0,0,0,,0,0,0,,0,0,0,,2036,0,0,0,
3569cab127ab4bf9af790de9a999a5f8,0,0,0,0,0,,0,0,0,,0,0,0,,523,0,0,0,
1addf96267ac494bb73c9e6f6e1793b8,0,0,0,0,0,,0,0,0,,0,0,0,,2690,0,0,0,
f8ade397837d42f7a9167e0d4f20fc56,0,0,0,0,0,,0,0,0,,0,0,0,,2697,0,0,0,
3cfc2b54a543469b92a95ff1e3f1da54,0,0,0,0,0,,0,0,0,,0,0,0,,1627,0,0,0,
4c42b9f574e7438d8aea8b099e451505,0,0,0,0,0,,0,0,0,,0,0,0,,1151,96,80,143,https://www.twitch.tv/videos/2746311473
3de6bc82438b451abf5ebe76a366be24,0,0,0,0,0,,0,0,0,,0,0,0,,3697,0,0,0,
22eea06367f4430d816e38dfb68a26cf,0,0,0,0,0,,0,0,0,,0,0,0,,995,0,0,0,
a5773880b0f040a9abbecacf3eb0eb29,0,0,0,0,0,,0,0,0,,0,0,0,,2438,0,0,0,
6a6547a3f19d4870a6f11b88c60a5296,0,0,0,0,0,,0,0,0,,0,0,0,,3585,220,124,278,https://www.twitch.tv/videos/2742064127
4cb08241fbce4905a83ed02de6a1af9c,0,0,0,0,0,,0,0,0,,0,0,0,,7447,1889,841,2446,https://www.twitch.tv/videos/2751296707
1a95bb88e451498ca3491b69af964588,0,0,0,0,0,,0,0,0,,0,0,0,,36882,4258,1282,11266,https://www.twitch.tv/videos/2750875975
02fa128da7cc4f3aab0f1c5ee356f342,0,0,0,0,0,,0,0,0,,0,0,0,,504,222,167,222,https://www.twitch.tv/videos/2749360818
7cd55e03d87c4c77843a437ec0703670,0,0,0,0,0,,0,0,0,,0,0,0,,3031,0,0,0,
e353f482c5be4887838ea9fdf802ad91,0,0,0,0,0,,0,0,0,,0,0,0,,3567,599,367,947,https://www.twitch.tv/videos/2743926214
b4607ee6ce914078ae3704617ca03333,0,0,0,0,0,,0,0,0,,0,0,0,,526,0,0,0,
be1a18aa8599409ba250e5345e62fed6,0,0,0,0,0,,0,0,0,,0,0,0,,2128,213,31,312,https://www.twitch.tv/videos/2737957333
31a4ca5b5d554c13902eff32302e5eb9,0,0,0,0,0,,0,0,0,,0,0,0,,1946,303,179,578,https://www.twitch.tv/videos/2745099334
8cbfffe3cac54065be4149b03b680d87,0,0,0,0,0,,0,0,0,,0,0,0,,579,0,0,0,
6ec708afd89043b682eb82dacc36c3c9,0,0,0,0,0,,0,0,0,,0,0,0,,1071,0,0,0,
cfc7bcf869514c70a5091672d3acb031,0,0,0,0,0,,0,0,0,,0,0,0,,399,74,64,74,https://www.twitch.tv/videos/2752524975
55e9448a0a9040f99dc8ea1cf86cbad5,0,0,0,0,0,,0,0,0,,0,0,0,,1368,0,0,0,
d91ffcc2823f4121a2caa347a8c2a507,0,0,0,0,0,,0,0,0,,0,0,0,,874,31,22,31,https://www.twitch.tv/videos/2748742696
547aa467c2ce497e9d95c4a085effe0d,0,0,0,0,0,,0,0,0,,0,0,0,,1364,0,0,0,
a17fcdf32a124beba3fba16299aed2b3,0,0,0,0,0,,0,0,0,,0,0,0,,8560,797,395,5027,https://www.twitch.tv/videos/2732014507
3840a44ffffd48098bdfc16c4ee537bb,0,0,0,0,0,,0,0,0,,0,0,0,,2905,0,0,0,
ec045a49833c4c2fa7b7012ca7544e18,0,0,0,0,0,,0,0,0,,0,0,0,,1683,0,0,0,
4307c0486d204edc9d2be8d0c76949d5,0,0,0,0,0,,0,0,0,,0,0,0,,143,0,0,0,
b6519fbc0d6941d4b43ce1742a14b0b2,0,0,0,0,0,,0,0,0,,0,0,0,,719,0,0,0,
480aca28939a4eb5bf558a710e21709c,0,0,0,0,0,,0,0,0,,0,0,0,,2910,126,96,410,https://www.twitch.tv/videos/2751618511
6a963053004f4deaa0dbdf875db41879,0,0,0,0,0,,0,0,0,,0,0,0,,674,38,30,97,https://www.twitch.tv/videos/2745851287
76489786a22c4162970f9c288157db6b,0,0,0,0,0,,0,0,0,,0,0,0,,1846,167,112,382,https://www.twitch.tv/videos/2743735429
4fadb90960a844daab26191bb158d3a3,0,0,0,0,0,,0,0,0,,0,0,0,,3291,0,0,0,
8c2f8700978045ec86bf1ade1b3e650b,0,0,0,0,0,,0,0,0,,0,0,0,,772,47,35,152,https://www.twitch.tv/videos/2749698726
2996488b9f454fb3a42c17ab292ac63c,0,0,0,0,0,,0,0,0,,0,0,0,,497,140,97,201,https://www.twitch.tv/videos/2745623260
288d3972d3164ee595228b8a5959ac00,0,0,0,0,0,,0,0,0,,0,0,0,,3011,0,0,0,
326e21d5b6e7446698969bbd8be1b564,0,0,0,0,0,,0,0,0,,0,0,0,,2399,118,96,118,https://www.twitch.tv/videos/2750926649
dbabd28a98cf447189088251a5b973d4,0,0,0,0,0,,0,0,0,,0,0,0,,253,0,0,0,
59904dcbea754d238b0710e75262d119,0,0,0,0,0,,0,0,0,,0,0,0,,624,27,17,27,https://www.twitch.tv/videos/2746915800
c8c9028316b44ae9a1ac302337862085,0,0,0,0,0,,0,0,0,,0,0,0,,435,67,50,70,https://www.twitch.tv/videos/2750968954
305290c734e94a74881ae46c49ea18c4,0,0,0,0,0,,0,0,0,,0,0,0,,7033,2270,1047,3462,https://www.twitch.tv/videos/2734818966
59152798bfa74acb8bad10346fd10d69,0,0,0,0,0,,0,0,0,,0,0,0,,1038,487,293,866,https://www.twitch.tv/videos/2751684382
fa59e2edc64c432ebaeeb66b2a53ab2d,0,0,0,0,0,,0,0,0,,0,0,0,,4630,1477,801,4398,https://www.twitch.tv/videos/2748464574
