V5##VTuber ID,YouTube Subscriber Count,YouTube View Count,YouTube Recent Total Median View Count,YouTube Recent Total Popularity,YouTube Recent Total Highest View Count,YouTube Recent Total Highest Viewed URL,YouTube Recent Livestream Median View Count,YouTube Recent Livestream Popularity,YouTube Recent Livestream Highest View Count,YouTube Recent Livestream Highest Viewed URL,YouTube Recent Video Median View Count,YouTube Recent Video Popularity,YouTube Recent Video Highest View Count,YouTube Recent Video Highest Viewed URL,Twitch Follower Count,Twitch Recent Median View Count,Twitch Recent Popularity,Twitch Recent Highest View Count,Twitch Recent Highest Viewed URL
1c5619a4ece046dd8ba68ed343489ca3,545000,134534008,64685,20555,271949,https://www.youtube.com/watch?v=ttB6AD5FKHU,3441,2043,3961,https://www.youtube.com/watch?v=Kt9SUxRjhOA,110749,51730,271949,https://www.youtube.com/watch?v=ttB6AD5FKHU,32814,0,0,0,
f6a4e7aa8d0c4e5cb39d199845ec4d02,447000,64784197,11025,5810,59891,https://www.youtube.com/watch?v=XNBbtNp5Vo8,3791,2699,3791,https://www.youtube.com/watch?v=ytuPjMF4cEU,12123,6061,59891,https://www.youtube.com/watch?v=XNBbtNp5Vo8,121986,16485,6867,78268,https://www.twitch.tv/videos/2745222674
5535c9524eb046c38e172ebfa06b302f,399000,130978520,12592,5039,131565,https://www.youtube.com/watch?v=uQmRg2-Sh-k,10358,5910,131565,https://www.youtube.com/watch?v=uQmRg2-Sh-k,14115,4786,101008,https://www.youtube.com/watch?v=EwutEFn3BRQ,74290,1543,504,4072,https://www.twitch.tv/videos/2740511756
664e1b310cf343b78623f99b31e40fae,395000,56912828,0,0,0,,0,0,0,,0,0,0,,17065,0,0,0,
d837e8fda137492c9d77882b98ff863a,336000,158862937,103506,22037,1304754,https://www.youtube.com/watch?v=4v9Nuc0vdGo,17063,7447,103506,https://www.youtube.com/watch?v=hid8j7gkxz0,251971,63775,1304754,https://www.youtube.com/watch?v=4v9Nuc0vdGo,53599,12959,8853,34101,https://www.twitch.tv/videos/2748524812
182da09d8d454f37a52ec546cbb35e39,316000,69441682,26504,14147,515766,https://www.youtube.com/watch?v=fIlTRqG-3OQ,8608,4156,20745,https://www.youtube.com/watch?v=shwBIovSiIU,46262,26146,515766,https://www.youtube.com/watch?v=fIlTRqG-3OQ,4998,0,0,0,
897400f2658a483286ca6acc927006ca,237000,38811901,13839,5524,746265,https://www.youtube.com/watch?v=2MFxqHgLKZE,1229,146,2328,https://www.youtube.com/watch?v=bqLhRnvK6vA,19089,9238,746265,https://www.youtube.com/watch?v=2MFxqHgLKZE,10562,545,312,545,https://www.twitch.tv/videos/2750261300
abd64c9a64e04fb1b23faa2480c1c106,227000,78138404,4105,1657,29990,https://www.youtube.com/watch?v=k0hBZLoAPck,2744,1320,3608,https://www.youtube.com/watch?v=CWpinfjWWw4,4916,1657,29990,https://www.youtube.com/watch?v=k0hBZLoAPck,2320,0,0,0,
4b6b055ada4d4f0ab63b7ad02a3fa3ef,225000,18861505,1267,277,19586,https://www.youtube.com/watch?v=1RMnxlGaExM,1244,198,1957,https://www.youtube.com/watch?v=K0dwXwCUXcY,19586,18928,19586,https://www.youtube.com/watch?v=1RMnxlGaExM,56046,1227,759,2511,https://www.twitch.tv/videos/2747798931
a9f6574e98f34b20a05269134930fb50,221000,9903473,4317,1478,6261,https://www.youtube.com/watch?v=zWvzj1bSA8g,4317,1478,6261,https://www.youtube.com/watch?v=zWvzj1bSA8g,0,0,0,,0,0,0,0,
7c06b9e316ce4ac18ce836cd72442bbe,219000,64636615,6141,2083,20074,https://www.youtube.com/watch?v=KlU_zrdY6uw,5708,2078,10793,https://www.youtube.com/watch?v=IOxT48R2-00,9080,3673,20074,https://www.youtube.com/watch?v=KlU_zrdY6uw,57160,4071,1765,10625,https://www.twitch.tv/videos/2752648878
c04f006e69e04000a68cd0c41f888eb2,218000,14307748,4107,2353,6781,https://www.youtube.com/watch?v=3rGRMVntczY,4359,2226,6781,https://www.youtube.com/watch?v=3rGRMVntczY,2749,2670,2749,https://www.youtube.com/watch?v=cvRnGrAh9kI,0,0,0,0,
312fdd3c5e6d4aefa73fd3860ecc5613,192000,35196792,11680,7068,36979,https://www.youtube.com/watch?v=8HZky4WBjuI,14760,10637,23029,https://www.youtube.com/watch?v=AllV9QdrgyM,8889,6885,36979,https://www.youtube.com/watch?v=8HZky4WBjuI,24340,11200,4904,176608,https://www.twitch.tv/videos/2751034012
265a18972d244affae35711cfd1f9931,181000,21107973,4369,1360,25144,https://www.youtube.com/watch?v=mEJhgmNENM4,3806,1270,25144,https://www.youtube.com/watch?v=mEJhgmNENM4,8105,5958,15656,https://www.youtube.com/watch?v=ze1_9_aKhBY,18699,2447,583,6869,https://www.twitch.tv/videos/2741259223
c65e7caaf81a43249d5132b9fe312b24,181000,15271959,7821,4059,15517,https://www.youtube.com/watch?v=QMeUaEcVDJs,7821,4059,15517,https://www.youtube.com/watch?v=QMeUaEcVDJs,0,0,0,,0,0,0,0,
e93bd1102e214cbaa71cc5b2e4a53595,180000,36318972,14864,4922,30607,https://www.youtube.com/watch?v=eU6GCWyiChs,13899,4421,21120,https://www.youtube.com/watch?v=zlRzb3iDgn4,28465,19918,30607,https://www.youtube.com/watch?v=eU6GCWyiChs,88847,33554,13147,70863,https://www.twitch.tv/videos/2736278991
3f4650e05ceb41008bd16869780b7af1,154000,72977564,28256,10158,171551,https://www.youtube.com/watch?v=M6qn_OZa-4U,8149,2182,13773,https://www.youtube.com/watch?v=BroGEqgKpT8,58564,16849,171551,https://www.youtube.com/watch?v=M6qn_OZa-4U,0,0,0,0,
f110fd69b66941bab04de9ada563c6ac,153000,18332452,2852,1567,7005,https://www.youtube.com/watch?v=F2HetsEEYCo,2869,1281,7005,https://www.youtube.com/watch?v=F2HetsEEYCo,2503,1687,2503,https://www.youtube.com/watch?v=H_EZmBbgENY,14445,4003,1407,21248,https://www.twitch.tv/videos/2743581136
bafb134fd2f849898d6242d1f5f683cc,146000,25485359,5228,2860,390651,https://www.youtube.com/watch?v=GYY6aDgyuWE,3585,1277,20266,https://www.youtube.com/watch?v=bq8-M96hxMs,32364,21123,390651,https://www.youtube.com/watch?v=GYY6aDgyuWE,44863,0,0,0,
6dc75ab227e34c928598bde8f2d324bf,140000,40545141,10342,6075,153286,https://www.youtube.com/watch?v=OOpqNudaWi8,7602,3460,11593,https://www.youtube.com/watch?v=KwaxRcJNfwk,46392,36695,153286,https://www.youtube.com/watch?v=OOpqNudaWi8,0,0,0,0,
0641a9c8b9a94994aaa33e0c86fef75b,137000,32419025,5259,2093,192352,https://www.youtube.com/watch?v=Mbs-DgOdP-w,3950,1060,5573,https://www.youtube.com/watch?v=0W3P6RSHcak,18738,5659,192352,https://www.youtube.com/watch?v=Mbs-DgOdP-w,8103,0,0,0,
fa5a7cdc259543259af42bb23f1e4041,135000,35515387,5757,1702,165838,https://www.youtube.com/watch?v=ZBvhu1H8ruQ,2182,1353,11276,https://www.youtube.com/watch?v=t1mAlL23xKc,14182,7695,165838,https://www.youtube.com/watch?v=ZBvhu1H8ruQ,0,0,0,0,
a3ce195c0069494c99849d0b1a10a7fd,132000,16866501,3911,1440,15156,https://www.youtube.com/watch?v=4KZpFw_dGEs,2288,1319,9272,https://www.youtube.com/watch?v=6wBODefP2Fw,12180,6725,15156,https://www.youtube.com/watch?v=4KZpFw_dGEs,27369,3909,2873,4229,https://www.twitch.tv/videos/2758287142
58abad4aa8de49efb785367503dfd92c,131000,17762315,0,0,0,,0,0,0,,0,0,0,,0,0,0,0,
494d2c5daf9f4a8a8e4538687e6be14c,127000,6288882,3148,1336,10452,https://www.youtube.com/watch?v=r9S1KeLPkpc,2860,1193,5621,https://www.youtube.com/watch?v=NeFqrBmqraY,7387,3643,10452,https://www.youtube.com/watch?v=r9S1KeLPkpc,0,0,0,0,
b41844198887422fb52cb928a272cbc8,125000,48737092,0,0,0,,0,0,0,,0,0,0,,0,0,0,0,
f1b5f88144e14bd188e17b2f98303713,123000,5009514,4339,753,4339,https://www.youtube.com/watch?v=zZX_orzo8Gs,4339,753,4339,https://www.youtube.com/watch?v=zZX_orzo8Gs,0,0,0,,0,0,0,0,
e78cffa246c24a1c88031151cad8c385,120000,10909782,2587,825,15425,https://www.youtube.com/watch?v=hRB3ondNxfY,1043,663,1376,https://www.youtube.com/watch?v=YyvJaQpSp8M,8358,4108,15425,https://www.youtube.com/watch?v=hRB3ondNxfY,4651,2141,1495,3266,https://www.twitch.tv/videos/2758651308
ab4f892ca62e4043b6287bdfe50b145d,117000,20995891,1097,471,2729,https://www.youtube.com/watch?v=-FMDyHibgmE,1097,498,2729,https://www.youtube.com/watch?v=-FMDyHibgmE,1474,441,2691,https://www.youtube.com/watch?v=IUwJHOe_jAA,1487,0,0,0,
a9b855767b2d432c9f263e3427ff33a6,113000,16386608,7081,2796,21092,https://www.youtube.com/watch?v=UKEFCevjqdo,3560,1614,16409,https://www.youtube.com/watch?v=9L0gZSLo9To,10274,5237,21092,https://www.youtube.com/watch?v=UKEFCevjqdo,0,0,0,0,
b4a1791208fd4d85b7b08ee2bad0c236,110000,17948545,17039,6482,72982,https://www.youtube.com/watch?v=xE1g-_Ruhnk,5258,1899,17202,https://www.youtube.com/watch?v=NWB_MF7DR60,29855,13088,72982,https://www.youtube.com/watch?v=xE1g-_Ruhnk,0,0,0,0,
9cec24b011ee45648eb404066c997f49,108000,19461414,6894,2840,39435,https://www.youtube.com/watch?v=I7_XaF8TthI,6273,2716,14661,https://www.youtube.com/watch?v=OZf0ToUHryM,16075,6510,39435,https://www.youtube.com/watch?v=I7_XaF8TthI,39774,10899,7709,24013,https://www.twitch.tv/videos/2756669550
04d2ff1dde6b4bb68503a734274f4b7e,107000,8829915,3709,1020,4168,https://www.youtube.com/watch?v=0Y6lAFCqVzk,3938,1984,4168,https://www.youtube.com/watch?v=0Y6lAFCqVzk,2438,824,3986,https://www.youtube.com/watch?v=gpF72GzvF9I,0,0,0,0,
c0c033c9c8014562b58a7124b6b22fb0,106000,1504987,565,277,2305,https://www.youtube.com/watch?v=xc3XfCwxEBw,544,242,953,https://www.youtube.com/watch?v=XOjojiBrq3E,806,327,2305,https://www.youtube.com/watch?v=xc3XfCwxEBw,0,0,0,0,
23ec5ecfb8c14ea893576783f1790643,105000,6122457,895,496,10278,https://www.youtube.com/watch?v=zTLavot6ZGI,847,489,1575,https://www.youtube.com/watch?v=X8lBAt-Grww,9881,3788,10278,https://www.youtube.com/watch?v=zTLavot6ZGI,1699,528,408,962,https://www.twitch.tv/videos/2759904825
b126053a1356460ebf85a874a6a55aca,104000,42865568,2695,1328,13774,https://www.youtube.com/watch?v=OQ8TT_9v1_o,2631,1314,3545,https://www.youtube.com/watch?v=lCG8J_wFa9w,3045,1328,13774,https://www.youtube.com/watch?v=OQ8TT_9v1_o,0,0,0,0,
5f12df329c6144e1a6c596f4fbcb9e81,103000,10844624,4683,1922,103141,https://www.youtube.com/watch?v=yc48visdo1w,2889,1223,7649,https://www.youtube.com/watch?v=y_J5MpthWB4,16474,5171,103141,https://www.youtube.com/watch?v=yc48visdo1w,0,0,0,0,
98e3a5838fec4a6caa936ae35485de23,102000,8364285,3133,1213,6398,https://www.youtube.com/watch?v=H7RP67mUhsc,2879,1364,6398,https://www.youtube.com/watch?v=H7RP67mUhsc,5907,392,5907,https://www.youtube.com/watch?v=Cc_OEb02_bc,0,0,0,0,
702c74978d8f4adab79f292cbecb49a4,101000,13165418,5338,1749,99366,https://www.youtube.com/watch?v=6VANNFmQmIk,1930,930,2705,https://www.youtube.com/watch?v=vZoxBdOzHkI,5873,2625,99366,https://www.youtube.com/watch?v=6VANNFmQmIk,13170,0,0,0,
15c9a54b946a40c38c07ea2f9efddfa5,99100,26993890,12268,6424,20950,https://www.youtube.com/watch?v=tfGfiRWvNzE,12268,6424,20950,https://www.youtube.com/watch?v=tfGfiRWvNzE,11882,7524,18369,https://www.youtube.com/watch?v=tl4CSdEUMx8,62075,25768,9896,54926,https://www.twitch.tv/videos/2751842299
8bf35c3b9a9e461d825a9170555b71c2,95900,21953759,16494,8645,69611,https://www.youtube.com/watch?v=xcYXcTokVy8,14319,4704,26850,https://www.youtube.com/watch?v=mraFkZm87C0,60842,33357,69611,https://www.youtube.com/watch?v=xcYXcTokVy8,49634,31771,17021,55756,https://www.twitch.tv/videos/2755830635
5efb403f9a174bfd82d04d528a121042,93200,11702911,55993,28396,276811,https://www.youtube.com/watch?v=yq2lG32jgvE,16034,4927,34342,https://www.youtube.com/watch?v=EzLcHd3jD9Y,98661,52073,276811,https://www.youtube.com/watch?v=yq2lG32jgvE,12906,9084,2422,16906,https://www.twitch.tv/videos/2746986133
53707f0116dc4fca8614ac7139e40b83,92300,32910860,1257,1057,14596,https://www.youtube.com/watch?v=0D21HEgiQwk,0,0,0,,1257,1057,14596,https://www.youtube.com/watch?v=0D21HEgiQwk,4792,138,92,189,https://www.twitch.tv/videos/2751007421
ea4c1a67c2e445ad8028768616ceb659,90500,13259649,2529,1013,19339,https://www.youtube.com/watch?v=AqOsOGhYhfI,2465,669,6826,https://www.youtube.com/watch?v=rBJK978_KPQ,14075,4590,19339,https://www.youtube.com/watch?v=AqOsOGhYhfI,3887,1347,1267,1774,https://www.twitch.tv/videos/2757346747
a6a4e83ae23140e6bd1f7c817af8f864,85700,5483727,2885,1196,35515,https://www.youtube.com/watch?v=-45uWOJNLbY,2885,164,2885,https://www.youtube.com/watch?v=tK0vPRPkLOE,14766,2308,35515,https://www.youtube.com/watch?v=-45uWOJNLbY,12172,3772,1725,25823,https://www.twitch.tv/videos/2742957355
9d9c6477329245cbb2557895f4f15686,84900,9143395,11009,2899,94053,https://www.youtube.com/watch?v=qFTw-Je5ZgI,0,0,0,,11009,2899,94053,https://www.youtube.com/watch?v=qFTw-Je5ZgI,168290,13814,5079,46626,https://www.twitch.tv/videos/2755813646
4544974bc5624035ae7bb0c9ed33e44e,84400,9338893,2433,1424,49821,https://www.youtube.com/watch?v=nr0W_KEswzI,2210,952,15339,https://www.youtube.com/watch?v=yimQ5xy1rS4,26697,13142,49821,https://www.youtube.com/watch?v=nr0W_KEswzI,12638,3497,944,5771,https://www.twitch.tv/videos/2740329867
7e81a72484054a5c89f3826ebc8946be,80500,5759599,843,296,3174,https://www.youtube.com/watch?v=BYpbGNO5hiY,790,296,1103,https://www.youtube.com/watch?v=Zja6FRx3CFw,2250,442,3174,https://www.youtube.com/watch?v=BYpbGNO5hiY,12464,2596,1290,4606,https://www.twitch.tv/videos/2753411635
1ccdbe5d48934f4cbabc86512dd1d357,78900,6278943,3510,1498,9732,https://www.youtube.com/watch?v=-r1_2QFU8iw,4283,1609,9732,https://www.youtube.com/watch?v=-r1_2QFU8iw,2972,1416,4024,https://www.youtube.com/watch?v=efx4Jd-MHAs,0,0,0,0,
0bf0ec441dc6489583f7218e02ab6a89,78500,5075884,583,235,1610,https://www.youtube.com/watch?v=109iTESgooM,599,240,1610,https://www.youtube.com/watch?v=109iTESgooM,233,217,233,https://www.youtube.com/watch?v=WWxywDo3H2U,10596,1213,794,2124,https://www.twitch.tv/videos/2751917038
6bd49f94afb144e995247388ca8c42a8,77800,15253712,14478,5067,73466,https://www.youtube.com/watch?v=k2E6C4qzU4A,12558,3161,21960,https://www.youtube.com/watch?v=PUUq-UrzrkY,43164,14421,73466,https://www.youtube.com/watch?v=k2E6C4qzU4A,68982,40713,20318,68754,https://www.twitch.tv/videos/2748500963
4b6655120fbd4431a8f7894cac4a4d49,77000,8598359,945,466,22588,https://www.youtube.com/watch?v=JI4KeSf50A4,965,500,22588,https://www.youtube.com/watch?v=JI4KeSf50A4,324,315,324,https://www.youtube.com/watch?v=sjKLjtERpoY,0,0,0,0,
17c335762a694402b8cb9a96b2865572,74900,7729288,1780,602,3624,https://www.youtube.com/watch?v=v2_6lClOnvo,1780,602,3624,https://www.youtube.com/watch?v=v2_6lClOnvo,0,0,0,,0,0,0,0,
fd6a0236861940389e15ef85b16c6069,74400,27768561,63883,31394,182932,https://www.youtube.com/watch?v=jdjyRUAoil4,0,0,0,,63883,31394,182932,https://www.youtube.com/watch?v=jdjyRUAoil4,174129,52561,22632,99456,https://www.twitch.tv/videos/2754034736
5bd39e2c6dcf4ff19436d8a5fa069464,73500,10113120,13690,6933,47523,https://www.youtube.com/watch?v=QldywFiE2pM,13690,3285,25068,https://www.youtube.com/watch?v=n5aL-d3H_ps,14872,9895,47523,https://www.youtube.com/watch?v=QldywFiE2pM,30612,23842,8143,34166,https://www.twitch.tv/videos/2738708481
cd42e06c40534d9eac7e30a434e47d43,72000,5870021,897,328,6415,https://www.youtube.com/watch?v=R4-2QdV2nJA,865,328,1441,https://www.youtube.com/watch?v=LWYuUCJmQJI,3624,991,6415,https://www.youtube.com/watch?v=R4-2QdV2nJA,3308,583,554,583,https://www.twitch.tv/videos/2759444334
c5fe413a473d4638b53fb3f9019aabbe,69000,5274785,5309,3648,6534,https://www.youtube.com/watch?v=ogww-LP7Hr0,5921,3841,6534,https://www.youtube.com/watch?v=ogww-LP7Hr0,2098,1765,2098,https://www.youtube.com/watch?v=U4ecF4GNw1I,24158,35000,13700,58416,https://www.twitch.tv/videos/2741827304
2694a505a0e0441bb99b49e8ce1f7473,68000,5419386,3869,778,3869,https://www.youtube.com/watch?v=wIhLxCHLJbU,0,0,0,,3869,778,3869,https://www.youtube.com/watch?v=wIhLxCHLJbU,53400,13830,4593,32488,https://www.twitch.tv/videos/2758211739
d5fdf5fc55d14476908e416e6d43c121,67800,5419263,2480,993,11326,https://www.youtube.com/watch?v=jcmKcVe07qM,1613,931,9476,https://www.youtube.com/watch?v=05GQc0UDlIE,6694,3343,11326,https://www.youtube.com/watch?v=jcmKcVe07qM,0,0,0,0,
8d113670c4514e5bb28823a756385528,67700,9474414,16963,8443,44759,https://www.youtube.com/watch?v=D8fA9Ym0bxY,14975,4078,27691,https://www.youtube.com/watch?v=jbfpvK3QMr0,16963,11261,44759,https://www.youtube.com/watch?v=D8fA9Ym0bxY,29151,21426,6153,26845,https://www.twitch.tv/videos/2742144477
6c872a4043b84e4493877a42af684d1d,66000,10187932,1642,727,24587,https://www.youtube.com/watch?v=Tg5NXQn58lU,1405,671,3259,https://www.youtube.com/watch?v=SKJj99wsy5E,17547,5537,24587,https://www.youtube.com/watch?v=Tg5NXQn58lU,6202,0,0,0,
1323f1b775bf43659f8b8ec2899522cd,64600,4179485,2533,931,6405,https://www.youtube.com/watch?v=0VT1Sgh52ZQ,2533,931,6405,https://www.youtube.com/watch?v=0VT1Sgh52ZQ,0,0,0,,0,0,0,0,
1b63d89e0b1a4b579de6d99e25eaff8f,63900,13020764,3834,2030,28173,https://www.youtube.com/watch?v=eTIfusmDAmI,3282,1653,6389,https://www.youtube.com/watch?v=FdNi6gyl-aY,18088,4850,28173,https://www.youtube.com/watch?v=eTIfusmDAmI,11597,0,0,0,
cb94019fb4714e168b47d6757995efc3,61800,4691149,2227,1327,17020,https://www.youtube.com/watch?v=1lQtQ1N4LLM,2162,683,2936,https://www.youtube.com/watch?v=RnTQjcvT3fw,11745,3032,17020,https://www.youtube.com/watch?v=1lQtQ1N4LLM,7087,2279,920,3734,https://www.twitch.tv/videos/2739674280
4fc5a770272a43f1bb0a1d12aa3a9b46,61700,13684868,2380,636,13544,https://www.youtube.com/watch?v=_GLOq6PifW0,0,0,0,,2380,636,13544,https://www.youtube.com/watch?v=_GLOq6PifW0,0,0,0,0,
f5ff982730f54cd4826ff0530a4288c2,61300,6108203,4972,2321,27734,https://www.youtube.com/watch?v=lb8vTlB17rw,1804,1635,22719,https://www.youtube.com/watch?v=3DGcsM1ANiA,5795,2885,27734,https://www.youtube.com/watch?v=lb8vTlB17rw,0,0,0,0,
512b64ec20174d018540516e9edf2b2f,61200,7768260,355,125,664,https://www.youtube.com/watch?v=svFtjeTHyc8,389,93,455,https://www.youtube.com/watch?v=JhnVK9LAELo,353,135,664,https://www.youtube.com/watch?v=svFtjeTHyc8,1240,0,0,0,
6a9a7c7dc3f94605b5f619e9fbcfa33d,61200,2028279,10121,4611,50131,https://www.youtube.com/watch?v=iJ9DIokXMnk,9457,4513,50131,https://www.youtube.com/watch?v=iJ9DIokXMnk,12366,4759,34940,https://www.youtube.com/watch?v=jep-Bhkhg8A,0,0,0,0,
a8ce4642418b4fe8ba1471a32097f4c4,61000,3808257,766,402,3552,https://www.youtube.com/watch?v=Zw_nEmddvyQ,739,258,2069,https://www.youtube.com/watch?v=1AsI2Z772NE,3079,1231,3552,https://www.youtube.com/watch?v=Zw_nEmddvyQ,0,0,0,0,
911d3403c8e84dc3b0c4a2f6017698b6,60700,1647922,593,250,2493,https://www.youtube.com/watch?v=WAibJxrrisI,522,227,1002,https://www.youtube.com/watch?v=V2e_HNYrOYk,1597,479,2493,https://www.youtube.com/watch?v=WAibJxrrisI,3592,614,561,648,https://www.twitch.tv/videos/2757455387
0d717ed7ec134fb6ac94ce9dc4e25658,60400,4609816,1824,400,5854,https://www.youtube.com/watch?v=501HRmtUbn4,1824,400,5854,https://www.youtube.com/watch?v=501HRmtUbn4,0,0,0,,0,0,0,0,
f985903969ad4e8b839e919aabe94480,58600,1061552,782,337,2211,https://www.youtube.com/watch?v=IJyW3u24UyI,739,316,1376,https://www.youtube.com/watch?v=07b6NgZy84E,998,577,2211,https://www.youtube.com/watch?v=IJyW3u24UyI,0,0,0,0,
5a934764983e45959855735b79bcc90e,58200,2634753,1104,609,5855,https://www.youtube.com/watch?v=Nc87HR-6AVs,1042,514,3347,https://www.youtube.com/watch?v=1zq8pbd_xfc,3866,3106,5855,https://www.youtube.com/watch?v=Nc87HR-6AVs,11606,1959,690,4359,https://www.twitch.tv/videos/2740389286
14a9a08fbdc641e8ac8c384dedfccf0a,58200,6387684,2887,2335,7259,https://www.youtube.com/watch?v=vnp5PS5rObw,2887,2335,4865,https://www.youtube.com/watch?v=qVrS04SdeqI,3731,3493,7259,https://www.youtube.com/watch?v=vnp5PS5rObw,17003,6466,3064,10437,https://www.twitch.tv/videos/2751799808
99f6f80397b34d0b9a0cfd40f3801a35,57800,2760971,2540,938,12026,https://www.youtube.com/watch?v=qhRxsEcdEiE,1748,876,2659,https://www.youtube.com/watch?v=vDxUsD_SW1g,10752,6011,12026,https://www.youtube.com/watch?v=qhRxsEcdEiE,29625,15581,9282,65504,https://www.twitch.tv/videos/2745357557
ba59bb31bbcd4cf3a481c4cf72918fb0,57000,8381303,3223,1847,22369,https://www.youtube.com/watch?v=ANihRz54HII,2952,1305,3515,https://www.youtube.com/watch?v=tEjTHiCYXiE,8533,6319,22369,https://www.youtube.com/watch?v=ANihRz54HII,0,0,0,0,
02f5258d29b046bc9f597c9baac014bf,57000,4326222,8228,4188,115200,https://www.youtube.com/watch?v=gG0FdYwxcU0,6378,3206,8228,https://www.youtube.com/watch?v=IlJn2le8mp4,35408,19469,115200,https://www.youtube.com/watch?v=gG0FdYwxcU0,39161,50749,20784,123822,https://www.twitch.tv/videos/2740495438
6aefa292dc61441e98c787efb0067922,55600,2567900,1714,693,4490,https://www.youtube.com/watch?v=7VI-oCN7neI,1187,607,4490,https://www.youtube.com/watch?v=7VI-oCN7neI,2411,1594,3257,https://www.youtube.com/watch?v=shzceRu8ZDQ,11217,1718,808,4809,https://www.twitch.tv/videos/2746776510
729621ce509b4641ad8cde76dec037d0,55000,2831480,855,360,5354,https://www.youtube.com/watch?v=9CAR_x6aLTk,720,360,3727,https://www.youtube.com/watch?v=M_z7R_SNmZE,3382,683,5354,https://www.youtube.com/watch?v=9CAR_x6aLTk,5201,769,550,1470,https://www.twitch.tv/videos/2757400076
e14d4aac184c4ccdba6f2a9718cfea62,54800,3042043,723,188,3939,https://www.youtube.com/watch?v=-tOFde55hYU,723,188,3939,https://www.youtube.com/watch?v=-tOFde55hYU,0,0,0,,0,0,0,0,
efe550a729e14dbab790a3f73205d8ed,53600,2982776,1601,731,6869,https://www.youtube.com/watch?v=O0Ed-_Pbxog,1079,540,2787,https://www.youtube.com/watch?v=n34Do940Y_o,3705,2025,6869,https://www.youtube.com/watch?v=O0Ed-_Pbxog,0,0,0,0,
66c812bb04844241af1d1c7539b5e251,53600,38950263,153,68,1830,https://www.youtube.com/watch?v=qi0k_e05exI,131,68,1830,https://www.youtube.com/watch?v=qi0k_e05exI,278,53,640,https://www.youtube.com/watch?v=LOdPJRiKN5M,1084,24,14,54,https://www.twitch.tv/videos/2752749857
a000aa1d3ea7489c993277d33ab2457e,53400,5345607,3044,1487,12760,https://www.youtube.com/watch?v=eUsnH3N_ASs,3044,1487,12760,https://www.youtube.com/watch?v=eUsnH3N_ASs,0,0,0,,48532,18028,7747,49428,https://www.twitch.tv/videos/2754908229
626750f4e7a745619c171c44fb1efcc0,53000,6987493,1922,923,9821,https://www.youtube.com/watch?v=-YWuS2yU7AY,947,482,2572,https://www.youtube.com/watch?v=q_EAy98ZoKA,2755,1345,9821,https://www.youtube.com/watch?v=-YWuS2yU7AY,10857,492,244,2082,https://www.twitch.tv/videos/2752525140
ce2a2c07a74640fc8d3b39d022b16dd9,52700,4776979,1120,590,7193,https://www.youtube.com/watch?v=buqFZPhP10s,790,323,1276,https://www.youtube.com/watch?v=Osk12nkgV8Q,4082,1794,7193,https://www.youtube.com/watch?v=buqFZPhP10s,0,0,0,0,
658e63bebdca421ca934b0bf6aa2bcd8,52100,5977226,2225,937,5301,https://www.youtube.com/watch?v=Bm-4dLgN2kQ,2225,937,5301,https://www.youtube.com/watch?v=Bm-4dLgN2kQ,2938,1357,4502,https://www.youtube.com/watch?v=c_yLlmECgJ0,11075,0,0,0,
cbb5df4184f04027b8a550d648d79eeb,52000,4585496,11779,5806,30974,https://www.youtube.com/watch?v=TlBO44EJa6s,30974,3316,30974,https://www.youtube.com/watch?v=TlBO44EJa6s,11478,6042,21485,https://www.youtube.com/watch?v=JIa3invYJ3w,0,0,0,0,
60282d578bb747b8b232dba81168a5b6,51400,5189305,2741,782,4990,https://www.youtube.com/watch?v=hRbPEjhurro,2494,674,4990,https://www.youtube.com/watch?v=hRbPEjhurro,3670,794,4717,https://www.youtube.com/watch?v=SA9lVQZq_44,0,0,0,0,
927ce160c29f4465ba196c3e1b8fee1c,50600,3000375,1512,650,3419,https://www.youtube.com/watch?v=k_KJ3_QRPp4,1358,626,2409,https://www.youtube.com/watch?v=7NQ5Xnhmp2w,3179,2280,3419,https://www.youtube.com/watch?v=k_KJ3_QRPp4,4830,820,714,2274,https://www.twitch.tv/videos/2745230109
7d66bf98da354f72baee891cdd91855b,49800,4553097,2999,1712,20243,https://www.youtube.com/watch?v=Vi6kykFZhnI,2911,1635,7869,https://www.youtube.com/watch?v=81fey24id8E,20243,16836,20243,https://www.youtube.com/watch?v=Vi6kykFZhnI,0,0,0,0,
50a0835b66844b0ab84f573934f20989,49700,2453462,1420,607,3277,https://www.youtube.com/watch?v=1nLdkwoY5uk,1384,559,3277,https://www.youtube.com/watch?v=1nLdkwoY5uk,2021,1533,2173,https://www.youtube.com/watch?v=VQY82rLVhN8,0,0,0,0,
3bc36efc33ba4410be1d509a39074ceb,49200,4130623,13319,5181,51676,https://www.youtube.com/watch?v=xpIiMm1hwPY,13319,4015,20613,https://www.youtube.com/watch?v=f0xAhF6l_xI,12908,6953,51676,https://www.youtube.com/watch?v=xpIiMm1hwPY,24876,22426,10361,59959,https://www.twitch.tv/videos/2742048788
0eb515afbb9347529a406e91a07cde90,49100,2595481,14982,3845,53373,https://www.youtube.com/watch?v=8_BZ-Yj-CcQ,5920,3329,8746,https://www.youtube.com/watch?v=KJNC_4fSsFI,24548,13480,53373,https://www.youtube.com/watch?v=8_BZ-Yj-CcQ,20233,9089,4653,17077,https://www.twitch.tv/videos/2744504739
4c3cae772e974f8fb8e04f4cc9c8cd8d,48900,3237529,1789,928,4156,https://www.youtube.com/watch?v=0BuBCuA9-xg,1789,928,4156,https://www.youtube.com/watch?v=0BuBCuA9-xg,0,0,0,,0,0,0,0,
1cfadb0d2e154a258c3177ff8264336f,48800,4383455,3253,504,12231,https://www.youtube.com/watch?v=hwdzHmEMjbk,6987,778,12231,https://www.youtube.com/watch?v=hwdzHmEMjbk,3253,447,3253,https://www.youtube.com/watch?v=B6nuFsz4pdo,0,0,0,0,
920d34819cf944e99cf469f7552d535f,48500,11770688,19191,7050,136364,https://www.youtube.com/watch?v=3Z3RhaEfMdA,18163,5823,35336,https://www.youtube.com/watch?v=WBKb3gXMYnY,42616,27140,136364,https://www.youtube.com/watch?v=3Z3RhaEfMdA,6435,0,0,0,
2db2ffc41ff340a990a6d4dcec000d08,48400,3048112,7679,2457,28658,https://www.youtube.com/watch?v=Yqf5YU2ucN8,4799,1723,9938,https://www.youtube.com/watch?v=llBmuixtnuI,23657,12896,28658,https://www.youtube.com/watch?v=Yqf5YU2ucN8,25451,9315,3829,17505,https://www.twitch.tv/videos/2747803888
6c88799c6f45407faf0f9ea007b0dcab,48100,3619380,10498,4749,33796,https://www.youtube.com/watch?v=nLrXBlq1TfE,870,620,958,https://www.youtube.com/watch?v=na61vZqzzak,14232,5951,33796,https://www.youtube.com/watch?v=nLrXBlq1TfE,0,0,0,0,
3681a0b4e4bd48888473b1884f6ee420,47900,5449067,848,429,17770,https://www.youtube.com/watch?v=hTGJUka7ODU,701,280,1621,https://www.youtube.com/watch?v=UusN0_yXHK4,5953,2045,17770,https://www.youtube.com/watch?v=hTGJUka7ODU,0,0,0,0,
e350c8b7e41045419ee1ac73bc78921b,47500,5196639,1183,596,5156,https://www.youtube.com/watch?v=zOSed-S8kT8,1027,517,2651,https://www.youtube.com/watch?v=qX-2huv6REk,2893,1743,5156,https://www.youtube.com/watch?v=zOSed-S8kT8,0,0,0,0,
22ca620b93c94e5cb48175bbecf8d3af,47400,5457178,2428,1120,5821,https://www.youtube.com/watch?v=jwhNX3GPtpI,1684,766,2428,https://www.youtube.com/watch?v=_MacKMzJsVA,3511,1381,5821,https://www.youtube.com/watch?v=jwhNX3GPtpI,0,0,0,0,
c41044006a014ed28107f33221a7de98,47100,4369044,1962,668,2972,https://www.youtube.com/watch?v=5F9WwnfTRz0,1962,668,2972,https://www.youtube.com/watch?v=5F9WwnfTRz0,0,0,0,,5280,0,0,0,
ebe5c5f9d67f44f3bc5e70b413ce9df7,47000,2276384,624,310,1836,https://www.youtube.com/watch?v=DO0YEDmcC54,544,292,768,https://www.youtube.com/watch?v=rx__7UM2g7U,1836,310,1836,https://www.youtube.com/watch?v=DO0YEDmcC54,12246,1083,497,3965,https://www.twitch.tv/videos/2739529078
575d15d21f7240e1ad72935bf7fa0465,46900,1670242,384,172,3974,https://www.youtube.com/watch?v=x_zVajCRP8w,351,163,659,https://www.youtube.com/watch?v=p51he7Ao4wE,3059,1492,3974,https://www.youtube.com/watch?v=x_zVajCRP8w,0,0,0,0,
2760c9a44c20464d8e140e6367ed1cdf,46900,2455857,459,192,3304,https://www.youtube.com/watch?v=RS5uBZ0fUYg,393,166,893,https://www.youtube.com/watch?v=9t2fLiHjkMg,2586,1761,3304,https://www.youtube.com/watch?v=RS5uBZ0fUYg,2436,1003,730,1680,https://www.twitch.tv/videos/2751660027
21d5855a8c7d4461b286d40c167ac093,46200,5073675,1243,594,22543,https://www.youtube.com/watch?v=VVJd4a9EUdY,1131,444,1902,https://www.youtube.com/watch?v=rpTXeJ4aOKQ,20684,16652,22543,https://www.youtube.com/watch?v=VVJd4a9EUdY,1003,732,580,9382,https://www.twitch.tv/videos/2751049797
fe1abd28f3114015ac31ae1821e8dd3f,46100,1704704,1362,566,4331,https://www.youtube.com/watch?v=SUhPubpIcZQ,1210,501,4331,https://www.youtube.com/watch?v=SUhPubpIcZQ,3056,2446,4197,https://www.youtube.com/watch?v=h7tcrRFJLVU,4641,376,210,376,https://www.twitch.tv/videos/2750067182
3d786b116dbc437e8684d7b46567a1e5,45600,1595647,960,442,3999,https://www.youtube.com/watch?v=IUT2J3KviC0,892,442,1249,https://www.youtube.com/watch?v=E5UcYzqHJBw,1958,582,3999,https://www.youtube.com/watch?v=IUT2J3KviC0,9706,1741,852,5682,https://www.twitch.tv/videos/2740175394
20f0e269ce554a00920de0444bc22aaf,45000,3923359,1219,584,19354,https://www.youtube.com/watch?v=2aX19VdsXSM,526,322,641,https://www.youtube.com/watch?v=0oo6GYS9XNM,2203,868,19354,https://www.youtube.com/watch?v=2aX19VdsXSM,0,0,0,0,
177fe395a2704d10add06cb1466fa254,45000,3538227,12343,7010,53199,https://www.youtube.com/watch?v=tNS9fCFY188,7643,3480,15603,https://www.youtube.com/watch?v=AikQEEEKeDI,25362,12529,53199,https://www.youtube.com/watch?v=tNS9fCFY188,31813,20096,10074,49468,https://www.twitch.tv/videos/2755750529
a0d4fad2fd3d4e4981947642a9dbafc4,44200,3426823,1695,865,3744,https://www.youtube.com/watch?v=Q5CDhTS6cRY,1695,865,3744,https://www.youtube.com/watch?v=Q5CDhTS6cRY,0,0,0,,12154,1826,1098,3566,https://www.twitch.tv/videos/2750191813
1c6ebd51e0fc4ebab88347e853335c87,43900,2046873,1726,770,5974,https://www.youtube.com/watch?v=KQpId9Fhaog,990,701,5974,https://www.youtube.com/watch?v=KQpId9Fhaog,2114,1125,3704,https://www.youtube.com/watch?v=txGefocdYzo,1725,2652,1969,3546,https://www.twitch.tv/videos/2756419455
c25e6f38d6df447e84c4747ba6ac75cc,43500,1456486,7110,3143,27275,https://www.youtube.com/watch?v=JabK0E69CLo,4973,2816,27275,https://www.youtube.com/watch?v=JabK0E69CLo,8761,3920,16852,https://www.youtube.com/watch?v=a7BzpbDN_sM,0,0,0,0,
0825b7bbb6134dbc98a132cc1782fb1f,43000,1787667,420,248,721,https://www.youtube.com/watch?v=OkO45iD7AeM,420,248,721,https://www.youtube.com/watch?v=OkO45iD7AeM,0,0,0,,0,0,0,0,
dee8efe8990e458c915e4f6a6a16b49f,42700,5264503,190,93,401,https://www.youtube.com/watch?v=TQIFAc9aP-E,190,93,401,https://www.youtube.com/watch?v=TQIFAc9aP-E,0,0,0,,3319,0,0,0,
9a496e9b261f401dba4991a9f4c7048e,42600,1537904,773,449,5551,https://www.youtube.com/watch?v=2hFHNAf0Ib0,761,412,1633,https://www.youtube.com/watch?v=DUMtXIM8CVo,2861,540,5551,https://www.youtube.com/watch?v=2hFHNAf0Ib0,0,0,0,0,
73b97b1a35c84579aa8ffcd6534efad3,42500,5846060,1033,628,21530,https://www.youtube.com/watch?v=kyaHMmGLvsU,768,295,2153,https://www.youtube.com/watch?v=gji8A_nS7To,5925,3251,21530,https://www.youtube.com/watch?v=kyaHMmGLvsU,10775,0,0,0,
5f6f102dd7cc4bfaa99e4cde16b85290,42400,2219686,1640,813,5487,https://www.youtube.com/watch?v=2_foB57vWS0,1620,722,2021,https://www.youtube.com/watch?v=Fin1LN7egNo,3321,2368,5487,https://www.youtube.com/watch?v=2_foB57vWS0,8008,5991,2566,13927,https://www.twitch.tv/videos/2749154260
a9f28d3e3d2a4ecb93ff10955be791d1,42100,3036744,3230,1470,5822,https://www.youtube.com/watch?v=DniH6zC8CX0,2403,1470,4078,https://www.youtube.com/watch?v=23xJALNSnBg,4526,2921,5822,https://www.youtube.com/watch?v=DniH6zC8CX0,16579,6934,1586,13548,https://www.twitch.tv/videos/2737890607
8150f530d858418282811429cc32622b,41100,2269728,348,189,3001,https://www.youtube.com/watch?v=9VXRjMbsKd0,344,179,3001,https://www.youtube.com/watch?v=9VXRjMbsKd0,2372,412,2473,https://www.youtube.com/watch?v=vlRqAX0wqPE,12903,744,331,1608,https://www.twitch.tv/videos/2737959363
ed426712876641848613137bef236d26,40800,3838625,1491,548,6614,https://www.youtube.com/watch?v=tv54qjOfd7w,1102,471,1702,https://www.youtube.com/watch?v=3yd2VC6B00I,3746,1585,6614,https://www.youtube.com/watch?v=tv54qjOfd7w,9131,1382,399,2053,https://www.twitch.tv/videos/2747541963
14770d49681b44c1a6a7fcbdc265f539,40500,1842721,1447,583,1472,https://www.youtube.com/watch?v=8sTVlBSmFbk,1447,583,1472,https://www.youtube.com/watch?v=8sTVlBSmFbk,0,0,0,,0,0,0,0,
be6c475c291d45a0a7349abdb70be20d,40500,13020589,310,157,2928,https://www.youtube.com/watch?v=Jqk_6F8TE4c,284,130,1308,https://www.youtube.com/watch?v=73A43hZjSd4,1214,604,2928,https://www.youtube.com/watch?v=Jqk_6F8TE4c,0,0,0,0,
5e98938ba0624235863dd2af8017fbe6,40400,1934516,1347,564,4954,https://www.youtube.com/watch?v=pmfViL8jc34,1389,703,4954,https://www.youtube.com/watch?v=pmfViL8jc34,704,330,704,https://www.youtube.com/watch?v=h50yg0FYzD8,0,0,0,0,
4b8137b8ba4e4a4dad994e2e07e351fe,40300,2486012,354,157,1213,https://www.youtube.com/watch?v=whNxHKKMHUw,269,127,400,https://www.youtube.com/watch?v=NeB5xIajTjk,1125,261,1213,https://www.youtube.com/watch?v=whNxHKKMHUw,2093,221,169,221,https://www.twitch.tv/videos/2755040557
6943bbfc993443d4b3853833b3bb1a66,40300,15013894,7333,2374,12112,https://www.youtube.com/watch?v=Khbel9tEw70,0,0,0,,7333,2374,12112,https://www.youtube.com/watch?v=Khbel9tEw70,0,0,0,0,
d1694c709e0f489fbd07fc9bc67c0a66,40000,1951838,539,304,1913,https://www.youtube.com/watch?v=66XFn8Gd7hM,507,226,1357,https://www.youtube.com/watch?v=ZaxH4A14XjQ,1573,728,1913,https://www.youtube.com/watch?v=66XFn8Gd7hM,2655,2257,1705,2257,https://www.twitch.tv/videos/2754812030
192d2decee72410e8346c135c4ac6e00,39500,1578497,1892,900,3310,https://www.youtube.com/watch?v=N3_HuT6c-pg,1892,900,3310,https://www.youtube.com/watch?v=N3_HuT6c-pg,0,0,0,,2391,0,0,0,
e069724ddab54dd690d6c3425574effd,39200,6293036,1698,853,27989,https://www.youtube.com/watch?v=z4fzHyne-VA,1291,507,2095,https://www.youtube.com/watch?v=xjvTK5foQpQ,7611,3031,27989,https://www.youtube.com/watch?v=z4fzHyne-VA,4633,481,434,481,https://www.twitch.tv/videos/2758288949
f928e57423634094b3d7d8461321c028,38100,959748,401,213,598,https://www.youtube.com/watch?v=9dmYUflA_LU,401,213,598,https://www.youtube.com/watch?v=9dmYUflA_LU,0,0,0,,3128,0,0,0,
80f7b111f0e044abae4c37f6a96b5957,38000,1096270,260,145,1469,https://www.youtube.com/watch?v=eF9GlTaw17E,253,135,616,https://www.youtube.com/watch?v=ulF2L0t2qYA,1469,1274,1469,https://www.youtube.com/watch?v=eF9GlTaw17E,0,0,0,0,
f6a8c59d8b8d4e009d4e147ec268cd73,37600,2032013,2170,1275,4698,https://www.youtube.com/watch?v=ScLhcwGhoKw,2170,1275,4698,https://www.youtube.com/watch?v=ScLhcwGhoKw,0,0,0,,4979,0,0,0,
7aba821c721e45bcb3d113652e9e8fb2,37400,1148053,1094,434,2810,https://www.youtube.com/watch?v=ftX7yigjje0,997,394,1543,https://www.youtube.com/watch?v=XATWqYeET0c,2810,2337,2810,https://www.youtube.com/watch?v=ftX7yigjje0,0,0,0,0,
c88554bbf263412da16e7a17fd03e467,37400,2116978,5085,2373,27681,https://www.youtube.com/watch?v=VwtRu5dvUmw,2936,1671,27681,https://www.youtube.com/watch?v=VwtRu5dvUmw,14464,8291,27248,https://www.youtube.com/watch?v=kCdkGYCSERU,0,0,0,0,
a85d79e2323b4869a6f784c51218cd37,36900,3650855,3060,1791,35827,https://www.youtube.com/watch?v=LEB5YT5LlMs,1885,806,6055,https://www.youtube.com/watch?v=lZ352BLrtA0,4531,2752,35827,https://www.youtube.com/watch?v=LEB5YT5LlMs,2120,391,334,848,https://www.twitch.tv/videos/2754238864
5c7beefaa54444e3b0443d7abd93c1f7,36700,4246055,0,0,0,,0,0,0,,0,0,0,,4430,678,439,1159,https://www.twitch.tv/videos/2756696334
84d68bef71304aa089c10d2c33c9a107,36600,3541764,1756,723,7671,https://www.youtube.com/watch?v=sidAiJm4aTI,1328,533,3630,https://www.youtube.com/watch?v=krcaNq2sZGk,4828,1909,7671,https://www.youtube.com/watch?v=sidAiJm4aTI,0,0,0,0,
dad6fb7439d744739755a9a7c6c18d20,36300,3255727,2538,852,7456,https://www.youtube.com/watch?v=mQHVTqadc0U,1681,790,4163,https://www.youtube.com/watch?v=voo4uRHUl8w,4729,1411,7456,https://www.youtube.com/watch?v=mQHVTqadc0U,2822,458,261,1722,https://www.twitch.tv/videos/2754247926
f928118054aa4e11aa4ec88504d8b886,36200,2107632,469,187,1067,https://www.youtube.com/watch?v=yAmtqOOE8Lk,469,187,1067,https://www.youtube.com/watch?v=yAmtqOOE8Lk,0,0,0,,2332,342,240,342,https://www.twitch.tv/videos/2753461674
6baf9b6a84a44ab3a6979d98bff7ee21,35700,1582828,1647,514,18725,https://www.youtube.com/watch?v=U8SxZ16wzgw,1479,457,3599,https://www.youtube.com/watch?v=4lOK8QMzdJM,12279,7495,18725,https://www.youtube.com/watch?v=U8SxZ16wzgw,0,0,0,0,
b08047f2566246ac995e03a5db727cfe,35100,88324,1684,65,2546,https://www.youtube.com/watch?v=8oCp_FSBI7c,822,33,822,https://www.youtube.com/watch?v=gahG4sRMd4A,2546,98,2546,https://www.youtube.com/watch?v=8oCp_FSBI7c,7238,0,0,0,
683c47ffba3246cb8574a6f2667208d1,35000,1183473,2395,716,17717,https://www.youtube.com/watch?v=c5OK94le8dQ,1278,600,2408,https://www.youtube.com/watch?v=xKSjTA9QT_4,6283,2715,17717,https://www.youtube.com/watch?v=c5OK94le8dQ,11337,10879,4512,17828,https://www.twitch.tv/videos/2739441283
8267ea37c12a471a8a038f501832e099,34600,2422638,1726,296,2939,https://www.youtube.com/watch?v=HW3AuLkrxVo,1726,296,1726,https://www.youtube.com/watch?v=e6byZE2Hlhw,2016,1218,2939,https://www.youtube.com/watch?v=HW3AuLkrxVo,0,0,0,0,
84a911e2b05f4919a32e0c1618e32a7d,34300,1071262,538,264,1130,https://www.youtube.com/watch?v=zEr7avpf8Mc,538,264,1130,https://www.youtube.com/watch?v=zEr7avpf8Mc,0,0,0,,0,0,0,0,
6af8929143294c72b25a7108e79e2faf,34100,2226028,1144,558,3258,https://www.youtube.com/watch?v=smkm9KGvjm0,1006,446,3258,https://www.youtube.com/watch?v=smkm9KGvjm0,1768,1379,1824,https://www.youtube.com/watch?v=TkA-l9buWsI,0,0,0,0,
55be1972142c44799f83ce3db4f14fbd,34100,2804900,2386,776,11959,https://www.youtube.com/watch?v=5yt993O-pyg,850,538,3624,https://www.youtube.com/watch?v=pOjBqbY0gpg,4556,1493,11959,https://www.youtube.com/watch?v=5yt993O-pyg,0,0,0,0,
d6c4708f6eb94ac6ad7668363b132248,34000,1130344,375,206,2394,https://www.youtube.com/watch?v=rtxJVSG1VSg,367,206,2192,https://www.youtube.com/watch?v=er7wmAhoKRA,1218,590,2394,https://www.youtube.com/watch?v=rtxJVSG1VSg,0,0,0,0,
6929e06cd9ed49739cadaa35115847c7,33900,2271146,1228,529,3961,https://www.youtube.com/watch?v=jA_b6FqvyLs,1228,529,3961,https://www.youtube.com/watch?v=jA_b6FqvyLs,0,0,0,,0,0,0,0,
32b5b05c6e0f4747a8c0932d06f97f8c,33400,2058711,1828,746,4677,https://www.youtube.com/watch?v=aXfmNGJEaKE,1325,746,4142,https://www.youtube.com/watch?v=uvqD5rEO8qs,4057,1580,4677,https://www.youtube.com/watch?v=aXfmNGJEaKE,4701,0,0,0,
93bad1d4b0c54c8781e3775d13a62c38,33200,1090514,106,58,164,https://www.youtube.com/watch?v=rLB4JMVjOZ8,106,58,164,https://www.youtube.com/watch?v=rLB4JMVjOZ8,0,0,0,,676,0,0,0,
59f5e287671149398135c5c08b5ed2f7,32700,662221,2146,1207,9016,https://www.youtube.com/watch?v=FLf9MssJ5TE,0,0,0,,2146,1207,9016,https://www.youtube.com/watch?v=FLf9MssJ5TE,213,0,0,0,
9ca368e73d514656ade48dc946f55956,32600,4190605,0,0,0,,0,0,0,,0,0,0,,9168,810,324,1969,https://www.twitch.tv/videos/2752654233
334133534368487780dfa99b7c9f5949,32100,17874787,0,0,0,,0,0,0,,0,0,0,,0,0,0,0,
b0f523194beb4abca2b433e9e41d912c,32000,1751191,1285,396,3566,https://www.youtube.com/watch?v=MlJR_FxqHWo,1006,392,1908,https://www.youtube.com/watch?v=b4FSGWODOzQ,1864,479,3566,https://www.youtube.com/watch?v=MlJR_FxqHWo,11992,0,0,0,
b42416c629e64c948f75aff4ff5c9a8a,32000,1231198,873,650,2011,https://www.youtube.com/watch?v=3DwMnraelSM,895,51,895,https://www.youtube.com/watch?v=CQ7sm4xNCjA,852,743,2011,https://www.youtube.com/watch?v=3DwMnraelSM,3728,0,0,0,
13a4e83f2bbc4d18bb27520a4dceef72,32000,7916240,9634,2245,10182,https://www.youtube.com/watch?v=14Qqilif_3E,4570,167,4570,https://www.youtube.com/watch?v=VQ8Pf1bfyVE,9908,5884,10182,https://www.youtube.com/watch?v=14Qqilif_3E,57671,32115,17375,51293,https://www.twitch.tv/videos/2745163372
1edf4940878546569e52dd06c95b8581,31600,2267601,412,286,1833,https://www.youtube.com/watch?v=VCQYOROSnck,411,282,881,https://www.youtube.com/watch?v=T9nGChiI-wk,1572,473,1833,https://www.youtube.com/watch?v=VCQYOROSnck,0,0,0,0,
e150e350532b4327b26989dd43cd3bad,31400,1996171,874,268,876,https://www.youtube.com/watch?v=fLRXnkD0it8,874,268,876,https://www.youtube.com/watch?v=fLRXnkD0it8,0,0,0,,1066,0,0,0,
ad56a56e509c4b6fa0cf11ca959e3c72,31300,86673,638,348,1088,https://www.youtube.com/watch?v=Mm-gX7QH_Ao,638,348,1088,https://www.youtube.com/watch?v=Mm-gX7QH_Ao,0,0,0,,136,0,0,0,
9f649d90164140bdb0e38f7e835c183b,31100,1878252,1067,419,2917,https://www.youtube.com/watch?v=u_2oiY_6_ds,1067,419,2917,https://www.youtube.com/watch?v=u_2oiY_6_ds,0,0,0,,0,0,0,0,
e1b2266a00c04e81bd868ae2fbff7848,31100,1643231,949,428,3033,https://www.youtube.com/watch?v=t-s4gf6KGdQ,1037,570,3033,https://www.youtube.com/watch?v=t-s4gf6KGdQ,235,122,249,https://www.youtube.com/watch?v=mECsgjrXmvE,0,0,0,0,
31f17632340f4e7fbd0ced07193dd81b,31000,565883,408,245,4230,https://www.youtube.com/watch?v=Gjhh5mtrB2M,384,220,1109,https://www.youtube.com/watch?v=mFJq3Q5zUOY,3013,956,4230,https://www.youtube.com/watch?v=Gjhh5mtrB2M,0,0,0,0,
d81d1032a43642eca36e82ba9a3c39c5,30800,1191627,0,0,0,,0,0,0,,0,0,0,,11264,558,358,838,https://www.twitch.tv/videos/2751885348
099a5fd0d27d4fc892f684793ac18c99,30600,3932992,1879,489,4645,https://www.youtube.com/watch?v=R-yvDmKs7iI,669,419,772,https://www.youtube.com/watch?v=WitCwRFJ6wA,2654,1203,4645,https://www.youtube.com/watch?v=R-yvDmKs7iI,0,0,0,0,
5b996b6eca90491cb8e1a43de23b2388,30100,829267,1479,765,4478,https://www.youtube.com/watch?v=cTB3F88nxhA,1479,765,4478,https://www.youtube.com/watch?v=cTB3F88nxhA,0,0,0,,0,0,0,0,
b6f68e0e323f45458752f3a7ec6a08f2,29500,2362003,1938,1026,10315,https://www.youtube.com/watch?v=ZYnDlXukAEg,1299,629,1623,https://www.youtube.com/watch?v=hRzIt3pgKCE,3988,1571,10315,https://www.youtube.com/watch?v=ZYnDlXukAEg,3756,909,326,2222,https://www.twitch.tv/videos/2743608783
9af7c10c618844f08a327d38753124bd,29400,1405059,1828,65,1828,https://www.youtube.com/watch?v=Gbmcqb0RVgw,0,0,0,,1828,65,1828,https://www.youtube.com/watch?v=Gbmcqb0RVgw,17953,1942,1019,4012,https://www.twitch.tv/videos/2741217653
02d67d58d59644be9cdf0b1179419637,29300,1923602,277,114,9826,https://www.youtube.com/watch?v=r8oYACoBYBM,272,94,591,https://www.youtube.com/watch?v=wkZsplgRXbI,3555,590,9826,https://www.youtube.com/watch?v=r8oYACoBYBM,2595,469,367,720,https://www.twitch.tv/videos/2751028694
bc0b8c437eda4361b2a10003013f49cf,29200,342364,0,0,0,,0,0,0,,0,0,0,,0,0,0,0,
d35707348d554507a98f97eb59230efc,29000,2033670,768,359,3910,https://www.youtube.com/watch?v=Bw_cLVi8ozM,698,306,1027,https://www.youtube.com/watch?v=gMqNb3GMzf4,2808,1419,3910,https://www.youtube.com/watch?v=Bw_cLVi8ozM,4483,568,463,1398,https://www.twitch.tv/videos/2757944990
bac1f0b8e8d149d4a48cfd30d7d7ad74,28900,2135084,605,200,825,https://www.youtube.com/watch?v=tXe57paUT7E,606,283,825,https://www.youtube.com/watch?v=tXe57paUT7E,63,63,63,https://www.youtube.com/watch?v=p9APWCmcrjE,0,0,0,0,
4fd17e8877024633876c5d85bc81e56b,28900,4166210,859,389,26288,https://www.youtube.com/watch?v=3rv7uDk8Ljg,787,330,1337,https://www.youtube.com/watch?v=UzknHbyO6yY,5490,2371,26288,https://www.youtube.com/watch?v=3rv7uDk8Ljg,0,0,0,0,
fe569b0c059e406daf57eb2acd11cc21,28600,1690314,758,226,5549,https://www.youtube.com/watch?v=Hy_-ahkr3hs,647,325,5549,https://www.youtube.com/watch?v=Hy_-ahkr3hs,1615,201,1615,https://www.youtube.com/watch?v=SkVzUfJLoWE,0,0,0,0,
6f9d63518a69442a88ac602a3b37bf18,28500,1569225,475,207,1966,https://www.youtube.com/watch?v=U2X5R-mkcAc,353,182,1628,https://www.youtube.com/watch?v=vH_W721_guM,1658,895,1966,https://www.youtube.com/watch?v=U2X5R-mkcAc,0,0,0,0,
3be86a2a9cb447f393d235132e157789,28400,2584809,1913,764,3611,https://www.youtube.com/watch?v=ePKUkNDCnZI,1913,764,3611,https://www.youtube.com/watch?v=ePKUkNDCnZI,0,0,0,,0,0,0,0,
73ae80b091f542358d7a5bf8905c28f3,28300,2768193,3586,1487,84984,https://www.youtube.com/watch?v=wX-8m-VYP1o,1716,916,3030,https://www.youtube.com/watch?v=oCJ54Vtphic,8229,2807,84984,https://www.youtube.com/watch?v=wX-8m-VYP1o,6793,1463,589,3138,https://www.twitch.tv/videos/2738378381
5ba11a0bf35147d499259ad5608a7de1,28300,2089658,1406,461,9679,https://www.youtube.com/watch?v=ydPcaqFsB8s,496,435,5211,https://www.youtube.com/watch?v=eW2939wUPPM,1410,482,9679,https://www.youtube.com/watch?v=ydPcaqFsB8s,4361,0,0,0,
19234cc590224c45912a14487f756dc5,28300,2173121,2669,1662,8518,https://www.youtube.com/watch?v=ClWaGyjXgUE,0,0,0,,2669,1662,8518,https://www.youtube.com/watch?v=ClWaGyjXgUE,12629,2763,1036,10342,https://www.twitch.tv/videos/2752598917
f7c48554816643cdb8d343e6e9e6d313,28200,1565739,1894,612,2268,https://www.youtube.com/watch?v=IlQgN9zUIRA,1894,612,2268,https://www.youtube.com/watch?v=IlQgN9zUIRA,0,0,0,,12866,1487,621,3504,https://www.twitch.tv/videos/2758370986
d1dd83b6e8a24df4b61f766cff45113c,28100,15850659,459,251,4293,https://www.youtube.com/watch?v=kODLHwRlSuU,325,100,2760,https://www.youtube.com/watch?v=WhgApJrB_0U,1971,705,4293,https://www.youtube.com/watch?v=kODLHwRlSuU,555,0,0,0,
59110c6bf6e64ce6bdf86b40246dc106,28100,1432248,688,222,2918,https://www.youtube.com/watch?v=R3yeaUEqFQU,688,222,2918,https://www.youtube.com/watch?v=R3yeaUEqFQU,0,0,0,,0,0,0,0,
14d83faa414c415097d577d2da9636ce,27900,975640,293,102,6792,https://www.youtube.com/watch?v=KXMux9DWHMI,247,101,332,https://www.youtube.com/watch?v=hNvkyxHCKS0,6792,2451,6792,https://www.youtube.com/watch?v=KXMux9DWHMI,0,0,0,0,
3197e5649c65405cbbe6e5f1a44cf8e1,27800,1463779,442,184,1095,https://www.youtube.com/watch?v=f3ySvzbYvUA,442,184,1095,https://www.youtube.com/watch?v=f3ySvzbYvUA,0,0,0,,0,0,0,0,
9e05802075c343a3bf2778550d5157da,26800,1366949,2268,665,5921,https://www.youtube.com/watch?v=rS621Dg067A,92,47,113,https://www.youtube.com/watch?v=aKvw6mUiS2w,2905,1209,5921,https://www.youtube.com/watch?v=rS621Dg067A,0,0,0,0,
bf3356cfb2754286af9b6bb1665f56bd,26700,864405,1813,550,123345,https://www.youtube.com/watch?v=pPRHsDgAxXE,0,0,0,,1813,550,123345,https://www.youtube.com/watch?v=pPRHsDgAxXE,141,0,0,0,
491a6000ce4b472c9b4f8c1dcfdb772c,26400,6209401,1726,653,3893,https://www.youtube.com/watch?v=3U5olcusfug,249,9,249,https://www.youtube.com/watch?v=v8IAzmup12Y,1750,705,3893,https://www.youtube.com/watch?v=3U5olcusfug,1076,0,0,0,
5d00575c06d74f588238857d7dec1b02,26000,3163749,1465,629,21755,https://www.youtube.com/watch?v=a68NFmBIZoo,1004,425,2278,https://www.youtube.com/watch?v=ymaC4DBZIWU,12394,6628,21755,https://www.youtube.com/watch?v=a68NFmBIZoo,0,0,0,0,
8a0b024373544f31b54e5a6cadb124dc,25900,1542413,952,423,10609,https://www.youtube.com/watch?v=AmJ0fzxGgUQ,712,332,6024,https://www.youtube.com/watch?v=fSE-b4lHePI,7444,3327,10609,https://www.youtube.com/watch?v=AmJ0fzxGgUQ,1770,742,440,742,https://www.twitch.tv/videos/2750881819
691e8a5f258c4c17b70b6b489b0ad04d,25500,1690830,1051,392,4520,https://www.youtube.com/watch?v=W36v7aS60os,928,369,1788,https://www.youtube.com/watch?v=uE8niDiSw_o,3283,1972,4520,https://www.youtube.com/watch?v=W36v7aS60os,0,0,0,0,
f2a403cb46354371837550730a397bd1,25500,1454888,381,179,412,https://www.youtube.com/watch?v=kPxpPGLUYlw,381,179,412,https://www.youtube.com/watch?v=kPxpPGLUYlw,0,0,0,,0,0,0,0,
aa1ff405338c41b98ff7197eb4d90349,25500,1214860,490,294,2699,https://www.youtube.com/watch?v=6XvY0NV__-4,379,218,1017,https://www.youtube.com/watch?v=fEWVnLGvA0s,1542,899,2699,https://www.youtube.com/watch?v=6XvY0NV__-4,0,0,0,0,
22c8ee785f7446e5978bab336fda92cb,25300,2144731,993,470,3337,https://www.youtube.com/watch?v=j_vUKk8h_fQ,993,470,3337,https://www.youtube.com/watch?v=j_vUKk8h_fQ,0,0,0,,0,0,0,0,
f0a395b14fa34e64ba1aaedb906c7dd3,24900,321484,0,0,0,,0,0,0,,0,0,0,,0,0,0,0,
8dbec1de49be44d897f1c894427f3165,24500,727285,387,204,599,https://www.youtube.com/watch?v=4d4c7VpmU7Q,387,204,599,https://www.youtube.com/watch?v=4d4c7VpmU7Q,0,0,0,,3798,451,330,551,https://www.twitch.tv/videos/2756627295
03c018f2d3064da6ac4899bef1d600c5,24500,1058161,7691,1023,7691,https://www.youtube.com/watch?v=hUBagJKm6d4,0,0,0,,7691,1023,7691,https://www.youtube.com/watch?v=hUBagJKm6d4,37063,16216,10213,30800,https://www.twitch.tv/videos/2759038082
824c0c36956f4a73bb3ec479dd8e4da8,24200,1051768,700,213,1120,https://www.youtube.com/watch?v=i7FDCAAusk4,281,31,281,https://www.youtube.com/watch?v=KimXh1nolKc,1120,394,1120,https://www.youtube.com/watch?v=i7FDCAAusk4,2429,0,0,0,
a060cd640cf44c2bb8d78d8ff2411e68,24200,1099048,592,287,12268,https://www.youtube.com/watch?v=b6VQ9DOpHBI,484,248,5602,https://www.youtube.com/watch?v=ndjtD3GVxtg,3033,2599,12268,https://www.youtube.com/watch?v=b6VQ9DOpHBI,0,0,0,0,
25388daec64e40f38ca0e5a3a88fedb7,24100,970138,374,203,4101,https://www.youtube.com/watch?v=oUGfzfvK6kE,351,179,993,https://www.youtube.com/watch?v=N3jYwIOt8cw,2060,1510,4101,https://www.youtube.com/watch?v=oUGfzfvK6kE,3372,0,0,0,
f0b85b56d1d84085aca5ab7f592bd7da,24000,2083964,214,113,36888,https://www.youtube.com/watch?v=ee6_4BT23D0,209,110,538,https://www.youtube.com/watch?v=21BZOVs3Xlc,1957,1309,36888,https://www.youtube.com/watch?v=ee6_4BT23D0,0,0,0,0,
a667c79cb8284de29d5843dc3eafcc57,23600,462777,826,329,5127,https://www.youtube.com/watch?v=lrVnQ7oa3Ug,697,267,4455,https://www.youtube.com/watch?v=chci4qskEME,3427,706,5127,https://www.youtube.com/watch?v=lrVnQ7oa3Ug,0,0,0,0,
67d348e6690c43729cce031e70a26645,23400,1090333,10379,5068,19853,https://www.youtube.com/watch?v=d5pyQZ_bYEs,905,849,905,https://www.youtube.com/watch?v=JYdC6EUD57Q,19853,9288,19853,https://www.youtube.com/watch?v=d5pyQZ_bYEs,30401,6257,3931,18529,https://www.twitch.tv/videos/2758091841
28a930938667442288010b333937e2ab,23300,1860210,2214,1280,3136,https://www.youtube.com/watch?v=sTrYH5FKUqc,0,0,0,,2214,1280,3136,https://www.youtube.com/watch?v=sTrYH5FKUqc,10533,1469,661,2163,https://www.twitch.tv/videos/2739483112
ae4eaef845fc4daaa8106a51a590e145,23200,1255116,564,298,4216,https://www.youtube.com/watch?v=IHQS4QXO3Gc,474,250,2103,https://www.youtube.com/watch?v=alCHFmN_uIc,2783,1366,4216,https://www.youtube.com/watch?v=IHQS4QXO3Gc,0,0,0,0,
7c00b7dc73a240dc84d68be389732a0c,23200,1098968,237,135,448,https://www.youtube.com/watch?v=h5A65jbSNGM,236,123,246,https://www.youtube.com/watch?v=JMRy2A6bK90,448,176,448,https://www.youtube.com/watch?v=h5A65jbSNGM,0,0,0,0,
f13832094d8b40fbb95d07732aa3c3c7,23200,417719,750,316,1648,https://www.youtube.com/watch?v=w2lcWoMLrhg,734,254,1130,https://www.youtube.com/watch?v=CGutRPHBuFE,1454,631,1648,https://www.youtube.com/watch?v=w2lcWoMLrhg,0,0,0,0,
2be709cdd22f4a63a95504731ba79afd,23100,977573,607,221,3458,https://www.youtube.com/watch?v=VGlbvwn7_og,572,218,945,https://www.youtube.com/watch?v=Lh_YYMzqXgQ,3458,1622,3458,https://www.youtube.com/watch?v=VGlbvwn7_og,0,0,0,0,
dcebd098c3ea479ba2b0e32a2696a5ec,23100,867474,612,300,4559,https://www.youtube.com/watch?v=oevRSJswqXU,597,222,727,https://www.youtube.com/watch?v=c31EzWVotFg,4559,2578,4559,https://www.youtube.com/watch?v=oevRSJswqXU,0,0,0,0,
951dd0b605d04163b38de18262e9a438,22800,627609,0,0,0,,0,0,0,,0,0,0,,1475,117,86,183,https://www.twitch.tv/videos/2757363644
da4a58b114b94469a0a93f6b8ee7512d,22500,824167,579,305,2730,https://www.youtube.com/watch?v=umJbt1-DEGs,564,305,1211,https://www.youtube.com/watch?v=zIWfZFZ-510,1838,1180,2730,https://www.youtube.com/watch?v=umJbt1-DEGs,12398,361,210,693,https://www.twitch.tv/videos/2743675436
18bd2d37e2e64f0cab20ec6a2b2f2474,22400,1038492,515,236,3404,https://www.youtube.com/watch?v=OmQiyV-hFWA,466,175,743,https://www.youtube.com/watch?v=S_VGHubIv-w,1420,895,3404,https://www.youtube.com/watch?v=OmQiyV-hFWA,3014,267,242,353,https://www.twitch.tv/videos/2755843599
6dfe72bb90994dceb7b753908876307d,22300,1454290,697,344,17387,https://www.youtube.com/watch?v=Tfb7ulqpCdQ,657,328,1129,https://www.youtube.com/watch?v=qQUO0IQJGO0,10739,2175,17387,https://www.youtube.com/watch?v=Tfb7ulqpCdQ,0,0,0,0,
05317bcbe5f243abb85618d2669bd0d7,22200,403937,72,42,299,https://www.youtube.com/watch?v=8DElqkq7aHQ,71,42,206,https://www.youtube.com/watch?v=Wpy-wuYMY0Q,195,79,299,https://www.youtube.com/watch?v=8DElqkq7aHQ,0,0,0,0,
75ddc749133b4c498eb35ceac1e2a0b2,22200,2672656,458,219,1877,https://www.youtube.com/watch?v=Z5WXNquTwtk,456,200,846,https://www.youtube.com/watch?v=v6fizsAZZsk,1877,872,1877,https://www.youtube.com/watch?v=Z5WXNquTwtk,0,0,0,0,
c0c35f0471774be2b33163ae20f2d6bb,22200,1316417,455,197,3168,https://www.youtube.com/watch?v=WUU_lhN2a3k,438,181,2262,https://www.youtube.com/watch?v=wtUcVjU81D0,2597,1689,3168,https://www.youtube.com/watch?v=WUU_lhN2a3k,0,0,0,0,
3809ec8a42634d11aa1b7b8f99755c6a,22100,1842882,5735,1803,5735,https://www.youtube.com/watch?v=Va4Y4RQyT5Y,0,0,0,,5735,1803,5735,https://www.youtube.com/watch?v=Va4Y4RQyT5Y,67391,3358,1017,19477,https://www.twitch.tv/videos/2759041301
3e6a09fe4ef744f987e27ae0f06cdf09,21900,666372,371,239,1430,https://www.youtube.com/watch?v=ZzPK0Ic4JP0,362,198,664,https://www.youtube.com/watch?v=jA4SDCQ_8Mo,1041,567,1430,https://www.youtube.com/watch?v=ZzPK0Ic4JP0,0,0,0,0,
7754dca48f524b938314a2b346772e4e,21700,1665262,1169,543,9628,https://www.youtube.com/watch?v=gwWPdpSxGeE,821,414,2220,https://www.youtube.com/watch?v=0OHUHnNADsM,7819,3528,9628,https://www.youtube.com/watch?v=gwWPdpSxGeE,0,0,0,0,
532b143e82d6452fac9a18d1d025a2af,21500,432883,311,209,2257,https://www.youtube.com/watch?v=nBANNj05H_o,306,198,943,https://www.youtube.com/watch?v=KjZe_B5FBX4,586,269,2257,https://www.youtube.com/watch?v=nBANNj05H_o,0,0,0,0,
60716febdfe949248e8f67d85634bec5,21500,8280093,471,143,1835,https://www.youtube.com/watch?v=yAm7VwP6iGc,0,0,0,,471,143,1835,https://www.youtube.com/watch?v=yAm7VwP6iGc,0,0,0,0,
ffe3f2e400ab4237ac873ae9d5a0eda4,21400,856815,1252,411,5413,https://www.youtube.com/watch?v=rGa7yanhY1U,795,314,2165,https://www.youtube.com/watch?v=VSPhGz7HckU,2973,1224,5413,https://www.youtube.com/watch?v=rGa7yanhY1U,0,0,0,0,
ec4bc8d279af43eaba4679b762bbbc59,21300,823195,0,0,0,,0,0,0,,0,0,0,,0,0,0,0,
0f2ad43c618943d19d5101f2d3c49ac9,20800,977413,212,156,264,https://www.youtube.com/watch?v=WTUZL6RuDXc,0,0,0,,212,156,264,https://www.youtube.com/watch?v=WTUZL6RuDXc,177,0,0,0,
2ba32c49f08849f9a109b7e485c9c5a5,20700,936058,1524,501,17443,https://www.youtube.com/watch?v=dG5V9kYWb_U,750,289,1831,https://www.youtube.com/watch?v=_FB7YCtWrjY,3355,1473,17443,https://www.youtube.com/watch?v=dG5V9kYWb_U,0,0,0,0,
b63a5ee44acf4498827a3fd984ab23e0,20700,1441879,761,294,1113,https://www.youtube.com/watch?v=FqLsXlWEy-Y,761,294,1113,https://www.youtube.com/watch?v=FqLsXlWEy-Y,0,0,0,,0,0,0,0,
53c811a3e7814de2b76dd4e0c241a9e5,20700,648411,120,73,733,https://www.youtube.com/watch?v=VIEjht70dXQ,120,73,733,https://www.youtube.com/watch?v=VIEjht70dXQ,0,0,0,,618,0,0,0,
accbad7e89df4174a13b68edcae74068,20600,796673,488,206,10536,https://www.youtube.com/watch?v=mkz53j2dhvo,488,146,1011,https://www.youtube.com/watch?v=IxCj4f6uPW4,715,475,10536,https://www.youtube.com/watch?v=mkz53j2dhvo,738,0,0,0,
365db081229a4efeb4630f19587a96b2,20600,1256860,639,324,7715,https://www.youtube.com/watch?v=5WnlNeOlpeA,476,256,7715,https://www.youtube.com/watch?v=5WnlNeOlpeA,2021,1326,6513,https://www.youtube.com/watch?v=hspUE3HH8Yg,0,0,0,0,
38fcf8bc7f3f45d68bab44577c019c84,20600,746394,331,178,12408,https://www.youtube.com/watch?v=hTkv5nTr8K8,301,131,348,https://www.youtube.com/watch?v=crWFy85JPOk,750,377,12408,https://www.youtube.com/watch?v=hTkv5nTr8K8,0,0,0,0,
7cecb437e7a54e07a29c3a164565957d,20500,1213615,756,374,5323,https://www.youtube.com/watch?v=OCZNzc8Y3Qo,493,287,2464,https://www.youtube.com/watch?v=MnLPdsoLBrs,1772,590,5323,https://www.youtube.com/watch?v=OCZNzc8Y3Qo,0,0,0,0,
67d6807619064938a78832b4106de5c0,20500,894374,105,44,178,https://www.youtube.com/watch?v=NVnbyXzeXlg,105,44,178,https://www.youtube.com/watch?v=NVnbyXzeXlg,0,0,0,,3259,172,115,215,https://www.twitch.tv/videos/2758273690
cd88de8b4bc84a71975df9afb42192b8,20500,489835,2578,1095,7639,https://www.youtube.com/watch?v=pmmYyNCMdBM,1619,922,7425,https://www.youtube.com/watch?v=v9dxcCiGa0s,7639,1292,7639,https://www.youtube.com/watch?v=pmmYyNCMdBM,4121,0,0,0,
f7c8264349654390a5e39810dc012a38,20400,1427238,1312,681,1398,https://www.youtube.com/watch?v=t2KVpiwZyhg,0,0,0,,1312,681,1398,https://www.youtube.com/watch?v=t2KVpiwZyhg,0,0,0,0,
9d0fb5c59ea745f09934f3cfd932c393,20400,2885306,3732,1650,17077,https://www.youtube.com/watch?v=11OVNzzz83U,489,282,621,https://www.youtube.com/watch?v=7BctUsyeKME,6830,2701,17077,https://www.youtube.com/watch?v=11OVNzzz83U,0,0,0,0,
e9a9d88bf69e4c83842fe05b3ae1601b,20400,1105700,557,300,604,https://www.youtube.com/watch?v=H92UKVsx6uI,510,276,510,https://www.youtube.com/watch?v=MIUNxGbCjAg,604,323,604,https://www.youtube.com/watch?v=H92UKVsx6uI,13316,1100,415,2321,https://www.twitch.tv/videos/2737948609
adc9d30b5940427e96ae92238f0f8b83,20200,569817,278,136,9090,https://www.youtube.com/watch?v=oMAFg3rEido,238,122,2767,https://www.youtube.com/watch?v=RjPsE7PU_Eo,1655,588,9090,https://www.youtube.com/watch?v=oMAFg3rEido,868,0,0,0,
3e19e054b479401da231ebc3d3fab628,20000,633204,2970,2225,3138,https://www.youtube.com/watch?v=O1tkprNkYYE,0,0,0,,2970,2225,3138,https://www.youtube.com/watch?v=O1tkprNkYYE,0,0,0,0,
36a96262405a4d4683db73d8403bf8b7,19900,1258752,712,408,2732,https://www.youtube.com/watch?v=_ZZp_YOekvI,612,408,712,https://www.youtube.com/watch?v=6dr-4ugm53U,2149,368,2732,https://www.youtube.com/watch?v=_ZZp_YOekvI,571,88,67,294,https://www.twitch.tv/videos/2755714861
c9ece3513c804b3db003cd8fca683857,19900,778999,0,0,0,,0,0,0,,0,0,0,,8606,0,0,0,
88f782b3b6c6492c926f70e4a13390c9,19700,808551,345,138,1483,https://www.youtube.com/watch?v=-nA4QXUgnzE,309,88,546,https://www.youtube.com/watch?v=4_poEzdmMmk,981,486,1483,https://www.youtube.com/watch?v=-nA4QXUgnzE,833,233,163,275,https://www.twitch.tv/videos/2750624428
7b58646f89cb4b7cbcdce819499c475f,19500,381839,0,0,0,,0,0,0,,0,0,0,,0,0,0,0,
c540124532e14ceb8e9ffc654a0ec4c9,19500,28745894,636,216,54813,https://www.youtube.com/watch?v=iFbinc2gYy4,238,117,2019,https://www.youtube.com/watch?v=bT3co3mHcr8,14742,4436,54813,https://www.youtube.com/watch?v=iFbinc2gYy4,1595,33,21,38,https://www.twitch.tv/videos/2759631592
de266b34e79c49b48fa566e9fb1a24af,19200,1316562,783,236,1165,https://www.youtube.com/watch?v=PbLstx7ZZCM,783,236,1165,https://www.youtube.com/watch?v=PbLstx7ZZCM,0,0,0,,630,0,0,0,
05e831b267914fc5b4d9b28de1f648dc,19200,948795,0,0,0,,0,0,0,,0,0,0,,0,0,0,0,
6548fd18ecf84bd88112cd5babfa2a66,19100,673938,437,209,14833,https://www.youtube.com/watch?v=Zf7T4b437_0,417,160,2701,https://www.youtube.com/watch?v=v6Y1YZ8MJ80,2186,641,14833,https://www.youtube.com/watch?v=Zf7T4b437_0,2520,0,0,0,
ef67b676c0334ef182151f473469c1f1,19000,1125169,925,458,2722,https://www.youtube.com/watch?v=Q60109uvkUQ,628,352,1669,https://www.youtube.com/watch?v=bRrtVJdD3SE,1735,640,2722,https://www.youtube.com/watch?v=Q60109uvkUQ,0,0,0,0,
cdb5c89f61c94949a989457cf549b7e4,18800,1289963,642,345,2482,https://www.youtube.com/watch?v=pxQ4T1GhUS0,642,290,1277,https://www.youtube.com/watch?v=QxWvJzO_2AU,688,387,2482,https://www.youtube.com/watch?v=pxQ4T1GhUS0,0,0,0,0,
2c05340bb152419ebe0bd3fb6a78da80,18700,1846415,779,461,7487,https://www.youtube.com/watch?v=L1Moj-ndH9c,658,264,2541,https://www.youtube.com/watch?v=vj4o77wkUjA,1507,786,7487,https://www.youtube.com/watch?v=L1Moj-ndH9c,0,0,0,0,
6c0758764e674c6db2f985710fcfbd7b,18500,1255706,820,464,4942,https://www.youtube.com/watch?v=aQUHHlXOQX0,643,296,890,https://www.youtube.com/watch?v=iY3MOy9MgPE,2209,956,4942,https://www.youtube.com/watch?v=aQUHHlXOQX0,0,0,0,0,
05be4fb717614738a87daac46157ddb1,18100,1237286,423,212,2349,https://www.youtube.com/watch?v=LM71mhm7Cbc,412,243,2349,https://www.youtube.com/watch?v=LM71mhm7Cbc,1488,0,1488,https://www.youtube.com/watch?v=yEvoY1T-AV0,0,0,0,0,
ebc44e2ba78f4790b832d02c31410262,18100,679584,240,118,3471,https://www.youtube.com/watch?v=jMzYscoKhVY,197,92,321,https://www.youtube.com/watch?v=AY8FVgBTB9I,1551,736,3471,https://www.youtube.com/watch?v=jMzYscoKhVY,524,280,212,734,https://www.twitch.tv/videos/2756661788
0bfd032de03c48a4bd7d1f4505335a7d,17900,813539,307,177,569,https://www.youtube.com/watch?v=JII0tO3N8tY,307,177,569,https://www.youtube.com/watch?v=JII0tO3N8tY,0,0,0,,0,0,0,0,
aaa45dc386714427ba862f691d4471ac,17800,1702092,1326,305,6522,https://www.youtube.com/watch?v=6tAlIoZHsi8,497,264,1533,https://www.youtube.com/watch?v=tKlr1LRAKT8,1978,657,6522,https://www.youtube.com/watch?v=6tAlIoZHsi8,1506,0,0,0,
ed3f69b9de7c43f3a32b4e7dfdb5bfd0,17700,655352,203,107,6335,https://www.youtube.com/watch?v=J6ij2zd0WBU,180,81,339,https://www.youtube.com/watch?v=POZHjGwb5vQ,1796,1062,6335,https://www.youtube.com/watch?v=J6ij2zd0WBU,0,0,0,0,
090be1be8d29429183e190e22fc4be22,17700,1082430,1875,314,3375,https://www.youtube.com/watch?v=lU2xPBLMdbg,1307,295,3375,https://www.youtube.com/watch?v=lU2xPBLMdbg,1928,314,2509,https://www.youtube.com/watch?v=6l1a-zFaoR0,3869,375,256,549,https://www.twitch.tv/videos/2755133404
6c7a8b443aa942a89a83485c98d10559,17400,1531389,264,83,457,https://www.youtube.com/watch?v=u9cE-i5LXps,264,95,457,https://www.youtube.com/watch?v=u9cE-i5LXps,365,24,365,https://www.youtube.com/watch?v=HOeQM_kJ0AA,0,0,0,0,
936b23e5e87144108c5d3f09f194c8b8,17300,1352787,249,95,425,https://www.youtube.com/watch?v=TIOwrqTPRJw,249,95,425,https://www.youtube.com/watch?v=TIOwrqTPRJw,0,0,0,,6849,0,0,0,
49eca1ea30a8425a8967677070c95627,17100,756274,519,240,2740,https://www.youtube.com/watch?v=l6IE0UpHGVE,469,261,705,https://www.youtube.com/watch?v=7K1qlJxn1rs,1965,193,2740,https://www.youtube.com/watch?v=l6IE0UpHGVE,0,0,0,0,
139f3f1818a2420aa35d5471adaf1a73,16900,609011,293,138,1043,https://www.youtube.com/watch?v=vuwNGq62flI,293,118,1043,https://www.youtube.com/watch?v=vuwNGq62flI,238,206,238,https://www.youtube.com/watch?v=0G5c2mY_guU,0,0,0,0,
470d1cb40a5e460e8cdc1414c5fd1a34,16800,360091,790,560,2659,https://www.youtube.com/watch?v=3Vzbku6GnJo,790,560,2659,https://www.youtube.com/watch?v=3Vzbku6GnJo,0,0,0,,1292,0,0,0,
bf58297d50a741e5b1808ec4c445f216,16800,3910221,999,419,83094,https://www.youtube.com/watch?v=1-uqubxYB1I,354,173,509,https://www.youtube.com/watch?v=saoNeJ_TyDA,3522,2582,83094,https://www.youtube.com/watch?v=1-uqubxYB1I,0,0,0,0,
7870ac4364ca4c97a4dfe7474251bf5b,16800,733130,797,491,42463,https://www.youtube.com/watch?v=e4TIXfBv-wA,757,428,1669,https://www.youtube.com/watch?v=KzEZR8FMGv8,22683,15652,42463,https://www.youtube.com/watch?v=e4TIXfBv-wA,0,0,0,0,
1ac97b8deb08470dafc128557532dd52,16700,1216404,956,256,24889,https://www.youtube.com/watch?v=-2wumBTm-hY,287,116,531,https://www.youtube.com/watch?v=nUo5qHrSFZA,2598,1190,24889,https://www.youtube.com/watch?v=-2wumBTm-hY,418,0,0,0,
2ada3b89962b479bb8dbd2a63bca5da1,16700,1226454,309,121,505,https://www.youtube.com/watch?v=y8wEjxAJVuo,309,121,505,https://www.youtube.com/watch?v=y8wEjxAJVuo,0,0,0,,0,0,0,0,
f6fe970a79964cca9dcec4741f0f679b,16700,1578077,2594,1647,33912,https://www.youtube.com/watch?v=huFK1-Vufr8,0,0,0,,2594,1647,33912,https://www.youtube.com/watch?v=huFK1-Vufr8,85382,31106,16644,117249,https://www.twitch.tv/videos/2755716754
fbb142bcb07a4808b0164c41ab1877ea,16600,1497971,296,163,2279,https://www.youtube.com/watch?v=Z3-FR8lfhbc,269,152,696,https://www.youtube.com/watch?v=BAUuXxCSLmY,1803,826,2279,https://www.youtube.com/watch?v=Z3-FR8lfhbc,0,0,0,0,
8796ee6fb25b4b40a8ad9a188059951a,16500,591098,235,123,431,https://www.youtube.com/watch?v=uBAlzKCiaag,235,123,431,https://www.youtube.com/watch?v=uBAlzKCiaag,0,0,0,,0,0,0,0,
57903e09a68f4997b7c4bc356cd5e64d,16400,780198,838,424,6240,https://www.youtube.com/watch?v=JeJ1usp5Cn4,697,359,1117,https://www.youtube.com/watch?v=A4bVzv1f3Do,5882,810,6240,https://www.youtube.com/watch?v=JeJ1usp5Cn4,0,0,0,0,
76d68171666847cc913328359037139c,16300,721138,345,146,20733,https://www.youtube.com/watch?v=yU6eGK8OveE,251,98,913,https://www.youtube.com/watch?v=DkY59bBJxs8,2187,1165,20733,https://www.youtube.com/watch?v=yU6eGK8OveE,1638,0,0,0,
0b63fa89b80e4649b0297d156ed1c791,16300,1394318,1112,573,2151,https://www.youtube.com/watch?v=F-r1VyFF5j0,778,571,1483,https://www.youtube.com/watch?v=ZXUODtzEqkI,1407,646,2151,https://www.youtube.com/watch?v=F-r1VyFF5j0,0,0,0,0,
c61d5dd825d5423fac8fd1bc0596d1ff,16300,422151,387,204,5624,https://www.youtube.com/watch?v=ra7rCVk5RPI,357,187,820,https://www.youtube.com/watch?v=6VMpY9eBPfA,3161,507,5624,https://www.youtube.com/watch?v=ra7rCVk5RPI,0,0,0,0,
3b1860c399f445469efdda27cf8d9156,16300,587253,191,101,484,https://www.youtube.com/watch?v=fniruDS4idk,191,101,484,https://www.youtube.com/watch?v=fniruDS4idk,0,0,0,,1093,0,0,0,
c379e3f4f1eb41869ec465481b182e50,16200,682184,663,343,2781,https://www.youtube.com/watch?v=GxRL3MjKC0E,618,292,2781,https://www.youtube.com/watch?v=GxRL3MjKC0E,1627,570,2286,https://www.youtube.com/watch?v=yy7TnpuVKo0,0,0,0,0,
2885972c2d0943e6b697bdc5e72c1d4a,16000,285615,319,176,423,https://www.youtube.com/watch?v=xlrJy06CMM0,319,176,423,https://www.youtube.com/watch?v=xlrJy06CMM0,0,0,0,,0,0,0,0,
ec30041838214022aeb622c0851e46db,15900,812947,2241,2098,10728,https://www.youtube.com/watch?v=Xb5ubUuJuWA,96,8,110,https://www.youtube.com/watch?v=_didugYPAtE,2506,2371,10728,https://www.youtube.com/watch?v=Xb5ubUuJuWA,4879,480,444,745,https://www.twitch.tv/videos/2756470093
221563b6b46245379c6dc6328c9d0447,15700,1122955,0,0,0,,0,0,0,,0,0,0,,0,0,0,0,
71e1a399885b48e79c9a98e973e6b5e3,15700,5732229,2706,1474,18117,https://www.youtube.com/watch?v=PVGXtFrYbKE,0,0,0,,2706,1474,18117,https://www.youtube.com/watch?v=PVGXtFrYbKE,679,0,0,0,
b174714646ea40e28ce32affabe3e93e,15700,634360,867,471,3474,https://www.youtube.com/watch?v=ESMLxmhF7-w,762,387,2039,https://www.youtube.com/watch?v=L0QKRVbfQBQ,1694,1188,3474,https://www.youtube.com/watch?v=ESMLxmhF7-w,649,0,0,0,
5db725f32b5e4e1380ad64110b88c91d,15700,4939692,77,60,80,https://www.youtube.com/watch?v=qq3zhvpgMEQ,77,60,80,https://www.youtube.com/watch?v=qq3zhvpgMEQ,0,0,0,,1048,0,0,0,
656455380d524045b9f75d6082563f94,15600,1437309,186,110,1746,https://www.youtube.com/watch?v=W5v-EDEhMBE,179,89,245,https://www.youtube.com/watch?v=TJ8pgD9afvs,1592,992,1746,https://www.youtube.com/watch?v=W5v-EDEhMBE,659,0,0,0,
77533b0fb2324e33bff67fbbf4daf13f,15400,3906617,608,270,1332,https://www.youtube.com/watch?v=pWJgNk4uJYU,1178,406,1332,https://www.youtube.com/watch?v=pWJgNk4uJYU,502,266,608,https://www.youtube.com/watch?v=d5j6ZT6jC-0,1464,12,9,12,https://www.twitch.tv/videos/2755897405
0f595c5e48be4f29befb358388a61f8b,15200,1222356,0,0,0,,0,0,0,,0,0,0,,385,0,0,0,
fd7a69505569429fb845ac056825f3a9,15200,1562408,161,73,289,https://www.youtube.com/watch?v=mDQM3Ta7tT4,173,61,289,https://www.youtube.com/watch?v=mDQM3Ta7tT4,117,86,117,https://www.youtube.com/watch?v=kPMsIWOpEPg,0,0,0,0,
e93182ff3a954e0e92567136dc3659ed,15200,413155,241,77,1856,https://www.youtube.com/watch?v=WlYgP1RHkbE,218,80,391,https://www.youtube.com/watch?v=lzemCpOSPfY,1575,66,1856,https://www.youtube.com/watch?v=WlYgP1RHkbE,0,0,0,0,
03762df738044b09a1e216949158c8a4,14700,250249,227,194,227,https://www.youtube.com/watch?v=dvnwK_-rp98,227,194,227,https://www.youtube.com/watch?v=dvnwK_-rp98,0,0,0,,2427,678,587,942,https://www.twitch.tv/videos/2755071439
6a30fc9ee6f24d839198497406c63cc1,14600,2017302,256,92,1049,https://www.youtube.com/watch?v=wefDu0PjIYQ,96,46,96,https://www.youtube.com/watch?v=RmEzBGn429Y,270,104,1049,https://www.youtube.com/watch?v=wefDu0PjIYQ,523,0,0,0,
0ba1bc3725a9456aa0f66ec951ad47eb,14600,749051,766,499,4285,https://www.youtube.com/watch?v=gycuQ5LYmQY,322,144,799,https://www.youtube.com/watch?v=zQJIRoHscUg,2101,1124,4285,https://www.youtube.com/watch?v=gycuQ5LYmQY,6119,529,249,975,https://www.twitch.tv/videos/2742175208
5f8930a469f94b5cad116810f68a2614,14600,398344,1191,450,3911,https://www.youtube.com/watch?v=AUngejQemCM,1191,450,3911,https://www.youtube.com/watch?v=AUngejQemCM,1168,458,2019,https://www.youtube.com/watch?v=5ELHcBILVNw,0,0,0,0,
ac1ce1eeaffa4e58a8155c20d8f85ff3,14600,577609,484,279,2054,https://www.youtube.com/watch?v=0S8ac1nC4zk,458,194,2054,https://www.youtube.com/watch?v=0S8ac1nC4zk,1180,848,1435,https://www.youtube.com/watch?v=AjEAB7yziA0,5238,0,0,0,
d5c19a6328af48ba88bf41b2dd757f14,14500,690657,207,164,2702,https://www.youtube.com/watch?v=mApWlic5-1M,188,101,207,https://www.youtube.com/watch?v=xS1nAIL5m5o,1973,993,2702,https://www.youtube.com/watch?v=mApWlic5-1M,0,0,0,0,
15e4450f63904e50907dc93fee446fd2,14400,897496,1001,443,2472,https://www.youtube.com/watch?v=qL9qVL9TPzQ,671,248,1394,https://www.youtube.com/watch?v=rdMP0Fm-tac,2095,950,2472,https://www.youtube.com/watch?v=qL9qVL9TPzQ,0,0,0,0,
8eec9fd38e7440f09bf1bc864e4d6e38,14300,501668,813,315,3317,https://www.youtube.com/watch?v=exi2rGrr-aI,714,205,1790,https://www.youtube.com/watch?v=oA7LKIGthBI,2428,874,3317,https://www.youtube.com/watch?v=exi2rGrr-aI,2945,5448,4263,6581,https://www.twitch.tv/videos/2753506790
1a1942f52ea74121923497e7e0cfd6a5,14300,672143,189,68,246,https://www.youtube.com/watch?v=x2I7oKWdnTg,189,68,246,https://www.youtube.com/watch?v=x2I7oKWdnTg,0,0,0,,0,0,0,0,
bf197e3d2cd6400db5f7e397427965e5,14300,410788,116,50,176,https://www.youtube.com/watch?v=MNoSdjiH2E0,116,50,176,https://www.youtube.com/watch?v=MNoSdjiH2E0,0,0,0,,272,0,0,0,
031e5c207b634c6ab08dbc0a361ba52e,14300,418139,336,198,1874,https://www.youtube.com/watch?v=Eygr91ZGaU0,336,198,1874,https://www.youtube.com/watch?v=Eygr91ZGaU0,0,0,0,,458,0,0,0,
ec183b10574a449f91e43ab216976a60,14300,1097481,2505,747,5623,https://www.youtube.com/watch?v=ztlZ7ZQZtgo,1072,473,2955,https://www.youtube.com/watch?v=OzqRUy2zaBA,4172,1678,5623,https://www.youtube.com/watch?v=ztlZ7ZQZtgo,1233,0,0,0,
2d57d202ef8e46a5871302b944309bc2,14100,1258883,65,25,67,https://www.youtube.com/watch?v=Y6b7wAIspiI,65,25,67,https://www.youtube.com/watch?v=Y6b7wAIspiI,0,0,0,,0,0,0,0,
b5561ece0c9b4f4a8fccdd3b36ee3260,14100,823871,476,196,9015,https://www.youtube.com/watch?v=a_9yV5Xb0F0,180,159,308,https://www.youtube.com/watch?v=vIiOqpywayk,3634,1208,9015,https://www.youtube.com/watch?v=a_9yV5Xb0F0,0,0,0,0,
09600daf1956476190642d1be738e945,14100,1143363,828,369,23965,https://www.youtube.com/watch?v=2gTgFM45Y44,796,340,1269,https://www.youtube.com/watch?v=zEJ4tb-ydYQ,7114,1648,23965,https://www.youtube.com/watch?v=2gTgFM45Y44,0,0,0,0,
c4bc52355d334a98bdaa1e57c05673ad,14000,1099226,409,238,683,https://www.youtube.com/watch?v=A6rCQg6ku78,409,238,683,https://www.youtube.com/watch?v=A6rCQg6ku78,0,0,0,,0,0,0,0,
0471d5082a2e419786e141d6424c9150,14000,1391558,945,382,16400,https://www.youtube.com/watch?v=QuEWMVrmTPo,272,132,623,https://www.youtube.com/watch?v=qtXOU4pxAZM,2200,1060,16400,https://www.youtube.com/watch?v=QuEWMVrmTPo,7793,935,604,95962,https://www.twitch.tv/videos/2757278155
7c5232b16a1d44498677ed33e72bd8c6,13900,522309,378,197,3932,https://www.youtube.com/watch?v=KJaxl2GUHWA,337,183,2461,https://www.youtube.com/watch?v=_gb3bzGQG4k,2545,1045,3932,https://www.youtube.com/watch?v=KJaxl2GUHWA,0,0,0,0,
44af52f7f6aa487e850b3d261947205b,13800,1932106,337,193,3653,https://www.youtube.com/watch?v=FYzjx5Kx-X4,264,153,1691,https://www.youtube.com/watch?v=azVQKps6S74,1514,743,3653,https://www.youtube.com/watch?v=FYzjx5Kx-X4,115,89,59,175,https://www.twitch.tv/videos/2757355186
abc7acc71b474ebebecfde51ad5f88e1,13800,541722,190,60,202,https://www.youtube.com/watch?v=YsDxQN9VkI8,190,60,202,https://www.youtube.com/watch?v=YsDxQN9VkI8,0,0,0,,1641,0,0,0,
ad2a1148ff4747229694f9aa2c3645d9,13700,1023442,363,182,2260,https://www.youtube.com/watch?v=oG68tMEKw4E,205,84,588,https://www.youtube.com/watch?v=tXsHKLsEAqQ,1610,831,2260,https://www.youtube.com/watch?v=oG68tMEKw4E,0,0,0,0,
4d8babea181e44df9855f3aafc06eb2c,13700,780265,505,135,7231,https://www.youtube.com/watch?v=bPoPWAH9R5M,290,106,1204,https://www.youtube.com/watch?v=hYiyM-eo-8Q,2543,1405,7231,https://www.youtube.com/watch?v=bPoPWAH9R5M,0,0,0,0,
7ef2dc851df94f5aa7f632c736b4307e,13700,471943,254,33,262,https://www.youtube.com/watch?v=AKEVy6-x8pI,260,122,262,https://www.youtube.com/watch?v=AKEVy6-x8pI,57,17,62,https://www.youtube.com/watch?v=vsCW2-J-7i4,645,0,0,0,
7587608de08740aeb1a8dbe40006b90d,13600,1083057,2497,663,3044,https://www.youtube.com/watch?v=7lvNAu2wlBo,0,0,0,,2497,663,3044,https://www.youtube.com/watch?v=7lvNAu2wlBo,2440,767,232,1303,https://www.twitch.tv/videos/2756625031
4571c7a211b945f3b608c0066f7e73e4,13400,3263577,278,159,467,https://www.youtube.com/watch?v=XvY5k1g4TW0,278,159,467,https://www.youtube.com/watch?v=XvY5k1g4TW0,0,0,0,,820,95,70,95,https://www.twitch.tv/videos/2754283722
a51be890a1f443ea87bee45c9d8acf13,13300,912335,2766,777,4122,https://www.youtube.com/watch?v=yor-N5QBlEY,0,0,0,,2766,777,4122,https://www.youtube.com/watch?v=yor-N5QBlEY,17974,3625,1910,7351,https://www.twitch.tv/videos/2752488899
5d2231ea88fd474d8a11e5a759899216,13300,3390409,592,232,2741,https://www.youtube.com/watch?v=3ZnEJvxU0mQ,532,185,953,https://www.youtube.com/watch?v=_kpqJht11uY,2048,1752,2741,https://www.youtube.com/watch?v=3ZnEJvxU0mQ,212,0,0,0,
0448e6929687421c9e0435832765b9fe,13300,319870,285,143,333,https://www.youtube.com/watch?v=7zMIQsbkgq8,285,143,333,https://www.youtube.com/watch?v=7zMIQsbkgq8,0,0,0,,2673,514,344,1941,https://www.twitch.tv/videos/2758312568
1a520f3d2665454f985490e42467ae27,13200,477647,383,196,1470,https://www.youtube.com/watch?v=2FmiyOhiWhg,323,194,1247,https://www.youtube.com/watch?v=85JBRZBG4cU,1191,495,1470,https://www.youtube.com/watch?v=2FmiyOhiWhg,0,0,0,0,
390346240f4748bd9d81e472411c20c2,13100,319582,1189,391,1189,https://www.youtube.com/watch?v=FuWZF77v6Eo,1189,391,1189,https://www.youtube.com/watch?v=FuWZF77v6Eo,0,0,0,,3651,0,0,0,
3d46fb16bc2c48fb8f12a647cf5ec702,13100,1081759,830,416,4861,https://www.youtube.com/watch?v=x0AzrIMr_-g,729,317,4861,https://www.youtube.com/watch?v=x0AzrIMr_-g,1720,925,2448,https://www.youtube.com/watch?v=0McIS5WNxmw,0,0,0,0,
70b86c53cafa43b49e2782fe4e4bbd6c,13100,795164,495,223,1490,https://www.youtube.com/watch?v=LrGR2DCJ5a0,422,212,699,https://www.youtube.com/watch?v=l2zcjy3IrfU,811,559,1490,https://www.youtube.com/watch?v=LrGR2DCJ5a0,0,0,0,0,
1eec022f916a46b58f5124936afdabe3,13000,321878,283,171,2157,https://www.youtube.com/watch?v=3kK0yDU7cXw,238,145,333,https://www.youtube.com/watch?v=-_x3eXCxtOk,1076,323,2157,https://www.youtube.com/watch?v=3kK0yDU7cXw,0,0,0,0,
cad7f93653b54779932a6809a5f3a769,13000,344799,314,159,521,https://www.youtube.com/watch?v=YVtd8BtFyKg,314,159,521,https://www.youtube.com/watch?v=YVtd8BtFyKg,0,0,0,,1258,627,502,687,https://www.twitch.tv/videos/2754194827
f73be498fddd4e718f18f8203af00f33,13000,450710,265,119,420,https://www.youtube.com/watch?v=uA-yy3PDiOE,265,119,420,https://www.youtube.com/watch?v=uA-yy3PDiOE,0,0,0,,514,0,0,0,
788611c913b04d999011628637657bee,13000,1444794,793,411,6640,https://www.youtube.com/watch?v=_5lRTqPjqEM,706,335,1912,https://www.youtube.com/watch?v=nFF7zbU8KQ4,2361,1019,6640,https://www.youtube.com/watch?v=_5lRTqPjqEM,2311,175,144,1157,https://www.twitch.tv/videos/2754001649
2ee2acc29fac42c5b130558543cbdf00,13000,824845,279,132,5035,https://www.youtube.com/watch?v=Ql8fAVUBQ0k,242,113,490,https://www.youtube.com/watch?v=NYBO8UW0dpg,1719,701,5035,https://www.youtube.com/watch?v=Ql8fAVUBQ0k,852,25,18,32,https://www.twitch.tv/videos/2756655071
5ee3c46f62cf4b34accc313fb437581b,12900,165530,329,240,659,https://www.youtube.com/watch?v=4mu0zukulRY,329,240,659,https://www.youtube.com/watch?v=4mu0zukulRY,0,0,0,,0,0,0,0,
0ab147ded84b484eac14de7a46c9cf4e,12900,664422,346,153,4824,https://www.youtube.com/watch?v=CR2CFBNdqIo,278,141,727,https://www.youtube.com/watch?v=oTOFIl7dEuo,1925,1742,4824,https://www.youtube.com/watch?v=CR2CFBNdqIo,0,0,0,0,
fbced2373c5a48f6abee998296f20617,12800,185241,160,79,220,https://www.youtube.com/watch?v=k2PVnNsEhtA,160,79,220,https://www.youtube.com/watch?v=k2PVnNsEhtA,0,0,0,,0,0,0,0,
a168211aa3dd451cb33e09b80df0ea0a,12800,371479,95,49,350,https://www.youtube.com/watch?v=PgO2hZwcKpI,94,50,350,https://www.youtube.com/watch?v=PgO2hZwcKpI,146,0,146,https://www.youtube.com/watch?v=TGVtbnbe44k,548,0,0,0,
68820304b6164959806479d6c9dad127,12700,522996,835,519,16271,https://www.youtube.com/watch?v=U-a0-IjwPVU,813,439,2433,https://www.youtube.com/watch?v=wZlsvpEZqCE,2342,1160,16271,https://www.youtube.com/watch?v=U-a0-IjwPVU,0,0,0,0,
15cbed02d2f74630b04b73515909c1f4,12700,450220,180,117,206,https://www.youtube.com/watch?v=cnotfzmicec,180,117,206,https://www.youtube.com/watch?v=cnotfzmicec,0,0,0,,2459,0,0,0,
20aa88e16d77400b9bc4e72df1b2a588,12700,409078,555,255,3156,https://www.youtube.com/watch?v=qED2MHyH1fA,380,172,615,https://www.youtube.com/watch?v=dxBTuibIbq4,1571,495,3156,https://www.youtube.com/watch?v=qED2MHyH1fA,0,0,0,0,
5fbcb045887b4a87878773dbf5f63e26,12600,359261,303,177,2440,https://www.youtube.com/watch?v=Xbm70NAohjY,290,175,1018,https://www.youtube.com/watch?v=5b2Ro2w9x8Y,1638,1306,2440,https://www.youtube.com/watch?v=Xbm70NAohjY,1330,466,299,466,https://www.twitch.tv/videos/2752045519
3005ff0c09064d7f924c506e1e9c18ba,12600,502544,1608,1447,1608,https://www.youtube.com/watch?v=hXRDLTRdl6M,0,0,0,,1608,1447,1608,https://www.youtube.com/watch?v=hXRDLTRdl6M,22521,2697,1227,4492,https://www.twitch.tv/videos/2757498382
633c7350aca946428e98228660ee73e2,12300,513061,446,161,3297,https://www.youtube.com/watch?v=WIGmlv6-2zI,443,153,926,https://www.youtube.com/watch?v=xnLyFa0KGVA,811,706,3297,https://www.youtube.com/watch?v=WIGmlv6-2zI,0,0,0,0,
675071ddbd4844119d341bbfd6a0ee2a,12200,374839,450,167,32284,https://www.youtube.com/watch?v=CUrE64opgUI,445,167,2007,https://www.youtube.com/watch?v=YK7AOGcR_18,7997,2663,32284,https://www.youtube.com/watch?v=CUrE64opgUI,0,0,0,0,
2a3824dd5c0a46f597b27dd183283aea,12200,5485361,459,230,11073,https://www.youtube.com/watch?v=BTFjUI7PuBY,204,94,1191,https://www.youtube.com/watch?v=8Xr2mZBXp5c,7200,2571,11073,https://www.youtube.com/watch?v=BTFjUI7PuBY,0,0,0,0,
b1939ca67a3c43cf8a6a0a9a88137419,12100,246181,347,191,3383,https://www.youtube.com/watch?v=wqpczslC9wI,234,153,508,https://www.youtube.com/watch?v=L-Sohr6RT1o,1764,690,3383,https://www.youtube.com/watch?v=wqpczslC9wI,0,0,0,0,
3a8f78d98fd344cb9d32358e5c96eace,12100,591718,1469,538,14643,https://www.youtube.com/watch?v=Ab-Yg8v6eBQ,870,449,1920,https://www.youtube.com/watch?v=jnPahQaCYiw,2751,1265,14643,https://www.youtube.com/watch?v=Ab-Yg8v6eBQ,3580,0,0,0,
8195d69546e3466c95f9d35ccb7c6c35,12100,1298009,823,277,2347,https://www.youtube.com/watch?v=IyXr7Ivdk-g,519,276,2347,https://www.youtube.com/watch?v=IyXr7Ivdk-g,1310,640,1816,https://www.youtube.com/watch?v=HnVA8_U_rh8,0,0,0,0,
126103200de947a7a3c2ac3971eef633,12100,241125,0,0,0,,0,0,0,,0,0,0,,0,0,0,0,
7cbd1f537c3d4e67b38b9f9e31cb93d6,12100,283663,436,220,617,https://www.youtube.com/watch?v=YJrY4zboafI,436,220,617,https://www.youtube.com/watch?v=YJrY4zboafI,0,0,0,,3222,895,480,25226,https://www.twitch.tv/videos/2746214596
976e0cf401784d3f874dc85b2b2c5839,12000,1154552,405,242,2542,https://www.youtube.com/watch?v=eNppJf5T8i0,405,223,712,https://www.youtube.com/watch?v=LrW0XsxSAuE,2175,2029,2542,https://www.youtube.com/watch?v=eNppJf5T8i0,3011,628,359,628,https://www.twitch.tv/videos/2750266610
6e51f06f6a02439d82b213b623cda4e8,12000,457551,214,96,2148,https://www.youtube.com/watch?v=O22YfkpW3Og,210,91,2000,https://www.youtube.com/watch?v=u3Hk5NqbZ_U,2148,377,2148,https://www.youtube.com/watch?v=O22YfkpW3Og,0,0,0,0,
60ae2b3fd2254689bb65c216a0a09605,12000,52709,0,0,0,,0,0,0,,0,0,0,,0,0,0,0,
b57162e62056494d85f1743abdbad648,12000,646429,0,0,0,,0,0,0,,0,0,0,,309,0,0,0,
316dd044dc644c4cac9e140dcba5d210,12000,932199,151,131,1337,https://www.youtube.com/watch?v=kBRR3yTsAnU,0,0,0,,151,131,1337,https://www.youtube.com/watch?v=kBRR3yTsAnU,1207,269,197,494,https://www.twitch.tv/videos/2757494445
d2c76258b7ff45ee88e3585c4c9ed0c1,12000,387019,0,0,0,,0,0,0,,0,0,0,,3806,0,0,0,
774342c826924ecfb8b13a2bc27e3b81,11900,2587302,200,128,3138,https://www.youtube.com/watch?v=AOsqQeknDPU,162,93,223,https://www.youtube.com/watch?v=bw2KyzaEj_w,1480,668,3138,https://www.youtube.com/watch?v=AOsqQeknDPU,0,0,0,0,
93a4d479e67242d58d3ff80307d3bc84,11900,391335,475,208,1349,https://www.youtube.com/watch?v=U9WONOWHJnU,287,112,478,https://www.youtube.com/watch?v=7a35Wt-qI-8,1078,505,1349,https://www.youtube.com/watch?v=U9WONOWHJnU,189,112,96,120,https://www.twitch.tv/videos/2759871719
6559d42f66684b8f80b4cd4589addd85,11900,749483,180,100,532,https://www.youtube.com/watch?v=j_x8_Ls4PEQ,180,103,532,https://www.youtube.com/watch?v=j_x8_Ls4PEQ,166,11,166,https://www.youtube.com/watch?v=e-2mD4Iq_6M,3671,154,109,156,https://www.twitch.tv/videos/2757593184
703ae2c7ccc9431382a5b0f2c35e6ec1,11800,746488,450,51,496,https://www.youtube.com/watch?v=fTOl2AO4nHw,450,51,496,https://www.youtube.com/watch?v=fTOl2AO4nHw,0,0,0,,0,0,0,0,
341ca5efce084743977d3b74315a30ab,11800,599133,711,439,3223,https://www.youtube.com/watch?v=bXexM30EVAE,703,276,1231,https://www.youtube.com/watch?v=Zwlvmu6mAKY,2635,1539,3223,https://www.youtube.com/watch?v=bXexM30EVAE,1476,448,282,703,https://www.twitch.tv/videos/2753489018
4558095012964943921cd8a376a192fd,11700,440368,0,0,0,,0,0,0,,0,0,0,,6356,635,245,1041,https://www.twitch.tv/videos/2738849427
8faff7aecb9d4e12917ea0144696e2de,11700,494241,276,124,753,https://www.youtube.com/watch?v=G0q1TVvS0pk,276,124,753,https://www.youtube.com/watch?v=G0q1TVvS0pk,0,0,0,,859,316,222,543,https://www.twitch.tv/videos/2759000653
5f0afd7885894861925e7030c096297e,11600,552092,372,211,1406,https://www.youtube.com/watch?v=fjNNTzEzAu0,369,201,1350,https://www.youtube.com/watch?v=EAb2Ea-UmCk,1334,1300,1406,https://www.youtube.com/watch?v=fjNNTzEzAu0,0,0,0,0,
82e63a8d4ae14beab89e13b43b35fce3,11600,328825,153,104,555,https://www.youtube.com/watch?v=YBWE4zCd3FM,153,104,555,https://www.youtube.com/watch?v=YBWE4zCd3FM,0,0,0,,0,0,0,0,
78c188fcd01a4ba382fb153ec86a7367,11600,1162326,635,355,2421,https://www.youtube.com/watch?v=7j85ughQZqg,634,264,2165,https://www.youtube.com/watch?v=IhmpiUY82Tc,2123,686,2421,https://www.youtube.com/watch?v=7j85ughQZqg,0,0,0,0,
a2e67b720e754c16bd739bcf9a95e396,11400,821621,1900,514,6154,https://www.youtube.com/watch?v=hF65EKn9edY,250,169,520,https://www.youtube.com/watch?v=1EIYY_YpjoY,2622,1266,6154,https://www.youtube.com/watch?v=hF65EKn9edY,0,0,0,0,
696e947cd8624e609553d6786d21f11c,11400,409514,364,113,611,https://www.youtube.com/watch?v=JDiqwGHPdI8,351,115,549,https://www.youtube.com/watch?v=nkU42FRdO1E,611,19,611,https://www.youtube.com/watch?v=JDiqwGHPdI8,0,0,0,0,
9012b1827e8141bd9d56d1a04b2f7ad1,11400,725775,641,266,2296,https://www.youtube.com/watch?v=oNmLLBm4imo,589,204,1505,https://www.youtube.com/watch?v=QfcZqe6QNQk,1987,843,2296,https://www.youtube.com/watch?v=oNmLLBm4imo,0,0,0,0,
512e1f38a37942cc8b7cb8aed597a810,11400,509165,257,97,1770,https://www.youtube.com/watch?v=BhAi51ZgYuU,248,78,489,https://www.youtube.com/watch?v=ehCkafP2Hgc,1698,556,1770,https://www.youtube.com/watch?v=BhAi51ZgYuU,0,0,0,0,
ab5709b7d3074c6db2a57995d5b1c328,11300,1121822,333,140,497,https://www.youtube.com/watch?v=obaxgk6tDt4,337,141,497,https://www.youtube.com/watch?v=obaxgk6tDt4,303,8,303,https://www.youtube.com/watch?v=89GQyExwbRo,0,0,0,0,
5fc94cdcf7594a3ba5ce001ba405d3be,11300,729501,458,250,965,https://www.youtube.com/watch?v=o5xBNYIZpqI,458,250,965,https://www.youtube.com/watch?v=o5xBNYIZpqI,0,0,0,,1776,0,0,0,
72cc5bf1729245618e1f10da0b796d53,11300,464673,258,122,431,https://www.youtube.com/watch?v=V_pYd4Vveuw,218,110,295,https://www.youtube.com/watch?v=7IVdMZTgzBs,431,261,431,https://www.youtube.com/watch?v=V_pYd4Vveuw,1516,0,0,0,
51cd04cab0de47d4b2b5a156bbe2dfb0,11200,424843,267,111,389,https://www.youtube.com/watch?v=IoWAEKvo0As,267,111,389,https://www.youtube.com/watch?v=IoWAEKvo0As,0,0,0,,0,0,0,0,
a5f7302f9f1a4fcdb2471c4bc52a05fb,11200,827973,693,273,12163,https://www.youtube.com/watch?v=HjHNKlYMkpo,693,273,4054,https://www.youtube.com/watch?v=EzKmLGTXe84,2459,1409,12163,https://www.youtube.com/watch?v=HjHNKlYMkpo,0,0,0,0,
a1608f0690584f07bf7aaf84ed9e4d8f,11100,261658,823,311,21007,https://www.youtube.com/watch?v=qEsRD4vAYos,771,301,1118,https://www.youtube.com/watch?v=2aH3BOLDksA,21007,2854,21007,https://www.youtube.com/watch?v=qEsRD4vAYos,0,0,0,0,
17933ba43ccf4e3c85961523b77bd901,11100,309861,1320,469,2997,https://www.youtube.com/watch?v=t5wPMkwTMfU,1320,469,2997,https://www.youtube.com/watch?v=t5wPMkwTMfU,0,0,0,,1084,610,347,854,https://www.twitch.tv/videos/2750965703
43864254e678407fae3dc899f7155912,11100,494651,208,103,627,https://www.youtube.com/watch?v=Xq4Fgd2cqXM,142,81,209,https://www.youtube.com/watch?v=2E1KuLo4u-s,293,165,627,https://www.youtube.com/watch?v=Xq4Fgd2cqXM,0,0,0,0,
914f6caed3ff4348824d966f76662bc2,11100,1025563,661,228,1010,https://www.youtube.com/watch?v=xYOLsimwHlw,823,310,1010,https://www.youtube.com/watch?v=xYOLsimwHlw,529,105,608,https://www.youtube.com/watch?v=Tx6W4Vebi_I,0,0,0,0,
99e291fd358849b8877df76fba0a672e,11100,689895,0,0,0,,0,0,0,,0,0,0,,0,0,0,0,
824bd7df6923453292dec9ff3e3f664a,11000,492747,194,96,2987,https://www.youtube.com/watch?v=_Kab2ryTq7I,96,41,244,https://www.youtube.com/watch?v=yHY2JLHZzAU,1549,555,2987,https://www.youtube.com/watch?v=_Kab2ryTq7I,633,0,0,0,
84944da407dc4de9896c7b763132908c,11000,660872,193,94,1306,https://www.youtube.com/watch?v=Vk2HKodiRhE,168,88,622,https://www.youtube.com/watch?v=ZgrLlkOVaII,851,389,1306,https://www.youtube.com/watch?v=Vk2HKodiRhE,0,0,0,0,
b165ca888a7d4f61b754ac53ca374f11,11000,710343,0,0,0,,0,0,0,,0,0,0,,0,0,0,0,
836f66b079c4466db64a8b3bc9295450,11000,348540,1160,478,1877,https://www.youtube.com/watch?v=99iYxP0DjVM,0,0,0,,1160,478,1877,https://www.youtube.com/watch?v=99iYxP0DjVM,0,0,0,0,
ed28c754bb704dbf8a296f7008c2b5e4,10900,113983,53,8,72,https://www.youtube.com/watch?v=yXN8PrbvUXA,72,12,72,https://www.youtube.com/watch?v=yXN8PrbvUXA,34,4,34,https://www.youtube.com/watch?v=qWPocfDo_0Q,1001,0,0,0,
e11a32eec71e4b49aba5525ba012a02a,10900,470559,229,125,396,https://www.youtube.com/watch?v=gfj3kHla_Y4,229,125,396,https://www.youtube.com/watch?v=gfj3kHla_Y4,0,0,0,,237,0,0,0,
209a528363cd411886ec9e5d086ff1bc,10900,1266530,1097,459,4001,https://www.youtube.com/watch?v=khJ51f8XkIU,1097,459,4001,https://www.youtube.com/watch?v=khJ51f8XkIU,0,0,0,,767,0,0,0,
0c09a69445864b44adbba11b487f9b1a,10800,619936,5067,759,5278,https://www.youtube.com/watch?v=bBWXMm2RlGc,0,0,0,,5067,759,5278,https://www.youtube.com/watch?v=bBWXMm2RlGc,813,0,0,0,
c518b228a5a849179ab26f28d230036e,10800,134119,69,68,84,https://www.youtube.com/watch?v=fSWvkiXW40M,69,68,84,https://www.youtube.com/watch?v=fSWvkiXW40M,0,0,0,,0,0,0,0,
75d0bd5fa58a4a5fb479e3b2ebae82a7,10800,434208,159,95,263,https://www.youtube.com/watch?v=ZUhKp6OgnRQ,159,95,263,https://www.youtube.com/watch?v=ZUhKp6OgnRQ,0,0,0,,0,0,0,0,
c163cb7f683c453fa8a994ebbb09ede8,10700,442137,1212,560,2356,https://www.youtube.com/watch?v=SjTfcmHZcg0,117,8,140,https://www.youtube.com/watch?v=vSh1TBh-lY0,1392,666,2356,https://www.youtube.com/watch?v=SjTfcmHZcg0,3250,0,0,0,
63a55bc5320e4f148ed0abd7991b0e01,10600,931981,1983,881,4611,https://www.youtube.com/watch?v=56P6Ehm1wG4,0,0,0,,1983,881,4611,https://www.youtube.com/watch?v=56P6Ehm1wG4,7634,692,259,2412,https://www.twitch.tv/videos/2749984821
00d3ddb7b65247eaa16473cfd1376723,10600,875821,1314,641,12257,https://www.youtube.com/watch?v=zL9DvdKyQv0,741,287,2205,https://www.youtube.com/watch?v=K2v7cZ3AIB4,1931,1094,12257,https://www.youtube.com/watch?v=zL9DvdKyQv0,900,0,0,0,
4b53aa789e544bd9aaecc9fbc79e4bbe,10500,834719,437,136,588,https://www.youtube.com/watch?v=qcfIl3EA8as,437,136,588,https://www.youtube.com/watch?v=qcfIl3EA8as,0,0,0,,0,0,0,0,
e04cb802f3c949bc8300c4125078f738,10500,375807,411,191,1994,https://www.youtube.com/watch?v=bKD5qUQG6U0,390,167,612,https://www.youtube.com/watch?v=_YDnne9mNBY,1124,481,1994,https://www.youtube.com/watch?v=bKD5qUQG6U0,0,0,0,0,
d9e5219a4cd84ac59bc35faa94729f01,10500,646627,159,77,2147,https://www.youtube.com/watch?v=vtNhn3cuUuo,136,66,307,https://www.youtube.com/watch?v=sem6c7GOz54,845,193,2147,https://www.youtube.com/watch?v=vtNhn3cuUuo,8925,408,313,999,https://www.twitch.tv/videos/2752699001
27c0252056e84aa28da6dcebb8e86e85,10500,704067,267,93,490,https://www.youtube.com/watch?v=nCj0meqJ990,267,93,490,https://www.youtube.com/watch?v=nCj0meqJ990,0,0,0,,7794,0,0,0,
8dd4a8b4598e483e9112b2b1a9466013,10500,2816631,113,70,1351,https://www.youtube.com/watch?v=xzAIi5-e0Ho,104,55,140,https://www.youtube.com/watch?v=_Ryv1Fe2VAU,731,422,1351,https://www.youtube.com/watch?v=xzAIi5-e0Ho,265,0,0,0,
96fc771ccb55485bb770997ec43e1ce1,10500,240355,0,0,0,,0,0,0,,0,0,0,,0,0,0,0,
b4bf821f6a6a440996f4fd9cddaf250b,10400,470699,203,134,1002,https://www.youtube.com/watch?v=7QvzWJjXwZQ,167,39,203,https://www.youtube.com/watch?v=J73sSYJEtKc,548,286,1002,https://www.youtube.com/watch?v=7QvzWJjXwZQ,145,0,0,0,
645fc774332a469ebd03f1a822ebe2be,10400,918167,488,275,1265,https://www.youtube.com/watch?v=OjJDvGGq-94,488,275,1265,https://www.youtube.com/watch?v=OjJDvGGq-94,0,0,0,,0,0,0,0,
95e5788cabf340e397e2726def426229,10400,490301,339,187,550,https://www.youtube.com/watch?v=GRZ8K_9wSyU,336,194,550,https://www.youtube.com/watch?v=GRZ8K_9wSyU,409,106,539,https://www.youtube.com/watch?v=XDO5RQo3X5M,0,0,0,0,
a31f3ab4cad841018b196b4de8186823,10400,650173,532,185,1584,https://www.youtube.com/watch?v=BrUyTbge-Vk,370,157,591,https://www.youtube.com/watch?v=nIkPGQMvhOI,1089,349,1584,https://www.youtube.com/watch?v=BrUyTbge-Vk,0,0,0,0,
0715c3b900ad423fa1b981cf4fc15c8f,10400,400628,118,72,225,https://www.youtube.com/watch?v=A2VhGCjv2B4,118,72,225,https://www.youtube.com/watch?v=A2VhGCjv2B4,0,0,0,,0,0,0,0,
93785f5e8b614be98bf8e096f5b1f997,10400,409122,112,78,3000,https://www.youtube.com/watch?v=LQ6Y3CMYZHk,92,48,121,https://www.youtube.com/watch?v=6VYPQM1aTuQ,2578,1065,3000,https://www.youtube.com/watch?v=LQ6Y3CMYZHk,0,0,0,0,
b7f222493f4d4bd1be65f1c08300b45e,10300,450366,152,73,206,https://www.youtube.com/watch?v=emHNiPmzXlA,152,73,206,https://www.youtube.com/watch?v=emHNiPmzXlA,0,0,0,,0,0,0,0,
175cfc69dbb34f1a8987f24a935db17f,10300,533656,424,299,8194,https://www.youtube.com/watch?v=FYbhRfeTWAY,397,271,928,https://www.youtube.com/watch?v=cJcH5-nxQ9Q,7716,2061,8194,https://www.youtube.com/watch?v=FYbhRfeTWAY,0,0,0,0,
e949052e4ee24ecd8b352a68f6bf51e1,10300,352640,586,249,2956,https://www.youtube.com/watch?v=-UzrspKzGlA,462,97,717,https://www.youtube.com/watch?v=a4RVmZjHYLY,1952,467,2956,https://www.youtube.com/watch?v=-UzrspKzGlA,1875,554,414,734,https://www.twitch.tv/videos/2749216358
e0cd8e719dc64b5f9c171736bbaff6f7,10200,1300363,719,281,1852,https://www.youtube.com/watch?v=1ioaX-ZFbZI,677,266,1852,https://www.youtube.com/watch?v=1ioaX-ZFbZI,941,538,1103,https://www.youtube.com/watch?v=t6CZnaMUOJg,0,0,0,0,
6885bffce2184355bed557901e079522,10200,444533,767,326,11141,https://www.youtube.com/watch?v=mQXUI9InvMQ,652,262,803,https://www.youtube.com/watch?v=PiLK7j4JvE0,2053,1490,11141,https://www.youtube.com/watch?v=mQXUI9InvMQ,518,0,0,0,
6eec62ae2c9849de8ca895cef44ec952,10200,549926,290,124,1969,https://www.youtube.com/watch?v=OdJqPb3oD2s,188,30,439,https://www.youtube.com/watch?v=b3pNXDadiYo,960,533,1969,https://www.youtube.com/watch?v=OdJqPb3oD2s,1101,0,0,0,
3e269031fb4b45aaa0906ca424190ce2,10200,504148,2781,1518,4515,https://www.youtube.com/watch?v=wmSqRgZu7hg,0,0,0,,2781,1518,4515,https://www.youtube.com/watch?v=wmSqRgZu7hg,11085,2873,1234,3498,https://www.twitch.tv/videos/2758444323
fefbcad20d8344c79c74a103d0ea45b2,10200,316562,0,0,0,,0,0,0,,0,0,0,,0,0,0,0,
1d5ee3e2653b4ae5b1050533f8d1ae31,10100,4764,0,0,0,,0,0,0,,0,0,0,,0,0,0,0,
59c0d89447d54786966ba8ecd5649d63,10100,232780,0,0,0,,0,0,0,,0,0,0,,1756,0,0,0,
4bfaeda5b1f242959a992d6ad8b8a036,10000,310140,303,51,781,https://www.youtube.com/watch?v=gGAxcSkIh5U,189,55,380,https://www.youtube.com/watch?v=Qmb10xBBUOI,553,37,781,https://www.youtube.com/watch?v=gGAxcSkIh5U,469,0,0,0,
42844ee6e0cc47938829b43a3101b9bb,9990,133883,0,0,0,,0,0,0,,0,0,0,,5082,1397,1168,1397,https://www.twitch.tv/videos/2756660172
310862830fb648b78cca7e581e2622a7,9990,554709,1434,811,1635,https://www.youtube.com/watch?v=g_w9QLUfmAA,0,0,0,,1434,811,1635,https://www.youtube.com/watch?v=g_w9QLUfmAA,21101,2352,1198,4813,https://www.twitch.tv/videos/2739670644
f2dc08b1c55843d9a3d1e0461ebf57c1,9960,463487,1877,510,24999,https://www.youtube.com/watch?v=vkOm4zCyjFw,449,86,449,https://www.youtube.com/watch?v=KCBbDMtub0U,13438,6572,24999,https://www.youtube.com/watch?v=vkOm4zCyjFw,0,0,0,0,
cd542f88cc8b47d087301d567b7cebca,9940,368589,398,49,9051,https://www.youtube.com/watch?v=NJYVxNLicX0,398,49,875,https://www.youtube.com/watch?v=Yn0qnZO70qc,1156,240,9051,https://www.youtube.com/watch?v=NJYVxNLicX0,1808,416,307,530,https://www.twitch.tv/videos/2751036475
1434ae451f81469da327f32c387b9df0,9830,276866,84,33,97,https://www.youtube.com/watch?v=uhTQziUhSN8,84,33,97,https://www.youtube.com/watch?v=uhTQziUhSN8,0,0,0,,0,0,0,0,
f42c6f5877f14a38aef3f3b515769149,9780,1787474,544,257,2508,https://www.youtube.com/watch?v=VeUfth-N4Lg,205,91,648,https://www.youtube.com/watch?v=i35XSFvfF4k,1223,707,2508,https://www.youtube.com/watch?v=VeUfth-N4Lg,0,0,0,0,
9b33b75521bd43bca3346790ac65559c,9750,3239806,1300,316,4493,https://www.youtube.com/watch?v=eZGdZ6HRrtU,139,53,372,https://www.youtube.com/watch?v=zUwbCuVwNx4,1746,846,4493,https://www.youtube.com/watch?v=eZGdZ6HRrtU,8851,426,154,901,https://www.twitch.tv/videos/2751840948
335ebb05456849c2964629dc7157860e,9750,261135,308,182,2483,https://www.youtube.com/watch?v=sh8nm3n-i28,294,152,587,https://www.youtube.com/watch?v=e5krbJfNLrc,2192,1077,2483,https://www.youtube.com/watch?v=sh8nm3n-i28,368,357,307,357,https://www.twitch.tv/videos/2757358931
a39733d216994010b34bf5033be01589,9590,944638,580,235,3016,https://www.youtube.com/watch?v=9dJ9mAcjOQU,507,218,1188,https://www.youtube.com/watch?v=6mr1ZAgAEqo,1791,925,3016,https://www.youtube.com/watch?v=9dJ9mAcjOQU,278,0,0,0,
80d6517a96e74265a4d24f86b9c295c5,9490,451112,302,151,4315,https://www.youtube.com/watch?v=LDtX7AVN68k,242,101,353,https://www.youtube.com/watch?v=uctLqGbV6Q4,1552,821,4315,https://www.youtube.com/watch?v=LDtX7AVN68k,0,0,0,0,
3cf4da41775b4e608f4dde5859cdda74,9470,1677160,1420,333,4764,https://www.youtube.com/watch?v=XXCuLJt3N7c,110,44,113,https://www.youtube.com/watch?v=Uq32XwVDRMg,2355,1030,4764,https://www.youtube.com/watch?v=XXCuLJt3N7c,0,0,0,0,
191998e9f0ec4d67a19da194af311636,9390,133758,120,71,12309,https://www.youtube.com/watch?v=WA1_D_qvtrM,103,57,902,https://www.youtube.com/watch?v=xJsX0dOBLeE,1911,1127,12309,https://www.youtube.com/watch?v=WA1_D_qvtrM,0,0,0,0,
13c69e2cf2ff4dc1907bbae9a87a8c0f,9380,459824,0,0,0,,0,0,0,,0,0,0,,4168,2323,2140,5754,https://www.twitch.tv/videos/2751835281
f53807443055490f87b85ded6caee0aa,9380,493840,235,113,1649,https://www.youtube.com/watch?v=b2k07zzAQD8,210,111,515,https://www.youtube.com/watch?v=aTZqvPBbae0,549,380,1649,https://www.youtube.com/watch?v=b2k07zzAQD8,449,0,0,0,
350516d81d0944fd8dde463cbd4fd279,9310,1045926,3518,1362,5428,https://www.youtube.com/watch?v=StFyyXjxUcI,0,0,0,,3518,1362,5428,https://www.youtube.com/watch?v=StFyyXjxUcI,0,0,0,0,
ecd7e504a0b64480a4127a25678e4b4a,9300,118807,0,0,0,,0,0,0,,0,0,0,,0,0,0,0,
c4470a1419984fb8aec0851f225b177a,9290,687945,221,34,262,https://www.youtube.com/watch?v=3Eom_JUnO4Q,221,34,262,https://www.youtube.com/watch?v=3Eom_JUnO4Q,0,0,0,,0,0,0,0,
ab19e58312b74ebd9b68e27aeb0adde5,9280,550157,276,119,522,https://www.youtube.com/watch?v=59ccuXPciLo,276,119,522,https://www.youtube.com/watch?v=59ccuXPciLo,0,0,0,,0,0,0,0,
247215e876d24dae9932464b75fc577c,9270,766787,216,48,4030,https://www.youtube.com/watch?v=ZRvbjIxUNsw,148,41,233,https://www.youtube.com/watch?v=D2LGwLKVD9E,1574,721,4030,https://www.youtube.com/watch?v=ZRvbjIxUNsw,0,0,0,0,
83cb016f535f4275bba29ad276b2084f,9270,580163,407,210,2551,https://www.youtube.com/watch?v=dFZqgzIRcnQ,392,210,855,https://www.youtube.com/watch?v=ovZ5jGWIGlI,1636,266,2551,https://www.youtube.com/watch?v=dFZqgzIRcnQ,0,0,0,0,
319383cd0cd4438990dbb916862cdbfc,9200,535773,376,244,49119,https://www.youtube.com/watch?v=tFMQBoxyYBQ,301,192,1013,https://www.youtube.com/watch?v=rpfnCtKj0TY,19957,7374,49119,https://www.youtube.com/watch?v=tFMQBoxyYBQ,0,0,0,0,
423dd7da92be47f4af7273c5f74efb27,9110,395811,0,0,0,,0,0,0,,0,0,0,,37088,1806,1336,3125,https://www.twitch.tv/videos/2751693425
e3e93491f32d459ba2b79033cf75c619,9060,323617,438,235,1604,https://www.youtube.com/watch?v=br2WLvseYiw,421,198,1477,https://www.youtube.com/watch?v=jiZdp9Sy_CE,1486,1177,1604,https://www.youtube.com/watch?v=br2WLvseYiw,1139,0,0,0,
74c26216c39a40d1a9f1c5f63fa4d344,9030,395914,202,152,2673,https://www.youtube.com/watch?v=wjdKvTGg9Lk,171,98,246,https://www.youtube.com/watch?v=a9wJGNxewSk,1369,824,2673,https://www.youtube.com/watch?v=wjdKvTGg9Lk,0,0,0,0,
d407b30c72a841bd82af1f5cc8ec0667,8970,415991,655,182,1077,https://www.youtube.com/watch?v=3fGbpnbYqzA,233,43,233,https://www.youtube.com/watch?v=1Fcbk8KAsBY,1077,321,1077,https://www.youtube.com/watch?v=3fGbpnbYqzA,5539,0,0,0,
538d1d2058da4bdea1c7f43f088e995b,8970,283725,379,224,1528,https://www.youtube.com/watch?v=QTyU8Vul4Mg,379,224,799,https://www.youtube.com/watch?v=VK_qvlbOkUM,934,167,1528,https://www.youtube.com/watch?v=QTyU8Vul4Mg,3225,0,0,0,
ac2b3c839ed14b12af1acecf322a15bd,8900,454893,240,122,1968,https://www.youtube.com/watch?v=aMrWcTw8uZU,187,99,770,https://www.youtube.com/watch?v=FL7726J43fU,1185,805,1968,https://www.youtube.com/watch?v=aMrWcTw8uZU,0,0,0,0,
c4ffb821927d406682f3f17edfdf3bcd,8880,349265,0,0,0,,0,0,0,,0,0,0,,0,0,0,0,
80dda735a7784d7fb999892874a05f0c,8880,451304,430,184,3193,https://www.youtube.com/watch?v=ZHPqVO4wK4o,330,128,804,https://www.youtube.com/watch?v=NGR_2-S5cDI,1309,733,3193,https://www.youtube.com/watch?v=ZHPqVO4wK4o,4275,0,0,0,
65ada733fbe64a3a86aae7737e32fad0,8870,440429,313,155,592,https://www.youtube.com/watch?v=B36o7ovQY-g,300,160,592,https://www.youtube.com/watch?v=B36o7ovQY-g,561,74,561,https://www.youtube.com/watch?v=mAWD_NThlPw,0,0,0,0,
7fdfd0346667458a8657626f03434b59,8820,257834,155,55,1989,https://www.youtube.com/watch?v=UbMOM0awpTw,141,44,233,https://www.youtube.com/watch?v=1PQHXFy99wY,1170,595,1989,https://www.youtube.com/watch?v=UbMOM0awpTw,418,0,0,0,
7c0acdc8fe2449deb487cbb827b51723,8820,479002,511,194,2152,https://www.youtube.com/watch?v=Q5GAR7Pl3Ms,425,194,700,https://www.youtube.com/watch?v=WQwq0icIWJo,1462,370,2152,https://www.youtube.com/watch?v=Q5GAR7Pl3Ms,149,0,0,0,
123c79d3170e451eae2f0cc3543621f3,8800,269193,300,93,382,https://www.youtube.com/watch?v=7sN62iK8ziU,300,93,382,https://www.youtube.com/watch?v=7sN62iK8ziU,0,0,0,,0,0,0,0,
65ab938b60074946af1ea65a002c70df,8790,2669043,1316,332,4137,https://www.youtube.com/watch?v=X885XHFv0G0,201,97,250,https://www.youtube.com/watch?v=PUv5PM7-b5M,1909,858,4137,https://www.youtube.com/watch?v=X885XHFv0G0,580,0,0,0,
f7d0e4ed95e84262b329740d5d27afc9,8770,56960,0,0,0,,0,0,0,,0,0,0,,0,0,0,0,
fa67b0859f2e45589e754f7e528967d6,8730,340934,1805,871,3040,https://www.youtube.com/watch?v=KzFyZLWcxBE,0,0,0,,1805,871,3040,https://www.youtube.com/watch?v=KzFyZLWcxBE,9936,995,406,1631,https://www.twitch.tv/videos/2757402638
823311ac8226476e8d1e323f536bf8b1,8690,169379,466,321,466,https://www.youtube.com/watch?v=1v4ki9EkzTU,466,321,466,https://www.youtube.com/watch?v=1v4ki9EkzTU,0,0,0,,1041,0,0,0,
08a612f1ecf84b619a8899a5caed28c1,8680,853846,399,244,2583,https://www.youtube.com/watch?v=uBOqGjHn0n4,340,165,405,https://www.youtube.com/watch?v=A2AD3ib6wE4,1895,377,2583,https://www.youtube.com/watch?v=uBOqGjHn0n4,21385,2820,1433,5825,https://www.twitch.tv/videos/2737852709
d2b0c8386e1341668f6bbc789d1ef1e3,8670,959435,276,111,766,https://www.youtube.com/watch?v=H-YtcQdNYMU,276,111,766,https://www.youtube.com/watch?v=H-YtcQdNYMU,0,0,0,,0,0,0,0,
d90f173970a742d3ade6f4159c785d1e,8640,390289,621,275,4530,https://www.youtube.com/watch?v=G1Gyk1Xeg08,600,267,4530,https://www.youtube.com/watch?v=G1Gyk1Xeg08,695,649,695,https://www.youtube.com/watch?v=4rxkPlDKJ0A,1430,0,0,0,
558d8602fdeb4f3cb4ce484babb30577,8640,556429,165,110,1971,https://www.youtube.com/watch?v=RN6j4i6ST9w,137,66,199,https://www.youtube.com/watch?v=KOJb1FZ7pAc,1407,853,1971,https://www.youtube.com/watch?v=RN6j4i6ST9w,0,0,0,0,
446d4bc526a4477eb6a72ae186e9d538,8620,124111,173,103,289,https://www.youtube.com/watch?v=V1WeZSK09FI,173,103,289,https://www.youtube.com/watch?v=V1WeZSK09FI,0,0,0,,0,0,0,0,
eafe564c8d9945c8af2ed66ff4cd773a,8550,588844,1352,654,29507,https://www.youtube.com/watch?v=z-TszdWl7RE,215,174,482,https://www.youtube.com/watch?v=Lw27OBaLF6Y,1925,697,29507,https://www.youtube.com/watch?v=z-TszdWl7RE,0,0,0,0,
a052e4ff345b41919ab0f13a5b10ff02,8530,410640,468,310,894,https://www.youtube.com/watch?v=yl-nGGExLPI,432,233,492,https://www.youtube.com/watch?v=jBsxCmt7OpE,784,479,894,https://www.youtube.com/watch?v=yl-nGGExLPI,2066,0,0,0,
f2ad5f187c9141ab8830b8eaf81c3aee,8520,769444,440,145,116276,https://www.youtube.com/watch?v=gDBUIEziiHM,466,131,676,https://www.youtube.com/watch?v=XsgTl9rOTrc,414,194,116276,https://www.youtube.com/watch?v=gDBUIEziiHM,0,0,0,0,
1569b00373564846b894f47403376c6b,8510,237055,0,0,0,,0,0,0,,0,0,0,,0,0,0,0,
ce908f10dcde4e2480c8f97aafd45883,8450,1488362,714,301,2643,https://www.youtube.com/watch?v=4CzylYNrXdY,314,119,2643,https://www.youtube.com/watch?v=4CzylYNrXdY,835,452,2478,https://www.youtube.com/watch?v=1PR7JzGeG_4,1028,259,220,864,https://www.twitch.tv/videos/2756443914
bdc034d3afcd4456b6da2b96a2e460ef,8450,831102,277,71,277,https://www.youtube.com/watch?v=EExRcFL-LPQ,0,0,0,,277,71,277,https://www.youtube.com/watch?v=EExRcFL-LPQ,1593,0,0,0,
1254f176d93548aca5ac7f4b53313f71,8440,3759832,111,93,993,https://www.youtube.com/watch?v=jw-Pn6RReLs,35,26,245,https://www.youtube.com/watch?v=X9az_uh0M6A,114,98,993,https://www.youtube.com/watch?v=jw-Pn6RReLs,1617,9,7,22,https://www.twitch.tv/videos/2755058659
13992a4fb59649ada3a2adf027b5b35a,8420,88660,109,51,133,https://www.youtube.com/watch?v=Ygxs3bo6YOI,109,51,133,https://www.youtube.com/watch?v=Ygxs3bo6YOI,0,0,0,,3766,42,30,57,https://www.twitch.tv/videos/2759855865
1dd6fdbb4f764fc3a18747c8adbf0692,8410,311407,268,177,727,https://www.youtube.com/watch?v=Tm648kc5JQs,268,177,727,https://www.youtube.com/watch?v=Tm648kc5JQs,0,0,0,,0,0,0,0,
03f5b3fed856438c9a53d30fdfadd9b7,8390,302848,229,130,1489,https://www.youtube.com/watch?v=auYYG5BEEJ0,186,93,374,https://www.youtube.com/watch?v=9YeoqGntuIQ,749,362,1489,https://www.youtube.com/watch?v=auYYG5BEEJ0,0,0,0,0,
7298d2db845840d7ab462c7628967f4e,8340,359436,168,93,237,https://www.youtube.com/watch?v=JN2zXpE6WzI,177,114,237,https://www.youtube.com/watch?v=JN2zXpE6WzI,68,39,83,https://www.youtube.com/watch?v=JTFJFzviqmU,0,0,0,0,
058021ae015448cda91651a6bd41cdc6,8340,494707,203,25,239,https://www.youtube.com/watch?v=R3OPaokrN2Q,203,25,239,https://www.youtube.com/watch?v=R3OPaokrN2Q,0,0,0,,2638,0,0,0,
2d6886120def4c148c70514433d77e1e,8330,569732,453,185,520,https://www.youtube.com/watch?v=xv8mljFv91w,453,185,520,https://www.youtube.com/watch?v=xv8mljFv91w,0,0,0,,0,0,0,0,
0249265256814f61978f6d492fe1c15d,8320,244790,0,0,0,,0,0,0,,0,0,0,,0,0,0,0,
6fa1245c717d4af68589205df5ab6427,8320,705898,238,113,559,https://www.youtube.com/watch?v=WJRVqimBC4Q,238,113,559,https://www.youtube.com/watch?v=WJRVqimBC4Q,0,0,0,,767,0,0,0,
2a897c484c05483f9a46467e8f448314,8260,241735,682,278,2070,https://www.youtube.com/watch?v=N5DdHN3AwEI,620,268,1470,https://www.youtube.com/watch?v=74z4EWMyyAU,1048,390,2070,https://www.youtube.com/watch?v=N5DdHN3AwEI,4531,599,439,3993,https://www.twitch.tv/videos/2754963430
7ebc0dc9fdf3442688ecd63bbdc30c51,8240,306544,297,96,1502,https://www.youtube.com/watch?v=EpO5slgZsmc,297,96,1502,https://www.youtube.com/watch?v=EpO5slgZsmc,0,0,0,,0,0,0,0,
f7472d5310ce42819d17459c4f3fd7c1,8230,388863,494,223,10234,https://www.youtube.com/watch?v=iziXbYkOjpI,279,135,1029,https://www.youtube.com/watch?v=QjfTs_mMOD4,2274,1049,10234,https://www.youtube.com/watch?v=iziXbYkOjpI,396,37,25,59,https://www.twitch.tv/videos/2759815911
4482e4f0cea64f92aa78b2513c7ed897,8220,661369,717,413,2230,https://www.youtube.com/watch?v=-1PcP93dT44,625,243,728,https://www.youtube.com/watch?v=lvDaLJl5zCc,1325,637,2230,https://www.youtube.com/watch?v=-1PcP93dT44,0,0,0,0,
fe1d3152398b44e39d69f7ef78e73a8c,8220,559028,138,72,1490,https://www.youtube.com/watch?v=dmqB5WTBkPk,118,46,260,https://www.youtube.com/watch?v=8ikbwMgJIl4,1235,315,1490,https://www.youtube.com/watch?v=dmqB5WTBkPk,592,0,0,0,
df0c2ce19ccf4e26ac1a18065f85dacc,8140,473949,135,89,179,https://www.youtube.com/watch?v=7-I88OicRps,135,89,179,https://www.youtube.com/watch?v=7-I88OicRps,0,0,0,,0,0,0,0,
41a8958a1a4a4cc8b404d04da033400e,8120,387962,78,77,78,https://www.youtube.com/watch?v=hiAxLcSQdyA,78,77,78,https://www.youtube.com/watch?v=hiAxLcSQdyA,0,0,0,,509,9,8,9,https://www.twitch.tv/videos/2759878531
2f0a0ee6478c45ae8af28953b4c370be,8090,1305056,331,172,4029,https://www.youtube.com/watch?v=ujsB0yXKfQ0,319,157,769,https://www.youtube.com/watch?v=4FtXrZFKK5U,4029,3785,4029,https://www.youtube.com/watch?v=ujsB0yXKfQ0,0,0,0,0,
9604bd9896fc421ba131a9a6e11d50b0,8020,937956,600,202,8624,https://www.youtube.com/watch?v=-G2VX5ZqmU4,573,195,939,https://www.youtube.com/watch?v=7aQx58CgmHo,3626,2335,8624,https://www.youtube.com/watch?v=-G2VX5ZqmU4,0,0,0,0,
990b7e28df934de1bdab364d72c79f90,8020,120128,134,75,179,https://www.youtube.com/watch?v=_xmKcXHhPpw,134,75,179,https://www.youtube.com/watch?v=_xmKcXHhPpw,0,0,0,,0,0,0,0,
420208d1dcb74abfa325fc1f6a27e17b,8000,390398,621,240,1175,https://www.youtube.com/watch?v=LcvHo43GrUo,621,240,1175,https://www.youtube.com/watch?v=LcvHo43GrUo,0,0,0,,1396,158,91,158,https://www.twitch.tv/videos/2750370223
ee20f58e3fb74fae83a42239a83bcc4a,8000,242405,1146,687,1367,https://www.youtube.com/watch?v=mWk_xSAfD2A,1146,687,1367,https://www.youtube.com/watch?v=mWk_xSAfD2A,0,0,0,,0,0,0,0,
5ed5801d24c7412fa3fa65a82124aad0,7940,544486,1126,547,4242,https://www.youtube.com/watch?v=O1aaKJ1BEfA,1039,510,2808,https://www.youtube.com/watch?v=GRxEbsosF0M,2146,558,4242,https://www.youtube.com/watch?v=O1aaKJ1BEfA,2118,615,491,1128,https://www.twitch.tv/videos/2751720038
fe698ded3a6148808ca857c73ac7ee15,7880,409250,429,217,1799,https://www.youtube.com/watch?v=wuLX26GLZjE,422,244,1520,https://www.youtube.com/watch?v=cWuF5qBD1HU,749,176,1799,https://www.youtube.com/watch?v=wuLX26GLZjE,324,0,0,0,
1f54eafd17434cd9bd175d27b72c2228,7860,205709,0,0,0,,0,0,0,,0,0,0,,0,0,0,0,
56abcaadabbe44dbbd18ab0ecfe1037f,7830,307872,0,0,0,,0,0,0,,0,0,0,,0,0,0,0,
c72226925ba94855b9fcc88fc2a25acc,7810,753387,443,151,2186,https://www.youtube.com/watch?v=9bLME8kJVAw,508,263,2186,https://www.youtube.com/watch?v=9bLME8kJVAw,307,53,401,https://www.youtube.com/watch?v=xt9YuDqX00Q,0,0,0,0,
b10149a2a1ee4ffcbf1dacb1b1722f9f,7790,187146,154,67,1927,https://www.youtube.com/watch?v=BdSsxCI3p-A,139,46,315,https://www.youtube.com/watch?v=If1o-HMY6w8,1426,581,1927,https://www.youtube.com/watch?v=BdSsxCI3p-A,859,53,39,53,https://www.twitch.tv/videos/2754256844
556c69847bc14bc7be03b3e40e52ac98,7720,194391,343,257,520,https://www.youtube.com/watch?v=tdthWdkPOAw,343,257,520,https://www.youtube.com/watch?v=tdthWdkPOAw,0,0,0,,1786,0,0,0,
d2a7b2d142ea4076afcfc7263b9e09fd,7700,560973,348,239,831,https://www.youtube.com/watch?v=SORfzX2ntqg,340,225,581,https://www.youtube.com/watch?v=iH4BbQXwIqA,831,555,831,https://www.youtube.com/watch?v=SORfzX2ntqg,774,0,0,0,
7af8f321e84542dc9ccda160152fbf0b,7610,251497,85,32,930,https://www.youtube.com/watch?v=hSQw6T4zh5I,109,33,930,https://www.youtube.com/watch?v=hSQw6T4zh5I,73,22,96,https://www.youtube.com/watch?v=SNsyRgWn0xI,0,0,0,0,
a9faef4b712b4649ba60c7e8e262175a,7560,55249,1064,449,1711,https://www.youtube.com/watch?v=TdfJjIb8QIY,0,0,0,,1064,449,1711,https://www.youtube.com/watch?v=TdfJjIb8QIY,0,0,0,0,
d13fdb8fdd3049e5bf80b5ab0fa8a1a6,7550,572894,535,196,1828,https://www.youtube.com/watch?v=HrURlOR5_48,394,162,594,https://www.youtube.com/watch?v=fIQorJuLucc,1000,255,1828,https://www.youtube.com/watch?v=HrURlOR5_48,0,0,0,0,
8309d31b418642db83f0cf56b38fc9ad,7540,879301,537,249,2837,https://www.youtube.com/watch?v=ldIDyl29YJk,505,222,868,https://www.youtube.com/watch?v=L0HQRxFRA_k,2617,1584,2837,https://www.youtube.com/watch?v=ldIDyl29YJk,163,0,0,0,
b92c6e4c3bea4b938077a8f152f78083,7540,57131,0,0,0,,0,0,0,,0,0,0,,0,0,0,0,
eafb808b078844fdab1d8ed561dbd462,7530,416970,313,164,580,https://www.youtube.com/watch?v=wqdkcU5UyAA,347,186,580,https://www.youtube.com/watch?v=wqdkcU5UyAA,247,132,313,https://www.youtube.com/watch?v=csi-3d3lUJ8,0,0,0,0,
cedd78c374b54898a647a3cb3a5263fc,7530,311004,595,255,1795,https://www.youtube.com/watch?v=s50E6QMs8Oc,595,255,1795,https://www.youtube.com/watch?v=s50E6QMs8Oc,0,0,0,,0,0,0,0,
a188f157d0384e0db5ae73605240d68b,7500,616824,372,125,2245,https://www.youtube.com/watch?v=5ER9LsRc3Xg,314,123,475,https://www.youtube.com/watch?v=PUXaa8ybLig,1164,204,2245,https://www.youtube.com/watch?v=5ER9LsRc3Xg,1167,0,0,0,
28e0e0a574fe4deca3d5ded0aa5d64ef,7500,469184,452,252,2159,https://www.youtube.com/watch?v=qWvcRmOy-ws,438,196,685,https://www.youtube.com/watch?v=jzEOApPtGrs,1362,942,2159,https://www.youtube.com/watch?v=qWvcRmOy-ws,514,265,159,301,https://www.twitch.tv/videos/2759782024
03b825a2908749099e40cd4a4d1169aa,7500,192492,173,1,173,https://www.youtube.com/watch?v=CQbjTho5TvI,173,1,173,https://www.youtube.com/watch?v=CQbjTho5TvI,0,0,0,,0,0,0,0,
d797701ab1564b62906f91a341134a9e,7470,291767,875,407,3044,https://www.youtube.com/watch?v=gb798wafSlg,589,234,932,https://www.youtube.com/watch?v=wkTRi2mToHA,1588,586,3044,https://www.youtube.com/watch?v=gb798wafSlg,4909,375,226,375,https://www.twitch.tv/videos/2751069706
00c158176a504c9bb865b32276e79eb1,7460,182938,125,67,5121,https://www.youtube.com/watch?v=bj8Q8itQKdo,117,46,178,https://www.youtube.com/watch?v=cT4kxfjxXhI,2660,980,5121,https://www.youtube.com/watch?v=bj8Q8itQKdo,0,0,0,0,
b90a42d3e9a5465ba4ef8a333c8148e5,7390,787009,176,87,1691,https://www.youtube.com/watch?v=e0--7ZAk6gI,148,61,976,https://www.youtube.com/watch?v=oWKYniII1pc,632,427,1691,https://www.youtube.com/watch?v=e0--7ZAk6gI,0,0,0,0,
89742766181f469b807f397325a2a6bf,7380,208881,89,50,185,https://www.youtube.com/watch?v=1qOCG61zabA,89,50,185,https://www.youtube.com/watch?v=1qOCG61zabA,0,0,0,,369,0,0,0,
9d864d1af4e749f5a58171b06c070565,7360,624271,1061,293,1969,https://www.youtube.com/watch?v=QxIDg-iuzY8,123,37,142,https://www.youtube.com/watch?v=SsUAfhIpz-8,1136,418,1969,https://www.youtube.com/watch?v=QxIDg-iuzY8,3698,298,231,1359,https://www.twitch.tv/videos/2749657597
94595065e7aa498d93067274eb755301,7360,1214121,209,102,590,https://www.youtube.com/watch?v=je4WMedPQYg,209,102,590,https://www.youtube.com/watch?v=je4WMedPQYg,0,0,0,,0,0,0,0,
9e3edec3eec54f49a065f1970471d473,7350,275708,528,334,794,https://www.youtube.com/watch?v=DFxLEekZGP8,528,309,794,https://www.youtube.com/watch?v=DFxLEekZGP8,722,653,722,https://www.youtube.com/watch?v=lAPiuDlzMik,882,0,0,0,
7f72433f23da4bf8bfbf7ee3904eb7ca,7330,295507,0,0,0,,0,0,0,,0,0,0,,860,0,0,0,
c897f2f0ae414985aa623bfe2dfe8f1c,7280,180758,254,74,1260,https://www.youtube.com/watch?v=nezC0T37fKo,188,73,990,https://www.youtube.com/watch?v=4kGUV1bwiR4,1260,542,1260,https://www.youtube.com/watch?v=nezC0T37fKo,611,0,0,0,
77e980ab542a4db6a34b5ac9c8f3948b,7280,377537,362,159,1009,https://www.youtube.com/watch?v=R5GhNLd8yIQ,362,159,1009,https://www.youtube.com/watch?v=R5GhNLd8yIQ,0,0,0,,725,10,9,10,https://www.twitch.tv/videos/2760579709
d80f5bc1e3ce4c35aa3eced40cc3bddc,7280,325377,558,372,2378,https://www.youtube.com/watch?v=YTvhzUJoTHY,462,233,865,https://www.youtube.com/watch?v=hjL7w27K-5U,1855,1047,2378,https://www.youtube.com/watch?v=YTvhzUJoTHY,540,158,105,179,https://www.twitch.tv/videos/2755041349
5cdf289b83524643af7ab2f2c8788adf,7240,324718,323,211,670,https://www.youtube.com/watch?v=PsSANK0z4cQ,323,211,670,https://www.youtube.com/watch?v=PsSANK0z4cQ,0,0,0,,0,0,0,0,
0ab16bd60230422d97f73e6810be221c,7220,347074,122,58,429,https://www.youtube.com/watch?v=jxKMctkxPGw,122,58,429,https://www.youtube.com/watch?v=jxKMctkxPGw,0,0,0,,0,0,0,0,
f40b8e8debf14680b5cc88bae98918f7,7190,225814,0,0,0,,0,0,0,,0,0,0,,0,0,0,0,
d33940525b7f4b9db9ce85e08b4c175e,7170,333455,281,146,6130,https://www.youtube.com/watch?v=pGmpV3Ax0wY,244,128,304,https://www.youtube.com/watch?v=84ASfx8hjEs,3252,762,6130,https://www.youtube.com/watch?v=pGmpV3Ax0wY,7889,330,263,717,https://www.twitch.tv/videos/2757350710
715cc1261d7e42c18135d47bd1cf2500,7170,175672,555,10,555,https://www.youtube.com/watch?v=GlJ-i37zGS8,555,10,555,https://www.youtube.com/watch?v=GlJ-i37zGS8,0,0,0,,6286,271,240,495,https://www.twitch.tv/videos/2751016367
c06f5173a01c4c0db7a761957c02186d,7140,488330,1193,231,5908,https://www.youtube.com/watch?v=nURzrZ28NQE,330,212,2017,https://www.youtube.com/watch?v=mjX_y8FmTgU,1383,319,5908,https://www.youtube.com/watch?v=nURzrZ28NQE,466,110,106,110,https://www.twitch.tv/videos/2759872858
9b2c7b20d02241b3b82492a5e78a71c0,7130,319367,315,149,1490,https://www.youtube.com/watch?v=OLu1Lw6f-64,151,135,193,https://www.youtube.com/watch?v=BVu4ERy57kU,648,309,1490,https://www.youtube.com/watch?v=OLu1Lw6f-64,0,0,0,0,
4d0cbf91a5cb4524862207c5d406d98c,7120,204416,18574,14287,69541,https://www.youtube.com/watch?v=skPufMbEyVY,0,0,0,,18574,14287,69541,https://www.youtube.com/watch?v=skPufMbEyVY,0,0,0,0,
5fa2dee0fba64112aa476441cd6ff982,7100,330740,650,307,1018,https://www.youtube.com/watch?v=aGF0LqBHoYw,650,307,1018,https://www.youtube.com/watch?v=aGF0LqBHoYw,0,0,0,,0,0,0,0,
38f11eca620e4c83a3e4211cbf463cce,7080,959076,547,291,2615,https://www.youtube.com/watch?v=Du6GZhsMNbk,233,161,862,https://www.youtube.com/watch?v=J5Mq5H6WMmw,2615,1312,2615,https://www.youtube.com/watch?v=Du6GZhsMNbk,0,0,0,0,
97a56c6914ab431d9b670456d11b22ed,7020,243121,200,53,482,https://www.youtube.com/watch?v=06kQG-bSJg4,200,53,482,https://www.youtube.com/watch?v=06kQG-bSJg4,0,0,0,,0,0,0,0,
8c6bc741e4614154a63e987f930a468d,7010,352539,260,141,828,https://www.youtube.com/watch?v=KeE97dFKUJs,260,141,828,https://www.youtube.com/watch?v=KeE97dFKUJs,0,0,0,,0,0,0,0,
a28e29c9e8ec4791a700cd2e30904534,7010,202977,161,85,358,https://www.youtube.com/watch?v=79vqpQyIYhU,161,85,358,https://www.youtube.com/watch?v=79vqpQyIYhU,0,0,0,,2933,321,180,490,https://www.twitch.tv/videos/2758963890
c430f1e7cfee4440b2b537c80a2a667d,6970,235409,317,117,862,https://www.youtube.com/watch?v=FwyPbzlytKk,317,117,862,https://www.youtube.com/watch?v=FwyPbzlytKk,0,0,0,,0,0,0,0,
e7e219a17a7644cd9d28a2ab871f5f7c,6970,258314,440,346,814,https://www.youtube.com/watch?v=I6qBdvzpahc,0,0,0,,440,346,814,https://www.youtube.com/watch?v=I6qBdvzpahc,2778,753,543,1394,https://www.twitch.tv/videos/2758331709
6fb9853185d844de80d4f3e0f3f2726d,6940,0,0,0,0,,0,0,0,,0,0,0,,0,0,0,0,
1937fa889b474d339713d1117f435018,6920,815837,110,38,253,https://www.youtube.com/watch?v=lbJgW-qxJTw,110,38,253,https://www.youtube.com/watch?v=lbJgW-qxJTw,0,0,0,,7280,585,337,4360,https://www.twitch.tv/videos/2745045013
09b6598d6d604e9397eebff166c69e92,6900,96644,92,47,1985,https://www.youtube.com/watch?v=yHE3LxUFO0c,84,43,274,https://www.youtube.com/watch?v=w2GgSVXhHj0,1240,835,1985,https://www.youtube.com/watch?v=yHE3LxUFO0c,168,71,43,190,https://www.twitch.tv/videos/2751093563
3c1783f6914f414b830c836829d1afa2,6850,257004,275,121,1300,https://www.youtube.com/watch?v=mX4sSSr6W-Q,248,109,1300,https://www.youtube.com/watch?v=mX4sSSr6W-Q,1172,606,1230,https://www.youtube.com/watch?v=P-A0JIf3WJs,273,0,0,0,
679aef46b6f448e493fdedae7df5b288,6830,1361054,1393,899,1584,https://www.youtube.com/watch?v=6HU0Vw8GZeg,0,0,0,,1393,899,1584,https://www.youtube.com/watch?v=6HU0Vw8GZeg,450,0,0,0,
a3c6cbf76630432c83fa5277388be97c,6820,68698,3416,2583,5850,https://www.youtube.com/watch?v=POnysu2y6I4,3416,2583,5850,https://www.youtube.com/watch?v=POnysu2y6I4,0,0,0,,0,0,0,0,
60ab80cc26bc4e4aaa526ce1952f9e42,6800,431480,117,68,1421,https://www.youtube.com/watch?v=wDn8bIQ-R6w,116,51,360,https://www.youtube.com/watch?v=p-ZuJxmuSfg,544,214,1421,https://www.youtube.com/watch?v=wDn8bIQ-R6w,376,64,49,145,https://www.twitch.tv/videos/2756739255
dc3e05e0c12b4e0a93dc230f30925ee0,6780,194965,276,178,348,https://www.youtube.com/watch?v=RfnQUw4DE68,0,0,0,,276,178,348,https://www.youtube.com/watch?v=RfnQUw4DE68,6774,672,486,1270,https://www.twitch.tv/videos/2755607410
f7b1eada802e4ed89c306c6641d243b3,6760,284947,152,70,708,https://www.youtube.com/watch?v=0t4RTIUrFbM,151,67,251,https://www.youtube.com/watch?v=zCGBZUCxSdc,708,333,708,https://www.youtube.com/watch?v=0t4RTIUrFbM,439,0,0,0,
4d856c2abee448b8941c27799bb8cb03,6740,117690,4748,3955,54798,https://www.youtube.com/watch?v=XKoqG2Z4yiw,0,0,0,,4748,3955,54798,https://www.youtube.com/watch?v=XKoqG2Z4yiw,0,0,0,0,
80f4d6e50af64a48be812258498e86c0,6730,354942,0,0,0,,0,0,0,,0,0,0,,159,0,0,0,
4865c3feac234584909168181b7dc2be,6710,174675,305,165,1899,https://www.youtube.com/watch?v=4L0M9Kzy790,285,140,464,https://www.youtube.com/watch?v=HFcogX0AvWA,1179,1000,1899,https://www.youtube.com/watch?v=4L0M9Kzy790,259,0,0,0,
ab64eaef68c94ab4afb3a89007c81e9c,6700,859587,4313,2987,128599,https://www.youtube.com/watch?v=nZjTJY61LuQ,0,0,0,,4313,2987,128599,https://www.youtube.com/watch?v=nZjTJY61LuQ,6444,1846,1355,12110,https://www.twitch.tv/videos/2742181582
757f1b20f7bd459ebd8949da907dceea,6690,382418,126,69,236,https://www.youtube.com/watch?v=uQNWS7CA8Fo,126,69,236,https://www.youtube.com/watch?v=uQNWS7CA8Fo,0,0,0,,0,0,0,0,
5dbed684176349d28353d5293085cd9c,6670,268192,328,255,358,https://www.youtube.com/watch?v=G3bTjvAbSS8,328,255,358,https://www.youtube.com/watch?v=G3bTjvAbSS8,0,0,0,,0,0,0,0,
7a88afc5eb644d76b35ed4ca968259bb,6630,503572,2126,704,2942,https://www.youtube.com/watch?v=Lghvn_M4M7U,0,0,0,,2126,704,2942,https://www.youtube.com/watch?v=Lghvn_M4M7U,20132,3067,1404,4182,https://www.twitch.tv/videos/2737265969
c321746bebe740cb98625ca4cf6fb9a7,6610,86030,250,135,436,https://www.youtube.com/watch?v=JwM22El0a3U,227,97,250,https://www.youtube.com/watch?v=u5GYI8WWluE,436,276,436,https://www.youtube.com/watch?v=JwM22El0a3U,0,0,0,0,
6603f7e70b684a07a3dac687460bacc5,6540,251488,165,50,236,https://www.youtube.com/watch?v=7AnqI3tA_dw,165,50,236,https://www.youtube.com/watch?v=7AnqI3tA_dw,0,0,0,,1408,117,100,159,https://www.twitch.tv/videos/2757411241
468c9630d37b4c41bb6b0305dc1143cf,6530,426180,252,89,779,https://www.youtube.com/watch?v=PPvWliutS0c,252,89,779,https://www.youtube.com/watch?v=PPvWliutS0c,0,0,0,,465,0,0,0,
f6c34086d07a4322b9d4ebc538bada96,6530,127737,0,0,0,,0,0,0,,0,0,0,,0,0,0,0,
e0debb323c5d49268c92c5d660cdb664,6520,335407,119,21,1288,https://www.youtube.com/watch?v=M5dFTQeehoY,119,21,1288,https://www.youtube.com/watch?v=M5dFTQeehoY,0,0,0,,0,0,0,0,
f58318cdd690482c9d19fb68bca374a4,6510,412103,111,77,3626,https://www.youtube.com/watch?v=3VbcTxtmYPo,108,70,174,https://www.youtube.com/watch?v=t2WBHBcUCXI,2117,781,3626,https://www.youtube.com/watch?v=3VbcTxtmYPo,229,0,0,0,
08be94e874d448f8a2794a44c61e8d8f,6500,457051,149,56,276,https://www.youtube.com/watch?v=WlDEKUN24BI,149,56,276,https://www.youtube.com/watch?v=WlDEKUN24BI,0,0,0,,0,0,0,0,
b54e216619d14031a317b820113e4084,6460,299675,169,85,301,https://www.youtube.com/watch?v=_selwr55NS8,236,138,301,https://www.youtube.com/watch?v=_selwr55NS8,151,63,169,https://www.youtube.com/watch?v=CveeN8EfF_c,0,0,0,0,
fffd31d236a2479c9070bcc171bdc13d,6460,176861,0,0,0,,0,0,0,,0,0,0,,0,0,0,0,
7f9d223a684e44e8b8d30bedcc07f1fa,6440,231528,111,52,296,https://www.youtube.com/watch?v=sFtZEbKDHV4,111,52,296,https://www.youtube.com/watch?v=sFtZEbKDHV4,0,0,0,,0,0,0,0,
e8c89b4aec4d45fbbb76533eb3db0428,6430,143082,68,48,95,https://www.youtube.com/watch?v=4F6gLl7D74M,95,56,95,https://www.youtube.com/watch?v=4F6gLl7D74M,41,39,41,https://www.youtube.com/watch?v=e9M-KEPGMgQ,0,0,0,0,
49196eec11454f589d4d6e52f1b1bbe8,6420,540844,189,89,2553,https://www.youtube.com/watch?v=4dIW-NBb5HM,163,62,291,https://www.youtube.com/watch?v=kD5bEZFCDv8,636,301,2553,https://www.youtube.com/watch?v=4dIW-NBb5HM,0,0,0,0,
cc882664d9794fb88b06a5a0aa1591ae,6400,316469,370,234,9028,https://www.youtube.com/watch?v=xmA73ELZi2c,370,234,9028,https://www.youtube.com/watch?v=xmA73ELZi2c,0,0,0,,0,0,0,0,
281c7713c21e41bcb6e81365f328ab8c,6400,238446,0,0,0,,0,0,0,,0,0,0,,0,0,0,0,
da3a3993bd8946da824d66d5a5d456e2,6390,328356,0,0,0,,0,0,0,,0,0,0,,0,0,0,0,
f81d4ef6f2f54e0c8c6d12a09e1fa5c7,6390,138661,181,83,1072,https://www.youtube.com/watch?v=Y-pwO0GX8y8,163,83,497,https://www.youtube.com/watch?v=iV1Jw4E68BQ,975,357,1072,https://www.youtube.com/watch?v=Y-pwO0GX8y8,0,0,0,0,
038ee6280ef742bcad8450ad52049944,6340,421435,253,126,2486,https://www.youtube.com/watch?v=EZZCxkWiQXw,257,130,1074,https://www.youtube.com/watch?v=bqCZJ3G3GQ8,97,91,2486,https://www.youtube.com/watch?v=EZZCxkWiQXw,0,0,0,0,
5cb1c062f5f94b44a41ae658f4a53f0c,6320,136329,0,0,0,,0,0,0,,0,0,0,,13887,741,360,16560,https://www.twitch.tv/videos/2745223131
01edfa8163ad42cd85f56ef4dce2609e,6310,324980,170,78,1174,https://www.youtube.com/watch?v=zBPPC4rruC4,150,72,198,https://www.youtube.com/watch?v=pfSZsgmhgc4,209,113,1174,https://www.youtube.com/watch?v=zBPPC4rruC4,0,0,0,0,
02e7729df0424fbbb21b77ccd543b0be,6300,1571256,204,61,1881,https://www.youtube.com/watch?v=HpuHEFc1t34,41,14,64,https://www.youtube.com/watch?v=YZA0Kh37RFg,219,85,1881,https://www.youtube.com/watch?v=HpuHEFc1t34,0,0,0,0,
3b0031a4b57f46719f06cbf7c5cc42b6,6300,311978,273,130,2549,https://www.youtube.com/watch?v=xo4wtmovJFg,258,109,476,https://www.youtube.com/watch?v=1r5RhGaE6oE,2245,966,2549,https://www.youtube.com/watch?v=xo4wtmovJFg,141,0,0,0,
6ddea98137e2429eb0e9c4025ad9294f,6290,222705,622,213,1820,https://www.youtube.com/watch?v=ewB0zvml7V4,324,125,888,https://www.youtube.com/watch?v=TbbzfaGfr6w,1386,582,1820,https://www.youtube.com/watch?v=ewB0zvml7V4,0,0,0,0,
bf48aafcc9464111b358a4595cc7311c,6290,166042,0,0,0,,0,0,0,,0,0,0,,0,0,0,0,
0851296bdf4c4516b2506b8cce5151da,6280,613224,152,49,234,https://www.youtube.com/watch?v=D7e_bfFc1sU,197,74,234,https://www.youtube.com/watch?v=D7e_bfFc1sU,81,24,81,https://www.youtube.com/watch?v=Y0GDGgu4Z8A,0,0,0,0,
94c7cb6122bd4dcab2d8660ddc5f5508,6230,219273,191,83,280,https://www.youtube.com/watch?v=OT4yADc8EeI,191,83,280,https://www.youtube.com/watch?v=OT4yADc8EeI,0,0,0,,421,52,36,56,https://www.twitch.tv/videos/2749385418
5d903f62e014487e9ab21a48c19fc6ac,6220,369353,878,219,9375,https://www.youtube.com/watch?v=zZQurWJtulQ,182,124,218,https://www.youtube.com/watch?v=HqiwhHktmio,1077,954,9375,https://www.youtube.com/watch?v=zZQurWJtulQ,875,189,139,496,https://www.twitch.tv/videos/2758946923
328a6a5742504b9d977f40660c118239,6210,1070497,145,63,1088,https://www.youtube.com/watch?v=qSy5-rW1aGU,146,66,1088,https://www.youtube.com/watch?v=qSy5-rW1aGU,54,26,530,https://www.youtube.com/watch?v=qQwUr2bthns,0,0,0,0,
160f90709224412f9cfc2aaa88e89a57,6190,577967,1591,934,15964,https://www.youtube.com/watch?v=rUNr9RZEEbE,1456,629,5571,https://www.youtube.com/watch?v=DyouGXa6m8Y,3620,2973,15964,https://www.youtube.com/watch?v=rUNr9RZEEbE,0,0,0,0,
4eecf80e6ecc4644a7ff08314e6e0c82,6130,418382,578,291,1532,https://www.youtube.com/watch?v=k_GmP1YRKVs,405,287,860,https://www.youtube.com/watch?v=t9fTni9ep_k,1409,517,1532,https://www.youtube.com/watch?v=k_GmP1YRKVs,361,306,258,306,https://www.twitch.tv/videos/2756929149
a83b6d485350402b90238deb371ae654,6090,110324,0,0,0,,0,0,0,,0,0,0,,4059,301,231,301,https://www.twitch.tv/videos/2755042162
1a3a0feb188e499ab4972c971d639f58,6090,272172,262,128,310,https://www.youtube.com/watch?v=IXNp7mJPUSE,262,128,310,https://www.youtube.com/watch?v=IXNp7mJPUSE,0,0,0,,0,0,0,0,
c2362f5ca48445a89fd081c4b2bc74d4,6080,221701,262,207,262,https://www.youtube.com/watch?v=7yj5TCBzVUM,262,207,262,https://www.youtube.com/watch?v=7yj5TCBzVUM,0,0,0,,136,0,0,0,
4576d781ddae45d59fc83c8d25385983,6070,164853,954,168,4074,https://www.youtube.com/watch?v=0S5zzkAkubw,523,168,2103,https://www.youtube.com/watch?v=sksczcqrNXQ,2078,489,4074,https://www.youtube.com/watch?v=0S5zzkAkubw,249,0,0,0,
16c4a9b7211a44f6b98d8e1aebf4ea70,6040,218927,0,0,0,,0,0,0,,0,0,0,,639,0,0,0,
75b388425b774a9f99a4483e295a13f0,6020,797617,421,218,1328,https://www.youtube.com/watch?v=iDODRLCOCyk,206,163,282,https://www.youtube.com/watch?v=cWc7ii9rbFk,631,356,1328,https://www.youtube.com/watch?v=iDODRLCOCyk,415,0,0,0,
b6a105f12b904256ba356935ae46657f,6010,163770,0,0,0,,0,0,0,,0,0,0,,8622,462,295,17417,https://www.twitch.tv/videos/2742903997
2978ff3ab5f54898947af41ca4d47c4c,5980,95330,118,49,447,https://www.youtube.com/watch?v=zG-miWtNObo,114,47,261,https://www.youtube.com/watch?v=Z66Bn9YwvOQ,447,269,447,https://www.youtube.com/watch?v=zG-miWtNObo,527,0,0,0,
4cd21df2b76148b182903cc0aebe2bfa,5920,222747,162,63,245,https://www.youtube.com/watch?v=5EJQCh6v_ow,162,63,245,https://www.youtube.com/watch?v=5EJQCh6v_ow,0,0,0,,0,0,0,0,
325c292889f542688512641841b4ed8a,5870,255377,291,200,330,https://www.youtube.com/watch?v=pDfaOznJZd0,310,217,330,https://www.youtube.com/watch?v=pDfaOznJZd0,251,159,251,https://www.youtube.com/watch?v=6D4AiL_MbPA,0,0,0,0,
34edb431f7da4a43b2a6a9d79d2858d1,5870,322630,321,197,1049,https://www.youtube.com/watch?v=MuqkqFIeLgs,321,197,1049,https://www.youtube.com/watch?v=MuqkqFIeLgs,0,0,0,,564,344,252,344,https://www.twitch.tv/videos/2754228829
1ae72d56be5547b1825cdc0fdc0cce2e,5860,78087,109,101,137,https://www.youtube.com/watch?v=Dpw-JwyfXdg,109,101,137,https://www.youtube.com/watch?v=Dpw-JwyfXdg,0,0,0,,0,0,0,0,
bd99f3c8cd6e4fffb75bf0e5b1b5b4fa,5850,204626,1617,765,4776,https://www.youtube.com/watch?v=SGMJoLEgioQ,2409,606,4776,https://www.youtube.com/watch?v=SGMJoLEgioQ,1442,1053,1617,https://www.youtube.com/watch?v=9Xf6r96wTgE,0,0,0,0,
86154ca2dc964847b37297138aa65b9f,5840,240714,85,61,173,https://www.youtube.com/watch?v=Zz8Q2J4lpmQ,85,61,173,https://www.youtube.com/watch?v=Zz8Q2J4lpmQ,0,0,0,,1058,0,0,0,
dabf31fbee9b4214958603268d48b780,5840,145189,14269,5268,55883,https://www.youtube.com/watch?v=pAUtRIYlr2M,0,0,0,,14269,5268,55883,https://www.youtube.com/watch?v=pAUtRIYlr2M,0,0,0,0,
fceadce7c37f4cc08bc747aa79c3cf9e,5840,204002,155,83,1454,https://www.youtube.com/watch?v=lEngL16DgKM,142,58,319,https://www.youtube.com/watch?v=cGzKWgCOMFE,1196,373,1454,https://www.youtube.com/watch?v=lEngL16DgKM,0,0,0,0,
c34e43b57f9f448582094f712a0b2c1a,5830,353090,214,91,1800,https://www.youtube.com/watch?v=57A6Iop5V68,211,89,380,https://www.youtube.com/watch?v=TuWhw78jUVs,1800,844,1800,https://www.youtube.com/watch?v=57A6Iop5V68,0,0,0,0,
8fae79a84cd049fd8a2ea50528a75e2b,5830,207125,5171,2293,40279,https://www.youtube.com/watch?v=53CjjCMLMAw,0,0,0,,5171,2293,40279,https://www.youtube.com/watch?v=53CjjCMLMAw,2379,411,259,411,https://www.twitch.tv/videos/2751797435
9f975d473431409190e397bdc946d5b0,5810,265085,255,165,830,https://www.youtube.com/watch?v=dTBkQwHg5FM,255,165,830,https://www.youtube.com/watch?v=dTBkQwHg5FM,0,0,0,,240,0,0,0,
2ff93e20894245d49004276e3b51e64f,5800,264363,1416,357,2873,https://www.youtube.com/watch?v=T93nhwkiW1M,506,307,650,https://www.youtube.com/watch?v=1Uh0v6MgE3I,1989,661,2873,https://www.youtube.com/watch?v=T93nhwkiW1M,0,0,0,0,
33717d815310491da465eb6258a70b1c,5760,274552,258,127,295,https://www.youtube.com/watch?v=j9WbXFVmT9E,258,127,295,https://www.youtube.com/watch?v=j9WbXFVmT9E,0,0,0,,0,0,0,0,
58c4453bedb9463ab1dcb522d4d50faf,5740,1049918,66,23,191,https://www.youtube.com/watch?v=zU5gLMsWpEk,66,23,191,https://www.youtube.com/watch?v=zU5gLMsWpEk,0,0,0,,0,0,0,0,
9b11be3138284ff3904d3292d6aaa284,5670,289151,760,253,5485,https://www.youtube.com/watch?v=KPLNO0pyLEI,0,0,0,,760,253,5485,https://www.youtube.com/watch?v=KPLNO0pyLEI,0,0,0,0,
a800589948934dd68ac2c728cc05fbaf,5670,97750,0,0,0,,0,0,0,,0,0,0,,0,0,0,0,
9e213402f2f54c42866d4f62545921b4,5650,145382,0,0,0,,0,0,0,,0,0,0,,454,0,0,0,
b1cb513e2511484cabbac00140b4a95c,5650,231392,423,210,52956,https://www.youtube.com/watch?v=EaLfWor3jno,418,190,559,https://www.youtube.com/watch?v=jYs3nfGODvw,2832,982,52956,https://www.youtube.com/watch?v=EaLfWor3jno,461,334,226,494,https://www.twitch.tv/videos/2759044795
e17f42aa104040deae2ee3f3b1e85ed8,5640,317258,0,0,0,,0,0,0,,0,0,0,,39739,2235,881,2692,https://www.twitch.tv/videos/2740560823
925d91a363914edfb035fe6c08946be9,5630,175264,210,134,229,https://www.youtube.com/watch?v=WnPHVkWOh5E,210,134,229,https://www.youtube.com/watch?v=WnPHVkWOh5E,0,0,0,,0,0,0,0,
35f3bb64e69c432180b98dde239f3bdd,5590,443941,441,161,1178,https://www.youtube.com/watch?v=uUuH1b2LuMw,272,141,720,https://www.youtube.com/watch?v=XHHINrSZTc4,926,462,1178,https://www.youtube.com/watch?v=uUuH1b2LuMw,806,41,36,100,https://www.twitch.tv/videos/2757698131
1307131312c54a11ab326e62474efc8a,5590,203257,4041,1385,4041,https://www.youtube.com/watch?v=Jp7yNFRBIcE,4041,1385,4041,https://www.youtube.com/watch?v=Jp7yNFRBIcE,0,0,0,,0,0,0,0,
208d8aa3792641d6ae4e0de5a10a4a6f,5570,280404,208,90,3566,https://www.youtube.com/watch?v=bh0CQk6-Ems,92,53,277,https://www.youtube.com/watch?v=p_H0us0JXAY,739,292,3566,https://www.youtube.com/watch?v=bh0CQk6-Ems,1350,96,66,145,https://www.twitch.tv/videos/2755690126
40c846b91c4a44a980eddf20f0f789c0,5550,823193,435,164,9142,https://www.youtube.com/watch?v=mN8KVLpL75w,224,111,579,https://www.youtube.com/watch?v=iyUEuRxmsYI,2728,674,9142,https://www.youtube.com/watch?v=mN8KVLpL75w,6135,902,591,1725,https://www.twitch.tv/videos/2758023139
dcbe7946e39e48bcb0b725de64a445c8,5540,493386,426,188,885,https://www.youtube.com/watch?v=bH9mFfFMvbc,434,212,885,https://www.youtube.com/watch?v=bH9mFfFMvbc,259,11,259,https://www.youtube.com/watch?v=46XFnp_QDg4,0,0,0,0,
2d84a02e592d4a92893b7cc36af95a26,5530,210802,456,228,6429,https://www.youtube.com/watch?v=fH6Uxr3fDH0,437,186,586,https://www.youtube.com/watch?v=X2bAsQUU6rc,5021,3147,6429,https://www.youtube.com/watch?v=fH6Uxr3fDH0,574,435,285,541,https://www.twitch.tv/videos/2759073640
58304450990a433b88acd02b889b74e6,5520,155289,157,80,1588,https://www.youtube.com/watch?v=ZR6p679QcKw,138,66,176,https://www.youtube.com/watch?v=Uy8a37nMIZ4,1026,719,1588,https://www.youtube.com/watch?v=ZR6p679QcKw,271,0,0,0,
dbfaa5f3d01142df8a05c4946a0a22dc,5520,452851,249,118,6358,https://www.youtube.com/watch?v=hi5_-EAJgfg,208,76,588,https://www.youtube.com/watch?v=n9Elfx6hFPE,2746,802,6358,https://www.youtube.com/watch?v=hi5_-EAJgfg,0,0,0,0,
887b37336c9c4730809ace8b5e38df17,5490,62693,68,13,118,https://www.youtube.com/watch?v=iMjBFshCndY,61,11,118,https://www.youtube.com/watch?v=iMjBFshCndY,107,95,107,https://www.youtube.com/watch?v=eYEz3alczwc,53672,3180,1486,4888,https://www.twitch.tv/videos/2750546728
70adcdf6f8a146089a4e724b14146efd,5450,395300,396,177,15196,https://www.youtube.com/watch?v=I5jvrs1t5V4,350,98,525,https://www.youtube.com/watch?v=RARJM1V15SU,2961,721,15196,https://www.youtube.com/watch?v=I5jvrs1t5V4,512,393,284,393,https://www.twitch.tv/videos/2754051045
a0e2f9b9f851401bbd1736189d4b69b1,5450,135501,73,43,79,https://www.youtube.com/watch?v=vH-8VfYQivE,73,43,79,https://www.youtube.com/watch?v=vH-8VfYQivE,0,0,0,,0,0,0,0,
ea7d228d8fb2462f95aef21fc5bd4fb8,5440,1014232,834,281,1799,https://www.youtube.com/watch?v=JoC7TgNDI5Y,834,281,1799,https://www.youtube.com/watch?v=JoC7TgNDI5Y,0,0,0,,0,0,0,0,
490a48eedc944f9cb74501e6eefeb04d,5390,311439,412,127,2039,https://www.youtube.com/watch?v=0awsLOJwaWg,392,127,573,https://www.youtube.com/watch?v=Obc_Sxes3-w,1808,206,2039,https://www.youtube.com/watch?v=0awsLOJwaWg,2893,0,0,0,
428251b7832a48219276fb6e5f644e86,5380,826385,855,180,8707,https://www.youtube.com/watch?v=yh8SJiy74jY,81,72,81,https://www.youtube.com/watch?v=FcSHjbKRQf0,1567,288,8707,https://www.youtube.com/watch?v=yh8SJiy74jY,262,0,0,0,
7ae1c13d53fb44f49f386eef43c63ee4,5380,257358,128,75,1638,https://www.youtube.com/watch?v=RnGSBkj4zE0,104,41,201,https://www.youtube.com/watch?v=Hs6l6SJGpUw,776,275,1638,https://www.youtube.com/watch?v=RnGSBkj4zE0,66,0,0,0,
8f0b41303e8a481689fe4309a565ecd3,5370,316282,235,114,497,https://www.youtube.com/watch?v=G2r1gwG4DGk,235,114,497,https://www.youtube.com/watch?v=G2r1gwG4DGk,0,0,0,,1459,0,0,0,
529328632b0b4701a469ebc14413f855,5340,191720,336,112,445,https://www.youtube.com/watch?v=XA5fhFSeMZU,228,87,445,https://www.youtube.com/watch?v=XA5fhFSeMZU,411,126,423,https://www.youtube.com/watch?v=Srafz-3FoMI,0,0,0,0,
fec8644970684cffbbae8dd37a52d59c,5320,275290,147,49,1669,https://www.youtube.com/watch?v=2Bwdm4zJPs4,114,47,896,https://www.youtube.com/watch?v=6Rd6UxJgeDQ,519,420,1669,https://www.youtube.com/watch?v=2Bwdm4zJPs4,1073,316,207,1874,https://www.twitch.tv/videos/2750670421
b473dffe721745f6beb34b5a49e9aeda,5300,392198,0,0,0,,0,0,0,,0,0,0,,0,0,0,0,
38ecb20931514383b2d93885136c6b68,5300,226123,180,93,502,https://www.youtube.com/watch?v=kn6ScKVctu8,180,93,502,https://www.youtube.com/watch?v=kn6ScKVctu8,0,0,0,,0,0,0,0,
c8858f1d4a2b41a4bbf738530023d6f9,5280,205950,164,83,329,https://www.youtube.com/watch?v=Qm09NmlbZeQ,164,83,329,https://www.youtube.com/watch?v=Qm09NmlbZeQ,0,0,0,,307,142,108,197,https://www.twitch.tv/videos/2756690940
443ba741722742d5b7d5f76c3e7b445b,5280,491389,242,133,1903,https://www.youtube.com/watch?v=hpTLlFmXbFo,242,133,689,https://www.youtube.com/watch?v=4EGuBLgcOVk,272,194,1903,https://www.youtube.com/watch?v=hpTLlFmXbFo,0,0,0,0,
7e088cf828bf4e02ae65bb8a1f6a8b89,5270,194254,89,28,128,https://www.youtube.com/watch?v=V0NvRheCdN0,89,28,128,https://www.youtube.com/watch?v=V0NvRheCdN0,0,0,0,,209,0,0,0,
d889f67fe7b84a38a9742ab2a47f346a,5240,680985,658,57,1674,https://www.youtube.com/watch?v=kiQdYMM9N2E,104,22,113,https://www.youtube.com/watch?v=INq3EZ_nXQI,1300,428,1674,https://www.youtube.com/watch?v=kiQdYMM9N2E,3365,341,270,413,https://www.twitch.tv/videos/2750250219
2c42a2d77b4c481bae57dc00a66c2f16,5230,564479,557,265,1049,https://www.youtube.com/watch?v=3NGrj7n9uoU,577,268,1049,https://www.youtube.com/watch?v=3NGrj7n9uoU,262,226,512,https://www.youtube.com/watch?v=TJygTpquj_s,0,0,0,0,
b6f8117355b24e9c8a8a4c813a72aec9,5220,654013,225,62,1297,https://www.youtube.com/watch?v=ghnERPDhHo0,0,0,0,,225,62,1297,https://www.youtube.com/watch?v=ghnERPDhHo0,1357,326,238,551,https://www.twitch.tv/videos/2754998775
63108f8ea91a4a699f345bb259750745,5200,98847,228,116,548,https://www.youtube.com/watch?v=RwLMWHmxcSk,232,119,548,https://www.youtube.com/watch?v=RwLMWHmxcSk,137,5,137,https://www.youtube.com/watch?v=J9Y7o7DYEvc,0,0,0,0,
afb80b53c4a543e28eb165f036bc8e4f,5200,274,0,0,0,,0,0,0,,0,0,0,,0,0,0,0,
1f2b5204983b4d5ebe0a9352de3a66f6,5200,116646,223,151,288,https://www.youtube.com/watch?v=u8SNh25jKo0,223,151,288,https://www.youtube.com/watch?v=u8SNh25jKo0,0,0,0,,0,0,0,0,
7f4f30df30ec405bb0968c585b243fa5,5180,367679,2421,781,12300,https://www.youtube.com/watch?v=WOZWpqMiXD0,397,318,424,https://www.youtube.com/watch?v=W6DUWU7hhfY,2807,1031,12300,https://www.youtube.com/watch?v=WOZWpqMiXD0,791,212,163,440,https://www.twitch.tv/videos/2759936879
effe96469a7348c786d01ccea8cf71cb,5170,180826,0,0,0,,0,0,0,,0,0,0,,0,0,0,0,
cc2a13ac075e4640b19020a51dcf9d88,5160,139091,753,26,753,https://www.youtube.com/watch?v=4VY0bHnMJ4M,753,26,753,https://www.youtube.com/watch?v=4VY0bHnMJ4M,0,0,0,,563,0,0,0,
510bdce263cc479ca12d1fad64bfc65e,5150,345001,478,304,1507,https://www.youtube.com/watch?v=InXnl8-Sy7g,476,298,953,https://www.youtube.com/watch?v=59jbV1_S1hQ,1507,1338,1507,https://www.youtube.com/watch?v=InXnl8-Sy7g,0,0,0,0,
bdaa84ad3c7841d6a9ec8774ed9d40a9,5100,171993,437,259,1395,https://www.youtube.com/watch?v=fxrHEWkeH6k,412,219,700,https://www.youtube.com/watch?v=BwJz_lHz9dQ,1395,639,1395,https://www.youtube.com/watch?v=fxrHEWkeH6k,0,0,0,0,
25027be34ca844c885f40d5c26507898,5060,265598,2078,607,2542,https://www.youtube.com/watch?v=pxR995bwc8Y,0,0,0,,2078,607,2542,https://www.youtube.com/watch?v=pxR995bwc8Y,0,0,0,0,
c21d4186912d4652a7fb5a1b3ef382b6,5020,187418,225,74,696,https://www.youtube.com/watch?v=aV-AaYfARVw,225,74,696,https://www.youtube.com/watch?v=aV-AaYfARVw,0,0,0,,2893,477,323,679,https://www.twitch.tv/videos/2756059554
c3bec3f382754230b178f8278eb550fb,5000,225819,249,77,1402,https://www.youtube.com/watch?v=uKP1AgBYC60,159,45,629,https://www.youtube.com/watch?v=mWr7RmbJUhE,365,193,1402,https://www.youtube.com/watch?v=uKP1AgBYC60,0,0,0,0,
def76c5c31fe4466b5ae6e6940ae6e58,4960,588073,492,244,3706,https://www.youtube.com/watch?v=Jl-zJNlW9Fk,430,185,728,https://www.youtube.com/watch?v=07kussYItsw,1085,359,3706,https://www.youtube.com/watch?v=Jl-zJNlW9Fk,0,0,0,0,
94082eb7d950471b934592394ad3e4c8,4960,293135,0,0,0,,0,0,0,,0,0,0,,0,0,0,0,
36f4fa8dbd7740c3ae5ac02b890fa502,4950,307706,88,36,124,https://www.youtube.com/watch?v=6LBVjLSgecA,88,36,124,https://www.youtube.com/watch?v=6LBVjLSgecA,0,0,0,,1077,0,0,0,
3589be2c85dc460aa8de768c7a228730,4930,214542,139,83,412,https://www.youtube.com/watch?v=k9i9xn1oDrs,139,83,412,https://www.youtube.com/watch?v=k9i9xn1oDrs,0,0,0,,0,0,0,0,
8fd3526ba2074df896bbcb47e713565b,4930,117991,123,73,197,https://www.youtube.com/watch?v=aJK3NkpiR4U,123,73,197,https://www.youtube.com/watch?v=aJK3NkpiR4U,0,0,0,,0,0,0,0,
c8ef4e3182b74ecd994c837a75624390,4930,420466,979,464,9684,https://www.youtube.com/watch?v=BRQzQnrtop8,205,104,532,https://www.youtube.com/watch?v=j8j5bQ_aszw,1148,563,9684,https://www.youtube.com/watch?v=BRQzQnrtop8,0,0,0,0,
19c3bdcc95134ef38ad98df3f92f3ccb,4920,316289,150,71,221,https://www.youtube.com/watch?v=SA-H8R2G9o8,150,71,221,https://www.youtube.com/watch?v=SA-H8R2G9o8,0,0,0,,841,60,46,78,https://www.twitch.tv/videos/2759076529
17610c1e36214c0f8002456d8b0bcf36,4910,185332,0,0,0,,0,0,0,,0,0,0,,0,0,0,0,
e4e33334b43945b6837ec43826f3727f,4900,203256,364,168,3956,https://www.youtube.com/watch?v=RT7d7ypuomI,309,132,458,https://www.youtube.com/watch?v=nR8Lbc9vd1E,1543,369,3956,https://www.youtube.com/watch?v=RT7d7ypuomI,0,0,0,0,
d0b68b633fba4c02a627751778973f36,4900,111386,212,115,213,https://www.youtube.com/watch?v=Y7QgBNq5K34,212,115,213,https://www.youtube.com/watch?v=Y7QgBNq5K34,0,0,0,,0,0,0,0,
f9c9c29a9fb143539ade06564b99b233,4880,3691,84,23,147,https://www.youtube.com/watch?v=AW0goBuAxls,84,23,147,https://www.youtube.com/watch?v=AW0goBuAxls,0,0,0,,0,0,0,0,
a1bc1c5451e64266a0f21f0847dd8d2f,4880,162763,94,32,97,https://www.youtube.com/watch?v=IJf0B6680WY,94,44,97,https://www.youtube.com/watch?v=IJf0B6680WY,86,8,86,https://www.youtube.com/watch?v=KvJdmxUPAJ0,439,224,127,224,https://www.twitch.tv/videos/2750184641
fe8ee7b57ae74a1388127b81b136c7ea,4870,124205,113,38,359,https://www.youtube.com/watch?v=3ilIqC-cojQ,105,35,359,https://www.youtube.com/watch?v=3ilIqC-cojQ,332,57,332,https://www.youtube.com/watch?v=cqL80SSRni4,632,0,0,0,
42b8bd7bed2a4ddd930cfd223657e9ca,4860,190181,353,148,1308,https://www.youtube.com/watch?v=o7BjiMj5BlM,289,208,776,https://www.youtube.com/watch?v=U71pIflRSlk,627,82,1308,https://www.youtube.com/watch?v=o7BjiMj5BlM,1321,352,288,663,https://www.twitch.tv/videos/2750986175
2e266a71aa3d4a67bb8d9a2a0b573319,4840,278592,0,0,0,,0,0,0,,0,0,0,,41874,2823,1387,6279,https://www.twitch.tv/videos/2757220418
32b83b466c11418bb380623a95944302,4840,384353,971,453,971,https://www.youtube.com/watch?v=ywiSNHAIYUw,0,0,0,,971,453,971,https://www.youtube.com/watch?v=ywiSNHAIYUw,3377,301,245,734,https://www.twitch.tv/videos/2756618294
432458f2f15549919dc6e3706ccbd417,4830,318798,0,0,0,,0,0,0,,0,0,0,,0,0,0,0,
e0f419006f244a51804050ede1d1a5aa,4830,1306471,81,43,1912,https://www.youtube.com/watch?v=MRSlybTQprA,70,37,93,https://www.youtube.com/watch?v=8MeLB9gMdaQ,1912,206,1912,https://www.youtube.com/watch?v=MRSlybTQprA,0,0,0,0,
1357f282a9f04f6cbe3e215a0bd20482,4810,122009,528,76,2484,https://www.youtube.com/watch?v=f2xLWigYMqA,0,0,0,,528,76,2484,https://www.youtube.com/watch?v=f2xLWigYMqA,1822,0,0,0,
fad69c2a625446829ef410d9ef277c8f,4800,152696,199,127,747,https://www.youtube.com/watch?v=mlTYv3LtHts,199,127,747,https://www.youtube.com/watch?v=mlTYv3LtHts,0,0,0,,0,0,0,0,
a9f1edc233804d4b90a9996219a3b14b,4790,243031,99,37,178,https://www.youtube.com/watch?v=MYfsVRlrthM,99,37,178,https://www.youtube.com/watch?v=MYfsVRlrthM,0,0,0,,0,0,0,0,
de81b740d66c439685aa37491d27efc4,4780,456557,0,0,0,,0,0,0,,0,0,0,,4334,285,198,363,https://www.twitch.tv/videos/2759812080
29294f0665864cee8bb2b48697b9e84f,4780,255704,485,200,1777,https://www.youtube.com/watch?v=JEuK_kxK4Jc,355,172,1275,https://www.youtube.com/watch?v=cntI4F-zpzE,891,505,1777,https://www.youtube.com/watch?v=JEuK_kxK4Jc,307,0,0,0,
9de74d9cd68f481396a3dbd76d529a24,4760,206671,179,55,321,https://www.youtube.com/watch?v=7ATBAV0Zxqo,179,55,321,https://www.youtube.com/watch?v=7ATBAV0Zxqo,0,0,0,,0,0,0,0,
1e71d9b4bbb1411b84e1aa428a79c9bc,4750,66739,0,0,0,,0,0,0,,0,0,0,,0,0,0,0,
bcbde4d998e341418ebdf3e26884811d,4730,153027,281,109,546,https://www.youtube.com/watch?v=gEaq_sZ7Tkk,281,109,546,https://www.youtube.com/watch?v=gEaq_sZ7Tkk,0,0,0,,0,0,0,0,
e1b2337b79d1449e9ae6a754ec74050d,4730,609110,227,110,1089,https://www.youtube.com/watch?v=RngA36ygNYg,227,110,1089,https://www.youtube.com/watch?v=RngA36ygNYg,0,0,0,,0,0,0,0,
b2313ef4c37542c89796ae94dfb8228d,4730,179856,187,76,312,https://www.youtube.com/watch?v=ALXvoWDjNyY,187,76,312,https://www.youtube.com/watch?v=ALXvoWDjNyY,0,0,0,,326,95,82,95,https://www.twitch.tv/videos/2757552491
256dd6464e974e118dc8103d5e9eb0b3,4710,107043,853,731,4063,https://www.youtube.com/watch?v=eRHljEblBxE,0,0,0,,853,731,4063,https://www.youtube.com/watch?v=eRHljEblBxE,3329,607,365,903,https://www.twitch.tv/videos/2751883224
4cc400969073471f9d2808a807e95f7d,4700,383313,538,157,1837,https://www.youtube.com/watch?v=VEjPeWqO7dk,727,652,1009,https://www.youtube.com/watch?v=myubW1rvk9Y,454,151,1837,https://www.youtube.com/watch?v=VEjPeWqO7dk,0,0,0,0,
4c8efd1d28d04eeabd21a3c337f154b9,4700,86588,129,61,282,https://www.youtube.com/watch?v=6Aqh5-0oc9c,129,61,282,https://www.youtube.com/watch?v=6Aqh5-0oc9c,0,0,0,,0,0,0,0,
988d1a83ff6c4f82af6be42946987c36,4700,316386,213,94,1679,https://www.youtube.com/watch?v=Ab6AEZTHAyc,115,59,213,https://www.youtube.com/watch?v=JVK8Fe7ZIS4,1190,457,1679,https://www.youtube.com/watch?v=Ab6AEZTHAyc,0,0,0,0,
b3c1a09b09a54b9a8078d3310d151efe,4660,123360,0,0,0,,0,0,0,,0,0,0,,0,0,0,0,
98181ce64b3d45a9aa295c446e1bae9e,4650,117516,0,0,0,,0,0,0,,0,0,0,,572,0,0,0,
c6dab598fcee4b6b9bff76d2e8ffc8e6,4640,331137,230,110,2136,https://www.youtube.com/watch?v=lUmmPb4du8s,134,52,272,https://www.youtube.com/watch?v=27eDbv7dfJU,838,285,2136,https://www.youtube.com/watch?v=lUmmPb4du8s,813,0,0,0,
a99bc695c89d41e391a5abf6e781c911,4630,343548,0,0,0,,0,0,0,,0,0,0,,0,0,0,0,
4762b7be8b764f19a33a7cf167c2ea64,4620,66731,56,24,450,https://www.youtube.com/watch?v=yMnhpqKSv78,51,20,73,https://www.youtube.com/watch?v=fB8EVeblD4g,450,436,450,https://www.youtube.com/watch?v=yMnhpqKSv78,0,0,0,0,
6073eb006b764614915e90b5c54ce7e6,4620,297569,902,473,1561,https://www.youtube.com/watch?v=9SX9lYznouw,0,0,0,,902,473,1561,https://www.youtube.com/watch?v=9SX9lYznouw,3285,267,247,367,https://www.twitch.tv/videos/2755684941
33e0b518387b4479a76910366cd2a413,4610,248576,648,521,4004,https://www.youtube.com/watch?v=ROxu46GwBqQ,66,32,140,https://www.youtube.com/watch?v=7EPQ-68Ibas,2678,1456,4004,https://www.youtube.com/watch?v=ROxu46GwBqQ,367,25,16,41,https://www.twitch.tv/videos/2751999998
2d9ef8be75c34daf9ce9d17ecbbe0f7a,4560,674789,123,59,341,https://www.youtube.com/watch?v=zBBm-L-kbms,123,59,341,https://www.youtube.com/watch?v=zBBm-L-kbms,0,0,0,,715,45,30,62,https://www.twitch.tv/videos/2755830605
20327c35cc9d4deba93299b790d7d721,4550,248597,219,121,1859,https://www.youtube.com/watch?v=pXvtLmpW_vc,119,54,143,https://www.youtube.com/watch?v=S8QKjaHfmQg,750,520,1859,https://www.youtube.com/watch?v=pXvtLmpW_vc,0,0,0,0,
d41f0a9dfdec46929f6f9534f8d79167,4530,64308,0,0,0,,0,0,0,,0,0,0,,0,0,0,0,
3dd8c72cab6d494dbd6fbf0a0e3dc41a,4530,312580,237,120,1376,https://www.youtube.com/watch?v=3tiRwOzUB7o,232,103,688,https://www.youtube.com/watch?v=LCuAI2CRBDs,1128,584,1376,https://www.youtube.com/watch?v=3tiRwOzUB7o,1280,222,167,439,https://www.twitch.tv/videos/2751724503
0fa88d7be0ba4850abea150aa73fe440,4470,261440,0,0,0,,0,0,0,,0,0,0,,0,0,0,0,
3a43445829024217b728d04d5398b61c,4470,218463,234,88,566,https://www.youtube.com/watch?v=bUi707BPd90,234,88,566,https://www.youtube.com/watch?v=bUi707BPd90,0,0,0,,0,0,0,0,
b9569d6e438b473ba61d88c0230899f5,4430,262464,116,39,307,https://www.youtube.com/watch?v=HtEpN9SR_8w,108,48,274,https://www.youtube.com/watch?v=6RXXokwa8mg,307,11,307,https://www.youtube.com/watch?v=HtEpN9SR_8w,0,0,0,0,
c90914afde364f5e982414615662f5a7,4420,376624,172,147,258,https://www.youtube.com/watch?v=i-1bF6AtwkM,199,154,258,https://www.youtube.com/watch?v=i-1bF6AtwkM,141,71,141,https://www.youtube.com/watch?v=vQ8WIGXsfjQ,1986,0,0,0,
52b5fa7ff03945368644f52035a5e798,4410,323609,95,43,355,https://www.youtube.com/watch?v=6ET5BSZLfkY,95,43,355,https://www.youtube.com/watch?v=6ET5BSZLfkY,0,0,0,,0,0,0,0,
caf08c74dd7b4919bca49eef394d5475,4400,672334,657,218,4017,https://www.youtube.com/watch?v=4ccFeJz7_wE,157,82,468,https://www.youtube.com/watch?v=4BTnBvVtR90,1591,613,4017,https://www.youtube.com/watch?v=4ccFeJz7_wE,3642,892,529,2053,https://www.twitch.tv/videos/2741927135
bd7d712e0946448aa29a1d213d1c1beb,4400,137253,193,115,12844,https://www.youtube.com/watch?v=DREDNLFyr1M,152,85,241,https://www.youtube.com/watch?v=5tfVuQggo7o,1710,1170,12844,https://www.youtube.com/watch?v=DREDNLFyr1M,350,278,229,455,https://www.twitch.tv/videos/2751922201
5fd252ad134343a59705e00390c6d9ef,4380,117745,0,0,0,,0,0,0,,0,0,0,,1450,260,63,1250,https://www.twitch.tv/videos/2755612778
627d42f52e604f3e8eadc7f04ef74d2a,4380,214465,26,23,26,https://www.youtube.com/watch?v=2nNZ86YMijc,0,0,0,,26,23,26,https://www.youtube.com/watch?v=2nNZ86YMijc,3514,341,231,878,https://www.twitch.tv/videos/2749071701
3f36658defc1428b8d4628478ef59256,4380,351145,795,446,2430,https://www.youtube.com/watch?v=uJ3px5gcY7Q,795,546,2430,https://www.youtube.com/watch?v=uJ3px5gcY7Q,884,128,1905,https://www.youtube.com/watch?v=_fS1JUnA4fs,0,0,0,0,
a2c7c34474174cd2bffcc17a32aeec21,4370,299880,106,67,1502,https://www.youtube.com/watch?v=IBkEcHLgOB8,89,51,134,https://www.youtube.com/watch?v=WlUCsF0ZlN8,1165,551,1502,https://www.youtube.com/watch?v=IBkEcHLgOB8,925,45,37,56,https://www.twitch.tv/videos/2754252699
ccc1420185ad46d49d40b6b774db9b11,4370,242573,117,32,171,https://www.youtube.com/watch?v=rOHzLSnsOwU,135,42,171,https://www.youtube.com/watch?v=rOHzLSnsOwU,97,29,116,https://www.youtube.com/watch?v=Lbmwu5_0DbQ,773,87,77,195,https://www.twitch.tv/videos/2752691079
98187e2cc8c34f5d8e0853bffc1a30c9,4370,147671,2129,917,2129,https://www.youtube.com/watch?v=NGn6Z9groFI,0,0,0,,2129,917,2129,https://www.youtube.com/watch?v=NGn6Z9groFI,0,0,0,0,
9ceaafbe1a9a41bb9526b113354e03cc,4350,328849,198,93,1800,https://www.youtube.com/watch?v=Rt4G2pW0e6k,183,62,222,https://www.youtube.com/watch?v=1qhhKy7gvQA,1474,376,1800,https://www.youtube.com/watch?v=Rt4G2pW0e6k,0,0,0,0,
f658ebdc79bf4cef928a87d3a35855a5,4350,76567,43,26,47,https://www.youtube.com/watch?v=UZxOOrU3qqM,43,26,47,https://www.youtube.com/watch?v=UZxOOrU3qqM,0,0,0,,0,0,0,0,
db1c4d81f03f4b04aca36b8b5b2b9c62,4320,94771,146,66,218,https://www.youtube.com/watch?v=8_1uAu9eXIc,146,66,218,https://www.youtube.com/watch?v=8_1uAu9eXIc,0,0,0,,438,0,0,0,
f4fc9f87ed4b4f05a339b1f1a1d621b6,4320,92093,0,0,0,,0,0,0,,0,0,0,,0,0,0,0,
de071f4fc90344748afac14099022672,4300,109361,933,110,1694,https://www.youtube.com/watch?v=ALGH0Ks5UWI,0,0,0,,933,110,1694,https://www.youtube.com/watch?v=ALGH0Ks5UWI,8043,3859,2393,13510,https://www.twitch.tv/videos/2747304753
81387cdce77a4a9b9338145b28ae9ff6,4300,0,0,0,0,,0,0,0,,0,0,0,,0,0,0,0,
0ede84dfc1ff426cb42643d7390d2937,4260,709925,259,117,5254,https://www.youtube.com/watch?v=xmkECPorjdI,195,78,5254,https://www.youtube.com/watch?v=xmkECPorjdI,3256,555,3698,https://www.youtube.com/watch?v=NDSEWrv_kxM,1689,235,173,390,https://www.twitch.tv/videos/2758329588
caebfeea12c840f0ae0f0e2beb57b4e2,4250,223850,923,30,923,https://www.youtube.com/watch?v=VcQ41Wpfn9g,0,0,0,,923,30,923,https://www.youtube.com/watch?v=VcQ41Wpfn9g,0,0,0,0,
ba41581d315943fdaebe0dc981020d1c,4240,228956,162,61,189,https://www.youtube.com/watch?v=D7O8FgGYvW8,162,93,189,https://www.youtube.com/watch?v=D7O8FgGYvW8,138,38,168,https://www.youtube.com/watch?v=g89StP53Yn4,0,0,0,0,
c17ad3ef81904c26982024c9af1f0f3a,4230,177851,2535,288,3464,https://www.youtube.com/watch?v=GU38Fw_PAic,0,0,0,,2535,288,3464,https://www.youtube.com/watch?v=GU38Fw_PAic,3435,167,95,283,https://www.twitch.tv/videos/2760117882
872627e5c7a248bfb41a055dee03029a,4220,130916,197,74,2304,https://www.youtube.com/watch?v=VafuJP6sRmA,21,8,66,https://www.youtube.com/watch?v=wjJAwuarKIo,292,141,2304,https://www.youtube.com/watch?v=VafuJP6sRmA,762,0,0,0,
2683fa864bd24112b6f7d04afb096a4e,4220,225342,687,137,2325,https://www.youtube.com/watch?v=edgg6d3kZLY,189,56,298,https://www.youtube.com/watch?v=t_WY5QzfA2A,1472,579,2325,https://www.youtube.com/watch?v=edgg6d3kZLY,361,0,0,0,
6fb8c6dea7404638a9d78d4b0d84f64c,4210,31390,654,329,888,https://www.youtube.com/watch?v=znXDAY66Ak8,654,329,888,https://www.youtube.com/watch?v=znXDAY66Ak8,0,0,0,,2853,0,0,0,
58bb51ba1bba485a98cbf859fb5687f4,4210,461336,718,101,2270,https://www.youtube.com/watch?v=luhnJJwSM_U,120,83,369,https://www.youtube.com/watch?v=7uD4gJ4S25o,1282,538,2270,https://www.youtube.com/watch?v=luhnJJwSM_U,1828,0,0,0,
3e340f9122814acc84ff51a0aec8ae13,4210,129072,0,0,0,,0,0,0,,0,0,0,,0,0,0,0,
58e377df63f745fc8473368b20afe2ae,4210,228113,61,33,118,https://www.youtube.com/watch?v=fMHwm0PmYdg,61,33,118,https://www.youtube.com/watch?v=fMHwm0PmYdg,0,0,0,,304,9,8,14,https://www.twitch.tv/videos/2759142965
ad6cf3322d204c79afa7d14d4d36473c,4200,315821,1966,835,5088,https://www.youtube.com/watch?v=ndpMhAWgV1E,0,0,0,,1966,835,5088,https://www.youtube.com/watch?v=ndpMhAWgV1E,0,0,0,0,
50433c34f368460c9cda947f292a62b4,4190,327873,506,176,817,https://www.youtube.com/watch?v=pfD3ku1JRRE,514,239,817,https://www.youtube.com/watch?v=pfD3ku1JRRE,424,14,424,https://www.youtube.com/watch?v=iClOHkcUTPE,0,0,0,0,
01bebf0363a94b16b2313053c90a1c8a,4170,119226,86,61,146,https://www.youtube.com/watch?v=MXrEaox2HSw,86,61,146,https://www.youtube.com/watch?v=MXrEaox2HSw,0,0,0,,423,0,0,0,
7f049d05ff3a4946998b9ddd7df409fd,4160,138257,129,96,1632,https://www.youtube.com/watch?v=A41AEY16tqg,105,59,477,https://www.youtube.com/watch?v=VWbzBOA50aA,1372,857,1632,https://www.youtube.com/watch?v=A41AEY16tqg,2307,129,94,311,https://www.twitch.tv/videos/2753485838
ffb8b8f15321474a98628cb638631bf1,4140,815782,0,0,0,,0,0,0,,0,0,0,,0,0,0,0,
16b8db1818764f81addb322d109b5da3,4140,244185,1013,229,1471,https://www.youtube.com/watch?v=ViV1tEGJTUw,490,34,623,https://www.youtube.com/watch?v=g6vy8h0PLI8,1419,419,1471,https://www.youtube.com/watch?v=ViV1tEGJTUw,0,0,0,0,
1ea5aa0a7a7d401b897630667cf4b44e,4130,219992,95,42,191,https://www.youtube.com/watch?v=uiqxbYVllNs,95,42,191,https://www.youtube.com/watch?v=uiqxbYVllNs,0,0,0,,1237,268,229,404,https://www.twitch.tv/videos/2752756463
d66fb507852f4d889e426c8ea0f9f246,4130,173121,397,153,836,https://www.youtube.com/watch?v=RejXiCkRsnY,397,153,836,https://www.youtube.com/watch?v=RejXiCkRsnY,0,0,0,,505,65,63,65,https://www.twitch.tv/videos/2759931962
f03fa714465e44ef8d339474bd0f4a02,4120,137864,267,129,2079,https://www.youtube.com/watch?v=rSk1C9YLpxg,241,91,336,https://www.youtube.com/watch?v=Tjbxh_9T6Yo,791,473,2079,https://www.youtube.com/watch?v=rSk1C9YLpxg,0,0,0,0,
90446c6f1b704ff6b0fbbf017f0a68c5,4110,148742,430,94,658,https://www.youtube.com/watch?v=9EDvVdyCFRs,401,128,658,https://www.youtube.com/watch?v=9EDvVdyCFRs,566,70,566,https://www.youtube.com/watch?v=DE91YFYAtq4,0,0,0,0,
637b3a1eb03443248ebd1caba56e6b5a,4110,180599,422,192,1079,https://www.youtube.com/watch?v=vWrg6LWrYdI,422,192,1079,https://www.youtube.com/watch?v=vWrg6LWrYdI,0,0,0,,0,0,0,0,
8b027d3a3f374c9c8398b6dd751e5018,4080,1269,0,0,0,,0,0,0,,0,0,0,,37382,4034,1715,12072,https://www.twitch.tv/videos/2742905961
9d74c909706a450ea35c1777cac79e77,4080,443420,203,86,795,https://www.youtube.com/watch?v=TI-RQS6S4F4,203,86,539,https://www.youtube.com/watch?v=D2oxJSLVLzI,39,36,795,https://www.youtube.com/watch?v=TI-RQS6S4F4,866,118,71,118,https://www.twitch.tv/videos/2751021654
d177ac8568a14720b35bcc1a829aff51,4060,161325,120,69,220,https://www.youtube.com/watch?v=Z3Bu7lgdAds,120,69,220,https://www.youtube.com/watch?v=Z3Bu7lgdAds,0,0,0,,0,0,0,0,
eda6bf91049349e08f0f269fb4f8c0f9,4050,144927,94,44,1718,https://www.youtube.com/watch?v=GuC-iof1tf8,71,29,259,https://www.youtube.com/watch?v=xh6YstX48B0,1042,194,1718,https://www.youtube.com/watch?v=GuC-iof1tf8,203,0,0,0,
2bf038f2a9514434aefa4ef7b2140f56,4040,156810,448,234,2509,https://www.youtube.com/watch?v=urV-M5Ca6Cs,358,232,691,https://www.youtube.com/watch?v=zgjjHqReTT0,1423,482,2509,https://www.youtube.com/watch?v=urV-M5Ca6Cs,525,591,470,834,https://www.twitch.tv/videos/2758944003
b516b71a9e8d43b8a377dabe1f9057dd,4040,117149,83,43,162,https://www.youtube.com/watch?v=TIg0G9raY_I,82,40,146,https://www.youtube.com/watch?v=mcZ9TnmY2EQ,113,48,162,https://www.youtube.com/watch?v=TIg0G9raY_I,530,54,41,79,https://www.twitch.tv/videos/2755806884
4a44ee7065ae41ad8d70469297599df8,4020,1124944,39,23,40,https://www.youtube.com/watch?v=_3xMNbGVWQs,39,23,40,https://www.youtube.com/watch?v=_3xMNbGVWQs,0,0,0,,0,0,0,0,
cd44db2c12a54568963299704aa8d4a6,4020,106260,0,0,0,,0,0,0,,0,0,0,,320,0,0,0,
c9ac78b9004c4c26ba4107ccefe399ec,4010,170169,73,42,164,https://www.youtube.com/watch?v=yxbGp2eRemg,73,42,164,https://www.youtube.com/watch?v=yxbGp2eRemg,0,0,0,,0,0,0,0,
00d9cb7b0bcd451999f4fd33dd84be6c,3950,717543,202,90,1905,https://www.youtube.com/watch?v=GN1dYAmU3f0,177,101,772,https://www.youtube.com/watch?v=oaVMfGDND-o,667,60,1905,https://www.youtube.com/watch?v=GN1dYAmU3f0,4881,334,178,2199,https://www.twitch.tv/videos/2736307722
9db6beb02e774aa7a97ba8674a5a8f9d,3950,82248,0,0,0,,0,0,0,,0,0,0,,197,0,0,0,
ec12bbfb27d24091aa6a7d64ff9429ea,3950,101947,420,214,420,https://www.youtube.com/watch?v=GZ8Cjbmf-mc,0,0,0,,420,214,420,https://www.youtube.com/watch?v=GZ8Cjbmf-mc,5309,479,201,957,https://www.twitch.tv/videos/2744647551
b0f00fccf8a14655911360748c4699cd,3910,149870,696,234,2072,https://www.youtube.com/watch?v=H38O2tH6PfU,91,43,109,https://www.youtube.com/watch?v=mRLpX4QTSso,1186,717,2072,https://www.youtube.com/watch?v=H38O2tH6PfU,0,0,0,0,
0490d9546bce4068a0f52b39046bdf91,3910,105976,710,248,2603,https://www.youtube.com/watch?v=CdlpRUNvIrE,146,56,193,https://www.youtube.com/watch?v=pEGaX8Cf07c,812,422,2603,https://www.youtube.com/watch?v=CdlpRUNvIrE,4282,455,304,1066,https://www.twitch.tv/videos/2757562920
780f8a72bb1543a79feb5730b42130c6,3910,245638,1405,636,2129,https://www.youtube.com/watch?v=mQGiB-aZDx4,341,140,379,https://www.youtube.com/watch?v=OldyLhVKIuk,1450,1058,2129,https://www.youtube.com/watch?v=mQGiB-aZDx4,0,0,0,0,
7b2d1d71057b4ac2a16109b980a99e28,3900,195827,201,134,5720,https://www.youtube.com/watch?v=bnKlcQyKwbk,151,67,247,https://www.youtube.com/watch?v=KYjCBYWZFNU,1261,577,5720,https://www.youtube.com/watch?v=bnKlcQyKwbk,0,0,0,0,
4b8f55c74e594978bb461a27b3924336,3880,105252,192,74,323,https://www.youtube.com/watch?v=PHCgV7P3c6c,192,74,323,https://www.youtube.com/watch?v=PHCgV7P3c6c,0,0,0,,835,0,0,0,
5cff30a1695346368e3ea7a7c7af4286,3880,401682,65,38,77,https://www.youtube.com/watch?v=hhAKtkzgZRQ,77,70,77,https://www.youtube.com/watch?v=hhAKtkzgZRQ,54,5,54,https://www.youtube.com/watch?v=7qIZw3OMXFM,761,0,0,0,
6bf5f37da9e74d539963689b6b0256a5,3880,491299,326,107,1376,https://www.youtube.com/watch?v=k4ygl29pWyg,153,50,371,https://www.youtube.com/watch?v=GVoa3OAhQbg,1168,475,1376,https://www.youtube.com/watch?v=k4ygl29pWyg,0,0,0,0,
9c1450789da443f491a66e6f121482fc,3860,314077,405,134,1409,https://www.youtube.com/watch?v=jJCHpaW0mp8,320,133,722,https://www.youtube.com/watch?v=wp_yO7RQ3yE,723,259,1409,https://www.youtube.com/watch?v=jJCHpaW0mp8,385,0,0,0,
3727892a417b429aa063c7300e132966,3860,226465,0,0,0,,0,0,0,,0,0,0,,0,0,0,0,
a03628db891e4e8c9a54bc5161f1f2f4,3850,193306,0,0,0,,0,0,0,,0,0,0,,617,120,74,184,https://www.twitch.tv/videos/2749423509
73827056b15849549388f720dde25c01,3840,184823,572,264,1243,https://www.youtube.com/watch?v=HWt1tGWLiH8,548,191,707,https://www.youtube.com/watch?v=Ls0-RK5HxK4,1008,388,1243,https://www.youtube.com/watch?v=HWt1tGWLiH8,0,0,0,0,
20f361a84fb3439999c550c10fcf5642,3840,89232,0,0,0,,0,0,0,,0,0,0,,1651,0,0,0,
f18910b4b83a48558f16836f4c1488eb,3830,120434,0,0,0,,0,0,0,,0,0,0,,0,0,0,0,
edbd401267284e8886c1fd27d08283d4,3830,71226,0,0,0,,0,0,0,,0,0,0,,1031,0,0,0,
c371d4c7f516451bac8ae3a9a13dc7f2,3800,122833,104,48,175,https://www.youtube.com/watch?v=DQ5Et9J1lxg,104,48,175,https://www.youtube.com/watch?v=DQ5Et9J1lxg,0,0,0,,1478,99,79,149,https://www.twitch.tv/videos/2749394816
7ddebf4d8f6d4c63a4fc7268d8113c10,3790,474967,227,150,1592,https://www.youtube.com/watch?v=74g_IQDGW8c,0,0,0,,227,150,1592,https://www.youtube.com/watch?v=74g_IQDGW8c,6423,970,526,6778,https://www.twitch.tv/videos/2745366096
342b158ba02d4103a1407d62fe786f5e,3780,180096,0,0,0,,0,0,0,,0,0,0,,1638,0,0,0,
ba5ed25718a7421cb15cd0ec62df723e,3780,150433,196,134,433,https://www.youtube.com/watch?v=FrFmDA5IxBE,196,134,433,https://www.youtube.com/watch?v=FrFmDA5IxBE,0,0,0,,485,0,0,0,
3a4fe2f4720747ceabc87b3327ab2b17,3780,104556,181,8,181,https://www.youtube.com/watch?v=B5pcYC4PSQU,181,8,181,https://www.youtube.com/watch?v=B5pcYC4PSQU,0,0,0,,0,0,0,0,
db4fd03c50654057bd32b9201666b345,3770,187061,0,0,0,,0,0,0,,0,0,0,,2309,0,0,0,
c01af5d5f9b74ac29b51dcae0dc55a2d,3750,290908,209,27,626,https://www.youtube.com/watch?v=x9aqO15_Bn4,626,35,626,https://www.youtube.com/watch?v=x9aqO15_Bn4,192,27,248,https://www.youtube.com/watch?v=kwBYbftvy-0,0,0,0,0,
42e2bc7c16734352b2e18a82e48844ec,3740,538849,372,150,2045,https://www.youtube.com/watch?v=EwpiejHMpTg,372,150,2045,https://www.youtube.com/watch?v=EwpiejHMpTg,0,0,0,,0,0,0,0,
601b56797a3246f49cead93e9e190a49,3730,149536,0,0,0,,0,0,0,,0,0,0,,0,0,0,0,
2f80e2f83d254bbdbf48b9c8b3fca995,3730,152820,215,72,492,https://www.youtube.com/watch?v=cZ8rese3sqo,206,78,492,https://www.youtube.com/watch?v=cZ8rese3sqo,276,37,276,https://www.youtube.com/watch?v=CLCc_aMjGBc,0,0,0,0,
ed4666af39034d54913aba64cfea6f47,3710,340562,385,163,898,https://www.youtube.com/watch?v=wdoRshTGX0g,385,163,898,https://www.youtube.com/watch?v=wdoRshTGX0g,0,0,0,,944,0,0,0,
907d39ec8a394cdcb645bd4b2e6351e7,3690,102095,203,165,282,https://www.youtube.com/watch?v=S-nlwCJeBD0,203,165,282,https://www.youtube.com/watch?v=S-nlwCJeBD0,0,0,0,,0,0,0,0,
a246e7561e5f40799a48eeca69951b7b,3680,182901,143,82,177,https://www.youtube.com/watch?v=Q17z31XL7J4,143,82,177,https://www.youtube.com/watch?v=Q17z31XL7J4,0,0,0,,130,0,0,0,
dadb89bee9044261848ad444625d94f7,3660,59477,119,62,1213,https://www.youtube.com/watch?v=liN4vhA3lbk,97,55,146,https://www.youtube.com/watch?v=SkH82X4AWrU,463,276,1213,https://www.youtube.com/watch?v=liN4vhA3lbk,0,0,0,0,
bc70de85cb744f13bffae8a81ebd6bb4,3640,92800,0,0,0,,0,0,0,,0,0,0,,0,0,0,0,
e76a030f33bc48a58257b261f95ee3af,3620,145367,146,94,200,https://www.youtube.com/watch?v=F3w52NHE29A,146,94,200,https://www.youtube.com/watch?v=F3w52NHE29A,0,0,0,,0,0,0,0,
286c24a67720434bbb4290d49fb42a54,3610,200347,106,38,3507,https://www.youtube.com/watch?v=x3jDC1HdBO4,82,25,237,https://www.youtube.com/watch?v=lV2AHEXbeK8,1848,1105,3507,https://www.youtube.com/watch?v=x3jDC1HdBO4,0,0,0,0,
4d9730dc400443e6b8edb719febd5f46,3610,75006,120,43,167,https://www.youtube.com/watch?v=tO4X1HRThjE,120,43,167,https://www.youtube.com/watch?v=tO4X1HRThjE,0,0,0,,771,80,46,80,https://www.twitch.tv/videos/2750401773
b95eb39c5bb74de687696afbc31fb836,3610,100959,154,21,203,https://www.youtube.com/watch?v=leJCJI4cIF8,154,21,203,https://www.youtube.com/watch?v=leJCJI4cIF8,0,0,0,,402,203,38,256,https://www.twitch.tv/videos/2755684718
3506a4f43442492e83c6fbe4cdb09aba,3610,61022,0,0,0,,0,0,0,,0,0,0,,0,0,0,0,
c2bbc6bca92c4825b72d635634197e2b,3600,223163,0,0,0,,0,0,0,,0,0,0,,0,0,0,0,
b1c9458ca89b44bab0f09883ef40c45c,3590,115686,125,44,659,https://www.youtube.com/watch?v=TIbvsjVbqXc,125,44,659,https://www.youtube.com/watch?v=TIbvsjVbqXc,0,0,0,,0,0,0,0,
e93734c51e5141419d44dc147f1c5420,3590,57492,0,0,0,,0,0,0,,0,0,0,,0,0,0,0,
644ed2200e8a446bae2920103d1015e3,3590,128969,79,43,469,https://www.youtube.com/watch?v=NSi6G48kmDk,79,38,142,https://www.youtube.com/watch?v=mD5UWCsSRM0,332,64,469,https://www.youtube.com/watch?v=NSi6G48kmDk,0,0,0,0,
0df008566e92461eb808c5b3ba9c7f0f,3590,121604,38,12,79,https://www.youtube.com/watch?v=dkX3ccFDG0o,38,12,79,https://www.youtube.com/watch?v=dkX3ccFDG0o,0,0,0,,0,0,0,0,
5f9767b104b54292bf6dd29863c0c6b1,3580,357350,735,437,1270,https://www.youtube.com/watch?v=dlodfZCrom8,99,73,121,https://www.youtube.com/watch?v=36GZjkPZQ7E,1137,484,1270,https://www.youtube.com/watch?v=dlodfZCrom8,0,0,0,0,
7caa52181a744f68be9e3995c7adec24,3570,41954,150,43,211,https://www.youtube.com/watch?v=5AJFopuXmP8,150,43,211,https://www.youtube.com/watch?v=5AJFopuXmP8,0,0,0,,0,0,0,0,
c16daca9d8b84b18a38ab97cdcd7577a,3570,371606,273,87,1534,https://www.youtube.com/watch?v=GLG8LtAtla4,265,87,1318,https://www.youtube.com/watch?v=F0JqoAvR0iw,300,87,1534,https://www.youtube.com/watch?v=GLG8LtAtla4,0,0,0,0,
8b69d6c508194b93b14fc056038160ab,3560,82163,117,109,117,https://www.youtube.com/watch?v=PO12OCKUVCM,117,109,117,https://www.youtube.com/watch?v=PO12OCKUVCM,0,0,0,,1965,174,126,261,https://www.twitch.tv/videos/2749281189
041976bda8b8410a99af25fc4cb87970,3560,124321,0,0,0,,0,0,0,,0,0,0,,133,0,0,0,
d78d72ce0aac4c9d9c5c16604209ced3,3550,176973,508,167,1572,https://www.youtube.com/watch?v=LKz5S68VxW8,508,167,1572,https://www.youtube.com/watch?v=LKz5S68VxW8,0,0,0,,0,0,0,0,
8961bc96eec34a99ad58505bae3f58f1,3540,157231,97,39,137,https://www.youtube.com/watch?v=y_hcIA8yKho,97,39,137,https://www.youtube.com/watch?v=y_hcIA8yKho,0,0,0,,0,0,0,0,
64bba754590e41c5b58df1c536d4e865,3540,131307,111,38,202,https://www.youtube.com/watch?v=LqmyllRRQh0,111,38,202,https://www.youtube.com/watch?v=LqmyllRRQh0,0,0,0,,731,260,200,836,https://www.twitch.tv/videos/2755965377
4f5a88e0193a4c948f7e84c56303db82,3530,93525,145,96,511,https://www.youtube.com/watch?v=tEgbhExa89E,145,96,511,https://www.youtube.com/watch?v=tEgbhExa89E,0,0,0,,0,0,0,0,
a60e76fb18f44818980d7d5b07cf82c9,3520,164019,878,266,2070,https://www.youtube.com/watch?v=NkZfxia08WQ,715,244,1226,https://www.youtube.com/watch?v=SWwIPqEMFQQ,1184,599,2070,https://www.youtube.com/watch?v=NkZfxia08WQ,483,652,484,1498,https://www.twitch.tv/videos/2754362687
edf9e466820347828b0d2d10e5e9bb72,3510,230548,38,18,1441,https://www.youtube.com/watch?v=6hjmFo6UMdg,38,18,76,https://www.youtube.com/watch?v=swhM18bwAAg,178,24,1441,https://www.youtube.com/watch?v=6hjmFo6UMdg,488,0,0,0,
54b0131ceb734643b23b1eefee31cca0,3510,264448,137,114,137,https://www.youtube.com/watch?v=WuiWLuUlD1U,0,0,0,,137,114,137,https://www.youtube.com/watch?v=WuiWLuUlD1U,746,0,0,0,
07b9e0f7118446be96cc2d12f5d8ad02,3500,132414,0,0,0,,0,0,0,,0,0,0,,12207,643,236,643,https://www.twitch.tv/videos/2745349228
de362d2d371446d898953e74e27abd2a,3490,389221,138,133,2508,https://www.youtube.com/watch?v=f_iY5_sRV0o,119,105,748,https://www.youtube.com/watch?v=thWy9qbOdV4,256,145,2508,https://www.youtube.com/watch?v=f_iY5_sRV0o,0,0,0,0,
f45249f9d8094f9d85f6d02aec4af029,3490,773046,186,56,1497,https://www.youtube.com/watch?v=CKPciEaMGUQ,127,46,245,https://www.youtube.com/watch?v=LCE0k3KnJBs,1497,539,1497,https://www.youtube.com/watch?v=CKPciEaMGUQ,0,0,0,0,
8c25e14dcc3a4f71895d58924c69dc0a,3480,182249,109,96,109,https://www.youtube.com/watch?v=ZZ24ziSXXYY,109,96,109,https://www.youtube.com/watch?v=ZZ24ziSXXYY,0,0,0,,0,0,0,0,
4c34c44a98974b709f7dbc7618847fd6,3470,264683,635,291,1272,https://www.youtube.com/watch?v=tLxE71NIeIs,0,0,0,,635,291,1272,https://www.youtube.com/watch?v=tLxE71NIeIs,11566,1045,579,1431,https://www.twitch.tv/videos/2736335296
01ba034aab854ec680fe6f1ddc7008e2,3470,165660,93,40,153,https://www.youtube.com/watch?v=CeKAU02vGRE,93,40,153,https://www.youtube.com/watch?v=CeKAU02vGRE,0,0,0,,0,0,0,0,
9881cf3008684e55aea70a2499e84163,3470,405302,233,100,2116,https://www.youtube.com/watch?v=sj_pWIOEjU4,207,72,480,https://www.youtube.com/watch?v=mJkyv2sU1no,954,238,2116,https://www.youtube.com/watch?v=sj_pWIOEjU4,166,0,0,0,
7bf1f37dccbe4c72860c81a2772b91e1,3440,1537349,25,12,257,https://www.youtube.com/watch?v=jpeOIUil91g,21,12,51,https://www.youtube.com/watch?v=0G6Os3NyH9w,88,12,257,https://www.youtube.com/watch?v=jpeOIUil91g,65,0,0,0,
4d347ba9ca0c41c59cda553ebe4af5b1,3430,137765,80,41,91,https://www.youtube.com/watch?v=Y--Uk-AbcZA,80,41,91,https://www.youtube.com/watch?v=Y--Uk-AbcZA,0,0,0,,1243,0,0,0,
7748d3ab76f34e06abb9d116bb432de2,3420,62453,0,0,0,,0,0,0,,0,0,0,,1652,0,0,0,
9379ed7f979440218e22b8db58dd0dd1,3410,207960,350,77,450,https://www.youtube.com/watch?v=zL0mBIm5bx4,350,77,450,https://www.youtube.com/watch?v=zL0mBIm5bx4,0,0,0,,574,0,0,0,
4d01ec47d0804a47a9fef6d9d01d9c29,3390,88600,0,0,0,,0,0,0,,0,0,0,,2172,197,110,430,https://www.twitch.tv/videos/2753987338
70a7428607b845fc959fb7d4859d018b,3380,344086,0,0,0,,0,0,0,,0,0,0,,18634,0,0,0,
53d808d5b57f452a96d67861f3da1f8c,3380,124731,467,261,3739,https://www.youtube.com/watch?v=kiP5UFdC88E,439,252,886,https://www.youtube.com/watch?v=FBPkD1OtRiQ,1625,315,3739,https://www.youtube.com/watch?v=kiP5UFdC88E,221,0,0,0,
46145dc9eaab4a84898468905a4759b0,3370,76356,85,32,102,https://www.youtube.com/watch?v=YgGXH5W7NXs,0,0,0,,85,32,102,https://www.youtube.com/watch?v=YgGXH5W7NXs,0,0,0,0,
2ceecb98e47845eab5e3d8d33bd53895,3360,103738,182,65,203,https://www.youtube.com/watch?v=-7gJHuCWkAE,182,65,203,https://www.youtube.com/watch?v=-7gJHuCWkAE,0,0,0,,0,0,0,0,
9ad37d3249e24861bc8cb84368883258,3360,207053,64,35,3779,https://www.youtube.com/watch?v=ATAkX38BMYA,60,35,147,https://www.youtube.com/watch?v=X6jKmgUHv8c,1942,820,3779,https://www.youtube.com/watch?v=ATAkX38BMYA,0,0,0,0,
c485c46db92a4cda909347804da07153,3360,79862,79,38,150,https://www.youtube.com/watch?v=LtYcznA1GwY,79,38,150,https://www.youtube.com/watch?v=LtYcznA1GwY,0,0,0,,392,266,194,266,https://www.twitch.tv/videos/2754162903
8e249f04f6cb48bda24f1513a472f4d8,3350,269231,0,0,0,,0,0,0,,0,0,0,,0,0,0,0,
c7a3d726bb4243cabb70dfd1e9545cd0,3340,160659,105,55,200,https://www.youtube.com/watch?v=P-QV7BLm8GQ,105,55,200,https://www.youtube.com/watch?v=P-QV7BLm8GQ,0,0,0,,0,0,0,0,
0e8150c7419f4c1d94d8ccfb41a04280,3340,327538,0,0,0,,0,0,0,,0,0,0,,0,0,0,0,
e810dcd23c334fd184d254718517764e,3330,213047,54,28,93,https://www.youtube.com/watch?v=G1lRMrilAPA,54,28,93,https://www.youtube.com/watch?v=G1lRMrilAPA,0,0,0,,0,0,0,0,
dd0401d23f5444c69b9d10db3b22d444,3320,131955,140,35,1796,https://www.youtube.com/watch?v=Xmg8dkXs-Do,128,35,210,https://www.youtube.com/watch?v=374SwHXK06o,1796,1022,1796,https://www.youtube.com/watch?v=Xmg8dkXs-Do,24,0,0,0,
de7f8ba1753d4e4cb95e6ac99007eacc,3320,92583,228,99,928,https://www.youtube.com/watch?v=oIlAG2Oh90U,224,97,266,https://www.youtube.com/watch?v=17G4W91CDF4,928,505,928,https://www.youtube.com/watch?v=oIlAG2Oh90U,0,0,0,0,
8125f51f9526408790a77c1c7b4a053b,3320,101372,26,11,26,https://www.youtube.com/watch?v=Dt9Cy3gVSc0,0,0,0,,26,11,26,https://www.youtube.com/watch?v=Dt9Cy3gVSc0,3273,0,0,0,
288f2fba52bf4d6b9e0ba66e03439837,3300,52536,0,0,0,,0,0,0,,0,0,0,,2333,0,0,0,
f5a683eeac6b4936b44d547c1e4edbc2,3290,70633,166,107,1623,https://www.youtube.com/watch?v=tN-rwwaHjRM,156,93,303,https://www.youtube.com/watch?v=vgbLvVuDqdY,1033,871,1623,https://www.youtube.com/watch?v=tN-rwwaHjRM,119,36,27,48,https://www.twitch.tv/videos/2752556545
cb5ff5f1898a45b1bc27a32057a1fa91,3260,71833,0,0,0,,0,0,0,,0,0,0,,2176,0,0,0,
0f9d996c066a406dbe04161776c17461,3250,177183,134,78,518,https://www.youtube.com/watch?v=aJ6MfNFhinw,129,80,334,https://www.youtube.com/watch?v=ziW1UmTwtBw,488,66,518,https://www.youtube.com/watch?v=aJ6MfNFhinw,0,0,0,0,
0ac7e05c8a3842e7bd1401652ce2bf4f,3250,131370,83,25,103,https://www.youtube.com/watch?v=1tpNyJi-Feo,83,25,103,https://www.youtube.com/watch?v=1tpNyJi-Feo,0,0,0,,0,0,0,0,
5bbfc7c1b6584cef8c75f2f9044387d2,3240,294148,95,47,963,https://www.youtube.com/watch?v=_41kUnRy6xI,92,46,150,https://www.youtube.com/watch?v=g-Yox_MwHII,631,283,963,https://www.youtube.com/watch?v=_41kUnRy6xI,0,0,0,0,
74ef34317983453ab86223490eba4f6e,3230,112088,441,138,549,https://www.youtube.com/watch?v=eAWuiQDkTX8,441,138,549,https://www.youtube.com/watch?v=eAWuiQDkTX8,0,0,0,,171,0,0,0,
30f59fd702d5417c9225bc729bf7ec32,3220,266576,119,48,298,https://www.youtube.com/watch?v=1Ah3SXZeL6g,115,67,298,https://www.youtube.com/watch?v=1Ah3SXZeL6g,219,3,219,https://www.youtube.com/watch?v=4b3Na3opVc0,0,0,0,0,
5b85294949544a5f8855715acadf66a5,3220,109897,211,87,433,https://www.youtube.com/watch?v=YeaXgUdnAvs,211,87,433,https://www.youtube.com/watch?v=YeaXgUdnAvs,0,0,0,,1941,406,311,468,https://www.twitch.tv/videos/2752632808
886f64b4a0504b9fbe5e4687b92f6584,3220,186196,67,31,451,https://www.youtube.com/watch?v=hXOogXMdp6o,311,173,451,https://www.youtube.com/watch?v=hXOogXMdp6o,39,23,430,https://www.youtube.com/watch?v=4ej_QFBeetY,152,30,24,39,https://www.twitch.tv/videos/2758121886
72edc688855047cbbbe495e3f2af9fda,3200,122310,226,115,2758,https://www.youtube.com/watch?v=ikVlqBhpQFs,147,82,281,https://www.youtube.com/watch?v=AYGMhI5AVs0,1559,585,2758,https://www.youtube.com/watch?v=ikVlqBhpQFs,0,0,0,0,
96be1e561acd4a75817c6424d9d4f9f0,3200,135709,0,0,0,,0,0,0,,0,0,0,,4175,250,161,333,https://www.twitch.tv/videos/2752650659
8282a91b3aae44d3a075d08507665f4e,3200,58832,54,32,57,https://www.youtube.com/watch?v=1euzCMDFIbc,54,32,57,https://www.youtube.com/watch?v=1euzCMDFIbc,0,0,0,,0,0,0,0,
63f727e673b9460abd6f7079bcbb1865,3190,210011,238,152,1574,https://www.youtube.com/watch?v=W_ViksuVfQM,238,152,594,https://www.youtube.com/watch?v=q3RyCjrd7Ok,185,133,1574,https://www.youtube.com/watch?v=W_ViksuVfQM,0,0,0,0,
8a86c4d0f4ce462a92c6bf09c027e432,3190,2896847,0,0,0,,0,0,0,,0,0,0,,161,0,0,0,
1140618a96154395909d53257bffe0e6,3180,151087,103,26,201,https://www.youtube.com/watch?v=BcUMSafOYIc,103,26,201,https://www.youtube.com/watch?v=BcUMSafOYIc,0,0,0,,255,313,176,513,https://www.twitch.tv/videos/2750092903
dba1db65ba874e18a33d8465d52d8f2e,3180,112312,48,15,81,https://www.youtube.com/watch?v=R1SKcGQA6x8,48,15,81,https://www.youtube.com/watch?v=R1SKcGQA6x8,0,0,0,,0,0,0,0,
a55a6a4b6453413cb8b1dc69423b67d5,3180,389758,285,97,2352,https://www.youtube.com/watch?v=SGA5JfSmYF0,262,97,1475,https://www.youtube.com/watch?v=qXHIZybRWFo,1319,115,2352,https://www.youtube.com/watch?v=SGA5JfSmYF0,0,0,0,0,
bcbf00e1e98b4d5e8af20f29adbb0645,3170,200767,57,29,79,https://www.youtube.com/watch?v=TvhZhtMDD9Y,57,29,79,https://www.youtube.com/watch?v=TvhZhtMDD9Y,0,0,0,,0,0,0,0,
eb159df5d55b4730ab2955c5e2638e3f,3160,104036,121,104,139,https://www.youtube.com/watch?v=SKuo4L-GitI,121,104,139,https://www.youtube.com/watch?v=SKuo4L-GitI,0,0,0,,0,0,0,0,
38391974f5af4fbbb6224e3d6f2f7fb3,3160,191965,0,0,0,,0,0,0,,0,0,0,,6386,412,280,528,https://www.twitch.tv/videos/2756664312
bddcd7d262a2434f9b6d77150fbbc72c,3160,44157,0,0,0,,0,0,0,,0,0,0,,0,0,0,0,
63f45366143549d8a2d26406445e0077,3150,150888,0,0,0,,0,0,0,,0,0,0,,0,0,0,0,
3430201d0e1f4672a58faf16ee0f2761,3150,107784,176,129,209,https://www.youtube.com/watch?v=NQLwk6JjJDA,176,129,209,https://www.youtube.com/watch?v=NQLwk6JjJDA,0,0,0,,1357,109,90,121,https://www.twitch.tv/videos/2753491559
f466201465ac40ef9f3aefc9b08a39d1,3150,215825,420,201,1331,https://www.youtube.com/watch?v=fhC6CZaS6x8,401,200,1099,https://www.youtube.com/watch?v=UDqL-rOIx1U,1331,213,1331,https://www.youtube.com/watch?v=fhC6CZaS6x8,2282,941,434,1425,https://www.twitch.tv/videos/2743436206
5da1b6db7796434f9180d2f5e210ea6c,3150,216945,150,52,2584,https://www.youtube.com/watch?v=3LSTfYKHjF4,125,47,2584,https://www.youtube.com/watch?v=3LSTfYKHjF4,622,362,2417,https://www.youtube.com/watch?v=C971mt3YLFE,0,0,0,0,
1756e5a7f5a04ff6a7b5f482201b5cfc,3150,71413,0,0,0,,0,0,0,,0,0,0,,24630,2456,743,8580,https://www.twitch.tv/videos/2738480305
7c6d1a181c90471887696ff9637aed03,3150,145283,0,0,0,,0,0,0,,0,0,0,,0,0,0,0,
d2f9e9b19102408bbef636a6458934e6,3130,545510,411,197,999,https://www.youtube.com/watch?v=TWsrJ8O_p7c,411,197,999,https://www.youtube.com/watch?v=TWsrJ8O_p7c,0,0,0,,173,0,0,0,
7e8fe40622974698a75d14d78006e009,3120,202840,1783,451,2638,https://www.youtube.com/watch?v=c-ZPPvK3yaE,261,148,265,https://www.youtube.com/watch?v=45xEDqdCRk0,2178,1050,2638,https://www.youtube.com/watch?v=c-ZPPvK3yaE,2301,487,326,660,https://www.twitch.tv/videos/2758813685
f9444f6d790344a4a51a301110665229,3120,145258,105,38,154,https://www.youtube.com/watch?v=II5kurOe8fc,105,38,154,https://www.youtube.com/watch?v=II5kurOe8fc,0,0,0,,0,0,0,0,
67ba07d1ace445328c13bfb9d612d564,3110,108906,288,136,1691,https://www.youtube.com/watch?v=dzEVZYmN2Xk,288,121,1691,https://www.youtube.com/watch?v=dzEVZYmN2Xk,672,237,1396,https://www.youtube.com/watch?v=5BFQcf46Y-s,0,0,0,0,
b3f711673fea4ec5b6f87c023353594d,3110,217292,66,36,1134,https://www.youtube.com/watch?v=YaFCYeVPLw4,65,31,68,https://www.youtube.com/watch?v=LT7atn5o3w4,1134,872,1134,https://www.youtube.com/watch?v=YaFCYeVPLw4,0,0,0,0,
9af612c3f872434cad1ba2e5dcbfaec8,3100,1124895,258,110,2267,https://www.youtube.com/watch?v=BJnuS0vfp28,258,110,2267,https://www.youtube.com/watch?v=BJnuS0vfp28,0,0,0,,0,0,0,0,
da189f9d282e4c31a4a8024d11fe368d,3100,134879,133,82,255,https://www.youtube.com/watch?v=dPuTkTDsANE,133,82,255,https://www.youtube.com/watch?v=dPuTkTDsANE,0,0,0,,0,0,0,0,
c28d59f83d9345de91d208cf7732bac5,3080,90023,0,0,0,,0,0,0,,0,0,0,,0,0,0,0,
ea62d2e6bc854e7a81b01a2362be310f,3080,201361,0,0,0,,0,0,0,,0,0,0,,336,0,0,0,
f3085e3337f34b178380b52e3ca429af,3080,144931,364,171,3018,https://www.youtube.com/watch?v=sGUrw9AvqUs,364,171,3018,https://www.youtube.com/watch?v=sGUrw9AvqUs,0,0,0,,1003,0,0,0,
4e4721deba7c4681b1172714a29e6f19,3070,237260,3782,1324,7552,https://www.youtube.com/watch?v=DgPvV_auHAE,0,0,0,,3782,1324,7552,https://www.youtube.com/watch?v=DgPvV_auHAE,0,0,0,0,
06e9953eb191486d979e6b92b6601d9a,3060,1170866,0,0,0,,0,0,0,,0,0,0,,2238,0,0,0,
cbba76fd34d74307a9f826e03b8e4db5,3050,127068,352,110,1391,https://www.youtube.com/watch?v=cq33bHE7-Sg,348,111,651,https://www.youtube.com/watch?v=S2i3mnV6SEM,582,75,1391,https://www.youtube.com/watch?v=cq33bHE7-Sg,391,134,81,188,https://www.twitch.tv/videos/2749678699
3d23ff5303d54cc58e5a69aa53b1db50,3040,370233,229,67,2020,https://www.youtube.com/watch?v=6M64C2md79Q,229,67,2020,https://www.youtube.com/watch?v=6M64C2md79Q,0,0,0,,0,0,0,0,
9643c650b1804107b85de1f08010aa9d,3030,314169,179,100,551,https://www.youtube.com/watch?v=e_ocTqUNqNI,172,103,551,https://www.youtube.com/watch?v=e_ocTqUNqNI,186,7,186,https://www.youtube.com/watch?v=_dUnCCzLlP4,795,203,151,653,https://www.twitch.tv/videos/2756691386
73675987096b486287784fc466b881be,3010,98531,297,168,2310,https://www.youtube.com/watch?v=C38DV1Mpot4,291,168,584,https://www.youtube.com/watch?v=BIsdr7WFHAU,1776,442,2310,https://www.youtube.com/watch?v=C38DV1Mpot4,0,0,0,0,
89036aadc62d496aa73c0a0076d67f41,2990,103674,63,42,188,https://www.youtube.com/watch?v=odzckxEBuEU,63,42,188,https://www.youtube.com/watch?v=odzckxEBuEU,0,0,0,,2972,148,99,196,https://www.twitch.tv/videos/2749386683
99d1a2e0c8c047d2ad998e02d4dd9621,2960,103792,0,0,0,,0,0,0,,0,0,0,,0,0,0,0,
b1bfaed0ed7f4ca9ae96c017159efe77,2930,312117,66,37,475,https://www.youtube.com/watch?v=JqqqvE2WdeY,65,36,475,https://www.youtube.com/watch?v=JqqqvE2WdeY,307,44,351,https://www.youtube.com/watch?v=uPmOErGM_Dc,113,0,0,0,
451ce18d28ff493e8238df85858dfb02,2930,261301,2582,1376,7472,https://www.youtube.com/watch?v=7TZMkOh38Do,0,0,0,,2582,1376,7472,https://www.youtube.com/watch?v=7TZMkOh38Do,2151,342,300,595,https://www.twitch.tv/videos/2753494671
6443d56896a848dd820e339b5f81e292,2930,94025,34,31,34,https://www.youtube.com/watch?v=xpvQ0cz-68I,0,0,0,,34,31,34,https://www.youtube.com/watch?v=xpvQ0cz-68I,4544,418,348,418,https://www.twitch.tv/videos/2756608420
20b40bdf50604e2198a3c964dd86d31c,2930,45165,0,0,0,,0,0,0,,0,0,0,,488,0,0,0,
3ffbac2f7ae8478ca7b33d400d6e657e,2930,33719,0,0,0,,0,0,0,,0,0,0,,0,0,0,0,
60ff50e95399472b96a6fbe83d75e806,2920,133424,342,171,2053,https://www.youtube.com/watch?v=IYbpD1UC9t4,306,158,858,https://www.youtube.com/watch?v=BSYQjmTHfI0,367,194,2053,https://www.youtube.com/watch?v=IYbpD1UC9t4,417,455,330,775,https://www.twitch.tv/videos/2752735533
f94ba8ea1a5441c4852d53e8f528ee20,2920,216604,385,108,4105,https://www.youtube.com/watch?v=STLIgVsRrmA,330,89,567,https://www.youtube.com/watch?v=uoZOqi0U-cg,2984,1986,4105,https://www.youtube.com/watch?v=STLIgVsRrmA,582,0,0,0,
1901cef25e9940e7b3da42d3c189cada,2920,64829,0,0,0,,0,0,0,,0,0,0,,0,0,0,0,
9c64ee54cc094bf7931398eaf0c072d6,2920,193013,0,0,0,,0,0,0,,0,0,0,,2267,428,299,548,https://www.twitch.tv/videos/2755824453
fd81a8861669442ca49c50bc4cfd4b5e,2910,181540,207,85,317,https://www.youtube.com/watch?v=ipj-MdtW8nM,207,85,317,https://www.youtube.com/watch?v=ipj-MdtW8nM,0,0,0,,0,0,0,0,
d539588cfa344f67965bb1dea41b9140,2900,244407,263,133,2924,https://www.youtube.com/watch?v=kD8zyGXFrLE,245,114,571,https://www.youtube.com/watch?v=JTCSMzXsbYo,2063,807,2924,https://www.youtube.com/watch?v=kD8zyGXFrLE,0,0,0,0,
4f917f1ccdd74d34a3746c379282b6fe,2900,245400,789,315,1547,https://www.youtube.com/watch?v=LfPRmtTbafI,0,0,0,,789,315,1547,https://www.youtube.com/watch?v=LfPRmtTbafI,2036,479,443,1389,https://www.twitch.tv/videos/2755442163
4e48e10b3c2f439c934b1db25679b972,2890,313013,656,242,971,https://www.youtube.com/watch?v=3f6OjR0-n1E,656,242,971,https://www.youtube.com/watch?v=3f6OjR0-n1E,0,0,0,,0,0,0,0,
7da08de1840847b99c6fe9a44a1ca0ac,2890,71731,0,0,0,,0,0,0,,0,0,0,,0,0,0,0,
6417469030e943748dfdba4ee26a08e4,2860,0,0,0,0,,0,0,0,,0,0,0,,1087,0,0,0,
677ae7ec361d4d3c9981bca8fbb974c8,2860,82805,0,0,0,,0,0,0,,0,0,0,,388,0,0,0,
6b43c568bdf044e4a4ae0bae0cb9fff2,2850,75326,866,459,18153,https://www.youtube.com/watch?v=pYMAG1AKMkw,488,63,516,https://www.youtube.com/watch?v=jIc53XOwB4c,957,485,18153,https://www.youtube.com/watch?v=pYMAG1AKMkw,0,0,0,0,
91919c2ad07a4db88e0b4cfbc1739940,2850,23483,0,0,0,,0,0,0,,0,0,0,,2715,687,501,3730,https://www.twitch.tv/videos/2750251745
445a732fc0f64712b3213b4cd98fbdd3,2840,83972,201,135,1325,https://www.youtube.com/watch?v=DHbiIwmpc7E,194,122,1325,https://www.youtube.com/watch?v=DHbiIwmpc7E,1194,818,1213,https://www.youtube.com/watch?v=6QtoQ_Jha18,801,508,417,1108,https://www.twitch.tv/videos/2752735347
b79ac08a857c4553921c04c3b14b89ea,2830,191411,406,124,406,https://www.youtube.com/watch?v=aK0hfR0jqoI,0,0,0,,406,124,406,https://www.youtube.com/watch?v=aK0hfR0jqoI,500,0,0,0,
275aaf8046a144198dee96d20bce8b1a,2830,67162,194,131,194,https://www.youtube.com/watch?v=LIArI4Y031g,194,131,194,https://www.youtube.com/watch?v=LIArI4Y031g,0,0,0,,0,0,0,0,
b606cde735d84b45ab96489d7a9997dd,2830,183471,43,26,183,https://www.youtube.com/watch?v=Q5bf1VG1Ktc,45,25,183,https://www.youtube.com/watch?v=Q5bf1VG1Ktc,34,32,34,https://www.youtube.com/watch?v=gV6YKJyItJk,225,0,0,0,
11dd1f817a6b4c80a066aedd8e0fa419,2830,86432,0,0,0,,0,0,0,,0,0,0,,0,0,0,0,
cd4c94db2aed435794cc7e55999016e7,2820,120236,60,30,69,https://www.youtube.com/watch?v=rO7HklqdySk,60,30,69,https://www.youtube.com/watch?v=rO7HklqdySk,0,0,0,,347,36,19,79,https://www.twitch.tv/videos/2759119302
8402646577b24bd5918bda8690e790b4,2810,350878,0,0,0,,0,0,0,,0,0,0,,1834,292,244,563,https://www.twitch.tv/videos/2751764153
32a08f858ffb4d6aba0624647cf8cf2d,2810,118629,101,52,459,https://www.youtube.com/watch?v=5h7jgo0xNWo,96,43,342,https://www.youtube.com/watch?v=5BAp_eI9PGU,359,263,459,https://www.youtube.com/watch?v=5h7jgo0xNWo,0,0,0,0,
118c05e7f751446abee5fc827fda0215,2800,832456,84,47,588,https://www.youtube.com/watch?v=ztCY0qikJxM,84,47,588,https://www.youtube.com/watch?v=ztCY0qikJxM,0,0,0,,0,0,0,0,
70f1d3ae590e4f2184f695fd2140010c,2800,693482,0,0,0,,0,0,0,,0,0,0,,0,0,0,0,
44f1d1ad14034bd3949ad6f84624f0e4,2790,223962,142,40,1635,https://www.youtube.com/watch?v=c30_4-T-gjs,68,20,443,https://www.youtube.com/watch?v=5d8MqLywL1U,1313,486,1635,https://www.youtube.com/watch?v=c30_4-T-gjs,2724,932,864,932,https://www.twitch.tv/videos/2758932343
d9205a7681c74bacae6e0c413aff1ab1,2790,83818,0,0,0,,0,0,0,,0,0,0,,0,0,0,0,
339b4a73ce92470c97b1626405d5eb5b,2790,90284,0,0,0,,0,0,0,,0,0,0,,424,0,0,0,
76165d25983b463eaa1da66c86a32b7c,2790,38796,0,0,0,,0,0,0,,0,0,0,,757,24,16,141,https://www.twitch.tv/videos/2751083986
15b52ca3f3b5410cb2bb305d2bb737c4,2780,190691,36,18,1468,https://www.youtube.com/watch?v=GpAd8BKWRoQ,29,11,40,https://www.youtube.com/watch?v=OCKWNaKfRgc,1248,328,1468,https://www.youtube.com/watch?v=GpAd8BKWRoQ,1193,259,175,301,https://www.twitch.tv/videos/2751856101
aa9fa329d639488dbb860b8f8b3235f8,2780,151625,1202,633,1719,https://www.youtube.com/watch?v=f1jh43K3GTQ,1202,633,1719,https://www.youtube.com/watch?v=f1jh43K3GTQ,0,0,0,,4591,1365,661,1748,https://www.twitch.tv/videos/2743048029
40aa59fe29c64def89ab5fdce90b89ae,2780,1927515,53,4,98,https://www.youtube.com/watch?v=5yGQqYjncFY,49,4,98,https://www.youtube.com/watch?v=5yGQqYjncFY,59,4,68,https://www.youtube.com/watch?v=6HySqlf6RXA,0,0,0,0,
2875db54b5d74d01b301d63d36dd6fbf,2780,65023,166,129,166,https://www.youtube.com/watch?v=KP81Va7pplo,166,129,166,https://www.youtube.com/watch?v=KP81Va7pplo,0,0,0,,0,0,0,0,
bbd618a3874d4ae2ba5af36a23bc1914,2780,69086,0,0,0,,0,0,0,,0,0,0,,13374,2191,1008,5595,https://www.twitch.tv/videos/2737859040
d210d8dfc0ec4a97907b9cebb5413ae3,2780,125548,0,0,0,,0,0,0,,0,0,0,,0,0,0,0,
2f607aefde1d4264814d4e9282dd5cb0,2770,139252,130,85,1081,https://www.youtube.com/watch?v=jOz3RjkjQXk,129,78,149,https://www.youtube.com/watch?v=K5rSRxMnjYs,1081,997,1081,https://www.youtube.com/watch?v=jOz3RjkjQXk,263,0,0,0,
accb26f2db2746e898b68ab07dd3c5bc,2770,181456,69,34,123,https://www.youtube.com/watch?v=WonRepN0a5g,69,34,123,https://www.youtube.com/watch?v=WonRepN0a5g,0,0,0,,860,36,24,66,https://www.twitch.tv/videos/2756562444
e9c48535f2af4f638e5a4c54ffa7862c,2760,148426,32,13,34,https://www.youtube.com/watch?v=WzDfhDn0T7Q,32,13,34,https://www.youtube.com/watch?v=WzDfhDn0T7Q,0,0,0,,0,0,0,0,
fe5e2d95569c47f29e863a8212ed7c60,2750,83242,0,0,0,,0,0,0,,0,0,0,,4721,1947,1187,1947,https://www.twitch.tv/videos/2751230281
d55860f26114410c97af27ba1269e3ed,2750,144363,179,83,308,https://www.youtube.com/watch?v=fkWWb-OYq_4,179,83,308,https://www.youtube.com/watch?v=fkWWb-OYq_4,0,0,0,,1571,208,175,339,https://www.twitch.tv/videos/2751769971
fc90561b03104438b6e8f657a28574ce,2750,125417,345,200,1470,https://www.youtube.com/watch?v=sbeQxNvZJdY,308,168,792,https://www.youtube.com/watch?v=g0Lwc62ZrDA,1366,1280,1470,https://www.youtube.com/watch?v=sbeQxNvZJdY,0,0,0,0,
2463286fd3154219afa631c73d178147,2740,351984,185,62,382,https://www.youtube.com/watch?v=MizpY9Ap6L4,189,65,382,https://www.youtube.com/watch?v=MizpY9Ap6L4,108,3,108,https://www.youtube.com/watch?v=OV7eZw6Iprc,0,0,0,0,
d2b1ba87da034210bbe54bfa1c01bc41,2730,60406,73,7,73,https://www.youtube.com/watch?v=Z9eaDTcjPX4,0,0,0,,73,7,73,https://www.youtube.com/watch?v=Z9eaDTcjPX4,8773,194,93,261,https://www.twitch.tv/videos/2753268644
c377cbfa47984f0ba9242b1f6e3dfc75,2720,25774,0,0,0,,0,0,0,,0,0,0,,2713,0,0,0,
e4bea3dcc8934426a57516d4d6b373f4,2720,134542,629,484,1652,https://www.youtube.com/watch?v=hwrWF8BV69I,0,0,0,,629,484,1652,https://www.youtube.com/watch?v=hwrWF8BV69I,5941,710,284,2152,https://www.twitch.tv/videos/2757494264
652d06b0251940bea32cd69dec3057e6,2720,1455,133,37,133,https://www.youtube.com/watch?v=7AxDv1VPW28,133,37,133,https://www.youtube.com/watch?v=7AxDv1VPW28,0,0,0,,411,0,0,0,
0a20931c68dc49c8bd08eda1486193d8,2700,67939,0,0,0,,0,0,0,,0,0,0,,1418,0,0,0,
965bb7d47d0243839535d38bc1bc66cc,2700,62075,0,0,0,,0,0,0,,0,0,0,,0,0,0,0,
7b40a7a144da4408b8de712c740e60dc,2690,131411,115,42,2267,https://www.youtube.com/watch?v=i5Gx4lltrTw,0,0,0,,115,42,2267,https://www.youtube.com/watch?v=i5Gx4lltrTw,0,0,0,0,
c2f77009b4264e3fa09aa054c89bb40c,2680,87144,143,67,186,https://www.youtube.com/watch?v=enV0xKmBrGI,143,67,186,https://www.youtube.com/watch?v=enV0xKmBrGI,0,0,0,,127,0,0,0,
1fdc000815cc476dbc9d19aa431305b5,2680,73072,80,49,406,https://www.youtube.com/watch?v=_BsJvYQC0pM,80,49,406,https://www.youtube.com/watch?v=_BsJvYQC0pM,0,0,0,,0,0,0,0,
4bbc9414c3184dfa9aeab5fcdfd87089,2680,4364,0,0,0,,0,0,0,,0,0,0,,0,0,0,0,
662341d52a8e413d8fe661c8da9470f0,2680,42868,0,0,0,,0,0,0,,0,0,0,,0,0,0,0,
75e0561f549f4775b90601a9d308340a,2670,67826,54,28,74,https://www.youtube.com/watch?v=pc6UmoxDWlw,54,28,74,https://www.youtube.com/watch?v=pc6UmoxDWlw,0,0,0,,0,0,0,0,
4dd71b1079284bdb8ba90198317e524d,2670,164544,142,21,281,https://www.youtube.com/watch?v=wCws5X3zSIk,281,15,281,https://www.youtube.com/watch?v=wCws5X3zSIk,81,67,142,https://www.youtube.com/watch?v=ATYHVK0Sgxw,0,0,0,0,
b256a399ae7a49e18208455d29c2eb12,2660,411268,45,26,105,https://www.youtube.com/watch?v=RxeAPsOkKiA,45,26,105,https://www.youtube.com/watch?v=RxeAPsOkKiA,0,0,0,,1219,68,46,93,https://www.twitch.tv/videos/2755104246
62f37fa0a2f44083945f03db36e50dff,2650,52473,111,52,1851,https://www.youtube.com/watch?v=o1I_95Vmb2Q,111,52,1851,https://www.youtube.com/watch?v=o1I_95Vmb2Q,0,0,0,,0,0,0,0,
9f7bf6b3d935460e83896a0fe28012e9,2650,107612,694,193,3101,https://www.youtube.com/watch?v=_7C7zS82r7U,141,89,373,https://www.youtube.com/watch?v=Q7ouTG9gYb8,1312,513,3101,https://www.youtube.com/watch?v=_7C7zS82r7U,1693,348,290,448,https://www.twitch.tv/videos/2752592668
0bef54320f364c5a9289fceac64c5411,2640,78642,0,0,0,,0,0,0,,0,0,0,,155,9,7,382,https://www.twitch.tv/videos/2755864237
85ec3eac9fef49dcb3aeee87520a5b85,2640,112956,240,117,1581,https://www.youtube.com/watch?v=Y-jjcbxQwuo,240,133,451,https://www.youtube.com/watch?v=tCug833EKj8,852,76,1581,https://www.youtube.com/watch?v=Y-jjcbxQwuo,0,0,0,0,
4a64836a88024358a7401530fed8e0f8,2640,351444,57,39,143,https://www.youtube.com/watch?v=cKiOjC8ilKo,57,39,143,https://www.youtube.com/watch?v=cKiOjC8ilKo,0,0,0,,6170,412,316,687,https://www.twitch.tv/videos/2746144775
6c4992a47ccc4c3bb997d3c49ddc2ec8,2630,70409,0,0,0,,0,0,0,,0,0,0,,757,29,23,30,https://www.twitch.tv/videos/2757550606
a577528125314beab91d127043218bb2,2630,119070,0,0,0,,0,0,0,,0,0,0,,0,0,0,0,
53335d77cc69488c8b49ec97548c3297,2620,25831,518,300,751,https://www.youtube.com/watch?v=34WmpPXp0gw,465,296,751,https://www.youtube.com/watch?v=34WmpPXp0gw,642,580,642,https://www.youtube.com/watch?v=GROXg3olfeY,0,0,0,0,
853be9569c0e446eaa5c5059642ea63b,2620,141598,247,83,1632,https://www.youtube.com/watch?v=8ptno4fIZiE,222,81,791,https://www.youtube.com/watch?v=SCJEWLWViN4,1605,357,1632,https://www.youtube.com/watch?v=8ptno4fIZiE,89,0,0,0,
d95e3d9eed1a4e87a736a882a1fb9288,2600,244088,85,21,85,https://www.youtube.com/watch?v=tcSHs6Iek7o,85,21,85,https://www.youtube.com/watch?v=tcSHs6Iek7o,0,0,0,,77,0,0,0,
407d2bd02ef04b9ea28e5189383942be,2600,120228,85,57,287,https://www.youtube.com/watch?v=2wd8-5X2fDY,77,45,287,https://www.youtube.com/watch?v=2wd8-5X2fDY,86,68,86,https://www.youtube.com/watch?v=BYjRdW_mo3g,448,285,220,517,https://www.twitch.tv/videos/2756200068
f4da0eee989545d2ade906b022a50e8c,2600,192926,36,13,39,https://www.youtube.com/watch?v=M0NasVKRrQI,36,13,39,https://www.youtube.com/watch?v=M0NasVKRrQI,0,0,0,,3884,359,299,366,https://www.twitch.tv/videos/2751084554
bac6a676ace94e759d9faaaed94ce1b1,2590,128795,185,50,304,https://www.youtube.com/watch?v=2FahbMofp4E,155,54,304,https://www.youtube.com/watch?v=2FahbMofp4E,185,26,185,https://www.youtube.com/watch?v=VCowNtHLEtM,0,0,0,0,
60234dcffd2b42f097a78aaf121d410f,2590,61632,105,61,105,https://www.youtube.com/watch?v=k-4u8h5hW2g,105,61,105,https://www.youtube.com/watch?v=k-4u8h5hW2g,0,0,0,,220,0,0,0,
0a178f2c7b994a4ea8eb845ebd489a5a,2590,144599,71,30,2440,https://www.youtube.com/watch?v=MnI6iva-WWc,71,30,109,https://www.youtube.com/watch?v=Myl814wmxeg,1227,705,2440,https://www.youtube.com/watch?v=MnI6iva-WWc,204,0,0,0,
d576c2396a004f3c8dd91baf14254898,2580,83277,39,10,94,https://www.youtube.com/watch?v=42zHkspKzJQ,39,10,94,https://www.youtube.com/watch?v=42zHkspKzJQ,0,0,0,,2859,154,105,191,https://www.twitch.tv/videos/2753439512
b8c13d7702844995a0b4a66eda4d31bc,2580,94562,6,3,15,https://www.youtube.com/watch?v=CRi2HgivTkY,0,0,0,,6,3,15,https://www.youtube.com/watch?v=CRi2HgivTkY,1532,117,66,197,https://www.twitch.tv/videos/2749372034
f96c65701df94732853d86ffd893081e,2580,74210,195,29,269,https://www.youtube.com/watch?v=P7mdp_g9YYE,232,71,269,https://www.youtube.com/watch?v=P7mdp_g9YYE,31,11,31,https://www.youtube.com/watch?v=NVXxe-K7Rsg,0,0,0,0,
c396dafdab3547259c0447ff82f278c2,2580,143762,438,227,3528,https://www.youtube.com/watch?v=kdnshB7HJRw,372,184,1571,https://www.youtube.com/watch?v=s2d0tR9WXEI,1690,712,3528,https://www.youtube.com/watch?v=kdnshB7HJRw,212,67,62,96,https://www.twitch.tv/videos/2756674091
3896e47ba9f64b7082eee3980734ab14,2570,285393,135,82,155,https://www.youtube.com/watch?v=f1zSk5sZylc,135,82,155,https://www.youtube.com/watch?v=f1zSk5sZylc,0,0,0,,0,0,0,0,
02168475e7ca4234b57d53f495bf3bbc,2570,151501,60,29,105,https://www.youtube.com/watch?v=oi3wqCbRYDE,60,29,105,https://www.youtube.com/watch?v=oi3wqCbRYDE,0,0,0,,0,0,0,0,
5b40a93fac8646f48fca66add3d3642c,2570,212979,203,94,1254,https://www.youtube.com/watch?v=c1MuyfQbRFw,188,91,305,https://www.youtube.com/watch?v=mflPy2_6cdE,1254,173,1254,https://www.youtube.com/watch?v=c1MuyfQbRFw,0,0,0,0,
7c147c43030b44b9ae244d82c387c82a,2570,75900,50,28,1348,https://www.youtube.com/watch?v=ljrOvsGbz9k,41,25,67,https://www.youtube.com/watch?v=PcKQ4YsJ1oI,896,779,1348,https://www.youtube.com/watch?v=ljrOvsGbz9k,0,0,0,0,
a429c3010da544bab919814a3ea472a4,2550,86125,0,0,0,,0,0,0,,0,0,0,,2871,174,155,246,https://www.twitch.tv/videos/2756687468
96ff628d2280470b833174c32200a749,2550,53194,241,88,590,https://www.youtube.com/watch?v=96NuZpuW1zE,241,88,590,https://www.youtube.com/watch?v=96NuZpuW1zE,0,0,0,,0,0,0,0,
c40a8ff66b3348dc8459766b74846feb,2540,1440,0,0,0,,0,0,0,,0,0,0,,1934,0,0,0,
a960b283b1124f44bc4bf2a16199977a,2530,107272,0,0,0,,0,0,0,,0,0,0,,4804,0,0,0,
7653119a278b4ea59d2af5e2ba7d30e0,2530,116437,136,29,140,https://www.youtube.com/watch?v=ZKr65QPci6s,136,29,140,https://www.youtube.com/watch?v=ZKr65QPci6s,0,0,0,,0,0,0,0,
e68bb26e386a4d49a2f521f8abc83376,2520,0,0,0,0,,0,0,0,,0,0,0,,3524,0,0,0,
c0ea5a6a7ede42fca6f3c6c87fc9d72e,2520,121644,258,144,797,https://www.youtube.com/watch?v=bbkmm5S3D_M,258,144,797,https://www.youtube.com/watch?v=bbkmm5S3D_M,0,0,0,,0,0,0,0,
83e0f3520699474ba7f017e5e4388a5f,2520,50923,0,0,0,,0,0,0,,0,0,0,,0,0,0,0,
75a90497bfc2480f954c276b70f7b1c3,2520,188270,53,4,53,https://www.youtube.com/watch?v=9IrJbwxeDFg,53,4,53,https://www.youtube.com/watch?v=9IrJbwxeDFg,0,0,0,,7013,0,0,0,
87968861d5794c01bfce46d51c8abfc7,2490,24876,0,0,0,,0,0,0,,0,0,0,,0,0,0,0,
284024f40bb34b429debb78e7dbf3391,2490,60941,0,0,0,,0,0,0,,0,0,0,,0,0,0,0,
7a93714b53274fbaad48bef3b409d458,2490,200631,233,64,517,https://www.youtube.com/watch?v=qdkOWZnQ_Ik,233,64,517,https://www.youtube.com/watch?v=qdkOWZnQ_Ik,0,0,0,,0,0,0,0,
891c39f050e048aebafaafc90a1c4cbd,2480,54181,301,145,495,https://www.youtube.com/watch?v=df8b-5EYMOw,233,117,301,https://www.youtube.com/watch?v=n09QO_FuKkg,495,145,495,https://www.youtube.com/watch?v=df8b-5EYMOw,0,0,0,0,
b19d58b07131413a92b4bd16e37e8e38,2470,11607,0,0,0,,0,0,0,,0,0,0,,0,0,0,0,
9767904fedef42febaa98e9162973356,2460,561266,182,61,3006,https://www.youtube.com/watch?v=AIQwXQpDqro,170,38,599,https://www.youtube.com/watch?v=M5W52nlZaQQ,492,290,3006,https://www.youtube.com/watch?v=AIQwXQpDqro,0,0,0,0,
889bc532fb85455bae33baf0aa7ec003,2460,201820,45,33,126,https://www.youtube.com/watch?v=E5Jtp55ocMM,45,33,126,https://www.youtube.com/watch?v=E5Jtp55ocMM,0,0,0,,0,0,0,0,
a0c76cedf0e346a18586077a38f302d8,2450,107609,0,0,0,,0,0,0,,0,0,0,,173,0,0,0,
c8c0ab1d59fb4608ab1e460e946fa88a,2450,113767,109,39,1463,https://www.youtube.com/watch?v=JwiZmMjM74Y,83,39,179,https://www.youtube.com/watch?v=zXY2lNFcBA0,832,184,1463,https://www.youtube.com/watch?v=JwiZmMjM74Y,0,0,0,0,
db6b14a0319e4f639bfcf8d4309c064d,2440,336361,293,94,528,https://www.youtube.com/watch?v=IPEkF5jbjJo,0,0,0,,293,94,528,https://www.youtube.com/watch?v=IPEkF5jbjJo,3275,456,289,948,https://www.twitch.tv/videos/2756201436
9c913230c732455c9604dae9ebcfa64e,2430,115959,25,2,1217,https://www.youtube.com/watch?v=oh0YM45P970,28,5,28,https://www.youtube.com/watch?v=LQG3rrFXHHE,14,1,1217,https://www.youtube.com/watch?v=oh0YM45P970,1262,197,187,198,https://www.twitch.tv/videos/2758997539
352894d7c4eb4c9f87e248eae450183a,2430,297922,156,72,1698,https://www.youtube.com/watch?v=JgHuQ5avXp0,188,74,441,https://www.youtube.com/watch?v=ATBzfjn-Y14,123,60,1698,https://www.youtube.com/watch?v=JgHuQ5avXp0,0,0,0,0,
86957fa57641453e9fcb73550e58b64f,2430,71716,64,38,2080,https://www.youtube.com/watch?v=dOXGtE_IsUY,49,36,80,https://www.youtube.com/watch?v=wyMqALzJpZM,2080,750,2080,https://www.youtube.com/watch?v=dOXGtE_IsUY,502,24,18,38,https://www.twitch.tv/videos/2753511978
a7874e2ea7a44640a4ad427680a1dc9a,2420,76683,0,0,0,,0,0,0,,0,0,0,,300,451,369,701,https://www.twitch.tv/videos/2757537793
932fd42911c74016bc7da418abd29f0f,2410,63923,68,28,1032,https://www.youtube.com/watch?v=An1BGAEHgIA,67,26,122,https://www.youtube.com/watch?v=xjhlT2JYgok,1032,1024,1032,https://www.youtube.com/watch?v=An1BGAEHgIA,88,0,0,0,
faa4994019724702a9da315a8c3641bc,2410,151871,213,139,452,https://www.youtube.com/watch?v=xp3-qUnx1lQ,213,139,452,https://www.youtube.com/watch?v=xp3-qUnx1lQ,0,0,0,,0,0,0,0,
27bbe711f5e848a9bc8accc73fc79471,2410,24179,0,0,0,,0,0,0,,0,0,0,,0,0,0,0,
fa2a2255fa7d4aa7b5b54dea5dd2b1c4,2400,70360,142,37,186,https://www.youtube.com/watch?v=IxsZMGStq-8,143,42,186,https://www.youtube.com/watch?v=IxsZMGStq-8,96,23,96,https://www.youtube.com/watch?v=HwOMjRckuww,0,0,0,0,
6e1845e76035452287436153470e8656,2400,109137,87,45,195,https://www.youtube.com/watch?v=oI5a9JHu57g,87,45,195,https://www.youtube.com/watch?v=oI5a9JHu57g,0,0,0,,462,0,0,0,
72a83f60773546dba886008320809d70,2400,481732,24,6,34,https://www.youtube.com/watch?v=vZhIeuPe3lE,24,6,34,https://www.youtube.com/watch?v=vZhIeuPe3lE,0,0,0,,10157,712,48,712,https://www.twitch.tv/videos/2737933514
0b0f8cd64c904508910707412b2c307f,2400,79859,194,70,481,https://www.youtube.com/watch?v=5c_0dS9UyZ0,194,70,481,https://www.youtube.com/watch?v=5c_0dS9UyZ0,0,0,0,,0,0,0,0,
67b37e4e1f2f49d88a047d650b70be91,2390,51517,110,55,1774,https://www.youtube.com/watch?v=6F39BDYB8VE,103,53,313,https://www.youtube.com/watch?v=ox0sAtIjecU,524,260,1774,https://www.youtube.com/watch?v=6F39BDYB8VE,778,106,81,343,https://www.twitch.tv/videos/2749133038
f656e3210df449889b6ad9e72acd7a72,2390,187661,235,168,2768,https://www.youtube.com/watch?v=7GVsFuvlSok,192,86,252,https://www.youtube.com/watch?v=QyzUspfTsAM,1555,574,2768,https://www.youtube.com/watch?v=7GVsFuvlSok,0,0,0,0,
bd9c7d2e96094ce7b8ca032228bb13c7,2380,48000,0,0,0,,0,0,0,,0,0,0,,0,0,0,0,
e6a9746af2a84387b6ed5a7d3a4434da,2380,224208,206,67,3121,https://www.youtube.com/watch?v=iZbBQlSk3Ys,103,43,541,https://www.youtube.com/watch?v=DDqXMbgWw5w,1946,478,3121,https://www.youtube.com/watch?v=iZbBQlSk3Ys,0,0,0,0,
969122fc1adf4d8798a043b4754c893e,2380,20402,0,0,0,,0,0,0,,0,0,0,,0,0,0,0,
b322780e7b80404193373149bfa8e86d,2360,49602,60,46,67,https://www.youtube.com/watch?v=P9YOiaQfsM4,60,46,67,https://www.youtube.com/watch?v=P9YOiaQfsM4,0,0,0,,0,0,0,0,
80c426d23cdb4dcda1d1a0a1bd7e0245,2360,27174,0,0,0,,0,0,0,,0,0,0,,6183,0,0,0,
95f3f004ed9641139567827519f6b35e,2360,159098,0,0,0,,0,0,0,,0,0,0,,252,0,0,0,
b115a7f57f664800a9f71a25eaf73b92,2360,74686,97,53,131,https://www.youtube.com/watch?v=_2IyEcjaMqs,131,64,131,https://www.youtube.com/watch?v=_2IyEcjaMqs,64,42,64,https://www.youtube.com/watch?v=b8yvLPToHRM,0,0,0,0,
b7fa120fd2264ecca8f9f02ece2850a9,2350,79488,61,37,61,https://www.youtube.com/watch?v=vCJKj8kF7Jo,0,0,0,,61,37,61,https://www.youtube.com/watch?v=vCJKj8kF7Jo,159,0,0,0,
6c812a2f61ac470f8e3b30a92dca9d81,2350,75755,154,73,154,https://www.youtube.com/watch?v=nZiE0aIShHU,154,73,154,https://www.youtube.com/watch?v=nZiE0aIShHU,0,0,0,,0,0,0,0,
c79b5a5a5c8b4d8f917afdfc16c01961,2350,100609,0,0,0,,0,0,0,,0,0,0,,3851,760,401,1576,https://www.twitch.tv/videos/2743903352
65a52797bec24b9bb2df5201068873a4,2340,25875,0,0,0,,0,0,0,,0,0,0,,0,0,0,0,
d3a3eab7a3e34ea98784c44e3691c726,2340,90328,0,0,0,,0,0,0,,0,0,0,,0,0,0,0,
4a1e39ee23e6423fbfd3a15b1e28c8f3,2330,58854,0,0,0,,0,0,0,,0,0,0,,0,0,0,0,
084c49d869114256af18c13cc4b56414,2330,51035,0,0,0,,0,0,0,,0,0,0,,0,0,0,0,
572c03fa49b54d4b95935321b4722b68,2320,445951,68,36,1765,https://www.youtube.com/watch?v=lS_IRTHohF4,0,0,0,,68,36,1765,https://www.youtube.com/watch?v=lS_IRTHohF4,1856,545,324,762,https://www.twitch.tv/videos/2750073155
e8be1d48c5a249cebcef72b17653ef34,2320,11243,0,0,0,,0,0,0,,0,0,0,,0,0,0,0,
d6666443c70f478eb3008d28a33e0f61,2320,159997,200,93,1384,https://www.youtube.com/watch?v=LNzsxozIyto,180,75,363,https://www.youtube.com/watch?v=YL4g2fkYn-Q,1265,908,1384,https://www.youtube.com/watch?v=LNzsxozIyto,0,0,0,0,
395eade6d67445e1831010cac52ab444,2320,94404,545,210,1121,https://www.youtube.com/watch?v=VBYYHY9i_U4,276,177,276,https://www.youtube.com/watch?v=abEyvOWrnHw,560,218,1121,https://www.youtube.com/watch?v=VBYYHY9i_U4,789,0,0,0,
c805a5c2c4fb4a068a65267452aa4da5,2320,86346,25,7,55,https://www.youtube.com/watch?v=bJWv5ih1UmM,25,7,55,https://www.youtube.com/watch?v=bJWv5ih1UmM,0,0,0,,0,0,0,0,
4ac7e88bd2234040a1da03644b06a501,2300,0,0,0,0,,0,0,0,,0,0,0,,0,0,0,0,
9fb51e14ba1c499eb6383a7a166a4d52,2300,82029,50,22,2320,https://www.youtube.com/watch?v=S8qWYIJ0Lv0,50,18,119,https://www.youtube.com/watch?v=Y9jXG1IKxAo,1866,76,2320,https://www.youtube.com/watch?v=S8qWYIJ0Lv0,0,0,0,0,
b975eb70ed174bbda87e181be25bd1c5,2300,86312,0,0,0,,0,0,0,,0,0,0,,0,0,0,0,
7ce04ee5bb63467f8b70a69136049218,2290,26805,0,0,0,,0,0,0,,0,0,0,,1767,391,275,391,https://www.twitch.tv/videos/2753494815
eb38f509e8464ba19ba8579e0b99e262,2280,99003,135,72,254,https://www.youtube.com/watch?v=yYPbl4jAtr4,135,72,254,https://www.youtube.com/watch?v=yYPbl4jAtr4,0,0,0,,0,0,0,0,
101cdaf175c643c888d0d33bdab5da15,2280,119636,473,241,2928,https://www.youtube.com/watch?v=7QzZA6Idwa4,500,278,2928,https://www.youtube.com/watch?v=7QzZA6Idwa4,201,8,201,https://www.youtube.com/watch?v=B6WNZ19reh8,176,234,162,466,https://www.twitch.tv/videos/2758164976
70d5f64a7e324d7584d7e5116d6dc5a2,2280,74071,187,148,187,https://www.youtube.com/watch?v=FmzuhbZBFRA,187,148,187,https://www.youtube.com/watch?v=FmzuhbZBFRA,0,0,0,,0,0,0,0,
87568c720cae40a99264816eb1875347,2270,137480,165,60,485,https://www.youtube.com/watch?v=sb8WHad-cXg,171,62,485,https://www.youtube.com/watch?v=sb8WHad-cXg,48,9,48,https://www.youtube.com/watch?v=myiSqkuEblM,0,0,0,0,
fe0305c914c549879b315b6dc3204748,2270,44616,1098,333,1574,https://www.youtube.com/watch?v=NqKD1NeQ-Vc,0,0,0,,1098,333,1574,https://www.youtube.com/watch?v=NqKD1NeQ-Vc,0,0,0,0,
43e557d175ce462b97c4c406954d8c04,2270,453563,50,24,152,https://www.youtube.com/watch?v=TlijjCP7KQo,48,27,152,https://www.youtube.com/watch?v=TlijjCP7KQo,50,10,50,https://www.youtube.com/watch?v=d9_cqHGSxMk,501,34,25,61,https://www.twitch.tv/videos/2753405563
f146e7f1a1164dbfab960ea34873afb5,2260,86488,0,0,0,,0,0,0,,0,0,0,,105,0,0,0,
ad43fda31b7842dc8e7854840b974614,2250,99480,36,14,70,https://www.youtube.com/watch?v=RvLSkEcPM3k,36,14,70,https://www.youtube.com/watch?v=RvLSkEcPM3k,0,0,0,,1119,0,0,0,
25904d8b82c84d74a8abffb804647e21,2250,113812,0,0,0,,0,0,0,,0,0,0,,396,0,0,0,
364f94fc7493453e9f53787ade8e35c6,2250,366945,62,61,70,https://www.youtube.com/watch?v=Il9vny1HenY,62,61,70,https://www.youtube.com/watch?v=Il9vny1HenY,0,0,0,,11,0,0,0,
2af83bdd7db644d88ffdaf123c38619b,2250,72100,78,31,146,https://www.youtube.com/watch?v=1Vfh7Q8yggQ,78,31,146,https://www.youtube.com/watch?v=1Vfh7Q8yggQ,0,0,0,,0,0,0,0,
c1aa10208a06439481231599b25845b0,2240,171602,700,319,748,https://www.youtube.com/watch?v=6-zqxCb294k,0,0,0,,700,319,748,https://www.youtube.com/watch?v=6-zqxCb294k,2105,171,130,289,https://www.twitch.tv/videos/2757387725
345b2eb5c8bf4d7d9fa72176f67de440,2240,41973,0,0,0,,0,0,0,,0,0,0,,882,283,200,304,https://www.twitch.tv/videos/2749447768
6510332f58be4d86b0007c77a622c959,2240,309290,271,96,358,https://www.youtube.com/watch?v=4KMiui5QDko,271,96,358,https://www.youtube.com/watch?v=4KMiui5QDko,0,0,0,,3187,258,190,560,https://www.twitch.tv/videos/2758332890
6f382359f4d0436e9e1d4f87e4696e76,2240,68159,0,0,0,,0,0,0,,0,0,0,,0,0,0,0,
6cd8cdc530d14e2d9d0a9cd20cb6b05c,2240,84895,149,100,217,https://www.youtube.com/watch?v=JTyz5c-ndrw,149,100,217,https://www.youtube.com/watch?v=JTyz5c-ndrw,0,0,0,,0,0,0,0,
9b8fe3ac0f30473f87290d314dfda74e,2230,2374,0,0,0,,0,0,0,,0,0,0,,0,0,0,0,
de610557c5c041df85e41e7f2f5490f5,2230,12447,0,0,0,,0,0,0,,0,0,0,,4149,481,446,597,https://www.twitch.tv/videos/2758258334
751596501f4f420a8a5c5c9d839efb22,2220,115968,0,0,0,,0,0,0,,0,0,0,,273,0,0,0,
cfc335d4b3e3411ca5b39ccb41a81958,2220,143970,1341,712,2769,https://www.youtube.com/watch?v=zlN7RjwvxDk,1341,712,2769,https://www.youtube.com/watch?v=zlN7RjwvxDk,0,0,0,,0,0,0,0,
4d44c28a73394954a4d1bf2a1b2c162c,2220,143181,83,35,320,https://www.youtube.com/watch?v=ftqH9pJRKMM,83,35,320,https://www.youtube.com/watch?v=ftqH9pJRKMM,0,0,0,,0,0,0,0,
ab069c9401bc4bd09eea8f5ece525d54,2220,345803,0,0,0,,0,0,0,,0,0,0,,0,0,0,0,
1ead15220cb842a79c3922d08d618e31,2210,4578,0,0,0,,0,0,0,,0,0,0,,0,0,0,0,
a64ba9e0b7dd4de58ffbdf9ca043a90b,2210,95653,0,0,0,,0,0,0,,0,0,0,,66,0,0,0,
c52b95b6a42d48f0ae888720492a5a46,2210,144026,103,15,252,https://www.youtube.com/watch?v=Mw1lDhJbz6I,103,15,252,https://www.youtube.com/watch?v=Mw1lDhJbz6I,0,0,0,,0,0,0,0,
d418b8a185f449b3a15c1656ba654780,2200,160298,158,112,158,https://www.youtube.com/watch?v=vjrwpEbBVO4,158,112,158,https://www.youtube.com/watch?v=vjrwpEbBVO4,0,0,0,,0,0,0,0,
4766ec1a407f4271bca77fb81487e81a,2200,63787,88,42,215,https://www.youtube.com/watch?v=SsVJc3JbqrU,88,42,215,https://www.youtube.com/watch?v=SsVJc3JbqrU,0,0,0,,4436,482,222,40742,https://www.twitch.tv/videos/2739539387
a60c8fc0a1324bf8b65053231ee22373,2200,519877,36,20,87,https://www.youtube.com/watch?v=PLFfYV7W1BA,36,20,76,https://www.youtube.com/watch?v=XhbjhigcLTU,87,35,87,https://www.youtube.com/watch?v=PLFfYV7W1BA,163,14,10,40,https://www.twitch.tv/videos/2758338178
65c0e7f6562d419e944caea644836c1f,2190,86742,167,86,230,https://www.youtube.com/watch?v=kVo-H-U_BzA,167,86,230,https://www.youtube.com/watch?v=kVo-H-U_BzA,0,0,0,,293,14,10,36,https://www.twitch.tv/videos/2755083123
b5c9831f97f4427a88a96d7c4ee40539,2180,199686,19,1,20,https://www.youtube.com/watch?v=s-5rx2c02I4,19,1,20,https://www.youtube.com/watch?v=s-5rx2c02I4,0,0,0,,1695,182,140,721,https://www.twitch.tv/videos/2750915742
75f110ca5e9a4b7db3c57912baf5ca27,2180,176429,0,0,0,,0,0,0,,0,0,0,,3479,2286,1717,18826,https://www.twitch.tv/videos/2747059173
cc1bad00639b4149b277f0d2e99c2abe,2180,94187,58,28,207,https://www.youtube.com/watch?v=PNYRMl4iqoM,58,28,207,https://www.youtube.com/watch?v=PNYRMl4iqoM,0,0,0,,0,0,0,0,
6873f5b9a88c42ba980878bbffb5682a,2180,164304,189,75,2265,https://www.youtube.com/watch?v=JZ2tWMR2z9E,195,96,340,https://www.youtube.com/watch?v=z_NFy0Z4KCg,177,55,2265,https://www.youtube.com/watch?v=JZ2tWMR2z9E,0,0,0,0,
60602526ae1d48688c23a74b3cb527e8,2170,98540,70,20,80,https://www.youtube.com/watch?v=uBrbE8wBp38,70,20,80,https://www.youtube.com/watch?v=uBrbE8wBp38,0,0,0,,0,0,0,0,
1c8887da9e96471ca28b97d80e390698,2170,120560,109,61,1736,https://www.youtube.com/watch?v=ZnCrVoVgl-M,102,41,171,https://www.youtube.com/watch?v=cWlp96lRsLY,377,107,1736,https://www.youtube.com/watch?v=ZnCrVoVgl-M,0,0,0,0,
9ef5ec69554f46e887a9ac0fe54b4f41,2170,84808,168,7,168,https://www.youtube.com/watch?v=dg-mj9_6TXA,168,7,168,https://www.youtube.com/watch?v=dg-mj9_6TXA,0,0,0,,0,0,0,0,
220353f9b2634c84953cc7d243fbc6a0,2170,195356,630,216,1198,https://www.youtube.com/watch?v=lSyagHqcSIo,630,216,1198,https://www.youtube.com/watch?v=lSyagHqcSIo,0,0,0,,89,0,0,0,
27f5926236d04e34a08fdb7ab83940bc,2160,65170,272,102,392,https://www.youtube.com/watch?v=VphsQ85CdR4,272,116,392,https://www.youtube.com/watch?v=VphsQ85CdR4,94,53,94,https://www.youtube.com/watch?v=u23xp4rRZ_k,0,0,0,0,
d45c287a84b6485e8ff3400cf50f5db7,2160,169406,0,0,0,,0,0,0,,0,0,0,,4302,608,388,889,https://www.twitch.tv/videos/2757586664
5da8c6fb027049cc8bc2030c56e8c489,2150,30027,0,0,0,,0,0,0,,0,0,0,,136,0,0,0,
326e254f0da14bc6bfc5d379164cf5c6,2140,45472,0,0,0,,0,0,0,,0,0,0,,0,0,0,0,
8be6ce1a26af47a4985205da119eab5a,2140,360327,268,124,1328,https://www.youtube.com/watch?v=sMHJZBrYNu0,268,124,1328,https://www.youtube.com/watch?v=sMHJZBrYNu0,331,220,612,https://www.youtube.com/watch?v=SY72ZyP3RPY,0,0,0,0,
19a2801d800547e58c6560aa1accf3e4,2140,94893,65,46,141,https://www.youtube.com/watch?v=_yk_ReyeXUE,65,46,141,https://www.youtube.com/watch?v=_yk_ReyeXUE,0,0,0,,440,0,0,0,
163841e490b14b2583a799b3795021ad,2120,62397,157,72,1808,https://www.youtube.com/watch?v=Tw_mspWkwbo,101,58,185,https://www.youtube.com/watch?v=OL4yaAeu8-4,660,138,1808,https://www.youtube.com/watch?v=Tw_mspWkwbo,417,321,219,986,https://www.twitch.tv/videos/2756446038
4f93fe928d264a299c6589e09fbda21e,2120,163224,0,0,0,,0,0,0,,0,0,0,,0,0,0,0,
c41a24bf9c8f48ee9454119057088688,2120,86267,0,0,0,,0,0,0,,0,0,0,,0,0,0,0,
6d2945d11f504edb9962f742b54f6553,2110,35761,0,0,0,,0,0,0,,0,0,0,,1099,0,0,0,
6274e7f2acaf4d48b5fa569168f9468e,2110,123890,103,75,147,https://www.youtube.com/watch?v=5AqYuEHmvJM,83,75,147,https://www.youtube.com/watch?v=5AqYuEHmvJM,113,78,116,https://www.youtube.com/watch?v=7uUUPyvPnnQ,0,0,0,0,
6b36f446b10e4ea99d5d80d60beeee21,2100,50428,0,0,0,,0,0,0,,0,0,0,,8204,143,103,188,https://www.twitch.tv/videos/2756511693
07553f6f3df84c3396508456ccbe7df2,2100,69739,297,161,2194,https://www.youtube.com/watch?v=lBnBLVFPVoc,181,112,886,https://www.youtube.com/watch?v=_oNiJcximmE,934,260,2194,https://www.youtube.com/watch?v=lBnBLVFPVoc,1036,532,364,720,https://www.twitch.tv/videos/2751006842
247eca886f5c43188a3d6d3945e40636,2100,126949,157,98,405,https://www.youtube.com/watch?v=qMBUmJbxiKY,158,100,405,https://www.youtube.com/watch?v=qMBUmJbxiKY,76,50,76,https://www.youtube.com/watch?v=IZMg4fjchlM,0,0,0,0,
1310ffb60dcf40eaaf6a08890e632234,2100,101351,112,50,157,https://www.youtube.com/watch?v=y4iIns3C0fo,112,50,157,https://www.youtube.com/watch?v=y4iIns3C0fo,0,0,0,,0,0,0,0,
14b8fa0f43664c31a5d634b20f9112d9,2090,175540,77,44,182,https://www.youtube.com/watch?v=JnRNKy4q5dE,77,42,139,https://www.youtube.com/watch?v=-byJoWEfhGE,116,71,182,https://www.youtube.com/watch?v=JnRNKy4q5dE,0,0,0,0,
80ea9b92d31c48b8b2cf2ca5bacc2a08,2090,66568,137,111,429,https://www.youtube.com/watch?v=piwFi7nnzb4,137,111,429,https://www.youtube.com/watch?v=piwFi7nnzb4,0,0,0,,0,0,0,0,
1551bebc6c26453e9893f342c68002bd,2090,46229,185,89,454,https://www.youtube.com/watch?v=IrJ8snHKlEg,185,89,454,https://www.youtube.com/watch?v=IrJ8snHKlEg,0,0,0,,321,0,0,0,
e9047e02eb6340ff940114f754c76875,2090,57196,52,40,125,https://www.youtube.com/watch?v=J7t2_Pui15s,52,40,125,https://www.youtube.com/watch?v=J7t2_Pui15s,0,0,0,,0,0,0,0,
ab540a5b73bb4dfa85cebffb70fad5db,2090,58162,1032,67,1032,https://www.youtube.com/watch?v=9_YpyCc0SVg,0,0,0,,1032,67,1032,https://www.youtube.com/watch?v=9_YpyCc0SVg,1241,0,0,0,
9870111c23124c19a12de7bbdeb8abc1,2090,71487,68,43,92,https://www.youtube.com/watch?v=-pSdiW9OjyU,68,43,92,https://www.youtube.com/watch?v=-pSdiW9OjyU,0,0,0,,0,0,0,0,
2c92fe49ca9f4b8faf8f4521378857d2,2090,279550,891,723,975,https://www.youtube.com/watch?v=NF9Fgfd0QYM,0,0,0,,891,723,975,https://www.youtube.com/watch?v=NF9Fgfd0QYM,647,15,11,33,https://www.twitch.tv/videos/2751088743
73a96bba42b444df98487ed22f97c240,2090,210569,604,208,7334,https://www.youtube.com/watch?v=lWPgWOVoiyc,53,48,68,https://www.youtube.com/watch?v=0sXyBzTnkIQ,694,313,7334,https://www.youtube.com/watch?v=lWPgWOVoiyc,778,341,152,584,https://www.twitch.tv/videos/2739671759
8890acc220cd4f969ec2e23a28c1eda2,2090,7513,0,0,0,,0,0,0,,0,0,0,,0,0,0,0,
40082e2bb0b546d3bd3ebb75a3192092,2080,1597132,245,113,2192,https://www.youtube.com/watch?v=h7sHss1llcU,0,0,0,,245,113,2192,https://www.youtube.com/watch?v=h7sHss1llcU,0,0,0,0,
ef03340f293242f89fe15f2f828dbf7f,2080,46481,42,19,73,https://www.youtube.com/watch?v=qzA22ebm6MA,44,21,73,https://www.youtube.com/watch?v=qzA22ebm6MA,32,17,32,https://www.youtube.com/watch?v=_F0Q0GZ_iAQ,644,34,20,39,https://www.twitch.tv/videos/2755853427
9efea510313f4733b4d0b5e3cfb6988b,2080,507175,116,29,145,https://www.youtube.com/watch?v=OKFoB7Z_mpA,0,0,0,,116,29,145,https://www.youtube.com/watch?v=OKFoB7Z_mpA,0,0,0,0,
1225d23bc1814140bc0093c1407f06b3,2070,159976,90,38,1736,https://www.youtube.com/watch?v=wpQxrFITGpo,66,28,129,https://www.youtube.com/watch?v=jkg4akPEn3A,1272,554,1736,https://www.youtube.com/watch?v=wpQxrFITGpo,99,31,23,31,https://www.twitch.tv/videos/2755097649
1b863baf309a4ff587385012bb5bde51,2070,81118,0,0,0,,0,0,0,,0,0,0,,343,0,0,0,
8e84dbdebec446bab8c82b3f0467f398,2070,174850,93,41,1942,https://www.youtube.com/watch?v=e6r3a1lmwno,81,37,241,https://www.youtube.com/watch?v=IueuPYiTmPs,1500,687,1942,https://www.youtube.com/watch?v=e6r3a1lmwno,0,0,0,0,
e66d389ebb604096bfa99178e1a13c27,2070,232237,489,322,3322,https://www.youtube.com/watch?v=BJ321gy4xCo,447,305,3322,https://www.youtube.com/watch?v=BJ321gy4xCo,2255,1958,2436,https://www.youtube.com/watch?v=xTqtC8msF3E,3723,187,156,432,https://www.twitch.tv/videos/2750957170
226eb1e34c924ae2914d960039905d08,2070,225454,53,25,1453,https://www.youtube.com/watch?v=QE0Ck3tis_0,53,24,144,https://www.youtube.com/watch?v=iasXUfQXvPw,531,296,1453,https://www.youtube.com/watch?v=QE0Ck3tis_0,0,0,0,0,
33918eea49984fb499619652ce58a4fa,2070,35571,58,10,61,https://www.youtube.com/watch?v=_L3gS2keYoE,58,10,61,https://www.youtube.com/watch?v=_L3gS2keYoE,0,0,0,,0,0,0,0,
b8d723ac79eb47229a23adc4029a5bd5,2070,0,0,0,0,,0,0,0,,0,0,0,,0,0,0,0,
93e7079bd21c499f9004e79d18489d28,2060,487004,0,0,0,,0,0,0,,0,0,0,,86,0,0,0,
44b22851b9df4612bec834e2cfde9489,2060,515867,58,23,79,https://www.youtube.com/watch?v=GANUJPnrWxw,58,23,79,https://www.youtube.com/watch?v=GANUJPnrWxw,54,25,67,https://www.youtube.com/watch?v=QxdG5SV0Yh8,0,0,0,0,
cb52afa541704e6e8f1098a20679135c,2050,119638,68,4,72,https://www.youtube.com/watch?v=xEi4jfhyK-c,68,4,72,https://www.youtube.com/watch?v=xEi4jfhyK-c,0,0,0,,307,48,41,48,https://www.twitch.tv/videos/2757567320
a66441bdef584fe0806c4be0fd2cf53a,2050,104521,0,0,0,,0,0,0,,0,0,0,,0,0,0,0,
e32a7d950f5a4b53ab2f47d225aec4fd,2040,54588,109,8,109,https://www.youtube.com/watch?v=ZpJvTGoS_5w,109,8,109,https://www.youtube.com/watch?v=ZpJvTGoS_5w,0,0,0,,0,0,0,0,
5c7278d46cd24b8eb5f49c446acc759d,2040,66980,0,0,0,,0,0,0,,0,0,0,,63,0,0,0,
a76c19e10aa4463f92f0d2e0f30ab84a,2040,135297,101,51,1797,https://www.youtube.com/watch?v=dAS72p8HLNw,88,37,181,https://www.youtube.com/watch?v=F6X2t-VtaKo,1679,879,1797,https://www.youtube.com/watch?v=dAS72p8HLNw,0,0,0,0,
62b58adde13f4a73ab406f857d730e20,2040,84681,73,28,660,https://www.youtube.com/watch?v=A3fDqoHh2Ag,73,27,163,https://www.youtube.com/watch?v=QwOBx-Yoc8Q,660,593,660,https://www.youtube.com/watch?v=A3fDqoHh2Ag,0,0,0,0,
6eefc3826f4f49a0b28a5288c5e0d83e,2030,11843,0,0,0,,0,0,0,,0,0,0,,2406,171,157,193,https://www.twitch.tv/videos/2758241157
8b732f3260e0427f9cf795b93ada310a,2030,60445,1858,1616,2759,https://www.youtube.com/watch?v=il-Nt1mtuxE,0,0,0,,1858,1616,2759,https://www.youtube.com/watch?v=il-Nt1mtuxE,3014,460,438,605,https://www.twitch.tv/videos/2756670180
78dea7b59be448329ec287a403f95a13,2020,29171,4,2,9,https://www.youtube.com/watch?v=-c8NHOjRQhU,0,0,0,,4,2,9,https://www.youtube.com/watch?v=-c8NHOjRQhU,2059,226,182,228,https://www.twitch.tv/videos/2758333743
6eeed5b0702a45df8470a617ee2c5243,2020,24064,0,0,0,,0,0,0,,0,0,0,,0,0,0,0,
9087489bcb234de9bb2a8942a1562a61,2020,75652,0,0,0,,0,0,0,,0,0,0,,0,0,0,0,
4ed0862cff5b47bcbf4b6a30e431e0fa,2020,12534,1733,1250,2187,https://www.youtube.com/watch?v=1A056kvO6BM,0,0,0,,1733,1250,2187,https://www.youtube.com/watch?v=1A056kvO6BM,0,0,0,0,
c0ce3bfbf1434af3a2a7bd7b2c38e7e7,2020,136850,385,175,811,https://www.youtube.com/watch?v=a4kxYnhPlCk,385,175,811,https://www.youtube.com/watch?v=a4kxYnhPlCk,0,0,0,,0,0,0,0,
83a59a0d6537461fb429af7e3af1d152,2020,256956,0,0,0,,0,0,0,,0,0,0,,0,0,0,0,
92e03a33b1e640f6aa94211011de5d24,2020,67123,51,10,4181,https://www.youtube.com/watch?v=cQfHNOkGfLI,45,9,134,https://www.youtube.com/watch?v=AU9lENizwLs,2363,1295,4181,https://www.youtube.com/watch?v=cQfHNOkGfLI,254,99,73,150,https://www.twitch.tv/videos/2755077847
2a20316d245d406193331300bb44fdec,2010,25756,0,0,0,,0,0,0,,0,0,0,,5346,667,218,1641,https://www.twitch.tv/videos/2737768215
749161d9934f41bf97e7210afd6b3bb1,2010,41092,0,0,0,,0,0,0,,0,0,0,,107,0,0,0,
b84f2dfff8ce4ca1af82bfc44405f1e7,2010,89191,45,14,123,https://www.youtube.com/watch?v=5VgdNQaLmaA,45,14,123,https://www.youtube.com/watch?v=5VgdNQaLmaA,0,0,0,,0,0,0,0,
0414bb8fc082472a9434bd4a463a9865,2010,10268,0,0,0,,0,0,0,,0,0,0,,186,0,0,0,
14d334ad35f146ecbb047d1c20652fe1,2000,343645,0,0,0,,0,0,0,,0,0,0,,0,0,0,0,
a9e5491563fd4b05896ef9a8cb2ee7d7,2000,124896,40,24,82,https://www.youtube.com/watch?v=OXpW6ufzoDE,40,24,82,https://www.youtube.com/watch?v=OXpW6ufzoDE,0,0,0,,0,0,0,0,
504678b9fa2f4506879ba42b27a13dff,2000,206333,107,53,2047,https://www.youtube.com/watch?v=0NBc1UPxO8U,88,41,252,https://www.youtube.com/watch?v=djLD7wKOHGE,596,213,2047,https://www.youtube.com/watch?v=0NBc1UPxO8U,0,0,0,0,
95f8bb8a92c1450b8b5993f740b39338,2000,762292,27,4,27,https://www.youtube.com/watch?v=FNvsccV4ejU,27,4,27,https://www.youtube.com/watch?v=FNvsccV4ejU,0,0,0,,298,0,0,0,
712d031e7f004ed99aa1dfdb176cff32,2000,116616,100,26,140,https://www.youtube.com/watch?v=oEtRxn5GHJg,0,0,0,,100,26,140,https://www.youtube.com/watch?v=oEtRxn5GHJg,322,0,0,0,
83eff3b0de694818876092eaabd35b4a,1980,91816,43,24,140,https://www.youtube.com/watch?v=Ci-DSSIgPUE,43,24,140,https://www.youtube.com/watch?v=Ci-DSSIgPUE,0,0,0,,0,0,0,0,
7bd1bc8b491d47e0b7cf0a573c36120e,1980,101323,33,11,33,https://www.youtube.com/watch?v=3x8_fWRi4JY,0,0,0,,33,11,33,https://www.youtube.com/watch?v=3x8_fWRi4JY,0,0,0,0,
4b7c733a13d247ec84844698ecc7ba0c,1970,43396,0,0,0,,0,0,0,,0,0,0,,2761,209,196,220,https://www.twitch.tv/videos/2758812054
8b810380ed254a5e8a85b65552ba4e61,1970,117887,946,632,2029,https://www.youtube.com/watch?v=MlhDiWJDJfc,0,0,0,,946,632,2029,https://www.youtube.com/watch?v=MlhDiWJDJfc,10571,2082,725,5550,https://www.twitch.tv/videos/2749294856
6bddfe8d54104f4192c56e4935a871de,1970,600624,1579,134,1822,https://www.youtube.com/watch?v=Ro9XRYWrkXg,0,0,0,,1579,134,1822,https://www.youtube.com/watch?v=Ro9XRYWrkXg,1034,260,170,851,https://www.twitch.tv/videos/2757581708
2c6d5a00eabf47e2affcc8fa6ec64f9c,1970,174343,42,16,2466,https://www.youtube.com/watch?v=7EsJVy6-lD8,32,16,73,https://www.youtube.com/watch?v=78V3ehpNuis,376,22,2466,https://www.youtube.com/watch?v=7EsJVy6-lD8,116,13,11,19,https://www.twitch.tv/videos/2757489279
29574cafecff435b90d34431e2153f02,1960,254745,77,64,13688,https://www.youtube.com/watch?v=LlBwcfkGYeA,39,19,77,https://www.youtube.com/watch?v=MYd_EwLg-k0,1553,905,13688,https://www.youtube.com/watch?v=LlBwcfkGYeA,165,40,38,55,https://www.twitch.tv/videos/2756612306
4de89158f20a4d0e8023f15db8a9526e,1960,134057,0,0,0,,0,0,0,,0,0,0,,0,0,0,0,
7d2aa4176f60423bb1532ac37ed55e28,1940,149666,95,39,190,https://www.youtube.com/watch?v=vEyAOiBlDhc,95,39,190,https://www.youtube.com/watch?v=vEyAOiBlDhc,0,0,0,,0,0,0,0,
734477be3c5d42afbdde5356c6a6e8ee,1940,81705,0,0,0,,0,0,0,,0,0,0,,0,0,0,0,
c0ae01f224734769a38c39b97fb6dbb7,1940,52294,0,0,0,,0,0,0,,0,0,0,,398,39,33,63,https://www.twitch.tv/videos/2757443009
9031798ec1884b52b17df470b6c379b2,1940,54266,205,109,227,https://www.youtube.com/watch?v=6NhD3zXsOlw,205,109,227,https://www.youtube.com/watch?v=6NhD3zXsOlw,0,0,0,,0,0,0,0,
1025a2d1ea674c649b1e7934895bd419,1930,55268,83,48,89,https://www.youtube.com/watch?v=jnFU2JpVBkE,83,48,89,https://www.youtube.com/watch?v=jnFU2JpVBkE,0,0,0,,0,0,0,0,
70c982c2dffc4cd08c90431abcc8be97,1930,53620,55,21,138,https://www.youtube.com/watch?v=IiUoSx-GWAU,55,21,138,https://www.youtube.com/watch?v=IiUoSx-GWAU,0,0,0,,185,31,20,93,https://www.twitch.tv/videos/2759806689
17b1d3fb1e1944dabd5e6a45f94e2f6b,1930,67758,163,85,4034,https://www.youtube.com/watch?v=w32iAEg5JLU,149,57,182,https://www.youtube.com/watch?v=ZmUpE8eZefM,4034,668,4034,https://www.youtube.com/watch?v=w32iAEg5JLU,0,0,0,0,
0563e1d0ff394d1ab0d6a09d89870fba,1930,143427,132,43,2170,https://www.youtube.com/watch?v=H6eM7cTOQYI,134,58,165,https://www.youtube.com/watch?v=1lpCJwQn8O8,75,27,2170,https://www.youtube.com/watch?v=H6eM7cTOQYI,99,36,26,60,https://www.twitch.tv/videos/2751765119
e897180feafa4f748c41f13306b6f379,1930,421483,631,236,3065,https://www.youtube.com/watch?v=oxZnFjF195w,346,223,380,https://www.youtube.com/watch?v=H0EYQq0IhEs,1765,977,3065,https://www.youtube.com/watch?v=oxZnFjF195w,13,0,0,0,
bb1cda940e0a44b3a25f3e368c19c490,1920,60607,123,45,184,https://www.youtube.com/watch?v=_5fVEpTO1eI,123,45,184,https://www.youtube.com/watch?v=_5fVEpTO1eI,0,0,0,,0,0,0,0,
8564954960ba466fa7f17bc0e0ea5e8e,1920,38891,0,0,0,,0,0,0,,0,0,0,,356,0,0,0,
e58a5a6f40e040d79bbcd139824d6fc7,1920,243160,677,310,2604,https://www.youtube.com/watch?v=OoLl_DbHWAU,142,53,142,https://www.youtube.com/watch?v=mEKE7ZQXB0s,737,333,2604,https://www.youtube.com/watch?v=OoLl_DbHWAU,10036,2241,739,18955,https://www.twitch.tv/videos/2745292315
4f20b9493001401f81b7a451bf856fba,1910,147312,230,147,2697,https://www.youtube.com/watch?v=y7UeqKiR7XM,200,131,392,https://www.youtube.com/watch?v=_FGWsFD4EWM,1377,483,2697,https://www.youtube.com/watch?v=y7UeqKiR7XM,1541,537,436,540,https://www.twitch.tv/videos/2754174926
bf124655587e4f5b937d695be814d25d,1910,150592,131,36,143,https://www.youtube.com/watch?v=hktKRi43O1c,131,36,143,https://www.youtube.com/watch?v=hktKRi43O1c,0,0,0,,0,0,0,0,
2c2bf7ce933a4f34ac25c2dfa72fe565,1900,140291,502,155,3109,https://www.youtube.com/watch?v=L_YO1-aArm8,314,110,708,https://www.youtube.com/watch?v=VuOPqmIbVeI,2286,929,3109,https://www.youtube.com/watch?v=L_YO1-aArm8,685,212,144,680,https://www.twitch.tv/videos/2750924147
58d43efc5b4046148d02de0e65ef9120,1900,159927,140,81,1508,https://www.youtube.com/watch?v=7BFa7lChopw,120,69,251,https://www.youtube.com/watch?v=h7TeOlOggbo,928,280,1508,https://www.youtube.com/watch?v=7BFa7lChopw,514,78,66,180,https://www.twitch.tv/videos/2749279309
7eec0f9233fa49ed92c4f60fb8a82694,1890,37917,7,3,7,https://www.youtube.com/watch?v=GUm8xoNROX8,0,0,0,,7,3,7,https://www.youtube.com/watch?v=GUm8xoNROX8,1013,88,55,129,https://www.twitch.tv/videos/2750248989
7c18bc597298484c8f2925759fc1ac4a,1890,12620,74,42,151,https://www.youtube.com/watch?v=8Ko-Y7BlXSY,74,42,151,https://www.youtube.com/watch?v=8Ko-Y7BlXSY,0,0,0,,784,0,0,0,
1eb556018c7847feb170b09b8622590c,1880,112288,57,26,135,https://www.youtube.com/watch?v=WJgwCq3EJvk,57,19,135,https://www.youtube.com/watch?v=WJgwCq3EJvk,59,40,81,https://www.youtube.com/watch?v=sKoeOGmBYM4,0,0,0,0,
0bf305da1ec14c5c8447b9a007bc81f6,1880,186716,191,48,1260,https://www.youtube.com/watch?v=DlnUzbBvTCU,105,50,1149,https://www.youtube.com/watch?v=QAlubhuhyAk,671,46,1260,https://www.youtube.com/watch?v=DlnUzbBvTCU,971,122,91,511,https://www.twitch.tv/videos/2751574089
9be037b96ffa41c9a080edf332650649,1870,100136,59,3,113,https://www.youtube.com/watch?v=3PkjB37RTtk,95,46,101,https://www.youtube.com/watch?v=1pmEBFlkqpc,9,0,113,https://www.youtube.com/watch?v=3PkjB37RTtk,0,0,0,0,
a5681ed32f994c57a107a0b9248fb228,1870,73147,85,55,447,https://www.youtube.com/watch?v=VzogFc10UrI,84,46,154,https://www.youtube.com/watch?v=YH_FCuShmqs,447,88,447,https://www.youtube.com/watch?v=VzogFc10UrI,0,0,0,0,
63175a6880c5427891463ff07fd0bf7e,1870,49699,0,0,0,,0,0,0,,0,0,0,,0,0,0,0,
d564ef4ee383435787e18dee18247631,1860,57090,73,29,123,https://www.youtube.com/watch?v=AwYqFh6vsbA,57,22,93,https://www.youtube.com/watch?v=cimFO-0JzH8,123,57,123,https://www.youtube.com/watch?v=AwYqFh6vsbA,378,22,11,22,https://www.twitch.tv/videos/2749382770
bee432690bb44e03940ab4a86bbbbdfd,1850,19388,0,0,0,,0,0,0,,0,0,0,,0,0,0,0,
48b978b1705a4f61a760b05280000b34,1850,8782,0,0,0,,0,0,0,,0,0,0,,1265,0,0,0,
14561bf5e63844f58b60deb87f443507,1850,0,0,0,0,,0,0,0,,0,0,0,,1102,239,48,299,https://www.twitch.tv/videos/2750430557
5ff20156ebbf4390a3573d6a94aed8df,1840,89468,131,39,447,https://www.youtube.com/watch?v=Ct854egPTrE,131,39,447,https://www.youtube.com/watch?v=Ct854egPTrE,0,0,0,,0,0,0,0,
0fbdfcc1b9cf41fdb840cf2f546d9324,1840,137472,54,21,964,https://www.youtube.com/watch?v=oh_NcRC_lsA,56,22,964,https://www.youtube.com/watch?v=oh_NcRC_lsA,12,4,12,https://www.youtube.com/watch?v=ViYSZk8JkS4,672,0,0,0,
a6a789d93f3a4352b251a51b43f98d2c,1840,45205,281,200,281,https://www.youtube.com/watch?v=trT6rfIi2gM,281,200,281,https://www.youtube.com/watch?v=trT6rfIi2gM,0,0,0,,0,0,0,0,
a823412858b749f7bd2bff3739ec55b7,1830,93628,123,44,384,https://www.youtube.com/watch?v=t2unN3SEBZ4,123,44,384,https://www.youtube.com/watch?v=t2unN3SEBZ4,0,0,0,,431,54,30,54,https://www.twitch.tv/videos/2750201714
f3b487c00ef5466eaa529f3a2e8d6753,1830,34575,170,125,217,https://www.youtube.com/watch?v=hmCIxPI1zpQ,170,125,217,https://www.youtube.com/watch?v=hmCIxPI1zpQ,0,0,0,,0,0,0,0,
70874043d50b4e3a873742127251caa5,1830,81012,0,0,0,,0,0,0,,0,0,0,,0,0,0,0,
9c0184b0f01a4af4a4c2c56139682fb9,1830,41627,142,116,178,https://www.youtube.com/watch?v=ThjNPrOzKKQ,178,146,178,https://www.youtube.com/watch?v=ThjNPrOzKKQ,107,86,107,https://www.youtube.com/watch?v=GDrd4m011q0,108,0,0,0,
361d3dd97ee9430f85d57b61ea8f0b85,1830,155402,112,48,157,https://www.youtube.com/watch?v=8Ez39TlUL8k,112,48,157,https://www.youtube.com/watch?v=8Ez39TlUL8k,0,0,0,,0,0,0,0,
342f808864164047acc8ddffe88c9618,1830,132960,113,42,113,https://www.youtube.com/watch?v=pggCHYwQgKs,113,42,113,https://www.youtube.com/watch?v=pggCHYwQgKs,0,0,0,,2155,449,333,741,https://www.twitch.tv/videos/2753349115
fe5a0ac164a940c79e430eab9995da2e,1830,181492,0,0,0,,0,0,0,,0,0,0,,111,0,0,0,
08158657738a4949bce0cbbc36c4e701,1820,76902,0,0,0,,0,0,0,,0,0,0,,0,0,0,0,
e72542ff8bb14e47929b037c626c320a,1820,36866,101,98,101,https://www.youtube.com/watch?v=EcVihfM5JNw,101,98,101,https://www.youtube.com/watch?v=EcVihfM5JNw,0,0,0,,0,0,0,0,
3bbbe40f23e344fa8889d410b7315383,1810,2082,0,0,0,,0,0,0,,0,0,0,,0,0,0,0,
db2f279f9960492082f3ae6ad20aca91,1810,47039,0,0,0,,0,0,0,,0,0,0,,504,0,0,0,
0c1efcf431bc4ffbb208775a9738e348,1810,66544,0,0,0,,0,0,0,,0,0,0,,159,0,0,0,
b023ec32c6b5474e95c7faf252925b8e,1800,50792,0,0,0,,0,0,0,,0,0,0,,409,35,26,37,https://www.twitch.tv/videos/2759836895
49c4f54141434226960845b2a46c432b,1800,61054,45,36,71,https://www.youtube.com/watch?v=7qf0gLExxHg,45,36,71,https://www.youtube.com/watch?v=7qf0gLExxHg,0,0,0,,0,0,0,0,
0da343539de64a169fe51ad653e5c73d,1800,40794,36,25,94,https://www.youtube.com/watch?v=g6o880LU1GY,36,25,94,https://www.youtube.com/watch?v=g6o880LU1GY,0,0,0,,0,0,0,0,
8ad9544f4e4f42a09ec1ecb6b514729f,1800,95270,30,16,115,https://www.youtube.com/watch?v=rJf-RGmu-IU,30,16,115,https://www.youtube.com/watch?v=rJf-RGmu-IU,0,0,0,,0,0,0,0,
bff58c28269748eb99103a257886309a,1800,59056,136,36,223,https://www.youtube.com/watch?v=uFFnq66_bxY,136,36,223,https://www.youtube.com/watch?v=uFFnq66_bxY,0,0,0,,0,0,0,0,
372962c805114682a4d16b75c13c80ed,1790,265,0,0,0,,0,0,0,,0,0,0,,0,0,0,0,
be84d60f2d0e452ab7d66eaeb957477f,1790,82661,8,7,11,https://www.youtube.com/watch?v=c5brXOw_1xA,0,0,0,,8,7,11,https://www.youtube.com/watch?v=c5brXOw_1xA,0,0,0,0,
e39607950249427da8b60fa012115e44,1780,104197,877,142,877,https://www.youtube.com/watch?v=WeQRxgtsAuE,0,0,0,,877,142,877,https://www.youtube.com/watch?v=WeQRxgtsAuE,0,0,0,0,
31c7fada1ab24cbd83ab4ae698955a29,1780,79161,31,16,774,https://www.youtube.com/watch?v=ByDqQX8TN5c,28,15,42,https://www.youtube.com/watch?v=zj9y-TgMB4w,355,309,774,https://www.youtube.com/watch?v=ByDqQX8TN5c,0,0,0,0,
ced6b5d82fc848a5a0f45a1b3da4cfae,1780,81161,112,44,128,https://www.youtube.com/watch?v=7SJ4NP6G9Oo,112,44,128,https://www.youtube.com/watch?v=7SJ4NP6G9Oo,0,0,0,,216,28,17,28,https://www.twitch.tv/videos/2751917536
29d3dea4a1684bec9592e2ccc3685c57,1780,64003,0,0,0,,0,0,0,,0,0,0,,0,0,0,0,
6cb91cbf63cd46d49566ade06d3b3418,1780,20258,47,27,1169,https://www.youtube.com/watch?v=3G5nufXAHEs,41,24,370,https://www.youtube.com/watch?v=v7_BQkWRcq8,93,43,1169,https://www.youtube.com/watch?v=3G5nufXAHEs,0,0,0,0,
c489b78388904133a8b93cd4d0470aad,1780,1793,0,0,0,,0,0,0,,0,0,0,,628,0,0,0,
5efdd7a401eb430ba20cb6f391fbbce3,1780,34933,0,0,0,,0,0,0,,0,0,0,,0,0,0,0,
5612ac8b150e45e5a7381a2c07e9671a,1770,75957,78,34,299,https://www.youtube.com/watch?v=utcvOuN50HA,78,34,299,https://www.youtube.com/watch?v=utcvOuN50HA,0,0,0,,0,0,0,0,
ce59f11c200841dab2e8a5e30655a827,1770,251312,0,0,0,,0,0,0,,0,0,0,,27,0,0,0,
d748a977fcd24752ad9e038468713bf2,1770,38089,72,39,121,https://www.youtube.com/watch?v=dbpn3osYbiA,72,39,121,https://www.youtube.com/watch?v=dbpn3osYbiA,0,0,0,,0,0,0,0,
b49c2970f97b4fd4a6762b3e9ba94f8e,1770,7699,0,0,0,,0,0,0,,0,0,0,,10053,1123,464,2134,https://www.twitch.tv/videos/2743723465
3bc6afb820df4f59b2c6ff1c25d1eed3,1770,142810,65,40,451,https://www.youtube.com/watch?v=WtxmRbsTKnE,58,36,451,https://www.youtube.com/watch?v=WtxmRbsTKnE,219,90,440,https://www.youtube.com/watch?v=m0Xiw1mOdFc,0,0,0,0,
2e58c53f72f144dbad853ca8630dab19,1760,52441,266,112,1346,https://www.youtube.com/watch?v=82EGocUIb_Y,264,108,1346,https://www.youtube.com/watch?v=82EGocUIb_Y,1261,1213,1261,https://www.youtube.com/watch?v=TMgoWxH1Lc0,144,0,0,0,
2e8c364f691740dd81c0fa61727a9790,1760,596598,0,0,0,,0,0,0,,0,0,0,,3788,0,0,0,
8020c505099f474ca81da3023926485f,1760,104032,108,45,2293,https://www.youtube.com/watch?v=AEmQLoJL5d8,108,47,185,https://www.youtube.com/watch?v=X71GPvMiRVQ,2293,31,2293,https://www.youtube.com/watch?v=AEmQLoJL5d8,0,0,0,0,
637a5867616a436ba0f7cdd36057f55a,1760,138153,95,66,788,https://www.youtube.com/watch?v=8rs3tr0sbe4,95,66,788,https://www.youtube.com/watch?v=8rs3tr0sbe4,141,96,458,https://www.youtube.com/watch?v=jRq3T83AT0I,98,16,15,16,https://www.twitch.tv/videos/2759754619
7cc197b36bc64bf38aaf98a17eaf8d31,1750,173770,706,411,1777,https://www.youtube.com/watch?v=fkCRHrlgOMI,149,122,181,https://www.youtube.com/watch?v=M4FKFN4fyJk,1400,1034,1777,https://www.youtube.com/watch?v=fkCRHrlgOMI,0,0,0,0,
018244f1ad404c9eaa4ddf747c3bafa0,1750,221493,171,76,347,https://www.youtube.com/watch?v=DKb1hnAEkIo,183,93,347,https://www.youtube.com/watch?v=DKb1hnAEkIo,80,37,138,https://www.youtube.com/watch?v=4fftNOPa6Q8,0,0,0,0,
3a8fe50b02d04b45af3974ed979c52eb,1750,83152,234,85,1476,https://www.youtube.com/watch?v=Pj50wnX82lo,210,60,251,https://www.youtube.com/watch?v=8Tx0110uXxQ,1395,451,1476,https://www.youtube.com/watch?v=Pj50wnX82lo,0,0,0,0,
66830cad0b9949689741b0dc5ef39d29,1750,49269,0,0,0,,0,0,0,,0,0,0,,0,0,0,0,
8483ae3c14ca488394d427d271854d88,1750,35699,0,0,0,,0,0,0,,0,0,0,,43,0,0,0,
d0c2bb3e9091413e8d245bdc217e9420,1750,54712,63,5,108,https://www.youtube.com/watch?v=n7dJGMv0yxA,63,5,108,https://www.youtube.com/watch?v=n7dJGMv0yxA,0,0,0,,0,0,0,0,
3584322d47f14c7aa8f6e98511d3c54a,1750,1132,0,0,0,,0,0,0,,0,0,0,,1045,0,0,0,
0f7d7faa487642d0a8ff6d5fc8dbc394,1750,151072,156,138,156,https://www.youtube.com/watch?v=M4MaHSOL8cc,0,0,0,,156,138,156,https://www.youtube.com/watch?v=M4MaHSOL8cc,1676,469,127,1904,https://www.twitch.tv/videos/2756654631
673abaca34d047b49b11d50214a9a463,1740,79327,181,71,248,https://www.youtube.com/watch?v=8c0uE5l4SYg,161,59,248,https://www.youtube.com/watch?v=8c0uE5l4SYg,215,186,215,https://www.youtube.com/watch?v=i7dQC6W3L-M,86,0,0,0,
6fa5098cd1c644c5871a47a7e56803dc,1740,49717,315,160,501,https://www.youtube.com/watch?v=AFlRT_HhNsE,315,160,501,https://www.youtube.com/watch?v=AFlRT_HhNsE,0,0,0,,257,0,0,0,
f3fa92d46e744da29b61f9468c76b9a5,1730,38993,95,55,103,https://www.youtube.com/watch?v=d7e24HJh_mk,95,55,103,https://www.youtube.com/watch?v=d7e24HJh_mk,0,0,0,,0,0,0,0,
a0ac84f84b914c21acf669844a163436,1730,39508,161,1,161,https://www.youtube.com/watch?v=noi1a_NfLA4,161,1,161,https://www.youtube.com/watch?v=noi1a_NfLA4,0,0,0,,413,287,190,501,https://www.twitch.tv/videos/2757634359
dc8226bfc9c64cf5bc768f387a41c48d,1730,25255,0,0,0,,0,0,0,,0,0,0,,0,0,0,0,
8f7fdc3104f541539132c122eeab6801,1730,36376,106,61,1442,https://www.youtube.com/watch?v=u_RXqZ4HO7k,105,67,201,https://www.youtube.com/watch?v=_O3X3XG7i3E,167,60,1442,https://www.youtube.com/watch?v=u_RXqZ4HO7k,0,0,0,0,
84cccbea595d4bc69426d5c75f1ac3a4,1720,89427,0,0,0,,0,0,0,,0,0,0,,0,0,0,0,
8c171b8f4b854cbfade4ee2babc19e0f,1720,38139,104,59,1297,https://www.youtube.com/watch?v=luafOySUMF8,102,53,235,https://www.youtube.com/watch?v=cPYcQMBXGGY,840,189,1297,https://www.youtube.com/watch?v=luafOySUMF8,0,0,0,0,
e9fa90c6824c47abbfd114e9cd9b4125,1720,108815,57,28,4018,https://www.youtube.com/watch?v=yVdnS5Enpf0,56,20,73,https://www.youtube.com/watch?v=rcV8HYRgB94,2750,1066,4018,https://www.youtube.com/watch?v=yVdnS5Enpf0,0,0,0,0,
b0e88b4d4e5d41c4b5edd07540dc3637,1720,138354,75,18,119,https://www.youtube.com/watch?v=x47Bq0wWNlo,75,18,119,https://www.youtube.com/watch?v=x47Bq0wWNlo,0,0,0,,0,0,0,0,
f3914ae7ae6541198b6b5f4d63febe48,1710,49228,0,0,0,,0,0,0,,0,0,0,,0,0,0,0,
dbe3f9880dec4a03bcc1943343455a6c,1700,77107,98,71,144,https://www.youtube.com/watch?v=opuhCghdMGk,98,71,144,https://www.youtube.com/watch?v=opuhCghdMGk,0,0,0,,0,0,0,0,
8f1a38101d324afcbfc7df27d5d1e0a9,1700,195212,33,25,254,https://www.youtube.com/watch?v=hGX1GvHUh9c,33,24,254,https://www.youtube.com/watch?v=hGX1GvHUh9c,92,74,92,https://www.youtube.com/watch?v=kZW9jLTCScA,0,0,0,0,
1e0ca2c7a8d7493baa62b792d78e7b07,1700,131408,130,46,251,https://www.youtube.com/watch?v=D9N_k9-lySc,130,46,251,https://www.youtube.com/watch?v=D9N_k9-lySc,0,0,0,,0,0,0,0,
7d3b310a867942cab270e48f7a397e0d,1690,43016,46,28,1897,https://www.youtube.com/watch?v=dcHV4ZDyxgc,45,21,102,https://www.youtube.com/watch?v=IQqRdAWnAHY,608,108,1897,https://www.youtube.com/watch?v=dcHV4ZDyxgc,890,0,0,0,
351e16ae67e14d5e8c7294284c2ded4d,1690,25149,0,0,0,,0,0,0,,0,0,0,,699,0,0,0,
1c304e8690e2400d9482f1173f59ad70,1690,90274,324,53,1433,https://www.youtube.com/watch?v=pS9MQkhJvMA,324,53,664,https://www.youtube.com/watch?v=FYUoEWwVURA,792,110,1433,https://www.youtube.com/watch?v=pS9MQkhJvMA,213,79,55,171,https://www.twitch.tv/videos/2758980570
44ae1f339250472c82d1fc4ffb3610ad,1690,74530,449,248,648,https://www.youtube.com/watch?v=t0tEi7o5Tw8,449,248,648,https://www.youtube.com/watch?v=t0tEi7o5Tw8,0,0,0,,2704,1048,563,38109,https://www.twitch.tv/videos/2758111667
af9a2d0fab684be9b9da09e251f6bae6,1680,80279,162,93,3820,https://www.youtube.com/watch?v=rlm_EFx_NeM,135,65,200,https://www.youtube.com/watch?v=MZCxt29IqfY,1350,679,3820,https://www.youtube.com/watch?v=rlm_EFx_NeM,416,290,197,376,https://www.twitch.tv/videos/2754924380
608b617ad99c4f18b97d10560e254b4b,1680,53180,103,33,325,https://www.youtube.com/watch?v=pu3wmeGKK1M,93,33,163,https://www.youtube.com/watch?v=3NY1Ya2JZJs,283,73,325,https://www.youtube.com/watch?v=pu3wmeGKK1M,0,0,0,0,
d18dd7d3e19f469b9e3faaa6c1fe2b0d,1680,36183,90,28,226,https://www.youtube.com/watch?v=VMXlb_PTgao,90,28,226,https://www.youtube.com/watch?v=VMXlb_PTgao,0,0,0,,227,0,0,0,
df7bcc29e3204005877b25cdad9206b7,1680,81038,0,0,0,,0,0,0,,0,0,0,,0,0,0,0,
9deb096c2fb943a7ae7487bf25e28026,1680,118751,145,63,705,https://www.youtube.com/watch?v=hlV42I-SuFY,137,58,179,https://www.youtube.com/watch?v=MXAy4dD_Tl8,705,76,705,https://www.youtube.com/watch?v=hlV42I-SuFY,1367,186,139,301,https://www.twitch.tv/videos/2750283615
60a400d6a5d841f78b352675c383dbef,1670,47710,0,0,0,,0,0,0,,0,0,0,,0,0,0,0,
eb54f557a3734bfda57ecddd8df07681,1670,43371,0,0,0,,0,0,0,,0,0,0,,539,149,85,149,https://www.twitch.tv/videos/2750239168
3e41189706dd483db4e407c295b058ce,1670,99269,55,26,1024,https://www.youtube.com/watch?v=LifFU4RvjxI,55,26,133,https://www.youtube.com/watch?v=svqtDz83Zrc,530,191,1024,https://www.youtube.com/watch?v=LifFU4RvjxI,4765,453,204,150603,https://www.twitch.tv/videos/2750160567
7eb39f4278b04ed485060a084cd07876,1670,62049,0,0,0,,0,0,0,,0,0,0,,0,0,0,0,
21a819efced54f6991abd3fc0b43091f,1670,125435,412,222,1670,https://www.youtube.com/watch?v=Meo-CYwptG4,89,49,223,https://www.youtube.com/watch?v=9Yz6lX9d4C4,1298,398,1670,https://www.youtube.com/watch?v=Meo-CYwptG4,817,142,96,160,https://www.twitch.tv/videos/2751048331
1f445fb1ee7447c2add6738b86570b2e,1670,70271,0,0,0,,0,0,0,,0,0,0,,0,0,0,0,
10c8c9b647e7464f9d95c7c1a865da01,1660,119635,66,23,2002,https://www.youtube.com/watch?v=r-ZYdSBtNmk,30,11,86,https://www.youtube.com/watch?v=oKVojeS1pzA,814,384,2002,https://www.youtube.com/watch?v=r-ZYdSBtNmk,2101,233,160,269,https://www.twitch.tv/videos/2760378149
1257fb7258eb49ad8cf58ed64b800056,1660,47452,0,0,0,,0,0,0,,0,0,0,,788,167,58,592,https://www.twitch.tv/videos/2739254277
ecbeda5532474bdb8d08d4e15ce98d89,1660,15210,0,0,0,,0,0,0,,0,0,0,,3007,236,190,236,https://www.twitch.tv/videos/2755984271
cfa15a7e93824927ad4b84a519b0ab68,1660,614132,2301,1337,4840,https://www.youtube.com/watch?v=fCfQBPZkQmM,0,0,0,,2301,1337,4840,https://www.youtube.com/watch?v=fCfQBPZkQmM,0,0,0,0,
7259f7e619e943018e64fb24d4d20e34,1650,34141,144,105,161,https://www.youtube.com/watch?v=HCI2OvBTFko,144,105,161,https://www.youtube.com/watch?v=HCI2OvBTFko,0,0,0,,0,0,0,0,
e3451dd6f3c0444c888eb6f67704613a,1650,62260,142,71,393,https://www.youtube.com/watch?v=rQCg67DpQZ4,142,71,393,https://www.youtube.com/watch?v=rQCg67DpQZ4,0,0,0,,0,0,0,0,
607d6173383c4118a32171fbcfc98e60,1640,42365,4,2,24,https://www.youtube.com/watch?v=KJp4IvMN-F4,0,0,0,,4,2,24,https://www.youtube.com/watch?v=KJp4IvMN-F4,16619,3531,2790,4518,https://www.twitch.tv/videos/2753485050
7d6a4fa5389c461bb553b8190c5e951f,1640,105251,0,0,0,,0,0,0,,0,0,0,,0,0,0,0,
7e50374d02184a429cfc6dfba9b52e2f,1640,9674,0,0,0,,0,0,0,,0,0,0,,392,74,39,74,https://www.twitch.tv/videos/2749312806
c192b6e25df841ad85cbc8bbf0bd8bfe,1640,109907,0,0,0,,0,0,0,,0,0,0,,0,0,0,0,
f7bfeaf6288f4afe80b62dab32698a0c,1640,522089,53,22,108,https://www.youtube.com/watch?v=deBQALnoAQA,63,31,108,https://www.youtube.com/watch?v=deBQALnoAQA,27,17,97,https://www.youtube.com/watch?v=LNF96ICWrUI,335,0,0,0,
b9086ee5f7b54353a5ba85c973b2e2af,1630,64996,88,71,108,https://www.youtube.com/watch?v=7dGguz7RleY,88,71,108,https://www.youtube.com/watch?v=7dGguz7RleY,0,0,0,,0,0,0,0,
4077520d348749e49598cd5fa1058b6a,1630,60177,19,12,93,https://www.youtube.com/watch?v=jlFa_YsIGrU,19,12,93,https://www.youtube.com/watch?v=jlFa_YsIGrU,0,0,0,,264,0,0,0,
bc7d14416ba24cc8819f0753e1f595f5,1630,309332,122,83,784,https://www.youtube.com/watch?v=2-iHp5q_Mbw,122,83,784,https://www.youtube.com/watch?v=2-iHp5q_Mbw,0,0,0,,0,0,0,0,
c45e260cafa14b3fab4030fb339ed1ab,1630,76654,47,27,69,https://www.youtube.com/watch?v=6qFN8nbSBeI,47,27,69,https://www.youtube.com/watch?v=6qFN8nbSBeI,0,0,0,,28,0,0,0,
da503b835e2a41d58433ebf6960db356,1630,59980,140,1,140,https://www.youtube.com/watch?v=WVsLSG7tFQw,0,0,0,,140,1,140,https://www.youtube.com/watch?v=WVsLSG7tFQw,783,0,0,0,
46e494bf06c640da95ad1b0b81631d98,1630,262989,51,35,2087,https://www.youtube.com/watch?v=Lwq8TKOCaZ4,45,31,99,https://www.youtube.com/watch?v=x8kvM6JAEfE,1063,419,2087,https://www.youtube.com/watch?v=Lwq8TKOCaZ4,926,30,23,134,https://www.twitch.tv/videos/2758303080
bdcf0d95e6544ebaaddbfba94839cd6b,1630,91411,51,11,108,https://www.youtube.com/watch?v=NwDyrUs5T-4,52,16,67,https://www.youtube.com/watch?v=trGc21r6uWM,25,9,108,https://www.youtube.com/watch?v=NwDyrUs5T-4,0,0,0,0,
7e26ddf485a84c0cb6d781a3bf432c55,1630,39048,0,0,0,,0,0,0,,0,0,0,,3962,0,0,0,
306117a48f3445baad1d6a919ed340bb,1630,69489,153,63,1096,https://www.youtube.com/watch?v=bo-M60tCcEQ,138,63,272,https://www.youtube.com/watch?v=1hO6yXseQQo,564,217,1096,https://www.youtube.com/watch?v=bo-M60tCcEQ,151,0,0,0,
e8ec42e35b774df8a21ae98a0d01fdc0,1630,1208926,135,59,4339,https://www.youtube.com/watch?v=csbJ8eHDF6s,48,37,154,https://www.youtube.com/watch?v=h-6s1xhhztE,893,257,4339,https://www.youtube.com/watch?v=csbJ8eHDF6s,0,0,0,0,
d3b1e8a5a2c74d2395dc33869caadb50,1620,7178,0,0,0,,0,0,0,,0,0,0,,0,0,0,0,
bee9506c5d714205bfc69573280852c2,1620,123252,459,81,1960,https://www.youtube.com/watch?v=5zkPos8PE7Q,58,18,252,https://www.youtube.com/watch?v=OWXar5btfPM,1422,608,1960,https://www.youtube.com/watch?v=5zkPos8PE7Q,2134,88,61,88,https://www.twitch.tv/videos/2754324457
5dc565de88a948ecb092cce178aafe60,1620,477584,0,0,0,,0,0,0,,0,0,0,,414,0,0,0,
7425576151124e11a94609fd1b8687bc,1620,62236,0,0,0,,0,0,0,,0,0,0,,2034,0,0,0,
80e2f3365bfd4479a3594c3278311103,1610,0,0,0,0,,0,0,0,,0,0,0,,2260,0,0,0,
00c2bd1279064d88b05ad2d17d790e37,1610,9021,721,384,2227,https://www.youtube.com/watch?v=2aWz_PYw1Ic,0,0,0,,721,384,2227,https://www.youtube.com/watch?v=2aWz_PYw1Ic,194,0,0,0,
a1915cccb8584d57b9b22975263c7af4,1610,268839,97,43,113,https://www.youtube.com/watch?v=3f0zz9Q6OW0,89,34,104,https://www.youtube.com/watch?v=p3w4NBQn_nU,113,67,113,https://www.youtube.com/watch?v=3f0zz9Q6OW0,0,0,0,0,
9e5e58a212584007b1ab1f22f5c59438,1610,135992,117,75,510,https://www.youtube.com/watch?v=muMCo_56fHU,117,75,510,https://www.youtube.com/watch?v=muMCo_56fHU,0,0,0,,0,0,0,0,
67674d86fce54eceb37e0dc4ea802132,1610,121867,70,33,481,https://www.youtube.com/watch?v=wfJfAJqJyO8,72,34,299,https://www.youtube.com/watch?v=V7wKpm4r5Jo,48,18,481,https://www.youtube.com/watch?v=wfJfAJqJyO8,92,4,3,11,https://www.twitch.tv/videos/2756748780
c4651b162abb45c3a85640e3d456fa71,1610,57893,25,16,43,https://www.youtube.com/watch?v=t55YpXndvxo,25,16,43,https://www.youtube.com/watch?v=t55YpXndvxo,0,0,0,,320,0,0,0,
954590604f0e49e88fadc8ce6dafba1b,1600,93951,66,31,248,https://www.youtube.com/watch?v=__p03p1yQeg,66,31,248,https://www.youtube.com/watch?v=__p03p1yQeg,0,0,0,,0,0,0,0,
53cd965ca91e495887b89aabd6314402,1600,32238,54,24,82,https://www.youtube.com/watch?v=VEHg2-4uTNk,55,32,82,https://www.youtube.com/watch?v=VEHg2-4uTNk,13,12,13,https://www.youtube.com/watch?v=RdBUPQ86t5c,16,0,0,0,
b0a7d70ae76549f5b4418e56ee4ad43f,1600,44711,75,43,1226,https://www.youtube.com/watch?v=_viZWdOyaB8,74,43,159,https://www.youtube.com/watch?v=xdHK5Fy8JhA,812,151,1226,https://www.youtube.com/watch?v=_viZWdOyaB8,1031,326,226,540,https://www.twitch.tv/videos/2754110074
89f4c9a5a9374700ae9f3725cd8a3f0f,1590,147209,511,248,3558,https://www.youtube.com/watch?v=6FUeOjatJyM,120,54,154,https://www.youtube.com/watch?v=zDzEpTN8_Zs,1256,480,3558,https://www.youtube.com/watch?v=6FUeOjatJyM,178,130,100,150,https://www.twitch.tv/videos/2755847548
86e86bf2d8e54e9083613e7398e1e7ac,1590,37109,0,0,0,,0,0,0,,0,0,0,,1816,520,318,1944,https://www.twitch.tv/videos/2750942481
7e9fc4a1ccc7445182bb3c5264d99187,1590,63422,87,54,1444,https://www.youtube.com/watch?v=L6UqS10-gvw,74,43,273,https://www.youtube.com/watch?v=tXDJnvlduhU,860,304,1444,https://www.youtube.com/watch?v=L6UqS10-gvw,0,0,0,0,
a73b969a7fe24a9aaeb9bc1c63ca6450,1590,86624,222,207,222,https://www.youtube.com/watch?v=m2qULGsm_Qk,0,0,0,,222,207,222,https://www.youtube.com/watch?v=m2qULGsm_Qk,4884,546,251,1214,https://www.twitch.tv/videos/2756385682
e214241ed6574d939e398051ae25921d,1590,65,0,0,0,,0,0,0,,0,0,0,,0,0,0,0,
2913f17e61014f7691e016fae8468404,1590,72885,66,23,508,https://www.youtube.com/watch?v=D3HHBW-ggAE,53,14,66,https://www.youtube.com/watch?v=h6HZKCvAqZo,508,201,508,https://www.youtube.com/watch?v=D3HHBW-ggAE,265,0,0,0,
8cace62dbfc34c2a9a2a348e479cdbb1,1590,193720,968,406,1131,https://www.youtube.com/watch?v=sNvk6S5-duw,17,3,17,https://www.youtube.com/watch?v=JT8ozyVamQA,1076,467,1131,https://www.youtube.com/watch?v=sNvk6S5-duw,0,0,0,0,
a725f6babc5f44779d7389886c6cd7b7,1590,58301,84,40,742,https://www.youtube.com/watch?v=31AfikBYcS0,84,40,742,https://www.youtube.com/watch?v=31AfikBYcS0,0,0,0,,0,0,0,0,
055f10f2da424da8bfbfe9d01b15fb11,1580,44199,79,41,147,https://www.youtube.com/watch?v=n6YjqFlMmQw,79,41,147,https://www.youtube.com/watch?v=n6YjqFlMmQw,0,0,0,,40,0,0,0,
905304e606344aba8c84b83717453f5e,1580,69925,107,42,391,https://www.youtube.com/watch?v=WNMi5rm7G-c,107,42,391,https://www.youtube.com/watch?v=WNMi5rm7G-c,0,0,0,,0,0,0,0,
9a7b7c9c31da44aca5a68395a2e69488,1580,706646,36,21,256,https://www.youtube.com/watch?v=eAoVXKGAx3Y,34,21,256,https://www.youtube.com/watch?v=eAoVXKGAx3Y,86,21,127,https://www.youtube.com/watch?v=pfbP1AZoDrg,114,0,0,0,
94f9966aa28a45e1ab4b94507037d1d7,1570,144609,141,68,274,https://www.youtube.com/watch?v=DxmIivs_Mv4,141,68,274,https://www.youtube.com/watch?v=DxmIivs_Mv4,0,0,0,,0,0,0,0,
c4fafcb15c694ad5ab88d1948d401e54,1570,83312,89,45,390,https://www.youtube.com/watch?v=fIRToniAHgU,89,45,390,https://www.youtube.com/watch?v=fIRToniAHgU,0,0,0,,174,0,0,0,
95fa8eef249d4edca59594271fedc487,1570,52646,0,0,0,,0,0,0,,0,0,0,,0,0,0,0,
5b1bd72acc95440cb3aa381c89cfca3c,1560,90467,374,103,468,https://www.youtube.com/watch?v=vg2grTcaea4,0,0,0,,374,103,468,https://www.youtube.com/watch?v=vg2grTcaea4,0,0,0,0,
a112fc34dd9944a5a15f50c1c078aa3e,1560,126743,81,64,117,https://www.youtube.com/watch?v=sY8Zt5HDl1w,81,64,117,https://www.youtube.com/watch?v=sY8Zt5HDl1w,0,0,0,,0,0,0,0,
1cdbceb7ad414bb59b3a9563a93fe840,1550,64846,227,100,227,https://www.youtube.com/watch?v=lGB9oUQ6k28,227,100,227,https://www.youtube.com/watch?v=lGB9oUQ6k28,0,0,0,,0,0,0,0,
bf03fd8b5b55481590ea63338c5cdd20,1550,29317,0,0,0,,0,0,0,,0,0,0,,4042,0,0,0,
904f58005872497b82964fff25490152,1550,22054,0,0,0,,0,0,0,,0,0,0,,189,0,0,0,
076c16fcd0c843c0b70748712d15f233,1550,30838,153,130,1079,https://www.youtube.com/watch?v=SulYGe4tHP0,139,75,1079,https://www.youtube.com/watch?v=SulYGe4tHP0,237,191,269,https://www.youtube.com/watch?v=d9CL9nirHWY,0,0,0,0,
95eabea4e8014fedb5d34ea27137a4ca,1550,129678,103,65,1421,https://www.youtube.com/watch?v=68qDDfVzbm0,98,60,172,https://www.youtube.com/watch?v=ObAgdAJlQCs,1289,387,1421,https://www.youtube.com/watch?v=68qDDfVzbm0,0,0,0,0,
e312462015a2454087c9fe83dd939994,1550,30111,100,72,166,https://www.youtube.com/watch?v=USiD-bFDpP8,100,72,166,https://www.youtube.com/watch?v=USiD-bFDpP8,0,0,0,,0,0,0,0,
1eef416d7ad94b6aa728e10d6da10304,1540,69247,16,15,86,https://www.youtube.com/watch?v=0nSDdsvUEFs,0,0,0,,16,15,86,https://www.youtube.com/watch?v=0nSDdsvUEFs,2037,304,214,364,https://www.twitch.tv/videos/2760442764
cbd9ed35dc0045aa9c57bb9ee14b02e0,1540,693636,8,3,13,https://www.youtube.com/watch?v=0DXZrfOlIfQ,0,0,0,,8,3,13,https://www.youtube.com/watch?v=0DXZrfOlIfQ,0,0,0,0,
1be625b10e2f4e65bab5b19d10a4d0b1,1540,18463,0,0,0,,0,0,0,,0,0,0,,0,0,0,0,
e210fb08b0744535a907823fa9f062cc,1530,52826,0,0,0,,0,0,0,,0,0,0,,1216,330,89,583,https://www.twitch.tv/videos/2754001693
ee7cfe445bc84d6fa7fff5df6fbf0d32,1530,45673,52,26,72,https://www.youtube.com/watch?v=NdDeYEd1F7Y,52,26,72,https://www.youtube.com/watch?v=NdDeYEd1F7Y,0,0,0,,731,0,0,0,
d70830a282b9446f89bc9d82c88b8db3,1520,133548,72,70,72,https://www.youtube.com/watch?v=IC_Z_IfEZnE,72,70,72,https://www.youtube.com/watch?v=IC_Z_IfEZnE,0,0,0,,266,0,0,0,
d57b7459ef5949ef96672a96fb33d8a2,1520,62977,108,81,108,https://www.youtube.com/watch?v=Hi61rxSbToo,108,81,108,https://www.youtube.com/watch?v=Hi61rxSbToo,0,0,0,,1099,276,163,407,https://www.twitch.tv/videos/2750966249
2ead897ab38c4530aeeb69a2f02da623,1520,69779,101,50,539,https://www.youtube.com/watch?v=KmfBz3--0bk,101,50,493,https://www.youtube.com/watch?v=Wm_j57Vbquc,306,64,539,https://www.youtube.com/watch?v=KmfBz3--0bk,0,0,0,0,
260f0fb7a8b1421394c38114230479bb,1520,65460,52,25,155,https://www.youtube.com/watch?v=1q_YWST60ak,52,25,155,https://www.youtube.com/watch?v=1q_YWST60ak,0,0,0,,141,23,16,30,https://www.twitch.tv/videos/2753486612
b88e19a358b843068cd5bd7ec103d521,1510,133878,145,69,1248,https://www.youtube.com/watch?v=19zf10dlmtI,142,59,171,https://www.youtube.com/watch?v=lRJbqrTwxeo,1248,748,1248,https://www.youtube.com/watch?v=19zf10dlmtI,0,0,0,0,
c506f1ab266f47e2be683220533a4790,1510,43228,39,15,187,https://www.youtube.com/watch?v=Xf_D35NPgWc,27,15,51,https://www.youtube.com/watch?v=0nxYTHkrhXM,133,28,187,https://www.youtube.com/watch?v=Xf_D35NPgWc,0,0,0,0,
eaa1d55ba99c40ce82413701233efdbd,1510,60387,41,22,71,https://www.youtube.com/watch?v=bQjp8YrGELs,41,22,71,https://www.youtube.com/watch?v=bQjp8YrGELs,0,0,0,,0,0,0,0,
c6ce333916b446d48d27be05df1a218e,1510,30973,69,28,104,https://www.youtube.com/watch?v=8OTZBKPAvAQ,69,28,104,https://www.youtube.com/watch?v=8OTZBKPAvAQ,0,0,0,,551,46,38,59,https://www.twitch.tv/videos/2758275236
02dadd7977b8412b99f101241de4cb3f,1500,78133,38,16,77,https://www.youtube.com/watch?v=5HVPv0fo7XU,38,16,77,https://www.youtube.com/watch?v=5HVPv0fo7XU,0,0,0,,1072,90,63,129,https://www.twitch.tv/videos/2754266654
dcc5b43448044231a3a8710d144b2602,1500,130294,139,74,213,https://www.youtube.com/watch?v=1tOBX705dCU,139,74,213,https://www.youtube.com/watch?v=1tOBX705dCU,0,0,0,,0,0,0,0,
5ce810e28ea54f5bacd55573589f4e4e,1500,99329,50,33,79,https://www.youtube.com/watch?v=uU9S4Df6S94,50,33,79,https://www.youtube.com/watch?v=uU9S4Df6S94,0,0,0,,0,0,0,0,
6d61885259b744a28c7b92c0785e8fe9,1500,0,0,0,0,,0,0,0,,0,0,0,,854,0,0,0,
489752f0b42c49b785d43f1207429983,1490,44167,49,40,49,https://www.youtube.com/watch?v=hPbMI6x2V8U,49,40,49,https://www.youtube.com/watch?v=hPbMI6x2V8U,0,0,0,,0,0,0,0,
a881100803aa4abc84dc3cc814dca0e7,1490,54013,70,59,2795,https://www.youtube.com/watch?v=wJ4klUjQQsI,70,2,70,https://www.youtube.com/watch?v=UMjsR70-ciI,1428,731,2795,https://www.youtube.com/watch?v=wJ4klUjQQsI,0,0,0,0,
4c466d73397a4899b4ca26f90aaf57ad,1490,159076,1141,333,1512,https://www.youtube.com/watch?v=PNj-Rs2FkUQ,0,0,0,,1141,333,1512,https://www.youtube.com/watch?v=PNj-Rs2FkUQ,167,0,0,0,
6db0d51e6ac9410f84f79e57448b8a60,1490,148274,162,72,251,https://www.youtube.com/watch?v=YS6WuXEZv-o,162,72,251,https://www.youtube.com/watch?v=YS6WuXEZv-o,0,0,0,,0,0,0,0,
91025114208d41b2bff535d6e277017e,1490,65802,47,28,63,https://www.youtube.com/watch?v=IVdm6LIM_18,47,28,63,https://www.youtube.com/watch?v=IVdm6LIM_18,0,0,0,,0,0,0,0,
356186a5552f499baab4ac520b7d4235,1490,90130,135,76,1897,https://www.youtube.com/watch?v=H_EGCsM6pL4,110,62,167,https://www.youtube.com/watch?v=5K_MHNLbVII,738,388,1897,https://www.youtube.com/watch?v=H_EGCsM6pL4,0,0,0,0,
12f51c457b27425fa98fe89c24ccb61c,1490,29175,0,0,0,,0,0,0,,0,0,0,,0,0,0,0,
b8ce93818de34a93901147e5d9857170,1490,85827,0,0,0,,0,0,0,,0,0,0,,0,0,0,0,
77829b31e6e246efbf1f648a353ff823,1480,256562,162,91,1534,https://www.youtube.com/watch?v=J0T-J7iz9Bo,144,86,1060,https://www.youtube.com/watch?v=d_m516Yjpiw,1192,112,1534,https://www.youtube.com/watch?v=J0T-J7iz9Bo,0,0,0,0,
3cf7289a95834ae1a25d4cb2909a1a9e,1480,50679,0,0,0,,0,0,0,,0,0,0,,0,0,0,0,
d62ad85ae5434754bc4f9f366815064a,1480,44907,0,0,0,,0,0,0,,0,0,0,,0,0,0,0,
1be04e1564c34845bee20467cdb8cfd1,1470,121245,0,0,0,,0,0,0,,0,0,0,,0,0,0,0,
2131a63328214b7f9a1022dae6890d66,1470,79208,59,31,196,https://www.youtube.com/watch?v=CL3BujKMoaQ,59,31,196,https://www.youtube.com/watch?v=CL3BujKMoaQ,0,0,0,,358,0,0,0,
2cc874f341184fb799b01c399477c0b4,1460,64397,125,68,125,https://www.youtube.com/watch?v=UkNLSYQIGeI,125,68,125,https://www.youtube.com/watch?v=UkNLSYQIGeI,0,0,0,,152,0,0,0,
091ac99f10804fe3b417a0f285731b4e,1460,205,103,28,143,https://www.youtube.com/watch?v=HQNjD8uJxSo,103,28,143,https://www.youtube.com/watch?v=HQNjD8uJxSo,0,0,0,,468,0,0,0,
6e6fd1311d2f42228faa8b1ccb0fa589,1450,76383,72,37,78,https://www.youtube.com/watch?v=x6y6PqPfQPE,72,37,78,https://www.youtube.com/watch?v=x6y6PqPfQPE,0,0,0,,0,0,0,0,
0dbf3f6f6521460782992a963122aed0,1450,252193,117,47,539,https://www.youtube.com/watch?v=JDQhXtoGq10,123,49,218,https://www.youtube.com/watch?v=5QQEoilCovU,89,47,539,https://www.youtube.com/watch?v=JDQhXtoGq10,334,91,53,101,https://www.twitch.tv/videos/2751036059
687568c1c9254c8ab34e7b6efbdd6dbc,1450,200507,71,30,75,https://www.youtube.com/watch?v=yWP3tbicvMA,71,30,75,https://www.youtube.com/watch?v=yWP3tbicvMA,0,0,0,,0,0,0,0,
a2188c1a225e4f93a64e3385fa02d779,1450,83198,0,0,0,,0,0,0,,0,0,0,,0,0,0,0,
889bb42644a14ae4af2b3594c51d057b,1450,79904,55,24,180,https://www.youtube.com/watch?v=d-v1YueUqqE,54,24,180,https://www.youtube.com/watch?v=d-v1YueUqqE,103,30,103,https://www.youtube.com/watch?v=orsNzM5Oeb4,0,0,0,0,
8044e4d538ab4e16b1952c8e42dee12e,1450,139677,47,22,175,https://www.youtube.com/watch?v=-gNp5cQA95E,45,21,175,https://www.youtube.com/watch?v=-gNp5cQA95E,110,87,110,https://www.youtube.com/watch?v=KjPpiN9yHes,0,0,0,0,
fcb4d9b8cd4a49dba6b421d97c179065,1450,66271,0,0,0,,0,0,0,,0,0,0,,1208,254,172,255,https://www.twitch.tv/videos/2756091852
46ca57774cd7476d86727882d07bd918,1440,70168,92,48,2553,https://www.youtube.com/watch?v=esJROkcEQaU,80,26,102,https://www.youtube.com/watch?v=v0rHh1hdoGk,1765,1022,2553,https://www.youtube.com/watch?v=esJROkcEQaU,145,199,146,199,https://www.twitch.tv/videos/2754271159
0ec3bf23ccba41659f6d91e424fb2b4a,1440,56612,0,0,0,,0,0,0,,0,0,0,,0,0,0,0,
747fb5e9d30240a1ac42fbf37e86b55d,1430,111951,64,36,253,https://www.youtube.com/watch?v=z108Cqj8qOM,58,35,158,https://www.youtube.com/watch?v=mwwBbvkmqi8,253,186,253,https://www.youtube.com/watch?v=z108Cqj8qOM,413,16,11,40,https://www.twitch.tv/videos/2759175604
5bc1ba6d941e4eca868a5b33425c3262,1430,0,0,0,0,,0,0,0,,0,0,0,,1194,0,0,0,
564b411dc4874310be6f8ee9bb7a0312,1420,99571,0,0,0,,0,0,0,,0,0,0,,0,0,0,0,
58588863643843439cebc85ef72654bb,1410,102167,61,26,266,https://www.youtube.com/watch?v=qX-1KdvK_Vo,56,24,74,https://www.youtube.com/watch?v=3EQROTCDlm4,266,167,266,https://www.youtube.com/watch?v=qX-1KdvK_Vo,0,0,0,0,
2ea398a50afd48c3a9e3a819186a4375,1410,61517,226,89,744,https://www.youtube.com/watch?v=knnit670AyY,226,89,744,https://www.youtube.com/watch?v=knnit670AyY,0,0,0,,150,0,0,0,
a7410ae72f2d4648bcf192c21abd7c32,1400,52478,0,0,0,,0,0,0,,0,0,0,,173,0,0,0,
bf425f4bc9154c00918ed885bdced632,1400,82488,103,14,182,https://www.youtube.com/watch?v=z0zhCevbuns,182,6,182,https://www.youtube.com/watch?v=z0zhCevbuns,25,23,25,https://www.youtube.com/watch?v=zCw2lVHZ5WU,0,0,0,0,
6adad1ae67dc495dae88cefa06446593,1400,106777,0,0,0,,0,0,0,,0,0,0,,0,0,0,0,
aabaf7767fa5449b86f58160496d0d4c,1400,74687,97,52,188,https://www.youtube.com/watch?v=B8TK89Dlk8M,97,52,188,https://www.youtube.com/watch?v=B8TK89Dlk8M,0,0,0,,0,0,0,0,
30f58f5fd3994b9a8751b3f44e543c17,1390,105903,55,46,55,https://www.youtube.com/watch?v=JgmDPSZGnks,55,46,55,https://www.youtube.com/watch?v=JgmDPSZGnks,0,0,0,,0,0,0,0,
e63047f70b0b4a7eba70e7d8cbd507ec,1390,31135,0,0,0,,0,0,0,,0,0,0,,0,0,0,0,
5a901d793927414493afa87af0c4baec,1390,28565,0,0,0,,0,0,0,,0,0,0,,1446,0,0,0,
c6a8cee6b8e042518ef58659113b3f34,1390,69333,139,36,168,https://www.youtube.com/watch?v=0sluICKj5nQ,139,36,168,https://www.youtube.com/watch?v=0sluICKj5nQ,0,0,0,,0,0,0,0,
1b6e28ac923f4134a3627badc2fa8ef6,1390,68675,0,0,0,,0,0,0,,0,0,0,,489,0,0,0,
303c4cd8cf334f01805afdd8df5adc7f,1380,57484,60,40,86,https://www.youtube.com/watch?v=NjgKJL_pi4k,60,40,86,https://www.youtube.com/watch?v=NjgKJL_pi4k,0,0,0,,0,0,0,0,
188bbf1349f1482cbd24d06ba720cf17,1380,18385,0,0,0,,0,0,0,,0,0,0,,885,63,35,73,https://www.twitch.tv/videos/2756733013
5356357f112b46db862b472a4aafcee8,1380,44917,152,60,2073,https://www.youtube.com/watch?v=GlfNiwNdgog,152,60,180,https://www.youtube.com/watch?v=Evs4gZy9lL0,163,76,2073,https://www.youtube.com/watch?v=GlfNiwNdgog,1293,31,27,41,https://www.twitch.tv/videos/2757517637
43056077596a49349ee4bea028f670f6,1380,80737,183,99,184,https://www.youtube.com/watch?v=eN7up79bN6Q,183,99,184,https://www.youtube.com/watch?v=eN7up79bN6Q,0,0,0,,305,268,232,268,https://www.twitch.tv/videos/2757433598
ea8cc7c4366d48c797a88bfbcf584301,1380,35756,0,0,0,,0,0,0,,0,0,0,,157,0,0,0,
9948190bc88442f4a0757eed54fb24f0,1370,31321,214,62,2090,https://www.youtube.com/watch?v=BKidm7HEvTQ,0,0,0,,214,62,2090,https://www.youtube.com/watch?v=BKidm7HEvTQ,227,902,519,3430,https://www.twitch.tv/videos/2755722480
de1fec02e4ab43aa948a415621abc524,1370,88118,0,0,0,,0,0,0,,0,0,0,,0,0,0,0,
bc77dc55cf9b4be88c878ac4b5c07438,1370,25885,0,0,0,,0,0,0,,0,0,0,,791,241,153,375,https://www.twitch.tv/videos/2749205396
a974047cb6bb412da7fca2ec9d91d882,1370,62591,143,46,6227,https://www.youtube.com/watch?v=aae1cPnMm1o,100,40,143,https://www.youtube.com/watch?v=6xi8ruJZIE8,6227,1921,6227,https://www.youtube.com/watch?v=aae1cPnMm1o,214,176,138,248,https://www.twitch.tv/videos/2754235749
aa0d8c2604694532a20aaf0f0ced8a5e,1370,0,0,0,0,,0,0,0,,0,0,0,,2525,0,0,0,
4d98ebdc4eb8448da8d2ab8f64df8383,1360,1491,1491,801,1491,https://www.youtube.com/watch?v=G6bCefPw-cY,0,0,0,,1491,801,1491,https://www.youtube.com/watch?v=G6bCefPw-cY,155,0,0,0,
6f68d3f50edf4814b59a4a018090b180,1360,29614,68,58,68,https://www.youtube.com/watch?v=Rkc4lvqM-Js,68,58,68,https://www.youtube.com/watch?v=Rkc4lvqM-Js,0,0,0,,0,0,0,0,
6861903583ee45d191ddc03faf6cd0d8,1360,21394,0,0,0,,0,0,0,,0,0,0,,1296,96,80,123,https://www.twitch.tv/videos/2752754623
7327248ff3f04589bca9e61665448ae8,1360,47331,0,0,0,,0,0,0,,0,0,0,,311,0,0,0,
61e81c6f534247b486b8125bd34fa960,1350,67393,0,0,0,,0,0,0,,0,0,0,,20194,1456,545,4456,https://www.twitch.tv/videos/2744510572
18d1c00e0bde4ddbb8be5eafe0967dfe,1350,76452,0,0,0,,0,0,0,,0,0,0,,0,0,0,0,
25b1a8ceab1d439491fb4e98013cd0fc,1350,21977,0,0,0,,0,0,0,,0,0,0,,581,352,35,638,https://www.twitch.tv/videos/2738930048
e3157ce546a640029cfcccb9107f8154,1350,78395,4,0,8,https://www.youtube.com/watch?v=w9BbqPQk15k,0,0,0,,4,0,8,https://www.youtube.com/watch?v=w9BbqPQk15k,0,0,0,0,
5903a0f7274043058d817894a9b39e75,1340,31226,7,2,14,https://www.youtube.com/watch?v=t7G1Ik24vi4,0,0,0,,7,2,14,https://www.youtube.com/watch?v=t7G1Ik24vi4,0,0,0,0,
6ff6adcddc934a3b94e45448e1912539,1330,203379,0,0,0,,0,0,0,,0,0,0,,1878,0,0,0,
e15cd068f6fd4a05be985c22133f5428,1330,92522,257,49,261,https://www.youtube.com/watch?v=0Qk_kyT7cd4,257,49,261,https://www.youtube.com/watch?v=0Qk_kyT7cd4,0,0,0,,0,0,0,0,
e36d8852a3ed4cb58eb4e863b93ccb4e,1330,367,0,0,0,,0,0,0,,0,0,0,,101,0,0,0,
87606e72f653472f9eafb06e8f49c39c,1330,156447,943,669,1833,https://www.youtube.com/watch?v=J5Pr7Bz9Ydg,0,0,0,,943,669,1833,https://www.youtube.com/watch?v=J5Pr7Bz9Ydg,0,0,0,0,
4082168d753e42b7aca1d25e759d09a7,1330,47827,0,0,0,,0,0,0,,0,0,0,,652,0,0,0,
f4eae5dde65b41969336f3f52c6df2d8,1320,112859,114,53,1469,https://www.youtube.com/watch?v=1S0hWLUfw5A,92,31,168,https://www.youtube.com/watch?v=0oAHA6Tc4IA,1261,487,1469,https://www.youtube.com/watch?v=1S0hWLUfw5A,187,0,0,0,
b572cb7de27446e3bcda5135f6a23d8a,1320,43365,81,59,1873,https://www.youtube.com/watch?v=_uO0pPPQqxQ,74,27,92,https://www.youtube.com/watch?v=f_YU7tbNr4k,1003,683,1873,https://www.youtube.com/watch?v=_uO0pPPQqxQ,0,0,0,0,
8968a24fb6bf4f08b1611e694c98eb40,1320,88899,43,25,1377,https://www.youtube.com/watch?v=qULNc-ajCKA,43,21,73,https://www.youtube.com/watch?v=s_JfPXu6ITc,1377,527,1377,https://www.youtube.com/watch?v=qULNc-ajCKA,0,0,0,0,
4267c862353e410388f1eaa5a5d85017,1320,35855,67,30,143,https://www.youtube.com/watch?v=bSS917MzzUo,67,30,143,https://www.youtube.com/watch?v=bSS917MzzUo,0,0,0,,0,0,0,0,
e2df9d4aea8b4cb4b8e38c31cbf73036,1320,50108,0,0,0,,0,0,0,,0,0,0,,0,0,0,0,
9de536d111214c379ec6969a52d92442,1320,74108,45,40,51,https://www.youtube.com/watch?v=DD7DH9Kkas0,45,40,51,https://www.youtube.com/watch?v=DD7DH9Kkas0,0,0,0,,0,0,0,0,
eec1f137ea78444185a4268f72f59611,1320,48644,0,0,0,,0,0,0,,0,0,0,,0,0,0,0,
e9a30300d33f4c2e9b1c3bd1d64148cc,1310,28284,0,0,0,,0,0,0,,0,0,0,,0,0,0,0,
521efecabae94dd6b1d21bc5e8543fcb,1310,68303,0,0,0,,0,0,0,,0,0,0,,374,0,0,0,
773a7694afcf4666960b05a4faf1a1fa,1310,72447,119,15,127,https://www.youtube.com/watch?v=k9dW8W7p2MY,119,15,127,https://www.youtube.com/watch?v=k9dW8W7p2MY,0,0,0,,0,0,0,0,
515f61904a1a45688ea0d7bc1e7d499e,1310,308524,1518,608,1518,https://www.youtube.com/watch?v=R3-E3sGMBVw,0,0,0,,1518,608,1518,https://www.youtube.com/watch?v=R3-E3sGMBVw,6,0,0,0,
1e06211caf4f4afa98125699a4c66b5d,1310,0,0,0,0,,0,0,0,,0,0,0,,0,0,0,0,
506d9c6fdbd34c8aa5fda64d90d96ac2,1300,97759,50,18,197,https://www.youtube.com/watch?v=dyeO05coGPo,50,18,197,https://www.youtube.com/watch?v=dyeO05coGPo,0,0,0,,0,0,0,0,
ffe6a7983e434702a68fe18c169e3164,1300,52617,71,18,175,https://www.youtube.com/watch?v=X5C5bCrNNHY,71,22,175,https://www.youtube.com/watch?v=X5C5bCrNNHY,18,6,18,https://www.youtube.com/watch?v=4hoMvhkZE0w,398,10,7,11,https://www.twitch.tv/videos/2754933757
cd9733cb91b6400aae0bc23e3f25d7eb,1300,36229,0,0,0,,0,0,0,,0,0,0,,0,0,0,0,
22a83c82e1914eb68b12e76b4ccb277c,1300,47205,55,30,1681,https://www.youtube.com/watch?v=-DLouEd0Ukg,50,29,94,https://www.youtube.com/watch?v=9RN7PkFbVBk,1429,532,1681,https://www.youtube.com/watch?v=-DLouEd0Ukg,0,0,0,0,
9133438057714eb196366f5ecbed6a4a,1290,391865,1064,484,6449,https://www.youtube.com/watch?v=cRcF0HfW9fY,0,0,0,,1064,484,6449,https://www.youtube.com/watch?v=cRcF0HfW9fY,0,0,0,0,
849624dcb99b4abf814b0b748669b6ff,1290,5947,176,22,206,https://www.youtube.com/watch?v=hOLldeBYAlY,176,22,206,https://www.youtube.com/watch?v=hOLldeBYAlY,0,0,0,,0,0,0,0,
0c3b5ae85d2940b8b73a92d72dc0d313,1290,78075,72,39,1425,https://www.youtube.com/watch?v=WlBq_P1abTA,72,39,99,https://www.youtube.com/watch?v=h1WSmmt1riM,197,39,1425,https://www.youtube.com/watch?v=WlBq_P1abTA,473,71,58,77,https://www.twitch.tv/videos/2756664756
f479e1403f614727a5f2a2be339bad74,1290,21336,0,0,0,,0,0,0,,0,0,0,,3583,712,0,712,https://www.twitch.tv/videos/2736279456
a5e5533ac342488a94003dc77869ddf9,1290,65610,58,19,149,https://www.youtube.com/watch?v=bGXkJ_s7X-o,58,24,149,https://www.youtube.com/watch?v=bGXkJ_s7X-o,30,4,30,https://www.youtube.com/watch?v=Ew81gC0GZac,0,0,0,0,
403697f0f5ba49ef873673236c07e2d3,1280,74673,63,48,2283,https://www.youtube.com/watch?v=9z8InzyLfEQ,62,41,119,https://www.youtube.com/watch?v=Vm9qG69yh9o,2283,150,2283,https://www.youtube.com/watch?v=9z8InzyLfEQ,137,64,53,126,https://www.twitch.tv/videos/2753551836
bb28421da8a749ffb1ca8582b6278c24,1280,50622,68,21,193,https://www.youtube.com/watch?v=1tk4-n4880M,0,0,0,,68,21,193,https://www.youtube.com/watch?v=1tk4-n4880M,688,183,141,355,https://www.twitch.tv/videos/2749429416
787da9082edb4e9e9024a52cb12449e8,1280,31840,168,76,272,https://www.youtube.com/watch?v=scFl_IxoCps,168,76,272,https://www.youtube.com/watch?v=scFl_IxoCps,0,0,0,,0,0,0,0,
6ab090baa4624f1c8fca28312799e826,1280,42905,0,0,0,,0,0,0,,0,0,0,,776,78,58,97,https://www.twitch.tv/videos/2750250842
355d53b23acb4f4697b858ca06b25fb7,1280,400820,39,6,50,https://www.youtube.com/watch?v=o6AWvcABI98,39,6,50,https://www.youtube.com/watch?v=o6AWvcABI98,0,0,0,,0,0,0,0,
30a4362c1143491ea0ed5383c4882251,1280,69704,90,57,294,https://www.youtube.com/watch?v=1vZuD25NwT4,161,58,294,https://www.youtube.com/watch?v=1vZuD25NwT4,14,13,14,https://www.youtube.com/watch?v=rnfhjOTZkCA,0,0,0,0,
8fbd23f4e2ad442bb230aea8f433cd49,1280,121425,48,30,2226,https://www.youtube.com/watch?v=DE9p6WHUO1M,43,25,87,https://www.youtube.com/watch?v=epUAONlSjmA,1123,551,2226,https://www.youtube.com/watch?v=DE9p6WHUO1M,103,15,12,21,https://www.twitch.tv/videos/2759871356
aa72818fdcaf460b9b3f90e92d702e57,1270,25847,1774,1758,2967,https://www.youtube.com/watch?v=qKy8ONLHrC8,0,0,0,,1774,1758,2967,https://www.youtube.com/watch?v=qKy8ONLHrC8,7160,4776,2242,9046,https://www.twitch.tv/videos/2747873193
c15d8ca6249341d88086f2a9a2359812,1270,297179,1774,941,128798,https://www.youtube.com/watch?v=277Ij74qu2g,0,0,0,,1774,941,128798,https://www.youtube.com/watch?v=277Ij74qu2g,0,0,0,0,
9cd7391045604ccda8be89f7946233e2,1270,1782,0,0,0,,0,0,0,,0,0,0,,81,34,27,47,https://www.twitch.tv/videos/2756620234
e5433e4a21eb49e2bcd508e3b12fba6d,1270,10581,0,0,0,,0,0,0,,0,0,0,,187,16,15,17,https://www.twitch.tv/videos/2759720047
3daee44c0bab401386813cff327a10a2,1270,133450,272,145,2879,https://www.youtube.com/watch?v=72GvOPbYNwg,198,73,733,https://www.youtube.com/watch?v=EFQxuD1A8qc,1185,383,2879,https://www.youtube.com/watch?v=72GvOPbYNwg,0,0,0,0,
74f214b764314c5aa446eb9981c94935,1270,41966,0,0,0,,0,0,0,,0,0,0,,0,0,0,0,
2efe1ad069184a7e94b0583b452ffac4,1270,122412,0,0,0,,0,0,0,,0,0,0,,0,0,0,0,
de49994d9fd14067bf9ea5b4fbac7229,1260,32769,136,67,399,https://www.youtube.com/watch?v=0qNkkAwfcQw,136,67,399,https://www.youtube.com/watch?v=0qNkkAwfcQw,0,0,0,,418,0,0,0,
e6794eac6ea541c5a9e5570a041ac3b9,1260,41584,0,0,0,,0,0,0,,0,0,0,,1217,0,0,0,
a45c0a929a504afa9afee5c56bc9b959,1260,43151,196,106,3100,https://www.youtube.com/watch?v=mXn6i39vzxc,194,68,479,https://www.youtube.com/watch?v=OIf5GZhbWPA,2383,1096,3100,https://www.youtube.com/watch?v=mXn6i39vzxc,0,0,0,0,
afe78c5051094e86bf9fdfe6cb2a4222,1250,58425,0,0,0,,0,0,0,,0,0,0,,0,0,0,0,
948d1078ceaf4b39b3bef86fdab85482,1250,13483,0,0,0,,0,0,0,,0,0,0,,0,0,0,0,
5d73e7f013034d06b58decaf4b2b385c,1250,27870,0,0,0,,0,0,0,,0,0,0,,0,0,0,0,
21c774c9133043baaf8d283705cd9093,1250,35451,265,128,1789,https://www.youtube.com/watch?v=OuaG7KqxXTM,214,117,535,https://www.youtube.com/watch?v=Fl343r58Evw,794,282,1789,https://www.youtube.com/watch?v=OuaG7KqxXTM,0,0,0,0,
7f7e1579979c49249dc65783d457e890,1240,33369,38,1,47,https://www.youtube.com/watch?v=ZQ5XxF6Jl7M,38,1,47,https://www.youtube.com/watch?v=ZQ5XxF6Jl7M,0,0,0,,440,0,0,0,
a4d4a2a3d7b648be9aa4d652ae592a4b,1240,103680,1659,477,2674,https://www.youtube.com/watch?v=w3ou-2PYF28,0,0,0,,1659,477,2674,https://www.youtube.com/watch?v=w3ou-2PYF28,117,0,0,0,
648d77b2067849838a8ad3fdc0afb85a,1240,5705,0,0,0,,0,0,0,,0,0,0,,1401,313,231,570,https://www.twitch.tv/videos/2755663877
e290f49c193149708cd72747639d5ced,1230,70535,325,69,585,https://www.youtube.com/watch?v=Gl9LiebYQMw,325,69,585,https://www.youtube.com/watch?v=Gl9LiebYQMw,0,0,0,,0,0,0,0,
d4bea738b4d548b788ddb590b62cc2bd,1230,142380,513,67,1647,https://www.youtube.com/watch?v=4sSukNsQg4o,177,54,912,https://www.youtube.com/watch?v=2S06S3OHE3Y,1591,463,1647,https://www.youtube.com/watch?v=4sSukNsQg4o,0,0,0,0,
6df15d678de844d1a7f08226c02d6183,1230,8546,0,0,0,,0,0,0,,0,0,0,,0,0,0,0,
7a9b7ab0d5bd411195d77800ff778a90,1230,249867,295,176,131046,https://www.youtube.com/watch?v=qy1D5TcxB9M,0,0,0,,295,176,131046,https://www.youtube.com/watch?v=qy1D5TcxB9M,66,0,0,0,
d4b4a16e0ccc4bb49ff82c8584e6ed79,1230,42669,0,0,0,,0,0,0,,0,0,0,,0,0,0,0,
9b424d3a99ef4fc3b17bc7fef92fefd3,1220,79811,31,12,2999,https://www.youtube.com/watch?v=LADm6BycZFg,17,10,53,https://www.youtube.com/watch?v=mPd8TgwUGVc,348,262,2999,https://www.youtube.com/watch?v=LADm6BycZFg,379,0,0,0,
2f966e51210f49ba9dce2ac90e3ada18,1220,21590,0,0,0,,0,0,0,,0,0,0,,865,0,0,0,
d23dbc9d1db64c42821697d1bac8fb66,1220,106161,160,117,3058,https://www.youtube.com/watch?v=tnAd_vr2el0,141,76,188,https://www.youtube.com/watch?v=7mZc21MlzDM,1187,485,3058,https://www.youtube.com/watch?v=tnAd_vr2el0,0,0,0,0,
be56f6cf87ab4da7b132b9d62c74bc2e,1220,37540,0,0,0,,0,0,0,,0,0,0,,0,0,0,0,
d3e4f9bdbb6c42fc97b60148cefdb6e0,1220,32631,0,0,0,,0,0,0,,0,0,0,,5501,2774,1367,5055,https://www.twitch.tv/videos/2750309150
c2012638512742e2801d0ced54f61711,1220,60230,0,0,0,,0,0,0,,0,0,0,,0,0,0,0,
0b8d1c0fa1b14df6821e85def645425e,1220,98398,92,26,251,https://www.youtube.com/watch?v=4Xyx7qtb3Ig,91,19,123,https://www.youtube.com/watch?v=DB3DboY8vcc,251,157,251,https://www.youtube.com/watch?v=4Xyx7qtb3Ig,165,0,0,0,
a8b244b0fb1f42f8b4bb3d3c2277de3b,1220,116021,0,0,0,,0,0,0,,0,0,0,,4634,539,246,3308,https://www.twitch.tv/videos/2758199618
b80c21b76e7849f0a0fa94194fe2ad4b,1210,19898,0,0,0,,0,0,0,,0,0,0,,1133,0,0,0,
03c9d83a4c534b65a5743b381eb2ce33,1210,36090,51,44,133,https://www.youtube.com/watch?v=9V-NBp68sA8,51,44,133,https://www.youtube.com/watch?v=9V-NBp68sA8,0,0,0,,691,0,0,0,
3430389926a942cbacde9b444b3a6653,1210,50831,0,0,0,,0,0,0,,0,0,0,,1034,0,0,0,
af34d62a8f4e4ca180c11f11c2832893,1210,39668,0,0,0,,0,0,0,,0,0,0,,0,0,0,0,
0f74555e05794780adc4eb0b9096f727,1210,15164,50,24,98,https://www.youtube.com/watch?v=yMULOG5DCTY,50,24,98,https://www.youtube.com/watch?v=yMULOG5DCTY,0,0,0,,110,0,0,0,
4071b27c63424e1f9882ebe04a884586,1210,44555,2180,1452,2180,https://www.youtube.com/watch?v=K1RXSwTb-ok,0,0,0,,2180,1452,2180,https://www.youtube.com/watch?v=K1RXSwTb-ok,6031,1539,601,1615,https://www.twitch.tv/videos/2738508135
82d5f7612b7645f3a77dd954a0e30b24,1200,34131,0,0,0,,0,0,0,,0,0,0,,0,0,0,0,
ccf93d7646f249dfa3454f5a60f466c8,1200,42311,0,0,0,,0,0,0,,0,0,0,,117,0,0,0,
8a68997a04594f3495ff2cb00a7da6d8,1200,79990,0,0,0,,0,0,0,,0,0,0,,1936,1289,870,2020,https://www.twitch.tv/videos/2756489809
c587658ad4fe44b09137591c094ab297,1200,114996,154,58,485,https://www.youtube.com/watch?v=MpOptILZib8,153,63,258,https://www.youtube.com/watch?v=TnNeTyoAXnQ,485,19,485,https://www.youtube.com/watch?v=MpOptILZib8,32,0,0,0,
0446516df6074a4ba8a0f3639b17de46,1190,58185,1584,958,1584,https://www.youtube.com/watch?v=0qDkc7Q9jS0,0,0,0,,1584,958,1584,https://www.youtube.com/watch?v=0qDkc7Q9jS0,0,0,0,0,
7b46621c7baf437da117a6c10c856292,1190,20830,79,29,116,https://www.youtube.com/watch?v=yLMcjHKYAHE,79,29,116,https://www.youtube.com/watch?v=yLMcjHKYAHE,0,0,0,,0,0,0,0,
921b0b3a8dd64a5494720801af95ba06,1190,79902,45,25,74,https://www.youtube.com/watch?v=lb2BOtFaIk0,45,25,74,https://www.youtube.com/watch?v=lb2BOtFaIk0,0,0,0,,0,0,0,0,
f2ca2659644f4d02abc851e7bee3255b,1180,16343,0,0,0,,0,0,0,,0,0,0,,2120,860,506,1066,https://www.twitch.tv/videos/2758136623
702c28baa35c4b7588ad4fa70ddc2304,1180,36758,2804,1408,10334,https://www.youtube.com/watch?v=9sYJkRb4XH4,0,0,0,,2804,1408,10334,https://www.youtube.com/watch?v=9sYJkRb4XH4,0,0,0,0,
9cdf183fa1ee43c2906cca70884a6278,1180,24491,0,0,0,,0,0,0,,0,0,0,,0,0,0,0,
07c204505d544b28bb52426d0665a59c,1180,55626,166,90,2183,https://www.youtube.com/watch?v=NHLKU01Xu9s,219,106,600,https://www.youtube.com/watch?v=ZTxn1gY79SQ,111,48,2183,https://www.youtube.com/watch?v=NHLKU01Xu9s,0,0,0,0,
6e845fd52d044ab598cc4ca35ba91f88,1180,7760,0,0,0,,0,0,0,,0,0,0,,0,0,0,0,
74c75f221fbb4cffa67de26881bae17d,1170,81205,0,0,0,,0,0,0,,0,0,0,,0,0,0,0,
ac5176c53ad7447b8d63f82f65ba7200,1170,56413,0,0,0,,0,0,0,,0,0,0,,2555,0,0,0,
3b9a06751f3c415993d424480d4d5060,1170,138974,65,28,69,https://www.youtube.com/watch?v=FqrBnponsF4,65,28,69,https://www.youtube.com/watch?v=FqrBnponsF4,0,0,0,,0,0,0,0,
870430bfaf9942f487819fcb4630fabb,1170,745,398,58,398,https://www.youtube.com/watch?v=gVt5z4dCu3s,398,58,398,https://www.youtube.com/watch?v=gVt5z4dCu3s,0,0,0,,1242,228,189,506,https://www.twitch.tv/videos/2750095950
fe555b322c784b5b9c2297c585bc9352,1170,37412,90,58,90,https://www.youtube.com/watch?v=vJp8vDa5tIY,90,58,90,https://www.youtube.com/watch?v=vJp8vDa5tIY,0,0,0,,0,0,0,0,
20bfe5495db6453eaadbc55322c856f9,1160,38645,0,0,0,,0,0,0,,0,0,0,,0,0,0,0,
507d48eff3d44b6cba7b707e321e01e7,1160,62333,0,0,0,,0,0,0,,0,0,0,,630,0,0,0,
99e9616a2f73426d8c0a672dd20d9ad3,1160,219579,113,83,162,https://www.youtube.com/watch?v=0O9k1epFLaA,113,83,162,https://www.youtube.com/watch?v=0O9k1epFLaA,0,0,0,,62,0,0,0,
4c4ebb91c8a346b2876d1ccd1a32dead,1160,58419,81,28,231,https://www.youtube.com/watch?v=9eB5VT-sKEo,77,28,231,https://www.youtube.com/watch?v=9eB5VT-sKEo,132,5,132,https://www.youtube.com/watch?v=A0fbScqun6A,439,0,0,0,
90405cb21f7743639684632f6bc57a46,1150,6637,0,0,0,,0,0,0,,0,0,0,,0,0,0,0,
492582e14bd0480eb5c847e6240f020b,1150,75532,53,22,548,https://www.youtube.com/watch?v=DYH3qzysoQI,57,30,548,https://www.youtube.com/watch?v=DYH3qzysoQI,38,5,38,https://www.youtube.com/watch?v=UzIUIkoly14,0,0,0,0,
f227226fd52e4fbe801b4c89acfe4887,1150,33670,66,35,100,https://www.youtube.com/watch?v=15C8EFZT5nU,66,35,100,https://www.youtube.com/watch?v=15C8EFZT5nU,0,0,0,,619,0,0,0,
d4c077fa180a460cabadc4e2838d1855,1150,58803,0,0,0,,0,0,0,,0,0,0,,0,0,0,0,
01871d8239314affaf7032899ce6502f,1150,295250,0,0,0,,0,0,0,,0,0,0,,0,0,0,0,
7e1072448d24495f8cac5163c0290989,1150,37982,58,15,59,https://www.youtube.com/watch?v=9BbGinT9FZw,58,15,59,https://www.youtube.com/watch?v=9BbGinT9FZw,0,0,0,,200,0,0,0,
d7e9a44c2bbe439b9f062d64dc1b96f3,1140,67358,77,45,151,https://www.youtube.com/watch?v=ZZDxL-qUGO0,77,45,151,https://www.youtube.com/watch?v=ZZDxL-qUGO0,0,0,0,,120,0,0,0,
f97745a8003c480fa728cf34d61afc6c,1140,66824,1219,680,1619,https://www.youtube.com/watch?v=BMtf6z4C6wg,0,0,0,,1219,680,1619,https://www.youtube.com/watch?v=BMtf6z4C6wg,0,0,0,0,
4e7110080135486ba1d83d3e5cdbf0ca,1140,14894,0,0,0,,0,0,0,,0,0,0,,429,0,0,0,
c964cb46cc9d411aaca372f9e459d2dc,1140,53618,0,0,0,,0,0,0,,0,0,0,,237,0,0,0,
1f378a6e115046ffa1a17f9079285d4a,1140,34444,67,27,107,https://www.youtube.com/watch?v=3Fqver50pWQ,67,27,107,https://www.youtube.com/watch?v=3Fqver50pWQ,0,0,0,,87,0,0,0,
956591dc2e40411688b8f8e3079bc5e3,1140,119036,272,29,497,https://www.youtube.com/watch?v=lpZDhKD7qlI,272,29,497,https://www.youtube.com/watch?v=lpZDhKD7qlI,0,0,0,,0,0,0,0,
aab094af87d74f3cbcb332bdac03fa23,1140,23658,0,0,0,,0,0,0,,0,0,0,,0,0,0,0,
5f9ded46df28474bbd1470d761700f30,1130,653511,0,0,0,,0,0,0,,0,0,0,,832,0,0,0,
3d33f15ad27c406abfd68d6c16e0b53d,1130,68223,0,0,0,,0,0,0,,0,0,0,,0,0,0,0,
4bdf9ee9f53f4785b37a9d9dbd2a0da8,1130,64983,11,3,61,https://www.youtube.com/watch?v=AuKPcZjOJ-s,0,0,0,,11,3,61,https://www.youtube.com/watch?v=AuKPcZjOJ-s,0,0,0,0,
fff74fa431cd4468b177675010504ee1,1130,17265,227,52,227,https://www.youtube.com/watch?v=aNXud_i2WRQ,0,0,0,,227,52,227,https://www.youtube.com/watch?v=aNXud_i2WRQ,374,49,29,77,https://www.twitch.tv/videos/2750210081
0b0668c6206c4500bdcbc281ee58680c,1130,39432,44,29,100,https://www.youtube.com/watch?v=XXDUReDnoeo,44,29,100,https://www.youtube.com/watch?v=XXDUReDnoeo,0,0,0,,2918,0,0,0,
853afd5eb42e4f61bb0f9478aa8c1661,1130,0,0,0,0,,0,0,0,,0,0,0,,0,0,0,0,
a5c12a1268af408c9a3ed6adbb72c53c,1130,69740,71,7,71,https://www.youtube.com/watch?v=R3k_q9EIchU,0,0,0,,71,7,71,https://www.youtube.com/watch?v=R3k_q9EIchU,0,0,0,0,
902740b39aed4b3cb381701c96a73f3a,1130,53649,72,39,392,https://www.youtube.com/watch?v=J1tYAxCRuks,83,45,392,https://www.youtube.com/watch?v=J1tYAxCRuks,42,3,42,https://www.youtube.com/watch?v=1F-hOT1UHxY,219,19,13,96,https://www.twitch.tv/videos/2750052380
01fc7842da284adaad67d3774a4b2a6c,1130,17773,58,34,67,https://www.youtube.com/watch?v=fgVbpMQfGEM,58,34,67,https://www.youtube.com/watch?v=fgVbpMQfGEM,0,0,0,,0,0,0,0,
b0b9e352f71d4a03ace9972ddec4ec56,1120,41481,75,21,75,https://www.youtube.com/watch?v=N4CkT8JRLLA,75,21,75,https://www.youtube.com/watch?v=N4CkT8JRLLA,0,0,0,,0,0,0,0,
15bc73fc2acf4a7695bab31fdea450f0,1120,39421,67,6,67,https://www.youtube.com/watch?v=NwafhF7P-1A,67,6,67,https://www.youtube.com/watch?v=NwafhF7P-1A,0,0,0,,0,0,0,0,
99f95450781349058c1c4098d6fe9f41,1120,72894,0,0,0,,0,0,0,,0,0,0,,0,0,0,0,
5226367de740445789ec9b65a84d65c5,1120,178690,48,29,607,https://www.youtube.com/watch?v=nim3JeNCNrw,45,9,49,https://www.youtube.com/watch?v=ie_fvKjMLMM,362,185,607,https://www.youtube.com/watch?v=nim3JeNCNrw,279,0,0,0,
46a8009adbca4aa083af580b50b69306,1110,24444,18,10,27,https://www.youtube.com/watch?v=ZLPI4XWjdm0,18,10,27,https://www.youtube.com/watch?v=ZLPI4XWjdm0,0,0,0,,495,17,10,17,https://www.twitch.tv/videos/2751778608
12f8dc82bc0d4f89bfbd7ede76ab1faf,1110,24347,1816,1032,7508,https://www.youtube.com/watch?v=yNcANpcr-6U,340,290,340,https://www.youtube.com/watch?v=D29IKPYIJjA,2094,1391,7508,https://www.youtube.com/watch?v=yNcANpcr-6U,0,0,0,0,
381bb87f90794f2a909775a87c192dc5,1110,108822,0,0,0,,0,0,0,,0,0,0,,10444,350,109,38937,https://www.twitch.tv/videos/2739743365
869d9d9067b64dd78418cc258cb6607b,1110,69687,114,51,615,https://www.youtube.com/watch?v=UBItF7MeFEA,121,51,615,https://www.youtube.com/watch?v=UBItF7MeFEA,71,3,71,https://www.youtube.com/watch?v=FCiQ7YxC86w,879,276,187,496,https://www.twitch.tv/videos/2759088041
c2b9638d8dd54888a91caa8a67366907,1110,20590,0,0,0,,0,0,0,,0,0,0,,2570,195,149,650,https://www.twitch.tv/videos/2757397201
49f14b84269f458099232c2a21b2ba74,1110,31846,0,0,0,,0,0,0,,0,0,0,,0,0,0,0,
9bf758b113b048bc9331f244b619e4b2,1100,82126,255,152,1922,https://www.youtube.com/watch?v=hq1SQnx54K0,40,10,71,https://www.youtube.com/watch?v=DBVi55Aj6co,285,198,1922,https://www.youtube.com/watch?v=hq1SQnx54K0,271,0,0,0,
43acb25e255340d09b50283f0308d1ff,1100,526483,25,19,47,https://www.youtube.com/watch?v=nzjfnGPRmPg,25,19,47,https://www.youtube.com/watch?v=nzjfnGPRmPg,0,0,0,,0,0,0,0,
5d02c4219e484617979165267cbd8d7f,1100,7420,0,0,0,,0,0,0,,0,0,0,,8,0,0,0,
66d986eaa59347b0b18c5ed103cb173e,1100,55029,81,40,225,https://www.youtube.com/watch?v=dhrqDgiIVwc,81,40,225,https://www.youtube.com/watch?v=dhrqDgiIVwc,0,0,0,,0,0,0,0,
ffaf6da580a44e11bba9715e3c854958,1100,61288,62,19,176,https://www.youtube.com/watch?v=YofgP_-TMm4,62,19,176,https://www.youtube.com/watch?v=YofgP_-TMm4,0,0,0,,196,0,0,0,
3410ce8f1b78487f8025485a6c09b1b8,1100,34010,0,0,0,,0,0,0,,0,0,0,,0,0,0,0,
971c91b32e9b4e1abfdafe711cb9e440,1100,49366,0,0,0,,0,0,0,,0,0,0,,0,0,0,0,
fa83a68ebfff419983124d69373ede6f,1100,193718,1130,687,2357,https://www.youtube.com/watch?v=TFPcPpCjhsk,124,99,155,https://www.youtube.com/watch?v=3vHDREcvztg,1411,840,2357,https://www.youtube.com/watch?v=TFPcPpCjhsk,2023,230,154,381,https://www.twitch.tv/videos/2758962123
ec9a791b8152478b95858b199b866ef9,1100,44609,0,0,0,,0,0,0,,0,0,0,,380,0,0,0,
b4b4fcedc8264cb5b90584935aebf110,1100,41868,174,39,268,https://www.youtube.com/watch?v=JcbwHIqI_3I,174,39,268,https://www.youtube.com/watch?v=JcbwHIqI_3I,0,0,0,,262,0,0,0,
6abc6d7010ed4b7a88b2566b171c9005,1100,31358,90,46,423,https://www.youtube.com/watch?v=xtwvqpKypVs,90,46,423,https://www.youtube.com/watch?v=xtwvqpKypVs,0,0,0,,0,0,0,0,
aa1bb853e814428eb663082b28309309,1100,33809,113,63,755,https://www.youtube.com/watch?v=2TeB8YYjWfE,103,55,190,https://www.youtube.com/watch?v=XVyK4Wc0wns,574,100,755,https://www.youtube.com/watch?v=2TeB8YYjWfE,0,0,0,0,
e212d468e3e64ad5b8f22f61bc4e06f7,1100,34145,0,0,0,,0,0,0,,0,0,0,,0,0,0,0,
d475848a566848dc9f6ad02707d87e2a,1100,140283,67,38,207,https://www.youtube.com/watch?v=t2kTURmdiVQ,67,36,207,https://www.youtube.com/watch?v=t2kTURmdiVQ,83,44,83,https://www.youtube.com/watch?v=WOHx0xTPpus,0,0,0,0,
a1ef171711404951a987f4c9bc5e64f0,1090,80755,254,173,1290,https://www.youtube.com/watch?v=9_6FI88IgeQ,93,66,116,https://www.youtube.com/watch?v=-fWHoL3p_uw,1150,701,1290,https://www.youtube.com/watch?v=9_6FI88IgeQ,0,0,0,0,
46388caf23e34f09b145fff0fa25b897,1090,33080,0,0,0,,0,0,0,,0,0,0,,886,468,313,468,https://www.twitch.tv/videos/2752690546
4b9b64309ea0491bbde3b86b6c34bdd0,1090,70189,150,38,162,https://www.youtube.com/watch?v=FVSIYLS5ktE,150,38,162,https://www.youtube.com/watch?v=FVSIYLS5ktE,0,0,0,,0,0,0,0,
238b751368474f798a737e7cf1f4a87b,1090,45734,33,8,72,https://www.youtube.com/watch?v=hT9KJqy8sK0,33,8,72,https://www.youtube.com/watch?v=hT9KJqy8sK0,0,0,0,,2088,0,0,0,
83ec4919298a4ad5984e3da31109a4c8,1090,29915,0,0,0,,0,0,0,,0,0,0,,10477,3811,2315,9450,https://www.twitch.tv/videos/2753510323
70af0f70b6284690a524eb87aaa1d296,1090,71850,0,0,0,,0,0,0,,0,0,0,,4819,3009,1326,9142,https://www.twitch.tv/videos/2737944917
fb7ced3cc6c247928ce1bb3b2715d98c,1090,336613,0,0,0,,0,0,0,,0,0,0,,0,0,0,0,
8489d002b1704612bd0dd23f9a14ed51,1090,55593,46,20,78,https://www.youtube.com/watch?v=FCfAMBL56YA,46,20,78,https://www.youtube.com/watch?v=FCfAMBL56YA,0,0,0,,174,0,0,0,
62080edda26345efbf8bc2bab0ab4136,1090,31112,0,0,0,,0,0,0,,0,0,0,,0,0,0,0,
8d67810b612540a0ad928179c1f9a4ee,1090,18592,0,0,0,,0,0,0,,0,0,0,,482,177,138,372,https://www.twitch.tv/videos/2756790122
7aca9b05fe654223a3702531383002a8,1090,7275,0,0,0,,0,0,0,,0,0,0,,2851,382,238,871,https://www.twitch.tv/videos/2756609391
0a9ce04e6eee4c6d8dde6eb5a0f56c20,1080,18587,0,0,0,,0,0,0,,0,0,0,,0,0,0,0,
db86eecb7c7047a984098e23de131e29,1080,127606,88,35,267,https://www.youtube.com/watch?v=et7qy56oL_0,88,35,267,https://www.youtube.com/watch?v=et7qy56oL_0,0,0,0,,166,34,22,63,https://www.twitch.tv/videos/2752700146
0d7502e74c394a7f82a07c31fee877ff,1080,34533,0,0,0,,0,0,0,,0,0,0,,0,0,0,0,
26eba1f0fabf425aa5769e01e855ea28,1080,100960,69,1,69,https://www.youtube.com/watch?v=SsD-6NdBOSw,69,1,69,https://www.youtube.com/watch?v=SsD-6NdBOSw,0,0,0,,0,0,0,0,
d6d4ed41815a4603a028d321d9d14a56,1080,8968,90,37,1553,https://www.youtube.com/watch?v=Wis5NHy2vd8,90,37,1553,https://www.youtube.com/watch?v=Wis5NHy2vd8,0,0,0,,10,0,0,0,
278f93ad57b14f01a71f1e89598ee503,1080,10280,0,0,0,,0,0,0,,0,0,0,,0,0,0,0,
5f413dce55614542940c58900ef1c82c,1080,25628,0,0,0,,0,0,0,,0,0,0,,812,0,0,0,
b5d3dfb81219492cb11a34291aab8cc8,1070,31917,0,0,0,,0,0,0,,0,0,0,,0,0,0,0,
a9396c8dd95e43b29c694b14afa07ac4,1070,25296,0,0,0,,0,0,0,,0,0,0,,3582,645,489,2412,https://www.twitch.tv/videos/2751121242
32a5b834b2bf4912bcd54ac00ae13285,1070,2967,0,0,0,,0,0,0,,0,0,0,,2481,1039,746,1323,https://www.twitch.tv/videos/2754307831
85aa19ec73ce4db08ba1bf3d0f1807ce,1070,51951,0,0,0,,0,0,0,,0,0,0,,0,0,0,0,
3a963b6901c7467da3d9c8bd74df9da6,1070,50150,80,11,80,https://www.youtube.com/watch?v=weQJE_w6vqY,80,11,80,https://www.youtube.com/watch?v=weQJE_w6vqY,0,0,0,,0,0,0,0,
1eef7c0894a547a2bff186f6a735145a,1070,23994,78,36,98,https://www.youtube.com/watch?v=CNXklFo3mVE,78,36,98,https://www.youtube.com/watch?v=CNXklFo3mVE,0,0,0,,0,0,0,0,
b9eb00549c554290a7dbc5cd05910239,1070,100215,70,29,77,https://www.youtube.com/watch?v=nusG57At6eA,70,29,77,https://www.youtube.com/watch?v=nusG57At6eA,0,0,0,,0,0,0,0,
5396c3113555413f8b8d722d44b413d3,1070,4375,0,0,0,,0,0,0,,0,0,0,,0,0,0,0,
fe70a0055df1453a82bea6582d3072fa,1060,45642,75,28,92,https://www.youtube.com/watch?v=jLiC1qPuprc,75,28,92,https://www.youtube.com/watch?v=jLiC1qPuprc,0,0,0,,0,0,0,0,
7754a4ea82814b7fbbecfcf459382001,1060,228885,0,0,0,,0,0,0,,0,0,0,,2427,111,74,820,https://www.twitch.tv/videos/2751891282
8d8b1382b7154504819e1db08ecbe8ee,1060,21345,0,0,0,,0,0,0,,0,0,0,,0,0,0,0,
45baafce0f294208a063a496814b7986,1060,46851,58,30,98,https://www.youtube.com/watch?v=LCH2ziN6tmg,58,30,98,https://www.youtube.com/watch?v=LCH2ziN6tmg,0,0,0,,0,0,0,0,
683db9d9b58f4dd883966c82581a7b60,1060,40041,24,12,46,https://www.youtube.com/watch?v=LZTUx7AALKk,24,12,46,https://www.youtube.com/watch?v=LZTUx7AALKk,0,0,0,,0,0,0,0,
e0535f2d38f04d26aca33772bccb33b8,1060,69778,0,0,0,,0,0,0,,0,0,0,,2429,477,183,712,https://www.twitch.tv/videos/2741319721
c6af4f23c6ce4adab5301d79b0bd343a,1050,160593,53,30,80,https://www.youtube.com/watch?v=tUr7SwWfCrc,53,30,80,https://www.youtube.com/watch?v=tUr7SwWfCrc,0,0,0,,3553,700,464,12337,https://www.twitch.tv/videos/2742003875
b4de9155a5f34284a41224c38e70c67e,1050,53838,0,0,0,,0,0,0,,0,0,0,,44,0,0,0,
e63fe9e27be44403b222fb0319c027b6,1040,34400,739,358,1413,https://www.youtube.com/watch?v=_OM7TgPJfQw,110,48,110,https://www.youtube.com/watch?v=mlleM5dHuqI,791,428,1413,https://www.youtube.com/watch?v=_OM7TgPJfQw,4519,927,289,148959,https://www.twitch.tv/videos/2757448611
5a1eb09579134895adfa9516611bd925,1040,32519,20,1,35,https://www.youtube.com/watch?v=PYmxALnL_10,20,1,35,https://www.youtube.com/watch?v=PYmxALnL_10,0,0,0,,703,92,71,292,https://www.twitch.tv/videos/2759779131
4b214cdeac0649989f03f39e497816cf,1040,4489617,62,26,6178,https://www.youtube.com/watch?v=oFsT76dbCb8,41,18,115,https://www.youtube.com/watch?v=Tr4oquBXAM4,995,419,6178,https://www.youtube.com/watch?v=oFsT76dbCb8,677,131,103,195,https://www.twitch.tv/videos/2751815149
c91c52df005e4a7c988704e474b54dbc,1040,105202,1072,496,1636,https://www.youtube.com/watch?v=Ivzbvai0lFU,134,49,162,https://www.youtube.com/watch?v=Bq9YkNbhXOk,1161,687,1636,https://www.youtube.com/watch?v=Ivzbvai0lFU,0,0,0,0,
4d4410bdde7d4107809dc6e1e2ce0e0e,1040,51641,69,14,631,https://www.youtube.com/watch?v=_3nIvV_k-ag,61,10,165,https://www.youtube.com/watch?v=cWGNmSfNWVQ,631,82,631,https://www.youtube.com/watch?v=_3nIvV_k-ag,0,0,0,0,
f560e7811b454fe489044165c53dba83,1040,58753,39,16,83,https://www.youtube.com/watch?v=ru4yT8j55mI,39,16,83,https://www.youtube.com/watch?v=ru4yT8j55mI,0,0,0,,0,0,0,0,
ca8d038d311e4cccb2deded15cee89cd,1030,53376,85,51,321,https://www.youtube.com/watch?v=pQ1v0ZgAyOw,100,51,321,https://www.youtube.com/watch?v=pQ1v0ZgAyOw,37,30,68,https://www.youtube.com/watch?v=vSVqD419Ehw,112,0,0,0,
51a882d77c24494d92605b5b75424603,1030,105412,188,64,2193,https://www.youtube.com/watch?v=EmPSf11db0I,164,55,743,https://www.youtube.com/watch?v=Zd_eDsBglZs,808,618,2193,https://www.youtube.com/watch?v=EmPSf11db0I,56,91,30,91,https://www.twitch.tv/videos/2744509536
d792696470b54bd4947a59b10759a636,1030,49289,103,22,148,https://www.youtube.com/watch?v=CA1SNVNlj_U,103,22,148,https://www.youtube.com/watch?v=CA1SNVNlj_U,0,0,0,,0,0,0,0,
3588ee10f67c4911b544e48223c57c7d,1030,22428,0,0,0,,0,0,0,,0,0,0,,0,0,0,0,
34e2da1086ea4670b7b3d1fec34d8403,1030,52523,315,190,545,https://www.youtube.com/watch?v=uZQLnxFla9I,86,56,86,https://www.youtube.com/watch?v=O9nWDLfqDcw,545,323,545,https://www.youtube.com/watch?v=uZQLnxFla9I,0,0,0,0,
00a208caab334f6daf286ebb92cfd9da,1030,18000,32,26,32,https://www.youtube.com/watch?v=2mkvB28LIVc,32,26,32,https://www.youtube.com/watch?v=2mkvB28LIVc,0,0,0,,412,0,0,0,
01a20c96c500469fab898ebd03b0c019,1030,77484,125,105,133,https://www.youtube.com/watch?v=RHNPRXZQrEM,125,105,133,https://www.youtube.com/watch?v=RHNPRXZQrEM,0,0,0,,0,0,0,0,
647a4992105c4f18b92239156e0064fb,1030,26048,0,0,0,,0,0,0,,0,0,0,,144,0,0,0,
483a76d7ad1d464aa290606959ddddec,1030,67598,98,26,128,https://www.youtube.com/watch?v=CbJhE2S-xhg,101,39,128,https://www.youtube.com/watch?v=CbJhE2S-xhg,49,2,49,https://www.youtube.com/watch?v=WcgUE1mMnaE,830,487,336,532,https://www.twitch.tv/videos/2756454199
4ba065758aa94ce18cfe227cc37b1afe,1020,34079,1059,115,1593,https://www.youtube.com/watch?v=l9jqglVsJOg,0,0,0,,1059,115,1593,https://www.youtube.com/watch?v=l9jqglVsJOg,3416,297,161,892,https://www.twitch.tv/videos/2743728006
b5b0001ea8594cd68567ef344ca0bb2e,1020,168359,63,53,110,https://www.youtube.com/watch?v=fE1TcfZ7k1I,63,53,110,https://www.youtube.com/watch?v=fE1TcfZ7k1I,0,0,0,,0,0,0,0,
800b7770ac1d4e4eb62318639ff71b7a,1020,69633,0,0,0,,0,0,0,,0,0,0,,0,0,0,0,
0d080db8809848e2ba918799b2f7885b,1020,54438,69,32,584,https://www.youtube.com/watch?v=oJh47ken84I,69,32,584,https://www.youtube.com/watch?v=oJh47ken84I,0,0,0,,0,0,0,0,
7ca8ec94cb4640ccb27719cbfc8a8df0,1020,56011,0,0,0,,0,0,0,,0,0,0,,0,0,0,0,
684aeef535fb4dd2a483746cdaab5065,1020,71276,0,0,0,,0,0,0,,0,0,0,,177,0,0,0,
bdd0c04996154ef0be37c1f65b3b8866,1010,36860,0,0,0,,0,0,0,,0,0,0,,0,0,0,0,
302e5b74253e412faf131a3039933786,1010,75308,0,0,0,,0,0,0,,0,0,0,,0,0,0,0,
f4ff6f40be3a4294ac1fe3e475421377,1010,79381,88,50,1683,https://www.youtube.com/watch?v=R6iUr4mDoFA,84,49,143,https://www.youtube.com/watch?v=ELMzLKIb4ec,1683,665,1683,https://www.youtube.com/watch?v=R6iUr4mDoFA,47,0,0,0,
45d38ce14fb644c0890823d444a33276,1010,1983,0,0,0,,0,0,0,,0,0,0,,0,0,0,0,
c7344bac508b46f2a20c4bb6861f33ab,1000,13812,0,0,0,,0,0,0,,0,0,0,,0,0,0,0,
ee1be8631b3e4abdbcc12dbe96d5268f,1000,39825,0,0,0,,0,0,0,,0,0,0,,0,0,0,0,
7df81b926eec4a998d5ffcd67b59ff5e,1000,31582,109,99,109,https://www.youtube.com/watch?v=QHfRx5lyLPo,109,99,109,https://www.youtube.com/watch?v=QHfRx5lyLPo,0,0,0,,0,0,0,0,
78d441a2d6584d078a6ce202238d36b9,1000,26325,0,0,0,,0,0,0,,0,0,0,,0,0,0,0,
e46d27918a77488ca5b4144eb1b978df,1000,60893,0,0,0,,0,0,0,,0,0,0,,0,0,0,0,
22a1949143784185ae001c31a717b5bc,997,84429,157,60,2027,https://www.youtube.com/watch?v=JVUxHXXkK5g,87,50,635,https://www.youtube.com/watch?v=oUrYU9FLfiY,200,70,2027,https://www.youtube.com/watch?v=JVUxHXXkK5g,0,0,0,0,
7a0eb6cbe5a94663888ef35a63ab3b5a,996,26709,0,0,0,,0,0,0,,0,0,0,,1398,208,155,211,https://www.twitch.tv/videos/2751815217
9b2edcfdc76748f59576b77524402804,994,60228,0,0,0,,0,0,0,,0,0,0,,0,0,0,0,
5de329cf8bc5410fb40ef38d117be94d,994,50198,121,64,2396,https://www.youtube.com/watch?v=P9KC5bZF3ec,68,35,150,https://www.youtube.com/watch?v=OiMDpHIzOvQ,1346,703,2396,https://www.youtube.com/watch?v=P9KC5bZF3ec,491,164,125,236,https://www.twitch.tv/videos/2752675119
838f883ea01f431f97bfe9dbf3064422,990,37078,0,0,0,,0,0,0,,0,0,0,,106,0,0,0,
d23e5f9f3abf4b36b79c04f5265a8efc,989,55787,57,7,199,https://www.youtube.com/watch?v=D6WH3T075TI,52,7,71,https://www.youtube.com/watch?v=GKnxNXyHpYA,181,58,199,https://www.youtube.com/watch?v=D6WH3T075TI,156,0,0,0,
8a63cc5d44b44e2c88122e98c533d20a,989,294273,0,0,0,,0,0,0,,0,0,0,,0,0,0,0,
1e59cd43a10a44edb1407fb8ba8529a8,988,50018,110,47,185,https://www.youtube.com/watch?v=rx1w7l-MzKc,111,49,185,https://www.youtube.com/watch?v=rx1w7l-MzKc,37,36,37,https://www.youtube.com/watch?v=tzYuknCRAjg,0,0,0,0,
a0f657e0538e4269af88094fa1c3dacb,987,23007,487,66,514,https://www.youtube.com/watch?v=CrelzArtzts,72,66,72,https://www.youtube.com/watch?v=hD7QNtz3Uh8,500,195,514,https://www.youtube.com/watch?v=CrelzArtzts,0,0,0,0,
96f44559b15e4bad9de2eb8a0a2a92da,984,39159,1608,1449,29699,https://www.youtube.com/watch?v=55ieK5m9xM8,0,0,0,,1608,1449,29699,https://www.youtube.com/watch?v=55ieK5m9xM8,0,0,0,0,
62b7ee328a7b42b0a1da0ab3bc22d1db,983,158687,29,14,1318,https://www.youtube.com/watch?v=wTy71l8IQ7o,27,13,85,https://www.youtube.com/watch?v=j6lkvbCbe9k,1173,673,1318,https://www.youtube.com/watch?v=wTy71l8IQ7o,1178,80,58,215,https://www.twitch.tv/videos/2756646086
e2049fd03bea4bf6bfee472e4674021c,981,150076,50,20,110,https://www.youtube.com/watch?v=-tiKIhIVYsI,50,20,110,https://www.youtube.com/watch?v=-tiKIhIVYsI,0,0,0,,75,2,1,3,https://www.twitch.tv/videos/2756694817
95694a64c0fe4b5c987344f1edcec826,981,48690,20,12,325,https://www.youtube.com/watch?v=ntUKhTSnA_E,21,13,68,https://www.youtube.com/watch?v=p1tFXyTzFRo,13,4,325,https://www.youtube.com/watch?v=ntUKhTSnA_E,1558,118,90,153,https://www.twitch.tv/videos/2752655058
566e5b6f438a4cacb3e4036eb9ffe9b8,978,62586,39,18,127,https://www.youtube.com/watch?v=e4H_73SanGQ,39,19,127,https://www.youtube.com/watch?v=e4H_73SanGQ,4,3,4,https://www.youtube.com/watch?v=mBDPKDIP9dg,0,0,0,0,
b1ba066a7bc44c93a4ca264f2144f5bd,973,37178,37,14,111,https://www.youtube.com/watch?v=qGdJAeZ7qRk,39,14,111,https://www.youtube.com/watch?v=qGdJAeZ7qRk,26,21,26,https://www.youtube.com/watch?v=k_Che-2T8RE,1105,71,56,103,https://www.twitch.tv/videos/2749873082
19f507cc460a426cb02013fb203bd0a7,970,35301,356,149,1497,https://www.youtube.com/watch?v=vY_Z9vM2ocg,339,157,918,https://www.youtube.com/watch?v=kpXUXzxp9FA,1497,149,1497,https://www.youtube.com/watch?v=vY_Z9vM2ocg,423,51,32,155,https://www.twitch.tv/videos/2756502110
c060912477dd414ea79d74adddfb4661,970,61991,12,4,77,https://www.youtube.com/watch?v=o9F1_Xgj7U8,27,22,77,https://www.youtube.com/watch?v=o9F1_Xgj7U8,4,2,12,https://www.youtube.com/watch?v=kfTmqp_ay6Q,0,0,0,0,
8460a099a32044a5aa602f780dec94f2,969,292483,333,154,2424,https://www.youtube.com/watch?v=fR3woWdz610,0,0,0,,333,154,2424,https://www.youtube.com/watch?v=fR3woWdz610,18,0,0,0,
302b50b5cf4844d58868013404b1ec3f,969,19287,64,31,141,https://www.youtube.com/watch?v=OPJfZhnZNmk,64,31,141,https://www.youtube.com/watch?v=OPJfZhnZNmk,0,0,0,,0,0,0,0,
6c3a22611ac24eb19cec3bd7c78a8705,968,244033,93,47,191,https://www.youtube.com/watch?v=De6qNErzQMo,93,47,191,https://www.youtube.com/watch?v=De6qNErzQMo,0,0,0,,0,0,0,0,
bb56715066e548c297232372a16ab083,965,106569,78,26,1272,https://www.youtube.com/watch?v=hUT0DEeiB8M,0,0,0,,78,26,1272,https://www.youtube.com/watch?v=hUT0DEeiB8M,1927,0,0,0,
bf195265fa5944d894dc53baf7143645,964,36986,0,0,0,,0,0,0,,0,0,0,,0,0,0,0,
7003e3e3a24244ffb5ebfbbdc20c97f8,961,26434,47,16,64,https://www.youtube.com/watch?v=nro9xmWXRiM,47,16,64,https://www.youtube.com/watch?v=nro9xmWXRiM,0,0,0,,0,0,0,0,
179eb3fd3fb34ffe93859dd945b1b3a6,959,4394,0,0,0,,0,0,0,,0,0,0,,0,0,0,0,
2a0de6059bd74c298a80f45a8052790e,956,172251,1415,781,2258,https://www.youtube.com/watch?v=gwDFst1uwDg,0,0,0,,1415,781,2258,https://www.youtube.com/watch?v=gwDFst1uwDg,1155,411,248,679,https://www.twitch.tv/videos/2754776636
026bdd139df44cec930dd7fc76345184,953,42917,195,83,520,https://www.youtube.com/watch?v=RyIwJ7TubL0,179,81,333,https://www.youtube.com/watch?v=N9yiqxOIDa8,403,252,520,https://www.youtube.com/watch?v=RyIwJ7TubL0,0,0,0,0,
a5647aba47dc4bb48eaa0cde6de7c6bd,953,41131,0,0,0,,0,0,0,,0,0,0,,0,0,0,0,
995bff308e7f4df3aa33305fc0ddde8e,951,39713,0,0,0,,0,0,0,,0,0,0,,0,0,0,0,
fb23227395a04a26abe441d1ac7978de,951,96267,47,17,127,https://www.youtube.com/watch?v=R8L3M4I9dOQ,47,17,127,https://www.youtube.com/watch?v=R8L3M4I9dOQ,0,0,0,,212,84,63,194,https://www.twitch.tv/videos/2759804084
b5ff000d6dd74683b17965294f1c4bf7,950,31546,39,35,39,https://www.youtube.com/watch?v=DswSJMUrnRY,39,35,39,https://www.youtube.com/watch?v=DswSJMUrnRY,0,0,0,,771,24,21,24,https://www.twitch.tv/videos/2758099919
ab2e7fbd11784f96aa9cf599786f8bf1,949,73855,1324,212,1748,https://www.youtube.com/watch?v=m_QYrcXNZcs,237,49,237,https://www.youtube.com/watch?v=SshsUzvk_WA,1370,244,1748,https://www.youtube.com/watch?v=m_QYrcXNZcs,0,0,0,0,
2656bc44436c45cca3e94e43a9a49c2d,949,129227,278,98,1194,https://www.youtube.com/watch?v=wma10FUPxxw,278,98,1194,https://www.youtube.com/watch?v=wma10FUPxxw,0,0,0,,0,0,0,0,
8a5468bc4c7d44989e5ee4864a9b941a,946,86231,63,20,217,https://www.youtube.com/watch?v=DF5FXnmYybE,63,20,93,https://www.youtube.com/watch?v=qFKA4Z0TrkI,122,67,217,https://www.youtube.com/watch?v=DF5FXnmYybE,0,0,0,0,
06a61409f4334b0eb8a5f647b819c78b,941,70481,19,7,53,https://www.youtube.com/watch?v=Q37CNounpG4,29,9,53,https://www.youtube.com/watch?v=Q37CNounpG4,8,4,15,https://www.youtube.com/watch?v=EXsN_sMfnTM,0,0,0,0,
a00240316f524d218d889d00a8b42721,940,89414,69,29,72,https://www.youtube.com/watch?v=skfbSckcKCA,69,29,72,https://www.youtube.com/watch?v=skfbSckcKCA,0,0,0,,0,0,0,0,
0a000a22ebd84abf860bcd5ef0a5ed60,940,39691,7,1,162,https://www.youtube.com/watch?v=HKRoj4Urgv8,0,0,0,,7,1,162,https://www.youtube.com/watch?v=HKRoj4Urgv8,2173,267,166,398,https://www.twitch.tv/videos/2751856510
ecbe9a46c7ec4f3d8fe217012c39d490,938,395421,0,0,0,,0,0,0,,0,0,0,,0,0,0,0,
7ca610bac41843a28abba9e947aa9ded,936,51953,0,0,0,,0,0,0,,0,0,0,,3016,0,0,0,
5d29544fdded43d1937166548487394a,935,5498,0,0,0,,0,0,0,,0,0,0,,1841,177,112,177,https://www.twitch.tv/videos/2751944839
0e9aeecbe8f04a62ab781cf2e520eba0,934,37358,0,0,0,,0,0,0,,0,0,0,,7182,782,269,14502,https://www.twitch.tv/videos/2747043796
54e70d7cc2fb4c6da0d833519331c770,933,127306,648,245,1249,https://www.youtube.com/watch?v=2kkoH5h6Frw,0,0,0,,648,245,1249,https://www.youtube.com/watch?v=2kkoH5h6Frw,2550,257,197,530,https://www.twitch.tv/videos/2757546319
1ee3a662da8a439887a931727cb07317,933,95841,0,0,0,,0,0,0,,0,0,0,,0,0,0,0,
c94bc4ff4689403aac751731d33150e6,933,19066,465,197,1771,https://www.youtube.com/watch?v=8_WQPfWMIn0,197,128,722,https://www.youtube.com/watch?v=DRgr24gVDWM,1199,921,1771,https://www.youtube.com/watch?v=8_WQPfWMIn0,298,212,126,217,https://www.twitch.tv/videos/2759138818
7aeffe1ba0c443d5aa4721247b801593,929,123720,0,0,0,,0,0,0,,0,0,0,,0,0,0,0,
743ceb55869042b9bee1f48fe0be13fb,928,33407,0,0,0,,0,0,0,,0,0,0,,1503,0,0,0,
44332b31031149f5bd411f415cbb531e,927,26102,0,0,0,,0,0,0,,0,0,0,,221,0,0,0,
453cbd84364b42d8ac11cef8d3d63bd1,925,28377,71,44,71,https://www.youtube.com/watch?v=2l2fZ0Mh0VE,71,44,71,https://www.youtube.com/watch?v=2l2fZ0Mh0VE,0,0,0,,0,0,0,0,
becdcbab308f4fa18540982596eebbd5,925,7544,0,0,0,,0,0,0,,0,0,0,,7392,789,552,1102,https://www.twitch.tv/videos/2751834930
7f43dbf571c44e04a7a471b9e7296a8a,923,38280,0,0,0,,0,0,0,,0,0,0,,0,0,0,0,
37f190c8282b4d42ba9ee8c4b61d24a4,923,4795,0,0,0,,0,0,0,,0,0,0,,0,0,0,0,
b2e19555d1f441a8a0e3f53b6507863e,919,50425,30,14,38,https://www.youtube.com/watch?v=oKblVLMqp6I,30,14,38,https://www.youtube.com/watch?v=oKblVLMqp6I,0,0,0,,112,0,0,0,
08268c9de16e423381e351aeef8f7ffb,916,28524,88,37,179,https://www.youtube.com/watch?v=GQ7FvG4ZvjQ,88,37,179,https://www.youtube.com/watch?v=GQ7FvG4ZvjQ,0,0,0,,0,0,0,0,
4aee4e4c619a4e2aa8bbc2edce38ccfa,916,111132,115,56,1865,https://www.youtube.com/watch?v=Z0MQDUr_6WM,99,51,165,https://www.youtube.com/watch?v=q7yML4lrrDU,768,64,1865,https://www.youtube.com/watch?v=Z0MQDUr_6WM,0,0,0,0,
db67d9cacbcf4797ba2d41a6d115e2ff,914,49435,85,43,599,https://www.youtube.com/watch?v=ItMJjhJmaoY,74,22,85,https://www.youtube.com/watch?v=H_A5GyA7NuY,430,204,599,https://www.youtube.com/watch?v=ItMJjhJmaoY,0,0,0,0,
843d99233b474827a2f0bc417ffd3852,910,43686,17,13,1106,https://www.youtube.com/watch?v=qHPAV9jSfcw,16,11,61,https://www.youtube.com/watch?v=kFFti9LhOe8,1106,846,1106,https://www.youtube.com/watch?v=qHPAV9jSfcw,8242,2447,1353,6022,https://www.twitch.tv/videos/2756564133
d26893447610406da66ee14abfbd5868,907,28173,113,74,147,https://www.youtube.com/watch?v=d41waj6GLm0,113,74,147,https://www.youtube.com/watch?v=d41waj6GLm0,0,0,0,,0,0,0,0,
b93b5ffedc3f4310af888462d65e4082,905,46443,58,20,166,https://www.youtube.com/watch?v=qe4W4F1aJOg,58,20,166,https://www.youtube.com/watch?v=qe4W4F1aJOg,0,0,0,,207,20,14,22,https://www.twitch.tv/videos/2755777703
d8b0b4e36c614d328620461a295572a1,905,51286,28,13,75,https://www.youtube.com/watch?v=OSsA29R6n3c,28,13,75,https://www.youtube.com/watch?v=OSsA29R6n3c,0,0,0,,139,0,0,0,
8e2559d9a7714ecd9cb0448b4d28f8d2,905,25984,0,0,0,,0,0,0,,0,0,0,,5000,163,80,439,https://www.twitch.tv/videos/2756571567
b9b727200b664a98bc1a8fd76d3cdb9c,903,22597,0,0,0,,0,0,0,,0,0,0,,0,0,0,0,
834afd07257a43ac9f61085f79449be1,902,43202,201,127,1549,https://www.youtube.com/watch?v=YPT2nYNdiO0,190,109,514,https://www.youtube.com/watch?v=lbwXHDg4d5Y,1196,403,1549,https://www.youtube.com/watch?v=YPT2nYNdiO0,0,0,0,0,
58374cba861d4267a84ad689bb6ce91a,901,39880,22,5,52,https://www.youtube.com/watch?v=cabXrk9RF6o,23,6,52,https://www.youtube.com/watch?v=cabXrk9RF6o,6,0,8,https://www.youtube.com/watch?v=fGiWDtGdSEs,0,0,0,0,
23af2b94549e42c282ec0d6eecf01102,901,31592,19,7,79,https://www.youtube.com/watch?v=IgdEj9Luc5I,79,10,79,https://www.youtube.com/watch?v=IgdEj9Luc5I,18,6,21,https://www.youtube.com/watch?v=US6nUrejAHs,2458,150,136,183,https://www.twitch.tv/videos/2759052905
9fb9fe13bf124da3a1affb24c5bba5e2,900,29761,0,0,0,,0,0,0,,0,0,0,,0,0,0,0,
107ad23090e649b8935850f3d78ded99,899,35272,180,68,258,https://www.youtube.com/watch?v=EGrtdkvuw44,180,68,258,https://www.youtube.com/watch?v=EGrtdkvuw44,0,0,0,,129,0,0,0,
5c5880d994854afbbea0a35716bce186,897,30835,11,4,40,https://www.youtube.com/watch?v=gXrdRvqjxu0,11,4,40,https://www.youtube.com/watch?v=gXrdRvqjxu0,0,0,0,,2024,0,0,0,
837cc45c90974caa9f07699c3899fa7b,897,45524,34,19,917,https://www.youtube.com/watch?v=9lZsF8NAjfo,31,19,917,https://www.youtube.com/watch?v=9lZsF8NAjfo,208,167,208,https://www.youtube.com/watch?v=vm5oSquPBXI,464,0,0,0,
4ba98a2155ad4b4392d8c5d7a51f4964,895,195180,555,240,2318,https://www.youtube.com/watch?v=ztecH8lzAyE,515,196,2318,https://www.youtube.com/watch?v=ztecH8lzAyE,982,442,1024,https://www.youtube.com/watch?v=bXAZmvxe8Ho,0,0,0,0,
607a7be9721741c48e2901609c294ada,895,74896,0,0,0,,0,0,0,,0,0,0,,1507,0,0,0,
f461b26ba47b4e37a90d2ca4fa5fa329,892,25925,0,0,0,,0,0,0,,0,0,0,,0,0,0,0,
872b7ddfc20f433f9575e2a762e83c06,891,48173,90,31,277,https://www.youtube.com/watch?v=D2XeymgOrwE,90,31,277,https://www.youtube.com/watch?v=D2XeymgOrwE,0,0,0,,0,0,0,0,
7a160bd129144664804dd3fc08fceeb1,890,20984,0,0,0,,0,0,0,,0,0,0,,7864,2422,720,6659,https://www.twitch.tv/videos/2757650247
8c0ff863d66348898311ee83d16257b5,889,28900,35,9,63,https://www.youtube.com/watch?v=oUitg2ShAyM,32,9,63,https://www.youtube.com/watch?v=oUitg2ShAyM,63,9,63,https://www.youtube.com/watch?v=PwNC-UZtF5s,204,46,38,46,https://www.twitch.tv/videos/2756704386
0a67a8d822094ca3a59963f0fac8798a,887,35510,69,50,69,https://www.youtube.com/watch?v=RY6DohA7q5o,69,50,69,https://www.youtube.com/watch?v=RY6DohA7q5o,0,0,0,,0,0,0,0,
acc708b79f1c4e388466b407387e7cb5,883,125905,52,27,1510,https://www.youtube.com/watch?v=I5mTt_nVt2g,42,19,121,https://www.youtube.com/watch?v=z8jStCWX94Y,1059,405,1510,https://www.youtube.com/watch?v=I5mTt_nVt2g,0,0,0,0,
a2ee4a74f9ca40f5b6218de51736b9c8,882,51186,57,25,465,https://www.youtube.com/watch?v=f_SYYLeawXs,57,25,465,https://www.youtube.com/watch?v=f_SYYLeawXs,0,0,0,,0,0,0,0,
b399afc661d04f47acc9d0681be343b4,878,100460,111,54,2365,https://www.youtube.com/watch?v=poMuINfVWVQ,84,44,134,https://www.youtube.com/watch?v=a4l9WGHK5WY,731,156,2365,https://www.youtube.com/watch?v=poMuINfVWVQ,409,175,124,370,https://www.twitch.tv/videos/2753349288
6c3eeb48b7764f11804ff8110d5d990b,878,97409,0,0,0,,0,0,0,,0,0,0,,0,0,0,0,
490d50310ffe4de4aac9c6368b49a0aa,876,36077,195,40,1630,https://www.youtube.com/watch?v=8xRnk_BebLk,0,0,0,,195,40,1630,https://www.youtube.com/watch?v=8xRnk_BebLk,0,0,0,0,
521477be11a44c43b063b394757b2342,875,55985,39,17,72,https://www.youtube.com/watch?v=h3l-i5Z7sKQ,39,17,72,https://www.youtube.com/watch?v=h3l-i5Z7sKQ,0,0,0,,0,0,0,0,
76f2fa6f1aa44f0a816a01a1b277430a,871,32959,25,12,31,https://www.youtube.com/watch?v=1YkUG4qi2Vw,25,12,31,https://www.youtube.com/watch?v=1YkUG4qi2Vw,0,0,0,,42,0,0,0,
e3021481a8d247a5a9a5bf0a29399673,867,130274,151,72,151,https://www.youtube.com/watch?v=rRsXsjNJHb4,151,72,151,https://www.youtube.com/watch?v=rRsXsjNJHb4,0,0,0,,0,0,0,0,
b3fb28fe6a0e4fcfb8014e7a4070ca09,865,54931,25,15,83,https://www.youtube.com/watch?v=IKlwJs76oBY,25,15,83,https://www.youtube.com/watch?v=IKlwJs76oBY,0,0,0,,0,0,0,0,
45e104a6eabe4967a6cb84e720dd8e74,862,41729,4,2,96,https://www.youtube.com/watch?v=uwbCAWhJejc,0,0,0,,4,2,96,https://www.youtube.com/watch?v=uwbCAWhJejc,1868,195,80,395,https://www.twitch.tv/videos/2744628651
0b183e5c128246c0ad5cd5491e8b8c83,861,211705,520,105,5784,https://www.youtube.com/watch?v=vZRyZv_Noeo,76,22,95,https://www.youtube.com/watch?v=QQsMzS0viT0,1080,313,5784,https://www.youtube.com/watch?v=vZRyZv_Noeo,0,0,0,0,
fcf611e0ddc5474b9836eb8aa2fe1d24,857,75390,26,9,78,https://www.youtube.com/watch?v=iew7q-2vytM,26,9,78,https://www.youtube.com/watch?v=iew7q-2vytM,0,0,0,,0,0,0,0,
9cfe61128e134f8dad9bb6ebf568cd71,854,20103,3,1,6,https://www.youtube.com/watch?v=rCiyeubmnt4,0,0,0,,3,1,6,https://www.youtube.com/watch?v=rCiyeubmnt4,1266,166,108,371,https://www.twitch.tv/videos/2752593151
c747687c19704747b4cae2d4d5715aa0,852,32855,1248,690,10842,https://www.youtube.com/watch?v=3Lgftlh_tI4,0,0,0,,1248,690,10842,https://www.youtube.com/watch?v=3Lgftlh_tI4,4149,189,155,325,https://www.twitch.tv/videos/2757376970
5862e8e7c5fd4261af093cec20b40300,852,36938,128,63,215,https://www.youtube.com/watch?v=9FH9h6fxnwc,128,63,215,https://www.youtube.com/watch?v=9FH9h6fxnwc,0,0,0,,0,0,0,0,
5964947a5624455cba648007ec04a0b9,849,14973,0,0,0,,0,0,0,,0,0,0,,0,0,0,0,
415ca337b1104450acbed1eb046c0a58,847,87310,14,4,23,https://www.youtube.com/watch?v=GKXveabQctk,14,4,23,https://www.youtube.com/watch?v=GKXveabQctk,0,0,0,,271,0,0,0,
370f66a57c0341b0adef5bcbad64ff90,846,46127,3,1,27,https://www.youtube.com/watch?v=R_1sMon1aEs,19,9,27,https://www.youtube.com/watch?v=R_1sMon1aEs,3,1,17,https://www.youtube.com/watch?v=uv-bMPogsJo,0,0,0,0,
7b3809e085754d52aee99d1fcc980eaf,840,37629,134,88,664,https://www.youtube.com/watch?v=qvQzHKwvhsI,79,42,134,https://www.youtube.com/watch?v=2AquoSA7wQo,591,290,664,https://www.youtube.com/watch?v=qvQzHKwvhsI,0,0,0,0,
27b10e5896e34e8d841f1605792b96c9,839,35828,0,0,0,,0,0,0,,0,0,0,,424,0,0,0,
3f3abaed158f420e84f9d1d5f4492b1d,838,61646,28,9,110,https://www.youtube.com/watch?v=0Buz01F8h84,28,9,110,https://www.youtube.com/watch?v=0Buz01F8h84,0,0,0,,645,61,40,137,https://www.twitch.tv/videos/2758211375
399a496d028447a58924b2660d0fc187,838,198,0,0,0,,0,0,0,,0,0,0,,0,0,0,0,
f36c774fbf4847e1afdf66a1e4806ea3,838,19819,1022,434,1022,https://www.youtube.com/watch?v=C1V5-7ZcgjY,0,0,0,,1022,434,1022,https://www.youtube.com/watch?v=C1V5-7ZcgjY,2398,847,733,943,https://www.twitch.tv/videos/2756638480
a753be70dd194989835b604e4b249363,838,31090,0,0,0,,0,0,0,,0,0,0,,654,0,0,0,
9ed7a28dd35e4e1c9400af811f6a284c,837,16651,0,0,0,,0,0,0,,0,0,0,,829,0,0,0,
61c75f9fbf044b54872197eec7c9bafa,836,272773,316,66,972,https://www.youtube.com/watch?v=EGDza7NkBlg,78,34,103,https://www.youtube.com/watch?v=UYKkA6E_8EM,523,245,972,https://www.youtube.com/watch?v=EGDza7NkBlg,0,0,0,0,
f4c357c0b7ae4891859ecd205d903dff,836,37144,237,57,2117,https://www.youtube.com/watch?v=wq6yVpcPtQw,61,30,70,https://www.youtube.com/watch?v=VxckFEsQ66k,1127,289,2117,https://www.youtube.com/watch?v=wq6yVpcPtQw,82,0,0,0,
899e5f40cf7f49a8808969866758779e,834,38128,128,64,891,https://www.youtube.com/watch?v=c6tp74FXXQs,127,62,163,https://www.youtube.com/watch?v=y6k6Qdduzeg,891,648,891,https://www.youtube.com/watch?v=c6tp74FXXQs,241,77,44,100,https://www.twitch.tv/videos/2751015924
f5a37da60cb74069a7dc13867404521f,832,63599,359,250,666,https://www.youtube.com/watch?v=3Hzp3oZ8Y1w,0,0,0,,359,250,666,https://www.youtube.com/watch?v=3Hzp3oZ8Y1w,0,0,0,0,
d3ac18bfe0984394a6fe19319a36b412,829,62687,80,14,80,https://www.youtube.com/watch?v=5z93v0wvT_8,80,14,80,https://www.youtube.com/watch?v=5z93v0wvT_8,0,0,0,,0,0,0,0,
77f4700c452c4200a4e62effa2884b4a,827,33221,17,15,17,https://www.youtube.com/watch?v=3SfYtSbD56Y,17,15,17,https://www.youtube.com/watch?v=3SfYtSbD56Y,0,0,0,,716,0,0,0,
23dda65e497d4888b87db304533b8138,827,13687,0,0,0,,0,0,0,,0,0,0,,5374,747,422,1140,https://www.twitch.tv/videos/2755203440
aef2ed42d49343f28394b6335695b5ac,827,371778,1,0,9,https://www.youtube.com/watch?v=FMBh2xdjnzc,0,0,0,,1,0,9,https://www.youtube.com/watch?v=FMBh2xdjnzc,3048,57,45,75,https://www.twitch.tv/videos/2753439612
6d144d78d2284fbcafa2428a5d132733,824,26879,0,0,0,,0,0,0,,0,0,0,,701,55,39,62,https://www.twitch.tv/videos/2753394063
899208f999aa4121ae2b67abb3190674,823,13531,0,0,0,,0,0,0,,0,0,0,,4206,173,109,314,https://www.twitch.tv/videos/2756583177
c26ea894da5741df9e1bc62044f6bce7,821,4077,0,0,0,,0,0,0,,0,0,0,,262,0,0,0,
686fa700c1ee4d179ed277d5b101f8a4,818,27771,0,0,0,,0,0,0,,0,0,0,,0,0,0,0,
0aa8c41f04bf4f12b9a8281353ea448a,818,35692,0,0,0,,0,0,0,,0,0,0,,4780,0,0,0,
e099cf09b8674b988f17828aab2f7d86,814,21938,113,92,124,https://www.youtube.com/watch?v=5GkgnBCFWqQ,113,92,124,https://www.youtube.com/watch?v=5GkgnBCFWqQ,0,0,0,,641,0,0,0,
6c5d547cdebf4daf813ac8b66c9fb873,814,33037,0,0,0,,0,0,0,,0,0,0,,0,0,0,0,
a26891359b444900956f04bc1b8f5faa,809,24354,85,22,512,https://www.youtube.com/watch?v=kyh8_h76iJg,74,22,110,https://www.youtube.com/watch?v=itaRjt97E3Y,239,36,512,https://www.youtube.com/watch?v=kyh8_h76iJg,276,75,50,109,https://www.twitch.tv/videos/2755042832
d1d879cfccf7411296dcc765ca40e39c,808,124683,2308,762,2846,https://www.youtube.com/watch?v=4Uw4i0WfsbI,0,0,0,,2308,762,2846,https://www.youtube.com/watch?v=4Uw4i0WfsbI,1434,157,116,493,https://www.twitch.tv/videos/2758165913
0a55a882e4ae4a1e9c1e77ea001aa91b,807,99183,0,0,0,,0,0,0,,0,0,0,,1504,46,27,46,https://www.twitch.tv/videos/2751029495
a0dbf7095446402ea77b11d8cced5a4b,804,45482,0,0,0,,0,0,0,,0,0,0,,0,0,0,0,
23354f18e2a94c9187fd0560fd874eeb,804,27357,0,0,0,,0,0,0,,0,0,0,,1662,223,134,337,https://www.twitch.tv/videos/2750186525
a1c3335026d44b99b9abb8c6aaba3968,803,18038,0,0,0,,0,0,0,,0,0,0,,636,0,0,0,
e80414fcc37b4d818ccf9dddb23cb452,802,16669,0,0,0,,0,0,0,,0,0,0,,4013,1661,601,2489,https://www.twitch.tv/videos/2742206280
13a3d049cda44b9e8da24006e642dd78,800,24819,0,0,0,,0,0,0,,0,0,0,,2783,0,0,0,
30bc516401f24514aaecce081979ab50,799,14547,0,0,0,,0,0,0,,0,0,0,,0,0,0,0,
5f8e197a06bc453e8d9e0a1c6cb92f1c,798,34590,4,2,21,https://www.youtube.com/watch?v=uaRs5_Jxffw,0,0,0,,4,2,21,https://www.youtube.com/watch?v=uaRs5_Jxffw,1628,106,85,204,https://www.twitch.tv/videos/2755858332
3e4c23394dde46f58f89cba536b208d5,797,22457,41,26,61,https://www.youtube.com/watch?v=AAzs_Qq1b_E,41,26,61,https://www.youtube.com/watch?v=AAzs_Qq1b_E,0,0,0,,0,0,0,0,
29a3d514ca274f6fb966f9d70bed4b52,796,77604,41,37,41,https://www.youtube.com/watch?v=x1lIf0LzrvE,0,0,0,,41,37,41,https://www.youtube.com/watch?v=x1lIf0LzrvE,810,291,215,529,https://www.twitch.tv/videos/2752568019
7a0c5fe0fe2f4427afe500c85ec958cb,796,54220,0,0,0,,0,0,0,,0,0,0,,0,0,0,0,
3034b51ec8ad439fa7033773a72a5c4a,792,20616,0,0,0,,0,0,0,,0,0,0,,3311,0,0,0,
29e2c3ae8e4d48f29fb3b89c463abb1c,790,69948,43,1,91,https://www.youtube.com/watch?v=fWDSQK--l4A,43,1,43,https://www.youtube.com/watch?v=dPvd__PytIE,45,1,91,https://www.youtube.com/watch?v=fWDSQK--l4A,2801,657,236,2784,https://www.twitch.tv/videos/2741008457
1594067d444e4a53abb95bc1aa40e6db,790,26020,0,0,0,,0,0,0,,0,0,0,,498,35,25,63,https://www.twitch.tv/videos/2752667375
e2ddcd13e70643238d46f50fba8261b2,787,87306,989,645,2290,https://www.youtube.com/watch?v=bE470xYBBVo,0,0,0,,989,645,2290,https://www.youtube.com/watch?v=bE470xYBBVo,2937,899,58,2341,https://www.twitch.tv/videos/2748578592
cf38ee666e104dce949c195f5ac58da2,785,301899,43,22,83,https://www.youtube.com/watch?v=nFFTd3dPMj4,43,23,83,https://www.youtube.com/watch?v=nFFTd3dPMj4,5,0,5,https://www.youtube.com/watch?v=kg9GKPjMHU4,0,0,0,0,
d44dc8542b4f4dacab8f54b7e3483728,785,36081,71,26,104,https://www.youtube.com/watch?v=0p9zn8k8pcM,71,26,104,https://www.youtube.com/watch?v=0p9zn8k8pcM,0,0,0,,0,0,0,0,
80ae039e7c3e4e90b6b3994ead599307,785,54095,129,79,168,https://www.youtube.com/watch?v=XqomHokKJ5k,129,79,168,https://www.youtube.com/watch?v=XqomHokKJ5k,0,0,0,,0,0,0,0,
5f6dcf3b9b71405498aa07a2b80cb5ec,785,136221,359,130,359,https://www.youtube.com/watch?v=Uomw6WR6ps8,0,0,0,,359,130,359,https://www.youtube.com/watch?v=Uomw6WR6ps8,1250,190,175,299,https://www.twitch.tv/videos/2758356892
f0afa83a8d2d4cc6bb9eb80655bbe40d,783,12641,0,0,0,,0,0,0,,0,0,0,,0,0,0,0,
d2c5b1c430fa45c8b9be0b8be65d8a6b,782,4710,0,0,0,,0,0,0,,0,0,0,,304,0,0,0,
943129b96d2341bcb7b25a66c9da2354,779,32912,0,0,0,,0,0,0,,0,0,0,,16514,0,0,0,
c3e1a96f96334696af38e93fa8178085,777,46326,5,0,5,https://www.youtube.com/watch?v=PpUmXV1PhR8,0,0,0,,5,0,5,https://www.youtube.com/watch?v=PpUmXV1PhR8,1240,29,22,45,https://www.twitch.tv/videos/2755082167
968f0b8c521942d6939234c70f49747a,776,23611,0,0,0,,0,0,0,,0,0,0,,1956,437,306,437,https://www.twitch.tv/videos/2753445861
4caaacdde06c4a0a9662e0d1e07114e0,774,15567,0,0,0,,0,0,0,,0,0,0,,0,0,0,0,
4de233ea7dfc4a7da1738ab627babd48,773,42239,81,31,1577,https://www.youtube.com/watch?v=SDdJmcB7Xm4,75,30,256,https://www.youtube.com/watch?v=BDMlHLgXEGs,1577,732,1577,https://www.youtube.com/watch?v=SDdJmcB7Xm4,0,0,0,0,
2971554445614cfaaccddd9cde93c599,773,25235,58,33,58,https://www.youtube.com/watch?v=0e8mwTvQkoo,0,0,0,,58,33,58,https://www.youtube.com/watch?v=0e8mwTvQkoo,1118,111,88,111,https://www.twitch.tv/videos/2755715049
405cf0a502a6496bacfe7e49647e7e28,773,37932,23,12,50,https://www.youtube.com/watch?v=WxznpvaKL3g,24,13,50,https://www.youtube.com/watch?v=WxznpvaKL3g,6,0,6,https://www.youtube.com/watch?v=oT1CQdx7gS4,2178,734,458,1160,https://www.twitch.tv/videos/2751144855
cec266a3203a4d1599494b42f35b4012,772,641,0,0,0,,0,0,0,,0,0,0,,498,39,28,63,https://www.twitch.tv/videos/2755847063
8c59e356f1564e068e1c81ac7de1a4e3,772,34210,0,0,0,,0,0,0,,0,0,0,,0,0,0,0,
2a2b7990365f4a1bb1d8acf1ae0f2f32,771,290067,55,28,22447,https://www.youtube.com/watch?v=opZbxAY9E9g,36,16,115,https://www.youtube.com/watch?v=qohiZmnPNPQ,1382,727,22447,https://www.youtube.com/watch?v=opZbxAY9E9g,141,5,4,9,https://www.twitch.tv/videos/2755866419
7342482fda6d40f98e078505a24825d4,770,40521,87,49,126,https://www.youtube.com/watch?v=iyYMUFO54Ys,87,49,126,https://www.youtube.com/watch?v=iyYMUFO54Ys,0,0,0,,0,0,0,0,
3922688ae4b64592b8301430e19fd2ca,770,69107,114,62,1477,https://www.youtube.com/watch?v=s8xhEKpJ1Wc,99,39,151,https://www.youtube.com/watch?v=zNI1-GhvP2c,533,178,1477,https://www.youtube.com/watch?v=s8xhEKpJ1Wc,183,223,167,249,https://www.twitch.tv/videos/2752747942
e83a22c584774763a3b91d557141604d,769,9971,0,0,0,,0,0,0,,0,0,0,,2048,355,315,355,https://www.twitch.tv/videos/2758063694
a22035a68721415e830d1d7b8ffd172d,769,11346,0,0,0,,0,0,0,,0,0,0,,1846,0,0,0,
de6ab52e6aca42d2ab88274244e772fc,769,25997,0,0,0,,0,0,0,,0,0,0,,0,0,0,0,
80b6efc8007f4f6d84ce2f93862ae319,768,107174,218,133,302,https://www.youtube.com/watch?v=tIW2ltMaf_M,218,133,302,https://www.youtube.com/watch?v=tIW2ltMaf_M,0,0,0,,0,0,0,0,
5cdecbd7413e4c9e9cb56373a186ccec,767,17768,0,0,0,,0,0,0,,0,0,0,,402,41,27,88,https://www.twitch.tv/videos/2749441623
e888326df83d41f680960f24bb55c670,767,16031,0,0,0,,0,0,0,,0,0,0,,0,0,0,0,
17946118c2d641819c847aba0c491e13,766,4015,0,0,0,,0,0,0,,0,0,0,,5053,0,0,0,
40bb881e52be4d8b9c66a60be89e0504,764,51117,339,325,617,https://www.youtube.com/watch?v=0FJExFLn6Xw,339,325,617,https://www.youtube.com/watch?v=0FJExFLn6Xw,0,0,0,,0,0,0,0,
1d1e155c827e4ed2a0596c256983c22d,764,19526,7,2,32,https://www.youtube.com/watch?v=zDIZB1xnBkg,0,0,0,,7,2,32,https://www.youtube.com/watch?v=zDIZB1xnBkg,2245,259,226,1643,https://www.twitch.tv/videos/2751306559
3a932cc8813343b6bb5d822cb2f53558,761,42021,0,0,0,,0,0,0,,0,0,0,,3189,0,0,0,
945e26a69e2145219406bf2ca0d59554,761,21528,0,0,0,,0,0,0,,0,0,0,,728,0,0,0,
3204abe8247b45f08481bef65884ebc3,760,2983,0,0,0,,0,0,0,,0,0,0,,1339,38,31,52,https://www.twitch.tv/videos/2755924576
f7c5ff874d1d4528a36c0a54d27017a3,757,59698,30,9,85,https://www.youtube.com/watch?v=MSh7Ak8IhyQ,30,9,85,https://www.youtube.com/watch?v=MSh7Ak8IhyQ,0,0,0,,0,0,0,0,
dc0868efeac540bfac9b383bd65a82e6,757,22501,63,26,74,https://www.youtube.com/watch?v=A4qIzjByIT0,63,26,74,https://www.youtube.com/watch?v=A4qIzjByIT0,0,0,0,,0,0,0,0,
9539cc114b7648efb72bafc3a7358ae6,757,0,0,0,0,,0,0,0,,0,0,0,,1935,0,0,0,
c639c0dba4504221bfec50cf787f395d,756,29240,108,47,1178,https://www.youtube.com/watch?v=zr5d2NLSNTM,74,38,87,https://www.youtube.com/watch?v=sSz_NO_WLlA,1164,233,1178,https://www.youtube.com/watch?v=zr5d2NLSNTM,1043,221,166,302,https://www.twitch.tv/videos/2754184210
66ab3e28c90a428bb98100cd9119a4e9,751,28655,74,35,154,https://www.youtube.com/watch?v=PhFHikDooiA,74,35,154,https://www.youtube.com/watch?v=PhFHikDooiA,0,0,0,,0,0,0,0,
a666cf6707d14cdbbe6581a8964aabd0,750,20784,0,0,0,,0,0,0,,0,0,0,,857,23,13,23,https://www.twitch.tv/videos/2750292223
7531ceacd52e43b4a29ba4dc18a3f56c,745,35913,1661,1058,1661,https://www.youtube.com/watch?v=w3N-6CDKg0s,0,0,0,,1661,1058,1661,https://www.youtube.com/watch?v=w3N-6CDKg0s,1880,278,155,463,https://www.twitch.tv/videos/2758145692
b96e4730713c48899004d4af5975fe21,744,5149,0,0,0,,0,0,0,,0,0,0,,250,0,0,0,
6ac39c9c814e4dfe9c2294345a2a3e9c,743,54912,80,33,432,https://www.youtube.com/watch?v=xng6IrWrUXw,51,35,432,https://www.youtube.com/watch?v=xng6IrWrUXw,136,7,136,https://www.youtube.com/watch?v=Blw9gdIssM0,1459,130,116,130,https://www.twitch.tv/videos/2758178052
0f97f20ec79649e687590a4dc7328a21,740,19663,0,0,0,,0,0,0,,0,0,0,,349,0,0,0,
f5260b1a196a43f8b4aff1cc742a67f4,740,22359,121,80,1232,https://www.youtube.com/watch?v=rCxJFMsZW7w,99,61,569,https://www.youtube.com/watch?v=VIh63YT4Wp0,1045,506,1232,https://www.youtube.com/watch?v=rCxJFMsZW7w,121,37,30,57,https://www.twitch.tv/videos/2756629493
4f20e15637644c409c850ced48bb33dd,737,34752,113,63,154,https://www.youtube.com/watch?v=IyxHl0CiAJ0,125,40,154,https://www.youtube.com/watch?v=IyxHl0CiAJ0,105,63,105,https://www.youtube.com/watch?v=PJW2oFDo50Q,0,0,0,0,
eef7776c596141afb7efb9c1790bcb64,736,34343,0,0,0,,0,0,0,,0,0,0,,1522,0,0,0,
a1880ae475fe44fc92760277c3f850ed,736,6500,0,0,0,,0,0,0,,0,0,0,,587,0,0,0,
ab7fb3b59bef4d869388be703ffa8c01,736,12362,0,0,0,,0,0,0,,0,0,0,,0,0,0,0,
c6286d22a9344325bb1609918d442b93,736,69885,0,0,0,,0,0,0,,0,0,0,,76,0,0,0,
c2b2f9bf0228445289b8791110b340ec,732,363317,46,26,86,https://www.youtube.com/watch?v=xxXaDGhIfwU,46,26,86,https://www.youtube.com/watch?v=xxXaDGhIfwU,0,0,0,,93,0,0,0,
8774553046cb47a9b5165c15feb01e84,732,32858,22,13,147,https://www.youtube.com/watch?v=jG_M_4hbKNU,22,13,147,https://www.youtube.com/watch?v=jG_M_4hbKNU,0,0,0,,478,68,56,68,https://www.twitch.tv/videos/2756542430
8999cce711d64abfb6d451ca6172dd3e,731,61242,1764,1066,18439,https://www.youtube.com/watch?v=GDYCpZr7fvE,0,0,0,,1764,1066,18439,https://www.youtube.com/watch?v=GDYCpZr7fvE,0,0,0,0,
9124a5ccacc44fb68b5b1d5697e3fb90,730,18110,91,31,166,https://www.youtube.com/watch?v=EzeW2vkG1ds,91,31,166,https://www.youtube.com/watch?v=EzeW2vkG1ds,0,0,0,,0,0,0,0,
8f4142c5ead94656b4744b425d800fb8,727,98847,47,21,117,https://www.youtube.com/watch?v=ZvAMkSEGhZE,47,21,117,https://www.youtube.com/watch?v=ZvAMkSEGhZE,0,0,0,,0,0,0,0,
a2f9fd3568f3467aa35e411dbde1ab45,727,39725,39,20,60,https://www.youtube.com/watch?v=mDB6_UHN1Es,20,19,20,https://www.youtube.com/watch?v=aIlpLcb6c_I,54,20,60,https://www.youtube.com/watch?v=mDB6_UHN1Es,0,0,0,0,
00de1290ff0a4edda4db0385a6ba3300,726,14744,0,0,0,,0,0,0,,0,0,0,,1765,98,80,153,https://www.twitch.tv/videos/2755118134
c22cb6790eaf4fcc8ac47633e0ab6c49,725,23480,100,37,1044,https://www.youtube.com/watch?v=dmKxoBHIEcs,49,7,135,https://www.youtube.com/watch?v=NF_Cg9IG02U,605,314,1044,https://www.youtube.com/watch?v=dmKxoBHIEcs,300,83,62,111,https://www.twitch.tv/videos/2752734255
6826120624a244d4ab9522b5845db071,724,38345,0,0,0,,0,0,0,,0,0,0,,3657,538,427,792,https://www.twitch.tv/videos/2758225684
ea31f43c943742be847e205495fc64ad,722,62408,1310,928,2251,https://www.youtube.com/watch?v=KVdigRlA5CY,0,0,0,,1310,928,2251,https://www.youtube.com/watch?v=KVdigRlA5CY,3469,1855,849,4548,https://www.twitch.tv/videos/2754353635
4d4db7afb4b84af7b4d54889a5f93947,720,19679,35,29,35,https://www.youtube.com/watch?v=PYBIvVKocis,0,0,0,,35,29,35,https://www.youtube.com/watch?v=PYBIvVKocis,0,0,0,0,
ffe0cef3d8c34c52bb605a23a3e61e95,717,20773,236,108,1640,https://www.youtube.com/watch?v=sQVPShLOTpw,192,95,332,https://www.youtube.com/watch?v=j2Yk4BGrx_Y,1640,540,1640,https://www.youtube.com/watch?v=sQVPShLOTpw,0,0,0,0,
082df6a588424bc9aaa378c53b34315c,715,23486,0,0,0,,0,0,0,,0,0,0,,179,36,29,36,https://www.twitch.tv/videos/2756543155
8ae0f370cf124faa953a09089a427fd9,715,28828,86,42,559,https://www.youtube.com/watch?v=aHS8geOU6yE,86,42,559,https://www.youtube.com/watch?v=aHS8geOU6yE,0,0,0,,290,42,26,90,https://www.twitch.tv/videos/2757440998
027dc46502ee4350ba597000191659ae,715,20422,130,91,1479,https://www.youtube.com/watch?v=wbL9Oxn0yIc,117,78,319,https://www.youtube.com/watch?v=HnrBKz4tYdE,486,224,1479,https://www.youtube.com/watch?v=wbL9Oxn0yIc,58,0,0,0,
acc6cc72bdb74a74a719cc41baf0aade,713,26870,56,28,109,https://www.youtube.com/watch?v=VFz40UPBDuo,56,28,109,https://www.youtube.com/watch?v=VFz40UPBDuo,0,0,0,,0,0,0,0,
bb775b8f85574398af290f5be009d40e,713,948,0,0,0,,0,0,0,,0,0,0,,0,0,0,0,
fb72bfcead034da2abef22637e7b2b3c,710,36320,971,141,1405,https://www.youtube.com/watch?v=LCPLljeKhvI,0,0,0,,971,141,1405,https://www.youtube.com/watch?v=LCPLljeKhvI,1507,141,100,277,https://www.twitch.tv/videos/2753249395
a4e31a26718d42d692f6613fafb810f5,708,17779,0,0,0,,0,0,0,,0,0,0,,0,0,0,0,
8bd1aad0ee834101b6042c08495a31be,708,17073,0,0,0,,0,0,0,,0,0,0,,248,23,16,23,https://www.twitch.tv/videos/2754281131
667d1f10770d4512a5350b74bcb3efc0,706,28135,65,44,74,https://www.youtube.com/watch?v=y5nzFKePEbI,65,44,74,https://www.youtube.com/watch?v=y5nzFKePEbI,0,0,0,,0,0,0,0,
6bff712e91fe4fc19332873f9db07c2a,706,28033,0,0,0,,0,0,0,,0,0,0,,0,0,0,0,
d460f1ea172d49f9a23f3277a391ce30,705,5824,0,0,0,,0,0,0,,0,0,0,,526,33,26,37,https://www.twitch.tv/videos/2757575465
4297ecbe09d04698a65f1778f5c16dc4,705,30750,61,36,1889,https://www.youtube.com/watch?v=PxvkgWvOfVk,52,24,92,https://www.youtube.com/watch?v=jVmn-cJe9iA,641,400,1889,https://www.youtube.com/watch?v=PxvkgWvOfVk,202,20,14,36,https://www.twitch.tv/videos/2759670127
40a4357f990e4fd8ad2ac18c26603925,705,17948,20,12,52,https://www.youtube.com/watch?v=j_Yx5sl8aJE,15,7,26,https://www.youtube.com/watch?v=mJ1v2PAg3Ws,52,15,52,https://www.youtube.com/watch?v=j_Yx5sl8aJE,1658,47,31,103,https://www.twitch.tv/videos/2753464579
5ee9f1126dcf463e8d6afc8ef113d084,704,21924,57,22,121,https://www.youtube.com/watch?v=Kc81yab4c90,57,22,121,https://www.youtube.com/watch?v=Kc81yab4c90,0,0,0,,0,0,0,0,
c72045d5b8714411af64d5c9d29cea97,701,28383,0,0,0,,0,0,0,,0,0,0,,0,0,0,0,
b3628981441b4b1aa2a3c91af81c7084,700,4392,0,0,0,,0,0,0,,0,0,0,,0,0,0,0,
9b64082043fc451f9dd5edc793fa8605,697,8702,5,2,9,https://www.youtube.com/watch?v=1D5U1vPV1i4,0,0,0,,5,2,9,https://www.youtube.com/watch?v=1D5U1vPV1i4,1148,239,174,301,https://www.twitch.tv/videos/2756493049
8881d23b0a3c426590c8a2509e363ec1,697,86853,465,427,465,https://www.youtube.com/watch?v=3ODndxblm14,0,0,0,,465,427,465,https://www.youtube.com/watch?v=3ODndxblm14,2009,149,108,246,https://www.twitch.tv/videos/2752696723
2047c8ae25624470b90251b1fd9502d5,697,27784,0,0,0,,0,0,0,,0,0,0,,0,0,0,0,
bd16ea1e11d9475eb53a108ba90ea6a3,696,58624,26,11,91,https://www.youtube.com/watch?v=mwYaTKPQ6Hw,26,11,91,https://www.youtube.com/watch?v=mwYaTKPQ6Hw,0,0,0,,0,0,0,0,
60da3bb357d64f998006b8ca3043fd00,695,28815,50,25,154,https://www.youtube.com/watch?v=nl0x4ALdN7k,50,25,154,https://www.youtube.com/watch?v=nl0x4ALdN7k,0,0,0,,0,0,0,0,
0800162a149e420ea0386c9506e710b7,693,29589,0,0,0,,0,0,0,,0,0,0,,0,0,0,0,
28e5717b1964475ca59ce02d81cb2796,693,14294,0,0,0,,0,0,0,,0,0,0,,3268,673,219,1406,https://www.twitch.tv/videos/2756253174
32ce3b3861fe4b5a98d5adc9a704bbf1,693,30278,802,503,6428,https://www.youtube.com/watch?v=iRUsQNXcLmY,586,503,812,https://www.youtube.com/watch?v=EanMnzJDcLU,3032,1628,6428,https://www.youtube.com/watch?v=iRUsQNXcLmY,46,0,0,0,
a324be13dcdb4acbbe722638fc2dbfa4,693,40795,57,44,5273,https://www.youtube.com/watch?v=d-MgyzTMa5U,45,13,67,https://www.youtube.com/watch?v=kTpTvo8ry-0,2850,925,5273,https://www.youtube.com/watch?v=d-MgyzTMa5U,115,15,12,16,https://www.twitch.tv/videos/2755041311
29d8d144d6a24ff28476d25306286836,691,134996,1590,294,4366,https://www.youtube.com/watch?v=oBAZ1kSNpXI,61,57,61,https://www.youtube.com/watch?v=tQTQEVAzQjc,2202,571,4366,https://www.youtube.com/watch?v=oBAZ1kSNpXI,1192,557,455,2125,https://www.twitch.tv/videos/2750957496
1058d6e9f351455389e8a7a716ea26ff,691,52884,33,16,98,https://www.youtube.com/watch?v=7T5amoiJHKQ,29,18,98,https://www.youtube.com/watch?v=7T5amoiJHKQ,50,7,68,https://www.youtube.com/watch?v=y1ZKcvT5aPQ,3404,181,140,467,https://www.twitch.tv/videos/2751034502
a0467c81a3014fbf83029acffe5b1d3f,688,12291,0,0,0,,0,0,0,,0,0,0,,1159,31,20,33,https://www.twitch.tv/videos/2751654569
728094029eab434ca60a99e4d1a139c7,688,113442,1510,406,24106,https://www.youtube.com/watch?v=9pZf8c6UhP0,166,49,236,https://www.youtube.com/watch?v=yhjtlpECNhw,1835,640,24106,https://www.youtube.com/watch?v=9pZf8c6UhP0,5,0,0,0,
15e82a696cfc4d42929e29b0d90955d1,685,45996,187,50,947,https://www.youtube.com/watch?v=u73BDr4WJ4k,159,62,947,https://www.youtube.com/watch?v=u73BDr4WJ4k,282,33,463,https://www.youtube.com/watch?v=T_PdOICsRjw,0,0,0,0,
5896bb30994d4416ad7e252642135194,684,49363,62,32,72,https://www.youtube.com/watch?v=8WZYDTkcOr4,62,32,72,https://www.youtube.com/watch?v=8WZYDTkcOr4,0,0,0,,0,0,0,0,
bff3b878d9864ff893bd79d1f2a7a849,683,44077,22,10,56,https://www.youtube.com/watch?v=YfZ7AOvdReY,22,9,56,https://www.youtube.com/watch?v=YfZ7AOvdReY,19,12,19,https://www.youtube.com/watch?v=m6Il3g6lKxE,129,10,5,24,https://www.twitch.tv/videos/2751599604
15ec206bfc374aaaa594bc12e9887a69,681,9393,0,0,0,,0,0,0,,0,0,0,,1623,0,0,0,
2608bc34d1f8497da55ab0cf4d0d7f0e,679,14052,1112,361,1112,https://www.youtube.com/watch?v=_U8AbHHXaLU,0,0,0,,1112,361,1112,https://www.youtube.com/watch?v=_U8AbHHXaLU,2989,1262,910,1769,https://www.twitch.tv/videos/2750716938
0528d5a963af400884b2db8484a0d152,678,531,0,0,0,,0,0,0,,0,0,0,,411,0,0,0,
2c83b5b4c0644e9d94c4221ba9543cc5,677,19114,0,0,0,,0,0,0,,0,0,0,,271,0,0,0,
0591345aa6634a73ac41f08af6d4e06e,676,33636,39,23,1374,https://www.youtube.com/watch?v=heD6IR2yrrI,37,22,117,https://www.youtube.com/watch?v=lKXIICej48Q,1374,1154,1374,https://www.youtube.com/watch?v=heD6IR2yrrI,0,0,0,0,
94b3f738cde248e3bf6061f1692d6337,675,167482,0,0,0,,0,0,0,,0,0,0,,0,0,0,0,
e44a37ed06c749da9aeea8e16b309a84,675,28945,0,0,0,,0,0,0,,0,0,0,,27,0,0,0,
263db06cfe814d4397e6fc8bc593e70e,674,42543,0,0,0,,0,0,0,,0,0,0,,0,0,0,0,
6159040406fc4e6cb73dbf9734717703,673,98262,0,0,0,,0,0,0,,0,0,0,,2146,0,0,0,
1a39f2817a8d4b2d941677c2a07e896a,671,78645,70,31,1888,https://www.youtube.com/watch?v=QJcfuS9b3QI,56,25,1301,https://www.youtube.com/watch?v=LZlPVx-PqtQ,320,101,1888,https://www.youtube.com/watch?v=QJcfuS9b3QI,0,0,0,0,
c265c71f4d2744919a319f0f38c008f9,671,25954,0,0,0,,0,0,0,,0,0,0,,5611,0,0,0,
dfc411c6b5d24d97b944f527ddfd2f0b,668,34212,67,26,177,https://www.youtube.com/watch?v=C5wt33nQFJk,73,26,177,https://www.youtube.com/watch?v=C5wt33nQFJk,51,39,51,https://www.youtube.com/watch?v=fb_v45aJfoM,0,0,0,0,
26b00f5ff5bf4b5a8dcb6c5c34e1b4f6,665,4898,0,0,0,,0,0,0,,0,0,0,,5982,1148,574,3283,https://www.twitch.tv/videos/2751335790
a59b5e9b4b3f423faa754bb0c1c5e9f7,664,20049,0,0,0,,0,0,0,,0,0,0,,13,0,0,0,
d15b3fadead04e7399faaeb47fdf37f9,664,33590,0,0,0,,0,0,0,,0,0,0,,0,0,0,0,
f3a1ec7e996e4897ba4e34376f7c0be2,663,8392,91,42,91,https://www.youtube.com/watch?v=fsZ-qkkyED4,0,0,0,,91,42,91,https://www.youtube.com/watch?v=fsZ-qkkyED4,1021,260,182,319,https://www.twitch.tv/videos/2752602863
63d931b5a0374b3fbeef2c565a8db8df,663,95211,2302,78,2302,https://www.youtube.com/watch?v=8sthokxi8lM,0,0,0,,2302,78,2302,https://www.youtube.com/watch?v=8sthokxi8lM,6378,640,389,640,https://www.twitch.tv/videos/2751172147
3a30426a65fe450bbef138fd8ba35f1e,662,51457,79,45,179,https://www.youtube.com/watch?v=LJnwwKNDXTU,79,45,179,https://www.youtube.com/watch?v=LJnwwKNDXTU,0,0,0,,0,0,0,0,
5bbd1c2531594775a4b74928e630dd59,662,45476,0,0,0,,0,0,0,,0,0,0,,4112,335,179,1538,https://www.twitch.tv/videos/2751674738
23d18a6678794320b2d3f9d468b9b3a4,661,43002,16,6,24,https://www.youtube.com/watch?v=OwfyTzqX6g0,16,6,24,https://www.youtube.com/watch?v=OwfyTzqX6g0,0,0,0,,1263,156,110,527,https://www.twitch.tv/videos/2759812381
4b305df8ba4546b48c8ec1cda5efb7e2,660,181119,15,9,15,https://www.youtube.com/watch?v=95hpsBZv6-A,15,9,15,https://www.youtube.com/watch?v=95hpsBZv6-A,0,0,0,,0,0,0,0,
7342e2aefa41449880565dfd15a35cad,659,20513,30,11,51,https://www.youtube.com/watch?v=9tHyJeftAEI,30,11,51,https://www.youtube.com/watch?v=9tHyJeftAEI,0,0,0,,0,0,0,0,
fc6a8de6e0e14e05a11b1d35dfce1d71,658,36245,43,30,56,https://www.youtube.com/watch?v=kTVtNWylXuo,42,26,44,https://www.youtube.com/watch?v=iDQc6JWmFqA,56,35,56,https://www.youtube.com/watch?v=kTVtNWylXuo,0,0,0,0,
49d38057272d4c4992cdbcb792c94d00,657,25986,34,16,51,https://www.youtube.com/watch?v=f64gLKgEbO8,34,16,51,https://www.youtube.com/watch?v=f64gLKgEbO8,0,0,0,,284,37,9,96,https://www.twitch.tv/videos/2738656833
9bd9d680d6cf48d1a7171430f286fcb1,656,93115,36,16,1304,https://www.youtube.com/watch?v=MtSfUJkBv8o,31,14,68,https://www.youtube.com/watch?v=L1zz_GALQvQ,401,113,1304,https://www.youtube.com/watch?v=MtSfUJkBv8o,0,0,0,0,
c03997835cc943fe81a441c571d733d0,654,53710,23,9,124,https://www.youtube.com/watch?v=JYDkK-i6Ad0,22,8,39,https://www.youtube.com/watch?v=bxVntjCRxHA,124,20,124,https://www.youtube.com/watch?v=JYDkK-i6Ad0,207,0,0,0,
b96f58f4373a4b65977afe5f2829e9e4,653,164701,55,8,147,https://www.youtube.com/watch?v=_HSAirVLFXU,39,8,66,https://www.youtube.com/watch?v=y74G_e1MyP4,105,38,147,https://www.youtube.com/watch?v=_HSAirVLFXU,511,121,69,170,https://www.twitch.tv/videos/2751143649
14d68e1fc65f4206b0c45d65970c0215,651,42769,61,20,85,https://www.youtube.com/watch?v=0SBV7WJEQKA,61,20,85,https://www.youtube.com/watch?v=0SBV7WJEQKA,0,0,0,,0,0,0,0,
f7185f45c8a44e69bf829405206996b9,650,30628,108,19,174,https://www.youtube.com/watch?v=GQJGo5xOHG0,108,19,174,https://www.youtube.com/watch?v=GQJGo5xOHG0,0,0,0,,54,0,0,0,
0f11420beab0442eae0208ac63d4474c,650,3917,0,0,0,,0,0,0,,0,0,0,,0,0,0,0,
948c874aac8c4c7fa088b380e79b2154,649,20681,104,62,104,https://www.youtube.com/watch?v=mX-TDfR26p0,104,62,104,https://www.youtube.com/watch?v=mX-TDfR26p0,0,0,0,,0,0,0,0,
2c6b5ad20b4e4bdc85310b791d02b364,648,7026,0,0,0,,0,0,0,,0,0,0,,2339,0,0,0,
3e079110e939428085c1f1040ec756f9,648,8650,0,0,0,,0,0,0,,0,0,0,,0,0,0,0,
e911a56d410b4949aee1d3a8dc84f4ad,647,39796,37,15,70,https://www.youtube.com/watch?v=QA3Ow9z1mPI,37,15,70,https://www.youtube.com/watch?v=QA3Ow9z1mPI,0,0,0,,0,0,0,0,
677a773535814b5fa2d557da2f80bb89,647,17393,0,0,0,,0,0,0,,0,0,0,,424,0,0,0,
87e1b5eec62040118b6bd49efbe5d61c,646,51133,119,48,1350,https://www.youtube.com/watch?v=8PalmfywAWg,84,37,219,https://www.youtube.com/watch?v=k0KtSHOiNHA,549,244,1350,https://www.youtube.com/watch?v=8PalmfywAWg,428,204,142,724,https://www.twitch.tv/videos/2750766730
9f585f607da24e26b05ccb7e06e1d4f1,643,89434,87,38,1740,https://www.youtube.com/watch?v=fJ1n6tNVC9A,62,21,241,https://www.youtube.com/watch?v=2ReGbIlG_wk,1266,192,1740,https://www.youtube.com/watch?v=fJ1n6tNVC9A,527,0,0,0,
adb7f358e8134f30ac0919a74c9d171b,638,13848,3,2,3,https://www.youtube.com/watch?v=skeYWpR9kiM,0,0,0,,3,2,3,https://www.youtube.com/watch?v=skeYWpR9kiM,2212,266,195,708,https://www.twitch.tv/videos/2750120777
031da54f73f94adf8159ef0d3bfeb52b,636,67617,33,10,72,https://www.youtube.com/watch?v=5_W9oRA9ES8,33,10,72,https://www.youtube.com/watch?v=5_W9oRA9ES8,0,0,0,,0,0,0,0,
dc9cd2bc942d427d8cc73370d1194f9e,636,45920,114,79,344,https://www.youtube.com/watch?v=tXVbQrocWGM,114,79,344,https://www.youtube.com/watch?v=tXVbQrocWGM,0,0,0,,0,0,0,0,
5298121274154e4b9154e8ac47d98beb,636,37714,37,36,899,https://www.youtube.com/watch?v=8d-zhqJgohg,35,27,142,https://www.youtube.com/watch?v=3f-GnyF08_Q,899,816,899,https://www.youtube.com/watch?v=8d-zhqJgohg,0,0,0,0,
6bb99d03979041aa909d87375acaf92d,635,108619,592,25,592,https://www.youtube.com/watch?v=w4PgibFmpF4,592,25,592,https://www.youtube.com/watch?v=w4PgibFmpF4,0,0,0,,0,0,0,0,
f1bcb26adebc4b95abd8fb779dfc4f6f,635,31067,111,46,148,https://www.youtube.com/watch?v=1DhxKSehUVo,111,46,148,https://www.youtube.com/watch?v=1DhxKSehUVo,0,0,0,,0,0,0,0,
4c127c01ba31487599018fc81ff1a3dd,634,36006,0,0,0,,0,0,0,,0,0,0,,0,0,0,0,
e7f01ae0c78b4daeaaf8f3fe39946e8d,633,33381,37,2,73,https://www.youtube.com/watch?v=5k3TtIw48gU,37,2,73,https://www.youtube.com/watch?v=5k3TtIw48gU,0,0,0,,0,0,0,0,
004e635d5d494045a810b2d026e769c7,632,62227,177,118,1147,https://www.youtube.com/watch?v=qQ1ddQVFs8k,177,118,267,https://www.youtube.com/watch?v=2zGYAC3iqlU,593,234,1147,https://www.youtube.com/watch?v=qQ1ddQVFs8k,0,0,0,0,
ec332c6e824044698204e6dba3e5fbfc,632,12003,0,0,0,,0,0,0,,0,0,0,,565,0,0,0,
424043d4c55449cd9317bc0923c13299,631,264991,66,25,1223,https://www.youtube.com/watch?v=-J7i7TCloQI,36,16,77,https://www.youtube.com/watch?v=2j0m3PAI2LA,182,35,1223,https://www.youtube.com/watch?v=-J7i7TCloQI,279,0,0,0,
e55e67f2f7f64a6da7ae604df1652f5e,630,252350,96,59,114,https://www.youtube.com/watch?v=G-xWaqvQYG8,79,19,79,https://www.youtube.com/watch?v=UtMFRj_W-Ew,114,98,114,https://www.youtube.com/watch?v=G-xWaqvQYG8,0,0,0,0,
1f455594561b421da20dde10d1540981,629,44373,0,0,0,,0,0,0,,0,0,0,,6176,448,220,1434,https://www.twitch.tv/videos/2755879235
326a721a7a904cb9b5ed0dad4899d7c2,629,22198,602,504,1182,https://www.youtube.com/watch?v=yExXFMYZ7IQ,0,0,0,,602,504,1182,https://www.youtube.com/watch?v=yExXFMYZ7IQ,795,235,160,430,https://www.twitch.tv/videos/2750232742
87e486b2a37549cbaccc95bbf7d3f253,628,41030,27,17,1185,https://www.youtube.com/watch?v=VgczWFbnB78,26,17,131,https://www.youtube.com/watch?v=SbPTbc-uhec,1185,710,1185,https://www.youtube.com/watch?v=VgczWFbnB78,2438,120,94,177,https://www.twitch.tv/videos/2751102828
e50da8792cd94b009eaa8dd4be738d59,627,2041,0,0,0,,0,0,0,,0,0,0,,1077,36,25,69,https://www.twitch.tv/videos/2755211916
fdb0805c65e24f13b7f23e50e0db8ae2,627,45768,834,502,1155,https://www.youtube.com/watch?v=aWUsrr3QOhw,0,0,0,,834,502,1155,https://www.youtube.com/watch?v=aWUsrr3QOhw,8720,1061,830,2698,https://www.twitch.tv/videos/2759052106
54b80ca15e0c40f6abdebd37e0aa4ca1,625,14271,0,0,0,,0,0,0,,0,0,0,,671,209,127,258,https://www.twitch.tv/videos/2751837348
3e6f13f775fa4ef09ff9b26ce062eb52,624,1594,0,0,0,,0,0,0,,0,0,0,,306,0,0,0,
6c2b07e387644ff1898d8c536747dcb0,623,20858,961,298,1417,https://www.youtube.com/watch?v=RU_KhMaK_IY,0,0,0,,961,298,1417,https://www.youtube.com/watch?v=RU_KhMaK_IY,308,0,0,0,
e0823adb7a574647b6e395e70038509d,622,28169,998,196,1489,https://www.youtube.com/watch?v=XNMxYKlM21M,0,0,0,,998,196,1489,https://www.youtube.com/watch?v=XNMxYKlM21M,0,0,0,0,
b16b9643e24d404a8de6d66551451b85,622,8921,31,12,71,https://www.youtube.com/watch?v=TcYBJapPL_I,31,12,71,https://www.youtube.com/watch?v=TcYBJapPL_I,0,0,0,,3319,0,0,0,
0ad03ee6159c4d37a4feccbc49ba3dcf,621,56836,35,20,488,https://www.youtube.com/watch?v=zFlMJV26D4E,35,20,488,https://www.youtube.com/watch?v=zFlMJV26D4E,5,2,5,https://www.youtube.com/watch?v=ZQAMDGAKUNo,168,0,0,0,
5e931b583dfe4fdc98d10e4dceaf2c93,621,23304,8,3,95,https://www.youtube.com/watch?v=Eez7IzygwcU,0,0,0,,8,3,95,https://www.youtube.com/watch?v=Eez7IzygwcU,1527,273,258,422,https://www.twitch.tv/videos/2759749150
b8ccfa7aec6a419ca8ad1a91d9fafdf6,621,0,0,0,0,,0,0,0,,0,0,0,,2333,152,101,299,https://www.twitch.tv/videos/2759766087
dec8ff1f1ef243ccb8fa65edb7a813bd,620,873,0,0,0,,0,0,0,,0,0,0,,327,0,0,0,
c3945429509246f79c5f0a18594f696d,619,30125,39,32,39,https://www.youtube.com/watch?v=Kr1lBfHTm50,0,0,0,,39,32,39,https://www.youtube.com/watch?v=Kr1lBfHTm50,12845,3144,1142,8276,https://www.twitch.tv/videos/2758081270
c1ca3c2282084d0ebbdeb3896801aec9,618,19000,0,0,0,,0,0,0,,0,0,0,,258,0,0,0,
e07cd7e29645414481d441fcfd4fd456,617,29103,4,2,5,https://www.youtube.com/watch?v=oBtS2Rl_wRU,0,0,0,,4,2,5,https://www.youtube.com/watch?v=oBtS2Rl_wRU,0,0,0,0,
12d506583827419e9eb3b64ec551a94d,617,32654,77,48,93,https://www.youtube.com/watch?v=rJEBJElcB9I,77,48,93,https://www.youtube.com/watch?v=rJEBJElcB9I,0,0,0,,24,0,0,0,
f5a99c6ea78e4023b1bc84c1502f432d,617,31040,19,10,1290,https://www.youtube.com/watch?v=PpvE30n8yrE,15,9,58,https://www.youtube.com/watch?v=jV6lo6woU5I,252,187,1290,https://www.youtube.com/watch?v=PpvE30n8yrE,794,73,32,127,https://www.twitch.tv/videos/2757561284
66345fc8147b45e99d6eba1b0df6ba7c,616,31739,0,0,0,,0,0,0,,0,0,0,,0,0,0,0,
5d1f5182f62642a8a2e3ae5d3ead1014,612,51270,87,54,181,https://www.youtube.com/watch?v=r68FUn9NdXE,87,54,181,https://www.youtube.com/watch?v=r68FUn9NdXE,0,0,0,,0,0,0,0,
2ffa876173cb42bc8a1de004fe10e391,612,11675,58,57,58,https://www.youtube.com/watch?v=y1BDWcPuUmE,58,57,58,https://www.youtube.com/watch?v=y1BDWcPuUmE,0,0,0,,0,0,0,0,
17143fd7a2eb41aab006783b2584dda7,612,14711,0,0,0,,0,0,0,,0,0,0,,1030,0,0,0,
809ddec4aec2402ea41adeba2f8520ec,608,59353,128,5,796,https://www.youtube.com/watch?v=AxowdVcOiZE,0,0,0,,128,5,796,https://www.youtube.com/watch?v=AxowdVcOiZE,1211,262,179,269,https://www.twitch.tv/videos/2752664219
5507154831064d69906acc64c76b1c99,606,23192,0,0,0,,0,0,0,,0,0,0,,3158,485,128,891,https://www.twitch.tv/videos/2752794265
9760ffdb528f40a7bd010589f2ce06c4,605,29565,0,0,0,,0,0,0,,0,0,0,,785,72,42,72,https://www.twitch.tv/videos/2750898422
d02adf3818df4c9fa03ed90bf1df5b41,605,15468,15,10,29,https://www.youtube.com/watch?v=4GtNv3K6K1I,28,19,29,https://www.youtube.com/watch?v=4GtNv3K6K1I,4,2,4,https://www.youtube.com/watch?v=vJ1v0VavYco,0,0,0,0,
8b0dbadf9faa4815923944437f1c1abb,601,72288,8,3,1281,https://www.youtube.com/watch?v=FQ-D-Vv67Qg,0,0,0,,8,3,1281,https://www.youtube.com/watch?v=FQ-D-Vv67Qg,0,0,0,0,
7c781489389447e682388caccae7fb1c,599,21099,18,10,23,https://www.youtube.com/watch?v=cz4j1rBqxo0,0,0,0,,18,10,23,https://www.youtube.com/watch?v=cz4j1rBqxo0,1043,51,27,51,https://www.twitch.tv/videos/2749430727
20b9316c0979495fbff724be3442d4a4,599,142490,42,19,1996,https://www.youtube.com/watch?v=3btuJlJ44c8,30,15,93,https://www.youtube.com/watch?v=na_cX2Ycvfc,237,133,1996,https://www.youtube.com/watch?v=3btuJlJ44c8,17,0,0,0,
6142bdfa61cd4f3092263bfe477e8e0b,599,147203,66,37,98,https://www.youtube.com/watch?v=wTZruUVvOog,66,37,98,https://www.youtube.com/watch?v=wTZruUVvOog,0,0,0,,0,0,0,0,
defbc693cb874182807b768593439616,599,19104,0,0,0,,0,0,0,,0,0,0,,1606,185,30,228,https://www.twitch.tv/videos/2741246628
04ca68439fd14d088c77eb0069e6414f,598,55556,51,28,61,https://www.youtube.com/watch?v=7NiwgyyrD2Y,51,28,61,https://www.youtube.com/watch?v=7NiwgyyrD2Y,0,0,0,,351,32,20,86,https://www.twitch.tv/videos/2752592520
3f74c9c84fac427ea0e3d147c6027e82,596,17736,5,0,5,https://www.youtube.com/watch?v=rUhZ8B6dOf0,0,0,0,,5,0,5,https://www.youtube.com/watch?v=rUhZ8B6dOf0,0,0,0,0,
da2113ffb3d74a6394685e68feaa7b60,595,145068,221,84,938,https://www.youtube.com/watch?v=uTRIiWLq-nI,22,13,47,https://www.youtube.com/watch?v=vsPM-QNDrEQ,266,122,938,https://www.youtube.com/watch?v=uTRIiWLq-nI,0,0,0,0,
e4a78a4115b7463eb3e42f1cbbd59aa0,594,38497,0,0,0,,0,0,0,,0,0,0,,0,0,0,0,
3849edba2b2e411f8564e9c1d1aaaa51,594,72691,31,29,42,https://www.youtube.com/watch?v=sTGGSFCSQ7g,31,29,42,https://www.youtube.com/watch?v=sTGGSFCSQ7g,0,0,0,,0,0,0,0,
2fbd2ed36dc7493b8d3e95a19c2c9847,589,47555,53,23,295,https://www.youtube.com/watch?v=-GurZoN0Sgw,53,23,295,https://www.youtube.com/watch?v=-GurZoN0Sgw,0,0,0,,0,0,0,0,
4cc07f3cbfed434090bba391bc15fd6d,587,39555,0,0,0,,0,0,0,,0,0,0,,1641,135,62,175,https://www.twitch.tv/videos/2747829374
8c4d0ef0e1ee405e93be5d03974307ce,585,31052,67,29,77,https://www.youtube.com/watch?v=lJwv2XiSVR4,67,29,77,https://www.youtube.com/watch?v=lJwv2XiSVR4,0,0,0,,31,0,0,0,
1204e14e13fb4e1e9dcbd47e1a8dc7b2,585,15639,0,0,0,,0,0,0,,0,0,0,,712,0,0,0,
7dc8617f6004470c8a65a67a9abdf661,584,19281,20,8,20,https://www.youtube.com/watch?v=QMLQqfmWr7M,20,8,20,https://www.youtube.com/watch?v=QMLQqfmWr7M,0,0,0,,248,0,0,0,
fcf160e0e39147b4b4037d1e4d18f076,582,69196,55,23,152,https://www.youtube.com/watch?v=qskSwJaK9FE,55,23,152,https://www.youtube.com/watch?v=qskSwJaK9FE,0,0,0,,0,0,0,0,
3de1f749e7fe4b219a2a10611311297f,582,22761,47,14,104,https://www.youtube.com/watch?v=OJ0l_gtBGNM,47,14,104,https://www.youtube.com/watch?v=OJ0l_gtBGNM,0,0,0,,354,0,0,0,
6f5a8075e60244cb8e74c6aa35daaa2a,582,29457,0,0,0,,0,0,0,,0,0,0,,0,0,0,0,
ab24c13e4bff4ff8909a7650260f8b19,578,32643,54,36,1825,https://www.youtube.com/watch?v=_BXK1fEIqNE,53,30,103,https://www.youtube.com/watch?v=e2ChJIDeaqI,1605,546,1825,https://www.youtube.com/watch?v=_BXK1fEIqNE,0,0,0,0,
ff88906b47654805b8370426415f1183,576,20524,0,0,0,,0,0,0,,0,0,0,,3216,724,614,3413,https://www.twitch.tv/videos/2745253476
aa673b95b03540288c87dbaa59477ef9,576,37886,193,85,193,https://www.youtube.com/watch?v=xp0V8KJUMkY,193,85,193,https://www.youtube.com/watch?v=xp0V8KJUMkY,0,0,0,,0,0,0,0,
903278eb21a342669dc6f7eea7dbe618,576,19043,155,55,1039,https://www.youtube.com/watch?v=dqbwAuhlSiM,138,51,411,https://www.youtube.com/watch?v=fhnpo73QSN0,1039,805,1039,https://www.youtube.com/watch?v=dqbwAuhlSiM,0,0,0,0,
fad52a34935b402a819aa4bb504453da,574,29989,0,0,0,,0,0,0,,0,0,0,,0,0,0,0,
a05afa97381b4f96b02a1af859426f9c,574,55062,200,70,1863,https://www.youtube.com/watch?v=ZMWWggz90lQ,113,65,371,https://www.youtube.com/watch?v=Ud-kHR0o83c,978,144,1863,https://www.youtube.com/watch?v=ZMWWggz90lQ,0,0,0,0,
f9247dd02dd24e209eba623edcd8354b,573,55872,195,99,261,https://www.youtube.com/watch?v=RU-nrof7J54,0,0,0,,195,99,261,https://www.youtube.com/watch?v=RU-nrof7J54,518,31,22,37,https://www.twitch.tv/videos/2755849728
4859b57db8e043f1965e56324f137097,573,92543,902,599,902,https://www.youtube.com/watch?v=jXPVlwJeSVQ,0,0,0,,902,599,902,https://www.youtube.com/watch?v=jXPVlwJeSVQ,1952,652,451,758,https://www.twitch.tv/videos/2758945435
bedd14283dd34a639c5f77a95856ecad,569,20769,101,34,152,https://www.youtube.com/watch?v=BYkNj8-Z_bQ,101,34,152,https://www.youtube.com/watch?v=BYkNj8-Z_bQ,0,0,0,,0,0,0,0,
7179f903569e4fa9842b5c5ea3f7a645,568,34225,47,8,60,https://www.youtube.com/watch?v=HPpY3bGdN58,47,8,60,https://www.youtube.com/watch?v=HPpY3bGdN58,0,0,0,,637,0,0,0,
993f7baff5d24cf69d077e30f7fd1a9d,566,26272,0,0,0,,0,0,0,,0,0,0,,0,0,0,0,
3353f8693d7b4caa82abeb2de3d89815,566,19585,25,13,51,https://www.youtube.com/watch?v=Zi6pJqTFR8U,25,13,51,https://www.youtube.com/watch?v=Zi6pJqTFR8U,7,5,7,https://www.youtube.com/watch?v=Moix4U_AP7w,1631,320,248,634,https://www.twitch.tv/videos/2749536507
c4ad3b6c4fe94f9a8142895fd869dfb9,565,4556,12,8,13,https://www.youtube.com/watch?v=PIqXGdqpN7E,0,0,0,,12,8,13,https://www.youtube.com/watch?v=PIqXGdqpN7E,1477,397,272,483,https://www.twitch.tv/videos/2750846433
3e7ef261eb21464eacd7d26a1e6c2fcc,564,26196,85,45,134,https://www.youtube.com/watch?v=Vw4LWZDZ8Qc,85,45,134,https://www.youtube.com/watch?v=Vw4LWZDZ8Qc,0,0,0,,0,0,0,0,
5e259658ed814cc894dfe408d10ecc6e,563,31075,102,44,133,https://www.youtube.com/watch?v=LmweZDgnhBA,102,44,133,https://www.youtube.com/watch?v=LmweZDgnhBA,0,0,0,,0,0,0,0,
df6e2520044744f0957a83db74b386bb,562,15579,0,0,0,,0,0,0,,0,0,0,,0,0,0,0,
ee5418c900a7400fa44c821eaaca0218,561,9883,20,9,20,https://www.youtube.com/watch?v=E2uvXcgtd-Q,0,0,0,,20,9,20,https://www.youtube.com/watch?v=E2uvXcgtd-Q,621,19,12,53,https://www.twitch.tv/videos/2758318601
22b0dfc3703e477d9ce6880cdbfafd91,561,23642,0,0,0,,0,0,0,,0,0,0,,2350,276,159,872,https://www.twitch.tv/videos/2757352234
318268a48a3c47b7a56609c204d02b03,560,15093,0,0,0,,0,0,0,,0,0,0,,3281,148,105,313,https://www.twitch.tv/videos/2757632686
ba795eb1ea0f4fea888b1bfff3d5be86,559,68963,51,4,100,https://www.youtube.com/watch?v=J5R3IaF39qQ,0,0,0,,51,4,100,https://www.youtube.com/watch?v=J5R3IaF39qQ,3428,0,0,0,
8a19d25c92fe4b3194f1211d503d6d4d,558,53267,0,0,0,,0,0,0,,0,0,0,,0,0,0,0,
6542ad533b67427ab99e5b2277ace17d,558,15584,0,0,0,,0,0,0,,0,0,0,,0,0,0,0,
b76eb671dc62463fb845025be34526b7,558,4002,249,93,432,https://www.youtube.com/watch?v=ynO-ONDlz50,0,0,0,,249,93,432,https://www.youtube.com/watch?v=ynO-ONDlz50,0,0,0,0,
52ff14aabd804801a6e589681fc2fb4d,558,70850,16,11,34,https://www.youtube.com/watch?v=RLT4SjMjXgU,0,0,0,,16,11,34,https://www.youtube.com/watch?v=RLT4SjMjXgU,1620,0,0,0,
5908563b5c944c7b919b08e5233a8a5a,556,134253,11,6,29,https://www.youtube.com/watch?v=dmiLLLhPoAM,0,0,0,,11,6,29,https://www.youtube.com/watch?v=dmiLLLhPoAM,965,66,56,159,https://www.twitch.tv/videos/2756679056
21c8f34b3284456792c28b2ce7290589,555,23918,0,0,0,,0,0,0,,0,0,0,,0,0,0,0,
d613059b356d4cc9b1c3e998f32d1a5a,555,20914,0,0,0,,0,0,0,,0,0,0,,6611,1305,570,2159,https://www.twitch.tv/videos/2757379878
9fba4ecf861140acb418c343a475f99c,551,49220,98,45,179,https://www.youtube.com/watch?v=g9Pstgb1cs0,98,45,179,https://www.youtube.com/watch?v=g9Pstgb1cs0,0,0,0,,102,0,0,0,
21f5355738614770afb34b761a4c45af,550,4360,0,0,0,,0,0,0,,0,0,0,,0,0,0,0,
f5493e350f514aae860e4fbc529adf4c,550,336,0,0,0,,0,0,0,,0,0,0,,0,0,0,0,
07f20f05bef0432e8644e1bee798ef46,550,20989,164,106,714,https://www.youtube.com/watch?v=wR7FcKc82eI,127,68,177,https://www.youtube.com/watch?v=KBRfINGFVDQ,455,281,714,https://www.youtube.com/watch?v=wR7FcKc82eI,0,0,0,0,
1760601b33854f2ab58b6217bd2cfedf,547,34132,71,13,100,https://www.youtube.com/watch?v=08JqpB8zdwA,71,13,100,https://www.youtube.com/watch?v=08JqpB8zdwA,0,0,0,,0,0,0,0,
6503172c78774a0fa639255ac2e7e85a,547,20696,23,6,45,https://www.youtube.com/watch?v=QlwR8a3q7_E,32,13,45,https://www.youtube.com/watch?v=QlwR8a3q7_E,16,3,20,https://www.youtube.com/watch?v=HREXe9gCk90,0,0,0,0,
7c6c40e2c7b64a6997fb2173f446860f,545,37651,117,40,346,https://www.youtube.com/watch?v=vr5H8TtbVxY,117,40,346,https://www.youtube.com/watch?v=vr5H8TtbVxY,0,0,0,,8,0,0,0,
82d775c8bb1740c0a6db1037d3bf5fe0,545,14419,46,9,87,https://www.youtube.com/watch?v=bvjB1L48B1o,46,9,87,https://www.youtube.com/watch?v=bvjB1L48B1o,0,0,0,,0,0,0,0,
746abd9861714105823ebfb2a18f6fdc,545,43481,32,18,104,https://www.youtube.com/watch?v=PEMEK7Ble5Y,32,18,104,https://www.youtube.com/watch?v=PEMEK7Ble5Y,0,0,0,,0,0,0,0,
25262970b019418badba15bc46f9c048,544,116238,43,16,99,https://www.youtube.com/watch?v=ZTDmrmCPpVY,43,16,99,https://www.youtube.com/watch?v=ZTDmrmCPpVY,0,0,0,,460,215,57,312,https://www.twitch.tv/videos/2742638461
433b2802b62441a39c721400926d59eb,538,20967,91,34,716,https://www.youtube.com/watch?v=yJ6vTGwI3HI,91,34,716,https://www.youtube.com/watch?v=yJ6vTGwI3HI,0,0,0,,0,0,0,0,
0e136a936a574815a311e6e801ce3ca6,537,21104,5,1,6,https://www.youtube.com/watch?v=Mg6yDbsgWzM,0,0,0,,5,1,6,https://www.youtube.com/watch?v=Mg6yDbsgWzM,33,15,13,15,https://www.twitch.tv/videos/2758317274
36ad63809a2441c9b85f7ee628136ce3,532,79301,81,46,1398,https://www.youtube.com/watch?v=fYiL6K0ovZU,59,25,130,https://www.youtube.com/watch?v=05N12bIw664,301,151,1398,https://www.youtube.com/watch?v=fYiL6K0ovZU,22,0,0,0,
b359f595b54b4edc8969423a8b5658ff,532,30691,0,0,0,,0,0,0,,0,0,0,,0,0,0,0,
c6704a4edfef443ba46ba7f0db0c4ff9,530,13801,0,0,0,,0,0,0,,0,0,0,,0,0,0,0,
7344fd4a1019434792afd863eddb4250,530,35734,0,0,0,,0,0,0,,0,0,0,,1567,300,228,499,https://www.twitch.tv/videos/2757495477
1e131b3460564fd49ca9675ead6ad9c6,529,30399,173,68,1772,https://www.youtube.com/watch?v=_KUfQuhR_2I,87,35,283,https://www.youtube.com/watch?v=63SBxjg8vVk,1231,174,1772,https://www.youtube.com/watch?v=_KUfQuhR_2I,0,0,0,0,
14392ae1c106403ab690e8a6dea7c534,529,36581,113,50,459,https://www.youtube.com/watch?v=xf5K0RbE2Vc,113,45,226,https://www.youtube.com/watch?v=Mx4fF-v-NFg,459,458,459,https://www.youtube.com/watch?v=xf5K0RbE2Vc,0,0,0,0,
f072e780d0c84ca08c27020e1f2de365,529,15147,7,3,13,https://www.youtube.com/watch?v=sKBLansLXbQ,0,0,0,,7,3,13,https://www.youtube.com/watch?v=sKBLansLXbQ,695,11,7,11,https://www.twitch.tv/videos/2752795787
586377912f314b4d8c3be33760526ae0,527,20722,0,0,0,,0,0,0,,0,0,0,,0,0,0,0,
7dd6c13c71ee452e9a85dec903f2ee15,527,30261,83,49,104,https://www.youtube.com/watch?v=99zyinqCt90,83,49,104,https://www.youtube.com/watch?v=99zyinqCt90,0,0,0,,0,0,0,0,
54c49dea17ad4eb5aeb7ce1698dc01be,526,32089,79,45,1216,https://www.youtube.com/watch?v=g2pGDcL06ng,62,42,124,https://www.youtube.com/watch?v=XqtQc4Gav3g,1177,594,1216,https://www.youtube.com/watch?v=g2pGDcL06ng,117,0,0,0,
bd7947d2357941039893b911b18f3b4c,526,42988,101,58,291,https://www.youtube.com/watch?v=TX66v9RNEGs,101,58,291,https://www.youtube.com/watch?v=TX66v9RNEGs,0,0,0,,652,71,51,111,https://www.twitch.tv/videos/2751703486
4dc4dc5b3dc24cb193ec2a127059c194,526,45264,103,37,1305,https://www.youtube.com/watch?v=5YJspOkO-8g,86,34,205,https://www.youtube.com/watch?v=cO7XHyVSLRY,349,119,1305,https://www.youtube.com/watch?v=5YJspOkO-8g,0,0,0,0,
1e4f8348a36e4ab3abda426f1810513a,525,13367,0,0,0,,0,0,0,,0,0,0,,0,0,0,0,
01d150623c984f3d8d7de4b1859afadd,525,10850,2,0,4,https://www.youtube.com/watch?v=lgx3yTt0XI8,0,0,0,,2,0,4,https://www.youtube.com/watch?v=lgx3yTt0XI8,0,0,0,0,
d6afb902dbe04e35ab52f961f538f9bd,524,22914,0,0,0,,0,0,0,,0,0,0,,121,0,0,0,
f5ef8ac02db547dd92da5e87717a8dca,522,8469,175,74,646,https://www.youtube.com/watch?v=PquWH_XYTyY,175,74,646,https://www.youtube.com/watch?v=PquWH_XYTyY,0,0,0,,0,0,0,0,
aa182728aa6d44c4ae37caa7cdb8ed29,521,21619,0,0,0,,0,0,0,,0,0,0,,222,0,0,0,
7a570b5273ae4e359a6491aba1313011,520,14022,58,56,82,https://www.youtube.com/watch?v=8qBsAim8Hms,58,56,82,https://www.youtube.com/watch?v=8qBsAim8Hms,0,0,0,,4242,1310,565,16443,https://www.twitch.tv/videos/2756562188
b7b1cb60f1c24c0ea4fb1f506d3e247a,520,14188,5,3,5,https://www.youtube.com/watch?v=7UGnRUHrDZI,0,0,0,,5,3,5,https://www.youtube.com/watch?v=7UGnRUHrDZI,1542,344,280,440,https://www.twitch.tv/videos/2754172231
100af980504b4bd38c8b2192d1e71b29,519,31722,162,141,236,https://www.youtube.com/watch?v=85Sr7AJvAyc,162,141,236,https://www.youtube.com/watch?v=85Sr7AJvAyc,0,0,0,,0,0,0,0,
a6b0f8c8343041f0b1ea96c46ee4e582,518,17448,53,24,79,https://www.youtube.com/watch?v=8dZ25PTHxfc,56,26,79,https://www.youtube.com/watch?v=8dZ25PTHxfc,33,19,33,https://www.youtube.com/watch?v=opcbPqBNxHc,208,21,14,42,https://www.twitch.tv/videos/2755865049
3750eae778e9453eaeee75956a8dabc6,518,8638,0,0,0,,0,0,0,,0,0,0,,2515,212,120,215,https://www.twitch.tv/videos/2751965396
3f2e41bdee4145f59fa97830ba3f5edb,516,16318,0,0,0,,0,0,0,,0,0,0,,2492,426,301,495,https://www.twitch.tv/videos/2755914743
d6827fe530ca4db4b748651c72e81ead,516,13454,44,22,374,https://www.youtube.com/watch?v=zxg8gqxquaI,43,21,100,https://www.youtube.com/watch?v=oKvu7Zlj8YM,374,116,374,https://www.youtube.com/watch?v=zxg8gqxquaI,241,39,29,68,https://www.twitch.tv/videos/2755856265
7731172cfcaa4e668762473a7b9d509a,515,14815,367,254,367,https://www.youtube.com/watch?v=IrQWSYXDZRE,0,0,0,,367,254,367,https://www.youtube.com/watch?v=IrQWSYXDZRE,744,0,0,0,
2bffdc20e3cb48de9bf46600f62d248e,515,26850,0,0,0,,0,0,0,,0,0,0,,287,0,0,0,
41ad2f1c78f0406ab5460f38115002d7,514,21545,36,11,52,https://www.youtube.com/watch?v=57PUQfo7qfI,36,11,52,https://www.youtube.com/watch?v=57PUQfo7qfI,0,0,0,,0,0,0,0,
ffdc53dc3c764656a2f76031ee262b60,513,7284,0,0,0,,0,0,0,,0,0,0,,231,0,0,0,
37e88453b9cb48b1863bc455328b34c1,510,7923,0,0,0,,0,0,0,,0,0,0,,1487,160,133,182,https://www.twitch.tv/videos/2759107421
52136fb3529d4f5eb5225ade4209b8b3,509,12083,0,0,0,,0,0,0,,0,0,0,,0,0,0,0,
68f424a416ad426faa8b01b78f47b3e3,509,28315,7354,4926,7354,https://www.youtube.com/watch?v=zW69fYnIe24,0,0,0,,7354,4926,7354,https://www.youtube.com/watch?v=zW69fYnIe24,0,0,0,0,
ce013f56157740e59c7735bd51356260,507,23161,0,0,0,,0,0,0,,0,0,0,,365,0,0,0,
17a340801a7d4697be53c472c621993d,506,25697,0,0,0,,0,0,0,,0,0,0,,787,131,122,289,https://www.twitch.tv/videos/2753647710
619f48c4546c481bbc52aadc12c3e48f,505,6612,0,0,0,,0,0,0,,0,0,0,,2383,597,513,739,https://www.twitch.tv/videos/2754949308
9099b86c3fe84a138b0bc1f258bca138,505,21425,38,9,38,https://www.youtube.com/watch?v=BTtDhapKOg0,38,9,38,https://www.youtube.com/watch?v=BTtDhapKOg0,0,0,0,,0,0,0,0,
a1f8a0af53c34922b0c66ebdf4b3381d,502,8219,90,26,90,https://www.youtube.com/watch?v=d7CD-5gnIfg,90,26,90,https://www.youtube.com/watch?v=d7CD-5gnIfg,0,0,0,,62,0,0,0,
87df5b92303e4410884b8c52ff2c4e0d,502,37912,191,28,3103,https://www.youtube.com/watch?v=laGknklRs1s,0,0,0,,191,28,3103,https://www.youtube.com/watch?v=laGknklRs1s,1111,379,300,494,https://www.twitch.tv/videos/2757413012
cd1224f4756340c594f3c36245e9b4d4,502,140295,286,119,1240,https://www.youtube.com/watch?v=SQD2LaGR_FQ,0,0,0,,286,119,1240,https://www.youtube.com/watch?v=SQD2LaGR_FQ,2055,241,224,351,https://www.twitch.tv/videos/2758252889
780ca962f78b49d580c8a078b0525d25,499,14507,2919,544,4618,https://www.youtube.com/watch?v=hPxmva3se2Y,0,0,0,,2919,544,4618,https://www.youtube.com/watch?v=hPxmva3se2Y,0,0,0,0,
6cc5ac707eed4f9e9b5bc7b2f970fe1b,497,18331,140,49,1468,https://www.youtube.com/watch?v=erccaU9Efsw,63,47,90,https://www.youtube.com/watch?v=yFBAlgaigC4,287,76,1468,https://www.youtube.com/watch?v=erccaU9Efsw,0,0,0,0,
442edbdb59fe4979a2be3e5183258cf8,496,22309,31,8,38,https://www.youtube.com/watch?v=JUMlMQcsuN0,31,8,38,https://www.youtube.com/watch?v=JUMlMQcsuN0,0,0,0,,0,0,0,0,
1a95847597f04ae39d6f0d9caba04a5f,496,18712,0,0,0,,0,0,0,,0,0,0,,1520,422,257,877,https://www.twitch.tv/videos/2756525483
8db6aab32c8e45c8a70d0850bfcd3e5c,496,27171,56,29,59,https://www.youtube.com/watch?v=XctcEDylwqw,56,29,59,https://www.youtube.com/watch?v=XctcEDylwqw,0,0,0,,154,21,11,21,https://www.twitch.tv/videos/2749444197
09c9c71c41e24e7d9498ce41a78dae1c,496,13351,0,0,0,,0,0,0,,0,0,0,,465,0,0,0,
b0df22881775422093e3e64a63b01a5a,495,56124,18,8,18,https://www.youtube.com/watch?v=UTZ8U3WqZCk,18,8,18,https://www.youtube.com/watch?v=UTZ8U3WqZCk,0,0,0,,155,0,0,0,
323c21f9e49f47d48609f698a3f81fd5,493,5977,30,4,48,https://www.youtube.com/watch?v=C7BojIoOXFw,30,4,48,https://www.youtube.com/watch?v=C7BojIoOXFw,0,0,0,,0,0,0,0,
e53ab7560fbc44fcba0dc3b7dceff697,491,9790,83,16,83,https://www.youtube.com/watch?v=NXT4hoBgt0M,83,16,83,https://www.youtube.com/watch?v=NXT4hoBgt0M,0,0,0,,0,0,0,0,
e306270e80094416818cfddb33153419,489,18462,0,0,0,,0,0,0,,0,0,0,,0,0,0,0,
54355102572e408183af55831cb98e3a,488,27991,57,11,61,https://www.youtube.com/watch?v=imzAeDVQb6I,57,11,61,https://www.youtube.com/watch?v=imzAeDVQb6I,0,0,0,,179,0,0,0,
cbee87914d63402b825bf74d25333236,488,16667,132,104,146,https://www.youtube.com/watch?v=NF9UwVnQ_WA,132,104,146,https://www.youtube.com/watch?v=NF9UwVnQ_WA,0,0,0,,0,0,0,0,
c699beab8e8a4064849c977b67058447,487,21598,36,5,36,https://www.youtube.com/watch?v=GWkjMhPAGwY,36,5,36,https://www.youtube.com/watch?v=GWkjMhPAGwY,0,0,0,,1217,0,0,0,
21507f58118d406b87fd42a39c87855a,487,15217,87,27,166,https://www.youtube.com/watch?v=jbxHF1nx4vk,87,27,166,https://www.youtube.com/watch?v=jbxHF1nx4vk,0,0,0,,0,0,0,0,
2103bcf7923d4f74b2d043bffef71cc1,485,28126,282,164,289,https://www.youtube.com/watch?v=O6FKIY9SaGE,0,0,0,,282,164,289,https://www.youtube.com/watch?v=O6FKIY9SaGE,0,0,0,0,
b511c9a0eba7474fbb8ac8d02ff357b7,484,60830,56,33,113,https://www.youtube.com/watch?v=gUxgCKGWkYc,52,19,113,https://www.youtube.com/watch?v=gUxgCKGWkYc,61,46,61,https://www.youtube.com/watch?v=ZKtf-azm15M,0,0,0,0,
84111bbae2be41ea96c8b2f6c755f00c,484,16279,91,16,1612,https://www.youtube.com/watch?v=GW3zTazLWJQ,87,12,125,https://www.youtube.com/watch?v=NMw6QNret58,1612,264,1612,https://www.youtube.com/watch?v=GW3zTazLWJQ,1506,176,126,333,https://www.twitch.tv/videos/2753585038
994fcc5db40840ae990cf1ce43728548,483,8732,40,24,40,https://www.youtube.com/watch?v=aKmU0gx-qq0,40,24,40,https://www.youtube.com/watch?v=aKmU0gx-qq0,0,0,0,,0,0,0,0,
0c2cb722c6ab4e3890139c922c80d4d8,483,4046,0,0,0,,0,0,0,,0,0,0,,193,0,0,0,
91f5b04be2e74f64b03e0774cc275748,482,21018,0,0,0,,0,0,0,,0,0,0,,0,0,0,0,
acb95c574d8444cd80102796e0d56edd,482,66010,46,32,50,https://www.youtube.com/watch?v=-MGLcmq5ewY,46,32,50,https://www.youtube.com/watch?v=-MGLcmq5ewY,0,0,0,,221,0,0,0,
9959d43cae9b49dbbcd666f742322b4a,480,26749,0,0,0,,0,0,0,,0,0,0,,628,29,19,44,https://www.twitch.tv/videos/2758352619
7677c9c71c0a4decad1472b7ecc604bb,479,5991,0,0,0,,0,0,0,,0,0,0,,491,0,0,0,
533e7b1b50ba448292c09c5845d68eb6,478,8938,84,9,86,https://www.youtube.com/watch?v=A5n26Bkb9DE,84,9,86,https://www.youtube.com/watch?v=A5n26Bkb9DE,0,0,0,,260,105,59,105,https://www.twitch.tv/videos/2750190767
423ee3a5dbd549f19893a1823856b8dc,475,67634,301,53,1789,https://www.youtube.com/watch?v=3KjbFtPPPKw,38,14,47,https://www.youtube.com/watch?v=wdcGbgcZhqo,381,144,1789,https://www.youtube.com/watch?v=3KjbFtPPPKw,488,40,31,71,https://www.twitch.tv/videos/2751568705
b88a2e77cd7b4758925642f63b58051a,475,25664,121,66,876,https://www.youtube.com/watch?v=ad3EQlZNKN8,103,54,154,https://www.youtube.com/watch?v=iiwcBxUDZuA,876,687,876,https://www.youtube.com/watch?v=ad3EQlZNKN8,0,0,0,0,
6695a7e8f824489881f2c321501a36a6,473,24505,16,9,31,https://www.youtube.com/watch?v=x5fO-IeMIk0,16,9,31,https://www.youtube.com/watch?v=x5fO-IeMIk0,0,0,0,,0,0,0,0,
95df3846ff6644429227e9e058994ad8,473,23812,63,16,93,https://www.youtube.com/watch?v=dmDDLdQ7vPk,63,16,93,https://www.youtube.com/watch?v=dmDDLdQ7vPk,0,0,0,,0,0,0,0,
7652b3bd3da6418cbf02c85057077b54,471,11238,25,8,61,https://www.youtube.com/watch?v=WdGJ6bOo0B0,25,8,61,https://www.youtube.com/watch?v=WdGJ6bOo0B0,0,0,0,,279,0,0,0,
6d1b01658ae74a7f91c7f60b5abe1cb2,471,44244,52,18,133,https://www.youtube.com/watch?v=vGOi5Rv5fhw,55,21,133,https://www.youtube.com/watch?v=vGOi5Rv5fhw,2,1,2,https://www.youtube.com/watch?v=GhHQje1_q1w,0,0,0,0,
59e3094256344f8c83a3f4355b8b667b,471,3523,0,0,0,,0,0,0,,0,0,0,,2633,199,117,220,https://www.twitch.tv/videos/2753455262
2ccdc43de33c478192767afae6309f06,471,67911,35,15,1900,https://www.youtube.com/watch?v=EM5agGRjCD4,37,15,52,https://www.youtube.com/watch?v=ZPi1VAnFxIg,18,9,1900,https://www.youtube.com/watch?v=EM5agGRjCD4,281,87,65,180,https://www.twitch.tv/videos/2759087798
085ed0ddc3294678b9570fdbcf581c64,470,140,0,0,0,,0,0,0,,0,0,0,,31199,639,281,1620,https://www.twitch.tv/videos/2741883911
e802007cbda74a0bb3a41f4ebcae7f47,470,9910,1494,912,3397,https://www.youtube.com/watch?v=cjCYKvzPuhc,0,0,0,,1494,912,3397,https://www.youtube.com/watch?v=cjCYKvzPuhc,0,0,0,0,
d2da40bb201e49ddbd6a8780bfaf8b63,470,14673,121,101,301,https://www.youtube.com/watch?v=7qqZ8VSDXjc,53,45,102,https://www.youtube.com/watch?v=2-0bx3XzzqY,184,162,301,https://www.youtube.com/watch?v=7qqZ8VSDXjc,1310,99,82,226,https://www.twitch.tv/videos/2755848526
294b1c29030244c784387782c0cb6aee,468,13409,0,0,0,,0,0,0,,0,0,0,,0,0,0,0,
3513b73ded994bc3a92a70c9632c9856,467,7919,0,0,0,,0,0,0,,0,0,0,,7018,419,114,692,https://www.twitch.tv/videos/2737294173
fb17cff93fa94c8ea8b052f497f27fb4,467,21762,0,0,0,,0,0,0,,0,0,0,,17,0,0,0,
23335565d59c404080e9c06f437b011b,467,71621,8,3,18,https://www.youtube.com/watch?v=y8IXyq1EfeA,8,3,18,https://www.youtube.com/watch?v=y8IXyq1EfeA,0,0,0,,1136,171,125,287,https://www.twitch.tv/videos/2757397761
6f0d9d64bb6a4a81af1e84a72d30f5b8,467,20055,173,56,422,https://www.youtube.com/watch?v=uT_zpaVaTCM,150,50,422,https://www.youtube.com/watch?v=uT_zpaVaTCM,377,229,377,https://www.youtube.com/watch?v=0mzOe61a68g,130,44,27,124,https://www.twitch.tv/videos/2749306982
451162e7f4c041edb3447732eba1937a,466,3131,0,0,0,,0,0,0,,0,0,0,,111,0,0,0,
7d53d75ac36b4faea2450918f84dada3,466,13163,100,52,1321,https://www.youtube.com/watch?v=310W7Ih3xOg,87,49,154,https://www.youtube.com/watch?v=dFr5M23Jg-o,1321,747,1321,https://www.youtube.com/watch?v=310W7Ih3xOg,0,0,0,0,
e41bf48a09d64e4aa3d96064a9a63b08,464,76449,0,0,0,,0,0,0,,0,0,0,,71,0,0,0,
4abb927b8dc049768d63b4a8e229e8cc,464,0,0,0,0,,0,0,0,,0,0,0,,0,0,0,0,
2dc29f6b05584c718c60034af9883496,463,101969,0,0,0,,0,0,0,,0,0,0,,0,0,0,0,
037bc9366d5949b0877707007b4b1ed5,463,19067,0,0,0,,0,0,0,,0,0,0,,357,144,111,506,https://www.twitch.tv/videos/2756724954
2df2e0bc14fa4450a0d17d294b5a0bc0,462,31789,27,25,27,https://www.youtube.com/watch?v=H1eLgCMK5bA,27,25,27,https://www.youtube.com/watch?v=H1eLgCMK5bA,0,0,0,,0,0,0,0,
c822d7ffe24248fdbca2f3b1bdfd1139,461,86340,0,0,0,,0,0,0,,0,0,0,,3036,0,0,0,
33546b9ad5a8408589405f9467063dd7,461,8805,734,606,951,https://www.youtube.com/watch?v=jBcRHOEanVQ,0,0,0,,734,606,951,https://www.youtube.com/watch?v=jBcRHOEanVQ,3583,247,103,1186,https://www.twitch.tv/videos/2748681762
9189101a4bb740de969b772dde92125a,458,5844,0,0,0,,0,0,0,,0,0,0,,1153,0,0,0,
3981c01691a44d708da1191e9546eaad,458,31087,33,22,140,https://www.youtube.com/watch?v=BhS7TO_PXH8,33,22,140,https://www.youtube.com/watch?v=BhS7TO_PXH8,0,0,0,,0,0,0,0,
156c4271fe17425bb02fd7b24f5a2a7a,458,6688,0,0,0,,0,0,0,,0,0,0,,0,0,0,0,
5e5a5e77c39148ef8f31ccc1c63fdcd4,458,7939,0,0,0,,0,0,0,,0,0,0,,48,0,0,0,
62ca936be6c645a7bf2222b67086800a,457,38144,0,0,0,,0,0,0,,0,0,0,,1119,0,0,0,
af41302aa9184c2dbc25d2ed16e878fc,455,84460,29,18,266,https://www.youtube.com/watch?v=53Hdgldt6WE,28,16,53,https://www.youtube.com/watch?v=uPSz3CDy28k,266,229,266,https://www.youtube.com/watch?v=53Hdgldt6WE,231,0,0,0,
6926325d2c1c4c4e87f7be69ab675d53,454,100317,60,34,1007,https://www.youtube.com/watch?v=RwTXsER1Tj8,55,31,146,https://www.youtube.com/watch?v=XDHl4nmqUxo,579,74,1007,https://www.youtube.com/watch?v=RwTXsER1Tj8,0,0,0,0,
09945e9139af4f3a96e6adfd73139d35,454,16254,0,0,0,,0,0,0,,0,0,0,,1580,164,119,187,https://www.twitch.tv/videos/2751897597
238b4a68bcde4f3bbf18b0b01f66ec43,454,27802,68,2,68,https://www.youtube.com/watch?v=Cj4MqD96w5Y,68,2,68,https://www.youtube.com/watch?v=Cj4MqD96w5Y,0,0,0,,0,0,0,0,
88917b370d0041d8be65372342c92523,452,24252,5,3,80,https://www.youtube.com/watch?v=hQMDR6CfQeg,0,0,0,,5,3,80,https://www.youtube.com/watch?v=hQMDR6CfQeg,1517,370,280,421,https://www.twitch.tv/videos/2755780895
9e3222bedec44f1a8fecdc237c020cbd,452,135474,67,42,114,https://www.youtube.com/watch?v=nsmWbZdpLaI,0,0,0,,67,42,114,https://www.youtube.com/watch?v=nsmWbZdpLaI,329,5,4,5,https://www.twitch.tv/videos/2759106951
6c9b67b00b3c4940a6af6a6604b0b1fd,452,12125,0,0,0,,0,0,0,,0,0,0,,0,0,0,0,
51f3508054da4987b4e8f659e4d28d1d,451,2817,1450,722,1450,https://www.youtube.com/watch?v=Pry75HlCrrM,0,0,0,,1450,722,1450,https://www.youtube.com/watch?v=Pry75HlCrrM,4857,592,194,1520,https://www.twitch.tv/videos/2748532357
da165e838dfe49aea3f91457f3825657,451,10408,29,13,35,https://www.youtube.com/watch?v=hpwwm4uhZZY,0,0,0,,29,13,35,https://www.youtube.com/watch?v=hpwwm4uhZZY,0,0,0,0,
1bf9786ba55042b9ae3294dadfc7b40d,450,16659,53,23,1695,https://www.youtube.com/watch?v=txyFC36jTi4,40,20,130,https://www.youtube.com/watch?v=VQDawIvMp4k,813,299,1695,https://www.youtube.com/watch?v=txyFC36jTi4,0,0,0,0,
7b578956fab14341919193c03ca3ab32,450,11060,31,11,48,https://www.youtube.com/watch?v=hCwVP_OaKB0,31,11,48,https://www.youtube.com/watch?v=hCwVP_OaKB0,0,0,0,,0,0,0,0,
c6e955ae1fce48678120bc086a436073,449,21190,97,5,97,https://www.youtube.com/watch?v=soqaMlZiAUM,97,5,97,https://www.youtube.com/watch?v=soqaMlZiAUM,0,0,0,,0,0,0,0,
c232b3088a6e49b997b325d5de9a3013,449,16163,63,26,494,https://www.youtube.com/watch?v=NaKZP7mxHws,60,26,134,https://www.youtube.com/watch?v=z0dqITI0K4c,494,201,494,https://www.youtube.com/watch?v=NaKZP7mxHws,144,0,0,0,
3434e3ca02904364b763c86e75fa6d4a,448,71441,0,0,0,,0,0,0,,0,0,0,,1457,0,0,0,
d017bd7855e547298906060f0e9b442e,446,13067,0,0,0,,0,0,0,,0,0,0,,1467,69,48,225,https://www.twitch.tv/videos/2759019258
e5eb10612f5c4b069928fc1a71ad8e7d,444,51990,60,31,1408,https://www.youtube.com/watch?v=TFh9RrWLLuo,53,25,259,https://www.youtube.com/watch?v=ofKUUL5c6f0,1408,1228,1408,https://www.youtube.com/watch?v=TFh9RrWLLuo,0,0,0,0,
42ff41f7d6884ae8b93ed46415376d83,443,12706,113,40,113,https://www.youtube.com/watch?v=7HtxtXVC0ZQ,113,40,113,https://www.youtube.com/watch?v=7HtxtXVC0ZQ,0,0,0,,0,0,0,0,
ffffcd6d454a4e77a215927a82c460bc,443,101071,759,504,4740,https://www.youtube.com/watch?v=Lh-zhWVnXNI,0,0,0,,759,504,4740,https://www.youtube.com/watch?v=Lh-zhWVnXNI,988,135,99,165,https://www.twitch.tv/videos/2759041891
c92baa46ff4e41c9918ad2427c0853d6,441,24272,0,0,0,,0,0,0,,0,0,0,,4548,291,98,452,https://www.twitch.tv/videos/2756774843
6ec876adec524585af913c1585e8df1f,441,8936,0,0,0,,0,0,0,,0,0,0,,1577,0,0,0,
10550198223845c9a95ff1993088b464,439,6609,0,0,0,,0,0,0,,0,0,0,,0,0,0,0,
73abc31606db493f971f679dfde4f7e5,437,49623,59,24,1911,https://www.youtube.com/watch?v=d3SRKplsJ1M,54,24,96,https://www.youtube.com/watch?v=oouStdLEp9U,727,59,1911,https://www.youtube.com/watch?v=d3SRKplsJ1M,80,0,0,0,
64d9adbc552c487db0cdf42ac3845e18,436,37735,0,0,0,,0,0,0,,0,0,0,,70,0,0,0,
c5ac07b79a304f37b039266446fd4f3b,435,24687,155,106,155,https://www.youtube.com/watch?v=mXGHG0enY3Q,155,106,155,https://www.youtube.com/watch?v=mXGHG0enY3Q,0,0,0,,0,0,0,0,
5dd38c1bf796414399e7c80092c1d984,434,309624,446,101,37370,https://www.youtube.com/watch?v=BYEGw56k45A,13,6,33,https://www.youtube.com/watch?v=0TLrQzl1F5M,2270,792,37370,https://www.youtube.com/watch?v=BYEGw56k45A,39,0,0,0,
40f76b568f384790a1a089bb6619ddb2,434,8799,57,35,63,https://www.youtube.com/watch?v=Y3kIHyF89io,57,35,63,https://www.youtube.com/watch?v=Y3kIHyF89io,0,0,0,,1142,89,51,220,https://www.twitch.tv/videos/2741999961
f2b0bc3e82024bd3ae1c7cb5fe926829,433,11668,21,5,42,https://www.youtube.com/watch?v=kZJobv04rN8,21,5,42,https://www.youtube.com/watch?v=kZJobv04rN8,0,0,0,,0,0,0,0,
ae7dbe93a8cc4651b5ddb7b539e85d6b,430,27994,0,0,0,,0,0,0,,0,0,0,,0,0,0,0,
a56567301c734548bad86e8ace7d9140,430,52211,0,0,0,,0,0,0,,0,0,0,,0,0,0,0,
c7400e2934c646e49f7df1816de41360,428,18962,47,28,63,https://www.youtube.com/watch?v=1ng9SKEfQCQ,47,28,63,https://www.youtube.com/watch?v=1ng9SKEfQCQ,0,0,0,,25,0,0,0,
5fbf4f6751f24d03a5723670cd500aca,427,11081,0,0,0,,0,0,0,,0,0,0,,768,0,0,0,
c79c2ac57f9048eebdc1b9329209e19f,426,68,0,0,0,,0,0,0,,0,0,0,,299,0,0,0,
f3fe9fb6de2a477fae878a39924c15bd,424,11840,0,0,0,,0,0,0,,0,0,0,,3047,2505,975,4161,https://www.twitch.tv/videos/2747117660
aedfb89bad4545379af018f5933bddb7,423,24073,95,27,186,https://www.youtube.com/watch?v=jxz74F38QNs,87,25,134,https://www.youtube.com/watch?v=jmeg2ALMg_k,185,94,186,https://www.youtube.com/watch?v=jxz74F38QNs,22,0,0,0,
28c152a7489b4402960bd4bd36b7229b,423,41702,15,4,253,https://www.youtube.com/watch?v=-oGfm4kpxBQ,0,0,0,,15,4,253,https://www.youtube.com/watch?v=-oGfm4kpxBQ,189,60,46,69,https://www.twitch.tv/videos/2758195081
f0f6694a60de4fb799b3f315abbaf7b6,422,19174,0,0,0,,0,0,0,,0,0,0,,0,0,0,0,
4a2df649332047d3b733c88209925f4c,421,8311,0,0,0,,0,0,0,,0,0,0,,1248,0,0,0,
bd119628dae64d45b71b44e0f158f23a,418,4689,0,0,0,,0,0,0,,0,0,0,,3775,0,0,0,
8c494e45ce5b462aa744d46bbdc54021,418,85516,58,25,170,https://www.youtube.com/watch?v=NCK6zn-gxUw,58,25,170,https://www.youtube.com/watch?v=NCK6zn-gxUw,0,0,0,,270,27,17,31,https://www.twitch.tv/videos/2756459636
7d11ed1b02104cf58efd2df6cbc1ef69,416,20605,8,1,8,https://www.youtube.com/watch?v=InriEtBbdIs,0,0,0,,8,1,8,https://www.youtube.com/watch?v=InriEtBbdIs,1202,75,56,129,https://www.twitch.tv/videos/2755121234
7d0d99e77f624bdc934b17212a39a894,416,1977,0,0,0,,0,0,0,,0,0,0,,4184,692,495,813,https://www.twitch.tv/videos/2759120751
a2ca2eb4da5b4df3aa59637e1dbc260b,416,3285,0,0,0,,0,0,0,,0,0,0,,719,0,0,0,
7168995b95ab439aa7cf1f3099d7bd88,415,60529,833,69,1596,https://www.youtube.com/watch?v=7aOdfL6m5Gw,0,0,0,,833,69,1596,https://www.youtube.com/watch?v=7aOdfL6m5Gw,3672,0,0,0,
5c70a4710fca4b86ac63d56b0e894284,415,30739,0,0,0,,0,0,0,,0,0,0,,0,0,0,0,
7051e693d03645bda16b3591f06ebd3f,414,20513,0,0,0,,0,0,0,,0,0,0,,0,0,0,0,
698aa5547b7c4cf793b1411322d1b423,414,24007,0,0,0,,0,0,0,,0,0,0,,1902,607,453,904,https://www.twitch.tv/videos/2753291832
5000b613025542c498cd6ab2287865c6,412,2709,0,0,0,,0,0,0,,0,0,0,,3650,626,494,1059,https://www.twitch.tv/videos/2758332128
ea7f97145fd44a51a95e5b97a6b8366c,412,122091,0,0,0,,0,0,0,,0,0,0,,0,0,0,0,
6717d34e87574888848bc45c86bd80e6,412,27921,1446,414,2688,https://www.youtube.com/watch?v=tP_L92zAn40,0,0,0,,1446,414,2688,https://www.youtube.com/watch?v=tP_L92zAn40,1007,380,245,705,https://www.twitch.tv/videos/2751756308
1cddca10dd334373b8f51b3b0ed2efe4,411,23964,1,0,73,https://www.youtube.com/watch?v=3uuVRJqlF90,0,0,0,,1,0,73,https://www.youtube.com/watch?v=3uuVRJqlF90,0,0,0,0,
f771e51357eb44d2820afd47aba3b546,410,9842,0,0,0,,0,0,0,,0,0,0,,345,25,20,26,https://www.twitch.tv/videos/2755867895
d11123a75b874ad2bb120bb237e94c8d,408,2842,0,0,0,,0,0,0,,0,0,0,,4778,2190,1717,2495,https://www.twitch.tv/videos/2753383449
30e2594ce7cf4bc3a7e536639b15ff30,406,9252,34,16,84,https://www.youtube.com/watch?v=nXhDXfxcKog,34,16,84,https://www.youtube.com/watch?v=nXhDXfxcKog,0,0,0,,200,48,41,78,https://www.twitch.tv/videos/2758275738
00ddd14a74df4e2488319ea2ce25770c,406,219,0,0,0,,0,0,0,,0,0,0,,1224,0,0,0,
4e35059a74df41189368fad5263a1f3f,405,40111,58,31,625,https://www.youtube.com/watch?v=rSsUVSAqQP0,53,29,92,https://www.youtube.com/watch?v=vhfrOtYVAm4,120,116,625,https://www.youtube.com/watch?v=rSsUVSAqQP0,65,0,0,0,
cc85e4120c0746b7925c898a963f0747,404,22212,7,0,7,https://www.youtube.com/watch?v=lJ8kN1fj86Y,7,0,7,https://www.youtube.com/watch?v=lJ8kN1fj86Y,0,0,0,,0,0,0,0,
6c166d9128e74147a5c0b1dbf89c885c,402,6034,0,0,0,,0,0,0,,0,0,0,,0,0,0,0,
4e1dd2ab9e4b4c71bced0c5987cf9be7,401,16527,0,0,0,,0,0,0,,0,0,0,,2883,185,133,274,https://www.twitch.tv/videos/2750189623
45d566a561914da0a15a5a21574eb30a,400,4741,37,23,210,https://www.youtube.com/watch?v=IbvbK8Xesuw,37,23,210,https://www.youtube.com/watch?v=IbvbK8Xesuw,0,0,0,,0,0,0,0,
74beedbc5f694a2c94fe73545ba4037d,398,23200,98,19,141,https://www.youtube.com/watch?v=mlRWKMXK5wY,75,17,135,https://www.youtube.com/watch?v=zhMElEMeHSM,141,33,141,https://www.youtube.com/watch?v=mlRWKMXK5wY,209,64,45,89,https://www.twitch.tv/videos/2751034970
52d7a40d46034062ad2fc29b4a2a9198,397,43645,222,8,222,https://www.youtube.com/watch?v=AMn2-jlFjfk,0,0,0,,222,8,222,https://www.youtube.com/watch?v=AMn2-jlFjfk,3328,1040,681,1468,https://www.twitch.tv/videos/2754121013
7232734df59c4e099205c7685007d8d4,395,81720,4,1,4,https://www.youtube.com/watch?v=iuJu7MG6ak0,0,0,0,,4,1,4,https://www.youtube.com/watch?v=iuJu7MG6ak0,949,43,23,67,https://www.twitch.tv/videos/2757749789
836015916a40475bb608e8c6a69b6a09,394,30572,18,0,18,https://www.youtube.com/watch?v=tYuC2h-DxFM,18,0,18,https://www.youtube.com/watch?v=tYuC2h-DxFM,0,0,0,,0,0,0,0,
d3b5f619038a4c488d36aeaeddc0f790,394,7204,0,0,0,,0,0,0,,0,0,0,,0,0,0,0,
ec198b33036c436591c01ee93976b6a3,394,534,0,0,0,,0,0,0,,0,0,0,,0,0,0,0,
da3d722ffea34b5b87fbb62c6026cba2,394,12877,0,0,0,,0,0,0,,0,0,0,,140,0,0,0,
22aaa78ca5fa444bb70649727131c0f2,393,16848,110,47,138,https://www.youtube.com/watch?v=XWxwAvC4f5k,110,47,138,https://www.youtube.com/watch?v=XWxwAvC4f5k,0,0,0,,0,0,0,0,
be45601754a44c568c9f60f7d2847ccb,393,13456,31,13,60,https://www.youtube.com/watch?v=K6dPMkXoWNQ,31,13,60,https://www.youtube.com/watch?v=K6dPMkXoWNQ,0,0,0,,0,0,0,0,
b0ec0f1ffbd8426982e7ca40d4b1064b,392,8967,0,0,0,,0,0,0,,0,0,0,,0,0,0,0,
e802bcea6eb04ce6aa9041aa5e06ceae,392,12058,1255,22,1255,https://www.youtube.com/watch?v=t0ra6myAYcE,0,0,0,,1255,22,1255,https://www.youtube.com/watch?v=t0ra6myAYcE,0,0,0,0,
3d5a0befb7b042f697f70d5fb3d6ab94,392,11035,0,0,0,,0,0,0,,0,0,0,,0,0,0,0,
05055e62d34241888df31217ac25e671,391,20765,0,0,0,,0,0,0,,0,0,0,,1504,79,59,219,https://www.twitch.tv/videos/2754171776
93bf43bc175742cd8c7af6b80687cd84,391,42768,0,0,0,,0,0,0,,0,0,0,,1682,207,192,323,https://www.twitch.tv/videos/2758901861
508ebe96e7a94e94893609e616086dff,388,66393,73,36,1782,https://www.youtube.com/watch?v=y8T6D3zRGK8,0,0,0,,73,36,1782,https://www.youtube.com/watch?v=y8T6D3zRGK8,493,55,43,66,https://www.twitch.tv/videos/2758945500
26ae367c497f410399b769ded171d29f,387,7423,0,0,0,,0,0,0,,0,0,0,,0,0,0,0,
577fdbca86fa4414a153b5ebdcab90d4,387,2082,0,0,0,,0,0,0,,0,0,0,,1970,0,0,0,
0a5bbdc460184f279cb8c7965a1d6098,386,63424,886,171,886,https://www.youtube.com/watch?v=kUdVXgjKd68,0,0,0,,886,171,886,https://www.youtube.com/watch?v=kUdVXgjKd68,226,33,23,39,https://www.twitch.tv/videos/2749406203
b386124230514f5fa128ad046e85f12f,386,5600,0,0,0,,0,0,0,,0,0,0,,431,0,0,0,
21fcf23549a74111bbe31c949245e2cd,385,12258,0,0,0,,0,0,0,,0,0,0,,0,0,0,0,
b3b24f0ebecc45118f88f12042bd59c8,385,62952,51,48,51,https://www.youtube.com/watch?v=PsCl6NQBQHg,51,48,51,https://www.youtube.com/watch?v=PsCl6NQBQHg,0,0,0,,0,0,0,0,
2f7da7d6dbe84301b4ef52240cc05e9b,384,25555,0,0,0,,0,0,0,,0,0,0,,1203,0,0,0,
161544bf51864b2bad46cdd769bee278,384,15859,70,27,176,https://www.youtube.com/watch?v=pm5c-i1JkyY,70,27,176,https://www.youtube.com/watch?v=pm5c-i1JkyY,0,0,0,,125,32,22,50,https://www.twitch.tv/videos/2758025204
9ee3c9b53c0048329175370a5868300b,383,36147,0,0,0,,0,0,0,,0,0,0,,0,0,0,0,
cce33288177341058833d8b4a093b03f,383,28251,7,6,10,https://www.youtube.com/watch?v=MEvtgVNjaLU,10,9,10,https://www.youtube.com/watch?v=MEvtgVNjaLU,4,2,4,https://www.youtube.com/watch?v=Zj69Hc1Jifg,0,0,0,0,
502d093ba13d45de84602b54a1dc6e6c,382,18600,83,15,88,https://www.youtube.com/watch?v=ri9vjsxlKDw,85,34,88,https://www.youtube.com/watch?v=ri9vjsxlKDw,6,5,6,https://www.youtube.com/watch?v=BsJ35uSviEQ,118,0,0,0,
6eac5ce6527b4513bcff4b38d277b5cc,382,30738,300,120,314,https://www.youtube.com/watch?v=fAFdqt0QTXc,23,0,23,https://www.youtube.com/watch?v=zMk9SAOlV48,302,156,314,https://www.youtube.com/watch?v=fAFdqt0QTXc,190,0,0,0,
d50d9b85f098470c8220cd99de802b17,382,20290,46,31,77,https://www.youtube.com/watch?v=K1vyk7p8l1g,46,31,77,https://www.youtube.com/watch?v=K1vyk7p8l1g,0,0,0,,0,0,0,0,
c5e956bdce614dddbeddfaf6ada4200d,381,19576,30,19,66,https://www.youtube.com/watch?v=lHmbWM6gCpU,30,19,66,https://www.youtube.com/watch?v=lHmbWM6gCpU,0,0,0,,0,0,0,0,
dbf7b5a346e645f7be7d0d19d2193bc5,380,137126,1111,287,1529,https://www.youtube.com/watch?v=fvNgh8p9yNo,0,0,0,,1111,287,1529,https://www.youtube.com/watch?v=fvNgh8p9yNo,0,0,0,0,
f0987ff6444945558cd159a508cd823f,379,6086,0,0,0,,0,0,0,,0,0,0,,2165,0,0,0,
c11749c10e1941a9adb2a231eee2f2ea,379,7599,18,2,18,https://www.youtube.com/watch?v=Cgn63dAsge0,18,2,18,https://www.youtube.com/watch?v=Cgn63dAsge0,0,0,0,,306,0,0,0,
7f3411a01ffc45bab4f25f088131bb50,377,3275,46,21,224,https://www.youtube.com/watch?v=m5B0sfuS4xo,46,21,224,https://www.youtube.com/watch?v=m5B0sfuS4xo,0,0,0,,0,0,0,0,
a2ceea65ce58431085b1366a0cfe9c61,376,0,0,0,0,,0,0,0,,0,0,0,,0,0,0,0,
64e20992295c4be984e9af0a470d6440,376,4492,0,0,0,,0,0,0,,0,0,0,,5397,136,95,200,https://www.twitch.tv/videos/2752690044
b932ddb915af47ec948b56d4bf901dab,375,6307,94,59,94,https://www.youtube.com/watch?v=vFtRGEcGCRM,94,59,94,https://www.youtube.com/watch?v=vFtRGEcGCRM,0,0,0,,0,0,0,0,
4819621890c0408aaa7e81aa2dd3386b,374,18416,0,0,0,,0,0,0,,0,0,0,,0,0,0,0,
c97b665a89c34600be01f83eb1f77063,372,11637,0,0,0,,0,0,0,,0,0,0,,0,0,0,0,
9434be74cca5450789bf73aa4359b542,372,4950,4,0,4,https://www.youtube.com/watch?v=ifYVcp5o5sI,4,0,4,https://www.youtube.com/watch?v=ifYVcp5o5sI,0,0,0,,0,0,0,0,
670df075e5f9402bbcb6369685838b02,371,12494,16,8,64,https://www.youtube.com/watch?v=hFANfYTSuIM,16,8,64,https://www.youtube.com/watch?v=hFANfYTSuIM,0,0,0,,0,0,0,0,
4e78d5ae75144358a0384df9822c60bc,369,8727,0,0,0,,0,0,0,,0,0,0,,600,658,562,1077,https://www.twitch.tv/videos/2756532932
ef0319d27b10495795a5b994bc2249d5,367,37037,110,51,2040,https://www.youtube.com/watch?v=p9PCPUc1kAQ,72,40,174,https://www.youtube.com/watch?v=t7PDP31Wnrc,1557,439,2040,https://www.youtube.com/watch?v=p9PCPUc1kAQ,0,0,0,0,
a5fe6adcf3bd42b79475803c56a11832,366,20027,49,14,68,https://www.youtube.com/watch?v=jh3cNahg44M,49,14,68,https://www.youtube.com/watch?v=jh3cNahg44M,0,0,0,,46,0,0,0,
a8e0ec03cb0a4e0292228e1a6ed35e6a,365,8365,0,0,0,,0,0,0,,0,0,0,,850,24,17,32,https://www.twitch.tv/videos/2757229974
8013fa67a08945a5b4b976156b6f610f,363,6558,0,0,0,,0,0,0,,0,0,0,,387,63,35,63,https://www.twitch.tv/videos/2750185485
df7b08cd72224681a63e6e85e0753132,363,49133,0,0,0,,0,0,0,,0,0,0,,188,0,0,0,
ce4d344e37cd403cbb5325010144d393,363,26613,425,74,2963,https://www.youtube.com/watch?v=i5HF0TG4fHk,93,48,634,https://www.youtube.com/watch?v=VjFrfVmR4IQ,1252,590,2963,https://www.youtube.com/watch?v=i5HF0TG4fHk,1193,319,192,372,https://www.twitch.tv/videos/2751086234
e1bc34a2b6ac4d86ad6758cef724e7dc,361,10159,0,0,0,,0,0,0,,0,0,0,,326,265,177,660,https://www.twitch.tv/videos/2749323963
fd5a1e004f224586aa65f9c5b374cc4a,361,7291,0,0,0,,0,0,0,,0,0,0,,4914,492,284,1615,https://www.twitch.tv/videos/2759616394
60a64aca51ed4528895fe35b08231670,361,13108,0,0,3,https://www.youtube.com/watch?v=3ddB14V7Yzk,0,0,0,,0,0,3,https://www.youtube.com/watch?v=3ddB14V7Yzk,410,21,15,55,https://www.twitch.tv/videos/2749443357
652b28416c394eed93337f121c0dcbf5,360,16177,54,39,54,https://www.youtube.com/watch?v=wRYnymOLd3s,54,39,54,https://www.youtube.com/watch?v=wRYnymOLd3s,0,0,0,,0,0,0,0,
a27f33f32dd2414c8c6843f8783a32f0,360,10546,134,68,174,https://www.youtube.com/watch?v=mGwSv4NYEDk,134,68,174,https://www.youtube.com/watch?v=mGwSv4NYEDk,0,0,0,,0,0,0,0,
1c096a5610c0459b84c74213c3b30f85,360,28237,0,0,0,,0,0,0,,0,0,0,,213,0,0,0,
a42c38cc7c0b4812b9bc79ab5f2d84f3,360,19688,71,24,714,https://www.youtube.com/watch?v=vlxQ8yn4jcU,13,11,32,https://www.youtube.com/watch?v=qsIbPaHg03Q,303,90,714,https://www.youtube.com/watch?v=vlxQ8yn4jcU,0,0,0,0,
e443b9e0c3524137ba2774625c6c78cd,360,8340,0,0,0,,0,0,0,,0,0,0,,705,85,65,375,https://www.twitch.tv/videos/2750174377
27a484e8f53a433396e73bea886fa2cb,359,20025,0,0,0,,0,0,0,,0,0,0,,0,0,0,0,
9be839573d1a4944a93740ca42fa65d4,359,19838,0,0,0,,0,0,0,,0,0,0,,1496,0,0,0,
6166fbac685941a6acf389460de44943,357,29393,65,28,185,https://www.youtube.com/watch?v=OPmvmGxE4VA,65,28,185,https://www.youtube.com/watch?v=OPmvmGxE4VA,0,0,0,,0,0,0,0,
f2f74f42d7e44c2b8c71807abd0967f3,357,94004,0,0,0,,0,0,0,,0,0,0,,3042,509,206,991,https://www.twitch.tv/videos/2742784287
7ee1b473a5584a1a85973acfa45e0e1d,355,9652,41,14,73,https://www.youtube.com/watch?v=jksTcdVMVJo,41,14,73,https://www.youtube.com/watch?v=jksTcdVMVJo,0,0,0,,0,0,0,0,
4fc02db3aab84e6cb526c02405d18c6e,354,17569,0,0,0,,0,0,0,,0,0,0,,148,0,0,0,
07930a961f0b4078a14f0a57f0a93965,354,27396,43,10,73,https://www.youtube.com/watch?v=zbUrfTUHWoo,43,10,73,https://www.youtube.com/watch?v=zbUrfTUHWoo,0,0,0,,0,0,0,0,
735a3d989210437f9e5b8e7a7ba6d88a,353,13731,57,43,102,https://www.youtube.com/watch?v=Wr47XmSY2a0,57,43,102,https://www.youtube.com/watch?v=Wr47XmSY2a0,0,0,0,,124,0,0,0,
f46e5ebb899548cab53d24f1901315b0,351,14523,74,60,109,https://www.youtube.com/watch?v=FzSVkuEck_M,74,60,109,https://www.youtube.com/watch?v=FzSVkuEck_M,0,0,0,,138,0,0,0,
682e400513134d0bacfa85513958c64d,351,6733,0,0,0,,0,0,0,,0,0,0,,932,303,209,994,https://www.twitch.tv/videos/2756462691
6e56882f3f8e4911b8b67316f1265808,350,83833,0,0,0,,0,0,0,,0,0,0,,168,0,0,0,
2efb6dc7796c4ce792c196d27af0df87,347,38078,51,31,1088,https://www.youtube.com/watch?v=mdf4di7isBg,41,11,79,https://www.youtube.com/watch?v=2q8YtA0C6zk,227,60,1088,https://www.youtube.com/watch?v=mdf4di7isBg,0,0,0,0,
f24626ac0ce34975a3b3fd6d8455f4f7,347,7976,0,0,0,,0,0,0,,0,0,0,,180,0,0,0,
e63fd2ead17a4b57b256fcd55fe83b0e,347,27016,72,32,146,https://www.youtube.com/watch?v=g0dnt5hqU3E,72,32,146,https://www.youtube.com/watch?v=g0dnt5hqU3E,0,0,0,,307,166,149,322,https://www.twitch.tv/videos/2755773168
513c300c8af04b8a84d18f665b66481f,345,40081,0,0,0,,0,0,0,,0,0,0,,0,0,0,0,
db3a6f094c3146c2ab6f2f267337f132,342,10285,318,127,318,https://www.youtube.com/watch?v=2qhfh5lk3sg,0,0,0,,318,127,318,https://www.youtube.com/watch?v=2qhfh5lk3sg,1302,239,193,451,https://www.twitch.tv/videos/2750185088
b423123a68df4ac88b2a376ae5fd3b89,340,11884,109,59,1743,https://www.youtube.com/watch?v=x82eQ7H0JLs,86,51,331,https://www.youtube.com/watch?v=LCZltSZEwxY,528,277,1743,https://www.youtube.com/watch?v=x82eQ7H0JLs,0,0,0,0,
3a13b2827ef048859006a3acb74c175a,340,8608,68,45,68,https://www.youtube.com/watch?v=zki5eAQixRY,0,0,0,,68,45,68,https://www.youtube.com/watch?v=zki5eAQixRY,3829,436,343,2421,https://www.twitch.tv/videos/2752582809
73755322c8e74479864369766f924be1,339,19122,0,0,0,,0,0,0,,0,0,0,,4908,0,0,0,
aac7be72efc74efe9e77148fd4af7151,338,15706,26,8,52,https://www.youtube.com/watch?v=-2ktDgg60yg,26,8,52,https://www.youtube.com/watch?v=-2ktDgg60yg,0,0,0,,0,0,0,0,
4f8936d4899d4e2c83bf949bc61b2bd2,338,9532,56,9,114,https://www.youtube.com/watch?v=KAY11zKQDE4,56,9,114,https://www.youtube.com/watch?v=KAY11zKQDE4,0,0,0,,173,0,0,0,
d8520b0d7b424141bf19b3254d264960,337,8712,0,0,0,,0,0,0,,0,0,0,,0,0,0,0,
2e05bf5968cf4b3789a1316f5b05d857,335,66490,0,0,0,,0,0,0,,0,0,0,,0,0,0,0,
389bd53524c74c44a32d72279b288b17,335,2891,0,0,0,,0,0,0,,0,0,0,,0,0,0,0,
9a13461ec0e644ceb6e86381ca41d33a,333,37782,1192,474,1192,https://www.youtube.com/watch?v=F3vJjiJ0Lo4,0,0,0,,1192,474,1192,https://www.youtube.com/watch?v=F3vJjiJ0Lo4,1369,257,187,601,https://www.twitch.tv/videos/2759638037
876c11fba4af4235857127b9af87093e,332,17184,0,0,0,,0,0,0,,0,0,0,,0,0,0,0,
3083d2b8192843958b2852553cb3bc70,331,2757,0,0,0,,0,0,0,,0,0,0,,424,72,51,85,https://www.twitch.tv/videos/2755847984
5ae7e41f9b9a420d9217a0b2c6755f52,331,3655,0,0,0,,0,0,0,,0,0,0,,0,0,0,0,
5c3ea93753724a63b32071a7a580af7b,330,34533,1,0,17,https://www.youtube.com/watch?v=v14zp_gloXg,0,0,0,,1,0,17,https://www.youtube.com/watch?v=v14zp_gloXg,1782,12,7,46,https://www.twitch.tv/videos/2757703126
6d83214d4d964bc9a236f4cbdd8d99e4,328,16074,98,40,994,https://www.youtube.com/watch?v=b2xtaBEssCY,98,40,207,https://www.youtube.com/watch?v=0TEe2SWo0uI,507,174,994,https://www.youtube.com/watch?v=b2xtaBEssCY,46,0,0,0,
46e65e217ca84bbf8d43b67c3e5a9d90,325,23570,4,0,588,https://www.youtube.com/watch?v=c60SnOQRy6E,0,0,0,,4,0,588,https://www.youtube.com/watch?v=c60SnOQRy6E,212,23,19,23,https://www.twitch.tv/videos/2756520183
8a8a1d0901c04d568be19e2d8bbc9ca1,324,33302,0,0,0,,0,0,0,,0,0,0,,0,0,0,0,
0f5e3935971449daa91b654886313110,323,0,0,0,0,,0,0,0,,0,0,0,,2262,0,0,0,
c4268d9874b14b3282613fa11102ce4b,322,22420,50,16,131,https://www.youtube.com/watch?v=4XWtM1tt2mg,50,16,131,https://www.youtube.com/watch?v=4XWtM1tt2mg,0,0,0,,323,61,44,90,https://www.twitch.tv/videos/2756715263
2af109d54b1c49968b572aa2b59664ab,322,12451,0,0,0,,0,0,0,,0,0,0,,0,0,0,0,
e32b6351f1684034955171b93b1c5e63,321,0,0,0,0,,0,0,0,,0,0,0,,1820,0,0,0,
1db7ec043f284eaea0bd2213ecce2bad,321,17757,85,37,1416,https://www.youtube.com/watch?v=pC4Mq5-Cnuk,61,21,243,https://www.youtube.com/watch?v=nwYZoy606j4,1360,241,1416,https://www.youtube.com/watch?v=pC4Mq5-Cnuk,0,0,0,0,
e94e1e38a611403192e4db197c2d9d91,319,6997,0,0,0,,0,0,0,,0,0,0,,0,0,0,0,
ca161c4e0ef54cd4a311705625caf164,318,11332,0,0,0,,0,0,0,,0,0,0,,2236,0,0,0,
d88c3cbdb65940e69a3feb152dc93d6d,317,1029,0,0,0,,0,0,0,,0,0,0,,458,0,0,0,
76a17ecab93c4c3db069c9a5d8d0ecf5,317,43102,0,0,0,,0,0,0,,0,0,0,,1810,160,143,290,https://www.twitch.tv/videos/2752604963
d859857097fe4e9d90a2d840c0e7fca1,316,20306,24,1,54,https://www.youtube.com/watch?v=FP3tWbjCWVM,0,0,0,,24,1,54,https://www.youtube.com/watch?v=FP3tWbjCWVM,245,0,0,0,
9abd60c00f0f412b978a2398b13ac4e8,313,38932,0,0,0,,0,0,0,,0,0,0,,0,0,0,0,
a24116ba22c84747818b7be8cd8eb733,313,12777,26,23,107,https://www.youtube.com/watch?v=EVXu8HkNVAE,26,23,107,https://www.youtube.com/watch?v=EVXu8HkNVAE,0,0,0,,351,35,25,48,https://www.twitch.tv/videos/2759080679
3df5dcf41cdb46c7b7de73e502ce4ae1,313,10590,0,0,0,,0,0,0,,0,0,0,,658,0,0,0,
cbb0ea239d8e4f65a46ada52dfb778e3,312,8624,0,0,0,,0,0,0,,0,0,0,,424,0,0,0,
71f86178cf8545658c5c836c868a3646,310,6884,0,0,0,,0,0,0,,0,0,0,,1339,451,380,526,https://www.twitch.tv/videos/2755841299
890c5d306c5f4a218f861c8a98a1e74a,309,5610,0,0,0,,0,0,0,,0,0,0,,68,0,0,0,
c40a4498540d462a89c2391a41aa9f0e,307,12509,90,76,845,https://www.youtube.com/watch?v=kuP5TEv34fM,70,42,90,https://www.youtube.com/watch?v=YXAugYhfN20,766,517,845,https://www.youtube.com/watch?v=kuP5TEv34fM,2357,83,66,83,https://www.twitch.tv/videos/2755817827
803435ca691f43a4b02360926fee23d1,307,13078,89,54,135,https://www.youtube.com/watch?v=zoQiWgFKzX8,89,54,135,https://www.youtube.com/watch?v=zoQiWgFKzX8,0,0,0,,1502,98,74,133,https://www.twitch.tv/videos/2752573758
bf7122f997f04401b0a6938abaded38c,306,18020,27,5,34,https://www.youtube.com/watch?v=hVB6HI_BjEI,27,5,34,https://www.youtube.com/watch?v=hVB6HI_BjEI,0,0,0,,0,0,0,0,
4e4cbcbc0acf410ea5a50e4a6bbafd01,306,3996,8,0,20,https://www.youtube.com/watch?v=t3bFNLGITIc,0,0,0,,8,0,20,https://www.youtube.com/watch?v=t3bFNLGITIc,2483,712,492,751,https://www.twitch.tv/videos/2754384035
2f32fa150b4b4572bb6dd1a8e8c94ff1,305,11698,104,17,408,https://www.youtube.com/watch?v=MRykXFyfRPU,0,0,0,,104,17,408,https://www.youtube.com/watch?v=MRykXFyfRPU,3801,1145,413,3161,https://www.twitch.tv/videos/2740736132
b6cc2e3d23f34ba8bbeba181d19a714c,304,6299,0,0,0,,0,0,0,,0,0,0,,4297,1532,771,16614,https://www.twitch.tv/videos/2746375308
dfa5fefa546a40d5a677ddfff02ff3e1,303,18210,5,0,5,https://www.youtube.com/watch?v=roBcZKOLOlk,0,0,0,,5,0,5,https://www.youtube.com/watch?v=roBcZKOLOlk,800,40,28,46,https://www.twitch.tv/videos/2751790944
f3757b8d656f48749cada897ce597abc,303,7740,0,0,0,,0,0,0,,0,0,0,,0,0,0,0,
d09b9f800b7940deb1f8a2b58a302f07,302,4247,0,0,0,,0,0,0,,0,0,0,,4242,333,234,673,https://www.twitch.tv/videos/2760019039
85340d14d5654ac3b28b39b007a7dea7,301,15546,51,8,117,https://www.youtube.com/watch?v=Fwios0HhBAo,51,8,117,https://www.youtube.com/watch?v=Fwios0HhBAo,0,0,0,,0,0,0,0,
72ee59fb29644f8b88a4dd3d7e91fe39,301,10282,0,0,0,,0,0,0,,0,0,0,,0,0,0,0,
a13421f0201540ecaccd5c207b15c425,300,16701,0,0,0,,0,0,0,,0,0,0,,0,0,0,0,
2b1ef81172474b6b8409100be2f30da7,299,4549,4,1,6,https://www.youtube.com/watch?v=IeKCeK6oA_Y,0,0,0,,4,1,6,https://www.youtube.com/watch?v=IeKCeK6oA_Y,2625,238,143,238,https://www.twitch.tv/videos/2751004113
a4a9cd639c7546538ee9635b9a14989d,298,16080,34,11,35,https://www.youtube.com/watch?v=m0yylJCLge4,34,11,35,https://www.youtube.com/watch?v=m0yylJCLge4,0,0,0,,0,0,0,0,
8ae87582ab1e4b31bfd38310afda77bd,298,3727,0,0,0,,0,0,0,,0,0,0,,1344,0,0,0,
79f4c64bde584997bf6ad38afd44b51d,297,21399,29,26,53,https://www.youtube.com/watch?v=Ce0dCfgZH5Q,29,26,53,https://www.youtube.com/watch?v=Ce0dCfgZH5Q,0,0,0,,158,59,50,59,https://www.twitch.tv/videos/2758058224
2e7fa2f9a4ba4ca6a0ea1397839aafca,297,11060,27,15,30,https://www.youtube.com/watch?v=H_k023YeAGc,27,15,30,https://www.youtube.com/watch?v=H_k023YeAGc,0,0,0,,0,0,0,0,
92b3889a0c304d8fb9eed110bb82c60c,297,16911,0,0,0,,0,0,0,,0,0,0,,0,0,0,0,
f4935cf7bbb94ae88202ee7ab6d6b92b,297,0,0,0,0,,0,0,0,,0,0,0,,52,0,0,0,
b09373e11cc74ed4b58440b9d7368172,296,23186,26,13,37,https://www.youtube.com/watch?v=tvOBCPCnr5o,26,13,37,https://www.youtube.com/watch?v=tvOBCPCnr5o,0,0,0,,0,0,0,0,
2d2dc667f7a9488092e67b0475dc3774,296,2813,0,0,0,,0,0,0,,0,0,0,,206,0,0,0,
095d5621db8b44ed914d81f9e1183673,296,10440,68,22,177,https://www.youtube.com/watch?v=KA-a20CcaOM,68,22,88,https://www.youtube.com/watch?v=KTBxz5keQQE,101,12,177,https://www.youtube.com/watch?v=KA-a20CcaOM,24,0,0,0,
d39563dd7adf452989791068eaf4524e,295,4602,73,29,89,https://www.youtube.com/watch?v=LdyIohlcmaA,73,29,89,https://www.youtube.com/watch?v=LdyIohlcmaA,0,0,0,,0,0,0,0,
8fe313c8e0704a29a7a387b47c4f938b,293,10303,101,48,371,https://www.youtube.com/watch?v=EzIW4HU9bKc,71,48,168,https://www.youtube.com/watch?v=dgrFtwBxj9s,129,53,371,https://www.youtube.com/watch?v=EzIW4HU9bKc,0,0,0,0,
d3a0a421fd184f9fa51856096d01e85b,292,16962,35,6,35,https://www.youtube.com/watch?v=TFihpXEC3sw,35,6,35,https://www.youtube.com/watch?v=TFihpXEC3sw,0,0,0,,0,0,0,0,
e6373c7f689c44f8971ca0f83c817789,292,1630,0,0,0,,0,0,0,,0,0,0,,222,0,0,0,
c572dfdd998b439fb17f01f4633cfb31,292,14876,0,0,0,,0,0,0,,0,0,0,,0,0,0,0,
df6443487ffb4142aea2b053b4aa8db7,292,34117,215,35,1299,https://www.youtube.com/watch?v=0nyZYMl-9sg,0,0,0,,215,35,1299,https://www.youtube.com/watch?v=0nyZYMl-9sg,1659,261,178,539,https://www.twitch.tv/videos/2754836579
be1bfb3aafb34118808fd5a5c059ffaf,290,28293,0,0,0,,0,0,0,,0,0,0,,492,0,0,0,
1895ef1f232d454aa6c18ca7812c794c,290,3731,91,52,91,https://www.youtube.com/watch?v=pP07qzimYqA,91,52,91,https://www.youtube.com/watch?v=pP07qzimYqA,0,0,0,,17,0,0,0,
479b23215fd84e0387e4f95c8bdfb127,290,116874,53,31,2568,https://www.youtube.com/watch?v=BGXDilYHpKc,31,13,53,https://www.youtube.com/watch?v=0peC7S1IGWA,220,86,2568,https://www.youtube.com/watch?v=BGXDilYHpKc,0,0,0,0,
82af75b290f44cd8b9a97bc5addaaf58,290,7640,34,23,49,https://www.youtube.com/watch?v=IH49TVgjaPY,34,23,49,https://www.youtube.com/watch?v=IH49TVgjaPY,0,0,0,,136,0,0,0,
ca4210c7562b479cb3af76082fb70fcd,290,2870,0,0,0,,0,0,0,,0,0,0,,3476,726,449,1036,https://www.twitch.tv/videos/2747005770
e773129f910c4bd182f3b702c9ec1b55,289,9824,23,14,24,https://www.youtube.com/watch?v=4zrQUmY2CMA,23,14,24,https://www.youtube.com/watch?v=4zrQUmY2CMA,0,0,0,,0,0,0,0,
d334f3b3ba8b4e43bd7b5a237a7b4476,289,42493,61,31,287,https://www.youtube.com/watch?v=2Q1WbUWJCCI,61,31,287,https://www.youtube.com/watch?v=2Q1WbUWJCCI,0,0,0,,39,0,0,0,
d148768158984ce8b3a8214b1fb3dafc,289,2959,46,34,46,https://www.youtube.com/watch?v=lG3fDYao9aw,46,34,46,https://www.youtube.com/watch?v=lG3fDYao9aw,0,0,0,,156,12,8,12,https://www.twitch.tv/videos/2754402009
d2e2645a97a14ce4b58a7884c0e6ec56,287,27332,0,0,0,,0,0,0,,0,0,0,,1287,65,54,65,https://www.twitch.tv/videos/2756915571
5f68c9b585ad40c0ada7697c9b7f5055,286,0,0,0,0,,0,0,0,,0,0,0,,7435,706,360,1327,https://www.twitch.tv/videos/2741981487
964a0dde279c45ea85ffc6ad5d266206,285,10312,58,27,1938,https://www.youtube.com/watch?v=9Rn6f3O66u4,35,18,160,https://www.youtube.com/watch?v=ZGUKkeppLgY,1397,560,1938,https://www.youtube.com/watch?v=9Rn6f3O66u4,1077,139,122,220,https://www.twitch.tv/videos/2758772098
6391e2693fa6464d83fdf5d136596bb0,284,14790,69,37,204,https://www.youtube.com/watch?v=1n1Cv6RXYuY,69,36,204,https://www.youtube.com/watch?v=1n1Cv6RXYuY,82,52,194,https://www.youtube.com/watch?v=HP_sGEOs9Tc,0,0,0,0,
703cea871ebf4ab6a8b2704f7611197b,283,8404,0,0,0,,0,0,0,,0,0,0,,0,0,0,0,
1618171723d84cbe8b57cd69fa6f477f,283,38345,0,0,0,,0,0,0,,0,0,0,,758,32,17,42,https://www.twitch.tv/videos/2755061765
7badd33c853240e280db61899f381ff2,280,10938,0,0,0,,0,0,0,,0,0,0,,419,0,0,0,
c9f9ff24ef184b29a58c616412f1dbbc,280,5712,0,0,0,,0,0,0,,0,0,0,,0,0,0,0,
b3a1f0922f7440f3bb1adbfa7a04bd09,280,8953,0,0,0,,0,0,0,,0,0,0,,1017,49,47,77,https://www.twitch.tv/videos/2759861292
279a45d6a8f9445389b9b8cdbcb72ae8,280,25935,0,0,0,,0,0,0,,0,0,0,,273,30,26,36,https://www.twitch.tv/videos/2758279006
f40e7d4c2b8b4ea89a6cd017303ca5c0,279,1577,0,0,0,,0,0,0,,0,0,0,,527,293,157,293,https://www.twitch.tv/videos/2749448606
6fa20242354646ad8e8feea8d52e514e,278,6732,0,0,0,,0,0,0,,0,0,0,,0,0,0,0,
94ca3090942d4ca38a71b8f1b65c7343,278,17700,0,0,0,,0,0,0,,0,0,0,,171,0,0,0,
4cebb92683d548089e998ec18a484930,277,13196,41,34,41,https://www.youtube.com/watch?v=mkqUnzBnW-E,41,34,41,https://www.youtube.com/watch?v=mkqUnzBnW-E,0,0,0,,0,0,0,0,
b7155dea3cdc452e9f77df41ccca17bd,277,1228,0,0,0,,0,0,0,,0,0,0,,492,0,0,0,
25619abc5e0d4f79839e48d83234eaf8,274,6056,8,2,14,https://www.youtube.com/watch?v=EBI7uSSrGXY,8,2,14,https://www.youtube.com/watch?v=EBI7uSSrGXY,0,0,0,,734,45,33,62,https://www.twitch.tv/videos/2749389260
c543b53edfbd4b3c92f4801cb8d3346c,273,15862,0,0,0,,0,0,0,,0,0,0,,0,0,0,0,
3e7f5f5e829e4d4baca2a8a5916d60e4,273,3258,994,339,1316,https://www.youtube.com/watch?v=LEkylWrn4uU,0,0,0,,994,339,1316,https://www.youtube.com/watch?v=LEkylWrn4uU,2196,586,353,1096,https://www.twitch.tv/videos/2757224017
de5f8aaf92814bb79eb91adb0efc8f1d,272,13601,13,5,31,https://www.youtube.com/watch?v=Ix9FzXGxj3k,13,5,31,https://www.youtube.com/watch?v=Ix9FzXGxj3k,0,0,0,,0,0,0,0,
a16471805f7f44f88237b42c79b9f3a2,272,10574,0,0,0,,0,0,0,,0,0,0,,0,0,0,0,
192be77802a54229bb67b40c00978520,272,2181,0,0,0,,0,0,0,,0,0,0,,1030,0,0,0,
a6a155230538488e8488f01160598837,271,16970,0,0,0,,0,0,0,,0,0,0,,0,0,0,0,
985e64cecc24401290c08cb7e2f4ef50,271,7443,37,16,41,https://www.youtube.com/watch?v=OKfwM2a25KA,37,16,41,https://www.youtube.com/watch?v=OKfwM2a25KA,0,0,0,,2009,260,201,381,https://www.twitch.tv/videos/2759594624
03e9bea117bd4b5ba189b48f1617d9bb,268,7790,0,0,0,,0,0,0,,0,0,0,,0,0,0,0,
67b3f32472774d3191ecfea12f60a990,268,9420,0,0,0,,0,0,0,,0,0,0,,116,0,0,0,
05d19eac5d22427f916e6fa59bf17b3b,268,78817,5,2,915,https://www.youtube.com/watch?v=eRhsuCCe974,0,0,0,,5,2,915,https://www.youtube.com/watch?v=eRhsuCCe974,2476,333,218,419,https://www.twitch.tv/videos/2749118440
33f8f83054e3473d9c8c5e1a3c8e1008,264,8786,32,18,82,https://www.youtube.com/watch?v=Yh5v4CpWcog,33,19,82,https://www.youtube.com/watch?v=Yh5v4CpWcog,4,2,4,https://www.youtube.com/watch?v=IzftBmxRwGE,0,0,0,0,
22a21c1a529f4817b8790629d8b4590f,264,35799,240,39,412,https://www.youtube.com/watch?v=byKNQhDHw10,0,0,0,,240,39,412,https://www.youtube.com/watch?v=byKNQhDHw10,106,0,0,0,
a76d4171e74448fd9d1a6eaf183be3ff,263,15162,0,0,0,,0,0,0,,0,0,0,,852,0,0,0,
fbd0d260a09c47b1a9dcc73fd41e7eca,263,3848,0,0,0,,0,0,0,,0,0,0,,6451,140,88,188,https://www.twitch.tv/videos/2751941036
0d07fb89672446c3b4a1682131f96f7b,261,22259,25,15,285,https://www.youtube.com/watch?v=t8WMXjZOuWs,24,15,40,https://www.youtube.com/watch?v=hoY2DZUvCQ8,285,268,285,https://www.youtube.com/watch?v=t8WMXjZOuWs,0,0,0,0,
105f7890339346329ab408f423f617c3,260,15810,0,0,0,,0,0,0,,0,0,0,,4367,2158,125,2652,https://www.twitch.tv/videos/2738019450
1af1c5f8526a4396820151df1bff37b7,259,25322,153,35,1813,https://www.youtube.com/watch?v=RWNAf0QVGps,125,32,165,https://www.youtube.com/watch?v=YNomkBgIuCM,1297,42,1813,https://www.youtube.com/watch?v=RWNAf0QVGps,0,0,0,0,
0c05eca1975b40b3a0b54d3dfd61055d,258,37186,0,0,0,,0,0,0,,0,0,0,,2636,90,64,150,https://www.twitch.tv/videos/2758301476
04e61f47cdf542c7b5a3b3ae569fc021,258,2974,0,0,0,,0,0,0,,0,0,0,,884,0,0,0,
f7758d944fd8438a86bfe1235c7bcd17,258,15314,5,3,182,https://www.youtube.com/watch?v=qrEQoAtkmL0,0,0,0,,5,3,182,https://www.youtube.com/watch?v=qrEQoAtkmL0,602,0,0,0,
7c96bbca1c184d70a39ef2a65a0d788c,255,164352,0,0,0,,0,0,0,,0,0,0,,594,0,0,0,
3a44da0674144e61bff60415cc09a678,255,7269,10,4,12,https://www.youtube.com/watch?v=XuT7uCNw5Qs,10,4,12,https://www.youtube.com/watch?v=XuT7uCNw5Qs,0,0,0,,0,0,0,0,
2ff6c25f8e5943d2ac0a6a006f5784c3,255,2381,0,0,0,,0,0,0,,0,0,0,,1598,390,354,391,https://www.twitch.tv/videos/2757315016
cd0b2f63c88e4b4abd5b83296a5d7866,253,3718,0,0,0,,0,0,0,,0,0,0,,3610,0,0,0,
75eb49d99170441ab784d7bec7378d21,252,10685,0,0,0,,0,0,0,,0,0,0,,1409,38,26,135,https://www.twitch.tv/videos/2757408441
5f044942071146cb9ec4b760458a662e,251,10895,0,0,0,,0,0,0,,0,0,0,,804,258,167,263,https://www.twitch.tv/videos/2749375355
8c1fe8acf675446ebb2fd046e6396983,248,24506,36,16,44,https://www.youtube.com/watch?v=wNUeu4toLO0,36,16,44,https://www.youtube.com/watch?v=wNUeu4toLO0,0,0,0,,260,19,14,36,https://www.twitch.tv/videos/2751857181
cabc3ddcf7ad46ef9acb4b0951f9b2ba,247,20889,1,0,333,https://www.youtube.com/watch?v=_QSsJWlIz80,0,0,0,,1,0,333,https://www.youtube.com/watch?v=_QSsJWlIz80,1227,201,174,381,https://www.twitch.tv/videos/2751770917
90a8ac8d7653460298ba85cb7e4d3bc9,246,3263,0,0,0,,0,0,0,,0,0,0,,55,0,0,0,
a3452262e11348c88afea4031b0323a8,244,21532,4,2,18,https://www.youtube.com/watch?v=QSWnGxD06eE,0,0,0,,4,2,18,https://www.youtube.com/watch?v=QSWnGxD06eE,474,0,0,0,
1ccf3d7852d34137b9cc70343dcc41bf,243,108769,0,0,0,,0,0,0,,0,0,0,,112,0,0,0,
47cd428eee8640cb80afaa4ef9bb55e0,242,17011,54,37,80,https://www.youtube.com/watch?v=x5XhigJh_Xc,54,37,80,https://www.youtube.com/watch?v=x5XhigJh_Xc,0,0,0,,1652,98,73,216,https://www.twitch.tv/videos/2759000037
c91577ba12cd45deb9c8e5c666c290be,242,87546,39,19,1374,https://www.youtube.com/watch?v=IVFdS2GrdCU,37,19,172,https://www.youtube.com/watch?v=Wn20g93-o24,104,34,1374,https://www.youtube.com/watch?v=IVFdS2GrdCU,0,0,0,0,
a3afce163c9341c992f526816d9d5440,241,4315,32,21,208,https://www.youtube.com/watch?v=KJ7F770uZEw,33,21,208,https://www.youtube.com/watch?v=KJ7F770uZEw,25,21,32,https://www.youtube.com/watch?v=cfQCJ79-M14,103,0,0,0,
67252692b4f64f509af6eacffdeafdf9,241,25181,57,26,73,https://www.youtube.com/watch?v=vU_QT9-jyYQ,57,26,73,https://www.youtube.com/watch?v=vU_QT9-jyYQ,0,0,0,,0,0,0,0,
e7ac18c2e713426692cfd0ef7fe2b897,241,38,0,0,0,,0,0,0,,0,0,0,,149,7,5,16,https://www.twitch.tv/videos/2751889590
0e516fd1e97a4c58bad3afb6469748d4,241,3116,15,9,871,https://www.youtube.com/watch?v=-gGJf87f-20,225,147,768,https://www.youtube.com/watch?v=_6e38JrmhQA,6,4,871,https://www.youtube.com/watch?v=-gGJf87f-20,558,40,27,48,https://www.twitch.tv/videos/2750205194
777608b04fa74a42975497f6273ed6f9,240,12403,3,1,3,https://www.youtube.com/watch?v=lRUv6RHSx10,0,0,0,,3,1,3,https://www.youtube.com/watch?v=lRUv6RHSx10,2950,423,312,624,https://www.twitch.tv/videos/2753486433
33cabb57d2454dfdbdf7453c54429940,239,94866,1515,542,9456,https://www.youtube.com/watch?v=MgH7CUe2tBE,0,0,0,,1515,542,9456,https://www.youtube.com/watch?v=MgH7CUe2tBE,657,341,291,1448,https://www.twitch.tv/videos/2751004407
3e86fddd8145474691e77ba761a6b2a5,239,37370,0,0,0,,0,0,0,,0,0,0,,1049,153,127,153,https://www.twitch.tv/videos/2756650150
dbbb8592c30840c8b00ae8091a684e5c,234,9110,0,0,0,,0,0,0,,0,0,0,,1274,0,0,0,
f72fb9eab9a84db5ba139131d59bdd02,233,36155,839,57,1057,https://www.youtube.com/watch?v=-pIMijzAS98,0,0,0,,839,57,1057,https://www.youtube.com/watch?v=-pIMijzAS98,381,63,42,113,https://www.twitch.tv/videos/2751882800
4693c4a0f4284a429f353419a3fc547c,233,53245,1610,463,1927,https://www.youtube.com/watch?v=uFV8doD6x1o,0,0,0,,1610,463,1927,https://www.youtube.com/watch?v=uFV8doD6x1o,0,0,0,0,
d198a42f93d84e9ca061a72243d142cc,232,117956,0,0,0,,0,0,0,,0,0,0,,527,51,30,200,https://www.twitch.tv/videos/2749243213
c274c90379ca4e57a79251976cda3e54,232,8847,0,0,0,,0,0,0,,0,0,0,,322,0,0,0,
af89613e72874e219c00ab0c89b6c641,231,52829,27,17,41,https://www.youtube.com/watch?v=fH7GyJcCLto,27,17,41,https://www.youtube.com/watch?v=fH7GyJcCLto,0,0,0,,11,0,0,0,
42d2b255295b468dafe439394130ae11,231,12328,14,7,18,https://www.youtube.com/watch?v=uGna5yXBP4o,0,0,0,,14,7,18,https://www.youtube.com/watch?v=uGna5yXBP4o,966,220,125,220,https://www.twitch.tv/videos/2750185438
25b5885afcdc4430be0d822464ccff91,231,3558,13,3,26,https://www.youtube.com/watch?v=f-P4ttzXAzI,15,4,26,https://www.youtube.com/watch?v=f-P4ttzXAzI,5,1,5,https://www.youtube.com/watch?v=AF32voEGyE0,330,23,19,46,https://www.twitch.tv/videos/2753437671
d8b5835bc6aa46119cc7ddd4447e780f,231,35958,0,0,0,,0,0,0,,0,0,0,,1998,551,328,551,https://www.twitch.tv/videos/2750925900
a7bb915cc1a0474080d7dbf6d245daf4,230,13393,0,0,0,,0,0,0,,0,0,0,,44,0,0,0,
e9569c3f60c541ab83899c09079feaa2,229,10456,573,275,971,https://www.youtube.com/watch?v=tIHRv-tu96E,0,0,0,,573,275,971,https://www.youtube.com/watch?v=tIHRv-tu96E,2934,0,0,0,
d4bd6ed12ee746a8978434ee5b14dd27,229,60222,124,38,229,https://www.youtube.com/watch?v=PpaifwGz87E,0,0,0,,124,38,229,https://www.youtube.com/watch?v=PpaifwGz87E,541,70,65,197,https://www.twitch.tv/videos/2754142948
bf6401d2159c40a8a616defa8c2c4a66,228,25506,0,0,0,,0,0,0,,0,0,0,,822,0,0,0,
156aba6fe34b4d648a3fd210550963c7,227,1040,0,0,0,,0,0,0,,0,0,0,,92,0,0,0,
5d23e69300534fe6aa678d75573381ea,227,1981,0,0,0,,0,0,0,,0,0,0,,0,0,0,0,
dc27d7819dac471f907e0ace5131580f,226,5319,0,0,0,,0,0,0,,0,0,0,,1448,297,151,468,https://www.twitch.tv/videos/2745884079
27a22366e885420e8a3c78ee7ac7c075,225,15456,45,21,64,https://www.youtube.com/watch?v=GctzKR3UMpY,45,21,64,https://www.youtube.com/watch?v=GctzKR3UMpY,0,0,0,,35,16,14,37,https://www.twitch.tv/videos/2757511067
af82ee4712aa4d6c9c4100591a8a3163,224,3185,0,0,0,,0,0,0,,0,0,0,,586,172,153,265,https://www.twitch.tv/videos/2757329742
71da2daf84a546c39399adf6ca44aac1,223,16457,24,10,88,https://www.youtube.com/watch?v=DAV18lqyHXE,25,10,88,https://www.youtube.com/watch?v=DAV18lqyHXE,11,1,11,https://www.youtube.com/watch?v=48X1kHIKMQ0,303,53,43,96,https://www.twitch.tv/videos/2751794289
ccf55e42124c46ab828b188fc8c4f947,222,47508,929,240,1465,https://www.youtube.com/watch?v=8OPzQWCX__0,0,0,0,,929,240,1465,https://www.youtube.com/watch?v=8OPzQWCX__0,714,330,277,683,https://www.twitch.tv/videos/2759081350
52d8a731a7634e529ba986ae40ce6526,221,16999,0,0,0,,0,0,0,,0,0,0,,850,409,241,835,https://www.twitch.tv/videos/2755627216
98619914a2eb4b07bd6bc0a02066e455,221,5624,0,0,0,,0,0,0,,0,0,0,,1319,224,143,280,https://www.twitch.tv/videos/2757558802
49150fef0c1f4c0e9e18567224a7bf5c,220,2472,2494,1888,2494,https://www.youtube.com/watch?v=SKjbf60UGiQ,0,0,0,,2494,1888,2494,https://www.youtube.com/watch?v=SKjbf60UGiQ,0,0,0,0,
c269bafe425f470e957731c454b8925c,219,18122,0,0,0,,0,0,0,,0,0,0,,445,0,0,0,
25ac52ef552244a997045ca561b5636f,219,3654,0,0,0,,0,0,0,,0,0,0,,0,0,0,0,
c56801a52568414ca54724a3c24c3417,219,19842,0,0,0,,0,0,0,,0,0,0,,2209,0,0,0,
8e65ff08f84f46148a79346978db81c8,219,53350,61,35,13252,https://www.youtube.com/watch?v=VXNF7h2SY6s,52,26,120,https://www.youtube.com/watch?v=QQch8WZypSI,551,312,13252,https://www.youtube.com/watch?v=VXNF7h2SY6s,0,0,0,0,
1fa9ddce23964bab8edddf7f18dad2f3,218,10595,0,0,0,,0,0,0,,0,0,0,,1574,73,52,79,https://www.twitch.tv/videos/2749518084
3986345f7cae4fc5ba3b7fd3a8dceba0,218,1007,0,0,0,,0,0,0,,0,0,0,,1122,0,0,0,
15c82034235748649547ada64817a6d1,217,15847,513,190,1414,https://www.youtube.com/watch?v=FbFwVtNxdO0,0,0,0,,513,190,1414,https://www.youtube.com/watch?v=FbFwVtNxdO0,3609,248,173,1132,https://www.twitch.tv/videos/2753552382
d564dc69725f4258b8b08d8d5df285a8,217,9295,15,6,65,https://www.youtube.com/watch?v=mwE7nG8u2e0,14,5,65,https://www.youtube.com/watch?v=mwE7nG8u2e0,46,33,46,https://www.youtube.com/watch?v=qhwCNlnjqfE,70,8,6,8,https://www.twitch.tv/videos/2755884603
0554e298ab8041c19ce07bf0b2c315a0,217,18714,51,31,1266,https://www.youtube.com/watch?v=fAIZl1bxCg8,45,19,52,https://www.youtube.com/watch?v=NkygGElcLcw,671,165,1266,https://www.youtube.com/watch?v=fAIZl1bxCg8,0,0,0,0,
d8fa0fb407c043cb9b65ab66c2221e8d,216,69994,3,1,17,https://www.youtube.com/watch?v=g1N85lb7Ze8,0,0,0,,3,1,17,https://www.youtube.com/watch?v=g1N85lb7Ze8,2239,40,30,90,https://www.twitch.tv/videos/2759081286
31888d1a66654eee82d4dd22017db978,215,38130,266,51,1409,https://www.youtube.com/watch?v=oJ-2LZNIn_w,0,0,0,,266,51,1409,https://www.youtube.com/watch?v=oJ-2LZNIn_w,0,0,0,0,
cfe0c2386d794c229d71c5a6a7e28333,214,15573,12,8,12,https://www.youtube.com/watch?v=0pItBV7x1vc,0,0,0,,12,8,12,https://www.youtube.com/watch?v=0pItBV7x1vc,0,0,0,0,
463e3994840145618264d41fa3eaf344,213,12358,43,22,54,https://www.youtube.com/watch?v=S3RyikKvs9M,43,22,54,https://www.youtube.com/watch?v=S3RyikKvs9M,0,0,0,,0,0,0,0,
8814a6eccdd04fa6bf2f8201f12bf8ae,213,3770,0,0,0,,0,0,0,,0,0,0,,339,34,25,51,https://www.twitch.tv/videos/2756652696
12479712313d4ddda715483e1f93ee9d,211,4327,18,15,18,https://www.youtube.com/watch?v=EUlgtMQeYsw,0,0,0,,18,15,18,https://www.youtube.com/watch?v=EUlgtMQeYsw,0,0,0,0,
54ea240f1bf1471981684464081645e7,211,4067,0,0,0,,0,0,0,,0,0,0,,349,9,4,12,https://www.twitch.tv/videos/2749953363
3dc59c2e8b424c9e812fb48048ebdef8,211,6246,4,3,10,https://www.youtube.com/watch?v=Oga8tAPMr3o,0,0,0,,4,3,10,https://www.youtube.com/watch?v=Oga8tAPMr3o,1522,150,114,276,https://www.twitch.tv/videos/2752751480
47d591738d2449a496e7ce140b539662,209,1246,0,0,0,,0,0,0,,0,0,0,,2114,247,172,269,https://www.twitch.tv/videos/2757144474
f1d9ff59d3d74b0ebb4268de53698dbf,208,6344,0,0,0,,0,0,0,,0,0,0,,735,0,0,0,
1d9db35aa47c4d2d8bea3fb94afbd1b9,207,7714,39,15,106,https://www.youtube.com/watch?v=L3PZutmR6Qo,39,15,106,https://www.youtube.com/watch?v=L3PZutmR6Qo,0,0,0,,0,0,0,0,
7bebabbe96a34368aa03da163e3da313,207,27469,37,10,39,https://www.youtube.com/watch?v=xFDSuN8IvV0,37,10,39,https://www.youtube.com/watch?v=xFDSuN8IvV0,0,0,0,,0,0,0,0,
de8c5ca15afd4534a822e5a1a9c2784e,206,1935,0,0,0,,0,0,0,,0,0,0,,2183,221,166,227,https://www.twitch.tv/videos/2755068559
14b644d58ff14ef1b491ef3d451e9e06,206,0,0,0,0,,0,0,0,,0,0,0,,3367,0,0,0,
5949eae32b844c9e873474efb19f4e6d,206,6064,34,27,34,https://www.youtube.com/watch?v=pVQcM0b6j5M,34,27,34,https://www.youtube.com/watch?v=pVQcM0b6j5M,0,0,0,,0,0,0,0,
3082cc9c2e124fb3bf77cc799590042e,205,16176,50,33,65,https://www.youtube.com/watch?v=5AVfkrKohvU,50,33,65,https://www.youtube.com/watch?v=5AVfkrKohvU,0,0,0,,0,0,0,0,
3c9899af7c104ea08eb0baa4ee565076,203,2413,0,0,0,,0,0,0,,0,0,0,,676,27,18,33,https://www.twitch.tv/videos/2753486945
3802b3f13284406cb4bc3f775690add5,200,7038,68,27,107,https://www.youtube.com/watch?v=iYFNRMtEsp4,68,27,107,https://www.youtube.com/watch?v=iYFNRMtEsp4,0,0,0,,90,110,80,232,https://www.twitch.tv/videos/2757494484
a5ced44a2bb74575a9cf9ea48f9ec890,200,8688,0,0,0,,0,0,0,,0,0,0,,0,0,0,0,
fdbcdd7db6b04ed4b2336b1b3da66564,198,18711,531,66,531,https://www.youtube.com/watch?v=iW2TPlq_QmQ,0,0,0,,531,66,531,https://www.youtube.com/watch?v=iW2TPlq_QmQ,238,309,225,435,https://www.twitch.tv/videos/2758307482
1d0201167f5445e8b410a8f311e54133,197,20856,0,0,0,,0,0,0,,0,0,0,,145,0,0,0,
05970b8580b4433d9afb8769568d2276,197,5035,0,0,0,,0,0,0,,0,0,0,,9,0,0,0,
48e968abd77d434db31de0f0bb8d92a1,196,10783,5,0,7,https://www.youtube.com/watch?v=WRW-A9P2QSM,0,0,0,,5,0,7,https://www.youtube.com/watch?v=WRW-A9P2QSM,530,34,20,46,https://www.twitch.tv/videos/2755847521
936b7b3d4250469d94b53ebc7e4936f6,193,241282,0,0,0,,0,0,0,,0,0,0,,1186,206,110,280,https://www.twitch.tv/videos/2757125674
021eaf7cecfa4416b759fcc310f7b15a,192,8123,0,0,0,,0,0,0,,0,0,0,,222,45,36,45,https://www.twitch.tv/videos/2755840009
f30f6a2e994641b5af169b97f2aad13b,192,6952,0,0,0,,0,0,0,,0,0,0,,551,0,0,0,
26e2e1583d404f48b879375ef74ae33a,191,8954,0,0,0,,0,0,0,,0,0,0,,0,0,0,0,
698d1cca0e1f417892c954dabe0aacf8,191,769,0,0,0,,0,0,0,,0,0,0,,2303,0,0,0,
aad41e66df77481baac0825033d81487,190,45136,1060,239,1287,https://www.youtube.com/watch?v=9b8Cpv3jG_Q,0,0,0,,1060,239,1287,https://www.youtube.com/watch?v=9b8Cpv3jG_Q,0,0,0,0,
6cdaf0b035d04e3794a5accd5ed8b08f,190,1698,0,0,0,,0,0,0,,0,0,0,,0,0,0,0,
6d76e6b27f164061a216ec2831bd8dd3,188,0,0,0,0,,0,0,0,,0,0,0,,1216,0,0,0,
202d7c3df0a0489288ace48e1e81ac9f,187,4635,0,0,0,,0,0,0,,0,0,0,,76,0,0,0,
699b0baa82d0413aa073155683edcd56,186,5326,0,0,0,,0,0,0,,0,0,0,,2198,90,79,122,https://www.twitch.tv/videos/2759093980
865ef104e1784d878871c819452a63dd,186,1934,50,18,91,https://www.youtube.com/watch?v=d3iAVK2Q3Ys,50,18,91,https://www.youtube.com/watch?v=d3iAVK2Q3Ys,0,0,0,,0,0,0,0,
cf5fc0cd849841679951b3769979b3a0,185,3928,75,46,151,https://www.youtube.com/watch?v=Lm7SDPEqaJg,75,46,151,https://www.youtube.com/watch?v=Lm7SDPEqaJg,0,0,0,,41,25,20,44,https://www.twitch.tv/videos/2751870589
7a7e366c81d54d03a07cb2c6cb382884,184,6218,0,0,0,,0,0,0,,0,0,0,,0,0,0,0,
e73e2554e6754cadb0b836bb1fcfdaf7,184,18514,97,44,408,https://www.youtube.com/watch?v=zBuw9xfJj5Q,92,42,254,https://www.youtube.com/watch?v=5LeiuXCLPEc,408,108,408,https://www.youtube.com/watch?v=zBuw9xfJj5Q,35,37,29,80,https://www.twitch.tv/videos/2757382558
a0fd4ae0fdc540c7b0c63d292372412a,182,2481,0,0,0,,0,0,0,,0,0,0,,186,0,0,0,
d46a06f4c654403e8b6376f7eda6f6ba,181,9475,65,16,1715,https://www.youtube.com/watch?v=9Zc7tJkYRJ8,61,16,69,https://www.youtube.com/watch?v=NGE_OZPIYxg,1715,101,1715,https://www.youtube.com/watch?v=9Zc7tJkYRJ8,0,0,0,0,
25f3eb5a85784e0e9f59f45ae775badd,180,10499,0,0,0,,0,0,0,,0,0,0,,0,0,0,0,
98c577d538f84d75a3c34e0f9d13c8a3,177,10877,0,0,0,,0,0,0,,0,0,0,,255,0,0,0,
74a8b2325c0c4b158dd12377bff187c8,177,9029,119,57,731,https://www.youtube.com/watch?v=9aZevKYxXlQ,0,0,0,,119,57,731,https://www.youtube.com/watch?v=9aZevKYxXlQ,0,0,0,0,
a0b5f8b54a534dfcb66154002e97e4cc,176,0,0,0,0,,0,0,0,,0,0,0,,155,0,0,0,
7ee7164af0d645a18422350715a1eef0,175,399,0,0,0,,0,0,0,,0,0,0,,359,0,0,0,
9add5efb4665440e8e021a9c3ced6095,175,10041,68,23,414,https://www.youtube.com/watch?v=FH9nqQmfHNo,65,19,414,https://www.youtube.com/watch?v=FH9nqQmfHNo,251,130,251,https://www.youtube.com/watch?v=88ttK-KWVZ8,0,0,0,0,
ad94d8048eb443248e4f2161201a938d,174,5496,319,145,1128,https://www.youtube.com/watch?v=gVt35I-ANfc,0,0,0,,319,145,1128,https://www.youtube.com/watch?v=gVt35I-ANfc,12,0,0,0,
9b9409f309a54c54bf6225f43eae1167,174,5926,0,0,0,,0,0,0,,0,0,0,,1947,501,350,860,https://www.twitch.tv/videos/2757479027
513641895d9a4fbca3b19aeb63d28915,173,7337,0,0,0,,0,0,0,,0,0,0,,1297,503,163,600,https://www.twitch.tv/videos/2738895823
b2ec8ce2ab124618ae1b1af2cd85ce23,173,2748,0,0,0,,0,0,0,,0,0,0,,270,0,0,0,
844adbe9800c4c52863267075afd2c7f,173,8763,0,0,0,,0,0,0,,0,0,0,,259,0,0,0,
56e0088d20b04a059da9932476fc9a5b,172,21224,0,0,0,,0,0,0,,0,0,0,,2563,0,0,0,
b850c220033a4b6d83c9b9b70b04647b,172,3752,0,0,0,,0,0,0,,0,0,0,,203,0,0,0,
6cdc57bc89cc4b7f9c9d848fd5b0d031,171,23761,0,0,0,,0,0,0,,0,0,0,,0,0,0,0,
67dc6d443cff47a4bc6a31a56e8b72f5,171,17743,62,38,83,https://www.youtube.com/watch?v=0BoIj2vrBUE,72,48,83,https://www.youtube.com/watch?v=0BoIj2vrBUE,9,5,10,https://www.youtube.com/watch?v=lg1RKFE_H24,0,0,0,0,
bb21226dc1db41e294f545133948115b,171,12872,0,0,0,,0,0,0,,0,0,0,,858,0,0,0,
a91c83dff0c94387aa2c11e597424517,171,10934,0,0,0,,0,0,0,,0,0,0,,260,0,0,0,
a3bbe09809e141e5b0658a79ba63f977,171,13668,4,1,14,https://www.youtube.com/watch?v=8pa5mvhGwBs,0,0,0,,4,1,14,https://www.youtube.com/watch?v=8pa5mvhGwBs,404,10,6,24,https://www.twitch.tv/videos/2757497707
868a7d0a1ef94befa5205a21fb65d7d5,170,2807,0,0,0,,0,0,0,,0,0,0,,4631,167,129,638,https://www.twitch.tv/videos/2758235050
2479e2782c0b4a7880004832c84a336b,169,2565,1509,666,1509,https://www.youtube.com/watch?v=jqWuv8FXNDk,0,0,0,,1509,666,1509,https://www.youtube.com/watch?v=jqWuv8FXNDk,284,0,0,0,
8ad7e8cd45e040f797cf2f1fa9d68976,167,5763,39,12,160,https://www.youtube.com/watch?v=thn3JSkJgJs,39,12,160,https://www.youtube.com/watch?v=thn3JSkJgJs,0,0,0,,0,0,0,0,
288ba70f1a044c72a65ed9cf3b425d13,167,17007,0,0,0,,0,0,0,,0,0,0,,0,0,0,0,
cd38e82545b04cb8a3e047fe41f2ba40,167,1263,0,0,0,,0,0,0,,0,0,0,,1015,248,129,967,https://www.twitch.tv/videos/2740853501
0c97b425059d4ac893cae0f804f4ccbc,167,10992,0,0,0,,0,0,0,,0,0,0,,0,0,0,0,
c29627e1a48a4ea8b21c858aba1836d0,167,6461,0,0,0,,0,0,0,,0,0,0,,417,86,69,134,https://www.twitch.tv/videos/2758291181
591654ee39c147ffaa77a531a81a6eda,167,13087,25,12,144,https://www.youtube.com/watch?v=bKKVzQgiVdI,25,12,144,https://www.youtube.com/watch?v=bKKVzQgiVdI,0,0,0,,672,0,0,0,
58f233e089ca45c8bc1969b471183766,166,24636,17,3,63,https://www.youtube.com/watch?v=6v8tFqWvC14,17,3,63,https://www.youtube.com/watch?v=6v8tFqWvC14,0,0,0,,0,0,0,0,
604dc5a26bb54f3d8a69c9df659d23d7,165,4992,0,0,0,,0,0,0,,0,0,0,,801,29,21,45,https://www.twitch.tv/videos/2750857918
c08ae8d7412d407c8b233f6e445d081c,164,3351,1,0,88,https://www.youtube.com/watch?v=rWf6pDaG6MM,0,0,0,,1,0,88,https://www.youtube.com/watch?v=rWf6pDaG6MM,719,35,25,63,https://www.twitch.tv/videos/2758172712
1e62a729ec51448aa89d22adde18b214,164,35203,76,35,583,https://www.youtube.com/watch?v=RrKuYAjvujc,54,38,162,https://www.youtube.com/watch?v=sc30jGWeyAI,77,29,583,https://www.youtube.com/watch?v=RrKuYAjvujc,0,0,0,0,
ad6455da071543ab88cd4855a11cf39b,163,6156,20,10,36,https://www.youtube.com/watch?v=mZgwNGHPC34,20,10,36,https://www.youtube.com/watch?v=mZgwNGHPC34,0,0,0,,0,0,0,0,
64677f13935847cca3e2e6670a89d9a8,163,1087,22,8,32,https://www.youtube.com/watch?v=47ecIXRkmuw,22,8,32,https://www.youtube.com/watch?v=47ecIXRkmuw,0,0,0,,428,43,33,43,https://www.twitch.tv/videos/2755044693
949f184abcc84a82b8e9f333b41a2109,161,9410,6,2,28,https://www.youtube.com/watch?v=E34A-1Gfw9s,0,0,0,,6,2,28,https://www.youtube.com/watch?v=E34A-1Gfw9s,2458,903,316,1537,https://www.twitch.tv/videos/2738905371
3475b2087d9a4d799c10bd3ac5f45437,160,887,27,2,27,https://www.youtube.com/watch?v=bRGs-Zgon7o,0,0,0,,27,2,27,https://www.youtube.com/watch?v=bRGs-Zgon7o,1150,0,0,0,
6481e646412745d3b2fa38255cef0da4,159,7819,238,45,292,https://www.youtube.com/watch?v=_JzAWJHYa68,0,0,0,,238,45,292,https://www.youtube.com/watch?v=_JzAWJHYa68,563,81,53,127,https://www.twitch.tv/videos/2754310370
d93ec185504e45e2894865980da489a9,159,2696,10,6,66,https://www.youtube.com/watch?v=tCuBFRYRQ5I,0,0,0,,10,6,66,https://www.youtube.com/watch?v=tCuBFRYRQ5I,1718,242,166,285,https://www.twitch.tv/videos/2759163265
5aca9ae61bba473b96998fee811d155e,157,29044,378,127,701,https://www.youtube.com/watch?v=_lmpb4ildQg,20,8,20,https://www.youtube.com/watch?v=fmYxpF77XC4,495,139,701,https://www.youtube.com/watch?v=_lmpb4ildQg,0,0,0,0,
bad9c0bc10404089a32d6b4b8346fc0e,157,86262,18,7,26,https://www.youtube.com/watch?v=LBrFWlOssbA,18,7,26,https://www.youtube.com/watch?v=LBrFWlOssbA,0,0,0,,0,0,0,0,
290bbaa329eb45b1a267bfd7e35c3b14,156,9075,0,0,0,,0,0,0,,0,0,0,,460,21,13,30,https://www.twitch.tv/videos/2750253447
fe1731a49d43440391f571347747604c,155,2571,0,0,0,,0,0,0,,0,0,0,,1278,127,98,257,https://www.twitch.tv/videos/2759038872
46821555a7af41e4aa70fe0fabd8a4f6,155,7305,33,32,758,https://www.youtube.com/watch?v=qqznJVlYyvQ,0,0,0,,33,32,758,https://www.youtube.com/watch?v=qqznJVlYyvQ,670,90,63,110,https://www.twitch.tv/videos/2755538753
3442df03030941b0933077faf6a75c6a,155,9792,0,0,0,,0,0,0,,0,0,0,,630,73,50,81,https://www.twitch.tv/videos/2754236905
dc97af965a4942d281cc7365805233f1,154,3213,0,0,0,,0,0,0,,0,0,0,,68,17,12,17,https://www.twitch.tv/videos/2756520444
67c533576c474a0d9897f62964cef71c,154,4524,0,0,0,,0,0,0,,0,0,0,,304,84,48,155,https://www.twitch.tv/videos/2756532630
edfed5b0978a4fb98f94319bfc639d98,153,1198,0,0,0,,0,0,0,,0,0,0,,1051,258,187,1170,https://www.twitch.tv/videos/2750006809
a8bee4c680a54cf29b34d90bf7230ab1,153,2794,0,0,0,,0,0,0,,0,0,0,,1902,272,154,272,https://www.twitch.tv/videos/2750146574
4d96aeef13f949e19026682e337db138,153,3267,0,0,0,,0,0,0,,0,0,0,,2645,169,128,234,https://www.twitch.tv/videos/2757403440
68fd874932e3457989d88d4f7f474260,153,7794,32,17,1200,https://www.youtube.com/watch?v=6ksiGhil-1M,28,16,130,https://www.youtube.com/watch?v=_CFb4PSXvmg,534,253,1200,https://www.youtube.com/watch?v=6ksiGhil-1M,74,40,38,175,https://www.twitch.tv/videos/2750914541
f958b1a87ecd4bfab42ba0d1443bfa61,152,9946,7,1,21,https://www.youtube.com/watch?v=aHwlawndFOs,8,3,21,https://www.youtube.com/watch?v=aHwlawndFOs,2,0,11,https://www.youtube.com/watch?v=eSQAHsQwOF4,526,73,69,84,https://www.twitch.tv/videos/2759830255
6a915915ad2a4d29b524ebd50f2dbbe4,152,1517,0,0,0,,0,0,0,,0,0,0,,1594,0,0,0,
fced951d6a344a27b59e422984ead36d,150,27036,36,18,155,https://www.youtube.com/watch?v=3PkXrGaLe00,53,26,53,https://www.youtube.com/watch?v=LHou4mVZg9s,19,9,155,https://www.youtube.com/watch?v=3PkXrGaLe00,0,0,0,0,
eabec2cff9fb48cdb79965d77a56f47d,150,8921,57,17,738,https://www.youtube.com/watch?v=6q3tR7ZWXsM,55,14,178,https://www.youtube.com/watch?v=HhD3NCze8y0,117,51,738,https://www.youtube.com/watch?v=6q3tR7ZWXsM,0,0,0,0,
41e1aa0eab8d4ec5a4010833581f5b92,149,2748,0,0,0,,0,0,0,,0,0,0,,87,0,0,0,
68671ee09add4d87b8038acebc5b48a4,149,1043,3,1,21,https://www.youtube.com/watch?v=_LzT-_fK9-4,0,0,0,,3,1,21,https://www.youtube.com/watch?v=_LzT-_fK9-4,956,125,88,198,https://www.twitch.tv/videos/2750310354
98fd913e544f4725afdd28ad05f3e737,145,12225,0,0,0,,0,0,0,,0,0,0,,0,0,0,0,
46a16e41f2af4523adeb4556f2e0b0d5,145,3271,0,0,0,,0,0,0,,0,0,0,,8435,0,0,0,
521d3e3d5e6e410aababfb8f290749b6,145,2478,1,0,1,https://www.youtube.com/watch?v=MDW_Iu83lhw,0,0,0,,1,0,1,https://www.youtube.com/watch?v=MDW_Iu83lhw,369,0,0,0,
06f1c7339e1c47ecb69ea7385f4635a1,145,32789,702,282,1623,https://www.youtube.com/watch?v=jlvCcLpYMTw,0,0,0,,702,282,1623,https://www.youtube.com/watch?v=jlvCcLpYMTw,367,145,104,238,https://www.twitch.tv/videos/2752689194
e6d7ea2833a1477aab8dfa3d4f4936fb,145,4456,0,0,0,,0,0,0,,0,0,0,,1442,235,157,373,https://www.twitch.tv/videos/2750991758
240c765d12ae40ab85e53fb39eb22b03,143,2601,0,0,0,,0,0,0,,0,0,0,,4421,42,24,550,https://www.twitch.tv/videos/2757344343
2d3deb7610dd4329ba77597dfdd13043,143,19624,555,17,1052,https://www.youtube.com/watch?v=uD7A0V6uHMQ,0,0,0,,555,17,1052,https://www.youtube.com/watch?v=uD7A0V6uHMQ,1891,198,81,607,https://www.twitch.tv/videos/2741242805
7ccac8385e2d41f69aab04b7f2b23cac,143,5212,0,0,0,,0,0,0,,0,0,0,,1361,0,0,0,
a84b1b6deabc462b9cf994fd02304b5b,143,864,0,0,0,,0,0,0,,0,0,0,,1691,30,16,30,https://www.twitch.tv/videos/2749594630
8b1758159f754a3a8d7f26dcf12c008f,143,7027,0,0,0,,0,0,0,,0,0,0,,0,0,0,0,
4ec87ced65c74722927e8fd3f219a653,143,3192,0,0,0,,0,0,0,,0,0,0,,222,0,0,0,
f55b426f2ceb419d964d1d1bcd3860e9,142,7040,0,0,0,,0,0,0,,0,0,0,,0,0,0,0,
c8672ebbfe37442788c48d9a8399fc7b,142,24945,0,0,0,,0,0,0,,0,0,0,,877,225,168,1049,https://www.twitch.tv/videos/2759119057
2f2a88438aee4a5e842f186bcdc05128,142,12122,323,228,524,https://www.youtube.com/watch?v=940dlf4Q-lM,0,0,0,,323,228,524,https://www.youtube.com/watch?v=940dlf4Q-lM,71,0,0,0,
eac3578c689d48b493103c11e2b16c5e,141,15901,0,0,0,,0,0,0,,0,0,0,,909,226,195,226,https://www.twitch.tv/videos/2757454256
3040b4d9d4374815a4e0af0c887a42fc,140,16808,0,0,0,,0,0,0,,0,0,0,,1254,1583,899,1583,https://www.twitch.tv/videos/2750162335
1ea0189fc3ce47fb9461b6cab10d78fe,140,2882,0,0,0,,0,0,0,,0,0,0,,146,0,0,0,
061fa27713ec453ebf41c21eb58b7719,138,2110,0,0,0,,0,0,0,,0,0,0,,0,0,0,0,
135224fe261040639a802804b52f22db,137,0,0,0,0,,0,0,0,,0,0,0,,632,0,0,0,
a1a4762aa1eb4d95be1c0c7a528a8336,136,9883,1,0,7,https://www.youtube.com/watch?v=1Bj4QlIzjaU,0,0,0,,1,0,7,https://www.youtube.com/watch?v=1Bj4QlIzjaU,1855,192,123,192,https://www.twitch.tv/videos/2752015884
e739323b76994f8abcca757db52a440d,134,8017,46,39,46,https://www.youtube.com/watch?v=g5LrOHRkl4w,46,39,46,https://www.youtube.com/watch?v=g5LrOHRkl4w,0,0,0,,0,0,0,0,
5fdd1d15cf404c918b0f697baff04218,134,29618,1372,275,3293,https://www.youtube.com/watch?v=ggQ0bOFIsKw,0,0,0,,1372,275,3293,https://www.youtube.com/watch?v=ggQ0bOFIsKw,2558,561,448,1125,https://www.twitch.tv/videos/2751075059
fd638ba6820241d1b3367afab0c6ab3e,133,9902,0,0,0,,0,0,0,,0,0,0,,0,0,0,0,
fe1bd62313574733ab86c1a56b7143ab,133,0,0,0,0,,0,0,0,,0,0,0,,1555,0,0,0,
afb9c6f2f93040d0a0227405b9d17bde,132,221405,566,234,1804,https://www.youtube.com/watch?v=sAUP5mH9xTE,0,0,0,,566,234,1804,https://www.youtube.com/watch?v=sAUP5mH9xTE,426,91,77,182,https://www.twitch.tv/videos/2749287867
f42472ba115a480ab309612af9ae29cf,131,4637,27,4,41,https://www.youtube.com/watch?v=Bw453vJAxws,27,4,41,https://www.youtube.com/watch?v=Bw453vJAxws,0,0,0,,0,0,0,0,
c9e933e250e747f88f8cbf4857ec7f3b,131,131,0,0,0,,0,0,0,,0,0,0,,2968,699,527,1824,https://www.twitch.tv/videos/2751664008
b18dea7632bc49db974a22d6eb6660fb,130,3654,10,7,12,https://www.youtube.com/watch?v=CiOYzLYNvIs,0,0,0,,10,7,12,https://www.youtube.com/watch?v=CiOYzLYNvIs,404,40,26,44,https://www.twitch.tv/videos/2752696491
74d00f89697a43e6801463c71fb37172,130,19963,125,55,1556,https://www.youtube.com/watch?v=VWH6NEsQpe4,84,19,96,https://www.youtube.com/watch?v=TQyu34u_rWE,419,103,1556,https://www.youtube.com/watch?v=VWH6NEsQpe4,33,0,0,0,
c85822960da341bb8f5323219b233bd1,129,8972,0,0,0,,0,0,0,,0,0,0,,0,0,0,0,
2928a7d5624e4af8b1331eabae6bda17,129,2670,2,0,3,https://www.youtube.com/watch?v=k2wFfHf7VNY,0,0,0,,2,0,3,https://www.youtube.com/watch?v=k2wFfHf7VNY,731,15,11,43,https://www.twitch.tv/videos/2749477145
453db6575b094b388ba2ae38e7ff2c51,128,15444,0,0,0,,0,0,0,,0,0,0,,674,97,72,127,https://www.twitch.tv/videos/2756856649
3b7dac5e2bdb4c08a139e18ef7f6f7e5,126,7194,0,0,0,,0,0,0,,0,0,0,,644,20,15,40,https://www.twitch.tv/videos/2752523529
f09a7c3155a047c98f155434b2634ecf,126,3902,0,0,0,,0,0,0,,0,0,0,,392,0,0,0,
a1d3d37caa68474288b903f309db32a1,124,8947,4,2,5,https://www.youtube.com/watch?v=8L2zkxD3vvg,4,2,5,https://www.youtube.com/watch?v=8L2zkxD3vvg,0,0,0,,0,0,0,0,
09b00ccde152498b808efe7317bd52f0,122,1431,0,0,0,,0,0,0,,0,0,0,,2860,0,0,0,
350b440f9436415c8499526d4c6f3dfd,122,3977,0,0,0,,0,0,0,,0,0,0,,1729,212,113,335,https://www.twitch.tv/videos/2759082106
9b6ebeb957fe4fed84a5472b6b3bd13c,122,16988,5,4,5,https://www.youtube.com/watch?v=AgBZzlSPFxA,0,0,0,,5,4,5,https://www.youtube.com/watch?v=AgBZzlSPFxA,1191,287,249,539,https://www.twitch.tv/videos/2758023076
577251897dc7463393b68c5b6f96559b,121,6662,5,2,7,https://www.youtube.com/watch?v=n1bkbR9Cun0,0,0,0,,5,2,7,https://www.youtube.com/watch?v=n1bkbR9Cun0,679,152,121,424,https://www.twitch.tv/videos/2749395941
fef1577c0352446c8e371b9fd9e7cc73,120,8627,0,0,2,https://www.youtube.com/watch?v=UdXQNqE7fP8,0,0,0,,0,0,2,https://www.youtube.com/watch?v=UdXQNqE7fP8,121,9,7,19,https://www.twitch.tv/videos/2750247818
8b5d6e9353ba46789fa6a2cfd94f69b2,119,4234,2,1,11,https://www.youtube.com/watch?v=qjtlEf2xCkI,0,0,0,,2,1,11,https://www.youtube.com/watch?v=qjtlEf2xCkI,130,12,8,18,https://www.twitch.tv/videos/2754805886
8064b5c85fc64d10ae3e9d3a4c0dfd8f,119,1172,0,0,0,,0,0,0,,0,0,0,,2754,0,0,0,
6c66740fc44a4a489e7a67ac93dd274e,118,1433,0,0,0,,0,0,0,,0,0,0,,414,0,0,0,
9a7b047b85ae4227af74a0e200c3abc9,118,16440,605,483,1229,https://www.youtube.com/watch?v=qPIP53B0pG4,0,0,0,,605,483,1229,https://www.youtube.com/watch?v=qPIP53B0pG4,758,45,32,74,https://www.twitch.tv/videos/2757996904
16e0b967de004b45b5c10302382ad43e,118,1896,0,0,0,,0,0,0,,0,0,0,,531,38,32,62,https://www.twitch.tv/videos/2755711487
5a60a41d2a604bc68368158cd0b1cc12,118,9548,1,0,2,https://www.youtube.com/watch?v=hJohYzgCKW8,0,0,0,,1,0,2,https://www.youtube.com/watch?v=hJohYzgCKW8,636,74,46,116,https://www.twitch.tv/videos/2751897463
e93b2dd2339a422f8ab3d21c9d95161c,116,2471,0,0,0,,0,0,0,,0,0,0,,503,32,25,83,https://www.twitch.tv/videos/2759655902
a2847bd09f954df794fb9289d6a96dae,115,4081,176,73,327,https://www.youtube.com/watch?v=EOg0fxV27YA,0,0,0,,176,73,327,https://www.youtube.com/watch?v=EOg0fxV27YA,637,90,55,167,https://www.twitch.tv/videos/2759699883
063fe3c0ae714b4ea4edaf79bda5dda0,115,494,0,0,0,,0,0,0,,0,0,0,,2095,284,213,457,https://www.twitch.tv/videos/2750188516
822b9b7a9eca49df9bfd617a19b274b0,114,2746,31,8,57,https://www.youtube.com/watch?v=aVqLiQVn4BI,31,8,57,https://www.youtube.com/watch?v=aVqLiQVn4BI,0,0,0,,0,0,0,0,
b9a09f50375248aebc3d6afdb7f5adf6,114,2013,0,0,0,,0,0,0,,0,0,0,,832,0,0,0,
1daf23905a3d4aa9a59273e563e33382,113,6582,0,0,0,,0,0,0,,0,0,0,,1824,0,0,0,
12286b61ae55499b8c60101a4625b089,113,6633,0,0,0,,0,0,0,,0,0,0,,314,0,0,0,
4ead521cd6a04a5aa1b2739f252ac9d1,112,1747,0,0,0,,0,0,0,,0,0,0,,259,60,33,135,https://www.twitch.tv/videos/2751856395
1406aeb0ef48430bab0b939a29609394,110,3804,552,474,1373,https://www.youtube.com/watch?v=OxgY_g5_U2U,0,0,0,,552,474,1373,https://www.youtube.com/watch?v=OxgY_g5_U2U,0,0,0,0,
821713a01e5a4f1787926fb48dbf7302,109,7611,30,19,76,https://www.youtube.com/watch?v=yt9XFCxsm5E,30,19,76,https://www.youtube.com/watch?v=yt9XFCxsm5E,0,0,0,,0,0,0,0,
6358ea21f673491fab72d62494b2225f,109,3832,952,445,952,https://www.youtube.com/watch?v=lnW52cKubzY,0,0,0,,952,445,952,https://www.youtube.com/watch?v=lnW52cKubzY,524,275,194,635,https://www.twitch.tv/videos/2756543980
dd9bf471b0304627877f38daaec5407b,109,600,0,0,0,,0,0,0,,0,0,0,,939,68,50,69,https://www.twitch.tv/videos/2757383021
77364942d7f24440bbde8efa71c724df,108,6818,0,0,0,,0,0,0,,0,0,0,,634,27,19,81,https://www.twitch.tv/videos/2750290362
965ff8a77ab845aaac693d9c7a56f82d,108,7496,0,0,0,,0,0,0,,0,0,0,,674,113,83,193,https://www.twitch.tv/videos/2750955557
8868dd9b4d75481397fd841b8ef6c55d,107,2287,0,0,0,,0,0,0,,0,0,0,,13,0,0,0,
a127ff7335ae467d961641bcf84f1e2f,107,9332,0,0,0,,0,0,0,,0,0,0,,2154,209,149,240,https://www.twitch.tv/videos/2755795405
f10dc84fab2a41d385c2553b0f1d788b,106,4292,0,0,0,,0,0,0,,0,0,0,,619,74,55,121,https://www.twitch.tv/videos/2749427842
1af37b5945cf40019107583a3c6537ea,105,635,0,0,0,,0,0,0,,0,0,0,,2664,431,319,599,https://www.twitch.tv/videos/2755833909
a2e9afb364e84d48acbdc77441ad17a7,104,7869,1165,286,1569,https://www.youtube.com/watch?v=iGkS46pveVc,0,0,0,,1165,286,1569,https://www.youtube.com/watch?v=iGkS46pveVc,544,36,29,37,https://www.twitch.tv/videos/2754333851
08d8f03223a54fb3807d49fb7c30b434,104,4156,61,31,1533,https://www.youtube.com/watch?v=5Ke-hWQEcTo,61,30,237,https://www.youtube.com/watch?v=iHt5SrFv2Ss,465,291,1533,https://www.youtube.com/watch?v=5Ke-hWQEcTo,23,144,125,144,https://www.twitch.tv/videos/2757493801
fede6fee793048f1a576cab38a6bd414,103,6252,0,0,0,,0,0,0,,0,0,0,,2289,62,37,98,https://www.twitch.tv/videos/2749413469
0a9f3befc55d447fbc9fa1e54ba0dd8e,103,0,0,0,0,,0,0,0,,0,0,0,,136,0,0,0,
2d25a18a83af462a8d4062e162017a1a,102,5102,7,3,7,https://www.youtube.com/watch?v=s75SuCI_V0o,0,0,0,,7,3,7,https://www.youtube.com/watch?v=s75SuCI_V0o,495,0,0,0,
ca65749ceff346fd971c24b0461f18d9,102,8277,0,0,0,,0,0,0,,0,0,0,,618,0,0,0,
53b98a4bbf49419fb4516525846d4d35,100,483,0,0,0,,0,0,0,,0,0,0,,1818,0,0,0,
06d173cf0b3f4369bcfb4b4270bd59e3,100,293,0,0,0,,0,0,0,,0,0,0,,220,110,75,378,https://www.twitch.tv/videos/2749286426
25ebd185190b42d993d961d7c795b444,100,2681,0,0,0,,0,0,0,,0,0,0,,2356,0,0,0,
f35a552c958c4e798cac3bff3f5fff2b,99,676,0,0,0,,0,0,0,,0,0,0,,677,0,0,0,
7f7b426bf3fb463388a1dd8ddb02a0be,99,1967,0,0,0,,0,0,0,,0,0,0,,92,0,0,0,
ba27c499a50f4cac87e6e5b94da18292,98,1981,0,0,0,,0,0,0,,0,0,0,,1314,454,346,899,https://www.twitch.tv/videos/2757583365
67784d7c61af482780ab0558083fcd1e,96,3037,0,0,0,,0,0,0,,0,0,0,,360,11,7,15,https://www.twitch.tv/videos/2750183699
ef36201df30f43ba9efbd573f9a6d9b7,94,13643,0,0,0,,0,0,0,,0,0,0,,414,169,127,310,https://www.twitch.tv/videos/2751067180
6b21f41580a64cc7ab15d219a612723b,94,0,0,0,0,,0,0,0,,0,0,0,,4512,0,0,0,
7d5666a446d14da29b95ba8ecf3fc4b6,94,11762,0,0,0,,0,0,0,,0,0,0,,0,0,0,0,
33ce96c886d341879ce66c4f7892c421,93,57628,171,79,1344,https://www.youtube.com/watch?v=dIRTqt2SJEU,0,0,0,,171,79,1344,https://www.youtube.com/watch?v=dIRTqt2SJEU,672,174,139,354,https://www.twitch.tv/videos/2751711446
2bb0e68d998d4b2bbfc79557a233fb33,93,10225,24,11,209,https://www.youtube.com/watch?v=PNUw5Xihh-c,24,11,209,https://www.youtube.com/watch?v=PNUw5Xihh-c,0,0,0,,105,13,10,28,https://www.twitch.tv/videos/2756664168
ede21f904daf4a9b978efe15b0d9a31f,93,10053,0,0,0,,0,0,0,,0,0,0,,1932,258,173,258,https://www.twitch.tv/videos/2752769196
e4348f08ee98429eb6143ecbac088f1a,91,2653,28,21,239,https://www.youtube.com/watch?v=ZSi4xMWeQmI,17,15,97,https://www.youtube.com/watch?v=xk_yPiUlO-M,57,38,239,https://www.youtube.com/watch?v=ZSi4xMWeQmI,0,0,0,0,
34e73d1959694451b938ff53d98f9cec,86,717,30,14,30,https://www.youtube.com/watch?v=VYz6b_hFbdc,0,0,0,,30,14,30,https://www.youtube.com/watch?v=VYz6b_hFbdc,369,87,69,87,https://www.twitch.tv/videos/2755758185
32ae564b306c42cab2e1a4a8a9d6adfe,85,1054,0,0,0,,0,0,0,,0,0,0,,1282,0,0,0,
cf100db6a3dc4010b32802b75f5abc14,85,1141,11,4,162,https://www.youtube.com/watch?v=KHpbRFK8oL4,21,12,76,https://www.youtube.com/watch?v=Jr7RgMHq9ho,4,2,162,https://www.youtube.com/watch?v=KHpbRFK8oL4,0,0,0,0,
9523dedfc79a4f99b18461ff40586307,84,23290,1272,1185,1272,https://www.youtube.com/watch?v=-Z_leumd_js,0,0,0,,1272,1185,1272,https://www.youtube.com/watch?v=-Z_leumd_js,0,0,0,0,
904e3c91b4e1427f9b2d69f69aa3b13c,84,13851,36,21,39,https://www.youtube.com/watch?v=0qmt0ReMEyM,36,21,39,https://www.youtube.com/watch?v=0qmt0ReMEyM,0,0,0,,0,0,0,0,
9f9bfcbf980b43bcb00c03261439d18d,83,1370,53,49,53,https://www.youtube.com/watch?v=o72TjJ0n74A,53,49,53,https://www.youtube.com/watch?v=o72TjJ0n74A,0,0,0,,43,18,16,18,https://www.twitch.tv/videos/2759042744
c6d0078f1d5e4fd08a459c7eecd85464,81,19754,154,63,785,https://www.youtube.com/watch?v=lKFK7tsj9hI,38,19,91,https://www.youtube.com/watch?v=_szex1aJz5k,378,97,785,https://www.youtube.com/watch?v=lKFK7tsj9hI,0,0,0,0,
4c3e3e5338ae44feae581bbdffa8b811,79,11133,0,0,0,,0,0,0,,0,0,0,,217,0,0,0,
6bf231719d5e485fa0cdee99905858d4,79,1642,0,0,0,,0,0,0,,0,0,0,,710,195,123,435,https://www.twitch.tv/videos/2756555920
12ece01ae7004e9195e79309f0cdae40,78,286,0,0,0,,0,0,0,,0,0,0,,2553,0,0,0,
a7c42dc3d080425b9e979100a59d955c,77,4368,0,0,0,,0,0,0,,0,0,0,,309,0,0,0,
39ff9dd2c91841b6b8c719d71b7bdb11,77,6970,0,0,0,,0,0,0,,0,0,0,,292,159,127,390,https://www.twitch.tv/videos/2754230247
105bfceb9747425eb58622b6ebccf920,75,1032,0,0,0,,0,0,0,,0,0,0,,369,0,0,0,
188108fa6e2e41afb060e4038e49d4ab,75,2554,0,0,0,,0,0,0,,0,0,0,,711,0,0,0,
3fd5cac9e94144ad9a298e46c5472792,75,1553,65,34,65,https://www.youtube.com/watch?v=oi2bDdv3uMo,0,0,0,,65,34,65,https://www.youtube.com/watch?v=oi2bDdv3uMo,0,0,0,0,
28e6f7c12a3b45899e7508058f926af9,73,12487,117,108,117,https://www.youtube.com/watch?v=DiKHAAVuFb0,0,0,0,,117,108,117,https://www.youtube.com/watch?v=DiKHAAVuFb0,1619,97,35,125,https://www.twitch.tv/videos/2736364700
1ef73c1e25b04bce98a9a5e475826d57,73,0,0,0,0,,0,0,0,,0,0,0,,0,0,0,0,
eff26caff6bd4720957cefaf8f6fc87a,73,5721,1,0,2,https://www.youtube.com/watch?v=zAq3Z3OuqDo,0,0,0,,1,0,2,https://www.youtube.com/watch?v=zAq3Z3OuqDo,1257,251,179,427,https://www.twitch.tv/videos/2759208454
ee77ed51da394f02b72c33756b155eac,72,4745,8,3,28,https://www.youtube.com/watch?v=3bwa4sOgwB8,0,0,0,,8,3,28,https://www.youtube.com/watch?v=3bwa4sOgwB8,756,65,36,71,https://www.twitch.tv/videos/2755818639
ce1d3cace1cf4ec799c8846c8c2a6d48,71,236,0,0,0,,0,0,0,,0,0,0,,2298,523,284,1682,https://www.twitch.tv/videos/2740518654
a5be52423e2f46b8bbad4a56c7f1d5e5,70,1421,3,0,4,https://www.youtube.com/watch?v=x25DZH_aU60,0,0,0,,3,0,4,https://www.youtube.com/watch?v=x25DZH_aU60,1302,233,176,441,https://www.twitch.tv/videos/2758292394
70ab761191014a39b7d090541f785cd2,67,3108,154,136,1298,https://www.youtube.com/watch?v=JfWgqbgp4Wo,0,0,0,,154,136,1298,https://www.youtube.com/watch?v=JfWgqbgp4Wo,93,28,26,28,https://www.twitch.tv/videos/2759072684
2c2db11a23aa43298ab96e60a20692d7,67,1600,0,0,0,,0,0,0,,0,0,0,,1482,0,0,0,
22f16847ee064b1bafd9bbe15bd31284,67,3011,732,484,1541,https://www.youtube.com/watch?v=xl6g7qHJtUY,0,0,0,,732,484,1541,https://www.youtube.com/watch?v=xl6g7qHJtUY,685,67,48,273,https://www.twitch.tv/videos/2752551991
1645f4035c9b42019c61d630fc75d5e0,66,853,0,0,0,,0,0,0,,0,0,0,,92,0,0,0,
4eb87102a0f44516a6ed011faeeff00d,66,0,0,0,0,,0,0,0,,0,0,0,,1520,0,0,0,
43d785b8082f43138988dacd0236bb67,66,0,0,0,0,,0,0,0,,0,0,0,,437,0,0,0,
51fc95cfca444f03abe9a50acf8f85e6,65,3536,0,0,0,,0,0,0,,0,0,0,,1330,204,133,2773,https://www.twitch.tv/videos/2757105401
94bda3c948ac4e74ad5c3592c1d284ac,65,782,1,0,3,https://www.youtube.com/watch?v=UNxgnLb-z-I,0,0,0,,1,0,3,https://www.youtube.com/watch?v=UNxgnLb-z-I,130,0,0,0,
4d8e2a0b44bc475da5d9688b668c782d,65,196,0,0,0,,0,0,0,,0,0,0,,279,0,0,0,
b2d32948347e4c6c9afa8f813e626aae,65,5728,16,3,1949,https://www.youtube.com/watch?v=1kjYiREnpS8,13,2,16,https://www.youtube.com/watch?v=hqDsXDapVss,1949,1444,1949,https://www.youtube.com/watch?v=1kjYiREnpS8,0,0,0,0,
061fb9c63b7e45bb85ea7e6bd4fe3745,65,4274,31,22,31,https://www.youtube.com/watch?v=MPvkRKgA0yA,0,0,0,,31,22,31,https://www.youtube.com/watch?v=MPvkRKgA0yA,218,53,32,53,https://www.twitch.tv/videos/2751584865
ff170a57c74545c7977b64a6d82981af,64,9135,23,12,419,https://www.youtube.com/watch?v=C03NL1-Nd1M,19,9,43,https://www.youtube.com/watch?v=eSsYu3A9jsI,121,36,419,https://www.youtube.com/watch?v=C03NL1-Nd1M,0,0,0,0,
c7f53f2fbdbe4db488629ab4d738a16a,64,4343,0,0,0,,0,0,0,,0,0,0,,701,105,83,379,https://www.twitch.tv/videos/2757301095
f9d27b07ff84433b8397b0587f339e27,63,9357,0,0,0,,0,0,0,,0,0,0,,192,25,14,56,https://www.twitch.tv/videos/2746255411
d6a769b7bf6b49f08adf3e1136d86c7e,63,16531,0,0,0,,0,0,0,,0,0,0,,900,0,0,0,
889b220891694985b7373aa2732a0263,61,423,0,0,0,,0,0,0,,0,0,0,,539,101,63,168,https://www.twitch.tv/videos/2751142104
e2448cc1f0df41b08247cb7a51119a67,61,677,128,63,128,https://www.youtube.com/watch?v=Zt40ikC7Y68,0,0,0,,128,63,128,https://www.youtube.com/watch?v=Zt40ikC7Y68,698,0,0,0,
a9ada11d61114319885597db6a0725fb,61,316,0,0,0,,0,0,0,,0,0,0,,648,40,27,40,https://www.twitch.tv/videos/2753353810
5718a7998f6249eeba0bf087da51c1c0,60,18537,1556,1202,1556,https://www.youtube.com/watch?v=ZvKESWfLg9w,0,0,0,,1556,1202,1556,https://www.youtube.com/watch?v=ZvKESWfLg9w,589,139,102,482,https://www.twitch.tv/videos/2752471331
dda9d5733f5f49f4aa77f147640040c3,59,438,0,0,0,,0,0,0,,0,0,0,,948,0,0,0,
a73103b226f34098bb5d4cd00b86d2f6,59,2144,0,0,0,,0,0,0,,0,0,0,,251,0,0,0,
8723ccecdfd84d92b1de24f9d6a86bcc,59,4156,1296,1112,1296,https://www.youtube.com/watch?v=81u8rZMiT3w,0,0,0,,1296,1112,1296,https://www.youtube.com/watch?v=81u8rZMiT3w,3429,667,391,1173,https://www.twitch.tv/videos/2754924643
359bb9450c49401da7b002980d4f97df,57,217,0,0,0,,0,0,0,,0,0,0,,986,0,0,0,
e4488c7dece84f7580bc0ab130222e08,56,7219,0,0,0,,0,0,0,,0,0,0,,913,59,45,59,https://www.twitch.tv/videos/2755290448
ef13ede8525d49339887c3bf54b08acc,56,1204,65,26,65,https://www.youtube.com/watch?v=hPQX2f9HWac,65,26,65,https://www.youtube.com/watch?v=hPQX2f9HWac,0,0,0,,46,0,0,0,
5d27ac4b9342450990a299e95818bbb0,55,2079,0,0,0,,0,0,0,,0,0,0,,0,0,0,0,
6bb236447ed9412a98c9b2d7c9069e10,55,13150,0,0,0,,0,0,0,,0,0,0,,1982,150,140,427,https://www.twitch.tv/videos/2752503113
130a4d6105464e518a8a3eed336b4101,54,674,0,0,0,,0,0,0,,0,0,0,,1000,0,0,0,
e3b9c06f64d84a0dabb3e97c0caacaca,53,14946,32,0,945,https://www.youtube.com/watch?v=B0flPuy7lR0,0,0,0,,32,0,945,https://www.youtube.com/watch?v=B0flPuy7lR0,0,0,0,0,
f8e4654549304ea9933e02c2dcf48aae,53,0,0,0,0,,0,0,0,,0,0,0,,575,0,0,0,
b3e0bc9dd06f4774b492e6d50dd92be2,52,83,0,0,0,,0,0,0,,0,0,0,,252,34,19,34,https://www.twitch.tv/videos/2750206535
c06b6f1eb79d41ecb17aaaf80e035daa,52,0,0,0,0,,0,0,0,,0,0,0,,2056,473,397,966,https://www.twitch.tv/videos/2753506192
2a25c205cc374cbeb8c8ccfe988ec9cc,51,793,0,0,0,,0,0,0,,0,0,0,,1468,154,109,332,https://www.twitch.tv/videos/2755729373
591a7323f0134cf2929e75d959f21f68,51,93,4,0,4,https://www.youtube.com/watch?v=E9XmUEJlaxM,4,0,4,https://www.youtube.com/watch?v=E9XmUEJlaxM,0,0,0,,1249,326,280,514,https://www.twitch.tv/videos/2757437463
74acc3b3c4db41d2a13cce887ad2a856,50,3227,0,0,0,,0,0,0,,0,0,0,,1482,0,0,0,
f5f22d1a091143798bfc7fac1211183c,49,663,286,12,507,https://www.youtube.com/watch?v=YqQnRvY9lBA,0,0,0,,286,12,507,https://www.youtube.com/watch?v=YqQnRvY9lBA,124,34,21,34,https://www.twitch.tv/videos/2752065055
f86ec6a459f64e7d8431c69b1d7ec28b,49,694,31,13,134,https://www.youtube.com/watch?v=XnW5Fdw4Rlo,31,13,134,https://www.youtube.com/watch?v=XnW5Fdw4Rlo,0,0,0,,37,27,26,35,https://www.twitch.tv/videos/2757530138
889b2fb6c9ea47a99834061b47251a4b,49,1876,4,1,223,https://www.youtube.com/watch?v=DwoiUuixWzA,0,0,0,,4,1,223,https://www.youtube.com/watch?v=DwoiUuixWzA,370,60,51,72,https://www.twitch.tv/videos/2759042150
0ddb6eca94604d4da0665e90fbbe366f,48,1187,0,0,0,,0,0,0,,0,0,0,,154,19,13,25,https://www.twitch.tv/videos/2755086616
255a5e79f9d14e6492d741b95f78cb7c,48,1069,25,11,26,https://www.youtube.com/watch?v=8xH4OhE0wy4,25,11,26,https://www.youtube.com/watch?v=8xH4OhE0wy4,0,0,0,,2261,86,50,99,https://www.twitch.tv/videos/2749072266
80692e12416048be8396526bdb9c3040,48,1712,0,0,0,,0,0,0,,0,0,0,,526,0,0,0,
3691abedd6a7487d9995943b3df5c843,47,0,0,0,0,,0,0,0,,0,0,0,,251,0,0,0,
3098e045fa844093a3731b19665e9462,47,425,0,0,0,,0,0,0,,0,0,0,,752,0,0,0,
d9f302ca07b54664a88124d64442abac,47,7983,8,3,8,https://www.youtube.com/watch?v=Q-qLOFn8X6Y,0,0,0,,8,3,8,https://www.youtube.com/watch?v=Q-qLOFn8X6Y,131,15,8,18,https://www.twitch.tv/videos/2751899981
cb470bbb5a8f468a8a15b08757309d74,46,2285,0,0,0,,0,0,0,,0,0,0,,497,190,158,292,https://www.twitch.tv/videos/2758120429
df02d1a89bc74c928c825773996bbb7b,46,2020,0,0,0,,0,0,0,,0,0,0,,1427,283,194,378,https://www.twitch.tv/videos/2751127530
68c50e424b2148478c74effaacfdeae3,46,594,0,0,0,,0,0,0,,0,0,0,,251,94,67,297,https://www.twitch.tv/videos/2755753727
359d60ab5abb445a8477a50781acc050,46,2289,1935,426,1935,https://www.youtube.com/watch?v=vOteZsskVI4,0,0,0,,1935,426,1935,https://www.youtube.com/watch?v=vOteZsskVI4,0,0,0,0,
676db89cb8a9483486442231b615b46f,45,8208,0,0,0,,0,0,0,,0,0,0,,128,14,13,14,https://www.twitch.tv/videos/2759963433
a0e7c7e7702b4e81a5fecc4090814236,45,16950,14,8,155,https://www.youtube.com/watch?v=snlxv4FufsE,0,0,0,,14,8,155,https://www.youtube.com/watch?v=snlxv4FufsE,147,129,105,189,https://www.twitch.tv/videos/2758360009
40fca873cd074b01baa8f9b006f50d00,44,12502,0,0,0,,0,0,0,,0,0,0,,0,0,0,0,
4e5a8a6380764f9b9f28732968e4aac8,43,316,0,0,0,,0,0,0,,0,0,0,,515,44,35,154,https://www.twitch.tv/videos/2751636928
9e121751e3774a15bdf9ccfab7eb7faf,43,473,0,0,0,,0,0,0,,0,0,0,,1060,127,113,298,https://www.twitch.tv/videos/2757400342
07b6c0dad3114eca9e903fd5725cc4e8,43,269,0,0,0,,0,0,0,,0,0,0,,172,48,28,51,https://www.twitch.tv/videos/2750155075
c8be9c7ed05442dcb2b278dc5a6bc1de,40,10814,0,0,0,,0,0,0,,0,0,0,,185,49,34,75,https://www.twitch.tv/videos/2759062518
2e2a6c392c024bb2a68b681bc210c187,39,5761,3,0,249,https://www.youtube.com/watch?v=YWFGhn0iVyk,0,0,0,,3,0,249,https://www.youtube.com/watch?v=YWFGhn0iVyk,282,69,41,69,https://www.twitch.tv/videos/2751036002
54f2f567fdac423c80dad4b29a4372db,39,5634,0,0,0,,0,0,0,,0,0,0,,97,43,31,78,https://www.twitch.tv/videos/2757296823
e04b970f339243258cb0dc0c5735274a,38,1043,0,0,0,,0,0,0,,0,0,0,,0,0,0,0,
9ff652451cbd4ad098bf20dd9748ce12,37,4,0,0,0,,0,0,0,,0,0,0,,2157,25,21,60,https://www.twitch.tv/videos/2756169979
b9d51a073b4542ac800bd7c9e38d0902,37,1243,0,0,0,,0,0,0,,0,0,0,,229,0,0,0,
73273454c7b4453a834a74701826e0b8,37,576,0,0,0,,0,0,0,,0,0,0,,851,0,0,0,
7360e8cae69b4d4fbe91510c776b1c5e,37,3138,0,0,1,https://www.youtube.com/watch?v=-tCfCmx9Yqg,0,0,0,,0,0,1,https://www.youtube.com/watch?v=-tCfCmx9Yqg,226,47,32,94,https://www.twitch.tv/videos/2752664177
d95abd62958c4081a999660b995d72ce,37,0,0,0,0,,0,0,0,,0,0,0,,0,0,0,0,
78b333b99eb242ad96a8ee82275a0e98,37,6024,136,90,1641,https://www.youtube.com/watch?v=9QJMJlnZ6Kk,7,2,7,https://www.youtube.com/watch?v=9wD9C6JRcIs,212,158,1641,https://www.youtube.com/watch?v=9QJMJlnZ6Kk,0,0,0,0,
6bcb75418dd24274b2fe4b8e60a94999,37,3922,0,0,0,,0,0,0,,0,0,0,,385,0,0,0,
0b53549edaf5490ca350ef17aee7b8b9,36,197,0,0,0,,0,0,0,,0,0,0,,535,27,17,35,https://www.twitch.tv/videos/2752706990
0eba942738504c8182c861668195c39e,36,0,0,0,0,,0,0,0,,0,0,0,,477,0,0,0,
c68bc0ba32f14d9b8669b0594435b68b,36,349,0,0,0,,0,0,0,,0,0,0,,203,24,18,27,https://www.twitch.tv/videos/2756762182
285655d636d54fb6b3d23c92401545cf,36,4866,0,0,0,,0,0,0,,0,0,0,,0,0,0,0,
6d6b6d6e7b4b464bb093c9d34cee9754,33,595,0,0,0,,0,0,0,,0,0,0,,346,0,0,0,
0cb217f7775543eb9c5aac3b9df75a86,32,18233,0,0,0,,0,0,0,,0,0,0,,735,73,60,103,https://www.twitch.tv/videos/2751014683
9f976a39c1fa4e6dae3ed11b771ef918,30,744,9,3,46,https://www.youtube.com/watch?v=92LzO7iyLrM,9,3,46,https://www.youtube.com/watch?v=92LzO7iyLrM,3,0,10,https://www.youtube.com/watch?v=ANxWeFgoIPs,55,29,21,100,https://www.twitch.tv/videos/2755777595
b8495fc4bb174140acf0ebd7d64fe044,29,2751,0,0,0,,0,0,0,,0,0,0,,2876,294,184,294,https://www.twitch.tv/videos/2751758773
e3ee9544e190459d9bc2bdf3c1ccde7b,29,3886,2,1,15,https://www.youtube.com/watch?v=2kMjvrACm7M,0,0,0,,2,1,15,https://www.youtube.com/watch?v=2kMjvrACm7M,780,101,70,144,https://www.twitch.tv/videos/2749400671
6c52137d373a45d58eafc0d52253dcf8,28,0,0,0,0,,0,0,0,,0,0,0,,1121,396,293,528,https://www.twitch.tv/videos/2751016819
1ee3effc49074de1ba98b10a13df2d10,27,680,0,0,0,,0,0,0,,0,0,0,,266,0,0,0,
0b165d46f9164557b16678383820ee04,27,0,0,0,0,,0,0,0,,0,0,0,,707,0,0,0,
50c9dbd2624f41408f2b6a9ccf61e447,26,501,0,0,0,,0,0,0,,0,0,0,,289,0,0,0,
59216a033f2b47128d190a5ed1add217,25,11,0,0,0,,0,0,0,,0,0,0,,257,8,5,8,https://www.twitch.tv/videos/2752008004
d4cd6eee95774ca389aebf3e783a8cd8,25,258,0,0,0,,0,0,0,,0,0,0,,480,50,39,109,https://www.twitch.tv/videos/2754154665
bf2a683536dd447c83b75340e3db3b0a,23,1874,0,0,0,,0,0,0,,0,0,0,,149,0,0,0,
5a59b23a201f4b2d8729b0f4b33c9e6b,22,1907,0,0,0,,0,0,0,,0,0,0,,126,27,19,35,https://www.twitch.tv/videos/2755805186
5454ccf6c8ee496296e7084081863575,22,356,8,4,17,https://www.youtube.com/watch?v=LYSNdz6guiw,8,2,8,https://www.youtube.com/watch?v=hU9vcQ3VbUk,12,4,17,https://www.youtube.com/watch?v=LYSNdz6guiw,4,0,0,0,
173423093026403dbd1443e56c47b3db,21,839,6,2,53,https://www.youtube.com/watch?v=5mvGLT1xTB0,0,0,0,,6,2,53,https://www.youtube.com/watch?v=5mvGLT1xTB0,369,27,22,56,https://www.twitch.tv/videos/2750202716
fae9210539d44a39a2a275b8d53cae37,19,3578,10,4,1488,https://www.youtube.com/watch?v=zXxY--_EcYE,51,9,60,https://www.youtube.com/watch?v=VoRdH5tAHfk,6,4,1488,https://www.youtube.com/watch?v=zXxY--_EcYE,13,45,37,68,https://www.twitch.tv/videos/2757493948
a6815e229f914db2a936ad70c285cea2,17,1279,0,0,0,,0,0,0,,0,0,0,,458,18,14,18,https://www.twitch.tv/videos/2755870170
0886366d9cb8424e90fd8b3e12dcc0af,16,1343,0,0,0,,0,0,0,,0,0,0,,1458,412,276,820,https://www.twitch.tv/videos/2751637636
1e90b55b0e0b483d971e0c1fe02c750c,14,115,0,0,0,,0,0,0,,0,0,0,,0,0,0,0,
65a64befb1d84a1a85fe6ffe0abb09b4,13,0,0,0,0,,0,0,0,,0,0,0,,8,0,0,0,
43436bf839424d238cc24ec8d90eb83c,13,1343,0,0,0,,0,0,0,,0,0,0,,13,0,0,0,
156fb169c746493bb50c813f20c4d1a8,13,122,3,2,4,https://www.youtube.com/watch?v=4K6-9lquQGo,3,2,4,https://www.youtube.com/watch?v=4K6-9lquQGo,0,0,0,,51,25,23,42,https://www.twitch.tv/videos/2759625629
ead3db33c54e411baa75a4bad3b48aee,13,80,0,0,0,,0,0,0,,0,0,0,,1612,50,33,72,https://www.twitch.tv/videos/2759094257
fd183b51115b4fefaf8ff3388d40acb3,12,30,0,0,0,,0,0,0,,0,0,0,,474,267,249,267,https://www.twitch.tv/videos/2759009077
83cdbb34376a45a086a9dac3bc5ccb9a,12,0,0,0,0,,0,0,0,,0,0,0,,17,19,15,19,https://www.twitch.tv/videos/2755913866
0a07165e6a2f45ab9b6c96debba1f079,10,0,0,0,0,,0,0,0,,0,0,0,,198,209,159,566,https://www.twitch.tv/videos/2755717234
e3b45528947e48a4b68964369bb69e00,9,1576,12,6,23,https://www.youtube.com/watch?v=oTfp_u32mZ8,23,11,23,https://www.youtube.com/watch?v=oTfp_u32mZ8,2,0,2,https://www.youtube.com/watch?v=dotHFpTM-lc,252,33,23,63,https://www.twitch.tv/videos/2758278370
b46cdde6e23343d5b5a9cfd115286e26,9,79,0,0,0,,0,0,0,,0,0,0,,116,52,42,70,https://www.twitch.tv/videos/2751056649
e2c0d3ba19244f75888e5dbe1881d22f,5,7,0,0,0,,0,0,0,,0,0,0,,1293,832,774,1045,https://www.twitch.tv/videos/2758160186
19fdf3885dcf4d45bdf768a6f3fd99b4,4,85,0,0,0,,0,0,0,,0,0,0,,585,0,0,0,
6a963053004f4deaa0dbdf875db41879,0,0,0,0,0,,0,0,0,,0,0,0,,672,28,21,46,https://www.twitch.tv/videos/2750909694
8c2f8700978045ec86bf1ade1b3e650b,0,0,0,0,0,,0,0,0,,0,0,0,,776,45,33,225,https://www.twitch.tv/videos/2756147296
3840a44ffffd48098bdfc16c4ee537bb,0,0,0,0,0,,0,0,0,,0,0,0,,2904,0,0,0,
6ec708afd89043b682eb82dacc36c3c9,0,0,0,0,0,,0,0,0,,0,0,0,,1073,0,0,0,
16896dffcb474d7aa21540c944a2f7de,0,0,0,0,0,,0,0,0,,0,0,0,,3300,1908,878,81744,https://www.twitch.tv/videos/2742131606
242326a56b0d4ca7a37c08a8fc2be138,0,0,0,0,0,,0,0,0,,0,0,0,,801,161,122,358,https://www.twitch.tv/videos/2754129953
ec045a49833c4c2fa7b7012ca7544e18,0,0,0,0,0,,0,0,0,,0,0,0,,1695,0,0,0,
9c85aee2166449c395c18b0bc06f89e2,0,0,0,0,0,,0,0,0,,0,0,0,,349,0,0,0,
480aca28939a4eb5bf558a710e21709c,0,0,0,0,0,,0,0,0,,0,0,0,,2910,125,99,410,https://www.twitch.tv/videos/2751618511
06337167c1a14d82b6a7f7cc71eac813,0,0,0,0,0,,0,0,0,,0,0,0,,846,0,0,0,
fe62d50e41af4aa29c3e2b0cfc62fb3d,0,0,0,0,0,,0,0,0,,0,0,0,,985,195,175,505,https://www.twitch.tv/videos/2750942883
3de6bc82438b451abf5ebe76a366be24,0,0,0,0,0,,0,0,0,,0,0,0,,3694,0,0,0,
c2777df3c8d341f4a1f0bb9cda8d9365,0,0,0,0,0,,0,0,0,,0,0,0,,1682,0,0,0,
e353f482c5be4887838ea9fdf802ad91,0,0,0,0,0,,0,0,0,,0,0,0,,3566,138,97,138,https://www.twitch.tv/videos/2753634801
e34f7c6a99ea4780b2351de111e222e6,0,0,0,0,0,,0,0,0,,0,0,0,,275,175,101,220,https://www.twitch.tv/videos/2751103432
091175f48e6c4ead84a2811cb3f22560,0,0,0,0,0,,0,0,0,,0,0,0,,108,0,0,0,
a0ba9fee8a7747cab74e98ed61fb4a68,0,0,0,0,0,,0,0,0,,0,0,0,,1202,185,120,216,https://www.twitch.tv/videos/2753329496
59904dcbea754d238b0710e75262d119,0,0,0,0,0,,0,0,0,,0,0,0,,624,36,32,36,https://www.twitch.tv/videos/2758323391
0495c29470d143fa99819123878186b7,0,0,0,0,0,,0,0,0,,0,0,0,,5507,0,0,0,
be1a18aa8599409ba250e5345e62fed6,0,0,0,0,0,,0,0,0,,0,0,0,,2129,210,87,435,https://www.twitch.tv/videos/2757470204
c29bc8bf78dd417980491f19333c8fa2,0,0,0,0,0,,0,0,0,,0,0,0,,12960,0,0,0,
afa3e309e41044c5bffe17466607d481,0,0,0,0,0,,0,0,0,,0,0,0,,32561,18392,8473,30070,https://www.twitch.tv/videos/2740551799
99c240d0c1a047b4a4e017d764a54c62,0,0,0,0,0,,0,0,0,,0,0,0,,444,127,91,196,https://www.twitch.tv/videos/2749217212
ba562aad440d483e988d3ce7e7217c94,0,0,0,0,0,,0,0,0,,0,0,0,,36655,9628,4435,18009,https://www.twitch.tv/videos/2752567774
b1f8da62ceca4089a4e7115624be25bc,0,0,0,0,0,,0,0,0,,0,0,0,,2008,2027,1392,4816,https://www.twitch.tv/videos/2754752675
9e64bba43928414884503de36f805c48,0,0,0,0,0,,0,0,0,,0,0,0,,34323,7814,2808,11748,https://www.twitch.tv/videos/2737063230
fa59e2edc64c432ebaeeb66b2a53ab2d,0,0,0,0,0,,0,0,0,,0,0,0,,4655,1482,645,4399,https://www.twitch.tv/videos/2748464574
f84598913e654789a80556fd38388dfb,0,0,0,0,0,,0,0,0,,0,0,0,,1520,114,76,114,https://www.twitch.tv/videos/2752649963
2af6cb0e15ce4839ba711b47608d4f4d,0,0,0,0,0,,0,0,0,,0,0,0,,4022,494,336,535,https://www.twitch.tv/videos/2750260998
8024d67e25454783a698e5ecf2c4dc67,0,0,0,0,0,,0,0,0,,0,0,0,,578,169,91,169,https://www.twitch.tv/videos/2749558731
cad8c81461ac41c887bdf3617ccdaee6,0,0,0,0,0,,0,0,0,,0,0,0,,1126,0,0,0,
daa0d327175a43dc9bb627bc6db7de56,0,0,0,0,0,,0,0,0,,0,0,0,,1335,68,52,148,https://www.twitch.tv/videos/2750568831
326e21d5b6e7446698969bbd8be1b564,0,0,0,0,0,,0,0,0,,0,0,0,,2397,123,73,123,https://www.twitch.tv/videos/2750926649
3a2199639669433faff0591468bcfa10,0,0,0,0,0,,0,0,0,,0,0,0,,1144,0,0,0,
107fac8e77f74af8ba95491ae9492642,0,0,0,0,0,,0,0,0,,0,0,0,,478,0,0,0,
7dd086a606284ba6b7b584f8b00dc190,0,0,0,0,0,,0,0,0,,0,0,0,,401,35,22,47,https://www.twitch.tv/videos/2751035267
a17fcdf32a124beba3fba16299aed2b3,0,0,0,0,0,,0,0,0,,0,0,0,,8558,738,251,1282,https://www.twitch.tv/videos/2738796753
d3f5c739727041bbb2151e96d9368bae,0,0,0,0,0,,0,0,0,,0,0,0,,416,215,143,535,https://www.twitch.tv/videos/2759684917
59152798bfa74acb8bad10346fd10d69,0,0,0,0,0,,0,0,0,,0,0,0,,1046,466,379,866,https://www.twitch.tv/videos/2751684382
d804bcd787db4333bca9dccd268ed32a,0,0,0,0,0,,0,0,0,,0,0,0,,3621,836,488,1661,https://www.twitch.tv/videos/2755719684
921d25072caf403ea797c3d5f61f84cf,0,0,0,0,0,,0,0,0,,0,0,0,,1822,0,0,0,
76489786a22c4162970f9c288157db6b,0,0,0,0,0,,0,0,0,,0,0,0,,1849,166,134,304,https://www.twitch.tv/videos/2758797950
a5773880b0f040a9abbecacf3eb0eb29,0,0,0,0,0,,0,0,0,,0,0,0,,2439,0,0,0,
89e97a0dc5844cf88fe30a25f347aac0,0,0,0,0,0,,0,0,0,,0,0,0,,219,213,166,365,https://www.twitch.tv/videos/2758257626
31a4ca5b5d554c13902eff32302e5eb9,0,0,0,0,0,,0,0,0,,0,0,0,,1955,294,228,852,https://www.twitch.tv/videos/2756375217
555fe6a78fdb4d8b9fa8a286377972e8,0,0,0,0,0,,0,0,0,,0,0,0,,1129,735,609,1532,https://www.twitch.tv/videos/2755857161
a3a1caa89669445db63f22b9a3af88b0,0,0,0,0,0,,0,0,0,,0,0,0,,1206,0,0,0,
ed1b68a3184d466bb17b3c3363fad948,0,0,0,0,0,,0,0,0,,0,0,0,,812,15,10,27,https://www.twitch.tv/videos/2751777908
e32a4d49fba7459fbdf9e242288fa18c,0,0,0,0,0,,0,0,0,,0,0,0,,4968,306,202,452,https://www.twitch.tv/videos/2749271828
256252fdd3d1437995088c56e674fcf0,0,0,0,0,0,,0,0,0,,0,0,0,,1081,92,52,92,https://www.twitch.tv/videos/2750232107
fc7fa0c5a7604cc8a420ee89472fcac3,0,0,0,0,0,,0,0,0,,0,0,0,,1117,283,274,283,https://www.twitch.tv/videos/2759844630
057faa70622247bd933959412bbeb667,0,0,0,0,0,,0,0,0,,0,0,0,,1083,0,0,0,
305290c734e94a74881ae46c49ea18c4,0,0,0,0,0,,0,0,0,,0,0,0,,7037,2360,1017,2718,https://www.twitch.tv/videos/2745495052
389c752acb964aeda95f36098fd37ef0,0,0,0,0,0,,0,0,0,,0,0,0,,1591,0,0,0,
e4421bd8d15848c09fa4ad4df162c858,0,0,0,0,0,,0,0,0,,0,0,0,,362,0,0,0,
dbabd28a98cf447189088251a5b973d4,0,0,0,0,0,,0,0,0,,0,0,0,,252,0,0,0,
2996488b9f454fb3a42c17ab292ac63c,0,0,0,0,0,,0,0,0,,0,0,0,,505,136,94,189,https://www.twitch.tv/videos/2752825855
ad2aef5af5074f14af7f6ddf7899743a,0,0,0,0,0,,0,0,0,,0,0,0,,2032,0,0,0,
4f1ccc5966a847308552b2c7b05e18dc,0,0,0,0,0,,0,0,0,,0,0,0,,27,6,6,10,https://www.twitch.tv/videos/2759442886
5b62816b7dee4c13856f3c21629be3c4,0,0,0,0,0,,0,0,0,,0,0,0,,24551,2450,1004,4016,https://www.twitch.tv/videos/2752568999
bf277797951346fe991c27c79a6c5081,0,0,0,0,0,,0,0,0,,0,0,0,,9502,718,299,1047,https://www.twitch.tv/videos/2759723557
02fa128da7cc4f3aab0f1c5ee356f342,0,0,0,0,0,,0,0,0,,0,0,0,,506,153,123,240,https://www.twitch.tv/videos/2756602108
a5b71bba2a2347a080ae3443d5ef47d5,0,0,0,0,0,,0,0,0,,0,0,0,,850,0,0,0,
83f96fd6cab64f4da581c50cd2a31b82,0,0,0,0,0,,0,0,0,,0,0,0,,4052,0,0,0,
644e669aa31443fe9a61a14e75ebd21e,0,0,0,0,0,,0,0,0,,0,0,0,,7473,480,234,1124,https://www.twitch.tv/videos/2737703851
3cfc2b54a543469b92a95ff1e3f1da54,0,0,0,0,0,,0,0,0,,0,0,0,,1624,0,0,0,
0572bddb85b24166820f34f39164f99c,0,0,0,0,0,,0,0,0,,0,0,0,,795,249,240,249,https://www.twitch.tv/videos/2759814421
4e5f0c7c5f1f49c2b1d249b10225cabb,0,0,0,0,0,,0,0,0,,0,0,0,,43117,3006,1568,5436,https://www.twitch.tv/videos/2746992015
fdb4872691864af8825511a6d0c72895,0,0,0,0,0,,0,0,0,,0,0,0,,439,195,148,489,https://www.twitch.tv/videos/2759772371
e698befe9649448885d93094cd4dc6a9,0,0,0,0,0,,0,0,0,,0,0,0,,3926,538,425,981,https://www.twitch.tv/videos/2754245114
f8ade397837d42f7a9167e0d4f20fc56,0,0,0,0,0,,0,0,0,,0,0,0,,2697,0,0,0,
66c8fc624de94d8e8af4325e41ce7c34,0,0,0,0,0,,0,0,0,,0,0,0,,1381,392,142,1064,https://www.twitch.tv/videos/2739633987
288d3972d3164ee595228b8a5959ac00,0,0,0,0,0,,0,0,0,,0,0,0,,3012,0,0,0,
32aabdc7b41144a8b1bd28954cd3278c,0,0,0,0,0,,0,0,0,,0,0,0,,1544,0,0,0,
b6519fbc0d6941d4b43ce1742a14b0b2,0,0,0,0,0,,0,0,0,,0,0,0,,718,0,0,0,
8cbfffe3cac54065be4149b03b680d87,0,0,0,0,0,,0,0,0,,0,0,0,,579,0,0,0,
1addf96267ac494bb73c9e6f6e1793b8,0,0,0,0,0,,0,0,0,,0,0,0,,2692,0,0,0,
4fcbdf1b0a384ee58733b1e852edefa5,0,0,0,0,0,,0,0,0,,0,0,0,,990,0,0,0,
e18c43e19e9b4fc8af0cdc24c33ae476,0,0,0,0,0,,0,0,0,,0,0,0,,2502,0,0,0,
2ffed40199d64b8f83668479fb6fd8ed,0,0,0,0,0,,0,0,0,,0,0,0,,245,0,0,0,
b053612876e04de488a32893a19f4b08,0,0,0,0,0,,0,0,0,,0,0,0,,339,75,52,106,https://www.twitch.tv/videos/2756667663
60cc7f18c0fe438280af5a81b31eb923,0,0,0,0,0,,0,0,0,,0,0,0,,3848,428,224,40235,https://www.twitch.tv/videos/2756653980
4cb08241fbce4905a83ed02de6a1af9c,0,0,0,0,0,,0,0,0,,0,0,0,,7541,2029,954,5451,https://www.twitch.tv/videos/2756056767
55e9448a0a9040f99dc8ea1cf86cbad5,0,0,0,0,0,,0,0,0,,0,0,0,,1369,0,0,0,
828ab4c66f5f43f298d237374a266b7e,0,0,0,0,0,,0,0,0,,0,0,0,,2955,347,189,717,https://www.twitch.tv/videos/2738771401
e94cfb3c71d94965bfc98f135bfd2f14,0,0,0,0,0,,0,0,0,,0,0,0,,763,395,212,1204,https://www.twitch.tv/videos/2746121912
4fadb90960a844daab26191bb158d3a3,0,0,0,0,0,,0,0,0,,0,0,0,,3289,0,0,0,
6908430ccb204a1b9d95ee7a1711cae3,0,0,0,0,0,,0,0,0,,0,0,0,,2580,0,0,0,
880137f60dc842b98862f5b86ba8d94d,0,0,0,0,0,,0,0,0,,0,0,0,,709,211,196,359,https://www.twitch.tv/videos/2760404309
c099b7e8d46c418d8e17097d496f3b83,0,0,0,0,0,,0,0,0,,0,0,0,,3474,866,361,1486,https://www.twitch.tv/videos/2749285440
31f4c00be9eb41a1a6be0356614048fd,0,0,0,0,0,,0,0,0,,0,0,0,,3622,100,38,404,https://www.twitch.tv/videos/2758974462
88526add0348499c95bd5838a5f35989,0,0,0,0,0,,0,0,0,,0,0,0,,1789,229,152,348,https://www.twitch.tv/videos/2758331245
6c7336d4605540c6871de5f96874129c,0,0,0,0,0,,0,0,0,,0,0,0,,24169,3376,1358,52869,https://www.twitch.tv/videos/2750812191
f5034a946bf249c780a864c19efda669,0,0,0,0,0,,0,0,0,,0,0,0,,414,20,16,24,https://www.twitch.tv/videos/2758311542
6a6547a3f19d4870a6f11b88c60a5296,0,0,0,0,0,,0,0,0,,0,0,0,,3584,213,76,278,https://www.twitch.tv/videos/2742064127
4dd7cfc58ae54c1fa6211ba9b1c607ec,0,0,0,0,0,,0,0,0,,0,0,0,,1730,463,246,696,https://www.twitch.tv/videos/2749159617
1a95bb88e451498ca3491b69af964588,0,0,0,0,0,,0,0,0,,0,0,0,,36897,3727,722,11276,https://www.twitch.tv/videos/2750875975
22eea06367f4430d816e38dfb68a26cf,0,0,0,0,0,,0,0,0,,0,0,0,,995,0,0,0,
eeefa43ecaf74f7b822dde3f0e7683d4,0,0,0,0,0,,0,0,0,,0,0,0,,2117,128,55,187,https://www.twitch.tv/videos/2756519197
d91ffcc2823f4121a2caa347a8c2a507,0,0,0,0,0,,0,0,0,,0,0,0,,872,43,36,43,https://www.twitch.tv/videos/2756795338
9ca05592c52f42649191751f18cb70e6,0,0,0,0,0,,0,0,0,,0,0,0,,2651,138,111,201,https://www.twitch.tv/videos/2756681441
cda9668f324445a7bd507094ad6946b8,0,0,0,0,0,,0,0,0,,0,0,0,,419,0,0,0,
e53606f1bf0c4059b1226b6c2e037fd0,0,0,0,0,0,,0,0,0,,0,0,0,,883,0,0,0,
cfc7bcf869514c70a5091672d3acb031,0,0,0,0,0,,0,0,0,,0,0,0,,400,105,69,105,https://www.twitch.tv/videos/2752524975
4c42b9f574e7438d8aea8b099e451505,0,0,0,0,0,,0,0,0,,0,0,0,,1152,98,67,103,https://www.twitch.tv/videos/2756727036
36beb36f581f44d393dcf0af2b194789,0,0,0,0,0,,0,0,0,,0,0,0,,6372,446,214,1507,https://www.twitch.tv/videos/2750757135
d30a2d88bd2146a8870209e98004e0f0,0,0,0,0,0,,0,0,0,,0,0,0,,1971,720,329,1083,https://www.twitch.tv/videos/2757335614
ed051ffc6cd643c287a678fea774e644,0,0,0,0,0,,0,0,0,,0,0,0,,2718,0,0,0,
7cd55e03d87c4c77843a437ec0703670,0,0,0,0,0,,0,0,0,,0,0,0,,3029,0,0,0,
c8c9028316b44ae9a1ac302337862085,0,0,0,0,0,,0,0,0,,0,0,0,,446,0,0,0,
f0bc26cfe4a8451d863a8d8cbd6313ed,0,0,0,0,0,,0,0,0,,0,0,0,,6,0,0,0,
228427b15b964f1396b5a7b5eb224a21,0,0,0,0,0,,0,0,0,,0,0,0,,55,0,0,0,
