V5##VTuber ID,YouTube Subscriber Count,YouTube View Count,YouTube Recent Total Median View Count,YouTube Recent Total Popularity,YouTube Recent Total Highest View Count,YouTube Recent Total Highest Viewed URL,YouTube Recent Livestream Median View Count,YouTube Recent Livestream Popularity,YouTube Recent Livestream Highest View Count,YouTube Recent Livestream Highest Viewed URL,YouTube Recent Video Median View Count,YouTube Recent Video Popularity,YouTube Recent Video Highest View Count,YouTube Recent Video Highest Viewed URL,Twitch Follower Count,Twitch Recent Median View Count,Twitch Recent Popularity,Twitch Recent Highest View Count,Twitch Recent Highest Viewed URL
1c5619a4ece046dd8ba68ed343489ca3,545000,134013119,52867,12636,515292,https://www.youtube.com/watch?v=CyofORR7ez0,3551,2445,3551,https://www.youtube.com/watch?v=Kt9SUxRjhOA,61563,18526,515292,https://www.youtube.com/watch?v=CyofORR7ez0,32824,0,0,0,
f6a4e7aa8d0c4e5cb39d199845ec4d02,447000,64584058,10151,3446,51500,https://www.youtube.com/watch?v=XNBbtNp5Vo8,3044,823,3428,https://www.youtube.com/watch?v=p1lLdAuAvks,11365,5788,51500,https://www.youtube.com/watch?v=XNBbtNp5Vo8,121977,16308,6128,78225,https://www.twitch.tv/videos/2745222674
5535c9524eb046c38e172ebfa06b302f,398000,130144288,12012,4898,66132,https://www.youtube.com/watch?v=Ze2sm-o6ZQo,6413,3028,61958,https://www.youtube.com/watch?v=ePolU2-tn68,14806,6630,66132,https://www.youtube.com/watch?v=Ze2sm-o6ZQo,74293,1302,687,7424,https://www.twitch.tv/videos/2731150541
664e1b310cf343b78623f99b31e40fae,395000,56861535,0,0,0,,0,0,0,,0,0,0,,17075,0,0,0,
d837e8fda137492c9d77882b98ff863a,335000,155049455,91910,39393,1174356,https://www.youtube.com/watch?v=m14-DLOkqgw,15637,9646,465033,https://www.youtube.com/watch?v=MCLMJJ_puTY,250696,113166,1174356,https://www.youtube.com/watch?v=m14-DLOkqgw,52873,27610,6976,33995,https://www.twitch.tv/videos/2748524812
182da09d8d454f37a52ec546cbb35e39,314000,67786313,23604,9747,423735,https://www.youtube.com/watch?v=fIlTRqG-3OQ,8935,3552,30042,https://www.youtube.com/watch?v=7Hk4ph8GqEU,34200,16599,423735,https://www.youtube.com/watch?v=fIlTRqG-3OQ,4981,0,0,0,
897400f2658a483286ca6acc927006ca,237000,38588248,14133,7684,699728,https://www.youtube.com/watch?v=2MFxqHgLKZE,1209,549,2178,https://www.youtube.com/watch?v=bqLhRnvK6vA,20399,13382,699728,https://www.youtube.com/watch?v=2MFxqHgLKZE,10544,506,471,613,https://www.twitch.tv/videos/2746062478
abd64c9a64e04fb1b23faa2480c1c106,227000,80910423,4100,2448,49286,https://www.youtube.com/watch?v=9v6itJgQRss,2161,1253,3462,https://www.youtube.com/watch?v=CWpinfjWWw4,4635,2501,49286,https://www.youtube.com/watch?v=9v6itJgQRss,2318,84,65,84,https://www.twitch.tv/videos/2746143502
4b6b055ada4d4f0ab63b7ad02a3fa3ef,225000,18839985,1150,412,1887,https://www.youtube.com/watch?v=K0dwXwCUXcY,1150,412,1887,https://www.youtube.com/watch?v=K0dwXwCUXcY,0,0,0,,56063,1594,368,2486,https://www.twitch.tv/videos/2747798931
a9f6574e98f34b20a05269134930fb50,221000,9827423,4175,1890,4384,https://www.youtube.com/watch?v=X74IsyOlZ_o,4175,1890,4384,https://www.youtube.com/watch?v=X74IsyOlZ_o,0,0,0,,0,0,0,0,
7c06b9e316ce4ac18ce836cd72442bbe,219000,64298025,6143,3637,25146,https://www.youtube.com/watch?v=Ylcrcp0J54E,5582,3179,10195,https://www.youtube.com/watch?v=qu1STMF5dCA,16189,6596,25146,https://www.youtube.com/watch?v=Ylcrcp0J54E,56898,2176,1687,5798,https://www.twitch.tv/videos/2743742047
c04f006e69e04000a68cd0c41f888eb2,218000,14252642,6280,2951,41067,https://www.youtube.com/watch?v=cPqjkcb_WhY,6153,2935,11619,https://www.youtube.com/watch?v=mWMqCvw5omw,41067,6065,41067,https://www.youtube.com/watch?v=cPqjkcb_WhY,0,0,0,0,
312fdd3c5e6d4aefa73fd3860ecc5613,192000,34977682,13013,5712,29643,https://www.youtube.com/watch?v=J3GFX8LlMxs,14211,7362,18821,https://www.youtube.com/watch?v=AllV9QdrgyM,12809,5712,29643,https://www.youtube.com/watch?v=J3GFX8LlMxs,24159,12066,1870,15421,https://www.twitch.tv/videos/2728027492
c65e7caaf81a43249d5132b9fe312b24,181000,15131124,9308,2940,42873,https://www.youtube.com/watch?v=98yXcRx9ETA,9308,2940,42873,https://www.youtube.com/watch?v=98yXcRx9ETA,0,0,0,,0,0,0,0,
265a18972d244affae35711cfd1f9931,181000,20945383,4098,2564,24757,https://www.youtube.com/watch?v=cw6pZvUqvxM,3773,1828,13678,https://www.youtube.com/watch?v=mEJhgmNENM4,7721,3492,24757,https://www.youtube.com/watch?v=cw6pZvUqvxM,18681,1928,1259,6863,https://www.twitch.tv/videos/2741259223
e93bd1102e214cbaa71cc5b2e4a53595,180000,36114418,12822,6505,96318,https://www.youtube.com/watch?v=V3UvZ1Ij02E,12008,5152,20801,https://www.youtube.com/watch?v=zlRzb3iDgn4,38426,9358,96318,https://www.youtube.com/watch?v=V3UvZ1Ij02E,88653,34154,19591,70823,https://www.twitch.tv/videos/2736278991
3f4650e05ceb41008bd16869780b7af1,153000,71876154,39006,11737,152580,https://www.youtube.com/watch?v=FIJ30vk0n7w,8895,3352,13675,https://www.youtube.com/watch?v=BroGEqgKpT8,62007,27302,152580,https://www.youtube.com/watch?v=FIJ30vk0n7w,0,0,0,0,
f110fd69b66941bab04de9ada563c6ac,153000,18290668,4092,1496,6784,https://www.youtube.com/watch?v=F2HetsEEYCo,3866,1461,6784,https://www.youtube.com/watch?v=F2HetsEEYCo,6272,1771,6272,https://www.youtube.com/watch?v=0qIFajsRy7I,14113,5706,1419,21232,https://www.twitch.tv/videos/2743581136
bafb134fd2f849898d6242d1f5f683cc,145000,25142118,5337,2685,255219,https://www.youtube.com/watch?v=GYY6aDgyuWE,3053,1737,19923,https://www.youtube.com/watch?v=bq8-M96hxMs,27406,9469,255219,https://www.youtube.com/watch?v=GYY6aDgyuWE,44853,0,0,0,
6dc75ab227e34c928598bde8f2d324bf,138000,39540675,9351,5276,131583,https://www.youtube.com/watch?v=fpaQm4lOunE,7341,3647,14403,https://www.youtube.com/watch?v=5kJ7GB1K7AY,47375,8712,131583,https://www.youtube.com/watch?v=fpaQm4lOunE,0,0,0,0,
0641a9c8b9a94994aaa33e0c86fef75b,136000,31995418,8475,3628,39661,https://www.youtube.com/watch?v=oRAduSjDDUA,3662,1848,15068,https://www.youtube.com/watch?v=bW-DRIa35Bs,14643,6825,39661,https://www.youtube.com/watch?v=oRAduSjDDUA,8084,0,0,0,
fa5a7cdc259543259af42bb23f1e4041,135000,35312956,8595,2676,151844,https://www.youtube.com/watch?v=ZBvhu1H8ruQ,3740,1117,10814,https://www.youtube.com/watch?v=t1mAlL23xKc,21621,6401,151844,https://www.youtube.com/watch?v=ZBvhu1H8ruQ,0,0,0,0,
a3ce195c0069494c99849d0b1a10a7fd,132000,16794502,3461,1636,54587,https://www.youtube.com/watch?v=yXt700MVjm4,2018,1056,14156,https://www.youtube.com/watch?v=NUNMS7prItk,8805,5707,54587,https://www.youtube.com/watch?v=yXt700MVjm4,27363,0,0,0,
58abad4aa8de49efb785367503dfd92c,131000,17683605,0,0,0,,0,0,0,,0,0,0,,0,0,0,0,
494d2c5daf9f4a8a8e4538687e6be14c,126000,6251944,4051,2889,20893,https://www.youtube.com/watch?v=95NxxGEmL-g,2921,1739,5395,https://www.youtube.com/watch?v=NeFqrBmqraY,4478,4187,20893,https://www.youtube.com/watch?v=95NxxGEmL-g,0,0,0,0,
b41844198887422fb52cb928a272cbc8,125000,48395512,0,0,0,,0,0,0,,0,0,0,,0,0,0,0,
f1b5f88144e14bd188e17b2f98303713,123000,4989544,4138,1737,4146,https://www.youtube.com/watch?v=zZX_orzo8Gs,4138,1737,4146,https://www.youtube.com/watch?v=zZX_orzo8Gs,0,0,0,,0,0,0,0,
e78cffa246c24a1c88031151cad8c385,120000,10842867,2112,1063,14641,https://www.youtube.com/watch?v=SvYh7OeTaJc,1178,592,2226,https://www.youtube.com/watch?v=vzsTIEcaw9Q,6695,2255,14641,https://www.youtube.com/watch?v=SvYh7OeTaJc,4480,4769,3243,12301,https://www.twitch.tv/videos/2744921609
ab4f892ca62e4043b6287bdfe50b145d,117000,20964152,1683,520,21093,https://www.youtube.com/watch?v=i16VMskURus,1176,441,3144,https://www.youtube.com/watch?v=QBc0oCq9UiI,4118,1209,21093,https://www.youtube.com/watch?v=i16VMskURus,1488,0,0,0,
a9b855767b2d432c9f263e3427ff33a6,113000,16247664,4195,2678,22162,https://www.youtube.com/watch?v=1LH2lhoq8Nw,3010,1557,16083,https://www.youtube.com/watch?v=9L0gZSLo9To,9091,4597,22162,https://www.youtube.com/watch?v=1LH2lhoq8Nw,0,0,0,0,
b4a1791208fd4d85b7b08ee2bad0c236,110000,17672852,18002,5300,56568,https://www.youtube.com/watch?v=xE1g-_Ruhnk,5929,2927,16437,https://www.youtube.com/watch?v=NWB_MF7DR60,28175,9174,56568,https://www.youtube.com/watch?v=xE1g-_Ruhnk,0,0,0,0,
9cec24b011ee45648eb404066c997f49,108000,19348892,6549,4057,39013,https://www.youtube.com/watch?v=I7_XaF8TthI,5897,3847,14377,https://www.youtube.com/watch?v=OZf0ToUHryM,18167,10070,39013,https://www.youtube.com/watch?v=I7_XaF8TthI,39468,9474,2331,14202,https://www.twitch.tv/videos/2731345912
04d2ff1dde6b4bb68503a734274f4b7e,107000,8808796,3519,1440,5279,https://www.youtube.com/watch?v=umw0QFbirxA,3519,733,5279,https://www.youtube.com/watch?v=umw0QFbirxA,3097,1847,3860,https://www.youtube.com/watch?v=gpF72GzvF9I,0,0,0,0,
c0c033c9c8014562b58a7124b6b22fb0,106000,1493825,631,337,1848,https://www.youtube.com/watch?v=JpJjxGVmUhM,537,372,916,https://www.youtube.com/watch?v=XOjojiBrq3E,1083,315,1848,https://www.youtube.com/watch?v=JpJjxGVmUhM,0,0,0,0,
23ec5ecfb8c14ea893576783f1790643,105000,6109709,1053,428,53088,https://www.youtube.com/watch?v=3PdcDOA0U0Q,961,423,2342,https://www.youtube.com/watch?v=V1dn6_m5NSY,5335,5167,53088,https://www.youtube.com/watch?v=3PdcDOA0U0Q,1647,0,0,0,
b126053a1356460ebf85a874a6a55aca,104000,42734541,2748,1355,13723,https://www.youtube.com/watch?v=OQ8TT_9v1_o,2683,1317,3544,https://www.youtube.com/watch?v=lCG8J_wFa9w,3382,1715,13723,https://www.youtube.com/watch?v=OQ8TT_9v1_o,0,0,0,0,
5f12df329c6144e1a6c596f4fbcb9e81,103000,10658211,4730,2607,94022,https://www.youtube.com/watch?v=yc48visdo1w,3285,1730,7606,https://www.youtube.com/watch?v=y_J5MpthWB4,21791,8979,94022,https://www.youtube.com/watch?v=yc48visdo1w,0,0,0,0,
98e3a5838fec4a6caa936ae35485de23,102000,8341043,4155,1486,8925,https://www.youtube.com/watch?v=tfE83tDCZd4,2861,1710,6302,https://www.youtube.com/watch?v=H7RP67mUhsc,6854,768,8925,https://www.youtube.com/watch?v=tfE83tDCZd4,0,0,0,0,
702c74978d8f4adab79f292cbecb49a4,101000,13042162,5375,1706,98812,https://www.youtube.com/watch?v=6VANNFmQmIk,1877,879,3373,https://www.youtube.com/watch?v=nj0RluJ77z8,8615,3694,98812,https://www.youtube.com/watch?v=6VANNFmQmIk,13174,0,0,0,
15c9a54b946a40c38c07ea2f9efddfa5,98500,26675429,11498,7646,20704,https://www.youtube.com/watch?v=4eY7Thfo_aI,11526,8166,20704,https://www.youtube.com/watch?v=4eY7Thfo_aI,5302,2375,5302,https://www.youtube.com/watch?v=wsyEj8E9O9I,61449,25888,15284,61063,https://www.twitch.tv/videos/2727921759
8bf35c3b9a9e461d825a9170555b71c2,95500,21386891,14644,7862,56341,https://www.youtube.com/watch?v=18bj_iIPFWM,12844,7353,21911,https://www.youtube.com/watch?v=mraFkZm87C0,41460,10067,56341,https://www.youtube.com/watch?v=18bj_iIPFWM,48781,27118,11542,46282,https://www.twitch.tv/videos/2746093856
5efb403f9a174bfd82d04d528a121042,92800,11228315,78227,15576,589088,https://www.youtube.com/watch?v=xeIColaiXLk,15766,8271,37515,https://www.youtube.com/watch?v=OIGtRk6JVS8,243319,88493,589088,https://www.youtube.com/watch?v=xeIColaiXLk,12821,11690,5544,25287,https://www.twitch.tv/videos/2732649086
53707f0116dc4fca8614ac7139e40b83,92300,32889858,0,0,0,,0,0,0,,0,0,0,,4795,125,96,222,https://www.twitch.tv/videos/2740494293
ea4c1a67c2e445ad8028768616ceb659,90500,13227465,2548,1256,23389,https://www.youtube.com/watch?v=NtYCwGVKtio,2519,964,6447,https://www.youtube.com/watch?v=rBJK978_KPQ,16295,8291,23389,https://www.youtube.com/watch?v=NtYCwGVKtio,3787,420,257,737,https://www.twitch.tv/videos/2742116790
9d9c6477329245cbb2557895f4f15686,84800,9031116,12154,4940,82655,https://www.youtube.com/watch?v=qFTw-Je5ZgI,0,0,0,,12154,4940,82655,https://www.youtube.com/watch?v=qFTw-Je5ZgI,168256,13834,5859,23195,https://www.twitch.tv/videos/2740406220
a6a4e83ae23140e6bd1f7c817af8f864,84200,5441317,3578,2750,179276,https://www.youtube.com/watch?v=gP-B6JLgnCk,2757,1196,2757,https://www.youtube.com/watch?v=tK0vPRPkLOE,4400,4304,179276,https://www.youtube.com/watch?v=gP-B6JLgnCk,12045,3766,2448,25817,https://www.twitch.tv/videos/2742957355
4544974bc5624035ae7bb0c9ed33e44e,84000,9195299,2219,1073,38023,https://www.youtube.com/watch?v=nr0W_KEswzI,2034,948,2724,https://www.youtube.com/watch?v=JoK1eV-uqcE,15995,12370,38023,https://www.youtube.com/watch?v=nr0W_KEswzI,12434,1922,1296,5769,https://www.twitch.tv/videos/2740329867
7e81a72484054a5c89f3826ebc8946be,80400,5709144,884,470,2811,https://www.youtube.com/watch?v=BYpbGNO5hiY,870,438,2050,https://www.youtube.com/watch?v=6IeNXj_CXEw,2025,1156,2811,https://www.youtube.com/watch?v=BYpbGNO5hiY,12321,2159,1388,4413,https://www.twitch.tv/videos/2745487313
1ccdbe5d48934f4cbabc86512dd1d357,78900,6262917,2524,1685,9059,https://www.youtube.com/watch?v=-r1_2QFU8iw,5529,2138,9059,https://www.youtube.com/watch?v=-r1_2QFU8iw,1835,1232,2301,https://www.youtube.com/watch?v=efx4Jd-MHAs,0,0,0,0,
0bf0ec441dc6489583f7218e02ab6a89,78500,5053555,614,300,1092,https://www.youtube.com/watch?v=p_wS3a8_Kg8,614,300,1092,https://www.youtube.com/watch?v=p_wS3a8_Kg8,0,0,0,,10521,1169,608,1959,https://www.twitch.tv/videos/2745418672
6bd49f94afb144e995247388ca8c42a8,77500,14986680,15675,7991,48485,https://www.youtube.com/watch?v=NCTBJ9qDLNo,12829,7223,21841,https://www.youtube.com/watch?v=PUUq-UrzrkY,40146,11268,48485,https://www.youtube.com/watch?v=NCTBJ9qDLNo,68435,40483,24011,68568,https://www.twitch.tv/videos/2748500963
4b6655120fbd4431a8f7894cac4a4d49,76800,8523679,4525,944,11605,https://www.youtube.com/watch?v=15b1_Gg50js,4525,944,11605,https://www.youtube.com/watch?v=15b1_Gg50js,0,0,0,,0,0,0,0,
17c335762a694402b8cb9a96b2865572,74900,7707251,1954,1393,3606,https://www.youtube.com/watch?v=v2_6lClOnvo,1954,1393,3606,https://www.youtube.com/watch?v=v2_6lClOnvo,0,0,0,,0,0,0,0,
fd6a0236861940389e15ef85b16c6069,74100,27217883,27513,7621,234697,https://www.youtube.com/watch?v=F1O9FBTFhVw,0,0,0,,27513,7621,234697,https://www.youtube.com/watch?v=F1O9FBTFhVw,173544,49105,25726,129332,https://www.twitch.tv/videos/2735487641
5bd39e2c6dcf4ff19436d8a5fa069464,73100,9716050,9772,4799,17933,https://www.youtube.com/watch?v=n5aL-d3H_ps,13154,4990,17933,https://www.youtube.com/watch?v=n5aL-d3H_ps,8492,1808,17167,https://www.youtube.com/watch?v=gw2v4RnKYnM,30381,20812,9507,34128,https://www.twitch.tv/videos/2738708481
cd42e06c40534d9eac7e30a434e47d43,72000,5854724,995,514,9512,https://www.youtube.com/watch?v=SCzXcOlMYtU,929,514,9512,https://www.youtube.com/watch?v=SCzXcOlMYtU,1247,516,5888,https://www.youtube.com/watch?v=xxUn9w3fcn4,3302,0,0,0,
c5fe413a473d4638b53fb3f9019aabbe,68800,5241301,4251,2797,5244,https://www.youtube.com/watch?v=ogww-LP7Hr0,4251,2797,5244,https://www.youtube.com/watch?v=ogww-LP7Hr0,0,0,0,,23341,36852,18014,58393,https://www.twitch.tv/videos/2741827304
2694a505a0e0441bb99b49e8ce1f7473,67900,5400889,3660,2116,3660,https://www.youtube.com/watch?v=wIhLxCHLJbU,0,0,0,,3660,2116,3660,https://www.youtube.com/watch?v=wIhLxCHLJbU,53048,8094,3825,20007,https://www.twitch.tv/videos/2740382846
d5fdf5fc55d14476908e416e6d43c121,67600,5362366,2035,1064,9677,https://www.youtube.com/watch?v=HTilBjwPKy4,1756,879,9510,https://www.youtube.com/watch?v=uxKPQKc01CA,6180,1598,9677,https://www.youtube.com/watch?v=HTilBjwPKy4,0,0,0,0,
8d113670c4514e5bb28823a756385528,67400,9252408,23760,8984,62001,https://www.youtube.com/watch?v=T_FjnPFI3EU,14427,6425,27344,https://www.youtube.com/watch?v=jbfpvK3QMr0,39645,10034,62001,https://www.youtube.com/watch?v=T_FjnPFI3EU,29035,17914,10476,32653,https://www.twitch.tv/videos/2735541592
6c872a4043b84e4493877a42af684d1d,66000,10140630,1683,582,23447,https://www.youtube.com/watch?v=Tg5NXQn58lU,1170,554,3151,https://www.youtube.com/watch?v=SKJj99wsy5E,17860,6890,23447,https://www.youtube.com/watch?v=Tg5NXQn58lU,6201,0,0,0,
1323f1b775bf43659f8b8ec2899522cd,64600,4171131,2657,1214,6318,https://www.youtube.com/watch?v=0VT1Sgh52ZQ,2657,1214,6318,https://www.youtube.com/watch?v=0VT1Sgh52ZQ,0,0,0,,0,0,0,0,
1b63d89e0b1a4b579de6d99e25eaff8f,63900,12896371,6322,3096,32422,https://www.youtube.com/watch?v=qMF0x8n82xA,3240,2337,6322,https://www.youtube.com/watch?v=FdNi6gyl-aY,17168,5442,32422,https://www.youtube.com/watch?v=qMF0x8n82xA,11593,0,0,0,
cb94019fb4714e168b47d6757995efc3,61600,4647985,2126,1161,15721,https://www.youtube.com/watch?v=1lQtQ1N4LLM,2014,964,2882,https://www.youtube.com/watch?v=RnTQjcvT3fw,10636,6725,15721,https://www.youtube.com/watch?v=1lQtQ1N4LLM,7047,2880,1488,7023,https://www.twitch.tv/videos/2727829928
4fc5a770272a43f1bb0a1d12aa3a9b46,61300,13345328,2448,1106,13453,https://www.youtube.com/watch?v=_GLOq6PifW0,0,0,0,,2448,1106,13453,https://www.youtube.com/watch?v=_GLOq6PifW0,0,0,0,0,
512b64ec20174d018540516e9edf2b2f,61200,7766642,328,239,622,https://www.youtube.com/watch?v=svFtjeTHyc8,347,234,453,https://www.youtube.com/watch?v=JhnVK9LAELo,327,244,622,https://www.youtube.com/watch?v=svFtjeTHyc8,1242,0,0,0,
f5ff982730f54cd4826ff0530a4288c2,61100,6064670,7116,4696,27518,https://www.youtube.com/watch?v=lb8vTlB17rw,2556,649,22532,https://www.youtube.com/watch?v=3DGcsM1ANiA,7785,5241,27518,https://www.youtube.com/watch?v=lb8vTlB17rw,0,0,0,0,
a8ce4642418b4fe8ba1471a32097f4c4,61000,3794877,736,295,2944,https://www.youtube.com/watch?v=qmo8MHyJGd0,669,273,2291,https://www.youtube.com/watch?v=SjCzarmq1YE,1740,1699,2944,https://www.youtube.com/watch?v=qmo8MHyJGd0,0,0,0,0,
6a9a7c7dc3f94605b5f619e9fbcfa33d,60900,1927068,11609,7812,143949,https://www.youtube.com/watch?v=aD19Vssf1g4,11609,9488,49666,https://www.youtube.com/watch?v=iJ9DIokXMnk,10799,4268,143949,https://www.youtube.com/watch?v=aD19Vssf1g4,0,0,0,0,
911d3403c8e84dc3b0c4a2f6017698b6,60800,1624922,612,322,2784,https://www.youtube.com/watch?v=pZGXuvIgyk0,566,311,2088,https://www.youtube.com/watch?v=421Um8dHtG4,1658,495,2784,https://www.youtube.com/watch?v=pZGXuvIgyk0,3591,1717,1270,1717,https://www.twitch.tv/videos/2745265491
0d717ed7ec134fb6ac94ce9dc4e25658,60300,4564007,1781,812,5814,https://www.youtube.com/watch?v=501HRmtUbn4,1781,812,5814,https://www.youtube.com/watch?v=501HRmtUbn4,0,0,0,,0,0,0,0,
f985903969ad4e8b839e919aabe94480,58500,1045910,694,232,1669,https://www.youtube.com/watch?v=-E2MUpUk82Y,694,271,1500,https://www.youtube.com/watch?v=OC6KcRzKCVM,855,202,1669,https://www.youtube.com/watch?v=-E2MUpUk82Y,0,0,0,0,
5a934764983e45959855735b79bcc90e,58000,2595142,982,440,3483,https://www.youtube.com/watch?v=LwaQ2CwZfmE,976,435,3343,https://www.youtube.com/watch?v=1zq8pbd_xfc,3483,1090,3483,https://www.youtube.com/watch?v=LwaQ2CwZfmE,11561,1134,460,4359,https://www.twitch.tv/videos/2740389286
14a9a08fbdc641e8ac8c384dedfccf0a,58000,6312195,4149,1549,6093,https://www.youtube.com/watch?v=c-gdToZw_xc,4149,1549,6093,https://www.youtube.com/watch?v=c-gdToZw_xc,0,0,0,,16897,6261,2594,10337,https://www.twitch.tv/videos/2736346120
99f6f80397b34d0b9a0cfd40f3801a35,57400,2695006,1907,1314,18857,https://www.youtube.com/watch?v=AL4n3LTKODU,1549,664,2622,https://www.youtube.com/watch?v=vDxUsD_SW1g,7541,2813,18857,https://www.youtube.com/watch?v=AL4n3LTKODU,29359,17250,12176,65483,https://www.twitch.tv/videos/2745357557
ba59bb31bbcd4cf3a481c4cf72918fb0,56900,8318512,3032,1197,5102,https://www.youtube.com/watch?v=xTNHn2Plz84,3013,834,4768,https://www.youtube.com/watch?v=6l2WCMthaOQ,5102,4488,5102,https://www.youtube.com/watch?v=xTNHn2Plz84,0,0,0,0,
02f5258d29b046bc9f597c9baac014bf,56100,4109451,8128,5484,84868,https://www.youtube.com/watch?v=gG0FdYwxcU0,6474,4311,8128,https://www.youtube.com/watch?v=IlJn2le8mp4,19841,12484,84868,https://www.youtube.com/watch?v=gG0FdYwxcU0,37879,50371,24643,123679,https://www.twitch.tv/videos/2740495438
6aefa292dc61441e98c787efb0067922,55500,2519460,1257,688,9639,https://www.youtube.com/watch?v=8IZGL-pBIdo,1147,609,9639,https://www.youtube.com/watch?v=8IZGL-pBIdo,2475,1600,4267,https://www.youtube.com/watch?v=LKzf9fWnHTk,11194,1741,1014,4785,https://www.twitch.tv/videos/2746776510
729621ce509b4641ad8cde76dec037d0,54700,2798383,631,345,5010,https://www.youtube.com/watch?v=9CAR_x6aLTk,610,345,3698,https://www.youtube.com/watch?v=M_z7R_SNmZE,5010,2068,5010,https://www.youtube.com/watch?v=9CAR_x6aLTk,5156,785,607,1831,https://www.twitch.tv/videos/2747736592
e14d4aac184c4ccdba6f2a9718cfea62,54600,3018764,694,333,3072,https://www.youtube.com/watch?v=-tOFde55hYU,694,333,3072,https://www.youtube.com/watch?v=-tOFde55hYU,0,0,0,,0,0,0,0,
66c812bb04844241af1d1c7539b5e251,53600,38945976,167,98,1595,https://www.youtube.com/watch?v=qi0k_e05exI,136,76,1595,https://www.youtube.com/watch?v=qi0k_e05exI,245,129,630,https://www.youtube.com/watch?v=LOdPJRiKN5M,1085,0,0,0,
a000aa1d3ea7489c993277d33ab2457e,53200,5312481,3912,1324,23387,https://www.youtube.com/watch?v=2X1LVIZW9MM,3151,1244,12677,https://www.youtube.com/watch?v=eUsnH3N_ASs,21501,3808,23387,https://www.youtube.com/watch?v=2X1LVIZW9MM,47724,17161,10767,43252,https://www.twitch.tv/videos/2741239282
626750f4e7a745619c171c44fb1efcc0,52800,6877887,1803,818,7188,https://www.youtube.com/watch?v=zz-ACYvQ8pQ,918,472,2425,https://www.youtube.com/watch?v=U1YPXCDg3yU,2864,1644,7188,https://www.youtube.com/watch?v=zz-ACYvQ8pQ,10767,344,226,835,https://www.twitch.tv/videos/2734512878
ce2a2c07a74640fc8d3b39d022b16dd9,52700,4753072,911,461,6989,https://www.youtube.com/watch?v=buqFZPhP10s,769,372,1269,https://www.youtube.com/watch?v=7TdVW83hR3k,5136,2795,6989,https://www.youtube.com/watch?v=buqFZPhP10s,0,0,0,0,
efe550a729e14dbab790a3f73205d8ed,52400,2944290,2393,893,5019,https://www.youtube.com/watch?v=wknqtMbP-vs,1189,639,2862,https://www.youtube.com/watch?v=d1NGgYgGuoY,3139,1380,5019,https://www.youtube.com/watch?v=wknqtMbP-vs,0,0,0,0,
658e63bebdca421ca934b0bf6aa2bcd8,52100,5945510,2135,985,5277,https://www.youtube.com/watch?v=Bm-4dLgN2kQ,2135,1035,5277,https://www.youtube.com/watch?v=Bm-4dLgN2kQ,1545,483,4852,https://www.youtube.com/watch?v=OxRrDfYHTgM,11076,601,510,863,https://www.twitch.tv/videos/2747843772
cbb5df4184f04027b8a550d648d79eeb,51700,4447362,17650,7279,30437,https://www.youtube.com/watch?v=TlBO44EJa6s,30437,14736,30437,https://www.youtube.com/watch?v=TlBO44EJa6s,17349,7009,25192,https://www.youtube.com/watch?v=ZBgfdb62BFk,0,0,0,0,
60282d578bb747b8b232dba81168a5b6,51300,5178318,3702,1843,16442,https://www.youtube.com/watch?v=IVcCdgv2rOo,3052,1733,4987,https://www.youtube.com/watch?v=hRbPEjhurro,5263,1843,16442,https://www.youtube.com/watch?v=IVcCdgv2rOo,0,0,0,0,
927ce160c29f4465ba196c3e1b8fee1c,50400,2969071,1020,619,2033,https://www.youtube.com/watch?v=zc0bZQ-XFW4,1015,567,1655,https://www.youtube.com/watch?v=XS28bvZmZqM,2033,845,2033,https://www.youtube.com/watch?v=zc0bZQ-XFW4,4814,1090,265,2270,https://www.twitch.tv/videos/2745230109
7d66bf98da354f72baee891cdd91855b,49700,4464297,2339,866,6946,https://www.youtube.com/watch?v=81fey24id8E,2339,866,6946,https://www.youtube.com/watch?v=81fey24id8E,0,0,0,,0,0,0,0,
50a0835b66844b0ab84f573934f20989,49700,2447007,1515,822,3239,https://www.youtube.com/watch?v=1nLdkwoY5uk,1490,684,3239,https://www.youtube.com/watch?v=1nLdkwoY5uk,1665,1557,1665,https://www.youtube.com/watch?v=VQY82rLVhN8,0,0,0,0,
0eb515afbb9347529a406e91a07cde90,48800,2450003,12641,6005,70807,https://www.youtube.com/watch?v=khjc9hc0rTY,7799,4294,8195,https://www.youtube.com/watch?v=KJNC_4fSsFI,23240,14414,70807,https://www.youtube.com/watch?v=khjc9hc0rTY,19745,10593,3727,16573,https://www.twitch.tv/videos/2744504739
3bc36efc33ba4410be1d509a39074ceb,48800,3947733,19837,9389,38769,https://www.youtube.com/watch?v=xpIiMm1hwPY,14896,6796,22620,https://www.youtube.com/watch?v=C44GrhrXLLs,22588,9725,38769,https://www.youtube.com/watch?v=xpIiMm1hwPY,24469,24605,8453,59704,https://www.twitch.tv/videos/2742048788
1cfadb0d2e154a258c3177ff8264336f,48800,4372852,4056,1264,66010,https://www.youtube.com/watch?v=qd-7vdzCf2I,2352,1096,12038,https://www.youtube.com/watch?v=hwdzHmEMjbk,6091,1391,66010,https://www.youtube.com/watch?v=qd-7vdzCf2I,0,0,0,0,
4c3cae772e974f8fb8e04f4cc9c8cd8d,48800,3222405,2530,1062,11673,https://www.youtube.com/watch?v=oQnfDZj1MlA,1978,1109,4108,https://www.youtube.com/watch?v=0BuBCuA9-xg,2954,1016,11673,https://www.youtube.com/watch?v=oQnfDZj1MlA,0,0,0,0,
2db2ffc41ff340a990a6d4dcec000d08,48000,2860551,7077,3048,48477,https://www.youtube.com/watch?v=FoG0bXS2X_I,4971,2426,8745,https://www.youtube.com/watch?v=Orhpjj_yj3o,24810,7672,48477,https://www.youtube.com/watch?v=FoG0bXS2X_I,25115,12001,6026,17489,https://www.twitch.tv/videos/2747803888
6c88799c6f45407faf0f9ea007b0dcab,48000,3572654,8468,5525,31921,https://www.youtube.com/watch?v=nLrXBlq1TfE,1249,463,1455,https://www.youtube.com/watch?v=p6VkbfZZ1MQ,17509,7941,31921,https://www.youtube.com/watch?v=nLrXBlq1TfE,0,0,0,0,
3681a0b4e4bd48888473b1884f6ee420,47900,5425480,827,338,16948,https://www.youtube.com/watch?v=hTGJUka7ODU,804,255,1612,https://www.youtube.com/watch?v=UusN0_yXHK4,5913,1319,16948,https://www.youtube.com/watch?v=hTGJUka7ODU,0,0,0,0,
22ca620b93c94e5cb48175bbecf8d3af,47400,5439527,2333,1063,7690,https://www.youtube.com/watch?v=P8mP_MwqNNE,1903,935,2333,https://www.youtube.com/watch?v=_MacKMzJsVA,4585,1759,7690,https://www.youtube.com/watch?v=P8mP_MwqNNE,0,0,0,0,
e350c8b7e41045419ee1ac73bc78921b,47300,5163312,1215,678,13758,https://www.youtube.com/watch?v=PjcoHmGUKvk,1084,493,1967,https://www.youtube.com/watch?v=UvdHQ8wrGog,2748,1658,13758,https://www.youtube.com/watch?v=PjcoHmGUKvk,0,0,0,0,
c41044006a014ed28107f33221a7de98,47100,4354730,1213,595,2780,https://www.youtube.com/watch?v=OrSIwU9s46k,1213,595,2780,https://www.youtube.com/watch?v=OrSIwU9s46k,0,0,0,,5280,0,0,0,
575d15d21f7240e1ad72935bf7fa0465,47000,1659107,363,249,3819,https://www.youtube.com/watch?v=x_zVajCRP8w,347,220,509,https://www.youtube.com/watch?v=LpE6TfZQa-o,2202,2109,3819,https://www.youtube.com/watch?v=x_zVajCRP8w,0,0,0,0,
2760c9a44c20464d8e140e6367ed1cdf,46900,2439382,534,288,2701,https://www.youtube.com/watch?v=RS5uBZ0fUYg,495,269,1189,https://www.youtube.com/watch?v=n-7WipilZ-A,2419,2043,2701,https://www.youtube.com/watch?v=RS5uBZ0fUYg,2393,40,37,40,https://www.twitch.tv/videos/2750143950
ebe5c5f9d67f44f3bc5e70b413ce9df7,46900,2268662,647,250,1652,https://www.youtube.com/watch?v=DO0YEDmcC54,603,187,764,https://www.youtube.com/watch?v=rx__7UM2g7U,1652,902,1652,https://www.youtube.com/watch?v=DO0YEDmcC54,12245,1005,362,4381,https://www.twitch.tv/videos/2736240106
920d34819cf944e99cf469f7552d535f,46800,11171142,18287,8897,136741,https://www.youtube.com/watch?v=O7Ew3dNnIMA,16171,8444,29257,https://www.youtube.com/watch?v=u-uKUevEAok,64613,19615,136741,https://www.youtube.com/watch?v=O7Ew3dNnIMA,5706,6078,4150,8054,https://www.twitch.tv/videos/2727181845
21d5855a8c7d4461b286d40c167ac093,46100,4985865,1222,678,194664,https://www.youtube.com/watch?v=cEeB-EebhLw,1130,660,2831,https://www.youtube.com/watch?v=oLhBDLF2h7U,194664,14826,194664,https://www.youtube.com/watch?v=cEeB-EebhLw,929,5091,674,25183,https://www.twitch.tv/videos/2733820880
fe1abd28f3114015ac31ae1821e8dd3f,46000,1688804,941,715,4228,https://www.youtube.com/watch?v=SUhPubpIcZQ,941,715,4228,https://www.youtube.com/watch?v=SUhPubpIcZQ,0,0,0,,4640,769,543,1696,https://www.twitch.tv/videos/2746814818
3d786b116dbc437e8684d7b46567a1e5,45600,1580481,1124,688,3446,https://www.youtube.com/watch?v=IUT2J3KviC0,848,685,1226,https://www.youtube.com/watch?v=E5UcYzqHJBw,1915,756,3446,https://www.youtube.com/watch?v=IUT2J3KviC0,9581,1752,780,5677,https://www.twitch.tv/videos/2740175394
20f0e269ce554a00920de0444bc22aaf,45000,3905700,1433,463,19310,https://www.youtube.com/watch?v=2aX19VdsXSM,869,367,1433,https://www.youtube.com/watch?v=odrGAJD9jkM,2499,2029,19310,https://www.youtube.com/watch?v=2aX19VdsXSM,0,0,0,0,
177fe395a2704d10add06cb1466fa254,44400,3319895,11722,4491,149329,https://www.youtube.com/watch?v=qATPLo12D9o,8402,4169,15265,https://www.youtube.com/watch?v=AikQEEEKeDI,44250,14681,149329,https://www.youtube.com/watch?v=qATPLo12D9o,31287,22105,11689,42807,https://www.twitch.tv/videos/2744526511
a0d4fad2fd3d4e4981947642a9dbafc4,44000,3395228,1926,1228,4715,https://www.youtube.com/watch?v=6fcJS6rJVQE,1926,1228,4715,https://www.youtube.com/watch?v=6fcJS6rJVQE,0,0,0,,12110,2247,1005,3529,https://www.twitch.tv/videos/2750191813
1c6ebd51e0fc4ebab88347e853335c87,43800,2010390,2291,602,7142,https://www.youtube.com/watch?v=1eIDy6y5qGI,1065,431,7142,https://www.youtube.com/watch?v=1eIDy6y5qGI,2445,1017,5189,https://www.youtube.com/watch?v=0z09omPYeo0,1662,944,704,1700,https://www.twitch.tv/videos/2750465099
c25e6f38d6df447e84c4747ba6ac75cc,43200,1379459,8936,6139,82386,https://www.youtube.com/watch?v=uc4XTTqruUQ,7266,6329,26966,https://www.youtube.com/watch?v=JabK0E69CLo,13508,6031,82386,https://www.youtube.com/watch?v=uc4XTTqruUQ,0,0,0,0,
0825b7bbb6134dbc98a132cc1782fb1f,42900,1741513,577,231,1009,https://www.youtube.com/watch?v=v6v0__aR2Bg,577,231,1009,https://www.youtube.com/watch?v=v6v0__aR2Bg,0,0,0,,0,0,0,0,
dee8efe8990e458c915e4f6a6a16b49f,42700,5263182,182,82,399,https://www.youtube.com/watch?v=TQIFAc9aP-E,182,82,399,https://www.youtube.com/watch?v=TQIFAc9aP-E,0,0,0,,3320,0,0,0,
9a496e9b261f401dba4991a9f4c7048e,42500,1517520,1301,640,6560,https://www.youtube.com/watch?v=RXBWPPrdnYI,713,315,1301,https://www.youtube.com/watch?v=TQzFkvo1fio,4278,1482,6560,https://www.youtube.com/watch?v=RXBWPPrdnYI,0,0,0,0,
73b97b1a35c84579aa8ffcd6534efad3,42400,5797141,1591,625,21264,https://www.youtube.com/watch?v=kyaHMmGLvsU,894,404,2362,https://www.youtube.com/watch?v=FwBuSKvV_yc,5358,2950,21264,https://www.youtube.com/watch?v=kyaHMmGLvsU,10767,0,0,0,
5f6f102dd7cc4bfaa99e4cde16b85290,42100,2161754,1820,900,7584,https://www.youtube.com/watch?v=kJla_y6UhOc,1610,882,2697,https://www.youtube.com/watch?v=mM3ZyGQALi0,6994,2594,7584,https://www.youtube.com/watch?v=kJla_y6UhOc,7905,4327,2759,13901,https://www.twitch.tv/videos/2749154260
a9f28d3e3d2a4ecb93ff10955be791d1,41900,3001604,3130,2127,3966,https://www.youtube.com/watch?v=23xJALNSnBg,2990,2737,3966,https://www.youtube.com/watch?v=23xJALNSnBg,3130,2127,3130,https://www.youtube.com/watch?v=Pw1p3wc9EXU,16452,7063,2528,13540,https://www.twitch.tv/videos/2737890607
8150f530d858418282811429cc32622b,41100,2251933,458,234,2987,https://www.youtube.com/watch?v=9VXRjMbsKd0,450,216,2987,https://www.youtube.com/watch?v=9VXRjMbsKd0,2228,1324,2436,https://www.youtube.com/watch?v=vlRqAX0wqPE,12900,768,430,1608,https://www.twitch.tv/videos/2737959363
ed426712876641848613137bef236d26,40700,3804657,1493,759,9686,https://www.youtube.com/watch?v=_P13W26FOvs,1187,642,1571,https://www.youtube.com/watch?v=_vy0Tn0xo_8,3132,1418,9686,https://www.youtube.com/watch?v=_P13W26FOvs,9049,1429,850,2051,https://www.twitch.tv/videos/2747541963
14770d49681b44c1a6a7fcbdc265f539,40500,1842721,1905,428,5195,https://www.youtube.com/watch?v=aSXuX_PTqJo,1877,389,2827,https://www.youtube.com/watch?v=IsVwNzWmi5s,5195,428,5195,https://www.youtube.com/watch?v=aSXuX_PTqJo,0,0,0,0,
be6c475c291d45a0a7349abdb70be20d,40500,13000409,450,194,5096,https://www.youtube.com/watch?v=K_pGD6wCgHg,283,181,1290,https://www.youtube.com/watch?v=73A43hZjSd4,2509,725,5096,https://www.youtube.com/watch?v=K_pGD6wCgHg,0,0,0,0,
4b8137b8ba4e4a4dad994e2e07e351fe,40400,2484692,384,230,1202,https://www.youtube.com/watch?v=whNxHKKMHUw,369,121,386,https://www.youtube.com/watch?v=NeB5xIajTjk,1033,626,1202,https://www.youtube.com/watch?v=whNxHKKMHUw,2092,189,145,231,https://www.twitch.tv/videos/2747813705
6943bbfc993443d4b3853833b3bb1a66,40200,14995197,8775,1864,11838,https://www.youtube.com/watch?v=Khbel9tEw70,1033,51,1033,https://www.youtube.com/watch?v=SOoOVoow2YE,10306,4569,11838,https://www.youtube.com/watch?v=Khbel9tEw70,0,0,0,0,
5e98938ba0624235863dd2af8017fbe6,40100,1879415,1285,671,3507,https://www.youtube.com/watch?v=pmfViL8jc34,1295,682,3507,https://www.youtube.com/watch?v=pmfViL8jc34,636,538,636,https://www.youtube.com/watch?v=h50yg0FYzD8,0,0,0,0,
d1694c709e0f489fbd07fc9bc67c0a66,39800,1941333,536,322,1835,https://www.youtube.com/watch?v=66XFn8Gd7hM,520,310,1296,https://www.youtube.com/watch?v=ZaxH4A14XjQ,1581,387,1835,https://www.youtube.com/watch?v=66XFn8Gd7hM,2591,449,394,449,https://www.twitch.tv/videos/2748578616
192d2decee72410e8346c135c4ac6e00,39400,1570820,2897,1511,7403,https://www.youtube.com/watch?v=80uRIFTqA80,2897,1511,7403,https://www.youtube.com/watch?v=80uRIFTqA80,0,0,0,,2390,0,0,0,
e069724ddab54dd690d6c3425574effd,39000,6219826,1662,1007,27749,https://www.youtube.com/watch?v=z4fzHyne-VA,1295,745,2086,https://www.youtube.com/watch?v=xjvTK5foQpQ,7427,4084,27749,https://www.youtube.com/watch?v=z4fzHyne-VA,4620,0,0,0,
f928e57423634094b3d7d8461321c028,38100,955233,445,273,571,https://www.youtube.com/watch?v=9dmYUflA_LU,445,273,571,https://www.youtube.com/watch?v=9dmYUflA_LU,0,0,0,,3120,431,293,431,https://www.twitch.tv/videos/2743753205
80f7b111f0e044abae4c37f6a96b5957,38000,1090074,260,128,603,https://www.youtube.com/watch?v=ulF2L0t2qYA,260,128,603,https://www.youtube.com/watch?v=ulF2L0t2qYA,0,0,0,,0,0,0,0,
f6a8c59d8b8d4e009d4e147ec268cd73,37400,2001284,1945,1096,3380,https://www.youtube.com/watch?v=aDb-waV0aVI,1945,1096,3380,https://www.youtube.com/watch?v=aDb-waV0aVI,0,0,0,,4979,0,0,0,
7aba821c721e45bcb3d113652e9e8fb2,37100,1131900,1035,653,4293,https://www.youtube.com/watch?v=9vBt54UnZvA,977,641,1505,https://www.youtube.com/watch?v=XATWqYeET0c,4042,1000,4293,https://www.youtube.com/watch?v=9vBt54UnZvA,0,0,0,0,
5c7beefaa54444e3b0443d7abd93c1f7,36800,4244888,0,0,0,,0,0,0,,0,0,0,,4424,499,289,978,https://www.twitch.tv/videos/2736353573
c88554bbf263412da16e7a17fd03e467,36800,1977995,3637,1927,308969,https://www.youtube.com/watch?v=J0VgMRBQCxE,3080,1701,26208,https://www.youtube.com/watch?v=VwtRu5dvUmw,12804,5222,308969,https://www.youtube.com/watch?v=J0VgMRBQCxE,0,0,0,0,
a85d79e2323b4869a6f784c51218cd37,36500,3509974,2460,821,28588,https://www.youtube.com/watch?v=v_7LDSHxJ9g,1126,468,6016,https://www.youtube.com/watch?v=lZ352BLrtA0,3378,1232,28588,https://www.youtube.com/watch?v=v_7LDSHxJ9g,2057,320,283,2262,https://www.twitch.tv/videos/2743446430
84d68bef71304aa089c10d2c33c9a107,36500,3495286,1759,967,7270,https://www.youtube.com/watch?v=sidAiJm4aTI,1472,800,4503,https://www.youtube.com/watch?v=xRpneVil_ys,4563,2756,7270,https://www.youtube.com/watch?v=sidAiJm4aTI,0,0,0,0,
f928118054aa4e11aa4ec88504d8b886,36200,2104558,720,281,1374,https://www.youtube.com/watch?v=KNDOQItCceg,720,281,1374,https://www.youtube.com/watch?v=KNDOQItCceg,0,0,0,,2330,0,0,0,
dad6fb7439d744739755a9a7c6c18d20,36200,3218927,2564,1189,6077,https://www.youtube.com/watch?v=EOkJvH2J1Mk,1593,956,4092,https://www.youtube.com/watch?v=voo4uRHUl8w,4494,2413,6077,https://www.youtube.com/watch?v=EOkJvH2J1Mk,2780,429,406,873,https://www.twitch.tv/videos/2748543423
6baf9b6a84a44ab3a6979d98bff7ee21,35400,1516762,2145,873,6638,https://www.youtube.com/watch?v=2i9RNjbw90o,1521,730,3554,https://www.youtube.com/watch?v=4lOK8QMzdJM,4665,929,6638,https://www.youtube.com/watch?v=2i9RNjbw90o,0,0,0,0,
b08047f2566246ac995e03a5db727cfe,35100,88050,1605,668,2430,https://www.youtube.com/watch?v=8oCp_FSBI7c,781,326,781,https://www.youtube.com/watch?v=gahG4sRMd4A,2430,1010,2430,https://www.youtube.com/watch?v=8oCp_FSBI7c,7238,0,0,0,
8267ea37c12a471a8a038f501832e099,34600,2414069,1538,706,11811,https://www.youtube.com/watch?v=r6SaXsLiToc,1538,706,2025,https://www.youtube.com/watch?v=m3D_LZB3rxk,6631,1174,11811,https://www.youtube.com/watch?v=r6SaXsLiToc,0,0,0,0,
683c47ffba3246cb8574a6f2667208d1,34600,1127099,2370,1047,10406,https://www.youtube.com/watch?v=c5OK94le8dQ,1399,946,2373,https://www.youtube.com/watch?v=c6OHz2YrB4E,5880,2513,10406,https://www.youtube.com/watch?v=c5OK94le8dQ,10990,7653,3321,21191,https://www.twitch.tv/videos/2736118208
84a911e2b05f4919a32e0c1618e32a7d,34200,1067511,692,394,802,https://www.youtube.com/watch?v=g2XDaAP16wE,692,394,802,https://www.youtube.com/watch?v=g2XDaAP16wE,0,0,0,,0,0,0,0,
55be1972142c44799f83ce3db4f14fbd,34000,2741199,3843,1125,10375,https://www.youtube.com/watch?v=iObxoKonXEY,761,673,3519,https://www.youtube.com/watch?v=pOjBqbY0gpg,5072,1554,10375,https://www.youtube.com/watch?v=iObxoKonXEY,0,0,0,0,
6af8929143294c72b25a7108e79e2faf,34000,2212473,792,313,2871,https://www.youtube.com/watch?v=smkm9KGvjm0,792,313,2871,https://www.youtube.com/watch?v=smkm9KGvjm0,0,0,0,,0,0,0,0,
6929e06cd9ed49739cadaa35115847c7,33800,2259552,1195,455,3808,https://www.youtube.com/watch?v=49LxNNE3tY4,1164,455,3808,https://www.youtube.com/watch?v=49LxNNE3tY4,2655,501,3304,https://www.youtube.com/watch?v=6enRZOBGpS0,0,0,0,0,
32b5b05c6e0f4747a8c0932d06f97f8c,33300,2029318,2338,723,13015,https://www.youtube.com/watch?v=r3eraGagZDM,2020,723,4105,https://www.youtube.com/watch?v=uvqD5rEO8qs,8651,1430,13015,https://www.youtube.com/watch?v=r3eraGagZDM,4702,1230,169,1230,https://www.twitch.tv/videos/2730388989
93bad1d4b0c54c8781e3775d13a62c38,33300,1089410,142,76,1356,https://www.youtube.com/watch?v=B04NJ3ifKqY,133,83,162,https://www.youtube.com/watch?v=cPFB3mo2eDA,909,64,1356,https://www.youtube.com/watch?v=B04NJ3ifKqY,676,0,0,0,
d6c4708f6eb94ac6ad7668363b132248,32800,1023236,366,219,2319,https://www.youtube.com/watch?v=rtxJVSG1VSg,362,200,2110,https://www.youtube.com/watch?v=er7wmAhoKRA,1199,370,2319,https://www.youtube.com/watch?v=rtxJVSG1VSg,0,0,0,0,
9ca368e73d514656ade48dc946f55956,32700,4189686,0,0,0,,0,0,0,,0,0,0,,9129,910,438,1665,https://www.twitch.tv/videos/2729678718
334133534368487780dfa99b7c9f5949,32000,17730902,109,16,151,https://www.youtube.com/watch?v=6htk5TzQRIA,109,16,151,https://www.youtube.com/watch?v=6htk5TzQRIA,0,0,0,,0,0,0,0,
b0f523194beb4abca2b433e9e41d912c,32000,1739356,1120,472,3496,https://www.youtube.com/watch?v=MlJR_FxqHWo,1042,463,1798,https://www.youtube.com/watch?v=qWSTLEk8ciQ,2205,957,3496,https://www.youtube.com/watch?v=MlJR_FxqHWo,11993,0,0,0,
13a4e83f2bbc4d18bb27520a4dceef72,31900,7876612,16372,1790,27000,https://www.youtube.com/watch?v=JixKGJoFDdQ,4343,1796,4343,https://www.youtube.com/watch?v=VQ8Pf1bfyVE,24152,1783,27000,https://www.youtube.com/watch?v=JixKGJoFDdQ,57446,44157,21836,71582,https://www.twitch.tv/videos/2734435056
1edf4940878546569e52dd06c95b8581,31500,2259319,465,204,6055,https://www.youtube.com/watch?v=vbENiq-EU2E,439,191,1075,https://www.youtube.com/watch?v=NJyiVk-5Slg,1566,598,6055,https://www.youtube.com/watch?v=vbENiq-EU2E,0,0,0,0,
e150e350532b4327b26989dd43cd3bad,31400,1995810,875,521,1752,https://www.youtube.com/watch?v=Z3ZveTPI9gM,857,585,875,https://www.youtube.com/watch?v=fLRXnkD0it8,1752,56,1752,https://www.youtube.com/watch?v=Z3ZveTPI9gM,1066,0,0,0,
b42416c629e64c948f75aff4ff5c9a8a,31300,1227885,1160,316,1896,https://www.youtube.com/watch?v=3DwMnraelSM,555,196,827,https://www.youtube.com/watch?v=CQ7sm4xNCjA,1694,913,1896,https://www.youtube.com/watch?v=3DwMnraelSM,3724,0,0,0,
ad56a56e509c4b6fa0cf11ca959e3c72,31300,75803,654,195,1604,https://www.youtube.com/watch?v=lVqHffLN6q8,653,206,995,https://www.youtube.com/watch?v=nWM5E5zaZ2k,1604,3,1604,https://www.youtube.com/watch?v=lVqHffLN6q8,132,0,0,0,
e1b2266a00c04e81bd868ae2fbff7848,31100,1635985,2870,625,12366,https://www.youtube.com/watch?v=YafzLftm9aY,970,718,2870,https://www.youtube.com/watch?v=t-s4gf6KGdQ,6542,625,12366,https://www.youtube.com/watch?v=YafzLftm9aY,0,0,0,0,
9f649d90164140bdb0e38f7e835c183b,31000,1863016,921,522,2842,https://www.youtube.com/watch?v=u_2oiY_6_ds,921,522,2842,https://www.youtube.com/watch?v=u_2oiY_6_ds,0,0,0,,0,0,0,0,
31f17632340f4e7fbd0ced07193dd81b,31000,560836,436,215,6204,https://www.youtube.com/watch?v=f5Ih7nJ-XoY,429,215,568,https://www.youtube.com/watch?v=mFJq3Q5zUOY,5147,998,6204,https://www.youtube.com/watch?v=f5Ih7nJ-XoY,0,0,0,0,
d81d1032a43642eca36e82ba9a3c39c5,30800,1190754,0,0,0,,0,0,0,,0,0,0,,11246,695,615,795,https://www.twitch.tv/videos/2746233343
099a5fd0d27d4fc892f684793ac18c99,30500,3890936,1909,822,3916,https://www.youtube.com/watch?v=2uybp80V1cA,627,527,780,https://www.youtube.com/watch?v=4pttxNwLa2g,2153,1152,3916,https://www.youtube.com/watch?v=2uybp80V1cA,0,0,0,0,
5b996b6eca90491cb8e1a43de23b2388,30100,818410,1590,433,4342,https://www.youtube.com/watch?v=cTB3F88nxhA,1727,690,4342,https://www.youtube.com/watch?v=cTB3F88nxhA,1034,282,1311,https://www.youtube.com/watch?v=aMTq2tR8XFo,0,0,0,0,
b6f68e0e323f45458752f3a7ec6a08f2,29400,2344793,1763,542,9971,https://www.youtube.com/watch?v=ZYnDlXukAEg,1256,284,2075,https://www.youtube.com/watch?v=8J6pp4DGzvI,3821,2248,9971,https://www.youtube.com/watch?v=ZYnDlXukAEg,3744,1113,571,2221,https://www.twitch.tv/videos/2743608783
02d67d58d59644be9cdf0b1179419637,29300,1916112,1668,245,6126,https://www.youtube.com/watch?v=r8oYACoBYBM,271,174,585,https://www.youtube.com/watch?v=wkZsplgRXbI,3447,1253,6126,https://www.youtube.com/watch?v=r8oYACoBYBM,2575,594,474,925,https://www.twitch.tv/videos/2741225279
9af7c10c618844f08a327d38753124bd,29300,1402772,1581,653,1581,https://www.youtube.com/watch?v=Gbmcqb0RVgw,0,0,0,,1581,653,1581,https://www.youtube.com/watch?v=Gbmcqb0RVgw,17906,1852,959,4008,https://www.twitch.tv/videos/2741217653
bc0b8c437eda4361b2a10003013f49cf,29200,342107,0,0,0,,0,0,0,,0,0,0,,0,0,0,0,
bac1f0b8e8d149d4a48cfd30d7d7ad74,28900,2130328,593,217,1625,https://www.youtube.com/watch?v=EVn6OUCmcx8,592,217,981,https://www.youtube.com/watch?v=YsxUVSg3cb4,1596,252,1625,https://www.youtube.com/watch?v=EVn6OUCmcx8,0,0,0,0,
d35707348d554507a98f97eb59230efc,28900,2023052,875,402,64628,https://www.youtube.com/watch?v=ckRb58RNvM4,850,386,1578,https://www.youtube.com/watch?v=R3FEAktoFVE,2497,1771,64628,https://www.youtube.com/watch?v=ckRb58RNvM4,4447,809,519,1092,https://www.twitch.tv/videos/2746709336
4fd17e8877024633876c5d85bc81e56b,28800,4126844,907,469,25956,https://www.youtube.com/watch?v=3rv7uDk8Ljg,807,372,1337,https://www.youtube.com/watch?v=UzknHbyO6yY,3837,1692,25956,https://www.youtube.com/watch?v=3rv7uDk8Ljg,0,0,0,0,
fe569b0c059e406daf57eb2acd11cc21,28500,1680183,615,299,5181,https://www.youtube.com/watch?v=Hy_-ahkr3hs,559,271,5181,https://www.youtube.com/watch?v=Hy_-ahkr3hs,1379,508,2066,https://www.youtube.com/watch?v=omH0SimR4OI,0,0,0,0,
6f9d63518a69442a88ac602a3b37bf18,28500,1552228,488,240,2164,https://www.youtube.com/watch?v=BcOzICxTTlc,470,207,1606,https://www.youtube.com/watch?v=vH_W721_guM,1586,729,2164,https://www.youtube.com/watch?v=BcOzICxTTlc,0,0,0,0,
3be86a2a9cb447f393d235132e157789,28400,2571367,1745,632,2963,https://www.youtube.com/watch?v=EF_Gi5nNt_o,1745,632,2963,https://www.youtube.com/watch?v=EF_Gi5nNt_o,0,0,0,,0,0,0,0,
19234cc590224c45912a14487f756dc5,28300,2164067,3354,694,7415,https://www.youtube.com/watch?v=ClWaGyjXgUE,0,0,0,,3354,694,7415,https://www.youtube.com/watch?v=ClWaGyjXgUE,12234,3364,1038,5524,https://www.twitch.tv/videos/2729593220
5ba11a0bf35147d499259ad5608a7de1,28200,2070077,737,236,7450,https://www.youtube.com/watch?v=ydPcaqFsB8s,645,131,4215,https://www.youtube.com/watch?v=eW2939wUPPM,1254,528,7450,https://www.youtube.com/watch?v=ydPcaqFsB8s,4365,0,0,0,
f7c48554816643cdb8d343e6e9e6d313,28200,1564551,1475,767,2024,https://www.youtube.com/watch?v=IlQgN9zUIRA,1749,1214,2024,https://www.youtube.com/watch?v=IlQgN9zUIRA,1157,10,1157,https://www.youtube.com/watch?v=ZBsDcmROWeY,12816,1661,608,3172,https://www.twitch.tv/videos/2742545699
59110c6bf6e64ce6bdf86b40246dc106,28100,1424818,788,355,2176,https://www.youtube.com/watch?v=R3yeaUEqFQU,788,355,2176,https://www.youtube.com/watch?v=R3yeaUEqFQU,0,0,0,,0,0,0,0,
73ae80b091f542358d7a5bf8905c28f3,28100,2720002,2997,1161,75742,https://www.youtube.com/watch?v=wX-8m-VYP1o,1294,734,2997,https://www.youtube.com/watch?v=oCJ54Vtphic,5906,2742,75742,https://www.youtube.com/watch?v=wX-8m-VYP1o,6776,2181,808,4580,https://www.twitch.tv/videos/2729578542
d1dd83b6e8a24df4b61f766cff45113c,28100,15835105,390,195,6635,https://www.youtube.com/watch?v=teqV5mH8aZ8,205,135,2695,https://www.youtube.com/watch?v=WhgApJrB_0U,1583,385,6635,https://www.youtube.com/watch?v=teqV5mH8aZ8,555,0,0,0,
14d83faa414c415097d577d2da9636ce,27700,968162,282,139,867,https://www.youtube.com/watch?v=KXMux9DWHMI,264,100,314,https://www.youtube.com/watch?v=hNvkyxHCKS0,867,639,867,https://www.youtube.com/watch?v=KXMux9DWHMI,0,0,0,0,
3197e5649c65405cbbe6e5f1a44cf8e1,27700,1458426,444,160,1571,https://www.youtube.com/watch?v=iIac_1_lv04,415,228,1070,https://www.youtube.com/watch?v=f3ySvzbYvUA,906,29,1571,https://www.youtube.com/watch?v=iIac_1_lv04,0,0,0,0,
9e05802075c343a3bf2778550d5157da,26600,1346244,2168,582,4431,https://www.youtube.com/watch?v=j2ZuEBYP9H8,96,36,123,https://www.youtube.com/watch?v=9oyPSpHrnpM,2861,1526,4431,https://www.youtube.com/watch?v=j2ZuEBYP9H8,0,0,0,0,
491a6000ce4b472c9b4f8c1dcfdb772c,26300,6179146,2391,907,39964,https://www.youtube.com/watch?v=5WW5stKblyA,214,89,214,https://www.youtube.com/watch?v=v8IAzmup12Y,2459,1036,39964,https://www.youtube.com/watch?v=5WW5stKblyA,1076,0,0,0,
5d00575c06d74f588238857d7dec1b02,25900,3110744,1470,726,20645,https://www.youtube.com/watch?v=N91trvrtM7E,1193,597,2271,https://www.youtube.com/watch?v=ymaC4DBZIWU,7225,1960,20645,https://www.youtube.com/watch?v=N91trvrtM7E,0,0,0,0,
8a0b024373544f31b54e5a6cadb124dc,25800,1503033,890,493,9720,https://www.youtube.com/watch?v=sF4nWLher5E,696,397,1662,https://www.youtube.com/watch?v=TKMGwA3FbPk,7492,2595,9720,https://www.youtube.com/watch?v=sF4nWLher5E,1763,939,704,1311,https://www.twitch.tv/videos/2740381216
f2a403cb46354371837550730a397bd1,25600,1453185,615,167,1339,https://www.youtube.com/watch?v=PRzv3hYaeHM,362,156,401,https://www.youtube.com/watch?v=kPxpPGLUYlw,1084,167,1339,https://www.youtube.com/watch?v=PRzv3hYaeHM,0,0,0,0,
aa1ff405338c41b98ff7197eb4d90349,25500,1207778,837,203,2664,https://www.youtube.com/watch?v=6XvY0NV__-4,410,169,1004,https://www.youtube.com/watch?v=fEWVnLGvA0s,1270,1133,2664,https://www.youtube.com/watch?v=6XvY0NV__-4,0,0,0,0,
22c8ee785f7446e5978bab336fda92cb,25300,2135675,1010,656,3241,https://www.youtube.com/watch?v=j_vUKk8h_fQ,1010,656,3241,https://www.youtube.com/watch?v=j_vUKk8h_fQ,0,0,0,,0,0,0,0,
691e8a5f258c4c17b70b6b489b0ad04d,25300,1636399,1196,609,40886,https://www.youtube.com/watch?v=UZHTJyCHO_4,1138,534,2526,https://www.youtube.com/watch?v=iyNPQIA9a-I,22409,3486,40886,https://www.youtube.com/watch?v=UZHTJyCHO_4,0,0,0,0,
f0a395b14fa34e64ba1aaedb906c7dd3,24900,321072,0,0,0,,0,0,0,,0,0,0,,0,0,0,0,
8dbec1de49be44d897f1c894427f3165,24500,722030,449,213,1661,https://www.youtube.com/watch?v=ZqgA0M87868,449,213,1661,https://www.youtube.com/watch?v=ZqgA0M87868,0,0,0,,3791,425,323,693,https://www.twitch.tv/videos/2742091085
824c0c36956f4a73bb3ec479dd8e4da8,24300,1051379,1111,419,3714,https://www.youtube.com/watch?v=BWX-5p3zDF4,277,135,277,https://www.youtube.com/watch?v=KimXh1nolKc,2412,614,3714,https://www.youtube.com/watch?v=BWX-5p3zDF4,2430,0,0,0,
03c018f2d3064da6ac4899bef1d600c5,24300,1045442,20063,3614,61715,https://www.youtube.com/watch?v=uhjq75yF8JU,0,0,0,,20063,3614,61715,https://www.youtube.com/watch?v=uhjq75yF8JU,36038,12992,5879,18687,https://www.twitch.tv/videos/2749386523
a667c79cb8284de29d5843dc3eafcc57,23600,458948,572,293,4628,https://www.youtube.com/watch?v=lrVnQ7oa3Ug,548,218,4309,https://www.youtube.com/watch?v=chci4qskEME,4628,2038,4628,https://www.youtube.com/watch?v=lrVnQ7oa3Ug,0,0,0,0,
25388daec64e40f38ca0e5a3a88fedb7,23500,957421,371,188,4007,https://www.youtube.com/watch?v=oUGfzfvK6kE,347,184,987,https://www.youtube.com/watch?v=N3jYwIOt8cw,1578,487,4007,https://www.youtube.com/watch?v=oUGfzfvK6kE,3363,0,0,0,
a060cd640cf44c2bb8d78d8ff2411e68,23400,1010798,580,253,2596,https://www.youtube.com/watch?v=vi__-uYZJA8,499,217,1231,https://www.youtube.com/watch?v=bE2MkaD23TA,2327,1290,2596,https://www.youtube.com/watch?v=vi__-uYZJA8,0,0,0,0,
28a930938667442288010b333937e2ab,23300,1837571,2078,907,3301,https://www.youtube.com/watch?v=fLbGcGumVSo,0,0,0,,2078,907,3301,https://www.youtube.com/watch?v=fLbGcGumVSo,10514,1616,749,2236,https://www.twitch.tv/videos/2734494408
ae4eaef845fc4daaa8106a51a590e145,23200,1243788,538,226,2691,https://www.youtube.com/watch?v=cK7BL09UPI0,534,189,2099,https://www.youtube.com/watch?v=alCHFmN_uIc,2691,2182,2691,https://www.youtube.com/watch?v=cK7BL09UPI0,0,0,0,0,
f13832094d8b40fbb95d07732aa3c3c7,23200,401673,738,346,1926,https://www.youtube.com/watch?v=DSoRx3D5bdQ,696,334,1253,https://www.youtube.com/watch?v=dMhBj8lg-Z4,1513,789,1926,https://www.youtube.com/watch?v=DSoRx3D5bdQ,0,0,0,0,
7c00b7dc73a240dc84d68be389732a0c,23200,1094970,259,130,410,https://www.youtube.com/watch?v=h5A65jbSNGM,249,106,267,https://www.youtube.com/watch?v=eK2lEzuVEtI,410,315,410,https://www.youtube.com/watch?v=h5A65jbSNGM,0,0,0,0,
67d348e6690c43729cce031e70a26645,23200,1064059,9313,5685,10471,https://www.youtube.com/watch?v=d5pyQZ_bYEs,0,0,0,,9313,5685,10471,https://www.youtube.com/watch?v=d5pyQZ_bYEs,29796,3759,2043,8237,https://www.twitch.tv/videos/2750126609
f0b85b56d1d84085aca5ab7f592bd7da,23100,2023485,219,107,37235,https://www.youtube.com/watch?v=t2AxbcA1e3c,216,96,537,https://www.youtube.com/watch?v=21BZOVs3Xlc,34587,3314,37235,https://www.youtube.com/watch?v=t2AxbcA1e3c,0,0,0,0,
dcebd098c3ea479ba2b0e32a2696a5ec,23100,860541,651,310,3263,https://www.youtube.com/watch?v=oevRSJswqXU,647,297,783,https://www.youtube.com/watch?v=KLNGT-71kUQ,3263,3075,3263,https://www.youtube.com/watch?v=oevRSJswqXU,0,0,0,0,
2be709cdd22f4a63a95504731ba79afd,23000,968784,630,255,2326,https://www.youtube.com/watch?v=VGlbvwn7_og,603,230,907,https://www.youtube.com/watch?v=ub_-BsDmt_4,2326,1968,2326,https://www.youtube.com/watch?v=VGlbvwn7_og,0,0,0,0,
951dd0b605d04163b38de18262e9a438,22900,627403,0,0,0,,0,0,0,,0,0,0,,1477,297,199,297,https://www.twitch.tv/videos/2743579115
da4a58b114b94469a0a93f6b8ee7512d,22500,817185,560,165,1193,https://www.youtube.com/watch?v=zIWfZFZ-510,545,133,1193,https://www.youtube.com/watch?v=zIWfZFZ-510,879,497,879,https://www.youtube.com/watch?v=GfSKjMELI0A,12387,248,102,693,https://www.twitch.tv/videos/2743675436
59f5e287671149398135c5c08b5ed2f7,22500,621079,2398,823,4875,https://www.youtube.com/watch?v=eV8B7kHrjl8,0,0,0,,2398,823,4875,https://www.youtube.com/watch?v=eV8B7kHrjl8,152,0,0,0,
18bd2d37e2e64f0cab20ec6a2b2f2474,22400,1031138,594,272,3285,https://www.youtube.com/watch?v=OmQiyV-hFWA,531,239,740,https://www.youtube.com/watch?v=S_VGHubIv-w,2306,1356,3285,https://www.youtube.com/watch?v=OmQiyV-hFWA,3006,532,389,735,https://www.twitch.tv/videos/2742145086
6dfe72bb90994dceb7b753908876307d,22300,1440997,760,314,17281,https://www.youtube.com/watch?v=Tfb7ulqpCdQ,725,278,1427,https://www.youtube.com/watch?v=J4hJnOm6UdU,4916,2397,17281,https://www.youtube.com/watch?v=Tfb7ulqpCdQ,0,0,0,0,
75ddc749133b4c498eb35ceac1e2a0b2,22200,2666144,472,231,1706,https://www.youtube.com/watch?v=Z5WXNquTwtk,471,228,845,https://www.youtube.com/watch?v=v6fizsAZZsk,1706,1436,1706,https://www.youtube.com/watch?v=Z5WXNquTwtk,0,0,0,0,
05317bcbe5f243abb85618d2669bd0d7,22200,399573,70,47,629,https://www.youtube.com/watch?v=gcA6jar-QQw,58,50,201,https://www.youtube.com/watch?v=Wpy-wuYMY0Q,221,29,629,https://www.youtube.com/watch?v=gcA6jar-QQw,0,0,0,0,
c0c35f0471774be2b33163ae20f2d6bb,22200,1305083,456,282,8332,https://www.youtube.com/watch?v=6wUndDxCkkk,440,266,2240,https://www.youtube.com/watch?v=wtUcVjU81D0,3959,436,8332,https://www.youtube.com/watch?v=6wUndDxCkkk,0,0,0,0,
3809ec8a42634d11aa1b7b8f99755c6a,22100,1838233,5958,85,18847,https://www.youtube.com/watch?v=1EGj_YIT_fg,0,0,0,,5958,85,18847,https://www.youtube.com/watch?v=1EGj_YIT_fg,67263,4129,1910,11638,https://www.twitch.tv/videos/2741841004
3e6a09fe4ef744f987e27ae0f06cdf09,21900,660377,368,185,1313,https://www.youtube.com/watch?v=ZzPK0Ic4JP0,361,163,651,https://www.youtube.com/watch?v=jA4SDCQ_8Mo,1139,970,1313,https://www.youtube.com/watch?v=ZzPK0Ic4JP0,0,0,0,0,
7754dca48f524b938314a2b346772e4e,21600,1641605,1146,507,9278,https://www.youtube.com/watch?v=gwWPdpSxGeE,947,417,3309,https://www.youtube.com/watch?v=yurJdqqKdrk,6686,4545,9278,https://www.youtube.com/watch?v=gwWPdpSxGeE,0,0,0,0,
60716febdfe949248e8f67d85634bec5,21600,8274921,139,111,556,https://www.youtube.com/watch?v=uXui3nI08y4,0,0,0,,139,111,556,https://www.youtube.com/watch?v=uXui3nI08y4,0,0,0,0,
532b143e82d6452fac9a18d1d025a2af,21500,423345,258,119,2217,https://www.youtube.com/watch?v=nBANNj05H_o,241,105,938,https://www.youtube.com/watch?v=KjZe_B5FBX4,777,249,2217,https://www.youtube.com/watch?v=nBANNj05H_o,0,0,0,0,
ffe3f2e400ab4237ac873ae9d5a0eda4,21300,840244,1596,496,5228,https://www.youtube.com/watch?v=rGa7yanhY1U,878,427,2105,https://www.youtube.com/watch?v=VSPhGz7HckU,2324,1202,5228,https://www.youtube.com/watch?v=rGa7yanhY1U,0,0,0,0,
ec4bc8d279af43eaba4679b762bbbc59,21300,821750,0,0,0,,0,0,0,,0,0,0,,0,0,0,0,
0f2ad43c618943d19d5101f2d3c49ac9,20800,975999,856,310,1631,https://www.youtube.com/watch?v=POIHOusUcfQ,0,0,0,,856,310,1631,https://www.youtube.com/watch?v=POIHOusUcfQ,178,0,0,0,
b63a5ee44acf4498827a3fd984ab23e0,20700,1437828,866,383,1657,https://www.youtube.com/watch?v=CQkfT0FmFxc,866,383,1657,https://www.youtube.com/watch?v=CQkfT0FmFxc,0,0,0,,0,0,0,0,
53c811a3e7814de2b76dd4e0c241a9e5,20700,647531,160,79,1511,https://www.youtube.com/watch?v=QxMw0bsyip8,149,87,654,https://www.youtube.com/watch?v=VIEjht70dXQ,1511,74,1511,https://www.youtube.com/watch?v=QxMw0bsyip8,617,0,0,0,
38fcf8bc7f3f45d68bab44577c019c84,20600,730006,303,176,12356,https://www.youtube.com/watch?v=hTkv5nTr8K8,241,91,344,https://www.youtube.com/watch?v=1e63DHWJQZI,1544,500,12356,https://www.youtube.com/watch?v=hTkv5nTr8K8,0,0,0,0,
accbad7e89df4174a13b68edcae74068,20600,791197,485,208,10403,https://www.youtube.com/watch?v=mkz53j2dhvo,387,195,1007,https://www.youtube.com/watch?v=IxCj4f6uPW4,1465,399,10403,https://www.youtube.com/watch?v=mkz53j2dhvo,738,0,0,0,
7cecb437e7a54e07a29c3a164565957d,20500,1202772,954,462,4030,https://www.youtube.com/watch?v=cwxLNyYHVd4,754,476,2046,https://www.youtube.com/watch?v=MnLPdsoLBrs,2598,394,4030,https://www.youtube.com/watch?v=cwxLNyYHVd4,0,0,0,0,
67d6807619064938a78832b4106de5c0,20500,893522,108,66,240,https://www.youtube.com/watch?v=mJlgRXtAczY,108,66,240,https://www.youtube.com/watch?v=mJlgRXtAczY,0,0,0,,3243,165,131,225,https://www.twitch.tv/videos/2742114605
2ba32c49f08849f9a109b7e485c9c5a5,20500,898571,1373,433,13012,https://www.youtube.com/watch?v=uoJsyxFGaPo,908,396,1556,https://www.youtube.com/watch?v=Ue8sOnwnylQ,2118,793,13012,https://www.youtube.com/watch?v=uoJsyxFGaPo,0,0,0,0,
cd88de8b4bc84a71975df9afb42192b8,20400,477050,1604,689,16167,https://www.youtube.com/watch?v=lx8kD_fYAqQ,1386,630,16167,https://www.youtube.com/watch?v=lx8kD_fYAqQ,7417,4052,7417,https://www.youtube.com/watch?v=pmmYyNCMdBM,4112,0,0,0,
f7c8264349654390a5e39810dc012a38,20400,1423471,536,279,1644,https://www.youtube.com/watch?v=dDd83hp-FzY,0,0,0,,536,279,1644,https://www.youtube.com/watch?v=dDd83hp-FzY,0,0,0,0,
9d0fb5c59ea745f09934f3cfd932c393,20400,2835249,3624,1126,15006,https://www.youtube.com/watch?v=2EnuZNvmHQo,552,236,852,https://www.youtube.com/watch?v=xVTJKBHJc-M,6332,2328,15006,https://www.youtube.com/watch?v=2EnuZNvmHQo,0,0,0,0,
365db081229a4efeb4630f19587a96b2,20300,1217037,676,400,4514,https://www.youtube.com/watch?v=hspUE3HH8Yg,530,306,3047,https://www.youtube.com/watch?v=5ZkhUF1BD68,1992,1138,4514,https://www.youtube.com/watch?v=hspUE3HH8Yg,0,0,0,0,
e9a9d88bf69e4c83842fe05b3ae1601b,20300,1101546,484,445,6591,https://www.youtube.com/watch?v=6t_EnI5g0i0,484,445,484,https://www.youtube.com/watch?v=MIUNxGbCjAg,3505,423,6591,https://www.youtube.com/watch?v=6t_EnI5g0i0,13300,1159,690,2767,https://www.twitch.tv/videos/2728837176
adc9d30b5940427e96ae92238f0f8b83,20100,565704,467,217,8829,https://www.youtube.com/watch?v=oMAFg3rEido,277,120,2620,https://www.youtube.com/watch?v=RjPsE7PU_Eo,1766,758,8829,https://www.youtube.com/watch?v=oMAFg3rEido,866,0,0,0,
3e19e054b479401da231ebc3d3fab628,20000,624357,0,0,0,,0,0,0,,0,0,0,,0,0,0,0,
c9ece3513c804b3db003cd8fca683857,19900,778797,0,0,0,,0,0,0,,0,0,0,,8588,0,0,0,
36a96262405a4d4683db73d8403bf8b7,19700,1247754,1159,316,2633,https://www.youtube.com/watch?v=_ZZp_YOekvI,726,255,1482,https://www.youtube.com/watch?v=H4kSEmWr_o8,1341,514,2633,https://www.youtube.com/watch?v=_ZZp_YOekvI,567,0,0,0,
88f782b3b6c6492c926f70e4a13390c9,19700,804602,333,221,1453,https://www.youtube.com/watch?v=-nA4QXUgnzE,325,193,595,https://www.youtube.com/watch?v=RF5HQzYKoHI,959,553,1453,https://www.youtube.com/watch?v=-nA4QXUgnzE,834,270,220,843,https://www.twitch.tv/videos/2741044507
7b58646f89cb4b7cbcdce819499c475f,19500,381499,0,0,0,,0,0,0,,0,0,0,,0,0,0,0,
c540124532e14ceb8e9ffc654a0ec4c9,19500,28691184,630,451,46680,https://www.youtube.com/watch?v=iFbinc2gYy4,303,140,2001,https://www.youtube.com/watch?v=bT3co3mHcr8,12900,5023,46680,https://www.youtube.com/watch?v=iFbinc2gYy4,1589,69,52,224,https://www.twitch.tv/videos/2743588150
05e831b267914fc5b4d9b28de1f648dc,19200,947657,0,0,0,,0,0,0,,0,0,0,,0,0,0,0,
de266b34e79c49b48fa566e9fb1a24af,18900,1310759,778,452,1313,https://www.youtube.com/watch?v=50dM2YpHfPs,778,452,1313,https://www.youtube.com/watch?v=50dM2YpHfPs,0,0,0,,599,0,0,0,
cdb5c89f61c94949a989457cf549b7e4,18800,1527597,666,298,2405,https://www.youtube.com/watch?v=pxQ4T1GhUS0,618,268,780,https://www.youtube.com/watch?v=w_DwWb-fRNg,976,382,2405,https://www.youtube.com/watch?v=pxQ4T1GhUS0,0,0,0,0,
2c05340bb152419ebe0bd3fb6a78da80,18600,1831042,855,406,7040,https://www.youtube.com/watch?v=L1Moj-ndH9c,827,339,2502,https://www.youtube.com/watch?v=4puOuQGVPgc,2650,987,7040,https://www.youtube.com/watch?v=L1Moj-ndH9c,0,0,0,0,
6548fd18ecf84bd88112cd5babfa2a66,18600,649889,410,163,8256,https://www.youtube.com/watch?v=Zf7T4b437_0,311,127,498,https://www.youtube.com/watch?v=fLXFeFdjA9Y,1971,556,8256,https://www.youtube.com/watch?v=Zf7T4b437_0,2523,0,0,0,
ef67b676c0334ef182151f473469c1f1,18600,1092025,973,349,1968,https://www.youtube.com/watch?v=rsZ4ix5RzF0,607,259,1634,https://www.youtube.com/watch?v=bRrtVJdD3SE,1510,660,1968,https://www.youtube.com/watch?v=rsZ4ix5RzF0,0,0,0,0,
6c0758764e674c6db2f985710fcfbd7b,18500,1243042,1130,478,4546,https://www.youtube.com/watch?v=aQUHHlXOQX0,811,309,1204,https://www.youtube.com/watch?v=2jpkUO5ivcI,2427,1308,4546,https://www.youtube.com/watch?v=aQUHHlXOQX0,0,0,0,0,
ebc44e2ba78f4790b832d02c31410262,18100,671355,243,110,3436,https://www.youtube.com/watch?v=jMzYscoKhVY,202,88,503,https://www.youtube.com/watch?v=RvIuV8stZjc,1711,968,3436,https://www.youtube.com/watch?v=jMzYscoKhVY,506,247,201,685,https://www.twitch.tv/videos/2751002549
05be4fb717614738a87daac46157ddb1,18000,1231427,397,148,1439,https://www.youtube.com/watch?v=yEvoY1T-AV0,346,148,679,https://www.youtube.com/watch?v=ggxk-wpeXTw,1247,312,1439,https://www.youtube.com/watch?v=yEvoY1T-AV0,0,0,0,0,
0bfd032de03c48a4bd7d1f4505335a7d,17900,810523,307,209,599,https://www.youtube.com/watch?v=JII0tO3N8tY,307,211,599,https://www.youtube.com/watch?v=JII0tO3N8tY,167,147,167,https://www.youtube.com/watch?v=5w-DVYVQSqE,0,0,0,0,
aaa45dc386714427ba862f691d4471ac,17800,1689743,1526,532,3273,https://www.youtube.com/watch?v=vzXOWfVvZ0U,571,309,1526,https://www.youtube.com/watch?v=tKlr1LRAKT8,2118,1345,3273,https://www.youtube.com/watch?v=vzXOWfVvZ0U,1504,0,0,0,
ed3f69b9de7c43f3a32b4e7dfdb5bfd0,17700,642617,207,133,6311,https://www.youtube.com/watch?v=J6ij2zd0WBU,193,113,334,https://www.youtube.com/watch?v=n1BDMrHK25I,1692,431,6311,https://www.youtube.com/watch?v=J6ij2zd0WBU,0,0,0,0,
090be1be8d29429183e190e22fc4be22,17600,1074288,275,79,2476,https://www.youtube.com/watch?v=lU2xPBLMdbg,172,46,2476,https://www.youtube.com/watch?v=lU2xPBLMdbg,1861,824,2394,https://www.youtube.com/watch?v=6l1a-zFaoR0,3847,297,265,531,https://www.twitch.tv/videos/2746100711
6c7a8b443aa942a89a83485c98d10559,17400,1529853,299,138,614,https://www.youtube.com/watch?v=vjYVKiQCLPQ,282,116,614,https://www.youtube.com/watch?v=vjYVKiQCLPQ,359,159,359,https://www.youtube.com/watch?v=HOeQM_kJ0AA,0,0,0,0,
936b23e5e87144108c5d3f09f194c8b8,17300,1351307,250,152,356,https://www.youtube.com/watch?v=MMe1b92KBEA,250,152,356,https://www.youtube.com/watch?v=MMe1b92KBEA,0,0,0,,6859,0,0,0,
139f3f1818a2420aa35d5471adaf1a73,16900,604036,290,175,988,https://www.youtube.com/watch?v=vuwNGq62flI,290,175,988,https://www.youtube.com/watch?v=vuwNGq62flI,0,0,0,,0,0,0,0,
bf58297d50a741e5b1808ec4c445f216,16700,3799926,723,314,62148,https://www.youtube.com/watch?v=1-uqubxYB1I,308,173,507,https://www.youtube.com/watch?v=saoNeJ_TyDA,11898,2020,62148,https://www.youtube.com/watch?v=1-uqubxYB1I,0,0,0,0,
470d1cb40a5e460e8cdc1414c5fd1a34,16700,358215,1545,182,2637,https://www.youtube.com/watch?v=3Vzbku6GnJo,1545,182,2637,https://www.youtube.com/watch?v=3Vzbku6GnJo,0,0,0,,1294,0,0,0,
2ada3b89962b479bb8dbd2a63bca5da1,16700,1220197,395,158,1487,https://www.youtube.com/watch?v=bi7140Xw9Lo,379,190,1487,https://www.youtube.com/watch?v=bi7140Xw9Lo,1113,46,1113,https://www.youtube.com/watch?v=o3puN4Yo2YA,0,0,0,0,
49eca1ea30a8425a8967677070c95627,16700,687659,544,286,2055,https://www.youtube.com/watch?v=l6IE0UpHGVE,538,265,702,https://www.youtube.com/watch?v=7K1qlJxn1rs,1784,752,2055,https://www.youtube.com/watch?v=l6IE0UpHGVE,0,0,0,0,
f6fe970a79964cca9dcec4741f0f679b,16600,1551097,1947,606,31731,https://www.youtube.com/watch?v=huFK1-Vufr8,0,0,0,,1947,606,31731,https://www.youtube.com/watch?v=huFK1-Vufr8,85192,35414,12346,90406,https://www.twitch.tv/videos/2742439835
fbb142bcb07a4808b0164c41ab1877ea,16600,1492866,328,218,2244,https://www.youtube.com/watch?v=Z3-FR8lfhbc,291,170,692,https://www.youtube.com/watch?v=BAUuXxCSLmY,1792,1006,2244,https://www.youtube.com/watch?v=Z3-FR8lfhbc,0,0,0,0,
7870ac4364ca4c97a4dfe7474251bf5b,16500,662557,798,379,33679,https://www.youtube.com/watch?v=e4TIXfBv-wA,594,357,1653,https://www.youtube.com/watch?v=KzEZR8FMGv8,3713,1114,33679,https://www.youtube.com/watch?v=e4TIXfBv-wA,0,0,0,0,
8796ee6fb25b4b40a8ad9a188059951a,16500,588971,251,164,540,https://www.youtube.com/watch?v=-2BVmNdB49U,251,164,540,https://www.youtube.com/watch?v=-2BVmNdB49U,0,0,0,,0,0,0,0,
0b63fa89b80e4649b0297d156ed1c791,16300,1383531,1245,449,2360,https://www.youtube.com/watch?v=D4hsY7xHM5w,761,470,1450,https://www.youtube.com/watch?v=Wb4sSJywUJ8,1468,449,2360,https://www.youtube.com/watch?v=D4hsY7xHM5w,0,0,0,0,
3b1860c399f445469efdda27cf8d9156,16300,584710,223,110,593,https://www.youtube.com/watch?v=MY2WLxcqzYY,223,110,593,https://www.youtube.com/watch?v=MY2WLxcqzYY,0,0,0,,1095,27,22,83,https://www.twitch.tv/videos/2747081755
c61d5dd825d5423fac8fd1bc0596d1ff,16200,418234,412,266,5601,https://www.youtube.com/watch?v=ra7rCVk5RPI,412,210,530,https://www.youtube.com/watch?v=Axm5hh5gwPs,2957,1505,5601,https://www.youtube.com/watch?v=ra7rCVk5RPI,0,0,0,0,
57903e09a68f4997b7c4bc356cd5e64d,16100,716948,841,527,3948,https://www.youtube.com/watch?v=rkmBXgy_NKg,823,469,1003,https://www.youtube.com/watch?v=ZWZYtkpQBiI,3770,1646,3948,https://www.youtube.com/watch?v=rkmBXgy_NKg,0,0,0,0,
c379e3f4f1eb41869ec465481b182e50,16100,671194,617,324,2741,https://www.youtube.com/watch?v=GxRL3MjKC0E,547,284,2741,https://www.youtube.com/watch?v=GxRL3MjKC0E,1546,900,2219,https://www.youtube.com/watch?v=yy7TnpuVKo0,0,0,0,0,
bf3356cfb2754286af9b6bb1665f56bd,16000,756892,1851,790,51871,https://www.youtube.com/watch?v=u1E1nm4Ij2o,0,0,0,,1851,790,51871,https://www.youtube.com/watch?v=u1E1nm4Ij2o,112,0,0,0,
2885972c2d0943e6b697bdc5e72c1d4a,16000,281946,307,169,794,https://www.youtube.com/watch?v=oukLwl11jCA,307,169,794,https://www.youtube.com/watch?v=oukLwl11jCA,0,0,0,,0,0,0,0,
1ac97b8deb08470dafc128557532dd52,16000,1139721,499,228,11243,https://www.youtube.com/watch?v=-2wumBTm-hY,312,198,516,https://www.youtube.com/watch?v=nUo5qHrSFZA,2545,1498,11243,https://www.youtube.com/watch?v=-2wumBTm-hY,413,0,0,0,
221563b6b46245379c6dc6328c9d0447,15700,1121544,120,41,120,https://www.youtube.com/watch?v=Zzml16IaGOM,0,0,0,,120,41,120,https://www.youtube.com/watch?v=Zzml16IaGOM,0,0,0,0,
5db725f32b5e4e1380ad64110b88c91d,15700,4932194,172,23,400,https://www.youtube.com/watch?v=ZqP4VMAKAIQ,163,15,182,https://www.youtube.com/watch?v=7ju4DZg26Ks,400,32,400,https://www.youtube.com/watch?v=ZqP4VMAKAIQ,1048,0,0,0,
76d68171666847cc913328359037139c,15600,698537,430,203,19200,https://www.youtube.com/watch?v=IEaiJvkRRKU,395,170,861,https://www.youtube.com/watch?v=DkY59bBJxs8,1894,1086,19200,https://www.youtube.com/watch?v=IEaiJvkRRKU,1634,245,141,245,https://www.twitch.tv/videos/2741317556
656455380d524045b9f75d6082563f94,15600,1432704,198,122,1720,https://www.youtube.com/watch?v=W5v-EDEhMBE,196,118,242,https://www.youtube.com/watch?v=TJ8pgD9afvs,1720,1459,1720,https://www.youtube.com/watch?v=W5v-EDEhMBE,660,0,0,0,
ec30041838214022aeb622c0851e46db,15600,782011,350,49,10314,https://www.youtube.com/watch?v=7LBXaLoExMQ,141,32,201,https://www.youtube.com/watch?v=fejssckvkaE,3025,1576,10314,https://www.youtube.com/watch?v=7LBXaLoExMQ,4843,456,310,622,https://www.twitch.tv/videos/2743772926
b174714646ea40e28ce32affabe3e93e,15500,586367,783,555,3795,https://www.youtube.com/watch?v=UcM0e_1Cxqg,603,110,1896,https://www.youtube.com/watch?v=L0QKRVbfQBQ,3301,1107,3795,https://www.youtube.com/watch?v=UcM0e_1Cxqg,648,0,0,0,
77533b0fb2324e33bff67fbbf4daf13f,15400,3903270,547,442,1254,https://www.youtube.com/watch?v=pWJgNk4uJYU,1116,700,1254,https://www.youtube.com/watch?v=pWJgNk4uJYU,527,316,547,https://www.youtube.com/watch?v=d5j6ZT6jC-0,1464,22,12,33,https://www.twitch.tv/videos/2740568748
71e1a399885b48e79c9a98e973e6b5e3,15300,5657144,2425,1458,137071,https://www.youtube.com/watch?v=VnzrzOexaa8,0,0,0,,2425,1458,137071,https://www.youtube.com/watch?v=VnzrzOexaa8,678,0,0,0,
fd7a69505569429fb845ac056825f3a9,15200,1559893,160,78,747,https://www.youtube.com/watch?v=KwhyUbz9ZTM,147,60,280,https://www.youtube.com/watch?v=mDQM3Ta7tT4,747,133,747,https://www.youtube.com/watch?v=KwhyUbz9ZTM,0,0,0,0,
0f595c5e48be4f29befb358388a61f8b,15200,1222164,0,0,0,,0,0,0,,0,0,0,,388,0,0,0,
e93182ff3a954e0e92567136dc3659ed,15200,408604,211,151,1831,https://www.youtube.com/watch?v=WlYgP1RHkbE,206,131,382,https://www.youtube.com/watch?v=lzemCpOSPfY,1075,155,1831,https://www.youtube.com/watch?v=WlYgP1RHkbE,0,0,0,0,
03762df738044b09a1e216949158c8a4,14700,249149,0,0,0,,0,0,0,,0,0,0,,2387,661,489,896,https://www.twitch.tv/videos/2743813344
0ba1bc3725a9456aa0f66ec951ad47eb,14600,730904,539,264,4153,https://www.youtube.com/watch?v=gycuQ5LYmQY,296,169,711,https://www.youtube.com/watch?v=zQJIRoHscUg,2226,998,4153,https://www.youtube.com/watch?v=gycuQ5LYmQY,6094,599,191,1161,https://www.twitch.tv/videos/2735508956
6a30fc9ee6f24d839198497406c63cc1,14600,2014197,258,81,1634,https://www.youtube.com/watch?v=nxitlYAHHoY,87,52,126,https://www.youtube.com/watch?v=MkgsazjS6rw,270,89,1634,https://www.youtube.com/watch?v=nxitlYAHHoY,524,0,0,0,
d5c19a6328af48ba88bf41b2dd757f14,14500,686536,860,326,2675,https://www.youtube.com/watch?v=mApWlic5-1M,217,73,416,https://www.youtube.com/watch?v=n53OHTConek,1807,1107,2675,https://www.youtube.com/watch?v=mApWlic5-1M,0,0,0,0,
ac1ce1eeaffa4e58a8155c20d8f85ff3,14500,569133,432,233,2948,https://www.youtube.com/watch?v=6jfZs9tqyVI,411,206,1123,https://www.youtube.com/watch?v=8xB-AyxXypQ,1159,300,2948,https://www.youtube.com/watch?v=6jfZs9tqyVI,5233,0,0,0,
5f8930a469f94b5cad116810f68a2614,14500,390517,1304,599,3985,https://www.youtube.com/watch?v=mYPFS8IiHTA,1945,599,3985,https://www.youtube.com/watch?v=mYPFS8IiHTA,867,669,1460,https://www.youtube.com/watch?v=5ELHcBILVNw,0,0,0,0,
15e4450f63904e50907dc93fee446fd2,14400,884139,1122,398,2410,https://www.youtube.com/watch?v=qL9qVL9TPzQ,601,325,1709,https://www.youtube.com/watch?v=DSu1d2f_2aY,1666,868,2410,https://www.youtube.com/watch?v=qL9qVL9TPzQ,0,0,0,0,
031e5c207b634c6ab08dbc0a361ba52e,14300,412067,333,125,1841,https://www.youtube.com/watch?v=Eygr91ZGaU0,333,125,1841,https://www.youtube.com/watch?v=Eygr91ZGaU0,0,0,0,,457,0,0,0,
1a1942f52ea74121923497e7e0cfd6a5,14300,671398,203,120,73712,https://www.youtube.com/watch?v=BCRO3wfIseA,189,104,238,https://www.youtube.com/watch?v=x2I7oKWdnTg,73712,3310,73712,https://www.youtube.com/watch?v=BCRO3wfIseA,0,0,0,0,
bf197e3d2cd6400db5f7e397427965e5,14300,409812,134,50,211,https://www.youtube.com/watch?v=kWU4EcVhSzQ,134,50,211,https://www.youtube.com/watch?v=kWU4EcVhSzQ,0,0,0,,272,0,0,0,
ec183b10574a449f91e43ab216976a60,14200,1093184,1231,705,17937,https://www.youtube.com/watch?v=WdROzPR6dhw,939,500,2733,https://www.youtube.com/watch?v=OzqRUy2zaBA,4095,2145,17937,https://www.youtube.com/watch?v=WdROzPR6dhw,1234,0,0,0,
2d57d202ef8e46a5871302b944309bc2,14100,1257118,45,34,60,https://www.youtube.com/watch?v=aYKWA8VSbcY,45,34,60,https://www.youtube.com/watch?v=aYKWA8VSbcY,0,0,0,,0,0,0,0,
b5561ece0c9b4f4a8fccdd3b36ee3260,14100,812028,604,58,3964,https://www.youtube.com/watch?v=A9Fvw-Sh-Ek,260,44,289,https://www.youtube.com/watch?v=Xcat4CLRFvk,3496,557,3964,https://www.youtube.com/watch?v=A9Fvw-Sh-Ek,0,0,0,0,
81699719ffc04e4e92bb3207ab8a7a83,14100,546115,300,159,3018,https://www.youtube.com/watch?v=QbrXHCnhXo0,290,109,3018,https://www.youtube.com/watch?v=QbrXHCnhXo0,2243,312,2666,https://www.youtube.com/watch?v=es3ImhKMGfQ,438,0,0,0,
c4bc52355d334a98bdaa1e57c05673ad,13900,1093742,389,255,897,https://www.youtube.com/watch?v=D6a8DfmfBek,389,255,897,https://www.youtube.com/watch?v=D6a8DfmfBek,0,0,0,,0,0,0,0,
09600daf1956476190642d1be738e945,13800,1075067,818,529,6465,https://www.youtube.com/watch?v=Tu3Mp7eZi0Q,803,474,1333,https://www.youtube.com/watch?v=KT5jUD1NoqQ,5080,2661,6465,https://www.youtube.com/watch?v=Tu3Mp7eZi0Q,0,0,0,0,
0471d5082a2e419786e141d6424c9150,13800,1358947,1132,431,14599,https://www.youtube.com/watch?v=QuEWMVrmTPo,311,141,522,https://www.youtube.com/watch?v=4viYL9fsrIM,1779,861,14599,https://www.youtube.com/watch?v=QuEWMVrmTPo,7663,976,418,1932,https://www.twitch.tv/videos/2727704679
44af52f7f6aa487e850b3d261947205b,13800,1918639,281,162,3341,https://www.youtube.com/watch?v=FYzjx5Kx-X4,251,121,2151,https://www.youtube.com/watch?v=0oqV_-ZDiCg,2715,1244,3341,https://www.youtube.com/watch?v=FYzjx5Kx-X4,103,108,85,248,https://www.twitch.tv/videos/2740430827
abc7acc71b474ebebecfde51ad5f88e1,13800,540936,200,104,337,https://www.youtube.com/watch?v=XWS1DmJ5N5E,200,104,337,https://www.youtube.com/watch?v=XWS1DmJ5N5E,0,0,0,,1640,0,0,0,
7c5232b16a1d44498677ed33e72bd8c6,13800,511741,576,249,2776,https://www.youtube.com/watch?v=Xb1mpuEUceI,533,187,2459,https://www.youtube.com/watch?v=_gb3bzGQG4k,1832,1530,2776,https://www.youtube.com/watch?v=Xb1mpuEUceI,0,0,0,0,
4d8babea181e44df9855f3aafc06eb2c,13700,774317,1109,260,7119,https://www.youtube.com/watch?v=bPoPWAH9R5M,279,207,1201,https://www.youtube.com/watch?v=hYiyM-eo-8Q,2061,797,7119,https://www.youtube.com/watch?v=bPoPWAH9R5M,0,0,0,0,
7ef2dc851df94f5aa7f632c736b4307e,13700,471166,215,52,257,https://www.youtube.com/watch?v=AKEVy6-x8pI,245,129,257,https://www.youtube.com/watch?v=AKEVy6-x8pI,56,38,61,https://www.youtube.com/watch?v=vsCW2-J-7i4,647,0,0,0,
8eec9fd38e7440f09bf1bc864e4d6e38,13700,467479,756,369,44746,https://www.youtube.com/watch?v=fclLNA58sWA,615,319,1439,https://www.youtube.com/watch?v=5Hq1I_fBkD4,2804,1351,44746,https://www.youtube.com/watch?v=fclLNA58sWA,1770,810,548,1278,https://www.twitch.tv/videos/2744506752
ad2a1148ff4747229694f9aa2c3645d9,13700,1015159,1035,210,1690,https://www.youtube.com/watch?v=v4ROSteS7qs,195,124,582,https://www.youtube.com/watch?v=tXsHKLsEAqQ,1502,801,1690,https://www.youtube.com/watch?v=v4ROSteS7qs,0,0,0,0,
4571c7a211b945f3b608c0066f7e73e4,13300,3251519,306,126,7049,https://www.youtube.com/watch?v=f0vIxZ9Qngg,251,118,465,https://www.youtube.com/watch?v=FaAIBn6AJ3o,1488,392,7049,https://www.youtube.com/watch?v=f0vIxZ9Qngg,819,0,0,0,
5d2231ea88fd474d8a11e5a759899216,13300,3373455,624,294,3711,https://www.youtube.com/watch?v=SeaPbPpLIB4,588,263,1039,https://www.youtube.com/watch?v=9WnyJNiaDfY,2872,568,3711,https://www.youtube.com/watch?v=SeaPbPpLIB4,212,0,0,0,
a51be890a1f443ea87bee45c9d8acf13,13300,901751,2963,1644,4005,https://www.youtube.com/watch?v=yor-N5QBlEY,0,0,0,,2963,1644,4005,https://www.youtube.com/watch?v=yor-N5QBlEY,17850,3414,1503,6064,https://www.twitch.tv/videos/2735348512
0448e6929687421c9e0435832765b9fe,13300,317482,332,119,1517,https://www.youtube.com/watch?v=1OdMsaVvWlU,310,119,339,https://www.youtube.com/watch?v=Nyw-te-P8tA,1468,179,1517,https://www.youtube.com/watch?v=1OdMsaVvWlU,2656,515,354,810,https://www.twitch.tv/videos/2749312083
1a520f3d2665454f985490e42467ae27,13200,472469,341,227,1435,https://www.youtube.com/watch?v=2FmiyOhiWhg,313,180,1245,https://www.youtube.com/watch?v=85JBRZBG4cU,898,652,1435,https://www.youtube.com/watch?v=2FmiyOhiWhg,0,0,0,0,
7587608de08740aeb1a8dbe40006b90d,13200,1043557,2216,1110,2980,https://www.youtube.com/watch?v=kjQnyn0zD7I,0,0,0,,2216,1110,2980,https://www.youtube.com/watch?v=kjQnyn0zD7I,2416,765,343,946,https://www.twitch.tv/videos/2728925094
70b86c53cafa43b49e2782fe4e4bbd6c,13100,787110,449,228,1919,https://www.youtube.com/watch?v=c9GSf5jSCio,445,247,943,https://www.youtube.com/watch?v=AqyDQn40Prc,555,228,1919,https://www.youtube.com/watch?v=c9GSf5jSCio,0,0,0,0,
390346240f4748bd9d81e472411c20c2,13100,319279,1167,823,1167,https://www.youtube.com/watch?v=FuWZF77v6Eo,1167,823,1167,https://www.youtube.com/watch?v=FuWZF77v6Eo,0,0,0,,3652,306,209,306,https://www.twitch.tv/videos/2743800708
3d46fb16bc2c48fb8f12a647cf5ec702,13000,1071472,936,342,4778,https://www.youtube.com/watch?v=x0AzrIMr_-g,817,313,4778,https://www.youtube.com/watch?v=x0AzrIMr_-g,1856,1011,3076,https://www.youtube.com/watch?v=lcSQSEl9L0w,0,0,0,0,
cad7f93653b54779932a6809a5f3a769,13000,342951,348,177,512,https://www.youtube.com/watch?v=YVtd8BtFyKg,348,177,512,https://www.youtube.com/watch?v=YVtd8BtFyKg,0,0,0,,1239,526,383,574,https://www.twitch.tv/videos/2742358961
f73be498fddd4e718f18f8203af00f33,13000,448518,232,88,420,https://www.youtube.com/watch?v=uA-yy3PDiOE,232,88,420,https://www.youtube.com/watch?v=uA-yy3PDiOE,0,0,0,,515,0,0,0,
1eec022f916a46b58f5124936afdabe3,12900,317756,321,202,2065,https://www.youtube.com/watch?v=3kK0yDU7cXw,214,90,324,https://www.youtube.com/watch?v=e0fsrvZlW5o,1584,579,2065,https://www.youtube.com/watch?v=3kK0yDU7cXw,0,0,0,0,
0ab147ded84b484eac14de7a46c9cf4e,12900,651489,327,209,1487,https://www.youtube.com/watch?v=R5a_sm5-TzY,321,184,725,https://www.youtube.com/watch?v=oTOFIl7dEuo,1310,466,1487,https://www.youtube.com/watch?v=R5a_sm5-TzY,0,0,0,0,
788611c913b04d999011628637657bee,12900,1427089,1090,528,20375,https://www.youtube.com/watch?v=0DmEBET8Fj4,846,275,2272,https://www.youtube.com/watch?v=jrwce7aZ6Rk,2596,1140,20375,https://www.youtube.com/watch?v=0DmEBET8Fj4,2282,462,374,1339,https://www.twitch.tv/videos/2743468751
fbced2373c5a48f6abee998296f20617,12800,183811,177,90,219,https://www.youtube.com/watch?v=k2PVnNsEhtA,177,90,219,https://www.youtube.com/watch?v=k2PVnNsEhtA,0,0,0,,0,0,0,0,
a168211aa3dd451cb33e09b80df0ea0a,12800,370089,106,53,349,https://www.youtube.com/watch?v=PgO2hZwcKpI,104,55,349,https://www.youtube.com/watch?v=PgO2hZwcKpI,137,51,137,https://www.youtube.com/watch?v=TGVtbnbe44k,546,0,0,0,
2ee2acc29fac42c5b130558543cbdf00,12700,810112,268,109,1677,https://www.youtube.com/watch?v=XvojApelucQ,247,105,662,https://www.youtube.com/watch?v=SCactZBkpuo,1677,1316,1677,https://www.youtube.com/watch?v=XvojApelucQ,849,24,17,44,https://www.twitch.tv/videos/2746274480
15cbed02d2f74630b04b73515909c1f4,12700,449719,168,84,189,https://www.youtube.com/watch?v=h9ZW_w7_54Q,168,84,189,https://www.youtube.com/watch?v=h9ZW_w7_54Q,0,0,0,,2461,0,0,0,
20aa88e16d77400b9bc4e72df1b2a588,12700,401577,738,298,2016,https://www.youtube.com/watch?v=C3Gp2pDV05c,495,152,738,https://www.youtube.com/watch?v=TDbvjpT_ePQ,1493,637,2016,https://www.youtube.com/watch?v=C3Gp2pDV05c,0,0,0,0,
3005ff0c09064d7f924c506e1e9c18ba,12600,500391,1640,564,1640,https://www.youtube.com/watch?v=ZHxQqjcUWx8,0,0,0,,1640,564,1640,https://www.youtube.com/watch?v=ZHxQqjcUWx8,22488,2928,1294,6339,https://www.twitch.tv/videos/2733883165
68820304b6164959806479d6c9dad127,12500,474892,797,393,8037,https://www.youtube.com/watch?v=U-a0-IjwPVU,758,337,2410,https://www.youtube.com/watch?v=wZlsvpEZqCE,6222,1576,8037,https://www.youtube.com/watch?v=U-a0-IjwPVU,0,0,0,0,
5fbcb045887b4a87878773dbf5f63e26,12500,349618,307,191,993,https://www.youtube.com/watch?v=5b2Ro2w9x8Y,307,191,993,https://www.youtube.com/watch?v=5b2Ro2w9x8Y,0,0,0,,1321,870,639,1195,https://www.twitch.tv/videos/2744270230
5ee3c46f62cf4b34accc313fb437581b,12400,158867,291,144,603,https://www.youtube.com/watch?v=AJgCfX1Y6h4,291,144,603,https://www.youtube.com/watch?v=AJgCfX1Y6h4,0,0,0,,0,0,0,0,
633c7350aca946428e98228660ee73e2,12300,502489,446,200,3250,https://www.youtube.com/watch?v=WIGmlv6-2zI,443,191,891,https://www.youtube.com/watch?v=xnLyFa0KGVA,1548,379,3250,https://www.youtube.com/watch?v=WIGmlv6-2zI,0,0,0,0,
3a8f78d98fd344cb9d32358e5c96eace,12100,582362,1214,670,14538,https://www.youtube.com/watch?v=Ab-Yg8v6eBQ,718,574,1879,https://www.youtube.com/watch?v=jnPahQaCYiw,1457,1379,14538,https://www.youtube.com/watch?v=Ab-Yg8v6eBQ,3575,6081,3131,6081,https://www.twitch.tv/videos/2739721849
2a3824dd5c0a46f597b27dd183283aea,12100,5409350,293,128,17584,https://www.youtube.com/watch?v=tUp8zU55Evs,186,114,1139,https://www.youtube.com/watch?v=8Xr2mZBXp5c,7442,3306,17584,https://www.youtube.com/watch?v=tUp8zU55Evs,0,0,0,0,
126103200de947a7a3c2ac3971eef633,12100,241042,0,0,0,,0,0,0,,0,0,0,,0,0,0,0,
316dd044dc644c4cac9e140dcba5d210,12000,912772,74,28,74,https://www.youtube.com/watch?v=1NV6cU_uZQU,0,0,0,,74,28,74,https://www.youtube.com/watch?v=1NV6cU_uZQU,1136,202,158,360,https://www.twitch.tv/videos/2742903392
d2c76258b7ff45ee88e3585c4c9ed0c1,12000,386713,0,0,0,,0,0,0,,0,0,0,,3809,0,0,0,
b57162e62056494d85f1743abdbad648,12000,646116,680,202,680,https://www.youtube.com/watch?v=QohUUZi21b4,680,202,680,https://www.youtube.com/watch?v=QohUUZi21b4,0,0,0,,309,0,0,0,
60ae2b3fd2254689bb65c216a0a09605,12000,52695,0,0,0,,0,0,0,,0,0,0,,0,0,0,0,
7cbd1f537c3d4e67b38b9f9e31cb93d6,12000,282469,422,258,602,https://www.youtube.com/watch?v=YJrY4zboafI,422,258,602,https://www.youtube.com/watch?v=YJrY4zboafI,0,0,0,,3185,709,296,25220,https://www.twitch.tv/videos/2746214596
6e51f06f6a02439d82b213b623cda4e8,12000,456374,221,123,2097,https://www.youtube.com/watch?v=O22YfkpW3Og,203,123,1956,https://www.youtube.com/watch?v=u3Hk5NqbZ_U,1878,611,2097,https://www.youtube.com/watch?v=O22YfkpW3Og,0,0,0,0,
b1939ca67a3c43cf8a6a0a9a88137419,12000,229894,464,281,2297,https://www.youtube.com/watch?v=F8-kkNqgwaY,279,178,470,https://www.youtube.com/watch?v=L-Sohr6RT1o,1392,518,2297,https://www.youtube.com/watch?v=F8-kkNqgwaY,0,0,0,0,
8195d69546e3466c95f9d35ccb7c6c35,12000,1289044,612,285,1735,https://www.youtube.com/watch?v=A1PS78wS6yA,582,272,1077,https://www.youtube.com/watch?v=7iYNj_OCidg,1335,771,1735,https://www.youtube.com/watch?v=A1PS78wS6yA,0,0,0,0,
976e0cf401784d3f874dc85b2b2c5839,11900,1140548,404,248,1702,https://www.youtube.com/watch?v=7Gf97yHdo9I,403,232,650,https://www.youtube.com/watch?v=RxZsPikhnOw,847,471,1702,https://www.youtube.com/watch?v=7Gf97yHdo9I,3001,453,374,575,https://www.twitch.tv/videos/2750266610
774342c826924ecfb8b13a2bc27e3b81,11900,2576854,164,34,1624,https://www.youtube.com/watch?v=D-PUYA8ruiM,161,28,200,https://www.youtube.com/watch?v=bw2KyzaEj_w,1624,990,1624,https://www.youtube.com/watch?v=D-PUYA8ruiM,0,0,0,0,
6559d42f66684b8f80b4cd4589addd85,11900,746914,237,127,675,https://www.youtube.com/watch?v=tHyz4y9rFs8,240,129,675,https://www.youtube.com/watch?v=tHyz4y9rFs8,171,49,179,https://www.youtube.com/watch?v=pG78VPQgp_8,3670,124,86,245,https://www.twitch.tv/videos/2742957931
703ae2c7ccc9431382a5b0f2c35e6ec1,11800,742783,442,207,470,https://www.youtube.com/watch?v=fTOl2AO4nHw,442,207,470,https://www.youtube.com/watch?v=fTOl2AO4nHw,0,0,0,,0,0,0,0,
93a4d479e67242d58d3ff80307d3bc84,11800,383269,374,154,1326,https://www.youtube.com/watch?v=usYS1-CzoE0,288,113,468,https://www.youtube.com/watch?v=7a35Wt-qI-8,825,319,1326,https://www.youtube.com/watch?v=usYS1-CzoE0,186,103,80,122,https://www.twitch.tv/videos/2748631511
341ca5efce084743977d3b74315a30ab,11700,583059,728,374,3039,https://www.youtube.com/watch?v=bXexM30EVAE,713,316,1390,https://www.youtube.com/watch?v=E5bGFD9LRBs,2383,1922,3039,https://www.youtube.com/watch?v=bXexM30EVAE,1457,529,418,557,https://www.twitch.tv/videos/2743741029
4558095012964943921cd8a376a192fd,11700,440219,0,0,0,,0,0,0,,0,0,0,,6336,668,393,1167,https://www.twitch.tv/videos/2730557539
8faff7aecb9d4e12917ea0144696e2de,11700,490170,268,126,740,https://www.youtube.com/watch?v=G0q1TVvS0pk,268,126,740,https://www.youtube.com/watch?v=G0q1TVvS0pk,0,0,0,,848,296,208,1151,https://www.twitch.tv/videos/2745962968
82e63a8d4ae14beab89e13b43b35fce3,11600,327455,158,99,554,https://www.youtube.com/watch?v=KlsvLzVDrno,158,99,554,https://www.youtube.com/watch?v=KlsvLzVDrno,0,0,0,,0,0,0,0,
5f0afd7885894861925e7030c096297e,11500,548825,331,152,1348,https://www.youtube.com/watch?v=EAb2Ea-UmCk,331,152,1348,https://www.youtube.com/watch?v=EAb2Ea-UmCk,0,0,0,,0,0,0,0,
9012b1827e8141bd9d56d1a04b2f7ad1,11400,713899,577,263,2212,https://www.youtube.com/watch?v=oNmLLBm4imo,565,232,1075,https://www.youtube.com/watch?v=cSoSm46DxN0,1243,1174,2212,https://www.youtube.com/watch?v=oNmLLBm4imo,0,0,0,0,
512e1f38a37942cc8b7cb8aed597a810,11400,507871,292,182,2113,https://www.youtube.com/watch?v=Jca7QHKJCnI,269,146,486,https://www.youtube.com/watch?v=ehCkafP2Hgc,1617,716,2113,https://www.youtube.com/watch?v=Jca7QHKJCnI,0,0,0,0,
78c188fcd01a4ba382fb153ec86a7367,11400,1149245,631,290,2061,https://www.youtube.com/watch?v=IhmpiUY82Tc,552,245,2061,https://www.youtube.com/watch?v=IhmpiUY82Tc,1831,840,2035,https://www.youtube.com/watch?v=OW87_P2If0I,0,0,0,0,
72cc5bf1729245618e1f10da0b796d53,11300,463264,235,82,407,https://www.youtube.com/watch?v=jSwWqFWo6uc,242,71,407,https://www.youtube.com/watch?v=jSwWqFWo6uc,200,196,200,https://www.youtube.com/watch?v=V_pYd4Vveuw,1517,0,0,0,
a2e67b720e754c16bd739bcf9a95e396,11300,812137,1385,431,6042,https://www.youtube.com/watch?v=hF65EKn9edY,423,144,1151,https://www.youtube.com/watch?v=wYukXD5P_eo,3766,1568,6042,https://www.youtube.com/watch?v=hF65EKn9edY,0,0,0,0,
51cd04cab0de47d4b2b5a156bbe2dfb0,11300,423636,276,131,381,https://www.youtube.com/watch?v=IoWAEKvo0As,276,131,381,https://www.youtube.com/watch?v=IoWAEKvo0As,0,0,0,,0,0,0,0,
ab5709b7d3074c6db2a57995d5b1c328,11300,1117662,370,143,1116,https://www.youtube.com/watch?v=33-kT50QFgo,371,145,1116,https://www.youtube.com/watch?v=33-kT50QFgo,301,72,322,https://www.youtube.com/watch?v=9V6vQx6ulSE,0,0,0,0,
696e947cd8624e609553d6786d21f11c,11300,407950,409,197,15326,https://www.youtube.com/watch?v=MZMkIBFof8E,403,178,588,https://www.youtube.com/watch?v=HsvVn28DLU4,7960,646,15326,https://www.youtube.com/watch?v=MZMkIBFof8E,0,0,0,0,
5fc94cdcf7594a3ba5ce001ba405d3be,11300,724389,565,261,1787,https://www.youtube.com/watch?v=PSrgEEi5W_8,565,261,1787,https://www.youtube.com/watch?v=PSrgEEi5W_8,0,0,0,,1766,0,0,0,
99e291fd358849b8877df76fba0a672e,11100,689320,0,0,0,,0,0,0,,0,0,0,,0,0,0,0,
a5f7302f9f1a4fcdb2471c4bc52a05fb,11100,814412,695,314,12046,https://www.youtube.com/watch?v=HjHNKlYMkpo,673,302,4048,https://www.youtube.com/watch?v=EzKmLGTXe84,871,851,12046,https://www.youtube.com/watch?v=HjHNKlYMkpo,0,0,0,0,
43864254e678407fae3dc899f7155912,11100,492860,200,149,609,https://www.youtube.com/watch?v=Xq4Fgd2cqXM,199,110,205,https://www.youtube.com/watch?v=2E1KuLo4u-s,426,319,609,https://www.youtube.com/watch?v=Xq4Fgd2cqXM,0,0,0,0,
914f6caed3ff4348824d966f76662bc2,11100,1021918,802,306,1335,https://www.youtube.com/watch?v=eyIWFKAtPH4,802,488,1002,https://www.youtube.com/watch?v=xYOLsimwHlw,903,260,1335,https://www.youtube.com/watch?v=eyIWFKAtPH4,0,0,0,0,
824bd7df6923453292dec9ff3e3f664a,11000,483476,127,71,3065,https://www.youtube.com/watch?v=JyrnJmsGFgE,98,60,243,https://www.youtube.com/watch?v=yHY2JLHZzAU,1300,757,3065,https://www.youtube.com/watch?v=JyrnJmsGFgE,630,0,0,0,
a1608f0690584f07bf7aaf84ed9e4d8f,11000,254982,888,708,20535,https://www.youtube.com/watch?v=qEsRD4vAYos,816,644,1052,https://www.youtube.com/watch?v=2aH3BOLDksA,20535,10533,20535,https://www.youtube.com/watch?v=qEsRD4vAYos,0,0,0,0,
17933ba43ccf4e3c85961523b77bd901,11000,302358,1367,554,2945,https://www.youtube.com/watch?v=t5wPMkwTMfU,1367,554,2945,https://www.youtube.com/watch?v=t5wPMkwTMfU,0,0,0,,1067,654,550,1046,https://www.twitch.tv/videos/2740513240
b165ca888a7d4f61b754ac53ca374f11,11000,710145,0,0,0,,0,0,0,,0,0,0,,0,0,0,0,
836f66b079c4466db64a8b3bc9295450,11000,346671,1183,821,1864,https://www.youtube.com/watch?v=99iYxP0DjVM,0,0,0,,1183,821,1864,https://www.youtube.com/watch?v=99iYxP0DjVM,0,0,0,0,
84944da407dc4de9896c7b763132908c,11000,656126,206,106,1827,https://www.youtube.com/watch?v=C5Ls80ZyZk0,201,55,292,https://www.youtube.com/watch?v=pRzSXRBcNl8,1009,176,1827,https://www.youtube.com/watch?v=C5Ls80ZyZk0,0,0,0,0,
ed28c754bb704dbf8a296f7008c2b5e4,10900,113983,49,26,68,https://www.youtube.com/watch?v=yXN8PrbvUXA,68,37,68,https://www.youtube.com/watch?v=yXN8PrbvUXA,30,15,30,https://www.youtube.com/watch?v=qWPocfDo_0Q,1000,71,38,71,https://www.twitch.tv/videos/2740330611
e11a32eec71e4b49aba5525ba012a02a,10900,468921,243,128,1233,https://www.youtube.com/watch?v=jmZo-gdzCks,236,135,485,https://www.youtube.com/watch?v=gBnPW_HwTgU,1233,14,1233,https://www.youtube.com/watch?v=jmZo-gdzCks,237,0,0,0,
675071ddbd4844119d341bbfd6a0ee2a,10900,335234,353,243,3812,https://www.youtube.com/watch?v=k81YdsUtldM,351,208,834,https://www.youtube.com/watch?v=ZqpeDCEu2f4,1550,1208,3812,https://www.youtube.com/watch?v=k81YdsUtldM,0,0,0,0,
0c09a69445864b44adbba11b487f9b1a,10800,619021,3400,1290,5254,https://www.youtube.com/watch?v=bBWXMm2RlGc,0,0,0,,3400,1290,5254,https://www.youtube.com/watch?v=bBWXMm2RlGc,814,0,0,0,
209a528363cd411886ec9e5d086ff1bc,10800,1256583,911,498,3817,https://www.youtube.com/watch?v=khJ51f8XkIU,911,498,3817,https://www.youtube.com/watch?v=khJ51f8XkIU,0,0,0,,768,0,0,0,
75d0bd5fa58a4a5fb479e3b2ebae82a7,10800,433123,184,93,229,https://www.youtube.com/watch?v=5sms8zbIg00,184,93,229,https://www.youtube.com/watch?v=5sms8zbIg00,0,0,0,,0,0,0,0,
c518b228a5a849179ab26f28d230036e,10800,133994,0,0,0,,0,0,0,,0,0,0,,0,0,0,0,
c163cb7f683c453fa8a994ebbb09ede8,10700,438739,978,188,2287,https://www.youtube.com/watch?v=SjTfcmHZcg0,120,32,136,https://www.youtube.com/watch?v=bIkBjw3Cb9Q,1252,633,2287,https://www.youtube.com/watch?v=SjTfcmHZcg0,3245,0,0,0,
63a55bc5320e4f148ed0abd7991b0e01,10600,931418,1868,1650,4570,https://www.youtube.com/watch?v=56P6Ehm1wG4,0,0,0,,1868,1650,4570,https://www.youtube.com/watch?v=56P6Ehm1wG4,7632,711,384,2373,https://www.twitch.tv/videos/2749984821
4b53aa789e544bd9aaecc9fbc79e4bbe,10500,831735,304,223,500,https://www.youtube.com/watch?v=qQUEiqtkXEw,304,223,500,https://www.youtube.com/watch?v=qQUEiqtkXEw,0,0,0,,0,0,0,0,
27c0252056e84aa28da6dcebb8e86e85,10500,701666,286,132,485,https://www.youtube.com/watch?v=nCj0meqJ990,286,132,485,https://www.youtube.com/watch?v=nCj0meqJ990,0,0,0,,7792,0,0,0,
96fc771ccb55485bb770997ec43e1ce1,10500,240176,0,0,0,,0,0,0,,0,0,0,,0,0,0,0,
93785f5e8b614be98bf8e096f5b1f997,10500,404657,113,69,2140,https://www.youtube.com/watch?v=CuCTf3_uy90,104,55,122,https://www.youtube.com/watch?v=t06x2EuUw0Y,2140,1026,2140,https://www.youtube.com/watch?v=CuCTf3_uy90,0,0,0,0,
645fc774332a469ebd03f1a822ebe2be,10400,915499,638,279,1258,https://www.youtube.com/watch?v=OjJDvGGq-94,638,279,1258,https://www.youtube.com/watch?v=OjJDvGGq-94,0,0,0,,0,0,0,0,
e04cb802f3c949bc8300c4125078f738,10400,370466,384,150,1241,https://www.youtube.com/watch?v=iScODJxb_lk,375,135,608,https://www.youtube.com/watch?v=_YDnne9mNBY,1230,588,1241,https://www.youtube.com/watch?v=iScODJxb_lk,0,0,0,0,
0715c3b900ad423fa1b981cf4fc15c8f,10400,398826,116,63,154,https://www.youtube.com/watch?v=imDyGY7kTcM,116,63,154,https://www.youtube.com/watch?v=imDyGY7kTcM,0,0,0,,0,0,0,0,
00d3ddb7b65247eaa16473cfd1376723,10400,855872,1515,591,12049,https://www.youtube.com/watch?v=zL9DvdKyQv0,726,458,1515,https://www.youtube.com/watch?v=K2v7cZ3AIB4,1834,805,12049,https://www.youtube.com/watch?v=zL9DvdKyQv0,880,0,0,0,
95e5788cabf340e397e2726def426229,10400,485189,326,158,653,https://www.youtube.com/watch?v=uyypblIb2Rg,321,151,653,https://www.youtube.com/watch?v=uyypblIb2Rg,482,165,509,https://www.youtube.com/watch?v=XDO5RQo3X5M,0,0,0,0,
d9e5219a4cd84ac59bc35faa94729f01,10400,637791,136,85,2102,https://www.youtube.com/watch?v=E4T4S8Y3bBo,132,70,301,https://www.youtube.com/watch?v=sem6c7GOz54,660,337,2102,https://www.youtube.com/watch?v=E4T4S8Y3bBo,8760,285,203,9015,https://www.twitch.tv/videos/2742016401
8dd4a8b4598e483e9112b2b1a9466013,10400,2811521,112,74,1875,https://www.youtube.com/watch?v=WXnw_rYzgy4,99,42,133,https://www.youtube.com/watch?v=_Ryv1Fe2VAU,950,169,1875,https://www.youtube.com/watch?v=WXnw_rYzgy4,265,0,0,0,
b4bf821f6a6a440996f4fd9cddaf250b,10400,465962,228,91,927,https://www.youtube.com/watch?v=7QvzWJjXwZQ,153,77,203,https://www.youtube.com/watch?v=UdWJR1YU0x4,418,178,927,https://www.youtube.com/watch?v=7QvzWJjXwZQ,145,0,0,0,
b7f222493f4d4bd1be65f1c08300b45e,10300,448365,143,84,269,https://www.youtube.com/watch?v=aFfjXrfxVNw,143,84,269,https://www.youtube.com/watch?v=aFfjXrfxVNw,0,0,0,,0,0,0,0,
a31f3ab4cad841018b196b4de8186823,10300,643704,457,195,1557,https://www.youtube.com/watch?v=BrUyTbge-Vk,328,147,546,https://www.youtube.com/watch?v=nIkPGQMvhOI,1089,411,1557,https://www.youtube.com/watch?v=BrUyTbge-Vk,0,0,0,0,
e949052e4ee24ecd8b352a68f6bf51e1,10300,344777,492,217,2790,https://www.youtube.com/watch?v=-UzrspKzGlA,440,196,782,https://www.youtube.com/watch?v=08QNTThr0AE,1785,1037,2790,https://www.youtube.com/watch?v=-UzrspKzGlA,1857,700,581,748,https://www.twitch.tv/videos/2746180643
3e269031fb4b45aaa0906ca424190ce2,10200,498316,4261,1967,4438,https://www.youtube.com/watch?v=wmSqRgZu7hg,0,0,0,,4261,1967,4438,https://www.youtube.com/watch?v=wmSqRgZu7hg,11053,1863,772,3248,https://www.twitch.tv/videos/2748441374
6eec62ae2c9849de8ca895cef44ec952,10200,546992,289,99,6175,https://www.youtube.com/watch?v=c7NPbpB5eZc,209,79,542,https://www.youtube.com/watch?v=RmcBb8N3Rv8,1381,654,6175,https://www.youtube.com/watch?v=c7NPbpB5eZc,1101,0,0,0,
e0cd8e719dc64b5f9c171736bbaff6f7,10200,1292083,1083,483,1990,https://www.youtube.com/watch?v=POKTLcWFoyI,993,495,1990,https://www.youtube.com/watch?v=POKTLcWFoyI,1083,409,1083,https://www.youtube.com/watch?v=t6CZnaMUOJg,0,0,0,0,
fefbcad20d8344c79c74a103d0ea45b2,10200,316410,709,136,1288,https://www.youtube.com/watch?v=UwuUr95xZIk,131,12,131,https://www.youtube.com/watch?v=r_ihd8zLyto,1288,260,1288,https://www.youtube.com/watch?v=UwuUr95xZIk,0,0,0,0,
59c0d89447d54786966ba8ecd5649d63,10100,232548,1259,351,1259,https://www.youtube.com/watch?v=rjggnTKQJG4,1259,351,1259,https://www.youtube.com/watch?v=rjggnTKQJG4,0,0,0,,1745,0,0,0,
6885bffce2184355bed557901e079522,10100,421735,755,337,1994,https://www.youtube.com/watch?v=COeoiCjkjqQ,725,323,1031,https://www.youtube.com/watch?v=mNw1RXG9v0I,1594,651,1994,https://www.youtube.com/watch?v=COeoiCjkjqQ,519,0,0,0,
1d5ee3e2653b4ae5b1050533f8d1ae31,10100,4755,0,0,0,,0,0,0,,0,0,0,,0,0,0,0,
42844ee6e0cc47938829b43a3101b9bb,10100,133791,0,0,0,,0,0,0,,0,0,0,,5087,0,0,0,
175cfc69dbb34f1a8987f24a935db17f,10000,521911,437,192,5813,https://www.youtube.com/watch?v=aCqvnTkCmRc,407,184,971,https://www.youtube.com/watch?v=cJcH5-nxQ9Q,2317,1613,5813,https://www.youtube.com/watch?v=aCqvnTkCmRc,0,0,0,0,
4bfaeda5b1f242959a992d6ad8b8a036,10000,309381,249,105,721,https://www.youtube.com/watch?v=gGAxcSkIh5U,185,71,375,https://www.youtube.com/watch?v=Qmb10xBBUOI,509,226,721,https://www.youtube.com/watch?v=gGAxcSkIh5U,469,0,0,0,
310862830fb648b78cca7e581e2622a7,9980,552726,1147,343,1201,https://www.youtube.com/watch?v=ufKDOSjbjnw,0,0,0,,1147,343,1201,https://www.youtube.com/watch?v=ufKDOSjbjnw,21091,2754,1145,4812,https://www.twitch.tv/videos/2739670644
cd542f88cc8b47d087301d567b7cebca,9920,358610,606,213,2239,https://www.youtube.com/watch?v=NJYVxNLicX0,528,159,1040,https://www.youtube.com/watch?v=GIGSyrkFk_g,2228,1733,2239,https://www.youtube.com/watch?v=NJYVxNLicX0,1781,859,776,1219,https://www.twitch.tv/videos/2748504690
1434ae451f81469da327f32c387b9df0,9840,276540,92,54,95,https://www.youtube.com/watch?v=uhTQziUhSN8,92,54,95,https://www.youtube.com/watch?v=uhTQziUhSN8,0,0,0,,0,0,0,0,
f42c6f5877f14a38aef3f3b515769149,9750,1770366,618,186,39519,https://www.youtube.com/watch?v=-Mf6JCQG6YE,204,133,549,https://www.youtube.com/watch?v=ctiSOEwU9bQ,1812,966,39519,https://www.youtube.com/watch?v=-Mf6JCQG6YE,0,0,0,0,
9b33b75521bd43bca3346790ac65559c,9720,3211555,1367,340,3373,https://www.youtube.com/watch?v=_LODqoq2bBg,158,102,368,https://www.youtube.com/watch?v=zUwbCuVwNx4,1621,752,3373,https://www.youtube.com/watch?v=_LODqoq2bBg,8841,476,213,750,https://www.twitch.tv/videos/2737905002
f2dc08b1c55843d9a3d1e0461ebf57c1,9570,437230,1494,688,6353,https://www.youtube.com/watch?v=vkOm4zCyjFw,378,215,378,https://www.youtube.com/watch?v=KCBbDMtub0U,1789,1161,6353,https://www.youtube.com/watch?v=vkOm4zCyjFw,0,0,0,0,
80d6517a96e74265a4d24f86b9c295c5,9460,445585,445,187,4296,https://www.youtube.com/watch?v=LDtX7AVN68k,300,147,564,https://www.youtube.com/watch?v=t7Q9B7vUa6I,1591,1098,4296,https://www.youtube.com/watch?v=LDtX7AVN68k,0,0,0,0,
3cf4da41775b4e608f4dde5859cdda74,9430,1660959,155,83,4403,https://www.youtube.com/watch?v=XXCuLJt3N7c,110,49,155,https://www.youtube.com/watch?v=NstKZcT6h60,1576,868,4403,https://www.youtube.com/watch?v=XXCuLJt3N7c,0,0,0,0,
a39733d216994010b34bf5033be01589,9410,933208,560,216,16737,https://www.youtube.com/watch?v=ivtqaAyd8zU,439,186,1159,https://www.youtube.com/watch?v=F85q0HaeFEE,2291,709,16737,https://www.youtube.com/watch?v=ivtqaAyd8zU,277,0,0,0,
13c69e2cf2ff4dc1907bbae9a87a8c0f,9380,459596,0,0,0,,0,0,0,,0,0,0,,4105,3748,2427,11076,https://www.twitch.tv/videos/2746948561
f53807443055490f87b85ded6caee0aa,9320,489508,275,91,1633,https://www.youtube.com/watch?v=b2k07zzAQD8,217,89,356,https://www.youtube.com/watch?v=CwxA0WCeH1U,392,276,1633,https://www.youtube.com/watch?v=b2k07zzAQD8,414,0,0,0,
ecd7e504a0b64480a4127a25678e4b4a,9310,118649,0,0,0,,0,0,0,,0,0,0,,0,0,0,0,
c4470a1419984fb8aec0851f225b177a,9290,686736,210,59,258,https://www.youtube.com/watch?v=3Eom_JUnO4Q,210,59,258,https://www.youtube.com/watch?v=3Eom_JUnO4Q,0,0,0,,0,0,0,0,
191998e9f0ec4d67a19da194af311636,9280,127554,127,76,12285,https://www.youtube.com/watch?v=WA1_D_qvtrM,105,69,565,https://www.youtube.com/watch?v=dSfWeqgrizo,1301,876,12285,https://www.youtube.com/watch?v=WA1_D_qvtrM,0,0,0,0,
83cb016f535f4275bba29ad276b2084f,9280,577164,505,367,2490,https://www.youtube.com/watch?v=dFZqgzIRcnQ,396,361,830,https://www.youtube.com/watch?v=ovZ5jGWIGlI,950,566,2490,https://www.youtube.com/watch?v=dFZqgzIRcnQ,0,0,0,0,
ab19e58312b74ebd9b68e27aeb0adde5,9270,547038,303,162,522,https://www.youtube.com/watch?v=59ccuXPciLo,303,162,522,https://www.youtube.com/watch?v=59ccuXPciLo,0,0,0,,0,0,0,0,
350516d81d0944fd8dde463cbd4fd279,9240,1024522,3343,1225,4458,https://www.youtube.com/watch?v=-tTyU6EXFSU,0,0,0,,3343,1225,4458,https://www.youtube.com/watch?v=-tTyU6EXFSU,0,0,0,0,
247215e876d24dae9932464b75fc577c,9230,758304,185,92,3902,https://www.youtube.com/watch?v=2j2iHNHNPuM,121,74,231,https://www.youtube.com/watch?v=D2LGwLKVD9E,1634,1025,3902,https://www.youtube.com/watch?v=2j2iHNHNPuM,0,0,0,0,
423dd7da92be47f4af7273c5f74efb27,9120,395627,0,0,0,,0,0,0,,0,0,0,,37108,1759,1259,2873,https://www.twitch.tv/videos/2736213113
335ebb05456849c2964629dc7157860e,9110,225470,320,135,2187,https://www.youtube.com/watch?v=jhb_w_I5BSk,197,100,580,https://www.youtube.com/watch?v=e5krbJfNLrc,1605,745,2187,https://www.youtube.com/watch?v=jhb_w_I5BSk,360,105,78,105,https://www.twitch.tv/videos/2745364368
74c26216c39a40d1a9f1c5f63fa4d344,9020,391407,160,110,2620,https://www.youtube.com/watch?v=wjdKvTGg9Lk,145,82,245,https://www.youtube.com/watch?v=a9wJGNxewSk,2206,1000,2620,https://www.youtube.com/watch?v=wjdKvTGg9Lk,0,0,0,0,
e3e93491f32d459ba2b79033cf75c619,8980,313569,406,226,1841,https://www.youtube.com/watch?v=Fz4_rt4ZTvU,406,224,938,https://www.youtube.com/watch?v=o3NXU8td5IY,1841,555,1841,https://www.youtube.com/watch?v=Fz4_rt4ZTvU,1134,0,0,0,
d407b30c72a841bd82af1f5cc8ec0667,8970,415725,735,415,11906,https://www.youtube.com/watch?v=84wm8LYdLLE,325,111,427,https://www.youtube.com/watch?v=LXhGBh39hIk,6475,2518,11906,https://www.youtube.com/watch?v=84wm8LYdLLE,5541,0,0,0,
319383cd0cd4438990dbb916862cdbfc,8930,513420,468,342,52769,https://www.youtube.com/watch?v=g_qyj1Eetr4,377,222,998,https://www.youtube.com/watch?v=tNOI15fDeuc,14776,4611,52769,https://www.youtube.com/watch?v=g_qyj1Eetr4,0,0,0,0,
538d1d2058da4bdea1c7f43f088e995b,8910,280848,386,252,1504,https://www.youtube.com/watch?v=QTyU8Vul4Mg,378,244,967,https://www.youtube.com/watch?v=amhdRpRdfjc,1221,421,1504,https://www.youtube.com/watch?v=QTyU8Vul4Mg,3227,0,0,0,
c4ffb821927d406682f3f17edfdf3bcd,8880,348360,0,0,0,,0,0,0,,0,0,0,,0,0,0,0,
80dda735a7784d7fb999892874a05f0c,8850,445711,387,196,3157,https://www.youtube.com/watch?v=ZHPqVO4wK4o,290,171,427,https://www.youtube.com/watch?v=PZ6InXoMCWI,1466,344,3157,https://www.youtube.com/watch?v=ZHPqVO4wK4o,4278,0,0,0,
ac2b3c839ed14b12af1acecf322a15bd,8830,445973,236,109,1384,https://www.youtube.com/watch?v=Zj2XvctHdbo,205,104,289,https://www.youtube.com/watch?v=JS5HZMGxwJU,1264,473,1384,https://www.youtube.com/watch?v=Zj2XvctHdbo,0,0,0,0,
7fdfd0346667458a8657626f03434b59,8810,254840,157,68,1957,https://www.youtube.com/watch?v=UbMOM0awpTw,156,53,226,https://www.youtube.com/watch?v=6GHXdoVczaU,1139,1010,1957,https://www.youtube.com/watch?v=UbMOM0awpTw,419,0,0,0,
65ada733fbe64a3a86aae7737e32fad0,8790,435852,349,161,531,https://www.youtube.com/watch?v=mAWD_NThlPw,347,152,525,https://www.youtube.com/watch?v=FNI3zZEGaVg,531,270,531,https://www.youtube.com/watch?v=mAWD_NThlPw,0,0,0,0,
123c79d3170e451eae2f0cc3543621f3,8790,267996,325,162,477,https://www.youtube.com/watch?v=E-4ly2KxJo0,325,162,477,https://www.youtube.com/watch?v=E-4ly2KxJo0,0,0,0,,0,0,0,0,
65ab938b60074946af1ea65a002c70df,8770,2656575,462,230,6507,https://www.youtube.com/watch?v=BSXnlLkivV0,220,84,324,https://www.youtube.com/watch?v=qEdK8skNmJw,1764,924,6507,https://www.youtube.com/watch?v=BSXnlLkivV0,581,0,0,0,
f7d0e4ed95e84262b329740d5d27afc9,8760,56881,0,0,0,,0,0,0,,0,0,0,,0,0,0,0,
fa67b0859f2e45589e754f7e528967d6,8720,338896,2386,1576,3004,https://www.youtube.com/watch?v=KzFyZLWcxBE,0,0,0,,2386,1576,3004,https://www.youtube.com/watch?v=KzFyZLWcxBE,9824,702,252,1330,https://www.twitch.tv/videos/2743726130
7c0acdc8fe2449deb487cbb827b51723,8710,474980,464,193,2131,https://www.youtube.com/watch?v=Q5GAR7Pl3Ms,382,153,714,https://www.youtube.com/watch?v=CsWkNDKdgeQ,1632,477,2131,https://www.youtube.com/watch?v=Q5GAR7Pl3Ms,148,0,0,0,
08a612f1ecf84b619a8899a5caed28c1,8680,851972,1550,387,4173,https://www.youtube.com/watch?v=d6h2c_nPK2c,391,151,426,https://www.youtube.com/watch?v=EHvN24V_eIM,2415,983,4173,https://www.youtube.com/watch?v=d6h2c_nPK2c,21386,5078,1550,5792,https://www.twitch.tv/videos/2737852709
823311ac8226476e8d1e323f536bf8b1,8670,168207,0,0,0,,0,0,0,,0,0,0,,1040,0,0,0,
558d8602fdeb4f3cb4ce484babb30577,8630,551808,159,112,1948,https://www.youtube.com/watch?v=RN6j4i6ST9w,140,80,191,https://www.youtube.com/watch?v=KOJb1FZ7pAc,1279,588,1948,https://www.youtube.com/watch?v=RN6j4i6ST9w,0,0,0,0,
d2b0c8386e1341668f6bbc789d1ef1e3,8610,956114,281,115,694,https://www.youtube.com/watch?v=Bv0TRwFBd6Y,281,115,694,https://www.youtube.com/watch?v=Bv0TRwFBd6Y,0,0,0,,0,0,0,0,
446d4bc526a4477eb6a72ae186e9d538,8600,122733,191,56,220,https://www.youtube.com/watch?v=iDmANQWjOlE,191,56,220,https://www.youtube.com/watch?v=iDmANQWjOlE,0,0,0,,0,0,0,0,
d90f173970a742d3ade6f4159c785d1e,8550,383527,678,497,24405,https://www.youtube.com/watch?v=cXZA771NXPM,562,391,4506,https://www.youtube.com/watch?v=G1Gyk1Xeg08,13493,1376,24405,https://www.youtube.com/watch?v=cXZA771NXPM,1422,1641,1389,1641,https://www.twitch.tv/videos/2747823325
1569b00373564846b894f47403376c6b,8510,236692,0,0,0,,0,0,0,,0,0,0,,0,0,0,0,
eafe564c8d9945c8af2ed66ff4cd773a,8500,576622,1838,1189,28585,https://www.youtube.com/watch?v=z-TszdWl7RE,0,0,0,,1838,1189,28585,https://www.youtube.com/watch?v=z-TszdWl7RE,0,0,0,0,
bdc034d3afcd4456b6da2b96a2e460ef,8440,830800,265,168,265,https://www.youtube.com/watch?v=EExRcFL-LPQ,0,0,0,,265,168,265,https://www.youtube.com/watch?v=EExRcFL-LPQ,1595,62,43,69,https://www.twitch.tv/videos/2747102160
ce908f10dcde4e2480c8f97aafd45883,8420,1462936,352,170,2367,https://www.youtube.com/watch?v=1PR7JzGeG_4,195,63,944,https://www.youtube.com/watch?v=UUMvpZJRkhM,781,219,2367,https://www.youtube.com/watch?v=1PR7JzGeG_4,982,213,163,469,https://www.twitch.tv/videos/2750157032
1254f176d93548aca5ac7f4b53313f71,8410,3723466,14,6,730,https://www.youtube.com/watch?v=oFu6PVj8UNk,29,9,245,https://www.youtube.com/watch?v=X9az_uh0M6A,12,6,730,https://www.youtube.com/watch?v=oFu6PVj8UNk,1615,11,8,21,https://www.twitch.tv/videos/2744578072
f2ad5f187c9141ab8830b8eaf81c3aee,8390,645384,465,177,1313,https://www.youtube.com/watch?v=1tlXzJyv6ng,484,199,1058,https://www.youtube.com/watch?v=iOUk7lIUjJ4,365,161,1313,https://www.youtube.com/watch?v=1tlXzJyv6ng,0,0,0,0,
1dd6fdbb4f764fc3a18747c8adbf0692,8380,309924,273,95,718,https://www.youtube.com/watch?v=Tm648kc5JQs,273,95,718,https://www.youtube.com/watch?v=Tm648kc5JQs,0,0,0,,0,0,0,0,
a052e4ff345b41919ab0f13a5b10ff02,8380,406019,395,264,579,https://www.youtube.com/watch?v=7ch3XpQyUU8,383,254,481,https://www.youtube.com/watch?v=jBsxCmt7OpE,579,528,579,https://www.youtube.com/watch?v=7ch3XpQyUU8,2060,0,0,0,
03f5b3fed856438c9a53d30fdfadd9b7,8350,297391,294,123,1681,https://www.youtube.com/watch?v=LECcBoczR3s,197,79,359,https://www.youtube.com/watch?v=9YeoqGntuIQ,1045,368,1681,https://www.youtube.com/watch?v=LECcBoczR3s,0,0,0,0,
7298d2db845840d7ab462c7628967f4e,8340,358805,167,85,227,https://www.youtube.com/watch?v=JN2zXpE6WzI,175,120,227,https://www.youtube.com/watch?v=JN2zXpE6WzI,65,62,79,https://www.youtube.com/watch?v=JTFJFzviqmU,0,0,0,0,
058021ae015448cda91651a6bd41cdc6,8340,494087,124,50,198,https://www.youtube.com/watch?v=R3OPaokrN2Q,124,50,198,https://www.youtube.com/watch?v=R3OPaokrN2Q,0,0,0,,2644,0,0,0,
2d6886120def4c148c70514433d77e1e,8330,566609,483,228,605,https://www.youtube.com/watch?v=BSE4uszliuM,483,228,605,https://www.youtube.com/watch?v=BSE4uszliuM,0,0,0,,0,0,0,0,
0249265256814f61978f6d492fe1c15d,8330,244569,0,0,0,,0,0,0,,0,0,0,,0,0,0,0,
13992a4fb59649ada3a2adf027b5b35a,8320,87962,111,39,130,https://www.youtube.com/watch?v=iI68eO0JmEc,111,39,130,https://www.youtube.com/watch?v=iI68eO0JmEc,0,0,0,,3765,32,23,49,https://www.twitch.tv/videos/2746245467
6fa1245c717d4af68589205df5ab6427,8300,703673,244,111,469,https://www.youtube.com/watch?v=ptAmueFkv2c,244,111,469,https://www.youtube.com/watch?v=ptAmueFkv2c,0,0,0,,766,0,0,0,
fe1d3152398b44e39d69f7ef78e73a8c,8200,557283,154,71,1459,https://www.youtube.com/watch?v=dmqB5WTBkPk,130,69,278,https://www.youtube.com/watch?v=Rw9ZkXexo0U,1209,765,1459,https://www.youtube.com/watch?v=dmqB5WTBkPk,586,0,0,0,
4482e4f0cea64f92aa78b2513c7ed897,8170,651475,681,364,2131,https://www.youtube.com/watch?v=-1PcP93dT44,518,204,1031,https://www.youtube.com/watch?v=d8NdGyHEmRw,1745,904,2131,https://www.youtube.com/watch?v=-1PcP93dT44,0,0,0,0,
f7472d5310ce42819d17459c4f3fd7c1,8150,371646,487,202,10174,https://www.youtube.com/watch?v=iziXbYkOjpI,455,165,1782,https://www.youtube.com/watch?v=JZssPU6ScQU,2237,1514,10174,https://www.youtube.com/watch?v=iziXbYkOjpI,387,34,26,98,https://www.twitch.tv/videos/2744471634
7ebc0dc9fdf3442688ecd63bbdc30c51,8150,302550,272,140,889,https://www.youtube.com/watch?v=Yrd581GCZsg,272,140,889,https://www.youtube.com/watch?v=Yrd581GCZsg,0,0,0,,0,0,0,0,
df0c2ce19ccf4e26ac1a18065f85dacc,8140,473270,167,73,207,https://www.youtube.com/watch?v=DJbBL40lVE4,167,73,207,https://www.youtube.com/watch?v=DJbBL40lVE4,0,0,0,,0,0,0,0,
41a8958a1a4a4cc8b404d04da033400e,8130,387775,246,86,246,https://www.youtube.com/watch?v=_-R-5YTzNCk,246,86,246,https://www.youtube.com/watch?v=_-R-5YTzNCk,0,0,0,,508,0,0,0,
2f0a0ee6478c45ae8af28953b4c370be,8030,1296395,371,172,4618,https://www.youtube.com/watch?v=29qkBFclu0E,361,158,723,https://www.youtube.com/watch?v=-v4ex8IsjYg,4391,699,4618,https://www.youtube.com/watch?v=29qkBFclu0E,0,0,0,0,
990b7e28df934de1bdab364d72c79f90,8010,119215,171,90,742,https://www.youtube.com/watch?v=pVKkwaxdhS0,171,90,742,https://www.youtube.com/watch?v=pVKkwaxdhS0,0,0,0,,0,0,0,0,
9604bd9896fc421ba131a9a6e11d50b0,8000,928927,718,420,7920,https://www.youtube.com/watch?v=-G2VX5ZqmU4,609,383,1071,https://www.youtube.com/watch?v=Ob4NFOPuHJU,5060,1404,7920,https://www.youtube.com/watch?v=-G2VX5ZqmU4,0,0,0,0,
ee20f58e3fb74fae83a42239a83bcc4a,7990,240172,800,736,800,https://www.youtube.com/watch?v=g8RNwhff9Bs,800,736,800,https://www.youtube.com/watch?v=g8RNwhff9Bs,0,0,0,,0,0,0,0,
420208d1dcb74abfa325fc1f6a27e17b,7910,386892,544,191,1056,https://www.youtube.com/watch?v=1QcuxVJksZc,544,191,1056,https://www.youtube.com/watch?v=1QcuxVJksZc,0,0,0,,1393,136,129,136,https://www.twitch.tv/videos/2750370223
1f54eafd17434cd9bd175d27b72c2228,7860,205386,0,0,0,,0,0,0,,0,0,0,,0,0,0,0,
fe698ded3a6148808ca857c73ac7ee15,7850,402040,431,265,3098,https://www.youtube.com/watch?v=YA2aJINaUVY,381,230,1600,https://www.youtube.com/watch?v=5kcMlnRMnYU,1174,328,3098,https://www.youtube.com/watch?v=YA2aJINaUVY,325,0,0,0,
56abcaadabbe44dbbd18ab0ecfe1037f,7830,307731,0,0,0,,0,0,0,,0,0,0,,0,0,0,0,
2a897c484c05483f9a46467e8f448314,7810,230969,627,308,2022,https://www.youtube.com/watch?v=N5DdHN3AwEI,516,192,995,https://www.youtube.com/watch?v=hWoUfGxf4MU,1352,461,2022,https://www.youtube.com/watch?v=N5DdHN3AwEI,3830,0,0,0,
b10149a2a1ee4ffcbf1dacb1b1722f9f,7800,186684,148,71,1918,https://www.youtube.com/watch?v=BdSsxCI3p-A,140,57,312,https://www.youtube.com/watch?v=If1o-HMY6w8,1418,1112,1918,https://www.youtube.com/watch?v=BdSsxCI3p-A,860,0,0,0,
5ed5801d24c7412fa3fa65a82124aad0,7790,527269,1483,656,6705,https://www.youtube.com/watch?v=B0YyL0xE4ws,1299,481,4090,https://www.youtube.com/watch?v=oHp0XHUvdzo,2167,981,6705,https://www.youtube.com/watch?v=B0YyL0xE4ws,2086,316,225,380,https://www.twitch.tv/videos/2742116015
c72226925ba94855b9fcc88fc2a25acc,7790,749741,515,188,2176,https://www.youtube.com/watch?v=9bLME8kJVAw,566,233,2176,https://www.youtube.com/watch?v=9bLME8kJVAw,291,126,865,https://www.youtube.com/watch?v=2j6OdVd-a9Y,0,0,0,0,
556c69847bc14bc7be03b3e40e52ac98,7720,193688,0,0,0,,0,0,0,,0,0,0,,1784,0,0,0,
d2a7b2d142ea4076afcfc7263b9e09fd,7680,556728,339,152,648,https://www.youtube.com/watch?v=509hK1BzoJc,338,139,604,https://www.youtube.com/watch?v=iH4BbQXwIqA,648,162,648,https://www.youtube.com/watch?v=509hK1BzoJc,775,0,0,0,
b92c6e4c3bea4b938077a8f152f78083,7540,57117,0,0,0,,0,0,0,,0,0,0,,0,0,0,0,
cedd78c374b54898a647a3cb3a5263fc,7520,308602,630,350,1661,https://www.youtube.com/watch?v=s50E6QMs8Oc,630,350,1661,https://www.youtube.com/watch?v=s50E6QMs8Oc,0,0,0,,0,0,0,0,
03b825a2908749099e40cd4a4d1169aa,7510,192425,168,64,168,https://www.youtube.com/watch?v=CQbjTho5TvI,168,64,168,https://www.youtube.com/watch?v=CQbjTho5TvI,0,0,0,,0,0,0,0,
eafb808b078844fdab1d8ed561dbd462,7500,413840,257,87,584,https://www.youtube.com/watch?v=wqdkcU5UyAA,283,117,584,https://www.youtube.com/watch?v=wqdkcU5UyAA,168,74,217,https://www.youtube.com/watch?v=Q_jWJDhhhTA,0,0,0,0,
8309d31b418642db83f0cf56b38fc9ad,7500,871137,651,287,2317,https://www.youtube.com/watch?v=yi4-6sI1gss,634,287,958,https://www.youtube.com/watch?v=JHXlGoT-ygo,2011,904,2317,https://www.youtube.com/watch?v=yi4-6sI1gss,162,0,0,0,
a188f157d0384e0db5ae73605240d68b,7450,610057,319,202,2321,https://www.youtube.com/watch?v=knUHEOqGlJg,285,154,449,https://www.youtube.com/watch?v=a02K-zaT2tY,1754,339,2321,https://www.youtube.com/watch?v=knUHEOqGlJg,1166,0,0,0,
d797701ab1564b62906f91a341134a9e,7410,282925,909,367,2375,https://www.youtube.com/watch?v=ucNx6afJSUM,708,316,970,https://www.youtube.com/watch?v=C3CyR_qwxNE,1482,560,2375,https://www.youtube.com/watch?v=ucNx6afJSUM,4900,317,311,317,https://www.twitch.tv/videos/2751069706
89742766181f469b807f397325a2a6bf,7370,207859,91,41,460,https://www.youtube.com/watch?v=fIhgGKMzuNs,91,41,460,https://www.youtube.com/watch?v=fIhgGKMzuNs,0,0,0,,367,0,0,0,
9d864d1af4e749f5a58171b06c070565,7350,620370,1038,203,1965,https://www.youtube.com/watch?v=QxIDg-iuzY8,141,73,1769,https://www.youtube.com/watch?v=dvNKgOr5gc4,1108,738,1965,https://www.youtube.com/watch?v=QxIDg-iuzY8,3679,358,262,1347,https://www.twitch.tv/videos/2749657597
28e0e0a574fe4deca3d5ded0aa5d64ef,7350,462835,533,249,5138,https://www.youtube.com/watch?v=n09LlBv1dCQ,512,234,854,https://www.youtube.com/watch?v=HeorZnodocc,2238,1599,5138,https://www.youtube.com/watch?v=n09LlBv1dCQ,505,246,240,246,https://www.twitch.tv/videos/2751035796
d13fdb8fdd3049e5bf80b5ab0fa8a1a6,7350,561272,511,219,1761,https://www.youtube.com/watch?v=HrURlOR5_48,465,147,549,https://www.youtube.com/watch?v=fIQorJuLucc,872,407,1761,https://www.youtube.com/watch?v=HrURlOR5_48,0,0,0,0,
7f72433f23da4bf8bfbf7ee3904eb7ca,7340,295460,0,0,0,,0,0,0,,0,0,0,,860,0,0,0,
94595065e7aa498d93067274eb755301,7340,1208796,165,86,568,https://www.youtube.com/watch?v=je4WMedPQYg,165,86,568,https://www.youtube.com/watch?v=je4WMedPQYg,0,0,0,,0,0,0,0,
9e3edec3eec54f49a065f1970471d473,7330,272469,481,361,784,https://www.youtube.com/watch?v=DFxLEekZGP8,481,361,784,https://www.youtube.com/watch?v=DFxLEekZGP8,0,0,0,,854,849,719,953,https://www.twitch.tv/videos/2748631306
a9faef4b712b4649ba60c7e8e262175a,7330,54278,1035,603,3055,https://www.youtube.com/watch?v=Z3zZp7UGrAk,0,0,0,,1035,603,3055,https://www.youtube.com/watch?v=Z3zZp7UGrAk,0,0,0,0,
00c158176a504c9bb865b32276e79eb1,7300,174809,131,74,3226,https://www.youtube.com/watch?v=VDqc5Xh3HWU,122,35,173,https://www.youtube.com/watch?v=mWsTCH39_1o,2729,1276,3226,https://www.youtube.com/watch?v=VDqc5Xh3HWU,0,0,0,0,
7af8f321e84542dc9ccda160152fbf0b,7290,249647,88,52,1582,https://www.youtube.com/watch?v=f_JRwLAMAZ4,112,85,1582,https://www.youtube.com/watch?v=f_JRwLAMAZ4,54,34,61,https://www.youtube.com/watch?v=CKVbj_uwqDw,0,0,0,0,
77e980ab542a4db6a34b5ac9c8f3948b,7280,376546,337,269,974,https://www.youtube.com/watch?v=R5GhNLd8yIQ,337,269,974,https://www.youtube.com/watch?v=R5GhNLd8yIQ,0,0,0,,724,0,0,0,
c897f2f0ae414985aa623bfe2dfe8f1c,7270,179159,118,62,1200,https://www.youtube.com/watch?v=nezC0T37fKo,117,62,987,https://www.youtube.com/watch?v=4kGUV1bwiR4,1200,969,1200,https://www.youtube.com/watch?v=nezC0T37fKo,608,0,0,0,
d80f5bc1e3ce4c35aa3eced40cc3bddc,7230,318197,424,269,2307,https://www.youtube.com/watch?v=YTvhzUJoTHY,391,262,859,https://www.youtube.com/watch?v=hjL7w27K-5U,1881,807,2307,https://www.youtube.com/watch?v=YTvhzUJoTHY,535,143,112,162,https://www.twitch.tv/videos/2743711607
5cdf289b83524643af7ab2f2c8788adf,7220,323319,148,42,194,https://www.youtube.com/watch?v=fzBtsamE9ck,148,42,194,https://www.youtube.com/watch?v=fzBtsamE9ck,0,0,0,,0,0,0,0,
0ab16bd60230422d97f73e6810be221c,7200,345483,129,75,428,https://www.youtube.com/watch?v=jxKMctkxPGw,129,75,428,https://www.youtube.com/watch?v=jxKMctkxPGw,0,0,0,,0,0,0,0,
f40b8e8debf14680b5cc88bae98918f7,7190,225780,0,0,0,,0,0,0,,0,0,0,,0,0,0,0,
715cc1261d7e42c18135d47bd1cf2500,7160,175521,548,216,548,https://www.youtube.com/watch?v=GlJ-i37zGS8,548,216,548,https://www.youtube.com/watch?v=GlJ-i37zGS8,0,0,0,,6276,325,233,485,https://www.twitch.tv/videos/2751016367
5fa2dee0fba64112aa476441cd6ff982,7090,328353,584,348,1067,https://www.youtube.com/watch?v=d29zO0riIWc,584,348,1067,https://www.youtube.com/watch?v=d29zO0riIWc,0,0,0,,0,0,0,0,
38f11eca620e4c83a3e4211cbf463cce,7070,951438,1461,1279,2090,https://www.youtube.com/watch?v=Du6GZhsMNbk,832,721,832,https://www.youtube.com/watch?v=J5Mq5H6WMmw,2090,1836,2090,https://www.youtube.com/watch?v=Du6GZhsMNbk,0,0,0,0,
c06f5173a01c4c0db7a761957c02186d,7050,472722,1088,378,5358,https://www.youtube.com/watch?v=nURzrZ28NQE,544,239,3337,https://www.youtube.com/watch?v=rUBQB90RPZ0,1163,573,5358,https://www.youtube.com/watch?v=nURzrZ28NQE,446,0,0,0,
97a56c6914ab431d9b670456d11b22ed,7000,240308,213,94,1098,https://www.youtube.com/watch?v=D5IEj-AzX_U,193,94,478,https://www.youtube.com/watch?v=06kQG-bSJg4,1098,303,1098,https://www.youtube.com/watch?v=D5IEj-AzX_U,0,0,0,0,
8c6bc741e4614154a63e987f930a468d,6990,349387,259,150,815,https://www.youtube.com/watch?v=KeE97dFKUJs,259,150,815,https://www.youtube.com/watch?v=KeE97dFKUJs,0,0,0,,0,0,0,0,
9b2c7b20d02241b3b82492a5e78a71c0,6990,311670,310,81,2105,https://www.youtube.com/watch?v=49U18CrpAlA,149,42,160,https://www.youtube.com/watch?v=hl688Ag1X6Q,424,259,2105,https://www.youtube.com/watch?v=49U18CrpAlA,0,0,0,0,
a28e29c9e8ec4791a700cd2e30904534,6970,201412,252,64,656,https://www.youtube.com/watch?v=gaOUSUEf5Ws,252,64,656,https://www.youtube.com/watch?v=gaOUSUEf5Ws,0,0,0,,2928,289,255,363,https://www.twitch.tv/videos/2749893605
e7e219a17a7644cd9d28a2ab871f5f7c,6960,255755,0,0,0,,0,0,0,,0,0,0,,2716,261,173,325,https://www.twitch.tv/videos/2739750007
6fb9853185d844de80d4f3e0f3f2726d,6960,0,0,0,0,,0,0,0,,0,0,0,,0,0,0,0,
1937fa889b474d339713d1117f435018,6930,811225,160,59,294,https://www.youtube.com/watch?v=19ZNrmq1ivo,160,59,294,https://www.youtube.com/watch?v=19ZNrmq1ivo,0,0,0,,7266,697,261,4360,https://www.twitch.tv/videos/2745045013
c430f1e7cfee4440b2b537c80a2a667d,6930,232979,275,143,590,https://www.youtube.com/watch?v=rj9m_ID5arM,275,143,590,https://www.youtube.com/watch?v=rj9m_ID5arM,0,0,0,,0,0,0,0,
d33940525b7f4b9db9ce85e08b4c175e,6870,317105,973,199,5527,https://www.youtube.com/watch?v=61aDIhTiph0,235,69,315,https://www.youtube.com/watch?v=Tb8h0gAAl_Y,2921,1490,5527,https://www.youtube.com/watch?v=61aDIhTiph0,7839,208,176,1033,https://www.twitch.tv/videos/2742075332
3c1783f6914f414b830c836829d1afa2,6830,252644,301,152,1861,https://www.youtube.com/watch?v=xyesgC3UctY,271,144,1278,https://www.youtube.com/watch?v=mX4sSSr6W-Q,1514,535,1861,https://www.youtube.com/watch?v=xyesgC3UctY,272,0,0,0,
679aef46b6f448e493fdedae7df5b288,6820,1357023,1253,350,1553,https://www.youtube.com/watch?v=6HU0Vw8GZeg,0,0,0,,1253,350,1553,https://www.youtube.com/watch?v=6HU0Vw8GZeg,450,0,0,0,
60ab80cc26bc4e4aaa526ce1952f9e42,6780,425689,109,54,6543,https://www.youtube.com/watch?v=e9lvAPbnNcs,109,51,302,https://www.youtube.com/watch?v=p-ZuJxmuSfg,1364,773,6543,https://www.youtube.com/watch?v=e9lvAPbnNcs,371,44,30,56,https://www.twitch.tv/videos/2745455717
dc3e05e0c12b4e0a93dc230f30925ee0,6780,195104,525,491,895,https://www.youtube.com/watch?v=96xyEKvAmg8,0,0,0,,525,491,895,https://www.youtube.com/watch?v=96xyEKvAmg8,6757,879,509,1142,https://www.twitch.tv/videos/2746960016
f7b1eada802e4ed89c306c6641d243b3,6750,283429,148,77,1411,https://www.youtube.com/watch?v=aYy_y6vrADQ,133,73,1118,https://www.youtube.com/watch?v=MlF-UCAeXX0,1043,464,1411,https://www.youtube.com/watch?v=aYy_y6vrADQ,438,0,0,0,
80f4d6e50af64a48be812258498e86c0,6730,354779,0,0,0,,0,0,0,,0,0,0,,160,0,0,0,
a3c6cbf76630432c83fa5277388be97c,6730,61449,910,261,910,https://www.youtube.com/watch?v=ml0T4nQeKns,910,261,910,https://www.youtube.com/watch?v=ml0T4nQeKns,0,0,0,,0,0,0,0,
757f1b20f7bd459ebd8949da907dceea,6700,381366,137,77,270,https://www.youtube.com/watch?v=T2NnWQQBIVc,137,77,270,https://www.youtube.com/watch?v=T2NnWQQBIVc,0,0,0,,0,0,0,0,
5dbed684176349d28353d5293085cd9c,6670,267430,338,7,338,https://www.youtube.com/watch?v=BWLbTlzcyMo,338,7,338,https://www.youtube.com/watch?v=BWLbTlzcyMo,0,0,0,,0,0,0,0,
4865c3feac234584909168181b7dc2be,6650,170368,327,156,876,https://www.youtube.com/watch?v=9rUCiNPCFO0,327,156,876,https://www.youtube.com/watch?v=9rUCiNPCFO0,0,0,0,,260,0,0,0,
7a88afc5eb644d76b35ed4ca968259bb,6610,495789,1613,746,2842,https://www.youtube.com/watch?v=8T-mJ6KWf2k,0,0,0,,1613,746,2842,https://www.youtube.com/watch?v=8T-mJ6KWf2k,20050,2815,1481,5093,https://www.twitch.tv/videos/2731419088
c321746bebe740cb98625ca4cf6fb9a7,6600,85473,215,172,233,https://www.youtube.com/watch?v=u5GYI8WWluE,215,172,233,https://www.youtube.com/watch?v=u5GYI8WWluE,0,0,0,,0,0,0,0,
09b6598d6d604e9397eebff166c69e92,6590,92472,107,42,1106,https://www.youtube.com/watch?v=yHE3LxUFO0c,97,41,307,https://www.youtube.com/watch?v=P-wHsChyOYs,1106,1080,1106,https://www.youtube.com/watch?v=yHE3LxUFO0c,156,77,68,328,https://www.twitch.tv/videos/2745425562
6603f7e70b684a07a3dac687460bacc5,6530,250348,227,85,753,https://www.youtube.com/watch?v=0LXHLyLMiAE,227,85,753,https://www.youtube.com/watch?v=0LXHLyLMiAE,0,0,0,,1400,55,41,55,https://www.twitch.tv/videos/2745379702
f6c34086d07a4322b9d4ebc538bada96,6520,127465,0,0,0,,0,0,0,,0,0,0,,0,0,0,0,
e0debb323c5d49268c92c5d660cdb664,6520,333606,73,33,143,https://www.youtube.com/watch?v=hHH01yd-CLI,73,33,143,https://www.youtube.com/watch?v=hHH01yd-CLI,0,0,0,,0,0,0,0,
468c9630d37b4c41bb6b0305dc1143cf,6510,425246,229,119,293,https://www.youtube.com/watch?v=f1_G4USvAJg,229,119,293,https://www.youtube.com/watch?v=f1_G4USvAJg,0,0,0,,461,0,0,0,
08be94e874d448f8a2794a44c61e8d8f,6500,456713,246,107,259,https://www.youtube.com/watch?v=WlDEKUN24BI,246,107,259,https://www.youtube.com/watch?v=WlDEKUN24BI,0,0,0,,0,0,0,0,
f58318cdd690482c9d19fb68bca374a4,6490,408396,106,48,3603,https://www.youtube.com/watch?v=3VbcTxtmYPo,81,42,140,https://www.youtube.com/watch?v=y8aEKBbKPzQ,1109,1043,3603,https://www.youtube.com/watch?v=3VbcTxtmYPo,228,0,0,0,
b54e216619d14031a317b820113e4084,6470,298719,233,91,313,https://www.youtube.com/watch?v=4xG4buSjIJY,267,124,313,https://www.youtube.com/watch?v=4xG4buSjIJY,137,78,167,https://www.youtube.com/watch?v=CveeN8EfF_c,0,0,0,0,
fffd31d236a2479c9070bcc171bdc13d,6460,176715,0,0,0,,0,0,0,,0,0,0,,0,0,0,0,
7f9d223a684e44e8b8d30bedcc07f1fa,6440,230822,107,40,147,https://www.youtube.com/watch?v=lxXpcvHD100,107,40,147,https://www.youtube.com/watch?v=lxXpcvHD100,0,0,0,,0,0,0,0,
e8c89b4aec4d45fbbb76533eb3db0428,6430,142852,132,66,189,https://www.youtube.com/watch?v=-R6LhY4rN40,76,74,76,https://www.youtube.com/watch?v=4F6gLl7D74M,189,59,189,https://www.youtube.com/watch?v=-R6LhY4rN40,0,0,0,0,
49196eec11454f589d4d6e52f1b1bbe8,6410,536650,206,97,1536,https://www.youtube.com/watch?v=0OmqvxGs1xc,154,90,280,https://www.youtube.com/watch?v=9_Ria8GaZr0,634,343,1536,https://www.youtube.com/watch?v=0OmqvxGs1xc,0,0,0,0,
281c7713c21e41bcb6e81365f328ab8c,6400,238400,287,5,287,https://www.youtube.com/watch?v=TCOibzBvO6c,287,5,287,https://www.youtube.com/watch?v=TCOibzBvO6c,0,0,0,,0,0,0,0,
da3a3993bd8946da824d66d5a5d456e2,6390,328252,0,0,0,,0,0,0,,0,0,0,,0,0,0,0,
ab64eaef68c94ab4afb3a89007c81e9c,6370,802639,1880,1307,80188,https://www.youtube.com/watch?v=nZjTJY61LuQ,0,0,0,,1880,1307,80188,https://www.youtube.com/watch?v=nZjTJY61LuQ,6234,1069,386,11933,https://www.twitch.tv/videos/2742181582
f81d4ef6f2f54e0c8c6d12a09e1fa5c7,6340,135415,169,101,1037,https://www.youtube.com/watch?v=Y-pwO0GX8y8,147,94,303,https://www.youtube.com/watch?v=KgfUg7m81Tc,1037,459,1037,https://www.youtube.com/watch?v=Y-pwO0GX8y8,0,0,0,0,
01edfa8163ad42cd85f56ef4dce2609e,6330,323602,174,81,1257,https://www.youtube.com/watch?v=UhXw40nqSxM,149,81,233,https://www.youtube.com/watch?v=vbmwqYGsjE0,278,98,1257,https://www.youtube.com/watch?v=UhXw40nqSxM,0,0,0,0,
5cb1c062f5f94b44a41ae658f4a53f0c,6310,135761,0,0,0,,0,0,0,,0,0,0,,13895,831,371,16558,https://www.twitch.tv/videos/2745223131
bf48aafcc9464111b358a4595cc7311c,6300,165961,0,0,0,,0,0,0,,0,0,0,,0,0,0,0,
02e7729df0424fbbb21b77ccd543b0be,6280,1557342,88,59,696,https://www.youtube.com/watch?v=p3-ae_RLDJk,55,28,64,https://www.youtube.com/watch?v=YZA0Kh37RFg,173,94,696,https://www.youtube.com/watch?v=p3-ae_RLDJk,0,0,0,0,
0851296bdf4c4516b2506b8cce5151da,6280,612593,230,145,1241,https://www.youtube.com/watch?v=NUzT2UPS3e0,203,152,666,https://www.youtube.com/watch?v=cq0Sr0-mb5w,480,119,1241,https://www.youtube.com/watch?v=NUzT2UPS3e0,0,0,0,0,
6ddea98137e2429eb0e9c4025ad9294f,6260,216887,747,333,2044,https://www.youtube.com/watch?v=rda_2J4P49Q,389,244,884,https://www.youtube.com/watch?v=TbbzfaGfr6w,1580,595,2044,https://www.youtube.com/watch?v=rda_2J4P49Q,0,0,0,0,
038ee6280ef742bcad8450ad52049944,6250,417813,230,90,2431,https://www.youtube.com/watch?v=EZZCxkWiQXw,226,77,1068,https://www.youtube.com/watch?v=bqCZJ3G3GQ8,2431,1609,2431,https://www.youtube.com/watch?v=EZZCxkWiQXw,0,0,0,0,
3b0031a4b57f46719f06cbf7c5cc42b6,6240,306944,258,141,2342,https://www.youtube.com/watch?v=xo4wtmovJFg,207,123,1442,https://www.youtube.com/watch?v=bxEqLLC-At0,1975,1093,2342,https://www.youtube.com/watch?v=xo4wtmovJFg,141,0,0,0,
94c7cb6122bd4dcab2d8660ddc5f5508,6230,219049,138,64,275,https://www.youtube.com/watch?v=OT4yADc8EeI,142,96,275,https://www.youtube.com/watch?v=OT4yADc8EeI,135,33,135,https://www.youtube.com/watch?v=2YrQyXd4ByE,421,58,48,60,https://www.twitch.tv/videos/2746030784
328a6a5742504b9d977f40660c118239,6200,1065409,138,64,1460,https://www.youtube.com/watch?v=Eludj6lAXmE,139,72,1067,https://www.youtube.com/watch?v=qSy5-rW1aGU,60,21,1460,https://www.youtube.com/watch?v=Eludj6lAXmE,0,0,0,0,
cc882664d9794fb88b06a5a0aa1591ae,6190,315613,532,323,8450,https://www.youtube.com/watch?v=xmA73ELZi2c,532,323,8450,https://www.youtube.com/watch?v=xmA73ELZi2c,0,0,0,,0,0,0,0,
1a3a0feb188e499ab4972c971d639f58,6090,271931,301,156,301,https://www.youtube.com/watch?v=IXNp7mJPUSE,301,156,301,https://www.youtube.com/watch?v=IXNp7mJPUSE,0,0,0,,0,0,0,0,
5d903f62e014487e9ab21a48c19fc6ac,6090,350403,721,292,8447,https://www.youtube.com/watch?v=ipCfbsUQV84,155,70,179,https://www.youtube.com/watch?v=FpaFYr_MnGI,1553,510,8447,https://www.youtube.com/watch?v=ipCfbsUQV84,863,210,153,521,https://www.twitch.tv/videos/2742191775
a83b6d485350402b90238deb371ae654,6090,110076,0,0,0,,0,0,0,,0,0,0,,4064,190,97,268,https://www.twitch.tv/videos/2743719170
160f90709224412f9cfc2aaa88e89a57,6080,530263,1403,735,9862,https://www.youtube.com/watch?v=rUNr9RZEEbE,1375,702,5429,https://www.youtube.com/watch?v=DyouGXa6m8Y,2507,998,9862,https://www.youtube.com/watch?v=rUNr9RZEEbE,0,0,0,0,
c2362f5ca48445a89fd081c4b2bc74d4,6070,219852,1142,128,1414,https://www.youtube.com/watch?v=GX3_JlX7kFQ,1414,30,1414,https://www.youtube.com/watch?v=GX3_JlX7kFQ,871,226,871,https://www.youtube.com/watch?v=bscxMfv2u3Q,135,0,0,0,
16c4a9b7211a44f6b98d8e1aebf4ea70,6040,218706,0,0,0,,0,0,0,,0,0,0,,640,0,0,0,
4576d781ddae45d59fc83c8d25385983,6020,159091,956,509,2491,https://www.youtube.com/watch?v=jWRtbaWjnGk,575,302,1596,https://www.youtube.com/watch?v=sksczcqrNXQ,1902,1191,2491,https://www.youtube.com/watch?v=jWRtbaWjnGk,249,0,0,0,
b6a105f12b904256ba356935ae46657f,6010,163703,0,0,0,,0,0,0,,0,0,0,,8607,505,156,17416,https://www.twitch.tv/videos/2742903997
75b388425b774a9f99a4483e295a13f0,6000,794306,184,181,490,https://www.youtube.com/watch?v=_1hfqkOOXkk,170,144,184,https://www.youtube.com/watch?v=RmAGVe_JYwQ,432,394,490,https://www.youtube.com/watch?v=_1hfqkOOXkk,415,0,0,0,
4cd21df2b76148b182903cc0aebe2bfa,5920,222467,191,92,244,https://www.youtube.com/watch?v=5EJQCh6v_ow,191,92,244,https://www.youtube.com/watch?v=5EJQCh6v_ow,0,0,0,,0,0,0,0,
2978ff3ab5f54898947af41ca4d47c4c,5900,206664,120,79,624,https://www.youtube.com/watch?v=B_V6hHuJ-TM,107,75,318,https://www.youtube.com/watch?v=Gu2amImU004,515,472,624,https://www.youtube.com/watch?v=B_V6hHuJ-TM,529,0,0,0,
325c292889f542688512641841b4ed8a,5870,254130,397,390,397,https://www.youtube.com/watch?v=pDfaOznJZd0,397,390,397,https://www.youtube.com/watch?v=pDfaOznJZd0,0,0,0,,0,0,0,0,
1ae72d56be5547b1825cdc0fdc0cce2e,5860,77642,0,0,0,,0,0,0,,0,0,0,,0,0,0,0,
34edb431f7da4a43b2a6a9d79d2858d1,5840,321070,360,196,1187,https://www.youtube.com/watch?v=LBr1zgyQWJg,360,244,1043,https://www.youtube.com/watch?v=MuqkqFIeLgs,755,139,1187,https://www.youtube.com/watch?v=LBr1zgyQWJg,560,221,194,221,https://www.twitch.tv/videos/2748577658
86154ca2dc964847b37297138aa65b9f,5840,239865,88,27,333,https://www.youtube.com/watch?v=uz6t6zeWzOk,88,27,333,https://www.youtube.com/watch?v=uz6t6zeWzOk,0,0,0,,1059,0,0,0,
c34e43b57f9f448582094f712a0b2c1a,5800,350092,211,102,1662,https://www.youtube.com/watch?v=57A6Iop5V68,206,100,367,https://www.youtube.com/watch?v=FlCzZQHuAiM,1662,1406,1662,https://www.youtube.com/watch?v=57A6Iop5V68,0,0,0,0,
fceadce7c37f4cc08bc747aa79c3cf9e,5800,199960,133,76,3649,https://www.youtube.com/watch?v=njYN73aFp-Y,126,65,275,https://www.youtube.com/watch?v=Y5ICGkXbJUc,920,634,3649,https://www.youtube.com/watch?v=njYN73aFp-Y,0,0,0,0,
9f975d473431409190e397bdc946d5b0,5800,261970,325,199,820,https://www.youtube.com/watch?v=IwH-4J3ntPs,325,199,820,https://www.youtube.com/watch?v=IwH-4J3ntPs,0,0,0,,240,0,0,0,
4eecf80e6ecc4644a7ff08314e6e0c82,5790,410432,389,146,1555,https://www.youtube.com/watch?v=sAg2sR1VuRA,200,93,547,https://www.youtube.com/watch?v=stbw2MRDMB4,1381,591,1555,https://www.youtube.com/watch?v=sAg2sR1VuRA,280,0,0,0,
33717d815310491da465eb6258a70b1c,5760,273865,247,128,294,https://www.youtube.com/watch?v=j9WbXFVmT9E,247,128,294,https://www.youtube.com/watch?v=j9WbXFVmT9E,0,0,0,,0,0,0,0,
58c4453bedb9463ab1dcb522d4d50faf,5740,1049483,115,40,163,https://www.youtube.com/watch?v=zU5gLMsWpEk,115,40,163,https://www.youtube.com/watch?v=zU5gLMsWpEk,0,0,0,,0,0,0,0,
2ff93e20894245d49004276e3b51e64f,5730,254844,1194,374,3384,https://www.youtube.com/watch?v=XNH13S6QsQw,568,203,856,https://www.youtube.com/watch?v=rggWmRlq6Wc,1827,948,3384,https://www.youtube.com/watch?v=XNH13S6QsQw,0,0,0,0,
a800589948934dd68ac2c728cc05fbaf,5670,97650,0,0,0,,0,0,0,,0,0,0,,0,0,0,0,
e17f42aa104040deae2ee3f3b1e85ed8,5650,317084,0,0,0,,0,0,0,,0,0,0,,39771,3247,603,5273,https://www.twitch.tv/videos/2728892179
9e213402f2f54c42866d4f62545921b4,5650,145208,0,0,0,,0,0,0,,0,0,0,,454,0,0,0,
8fae79a84cd049fd8a2ea50528a75e2b,5630,124589,4947,3333,37924,https://www.youtube.com/watch?v=53CjjCMLMAw,0,0,0,,4947,3333,37924,https://www.youtube.com/watch?v=53CjjCMLMAw,2338,0,0,0,
925d91a363914edfb035fe6c08946be9,5620,174382,171,63,182,https://www.youtube.com/watch?v=bHfHVQB1NJQ,171,63,182,https://www.youtube.com/watch?v=bHfHVQB1NJQ,0,0,0,,0,0,0,0,
bd99f3c8cd6e4fffb75bf0e5b1b5b4fa,5620,191575,913,557,4607,https://www.youtube.com/watch?v=SGMJoLEgioQ,1123,641,4607,https://www.youtube.com/watch?v=SGMJoLEgioQ,484,474,484,https://www.youtube.com/watch?v=YGAkyFVG5Z4,0,0,0,0,
1307131312c54a11ab326e62474efc8a,5570,202160,3530,2541,3530,https://www.youtube.com/watch?v=Jp7yNFRBIcE,3530,2541,3530,https://www.youtube.com/watch?v=Jp7yNFRBIcE,0,0,0,,0,0,0,0,
35f3bb64e69c432180b98dde239f3bdd,5540,439524,392,111,1264,https://www.youtube.com/watch?v=90Rn41Nk1S0,359,82,720,https://www.youtube.com/watch?v=XHHINrSZTc4,526,181,1264,https://www.youtube.com/watch?v=90Rn41Nk1S0,801,58,49,123,https://www.twitch.tv/videos/2741429515
208d8aa3792641d6ae4e0de5a10a4a6f,5540,273133,262,122,3536,https://www.youtube.com/watch?v=bh0CQk6-Ems,107,53,446,https://www.youtube.com/watch?v=WLhM6gAfCE4,1171,401,3536,https://www.youtube.com/watch?v=bh0CQk6-Ems,1339,83,58,155,https://www.twitch.tv/videos/2741211037
9b11be3138284ff3904d3292d6aaa284,5530,281608,424,131,910,https://www.youtube.com/watch?v=fDc5k1xRBIQ,309,72,309,https://www.youtube.com/watch?v=DeBuI_Tqlr8,527,132,910,https://www.youtube.com/watch?v=fDc5k1xRBIQ,0,0,0,0,
dcbe7946e39e48bcb0b725de64a445c8,5520,489045,405,176,1858,https://www.youtube.com/watch?v=wyqSqpfDAyY,403,168,701,https://www.youtube.com/watch?v=lIhOCjV2ym4,1708,257,1858,https://www.youtube.com/watch?v=wyqSqpfDAyY,0,0,0,0,
58304450990a433b88acd02b889b74e6,5490,148020,141,84,1527,https://www.youtube.com/watch?v=ZR6p679QcKw,135,76,176,https://www.youtube.com/watch?v=Uy8a37nMIZ4,1136,995,1527,https://www.youtube.com/watch?v=ZR6p679QcKw,271,40,39,48,https://www.twitch.tv/videos/2747842385
887b37336c9c4730809ace8b5e38df17,5480,62425,59,33,118,https://www.youtube.com/watch?v=iMjBFshCndY,59,33,118,https://www.youtube.com/watch?v=iMjBFshCndY,0,0,0,,53700,3497,2340,4447,https://www.twitch.tv/videos/2740069498
b1cb513e2511484cabbac00140b4a95c,5450,180885,453,252,12550,https://www.youtube.com/watch?v=EaLfWor3jno,409,233,730,https://www.youtube.com/watch?v=959dWHV3ZMw,2894,609,12550,https://www.youtube.com/watch?v=EaLfWor3jno,444,219,171,396,https://www.twitch.tv/videos/2742900942
a0e2f9b9f851401bbd1736189d4b69b1,5450,135297,64,37,64,https://www.youtube.com/watch?v=KODyOL8oXuk,64,37,64,https://www.youtube.com/watch?v=KODyOL8oXuk,0,0,0,,0,0,0,0,
dbfaa5f3d01142df8a05c4946a0a22dc,5440,441518,256,92,3722,https://www.youtube.com/watch?v=d5MLQpOKcXM,240,82,619,https://www.youtube.com/watch?v=n9Elfx6hFPE,2465,1680,3722,https://www.youtube.com/watch?v=d5MLQpOKcXM,0,0,0,0,
40c846b91c4a44a980eddf20f0f789c0,5440,793287,881,285,9003,https://www.youtube.com/watch?v=mN8KVLpL75w,330,175,881,https://www.youtube.com/watch?v=0FYx1aISjEY,2837,910,9003,https://www.youtube.com/watch?v=mN8KVLpL75w,6025,901,789,1938,https://www.twitch.tv/videos/2746932541
70adcdf6f8a146089a4e724b14146efd,5430,393342,537,199,25862,https://www.youtube.com/watch?v=dpJ19r7VP7o,394,143,719,https://www.youtube.com/watch?v=xKs4V0KC8_w,2951,1708,25862,https://www.youtube.com/watch?v=dpJ19r7VP7o,509,0,0,0,
ea7d228d8fb2462f95aef21fc5bd4fb8,5430,1008784,730,422,1752,https://www.youtube.com/watch?v=JoC7TgNDI5Y,730,422,1752,https://www.youtube.com/watch?v=JoC7TgNDI5Y,0,0,0,,0,0,0,0,
490a48eedc944f9cb74501e6eefeb04d,5380,310215,460,175,2002,https://www.youtube.com/watch?v=0awsLOJwaWg,380,161,506,https://www.youtube.com/watch?v=QvRFUnBdPuQ,1557,418,2002,https://www.youtube.com/watch?v=0awsLOJwaWg,2894,235,147,325,https://www.twitch.tv/videos/2747046891
428251b7832a48219276fb6e5f644e86,5380,822736,1361,720,8308,https://www.youtube.com/watch?v=yh8SJiy74jY,1139,364,2138,https://www.youtube.com/watch?v=NBCXwf-h7RU,1361,782,8308,https://www.youtube.com/watch?v=yh8SJiy74jY,261,0,0,0,
2d84a02e592d4a92893b7cc36af95a26,5370,202851,451,238,6049,https://www.youtube.com/watch?v=fH6Uxr3fDH0,437,220,572,https://www.youtube.com/watch?v=X2bAsQUU6rc,4623,2993,6049,https://www.youtube.com/watch?v=fH6Uxr3fDH0,539,425,381,573,https://www.twitch.tv/videos/2746354500
8f0b41303e8a481689fe4309a565ecd3,5340,314088,232,103,1233,https://www.youtube.com/watch?v=0f1qd_LATbQ,215,129,298,https://www.youtube.com/watch?v=_2ApNb2XZxI,606,29,1233,https://www.youtube.com/watch?v=0f1qd_LATbQ,1461,284,227,284,https://www.twitch.tv/videos/2746849083
7ae1c13d53fb44f49f386eef43c63ee4,5340,252472,136,71,1797,https://www.youtube.com/watch?v=YFgp073_6r4,126,59,249,https://www.youtube.com/watch?v=hKNI3GWr-Zg,1142,394,1797,https://www.youtube.com/watch?v=YFgp073_6r4,66,0,0,0,
529328632b0b4701a469ebc14413f855,5340,190666,409,103,740,https://www.youtube.com/watch?v=5Ma7OO05tzI,322,180,407,https://www.youtube.com/watch?v=XA5fhFSeMZU,449,49,740,https://www.youtube.com/watch?v=5Ma7OO05tzI,0,0,0,0,
fec8644970684cffbbae8dd37a52d59c,5300,272768,113,50,1586,https://www.youtube.com/watch?v=2Bwdm4zJPs4,109,50,894,https://www.youtube.com/watch?v=6Rd6UxJgeDQ,737,36,1586,https://www.youtube.com/watch?v=2Bwdm4zJPs4,1048,465,299,1855,https://www.twitch.tv/videos/2750670421
b473dffe721745f6beb34b5a49e9aeda,5300,392013,0,0,0,,0,0,0,,0,0,0,,0,0,0,0,
443ba741722742d5b7d5f76c3e7b445b,5270,486421,287,150,2578,https://www.youtube.com/watch?v=WBYJ0Z5N_xU,272,159,687,https://www.youtube.com/watch?v=4EGuBLgcOVk,1662,37,2578,https://www.youtube.com/watch?v=WBYJ0Z5N_xU,0,0,0,0,
38ecb20931514383b2d93885136c6b68,5270,224392,195,86,254,https://www.youtube.com/watch?v=g9vTQmczt9o,195,86,254,https://www.youtube.com/watch?v=g9vTQmczt9o,0,0,0,,0,0,0,0,
7e088cf828bf4e02ae65bb8a1f6a8b89,5270,194222,98,20,170,https://www.youtube.com/watch?v=FVXEVe98WeU,98,20,170,https://www.youtube.com/watch?v=FVXEVe98WeU,0,0,0,,209,0,0,0,
c8858f1d4a2b41a4bbf738530023d6f9,5260,203571,226,169,327,https://www.youtube.com/watch?v=Qm09NmlbZeQ,226,169,327,https://www.youtube.com/watch?v=Qm09NmlbZeQ,0,0,0,,282,84,74,177,https://www.twitch.tv/videos/2751067712
d889f67fe7b84a38a9742ab2a47f346a,5230,678348,927,154,1685,https://www.youtube.com/watch?v=6ga3nqLLXQo,103,43,108,https://www.youtube.com/watch?v=GwEgxxes_0I,1287,807,1685,https://www.youtube.com/watch?v=6ga3nqLLXQo,3350,268,187,454,https://www.twitch.tv/videos/2739740570
b6f8117355b24e9c8a8a4c813a72aec9,5220,653785,196,127,1279,https://www.youtube.com/watch?v=ghnERPDhHo0,0,0,0,,196,127,1279,https://www.youtube.com/watch?v=ghnERPDhHo0,1342,232,154,426,https://www.twitch.tv/videos/2741330841
2c42a2d77b4c481bae57dc00a66c2f16,5210,558560,542,357,1036,https://www.youtube.com/watch?v=3NGrj7n9uoU,542,357,1036,https://www.youtube.com/watch?v=3NGrj7n9uoU,0,0,0,,0,0,0,0,
1f2b5204983b4d5ebe0a9352de3a66f6,5200,116110,244,225,270,https://www.youtube.com/watch?v=u8SNh25jKo0,244,225,270,https://www.youtube.com/watch?v=u8SNh25jKo0,0,0,0,,0,0,0,0,
effe96469a7348c786d01ccea8cf71cb,5180,180609,0,0,0,,0,0,0,,0,0,0,,0,0,0,0,
63108f8ea91a4a699f345bb259750745,5180,97165,217,103,601,https://www.youtube.com/watch?v=erlRC0IEAro,312,117,601,https://www.youtube.com/watch?v=erlRC0IEAro,130,53,130,https://www.youtube.com/watch?v=J9Y7o7DYEvc,0,0,0,0,
afb80b53c4a543e28eb165f036bc8e4f,5170,272522,163,79,2079,https://www.youtube.com/watch?v=aMsCC7dQou0,128,58,314,https://www.youtube.com/watch?v=kJ7niZiuzVo,1386,459,2079,https://www.youtube.com/watch?v=aMsCC7dQou0,0,0,0,0,
7f4f30df30ec405bb0968c585b243fa5,5170,364000,2519,1671,12232,https://www.youtube.com/watch?v=WOZWpqMiXD0,448,167,448,https://www.youtube.com/watch?v=g7GO3MNV3Jo,2672,1674,12232,https://www.youtube.com/watch?v=WOZWpqMiXD0,783,0,0,0,
cc2a13ac075e4640b19020a51dcf9d88,5150,138818,746,307,746,https://www.youtube.com/watch?v=4VY0bHnMJ4M,746,307,746,https://www.youtube.com/watch?v=4VY0bHnMJ4M,0,0,0,,563,0,0,0,
510bdce263cc479ca12d1fad64bfc65e,5110,339615,417,244,948,https://www.youtube.com/watch?v=59jbV1_S1hQ,417,244,948,https://www.youtube.com/watch?v=59jbV1_S1hQ,0,0,0,,0,0,0,0,
bdaa84ad3c7841d6a9ec8774ed9d40a9,5080,169447,482,279,1611,https://www.youtube.com/watch?v=e6ZrnSGZEPo,441,240,613,https://www.youtube.com/watch?v=QWWMlN_h0P8,1486,813,1611,https://www.youtube.com/watch?v=e6ZrnSGZEPo,0,0,0,0,
25027be34ca844c885f40d5c26507898,5060,263991,2018,1021,2486,https://www.youtube.com/watch?v=pxR995bwc8Y,0,0,0,,2018,1021,2486,https://www.youtube.com/watch?v=pxR995bwc8Y,0,0,0,0,
c21d4186912d4652a7fb5a1b3ef382b6,5010,186656,250,79,694,https://www.youtube.com/watch?v=aV-AaYfARVw,250,79,694,https://www.youtube.com/watch?v=aV-AaYfARVw,0,0,0,,2889,407,285,590,https://www.twitch.tv/videos/2749605557
c3bec3f382754230b178f8278eb550fb,4970,205633,278,128,1394,https://www.youtube.com/watch?v=uKP1AgBYC60,161,88,551,https://www.youtube.com/watch?v=afojX5qRbp4,488,159,1394,https://www.youtube.com/watch?v=uKP1AgBYC60,0,0,0,0,
94082eb7d950471b934592394ad3e4c8,4960,292741,0,0,0,,0,0,0,,0,0,0,,0,0,0,0,
36f4fa8dbd7740c3ae5ac02b890fa502,4950,307325,77,49,124,https://www.youtube.com/watch?v=f_VJz_jeajE,77,49,124,https://www.youtube.com/watch?v=f_VJz_jeajE,0,0,0,,1078,0,0,0,
def76c5c31fe4466b5ae6e6940ae6e58,4930,579602,427,235,2148,https://www.youtube.com/watch?v=Qd4DYF4SrOg,420,220,720,https://www.youtube.com/watch?v=07kussYItsw,1068,472,2148,https://www.youtube.com/watch?v=Qd4DYF4SrOg,0,0,0,0,
3589be2c85dc460aa8de768c7a228730,4920,213759,160,71,625,https://www.youtube.com/watch?v=-c3PShIIbhc,160,71,625,https://www.youtube.com/watch?v=-c3PShIIbhc,0,0,0,,0,0,0,0,
19c3bdcc95134ef38ad98df3f92f3ccb,4920,315116,169,106,226,https://www.youtube.com/watch?v=Q_OspdTRDM0,169,106,226,https://www.youtube.com/watch?v=Q_OspdTRDM0,0,0,0,,838,72,57,200,https://www.twitch.tv/videos/2739706492
8fd3526ba2074df896bbcb47e713565b,4920,117460,133,78,189,https://www.youtube.com/watch?v=aJK3NkpiR4U,133,78,189,https://www.youtube.com/watch?v=aJK3NkpiR4U,0,0,0,,0,0,0,0,
17610c1e36214c0f8002456d8b0bcf36,4910,185198,347,97,347,https://www.youtube.com/watch?v=nB4nwrqWrA4,0,0,0,,347,97,347,https://www.youtube.com/watch?v=nB4nwrqWrA4,0,0,0,0,
d0b68b633fba4c02a627751778973f36,4900,110964,156,44,195,https://www.youtube.com/watch?v=Y7QgBNq5K34,156,44,195,https://www.youtube.com/watch?v=Y7QgBNq5K34,0,0,0,,0,0,0,0,
f9c9c29a9fb143539ade06564b99b233,4880,3328,88,44,147,https://www.youtube.com/watch?v=AW0goBuAxls,88,44,147,https://www.youtube.com/watch?v=AW0goBuAxls,0,0,0,,0,0,0,0,
a1bc1c5451e64266a0f21f0847dd8d2f,4870,160830,92,44,407,https://www.youtube.com/watch?v=bQohBnCY7ZA,92,58,206,https://www.youtube.com/watch?v=KTAJVDF1MHM,203,26,407,https://www.youtube.com/watch?v=bQohBnCY7ZA,442,308,244,406,https://www.twitch.tv/videos/2744508890
fe8ee7b57ae74a1388127b81b136c7ea,4860,123897,104,74,427,https://www.youtube.com/watch?v=alJ71Ua4WZs,100,64,427,https://www.youtube.com/watch?v=alJ71Ua4WZs,318,174,318,https://www.youtube.com/watch?v=cqL80SSRni4,632,0,0,0,
2e266a71aa3d4a67bb8d9a2a0b573319,4840,278251,0,0,0,,0,0,0,,0,0,0,,41903,3167,1396,6065,https://www.twitch.tv/videos/2745090190
42b8bd7bed2a4ddd930cfd223657e9ca,4830,184562,434,207,1265,https://www.youtube.com/watch?v=o7BjiMj5BlM,282,182,899,https://www.youtube.com/watch?v=U71pIflRSlk,598,239,1265,https://www.youtube.com/watch?v=o7BjiMj5BlM,1307,209,157,654,https://www.twitch.tv/videos/2750986175
32b83b466c11418bb380623a95944302,4830,383868,927,782,927,https://www.youtube.com/watch?v=ywiSNHAIYUw,0,0,0,,927,782,927,https://www.youtube.com/watch?v=ywiSNHAIYUw,3309,267,170,343,https://www.twitch.tv/videos/2730528595
e0f419006f244a51804050ede1d1a5aa,4820,1300526,91,70,1876,https://www.youtube.com/watch?v=MRSlybTQprA,80,59,91,https://www.youtube.com/watch?v=8MeLB9gMdaQ,1876,909,1876,https://www.youtube.com/watch?v=MRSlybTQprA,0,0,0,0,
e4e33334b43945b6837ec43826f3727f,4810,194992,330,168,3888,https://www.youtube.com/watch?v=RT7d7ypuomI,246,119,433,https://www.youtube.com/watch?v=CKG84jvVuyI,1605,571,3888,https://www.youtube.com/watch?v=RT7d7ypuomI,0,0,0,0,
1357f282a9f04f6cbe3e215a0bd20482,4790,120533,488,140,2389,https://www.youtube.com/watch?v=f2xLWigYMqA,0,0,0,,488,140,2389,https://www.youtube.com/watch?v=f2xLWigYMqA,1808,234,170,246,https://www.twitch.tv/videos/2744482774
de81b740d66c439685aa37491d27efc4,4780,456535,0,0,0,,0,0,0,,0,0,0,,4339,252,208,648,https://www.twitch.tv/videos/2741139500
432458f2f15549919dc6e3706ccbd417,4780,314992,246,34,246,https://www.youtube.com/watch?v=IHldilNDetU,0,0,0,,246,34,246,https://www.youtube.com/watch?v=IHldilNDetU,0,0,0,0,
a9f1edc233804d4b90a9996219a3b14b,4760,242203,116,60,450,https://www.youtube.com/watch?v=TKvuf7wRgpo,98,54,328,https://www.youtube.com/watch?v=241YZ6xPt2g,450,65,450,https://www.youtube.com/watch?v=TKvuf7wRgpo,0,0,0,0,
9de74d9cd68f481396a3dbd76d529a24,4760,205647,159,83,229,https://www.youtube.com/watch?v=03S6FZFvOmY,159,83,229,https://www.youtube.com/watch?v=03S6FZFvOmY,0,0,0,,0,0,0,0,
1e71d9b4bbb1411b84e1aa428a79c9bc,4750,66715,0,0,0,,0,0,0,,0,0,0,,0,0,0,0,
fad69c2a625446829ef410d9ef277c8f,4740,150081,185,59,333,https://www.youtube.com/watch?v=qhje2DUF1pQ,185,59,333,https://www.youtube.com/watch?v=qhje2DUF1pQ,0,0,0,,0,0,0,0,
29294f0665864cee8bb2b48697b9e84f,4740,248441,443,265,1638,https://www.youtube.com/watch?v=PEk7FHexrDk,341,222,1266,https://www.youtube.com/watch?v=cntI4F-zpzE,1241,701,1638,https://www.youtube.com/watch?v=PEk7FHexrDk,307,0,0,0,
b2313ef4c37542c89796ae94dfb8228d,4730,179409,291,115,568,https://www.youtube.com/watch?v=CwUnnNXuAs0,291,115,568,https://www.youtube.com/watch?v=CwUnnNXuAs0,0,0,0,,327,206,139,233,https://www.twitch.tv/videos/2746301324
e1b2337b79d1449e9ae6a754ec74050d,4720,606896,236,91,450,https://www.youtube.com/watch?v=jXZkqZCpI78,236,91,450,https://www.youtube.com/watch?v=jXZkqZCpI78,0,0,0,,0,0,0,0,
bcbde4d998e341418ebdf3e26884811d,4700,151564,260,83,362,https://www.youtube.com/watch?v=uyKenaDb5jI,260,83,362,https://www.youtube.com/watch?v=uyKenaDb5jI,0,0,0,,0,0,0,0,
4c8efd1d28d04eeabd21a3c337f154b9,4690,85848,115,61,190,https://www.youtube.com/watch?v=OQ15awopDfc,115,61,190,https://www.youtube.com/watch?v=OQ15awopDfc,0,0,0,,0,0,0,0,
988d1a83ff6c4f82af6be42946987c36,4680,308967,333,65,1458,https://www.youtube.com/watch?v=X9CPpyq5VfA,118,34,401,https://www.youtube.com/watch?v=RUvoox2fJJY,1050,288,1458,https://www.youtube.com/watch?v=X9CPpyq5VfA,0,0,0,0,
c8ef4e3182b74ecd994c837a75624390,4660,389248,753,309,5806,https://www.youtube.com/watch?v=BRQzQnrtop8,179,79,371,https://www.youtube.com/watch?v=l3UPIpK6Y4c,1190,768,5806,https://www.youtube.com/watch?v=BRQzQnrtop8,0,0,0,0,
b3c1a09b09a54b9a8078d3310d151efe,4660,123337,65,11,65,https://www.youtube.com/watch?v=nUmydZxaHs0,65,11,65,https://www.youtube.com/watch?v=nUmydZxaHs0,0,0,0,,0,0,0,0,
98181ce64b3d45a9aa295c446e1bae9e,4650,117330,0,0,0,,0,0,0,,0,0,0,,573,0,0,0,
256dd6464e974e118dc8103d5e9eb0b3,4640,95977,1450,181,3962,https://www.youtube.com/watch?v=eRHljEblBxE,0,0,0,,1450,181,3962,https://www.youtube.com/watch?v=eRHljEblBxE,3307,520,358,851,https://www.twitch.tv/videos/2746849699
4cc400969073471f9d2808a807e95f7d,4620,359301,594,238,1789,https://www.youtube.com/watch?v=VEjPeWqO7dk,229,202,229,https://www.youtube.com/watch?v=g41zde9hFzw,609,239,1789,https://www.youtube.com/watch?v=VEjPeWqO7dk,0,0,0,0,
a99bc695c89d41e391a5abf6e781c911,4620,342755,0,0,0,,0,0,0,,0,0,0,,0,0,0,0,
c6dab598fcee4b6b9bff76d2e8ffc8e6,4610,320455,232,99,2132,https://www.youtube.com/watch?v=lUmmPb4du8s,139,62,300,https://www.youtube.com/watch?v=p_6Gxz2ukfE,787,423,2132,https://www.youtube.com/watch?v=lUmmPb4du8s,812,0,0,0,
6073eb006b764614915e90b5c54ce7e6,4610,292679,886,799,1292,https://www.youtube.com/watch?v=CMtSMp96JFc,0,0,0,,886,799,1292,https://www.youtube.com/watch?v=CMtSMp96JFc,3285,476,282,596,https://www.twitch.tv/videos/2746957952
4762b7be8b764f19a33a7cf167c2ea64,4610,66124,42,21,60,https://www.youtube.com/watch?v=6Pc_p_AJ80g,42,21,60,https://www.youtube.com/watch?v=6Pc_p_AJ80g,0,0,0,,0,0,0,0,
d41f0a9dfdec46929f6f9534f8d79167,4540,64191,0,0,0,,0,0,0,,0,0,0,,0,0,0,0,
2d9ef8be75c34daf9ce9d17ecbbe0f7a,4540,672091,181,81,340,https://www.youtube.com/watch?v=zBBm-L-kbms,181,81,340,https://www.youtube.com/watch?v=zBBm-L-kbms,0,0,0,,713,43,35,106,https://www.twitch.tv/videos/2745382192
33e0b518387b4479a76910366cd2a413,4530,240027,116,68,3360,https://www.youtube.com/watch?v=mDhDvhGTAnI,65,36,140,https://www.youtube.com/watch?v=7EPQ-68Ibas,2410,1992,3360,https://www.youtube.com/watch?v=mDhDvhGTAnI,367,16,13,86,https://www.twitch.tv/videos/2741433152
20327c35cc9d4deba93299b790d7d721,4510,241072,199,111,1786,https://www.youtube.com/watch?v=1C-ejiYPNXk,120,72,310,https://www.youtube.com/watch?v=aQHMvwv38Dc,665,186,1786,https://www.youtube.com/watch?v=1C-ejiYPNXk,0,0,0,0,
3dd8c72cab6d494dbd6fbf0a0e3dc41a,4510,306890,264,163,3293,https://www.youtube.com/watch?v=bxiYusMog78,247,159,3293,https://www.youtube.com/watch?v=bxiYusMog78,1309,1078,1345,https://www.youtube.com/watch?v=3tiRwOzUB7o,1279,219,153,760,https://www.twitch.tv/videos/2746071102
0fa88d7be0ba4850abea150aa73fe440,4470,261385,0,0,0,,0,0,0,,0,0,0,,0,0,0,0,
3a43445829024217b728d04d5398b61c,4450,217136,186,106,564,https://www.youtube.com/watch?v=bUi707BPd90,186,106,564,https://www.youtube.com/watch?v=bUi707BPd90,0,0,0,,0,0,0,0,
c90914afde364f5e982414615662f5a7,4430,375615,195,73,1469,https://www.youtube.com/watch?v=AVn-XaKBxMg,195,55,1431,https://www.youtube.com/watch?v=d3NMp4NwYVw,776,99,1469,https://www.youtube.com/watch?v=AVn-XaKBxMg,1988,23261,13512,23261,https://www.twitch.tv/videos/2741346909
b9569d6e438b473ba61d88c0230899f5,4420,261857,119,67,273,https://www.youtube.com/watch?v=HtEpN9SR_8w,118,67,257,https://www.youtube.com/watch?v=6RXXokwa8mg,273,113,273,https://www.youtube.com/watch?v=HtEpN9SR_8w,0,0,0,0,
52b5fa7ff03945368644f52035a5e798,4410,322404,111,39,543,https://www.youtube.com/watch?v=CfTkal81o5I,111,39,543,https://www.youtube.com/watch?v=CfTkal81o5I,0,0,0,,0,0,0,0,
627d42f52e604f3e8eadc7f04ef74d2a,4380,214343,0,0,0,,0,0,0,,0,0,0,,3512,644,507,1536,https://www.twitch.tv/videos/2741707765
5fd252ad134343a59705e00390c6d9ef,4380,117334,0,0,0,,0,0,0,,0,0,0,,1420,257,80,602,https://www.twitch.tv/videos/2729465326
98187e2cc8c34f5d8e0853bffc1a30c9,4370,147279,2113,1707,2113,https://www.youtube.com/watch?v=NGn6Z9groFI,0,0,0,,2113,1707,2113,https://www.youtube.com/watch?v=NGn6Z9groFI,0,0,0,0,
ccc1420185ad46d49d40b6b774db9b11,4360,242025,110,64,166,https://www.youtube.com/watch?v=rOHzLSnsOwU,119,63,166,https://www.youtube.com/watch?v=rOHzLSnsOwU,95,64,112,https://www.youtube.com/watch?v=Lbmwu5_0DbQ,772,80,58,157,https://www.twitch.tv/videos/2742878128
a2c7c34474174cd2bffcc17a32aeec21,4350,296202,103,76,1274,https://www.youtube.com/watch?v=6zxvd7FFMSg,81,43,119,https://www.youtube.com/watch?v=WlUCsF0ZlN8,777,546,1274,https://www.youtube.com/watch?v=6zxvd7FFMSg,919,41,25,60,https://www.twitch.tv/videos/2742913704
f658ebdc79bf4cef928a87d3a35855a5,4350,76465,36,27,36,https://www.youtube.com/watch?v=CotZ3FMi0aI,36,27,36,https://www.youtube.com/watch?v=CotZ3FMi0aI,0,0,0,,0,0,0,0,
bd7d712e0946448aa29a1d213d1c1beb,4340,133102,177,119,12806,https://www.youtube.com/watch?v=DREDNLFyr1M,148,76,216,https://www.youtube.com/watch?v=5iUDzHPPslI,1684,1125,12806,https://www.youtube.com/watch?v=DREDNLFyr1M,305,238,196,417,https://www.twitch.tv/videos/2745469793
9ceaafbe1a9a41bb9526b113354e03cc,4330,328342,185,127,1774,https://www.youtube.com/watch?v=Rt4G2pW0e6k,172,106,220,https://www.youtube.com/watch?v=1qhhKy7gvQA,1443,910,1774,https://www.youtube.com/watch?v=Rt4G2pW0e6k,0,0,0,0,
f4fc9f87ed4b4f05a339b1f1a1d621b6,4320,92064,0,0,0,,0,0,0,,0,0,0,,0,0,0,0,
caf08c74dd7b4919bca49eef394d5475,4320,656956,1417,316,3987,https://www.youtube.com/watch?v=4ccFeJz7_wE,175,126,318,https://www.youtube.com/watch?v=C-7TTspfFOM,1684,747,3987,https://www.youtube.com/watch?v=4ccFeJz7_wE,3621,805,444,2433,https://www.twitch.tv/videos/2730344589
81387cdce77a4a9b9338145b28ae9ff6,4310,0,0,0,0,,0,0,0,,0,0,0,,0,0,0,0,
3f36658defc1428b8d4628478ef59256,4290,336229,352,142,2431,https://www.youtube.com/watch?v=uJ3px5gcY7Q,195,86,2431,https://www.youtube.com/watch?v=uJ3px5gcY7Q,1202,373,1465,https://www.youtube.com/watch?v=_fS1JUnA4fs,0,0,0,0,
de071f4fc90344748afac14099022672,4290,109220,1771,579,2181,https://www.youtube.com/watch?v=pBdB9dOvmZY,0,0,0,,1771,579,2181,https://www.youtube.com/watch?v=pBdB9dOvmZY,7896,2356,796,5213,https://www.twitch.tv/videos/2736683647
db1c4d81f03f4b04aca36b8b5b2b9c62,4280,91461,132,89,216,https://www.youtube.com/watch?v=8_1uAu9eXIc,132,89,216,https://www.youtube.com/watch?v=8_1uAu9eXIc,0,0,0,,438,0,0,0,
0ede84dfc1ff426cb42643d7390d2937,4250,699797,249,134,5244,https://www.youtube.com/watch?v=xmkECPorjdI,191,127,5244,https://www.youtube.com/watch?v=xmkECPorjdI,1207,1110,2600,https://www.youtube.com/watch?v=HyO4JSLKjyg,1686,372,237,430,https://www.twitch.tv/videos/2741401418
caebfeea12c840f0ae0f0e2beb57b4e2,4250,223503,898,368,898,https://www.youtube.com/watch?v=VcQ41Wpfn9g,0,0,0,,898,368,898,https://www.youtube.com/watch?v=VcQ41Wpfn9g,0,0,0,0,
ba41581d315943fdaebe0dc981020d1c,4240,228418,109,66,175,https://www.youtube.com/watch?v=D7O8FgGYvW8,175,73,175,https://www.youtube.com/watch?v=D7O8FgGYvW8,72,63,147,https://www.youtube.com/watch?v=g89StP53Yn4,0,0,0,0,
c17ad3ef81904c26982024c9af1f0f3a,4230,177816,1596,650,3456,https://www.youtube.com/watch?v=GU38Fw_PAic,0,0,0,,1596,650,3456,https://www.youtube.com/watch?v=GU38Fw_PAic,3438,195,154,395,https://www.twitch.tv/videos/2741618701
872627e5c7a248bfb41a055dee03029a,4220,125449,184,81,2300,https://www.youtube.com/watch?v=VafuJP6sRmA,23,8,66,https://www.youtube.com/watch?v=wjJAwuarKIo,324,211,2300,https://www.youtube.com/watch?v=VafuJP6sRmA,754,0,0,0,
58e377df63f745fc8473368b20afe2ae,4210,227132,60,27,115,https://www.youtube.com/watch?v=fMHwm0PmYdg,60,27,115,https://www.youtube.com/watch?v=fMHwm0PmYdg,0,0,0,,304,11,8,15,https://www.twitch.tv/videos/2747915433
3e340f9122814acc84ff51a0aec8ae13,4210,128784,0,0,0,,0,0,0,,0,0,0,,0,0,0,0,
58bb51ba1bba485a98cbf859fb5687f4,4210,452203,704,268,2251,https://www.youtube.com/watch?v=RtevwVEsXzE,134,80,345,https://www.youtube.com/watch?v=7uD4gJ4S25o,1087,537,2251,https://www.youtube.com/watch?v=RtevwVEsXzE,1830,0,0,0,
2683fa864bd24112b6f7d04afb096a4e,4190,221100,376,126,2291,https://www.youtube.com/watch?v=edgg6d3kZLY,193,101,376,https://www.youtube.com/watch?v=TVfRrRiZZgk,1379,915,2291,https://www.youtube.com/watch?v=edgg6d3kZLY,362,0,0,0,
50433c34f368460c9cda947f292a62b4,4170,325408,515,186,728,https://www.youtube.com/watch?v=pfD3ku1JRRE,515,252,728,https://www.youtube.com/watch?v=pfD3ku1JRRE,529,163,648,https://www.youtube.com/watch?v=obyIzqqdjvk,0,0,0,0,
01bebf0363a94b16b2313053c90a1c8a,4170,118350,120,39,168,https://www.youtube.com/watch?v=O2a70ZV089I,120,39,168,https://www.youtube.com/watch?v=O2a70ZV089I,0,0,0,,423,0,0,0,
16b8db1818764f81addb322d109b5da3,4140,243771,692,225,1463,https://www.youtube.com/watch?v=ViV1tEGJTUw,542,150,773,https://www.youtube.com/watch?v=xgdDpkGC5sQ,1410,948,1463,https://www.youtube.com/watch?v=ViV1tEGJTUw,0,0,0,0,
6fb8c6dea7404638a9d78d4b0d84f64c,4130,28411,746,347,1207,https://www.youtube.com/watch?v=vtPQaw2EOfU,746,347,1207,https://www.youtube.com/watch?v=vtPQaw2EOfU,0,0,0,,2857,0,0,0,
ffb8b8f15321474a98628cb638631bf1,4130,810010,0,0,0,,0,0,0,,0,0,0,,0,0,0,0,
ad6cf3322d204c79afa7d14d4d36473c,4120,302913,1677,963,2109,https://www.youtube.com/watch?v=IaNtlLQkkaU,0,0,0,,1677,963,2109,https://www.youtube.com/watch?v=IaNtlLQkkaU,0,0,0,0,
7f049d05ff3a4946998b9ddd7df409fd,4100,131925,159,58,1406,https://www.youtube.com/watch?v=A41AEY16tqg,123,39,447,https://www.youtube.com/watch?v=VWbzBOA50aA,1285,1244,1406,https://www.youtube.com/watch?v=A41AEY16tqg,2294,149,121,292,https://www.twitch.tv/videos/2751038917
637b3a1eb03443248ebd1caba56e6b5a,4100,179059,402,195,1067,https://www.youtube.com/watch?v=vWrg6LWrYdI,402,195,1067,https://www.youtube.com/watch?v=vWrg6LWrYdI,0,0,0,,0,0,0,0,
90446c6f1b704ff6b0fbbf017f0a68c5,4100,148064,355,267,649,https://www.youtube.com/watch?v=9EDvVdyCFRs,338,197,649,https://www.youtube.com/watch?v=9EDvVdyCFRs,533,267,533,https://www.youtube.com/watch?v=DE91YFYAtq4,0,0,0,0,
d66fb507852f4d889e426c8ea0f9f246,4090,169132,442,214,2086,https://www.youtube.com/watch?v=46ikU4JNiNA,437,220,2086,https://www.youtube.com/watch?v=46ikU4JNiNA,769,136,769,https://www.youtube.com/watch?v=JuvyWufB0cI,502,0,0,0,
8b027d3a3f374c9c8398b6dd751e5018,4090,1255,0,0,0,,0,0,0,,0,0,0,,37391,5139,2397,12068,https://www.twitch.tv/videos/2742905961
9d74c909706a450ea35c1777cac79e77,4060,439144,234,107,902,https://www.youtube.com/watch?v=qS2jEMvY6r0,230,107,755,https://www.youtube.com/watch?v=2v_w7ajo40M,629,176,902,https://www.youtube.com/watch?v=qS2jEMvY6r0,866,151,97,296,https://www.twitch.tv/videos/2740372620
1ea5aa0a7a7d401b897630667cf4b44e,4060,216135,114,48,299,https://www.youtube.com/watch?v=oq8f53ZT45o,114,48,299,https://www.youtube.com/watch?v=oq8f53ZT45o,0,0,0,,1224,196,179,323,https://www.twitch.tv/videos/2747907166
d177ac8568a14720b35bcc1a829aff51,4060,160732,141,72,231,https://www.youtube.com/watch?v=VDtb3mxCyfQ,141,72,231,https://www.youtube.com/watch?v=VDtb3mxCyfQ,0,0,0,,0,0,0,0,
eda6bf91049349e08f0f269fb4f8c0f9,4050,141141,95,55,1717,https://www.youtube.com/watch?v=GuC-iof1tf8,84,50,133,https://www.youtube.com/watch?v=3dus3umOF8g,813,490,1717,https://www.youtube.com/watch?v=GuC-iof1tf8,194,0,0,0,
b516b71a9e8d43b8a377dabe1f9057dd,4040,115707,98,40,481,https://www.youtube.com/watch?v=5IdPVe9ufpE,89,40,146,https://www.youtube.com/watch?v=G-ny26JnEWY,107,52,481,https://www.youtube.com/watch?v=5IdPVe9ufpE,530,43,29,57,https://www.twitch.tv/videos/2745351816
4a44ee7065ae41ad8d70469297599df8,4020,1123851,27,13,38,https://www.youtube.com/watch?v=tNMNe1h6Olc,27,13,38,https://www.youtube.com/watch?v=tNMNe1h6Olc,0,0,0,,0,0,0,0,
cd44db2c12a54568963299704aa8d4a6,4020,106236,0,0,0,,0,0,0,,0,0,0,,320,0,0,0,
c9ac78b9004c4c26ba4107ccefe399ec,4010,170148,78,68,288,https://www.youtube.com/watch?v=eUG4XJKU9RY,78,68,288,https://www.youtube.com/watch?v=eUG4XJKU9RY,0,0,0,,0,0,0,0,
9db6beb02e774aa7a97ba8674a5a8f9d,3950,82231,0,0,0,,0,0,0,,0,0,0,,197,0,0,0,
ec12bbfb27d24091aa6a7d64ff9429ea,3940,101562,896,262,1378,https://www.youtube.com/watch?v=i0sBp8JSBXc,0,0,0,,896,262,1378,https://www.youtube.com/watch?v=i0sBp8JSBXc,5282,559,254,953,https://www.twitch.tv/videos/2744647551
00d9cb7b0bcd451999f4fd33dd84be6c,3920,714359,188,81,1876,https://www.youtube.com/watch?v=GN1dYAmU3f0,176,42,434,https://www.youtube.com/watch?v=s58FZXbJ63g,644,430,1876,https://www.youtube.com/watch?v=GN1dYAmU3f0,4871,394,187,2691,https://www.twitch.tv/videos/2734615645
2bf038f2a9514434aefa4ef7b2140f56,3910,150636,514,311,1915,https://www.youtube.com/watch?v=PjTvLCYag7I,477,184,732,https://www.youtube.com/watch?v=zgjjHqReTT0,1326,562,1915,https://www.youtube.com/watch?v=PjTvLCYag7I,494,690,564,780,https://www.twitch.tv/videos/2746932240
780f8a72bb1543a79feb5730b42130c6,3900,233146,348,116,2105,https://www.youtube.com/watch?v=mQGiB-aZDx4,345,176,352,https://www.youtube.com/watch?v=jQzY0tNkVAY,581,57,2105,https://www.youtube.com/watch?v=mQGiB-aZDx4,0,0,0,0,
5cff30a1695346368e3ea7a7c7af4286,3880,399397,45,21,45,https://www.youtube.com/watch?v=7qIZw3OMXFM,0,0,0,,45,21,45,https://www.youtube.com/watch?v=7qIZw3OMXFM,761,0,0,0,
6bf5f37da9e74d539963689b6b0256a5,3870,487689,236,88,1270,https://www.youtube.com/watch?v=NesdywCSv9Y,147,69,369,https://www.youtube.com/watch?v=GVoa3OAhQbg,747,412,1270,https://www.youtube.com/watch?v=NesdywCSv9Y,0,0,0,0,
4b8f55c74e594978bb461a27b3924336,3860,104728,215,99,305,https://www.youtube.com/watch?v=PHCgV7P3c6c,215,99,305,https://www.youtube.com/watch?v=PHCgV7P3c6c,0,0,0,,835,0,0,0,
3727892a417b429aa063c7300e132966,3850,226383,371,56,371,https://www.youtube.com/watch?v=vNyY8tK7M9A,371,56,371,https://www.youtube.com/watch?v=vNyY8tK7M9A,0,0,0,,0,0,0,0,
a03628db891e4e8c9a54bc5161f1f2f4,3850,193277,133,12,460,https://www.youtube.com/watch?v=a1HIjQeANRc,95,7,133,https://www.youtube.com/watch?v=pmgMKnQLm_0,460,97,460,https://www.youtube.com/watch?v=a1HIjQeANRc,618,229,182,1176,https://www.twitch.tv/videos/2746092120
f03fa714465e44ef8d339474bd0f4a02,3840,119503,238,98,1663,https://www.youtube.com/watch?v=rSk1C9YLpxg,209,94,288,https://www.youtube.com/watch?v=YncANju04Bc,692,304,1663,https://www.youtube.com/watch?v=rSk1C9YLpxg,0,0,0,0,
9c1450789da443f491a66e6f121482fc,3830,307296,435,205,1398,https://www.youtube.com/watch?v=jJCHpaW0mp8,342,134,660,https://www.youtube.com/watch?v=p-MsN5xmN20,817,324,1398,https://www.youtube.com/watch?v=jJCHpaW0mp8,384,0,0,0,
0490d9546bce4068a0f52b39046bdf91,3830,102529,519,297,2581,https://www.youtube.com/watch?v=CdlpRUNvIrE,133,105,188,https://www.youtube.com/watch?v=pEGaX8Cf07c,925,483,2581,https://www.youtube.com/watch?v=CdlpRUNvIrE,4237,373,269,752,https://www.twitch.tv/videos/2746299160
edbd401267284e8886c1fd27d08283d4,3830,71184,0,0,0,,0,0,0,,0,0,0,,1030,0,0,0,
f18910b4b83a48558f16836f4c1488eb,3830,120281,0,0,0,,0,0,0,,0,0,0,,0,0,0,0,
20f361a84fb3439999c550c10fcf5642,3830,89130,0,0,0,,0,0,0,,0,0,0,,1647,0,0,0,
7b2d1d71057b4ac2a16109b980a99e28,3810,183226,210,134,5665,https://www.youtube.com/watch?v=bnKlcQyKwbk,148,110,210,https://www.youtube.com/watch?v=DBHxuLng1xE,1473,788,5665,https://www.youtube.com/watch?v=bnKlcQyKwbk,0,0,0,0,
3a4fe2f4720747ceabc87b3327ab2b17,3780,104509,178,75,178,https://www.youtube.com/watch?v=B5pcYC4PSQU,178,75,178,https://www.youtube.com/watch?v=B5pcYC4PSQU,0,0,0,,0,0,0,0,
c371d4c7f516451bac8ae3a9a13dc7f2,3780,122012,119,62,184,https://www.youtube.com/watch?v=Qo39TEkKdzA,116,65,184,https://www.youtube.com/watch?v=Qo39TEkKdzA,131,32,131,https://www.youtube.com/watch?v=VeclOc36k_s,1471,117,84,161,https://www.twitch.tv/videos/2742184316
7ddebf4d8f6d4c63a4fc7268d8113c10,3780,470147,786,212,1328,https://www.youtube.com/watch?v=5r-bp_9OXd0,0,0,0,,786,212,1328,https://www.youtube.com/watch?v=5r-bp_9OXd0,6417,884,465,6777,https://www.twitch.tv/videos/2745366096
342b158ba02d4103a1407d62fe786f5e,3780,180014,0,0,0,,0,0,0,,0,0,0,,1642,25,14,26,https://www.twitch.tv/videos/2741357502
ba5ed25718a7421cb15cd0ec62df723e,3760,149077,187,115,454,https://www.youtube.com/watch?v=iVPRlnI2Qpk,187,115,454,https://www.youtube.com/watch?v=iVPRlnI2Qpk,0,0,0,,481,0,0,0,
c01af5d5f9b74ac29b51dcae0dc55a2d,3750,289843,192,104,1752,https://www.youtube.com/watch?v=etIKb_wD00I,609,264,609,https://www.youtube.com/watch?v=x9aqO15_Bn4,189,94,1752,https://www.youtube.com/watch?v=etIKb_wD00I,0,0,0,0,
db4fd03c50654057bd32b9201666b345,3750,186877,0,0,0,,0,0,0,,0,0,0,,2317,0,0,0,
601b56797a3246f49cead93e9e190a49,3730,149505,0,0,0,,0,0,0,,0,0,0,,0,0,0,0,
2f80e2f83d254bbdbf48b9c8b3fca995,3720,151956,198,116,486,https://www.youtube.com/watch?v=cZ8rese3sqo,184,97,486,https://www.youtube.com/watch?v=cZ8rese3sqo,265,136,265,https://www.youtube.com/watch?v=CLCc_aMjGBc,0,0,0,0,
b0f00fccf8a14655911360748c4699cd,3720,144109,241,131,2012,https://www.youtube.com/watch?v=H38O2tH6PfU,91,52,137,https://www.youtube.com/watch?v=4uqpu-gtrwY,857,499,2012,https://www.youtube.com/watch?v=H38O2tH6PfU,0,0,0,0,
73827056b15849549388f720dde25c01,3720,176029,436,230,1314,https://www.youtube.com/watch?v=PQAw4JESsis,400,150,747,https://www.youtube.com/watch?v=2M7NFxHef6M,934,351,1314,https://www.youtube.com/watch?v=PQAw4JESsis,0,0,0,0,
42e2bc7c16734352b2e18a82e48844ec,3710,534110,364,206,2042,https://www.youtube.com/watch?v=EwpiejHMpTg,364,206,2042,https://www.youtube.com/watch?v=EwpiejHMpTg,0,0,0,,0,0,0,0,
a246e7561e5f40799a48eeca69951b7b,3680,182449,137,56,147,https://www.youtube.com/watch?v=2BwKUBhxK_4,137,56,147,https://www.youtube.com/watch?v=2BwKUBhxK_4,0,0,0,,129,0,0,0,
4d0cbf91a5cb4524862207c5d406d98c,3680,11140,6118,5156,6927,https://www.youtube.com/watch?v=u-mkOYzy4v0,0,0,0,,6118,5156,6927,https://www.youtube.com/watch?v=u-mkOYzy4v0,0,0,0,0,
ed4666af39034d54913aba64cfea6f47,3670,336460,412,142,898,https://www.youtube.com/watch?v=wdoRshTGX0g,412,142,898,https://www.youtube.com/watch?v=wdoRshTGX0g,0,0,0,,0,0,0,0,
907d39ec8a394cdcb645bd4b2e6351e7,3670,100177,69,27,99,https://www.youtube.com/watch?v=j06Kpp0qgmk,69,27,99,https://www.youtube.com/watch?v=j06Kpp0qgmk,0,0,0,,0,0,0,0,
bc70de85cb744f13bffae8a81ebd6bb4,3640,92775,0,0,0,,0,0,0,,0,0,0,,0,0,0,0,
dadb89bee9044261848ad444625d94f7,3640,57110,130,54,2070,https://www.youtube.com/watch?v=KAUeoA_gxtQ,100,36,209,https://www.youtube.com/watch?v=s6-FnPJ7-vA,541,280,2070,https://www.youtube.com/watch?v=KAUeoA_gxtQ,0,0,0,0,
3506a4f43442492e83c6fbe4cdb09aba,3610,61009,0,0,0,,0,0,0,,0,0,0,,0,0,0,0,
c2bbc6bca92c4825b72d635634197e2b,3600,222942,101,6,101,https://www.youtube.com/watch?v=fUOaq7g_yOU,101,6,101,https://www.youtube.com/watch?v=fUOaq7g_yOU,0,0,0,,0,0,0,0,
b95eb39c5bb74de687696afbc31fb836,3600,100746,177,46,198,https://www.youtube.com/watch?v=wnLrN787_Fo,177,46,198,https://www.youtube.com/watch?v=wnLrN787_Fo,0,0,0,,400,123,40,237,https://www.twitch.tv/videos/2741337490
286c24a67720434bbb4290d49fb42a54,3600,194483,125,64,1814,https://www.youtube.com/watch?v=HMyvF78JIKc,113,49,218,https://www.youtube.com/watch?v=lV2AHEXbeK8,1574,1440,1814,https://www.youtube.com/watch?v=HMyvF78JIKc,0,0,0,0,
e76a030f33bc48a58257b261f95ee3af,3600,144440,137,64,2172,https://www.youtube.com/watch?v=SVXpH2epH2U,134,62,236,https://www.youtube.com/watch?v=wa8PxONuHKg,2172,305,2172,https://www.youtube.com/watch?v=SVXpH2epH2U,0,0,0,0,
e93734c51e5141419d44dc147f1c5420,3590,57423,0,0,0,,0,0,0,,0,0,0,,0,0,0,0,
b1c9458ca89b44bab0f09883ef40c45c,3590,115383,140,69,659,https://www.youtube.com/watch?v=TIbvsjVbqXc,140,69,659,https://www.youtube.com/watch?v=TIbvsjVbqXc,0,0,0,,0,0,0,0,
0df008566e92461eb808c5b3ba9c7f0f,3590,121390,51,22,142,https://www.youtube.com/watch?v=m029DQSmSO4,51,22,142,https://www.youtube.com/watch?v=m029DQSmSO4,0,0,0,,0,0,0,0,
4d856c2abee448b8941c27799bb8cb03,3590,24974,10500,8186,19024,https://www.youtube.com/watch?v=XKoqG2Z4yiw,0,0,0,,10500,8186,19024,https://www.youtube.com/watch?v=XKoqG2Z4yiw,0,0,0,0,
dabf31fbee9b4214958603268d48b780,3580,20458,9479,7074,9686,https://www.youtube.com/watch?v=8ZFbheFUjYo,0,0,0,,9479,7074,9686,https://www.youtube.com/watch?v=8ZFbheFUjYo,0,0,0,0,
644ed2200e8a446bae2920103d1015e3,3580,128315,79,41,464,https://www.youtube.com/watch?v=NSi6G48kmDk,66,22,139,https://www.youtube.com/watch?v=mD5UWCsSRM0,225,155,464,https://www.youtube.com/watch?v=NSi6G48kmDk,0,0,0,0,
5f9767b104b54292bf6dd29863c0c6b1,3570,352695,1126,554,1879,https://www.youtube.com/watch?v=7uXsXF3Ev5c,61,49,61,https://www.youtube.com/watch?v=259Zah34ZqY,1147,576,1879,https://www.youtube.com/watch?v=7uXsXF3Ev5c,0,0,0,0,
7caa52181a744f68be9e3995c7adec24,3570,41733,148,71,211,https://www.youtube.com/watch?v=5AJFopuXmP8,148,71,211,https://www.youtube.com/watch?v=5AJFopuXmP8,0,0,0,,0,0,0,0,
4d9730dc400443e6b8edb719febd5f46,3560,74079,115,36,144,https://www.youtube.com/watch?v=_M07prT6QSU,115,36,144,https://www.youtube.com/watch?v=_M07prT6QSU,0,0,0,,769,42,32,64,https://www.twitch.tv/videos/2750401773
041976bda8b8410a99af25fc4cb87970,3560,124197,1217,259,1217,https://www.youtube.com/watch?v=sTn-v24g7jo,0,0,0,,1217,259,1217,https://www.youtube.com/watch?v=sTn-v24g7jo,133,0,0,0,
c16daca9d8b84b18a38ab97cdcd7577a,3560,367193,275,89,1247,https://www.youtube.com/watch?v=F0JqoAvR0iw,289,92,1247,https://www.youtube.com/watch?v=F0JqoAvR0iw,139,72,786,https://www.youtube.com/watch?v=XZyTg-jPc8k,0,0,0,0,
8b69d6c508194b93b14fc056038160ab,3560,82013,0,0,0,,0,0,0,,0,0,0,,1958,157,105,259,https://www.twitch.tv/videos/2749281189
8961bc96eec34a99ad58505bae3f58f1,3550,157041,96,26,113,https://www.youtube.com/watch?v=dWCN1jSwZz8,96,26,113,https://www.youtube.com/watch?v=dWCN1jSwZz8,0,0,0,,0,0,0,0,
d78d72ce0aac4c9d9c5c16604209ced3,3540,175979,545,243,1485,https://www.youtube.com/watch?v=LKz5S68VxW8,550,267,1485,https://www.youtube.com/watch?v=LKz5S68VxW8,421,34,421,https://www.youtube.com/watch?v=ovg00Yxtx-I,0,0,0,0,
64bba754590e41c5b58df1c536d4e865,3530,130787,162,42,200,https://www.youtube.com/watch?v=LqmyllRRQh0,162,42,200,https://www.youtube.com/watch?v=LqmyllRRQh0,0,0,0,,722,254,173,1132,https://www.twitch.tv/videos/2748912738
54b0131ceb734643b23b1eefee31cca0,3520,263728,245,68,245,https://www.youtube.com/watch?v=LO-Hhil1hj4,0,0,0,,245,68,245,https://www.youtube.com/watch?v=LO-Hhil1hj4,747,0,0,0,
07b9e0f7118446be96cc2d12f5d8ad02,3500,132371,0,0,0,,0,0,0,,0,0,0,,12220,576,429,576,https://www.twitch.tv/videos/2745349228
edf9e466820347828b0d2d10e5e9bb72,3500,230220,34,21,1440,https://www.youtube.com/watch?v=6hjmFo6UMdg,34,21,57,https://www.youtube.com/watch?v=PTX76VgIzvk,176,90,1440,https://www.youtube.com/watch?v=6hjmFo6UMdg,483,0,0,0,
f45249f9d8094f9d85f6d02aec4af029,3490,772905,241,128,1485,https://www.youtube.com/watch?v=CKPciEaMGUQ,181,119,241,https://www.youtube.com/watch?v=LCE0k3KnJBs,1485,1095,1485,https://www.youtube.com/watch?v=CKPciEaMGUQ,0,0,0,0,
8c25e14dcc3a4f71895d58924c69dc0a,3480,182008,0,0,0,,0,0,0,,0,0,0,,0,0,0,0,
de362d2d371446d898953e74e27abd2a,3480,387331,211,62,2507,https://www.youtube.com/watch?v=f_iY5_sRV0o,211,62,728,https://www.youtube.com/watch?v=thWy9qbOdV4,1332,1039,2507,https://www.youtube.com/watch?v=f_iY5_sRV0o,0,0,0,0,
4c34c44a98974b709f7dbc7618847fd6,3480,261079,879,141,1261,https://www.youtube.com/watch?v=tLxE71NIeIs,0,0,0,,879,141,1261,https://www.youtube.com/watch?v=tLxE71NIeIs,11562,1104,574,1447,https://www.twitch.tv/videos/2731318743
01ba034aab854ec680fe6f1ddc7008e2,3470,164714,97,48,119,https://www.youtube.com/watch?v=aoGEVN0wkn0,97,48,119,https://www.youtube.com/watch?v=aoGEVN0wkn0,0,0,0,,0,0,0,0,
a60e76fb18f44818980d7d5b07cf82c9,3470,156003,895,417,2033,https://www.youtube.com/watch?v=NkZfxia08WQ,693,337,1258,https://www.youtube.com/watch?v=injzV6JQ168,1619,516,2033,https://www.youtube.com/watch?v=NkZfxia08WQ,449,891,712,1554,https://www.twitch.tv/videos/2748678908
7bf1f37dccbe4c72860c81a2772b91e1,3430,1549874,23,13,118,https://www.youtube.com/watch?v=MCXTOppNvhI,21,10,118,https://www.youtube.com/watch?v=MCXTOppNvhI,55,29,87,https://www.youtube.com/watch?v=aRZEa8s_p5I,66,0,0,0,
4d347ba9ca0c41c59cda553ebe4af5b1,3430,137450,82,53,91,https://www.youtube.com/watch?v=Y--Uk-AbcZA,82,53,91,https://www.youtube.com/watch?v=Y--Uk-AbcZA,0,0,0,,1243,0,0,0,
7748d3ab76f34e06abb9d116bb432de2,3420,62340,0,0,0,,0,0,0,,0,0,0,,1650,0,0,0,
4d01ec47d0804a47a9fef6d9d01d9c29,3390,88585,0,0,0,,0,0,0,,0,0,0,,2171,136,109,252,https://www.twitch.tv/videos/2749510669
9379ed7f979440218e22b8db58dd0dd1,3380,206466,309,124,423,https://www.youtube.com/watch?v=bQGyBLr4hMQ,309,124,423,https://www.youtube.com/watch?v=bQGyBLr4hMQ,0,0,0,,571,0,0,0,
70a7428607b845fc959fb7d4859d018b,3380,343502,0,0,0,,0,0,0,,0,0,0,,18638,0,0,0,
46145dc9eaab4a84898468905a4759b0,3370,76199,54,35,98,https://www.youtube.com/watch?v=YgGXH5W7NXs,0,0,0,,54,35,98,https://www.youtube.com/watch?v=YgGXH5W7NXs,0,0,0,0,
8e249f04f6cb48bda24f1513a472f4d8,3360,269179,0,0,0,,0,0,0,,0,0,0,,0,0,0,0,
2ceecb98e47845eab5e3d8d33bd53895,3360,103384,200,110,200,https://www.youtube.com/watch?v=-7gJHuCWkAE,200,110,200,https://www.youtube.com/watch?v=-7gJHuCWkAE,0,0,0,,0,0,0,0,
9881cf3008684e55aea70a2499e84163,3360,383991,314,116,28377,https://www.youtube.com/watch?v=JNJk16xK5GE,224,105,599,https://www.youtube.com/watch?v=3BHPcx4IYFY,1101,499,28377,https://www.youtube.com/watch?v=JNJk16xK5GE,164,0,0,0,
9ad37d3249e24861bc8cb84368883258,3350,206315,91,34,3768,https://www.youtube.com/watch?v=ATAkX38BMYA,80,31,184,https://www.youtube.com/watch?v=Lkp75_TtwCg,983,84,3768,https://www.youtube.com/watch?v=ATAkX38BMYA,0,0,0,0,
c7a3d726bb4243cabb70dfd1e9545cd0,3340,160275,105,44,200,https://www.youtube.com/watch?v=P-QV7BLm8GQ,105,44,200,https://www.youtube.com/watch?v=P-QV7BLm8GQ,0,0,0,,0,0,0,0,
0e8150c7419f4c1d94d8ccfb41a04280,3340,327464,0,0,0,,0,0,0,,0,0,0,,0,0,0,0,
4f5a88e0193a4c948f7e84c56303db82,3340,89497,134,80,245,https://www.youtube.com/watch?v=AkeahhQYrnA,134,80,245,https://www.youtube.com/watch?v=AkeahhQYrnA,0,0,0,,0,0,0,0,
53d808d5b57f452a96d67861f3da1f8c,3330,120140,624,334,5492,https://www.youtube.com/watch?v=xxrwamvea2I,566,233,2718,https://www.youtube.com/watch?v=HQK7FkEMuQI,1798,709,5492,https://www.youtube.com/watch?v=xxrwamvea2I,222,0,0,0,
c485c46db92a4cda909347804da07153,3330,79205,68,41,116,https://www.youtube.com/watch?v=AdfxuJl3Vxw,68,41,116,https://www.youtube.com/watch?v=AdfxuJl3Vxw,0,0,0,,378,111,88,133,https://www.twitch.tv/videos/2746949244
8125f51f9526408790a77c1c7b4a053b,3320,101196,93,31,161,https://www.youtube.com/watch?v=bwQ01n8wZr8,0,0,0,,93,31,161,https://www.youtube.com/watch?v=bwQ01n8wZr8,3274,0,0,0,
dd0401d23f5444c69b9d10db3b22d444,3320,131225,143,63,1767,https://www.youtube.com/watch?v=Xmg8dkXs-Do,137,62,268,https://www.youtube.com/watch?v=LfFhuILUcrA,1767,1672,1767,https://www.youtube.com/watch?v=Xmg8dkXs-Do,24,0,0,0,
288f2fba52bf4d6b9e0ba66e03439837,3300,52509,0,0,0,,0,0,0,,0,0,0,,2333,0,0,0,
de7f8ba1753d4e4cb95e6ac99007eacc,3280,91426,262,148,2188,https://www.youtube.com/watch?v=E48tnAaAc_4,234,149,481,https://www.youtube.com/watch?v=zfMHfdEwQqk,907,113,2188,https://www.youtube.com/watch?v=E48tnAaAc_4,0,0,0,0,
cb5ff5f1898a45b1bc27a32057a1fa91,3260,71820,0,0,0,,0,0,0,,0,0,0,,2178,239,122,239,https://www.twitch.tv/videos/2739689494
0ac7e05c8a3842e7bd1401652ce2bf4f,3250,131181,86,41,220,https://www.youtube.com/watch?v=117ZWUtSA5g,86,41,220,https://www.youtube.com/watch?v=117ZWUtSA5g,0,0,0,,0,0,0,0,
f5a683eeac6b4936b44d547c1e4edbc2,3240,62152,143,100,286,https://www.youtube.com/watch?v=vgbLvVuDqdY,142,117,286,https://www.youtube.com/watch?v=vgbLvVuDqdY,188,100,188,https://www.youtube.com/watch?v=L5W9mJFbi1M,110,26,24,26,https://www.twitch.tv/videos/2750184242
0f9d996c066a406dbe04161776c17461,3240,176329,136,132,514,https://www.youtube.com/watch?v=aJ6MfNFhinw,130,101,331,https://www.youtube.com/watch?v=ziW1UmTwtBw,478,197,514,https://www.youtube.com/watch?v=aJ6MfNFhinw,0,0,0,0,
e810dcd23c334fd184d254718517764e,3230,212771,55,13,93,https://www.youtube.com/watch?v=G1lRMrilAPA,55,13,93,https://www.youtube.com/watch?v=G1lRMrilAPA,0,0,0,,0,0,0,0,
5bbfc7c1b6584cef8c75f2f9044387d2,3230,290917,97,68,3331,https://www.youtube.com/watch?v=KLqLm_UDTLI,92,63,226,https://www.youtube.com/watch?v=uHWQBpr0vAA,1064,262,3331,https://www.youtube.com/watch?v=KLqLm_UDTLI,0,0,0,0,
30f59fd702d5417c9225bc729bf7ec32,3210,265713,214,59,408,https://www.youtube.com/watch?v=9XHegaPhzbc,222,56,408,https://www.youtube.com/watch?v=9XHegaPhzbc,204,80,204,https://www.youtube.com/watch?v=4b3Na3opVc0,0,0,0,0,
8282a91b3aae44d3a075d08507665f4e,3200,58698,48,46,53,https://www.youtube.com/watch?v=1euzCMDFIbc,48,46,53,https://www.youtube.com/watch?v=1euzCMDFIbc,0,0,0,,0,0,0,0,
96be1e561acd4a75817c6424d9d4f9f0,3200,135682,0,0,0,,0,0,0,,0,0,0,,4179,165,161,165,https://www.twitch.tv/videos/2751050085
8a86c4d0f4ce462a92c6bf09c027e432,3190,2896472,0,0,0,,0,0,0,,0,0,0,,161,0,0,0,
5b85294949544a5f8855715acadf66a5,3190,108213,98,49,1882,https://www.youtube.com/watch?v=w9guRCBqK-Y,86,46,271,https://www.youtube.com/watch?v=yRDkidb-JTQ,1882,460,1882,https://www.youtube.com/watch?v=w9guRCBqK-Y,1926,0,0,0,
dba1db65ba874e18a33d8465d52d8f2e,3180,112130,69,26,81,https://www.youtube.com/watch?v=R1SKcGQA6x8,69,26,81,https://www.youtube.com/watch?v=R1SKcGQA6x8,0,0,0,,0,0,0,0,
886f64b4a0504b9fbe5e4687b92f6584,3180,179280,145,36,15303,https://www.youtube.com/watch?v=BvtV8x5cbK8,184,88,433,https://www.youtube.com/watch?v=N4fLzrvOBhQ,58,24,15303,https://www.youtube.com/watch?v=BvtV8x5cbK8,148,32,29,88,https://www.twitch.tv/videos/2750045251
63f727e673b9460abd6f7079bcbb1865,3170,203836,214,68,695,https://www.youtube.com/watch?v=5OydB64C280,206,60,504,https://www.youtube.com/watch?v=MtrBTa5rg5M,388,81,695,https://www.youtube.com/watch?v=5OydB64C280,0,0,0,0,
bcbf00e1e98b4d5e8af20f29adbb0645,3170,200128,56,34,74,https://www.youtube.com/watch?v=YslKqJD_8ys,56,34,74,https://www.youtube.com/watch?v=YslKqJD_8ys,0,0,0,,0,0,0,0,
1140618a96154395909d53257bffe0e6,3170,150824,103,53,195,https://www.youtube.com/watch?v=BcUMSafOYIc,103,53,195,https://www.youtube.com/watch?v=BcUMSafOYIc,0,0,0,,254,330,192,506,https://www.twitch.tv/videos/2750092903
74ef34317983453ab86223490eba4f6e,3160,110077,446,177,611,https://www.youtube.com/watch?v=g63FkD5dn7I,446,177,611,https://www.youtube.com/watch?v=g63FkD5dn7I,0,0,0,,167,0,0,0,
bddcd7d262a2434f9b6d77150fbbc72c,3160,44151,0,0,0,,0,0,0,,0,0,0,,0,0,0,0,
38391974f5af4fbbb6224e3d6f2f7fb3,3160,191699,106,5,106,https://www.youtube.com/watch?v=HJ7Pgr05ZG8,106,5,106,https://www.youtube.com/watch?v=HJ7Pgr05ZG8,0,0,0,,6386,353,251,433,https://www.twitch.tv/videos/2750143325
eb159df5d55b4730ab2955c5e2638e3f,3160,103810,0,0,0,,0,0,0,,0,0,0,,0,0,0,0,
63f45366143549d8a2d26406445e0077,3140,150754,0,0,0,,0,0,0,,0,0,0,,0,0,0,0,
7c6d1a181c90471887696ff9637aed03,3140,145214,232,62,232,https://www.youtube.com/watch?v=8EuyS8njD7o,232,62,232,https://www.youtube.com/watch?v=8EuyS8njD7o,0,0,0,,0,0,0,0,
a55a6a4b6453413cb8b1dc69423b67d5,3140,386662,285,153,2318,https://www.youtube.com/watch?v=SGA5JfSmYF0,259,103,1469,https://www.youtube.com/watch?v=qXHIZybRWFo,1856,310,2318,https://www.youtube.com/watch?v=SGA5JfSmYF0,0,0,0,0,
3430201d0e1f4672a58faf16ee0f2761,3140,106906,192,63,220,https://www.youtube.com/watch?v=NQLwk6JjJDA,192,63,220,https://www.youtube.com/watch?v=NQLwk6JjJDA,0,0,0,,1355,81,69,116,https://www.twitch.tv/videos/2747856543
72edc688855047cbbbe495e3f2af9fda,3130,120360,240,144,2755,https://www.youtube.com/watch?v=ikVlqBhpQFs,147,83,277,https://www.youtube.com/watch?v=AYGMhI5AVs0,1555,1170,2755,https://www.youtube.com/watch?v=ikVlqBhpQFs,0,0,0,0,
1756e5a7f5a04ff6a7b5f482201b5cfc,3130,71231,0,0,0,,0,0,0,,0,0,0,,24587,4478,1565,8578,https://www.twitch.tv/videos/2738480305
f9444f6d790344a4a51a301110665229,3110,144702,99,47,164,https://www.youtube.com/watch?v=2y1bp7l9WjI,99,47,164,https://www.youtube.com/watch?v=2y1bp7l9WjI,0,0,0,,0,0,0,0,
d2f9e9b19102408bbef636a6458934e6,3110,540358,459,265,814,https://www.youtube.com/watch?v=2YorOgvwKa8,459,265,814,https://www.youtube.com/watch?v=2YorOgvwKa8,0,0,0,,173,0,0,0,
f466201465ac40ef9f3aefc9b08a39d1,3110,210422,386,189,1299,https://www.youtube.com/watch?v=fhC6CZaS6x8,386,189,618,https://www.youtube.com/watch?v=Kx1b4iMYvkU,1299,698,1299,https://www.youtube.com/watch?v=fhC6CZaS6x8,2271,941,420,1423,https://www.twitch.tv/videos/2743436206
9af612c3f872434cad1ba2e5dcbfaec8,3100,1123902,179,92,2084,https://www.youtube.com/watch?v=BJnuS0vfp28,179,92,2084,https://www.youtube.com/watch?v=BJnuS0vfp28,0,0,0,,0,0,0,0,
b3f711673fea4ec5b6f87c023353594d,3100,215546,72,22,358,https://www.youtube.com/watch?v=6amZ6BSdktY,72,22,358,https://www.youtube.com/watch?v=6amZ6BSdktY,0,0,0,,0,0,0,0,
5da1b6db7796434f9180d2f5e210ea6c,3100,212091,119,86,2536,https://www.youtube.com/watch?v=3LSTfYKHjF4,92,75,2536,https://www.youtube.com/watch?v=3LSTfYKHjF4,967,88,1494,https://www.youtube.com/watch?v=tXfOqwJoVws,0,0,0,0,
7e8fe40622974698a75d14d78006e009,3090,198543,1247,466,2624,https://www.youtube.com/watch?v=c-ZPPvK3yaE,228,132,257,https://www.youtube.com/watch?v=45xEDqdCRk0,2275,1065,2624,https://www.youtube.com/watch?v=c-ZPPvK3yaE,2279,367,285,582,https://www.twitch.tv/videos/2745099752
ea62d2e6bc854e7a81b01a2362be310f,3090,201349,0,0,0,,0,0,0,,0,0,0,,337,0,0,0,
da189f9d282e4c31a4a8024d11fe368d,3080,133512,113,60,428,https://www.youtube.com/watch?v=GHQJfZ3LrFA,110,42,178,https://www.youtube.com/watch?v=nLSHJUuT0VY,428,112,428,https://www.youtube.com/watch?v=GHQJfZ3LrFA,0,0,0,0,
67ba07d1ace445328c13bfb9d612d564,3080,105649,276,167,1688,https://www.youtube.com/watch?v=dzEVZYmN2Xk,276,167,1688,https://www.youtube.com/watch?v=dzEVZYmN2Xk,637,350,1343,https://www.youtube.com/watch?v=5BFQcf46Y-s,0,0,0,0,
c28d59f83d9345de91d208cf7732bac5,3080,89940,0,0,0,,0,0,0,,0,0,0,,0,0,0,0,
06e9953eb191486d979e6b92b6601d9a,3050,1161013,0,0,0,,0,0,0,,0,0,0,,2238,0,0,0,
3d23ff5303d54cc58e5a69aa53b1db50,3040,367490,171,74,2010,https://www.youtube.com/watch?v=6M64C2md79Q,171,74,2010,https://www.youtube.com/watch?v=6M64C2md79Q,0,0,0,,0,0,0,0,
9643c650b1804107b85de1f08010aa9d,2990,312415,285,110,551,https://www.youtube.com/watch?v=WxEwPw2to9k,307,116,551,https://www.youtube.com/watch?v=WxEwPw2to9k,181,75,181,https://www.youtube.com/watch?v=_dUnCCzLlP4,770,209,169,366,https://www.twitch.tv/videos/2745416581
89036aadc62d496aa73c0a0076d67f41,2980,102891,36,26,86,https://www.youtube.com/watch?v=_G-FWYEoW7s,36,26,86,https://www.youtube.com/watch?v=_G-FWYEoW7s,0,0,0,,2972,195,174,322,https://www.twitch.tv/videos/2744508191
99d1a2e0c8c047d2ad998e02d4dd9621,2960,103761,0,0,0,,0,0,0,,0,0,0,,0,0,0,0,
73675987096b486287784fc466b881be,2950,96661,219,124,2280,https://www.youtube.com/watch?v=C38DV1Mpot4,210,103,401,https://www.youtube.com/watch?v=Fgaaae-W108,1740,1084,2280,https://www.youtube.com/watch?v=C38DV1Mpot4,0,0,0,0,
3ffbac2f7ae8478ca7b33d400d6e657e,2930,33685,0,0,0,,0,0,0,,0,0,0,,0,0,0,0,
6443d56896a848dd820e339b5f81e292,2930,93946,0,0,0,,0,0,0,,0,0,0,,4544,494,294,880,https://www.twitch.tv/videos/2739681876
20b40bdf50604e2198a3c964dd86d31c,2930,45093,0,0,0,,0,0,0,,0,0,0,,488,0,0,0,
9c64ee54cc094bf7931398eaf0c072d6,2920,192803,0,0,0,,0,0,0,,0,0,0,,2269,419,293,542,https://www.twitch.tv/videos/2740556253
451ce18d28ff493e8238df85858dfb02,2920,257384,3043,1725,7423,https://www.youtube.com/watch?v=7TZMkOh38Do,0,0,0,,3043,1725,7423,https://www.youtube.com/watch?v=7TZMkOh38Do,2145,302,213,337,https://www.twitch.tv/videos/2742092653
f3085e3337f34b178380b52e3ca429af,2920,138917,295,243,386,https://www.youtube.com/watch?v=oAzekbp9C7E,295,243,386,https://www.youtube.com/watch?v=oAzekbp9C7E,0,0,0,,990,0,0,0,
b1bfaed0ed7f4ca9ae96c017159efe77,2910,310485,68,33,338,https://www.youtube.com/watch?v=JqqqvE2WdeY,65,32,338,https://www.youtube.com/watch?v=JqqqvE2WdeY,259,148,336,https://www.youtube.com/watch?v=uPmOErGM_Dc,112,0,0,0,
1901cef25e9940e7b3da42d3c189cada,2910,64602,0,0,0,,0,0,0,,0,0,0,,0,0,0,0,
fd81a8861669442ca49c50bc4cfd4b5e,2900,180815,189,88,239,https://www.youtube.com/watch?v=9OKNZjdbhxU,189,88,239,https://www.youtube.com/watch?v=9OKNZjdbhxU,0,0,0,,0,0,0,0,
7da08de1840847b99c6fe9a44a1ca0ac,2890,71718,0,0,0,,0,0,0,,0,0,0,,0,0,0,0,
4f917f1ccdd74d34a3746c379282b6fe,2890,243424,135,108,1539,https://www.youtube.com/watch?v=LfPRmtTbafI,0,0,0,,135,108,1539,https://www.youtube.com/watch?v=LfPRmtTbafI,2003,377,264,525,https://www.twitch.tv/videos/2740402920
4e48e10b3c2f439c934b1db25679b972,2880,312052,783,239,853,https://www.youtube.com/watch?v=3f6OjR0-n1E,783,239,853,https://www.youtube.com/watch?v=3f6OjR0-n1E,0,0,0,,0,0,0,0,
4e4721deba7c4681b1172714a29e6f19,2870,225288,3581,1473,8691,https://www.youtube.com/watch?v=4By1QW-e_l4,0,0,0,,3581,1473,8691,https://www.youtube.com/watch?v=4By1QW-e_l4,0,0,0,0,
d539588cfa344f67965bb1dea41b9140,2870,238630,246,86,2888,https://www.youtube.com/watch?v=kD8zyGXFrLE,244,85,534,https://www.youtube.com/watch?v=VNaV9U-fkRs,2341,1357,2888,https://www.youtube.com/watch?v=kD8zyGXFrLE,0,0,0,0,
677ae7ec361d4d3c9981bca8fbb974c8,2860,82784,225,43,312,https://www.youtube.com/watch?v=gtkdBO3HN8Y,225,43,312,https://www.youtube.com/watch?v=gtkdBO3HN8Y,0,0,0,,389,0,0,0,
6417469030e943748dfdba4ee26a08e4,2860,0,0,0,0,,0,0,0,,0,0,0,,1088,0,0,0,
91919c2ad07a4db88e0b4cfbc1739940,2850,23182,0,0,0,,0,0,0,,0,0,0,,2631,433,359,3717,https://www.twitch.tv/videos/2750251745
b606cde735d84b45ab96489d7a9997dd,2830,182538,61,24,181,https://www.youtube.com/watch?v=Q5bf1VG1Ktc,61,24,181,https://www.youtube.com/watch?v=Q5bf1VG1Ktc,0,0,0,,224,0,0,0,
b79ac08a857c4553921c04c3b14b89ea,2830,190897,72,21,406,https://www.youtube.com/watch?v=aK0hfR0jqoI,0,0,0,,72,21,406,https://www.youtube.com/watch?v=aK0hfR0jqoI,500,0,0,0,
11dd1f817a6b4c80a066aedd8e0fa419,2830,86397,0,0,0,,0,0,0,,0,0,0,,0,0,0,0,
f94ba8ea1a5441c4852d53e8f528ee20,2820,208817,396,163,1335,https://www.youtube.com/watch?v=STLIgVsRrmA,383,162,647,https://www.youtube.com/watch?v=RQwyxCedEfY,1335,1294,1335,https://www.youtube.com/watch?v=STLIgVsRrmA,579,0,0,0,
8402646577b24bd5918bda8690e790b4,2820,350661,55,7,55,https://www.youtube.com/watch?v=AXKTNDbQoCw,0,0,0,,55,7,55,https://www.youtube.com/watch?v=AXKTNDbQoCw,1823,263,175,513,https://www.twitch.tv/videos/2750012063
cd4c94db2aed435794cc7e55999016e7,2820,120035,65,49,926,https://www.youtube.com/watch?v=yAlZo2oYkTU,62,43,69,https://www.youtube.com/watch?v=rO7HklqdySk,926,103,926,https://www.youtube.com/watch?v=yAlZo2oYkTU,346,37,28,80,https://www.twitch.tv/videos/2748531153
275aaf8046a144198dee96d20bce8b1a,2810,66835,376,121,376,https://www.youtube.com/watch?v=MiN13BPQwlo,376,121,376,https://www.youtube.com/watch?v=MiN13BPQwlo,0,0,0,,0,0,0,0,
60ff50e95399472b96a6fbe83d75e806,2810,126003,348,135,2165,https://www.youtube.com/watch?v=Gppvwr3v9rA,348,125,675,https://www.youtube.com/watch?v=DSNPHWHZw-Q,350,204,2165,https://www.youtube.com/watch?v=Gppvwr3v9rA,375,477,349,892,https://www.twitch.tv/videos/2747094969
32a08f858ffb4d6aba0624647cf8cf2d,2800,116812,88,48,1339,https://www.youtube.com/watch?v=3DTyTRRnAMQ,88,47,334,https://www.youtube.com/watch?v=5BAp_eI9PGU,1339,285,1339,https://www.youtube.com/watch?v=3DTyTRRnAMQ,0,0,0,0,
70f1d3ae590e4f2184f695fd2140010c,2800,693143,0,0,0,,0,0,0,,0,0,0,,0,0,0,0,
118c05e7f751446abee5fc827fda0215,2800,831427,70,35,584,https://www.youtube.com/watch?v=ztCY0qikJxM,70,35,584,https://www.youtube.com/watch?v=ztCY0qikJxM,0,0,0,,0,0,0,0,
339b4a73ce92470c97b1626405d5eb5b,2790,90260,0,0,0,,0,0,0,,0,0,0,,425,0,0,0,
76165d25983b463eaa1da66c86a32b7c,2790,38763,0,0,0,,0,0,0,,0,0,0,,758,15,9,137,https://www.twitch.tv/videos/2748626889
d9205a7681c74bacae6e0c413aff1ab1,2790,83810,0,0,0,,0,0,0,,0,0,0,,0,0,0,0,
44f1d1ad14034bd3949ad6f84624f0e4,2790,220914,129,57,1938,https://www.youtube.com/watch?v=1AI_tCGVf64,70,35,443,https://www.youtube.com/watch?v=5d8MqLywL1U,1141,204,1938,https://www.youtube.com/watch?v=1AI_tCGVf64,2705,486,445,486,https://www.twitch.tv/videos/2749475992
15b52ca3f3b5410cb2bb305d2bb737c4,2780,190462,45,20,1917,https://www.youtube.com/watch?v=fNE8SfTZV9s,35,13,45,https://www.youtube.com/watch?v=1WDhzAZEvbA,1457,472,1917,https://www.youtube.com/watch?v=fNE8SfTZV9s,1183,121,78,159,https://www.twitch.tv/videos/2739683811
bbd618a3874d4ae2ba5af36a23bc1914,2780,68777,0,0,0,,0,0,0,,0,0,0,,13314,2094,1582,5589,https://www.twitch.tv/videos/2737859040
40aa59fe29c64def89ab5fdce90b89ae,2780,1923366,51,24,93,https://www.youtube.com/watch?v=5yGQqYjncFY,48,22,93,https://www.youtube.com/watch?v=5yGQqYjncFY,57,26,68,https://www.youtube.com/watch?v=6HySqlf6RXA,0,0,0,0,
2875db54b5d74d01b301d63d36dd6fbf,2780,64788,124,30,133,https://www.youtube.com/watch?v=gytNz-2UVsU,124,30,133,https://www.youtube.com/watch?v=gytNz-2UVsU,0,0,0,,0,0,0,0,
d210d8dfc0ec4a97907b9cebb5413ae3,2780,117040,0,0,0,,0,0,0,,0,0,0,,0,0,0,0,
cbba76fd34d74307a9f826e03b8e4db5,2770,114692,335,222,1343,https://www.youtube.com/watch?v=OS9h1u2gAUo,309,222,633,https://www.youtube.com/watch?v=S2i3mnV6SEM,888,179,1343,https://www.youtube.com/watch?v=OS9h1u2gAUo,366,92,62,187,https://www.twitch.tv/videos/2749678699
e9c48535f2af4f638e5a4c54ffa7862c,2770,148375,34,9,38,https://www.youtube.com/watch?v=1_ypkdvvkqM,34,9,38,https://www.youtube.com/watch?v=1_ypkdvvkqM,0,0,0,,0,0,0,0,
accb26f2db2746e898b68ab07dd3c5bc,2760,180216,67,29,130,https://www.youtube.com/watch?v=xsJVFS9Sbfw,67,29,130,https://www.youtube.com/watch?v=xsJVFS9Sbfw,0,0,0,,856,37,27,60,https://www.twitch.tv/videos/2746964082
d55860f26114410c97af27ba1269e3ed,2750,143384,172,88,306,https://www.youtube.com/watch?v=fkWWb-OYq_4,172,88,306,https://www.youtube.com/watch?v=fkWWb-OYq_4,0,0,0,,1558,226,172,323,https://www.twitch.tv/videos/2746949789
2463286fd3154219afa631c73d178147,2740,351321,178,84,569,https://www.youtube.com/watch?v=F0yHAtFTDs0,192,94,569,https://www.youtube.com/watch?v=F0yHAtFTDs0,103,41,103,https://www.youtube.com/watch?v=OV7eZw6Iprc,0,0,0,0,
445a732fc0f64712b3213b4cd98fbdd3,2730,78964,223,151,2097,https://www.youtube.com/watch?v=vWmwNGOuvgA,207,133,2097,https://www.youtube.com/watch?v=vWmwNGOuvgA,1010,268,1101,https://www.youtube.com/watch?v=NCWJofjLMAY,768,452,382,616,https://www.twitch.tv/videos/2747110887
d2b1ba87da034210bbe54bfa1c01bc41,2730,60358,72,34,72,https://www.youtube.com/watch?v=Z9eaDTcjPX4,0,0,0,,72,34,72,https://www.youtube.com/watch?v=Z9eaDTcjPX4,8782,195,88,264,https://www.twitch.tv/videos/2726892618
fc90561b03104438b6e8f657a28574ce,2720,120827,263,166,610,https://www.youtube.com/watch?v=XvCyUC3t8pc,301,169,610,https://www.youtube.com/watch?v=XvCyUC3t8pc,225,130,225,https://www.youtube.com/watch?v=PRzZWyF3e2k,0,0,0,0,
652d06b0251940bea32cd69dec3057e6,2720,1445,124,82,124,https://www.youtube.com/watch?v=7AxDv1VPW28,124,82,124,https://www.youtube.com/watch?v=7AxDv1VPW28,0,0,0,,411,0,0,0,
c377cbfa47984f0ba9242b1f6e3dfc75,2720,25739,0,0,0,,0,0,0,,0,0,0,,2716,62,11,62,https://www.twitch.tv/videos/2731295428
2f607aefde1d4264814d4e9282dd5cb0,2710,135386,126,104,2253,https://www.youtube.com/watch?v=Xxkxkvbijrg,118,89,159,https://www.youtube.com/watch?v=7HLY8bHENO8,1982,395,2253,https://www.youtube.com/watch?v=Xxkxkvbijrg,263,0,0,0,
aa9fa329d639488dbb860b8f8b3235f8,2710,147464,1155,908,1599,https://www.youtube.com/watch?v=f1jh43K3GTQ,1155,908,1599,https://www.youtube.com/watch?v=f1jh43K3GTQ,0,0,0,,4529,1693,1103,1902,https://www.twitch.tv/videos/2750322103
0a20931c68dc49c8bd08eda1486193d8,2700,67932,0,0,0,,0,0,0,,0,0,0,,1422,0,0,0,
965bb7d47d0243839535d38bc1bc66cc,2700,62063,0,0,0,,0,0,0,,0,0,0,,0,0,0,0,
7b40a7a144da4408b8de712c740e60dc,2690,131101,114,56,2264,https://www.youtube.com/watch?v=i5Gx4lltrTw,0,0,0,,114,56,2264,https://www.youtube.com/watch?v=i5Gx4lltrTw,0,0,0,0,
662341d52a8e413d8fe661c8da9470f0,2690,42855,0,0,0,,0,0,0,,0,0,0,,0,0,0,0,
c2f77009b4264e3fa09aa054c89bb40c,2680,86470,150,52,183,https://www.youtube.com/watch?v=enV0xKmBrGI,150,52,183,https://www.youtube.com/watch?v=enV0xKmBrGI,0,0,0,,127,0,0,0,
e4bea3dcc8934426a57516d4d6b373f4,2670,131759,596,502,596,https://www.youtube.com/watch?v=mP5ZsAsitfA,0,0,0,,596,502,596,https://www.youtube.com/watch?v=mP5ZsAsitfA,5732,507,286,1818,https://www.twitch.tv/videos/2747539801
75e0561f549f4775b90601a9d308340a,2670,67516,58,38,81,https://www.youtube.com/watch?v=Wf_ucje-eQ8,58,38,81,https://www.youtube.com/watch?v=Wf_ucje-eQ8,0,0,0,,0,0,0,0,
4bbc9414c3184dfa9aeab5fcdfd87089,2670,4344,0,0,0,,0,0,0,,0,0,0,,0,0,0,0,
fe5e2d95569c47f29e863a8212ed7c60,2660,82244,0,0,0,,0,0,0,,0,0,0,,4639,1717,1694,5245,https://www.twitch.tv/videos/2745573249
4dd71b1079284bdb8ba90198317e524d,2660,163510,310,104,351,https://www.youtube.com/watch?v=GhfDPTKoN8M,310,104,351,https://www.youtube.com/watch?v=GhfDPTKoN8M,0,0,0,,0,0,0,0,
b256a399ae7a49e18208455d29c2eb12,2650,410101,40,20,105,https://www.youtube.com/watch?v=Py1WDafqxS4,40,20,105,https://www.youtube.com/watch?v=Py1WDafqxS4,0,0,0,,1215,69,46,99,https://www.twitch.tv/videos/2745136166
62f37fa0a2f44083945f03db36e50dff,2650,52426,166,82,1847,https://www.youtube.com/watch?v=o1I_95Vmb2Q,166,82,1847,https://www.youtube.com/watch?v=o1I_95Vmb2Q,0,0,0,,0,0,0,0,
0bef54320f364c5a9289fceac64c5411,2640,78629,29,3,29,https://www.youtube.com/watch?v=Hv9JJCrWojU,0,0,0,,29,3,29,https://www.youtube.com/watch?v=Hv9JJCrWojU,154,12,11,21,https://www.twitch.tv/videos/2746230665
4a64836a88024358a7401530fed8e0f8,2640,350601,79,19,143,https://www.youtube.com/watch?v=cKiOjC8ilKo,79,19,143,https://www.youtube.com/watch?v=cKiOjC8ilKo,0,0,0,,6175,502,129,711,https://www.twitch.tv/videos/2735491221
1fdc000815cc476dbc9d19aa431305b5,2640,72315,84,64,404,https://www.youtube.com/watch?v=_BsJvYQC0pM,84,64,404,https://www.youtube.com/watch?v=_BsJvYQC0pM,0,0,0,,0,0,0,0,
6c4992a47ccc4c3bb997d3c49ddc2ec8,2630,69660,0,0,0,,0,0,0,,0,0,0,,760,46,34,46,https://www.twitch.tv/videos/2745417422
a577528125314beab91d127043218bb2,2630,118938,0,0,0,,0,0,0,,0,0,0,,0,0,0,0,
9f7bf6b3d935460e83896a0fe28012e9,2630,105577,970,372,3075,https://www.youtube.com/watch?v=_7C7zS82r7U,121,46,146,https://www.youtube.com/watch?v=VoDop_H-XpM,1537,849,3075,https://www.youtube.com/watch?v=_7C7zS82r7U,1678,318,222,353,https://www.twitch.tv/videos/2742029173
85ec3eac9fef49dcb3aeee87520a5b85,2600,110903,197,59,1533,https://www.youtube.com/watch?v=Y-jjcbxQwuo,197,68,326,https://www.youtube.com/watch?v=V0KGIxlqQPk,250,37,1533,https://www.youtube.com/watch?v=Y-jjcbxQwuo,0,0,0,0,
d95e3d9eed1a4e87a736a882a1fb9288,2600,244029,121,50,354,https://www.youtube.com/watch?v=oI0d7XrwzFs,121,50,354,https://www.youtube.com/watch?v=oI0d7XrwzFs,0,0,0,,76,0,0,0,
f4da0eee989545d2ade906b022a50e8c,2600,192840,37,16,42,https://www.youtube.com/watch?v=0ZYNlOJt3eA,37,16,42,https://www.youtube.com/watch?v=0ZYNlOJt3eA,0,0,0,,3882,435,320,1086,https://www.twitch.tv/videos/2740441336
407d2bd02ef04b9ea28e5189383942be,2590,119445,79,54,273,https://www.youtube.com/watch?v=2wd8-5X2fDY,79,54,273,https://www.youtube.com/watch?v=2wd8-5X2fDY,0,0,0,,430,198,155,829,https://www.twitch.tv/videos/2745757483
bac6a676ace94e759d9faaaed94ce1b1,2590,128514,198,112,304,https://www.youtube.com/watch?v=2FahbMofp4E,213,130,304,https://www.youtube.com/watch?v=2FahbMofp4E,183,95,183,https://www.youtube.com/watch?v=VCowNtHLEtM,0,0,0,0,
f96c65701df94732853d86ffd893081e,2590,74130,212,77,366,https://www.youtube.com/watch?v=XOKhie1GBNQ,212,142,258,https://www.youtube.com/watch?v=P7mdp_g9YYE,197,24,366,https://www.youtube.com/watch?v=XOKhie1GBNQ,0,0,0,0,
60234dcffd2b42f097a78aaf121d410f,2590,61630,110,105,110,https://www.youtube.com/watch?v=k-4u8h5hW2g,110,105,110,https://www.youtube.com/watch?v=k-4u8h5hW2g,0,0,0,,220,0,0,0,
6b43c568bdf044e4a4ae0bae0cb9fff2,2590,54360,550,418,17935,https://www.youtube.com/watch?v=pYMAG1AKMkw,444,225,479,https://www.youtube.com/watch?v=jIc53XOwB4c,657,535,17935,https://www.youtube.com/watch?v=pYMAG1AKMkw,0,0,0,0,
853be9569c0e446eaa5c5059642ea63b,2580,138951,377,133,1569,https://www.youtube.com/watch?v=3ba5Tl-goFo,344,127,704,https://www.youtube.com/watch?v=NidT08QG9PI,1569,892,1569,https://www.youtube.com/watch?v=3ba5Tl-goFo,88,0,0,0,
d576c2396a004f3c8dd91baf14254898,2580,83124,30,16,89,https://www.youtube.com/watch?v=42zHkspKzJQ,30,16,89,https://www.youtube.com/watch?v=42zHkspKzJQ,0,0,0,,2852,136,86,150,https://www.twitch.tv/videos/2747792829
0a178f2c7b994a4ea8eb845ebd489a5a,2580,143327,83,45,1581,https://www.youtube.com/watch?v=MnI6iva-WWc,79,44,117,https://www.youtube.com/watch?v=OMTaUG3Fdjw,1581,1500,1581,https://www.youtube.com/watch?v=MnI6iva-WWc,204,0,0,0,
b8c13d7702844995a0b4a66eda4d31bc,2580,94514,5,1,13,https://www.youtube.com/watch?v=imyd7G2Q-Dg,0,0,0,,5,1,13,https://www.youtube.com/watch?v=imyd7G2Q-Dg,1532,182,135,261,https://www.twitch.tv/videos/2748587123
3896e47ba9f64b7082eee3980734ab14,2570,284581,129,53,160,https://www.youtube.com/watch?v=nEoNZm9d7NM,129,53,160,https://www.youtube.com/watch?v=nEoNZm9d7NM,0,0,0,,0,0,0,0,
02168475e7ca4234b57d53f495bf3bbc,2570,150679,39,19,67,https://www.youtube.com/watch?v=4N9_Q4z8fzc,39,19,67,https://www.youtube.com/watch?v=4N9_Q4z8fzc,0,0,0,,0,0,0,0,
7c147c43030b44b9ae244d82c387c82a,2560,73901,39,37,65,https://www.youtube.com/watch?v=PcKQ4YsJ1oI,39,37,65,https://www.youtube.com/watch?v=PcKQ4YsJ1oI,0,0,0,,0,0,0,0,
53335d77cc69488c8b49ec97548c3297,2550,22465,567,498,720,https://www.youtube.com/watch?v=34WmpPXp0gw,567,498,720,https://www.youtube.com/watch?v=34WmpPXp0gw,0,0,0,,0,0,0,0,
a429c3010da544bab919814a3ea472a4,2550,86117,0,0,0,,0,0,0,,0,0,0,,2872,165,138,253,https://www.twitch.tv/videos/2745348325
5b40a93fac8646f48fca66add3d3642c,2550,212135,267,132,1378,https://www.youtube.com/watch?v=a7174vq0z1w,225,105,333,https://www.youtube.com/watch?v=1t1X0l6k9lg,863,249,1378,https://www.youtube.com/watch?v=a7174vq0z1w,0,0,0,0,
c40a8ff66b3348dc8459766b74846feb,2540,1439,0,0,0,,0,0,0,,0,0,0,,1933,0,0,0,
a960b283b1124f44bc4bf2a16199977a,2530,107219,0,0,0,,0,0,0,,0,0,0,,4807,0,0,0,
7653119a278b4ea59d2af5e2ba7d30e0,2530,116087,136,51,139,https://www.youtube.com/watch?v=fYZAn3n2xi0,136,51,139,https://www.youtube.com/watch?v=fYZAn3n2xi0,0,0,0,,0,0,0,0,
e68bb26e386a4d49a2f521f8abc83376,2520,0,0,0,0,,0,0,0,,0,0,0,,3530,0,0,0,
75a90497bfc2480f954c276b70f7b1c3,2520,188055,53,24,53,https://www.youtube.com/watch?v=9IrJbwxeDFg,53,24,53,https://www.youtube.com/watch?v=9IrJbwxeDFg,0,0,0,,7014,0,0,0,
83e0f3520699474ba7f017e5e4388a5f,2520,50911,64,13,65,https://www.youtube.com/watch?v=uP5F0iYJQOc,65,21,65,https://www.youtube.com/watch?v=uP5F0iYJQOc,63,5,63,https://www.youtube.com/watch?v=wYfPIyU4AXI,0,0,0,0,
96ff628d2280470b833174c32200a749,2520,51783,263,117,476,https://www.youtube.com/watch?v=wiqRZyxtnp0,263,117,476,https://www.youtube.com/watch?v=wiqRZyxtnp0,0,0,0,,0,0,0,0,
87968861d5794c01bfce46d51c8abfc7,2490,24876,0,0,0,,0,0,0,,0,0,0,,0,0,0,0,
284024f40bb34b429debb78e7dbf3391,2490,60792,0,0,0,,0,0,0,,0,0,0,,0,0,0,0,
7a93714b53274fbaad48bef3b409d458,2490,198971,206,131,367,https://www.youtube.com/watch?v=Gdm3C0sOx1E,206,131,367,https://www.youtube.com/watch?v=Gdm3C0sOx1E,0,0,0,,0,0,0,0,
c0ea5a6a7ede42fca6f3c6c87fc9d72e,2480,118084,282,157,801,https://www.youtube.com/watch?v=hw5h9sKNvQ8,282,157,801,https://www.youtube.com/watch?v=hw5h9sKNvQ8,0,0,0,,0,0,0,0,
891c39f050e048aebafaafc90a1c4cbd,2470,54120,397,162,984,https://www.youtube.com/watch?v=VA6HOWhT6E8,236,208,310,https://www.youtube.com/watch?v=n09QO_FuKkg,488,121,984,https://www.youtube.com/watch?v=VA6HOWhT6E8,0,0,0,0,
b19d58b07131413a92b4bd16e37e8e38,2470,11600,0,0,0,,0,0,0,,0,0,0,,0,0,0,0,
889bc532fb85455bae33baf0aa7ec003,2450,201058,113,63,238,https://www.youtube.com/watch?v=BCxESnyNZXw,113,63,238,https://www.youtube.com/watch?v=BCxESnyNZXw,0,0,0,,0,0,0,0,
a0c76cedf0e346a18586077a38f302d8,2450,107568,355,65,355,https://www.youtube.com/watch?v=-iEe5hAacuo,0,0,0,,355,65,355,https://www.youtube.com/watch?v=-iEe5hAacuo,173,0,0,0,
c8c0ab1d59fb4608ab1e460e946fa88a,2450,113554,109,80,1453,https://www.youtube.com/watch?v=JwiZmMjM74Y,83,73,179,https://www.youtube.com/watch?v=zXY2lNFcBA0,823,492,1453,https://www.youtube.com/watch?v=JwiZmMjM74Y,0,0,0,0,
c396dafdab3547259c0447ff82f278c2,2450,135529,416,256,3507,https://www.youtube.com/watch?v=kdnshB7HJRw,373,236,1658,https://www.youtube.com/watch?v=kDRWrwUoNiM,2138,767,3507,https://www.youtube.com/watch?v=kdnshB7HJRw,201,105,78,106,https://www.twitch.tv/videos/2747921077
db6b14a0319e4f639bfcf8d4309c064d,2440,336140,994,236,2437,https://www.youtube.com/watch?v=pFtO5YYuYEA,0,0,0,,994,236,2437,https://www.youtube.com/watch?v=pFtO5YYuYEA,3272,330,201,431,https://www.twitch.tv/videos/2748690966
9767904fedef42febaa98e9162973356,2440,558522,217,72,2925,https://www.youtube.com/watch?v=AIQwXQpDqro,217,72,638,https://www.youtube.com/watch?v=MHp65dUNxpo,737,134,2925,https://www.youtube.com/watch?v=AIQwXQpDqro,0,0,0,0,
86957fa57641453e9fcb73550e58b64f,2430,71522,94,44,2075,https://www.youtube.com/watch?v=dOXGtE_IsUY,78,44,161,https://www.youtube.com/watch?v=vTcEj0kKe0o,1205,783,2075,https://www.youtube.com/watch?v=dOXGtE_IsUY,500,32,18,73,https://www.twitch.tv/videos/2746116736
9c913230c732455c9604dae9ebcfa64e,2430,114842,12,2,1107,https://www.youtube.com/watch?v=oh0YM45P970,19,3,53,https://www.youtube.com/watch?v=Ldo2WMOTW7g,8,1,1107,https://www.youtube.com/watch?v=oh0YM45P970,1261,231,156,325,https://www.twitch.tv/videos/2748555896
a7874e2ea7a44640a4ad427680a1dc9a,2420,76870,0,0,0,,0,0,0,,0,0,0,,294,237,129,237,https://www.twitch.tv/videos/2740560691
352894d7c4eb4c9f87e248eae450183a,2420,295601,175,68,439,https://www.youtube.com/watch?v=ATBzfjn-Y14,183,76,439,https://www.youtube.com/watch?v=ATBzfjn-Y14,122,60,432,https://www.youtube.com/watch?v=ipQV4f3DmdQ,0,0,0,0,
27bbe711f5e848a9bc8accc73fc79471,2410,24161,0,0,0,,0,0,0,,0,0,0,,0,0,0,0,
932fd42911c74016bc7da418abd29f0f,2410,63607,60,33,121,https://www.youtube.com/watch?v=xjhlT2JYgok,60,33,121,https://www.youtube.com/watch?v=xjhlT2JYgok,0,0,0,,88,0,0,0,
72a83f60773546dba886008320809d70,2400,481268,30,11,46,https://www.youtube.com/watch?v=3W8NO1Kfev0,30,11,46,https://www.youtube.com/watch?v=3W8NO1Kfev0,0,0,0,,10166,652,290,652,https://www.twitch.tv/videos/2737933514
fa2a2255fa7d4aa7b5b54dea5dd2b1c4,2400,69910,142,83,1245,https://www.youtube.com/watch?v=qjkstt1J6Lc,142,83,178,https://www.youtube.com/watch?v=IxsZMGStq-8,666,72,1245,https://www.youtube.com/watch?v=qjkstt1J6Lc,0,0,0,0,
faa4994019724702a9da315a8c3641bc,2400,150790,260,95,444,https://www.youtube.com/watch?v=xp3-qUnx1lQ,260,95,444,https://www.youtube.com/watch?v=xp3-qUnx1lQ,0,0,0,,0,0,0,0,
0b0f8cd64c904508910707412b2c307f,2400,78822,226,124,464,https://www.youtube.com/watch?v=5c_0dS9UyZ0,226,124,464,https://www.youtube.com/watch?v=5c_0dS9UyZ0,0,0,0,,0,0,0,0,
6e1845e76035452287436153470e8656,2400,108781,86,55,185,https://www.youtube.com/watch?v=oI5a9JHu57g,86,55,185,https://www.youtube.com/watch?v=oI5a9JHu57g,0,0,0,,462,0,0,0,
f656e3210df449889b6ad9e72acd7a72,2390,186278,450,134,2766,https://www.youtube.com/watch?v=7GVsFuvlSok,239,120,590,https://www.youtube.com/watch?v=bw9f09r4jg0,1587,716,2766,https://www.youtube.com/watch?v=7GVsFuvlSok,0,0,0,0,
bd9c7d2e96094ce7b8ca032228bb13c7,2380,47955,0,0,0,,0,0,0,,0,0,0,,0,0,0,0,
969122fc1adf4d8798a043b4754c893e,2380,20389,0,0,0,,0,0,0,,0,0,0,,0,0,0,0,
80c426d23cdb4dcda1d1a0a1bd7e0245,2360,27152,0,0,0,,0,0,0,,0,0,0,,6188,0,0,0,
6c812a2f61ac470f8e3b30a92dca9d81,2360,75683,143,122,143,https://www.youtube.com/watch?v=nZiE0aIShHU,143,122,143,https://www.youtube.com/watch?v=nZiE0aIShHU,0,0,0,,0,0,0,0,
95f3f004ed9641139567827519f6b35e,2360,159014,0,0,0,,0,0,0,,0,0,0,,251,0,0,0,
b7fa120fd2264ecca8f9f02ece2850a9,2350,79302,28,27,28,https://www.youtube.com/watch?v=vCJKj8kF7Jo,0,0,0,,28,27,28,https://www.youtube.com/watch?v=vCJKj8kF7Jo,159,0,0,0,
c79b5a5a5c8b4d8f917afdfc16c01961,2350,100384,0,0,0,,0,0,0,,0,0,0,,3838,984,724,1560,https://www.twitch.tv/videos/2743903352
e6a9746af2a84387b6ed5a7d3a4434da,2350,221160,538,97,3098,https://www.youtube.com/watch?v=iZbBQlSk3Ys,105,55,538,https://www.youtube.com/watch?v=DDqXMbgWw5w,1787,873,3098,https://www.youtube.com/watch?v=iZbBQlSk3Ys,0,0,0,0,
b322780e7b80404193373149bfa8e86d,2350,49400,111,35,111,https://www.youtube.com/watch?v=YrEDmae9Gto,111,35,111,https://www.youtube.com/watch?v=YrEDmae9Gto,0,0,0,,0,0,0,0,
65a52797bec24b9bb2df5201068873a4,2340,25867,115,17,115,https://www.youtube.com/watch?v=ymeAu2a_cTs,115,17,115,https://www.youtube.com/watch?v=ymeAu2a_cTs,0,0,0,,0,0,0,0,
d3a3eab7a3e34ea98784c44e3691c726,2340,90279,0,0,0,,0,0,0,,0,0,0,,0,0,0,0,
67b37e4e1f2f49d88a047d650b70be91,2330,48653,104,54,1372,https://www.youtube.com/watch?v=6F39BDYB8VE,102,41,245,https://www.youtube.com/watch?v=x8g56VyJH9Y,875,571,1372,https://www.youtube.com/watch?v=6F39BDYB8VE,749,143,109,343,https://www.twitch.tv/videos/2749133038
b115a7f57f664800a9f71a25eaf73b92,2330,74382,95,60,127,https://www.youtube.com/watch?v=_2IyEcjaMqs,95,60,127,https://www.youtube.com/watch?v=_2IyEcjaMqs,0,0,0,,0,0,0,0,
4a1e39ee23e6423fbfd3a15b1e28c8f3,2330,58827,0,0,0,,0,0,0,,0,0,0,,0,0,0,0,
084c49d869114256af18c13cc4b56414,2330,51022,0,0,0,,0,0,0,,0,0,0,,0,0,0,0,
c805a5c2c4fb4a068a65267452aa4da5,2320,86260,26,10,132,https://www.youtube.com/watch?v=fPG9zGKAlPI,25,13,54,https://www.youtube.com/watch?v=bJWv5ih1UmM,132,6,132,https://www.youtube.com/watch?v=fPG9zGKAlPI,0,0,0,0,
572c03fa49b54d4b95935321b4722b68,2320,442879,115,91,1763,https://www.youtube.com/watch?v=lS_IRTHohF4,0,0,0,,115,91,1763,https://www.youtube.com/watch?v=lS_IRTHohF4,1853,321,228,1514,https://www.twitch.tv/videos/2746121664
e8be1d48c5a249cebcef72b17653ef34,2320,11227,0,0,0,,0,0,0,,0,0,0,,0,0,0,0,
395eade6d67445e1831010cac52ab444,2310,93974,832,329,1445,https://www.youtube.com/watch?v=AKSPSgAdAWQ,93,23,93,https://www.youtube.com/watch?v=JBB9IHpfsBc,1112,408,1445,https://www.youtube.com/watch?v=AKSPSgAdAWQ,792,0,0,0,
4ac7e88bd2234040a1da03644b06a501,2300,0,0,0,0,,0,0,0,,0,0,0,,0,0,0,0,
b975eb70ed174bbda87e181be25bd1c5,2300,86244,0,0,0,,0,0,0,,0,0,0,,0,0,0,0,
d6666443c70f478eb3008d28a33e0f61,2300,155938,232,93,1729,https://www.youtube.com/watch?v=Hv6i_qvy-mA,210,93,361,https://www.youtube.com/watch?v=YL4g2fkYn-Q,1225,83,1729,https://www.youtube.com/watch?v=Hv6i_qvy-mA,0,0,0,0,
9fb51e14ba1c499eb6383a7a166a4d52,2300,81538,50,35,2064,https://www.youtube.com/watch?v=S8qWYIJ0Lv0,49,32,124,https://www.youtube.com/watch?v=r6kdMjKBnWg,1865,846,2064,https://www.youtube.com/watch?v=S8qWYIJ0Lv0,0,0,0,0,
7ce04ee5bb63467f8b70a69136049218,2290,26788,165,24,165,https://www.youtube.com/watch?v=uoRqjD-9LFI,0,0,0,,165,24,165,https://www.youtube.com/watch?v=uoRqjD-9LFI,1764,333,209,565,https://www.twitch.tv/videos/2747746554
70d5f64a7e324d7584d7e5116d6dc5a2,2290,73856,0,0,0,,0,0,0,,0,0,0,,0,0,0,0,
eb38f509e8464ba19ba8579e0b99e262,2280,98491,126,82,254,https://www.youtube.com/watch?v=yYPbl4jAtr4,126,82,254,https://www.youtube.com/watch?v=yYPbl4jAtr4,0,0,0,,0,0,0,0,
fe0305c914c549879b315b6dc3204748,2270,44484,1089,741,1565,https://www.youtube.com/watch?v=NqKD1NeQ-Vc,0,0,0,,1089,741,1565,https://www.youtube.com/watch?v=NqKD1NeQ-Vc,0,0,0,0,
87568c720cae40a99264816eb1875347,2260,134679,173,96,1414,https://www.youtube.com/watch?v=At2xU8QM9X8,170,95,482,https://www.youtube.com/watch?v=sb8WHad-cXg,660,133,1414,https://www.youtube.com/watch?v=At2xU8QM9X8,0,0,0,0,
43e557d175ce462b97c4c406954d8c04,2260,453052,51,22,644,https://www.youtube.com/watch?v=wmWPTffc7vw,51,15,125,https://www.youtube.com/watch?v=TlijjCP7KQo,344,46,644,https://www.youtube.com/watch?v=wmWPTffc7vw,502,29,22,35,https://www.twitch.tv/videos/2747890831
f146e7f1a1164dbfab960ea34873afb5,2260,86460,0,0,0,,0,0,0,,0,0,0,,105,0,0,0,
25904d8b82c84d74a8abffb804647e21,2250,113785,0,0,0,,0,0,0,,0,0,0,,396,0,0,0,
c1aa10208a06439481231599b25845b0,2250,171580,696,344,1245,https://www.youtube.com/watch?v=-Y2Y56-Y-sA,101,33,101,https://www.youtube.com/watch?v=tnr7MuQ_B0g,746,561,1245,https://www.youtube.com/watch?v=-Y2Y56-Y-sA,2102,187,137,455,https://www.twitch.tv/videos/2747746359
364f94fc7493453e9f53787ade8e35c6,2250,365954,0,0,0,,0,0,0,,0,0,0,,11,0,0,0,
2af83bdd7db644d88ffdaf123c38619b,2250,71717,89,48,161,https://www.youtube.com/watch?v=DSkWb_Tn-Ro,89,48,161,https://www.youtube.com/watch?v=DSkWb_Tn-Ro,0,0,0,,0,0,0,0,
ad43fda31b7842dc8e7854840b974614,2250,99242,34,18,98,https://www.youtube.com/watch?v=hRjuTFtdvBQ,34,18,98,https://www.youtube.com/watch?v=hRjuTFtdvBQ,0,0,0,,1116,0,0,0,
345b2eb5c8bf4d7d9fa72176f67de440,2240,41854,0,0,0,,0,0,0,,0,0,0,,880,605,447,919,https://www.twitch.tv/videos/2743787222
de610557c5c041df85e41e7f2f5490f5,2230,12398,0,0,0,,0,0,0,,0,0,0,,4159,0,0,0,
6510332f58be4d86b0007c77a622c959,2230,308174,261,140,1481,https://www.youtube.com/watch?v=EWqpUtaW9kk,261,140,1481,https://www.youtube.com/watch?v=EWqpUtaW9kk,0,0,0,,3181,273,220,582,https://www.twitch.tv/videos/2741385199
6f382359f4d0436e9e1d4f87e4696e76,2230,67997,0,0,0,,0,0,0,,0,0,0,,0,0,0,0,
6cd8cdc530d14e2d9d0a9cd20cb6b05c,2230,84553,144,41,210,https://www.youtube.com/watch?v=QH_9HBO6STw,144,41,210,https://www.youtube.com/watch?v=QH_9HBO6STw,0,0,0,,0,0,0,0,
9b8fe3ac0f30473f87290d314dfda74e,2230,4030,0,0,0,,0,0,0,,0,0,0,,0,0,0,0,
ab069c9401bc4bd09eea8f5ece525d54,2220,345428,0,0,0,,0,0,0,,0,0,0,,0,0,0,0,
751596501f4f420a8a5c5c9d839efb22,2220,115966,0,0,0,,0,0,0,,0,0,0,,274,0,0,0,
4d44c28a73394954a4d1bf2a1b2c162c,2210,142869,82,46,320,https://www.youtube.com/watch?v=ftqH9pJRKMM,82,46,320,https://www.youtube.com/watch?v=ftqH9pJRKMM,0,0,0,,0,0,0,0,
1ead15220cb842a79c3922d08d618e31,2210,4574,0,0,0,,0,0,0,,0,0,0,,0,0,0,0,
a64ba9e0b7dd4de58ffbdf9ca043a90b,2210,95591,0,0,0,,0,0,0,,0,0,0,,67,0,0,0,
4766ec1a407f4271bca77fb81487e81a,2200,62667,91,64,1484,https://www.youtube.com/watch?v=JbQgVQHfGe4,90,64,213,https://www.youtube.com/watch?v=SsVJc3JbqrU,1484,164,1484,https://www.youtube.com/watch?v=JbQgVQHfGe4,4411,584,252,40741,https://www.twitch.tv/videos/2739539387
c52b95b6a42d48f0ae888720492a5a46,2200,143967,101,59,251,https://www.youtube.com/watch?v=Mw1lDhJbz6I,101,59,251,https://www.youtube.com/watch?v=Mw1lDhJbz6I,0,0,0,,0,0,0,0,
d418b8a185f449b3a15c1656ba654780,2200,160056,0,0,0,,0,0,0,,0,0,0,,0,0,0,0,
a60c8fc0a1324bf8b65053231ee22373,2200,518882,34,15,78,https://www.youtube.com/watch?v=PLFfYV7W1BA,34,13,76,https://www.youtube.com/watch?v=XhbjhigcLTU,78,61,78,https://www.youtube.com/watch?v=PLFfYV7W1BA,162,12,8,50,https://www.twitch.tv/videos/2745419387
65c0e7f6562d419e944caea644836c1f,2180,86051,167,53,223,https://www.youtube.com/watch?v=cuZuiRIKnI4,167,53,223,https://www.youtube.com/watch?v=cuZuiRIKnI4,0,0,0,,292,42,36,60,https://www.twitch.tv/videos/2748635848
75f110ca5e9a4b7db3c57912baf5ca27,2180,176369,0,0,0,,0,0,0,,0,0,0,,3381,763,150,18823,https://www.twitch.tv/videos/2747059173
b5c9831f97f4427a88a96d7c4ee40539,2170,199575,17,8,18,https://www.youtube.com/watch?v=s-5rx2c02I4,17,8,18,https://www.youtube.com/watch?v=s-5rx2c02I4,0,0,0,,1693,330,178,700,https://www.twitch.tv/videos/2750915742
60602526ae1d48688c23a74b3cb527e8,2170,98405,74,34,78,https://www.youtube.com/watch?v=uBrbE8wBp38,74,34,78,https://www.youtube.com/watch?v=uBrbE8wBp38,0,0,0,,0,0,0,0,
9ef5ec69554f46e887a9ac0fe54b4f41,2170,84802,167,70,167,https://www.youtube.com/watch?v=dg-mj9_6TXA,167,70,167,https://www.youtube.com/watch?v=dg-mj9_6TXA,0,0,0,,0,0,0,0,
cc1bad00639b4149b277f0d2e99c2abe,2170,93596,58,19,101,https://www.youtube.com/watch?v=SUY2rn3A8vc,58,19,101,https://www.youtube.com/watch?v=SUY2rn3A8vc,0,0,0,,0,0,0,0,
6873f5b9a88c42ba980878bbffb5682a,2170,163472,200,105,2250,https://www.youtube.com/watch?v=JZ2tWMR2z9E,225,111,337,https://www.youtube.com/watch?v=z_NFy0Z4KCg,139,77,2250,https://www.youtube.com/watch?v=JZ2tWMR2z9E,0,0,0,0,
d45c287a84b6485e8ff3400cf50f5db7,2160,169364,0,0,0,,0,0,0,,0,0,0,,4283,603,216,657,https://www.twitch.tv/videos/2734760602
5da8c6fb027049cc8bc2030c56e8c489,2160,30015,0,0,0,,0,0,0,,0,0,0,,136,0,0,0,
27f5926236d04e34a08fdb7ab83940bc,2150,64857,270,113,380,https://www.youtube.com/watch?v=VphsQ85CdR4,271,141,380,https://www.youtube.com/watch?v=VphsQ85CdR4,78,74,78,https://www.youtube.com/watch?v=u23xp4rRZ_k,0,0,0,0,
220353f9b2634c84953cc7d243fbc6a0,2150,192831,639,179,1188,https://www.youtube.com/watch?v=lSyagHqcSIo,639,179,1188,https://www.youtube.com/watch?v=lSyagHqcSIo,0,0,0,,89,0,0,0,
19a2801d800547e58c6560aa1accf3e4,2140,94657,73,24,141,https://www.youtube.com/watch?v=_yk_ReyeXUE,73,24,141,https://www.youtube.com/watch?v=_yk_ReyeXUE,0,0,0,,440,0,0,0,
326e254f0da14bc6bfc5d379164cf5c6,2140,45350,0,0,0,,0,0,0,,0,0,0,,0,0,0,0,
1c8887da9e96471ca28b97d80e390698,2140,116616,164,78,1891,https://www.youtube.com/watch?v=kOOmu9zKhVk,103,73,168,https://www.youtube.com/watch?v=tV682UAqw8g,795,215,1891,https://www.youtube.com/watch?v=kOOmu9zKhVk,0,0,0,0,
c41a24bf9c8f48ee9454119057088688,2130,86208,0,0,0,,0,0,0,,0,0,0,,0,0,0,0,
4f93fe928d264a299c6589e09fbda21e,2120,163215,0,0,0,,0,0,0,,0,0,0,,0,0,0,0,
6d2945d11f504edb9962f742b54f6553,2110,35737,35,9,63,https://www.youtube.com/watch?v=Zk5Fja2uJWM,35,9,63,https://www.youtube.com/watch?v=Zk5Fja2uJWM,0,0,0,,1095,0,0,0,
1310ffb60dcf40eaaf6a08890e632234,2110,101118,210,88,286,https://www.youtube.com/watch?v=y4iIns3C0fo,210,88,286,https://www.youtube.com/watch?v=y4iIns3C0fo,0,0,0,,0,0,0,0,
8890acc220cd4f969ec2e23a28c1eda2,2100,7494,0,0,0,,0,0,0,,0,0,0,,0,0,0,0,
6274e7f2acaf4d48b5fa569168f9468e,2100,123578,106,84,124,https://www.youtube.com/watch?v=5AqYuEHmvJM,90,66,124,https://www.youtube.com/watch?v=5AqYuEHmvJM,106,84,106,https://www.youtube.com/watch?v=7uUUPyvPnnQ,0,0,0,0,
2c92fe49ca9f4b8faf8f4521378857d2,2090,276700,0,0,0,,0,0,0,,0,0,0,,647,16,11,41,https://www.twitch.tv/videos/2746276137
9870111c23124c19a12de7bbdeb8abc1,2090,71305,75,29,154,https://www.youtube.com/watch?v=9eOeMljZCE0,75,29,154,https://www.youtube.com/watch?v=9eOeMljZCE0,0,0,0,,0,0,0,0,
6b36f446b10e4ea99d5d80d60beeee21,2090,50407,0,0,0,,0,0,0,,0,0,0,,8210,204,155,250,https://www.twitch.tv/videos/2746047981
e9047e02eb6340ff940114f754c76875,2090,57067,121,49,121,https://www.youtube.com/watch?v=J7t2_Pui15s,121,49,121,https://www.youtube.com/watch?v=J7t2_Pui15s,0,0,0,,0,0,0,0,
ab540a5b73bb4dfa85cebffb70fad5db,2090,58046,1027,454,1027,https://www.youtube.com/watch?v=9_YpyCc0SVg,0,0,0,,1027,454,1027,https://www.youtube.com/watch?v=9_YpyCc0SVg,1240,0,0,0,
ef03340f293242f89fe15f2f828dbf7f,2080,46186,41,15,87,https://www.youtube.com/watch?v=U1y-VQEWyy4,42,15,87,https://www.youtube.com/watch?v=U1y-VQEWyy4,19,17,19,https://www.youtube.com/watch?v=_F0Q0GZ_iAQ,644,32,27,55,https://www.twitch.tv/videos/2748634592
101cdaf175c643c888d0d33bdab5da15,2080,108083,348,155,2912,https://www.youtube.com/watch?v=7QzZA6Idwa4,366,159,2912,https://www.youtube.com/watch?v=7QzZA6Idwa4,179,74,179,https://www.youtube.com/watch?v=B6WNZ19reh8,148,74,55,487,https://www.twitch.tv/videos/2746930050
80ea9b92d31c48b8b2cf2ca5bacc2a08,2080,65987,135,72,147,https://www.youtube.com/watch?v=x1TykgMLWww,135,72,147,https://www.youtube.com/watch?v=x1TykgMLWww,0,0,0,,0,0,0,0,
14b8fa0f43664c31a5d634b20f9112d9,2080,175031,102,66,171,https://www.youtube.com/watch?v=JnRNKy4q5dE,86,63,139,https://www.youtube.com/watch?v=-byJoWEfhGE,171,154,171,https://www.youtube.com/watch?v=JnRNKy4q5dE,0,0,0,0,
40082e2bb0b546d3bd3ebb75a3192092,2080,1591730,217,70,2123,https://www.youtube.com/watch?v=h7sHss1llcU,0,0,0,,217,70,2123,https://www.youtube.com/watch?v=h7sHss1llcU,0,0,0,0,
8be6ce1a26af47a4985205da119eab5a,2080,355077,274,124,1467,https://www.youtube.com/watch?v=MYGNcx1MQh0,275,136,568,https://www.youtube.com/watch?v=T7cBAfgfft4,174,43,1467,https://www.youtube.com/watch?v=MYGNcx1MQh0,0,0,0,0,
9efea510313f4733b4d0b5e3cfb6988b,2080,505224,101,63,129,https://www.youtube.com/watch?v=OKFoB7Z_mpA,0,0,0,,101,63,129,https://www.youtube.com/watch?v=OKFoB7Z_mpA,0,0,0,0,
b8d723ac79eb47229a23adc4029a5bd5,2070,0,0,0,0,,0,0,0,,0,0,0,,0,0,0,0,
163841e490b14b2583a799b3795021ad,2070,60368,165,63,1798,https://www.youtube.com/watch?v=Tw_mspWkwbo,133,43,185,https://www.youtube.com/watch?v=OL4yaAeu8-4,467,289,1798,https://www.youtube.com/watch?v=Tw_mspWkwbo,384,442,278,686,https://www.twitch.tv/videos/2750877392
93e7079bd21c499f9004e79d18489d28,2070,486322,0,0,0,,0,0,0,,0,0,0,,86,0,0,0,
226eb1e34c924ae2914d960039905d08,2070,223729,63,20,1460,https://www.youtube.com/watch?v=-XNVZh0Ml8o,61,20,142,https://www.youtube.com/watch?v=iasXUfQXvPw,693,68,1460,https://www.youtube.com/watch?v=-XNVZh0Ml8o,0,0,0,0,
33918eea49984fb499619652ce58a4fa,2070,35565,58,32,60,https://www.youtube.com/watch?v=_L3gS2keYoE,58,32,60,https://www.youtube.com/watch?v=_L3gS2keYoE,0,0,0,,0,0,0,0,
1b863baf309a4ff587385012bb5bde51,2070,81069,0,0,0,,0,0,0,,0,0,0,,343,0,0,0,
44b22851b9df4612bec834e2cfde9489,2060,515186,47,24,215,https://www.youtube.com/watch?v=rBc75UCnrYo,47,27,78,https://www.youtube.com/watch?v=LU4zg2AE3_Y,125,21,215,https://www.youtube.com/watch?v=rBc75UCnrYo,0,0,0,0,
07553f6f3df84c3396508456ccbe7df2,2060,64962,288,107,1674,https://www.youtube.com/watch?v=KhwZ4Gvkfgc,242,105,870,https://www.youtube.com/watch?v=_oNiJcximmE,1429,140,1674,https://www.youtube.com/watch?v=KhwZ4Gvkfgc,1038,224,150,689,https://www.twitch.tv/videos/2751006842
8e84dbdebec446bab8c82b3f0467f398,2060,170971,115,49,4816,https://www.youtube.com/watch?v=KONQep3OyYw,97,46,237,https://www.youtube.com/watch?v=IueuPYiTmPs,1643,896,4816,https://www.youtube.com/watch?v=KONQep3OyYw,0,0,0,0,
1551bebc6c26453e9893f342c68002bd,2060,44756,191,143,454,https://www.youtube.com/watch?v=IrJ8snHKlEg,191,143,454,https://www.youtube.com/watch?v=IrJ8snHKlEg,0,0,0,,321,0,0,0,
62b58adde13f4a73ab406f857d730e20,2050,83645,64,22,1751,https://www.youtube.com/watch?v=yCmwwdP3iaY,57,22,164,https://www.youtube.com/watch?v=SkJGzvuh5KU,1751,363,1751,https://www.youtube.com/watch?v=yCmwwdP3iaY,0,0,0,0,
cb52afa541704e6e8f1098a20679135c,2050,119584,67,29,72,https://www.youtube.com/watch?v=xEi4jfhyK-c,67,29,72,https://www.youtube.com/watch?v=xEi4jfhyK-c,0,0,0,,305,62,47,75,https://www.twitch.tv/videos/2745399522
73a96bba42b444df98487ed22f97c240,2050,203256,584,250,7311,https://www.youtube.com/watch?v=lWPgWOVoiyc,0,0,0,,584,250,7311,https://www.youtube.com/watch?v=lWPgWOVoiyc,761,189,121,1266,https://www.twitch.tv/videos/2733714948
1225d23bc1814140bc0093c1407f06b3,2050,155934,83,60,2809,https://www.youtube.com/watch?v=Tf1qvKu86sQ,64,35,153,https://www.youtube.com/watch?v=Nj8eIbxS0OU,1367,513,2809,https://www.youtube.com/watch?v=Tf1qvKu86sQ,98,30,28,30,https://www.twitch.tv/videos/2749999776
e66d389ebb604096bfa99178e1a13c27,2040,220218,379,199,3317,https://www.youtube.com/watch?v=BJ321gy4xCo,377,188,3317,https://www.youtube.com/watch?v=BJ321gy4xCo,2003,1097,2003,https://www.youtube.com/watch?v=HSwGhUC90wY,3719,238,179,444,https://www.twitch.tv/videos/2746146783
e32a7d950f5a4b53ab2f47d225aec4fd,2040,54577,108,49,108,https://www.youtube.com/watch?v=ZpJvTGoS_5w,108,49,108,https://www.youtube.com/watch?v=ZpJvTGoS_5w,0,0,0,,0,0,0,0,
5c7278d46cd24b8eb5f49c446acc759d,2030,66909,0,0,0,,0,0,0,,0,0,0,,65,0,0,0,
cfc335d4b3e3411ca5b39ccb41a81958,2030,135169,1178,739,2757,https://www.youtube.com/watch?v=zlN7RjwvxDk,1391,1059,2757,https://www.youtube.com/watch?v=zlN7RjwvxDk,454,8,454,https://www.youtube.com/watch?v=ZYs7OX7E0cU,0,0,0,0,
a76c19e10aa4463f92f0d2e0f30ab84a,2030,132546,102,43,1549,https://www.youtube.com/watch?v=p_OgVC8DZF0,100,43,179,https://www.youtube.com/watch?v=DSo0zgfjzcw,1549,869,1549,https://www.youtube.com/watch?v=p_OgVC8DZF0,0,0,0,0,
83a59a0d6537461fb429af7e3af1d152,2030,256909,0,0,0,,0,0,0,,0,0,0,,0,0,0,0,
6eefc3826f4f49a0b28a5288c5e0d83e,2030,11796,0,0,0,,0,0,0,,0,0,0,,2398,181,136,405,https://www.twitch.tv/videos/2741190761
247eca886f5c43188a3d6d3945e40636,2020,125178,177,74,402,https://www.youtube.com/watch?v=qMBUmJbxiKY,177,74,402,https://www.youtube.com/watch?v=qMBUmJbxiKY,0,0,0,,0,0,0,0,
6eeed5b0702a45df8470a617ee2c5243,2020,24062,73,26,73,https://www.youtube.com/watch?v=Ua20n5JlnnE,73,26,73,https://www.youtube.com/watch?v=Ua20n5JlnnE,0,0,0,,0,0,0,0,
9087489bcb234de9bb2a8942a1562a61,2020,75609,0,0,0,,0,0,0,,0,0,0,,0,0,0,0,
749161d9934f41bf97e7210afd6b3bb1,2010,41082,0,0,0,,0,0,0,,0,0,0,,107,0,0,0,
0414bb8fc082472a9434bd4a463a9865,2010,10248,0,0,0,,0,0,0,,0,0,0,,186,0,0,0,
b84f2dfff8ce4ca1af82bfc44405f1e7,2010,88987,42,21,123,https://www.youtube.com/watch?v=5VgdNQaLmaA,42,21,123,https://www.youtube.com/watch?v=5VgdNQaLmaA,0,0,0,,0,0,0,0,
78dea7b59be448329ec287a403f95a13,2010,29091,8,1,13,https://www.youtube.com/watch?v=6CGuAHlYsto,0,0,0,,8,1,13,https://www.youtube.com/watch?v=6CGuAHlYsto,2059,207,127,213,https://www.twitch.tv/videos/2743023019
14d334ad35f146ecbb047d1c20652fe1,2000,343327,0,0,0,,0,0,0,,0,0,0,,0,0,0,0,
a66441bdef584fe0806c4be0fd2cf53a,2000,104151,0,0,0,,0,0,0,,0,0,0,,0,0,0,0,
2a20316d245d406193331300bb44fdec,2000,25629,0,0,0,,0,0,0,,0,0,0,,5320,578,413,1641,https://www.twitch.tv/videos/2737768215
95f8bb8a92c1450b8b5993f740b39338,2000,762292,26,13,26,https://www.youtube.com/watch?v=FNvsccV4ejU,26,13,26,https://www.youtube.com/watch?v=FNvsccV4ejU,0,0,0,,298,40,20,40,https://www.twitch.tv/videos/2739743181
712d031e7f004ed99aa1dfdb176cff32,1990,116521,117,58,481,https://www.youtube.com/watch?v=PBJKqUSOp4c,0,0,0,,117,58,481,https://www.youtube.com/watch?v=PBJKqUSOp4c,322,0,0,0,
a9e5491563fd4b05896ef9a8cb2ee7d7,1990,124589,45,31,118,https://www.youtube.com/watch?v=c2TTwpjN528,45,31,118,https://www.youtube.com/watch?v=c2TTwpjN528,0,0,0,,0,0,0,0,
504678b9fa2f4506879ba42b27a13dff,1980,199963,126,61,1718,https://www.youtube.com/watch?v=0NBc1UPxO8U,103,55,252,https://www.youtube.com/watch?v=djLD7wKOHGE,475,291,1718,https://www.youtube.com/watch?v=0NBc1UPxO8U,0,0,0,0,
c0ce3bfbf1434af3a2a7bd7b2c38e7e7,1980,132911,377,174,756,https://www.youtube.com/watch?v=uSjiH5K0i5g,377,174,756,https://www.youtube.com/watch?v=uSjiH5K0i5g,0,0,0,,0,0,0,0,
4ed0862cff5b47bcbf4b6a30e431e0fa,1980,80517,718,400,1337,https://www.youtube.com/watch?v=SnrK6GiWRG0,0,0,0,,718,400,1337,https://www.youtube.com/watch?v=SnrK6GiWRG0,0,0,0,0,
7bd1bc8b491d47e0b7cf0a573c36120e,1980,101224,172,28,315,https://www.youtube.com/watch?v=IdN66-PcKZU,0,0,0,,172,28,315,https://www.youtube.com/watch?v=IdN66-PcKZU,0,0,0,0,
83eff3b0de694818876092eaabd35b4a,1980,91590,69,21,139,https://www.youtube.com/watch?v=Ci-DSSIgPUE,69,22,139,https://www.youtube.com/watch?v=Ci-DSSIgPUE,108,15,108,https://www.youtube.com/watch?v=eZmKZdOV1GQ,0,0,0,0,
4b7c733a13d247ec84844698ecc7ba0c,1970,43385,0,0,0,,0,0,0,,0,0,0,,2757,350,273,365,https://www.twitch.tv/videos/2742687695
6bddfe8d54104f4192c56e4935a871de,1970,600436,687,339,1819,https://www.youtube.com/watch?v=Ro9XRYWrkXg,44,9,45,https://www.youtube.com/watch?v=4JHDW-3UJac,1574,727,1819,https://www.youtube.com/watch?v=Ro9XRYWrkXg,983,291,234,793,https://www.twitch.tv/videos/2744427235
92e03a33b1e640f6aa94211011de5d24,1960,62772,59,25,19379,https://www.youtube.com/watch?v=de1SVdWcJpE,48,24,130,https://www.youtube.com/watch?v=AU9lENizwLs,1372,744,19379,https://www.youtube.com/watch?v=de1SVdWcJpE,254,40,32,244,https://www.twitch.tv/videos/2747691867
4de89158f20a4d0e8023f15db8a9526e,1960,132130,0,0,0,,0,0,0,,0,0,0,,0,0,0,0,
734477be3c5d42afbdde5356c6a6e8ee,1940,81697,102,7,102,https://www.youtube.com/watch?v=5nY0M24NDsc,102,7,102,https://www.youtube.com/watch?v=5nY0M24NDsc,0,0,0,,0,0,0,0,
c0ae01f224734769a38c39b97fb6dbb7,1930,52277,0,0,0,,0,0,0,,0,0,0,,393,0,0,0,
1025a2d1ea674c649b1e7934895bd419,1930,55145,97,44,107,https://www.youtube.com/watch?v=zwIUcPCvuyc,97,44,107,https://www.youtube.com/watch?v=zwIUcPCvuyc,0,0,0,,0,0,0,0,
29574cafecff435b90d34431e2153f02,1930,235951,72,32,2802,https://www.youtube.com/watch?v=3m8aSkZSGCc,39,17,77,https://www.youtube.com/watch?v=MYd_EwLg-k0,1859,641,2802,https://www.youtube.com/watch?v=3m8aSkZSGCc,163,0,0,0,
7d2aa4176f60423bb1532ac37ed55e28,1930,149171,100,42,1653,https://www.youtube.com/watch?v=8Hra3F0Jnao,100,47,956,https://www.youtube.com/watch?v=3EgWMX9oFfg,235,13,1653,https://www.youtube.com/watch?v=8Hra3F0Jnao,0,0,0,0,
8564954960ba466fa7f17bc0e0ea5e8e,1920,38882,0,0,0,,0,0,0,,0,0,0,,356,0,0,0,
17b1d3fb1e1944dabd5e6a45f94e2f6b,1920,67348,160,91,4025,https://www.youtube.com/watch?v=w32iAEg5JLU,141,77,183,https://www.youtube.com/watch?v=JJHRNuyHy5U,4025,2184,4025,https://www.youtube.com/watch?v=w32iAEg5JLU,0,0,0,0,
70c982c2dffc4cd08c90431abcc8be97,1920,53053,54,22,129,https://www.youtube.com/watch?v=IiUoSx-GWAU,54,22,129,https://www.youtube.com/watch?v=IiUoSx-GWAU,0,0,0,,185,32,26,90,https://www.twitch.tv/videos/2749401510
8b810380ed254a5e8a85b65552ba4e61,1920,113855,1926,555,2101,https://www.youtube.com/watch?v=8rNXoyVyxFg,0,0,0,,1926,555,2101,https://www.youtube.com/watch?v=8rNXoyVyxFg,10484,1427,690,5510,https://www.twitch.tv/videos/2749294856
9031798ec1884b52b17df470b6c379b2,1920,53995,191,77,203,https://www.youtube.com/watch?v=MI7M8GTZhmI,191,77,203,https://www.youtube.com/watch?v=MI7M8GTZhmI,0,0,0,,0,0,0,0,
bf124655587e4f5b937d695be814d25d,1910,150457,134,70,181,https://www.youtube.com/watch?v=EYtvnpKjyVw,134,70,181,https://www.youtube.com/watch?v=EYtvnpKjyVw,0,0,0,,0,0,0,0,
bb1cda940e0a44b3a25f3e368c19c490,1910,60257,170,63,948,https://www.youtube.com/watch?v=AdOZHfBVIYE,170,63,948,https://www.youtube.com/watch?v=AdOZHfBVIYE,0,0,0,,0,0,0,0,
0563e1d0ff394d1ab0d6a09d89870fba,1910,131754,138,71,2145,https://www.youtube.com/watch?v=H6eM7cTOQYI,135,53,180,https://www.youtube.com/watch?v=rpRtJK4Ztvc,447,94,2145,https://www.youtube.com/watch?v=H6eM7cTOQYI,98,42,35,69,https://www.twitch.tv/videos/2744482041
e58a5a6f40e040d79bbcd139824d6fc7,1900,241836,1227,639,2597,https://www.youtube.com/watch?v=OoLl_DbHWAU,127,95,127,https://www.youtube.com/watch?v=mEKE7ZQXB0s,1587,726,2597,https://www.youtube.com/watch?v=OoLl_DbHWAU,9955,2147,887,18955,https://www.twitch.tv/videos/2745292315
58d43efc5b4046148d02de0e65ef9120,1890,157380,250,112,5530,https://www.youtube.com/watch?v=gGpkVrJLVzo,204,111,474,https://www.youtube.com/watch?v=qJ2phrmfwh4,903,513,5530,https://www.youtube.com/watch?v=gGpkVrJLVzo,512,161,125,175,https://www.twitch.tv/videos/2749279309
7c18bc597298484c8f2925759fc1ac4a,1890,12234,82,56,604,https://www.youtube.com/watch?v=MkRzaKGx6mc,82,56,604,https://www.youtube.com/watch?v=MkRzaKGx6mc,0,0,0,,780,0,0,0,
7eec0f9233fa49ed92c4f60fb8a82694,1890,37901,12,3,14,https://www.youtube.com/watch?v=tHcY38Qg0ts,0,0,0,,12,3,14,https://www.youtube.com/watch?v=tHcY38Qg0ts,1012,152,123,181,https://www.twitch.tv/videos/2744570843
2c6d5a00eabf47e2affcc8fa6ec64f9c,1880,170359,31,16,804,https://www.youtube.com/watch?v=AYvBBQwgC1M,31,16,57,https://www.youtube.com/watch?v=3aeKrHeelfs,174,84,804,https://www.youtube.com/watch?v=AYvBBQwgC1M,116,29,19,35,https://www.twitch.tv/videos/2745397235
4f20b9493001401f81b7a451bf856fba,1880,144283,188,79,2165,https://www.youtube.com/watch?v=CJW1MQdKpRw,161,63,392,https://www.youtube.com/watch?v=_FGWsFD4EWM,363,294,2165,https://www.youtube.com/watch?v=CJW1MQdKpRw,1518,212,144,235,https://www.twitch.tv/videos/2744430658
63175a6880c5427891463ff07fd0bf7e,1870,49696,0,0,0,,0,0,0,,0,0,0,,0,0,0,0,
1eb556018c7847feb170b09b8622590c,1870,111664,60,28,133,https://www.youtube.com/watch?v=3WGY1tFcc20,60,28,133,https://www.youtube.com/watch?v=3WGY1tFcc20,0,0,0,,0,0,0,0,
9be037b96ffa41c9a080edf332650649,1870,99912,11,1,1699,https://www.youtube.com/watch?v=Zd09UfWrWK8,95,42,102,https://www.youtube.com/watch?v=kvu1Q7e9-tg,11,1,1699,https://www.youtube.com/watch?v=Zd09UfWrWK8,0,0,0,0,
d564ef4ee383435787e18dee18247631,1860,56759,68,53,111,https://www.youtube.com/watch?v=AwYqFh6vsbA,68,53,68,https://www.youtube.com/watch?v=JGVgZ7XTadc,99,60,111,https://www.youtube.com/watch?v=AwYqFh6vsbA,376,38,25,57,https://www.twitch.tv/videos/2740843524
0bf305da1ec14c5c8447b9a007bc81f6,1850,184900,201,68,1226,https://www.youtube.com/watch?v=DlnUzbBvTCU,111,53,728,https://www.youtube.com/watch?v=fouRWxI1Y58,639,264,1226,https://www.youtube.com/watch?v=DlnUzbBvTCU,961,123,92,457,https://www.twitch.tv/videos/2745916458
bee432690bb44e03940ab4a86bbbbdfd,1850,19358,0,0,0,,0,0,0,,0,0,0,,0,0,0,0,
14561bf5e63844f58b60deb87f443507,1850,0,0,0,0,,0,0,0,,0,0,0,,1100,290,125,357,https://www.twitch.tv/videos/2731523239
a5681ed32f994c57a107a0b9248fb228,1840,72619,93,36,438,https://www.youtube.com/watch?v=VzogFc10UrI,88,35,142,https://www.youtube.com/watch?v=Jng6lNh0Sc4,438,252,438,https://www.youtube.com/watch?v=VzogFc10UrI,0,0,0,0,
a6a789d93f3a4352b251a51b43f98d2c,1840,45108,0,0,0,,0,0,0,,0,0,0,,0,0,0,0,
2c2bf7ce933a4f34ac25c2dfa72fe565,1840,133329,486,185,2259,https://www.youtube.com/watch?v=plyQMc2XYKc,430,147,705,https://www.youtube.com/watch?v=VuOPqmIbVeI,1740,1040,2259,https://www.youtube.com/watch?v=plyQMc2XYKc,674,251,180,674,https://www.twitch.tv/videos/2750924147
48b978b1705a4f61a760b05280000b34,1840,8781,0,0,0,,0,0,0,,0,0,0,,1266,0,0,0,
5ff20156ebbf4390a3573d6a94aed8df,1830,88520,77,53,446,https://www.youtube.com/watch?v=Ct854egPTrE,77,53,446,https://www.youtube.com/watch?v=Ct854egPTrE,0,0,0,,0,0,0,0,
70874043d50b4e3a873742127251caa5,1830,80632,158,39,215,https://www.youtube.com/watch?v=DNoLj_UoCao,158,39,215,https://www.youtube.com/watch?v=DNoLj_UoCao,0,0,0,,0,0,0,0,
361d3dd97ee9430f85d57b61ea8f0b85,1830,155056,114,76,1636,https://www.youtube.com/watch?v=k714l7Ap1IM,107,69,239,https://www.youtube.com/watch?v=JyaoRDfVBrM,1636,165,1636,https://www.youtube.com/watch?v=k714l7Ap1IM,0,0,0,0,
0fbdfcc1b9cf41fdb840cf2f546d9324,1830,132796,44,23,480,https://www.youtube.com/watch?v=jJWO9b8gD_4,45,26,480,https://www.youtube.com/watch?v=jJWO9b8gD_4,11,7,11,https://www.youtube.com/watch?v=ViYSZk8JkS4,671,0,0,0,
f3b487c00ef5466eaa529f3a2e8d6753,1830,34008,0,0,0,,0,0,0,,0,0,0,,0,0,0,0,
fe5a0ac164a940c79e430eab9995da2e,1830,181479,0,0,0,,0,0,0,,0,0,0,,111,0,0,0,
e72542ff8bb14e47929b037c626c320a,1820,36742,0,0,0,,0,0,0,,0,0,0,,0,0,0,0,
08158657738a4949bce0cbbc36c4e701,1820,76865,0,0,0,,0,0,0,,0,0,0,,0,0,0,0,
342f808864164047acc8ddffe88c9618,1810,132370,111,83,111,https://www.youtube.com/watch?v=pggCHYwQgKs,111,83,111,https://www.youtube.com/watch?v=pggCHYwQgKs,0,0,0,,2130,410,306,689,https://www.twitch.tv/videos/2742696522
3bbbe40f23e344fa8889d410b7315383,1810,2080,0,0,0,,0,0,0,,0,0,0,,0,0,0,0,
0c1efcf431bc4ffbb208775a9738e348,1810,66450,0,0,0,,0,0,0,,0,0,0,,160,0,0,0,
db2f279f9960492082f3ae6ad20aca91,1810,47002,0,0,0,,0,0,0,,0,0,0,,505,0,0,0,
a823412858b749f7bd2bff3739ec55b7,1810,92239,103,49,182,https://www.youtube.com/watch?v=3y4lcEtwBa4,103,49,182,https://www.youtube.com/watch?v=3y4lcEtwBa4,0,0,0,,430,43,35,50,https://www.twitch.tv/videos/2744362036
49c4f54141434226960845b2a46c432b,1800,60792,0,0,0,,0,0,0,,0,0,0,,0,0,0,0,
0da343539de64a169fe51ad653e5c73d,1800,40685,71,49,93,https://www.youtube.com/watch?v=g6o880LU1GY,71,49,93,https://www.youtube.com/watch?v=g6o880LU1GY,0,0,0,,0,0,0,0,
8ad9544f4e4f42a09ec1ecb6b514729f,1790,95140,67,25,112,https://www.youtube.com/watch?v=rJf-RGmu-IU,67,25,112,https://www.youtube.com/watch?v=rJf-RGmu-IU,0,0,0,,0,0,0,0,
b023ec32c6b5474e95c7faf252925b8e,1790,50743,24,3,32,https://www.youtube.com/watch?v=zX91nNFAB8E,0,0,0,,24,3,32,https://www.youtube.com/watch?v=zX91nNFAB8E,402,35,24,54,https://www.twitch.tv/videos/2742124472
372962c805114682a4d16b75c13c80ed,1790,261,0,0,0,,0,0,0,,0,0,0,,0,0,0,0,
e897180feafa4f748c41f13306b6f379,1790,413844,545,280,2837,https://www.youtube.com/watch?v=oxZnFjF195w,305,187,435,https://www.youtube.com/watch?v=d4Y-l0_LHQI,1559,596,2837,https://www.youtube.com/watch?v=oxZnFjF195w,13,0,0,0,
5efdd7a401eb430ba20cb6f391fbbce3,1790,34905,0,0,0,,0,0,0,,0,0,0,,0,0,0,0,
be84d60f2d0e452ab7d66eaeb957477f,1790,82519,0,0,0,,0,0,0,,0,0,0,,0,0,0,0,
31c7fada1ab24cbd83ab4ae698955a29,1790,77733,37,15,553,https://www.youtube.com/watch?v=ByDqQX8TN5c,32,12,97,https://www.youtube.com/watch?v=tLF4UPS0KRQ,348,281,553,https://www.youtube.com/watch?v=ByDqQX8TN5c,0,0,0,0,
8b732f3260e0427f9cf795b93ada310a,1790,57140,896,216,896,https://www.youtube.com/watch?v=p8ciE7sgr4c,0,0,0,,896,216,896,https://www.youtube.com/watch?v=p8ciE7sgr4c,2976,394,267,394,https://www.twitch.tv/videos/2743718455
29d3dea4a1684bec9592e2ccc3685c57,1780,64003,0,0,0,,0,0,0,,0,0,0,,0,0,0,0,
c489b78388904133a8b93cd4d0470aad,1780,3963,0,0,0,,0,0,0,,0,0,0,,630,0,0,0,
e39607950249427da8b60fa012115e44,1780,104186,51,15,877,https://www.youtube.com/watch?v=WeQRxgtsAuE,0,0,0,,51,15,877,https://www.youtube.com/watch?v=WeQRxgtsAuE,0,0,0,0,
3bc6afb820df4f59b2c6ff1c25d1eed3,1780,141065,63,23,450,https://www.youtube.com/watch?v=WtxmRbsTKnE,63,24,450,https://www.youtube.com/watch?v=WtxmRbsTKnE,161,23,433,https://www.youtube.com/watch?v=m0Xiw1mOdFc,0,0,0,0,
bff58c28269748eb99103a257886309a,1780,58513,99,44,199,https://www.youtube.com/watch?v=6UWBR0F6kX8,99,44,199,https://www.youtube.com/watch?v=6UWBR0F6kX8,0,0,0,,0,0,0,0,
ce59f11c200841dab2e8a5e30655a827,1770,251063,0,0,0,,0,0,0,,0,0,0,,27,0,0,0,
b49c2970f97b4fd4a6762b3e9ba94f8e,1770,7679,0,0,0,,0,0,0,,0,0,0,,10032,901,391,2131,https://www.twitch.tv/videos/2743723465
ced6b5d82fc848a5a0f45a1b3da4cfae,1770,80982,118,80,128,https://www.youtube.com/watch?v=7SJ4NP6G9Oo,118,80,128,https://www.youtube.com/watch?v=7SJ4NP6G9Oo,0,0,0,,215,10,8,23,https://www.twitch.tv/videos/2741483749
66830cad0b9949689741b0dc5ef39d29,1760,49216,0,0,0,,0,0,0,,0,0,0,,0,0,0,0,
d748a977fcd24752ad9e038468713bf2,1760,37706,69,46,98,https://www.youtube.com/watch?v=T9GJunEA8pk,69,46,98,https://www.youtube.com/watch?v=T9GJunEA8pk,0,0,0,,0,0,0,0,
5612ac8b150e45e5a7381a2c07e9671a,1760,75219,77,42,234,https://www.youtube.com/watch?v=O8710wf3o9o,77,42,234,https://www.youtube.com/watch?v=O8710wf3o9o,0,0,0,,0,0,0,0,
8020c505099f474ca81da3023926485f,1760,103476,105,78,2281,https://www.youtube.com/watch?v=AEmQLoJL5d8,104,74,185,https://www.youtube.com/watch?v=X71GPvMiRVQ,2281,891,2281,https://www.youtube.com/watch?v=AEmQLoJL5d8,0,0,0,0,
2e8c364f691740dd81c0fa61727a9790,1760,595816,0,0,0,,0,0,0,,0,0,0,,3794,0,0,0,
0f7d7faa487642d0a8ff6d5fc8dbc394,1750,150848,0,0,0,,0,0,0,,0,0,0,,1659,444,202,1427,https://www.twitch.tv/videos/2745378648
8483ae3c14ca488394d427d271854d88,1750,35696,0,0,0,,0,0,0,,0,0,0,,43,0,0,0,
3584322d47f14c7aa8f6e98511d3c54a,1750,1122,0,0,0,,0,0,0,,0,0,0,,1046,0,0,0,
d0c2bb3e9091413e8d245bdc217e9420,1750,54669,61,28,106,https://www.youtube.com/watch?v=n7dJGMv0yxA,61,28,106,https://www.youtube.com/watch?v=n7dJGMv0yxA,0,0,0,,0,0,0,0,
dc8226bfc9c64cf5bc768f387a41c48d,1740,25235,0,0,0,,0,0,0,,0,0,0,,0,0,0,0,
637a5867616a436ba0f7cdd36057f55a,1730,135861,99,77,1478,https://www.youtube.com/watch?v=MuWgW0e8v6E,100,77,696,https://www.youtube.com/watch?v=8rs3tr0sbe4,68,48,1478,https://www.youtube.com/watch?v=MuWgW0e8v6E,95,0,0,0,
673abaca34d047b49b11d50214a9a463,1730,77932,141,74,246,https://www.youtube.com/watch?v=8c0uE5l4SYg,141,74,246,https://www.youtube.com/watch?v=8c0uE5l4SYg,0,0,0,,86,0,0,0,
a0ac84f84b914c21acf669844a163436,1730,39458,176,38,281,https://www.youtube.com/watch?v=oUkjfhhJQaY,176,38,281,https://www.youtube.com/watch?v=oUkjfhhJQaY,0,0,0,,371,210,124,262,https://www.twitch.tv/videos/2751134430
f3fa92d46e744da29b61f9468c76b9a5,1730,38847,84,41,84,https://www.youtube.com/watch?v=X9Xelr_zEH4,84,41,84,https://www.youtube.com/watch?v=X9Xelr_zEH4,0,0,0,,0,0,0,0,
018244f1ad404c9eaa4ddf747c3bafa0,1730,218064,209,82,345,https://www.youtube.com/watch?v=XKzjzsT5w7s,219,87,345,https://www.youtube.com/watch?v=XKzjzsT5w7s,102,50,131,https://www.youtube.com/watch?v=4fftNOPa6Q8,0,0,0,0,
3a8fe50b02d04b45af3974ed979c52eb,1730,82008,244,100,1663,https://www.youtube.com/watch?v=ifTQuCQoW1o,236,96,315,https://www.youtube.com/watch?v=Nv1Z3i9BCd4,1444,528,1663,https://www.youtube.com/watch?v=ifTQuCQoW1o,0,0,0,0,
84cccbea595d4bc69426d5c75f1ac3a4,1720,89222,0,0,0,,0,0,0,,0,0,0,,0,0,0,0,
b0e88b4d4e5d41c4b5edd07540dc3637,1720,137943,73,41,102,https://www.youtube.com/watch?v=YXaJ1QERo1o,73,41,102,https://www.youtube.com/watch?v=YXaJ1QERo1o,0,0,0,,0,0,0,0,
7cc197b36bc64bf38aaf98a17eaf8d31,1720,168343,1031,560,1307,https://www.youtube.com/watch?v=LONoxReXmog,0,0,0,,1031,560,1307,https://www.youtube.com/watch?v=LONoxReXmog,0,0,0,0,
f3914ae7ae6541198b6b5f4d63febe48,1710,49200,0,0,0,,0,0,0,,0,0,0,,0,0,0,0,
e9fa90c6824c47abbfd114e9cd9b4125,1710,108511,57,30,4012,https://www.youtube.com/watch?v=yVdnS5Enpf0,56,29,76,https://www.youtube.com/watch?v=X7GUf3AtqtY,1507,1340,4012,https://www.youtube.com/watch?v=yVdnS5Enpf0,0,0,0,0,
6fa5098cd1c644c5871a47a7e56803dc,1710,48479,333,168,491,https://www.youtube.com/watch?v=AFlRT_HhNsE,333,168,491,https://www.youtube.com/watch?v=AFlRT_HhNsE,0,0,0,,258,0,0,0,
8f1a38101d324afcbfc7df27d5d1e0a9,1700,194425,21,10,247,https://www.youtube.com/watch?v=hGX1GvHUh9c,21,10,247,https://www.youtube.com/watch?v=hGX1GvHUh9c,0,0,0,,0,0,0,0,
8f7fdc3104f541539132c122eeab6801,1700,35407,106,66,1440,https://www.youtube.com/watch?v=u_RXqZ4HO7k,101,58,197,https://www.youtube.com/watch?v=_O3X3XG7i3E,282,203,1440,https://www.youtube.com/watch?v=u_RXqZ4HO7k,0,0,0,0,
1e0ca2c7a8d7493baa62b792d78e7b07,1700,131283,128,84,251,https://www.youtube.com/watch?v=D9N_k9-lySc,128,84,251,https://www.youtube.com/watch?v=D9N_k9-lySc,0,0,0,,0,0,0,0,
dbe3f9880dec4a03bcc1943343455a6c,1700,76719,96,32,131,https://www.youtube.com/watch?v=Y-x3bELj01U,96,32,131,https://www.youtube.com/watch?v=Y-x3bELj01U,0,0,0,,0,0,0,0,
351e16ae67e14d5e8c7294284c2ded4d,1690,25104,0,0,0,,0,0,0,,0,0,0,,699,0,0,0,
7d3b310a867942cab270e48f7a397e0d,1690,38542,40,20,1862,https://www.youtube.com/watch?v=5eHeKUjY9rQ,40,20,173,https://www.youtube.com/watch?v=LYl74QadCIE,933,406,1862,https://www.youtube.com/watch?v=5eHeKUjY9rQ,882,0,0,0,
df7bcc29e3204005877b25cdad9206b7,1680,81024,0,0,0,,0,0,0,,0,0,0,,0,0,0,0,
2e58c53f72f144dbad853ca8630dab19,1680,48539,260,140,1335,https://www.youtube.com/watch?v=82EGocUIb_Y,260,140,1335,https://www.youtube.com/watch?v=82EGocUIb_Y,0,0,0,,139,0,0,0,
608b617ad99c4f18b97d10560e254b4b,1680,52250,103,54,398,https://www.youtube.com/watch?v=h12w_MqYgaY,100,52,398,https://www.youtube.com/watch?v=h12w_MqYgaY,269,168,320,https://www.youtube.com/watch?v=pu3wmeGKK1M,0,0,0,0,
9deb096c2fb943a7ae7487bf25e28026,1680,118407,218,60,921,https://www.youtube.com/watch?v=lS-Zq8ChIiQ,130,83,166,https://www.youtube.com/watch?v=1CM3sWI9Ng8,609,26,921,https://www.youtube.com/watch?v=lS-Zq8ChIiQ,1363,222,154,297,https://www.twitch.tv/videos/2750283615
8c171b8f4b854cbfade4ee2babc19e0f,1680,37210,114,53,1283,https://www.youtube.com/watch?v=luafOySUMF8,113,49,232,https://www.youtube.com/watch?v=cPYcQMBXGGY,808,479,1283,https://www.youtube.com/watch?v=luafOySUMF8,0,0,0,0,
d18dd7d3e19f469b9e3faaa6c1fe2b0d,1680,35498,90,46,225,https://www.youtube.com/watch?v=VMXlb_PTgao,90,46,225,https://www.youtube.com/watch?v=VMXlb_PTgao,0,0,0,,226,0,0,0,
44ae1f339250472c82d1fc4ffb3610ad,1670,72290,422,179,695,https://www.youtube.com/watch?v=-9262sa5Esc,422,179,695,https://www.youtube.com/watch?v=-9262sa5Esc,0,0,0,,2683,1171,646,1698,https://www.twitch.tv/videos/2744270988
1f445fb1ee7447c2add6738b86570b2e,1670,70253,0,0,0,,0,0,0,,0,0,0,,0,0,0,0,
60a400d6a5d841f78b352675c383dbef,1670,47671,0,0,0,,0,0,0,,0,0,0,,0,0,0,0,
eb54f557a3734bfda57ecddd8df07681,1670,43321,0,0,0,,0,0,0,,0,0,0,,540,126,119,126,https://www.twitch.tv/videos/2750239168
7eb39f4278b04ed485060a084cd07876,1670,61915,0,0,0,,0,0,0,,0,0,0,,0,0,0,0,
ecbeda5532474bdb8d08d4e15ce98d89,1660,15209,0,0,0,,0,0,0,,0,0,0,,3010,0,0,0,
1257fb7258eb49ad8cf58ed64b800056,1660,47401,0,0,0,,0,0,0,,0,0,0,,784,188,99,658,https://www.twitch.tv/videos/2731455847
af9a2d0fab684be9b9da09e251f6bae6,1660,77769,167,80,3783,https://www.youtube.com/watch?v=rlm_EFx_NeM,156,78,218,https://www.youtube.com/watch?v=t04Y6CLp2cQ,1747,876,3783,https://www.youtube.com/watch?v=rlm_EFx_NeM,415,190,172,190,https://www.twitch.tv/videos/2749281810
1c304e8690e2400d9482f1173f59ad70,1660,88491,282,102,1419,https://www.youtube.com/watch?v=pS9MQkhJvMA,282,102,630,https://www.youtube.com/watch?v=D0E6X4mr-XY,784,404,1419,https://www.youtube.com/watch?v=pS9MQkhJvMA,208,92,58,143,https://www.twitch.tv/videos/2747756523
7259f7e619e943018e64fb24d4d20e34,1650,33798,196,15,196,https://www.youtube.com/watch?v=y61_9JF3q2k,196,15,196,https://www.youtube.com/watch?v=y61_9JF3q2k,0,0,0,,0,0,0,0,
3e41189706dd483db4e407c295b058ce,1650,98372,70,32,1246,https://www.youtube.com/watch?v=9g-RMPLay7I,65,32,133,https://www.youtube.com/watch?v=svqtDz83Zrc,740,35,1246,https://www.youtube.com/watch?v=9g-RMPLay7I,4743,411,222,150585,https://www.twitch.tv/videos/2750160567
e3451dd6f3c0444c888eb6f67704613a,1640,61047,170,105,603,https://www.youtube.com/watch?v=MIOMk9I9gSw,170,105,603,https://www.youtube.com/watch?v=MIOMk9I9gSw,0,0,0,,0,0,0,0,
c192b6e25df841ad85cbc8bbf0bd8bfe,1640,109864,0,0,0,,0,0,0,,0,0,0,,0,0,0,0,
7e50374d02184a429cfc6dfba9b52e2f,1640,9670,0,0,0,,0,0,0,,0,0,0,,393,53,47,72,https://www.twitch.tv/videos/2748641085
10c8c9b647e7464f9d95c7c1a865da01,1640,114707,61,27,1651,https://www.youtube.com/watch?v=zUOwbhd-N8w,39,16,81,https://www.youtube.com/watch?v=V0hTIvy-EUc,564,455,1651,https://www.youtube.com/watch?v=zUOwbhd-N8w,2101,175,110,259,https://www.twitch.tv/videos/2746949303
607d6173383c4118a32171fbcfc98e60,1640,42141,105,0,105,https://www.youtube.com/watch?v=pQ77fQt2zis,0,0,0,,105,0,105,https://www.youtube.com/watch?v=pQ77fQt2zis,16494,115819,5484,115819,https://www.twitch.tv/videos/2728004500
21a819efced54f6991abd3fc0b43091f,1640,121360,219,127,22866,https://www.youtube.com/watch?v=z8rpRjFaa4I,177,59,219,https://www.youtube.com/watch?v=9Yz6lX9d4C4,1634,835,22866,https://www.youtube.com/watch?v=z8rpRjFaa4I,813,195,143,237,https://www.twitch.tv/videos/2741233828
7d6a4fa5389c461bb553b8190c5e951f,1640,104994,0,0,0,,0,0,0,,0,0,0,,0,0,0,0,
f7bfeaf6288f4afe80b62dab32698a0c,1640,520487,56,23,137,https://www.youtube.com/watch?v=wWOkjXqSeLI,63,27,85,https://www.youtube.com/watch?v=Uqm6Svc68lQ,32,19,137,https://www.youtube.com/watch?v=wWOkjXqSeLI,336,0,0,0,
cfa15a7e93824927ad4b84a519b0ab68,1640,585573,2166,1213,4665,https://www.youtube.com/watch?v=fCfQBPZkQmM,0,0,0,,2166,1213,4665,https://www.youtube.com/watch?v=fCfQBPZkQmM,0,0,0,0,
b9086ee5f7b54353a5ba85c973b2e2af,1630,64974,80,31,94,https://www.youtube.com/watch?v=W_gf3e0Kzjo,80,31,94,https://www.youtube.com/watch?v=W_gf3e0Kzjo,0,0,0,,0,0,0,0,
7e26ddf485a84c0cb6d781a3bf432c55,1630,38738,0,0,0,,0,0,0,,0,0,0,,3966,0,0,0,
4077520d348749e49598cd5fa1058b6a,1630,59956,35,11,93,https://www.youtube.com/watch?v=jlFa_YsIGrU,35,11,93,https://www.youtube.com/watch?v=jlFa_YsIGrU,0,0,0,,261,0,0,0,
da503b835e2a41d58433ebf6960db356,1630,59974,138,53,189,https://www.youtube.com/watch?v=e1QUmzq8QLk,136,31,189,https://www.youtube.com/watch?v=e1QUmzq8QLk,138,53,138,https://www.youtube.com/watch?v=WVsLSG7tFQw,783,0,0,0,
5dc565de88a948ecb092cce178aafe60,1630,477112,0,0,0,,0,0,0,,0,0,0,,416,0,0,0,
bdcf0d95e6544ebaaddbfba94839cd6b,1630,90980,47,17,87,https://www.youtube.com/watch?v=NwDyrUs5T-4,49,24,60,https://www.youtube.com/watch?v=1t_GKh9EQ0o,19,14,87,https://www.youtube.com/watch?v=NwDyrUs5T-4,0,0,0,0,
c45e260cafa14b3fab4030fb339ed1ab,1620,76468,47,33,203,https://www.youtube.com/watch?v=ImLlFiBk8_0,46,27,69,https://www.youtube.com/watch?v=6qFN8nbSBeI,203,64,203,https://www.youtube.com/watch?v=ImLlFiBk8_0,28,0,0,0,
e8ec42e35b774df8a21ae98a0d01fdc0,1620,1193920,214,81,4334,https://www.youtube.com/watch?v=csbJ8eHDF6s,37,12,103,https://www.youtube.com/watch?v=v9Toaaop7jA,854,158,4334,https://www.youtube.com/watch?v=csbJ8eHDF6s,0,0,0,0,
306117a48f3445baad1d6a919ed340bb,1620,67874,168,83,1072,https://www.youtube.com/watch?v=bo-M60tCcEQ,146,75,406,https://www.youtube.com/watch?v=YvPJ6d1DkMA,739,490,1072,https://www.youtube.com/watch?v=bo-M60tCcEQ,151,0,0,0,
d3b1e8a5a2c74d2395dc33869caadb50,1620,7136,0,0,0,,0,0,0,,0,0,0,,0,0,0,0,
80e2f3365bfd4479a3594c3278311103,1620,0,0,0,0,,0,0,0,,0,0,0,,2263,0,0,0,
46e494bf06c640da95ad1b0b81631d98,1620,262142,47,20,2087,https://www.youtube.com/watch?v=Lwq8TKOCaZ4,37,12,98,https://www.youtube.com/watch?v=7oW72pi7MBY,1061,819,2087,https://www.youtube.com/watch?v=Lwq8TKOCaZ4,923,33,23,42,https://www.twitch.tv/videos/2751026135
7425576151124e11a94609fd1b8687bc,1610,62174,77,14,77,https://www.youtube.com/watch?v=q2t5UNXxz_M,77,14,77,https://www.youtube.com/watch?v=q2t5UNXxz_M,0,0,0,,2030,404,235,404,https://www.twitch.tv/videos/2741394298
a1915cccb8584d57b9b22975263c7af4,1610,268587,52,32,1195,https://www.youtube.com/watch?v=TPJFUkaNsx0,52,18,102,https://www.youtube.com/watch?v=p3w4NBQn_nU,614,160,1195,https://www.youtube.com/watch?v=TPJFUkaNsx0,0,0,0,0,
9e5e58a212584007b1ab1f22f5c59438,1610,135097,126,60,504,https://www.youtube.com/watch?v=muMCo_56fHU,126,60,504,https://www.youtube.com/watch?v=muMCo_56fHU,0,0,0,,0,0,0,0,
c4651b162abb45c3a85640e3d456fa71,1610,57855,29,12,41,https://www.youtube.com/watch?v=t55YpXndvxo,29,12,41,https://www.youtube.com/watch?v=t55YpXndvxo,0,0,0,,320,0,0,0,
954590604f0e49e88fadc8ce6dafba1b,1600,93603,64,35,127,https://www.youtube.com/watch?v=l1ss8_RpHus,64,35,127,https://www.youtube.com/watch?v=l1ss8_RpHus,0,0,0,,0,0,0,0,
67674d86fce54eceb37e0dc4ea802132,1600,120392,83,40,1477,https://www.youtube.com/watch?v=NAi3WSlGngA,90,44,298,https://www.youtube.com/watch?v=V7wKpm4r5Jo,39,24,1477,https://www.youtube.com/watch?v=NAi3WSlGngA,91,10,8,20,https://www.twitch.tv/videos/2748662804
bee9506c5d714205bfc69573280852c2,1600,119583,349,98,1963,https://www.youtube.com/watch?v=8bkQAlABQ54,122,28,252,https://www.youtube.com/watch?v=OWXar5btfPM,1753,437,1963,https://www.youtube.com/watch?v=8bkQAlABQ54,2137,91,71,247,https://www.twitch.tv/videos/2745287972
a73b969a7fe24a9aaeb9bc1c63ca6450,1590,86269,0,0,0,,0,0,0,,0,0,0,,4881,378,45,787,https://www.twitch.tv/videos/2733569513
e214241ed6574d939e398051ae25921d,1590,65,0,0,0,,0,0,0,,0,0,0,,0,0,0,0,
2913f17e61014f7691e016fae8468404,1590,72885,76,29,2064,https://www.youtube.com/watch?v=OwUQ5L6ebSs,65,29,205,https://www.youtube.com/watch?v=ThNNOQLFN_w,1280,195,2064,https://www.youtube.com/watch?v=OwUQ5L6ebSs,265,0,0,0,
86e86bf2d8e54e9083613e7398e1e7ac,1590,36995,0,0,0,,0,0,0,,0,0,0,,1819,656,590,1879,https://www.twitch.tv/videos/2750942481
8cace62dbfc34c2a9a2a348e479cdbb1,1590,193321,873,696,1128,https://www.youtube.com/watch?v=sNvk6S5-duw,17,10,17,https://www.youtube.com/watch?v=JT8ozyVamQA,1068,769,1128,https://www.youtube.com/watch?v=sNvk6S5-duw,0,0,0,0,
7e9fc4a1ccc7445182bb3c5264d99187,1580,61952,136,52,1434,https://www.youtube.com/watch?v=L6UqS10-gvw,95,42,273,https://www.youtube.com/watch?v=tXDJnvlduhU,1010,195,1434,https://www.youtube.com/watch?v=L6UqS10-gvw,0,0,0,0,
53cd965ca91e495887b89aabd6314402,1580,31609,51,27,1115,https://www.youtube.com/watch?v=j4m3kPNf41M,48,22,76,https://www.youtube.com/watch?v=VEHg2-4uTNk,903,98,1115,https://www.youtube.com/watch?v=j4m3kPNf41M,16,0,0,0,
055f10f2da424da8bfbfe9d01b15fb11,1570,43641,111,47,149,https://www.youtube.com/watch?v=UhZ-L1h4E5Y,111,47,149,https://www.youtube.com/watch?v=UhZ-L1h4E5Y,0,0,0,,38,0,0,0,
9a7b7c9c31da44aca5a68395a2e69488,1570,704052,40,14,250,https://www.youtube.com/watch?v=8IK6GnM89jA,38,14,250,https://www.youtube.com/watch?v=8IK6GnM89jA,85,51,127,https://www.youtube.com/watch?v=pfbP1AZoDrg,114,0,0,0,
89f4c9a5a9374700ae9f3725cd8a3f0f,1560,142369,257,121,3533,https://www.youtube.com/watch?v=6FUeOjatJyM,132,27,225,https://www.youtube.com/watch?v=frcClGc5Wgo,1147,814,3533,https://www.youtube.com/watch?v=6FUeOjatJyM,173,101,65,113,https://www.twitch.tv/videos/2743746808
a112fc34dd9944a5a15f50c1c078aa3e,1560,126562,112,43,139,https://www.youtube.com/watch?v=_5rT_FtaPFE,112,43,139,https://www.youtube.com/watch?v=_5rT_FtaPFE,0,0,0,,0,0,0,0,
905304e606344aba8c84b83717453f5e,1560,68631,91,48,389,https://www.youtube.com/watch?v=WNMi5rm7G-c,91,48,389,https://www.youtube.com/watch?v=WNMi5rm7G-c,0,0,0,,0,0,0,0,
a725f6babc5f44779d7389886c6cd7b7,1560,56293,88,38,802,https://www.youtube.com/watch?v=31AfikBYcS0,90,46,802,https://www.youtube.com/watch?v=31AfikBYcS0,54,5,61,https://www.youtube.com/watch?v=OBLO0FI_cFQ,0,0,0,0,
1cdbceb7ad414bb59b3a9563a93fe840,1560,64774,219,179,219,https://www.youtube.com/watch?v=lGB9oUQ6k28,219,179,219,https://www.youtube.com/watch?v=lGB9oUQ6k28,0,0,0,,0,0,0,0,
5b1bd72acc95440cb3aa381c89cfca3c,1560,89740,234,105,371,https://www.youtube.com/watch?v=43JFQoAIu94,0,0,0,,234,105,371,https://www.youtube.com/watch?v=43JFQoAIu94,0,0,0,0,
b0a7d70ae76549f5b4418e56ee4ad43f,1560,43108,75,47,1212,https://www.youtube.com/watch?v=_viZWdOyaB8,75,47,135,https://www.youtube.com/watch?v=seDBtbBrj7w,616,313,1212,https://www.youtube.com/watch?v=_viZWdOyaB8,1009,260,205,412,https://www.twitch.tv/videos/2749235677
95fa8eef249d4edca59594271fedc487,1560,52078,0,0,0,,0,0,0,,0,0,0,,0,0,0,0,
c4fafcb15c694ad5ab88d1948d401e54,1560,82029,159,54,486,https://www.youtube.com/watch?v=5ipGfEVCwR4,159,54,486,https://www.youtube.com/watch?v=5ipGfEVCwR4,0,0,0,,165,0,0,0,
94f9966aa28a45e1ab4b94507037d1d7,1560,142906,164,63,253,https://www.youtube.com/watch?v=nMz0Hc59HuE,164,63,253,https://www.youtube.com/watch?v=nMz0Hc59HuE,0,0,0,,0,0,0,0,
904f58005872497b82964fff25490152,1550,22020,0,0,0,,0,0,0,,0,0,0,,190,0,0,0,
e312462015a2454087c9fe83dd939994,1550,29695,83,72,133,https://www.youtube.com/watch?v=nma4xHGL4cw,83,72,133,https://www.youtube.com/watch?v=nma4xHGL4cw,0,0,0,,0,0,0,0,
bc7d14416ba24cc8819f0753e1f595f5,1550,306899,126,46,616,https://www.youtube.com/watch?v=Dw0TJd0c4Wg,126,46,616,https://www.youtube.com/watch?v=Dw0TJd0c4Wg,0,0,0,,0,0,0,0,
1be625b10e2f4e65bab5b19d10a4d0b1,1540,18458,0,0,0,,0,0,0,,0,0,0,,0,0,0,0,
cbd9ed35dc0045aa9c57bb9ee14b02e0,1540,693550,8,3,319,https://www.youtube.com/watch?v=03XaoO7-EOU,0,0,0,,8,3,319,https://www.youtube.com/watch?v=03XaoO7-EOU,0,0,0,0,
1eef416d7ad94b6aa728e10d6da10304,1540,69142,35,31,76,https://www.youtube.com/watch?v=0nSDdsvUEFs,0,0,0,,35,31,76,https://www.youtube.com/watch?v=0nSDdsvUEFs,2033,596,461,656,https://www.twitch.tv/videos/2748666052
bf03fd8b5b55481590ea63338c5cdd20,1540,31054,0,0,0,,0,0,0,,0,0,0,,4021,0,0,0,
95eabea4e8014fedb5d34ea27137a4ca,1540,128653,98,40,1417,https://www.youtube.com/watch?v=68qDDfVzbm0,90,32,120,https://www.youtube.com/watch?v=Dm_7svupe8w,1150,920,1417,https://www.youtube.com/watch?v=68qDDfVzbm0,0,0,0,0,
e210fb08b0744535a907823fa9f062cc,1530,52766,0,0,0,,0,0,0,,0,0,0,,1195,281,109,419,https://www.twitch.tv/videos/2741985474
ee7cfe445bc84d6fa7fff5df6fbf0d32,1530,45621,57,26,68,https://www.youtube.com/watch?v=NdDeYEd1F7Y,57,26,68,https://www.youtube.com/watch?v=NdDeYEd1F7Y,0,0,0,,735,0,0,0,
d57b7459ef5949ef96672a96fb33d8a2,1520,62832,0,0,0,,0,0,0,,0,0,0,,1098,264,243,571,https://www.twitch.tv/videos/2742141893
260f0fb7a8b1421394c38114230479bb,1520,64863,47,22,107,https://www.youtube.com/watch?v=3aoPSINCK9g,47,22,107,https://www.youtube.com/watch?v=3aoPSINCK9g,0,0,0,,138,0,0,0,
c6ce333916b446d48d27be05df1a218e,1510,30728,58,23,84,https://www.youtube.com/watch?v=vg5XQ8tPkoE,58,23,84,https://www.youtube.com/watch?v=vg5XQ8tPkoE,0,0,0,,553,25,17,25,https://www.twitch.tv/videos/2743882291
d70830a282b9446f89bc9d82c88b8db3,1510,132851,0,0,0,,0,0,0,,0,0,0,,265,0,0,0,
eaa1d55ba99c40ce82413701233efdbd,1510,60344,63,20,124,https://www.youtube.com/watch?v=3c_UEUtee3U,63,20,124,https://www.youtube.com/watch?v=3c_UEUtee3U,0,0,0,,0,0,0,0,
c506f1ab266f47e2be683220533a4790,1510,43013,45,34,1032,https://www.youtube.com/watch?v=epo4wwU5NuY,30,18,51,https://www.youtube.com/watch?v=0nxYTHkrhXM,186,83,1032,https://www.youtube.com/watch?v=epo4wwU5NuY,0,0,0,0,
b88e19a358b843068cd5bd7ec103d521,1500,132218,136,104,1183,https://www.youtube.com/watch?v=19zf10dlmtI,129,87,167,https://www.youtube.com/watch?v=lRJbqrTwxeo,1183,1155,1183,https://www.youtube.com/watch?v=19zf10dlmtI,0,0,0,0,
2ead897ab38c4530aeeb69a2f02da623,1500,68352,103,52,524,https://www.youtube.com/watch?v=KmfBz3--0bk,103,52,400,https://www.youtube.com/watch?v=-4Ak9u3REOo,298,175,524,https://www.youtube.com/watch?v=KmfBz3--0bk,0,0,0,0,
02dadd7977b8412b99f101241de4cb3f,1500,77614,26,16,77,https://www.youtube.com/watch?v=5HVPv0fo7XU,26,16,77,https://www.youtube.com/watch?v=5HVPv0fo7XU,0,0,0,,1071,75,64,180,https://www.twitch.tv/videos/2746116167
5ce810e28ea54f5bacd55573589f4e4e,1500,99028,41,28,121,https://www.youtube.com/watch?v=jLm5HVB287c,41,28,121,https://www.youtube.com/watch?v=jLm5HVB287c,0,0,0,,0,0,0,0,
6d61885259b744a28c7b92c0785e8fe9,1490,0,0,0,0,,0,0,0,,0,0,0,,855,0,0,0,
6db0d51e6ac9410f84f79e57448b8a60,1490,148112,244,62,276,https://www.youtube.com/watch?v=C5QwVobl22g,244,62,276,https://www.youtube.com/watch?v=C5QwVobl22g,0,0,0,,0,0,0,0,
91025114208d41b2bff535d6e277017e,1490,65588,42,15,63,https://www.youtube.com/watch?v=IVdm6LIM_18,42,15,63,https://www.youtube.com/watch?v=IVdm6LIM_18,0,0,0,,0,0,0,0,
4c466d73397a4899b4ca26f90aaf57ad,1490,158785,1075,714,1458,https://www.youtube.com/watch?v=PNj-Rs2FkUQ,0,0,0,,1075,714,1458,https://www.youtube.com/watch?v=PNj-Rs2FkUQ,167,22,17,30,https://www.twitch.tv/videos/2746987568
a881100803aa4abc84dc3cc814dca0e7,1490,51927,68,23,1835,https://www.youtube.com/watch?v=wJ4klUjQQsI,40,11,130,https://www.youtube.com/watch?v=ZNXp3q0y-FQ,1319,854,1835,https://www.youtube.com/watch?v=wJ4klUjQQsI,0,0,0,0,
dcc5b43448044231a3a8710d144b2602,1490,129078,135,62,226,https://www.youtube.com/watch?v=cZRsT0gMJPk,135,62,226,https://www.youtube.com/watch?v=cZRsT0gMJPk,0,0,0,,0,0,0,0,
b8ce93818de34a93901147e5d9857170,1490,85794,0,0,0,,0,0,0,,0,0,0,,0,0,0,0,
12f51c457b27425fa98fe89c24ccb61c,1490,29154,0,0,0,,0,0,0,,0,0,0,,0,0,0,0,
489752f0b42c49b785d43f1207429983,1480,44103,58,15,58,https://www.youtube.com/watch?v=YmAC_V1sWt4,58,15,58,https://www.youtube.com/watch?v=YmAC_V1sWt4,0,0,0,,0,0,0,0,
77829b31e6e246efbf1f648a353ff823,1480,255439,172,74,1531,https://www.youtube.com/watch?v=J0T-J7iz9Bo,156,69,1060,https://www.youtube.com/watch?v=d_m516Yjpiw,1172,444,1531,https://www.youtube.com/watch?v=J0T-J7iz9Bo,0,0,0,0,
1be04e1564c34845bee20467cdb8cfd1,1470,121053,0,0,0,,0,0,0,,0,0,0,,0,0,0,0,
00c2bd1279064d88b05ad2d17d790e37,1470,6147,926,292,1339,https://www.youtube.com/watch?v=dlLFTDPWp7Q,0,0,0,,926,292,1339,https://www.youtube.com/watch?v=dlLFTDPWp7Q,192,0,0,0,
d62ad85ae5434754bc4f9f366815064a,1470,44821,0,0,0,,0,0,0,,0,0,0,,0,0,0,0,
3cf7289a95834ae1a25d4cb2909a1a9e,1470,50644,0,0,0,,0,0,0,,0,0,0,,0,0,0,0,
091ac99f10804fe3b417a0f285731b4e,1460,137,138,56,138,https://www.youtube.com/watch?v=HQNjD8uJxSo,138,56,138,https://www.youtube.com/watch?v=HQNjD8uJxSo,0,0,0,,468,0,0,0,
2131a63328214b7f9a1022dae6890d66,1460,78631,61,31,196,https://www.youtube.com/watch?v=CL3BujKMoaQ,61,31,196,https://www.youtube.com/watch?v=CL3BujKMoaQ,0,0,0,,358,0,0,0,
2cc874f341184fb799b01c399477c0b4,1460,64308,96,88,96,https://www.youtube.com/watch?v=UkNLSYQIGeI,96,88,96,https://www.youtube.com/watch?v=UkNLSYQIGeI,0,0,0,,152,0,0,0,
076c16fcd0c843c0b70748712d15f233,1460,28966,119,44,627,https://www.youtube.com/watch?v=SulYGe4tHP0,119,44,627,https://www.youtube.com/watch?v=SulYGe4tHP0,0,0,0,,0,0,0,0,
0ec3bf23ccba41659f6d91e424fb2b4a,1450,56569,0,0,0,,0,0,0,,0,0,0,,0,0,0,0,
fcb4d9b8cd4a49dba6b421d97c179065,1450,66230,0,0,0,,0,0,0,,0,0,0,,1203,171,110,310,https://www.twitch.tv/videos/2743036789
a2188c1a225e4f93a64e3385fa02d779,1450,82603,0,0,0,,0,0,0,,0,0,0,,0,0,0,0,
8044e4d538ab4e16b1952c8e42dee12e,1450,139026,67,35,486,https://www.youtube.com/watch?v=i9mQmYmKSa8,67,35,486,https://www.youtube.com/watch?v=i9mQmYmKSa8,0,0,0,,0,0,0,0,
6e6fd1311d2f42228faa8b1ccb0fa589,1440,76159,74,24,210,https://www.youtube.com/watch?v=8fPTu2EZZuA,73,36,133,https://www.youtube.com/watch?v=7NfPWua1Iww,210,3,210,https://www.youtube.com/watch?v=8fPTu2EZZuA,0,0,0,0,
687568c1c9254c8ab34e7b6efbdd6dbc,1440,199885,59,47,67,https://www.youtube.com/watch?v=yWP3tbicvMA,59,47,67,https://www.youtube.com/watch?v=yWP3tbicvMA,0,0,0,,0,0,0,0,
5bc1ba6d941e4eca868a5b33425c3262,1440,0,0,0,0,,0,0,0,,0,0,0,,1197,266,222,266,https://www.twitch.tv/videos/2747690747
564b411dc4874310be6f8ee9bb7a0312,1430,99374,0,0,0,,0,0,0,,0,0,0,,0,0,0,0,
747fb5e9d30240a1ac42fbf37e86b55d,1420,110759,48,20,272,https://www.youtube.com/watch?v=ES9Qx02CsDw,47,20,156,https://www.youtube.com/watch?v=mwwBbvkmqi8,222,19,272,https://www.youtube.com/watch?v=ES9Qx02CsDw,415,18,12,40,https://www.twitch.tv/videos/2741258736
356186a5552f499baab4ac520b7d4235,1420,88301,140,61,1848,https://www.youtube.com/watch?v=H_EGCsM6pL4,123,52,206,https://www.youtube.com/watch?v=tjfgswU7IKM,461,210,1848,https://www.youtube.com/watch?v=H_EGCsM6pL4,0,0,0,0,
46ca57774cd7476d86727882d07bd918,1410,65792,120,48,1871,https://www.youtube.com/watch?v=Ti0kSiLtqok,84,44,224,https://www.youtube.com/watch?v=IYyckY_YIIQ,1464,448,1871,https://www.youtube.com/watch?v=Ti0kSiLtqok,140,104,68,124,https://www.twitch.tv/videos/2744527248
58588863643843439cebc85ef72654bb,1410,101764,68,34,176,https://www.youtube.com/watch?v=7xAIWpM9hWo,68,34,176,https://www.youtube.com/watch?v=7xAIWpM9hWo,0,0,0,,0,0,0,0,
0dbf3f6f6521460782992a963122aed0,1410,250680,131,52,1240,https://www.youtube.com/watch?v=ANjbRLwOv9E,131,41,174,https://www.youtube.com/watch?v=sLNqFsrQYz8,322,69,1240,https://www.youtube.com/watch?v=ANjbRLwOv9E,333,81,78,84,https://www.twitch.tv/videos/2751036059
889bb42644a14ae4af2b3594c51d057b,1410,75542,57,26,222,https://www.youtube.com/watch?v=EoAGcrYsYwI,56,26,178,https://www.youtube.com/watch?v=d-v1YueUqqE,158,44,222,https://www.youtube.com/watch?v=EoAGcrYsYwI,0,0,0,0,
bf425f4bc9154c00918ed885bdced632,1400,82455,122,45,181,https://www.youtube.com/watch?v=z0zhCevbuns,122,45,181,https://www.youtube.com/watch?v=z0zhCevbuns,0,0,0,,0,0,0,0,
a7410ae72f2d4648bcf192c21abd7c32,1400,52436,0,0,0,,0,0,0,,0,0,0,,174,0,0,0,
6adad1ae67dc495dae88cefa06446593,1400,106734,0,0,0,,0,0,0,,0,0,0,,0,0,0,0,
aabaf7767fa5449b86f58160496d0d4c,1400,74044,80,44,194,https://www.youtube.com/watch?v=EctA4RkBq48,80,44,194,https://www.youtube.com/watch?v=EctA4RkBq48,0,0,0,,0,0,0,0,
30f58f5fd3994b9a8751b3f44e543c17,1390,105717,89,10,89,https://www.youtube.com/watch?v=wAmRXRYN26w,89,10,89,https://www.youtube.com/watch?v=wAmRXRYN26w,0,0,0,,0,0,0,0,
1b6e28ac923f4134a3627badc2fa8ef6,1390,68663,0,0,0,,0,0,0,,0,0,0,,491,0,0,0,
5a901d793927414493afa87af0c4baec,1390,28512,123,13,123,https://www.youtube.com/watch?v=Dj9Rl3lxgFE,0,0,0,,123,13,123,https://www.youtube.com/watch?v=Dj9Rl3lxgFE,1433,159,94,173,https://www.twitch.tv/videos/2741316521
e63047f70b0b4a7eba70e7d8cbd507ec,1380,31103,0,0,0,,0,0,0,,0,0,0,,0,0,0,0,
c6a8cee6b8e042518ef58659113b3f34,1380,68910,137,87,163,https://www.youtube.com/watch?v=0sluICKj5nQ,137,87,163,https://www.youtube.com/watch?v=0sluICKj5nQ,0,0,0,,0,0,0,0,
ea8cc7c4366d48c797a88bfbcf584301,1380,35716,0,0,0,,0,0,0,,0,0,0,,155,0,0,0,
5356357f112b46db862b472a4aafcee8,1380,43668,149,98,2043,https://www.youtube.com/watch?v=GlfNiwNdgog,143,96,154,https://www.youtube.com/watch?v=kWALYLQVvBA,236,166,2043,https://www.youtube.com/watch?v=GlfNiwNdgog,1292,0,0,0,
188bbf1349f1482cbd24d06ba720cf17,1380,18375,0,0,0,,0,0,0,,0,0,0,,889,72,60,145,https://www.twitch.tv/videos/2747028080
303c4cd8cf334f01805afdd8df5adc7f,1380,57360,86,44,86,https://www.youtube.com/watch?v=NjgKJL_pi4k,86,44,86,https://www.youtube.com/watch?v=NjgKJL_pi4k,0,0,0,,0,0,0,0,
bc77dc55cf9b4be88c878ac4b5c07438,1370,25786,51,5,95,https://www.youtube.com/watch?v=DZfZsYwy0gE,91,13,95,https://www.youtube.com/watch?v=DZfZsYwy0gE,11,1,14,https://www.youtube.com/watch?v=SAxjzgO2PWU,792,364,327,364,https://www.twitch.tv/videos/2749205396
aa0d8c2604694532a20aaf0f0ced8a5e,1370,0,0,0,0,,0,0,0,,0,0,0,,2531,0,0,0,
4d98ebdc4eb8448da8d2ab8f64df8383,1370,1468,1484,1357,1484,https://www.youtube.com/watch?v=G6bCefPw-cY,0,0,0,,1484,1357,1484,https://www.youtube.com/watch?v=G6bCefPw-cY,155,0,0,0,
de1fec02e4ab43aa948a415621abc524,1370,88104,0,0,0,,0,0,0,,0,0,0,,0,0,0,0,
43056077596a49349ee4bea028f670f6,1370,80489,174,101,174,https://www.youtube.com/watch?v=S5eM8ytnfjg,174,101,174,https://www.youtube.com/watch?v=S5eM8ytnfjg,0,0,0,,306,94,54,94,https://www.twitch.tv/videos/2741320382
6f68d3f50edf4814b59a4a018090b180,1360,29530,117,20,118,https://www.youtube.com/watch?v=pZA_gCA4ASg,117,20,118,https://www.youtube.com/watch?v=pZA_gCA4ASg,0,0,0,,0,0,0,0,
6861903583ee45d191ddc03faf6cd0d8,1360,21393,0,0,0,,0,0,0,,0,0,0,,1294,111,68,126,https://www.twitch.tv/videos/2743789352
7327248ff3f04589bca9e61665448ae8,1360,47316,0,0,0,,0,0,0,,0,0,0,,313,0,0,0,
25b1a8ceab1d439491fb4e98013cd0fc,1350,21956,0,0,0,,0,0,0,,0,0,0,,582,95,27,633,https://www.twitch.tv/videos/2738930048
2ea398a50afd48c3a9e3a819186a4375,1350,59830,233,100,573,https://www.youtube.com/watch?v=knnit670AyY,233,100,573,https://www.youtube.com/watch?v=knnit670AyY,0,0,0,,149,0,0,0,
e3157ce546a640029cfcccb9107f8154,1350,78322,4,1,7,https://www.youtube.com/watch?v=Fzo6vuoVPpE,0,0,0,,4,1,7,https://www.youtube.com/watch?v=Fzo6vuoVPpE,0,0,0,0,
61e81c6f534247b486b8125bd34fa960,1350,67331,0,0,0,,0,0,0,,0,0,0,,20139,1653,839,4456,https://www.twitch.tv/videos/2744510572
18d1c00e0bde4ddbb8be5eafe0967dfe,1340,75730,368,78,368,https://www.youtube.com/watch?v=_As23yNt3F4,0,0,0,,368,78,368,https://www.youtube.com/watch?v=_As23yNt3F4,0,0,0,0,
5903a0f7274043058d817894a9b39e75,1340,31220,7,5,14,https://www.youtube.com/watch?v=t7G1Ik24vi4,0,0,0,,7,5,14,https://www.youtube.com/watch?v=t7G1Ik24vi4,0,0,0,0,
4082168d753e42b7aca1d25e759d09a7,1330,47785,0,0,0,,0,0,0,,0,0,0,,652,0,0,0,
e36d8852a3ed4cb58eb4e863b93ccb4e,1330,362,0,0,0,,0,0,0,,0,0,0,,101,0,0,0,
e15cd068f6fd4a05be985c22133f5428,1330,91732,252,127,280,https://www.youtube.com/watch?v=-viRHpLcK6I,252,127,280,https://www.youtube.com/watch?v=-viRHpLcK6I,0,0,0,,0,0,0,0,
6ff6adcddc934a3b94e45448e1912539,1330,203363,0,0,0,,0,0,0,,0,0,0,,1879,0,0,0,
8968a24fb6bf4f08b1611e694c98eb40,1320,88485,55,25,1371,https://www.youtube.com/watch?v=qULNc-ajCKA,49,24,202,https://www.youtube.com/watch?v=6h4AAFR5cyI,1371,1042,1371,https://www.youtube.com/watch?v=qULNc-ajCKA,0,0,0,0,
e2df9d4aea8b4cb4b8e38c31cbf73036,1320,50085,0,0,0,,0,0,0,,0,0,0,,0,0,0,0,
eec1f137ea78444185a4268f72f59611,1320,48533,0,0,0,,0,0,0,,0,0,0,,0,0,0,0,
9de536d111214c379ec6969a52d92442,1320,73891,46,9,78,https://www.youtube.com/watch?v=YtcIMI9rBEw,46,9,78,https://www.youtube.com/watch?v=YtcIMI9rBEw,0,0,0,,0,0,0,0,
4267c862353e410388f1eaa5a5d85017,1320,35685,65,48,142,https://www.youtube.com/watch?v=bSS917MzzUo,65,48,142,https://www.youtube.com/watch?v=bSS917MzzUo,0,0,0,,0,0,0,0,
e9a30300d33f4c2e9b1c3bd1d64148cc,1310,28263,0,0,0,,0,0,0,,0,0,0,,0,0,0,0,
1e06211caf4f4afa98125699a4c66b5d,1310,0,0,0,0,,0,0,0,,0,0,0,,0,0,0,0,
521efecabae94dd6b1d21bc5e8543fcb,1310,68157,104,14,107,https://www.youtube.com/watch?v=8DV2rJOY_ok,107,28,107,https://www.youtube.com/watch?v=8DV2rJOY_ok,102,1,102,https://www.youtube.com/watch?v=-Pwl1CTAcsE,375,0,0,0,
773a7694afcf4666960b05a4faf1a1fa,1310,72225,113,57,4326,https://www.youtube.com/watch?v=ODakx4TxHC8,107,55,119,https://www.youtube.com/watch?v=k9dW8W7p2MY,4326,144,4326,https://www.youtube.com/watch?v=ODakx4TxHC8,0,0,0,0,
87606e72f653472f9eafb06e8f49c39c,1310,154097,0,0,0,,0,0,0,,0,0,0,,0,0,0,0,
515f61904a1a45688ea0d7bc1e7d499e,1300,305441,406,241,492,https://www.youtube.com/watch?v=R3-E3sGMBVw,0,0,0,,406,241,492,https://www.youtube.com/watch?v=R3-E3sGMBVw,6,0,0,0,
cd9733cb91b6400aae0bc23e3f25d7eb,1300,36227,0,0,0,,0,0,0,,0,0,0,,0,0,0,0,
506d9c6fdbd34c8aa5fda64d90d96ac2,1300,97324,55,29,195,https://www.youtube.com/watch?v=dyeO05coGPo,55,29,195,https://www.youtube.com/watch?v=dyeO05coGPo,0,0,0,,0,0,0,0,
22a83c82e1914eb68b12e76b4ccb277c,1300,45192,64,36,1421,https://www.youtube.com/watch?v=ozKdFcYL6Bo,63,24,94,https://www.youtube.com/watch?v=9RN7PkFbVBk,1207,1065,1421,https://www.youtube.com/watch?v=ozKdFcYL6Bo,0,0,0,0,
f4eae5dde65b41969336f3f52c6df2d8,1300,108893,113,44,1468,https://www.youtube.com/watch?v=1S0hWLUfw5A,100,38,429,https://www.youtube.com/watch?v=ZED731RIhRA,1125,713,1468,https://www.youtube.com/watch?v=1S0hWLUfw5A,187,0,0,0,
ffe6a7983e434702a68fe18c169e3164,1290,52430,74,31,175,https://www.youtube.com/watch?v=X5C5bCrNNHY,74,32,175,https://www.youtube.com/watch?v=X5C5bCrNNHY,17,12,17,https://www.youtube.com/watch?v=4hoMvhkZE0w,399,21,16,21,https://www.twitch.tv/videos/2746262989
b572cb7de27446e3bcda5135f6a23d8a,1290,37067,80,43,1224,https://www.youtube.com/watch?v=pvQj7SUom5U,68,35,95,https://www.youtube.com/watch?v=ZxrHx_EJKfc,552,105,1224,https://www.youtube.com/watch?v=pvQj7SUom5U,0,0,0,0,
849624dcb99b4abf814b0b748669b6ff,1290,5913,229,60,430,https://www.youtube.com/watch?v=RqN377Nhc74,229,60,430,https://www.youtube.com/watch?v=RqN377Nhc74,0,0,0,,0,0,0,0,
f479e1403f614727a5f2a2be339bad74,1290,21259,0,0,0,,0,0,0,,0,0,0,,3579,675,254,675,https://www.twitch.tv/videos/2736279456
2efe1ad069184a7e94b0583b452ffac4,1280,122256,0,0,0,,0,0,0,,0,0,0,,0,0,0,0,
a5e5533ac342488a94003dc77869ddf9,1280,64545,54,20,87,https://www.youtube.com/watch?v=fKOPaFnmBBc,55,24,87,https://www.youtube.com/watch?v=fKOPaFnmBBc,29,14,29,https://www.youtube.com/watch?v=Ew81gC0GZac,0,0,0,0,
355d53b23acb4f4697b858ca06b25fb7,1280,400262,37,13,59,https://www.youtube.com/watch?v=XhVbH-ivyHo,37,13,59,https://www.youtube.com/watch?v=XhVbH-ivyHo,0,0,0,,0,0,0,0,
30a4362c1143491ea0ed5383c4882251,1280,69481,231,154,292,https://www.youtube.com/watch?v=1vZuD25NwT4,231,154,292,https://www.youtube.com/watch?v=1vZuD25NwT4,0,0,0,,0,0,0,0,
6ab090baa4624f1c8fca28312799e826,1280,42881,0,0,0,,0,0,0,,0,0,0,,770,78,56,93,https://www.twitch.tv/videos/2750250842
74f214b764314c5aa446eb9981c94935,1270,41942,0,0,0,,0,0,0,,0,0,0,,0,0,0,0,
e5433e4a21eb49e2bcd508e3b12fba6d,1270,10578,0,0,0,,0,0,0,,0,0,0,,187,14,12,22,https://www.twitch.tv/videos/2748630674
9cd7391045604ccda8be89f7946233e2,1270,1779,0,0,0,,0,0,0,,0,0,0,,80,52,34,86,https://www.twitch.tv/videos/2746209969
bb28421da8a749ffb1ca8582b6278c24,1270,50292,58,28,164,https://www.youtube.com/watch?v=1tk4-n4880M,0,0,0,,58,28,164,https://www.youtube.com/watch?v=1tk4-n4880M,666,226,183,350,https://www.twitch.tv/videos/2749429416
8fbd23f4e2ad442bb230aea8f433cd49,1260,117732,50,29,3177,https://www.youtube.com/watch?v=oAejAbxRF2I,38,26,85,https://www.youtube.com/watch?v=vGIFbS1RzXI,1119,612,3177,https://www.youtube.com/watch?v=oAejAbxRF2I,96,5,4,16,https://www.twitch.tv/videos/2747844579
0c3b5ae85d2940b8b73a92d72dc0d313,1260,76006,64,31,1399,https://www.youtube.com/watch?v=Z7RyQrGL3Xc,74,37,108,https://www.youtube.com/watch?v=0BM7nt6xpM0,20,13,1399,https://www.youtube.com/watch?v=Z7RyQrGL3Xc,472,0,0,0,
e6794eac6ea541c5a9e5570a041ac3b9,1260,41544,0,0,0,,0,0,0,,0,0,0,,1219,0,0,0,
403697f0f5ba49ef873673236c07e2d3,1260,74232,62,26,2274,https://www.youtube.com/watch?v=9z8InzyLfEQ,59,24,135,https://www.youtube.com/watch?v=P4qvVOaQmiY,2274,1006,2274,https://www.youtube.com/watch?v=9z8InzyLfEQ,123,27,25,67,https://www.twitch.tv/videos/2741454241
de49994d9fd14067bf9ea5b4fbac7229,1260,32668,110,16,399,https://www.youtube.com/watch?v=0qNkkAwfcQw,110,16,399,https://www.youtube.com/watch?v=0qNkkAwfcQw,0,0,0,,419,0,0,0,
787da9082edb4e9e9024a52cb12449e8,1260,31320,171,107,460,https://www.youtube.com/watch?v=SPkuyoNxA1Q,171,107,460,https://www.youtube.com/watch?v=SPkuyoNxA1Q,0,0,0,,0,0,0,0,
afe78c5051094e86bf9fdfe6cb2a4222,1250,58193,59,14,59,https://www.youtube.com/watch?v=zVafrBNfLq0,59,14,59,https://www.youtube.com/watch?v=zVafrBNfLq0,0,0,0,,0,0,0,0,
5d73e7f013034d06b58decaf4b2b385c,1250,27867,0,0,0,,0,0,0,,0,0,0,,0,0,0,0,
948d1078ceaf4b39b3bef86fdab85482,1240,13459,106,19,106,https://www.youtube.com/watch?v=lEVsXT4gx_o,106,19,106,https://www.youtube.com/watch?v=lEVsXT4gx_o,0,0,0,,0,0,0,0,
7f7e1579979c49249dc65783d457e890,1240,33328,46,17,47,https://www.youtube.com/watch?v=JydX3lKt49g,46,17,47,https://www.youtube.com/watch?v=JydX3lKt49g,0,0,0,,439,0,0,0,
648d77b2067849838a8ad3fdc0afb85a,1230,5664,0,0,0,,0,0,0,,0,0,0,,1388,271,218,506,https://www.twitch.tv/videos/2740361840
d4b4a16e0ccc4bb49ff82c8584e6ed79,1230,42658,0,0,0,,0,0,0,,0,0,0,,0,0,0,0,
6df15d678de844d1a7f08226c02d6183,1230,8531,0,0,0,,0,0,0,,0,0,0,,0,0,0,0,
c2012638512742e2801d0ced54f61711,1220,60183,0,0,0,,0,0,0,,0,0,0,,0,0,0,0,
be56f6cf87ab4da7b132b9d62c74bc2e,1220,37536,0,0,0,,0,0,0,,0,0,0,,0,0,0,0,
e290f49c193149708cd72747639d5ced,1220,69539,148,33,530,https://www.youtube.com/watch?v=PSPL-eUmZkM,148,33,530,https://www.youtube.com/watch?v=PSPL-eUmZkM,0,0,0,,0,0,0,0,
3daee44c0bab401386813cff327a10a2,1220,123737,206,72,2860,https://www.youtube.com/watch?v=72GvOPbYNwg,185,53,579,https://www.youtube.com/watch?v=5yLCrKyV2NA,1200,624,2860,https://www.youtube.com/watch?v=72GvOPbYNwg,0,0,0,0,
9b424d3a99ef4fc3b17bc7fef92fefd3,1220,77062,36,13,10051,https://www.youtube.com/watch?v=NRiV6TxWgqk,32,13,53,https://www.youtube.com/watch?v=mPd8TgwUGVc,2233,495,10051,https://www.youtube.com/watch?v=NRiV6TxWgqk,380,0,0,0,
2f966e51210f49ba9dce2ac90e3ada18,1220,21584,0,0,0,,0,0,0,,0,0,0,,865,0,0,0,
0b8d1c0fa1b14df6821e85def645425e,1220,97796,90,39,120,https://www.youtube.com/watch?v=ANmh8zExdqQ,90,39,120,https://www.youtube.com/watch?v=ANmh8zExdqQ,0,0,0,,165,0,0,0,
b80c21b76e7849f0a0fa94194fe2ad4b,1210,19890,0,0,0,,0,0,0,,0,0,0,,1135,0,0,0,
af34d62a8f4e4ca180c11f11c2832893,1210,39603,0,0,0,,0,0,0,,0,0,0,,0,0,0,0,
d4bea738b4d548b788ddb590b62cc2bd,1210,130074,281,194,1713,https://www.youtube.com/watch?v=741WLUCrPCk,71,36,904,https://www.youtube.com/watch?v=2S06S3OHE3Y,1525,410,1713,https://www.youtube.com/watch?v=741WLUCrPCk,0,0,0,0,
a4d4a2a3d7b648be9aa4d652ae592a4b,1210,98531,1540,753,3948,https://www.youtube.com/watch?v=UAVd7Mw9Yq4,3948,1091,3948,https://www.youtube.com/watch?v=UAVd7Mw9Yq4,1521,702,1796,https://www.youtube.com/watch?v=DIlrPLw47VQ,114,0,0,0,
0f74555e05794780adc4eb0b9096f727,1210,14928,57,39,1562,https://www.youtube.com/watch?v=iHJLXgSJEgo,56,38,169,https://www.youtube.com/watch?v=_IYcRPPhghQ,1562,369,1562,https://www.youtube.com/watch?v=iHJLXgSJEgo,110,0,0,0,
9133438057714eb196366f5ecbed6a4a,1210,367539,1118,391,5892,https://www.youtube.com/watch?v=cRcF0HfW9fY,0,0,0,,1118,391,5892,https://www.youtube.com/watch?v=cRcF0HfW9fY,0,0,0,0,
3430389926a942cbacde9b444b3a6653,1210,50818,0,0,0,,0,0,0,,0,0,0,,1035,0,0,0,
d3e4f9bdbb6c42fc97b60148cefdb6e0,1210,32348,0,0,0,,0,0,0,,0,0,0,,5456,2688,1099,5040,https://www.twitch.tv/videos/2750309150
ccf93d7646f249dfa3454f5a60f466c8,1200,42268,0,0,0,,0,0,0,,0,0,0,,117,0,0,0,
a8b244b0fb1f42f8b4bb3d3c2277de3b,1200,115716,0,0,0,,0,0,0,,0,0,0,,4048,546,217,1544,https://www.twitch.tv/videos/2747677440
03c9d83a4c534b65a5743b381eb2ce33,1200,35898,59,12,87,https://www.youtube.com/watch?v=fABQnwREWf4,59,12,87,https://www.youtube.com/watch?v=fABQnwREWf4,0,0,0,,691,0,0,0,
8a68997a04594f3495ff2cb00a7da6d8,1200,79870,698,218,698,https://www.youtube.com/watch?v=jYq-l9d6SWg,0,0,0,,698,218,698,https://www.youtube.com/watch?v=jYq-l9d6SWg,1921,728,494,1428,https://www.twitch.tv/videos/2751008041
82d5f7612b7645f3a77dd954a0e30b24,1200,33845,0,0,0,,0,0,0,,0,0,0,,0,0,0,0,
21c774c9133043baaf8d283705cd9093,1190,31353,219,121,1013,https://www.youtube.com/watch?v=5V1OvcMnfuM,211,99,533,https://www.youtube.com/watch?v=Fl343r58Evw,678,425,1013,https://www.youtube.com/watch?v=5V1OvcMnfuM,0,0,0,0,
0446516df6074a4ba8a0f3639b17de46,1190,56381,1044,615,1180,https://www.youtube.com/watch?v=0qDkc7Q9jS0,0,0,0,,1044,615,1180,https://www.youtube.com/watch?v=0qDkc7Q9jS0,0,0,0,0,
9cdf183fa1ee43c2906cca70884a6278,1190,24459,0,0,0,,0,0,0,,0,0,0,,0,0,0,0,
c587658ad4fe44b09137591c094ab297,1190,113264,155,85,1632,https://www.youtube.com/watch?v=M15nEb-aU3g,152,83,569,https://www.youtube.com/watch?v=kwpoWaRGZik,1051,249,1632,https://www.youtube.com/watch?v=M15nEb-aU3g,32,0,0,0,
a974047cb6bb412da7fca2ec9d91d882,1190,59888,84,49,3914,https://www.youtube.com/watch?v=aae1cPnMm1o,78,31,138,https://www.youtube.com/watch?v=6xi8ruJZIE8,3914,2683,3914,https://www.youtube.com/watch?v=aae1cPnMm1o,209,223,172,542,https://www.twitch.tv/videos/2740995595
d23dbc9d1db64c42821697d1bac8fb66,1180,98957,368,96,2965,https://www.youtube.com/watch?v=q4w5zP7RxWc,130,48,217,https://www.youtube.com/watch?v=WSyz3QFZOD4,1178,576,2965,https://www.youtube.com/watch?v=q4w5zP7RxWc,0,0,0,0,
3b9a06751f3c415993d424480d4d5060,1180,138828,65,29,76,https://www.youtube.com/watch?v=-y1NOF5zSf8,65,29,76,https://www.youtube.com/watch?v=-y1NOF5zSf8,0,0,0,,0,0,0,0,
7b46621c7baf437da117a6c10c856292,1180,20434,77,56,115,https://www.youtube.com/watch?v=yLMcjHKYAHE,77,56,115,https://www.youtube.com/watch?v=yLMcjHKYAHE,0,0,0,,0,0,0,0,
6e845fd52d044ab598cc4ca35ba91f88,1180,7758,0,0,0,,0,0,0,,0,0,0,,0,0,0,0,
921b0b3a8dd64a5494720801af95ba06,1180,79687,49,23,1313,https://www.youtube.com/watch?v=wtAbsTOgwYI,39,22,279,https://www.youtube.com/watch?v=q-04epJO_dE,752,201,1313,https://www.youtube.com/watch?v=wtAbsTOgwYI,0,0,0,0,
f2ca2659644f4d02abc851e7bee3255b,1180,16339,0,0,0,,0,0,0,,0,0,0,,2098,662,395,835,https://www.twitch.tv/videos/2750755757
4071b27c63424e1f9882ebe04a884586,1170,55221,222,169,377,https://www.youtube.com/watch?v=APrt32CAoro,0,0,0,,222,169,377,https://www.youtube.com/watch?v=APrt32CAoro,5779,1322,614,1322,https://www.twitch.tv/videos/2738508135
fe555b322c784b5b9c2297c585bc9352,1170,37311,0,0,0,,0,0,0,,0,0,0,,0,0,0,0,
74c75f221fbb4cffa67de26881bae17d,1170,81124,2247,36,2247,https://www.youtube.com/watch?v=rM2nQDKSBKc,0,0,0,,2247,36,2247,https://www.youtube.com/watch?v=rM2nQDKSBKc,0,0,0,0,
870430bfaf9942f487819fcb4630fabb,1170,596,305,113,323,https://www.youtube.com/watch?v=pRlLedUJBjY,305,113,323,https://www.youtube.com/watch?v=pRlLedUJBjY,0,0,0,,1226,346,287,1137,https://www.twitch.tv/videos/2746482821
aa72818fdcaf460b9b3f90e92d702e57,1170,20687,667,73,667,https://www.youtube.com/watch?v=F6VQ3PF655U,0,0,0,,667,73,667,https://www.youtube.com/watch?v=F6VQ3PF655U,6876,3960,2084,9025,https://www.twitch.tv/videos/2747873193
ac5176c53ad7447b8d63f82f65ba7200,1170,56362,0,0,0,,0,0,0,,0,0,0,,2558,0,0,0,
90405cb21f7743639684632f6bc57a46,1160,6637,0,0,0,,0,0,0,,0,0,0,,0,0,0,0,
20bfe5495db6453eaadbc55322c856f9,1160,38583,0,0,0,,0,0,0,,0,0,0,,0,0,0,0,
507d48eff3d44b6cba7b707e321e01e7,1160,62247,0,0,0,,0,0,0,,0,0,0,,630,0,0,0,
7a9b7ab0d5bd411195d77800ff778a90,1160,118965,277,206,1713,https://www.youtube.com/watch?v=DFgccezPnto,0,0,0,,277,206,1713,https://www.youtube.com/watch?v=DFgccezPnto,66,0,0,0,
99e9616a2f73426d8c0a672dd20d9ad3,1160,219330,57,31,57,https://www.youtube.com/watch?v=t16wRq1J6gk,57,31,57,https://www.youtube.com/watch?v=t16wRq1J6gk,0,0,0,,62,0,0,0,
7e1072448d24495f8cac5163c0290989,1150,37867,51,29,56,https://www.youtube.com/watch?v=xEvSRFuwg2g,51,29,56,https://www.youtube.com/watch?v=xEvSRFuwg2g,0,0,0,,199,0,0,0,
f227226fd52e4fbe801b4c89acfe4887,1150,33485,62,23,105,https://www.youtube.com/watch?v=omF_DYJBkrA,62,23,105,https://www.youtube.com/watch?v=omF_DYJBkrA,0,0,0,,618,0,0,0,
d4c077fa180a460cabadc4e2838d1855,1150,58793,0,0,0,,0,0,0,,0,0,0,,0,0,0,0,
01871d8239314affaf7032899ce6502f,1150,295037,0,0,0,,0,0,0,,0,0,0,,0,0,0,0,
956591dc2e40411688b8f8e3079bc5e3,1140,118990,152,36,496,https://www.youtube.com/watch?v=lpZDhKD7qlI,152,36,496,https://www.youtube.com/watch?v=lpZDhKD7qlI,0,0,0,,0,0,0,0,
1f378a6e115046ffa1a17f9079285d4a,1140,34156,76,38,106,https://www.youtube.com/watch?v=3Fqver50pWQ,76,38,106,https://www.youtube.com/watch?v=3Fqver50pWQ,0,0,0,,88,0,0,0,
07c204505d544b28bb52426d0665a59c,1140,53407,164,64,2169,https://www.youtube.com/watch?v=NHLKU01Xu9s,150,63,335,https://www.youtube.com/watch?v=ebtJ1xTputo,179,65,2169,https://www.youtube.com/watch?v=NHLKU01Xu9s,0,0,0,0,
aab094af87d74f3cbcb332bdac03fa23,1140,23646,0,0,0,,0,0,0,,0,0,0,,0,0,0,0,
3d33f15ad27c406abfd68d6c16e0b53d,1140,68198,0,0,0,,0,0,0,,0,0,0,,0,0,0,0,
c964cb46cc9d411aaca372f9e459d2dc,1140,53613,0,0,0,,0,0,0,,0,0,0,,237,0,0,0,
4bdf9ee9f53f4785b37a9d9dbd2a0da8,1140,64843,13,8,61,https://www.youtube.com/watch?v=AuKPcZjOJ-s,0,0,0,,13,8,61,https://www.youtube.com/watch?v=AuKPcZjOJ-s,0,0,0,0,
492582e14bd0480eb5c847e6240f020b,1140,74738,59,15,1800,https://www.youtube.com/watch?v=oAe9KHaq69g,54,11,211,https://www.youtube.com/watch?v=NzUt2aPjCYk,1799,19,1800,https://www.youtube.com/watch?v=oAe9KHaq69g,0,0,0,0,
4e7110080135486ba1d83d3e5cdbf0ca,1140,14891,0,0,0,,0,0,0,,0,0,0,,429,0,0,0,
0b0668c6206c4500bdcbc281ee58680c,1130,39266,56,10,69,https://www.youtube.com/watch?v=OmiCLU4M0Dc,56,10,69,https://www.youtube.com/watch?v=OmiCLU4M0Dc,0,0,0,,2915,246,181,319,https://www.twitch.tv/videos/2746361490
fff74fa431cd4468b177675010504ee1,1130,16891,221,134,221,https://www.youtube.com/watch?v=aNXud_i2WRQ,0,0,0,,221,134,221,https://www.youtube.com/watch?v=aNXud_i2WRQ,372,48,35,90,https://www.twitch.tv/videos/2741327738
d7e9a44c2bbe439b9f062d64dc1b96f3,1130,66542,61,45,151,https://www.youtube.com/watch?v=ZZDxL-qUGO0,61,45,151,https://www.youtube.com/watch?v=ZZDxL-qUGO0,0,0,0,,121,0,0,0,
853afd5eb42e4f61bb0f9478aa8c1661,1130,0,0,0,0,,0,0,0,,0,0,0,,0,0,0,0,
f97745a8003c480fa728cf34d61afc6c,1130,65378,801,580,1619,https://www.youtube.com/watch?v=BMtf6z4C6wg,0,0,0,,801,580,1619,https://www.youtube.com/watch?v=BMtf6z4C6wg,0,0,0,0,
a5c12a1268af408c9a3ed6adbb72c53c,1130,69699,70,33,70,https://www.youtube.com/watch?v=R3k_q9EIchU,0,0,0,,70,33,70,https://www.youtube.com/watch?v=R3k_q9EIchU,0,0,0,0,
4c4ebb91c8a346b2876d1ccd1a32dead,1130,57158,77,30,230,https://www.youtube.com/watch?v=9eB5VT-sKEo,76,27,230,https://www.youtube.com/watch?v=9eB5VT-sKEo,121,50,121,https://www.youtube.com/watch?v=A0fbScqun6A,432,22,19,22,https://www.twitch.tv/videos/2748648283
5f9ded46df28474bbd1470d761700f30,1130,653511,0,0,0,,0,0,0,,0,0,0,,834,0,0,0,
5226367de740445789ec9b65a84d65c5,1130,177588,45,29,1431,https://www.youtube.com/watch?v=WftPnV26kRw,44,17,45,https://www.youtube.com/watch?v=UILnNQepCj8,888,163,1431,https://www.youtube.com/watch?v=WftPnV26kRw,280,7,4,9,https://www.twitch.tv/videos/2744754505
99f95450781349058c1c4098d6fe9f41,1120,72860,0,0,0,,0,0,0,,0,0,0,,0,0,0,0,
15bc73fc2acf4a7695bab31fdea450f0,1120,39380,178,40,290,https://www.youtube.com/watch?v=bINI6f89aEE,67,31,67,https://www.youtube.com/watch?v=NwafhF7P-1A,290,49,290,https://www.youtube.com/watch?v=bINI6f89aEE,0,0,0,0,
01fc7842da284adaad67d3774a4b2a6c,1120,17654,61,49,65,https://www.youtube.com/watch?v=fgVbpMQfGEM,61,49,65,https://www.youtube.com/watch?v=fgVbpMQfGEM,0,0,0,,0,0,0,0,
b0b9e352f71d4a03ace9972ddec4ec56,1120,41386,93,34,310,https://www.youtube.com/watch?v=OV9oyxTI0h4,81,27,93,https://www.youtube.com/watch?v=Nx_Kz3L21ss,310,34,310,https://www.youtube.com/watch?v=OV9oyxTI0h4,0,0,0,0,
49f14b84269f458099232c2a21b2ba74,1110,31843,0,0,0,,0,0,0,,0,0,0,,0,0,0,0,
5d02c4219e484617979165267cbd8d7f,1110,7412,0,0,0,,0,0,0,,0,0,0,,8,0,0,0,
c2b9638d8dd54888a91caa8a67366907,1110,20548,0,0,0,,0,0,0,,0,0,0,,2544,107,85,179,https://www.twitch.tv/videos/2748703535
381bb87f90794f2a909775a87c192dc5,1110,108806,0,0,0,,0,0,0,,0,0,0,,10442,333,188,38935,https://www.twitch.tv/videos/2739743365
46a8009adbca4aa083af580b50b69306,1110,24410,10,8,10,https://www.youtube.com/watch?v=SwT6CY_pOQg,10,8,10,https://www.youtube.com/watch?v=SwT6CY_pOQg,0,0,0,,496,9,7,9,https://www.twitch.tv/videos/2747050026
62080edda26345efbf8bc2bab0ab4136,1110,31101,0,0,0,,0,0,0,,0,0,0,,0,0,0,0,
971c91b32e9b4e1abfdafe711cb9e440,1100,49337,0,0,0,,0,0,0,,0,0,0,,0,0,0,0,
3410ce8f1b78487f8025485a6c09b1b8,1100,33998,0,0,0,,0,0,0,,0,0,0,,0,0,0,0,
ec9a791b8152478b95858b199b866ef9,1100,44596,0,0,0,,0,0,0,,0,0,0,,380,0,0,0,
b4b4fcedc8264cb5b90584935aebf110,1100,41847,173,70,276,https://www.youtube.com/watch?v=KxogCzoog40,173,70,276,https://www.youtube.com/watch?v=KxogCzoog40,0,0,0,,263,0,0,0,
e212d468e3e64ad5b8f22f61bc4e06f7,1100,34142,0,0,0,,0,0,0,,0,0,0,,0,0,0,0,
6abc6d7010ed4b7a88b2566b171c9005,1100,30560,95,40,422,https://www.youtube.com/watch?v=xtwvqpKypVs,95,40,422,https://www.youtube.com/watch?v=xtwvqpKypVs,0,0,0,,0,0,0,0,
9bf758b113b048bc9331f244b619e4b2,1100,78175,159,91,1914,https://www.youtube.com/watch?v=hq1SQnx54K0,39,17,63,https://www.youtube.com/watch?v=DBVi55Aj6co,505,322,1914,https://www.youtube.com/watch?v=hq1SQnx54K0,271,0,0,0,
43acb25e255340d09b50283f0308d1ff,1100,517752,25,15,25,https://www.youtube.com/watch?v=iqz8IgWwUrM,25,15,25,https://www.youtube.com/watch?v=iqz8IgWwUrM,0,0,0,,0,0,0,0,
902740b39aed4b3cb381701c96a73f3a,1090,51807,82,29,379,https://www.youtube.com/watch?v=J1tYAxCRuks,83,32,379,https://www.youtube.com/watch?v=J1tYAxCRuks,27,12,27,https://www.youtube.com/watch?v=1F-hOT1UHxY,199,34,23,110,https://www.twitch.tv/videos/2744626995
4b9b64309ea0491bbde3b86b6c34bdd0,1090,70171,144,68,162,https://www.youtube.com/watch?v=FVSIYLS5ktE,144,68,162,https://www.youtube.com/watch?v=FVSIYLS5ktE,0,0,0,,0,0,0,0,
fb7ced3cc6c247928ce1bb3b2715d98c,1090,332260,0,0,0,,0,0,0,,0,0,0,,0,0,0,0,
8d67810b612540a0ad928179c1f9a4ee,1090,18578,15,2,15,https://www.youtube.com/watch?v=c-DIRufIqHk,0,0,0,,15,2,15,https://www.youtube.com/watch?v=c-DIRufIqHk,470,299,181,364,https://www.twitch.tv/videos/2740427628
7aca9b05fe654223a3702531383002a8,1090,7254,0,0,0,,0,0,0,,0,0,0,,2841,331,288,1029,https://www.twitch.tv/videos/2741731892
70af0f70b6284690a524eb87aaa1d296,1090,71762,0,0,0,,0,0,0,,0,0,0,,4789,5625,1973,9137,https://www.twitch.tv/videos/2737944917
238b751368474f798a737e7cf1f4a87b,1090,45619,33,14,213,https://www.youtube.com/watch?v=P6qnFMjwmrI,33,14,213,https://www.youtube.com/watch?v=P6qnFMjwmrI,0,0,0,,2088,140,96,255,https://www.twitch.tv/videos/2745357577
8489d002b1704612bd0dd23f9a14ed51,1090,55482,54,24,76,https://www.youtube.com/watch?v=q6ORnUxQDIo,54,24,76,https://www.youtube.com/watch?v=q6ORnUxQDIo,0,0,0,,175,0,0,0,
d475848a566848dc9f6ad02707d87e2a,1090,139253,79,40,193,https://www.youtube.com/watch?v=shkC9PetdkU,77,40,193,https://www.youtube.com/watch?v=shkC9PetdkU,87,37,92,https://www.youtube.com/watch?v=lTvtIXoqoVg,0,0,0,0,
a1ef171711404951a987f4c9bc5e64f0,1080,77654,140,40,1495,https://www.youtube.com/watch?v=dhScXYUZ1xE,96,15,165,https://www.youtube.com/watch?v=UOMyKORRMXQ,1205,444,1495,https://www.youtube.com/watch?v=dhScXYUZ1xE,0,0,0,0,
5f413dce55614542940c58900ef1c82c,1080,25628,0,0,0,,0,0,0,,0,0,0,,812,47,24,47,https://www.twitch.tv/videos/2739791916
26eba1f0fabf425aa5769e01e855ea28,1080,100133,68,27,68,https://www.youtube.com/watch?v=SsD-6NdBOSw,68,27,68,https://www.youtube.com/watch?v=SsD-6NdBOSw,0,0,0,,0,0,0,0,
db86eecb7c7047a984098e23de131e29,1080,127081,117,41,266,https://www.youtube.com/watch?v=et7qy56oL_0,117,41,266,https://www.youtube.com/watch?v=et7qy56oL_0,0,0,0,,162,40,36,112,https://www.twitch.tv/videos/2740554830
46388caf23e34f09b145fff0fa25b897,1080,33064,0,0,0,,0,0,0,,0,0,0,,883,91,74,91,https://www.twitch.tv/videos/2747047891
0d7502e74c394a7f82a07c31fee877ff,1080,34516,0,0,0,,0,0,0,,0,0,0,,0,0,0,0,
0a9ce04e6eee4c6d8dde6eb5a0f56c20,1080,18554,0,0,0,,0,0,0,,0,0,0,,0,0,0,0,
66d986eaa59347b0b18c5ed103cb173e,1080,54211,89,29,224,https://www.youtube.com/watch?v=dhrqDgiIVwc,89,29,224,https://www.youtube.com/watch?v=dhrqDgiIVwc,0,0,0,,0,0,0,0,
aa1bb853e814428eb663082b28309309,1080,32402,100,51,741,https://www.youtube.com/watch?v=2TeB8YYjWfE,94,48,259,https://www.youtube.com/watch?v=jAkPGLsD_08,563,310,741,https://www.youtube.com/watch?v=2TeB8YYjWfE,0,0,0,0,
ffaf6da580a44e11bba9715e3c854958,1080,60269,53,28,94,https://www.youtube.com/watch?v=d0G5ewW3cGw,53,28,94,https://www.youtube.com/watch?v=d0G5ewW3cGw,0,0,0,,196,0,0,0,
5396c3113555413f8b8d722d44b413d3,1070,4369,78,26,78,https://www.youtube.com/watch?v=51a0g-cobcI,78,26,78,https://www.youtube.com/watch?v=51a0g-cobcI,0,0,0,,0,0,0,0,
869d9d9067b64dd78418cc258cb6607b,1070,67936,116,41,614,https://www.youtube.com/watch?v=UBItF7MeFEA,126,46,614,https://www.youtube.com/watch?v=UBItF7MeFEA,65,27,65,https://www.youtube.com/watch?v=FCiQ7YxC86w,859,210,157,774,https://www.twitch.tv/videos/2741227126
3a963b6901c7467da3d9c8bd74df9da6,1070,49983,230,29,384,https://www.youtube.com/watch?v=UcLc7kwfWso,76,39,76,https://www.youtube.com/watch?v=weQJE_w6vqY,384,19,384,https://www.youtube.com/watch?v=UcLc7kwfWso,0,0,0,0,
278f93ad57b14f01a71f1e89598ee503,1070,10273,0,0,0,,0,0,0,,0,0,0,,0,0,0,0,
83ec4919298a4ad5984e3da31109a4c8,1070,29687,0,0,0,,0,0,0,,0,0,0,,10153,3782,1091,9213,https://www.twitch.tv/videos/2732005949
1eef7c0894a547a2bff186f6a735145a,1070,23780,68,41,77,https://www.youtube.com/watch?v=_Kd4CMhFqho,68,41,77,https://www.youtube.com/watch?v=_Kd4CMhFqho,0,0,0,,0,0,0,0,
b5d3dfb81219492cb11a34291aab8cc8,1070,31894,0,0,0,,0,0,0,,0,0,0,,0,0,0,0,
85aa19ec73ce4db08ba1bf3d0f1807ce,1070,51916,89,16,93,https://www.youtube.com/watch?v=gVT1cM-uN1k,89,16,93,https://www.youtube.com/watch?v=gVT1cM-uN1k,0,0,0,,0,0,0,0,
8d8b1382b7154504819e1db08ecbe8ee,1060,21331,0,0,0,,0,0,0,,0,0,0,,0,0,0,0,
a9396c8dd95e43b29c694b14afa07ac4,1060,25282,0,0,0,,0,0,0,,0,0,0,,3500,407,258,1136,https://www.twitch.tv/videos/2745453851
32a5b834b2bf4912bcd54ac00ae13285,1060,2949,0,0,0,,0,0,0,,0,0,0,,2411,750,571,2197,https://www.twitch.tv/videos/2741654506
45baafce0f294208a063a496814b7986,1060,46661,95,48,1099,https://www.youtube.com/watch?v=XhoQ-4_UliQ,88,35,95,https://www.youtube.com/watch?v=LCH2ziN6tmg,1099,87,1099,https://www.youtube.com/watch?v=XhoQ-4_UliQ,0,0,0,0,
e0535f2d38f04d26aca33772bccb33b8,1060,69686,146,1,146,https://www.youtube.com/watch?v=B78vTiTsjrw,0,0,0,,146,1,146,https://www.youtube.com/watch?v=B78vTiTsjrw,2421,432,175,707,https://www.twitch.tv/videos/2741319721
7754a4ea82814b7fbbecfcf459382001,1060,228796,0,0,0,,0,0,0,,0,0,0,,2421,143,102,228,https://www.twitch.tv/videos/2739694762
b9eb00549c554290a7dbc5cd05910239,1060,99907,77,34,77,https://www.youtube.com/watch?v=nusG57At6eA,77,34,77,https://www.youtube.com/watch?v=nusG57At6eA,0,0,0,,0,0,0,0,
fe70a0055df1453a82bea6582d3072fa,1060,45417,85,38,112,https://www.youtube.com/watch?v=0ljJPIQ4nCc,85,38,112,https://www.youtube.com/watch?v=0ljJPIQ4nCc,0,0,0,,0,0,0,0,
683db9d9b58f4dd883966c82581a7b60,1060,39961,30,15,54,https://www.youtube.com/watch?v=9A6RDHdkBsU,30,15,54,https://www.youtube.com/watch?v=9A6RDHdkBsU,0,0,0,,0,0,0,0,
fa83a68ebfff419983124d69373ede6f,1060,184878,753,341,1973,https://www.youtube.com/watch?v=LaXS1E7TlRw,145,140,145,https://www.youtube.com/watch?v=3vHDREcvztg,929,526,1973,https://www.youtube.com/watch?v=LaXS1E7TlRw,2003,270,220,623,https://www.twitch.tv/videos/2746961059
d6d4ed41815a4603a028d321d9d14a56,1050,8425,98,56,1441,https://www.youtube.com/watch?v=Wis5NHy2vd8,98,56,1441,https://www.youtube.com/watch?v=Wis5NHy2vd8,0,0,0,,10,0,0,0,
b4de9155a5f34284a41224c38e70c67e,1050,53709,0,0,0,,0,0,0,,0,0,0,,44,0,0,0,
c6af4f23c6ce4adab5301d79b0bd343a,1050,159916,66,28,176,https://www.youtube.com/watch?v=weOp_l7LP4g,66,28,176,https://www.youtube.com/watch?v=weOp_l7LP4g,0,0,0,,3546,679,348,12329,https://www.twitch.tv/videos/2742003875
f560e7811b454fe489044165c53dba83,1040,58639,35,16,106,https://www.youtube.com/watch?v=dTgI6PVP6Ns,35,16,106,https://www.youtube.com/watch?v=dTgI6PVP6Ns,0,0,0,,0,0,0,0,
5a1eb09579134895adfa9516611bd925,1040,32505,18,5,35,https://www.youtube.com/watch?v=PYmxALnL_10,18,5,35,https://www.youtube.com/watch?v=PYmxALnL_10,0,0,0,,692,122,93,128,https://www.twitch.tv/videos/2748553621
4d4410bdde7d4107809dc6e1e2ce0e0e,1040,51562,80,24,628,https://www.youtube.com/watch?v=_3nIvV_k-ag,73,19,163,https://www.youtube.com/watch?v=cWGNmSfNWVQ,628,319,628,https://www.youtube.com/watch?v=_3nIvV_k-ag,0,0,0,0,
4b214cdeac0649989f03f39e497816cf,1040,4486242,77,33,6484,https://www.youtube.com/watch?v=uo_f2_c_oRU,58,22,145,https://www.youtube.com/watch?v=Hy5DBnvTylY,1267,691,6484,https://www.youtube.com/watch?v=uo_f2_c_oRU,662,127,98,188,https://www.twitch.tv/videos/2751038356
647a4992105c4f18b92239156e0064fb,1030,26043,0,0,0,,0,0,0,,0,0,0,,144,0,0,0,
01a20c96c500469fab898ebd03b0c019,1030,76948,299,33,339,https://www.youtube.com/watch?v=gK4ChBoz9aw,299,33,339,https://www.youtube.com/watch?v=gK4ChBoz9aw,0,0,0,,0,0,0,0,
34e2da1086ea4670b7b3d1fec34d8403,1030,51730,521,506,521,https://www.youtube.com/watch?v=uZQLnxFla9I,0,0,0,,521,506,521,https://www.youtube.com/watch?v=uZQLnxFla9I,0,0,0,0,
3588ee10f67c4911b544e48223c57c7d,1030,22420,0,0,0,,0,0,0,,0,0,0,,0,0,0,0,
00a208caab334f6daf286ebb92cfd9da,1030,17940,0,0,0,,0,0,0,,0,0,0,,409,0,0,0,
483a76d7ad1d464aa290606959ddddec,1030,67306,97,53,200,https://www.youtube.com/watch?v=Rd4AFgvDHHs,115,54,200,https://www.youtube.com/watch?v=Rd4AFgvDHHs,49,21,49,https://www.youtube.com/watch?v=WcgUE1mMnaE,829,226,140,264,https://www.twitch.tv/videos/2742851379
d792696470b54bd4947a59b10759a636,1030,49086,77,48,148,https://www.youtube.com/watch?v=CA1SNVNlj_U,77,48,148,https://www.youtube.com/watch?v=CA1SNVNlj_U,0,0,0,,0,0,0,0,
800b7770ac1d4e4eb62318639ff71b7a,1020,69609,235,15,393,https://www.youtube.com/watch?v=pVYxjHgl42Q,0,0,0,,235,15,393,https://www.youtube.com/watch?v=pVYxjHgl42Q,0,0,0,0,
0d080db8809848e2ba918799b2f7885b,1020,53167,56,37,111,https://www.youtube.com/watch?v=7l2bIAMje7o,56,37,111,https://www.youtube.com/watch?v=7l2bIAMje7o,0,0,0,,0,0,0,0,
684aeef535fb4dd2a483746cdaab5065,1020,71232,0,0,0,,0,0,0,,0,0,0,,178,0,0,0,
b5b0001ea8594cd68567ef344ca0bb2e,1020,167635,56,50,87,https://www.youtube.com/watch?v=fE1TcfZ7k1I,56,50,87,https://www.youtube.com/watch?v=fE1TcfZ7k1I,0,0,0,,0,0,0,0,
7ca8ec94cb4640ccb27719cbfc8a8df0,1020,55980,96,33,110,https://www.youtube.com/watch?v=wOZ1u_Daykk,96,33,110,https://www.youtube.com/watch?v=wOZ1u_Daykk,0,0,0,,0,0,0,0,
bdd0c04996154ef0be37c1f65b3b8866,1020,36825,0,0,0,,0,0,0,,0,0,0,,0,0,0,0,
f4ff6f40be3a4294ac1fe3e475421377,1010,78963,130,42,1651,https://www.youtube.com/watch?v=R6iUr4mDoFA,117,41,168,https://www.youtube.com/watch?v=8hsQGlPwK58,1651,1275,1651,https://www.youtube.com/watch?v=R6iUr4mDoFA,47,0,0,0,
45d38ce14fb644c0890823d444a33276,1010,1981,0,0,0,,0,0,0,,0,0,0,,0,0,0,0,
c91c52df005e4a7c988704e474b54dbc,1010,100998,357,113,1791,https://www.youtube.com/watch?v=B4OSxmhJSas,165,66,245,https://www.youtube.com/watch?v=du7AG3NK8j4,1485,679,1791,https://www.youtube.com/watch?v=B4OSxmhJSas,0,0,0,0,
ca8d038d311e4cccb2deded15cee89cd,1010,51804,83,28,240,https://www.youtube.com/watch?v=hwM1RqO2XuQ,97,29,240,https://www.youtube.com/watch?v=hwM1RqO2XuQ,6,1,8,https://www.youtube.com/watch?v=xUrhfQ0a0fc,110,0,0,0,
4ba065758aa94ce18cfe227cc37b1afe,1010,34037,1054,523,1587,https://www.youtube.com/watch?v=l9jqglVsJOg,0,0,0,,1054,523,1587,https://www.youtube.com/watch?v=l9jqglVsJOg,3419,299,238,891,https://www.twitch.tv/videos/2743728006
302e5b74253e412faf131a3039933786,1010,75259,0,0,0,,0,0,0,,0,0,0,,0,0,0,0,
ee1be8631b3e4abdbcc12dbe96d5268f,1000,39814,0,0,0,,0,0,0,,0,0,0,,0,0,0,0,
c7344bac508b46f2a20c4bb6861f33ab,1000,13805,0,0,0,,0,0,0,,0,0,0,,0,0,0,0,
e46d27918a77488ca5b4144eb1b978df,1000,60859,0,0,0,,0,0,0,,0,0,0,,0,0,0,0,
7df81b926eec4a998d5ffcd67b59ff5e,1000,33175,379,37,385,https://www.youtube.com/watch?v=dQCYeC2Bmyk,379,37,385,https://www.youtube.com/watch?v=dQCYeC2Bmyk,0,0,0,,0,0,0,0,
78d441a2d6584d078a6ce202238d36b9,1000,26301,0,0,0,,0,0,0,,0,0,0,,0,0,0,0,
7a0eb6cbe5a94663888ef35a63ab3b5a,996,26690,0,0,0,,0,0,0,,0,0,0,,1395,243,184,511,https://www.twitch.tv/videos/2744393711
a45c0a929a504afa9afee5c56bc9b959,993,38966,160,73,2924,https://www.youtube.com/watch?v=mXn6i39vzxc,134,43,304,https://www.youtube.com/watch?v=Nk6HDIuolYg,2121,331,2924,https://www.youtube.com/watch?v=mXn6i39vzxc,0,0,0,0,
22a1949143784185ae001c31a717b5bc,993,82630,148,73,2017,https://www.youtube.com/watch?v=JVUxHXXkK5g,75,66,306,https://www.youtube.com/watch?v=kUFCz5GdBOI,166,91,2017,https://www.youtube.com/watch?v=JVUxHXXkK5g,0,0,0,0,
9b2edcfdc76748f59576b77524402804,993,60204,0,0,0,,0,0,0,,0,0,0,,0,0,0,0,
838f883ea01f431f97bfe9dbf3064422,991,37070,0,0,0,,0,0,0,,0,0,0,,106,0,0,0,
d23e5f9f3abf4b36b79c04f5265a8efc,988,55318,104,25,913,https://www.youtube.com/watch?v=hAkl1J34fU8,52,22,383,https://www.youtube.com/watch?v=FXrgWXjcjMs,548,198,913,https://www.youtube.com/watch?v=hAkl1J34fU8,157,0,0,0,
a0f657e0538e4269af88094fa1c3dacb,983,22336,496,141,518,https://www.youtube.com/watch?v=wT_xZqIOp4c,0,0,0,,496,141,518,https://www.youtube.com/watch?v=wT_xZqIOp4c,0,0,0,0,
1e59cd43a10a44edb1407fb8ba8529a8,981,48481,117,59,188,https://www.youtube.com/watch?v=uQ-fvZUKxzg,117,59,188,https://www.youtube.com/watch?v=uQ-fvZUKxzg,0,0,0,,0,0,0,0,
e63fe9e27be44403b222fb0319c027b6,980,30313,451,165,828,https://www.youtube.com/watch?v=zN9HcYpLUMU,100,81,100,https://www.youtube.com/watch?v=mlleM5dHuqI,802,250,828,https://www.youtube.com/watch?v=zN9HcYpLUMU,4250,765,419,24400,https://www.twitch.tv/videos/2744453556
e2049fd03bea4bf6bfee472e4674021c,979,149070,49,26,98,https://www.youtube.com/watch?v=zwjrWpeiY5Y,48,27,83,https://www.youtube.com/watch?v=RIn8PJLq6II,98,10,98,https://www.youtube.com/watch?v=zwjrWpeiY5Y,75,3,2,16,https://www.twitch.tv/videos/2751065943
95694a64c0fe4b5c987344f1edcec826,978,48119,14,8,67,https://www.youtube.com/watch?v=p1tFXyTzFRo,24,21,67,https://www.youtube.com/watch?v=p1tFXyTzFRo,6,2,13,https://www.youtube.com/watch?v=z1DQludCsfw,1555,125,107,256,https://www.twitch.tv/videos/2745244948
9948190bc88442f4a0757eed54fb24f0,975,28651,398,239,2060,https://www.youtube.com/watch?v=BKidm7HEvTQ,279,278,319,https://www.youtube.com/watch?v=ois6Or97yco,599,111,2060,https://www.youtube.com/watch?v=BKidm7HEvTQ,202,520,441,5934,https://www.twitch.tv/videos/2747701313
62b7ee328a7b42b0a1da0ab3bc22d1db,973,155501,30,10,1245,https://www.youtube.com/watch?v=uGKOoevSZiU,28,9,105,https://www.youtube.com/watch?v=QB1OgSUvEjE,830,387,1245,https://www.youtube.com/watch?v=uGKOoevSZiU,1173,84,57,204,https://www.twitch.tv/videos/2742153779
566e5b6f438a4cacb3e4036eb9ffe9b8,970,61858,41,19,477,https://www.youtube.com/watch?v=NFg-IoXfgNE,39,19,116,https://www.youtube.com/watch?v=e4H_73SanGQ,477,56,477,https://www.youtube.com/watch?v=NFg-IoXfgNE,0,0,0,0,
c060912477dd414ea79d74adddfb4661,965,61805,12,8,73,https://www.youtube.com/watch?v=o9F1_Xgj7U8,16,10,73,https://www.youtube.com/watch?v=o9F1_Xgj7U8,3,1,3,https://www.youtube.com/watch?v=_UaZoa03vsg,0,0,0,0,
302b50b5cf4844d58868013404b1ec3f,965,18579,66,30,152,https://www.youtube.com/watch?v=qd_mRIuN84M,66,30,152,https://www.youtube.com/watch?v=qd_mRIuN84M,0,0,0,,0,0,0,0,
5de329cf8bc5410fb40ef38d117be94d,964,45725,95,61,2387,https://www.youtube.com/watch?v=P9KC5bZF3ec,68,34,149,https://www.youtube.com/watch?v=OiMDpHIzOvQ,1351,1271,2387,https://www.youtube.com/watch?v=P9KC5bZF3ec,470,84,74,199,https://www.twitch.tv/videos/2751033400
6c3a22611ac24eb19cec3bd7c78a8705,964,242592,88,42,148,https://www.youtube.com/watch?v=FttxJPZFys4,88,42,148,https://www.youtube.com/watch?v=FttxJPZFys4,0,0,0,,0,0,0,0,
bf195265fa5944d894dc53baf7143645,963,36732,0,0,0,,0,0,0,,0,0,0,,0,0,0,0,
bb56715066e548c297232372a16ab083,962,104511,86,36,1272,https://www.youtube.com/watch?v=hUT0DEeiB8M,0,0,0,,86,36,1272,https://www.youtube.com/watch?v=hUT0DEeiB8M,1880,0,0,0,
b1ba066a7bc44c93a4ca264f2144f5bd,961,36895,40,23,108,https://www.youtube.com/watch?v=qGdJAeZ7qRk,42,24,108,https://www.youtube.com/watch?v=qGdJAeZ7qRk,28,9,28,https://www.youtube.com/watch?v=HZ9UMUnsx5c,1104,64,48,168,https://www.twitch.tv/videos/2744198758
7003e3e3a24244ffb5ebfbbdc20c97f8,960,26386,56,21,63,https://www.youtube.com/watch?v=nro9xmWXRiM,56,21,63,https://www.youtube.com/watch?v=nro9xmWXRiM,0,0,0,,0,0,0,0,
51a882d77c24494d92605b5b75424603,959,100096,196,82,668,https://www.youtube.com/watch?v=onw7TeJfezE,181,80,419,https://www.youtube.com/watch?v=RayuATigjIo,492,248,668,https://www.youtube.com/watch?v=onw7TeJfezE,54,82,58,82,https://www.twitch.tv/videos/2744509536
179eb3fd3fb34ffe93859dd945b1b3a6,958,4387,0,0,0,,0,0,0,,0,0,0,,0,0,0,0,
8460a099a32044a5aa602f780dec94f2,957,286650,304,255,2028,https://www.youtube.com/watch?v=VPhtNR9XzPg,0,0,0,,304,255,2028,https://www.youtube.com/watch?v=VPhtNR9XzPg,18,0,0,0,
a5647aba47dc4bb48eaa0cde6de7c6bd,954,41123,0,0,0,,0,0,0,,0,0,0,,0,0,0,0,
995bff308e7f4df3aa33305fc0ddde8e,952,39707,0,0,0,,0,0,0,,0,0,0,,0,0,0,0,
b5ff000d6dd74683b17965294f1c4bf7,951,31480,0,0,0,,0,0,0,,0,0,0,,771,0,0,0,
fb23227395a04a26abe441d1ac7978de,948,95317,46,21,173,https://www.youtube.com/watch?v=bPuVRR1fWHI,46,21,173,https://www.youtube.com/watch?v=bPuVRR1fWHI,0,0,0,,205,61,50,126,https://www.twitch.tv/videos/2742949308
ab2e7fbd11784f96aa9cf599786f8bf1,948,71981,790,217,1502,https://www.youtube.com/watch?v=m_QYrcXNZcs,177,71,226,https://www.youtube.com/watch?v=SshsUzvk_WA,1205,652,1502,https://www.youtube.com/watch?v=m_QYrcXNZcs,0,0,0,0,
8a5468bc4c7d44989e5ee4864a9b941a,945,86021,55,26,177,https://www.youtube.com/watch?v=DF5FXnmYybE,55,26,95,https://www.youtube.com/watch?v=qFKA4Z0TrkI,102,94,177,https://www.youtube.com/watch?v=DF5FXnmYybE,0,0,0,0,
06a61409f4334b0eb8a5f647b819c78b,941,70311,22,13,62,https://www.youtube.com/watch?v=WnFOuG31afo,25,17,35,https://www.youtube.com/watch?v=YXb5JE5I2yk,7,4,62,https://www.youtube.com/watch?v=WnFOuG31afo,0,0,0,0,
0a000a22ebd84abf860bcd5ef0a5ed60,940,39491,5,2,142,https://www.youtube.com/watch?v=HKRoj4Urgv8,0,0,0,,5,2,142,https://www.youtube.com/watch?v=HKRoj4Urgv8,2169,246,181,496,https://www.twitch.tv/videos/2746219628
ecbe9a46c7ec4f3d8fe217012c39d490,940,394427,0,0,0,,0,0,0,,0,0,0,,0,0,0,0,
a00240316f524d218d889d00a8b42721,938,89164,71,47,91,https://www.youtube.com/watch?v=CyEy9V8GRAA,71,47,91,https://www.youtube.com/watch?v=CyEy9V8GRAA,0,0,0,,0,0,0,0,
2a0de6059bd74c298a80f45a8052790e,937,161892,1232,480,2256,https://www.youtube.com/watch?v=gwDFst1uwDg,0,0,0,,1232,480,2256,https://www.youtube.com/watch?v=gwDFst1uwDg,1148,294,198,435,https://www.twitch.tv/videos/2750108111
5d29544fdded43d1937166548487394a,936,5495,0,0,0,,0,0,0,,0,0,0,,1846,137,74,197,https://www.twitch.tv/videos/2747955730
7ca610bac41843a28abba9e947aa9ded,936,51877,0,0,0,,0,0,0,,0,0,0,,3018,442,362,775,https://www.twitch.tv/videos/2739795267
1ee3a662da8a439887a931727cb07317,934,95295,0,0,0,,0,0,0,,0,0,0,,0,0,0,0,
19f507cc460a426cb02013fb203bd0a7,932,32156,335,171,1475,https://www.youtube.com/watch?v=vY_Z9vM2ocg,312,171,744,https://www.youtube.com/watch?v=r1ZkE7dNRBI,1301,372,1475,https://www.youtube.com/watch?v=vY_Z9vM2ocg,418,46,38,100,https://www.twitch.tv/videos/2740569681
0e9aeecbe8f04a62ab781cf2e520eba0,932,37331,0,0,0,,0,0,0,,0,0,0,,7179,780,372,14500,https://www.twitch.tv/videos/2747043796
54e70d7cc2fb4c6da0d833519331c770,930,127184,640,484,1243,https://www.youtube.com/watch?v=2kkoH5h6Frw,0,0,0,,640,484,1243,https://www.youtube.com/watch?v=2kkoH5h6Frw,2529,366,237,558,https://www.twitch.tv/videos/2747794500
7aeffe1ba0c443d5aa4721247b801593,929,123515,90,11,90,https://www.youtube.com/watch?v=LU3rqNnhnXo,90,11,90,https://www.youtube.com/watch?v=LU3rqNnhnXo,0,0,0,,0,0,0,0,
44332b31031149f5bd411f415cbb531e,928,26074,0,0,0,,0,0,0,,0,0,0,,221,0,0,0,
743ceb55869042b9bee1f48fe0be13fb,927,33395,0,0,0,,0,0,0,,0,0,0,,1503,0,0,0,
026bdd139df44cec930dd7fc76345184,926,41364,189,79,1080,https://www.youtube.com/watch?v=zYsyOn5PJME,186,72,332,https://www.youtube.com/watch?v=N9yiqxOIDa8,788,403,1080,https://www.youtube.com/watch?v=zYsyOn5PJME,0,0,0,0,
becdcbab308f4fa18540982596eebbd5,925,7528,0,0,0,,0,0,0,,0,0,0,,7342,850,618,2675,https://www.twitch.tv/videos/2748544356
7f43dbf571c44e04a7a471b9e7296a8a,923,38270,0,0,0,,0,0,0,,0,0,0,,0,0,0,0,
453cbd84364b42d8ac11cef8d3d63bd1,923,28245,38,10,38,https://www.youtube.com/watch?v=W3b9ptIyzUo,38,10,38,https://www.youtube.com/watch?v=W3b9ptIyzUo,0,0,0,,0,0,0,0,
37f190c8282b4d42ba9ee8c4b61d24a4,923,4790,0,0,0,,0,0,0,,0,0,0,,0,0,0,0,
b2e19555d1f441a8a0e3f53b6507863e,918,50272,34,19,45,https://www.youtube.com/watch?v=tZj2z9dT2Z8,34,19,45,https://www.youtube.com/watch?v=tZj2z9dT2Z8,0,0,0,,113,0,0,0,
08268c9de16e423381e351aeef8f7ffb,917,28335,110,47,179,https://www.youtube.com/watch?v=GQ7FvG4ZvjQ,110,47,179,https://www.youtube.com/watch?v=GQ7FvG4ZvjQ,0,0,0,,0,0,0,0,
4aee4e4c619a4e2aa8bbc2edce38ccfa,916,109473,152,79,2462,https://www.youtube.com/watch?v=JunCpxhKlIM,94,54,205,https://www.youtube.com/watch?v=MS2YVLRSwAo,1339,269,2462,https://www.youtube.com/watch?v=JunCpxhKlIM,0,0,0,0,
db67d9cacbcf4797ba2d41a6d115e2ff,915,49323,82,50,597,https://www.youtube.com/watch?v=ItMJjhJmaoY,49,18,83,https://www.youtube.com/watch?v=H_A5GyA7NuY,430,366,597,https://www.youtube.com/watch?v=ItMJjhJmaoY,0,0,0,0,
d8b0b4e36c614d328620461a295572a1,906,51151,22,17,58,https://www.youtube.com/watch?v=Lc7PBifdzac,22,17,58,https://www.youtube.com/watch?v=Lc7PBifdzac,0,0,0,,139,0,0,0,
d26893447610406da66ee14abfbd5868,906,27963,114,27,156,https://www.youtube.com/watch?v=zDUa4xBN4-U,114,27,156,https://www.youtube.com/watch?v=zDUa4xBN4-U,0,0,0,,0,0,0,0,
2656bc44436c45cca3e94e43a9a49c2d,904,119009,204,89,1012,https://www.youtube.com/watch?v=DvLxzlgWCKI,205,92,1012,https://www.youtube.com/watch?v=DvLxzlgWCKI,68,3,68,https://www.youtube.com/watch?v=0x6T53YN8Zs,0,0,0,0,
b9b727200b664a98bc1a8fd76d3cdb9c,903,22584,0,0,0,,0,0,0,,0,0,0,,0,0,0,0,
8e2559d9a7714ecd9cb0448b4d28f8d2,903,25920,0,0,0,,0,0,0,,0,0,0,,4994,163,83,425,https://www.twitch.tv/videos/2733609468
23af2b94549e42c282ec0d6eecf01102,901,31541,18,7,58,https://www.youtube.com/watch?v=IgdEj9Luc5I,58,29,58,https://www.youtube.com/watch?v=IgdEj9Luc5I,16,5,20,https://www.youtube.com/watch?v=US6nUrejAHs,2454,0,0,0,
9fb9fe13bf124da3a1affb24c5bba5e2,901,29748,0,0,0,,0,0,0,,0,0,0,,0,0,0,0,
b93b5ffedc3f4310af888462d65e4082,900,46200,51,27,69,https://www.youtube.com/watch?v=KE7iAcP7bL8,51,27,69,https://www.youtube.com/watch?v=KE7iAcP7bL8,0,0,0,,207,20,14,26,https://www.twitch.tv/videos/2740513564
58374cba861d4267a84ad689bb6ce91a,897,39746,19,3,47,https://www.youtube.com/watch?v=oWZPisRKpyM,21,6,47,https://www.youtube.com/watch?v=oWZPisRKpyM,5,2,8,https://www.youtube.com/watch?v=fGiWDtGdSEs,0,0,0,0,
607a7be9721741c48e2901609c294ada,896,74865,0,0,0,,0,0,0,,0,0,0,,1510,0,0,0,
5c5880d994854afbbea0a35716bce186,896,30804,13,6,40,https://www.youtube.com/watch?v=gXrdRvqjxu0,13,6,40,https://www.youtube.com/watch?v=gXrdRvqjxu0,0,0,0,,2029,0,0,0,
107ad23090e649b8935850f3d78ded99,893,34824,178,87,485,https://www.youtube.com/watch?v=lBPqMfj78-Q,178,87,485,https://www.youtube.com/watch?v=lBPqMfj78-Q,0,0,0,,129,0,0,0,
f461b26ba47b4e37a90d2ca4fa5fa329,892,25917,0,0,0,,0,0,0,,0,0,0,,0,0,0,0,
837cc45c90974caa9f07699c3899fa7b,888,44945,26,16,910,https://www.youtube.com/watch?v=9lZsF8NAjfo,26,16,910,https://www.youtube.com/watch?v=9lZsF8NAjfo,0,0,0,,460,0,0,0,
8c0ff863d66348898311ee83d16257b5,888,28850,38,22,63,https://www.youtube.com/watch?v=oUitg2ShAyM,37,20,63,https://www.youtube.com/watch?v=oUitg2ShAyM,62,32,62,https://www.youtube.com/watch?v=PwNC-UZtF5s,204,40,30,42,https://www.twitch.tv/videos/2744555245
0a67a8d822094ca3a59963f0fac8798a,887,35379,0,0,0,,0,0,0,,0,0,0,,0,0,0,0,
4ba98a2155ad4b4392d8c5d7a51f4964,884,191000,634,288,2317,https://www.youtube.com/watch?v=ztecH8lzAyE,586,222,2317,https://www.youtube.com/watch?v=ztecH8lzAyE,788,742,938,https://www.youtube.com/watch?v=bXAZmvxe8Ho,0,0,0,0,
7a160bd129144664804dd3fc08fceeb1,883,20870,0,0,0,,0,0,0,,0,0,0,,7680,1928,355,3894,https://www.twitch.tv/videos/2735651387
834afd07257a43ac9f61085f79449be1,881,40649,232,99,1505,https://www.youtube.com/watch?v=YPT2nYNdiO0,187,91,507,https://www.youtube.com/watch?v=lbwXHDg4d5Y,1302,609,1505,https://www.youtube.com/watch?v=YPT2nYNdiO0,0,0,0,0,
843d99233b474827a2f0bc417ffd3852,880,42280,61,8,61,https://www.youtube.com/watch?v=6ETC_ggvcQY,61,8,61,https://www.youtube.com/watch?v=6ETC_ggvcQY,0,0,0,,8171,2370,978,5659,https://www.twitch.tv/videos/2745617445
c15d8ca6249341d88086f2a9a2359812,878,207475,1471,778,117382,https://www.youtube.com/watch?v=277Ij74qu2g,0,0,0,,1471,778,117382,https://www.youtube.com/watch?v=277Ij74qu2g,0,0,0,0,
6c3eeb48b7764f11804ff8110d5d990b,877,97372,0,0,0,,0,0,0,,0,0,0,,0,0,0,0,
490d50310ffe4de4aac9c6368b49a0aa,876,36168,192,111,1604,https://www.youtube.com/watch?v=8xRnk_BebLk,0,0,0,,192,111,1604,https://www.youtube.com/watch?v=8xRnk_BebLk,0,0,0,0,
521477be11a44c43b063b394757b2342,875,55873,41,22,777,https://www.youtube.com/watch?v=GkM5Sw0okB4,39,18,68,https://www.youtube.com/watch?v=h3l-i5Z7sKQ,777,165,777,https://www.youtube.com/watch?v=GkM5Sw0okB4,0,0,0,0,
872b7ddfc20f433f9575e2a762e83c06,873,47716,111,47,213,https://www.youtube.com/watch?v=xmBQ4fMoWbw,111,47,213,https://www.youtube.com/watch?v=xmBQ4fMoWbw,0,0,0,,0,0,0,0,
76f2fa6f1aa44f0a816a01a1b277430a,870,32918,19,16,27,https://www.youtube.com/watch?v=1YkUG4qi2Vw,19,16,27,https://www.youtube.com/watch?v=1YkUG4qi2Vw,0,0,0,,42,0,0,0,
a2ee4a74f9ca40f5b6218de51736b9c8,868,50455,55,27,140,https://www.youtube.com/watch?v=WmZTL_NKnCY,55,27,140,https://www.youtube.com/watch?v=WmZTL_NKnCY,0,0,0,,0,0,0,0,
acc708b79f1c4e388466b407387e7cb5,866,123901,57,34,1505,https://www.youtube.com/watch?v=I5mTt_nVt2g,39,27,207,https://www.youtube.com/watch?v=waQKr0VNzpw,1228,421,1505,https://www.youtube.com/watch?v=I5mTt_nVt2g,0,0,0,0,
e3021481a8d247a5a9a5bf0a29399673,865,129485,146,124,146,https://www.youtube.com/watch?v=rRsXsjNJHb4,146,124,146,https://www.youtube.com/watch?v=rRsXsjNJHb4,0,0,0,,0,0,0,0,
b3fb28fe6a0e4fcfb8014e7a4070ca09,863,54729,25,12,79,https://www.youtube.com/watch?v=IKlwJs76oBY,25,12,79,https://www.youtube.com/watch?v=IKlwJs76oBY,0,0,0,,0,0,0,0,
fcf611e0ddc5474b9836eb8aa2fe1d24,858,75232,39,14,78,https://www.youtube.com/watch?v=iew7q-2vytM,39,14,78,https://www.youtube.com/watch?v=iew7q-2vytM,0,0,0,,0,0,0,0,
45e104a6eabe4967a6cb84e720dd8e74,856,41633,5,3,85,https://www.youtube.com/watch?v=uwbCAWhJejc,0,0,0,,5,3,85,https://www.youtube.com/watch?v=uwbCAWhJejc,1868,345,145,541,https://www.twitch.tv/videos/2733624935
9cfe61128e134f8dad9bb6ebf568cd71,854,20071,5,2,26,https://www.youtube.com/watch?v=AQa7bJQWy1U,0,0,0,,5,2,26,https://www.youtube.com/watch?v=AQa7bJQWy1U,1251,152,105,219,https://www.twitch.tv/videos/2746950115
b399afc661d04f47acc9d0681be343b4,853,103480,99,55,2360,https://www.youtube.com/watch?v=poMuINfVWVQ,83,44,132,https://www.youtube.com/watch?v=a4l9WGHK5WY,610,266,2360,https://www.youtube.com/watch?v=poMuINfVWVQ,394,154,119,426,https://www.twitch.tv/videos/2747070428
5862e8e7c5fd4261af093cec20b40300,852,35977,140,70,340,https://www.youtube.com/watch?v=RXvHIYwnGdQ,137,62,214,https://www.youtube.com/watch?v=9FH9h6fxnwc,340,81,340,https://www.youtube.com/watch?v=RXvHIYwnGdQ,0,0,0,0,
0b183e5c128246c0ad5cd5491e8b8c83,850,202201,557,90,2194,https://www.youtube.com/watch?v=vGSOlxmfgOE,82,30,133,https://www.youtube.com/watch?v=qjxuEdDdZ38,920,178,2194,https://www.youtube.com/watch?v=vGSOlxmfgOE,0,0,0,0,
415ca337b1104450acbed1eb046c0a58,845,87151,34,6,46,https://www.youtube.com/watch?v=5bEBrIlLwXc,34,6,46,https://www.youtube.com/watch?v=5bEBrIlLwXc,0,0,0,,271,0,0,0,
5964947a5624455cba648007ec04a0b9,844,14956,0,0,0,,0,0,0,,0,0,0,,0,0,0,0,
370f66a57c0341b0adef5bcbad64ff90,844,45985,3,1,28,https://www.youtube.com/watch?v=_Ei6ziTsil4,18,6,28,https://www.youtube.com/watch?v=_Ei6ziTsil4,2,1,16,https://www.youtube.com/watch?v=uv-bMPogsJo,0,0,0,0,
c94bc4ff4689403aac751731d33150e6,840,14753,562,401,6861,https://www.youtube.com/watch?v=iXf-vV2PSgw,326,269,574,https://www.youtube.com/watch?v=1yQRREau9VI,1551,420,6861,https://www.youtube.com/watch?v=iXf-vV2PSgw,283,249,168,510,https://www.twitch.tv/videos/2739756384
a753be70dd194989835b604e4b249363,839,31077,0,0,0,,0,0,0,,0,0,0,,654,0,0,0,
399a496d028447a58924b2660d0fc187,838,198,0,0,0,,0,0,0,,0,0,0,,0,0,0,0,
27b10e5896e34e8d841f1605792b96c9,838,35749,0,0,0,,0,0,0,,0,0,0,,424,0,0,0,
f36c774fbf4847e1afdf66a1e4806ea3,837,19743,1008,808,1008,https://www.youtube.com/watch?v=C1V5-7ZcgjY,0,0,0,,1008,808,1008,https://www.youtube.com/watch?v=C1V5-7ZcgjY,2392,241,213,241,https://www.twitch.tv/videos/2748705121
3f3abaed158f420e84f9d1d5f4492b1d,837,61255,27,15,142,https://www.youtube.com/watch?v=EJeREuHiVco,27,15,142,https://www.youtube.com/watch?v=EJeREuHiVco,0,0,0,,641,39,30,62,https://www.twitch.tv/videos/2751021753
f4c357c0b7ae4891859ecd205d903dff,836,36817,330,100,2225,https://www.youtube.com/watch?v=gfq-k1Nbtm4,52,45,64,https://www.youtube.com/watch?v=VxckFEsQ66k,350,187,2225,https://www.youtube.com/watch?v=gfq-k1Nbtm4,82,0,0,0,
61c75f9fbf044b54872197eec7c9bafa,833,270915,191,61,908,https://www.youtube.com/watch?v=EGDza7NkBlg,69,39,102,https://www.youtube.com/watch?v=UYKkA6E_8EM,377,250,908,https://www.youtube.com/watch?v=EGDza7NkBlg,0,0,0,0,
899e5f40cf7f49a8808969866758779e,832,36927,125,53,221,https://www.youtube.com/watch?v=qLig4AqhLlA,125,98,161,https://www.youtube.com/watch?v=y6k6Qdduzeg,152,24,221,https://www.youtube.com/watch?v=qLig4AqhLlA,241,73,69,94,https://www.twitch.tv/videos/2751015924
7b3809e085754d52aee99d1fcc980eaf,832,36634,152,54,1602,https://www.youtube.com/watch?v=gYlIa4Kkhp4,99,45,152,https://www.youtube.com/watch?v=1GlhLNU0kho,579,503,1602,https://www.youtube.com/watch?v=gYlIa4Kkhp4,0,0,0,0,
f5a37da60cb74069a7dc13867404521f,831,62738,0,0,0,,0,0,0,,0,0,0,,0,0,0,0,
d3ac18bfe0984394a6fe19319a36b412,830,62686,80,44,80,https://www.youtube.com/watch?v=5z93v0wvT_8,80,44,80,https://www.youtube.com/watch?v=5z93v0wvT_8,0,0,0,,0,0,0,0,
aef2ed42d49343f28394b6335695b5ac,828,366830,1,0,9,https://www.youtube.com/watch?v=FMBh2xdjnzc,0,0,0,,1,0,9,https://www.youtube.com/watch?v=FMBh2xdjnzc,3047,152,97,287,https://www.twitch.tv/videos/2740282886
c26ea894da5741df9e1bc62044f6bce7,827,4077,0,0,0,,0,0,0,,0,0,0,,262,0,0,0,
23dda65e497d4888b87db304533b8138,827,13677,0,0,0,,0,0,0,,0,0,0,,5375,755,484,1144,https://www.twitch.tv/videos/2735698400
77f4700c452c4200a4e62effa2884b4a,827,33187,0,0,0,,0,0,0,,0,0,0,,716,0,0,0,
9ed7a28dd35e4e1c9400af811f6a284c,826,16631,0,0,0,,0,0,0,,0,0,0,,832,0,0,0,
6d144d78d2284fbcafa2428a5d132733,824,26871,0,0,0,,0,0,0,,0,0,0,,702,0,0,0,
899208f999aa4121ae2b67abb3190674,823,13511,0,0,0,,0,0,0,,0,0,0,,4208,195,161,367,https://www.twitch.tv/videos/2747020404
686fa700c1ee4d179ed277d5b101f8a4,819,27761,0,0,0,,0,0,0,,0,0,0,,0,0,0,0,
c747687c19704747b4cae2d4d5715aa0,818,29909,1241,1085,10832,https://www.youtube.com/watch?v=3Lgftlh_tI4,0,0,0,,1241,1085,10832,https://www.youtube.com/watch?v=3Lgftlh_tI4,4131,186,160,437,https://www.twitch.tv/videos/2745237685
0aa8c41f04bf4f12b9a8281353ea448a,818,35678,0,0,0,,0,0,0,,0,0,0,,4784,0,0,0,
6c5d547cdebf4daf813ac8b66c9fb873,814,32896,1133,161,1133,https://www.youtube.com/watch?v=K0D5EQi2bjY,0,0,0,,1133,161,1133,https://www.youtube.com/watch?v=K0D5EQi2bjY,0,0,0,0,
0a55a882e4ae4a1e9c1e77ea001aa91b,807,98765,0,0,0,,0,0,0,,0,0,0,,1505,31,29,38,https://www.twitch.tv/videos/2746188517
96f44559b15e4bad9de2eb8a0a2a92da,806,480,469,441,503,https://www.youtube.com/watch?v=I64KqTi20kk,0,0,0,,469,441,503,https://www.youtube.com/watch?v=I64KqTi20kk,0,0,0,0,
a0dbf7095446402ea77b11d8cced5a4b,804,45478,0,0,0,,0,0,0,,0,0,0,,0,0,0,0,
23354f18e2a94c9187fd0560fd874eeb,803,27324,0,0,0,,0,0,0,,0,0,0,,1666,285,238,331,https://www.twitch.tv/videos/2750186525
e099cf09b8674b988f17828aab2f7d86,803,21642,0,0,0,,0,0,0,,0,0,0,,638,134,80,161,https://www.twitch.tv/videos/2747054527
a26891359b444900956f04bc1b8f5faa,802,24444,80,36,1556,https://www.youtube.com/watch?v=G8oau6XwU2I,54,20,108,https://www.youtube.com/watch?v=2Dr_aS8Oj1A,394,218,1556,https://www.youtube.com/watch?v=G8oau6XwU2I,273,67,55,169,https://www.twitch.tv/videos/2742144990
13a3d049cda44b9e8da24006e642dd78,800,24811,0,0,0,,0,0,0,,0,0,0,,2783,0,0,0,
30bc516401f24514aaecce081979ab50,799,14539,0,0,0,,0,0,0,,0,0,0,,0,0,0,0,
29a3d514ca274f6fb966f9d70bed4b52,798,77545,0,0,0,,0,0,0,,0,0,0,,810,230,155,416,https://www.twitch.tv/videos/2748487506
5f8e197a06bc453e8d9e0a1c6cb92f1c,797,34747,3,1,13,https://www.youtube.com/watch?v=fX8Ov5rVZlY,0,0,0,,3,1,13,https://www.youtube.com/watch?v=fX8Ov5rVZlY,1630,91,75,134,https://www.twitch.tv/videos/2747077028
3e4c23394dde46f58f89cba536b208d5,795,22329,49,15,58,https://www.youtube.com/watch?v=AAzs_Qq1b_E,49,15,58,https://www.youtube.com/watch?v=AAzs_Qq1b_E,0,0,0,,0,0,0,0,
7a0c5fe0fe2f4427afe500c85ec958cb,793,54089,0,0,0,,0,0,0,,0,0,0,,0,0,0,0,
3034b51ec8ad439fa7033773a72a5c4a,793,20613,0,0,0,,0,0,0,,0,0,0,,3314,104,60,104,https://www.twitch.tv/videos/2741274272
1594067d444e4a53abb95bc1aa40e6db,790,26012,0,0,0,,0,0,0,,0,0,0,,498,51,36,240,https://www.twitch.tv/videos/2741348562
29e2c3ae8e4d48f29fb3b89c463abb1c,790,69887,43,17,90,https://www.youtube.com/watch?v=fWDSQK--l4A,43,17,43,https://www.youtube.com/watch?v=dPvd__PytIE,45,18,90,https://www.youtube.com/watch?v=fWDSQK--l4A,2794,790,510,3080,https://www.twitch.tv/videos/2733917379
e80414fcc37b4d818ccf9dddb23cb452,788,16556,0,0,0,,0,0,0,,0,0,0,,3991,1678,627,2460,https://www.twitch.tv/videos/2742206280
a1c3335026d44b99b9abb8c6aaba3968,787,17949,0,0,0,,0,0,0,,0,0,0,,636,0,0,0,
5f6dcf3b9b71405498aa07a2b80cb5ec,785,136172,347,256,347,https://www.youtube.com/watch?v=Uomw6WR6ps8,0,0,0,,347,256,347,https://www.youtube.com/watch?v=Uomw6WR6ps8,1241,151,127,319,https://www.twitch.tv/videos/2741388370
d44dc8542b4f4dacab8f54b7e3483728,784,35867,79,41,149,https://www.youtube.com/watch?v=WhroQjeix5g,79,41,149,https://www.youtube.com/watch?v=WhroQjeix5g,0,0,0,,0,0,0,0,
cf38ee666e104dce949c195f5ac58da2,783,300712,43,14,134,https://www.youtube.com/watch?v=D8PlCdh0NyY,43,14,134,https://www.youtube.com/watch?v=D8PlCdh0NyY,4,2,4,https://www.youtube.com/watch?v=kg9GKPjMHU4,0,0,0,0,
f0afa83a8d2d4cc6bb9eb80655bbe40d,783,12633,0,0,0,,0,0,0,,0,0,0,,0,0,0,0,
d2c5b1c430fa45c8b9be0b8be65d8a6b,782,4529,0,0,0,,0,0,0,,0,0,0,,304,0,0,0,
943129b96d2341bcb7b25a66c9da2354,780,32889,0,0,0,,0,0,0,,0,0,0,,16516,0,0,0,
80ae039e7c3e4e90b6b3994ead599307,780,53214,130,60,209,https://www.youtube.com/watch?v=MkMNhDOjiu0,130,60,209,https://www.youtube.com/watch?v=MkMNhDOjiu0,0,0,0,,0,0,0,0,
c3e1a96f96334696af38e93fa8178085,778,46282,5,2,5,https://www.youtube.com/watch?v=PpUmXV1PhR8,0,0,0,,5,2,5,https://www.youtube.com/watch?v=PpUmXV1PhR8,1239,0,0,0,
968f0b8c521942d6939234c70f49747a,776,23552,0,0,0,,0,0,0,,0,0,0,,1952,0,0,0,
2971554445614cfaaccddd9cde93c599,773,25188,44,41,44,https://www.youtube.com/watch?v=0e8mwTvQkoo,0,0,0,,44,41,44,https://www.youtube.com/watch?v=0e8mwTvQkoo,1118,0,0,0,
4caaacdde06c4a0a9662e0d1e07114e0,773,15548,0,0,0,,0,0,0,,0,0,0,,0,0,0,0,
8a63cc5d44b44e2c88122e98c533d20a,773,294119,0,0,0,,0,0,0,,0,0,0,,0,0,0,0,
a22035a68721415e830d1d7b8ffd172d,772,11334,0,0,0,,0,0,0,,0,0,0,,1854,0,0,0,
8c59e356f1564e068e1c81ac7de1a4e3,772,34193,0,0,0,,0,0,0,,0,0,0,,0,0,0,0,
7342482fda6d40f98e078505a24825d4,771,40322,105,84,124,https://www.youtube.com/watch?v=iyYMUFO54Ys,105,84,124,https://www.youtube.com/watch?v=iyYMUFO54Ys,0,0,0,,0,0,0,0,
e83a22c584774763a3b91d557141604d,770,9964,0,0,0,,0,0,0,,0,0,0,,2046,623,460,654,https://www.twitch.tv/videos/2743596841
405cf0a502a6496bacfe7e49647e7e28,769,37387,19,8,45,https://www.youtube.com/watch?v=DcmNM3L1r6g,19,9,45,https://www.youtube.com/watch?v=DcmNM3L1r6g,6,2,6,https://www.youtube.com/watch?v=92bKpqb3tEw,2168,673,467,1077,https://www.twitch.tv/videos/2747093507
de6ab52e6aca42d2ab88274244e772fc,769,25995,0,0,0,,0,0,0,,0,0,0,,0,0,0,0,
5cdecbd7413e4c9e9cb56373a186ccec,768,17697,0,0,0,,0,0,0,,0,0,0,,401,40,34,84,https://www.twitch.tv/videos/2749441623
2a2b7990365f4a1bb1d8acf1ae0f2f32,768,288787,59,31,23309,https://www.youtube.com/watch?v=0Wgd8yoDCrY,39,13,104,https://www.youtube.com/watch?v=qohiZmnPNPQ,1909,1586,23309,https://www.youtube.com/watch?v=0Wgd8yoDCrY,141,5,4,5,https://www.twitch.tv/videos/2749416766
17946118c2d641819c847aba0c491e13,766,4013,0,0,0,,0,0,0,,0,0,0,,5051,0,0,0,
e888326df83d41f680960f24bb55c670,765,16004,0,0,0,,0,0,0,,0,0,0,,0,0,0,0,
4de233ea7dfc4a7da1738ab627babd48,765,41603,74,37,1562,https://www.youtube.com/watch?v=SDdJmcB7Xm4,73,35,251,https://www.youtube.com/watch?v=BDMlHLgXEGs,1562,1314,1562,https://www.youtube.com/watch?v=SDdJmcB7Xm4,0,0,0,0,
3922688ae4b64592b8301430e19fd2ca,764,67065,99,48,1462,https://www.youtube.com/watch?v=s8xhEKpJ1Wc,96,44,122,https://www.youtube.com/watch?v=hTx9FqTc5dc,164,114,1462,https://www.youtube.com/watch?v=s8xhEKpJ1Wc,168,270,169,412,https://www.twitch.tv/videos/2746097333
1d1e155c827e4ed2a0596c256983c22d,762,19469,5,3,32,https://www.youtube.com/watch?v=zDIZB1xnBkg,0,0,0,,5,3,32,https://www.youtube.com/watch?v=zDIZB1xnBkg,2223,219,163,440,https://www.twitch.tv/videos/2750139404
3a932cc8813343b6bb5d822cb2f53558,761,41978,0,0,0,,0,0,0,,0,0,0,,3189,0,0,0,
945e26a69e2145219406bf2ca0d59554,761,21528,0,0,0,,0,0,0,,0,0,0,,727,0,0,0,
40bb881e52be4d8b9c66a60be89e0504,761,50410,88,20,127,https://www.youtube.com/watch?v=E_7kTAjiRbk,88,20,127,https://www.youtube.com/watch?v=E_7kTAjiRbk,0,0,0,,0,0,0,0,
3204abe8247b45f08481bef65884ebc3,759,2983,0,0,0,,0,0,0,,0,0,0,,1340,0,0,0,
e2ddcd13e70643238d46f50fba8261b2,758,83132,0,0,0,,0,0,0,,0,0,0,,2938,897,355,2305,https://www.twitch.tv/videos/2748578592
9539cc114b7648efb72bafc3a7358ae6,758,0,0,0,0,,0,0,0,,0,0,0,,1936,0,0,0,
f7c5ff874d1d4528a36c0a54d27017a3,757,59533,28,12,56,https://www.youtube.com/watch?v=yXQ_wf_K0dY,28,12,56,https://www.youtube.com/watch?v=yXQ_wf_K0dY,0,0,0,,0,0,0,0,
dc0868efeac540bfac9b383bd65a82e6,756,22360,66,42,73,https://www.youtube.com/watch?v=A4qIzjByIT0,66,42,73,https://www.youtube.com/watch?v=A4qIzjByIT0,0,0,0,,0,0,0,0,
80b6efc8007f4f6d84ce2f93862ae319,756,106351,217,120,296,https://www.youtube.com/watch?v=tIW2ltMaf_M,217,120,296,https://www.youtube.com/watch?v=tIW2ltMaf_M,0,0,0,,0,0,0,0,
66ab3e28c90a428bb98100cd9119a4e9,751,27975,101,42,164,https://www.youtube.com/watch?v=H2aS3v33Wxw,101,42,164,https://www.youtube.com/watch?v=H2aS3v33Wxw,0,0,0,,0,0,0,0,
a666cf6707d14cdbbe6581a8964aabd0,751,20750,0,0,0,,0,0,0,,0,0,0,,859,48,37,60,https://www.twitch.tv/videos/2744618950
d1d879cfccf7411296dcc765ca40e39c,749,121679,2830,1825,2830,https://www.youtube.com/watch?v=4Uw4i0WfsbI,0,0,0,,2830,1825,2830,https://www.youtube.com/watch?v=4Uw4i0WfsbI,1427,254,197,687,https://www.twitch.tv/videos/2746084075
c639c0dba4504221bfec50cf787f395d,747,29016,80,59,3033,https://www.youtube.com/watch?v=i1BC1IHmpWg,75,12,129,https://www.youtube.com/watch?v=ZUC77A5Kp8I,1157,739,3033,https://www.youtube.com/watch?v=i1BC1IHmpWg,1016,268,202,339,https://www.twitch.tv/videos/2747715804
b96e4730713c48899004d4af5975fe21,746,5137,0,0,0,,0,0,0,,0,0,0,,248,0,0,0,
0f97f20ec79649e687590a4dc7328a21,740,19660,0,0,0,,0,0,0,,0,0,0,,349,0,0,0,
7531ceacd52e43b4a29ba4dc18a3f56c,739,34222,0,0,0,,0,0,0,,0,0,0,,1871,302,129,552,https://www.twitch.tv/videos/2732779045
6ac39c9c814e4dfe9c2294345a2a3e9c,738,53899,97,56,150,https://www.youtube.com/watch?v=oO0nAD_t6yk,86,54,150,https://www.youtube.com/watch?v=oO0nAD_t6yk,135,58,135,https://www.youtube.com/watch?v=Blw9gdIssM0,1454,0,0,0,
eef7776c596141afb7efb9c1790bcb64,736,34336,0,0,0,,0,0,0,,0,0,0,,1524,0,0,0,
ab7fb3b59bef4d869388be703ffa8c01,736,12360,0,0,0,,0,0,0,,0,0,0,,0,0,0,0,
a1880ae475fe44fc92760277c3f850ed,736,6500,0,0,0,,0,0,0,,0,0,0,,586,0,0,0,
c6286d22a9344325bb1609918d442b93,736,69818,63,9,63,https://www.youtube.com/watch?v=L3ct2xKDbzY,63,9,63,https://www.youtube.com/watch?v=L3ct2xKDbzY,0,0,0,,76,0,0,0,
4f20e15637644c409c850ced48bb33dd,735,34389,144,59,163,https://www.youtube.com/watch?v=rZ1HSZ9scbE,153,58,163,https://www.youtube.com/watch?v=rZ1HSZ9scbE,61,59,61,https://www.youtube.com/watch?v=PJW2oFDo50Q,0,0,0,0,
8774553046cb47a9b5165c15feb01e84,728,32509,22,11,24,https://www.youtube.com/watch?v=6-qsZ95LQVA,22,11,24,https://www.youtube.com/watch?v=6-qsZ95LQVA,0,0,0,,477,0,0,0,
c2b2f9bf0228445289b8791110b340ec,728,363052,43,21,85,https://www.youtube.com/watch?v=xxXaDGhIfwU,43,21,85,https://www.youtube.com/watch?v=xxXaDGhIfwU,0,0,0,,92,0,0,0,
00de1290ff0a4edda4db0385a6ba3300,726,14685,50,0,50,https://www.youtube.com/watch?v=jqz_wTZyh_U,50,0,50,https://www.youtube.com/watch?v=jqz_wTZyh_U,0,0,0,,1762,93,55,141,https://www.twitch.tv/videos/2746336381
f5260b1a196a43f8b4aff1cc742a67f4,724,20607,138,112,1229,https://www.youtube.com/watch?v=rCxJFMsZW7w,79,69,138,https://www.youtube.com/watch?v=81KcrVD70yo,764,702,1229,https://www.youtube.com/watch?v=rCxJFMsZW7w,107,42,40,140,https://www.twitch.tv/videos/2746149750
8f4142c5ead94656b4744b425d800fb8,724,98158,49,8,115,https://www.youtube.com/watch?v=ZvAMkSEGhZE,49,8,115,https://www.youtube.com/watch?v=ZvAMkSEGhZE,0,0,0,,0,0,0,0,
a2f9fd3568f3467aa35e411dbde1ab45,724,39611,49,18,170,https://www.youtube.com/watch?v=apdXSYgEl38,170,8,170,https://www.youtube.com/watch?v=apdXSYgEl38,48,29,49,https://www.youtube.com/watch?v=YdtjBO1YliE,0,0,0,0,
c22cb6790eaf4fcc8ac47633e0ab6c49,723,23323,129,45,1038,https://www.youtube.com/watch?v=dmKxoBHIEcs,100,28,133,https://www.youtube.com/watch?v=NF_Cg9IG02U,602,539,1038,https://www.youtube.com/watch?v=dmKxoBHIEcs,301,112,60,116,https://www.twitch.tv/videos/2741381006
6826120624a244d4ab9522b5845db071,723,38291,0,0,0,,0,0,0,,0,0,0,,3651,235,146,700,https://www.twitch.tv/videos/2750744508
9124a5ccacc44fb68b5b1d5697e3fb90,722,17702,125,44,415,https://www.youtube.com/watch?v=8adWM9Rx4YU,112,50,238,https://www.youtube.com/watch?v=Kp5kDZeI0_g,304,12,415,https://www.youtube.com/watch?v=8adWM9Rx4YU,0,0,0,0,
702c28baa35c4b7588ad4fa70ddc2304,719,14317,2346,1931,9403,https://www.youtube.com/watch?v=YyZp2-Rrfcg,0,0,0,,2346,1931,9403,https://www.youtube.com/watch?v=YyZp2-Rrfcg,0,0,0,0,
082df6a588424bc9aaa378c53b34315c,715,23467,0,0,0,,0,0,0,,0,0,0,,179,0,0,0,
bb775b8f85574398af290f5be009d40e,714,948,0,0,0,,0,0,0,,0,0,0,,0,0,0,0,
fb72bfcead034da2abef22637e7b2b3c,710,36273,966,570,1403,https://www.youtube.com/watch?v=LCPLljeKhvI,0,0,0,,966,570,1403,https://www.youtube.com/watch?v=LCPLljeKhvI,1504,126,90,178,https://www.twitch.tv/videos/2742160528
8bd1aad0ee834101b6042c08495a31be,709,17066,0,0,0,,0,0,0,,0,0,0,,249,17,13,22,https://www.twitch.tv/videos/2747846895
ffe0cef3d8c34c52bb605a23a3e61e95,709,20411,206,46,1588,https://www.youtube.com/watch?v=sQVPShLOTpw,238,86,330,https://www.youtube.com/watch?v=j2Yk4BGrx_Y,155,21,1588,https://www.youtube.com/watch?v=sQVPShLOTpw,0,0,0,0,
a4e31a26718d42d692f6613fafb810f5,708,18179,0,0,0,,0,0,0,,0,0,0,,0,0,0,0,
40a4357f990e4fd8ad2ac18c26603925,707,17910,24,9,52,https://www.youtube.com/watch?v=j_Yx5sl8aJE,17,8,29,https://www.youtube.com/watch?v=rF4WusjUPik,52,35,52,https://www.youtube.com/watch?v=j_Yx5sl8aJE,1658,53,44,110,https://www.twitch.tv/videos/2748616638
6bff712e91fe4fc19332873f9db07c2a,706,28030,0,0,0,,0,0,0,,0,0,0,,0,0,0,0,
667d1f10770d4512a5350b74bcb3efc0,705,27904,55,29,55,https://www.youtube.com/watch?v=aOzaqjys8qI,55,29,55,https://www.youtube.com/watch?v=aOzaqjys8qI,0,0,0,,0,0,0,0,
d460f1ea172d49f9a23f3277a391ce30,705,5820,0,0,0,,0,0,0,,0,0,0,,528,72,58,72,https://www.twitch.tv/videos/2747043977
acc6cc72bdb74a74a719cc41baf0aade,703,26574,56,26,108,https://www.youtube.com/watch?v=VFz40UPBDuo,56,26,108,https://www.youtube.com/watch?v=VFz40UPBDuo,0,0,0,,0,0,0,0,
b3628981441b4b1aa2a3c91af81c7084,702,4351,0,0,0,,0,0,0,,0,0,0,,0,0,0,0,
c72045d5b8714411af64d5c9d29cea97,701,28373,0,0,0,,0,0,0,,0,0,0,,0,0,0,0,
027dc46502ee4350ba597000191659ae,700,18230,123,67,606,https://www.youtube.com/watch?v=IvxER_M2YqI,94,32,311,https://www.youtube.com/watch?v=HnrBKz4tYdE,539,250,606,https://www.youtube.com/watch?v=IvxER_M2YqI,51,0,0,0,
5ee9f1126dcf463e8d6afc8ef113d084,700,21856,52,17,120,https://www.youtube.com/watch?v=Kc81yab4c90,52,17,120,https://www.youtube.com/watch?v=Kc81yab4c90,0,0,0,,0,0,0,0,
bd16ea1e11d9475eb53a108ba90ea6a3,697,58208,27,9,53,https://www.youtube.com/watch?v=LCtZeK4sZVQ,27,9,53,https://www.youtube.com/watch?v=LCtZeK4sZVQ,0,0,0,,0,0,0,0,
2047c8ae25624470b90251b1fd9502d5,697,27755,0,0,0,,0,0,0,,0,0,0,,0,0,0,0,
9b64082043fc451f9dd5edc793fa8605,696,8680,4,2,14,https://www.youtube.com/watch?v=fKwLO1rhSF4,0,0,0,,4,2,14,https://www.youtube.com/watch?v=fKwLO1rhSF4,1149,179,146,186,https://www.twitch.tv/videos/2744340840
8881d23b0a3c426590c8a2509e363ec1,695,86361,15,0,15,https://www.youtube.com/watch?v=6SBwBiDE0IU,0,0,0,,15,0,15,https://www.youtube.com/watch?v=6SBwBiDE0IU,2000,116,92,476,https://www.twitch.tv/videos/2746117357
0800162a149e420ea0386c9506e710b7,693,29580,0,0,0,,0,0,0,,0,0,0,,0,0,0,0,
28e5717b1964475ca59ce02d81cb2796,692,14237,0,0,0,,0,0,0,,0,0,0,,3252,595,272,1191,https://www.twitch.tv/videos/2732151434
a0467c81a3014fbf83029acffe5b1d3f,688,12281,0,0,0,,0,0,0,,0,0,0,,1160,19,16,31,https://www.twitch.tv/videos/2751019329
60da3bb357d64f998006b8ca3043fd00,688,28420,48,24,116,https://www.youtube.com/watch?v=M2zVHQSHfGY,48,24,116,https://www.youtube.com/watch?v=M2zVHQSHfGY,0,0,0,,0,0,0,0,
ea31f43c943742be847e205495fc64ad,688,57476,1361,1329,1361,https://www.youtube.com/watch?v=KVdigRlA5CY,0,0,0,,1361,1329,1361,https://www.youtube.com/watch?v=KVdigRlA5CY,3157,1397,733,2290,https://www.twitch.tv/videos/2741245259
5896bb30994d4416ad7e252642135194,683,49101,103,17,156,https://www.youtube.com/watch?v=lYuXMVE6ayo,50,23,50,https://www.youtube.com/watch?v=sanY34Omunw,156,11,156,https://www.youtube.com/watch?v=lYuXMVE6ayo,0,0,0,0,
15ec206bfc374aaaa594bc12e9887a69,681,9380,0,0,0,,0,0,0,,0,0,0,,1621,0,0,0,
bff3b878d9864ff893bd79d1f2a7a849,681,43815,26,9,50,https://www.youtube.com/watch?v=Dk8UY7vEmY4,26,9,50,https://www.youtube.com/watch?v=Dk8UY7vEmY4,0,0,0,,129,10,6,25,https://www.twitch.tv/videos/2740229349
0528d5a963af400884b2db8484a0d152,678,531,0,0,0,,0,0,0,,0,0,0,,412,0,0,0,
2c83b5b4c0644e9d94c4221ba9543cc5,678,19110,0,0,0,,0,0,0,,0,0,0,,271,0,0,0,
94b3f738cde248e3bf6061f1692d6337,675,167438,0,0,0,,0,0,0,,0,0,0,,0,0,0,0,
e44a37ed06c749da9aeea8e16b309a84,675,28943,0,0,0,,0,0,0,,0,0,0,,27,0,0,0,
2608bc34d1f8497da55ab0cf4d0d7f0e,675,14025,1107,776,1107,https://www.youtube.com/watch?v=_U8AbHHXaLU,0,0,0,,1107,776,1107,https://www.youtube.com/watch?v=_U8AbHHXaLU,2950,1048,830,2097,https://www.twitch.tv/videos/2740151458
263db06cfe814d4397e6fc8bc593e70e,673,42525,0,0,0,,0,0,0,,0,0,0,,0,0,0,0,
6159040406fc4e6cb73dbf9734717703,673,98197,0,0,0,,0,0,0,,0,0,0,,2147,0,0,0,
c265c71f4d2744919a319f0f38c008f9,668,25848,0,0,0,,0,0,0,,0,0,0,,5487,0,0,0,
4297ecbe09d04698a65f1778f5c16dc4,665,25108,54,26,556,https://www.youtube.com/watch?v=bEhYzTSiVh8,52,25,99,https://www.youtube.com/watch?v=IVQafYaXHJo,58,55,556,https://www.youtube.com/watch?v=bEhYzTSiVh8,196,21,18,26,https://www.twitch.tv/videos/2745461849
0591345aa6634a73ac41f08af6d4e06e,664,31970,44,21,125,https://www.youtube.com/watch?v=5Q4z12WHwms,44,21,125,https://www.youtube.com/watch?v=5Q4z12WHwms,0,0,0,,0,0,0,0,
26b00f5ff5bf4b5a8dcb6c5c34e1b4f6,664,4879,0,0,0,,0,0,0,,0,0,0,,5892,944,341,4262,https://www.twitch.tv/videos/2730531660
a59b5e9b4b3f423faa754bb0c1c5e9f7,664,20029,0,0,0,,0,0,0,,0,0,0,,13,0,0,0,
d15b3fadead04e7399faaeb47fdf37f9,663,33566,0,0,0,,0,0,0,,0,0,0,,0,0,0,0,
63d931b5a0374b3fbeef2c565a8db8df,663,94822,2275,935,2275,https://www.youtube.com/watch?v=8sthokxi8lM,0,0,0,,2275,935,2275,https://www.youtube.com/watch?v=8sthokxi8lM,6378,492,484,492,https://www.twitch.tv/videos/2751172147
5bbd1c2531594775a4b74928e630dd59,662,45471,0,0,0,,0,0,0,,0,0,0,,4095,282,167,848,https://www.twitch.tv/videos/2736343460
23d18a6678794320b2d3f9d468b9b3a4,661,42824,18,6,119,https://www.youtube.com/watch?v=Bg0u2-i-wfE,16,6,43,https://www.youtube.com/watch?v=OzXvIxajMYg,108,12,119,https://www.youtube.com/watch?v=Bg0u2-i-wfE,1257,170,111,578,https://www.twitch.tv/videos/2747066830
f3a1ec7e996e4897ba4e34376f7c0be2,661,8149,176,71,1533,https://www.youtube.com/watch?v=k6bMEFtWH48,0,0,0,,176,71,1533,https://www.youtube.com/watch?v=k6bMEFtWH48,1016,147,128,164,https://www.twitch.tv/videos/2747789870
4b305df8ba4546b48c8ec1cda5efb7e2,660,181046,10,9,10,https://www.youtube.com/watch?v=95hpsBZv6-A,10,9,10,https://www.youtube.com/watch?v=95hpsBZv6-A,0,0,0,,0,0,0,0,
7342e2aefa41449880565dfd15a35cad,658,20478,41,19,51,https://www.youtube.com/watch?v=9tHyJeftAEI,41,19,51,https://www.youtube.com/watch?v=9tHyJeftAEI,0,0,0,,0,0,0,0,
c03997835cc943fe81a441c571d733d0,656,53359,23,9,121,https://www.youtube.com/watch?v=JYDkK-i6Ad0,22,9,73,https://www.youtube.com/watch?v=R8I8vw-apoI,121,65,121,https://www.youtube.com/watch?v=JYDkK-i6Ad0,207,0,0,0,
3a30426a65fe450bbef138fd8ba35f1e,654,50872,90,45,415,https://www.youtube.com/watch?v=XpURVeBsSx4,90,45,415,https://www.youtube.com/watch?v=XpURVeBsSx4,0,0,0,,0,0,0,0,
fc6a8de6e0e14e05a11b1d35dfce1d71,654,36082,18,8,18,https://www.youtube.com/watch?v=s4_8qZfM5LY,18,8,18,https://www.youtube.com/watch?v=s4_8qZfM5LY,0,0,0,,0,0,0,0,
14d68e1fc65f4206b0c45d65970c0215,652,42735,66,48,630,https://www.youtube.com/watch?v=5AAu1Nr5C0A,61,46,81,https://www.youtube.com/watch?v=0SBV7WJEQKA,630,109,630,https://www.youtube.com/watch?v=5AAu1Nr5C0A,0,0,0,0,
dfc411c6b5d24d97b944f527ddfd2f0b,652,33842,102,44,833,https://www.youtube.com/watch?v=-7CAz0sXV34,82,47,176,https://www.youtube.com/watch?v=C5wt33nQFJk,545,43,833,https://www.youtube.com/watch?v=-7CAz0sXV34,0,0,0,0,
f7185f45c8a44e69bf829405206996b9,651,30614,114,24,173,https://www.youtube.com/watch?v=GQJGo5xOHG0,114,24,173,https://www.youtube.com/watch?v=GQJGo5xOHG0,0,0,0,,54,0,0,0,
29d8d144d6a24ff28476d25306286836,651,132009,2804,1356,4358,https://www.youtube.com/watch?v=oBAZ1kSNpXI,0,0,0,,2804,1356,4358,https://www.youtube.com/watch?v=oBAZ1kSNpXI,1149,258,177,438,https://www.twitch.tv/videos/2747751962
0f11420beab0442eae0208ac63d4474c,651,3894,0,0,0,,0,0,0,,0,0,0,,0,0,0,0,
728094029eab434ca60a99e4d1a139c7,650,110963,1424,542,24087,https://www.youtube.com/watch?v=9pZf8c6UhP0,124,76,177,https://www.youtube.com/watch?v=ScelU20vT-s,1809,1177,24087,https://www.youtube.com/watch?v=9pZf8c6UhP0,5,0,0,0,
b96f58f4373a4b65977afe5f2829e9e4,650,164254,29,14,137,https://www.youtube.com/watch?v=_HSAirVLFXU,26,12,63,https://www.youtube.com/watch?v=zwI3c6gzyAk,84,22,137,https://www.youtube.com/watch?v=_HSAirVLFXU,510,118,92,163,https://www.twitch.tv/videos/2751143649
9bd9d680d6cf48d1a7171430f286fcb1,650,90239,36,20,1626,https://www.youtube.com/watch?v=sfYiwiZmmZ0,33,15,67,https://www.youtube.com/watch?v=L1zz_GALQvQ,409,192,1626,https://www.youtube.com/watch?v=sfYiwiZmmZ0,0,0,0,0,
49d38057272d4c4992cdbcb792c94d00,650,25856,31,10,57,https://www.youtube.com/watch?v=-OxYZA0GF_4,31,10,57,https://www.youtube.com/watch?v=-OxYZA0GF_4,0,0,0,,282,34,13,109,https://www.twitch.tv/videos/2728270613
948c874aac8c4c7fa088b380e79b2154,649,20557,46,25,51,https://www.youtube.com/watch?v=mX-TDfR26p0,46,25,51,https://www.youtube.com/watch?v=mX-TDfR26p0,0,0,0,,0,0,0,0,
3e079110e939428085c1f1040ec756f9,648,8616,0,0,0,,0,0,0,,0,0,0,,0,0,0,0,
2c6b5ad20b4e4bdc85310b791d02b364,648,6976,0,0,0,,0,0,0,,0,0,0,,2347,0,0,0,
677a773535814b5fa2d557da2f80bb89,647,17339,0,0,0,,0,0,0,,0,0,0,,423,0,0,0,
e911a56d410b4949aee1d3a8dc84f4ad,645,39608,37,14,91,https://www.youtube.com/watch?v=oHMKdM5w_S8,38,15,91,https://www.youtube.com/watch?v=oHMKdM5w_S8,34,10,34,https://www.youtube.com/watch?v=-PY11RAkqPU,0,0,0,0,
1a39f2817a8d4b2d941677c2a07e896a,644,77224,250,122,1883,https://www.youtube.com/watch?v=QJcfuS9b3QI,47,28,812,https://www.youtube.com/watch?v=LZlPVx-PqtQ,339,293,1883,https://www.youtube.com/watch?v=QJcfuS9b3QI,0,0,0,0,
1058d6e9f351455389e8a7a716ea26ff,641,52190,31,14,84,https://www.youtube.com/watch?v=nJCgZW70JRg,25,13,84,https://www.youtube.com/watch?v=nJCgZW70JRg,45,20,58,https://www.youtube.com/watch?v=y1ZKcvT5aPQ,3346,172,111,444,https://www.twitch.tv/videos/2751034502
adb7f358e8134f30ac0919a74c9d171b,637,13835,0,0,0,,0,0,0,,0,0,0,,2204,345,280,707,https://www.twitch.tv/videos/2750120777
4c127c01ba31487599018fc81ff1a3dd,636,35960,35,7,35,https://www.youtube.com/watch?v=UUXeFUKfAHk,35,7,35,https://www.youtube.com/watch?v=UUXeFUKfAHk,0,0,0,,0,0,0,0,
6bb99d03979041aa909d87375acaf92d,636,108570,592,248,592,https://www.youtube.com/watch?v=w4PgibFmpF4,592,248,592,https://www.youtube.com/watch?v=w4PgibFmpF4,0,0,0,,0,0,0,0,
031da54f73f94adf8159ef0d3bfeb52b,636,67295,46,18,116,https://www.youtube.com/watch?v=Fr_bjsAIAq0,40,16,72,https://www.youtube.com/watch?v=5_W9oRA9ES8,116,32,116,https://www.youtube.com/watch?v=Fr_bjsAIAq0,0,0,0,0,
ec332c6e824044698204e6dba3e5fbfc,635,11999,0,0,0,,0,0,0,,0,0,0,,566,0,0,0,
e7f01ae0c78b4daeaaf8f3fe39946e8d,633,33360,37,14,72,https://www.youtube.com/watch?v=5k3TtIw48gU,37,14,72,https://www.youtube.com/watch?v=5k3TtIw48gU,0,0,0,,0,0,0,0,
f1bcb26adebc4b95abd8fb779dfc4f6f,632,30563,115,57,1771,https://www.youtube.com/watch?v=q-_DA2no4fg,108,57,207,https://www.youtube.com/watch?v=6Dk5-obOfDE,1771,488,1771,https://www.youtube.com/watch?v=q-_DA2no4fg,0,0,0,0,
4d4db7afb4b84af7b4d54889a5f93947,631,19123,0,0,0,,0,0,0,,0,0,0,,0,0,0,0,
9f585f607da24e26b05ccb7e06e1d4f1,631,84123,115,58,1295,https://www.youtube.com/watch?v=FFc8pnBtsDc,61,34,204,https://www.youtube.com/watch?v=0my6EMbAg3o,994,280,1295,https://www.youtube.com/watch?v=FFc8pnBtsDc,525,0,0,0,
87e1b5eec62040118b6bd49efbe5d61c,631,48844,116,69,1374,https://www.youtube.com/watch?v=cgTRmIHHJFY,76,53,213,https://www.youtube.com/watch?v=k0KtSHOiNHA,537,224,1374,https://www.youtube.com/watch?v=cgTRmIHHJFY,423,190,146,713,https://www.twitch.tv/videos/2750766730
1f455594561b421da20dde10d1540981,630,44366,0,0,0,,0,0,0,,0,0,0,,6171,520,245,1048,https://www.twitch.tv/videos/2742816592
424043d4c55449cd9317bc0923c13299,630,264688,68,18,1714,https://www.youtube.com/watch?v=7ZcOHWo1lo0,39,14,87,https://www.youtube.com/watch?v=-Yopoz_NcTk,710,188,1714,https://www.youtube.com/watch?v=7ZcOHWo1lo0,279,0,0,0,
e55e67f2f7f64a6da7ae604df1652f5e,630,252231,78,48,78,https://www.youtube.com/watch?v=UtMFRj_W-Ew,78,48,78,https://www.youtube.com/watch?v=UtMFRj_W-Ew,0,0,0,,0,0,0,0,
5298121274154e4b9154e8ac47d98beb,628,36820,25,18,27,https://www.youtube.com/watch?v=FRHGbYPhw74,25,18,27,https://www.youtube.com/watch?v=FRHGbYPhw74,0,0,0,,0,0,0,0,
e50da8792cd94b009eaa8dd4be738d59,627,2037,0,0,0,,0,0,0,,0,0,0,,1071,37,24,116,https://www.twitch.tv/videos/2742132407
87e486b2a37549cbaccc95bbf7d3f253,626,39461,33,13,1168,https://www.youtube.com/watch?v=VgczWFbnB78,31,13,131,https://www.youtube.com/watch?v=SbPTbc-uhec,1168,1140,1168,https://www.youtube.com/watch?v=VgczWFbnB78,2437,116,102,306,https://www.twitch.tv/videos/2742185759
54b80ca15e0c40f6abdebd37e0aa4ca1,625,14155,0,0,0,,0,0,0,,0,0,0,,668,153,144,153,https://www.twitch.tv/videos/2750167436
fdb0805c65e24f13b7f23e50e0db8ae2,624,44491,772,727,1139,https://www.youtube.com/watch?v=aWUsrr3QOhw,0,0,0,,772,727,1139,https://www.youtube.com/watch?v=aWUsrr3QOhw,8698,787,544,1056,https://www.twitch.tv/videos/2742864549
6c2b07e387644ff1898d8c536747dcb0,623,20795,919,604,1415,https://www.youtube.com/watch?v=RU_KhMaK_IY,0,0,0,,919,604,1415,https://www.youtube.com/watch?v=RU_KhMaK_IY,308,0,0,0,
c1ca3c2282084d0ebbdeb3896801aec9,622,18982,0,0,0,,0,0,0,,0,0,0,,259,0,0,0,
5e931b583dfe4fdc98d10e4dceaf2c93,622,23277,8,2,95,https://www.youtube.com/watch?v=Eez7IzygwcU,0,0,0,,8,2,95,https://www.youtube.com/watch?v=Eez7IzygwcU,1523,204,133,232,https://www.twitch.tv/videos/2741249925
b16b9643e24d404a8de6d66551451b85,621,8763,37,10,68,https://www.youtube.com/watch?v=TcYBJapPL_I,37,10,68,https://www.youtube.com/watch?v=TcYBJapPL_I,0,0,0,,3308,0,0,0,
b8ccfa7aec6a419ca8ad1a91d9fafdf6,621,0,0,0,0,,0,0,0,,0,0,0,,2328,95,92,209,https://www.twitch.tv/videos/2741434053
3e6f13f775fa4ef09ff9b26ce062eb52,620,1570,0,0,0,,0,0,0,,0,0,0,,306,0,0,0,
dec8ff1f1ef243ccb8fa65edb7a813bd,619,872,0,0,0,,0,0,0,,0,0,0,,327,0,0,0,
0ad03ee6159c4d37a4feccbc49ba3dcf,619,56252,32,18,487,https://www.youtube.com/watch?v=zFlMJV26D4E,33,20,487,https://www.youtube.com/watch?v=zFlMJV26D4E,4,3,4,https://www.youtube.com/watch?v=ZQAMDGAKUNo,169,0,0,0,
e0823adb7a574647b6e395e70038509d,618,27902,963,277,1956,https://www.youtube.com/watch?v=lDP43eVT93U,0,0,0,,963,277,1956,https://www.youtube.com/watch?v=lDP43eVT93U,0,0,0,0,
12d506583827419e9eb3b64ec551a94d,617,32538,102,35,912,https://www.youtube.com/watch?v=1G6Ch7N4Kbo,67,21,137,https://www.youtube.com/watch?v=YxsMkcWNr38,912,72,912,https://www.youtube.com/watch?v=1G6Ch7N4Kbo,24,0,0,0,
e07cd7e29645414481d441fcfd4fd456,617,29071,2,0,39,https://www.youtube.com/watch?v=PQKqWwK_n2o,0,0,0,,2,0,39,https://www.youtube.com/watch?v=PQKqWwK_n2o,0,0,0,0,
8ae0f370cf124faa953a09089a427fd9,616,24257,91,42,557,https://www.youtube.com/watch?v=aHS8geOU6yE,91,42,557,https://www.youtube.com/watch?v=aHS8geOU6yE,0,0,0,,289,38,27,128,https://www.twitch.tv/videos/2745881817
66345fc8147b45e99d6eba1b0df6ba7c,616,31708,0,0,0,,0,0,0,,0,0,0,,0,0,0,0,
c3945429509246f79c5f0a18594f696d,616,30029,0,0,0,,0,0,0,,0,0,0,,12795,3191,1568,5090,https://www.twitch.tv/videos/2747682493
a324be13dcdb4acbbe722638fc2dbfa4,615,34778,69,19,2755,https://www.youtube.com/watch?v=tu3A6fqZvQE,46,18,69,https://www.youtube.com/watch?v=SFBkI2sgaew,1328,85,2755,https://www.youtube.com/watch?v=tu3A6fqZvQE,114,13,11,13,https://www.twitch.tv/videos/2749413834
326a721a7a904cb9b5ed0dad4899d7c2,615,20834,0,0,0,,0,0,0,,0,0,0,,784,326,260,447,https://www.twitch.tv/videos/2742914465
f5a99c6ea78e4023b1bc84c1502f432d,614,30282,18,9,45,https://www.youtube.com/watch?v=qfqB6XeN4hA,17,8,45,https://www.youtube.com/watch?v=qfqB6XeN4hA,25,12,25,https://www.youtube.com/watch?v=VTcyKt0jC7Y,790,67,32,141,https://www.twitch.tv/videos/2733849036
004e635d5d494045a810b2d026e769c7,614,60742,87,21,1134,https://www.youtube.com/watch?v=qQ1ddQVFs8k,87,18,197,https://www.youtube.com/watch?v=GcSLTQjhu4U,586,452,1134,https://www.youtube.com/watch?v=qQ1ddQVFs8k,0,0,0,0,
2ffa876173cb42bc8a1de004fe10e391,613,11665,139,3,203,https://www.youtube.com/watch?v=wmWD18Gptgo,139,3,203,https://www.youtube.com/watch?v=wmWD18Gptgo,0,0,0,,0,0,0,0,
17143fd7a2eb41aab006783b2584dda7,610,14701,0,0,0,,0,0,0,,0,0,0,,1032,0,0,0,
dc9cd2bc942d427d8cc73370d1194f9e,609,44035,115,39,275,https://www.youtube.com/watch?v=78LGAvLTlPY,115,52,275,https://www.youtube.com/watch?v=78LGAvLTlPY,132,13,222,https://www.youtube.com/watch?v=CPq8gNQZzL4,0,0,0,0,
809ddec4aec2402ea41adeba2f8520ec,608,59128,270,91,796,https://www.youtube.com/watch?v=AxowdVcOiZE,0,0,0,,270,91,796,https://www.youtube.com/watch?v=AxowdVcOiZE,1202,103,69,103,https://www.twitch.tv/videos/2743583762
5507154831064d69906acc64c76b1c99,605,23180,0,0,0,,0,0,0,,0,0,0,,3156,467,201,572,https://www.twitch.tv/videos/2733781289
15e82a696cfc4d42929e29b0d90955d1,604,43872,179,82,2199,https://www.youtube.com/watch?v=wFkmwNaHElc,146,72,371,https://www.youtube.com/watch?v=MQVbLKpJY9I,322,91,2199,https://www.youtube.com/watch?v=wFkmwNaHElc,0,0,0,0,
9760ffdb528f40a7bd010589f2ce06c4,604,29544,0,0,0,,0,0,0,,0,0,0,,784,70,67,70,https://www.twitch.tv/videos/2750898422
d02adf3818df4c9fa03ed90bf1df5b41,604,15397,0,0,0,,0,0,0,,0,0,0,,0,0,0,0,
7c781489389447e682388caccae7fb1c,599,21055,12,11,12,https://www.youtube.com/watch?v=cz4j1rBqxo0,0,0,0,,12,11,12,https://www.youtube.com/watch?v=cz4j1rBqxo0,1043,41,37,47,https://www.twitch.tv/videos/2749430727
6142bdfa61cd4f3092263bfe477e8e0b,599,146829,49,24,55,https://www.youtube.com/watch?v=YTmaCpnF2LM,49,24,55,https://www.youtube.com/watch?v=YTmaCpnF2LM,0,0,0,,0,0,0,0,
20b9316c0979495fbff724be3442d4a4,599,139310,47,28,1239,https://www.youtube.com/watch?v=27D0CTYsysk,30,26,92,https://www.youtube.com/watch?v=na_cX2Ycvfc,246,94,1239,https://www.youtube.com/watch?v=27D0CTYsysk,17,0,0,0,
04ca68439fd14d088c77eb0069e6414f,598,55308,36,6,97,https://www.youtube.com/watch?v=lld05xzqOrw,36,6,97,https://www.youtube.com/watch?v=lld05xzqOrw,0,0,0,,347,56,44,113,https://www.twitch.tv/videos/2748511123
8b0dbadf9faa4815923944437f1c1abb,596,71977,10,5,1278,https://www.youtube.com/watch?v=FQ-D-Vv67Qg,0,0,0,,10,5,1278,https://www.youtube.com/watch?v=FQ-D-Vv67Qg,0,0,0,0,
5d1f5182f62642a8a2e3ae5d3ead1014,596,50902,99,34,299,https://www.youtube.com/watch?v=YmD_jz6vZKc,61,22,126,https://www.youtube.com/watch?v=-W5TcoR7YuE,126,41,299,https://www.youtube.com/watch?v=YmD_jz6vZKc,0,0,0,0,
3f74c9c84fac427ea0e3d147c6027e82,596,17525,11,2,154,https://www.youtube.com/watch?v=VJp_PeDeG-A,0,0,0,,11,2,154,https://www.youtube.com/watch?v=VJp_PeDeG-A,0,0,0,0,
e4a78a4115b7463eb3e42f1cbbd59aa0,594,38466,0,0,0,,0,0,0,,0,0,0,,0,0,0,0,
3849edba2b2e411f8564e9c1d1aaaa51,591,72445,65,15,65,https://www.youtube.com/watch?v=CqWnO0WnS2I,65,15,65,https://www.youtube.com/watch?v=CqWnO0WnS2I,0,0,0,,0,0,0,0,
defbc693cb874182807b768593439616,588,19086,0,0,0,,0,0,0,,0,0,0,,1605,166,78,220,https://www.twitch.tv/videos/2741246628
cec266a3203a4d1599494b42f35b4012,585,600,0,0,0,,0,0,0,,0,0,0,,494,34,28,83,https://www.twitch.tv/videos/2746093364
1204e14e13fb4e1e9dcbd47e1a8dc7b2,585,15634,0,0,0,,0,0,0,,0,0,0,,711,0,0,0,
8c4d0ef0e1ee405e93be5d03974307ce,584,30955,61,19,76,https://www.youtube.com/watch?v=lJwv2XiSVR4,61,19,76,https://www.youtube.com/watch?v=lJwv2XiSVR4,0,0,0,,31,0,0,0,
da2113ffb3d74a6394685e68feaa7b60,584,142447,266,120,1697,https://www.youtube.com/watch?v=vUX4BSd2Iqk,27,11,39,https://www.youtube.com/watch?v=37txmpI2Nvw,281,137,1697,https://www.youtube.com/watch?v=vUX4BSd2Iqk,0,0,0,0,
4cc07f3cbfed434090bba391bc15fd6d,584,39543,236,41,236,https://www.youtube.com/watch?v=ctCKRPiGG0U,0,0,0,,236,41,236,https://www.youtube.com/watch?v=ctCKRPiGG0U,1632,121,101,148,https://www.twitch.tv/videos/2747829374
7dc8617f6004470c8a65a67a9abdf661,584,19271,15,11,15,https://www.youtube.com/watch?v=QMLQqfmWr7M,15,11,15,https://www.youtube.com/watch?v=QMLQqfmWr7M,0,0,0,,247,43,33,43,https://www.twitch.tv/videos/2746364425
6f5a8075e60244cb8e74c6aa35daaa2a,583,29415,0,0,0,,0,0,0,,0,0,0,,0,0,0,0,
2fbd2ed36dc7493b8d3e95a19c2c9847,582,47150,51,21,293,https://www.youtube.com/watch?v=-GurZoN0Sgw,51,21,293,https://www.youtube.com/watch?v=-GurZoN0Sgw,0,0,0,,0,0,0,0,
fcf160e0e39147b4b4037d1e4d18f076,579,68831,45,20,101,https://www.youtube.com/watch?v=LF2zakJPVDM,45,20,101,https://www.youtube.com/watch?v=LF2zakJPVDM,0,0,0,,0,0,0,0,
3de1f749e7fe4b219a2a10611311297f,578,22662,58,28,104,https://www.youtube.com/watch?v=OJ0l_gtBGNM,58,28,104,https://www.youtube.com/watch?v=OJ0l_gtBGNM,0,0,0,,349,0,0,0,
ff88906b47654805b8370426415f1183,576,20506,0,0,0,,0,0,0,,0,0,0,,3203,903,350,3412,https://www.twitch.tv/videos/2745253476
fad52a34935b402a819aa4bb504453da,575,29978,0,0,0,,0,0,0,,0,0,0,,0,0,0,0,
f9247dd02dd24e209eba623edcd8354b,575,55567,126,72,126,https://www.youtube.com/watch?v=SEqZ82oOhk8,0,0,0,,126,72,126,https://www.youtube.com/watch?v=SEqZ82oOhk8,517,0,0,0,
aa673b95b03540288c87dbaa59477ef9,573,37838,189,154,189,https://www.youtube.com/watch?v=xp0V8KJUMkY,189,154,189,https://www.youtube.com/watch?v=xp0V8KJUMkY,0,0,0,,0,0,0,0,
4859b57db8e043f1965e56324f137097,570,91592,0,0,0,,0,0,0,,0,0,0,,1937,331,300,601,https://www.twitch.tv/videos/2749301766
7179f903569e4fa9842b5c5ea3f7a645,567,34172,46,14,59,https://www.youtube.com/watch?v=HPpY3bGdN58,46,14,59,https://www.youtube.com/watch?v=HPpY3bGdN58,0,0,0,,637,97,56,97,https://www.twitch.tv/videos/2741294668
bedd14283dd34a639c5f77a95856ecad,566,20611,98,73,150,https://www.youtube.com/watch?v=BYkNj8-Z_bQ,98,73,150,https://www.youtube.com/watch?v=BYkNj8-Z_bQ,0,0,0,,0,0,0,0,
993f7baff5d24cf69d077e30f7fd1a9d,566,26209,77,19,77,https://www.youtube.com/watch?v=VTDtju3fg9M,77,19,77,https://www.youtube.com/watch?v=VTDtju3fg9M,0,0,0,,0,0,0,0,
c4ad3b6c4fe94f9a8142895fd869dfb9,565,4525,7,3,11,https://www.youtube.com/watch?v=nMv_XLlsvCE,0,0,0,,7,3,11,https://www.youtube.com/watch?v=nMv_XLlsvCE,1479,297,259,470,https://www.twitch.tv/videos/2750846433
3353f8693d7b4caa82abeb2de3d89815,563,19209,29,13,57,https://www.youtube.com/watch?v=VsXWWzoDfYg,30,13,57,https://www.youtube.com/watch?v=VsXWWzoDfYg,14,4,14,https://www.youtube.com/watch?v=Dc7CEkbTcoA,1594,307,236,634,https://www.twitch.tv/videos/2749536507
903278eb21a342669dc6f7eea7dbe618,562,17385,222,81,404,https://www.youtube.com/watch?v=fhnpo73QSN0,222,81,404,https://www.youtube.com/watch?v=fhnpo73QSN0,0,0,0,,0,0,0,0,
df6e2520044744f0957a83db74b386bb,562,15578,0,0,0,,0,0,0,,0,0,0,,0,0,0,0,
ee5418c900a7400fa44c821eaaca0218,561,9862,30,14,42,https://www.youtube.com/watch?v=fjDO983iWlc,0,0,0,,30,14,42,https://www.youtube.com/watch?v=fjDO983iWlc,619,19,8,38,https://www.twitch.tv/videos/2747036977
318268a48a3c47b7a56609c204d02b03,560,15091,0,0,0,,0,0,0,,0,0,0,,3278,123,115,618,https://www.twitch.tv/videos/2747633821
ba795eb1ea0f4fea888b1bfff3d5be86,560,68923,50,22,99,https://www.youtube.com/watch?v=J5R3IaF39qQ,0,0,0,,50,22,99,https://www.youtube.com/watch?v=J5R3IaF39qQ,3430,0,0,0,
8999cce711d64abfb6d451ca6172dd3e,559,24484,1743,1596,18359,https://www.youtube.com/watch?v=GDYCpZr7fvE,0,0,0,,1743,1596,18359,https://www.youtube.com/watch?v=GDYCpZr7fvE,0,0,0,0,
6542ad533b67427ab99e5b2277ace17d,559,15566,0,0,0,,0,0,0,,0,0,0,,0,0,0,0,
5e259658ed814cc894dfe408d10ecc6e,559,31068,104,32,133,https://www.youtube.com/watch?v=LmweZDgnhBA,104,32,133,https://www.youtube.com/watch?v=LmweZDgnhBA,0,0,0,,0,0,0,0,
52ff14aabd804801a6e589681fc2fb4d,557,70702,20,5,56,https://www.youtube.com/watch?v=HCyV26VUV-Q,0,0,0,,20,5,56,https://www.youtube.com/watch?v=HCyV26VUV-Q,1621,0,0,0,
5908563b5c944c7b919b08e5233a8a5a,555,134045,11,2,427,https://www.youtube.com/watch?v=5P3MXtVZiL8,0,0,0,,11,2,427,https://www.youtube.com/watch?v=5P3MXtVZiL8,962,88,61,148,https://www.twitch.tv/videos/2740535300
3e7ef261eb21464eacd7d26a1e6c2fcc,554,25610,82,41,134,https://www.youtube.com/watch?v=Vw4LWZDZ8Qc,82,41,134,https://www.youtube.com/watch?v=Vw4LWZDZ8Qc,0,0,0,,0,0,0,0,
8a19d25c92fe4b3194f1211d503d6d4d,554,53074,1434,397,1434,https://www.youtube.com/watch?v=JW_5hB-ThVg,0,0,0,,1434,397,1434,https://www.youtube.com/watch?v=JW_5hB-ThVg,0,0,0,0,
22b0dfc3703e477d9ce6880cdbfafd91,553,23612,0,0,0,,0,0,0,,0,0,0,,2307,325,243,1218,https://www.twitch.tv/videos/2741204679
21c8f34b3284456792c28b2ce7290589,552,23905,0,0,0,,0,0,0,,0,0,0,,0,0,0,0,
f5493e350f514aae860e4fbc529adf4c,550,336,0,0,0,,0,0,0,,0,0,0,,0,0,0,0,
21f5355738614770afb34b761a4c45af,549,4356,0,0,0,,0,0,0,,0,0,0,,0,0,0,0,
b76eb671dc62463fb845025be34526b7,549,4195,406,276,406,https://www.youtube.com/watch?v=ynO-ONDlz50,0,0,0,,406,276,406,https://www.youtube.com/watch?v=ynO-ONDlz50,0,0,0,0,
ab24c13e4bff4ff8909a7650260f8b19,547,30149,66,34,1815,https://www.youtube.com/watch?v=_BXK1fEIqNE,58,28,118,https://www.youtube.com/watch?v=e2ChJIDeaqI,1453,926,1815,https://www.youtube.com/watch?v=_BXK1fEIqNE,0,0,0,0,
1760601b33854f2ab58b6217bd2cfedf,547,34093,67,37,97,https://www.youtube.com/watch?v=08JqpB8zdwA,67,37,97,https://www.youtube.com/watch?v=08JqpB8zdwA,0,0,0,,0,0,0,0,
82d775c8bb1740c0a6db1037d3bf5fe0,545,14393,41,3,76,https://www.youtube.com/watch?v=bvjB1L48B1o,41,3,76,https://www.youtube.com/watch?v=bvjB1L48B1o,0,0,0,,0,0,0,0,
746abd9861714105823ebfb2a18f6fdc,544,42905,32,16,97,https://www.youtube.com/watch?v=PEMEK7Ble5Y,32,16,97,https://www.youtube.com/watch?v=PEMEK7Ble5Y,0,0,0,,0,0,0,0,
6503172c78774a0fa639255ac2e7e85a,543,20648,27,12,96,https://www.youtube.com/watch?v=rEJ2zCJGtPk,40,17,96,https://www.youtube.com/watch?v=rEJ2zCJGtPk,16,9,19,https://www.youtube.com/watch?v=HREXe9gCk90,0,0,0,0,
25262970b019418badba15bc46f9c048,540,115882,39,25,266,https://www.youtube.com/watch?v=kW0jfmz7Jpc,39,25,266,https://www.youtube.com/watch?v=kW0jfmz7Jpc,0,0,0,,457,192,102,312,https://www.twitch.tv/videos/2742638461
9fba4ecf861140acb418c343a475f99c,539,48603,97,39,130,https://www.youtube.com/watch?v=ukl5gC1tNaw,97,39,130,https://www.youtube.com/watch?v=ukl5gC1tNaw,0,0,0,,97,0,0,0,
d613059b356d4cc9b1c3e998f32d1a5a,538,20812,0,0,0,,0,0,0,,0,0,0,,6395,1304,570,1828,https://www.twitch.tv/videos/2742020284
0e136a936a574815a311e6e801ce3ca6,535,21093,6,3,7,https://www.youtube.com/watch?v=dD2g9fwSQAA,0,0,0,,6,3,7,https://www.youtube.com/watch?v=dD2g9fwSQAA,33,15,12,15,https://www.twitch.tv/videos/2747050443
7c6c40e2c7b64a6997fb2173f446860f,533,36840,157,88,1333,https://www.youtube.com/watch?v=Y81oQxIDth4,152,92,1333,https://www.youtube.com/watch?v=Y81oQxIDth4,614,47,614,https://www.youtube.com/watch?v=LZYCHtVrTIw,7,0,0,0,
c6704a4edfef443ba46ba7f0db0c4ff9,532,13778,104,4,104,https://www.youtube.com/watch?v=5MgctqRRGy0,0,0,0,,104,4,104,https://www.youtube.com/watch?v=5MgctqRRGy0,0,0,0,0,
b359f595b54b4edc8969423a8b5658ff,532,30558,9,1,236,https://www.youtube.com/watch?v=Vx0cuT5vf3c,0,0,0,,9,1,236,https://www.youtube.com/watch?v=Vx0cuT5vf3c,0,0,0,0,
433b2802b62441a39c721400926d59eb,530,19364,103,54,503,https://www.youtube.com/watch?v=cqjUxqJWlYE,103,54,503,https://www.youtube.com/watch?v=cqjUxqJWlYE,0,0,0,,0,0,0,0,
f072e780d0c84ca08c27020e1f2de365,529,15104,12,7,59,https://www.youtube.com/watch?v=k-Ytn1O8Adg,59,7,59,https://www.youtube.com/watch?v=k-Ytn1O8Adg,10,6,12,https://www.youtube.com/watch?v=sKBLansLXbQ,693,48,32,59,https://www.twitch.tv/videos/2744604683
7344fd4a1019434792afd863eddb4250,529,35584,0,0,0,,0,0,0,,0,0,0,,1555,358,264,603,https://www.twitch.tv/videos/2742918779
7dd6c13c71ee452e9a85dec903f2ee15,527,30074,675,75,1746,https://www.youtube.com/watch?v=kw9CrbhV2Bg,99,73,137,https://www.youtube.com/watch?v=OHaiVh1F_Ws,897,114,1746,https://www.youtube.com/watch?v=kw9CrbhV2Bg,0,0,0,0,
1e4f8348a36e4ab3abda426f1810513a,526,13315,0,0,0,,0,0,0,,0,0,0,,0,0,0,0,
1e131b3460564fd49ca9675ead6ad9c6,525,28267,164,73,1867,https://www.youtube.com/watch?v=175SGJZmS_s,126,56,415,https://www.youtube.com/watch?v=c4Q0cRdDnM0,1743,657,1867,https://www.youtube.com/watch?v=175SGJZmS_s,0,0,0,0,
01d150623c984f3d8d7de4b1859afadd,525,10847,2,1,4,https://www.youtube.com/watch?v=2VBpu18ysvg,0,0,0,,2,1,4,https://www.youtube.com/watch?v=2VBpu18ysvg,0,0,0,0,
36ad63809a2441c9b85f7ee628136ce3,525,73823,89,42,1581,https://www.youtube.com/watch?v=g3qoCVPo1XM,58,26,128,https://www.youtube.com/watch?v=05N12bIw664,409,172,1581,https://www.youtube.com/watch?v=g3qoCVPo1XM,22,0,0,0,
586377912f314b4d8c3be33760526ae0,525,20709,0,0,0,,0,0,0,,0,0,0,,0,0,0,0,
d6afb902dbe04e35ab52f961f538f9bd,524,22892,0,0,0,,0,0,0,,0,0,0,,121,0,0,0,
aa182728aa6d44c4ae37caa7cdb8ed29,522,21609,0,0,0,,0,0,0,,0,0,0,,222,0,0,0,
bd7947d2357941039893b911b18f3b4c,521,42258,79,28,124,https://www.youtube.com/watch?v=Toetu-TwGF0,79,28,124,https://www.youtube.com/watch?v=Toetu-TwGF0,0,0,0,,649,69,61,74,https://www.twitch.tv/videos/2750881327
b7b1cb60f1c24c0ea4fb1f506d3e247a,521,14173,0,0,0,,0,0,0,,0,0,0,,1542,274,239,274,https://www.twitch.tv/videos/2748527172
3750eae778e9453eaeee75956a8dabc6,517,8637,0,0,0,,0,0,0,,0,0,0,,2518,0,0,0,
54c49dea17ad4eb5aeb7ce1698dc01be,517,30597,38,19,1163,https://www.youtube.com/watch?v=uksSZwV9Jns,36,18,116,https://www.youtube.com/watch?v=XqtQc4Gav3g,71,29,1163,https://www.youtube.com/watch?v=uksSZwV9Jns,117,0,0,0,
100af980504b4bd38c8b2192d1e71b29,516,31111,44,22,50,https://www.youtube.com/watch?v=rpno0DBB38M,44,22,50,https://www.youtube.com/watch?v=rpno0DBB38M,0,0,0,,0,0,0,0,
3f2e41bdee4145f59fa97830ba3f5edb,516,16284,0,0,0,,0,0,0,,0,0,0,,2472,434,341,878,https://www.twitch.tv/videos/2745399729
14392ae1c106403ab690e8a6dea7c534,515,35196,117,57,910,https://www.youtube.com/watch?v=ZjAunZSibYI,115,55,185,https://www.youtube.com/watch?v=0aMq3YihmFQ,910,101,910,https://www.youtube.com/watch?v=ZjAunZSibYI,0,0,0,0,
a6b0f8c8343041f0b1ea96c46ee4e582,515,17216,51,25,74,https://www.youtube.com/watch?v=FWL-8DABVgQ,53,27,74,https://www.youtube.com/watch?v=FWL-8DABVgQ,26,25,26,https://www.youtube.com/watch?v=opcbPqBNxHc,205,24,23,50,https://www.twitch.tv/videos/2740544882
d6827fe530ca4db4b748651c72e81ead,515,13076,40,21,362,https://www.youtube.com/watch?v=zxg8gqxquaI,38,20,100,https://www.youtube.com/watch?v=oKvu7Zlj8YM,362,248,362,https://www.youtube.com/watch?v=zxg8gqxquaI,234,37,23,42,https://www.twitch.tv/videos/2740567116
41ad2f1c78f0406ab5460f38115002d7,515,21524,48,4,83,https://www.youtube.com/watch?v=CbNU_j1wSH8,48,4,83,https://www.youtube.com/watch?v=CbNU_j1wSH8,0,0,0,,0,0,0,0,
2bffdc20e3cb48de9bf46600f62d248e,513,26816,0,0,0,,0,0,0,,0,0,0,,286,17,11,17,https://www.twitch.tv/videos/2743676434
ffdc53dc3c764656a2f76031ee262b60,513,7281,0,0,0,,0,0,0,,0,0,0,,232,0,0,0,
a05afa97381b4f96b02a1af859426f9c,510,50167,148,90,1822,https://www.youtube.com/watch?v=GdOtMq4tagE,103,48,266,https://www.youtube.com/watch?v=V6YIF5nMKWs,702,345,1822,https://www.youtube.com/watch?v=GdOtMq4tagE,0,0,0,0,
52136fb3529d4f5eb5225ade4209b8b3,510,12079,0,0,0,,0,0,0,,0,0,0,,0,0,0,0,
37e88453b9cb48b1863bc455328b34c1,510,7892,26,5,26,https://www.youtube.com/watch?v=1ezVxPMWCuQ,0,0,0,,26,5,26,https://www.youtube.com/watch?v=1ezVxPMWCuQ,1485,384,309,460,https://www.twitch.tv/videos/2744615304
7731172cfcaa4e668762473a7b9d509a,508,14369,0,0,0,,0,0,0,,0,0,0,,744,0,0,0,
ce013f56157740e59c7735bd51356260,507,23154,0,0,0,,0,0,0,,0,0,0,,365,0,0,0,
9099b86c3fe84a138b0bc1f258bca138,507,21423,21,12,38,https://www.youtube.com/watch?v=BTtDhapKOg0,21,12,38,https://www.youtube.com/watch?v=BTtDhapKOg0,0,0,0,,0,0,0,0,
17a340801a7d4697be53c472c621993d,506,25665,0,0,0,,0,0,0,,0,0,0,,785,161,120,275,https://www.twitch.tv/videos/2739795513
a1f8a0af53c34922b0c66ebdf4b3381d,503,8195,82,55,82,https://www.youtube.com/watch?v=d7CD-5gnIfg,82,55,82,https://www.youtube.com/watch?v=d7CD-5gnIfg,0,0,0,,62,0,0,0,
07f20f05bef0432e8644e1bee798ef46,503,19629,100,71,227,https://www.youtube.com/watch?v=KnzsGreoHIM,95,62,227,https://www.youtube.com/watch?v=KnzsGreoHIM,108,101,108,https://www.youtube.com/watch?v=X3E7B2Yg83w,0,0,0,0,
cd1224f4756340c594f3c36245e9b4d4,501,140204,738,196,1240,https://www.youtube.com/watch?v=SQD2LaGR_FQ,0,0,0,,738,196,1240,https://www.youtube.com/watch?v=SQD2LaGR_FQ,2050,171,115,235,https://www.twitch.tv/videos/2744448066
09c9c71c41e24e7d9498ce41a78dae1c,497,13331,0,0,0,,0,0,0,,0,0,0,,465,0,0,0,
442edbdb59fe4979a2be3e5183258cf8,496,22302,34,16,56,https://www.youtube.com/watch?v=fSe1q7TZY_8,34,16,56,https://www.youtube.com/watch?v=fSe1q7TZY_8,0,0,0,,0,0,0,0,
780ca962f78b49d580c8a078b0525d25,495,16569,2895,1632,4605,https://www.youtube.com/watch?v=hPxmva3se2Y,0,0,0,,2895,1632,4605,https://www.youtube.com/watch?v=hPxmva3se2Y,0,0,0,0,
1a95847597f04ae39d6f0d9caba04a5f,495,18686,0,0,0,,0,0,0,,0,0,0,,1504,166,101,404,https://www.twitch.tv/videos/2750886004
8db6aab32c8e45c8a70d0850bfcd3e5c,494,27089,37,18,79,https://www.youtube.com/watch?v=Z5IHOfHVtW8,37,18,79,https://www.youtube.com/watch?v=Z5IHOfHVtW8,0,0,0,,154,13,12,20,https://www.twitch.tv/videos/2749444197
b0df22881775422093e3e64a63b01a5a,494,55438,17,9,18,https://www.youtube.com/watch?v=9FjICM16ntI,17,9,18,https://www.youtube.com/watch?v=9FjICM16ntI,0,0,0,,155,0,0,0,
7a570b5273ae4e359a6491aba1313011,493,13754,0,0,0,,0,0,0,,0,0,0,,4191,2333,1741,2333,https://www.twitch.tv/videos/2745366023
e53ab7560fbc44fcba0dc3b7dceff697,491,9745,81,47,81,https://www.youtube.com/watch?v=NXT4hoBgt0M,81,47,81,https://www.youtube.com/watch?v=NXT4hoBgt0M,0,0,0,,0,0,0,0,
323c21f9e49f47d48609f698a3f81fd5,491,5965,12,10,47,https://www.youtube.com/watch?v=C7BojIoOXFw,12,10,47,https://www.youtube.com/watch?v=C7BojIoOXFw,0,0,0,,0,0,0,0,
619f48c4546c481bbc52aadc12c3e48f,489,6576,124,15,186,https://www.youtube.com/watch?v=svyywSLU_5o,0,0,0,,124,15,186,https://www.youtube.com/watch?v=svyywSLU_5o,2348,373,269,1821,https://www.twitch.tv/videos/2742020974
e306270e80094416818cfddb33153419,489,18327,0,0,0,,0,0,0,,0,0,0,,0,0,0,0,
54355102572e408183af55831cb98e3a,488,27928,57,33,61,https://www.youtube.com/watch?v=imzAeDVQb6I,57,33,61,https://www.youtube.com/watch?v=imzAeDVQb6I,0,0,0,,179,0,0,0,
0c2cb722c6ab4e3890139c922c80d4d8,486,4045,0,0,0,,0,0,0,,0,0,0,,194,0,0,0,
c699beab8e8a4064849c977b67058447,485,21568,36,7,1117,https://www.youtube.com/watch?v=ZEoLd3Fmj6E,33,7,51,https://www.youtube.com/watch?v=ANbMgxjELnA,1117,201,1117,https://www.youtube.com/watch?v=ZEoLd3Fmj6E,1147,0,0,0,
cbee87914d63402b825bf74d25333236,484,16370,111,42,137,https://www.youtube.com/watch?v=u8CXqbGbGVo,111,42,137,https://www.youtube.com/watch?v=u8CXqbGbGVo,0,0,0,,0,0,0,0,
2103bcf7923d4f74b2d043bffef71cc1,483,27781,263,213,263,https://www.youtube.com/watch?v=O6FKIY9SaGE,0,0,0,,263,213,263,https://www.youtube.com/watch?v=O6FKIY9SaGE,0,0,0,0,
994fcc5db40840ae990cf1ce43728548,482,8673,53,22,75,https://www.youtube.com/watch?v=lKfVBP56L2A,53,22,75,https://www.youtube.com/watch?v=lKfVBP56L2A,0,0,0,,0,0,0,0,
91f5b04be2e74f64b03e0774cc275748,482,21006,0,0,0,,0,0,0,,0,0,0,,0,0,0,0,
acb95c574d8444cd80102796e0d56edd,482,65874,92,20,415,https://www.youtube.com/watch?v=RAVHApwvm6M,92,20,415,https://www.youtube.com/watch?v=RAVHApwvm6M,0,0,0,,222,0,0,0,
7677c9c71c0a4decad1472b7ecc604bb,481,5990,0,0,0,,0,0,0,,0,0,0,,491,0,0,0,
4dc4dc5b3dc24cb193ec2a127059c194,481,43925,171,77,1705,https://www.youtube.com/watch?v=SDiAGEBP-os,109,49,204,https://www.youtube.com/watch?v=cO7XHyVSLRY,496,268,1705,https://www.youtube.com/watch?v=SDiAGEBP-os,0,0,0,0,
87df5b92303e4410884b8c52ff2c4e0d,481,32241,175,49,1190,https://www.youtube.com/watch?v=irs0e-HxdfA,0,0,0,,175,49,1190,https://www.youtube.com/watch?v=irs0e-HxdfA,1109,331,218,449,https://www.twitch.tv/videos/2741280357
9959d43cae9b49dbbcd666f742322b4a,479,26699,67,11,67,https://www.youtube.com/watch?v=h9yZPCWvYzk,0,0,0,,67,11,67,https://www.youtube.com/watch?v=h9yZPCWvYzk,622,29,22,72,https://www.twitch.tv/videos/2746230253
533e7b1b50ba448292c09c5845d68eb6,477,8874,58,38,79,https://www.youtube.com/watch?v=A5n26Bkb9DE,58,38,79,https://www.youtube.com/watch?v=A5n26Bkb9DE,0,0,0,,260,83,61,84,https://www.twitch.tv/videos/2750190767
21507f58118d406b87fd42a39c87855a,477,14694,59,45,160,https://www.youtube.com/watch?v=eI7GbqO1O3M,59,45,160,https://www.youtube.com/watch?v=eI7GbqO1O3M,0,0,0,,0,0,0,0,
84111bbae2be41ea96c8b2f6c755f00c,477,16084,89,43,1600,https://www.youtube.com/watch?v=GW3zTazLWJQ,89,34,125,https://www.youtube.com/watch?v=NMw6QNret58,1600,865,1600,https://www.youtube.com/watch?v=GW3zTazLWJQ,1499,196,166,368,https://www.twitch.tv/videos/2745398437
95df3846ff6644429227e9e058994ad8,475,23595,68,31,109,https://www.youtube.com/watch?v=OzhE2L6y358,68,31,109,https://www.youtube.com/watch?v=OzhE2L6y358,0,0,0,,0,0,0,0,
b511c9a0eba7474fbb8ac8d02ff357b7,474,60496,44,30,137,https://www.youtube.com/watch?v=SrJ62M3mfPU,38,27,51,https://www.youtube.com/watch?v=lBBaSBSbTBQ,137,34,137,https://www.youtube.com/watch?v=SrJ62M3mfPU,0,0,0,0,
6695a7e8f824489881f2c321501a36a6,473,24471,12,2,31,https://www.youtube.com/watch?v=x5fO-IeMIk0,12,2,31,https://www.youtube.com/watch?v=x5fO-IeMIk0,0,0,0,,0,0,0,0,
59e3094256344f8c83a3f4355b8b667b,471,3515,0,0,0,,0,0,0,,0,0,0,,2636,215,191,897,https://www.twitch.tv/videos/2745402809
7652b3bd3da6418cbf02c85057077b54,470,11187,36,9,57,https://www.youtube.com/watch?v=WdGJ6bOo0B0,36,9,57,https://www.youtube.com/watch?v=WdGJ6bOo0B0,0,0,0,,279,0,0,0,
83f96fd6cab64f4da581c50cd2a31b82,470,5771,0,0,0,,0,0,0,,0,0,0,,4035,505,351,835,https://www.twitch.tv/videos/2746593084
b88a2e77cd7b4758925642f63b58051a,469,24580,99,51,126,https://www.youtube.com/watch?v=fVA_7D6FYwI,99,51,126,https://www.youtube.com/watch?v=fVA_7D6FYwI,0,0,0,,0,0,0,0,
6d1b01658ae74a7f91c7f60b5abe1cb2,469,44081,36,8,79,https://www.youtube.com/watch?v=AkWx2Dap5Vo,44,28,57,https://www.youtube.com/watch?v=DOuTFbisuyc,28,4,79,https://www.youtube.com/watch?v=AkWx2Dap5Vo,0,0,0,0,
6cc5ac707eed4f9e9b5bc7b2f970fe1b,469,17984,189,63,1436,https://www.youtube.com/watch?v=erccaU9Efsw,82,23,129,https://www.youtube.com/watch?v=s8WZ1H5JKX0,639,90,1436,https://www.youtube.com/watch?v=erccaU9Efsw,0,0,0,0,
085ed0ddc3294678b9570fdbcf581c64,468,138,0,0,0,,0,0,0,,0,0,0,,31192,789,459,1620,https://www.twitch.tv/videos/2741883911
294b1c29030244c784387782c0cb6aee,468,13398,41,3,41,https://www.youtube.com/watch?v=5T5KkXf5DoE,41,3,41,https://www.youtube.com/watch?v=5T5KkXf5DoE,0,0,0,,0,0,0,0,
3513b73ded994bc3a92a70c9632c9856,467,7912,0,0,0,,0,0,0,,0,0,0,,7019,415,177,692,https://www.twitch.tv/videos/2737294173
d2da40bb201e49ddbd6a8780bfaf8b63,467,13866,0,0,0,,0,0,0,,0,0,0,,1314,316,183,316,https://www.twitch.tv/videos/2741366891
23335565d59c404080e9c06f437b011b,466,71457,4,1,18,https://www.youtube.com/watch?v=y8IXyq1EfeA,4,1,18,https://www.youtube.com/watch?v=y8IXyq1EfeA,0,0,0,,1136,205,146,263,https://www.twitch.tv/videos/2747809593
fb17cff93fa94c8ea8b052f497f27fb4,465,21748,0,0,0,,0,0,0,,0,0,0,,17,0,0,0,
451162e7f4c041edb3447732eba1937a,464,3128,0,0,0,,0,0,0,,0,0,0,,111,65,50,65,https://www.twitch.tv/videos/2746221135
2dc29f6b05584c718c60034af9883496,464,101765,11,2,11,https://www.youtube.com/watch?v=E46pAoVqHlY,0,0,0,,11,2,11,https://www.youtube.com/watch?v=E46pAoVqHlY,0,0,0,0,
4abb927b8dc049768d63b4a8e229e8cc,464,0,0,0,0,,0,0,0,,0,0,0,,0,0,0,0,
037bc9366d5949b0877707007b4b1ed5,462,18991,0,0,0,,0,0,0,,0,0,0,,337,119,112,119,https://www.twitch.tv/videos/2750231112
2df2e0bc14fa4450a0d17d294b5a0bc0,462,31750,16,3,16,https://www.youtube.com/watch?v=X5Y3Lm_fiUI,16,3,16,https://www.youtube.com/watch?v=X5Y3Lm_fiUI,0,0,0,,0,0,0,0,
c822d7ffe24248fdbca2f3b1bdfd1139,461,86320,0,0,0,,0,0,0,,0,0,0,,3039,0,0,0,
e41bf48a09d64e4aa3d96064a9a63b08,459,74175,0,0,0,,0,0,0,,0,0,0,,71,0,0,0,
9189101a4bb740de969b772dde92125a,459,5840,0,0,0,,0,0,0,,0,0,0,,1155,0,0,0,
5e5a5e77c39148ef8f31ccc1c63fdcd4,457,7934,0,0,0,,0,0,0,,0,0,0,,48,0,0,0,
62ca936be6c645a7bf2222b67086800a,457,38141,0,0,0,,0,0,0,,0,0,0,,1117,0,0,0,
3981c01691a44d708da1191e9546eaad,455,30886,39,27,140,https://www.youtube.com/watch?v=BhS7TO_PXH8,39,27,140,https://www.youtube.com/watch?v=BhS7TO_PXH8,0,0,0,,0,0,0,0,
423ee3a5dbd549f19893a1823856b8dc,455,62552,308,75,1581,https://www.youtube.com/watch?v=irih6Y4ASE0,39,18,61,https://www.youtube.com/watch?v=oZQoyef53Eo,466,196,1581,https://www.youtube.com/watch?v=irih6Y4ASE0,490,37,25,53,https://www.twitch.tv/videos/2740682686
156c4271fe17425bb02fd7b24f5a2a7a,454,6591,0,0,0,,0,0,0,,0,0,0,,0,0,0,0,
09945e9139af4f3a96e6adfd73139d35,454,16215,54,8,54,https://www.youtube.com/watch?v=R1MEcsSh-Wo,0,0,0,,54,8,54,https://www.youtube.com/watch?v=R1MEcsSh-Wo,1568,109,73,188,https://www.twitch.tv/videos/2743774551
af41302aa9184c2dbc25d2ed16e878fc,454,83924,33,15,66,https://www.youtube.com/watch?v=VmaCu33Uf9E,33,15,66,https://www.youtube.com/watch?v=VmaCu33Uf9E,0,0,0,,225,0,0,0,
238b4a68bcde4f3bbf18b0b01f66ec43,454,27785,67,28,67,https://www.youtube.com/watch?v=Cj4MqD96w5Y,67,28,67,https://www.youtube.com/watch?v=Cj4MqD96w5Y,0,0,0,,0,0,0,0,
6926325d2c1c4c4e87f7be69ab675d53,453,99674,55,20,1002,https://www.youtube.com/watch?v=RwTXsER1Tj8,53,19,145,https://www.youtube.com/watch?v=XDHl4nmqUxo,443,52,1002,https://www.youtube.com/watch?v=RwTXsER1Tj8,0,0,0,0,
7b578956fab14341919193c03ca3ab32,451,10974,30,18,48,https://www.youtube.com/watch?v=hCwVP_OaKB0,30,18,48,https://www.youtube.com/watch?v=hCwVP_OaKB0,0,0,0,,0,0,0,0,
6c9b67b00b3c4940a6af6a6604b0b1fd,451,12096,0,0,0,,0,0,0,,0,0,0,,0,0,0,0,
c6e955ae1fce48678120bc086a436073,451,21182,96,21,109,https://www.youtube.com/watch?v=KkHT3pkOSd4,96,21,109,https://www.youtube.com/watch?v=KkHT3pkOSd4,0,0,0,,0,0,0,0,
da165e838dfe49aea3f91457f3825657,450,10335,30,14,72,https://www.youtube.com/watch?v=aVDFYXVOO1I,57,8,72,https://www.youtube.com/watch?v=aVDFYXVOO1I,20,14,30,https://www.youtube.com/watch?v=VYOoBZz--IQ,0,0,0,0,
9e3222bedec44f1a8fecdc237c020cbd,449,135259,41,14,64,https://www.youtube.com/watch?v=flvfbNA_Jg0,0,0,0,,41,14,64,https://www.youtube.com/watch?v=flvfbNA_Jg0,328,0,0,0,
7d53d75ac36b4faea2450918f84dada3,449,12369,111,45,1242,https://www.youtube.com/watch?v=310W7Ih3xOg,106,40,151,https://www.youtube.com/watch?v=Tae5t2nysfU,823,93,1242,https://www.youtube.com/watch?v=310W7Ih3xOg,0,0,0,0,
1bf9786ba55042b9ae3294dadfc7b40d,447,16381,37,22,1685,https://www.youtube.com/watch?v=txyFC36jTi4,30,9,127,https://www.youtube.com/watch?v=VQDawIvMp4k,811,604,1685,https://www.youtube.com/watch?v=txyFC36jTi4,0,0,0,0,
3434e3ca02904364b763c86e75fa6d4a,446,71243,0,0,0,,0,0,0,,0,0,0,,1459,0,0,0,
88917b370d0041d8be65372342c92523,445,24056,3,2,28,https://www.youtube.com/watch?v=BmBnpRrFmfQ,0,0,0,,3,2,28,https://www.youtube.com/watch?v=BmBnpRrFmfQ,1450,216,148,261,https://www.twitch.tv/videos/2747828893
42ff41f7d6884ae8b93ed46415376d83,443,12703,111,81,111,https://www.youtube.com/watch?v=7HtxtXVC0ZQ,111,81,111,https://www.youtube.com/watch?v=7HtxtXVC0ZQ,0,0,0,,0,0,0,0,
d017bd7855e547298906060f0e9b442e,443,13037,2771,1040,2771,https://www.youtube.com/watch?v=3jHA7Bnxhx4,0,0,0,,2771,1040,2771,https://www.youtube.com/watch?v=3jHA7Bnxhx4,1463,64,43,79,https://www.twitch.tv/videos/2747790071
6ec876adec524585af913c1585e8df1f,441,8873,0,0,0,,0,0,0,,0,0,0,,1571,0,0,0,
33546b9ad5a8408589405f9467063dd7,441,7245,0,0,0,,0,0,0,,0,0,0,,3559,339,128,1334,https://www.twitch.tv/videos/2728976402
c92baa46ff4e41c9918ad2427c0853d6,441,24226,0,0,0,,0,0,0,,0,0,0,,4553,291,173,434,https://www.twitch.tv/videos/2742201322
10550198223845c9a95ff1993088b464,439,6609,0,0,0,,0,0,0,,0,0,0,,0,0,0,0,
6f0d9d64bb6a4a81af1e84a72d30f5b8,439,17660,164,60,1144,https://www.youtube.com/watch?v=p2Z2r33KIP0,91,55,449,https://www.youtube.com/watch?v=wLF2W4vVKAE,293,273,1144,https://www.youtube.com/watch?v=p2Z2r33KIP0,126,44,33,124,https://www.twitch.tv/videos/2749306982
c232b3088a6e49b997b325d5de9a3013,439,15634,62,45,480,https://www.youtube.com/watch?v=NaKZP7mxHws,60,42,134,https://www.youtube.com/watch?v=z0dqITI0K4c,480,377,480,https://www.youtube.com/watch?v=NaKZP7mxHws,142,0,0,0,
2ccdc43de33c478192767afae6309f06,437,71658,35,13,1514,https://www.youtube.com/watch?v=SbAXZ1tqveo,32,15,68,https://www.youtube.com/watch?v=dvQHQpZlyiI,39,9,1514,https://www.youtube.com/watch?v=SbAXZ1tqveo,272,107,81,156,https://www.twitch.tv/videos/2743753614
64d9adbc552c487db0cdf42ac3845e18,436,37730,0,0,0,,0,0,0,,0,0,0,,70,0,0,0,
e5eb10612f5c4b069928fc1a71ad8e7d,436,50198,67,33,1714,https://www.youtube.com/watch?v=5Io-TVoMzrA,48,35,258,https://www.youtube.com/watch?v=ofKUUL5c6f0,86,18,1714,https://www.youtube.com/watch?v=5Io-TVoMzrA,0,0,0,0,
f2b0bc3e82024bd3ae1c7cb5fe926829,431,11577,19,6,52,https://www.youtube.com/watch?v=RoL3x5hl8EI,19,6,52,https://www.youtube.com/watch?v=RoL3x5hl8EI,0,0,0,,0,0,0,0,
ae7dbe93a8cc4651b5ddb7b539e85d6b,430,27985,0,0,0,,0,0,0,,0,0,0,,0,0,0,0,
a56567301c734548bad86e8ace7d9140,430,52205,0,0,0,,0,0,0,,0,0,0,,0,0,0,0,
c5ac07b79a304f37b039266446fd4f3b,427,24467,0,0,0,,0,0,0,,0,0,0,,0,0,0,0,
51f3508054da4987b4e8f659e4d28d1d,427,2655,1357,1188,1357,https://www.youtube.com/watch?v=Pry75HlCrrM,0,0,0,,1357,1188,1357,https://www.youtube.com/watch?v=Pry75HlCrrM,4846,678,344,2131,https://www.twitch.tv/videos/2734605725
c7400e2934c646e49f7df1816de41360,427,18890,29,22,29,https://www.youtube.com/watch?v=oix6CvMeIco,29,22,29,https://www.youtube.com/watch?v=oix6CvMeIco,0,0,0,,25,0,0,0,
5fbf4f6751f24d03a5723670cd500aca,427,11076,0,0,0,,0,0,0,,0,0,0,,768,0,0,0,
40f76b568f384790a1a089bb6619ddb2,426,8594,52,31,82,https://www.youtube.com/watch?v=vrf5mWfXf7E,52,31,82,https://www.youtube.com/watch?v=vrf5mWfXf7E,0,0,0,,1134,105,62,220,https://www.twitch.tv/videos/2741999961
c79c2ac57f9048eebdc1b9329209e19f,426,68,0,0,0,,0,0,0,,0,0,0,,299,0,0,0,
f3fe9fb6de2a477fae878a39924c15bd,425,11827,0,0,0,,0,0,0,,0,0,0,,3050,2495,1911,4140,https://www.twitch.tv/videos/2747117660
28c152a7489b4402960bd4bd36b7229b,424,41442,6,1,38,https://www.youtube.com/watch?v=FpI1ErUgIyE,0,0,0,,6,1,38,https://www.youtube.com/watch?v=FpI1ErUgIyE,190,31,22,37,https://www.twitch.tv/videos/2745242783
f0f6694a60de4fb799b3f315abbaf7b6,422,19174,0,0,0,,0,0,0,,0,0,0,,0,0,0,0,
73abc31606db493f971f679dfde4f7e5,421,49127,69,33,1902,https://www.youtube.com/watch?v=d3SRKplsJ1M,45,17,83,https://www.youtube.com/watch?v=bElUbI6q4Y4,912,81,1902,https://www.youtube.com/watch?v=d3SRKplsJ1M,79,0,0,0,
4a2df649332047d3b733c88209925f4c,420,8305,0,0,0,,0,0,0,,0,0,0,,1249,169,119,169,https://www.twitch.tv/videos/2744385727
bd119628dae64d45b71b44e0f158f23a,419,4685,0,0,0,,0,0,0,,0,0,0,,3773,0,0,0,
8c494e45ce5b462aa744d46bbdc54021,419,85320,100,46,1203,https://www.youtube.com/watch?v=lBpQ8C6L7S0,72,44,292,https://www.youtube.com/watch?v=f8y8Bv4Ni2g,1203,50,1203,https://www.youtube.com/watch?v=lBpQ8C6L7S0,270,25,18,31,https://www.twitch.tv/videos/2740381024
a2ca2eb4da5b4df3aa59637e1dbc260b,416,3282,0,0,0,,0,0,0,,0,0,0,,721,0,0,0,
7d11ed1b02104cf58efd2df6cbc1ef69,416,20594,7,3,7,https://www.youtube.com/watch?v=InriEtBbdIs,0,0,0,,7,3,7,https://www.youtube.com/watch?v=InriEtBbdIs,1203,92,77,156,https://www.twitch.tv/videos/2739739765
5c70a4710fca4b86ac63d56b0e894284,415,30733,0,0,0,,0,0,0,,0,0,0,,0,0,0,0,
7d0d99e77f624bdc934b17212a39a894,415,1974,0,0,0,,0,0,0,,0,0,0,,4177,1321,688,2184,https://www.twitch.tv/videos/2741884981
7168995b95ab439aa7cf1f3099d7bd88,415,60511,431,77,1594,https://www.youtube.com/watch?v=7aOdfL6m5Gw,0,0,0,,431,77,1594,https://www.youtube.com/watch?v=7aOdfL6m5Gw,3677,0,0,0,
7051e693d03645bda16b3591f06ebd3f,414,20508,0,0,0,,0,0,0,,0,0,0,,0,0,0,0,
5dd38c1bf796414399e7c80092c1d984,414,276991,30,23,34284,https://www.youtube.com/watch?v=BYEGw56k45A,11,1,30,https://www.youtube.com/watch?v=0TLrQzl1F5M,1463,572,34284,https://www.youtube.com/watch?v=BYEGw56k45A,39,0,0,0,
1cddca10dd334373b8f51b3b0ed2efe4,412,23917,2,0,73,https://www.youtube.com/watch?v=3uuVRJqlF90,0,0,0,,2,0,73,https://www.youtube.com/watch?v=3uuVRJqlF90,0,0,0,0,
f771e51357eb44d2820afd47aba3b546,410,9829,0,0,0,,0,0,0,,0,0,0,,345,46,23,48,https://www.twitch.tv/videos/2740473194
5000b613025542c498cd6ab2287865c6,410,2676,0,0,0,,0,0,0,,0,0,0,,3624,394,283,838,https://www.twitch.tv/videos/2747728444
d11123a75b874ad2bb120bb237e94c8d,408,2832,0,0,0,,0,0,0,,0,0,0,,4780,0,0,0,
ea7f97145fd44a51a95e5b97a6b8366c,408,120120,379,132,379,https://www.youtube.com/watch?v=UDwL6r2nAcQ,0,0,0,,379,132,379,https://www.youtube.com/watch?v=UDwL6r2nAcQ,0,0,0,0,
698aa5547b7c4cf793b1411322d1b423,407,23983,0,0,0,,0,0,0,,0,0,0,,1897,529,455,891,https://www.twitch.tv/videos/2750763319
6717d34e87574888848bc45c86bd80e6,407,26309,812,391,2679,https://www.youtube.com/watch?v=tP_L92zAn40,0,0,0,,812,391,2679,https://www.youtube.com/watch?v=tP_L92zAn40,983,459,415,1691,https://www.twitch.tv/videos/2743545085
00ddd14a74df4e2488319ea2ce25770c,406,219,0,0,0,,0,0,0,,0,0,0,,1226,0,0,0,
cc85e4120c0746b7925c898a963f0747,404,22211,22,7,40,https://www.youtube.com/watch?v=DNvS7mRetCo,22,7,40,https://www.youtube.com/watch?v=DNvS7mRetCo,0,0,0,,0,0,0,0,
4e35059a74df41189368fad5263a1f3f,403,38393,56,32,227,https://www.youtube.com/watch?v=gjTVkWXg7NI,55,35,102,https://www.youtube.com/watch?v=B8QEpP4HS3Q,73,26,227,https://www.youtube.com/watch?v=gjTVkWXg7NI,65,51,43,51,https://www.twitch.tv/videos/2747815818
6c166d9128e74147a5c0b1dbf89c885c,402,6032,0,0,0,,0,0,0,,0,0,0,,0,0,0,0,
4e1dd2ab9e4b4c71bced0c5987cf9be7,401,16517,0,0,0,,0,0,0,,0,0,0,,2870,163,117,246,https://www.twitch.tv/videos/2747037796
30e2594ce7cf4bc3a7e536639b15ff30,399,9019,43,20,84,https://www.youtube.com/watch?v=nXhDXfxcKog,43,20,84,https://www.youtube.com/watch?v=nXhDXfxcKog,0,0,0,,190,62,46,87,https://www.twitch.tv/videos/2746246591
ec198b33036c436591c01ee93976b6a3,395,534,0,0,0,,0,0,0,,0,0,0,,0,0,0,0,
52d7a40d46034062ad2fc29b4a2a9198,395,43600,208,86,208,https://www.youtube.com/watch?v=AMn2-jlFjfk,0,0,0,,208,86,208,https://www.youtube.com/watch?v=AMn2-jlFjfk,3289,941,359,1368,https://www.twitch.tv/videos/2736258632
d3b5f619038a4c488d36aeaeddc0f790,394,7201,0,0,0,,0,0,0,,0,0,0,,0,0,0,0,
74beedbc5f694a2c94fe73545ba4037d,394,23091,87,31,140,https://www.youtube.com/watch?v=mlRWKMXK5wY,78,12,134,https://www.youtube.com/watch?v=zhMElEMeHSM,140,85,140,https://www.youtube.com/watch?v=mlRWKMXK5wY,209,88,86,88,https://www.twitch.tv/videos/2751034970
7232734df59c4e099205c7685007d8d4,394,81487,3,1,89,https://www.youtube.com/watch?v=emtgduZ7vSk,0,0,0,,3,1,89,https://www.youtube.com/watch?v=emtgduZ7vSk,949,30,25,37,https://www.twitch.tv/videos/2749416102
836015916a40475bb608e8c6a69b6a09,394,30531,17,7,17,https://www.youtube.com/watch?v=tYuC2h-DxFM,17,7,17,https://www.youtube.com/watch?v=tYuC2h-DxFM,0,0,0,,0,0,0,0,
45d566a561914da0a15a5a21574eb30a,393,4624,34,13,183,https://www.youtube.com/watch?v=IbvbK8Xesuw,34,13,183,https://www.youtube.com/watch?v=IbvbK8Xesuw,0,0,0,,0,0,0,0,
3d5a0befb7b042f697f70d5fb3d6ab94,392,11032,0,0,0,,0,0,0,,0,0,0,,0,0,0,0,
e802bcea6eb04ce6aa9041aa5e06ceae,392,12043,211,31,1255,https://www.youtube.com/watch?v=t0ra6myAYcE,135,21,211,https://www.youtube.com/watch?v=IfOkXNciXWc,1255,496,1255,https://www.youtube.com/watch?v=t0ra6myAYcE,0,0,0,0,
93bf43bc175742cd8c7af6b80687cd84,392,42715,0,0,0,,0,0,0,,0,0,0,,1681,168,119,363,https://www.twitch.tv/videos/2746948689
b0ec0f1ffbd8426982e7ca40d4b1064b,392,8959,0,0,0,,0,0,0,,0,0,0,,0,0,0,0,
be45601754a44c568c9f60f7d2847ccb,392,13387,28,13,59,https://www.youtube.com/watch?v=K6dPMkXoWNQ,28,13,59,https://www.youtube.com/watch?v=K6dPMkXoWNQ,0,0,0,,0,0,0,0,
05055e62d34241888df31217ac25e671,391,20762,0,0,0,,0,0,0,,0,0,0,,1503,92,62,361,https://www.twitch.tv/videos/2747630458
22aaa78ca5fa444bb70649727131c0f2,391,16619,74,35,1691,https://www.youtube.com/watch?v=4druHMAvdCM,58,23,130,https://www.youtube.com/watch?v=XWxwAvC4f5k,1691,286,1691,https://www.youtube.com/watch?v=4druHMAvdCM,0,0,0,0,
aedfb89bad4545379af018f5933bddb7,390,23432,83,24,173,https://www.youtube.com/watch?v=jTpKp2ze9Cs,77,22,125,https://www.youtube.com/watch?v=e1-5rrwOw78,173,89,173,https://www.youtube.com/watch?v=jTpKp2ze9Cs,19,0,0,0,
577fdbca86fa4414a153b5ebdcab90d4,387,2082,0,0,0,,0,0,0,,0,0,0,,1969,62,47,90,https://www.twitch.tv/videos/2743918879
da3d722ffea34b5b87fbb62c6026cba2,386,12864,0,0,0,,0,0,0,,0,0,0,,140,0,0,0,
2f7da7d6dbe84301b4ef52240cc05e9b,386,25535,0,0,0,,0,0,0,,0,0,0,,1207,0,0,0,
b386124230514f5fa128ad046e85f12f,385,5595,0,0,0,,0,0,0,,0,0,0,,431,0,0,0,
21fcf23549a74111bbe31c949245e2cd,385,12258,0,0,0,,0,0,0,,0,0,0,,0,0,0,0,
b3b24f0ebecc45118f88f12042bd59c8,384,62856,0,0,0,,0,0,0,,0,0,0,,0,0,0,0,
26ae367c497f410399b769ded171d29f,384,7386,0,0,0,,0,0,0,,0,0,0,,0,0,0,0,
9ee3c9b53c0048329175370a5868300b,384,36123,0,0,0,,0,0,0,,0,0,0,,0,0,0,0,
cce33288177341058833d8b4a093b03f,383,28231,2,1,2,https://www.youtube.com/watch?v=Zj69Hc1Jifg,0,0,0,,2,1,2,https://www.youtube.com/watch?v=Zj69Hc1Jifg,0,0,0,0,
0a5bbdc460184f279cb8c7965a1d6098,383,63341,882,188,886,https://www.youtube.com/watch?v=8CSZzONPwlQ,0,0,0,,882,188,886,https://www.youtube.com/watch?v=8CSZzONPwlQ,225,43,33,54,https://www.twitch.tv/videos/2742117841
502d093ba13d45de84602b54a1dc6e6c,381,18500,75,42,158,https://www.youtube.com/watch?v=O-Kq03ZTvYI,80,45,158,https://www.youtube.com/watch?v=O-Kq03ZTvYI,30,7,30,https://www.youtube.com/watch?v=-m5EvxlGVUc,117,0,0,0,
6eac5ce6527b4513bcff4b38d277b5cc,381,30019,58,22,293,https://www.youtube.com/watch?v=OTq2LmuW8Nc,24,4,28,https://www.youtube.com/watch?v=i0Fa6D4iaIc,191,132,293,https://www.youtube.com/watch?v=OTq2LmuW8Nc,189,0,0,0,
c11749c10e1941a9adb2a231eee2f2ea,380,7577,18,8,18,https://www.youtube.com/watch?v=Cgn63dAsge0,18,8,18,https://www.youtube.com/watch?v=Cgn63dAsge0,0,0,0,,307,29,14,29,https://www.twitch.tv/videos/2739713485
c5e956bdce614dddbeddfaf6ada4200d,380,19485,27,14,66,https://www.youtube.com/watch?v=lHmbWM6gCpU,27,14,66,https://www.youtube.com/watch?v=lHmbWM6gCpU,0,0,0,,0,0,0,0,
f0987ff6444945558cd159a508cd823f,379,6073,0,0,0,,0,0,0,,0,0,0,,2167,0,0,0,
dbf7b5a346e645f7be7d0d19d2193bc5,379,135054,765,486,1109,https://www.youtube.com/watch?v=zdymDPiindY,0,0,0,,765,486,1109,https://www.youtube.com/watch?v=zdymDPiindY,0,0,0,0,
d50d9b85f098470c8220cd99de802b17,378,20186,52,16,52,https://www.youtube.com/watch?v=bED4dHPIblQ,52,16,52,https://www.youtube.com/watch?v=bED4dHPIblQ,0,0,0,,0,0,0,0,
a2ceea65ce58431085b1366a0cfe9c61,377,0,0,0,0,,0,0,0,,0,0,0,,0,0,0,0,
b932ddb915af47ec948b56d4bf901dab,376,6198,101,7,101,https://www.youtube.com/watch?v=XNeWDyu-ZRk,101,7,101,https://www.youtube.com/watch?v=XNeWDyu-ZRk,0,0,0,,0,0,0,0,
64e20992295c4be984e9af0a470d6440,376,4488,0,0,0,,0,0,0,,0,0,0,,5402,156,114,550,https://www.twitch.tv/videos/2742899486
4819621890c0408aaa7e81aa2dd3386b,375,18502,0,0,0,,0,0,0,,0,0,0,,0,0,0,0,
9434be74cca5450789bf73aa4359b542,373,4950,4,1,4,https://www.youtube.com/watch?v=ifYVcp5o5sI,4,1,4,https://www.youtube.com/watch?v=ifYVcp5o5sI,0,0,0,,0,0,0,0,
c97b665a89c34600be01f83eb1f77063,372,11623,0,0,0,,0,0,0,,0,0,0,,0,0,0,0,
4e78d5ae75144358a0384df9822c60bc,370,8635,0,0,0,,0,0,0,,0,0,0,,597,360,288,696,https://www.twitch.tv/videos/2740400153
7f3411a01ffc45bab4f25f088131bb50,369,2874,50,24,212,https://www.youtube.com/watch?v=mPYsSD5rqQ4,50,24,212,https://www.youtube.com/watch?v=mPYsSD5rqQ4,0,0,0,,0,0,0,0,
670df075e5f9402bbcb6369685838b02,367,12360,18,7,64,https://www.youtube.com/watch?v=hFANfYTSuIM,18,7,64,https://www.youtube.com/watch?v=hFANfYTSuIM,0,0,0,,0,0,0,0,
a8e0ec03cb0a4e0292228e1a6ed35e6a,365,8359,0,0,0,,0,0,0,,0,0,0,,851,45,33,53,https://www.twitch.tv/videos/2746119624
8013fa67a08945a5b4b976156b6f610f,363,6555,0,0,0,,0,0,0,,0,0,0,,389,51,48,51,https://www.twitch.tv/videos/2750185485
df7b08cd72224681a63e6e85e0753132,363,49094,0,0,0,,0,0,0,,0,0,0,,188,0,0,0,
fd5a1e004f224586aa65f9c5b374cc4a,363,7280,0,0,0,,0,0,0,,0,0,0,,4829,586,248,843,https://www.twitch.tv/videos/2732096059
e1bc34a2b6ac4d86ad6758cef724e7dc,362,10080,0,0,0,,0,0,0,,0,0,0,,322,519,473,1468,https://www.twitch.tv/videos/2747743798
a5fe6adcf3bd42b79475803c56a11832,361,19855,43,24,63,https://www.youtube.com/watch?v=Lbl7x0Hizyc,43,24,63,https://www.youtube.com/watch?v=Lbl7x0Hizyc,0,0,0,,45,0,0,0,
f5ef8ac02db547dd92da5e87717a8dca,361,4953,139,99,588,https://www.youtube.com/watch?v=PquWH_XYTyY,139,99,588,https://www.youtube.com/watch?v=PquWH_XYTyY,0,0,0,,0,0,0,0,
652b28416c394eed93337f121c0dcbf5,360,16074,0,0,0,,0,0,0,,0,0,0,,0,0,0,0,
1c096a5610c0459b84c74213c3b30f85,360,28059,0,0,0,,0,0,0,,0,0,0,,214,0,0,0,
27a484e8f53a433396e73bea886fa2cb,359,20020,0,0,0,,0,0,0,,0,0,0,,0,0,0,0,
60a64aca51ed4528895fe35b08231670,359,13094,0,0,2,https://www.youtube.com/watch?v=4ENi9vu9seI,0,0,0,,0,0,2,https://www.youtube.com/watch?v=4ENi9vu9seI,408,40,30,74,https://www.twitch.tv/videos/2748694678
e443b9e0c3524137ba2774625c6c78cd,359,8328,0,0,0,,0,0,0,,0,0,0,,700,87,76,371,https://www.twitch.tv/videos/2750174377
9be839573d1a4944a93740ca42fa65d4,359,19793,0,0,0,,0,0,0,,0,0,0,,1475,83,64,83,https://www.twitch.tv/videos/2746252945
f2f74f42d7e44c2b8c71807abd0967f3,358,94001,0,0,0,,0,0,0,,0,0,0,,3042,610,306,1499,https://www.twitch.tv/videos/2734391690
508ebe96e7a94e94893609e616086dff,358,51512,52,23,1741,https://www.youtube.com/watch?v=mQzMmCVrXIA,0,0,0,,52,23,1741,https://www.youtube.com/watch?v=mQzMmCVrXIA,492,60,44,89,https://www.twitch.tv/videos/2748624807
a42c38cc7c0b4812b9bc79ab5f2d84f3,355,19383,139,40,994,https://www.youtube.com/watch?v=wpeLqCC8VOY,27,6,135,https://www.youtube.com/watch?v=k8TzyJEBop4,257,151,994,https://www.youtube.com/watch?v=wpeLqCC8VOY,0,0,0,0,
4fc02db3aab84e6cb526c02405d18c6e,354,17565,0,0,0,,0,0,0,,0,0,0,,148,0,0,0,
07930a961f0b4078a14f0a57f0a93965,354,27343,29,16,70,https://www.youtube.com/watch?v=zbUrfTUHWoo,29,16,70,https://www.youtube.com/watch?v=zbUrfTUHWoo,0,0,0,,0,0,0,0,
161544bf51864b2bad46cdd769bee278,353,15022,103,28,444,https://www.youtube.com/watch?v=SYY46ZJmxKk,95,27,245,https://www.youtube.com/watch?v=hKOFnuHKuTM,444,106,444,https://www.youtube.com/watch?v=SYY46ZJmxKk,117,25,14,52,https://www.twitch.tv/videos/2747035374
7ee1b473a5584a1a85973acfa45e0e1d,352,9460,45,16,63,https://www.youtube.com/watch?v=vuQKQqG4Gq0,45,16,63,https://www.youtube.com/watch?v=vuQKQqG4Gq0,0,0,0,,0,0,0,0,
6e56882f3f8e4911b8b67316f1265808,350,83815,0,0,0,,0,0,0,,0,0,0,,167,0,0,0,
682e400513134d0bacfa85513958c64d,349,6725,0,0,0,,0,0,0,,0,0,0,,920,298,216,470,https://www.twitch.tv/videos/2744578246
f46e5ebb899548cab53d24f1901315b0,349,14397,58,24,84,https://www.youtube.com/watch?v=RD27kcMXWi0,58,24,84,https://www.youtube.com/watch?v=RD27kcMXWi0,0,0,0,,139,0,0,0,
ce4d344e37cd403cbb5325010144d393,346,23200,1473,323,2943,https://www.youtube.com/watch?v=i5HF0TG4fHk,140,95,610,https://www.youtube.com/watch?v=VjFrfVmR4IQ,2099,606,2943,https://www.youtube.com/watch?v=i5HF0TG4fHk,1175,332,270,417,https://www.twitch.tv/videos/2742959730
513c300c8af04b8a84d18f665b66481f,345,40067,0,0,0,,0,0,0,,0,0,0,,0,0,0,0,
f24626ac0ce34975a3b3fd6d8455f4f7,345,7970,31,2,31,https://www.youtube.com/watch?v=cV7Q8em2LJM,0,0,0,,31,2,31,https://www.youtube.com/watch?v=cV7Q8em2LJM,180,0,0,0,
db3a6f094c3146c2ab6f2f267337f132,342,10211,306,238,306,https://www.youtube.com/watch?v=2qhfh5lk3sg,0,0,0,,306,238,306,https://www.youtube.com/watch?v=2qhfh5lk3sg,1293,214,176,473,https://www.twitch.tv/videos/2745450384
6166fbac685941a6acf389460de44943,341,28620,66,34,147,https://www.youtube.com/watch?v=MjoAzSUv_1s,66,34,147,https://www.youtube.com/watch?v=MjoAzSUv_1s,0,0,0,,0,0,0,0,
e63fd2ead17a4b57b256fcd55fe83b0e,340,26297,68,25,146,https://www.youtube.com/watch?v=g0dnt5hqU3E,68,25,146,https://www.youtube.com/watch?v=g0dnt5hqU3E,0,0,0,,296,186,124,267,https://www.twitch.tv/videos/2742868243
a27f33f32dd2414c8c6843f8783a32f0,339,9988,219,89,1700,https://www.youtube.com/watch?v=fRmSCC1_pFk,162,75,314,https://www.youtube.com/watch?v=XVzAh4MI2DU,1190,248,1700,https://www.youtube.com/watch?v=fRmSCC1_pFk,0,0,0,0,
73755322c8e74479864369766f924be1,339,19090,0,0,0,,0,0,0,,0,0,0,,4908,0,0,0,
2efb6dc7796c4ce792c196d27af0df87,339,36596,51,22,1222,https://www.youtube.com/watch?v=ouZcRAXnA7c,37,13,55,https://www.youtube.com/watch?v=HZPLncNAP1I,156,104,1222,https://www.youtube.com/watch?v=ouZcRAXnA7c,0,0,0,0,
735a3d989210437f9e5b8e7a7ba6d88a,337,13276,57,30,1588,https://www.youtube.com/watch?v=K4xvryUgUUo,57,37,99,https://www.youtube.com/watch?v=Wr47XmSY2a0,1588,20,1588,https://www.youtube.com/watch?v=K4xvryUgUUo,123,0,0,0,
d8520b0d7b424141bf19b3254d264960,337,8703,0,0,0,,0,0,0,,0,0,0,,0,0,0,0,
3a13b2827ef048859006a3acb74c175a,336,8520,0,0,0,,0,0,0,,0,0,0,,3772,736,504,5201,https://www.twitch.tv/videos/2742019801
aac7be72efc74efe9e77148fd4af7151,336,15640,25,11,50,https://www.youtube.com/watch?v=-2ktDgg60yg,25,11,50,https://www.youtube.com/watch?v=-2ktDgg60yg,0,0,0,,0,0,0,0,
389bd53524c74c44a32d72279b288b17,335,2891,0,0,0,,0,0,0,,0,0,0,,0,0,0,0,
2e05bf5968cf4b3789a1316f5b05d857,335,66414,0,0,0,,0,0,0,,0,0,0,,0,0,0,0,
876c11fba4af4235857127b9af87093e,333,17184,0,0,0,,0,0,0,,0,0,0,,0,0,0,0,
4f8936d4899d4e2c83bf949bc61b2bd2,333,9387,47,21,48,https://www.youtube.com/watch?v=eof_BLQ2Atg,47,21,48,https://www.youtube.com/watch?v=eof_BLQ2Atg,0,0,0,,168,0,0,0,
9a13461ec0e644ceb6e86381ca41d33a,332,37709,1186,919,1186,https://www.youtube.com/watch?v=F3vJjiJ0Lo4,0,0,0,,1186,919,1186,https://www.youtube.com/watch?v=F3vJjiJ0Lo4,1371,0,0,0,
5ae7e41f9b9a420d9217a0b2c6755f52,331,3651,0,0,0,,0,0,0,,0,0,0,,0,0,0,0,
5c3ea93753724a63b32071a7a580af7b,331,34350,1,0,35,https://www.youtube.com/watch?v=un-D6X6R7sc,0,0,0,,1,0,35,https://www.youtube.com/watch?v=un-D6X6R7sc,1783,14,7,56,https://www.twitch.tv/videos/2743512128
3083d2b8192843958b2852553cb3bc70,331,2756,0,0,0,,0,0,0,,0,0,0,,424,0,0,0,
ef0319d27b10495795a5b994bc2249d5,328,33462,86,33,2028,https://www.youtube.com/watch?v=p9PCPUc1kAQ,81,26,161,https://www.youtube.com/watch?v=eU4P-ME1Cy0,1591,691,2028,https://www.youtube.com/watch?v=p9PCPUc1kAQ,0,0,0,0,
b423123a68df4ac88b2a376ae5fd3b89,325,10574,67,40,1731,https://www.youtube.com/watch?v=x82eQ7H0JLs,64,26,330,https://www.youtube.com/watch?v=LCZltSZEwxY,500,447,1731,https://www.youtube.com/watch?v=x82eQ7H0JLs,0,0,0,0,
46e65e217ca84bbf8d43b67c3e5a9d90,325,22816,2,0,11,https://www.youtube.com/watch?v=Bkk_AQbJhEU,0,0,0,,2,0,11,https://www.youtube.com/watch?v=Bkk_AQbJhEU,210,14,7,14,https://www.twitch.tv/videos/2740387671
8a8a1d0901c04d568be19e2d8bbc9ca1,324,33171,0,0,0,,0,0,0,,0,0,0,,0,0,0,0,
0f5e3935971449daa91b654886313110,324,0,0,0,0,,0,0,0,,0,0,0,,2262,0,0,0,
2af109d54b1c49968b572aa2b59664ab,323,12442,59,2,59,https://www.youtube.com/watch?v=i1JKE23hXAs,59,2,59,https://www.youtube.com/watch?v=i1JKE23hXAs,0,0,0,,0,0,0,0,
e32b6351f1684034955171b93b1c5e63,321,0,0,0,0,,0,0,0,,0,0,0,,1821,0,0,0,
e94e1e38a611403192e4db197c2d9d91,319,6994,0,0,0,,0,0,0,,0,0,0,,0,0,0,0,
ca161c4e0ef54cd4a311705625caf164,318,11315,0,0,0,,0,0,0,,0,0,0,,2239,0,0,0,
76a17ecab93c4c3db069c9a5d8d0ecf5,317,42928,0,0,0,,0,0,0,,0,0,0,,1802,772,449,2897,https://www.twitch.tv/videos/2744578683
d88c3cbdb65940e69a3feb152dc93d6d,317,1027,0,0,0,,0,0,0,,0,0,0,,458,0,0,0,
d859857097fe4e9d90a2d840c0e7fca1,316,20278,19,8,171,https://www.youtube.com/watch?v=rLiLvGEmXf8,0,0,0,,19,8,171,https://www.youtube.com/watch?v=rLiLvGEmXf8,245,0,0,0,
1db7ec043f284eaea0bd2213ecce2bad,316,17620,61,27,1413,https://www.youtube.com/watch?v=pC4Mq5-Cnuk,57,17,243,https://www.youtube.com/watch?v=nwYZoy606j4,1359,753,1413,https://www.youtube.com/watch?v=pC4Mq5-Cnuk,0,0,0,0,
c4268d9874b14b3282613fa11102ce4b,315,21953,36,12,85,https://www.youtube.com/watch?v=x1uzPR5EmNU,36,12,85,https://www.youtube.com/watch?v=x1uzPR5EmNU,0,0,0,,321,48,31,82,https://www.twitch.tv/videos/2746361395
6d83214d4d964bc9a236f4cbdd8d99e4,314,15486,73,52,986,https://www.youtube.com/watch?v=b2xtaBEssCY,72,49,207,https://www.youtube.com/watch?v=0TEe2SWo0uI,986,696,986,https://www.youtube.com/watch?v=b2xtaBEssCY,46,0,0,0,
9abd60c00f0f412b978a2398b13ac4e8,313,38920,49,3,49,https://www.youtube.com/watch?v=hOQiMBnfzBI,0,0,0,,49,3,49,https://www.youtube.com/watch?v=hOQiMBnfzBI,0,0,0,0,
3df5dcf41cdb46c7b7de73e502ce4ae1,313,10551,0,0,0,,0,0,0,,0,0,0,,659,0,0,0,
a24116ba22c84747818b7be8cd8eb733,311,12501,15,10,18,https://www.youtube.com/watch?v=tEEV60ibHJs,15,10,18,https://www.youtube.com/watch?v=tEEV60ibHJs,0,0,0,,347,18,13,22,https://www.twitch.tv/videos/2742113560
cbb0ea239d8e4f65a46ada52dfb778e3,310,8597,0,0,0,,0,0,0,,0,0,0,,424,0,0,0,
890c5d306c5f4a218f861c8a98a1e74a,308,5604,0,0,0,,0,0,0,,0,0,0,,68,0,0,0,
71f86178cf8545658c5c836c868a3646,307,6868,0,0,0,,0,0,0,,0,0,0,,1331,1390,959,2047,https://www.twitch.tv/videos/2745254837
4e4cbcbc0acf410ea5a50e4a6bbafd01,306,3982,7,2,13,https://www.youtube.com/watch?v=t3bFNLGITIc,0,0,0,,7,2,13,https://www.youtube.com/watch?v=t3bFNLGITIc,2474,974,761,1040,https://www.twitch.tv/videos/2746383771
bf7122f997f04401b0a6938abaded38c,306,17959,31,12,56,https://www.youtube.com/watch?v=RFOuuDTYCDQ,31,12,56,https://www.youtube.com/watch?v=RFOuuDTYCDQ,0,0,0,,0,0,0,0,
f3757b8d656f48749cada897ce597abc,304,7735,0,0,0,,0,0,0,,0,0,0,,0,0,0,0,
dfa5fefa546a40d5a677ddfff02ff3e1,304,18354,5,2,5,https://www.youtube.com/watch?v=roBcZKOLOlk,0,0,0,,5,2,5,https://www.youtube.com/watch?v=roBcZKOLOlk,800,30,29,30,https://www.twitch.tv/videos/2751094679
b6cc2e3d23f34ba8bbeba181d19a714c,303,6290,0,0,0,,0,0,0,,0,0,0,,4257,1556,807,16612,https://www.twitch.tv/videos/2746375308
d09b9f800b7940deb1f8a2b58a302f07,302,4243,0,0,0,,0,0,0,,0,0,0,,4246,585,408,1425,https://www.twitch.tv/videos/2742276318
85340d14d5654ac3b28b39b007a7dea7,302,15389,51,19,132,https://www.youtube.com/watch?v=ENJKkcZdxPI,51,19,132,https://www.youtube.com/watch?v=ENJKkcZdxPI,0,0,0,,0,0,0,0,
2f32fa150b4b4572bb6dd1a8e8c94ff1,302,11578,248,106,1077,https://www.youtube.com/watch?v=z3BxJZnd-1I,0,0,0,,248,106,1077,https://www.youtube.com/watch?v=z3BxJZnd-1I,3792,957,433,3160,https://www.twitch.tv/videos/2740736132
72ee59fb29644f8b88a4dd3d7e91fe39,301,10280,0,0,0,,0,0,0,,0,0,0,,0,0,0,0,
f4935cf7bbb94ae88202ee7ab6d6b92b,299,0,0,0,0,,0,0,0,,0,0,0,,52,0,0,0,
a4a9cd639c7546538ee9635b9a14989d,299,16061,34,16,38,https://www.youtube.com/watch?v=6CphDjCWeSI,34,16,38,https://www.youtube.com/watch?v=6CphDjCWeSI,0,0,0,,0,0,0,0,
2b1ef81172474b6b8409100be2f30da7,299,4537,3,2,5,https://www.youtube.com/watch?v=IeKCeK6oA_Y,0,0,0,,3,2,5,https://www.youtube.com/watch?v=IeKCeK6oA_Y,2630,210,205,210,https://www.twitch.tv/videos/2751004113
a13421f0201540ecaccd5c207b15c425,299,16699,0,0,0,,0,0,0,,0,0,0,,0,0,0,0,
8ae87582ab1e4b31bfd38310afda77bd,298,3722,0,0,0,,0,0,0,,0,0,0,,1344,132,93,143,https://www.twitch.tv/videos/2744603219
2e7fa2f9a4ba4ca6a0ea1397839aafca,297,11011,27,8,54,https://www.youtube.com/watch?v=sPLEn86XuwE,27,8,54,https://www.youtube.com/watch?v=sPLEn86XuwE,0,0,0,,0,0,0,0,
803435ca691f43a4b02360926fee23d1,296,12527,101,34,172,https://www.youtube.com/watch?v=fG7JonxtDY4,101,34,172,https://www.youtube.com/watch?v=fG7JonxtDY4,0,0,0,,1499,110,70,133,https://www.twitch.tv/videos/2742004056
2d2dc667f7a9488092e67b0475dc3774,295,2811,0,0,0,,0,0,0,,0,0,0,,206,0,0,0,
d39563dd7adf452989791068eaf4524e,295,4529,64,44,87,https://www.youtube.com/watch?v=LdyIohlcmaA,64,44,87,https://www.youtube.com/watch?v=LdyIohlcmaA,0,0,0,,0,0,0,0,
095d5621db8b44ed914d81f9e1183673,294,10315,60,44,174,https://www.youtube.com/watch?v=KA-a20CcaOM,60,44,88,https://www.youtube.com/watch?v=KTBxz5keQQE,99,49,174,https://www.youtube.com/watch?v=KA-a20CcaOM,24,0,0,0,
c572dfdd998b439fb17f01f4633cfb31,293,14873,0,0,0,,0,0,0,,0,0,0,,0,0,0,0,
1895ef1f232d454aa6c18ca7812c794c,293,3668,77,73,77,https://www.youtube.com/watch?v=pP07qzimYqA,77,73,77,https://www.youtube.com/watch?v=pP07qzimYqA,0,0,0,,17,0,0,0,
79f4c64bde584997bf6ad38afd44b51d,292,21258,29,3,81,https://www.youtube.com/watch?v=eMjDuCIl-Zk,29,3,81,https://www.youtube.com/watch?v=eMjDuCIl-Zk,0,0,0,,151,43,29,51,https://www.twitch.tv/videos/2740429042
e6373c7f689c44f8971ca0f83c817789,292,1630,0,0,0,,0,0,0,,0,0,0,,224,9,7,13,https://www.twitch.tv/videos/2746325945
d3a0a421fd184f9fa51856096d01e85b,292,16957,33,18,33,https://www.youtube.com/watch?v=TFihpXEC3sw,33,18,33,https://www.youtube.com/watch?v=TFihpXEC3sw,0,0,0,,0,0,0,0,
92b3889a0c304d8fb9eed110bb82c60c,291,16798,0,0,0,,0,0,0,,0,0,0,,0,0,0,0,
df6443487ffb4142aea2b053b4aa8db7,291,33666,211,55,1293,https://www.youtube.com/watch?v=0nyZYMl-9sg,0,0,0,,211,55,1293,https://www.youtube.com/watch?v=0nyZYMl-9sg,1641,263,178,288,https://www.twitch.tv/videos/2741180344
be1bfb3aafb34118808fd5a5c059ffaf,290,28276,0,0,0,,0,0,0,,0,0,0,,492,0,0,0,
e773129f910c4bd182f3b702c9ec1b55,290,9767,19,6,20,https://www.youtube.com/watch?v=4zrQUmY2CMA,19,6,20,https://www.youtube.com/watch?v=4zrQUmY2CMA,0,0,0,,0,0,0,0,
479b23215fd84e0387e4f95c8bdfb127,290,116437,52,32,2567,https://www.youtube.com/watch?v=BGXDilYHpKc,36,17,52,https://www.youtube.com/watch?v=0peC7S1IGWA,231,146,2567,https://www.youtube.com/watch?v=BGXDilYHpKc,0,0,0,0,
d2e2645a97a14ce4b58a7884c0e6ec56,288,27331,0,0,0,,0,0,0,,0,0,0,,1290,44,34,82,https://www.twitch.tv/videos/2741996780
b09373e11cc74ed4b58440b9d7368172,288,22999,26,14,34,https://www.youtube.com/watch?v=H0oyWKQQus8,26,14,34,https://www.youtube.com/watch?v=H0oyWKQQus8,0,0,0,,0,0,0,0,
ca4210c7562b479cb3af76082fb70fcd,287,2851,0,0,0,,0,0,0,,0,0,0,,3441,869,299,1262,https://www.twitch.tv/videos/2727754497
32ce3b3861fe4b5a98d5adc9a704bbf1,286,13137,1165,767,3473,https://www.youtube.com/watch?v=iDo-1k4ZF5U,0,0,0,,1165,767,3473,https://www.youtube.com/watch?v=iDo-1k4ZF5U,14,0,0,0,
82af75b290f44cd8b9a97bc5addaaf58,285,7580,26,24,26,https://www.youtube.com/watch?v=TokUBInq0eY,26,24,26,https://www.youtube.com/watch?v=TokUBInq0eY,0,0,0,,136,14,11,34,https://www.twitch.tv/videos/2747086657
703cea871ebf4ab6a8b2704f7611197b,284,8403,0,0,0,,0,0,0,,0,0,0,,0,0,0,0,
d148768158984ce8b3a8214b1fb3dafc,284,2917,0,0,0,,0,0,0,,0,0,0,,155,30,23,54,https://www.twitch.tv/videos/2747963978
5f68c9b585ad40c0ada7697c9b7f5055,284,0,0,0,0,,0,0,0,,0,0,0,,7412,1012,389,2758,https://www.twitch.tv/videos/2732603794
1618171723d84cbe8b57cd69fa6f477f,283,38331,0,0,0,,0,0,0,,0,0,0,,758,0,0,0,
8fe313c8e0704a29a7a387b47c4f938b,282,9820,143,79,253,https://www.youtube.com/watch?v=DdW-xOgdYUQ,152,58,253,https://www.youtube.com/watch?v=DdW-xOgdYUQ,115,87,250,https://www.youtube.com/watch?v=EzIW4HU9bKc,0,0,0,0,
c9f9ff24ef184b29a58c616412f1dbbc,281,5693,0,0,0,,0,0,0,,0,0,0,,0,0,0,0,
b3a1f0922f7440f3bb1adbfa7a04bd09,281,8948,0,0,0,,0,0,0,,0,0,0,,1017,0,0,0,
7badd33c853240e280db61899f381ff2,280,10925,0,0,0,,0,0,0,,0,0,0,,418,0,0,0,
279a45d6a8f9445389b9b8cdbcb72ae8,280,25922,0,0,0,,0,0,0,,0,0,0,,272,41,21,55,https://www.twitch.tv/videos/2741315277
6391e2693fa6464d83fdf5d136596bb0,279,14060,64,24,198,https://www.youtube.com/watch?v=1n1Cv6RXYuY,66,26,198,https://www.youtube.com/watch?v=1n1Cv6RXYuY,44,14,103,https://www.youtube.com/watch?v=HP_sGEOs9Tc,0,0,0,0,
94ca3090942d4ca38a71b8f1b65c7343,278,17685,0,0,0,,0,0,0,,0,0,0,,171,0,0,0,
6fa20242354646ad8e8feea8d52e514e,278,6724,0,0,0,,0,0,0,,0,0,0,,0,0,0,0,
f40e7d4c2b8b4ea89a6cd017303ca5c0,278,1575,0,0,0,,0,0,0,,0,0,0,,530,236,186,272,https://www.twitch.tv/videos/2749448606
4cebb92683d548089e998ec18a484930,277,13153,26,7,26,https://www.youtube.com/watch?v=VJFaGLJDrVY,26,7,26,https://www.youtube.com/watch?v=VJFaGLJDrVY,0,0,0,,0,0,0,0,
b7155dea3cdc452e9f77df41ccca17bd,276,1226,0,0,0,,0,0,0,,0,0,0,,491,0,0,0,
25619abc5e0d4f79839e48d83234eaf8,274,6055,9,4,14,https://www.youtube.com/watch?v=EBI7uSSrGXY,8,5,14,https://www.youtube.com/watch?v=EBI7uSSrGXY,11,1,11,https://www.youtube.com/watch?v=lYMg7YzHxFQ,734,44,40,76,https://www.twitch.tv/videos/2744617320
d334f3b3ba8b4e43bd7b5a237a7b4476,273,41687,62,26,70,https://www.youtube.com/watch?v=qnY5ciBBp_A,62,26,70,https://www.youtube.com/watch?v=qnY5ciBBp_A,0,0,0,,38,0,0,0,
c543b53edfbd4b3c92f4801cb8d3346c,272,15856,0,0,0,,0,0,0,,0,0,0,,0,0,0,0,
a16471805f7f44f88237b42c79b9f3a2,272,10547,0,0,0,,0,0,0,,0,0,0,,0,0,0,0,
985e64cecc24401290c08cb7e2f4ef50,271,7373,26,5,41,https://www.youtube.com/watch?v=z2d22ZXrCgA,26,5,41,https://www.youtube.com/watch?v=z2d22ZXrCgA,0,0,0,,1992,239,165,435,https://www.twitch.tv/videos/2743529322
a6a155230538488e8488f01160598837,271,16969,0,0,0,,0,0,0,,0,0,0,,0,0,0,0,
192be77802a54229bb67b40c00978520,271,2181,0,0,0,,0,0,0,,0,0,0,,1034,0,0,0,
3e7f5f5e829e4d4baca2a8a5916d60e4,270,3232,985,789,1307,https://www.youtube.com/watch?v=LEkylWrn4uU,0,0,0,,985,789,1307,https://www.youtube.com/watch?v=LEkylWrn4uU,2177,596,395,1454,https://www.twitch.tv/videos/2739399336
de5f8aaf92814bb79eb91adb0efc8f1d,270,13499,11,3,23,https://www.youtube.com/watch?v=fKV-e8AxGxc,11,3,23,https://www.youtube.com/watch?v=fKV-e8AxGxc,0,0,0,,0,0,0,0,
68f424a416ad426faa8b01b78f47b3e3,270,21110,21113,3793,21113,https://www.youtube.com/watch?v=vb8gLyg1OaA,0,0,0,,21113,3793,21113,https://www.youtube.com/watch?v=vb8gLyg1OaA,0,0,0,0,
03e9bea117bd4b5ba189b48f1617d9bb,268,7787,0,0,0,,0,0,0,,0,0,0,,0,0,0,0,
67b3f32472774d3191ecfea12f60a990,268,9404,0,0,0,,0,0,0,,0,0,0,,115,4,3,4,https://www.twitch.tv/videos/2748934046
05d19eac5d22427f916e6fa59bf17b3b,268,77730,4,1,286,https://www.youtube.com/watch?v=LS_uE-Ae-8E,127,26,148,https://www.youtube.com/watch?v=eMQcVvdCsyo,4,1,286,https://www.youtube.com/watch?v=LS_uE-Ae-8E,2455,289,200,515,https://www.twitch.tv/videos/2748602994
964a0dde279c45ea85ffc6ad5d266206,266,7901,88,57,1368,https://www.youtube.com/watch?v=F9OPFXCpXtY,59,34,128,https://www.youtube.com/watch?v=rjrZ9jLGPmI,1290,862,1368,https://www.youtube.com/watch?v=F9OPFXCpXtY,1069,159,100,190,https://www.twitch.tv/videos/2739694576
22a21c1a529f4817b8790629d8b4590f,264,34879,403,84,1150,https://www.youtube.com/watch?v=b28SnekUtvU,0,0,0,,403,84,1150,https://www.youtube.com/watch?v=b28SnekUtvU,106,0,0,0,
a76d4171e74448fd9d1a6eaf183be3ff,263,15154,0,0,0,,0,0,0,,0,0,0,,852,0,0,0,
33f8f83054e3473d9c8c5e1a3c8e1008,262,8617,26,25,77,https://www.youtube.com/watch?v=Yh5v4CpWcog,30,29,77,https://www.youtube.com/watch?v=Yh5v4CpWcog,3,2,3,https://www.youtube.com/watch?v=IzftBmxRwGE,0,0,0,0,
fbd0d260a09c47b1a9dcc73fd41e7eca,262,3848,0,0,0,,0,0,0,,0,0,0,,6451,0,0,0,
105f7890339346329ab408f423f617c3,260,15806,756,52,1277,https://www.youtube.com/watch?v=HiEnyqlCAuI,0,0,0,,756,52,1277,https://www.youtube.com/watch?v=HiEnyqlCAuI,4381,2142,931,2620,https://www.twitch.tv/videos/2738019450
0d07fb89672446c3b4a1682131f96f7b,260,21794,31,15,42,https://www.youtube.com/watch?v=B_j0vDsvTL4,31,15,42,https://www.youtube.com/watch?v=B_j0vDsvTL4,0,0,0,,0,0,0,0,
f7758d944fd8438a86bfe1235c7bcd17,259,15178,1,0,93,https://www.youtube.com/watch?v=qrEQoAtkmL0,0,0,0,,1,0,93,https://www.youtube.com/watch?v=qrEQoAtkmL0,603,167,94,167,https://www.twitch.tv/videos/2741111230
04e61f47cdf542c7b5a3b3ae569fc021,257,2970,0,0,0,,0,0,0,,0,0,0,,885,0,0,0,
0c05eca1975b40b3a0b54d3dfd61055d,257,37175,0,0,0,,0,0,0,,0,0,0,,2632,113,62,152,https://www.twitch.tv/videos/2747066113
3a44da0674144e61bff60415cc09a678,255,7251,8,3,10,https://www.youtube.com/watch?v=eNal2zdY5PQ,8,3,10,https://www.youtube.com/watch?v=eNal2zdY5PQ,0,0,0,,0,0,0,0,
2ff6c25f8e5943d2ac0a6a006f5784c3,255,2378,15,2,27,https://www.youtube.com/watch?v=U3t4Fc2ta54,0,0,0,,15,2,27,https://www.youtube.com/watch?v=U3t4Fc2ta54,1586,364,254,545,https://www.twitch.tv/videos/2742800999
7c96bbca1c184d70a39ef2a65a0d788c,255,164348,0,0,0,,0,0,0,,0,0,0,,595,0,0,0,
cd0b2f63c88e4b4abd5b83296a5d7866,253,3718,0,0,0,,0,0,0,,0,0,0,,3610,0,0,0,
75eb49d99170441ab784d7bec7378d21,252,10683,0,0,0,,0,0,0,,0,0,0,,1408,64,39,179,https://www.twitch.tv/videos/2741217597
5f044942071146cb9ec4b760458a662e,250,10834,0,0,0,,0,0,0,,0,0,0,,802,259,219,259,https://www.twitch.tv/videos/2749375355
1af1c5f8526a4396820151df1bff37b7,248,23015,90,71,1528,https://www.youtube.com/watch?v=0-qpKSU9JHY,83,70,164,https://www.youtube.com/watch?v=YNomkBgIuCM,1267,579,1528,https://www.youtube.com/watch?v=0-qpKSU9JHY,0,0,0,0,
8c1fe8acf675446ebb2fd046e6396983,247,24446,20,3,115,https://www.youtube.com/watch?v=sh1xMYBd3jw,20,3,115,https://www.youtube.com/watch?v=sh1xMYBd3jw,0,0,0,,258,20,14,26,https://www.twitch.tv/videos/2740495774
90a8ac8d7653460298ba85cb7e4d3bc9,246,3242,0,0,0,,0,0,0,,0,0,0,,55,0,0,0,
a3452262e11348c88afea4031b0323a8,243,21432,3,0,7,https://www.youtube.com/watch?v=wE0mPogybsE,0,0,0,,3,0,7,https://www.youtube.com/watch?v=wE0mPogybsE,476,0,0,0,
1ccf3d7852d34137b9cc70343dcc41bf,243,108739,441,120,617,https://www.youtube.com/watch?v=aRYcSyKP2aM,0,0,0,,441,120,617,https://www.youtube.com/watch?v=aRYcSyKP2aM,113,0,0,0,
cabc3ddcf7ad46ef9acb4b0951f9b2ba,243,20359,3,0,1123,https://www.youtube.com/watch?v=EHjJtpJh3cU,0,0,0,,3,0,1123,https://www.youtube.com/watch?v=EHjJtpJh3cU,1214,222,174,382,https://www.twitch.tv/videos/2745461537
47cd428eee8640cb80afaa4ef9bb55e0,242,16784,18,11,77,https://www.youtube.com/watch?v=x5XhigJh_Xc,18,11,77,https://www.youtube.com/watch?v=x5XhigJh_Xc,0,0,0,,1651,77,67,136,https://www.twitch.tv/videos/2748643657
e7ac18c2e713426692cfd0ef7fe2b897,241,38,0,0,0,,0,0,0,,0,0,0,,150,11,10,21,https://www.twitch.tv/videos/2740913182
c91577ba12cd45deb9c8e5c666c290be,240,85797,43,17,126,https://www.youtube.com/watch?v=Wn20g93-o24,42,17,126,https://www.youtube.com/watch?v=Wn20g93-o24,97,65,108,https://www.youtube.com/watch?v=0PWTEDZkE_w,0,0,0,0,
3e86fddd8145474691e77ba761a6b2a5,239,37367,0,0,0,,0,0,0,,0,0,0,,1050,0,0,0,
67252692b4f64f509af6eacffdeafdf9,239,24945,63,25,344,https://www.youtube.com/watch?v=UFIIH90h6Vw,60,22,96,https://www.youtube.com/watch?v=AnsMXIyHktM,344,119,344,https://www.youtube.com/watch?v=UFIIH90h6Vw,0,0,0,0,
777608b04fa74a42975497f6273ed6f9,239,12390,2,1,6,https://www.youtube.com/watch?v=TA5eNsFXvp8,0,0,0,,2,1,6,https://www.youtube.com/watch?v=TA5eNsFXvp8,2946,632,430,676,https://www.twitch.tv/videos/2742941394
c40a4498540d462a89c2391a41aa9f0e,238,10616,364,39,1107,https://www.youtube.com/watch?v=OkTowfElHjM,49,39,53,https://www.youtube.com/watch?v=HNggqAxkf3s,891,329,1107,https://www.youtube.com/watch?v=OkTowfElHjM,2354,0,0,0,
0e516fd1e97a4c58bad3afb6469748d4,238,2629,10,2,768,https://www.youtube.com/watch?v=-gGJf87f-20,765,489,765,https://www.youtube.com/watch?v=_6e38JrmhQA,6,1,768,https://www.youtube.com/watch?v=-gGJf87f-20,558,75,56,250,https://www.twitch.tv/videos/2741240220
33cabb57d2454dfdbdf7453c54429940,236,90716,1494,724,2045,https://www.youtube.com/watch?v=-SJrlbmlDIQ,0,0,0,,1494,724,2045,https://www.youtube.com/watch?v=-SJrlbmlDIQ,627,248,152,484,https://www.twitch.tv/videos/2745330261
c274c90379ca4e57a79251976cda3e54,232,8840,0,0,0,,0,0,0,,0,0,0,,322,0,0,0,
f72fb9eab9a84db5ba139131d59bdd02,232,36131,837,372,1053,https://www.youtube.com/watch?v=-pIMijzAS98,0,0,0,,837,372,1053,https://www.youtube.com/watch?v=-pIMijzAS98,375,80,63,221,https://www.twitch.tv/videos/2740532245
dbbb8592c30840c8b00ae8091a684e5c,232,9093,0,0,0,,0,0,0,,0,0,0,,1276,0,0,0,
d198a42f93d84e9ca061a72243d142cc,232,117944,0,0,0,,0,0,0,,0,0,0,,526,59,21,194,https://www.twitch.tv/videos/2749243213
af89613e72874e219c00ab0c89b6c641,231,52750,9,4,25,https://www.youtube.com/watch?v=WknrZtoYtoM,17,12,25,https://www.youtube.com/watch?v=WknrZtoYtoM,4,1,4,https://www.youtube.com/watch?v=49zlPC0rbnI,11,0,0,0,
d8b5835bc6aa46119cc7ddd4447e780f,231,35930,0,0,0,,0,0,0,,0,0,0,,2000,545,530,545,https://www.twitch.tv/videos/2750925900
a7bb915cc1a0474080d7dbf6d245daf4,230,13395,0,0,0,,0,0,0,,0,0,0,,44,0,0,0,
25b5885afcdc4430be0d822464ccff91,230,3542,11,8,25,https://www.youtube.com/watch?v=f-P4ttzXAzI,18,9,25,https://www.youtube.com/watch?v=f-P4ttzXAzI,5,2,5,https://www.youtube.com/watch?v=AF32voEGyE0,326,22,17,40,https://www.twitch.tv/videos/2741319731
d4bd6ed12ee746a8978434ee5b14dd27,229,60192,332,143,1224,https://www.youtube.com/watch?v=mFGVd6cuack,0,0,0,,332,143,1224,https://www.youtube.com/watch?v=mFGVd6cuack,540,67,55,374,https://www.twitch.tv/videos/2747844387
bf6401d2159c40a8a616defa8c2c4a66,228,25501,0,0,0,,0,0,0,,0,0,0,,823,0,0,0,
5d23e69300534fe6aa678d75573381ea,228,1962,0,0,0,,0,0,0,,0,0,0,,0,0,0,0,
e9569c3f60c541ab83899c09079feaa2,228,10372,555,476,951,https://www.youtube.com/watch?v=tIHRv-tu96E,0,0,0,,555,476,951,https://www.youtube.com/watch?v=tIHRv-tu96E,2930,1721,1461,1721,https://www.twitch.tv/videos/2747879687
156aba6fe34b4d648a3fd210550963c7,227,1040,0,0,0,,0,0,0,,0,0,0,,93,0,0,0,
42d2b255295b468dafe439394130ae11,227,12295,6,3,17,https://www.youtube.com/watch?v=uGna5yXBP4o,0,0,0,,6,3,17,https://www.youtube.com/watch?v=uGna5yXBP4o,968,178,151,211,https://www.twitch.tv/videos/2750185438
4693c4a0f4284a429f353419a3fc547c,226,50772,1591,1039,11704,https://www.youtube.com/watch?v=pHDOJd4NLsQ,0,0,0,,1591,1039,11704,https://www.youtube.com/watch?v=pHDOJd4NLsQ,0,0,0,0,
dc27d7819dac471f907e0ace5131580f,226,5292,0,0,0,,0,0,0,,0,0,0,,1447,177,111,468,https://www.twitch.tv/videos/2745884079
af82ee4712aa4d6c9c4100591a8a3163,225,3181,0,0,0,,0,0,0,,0,0,0,,567,0,0,0,
a3afce163c9341c992f526816d9d5440,222,3550,33,24,33,https://www.youtube.com/watch?v=9SYWCwesh4w,33,24,33,https://www.youtube.com/watch?v=9SYWCwesh4w,0,0,0,,100,0,0,0,
6cb91cbf63cd46d49566ade06d3b3418,222,6466,0,0,0,,0,0,0,,0,0,0,,0,0,0,0,
98619914a2eb4b07bd6bc0a02066e455,221,5599,0,0,0,,0,0,0,,0,0,0,,1318,191,136,191,https://www.twitch.tv/videos/2744589469
52d8a731a7634e529ba986ae40ce6526,221,16822,0,0,0,,0,0,0,,0,0,0,,840,398,303,502,https://www.twitch.tv/videos/2742002222
71da2daf84a546c39399adf6ca44aac1,220,16049,23,12,163,https://www.youtube.com/watch?v=gjteMks3q5g,24,13,163,https://www.youtube.com/watch?v=gjteMks3q5g,11,6,11,https://www.youtube.com/watch?v=48X1kHIKMQ0,299,55,31,98,https://www.twitch.tv/videos/2740538574
25ac52ef552244a997045ca561b5636f,219,3644,0,0,0,,0,0,0,,0,0,0,,0,0,0,0,
27a22366e885420e8a3c78ee7ac7c075,219,15236,56,21,1265,https://www.youtube.com/watch?v=xuv4A_lNRCg,53,23,120,https://www.youtube.com/watch?v=H1CRIwWWt_E,1265,16,1265,https://www.youtube.com/watch?v=xuv4A_lNRCg,34,14,11,18,https://www.twitch.tv/videos/2749414764
1fa9ddce23964bab8edddf7f18dad2f3,218,10591,0,0,0,,0,0,0,,0,0,0,,1579,75,68,75,https://www.twitch.tv/videos/2749518084
c56801a52568414ca54724a3c24c3417,218,19840,0,0,0,,0,0,0,,0,0,0,,2208,146,105,197,https://www.twitch.tv/videos/2746095447
3986345f7cae4fc5ba3b7fd3a8dceba0,218,1004,0,0,0,,0,0,0,,0,0,0,,1110,0,0,0,
15c82034235748649547ada64817a6d1,216,14297,510,382,977,https://www.youtube.com/watch?v=FbFwVtNxdO0,0,0,0,,510,382,977,https://www.youtube.com/watch?v=FbFwVtNxdO0,3602,187,134,318,https://www.twitch.tv/videos/2746189542
d564dc69725f4258b8b08d8d5df285a8,216,9141,33,7,38,https://www.youtube.com/watch?v=3FsQZUddaiI,33,7,38,https://www.youtube.com/watch?v=3FsQZUddaiI,0,0,0,,69,0,0,0,
d8fa0fb407c043cb9b65ab66c2221e8d,216,69923,2,0,17,https://www.youtube.com/watch?v=6WqwNxOHQnw,0,0,0,,2,0,17,https://www.youtube.com/watch?v=6WqwNxOHQnw,2231,28,21,91,https://www.twitch.tv/videos/2740589076
cfe0c2386d794c229d71c5a6a7e28333,214,15535,8,1,8,https://www.youtube.com/watch?v=T5aWDv_OlL4,0,0,0,,8,1,8,https://www.youtube.com/watch?v=T5aWDv_OlL4,0,0,0,0,
31888d1a66654eee82d4dd22017db978,214,36957,600,233,1935,https://www.youtube.com/watch?v=Rg0sKlZ4Rwk,0,0,0,,600,233,1935,https://www.youtube.com/watch?v=Rg0sKlZ4Rwk,0,0,0,0,
0554e298ab8041c19ce07bf0b2c315a0,214,18549,46,30,1264,https://www.youtube.com/watch?v=fAIZl1bxCg8,40,18,52,https://www.youtube.com/watch?v=NkygGElcLcw,666,414,1264,https://www.youtube.com/watch?v=fAIZl1bxCg8,0,0,0,0,
8814a6eccdd04fa6bf2f8201f12bf8ae,213,3769,0,0,0,,0,0,0,,0,0,0,,339,30,29,30,https://www.twitch.tv/videos/2751102515
3dc59c2e8b424c9e812fb48048ebdef8,211,6206,0,0,0,,0,0,0,,0,0,0,,1520,117,100,202,https://www.twitch.tv/videos/2742994682
54ea240f1bf1471981684464081645e7,211,4066,0,0,0,,0,0,0,,0,0,0,,349,17,12,25,https://www.twitch.tv/videos/2742775288
12479712313d4ddda715483e1f93ee9d,210,4291,0,0,0,,0,0,0,,0,0,0,,0,0,0,0,
c269bafe425f470e957731c454b8925c,210,17768,0,0,0,,0,0,0,,0,0,0,,444,0,0,0,
463e3994840145618264d41fa3eaf344,209,12126,43,10,55,https://www.youtube.com/watch?v=bQk9-1qB2lo,44,19,55,https://www.youtube.com/watch?v=bQk9-1qB2lo,21,1,21,https://www.youtube.com/watch?v=P9_DnVTZosg,0,0,0,0,
47d591738d2449a496e7ce140b539662,209,1245,0,0,0,,0,0,0,,0,0,0,,2112,238,181,253,https://www.twitch.tv/videos/2750669638
f1d9ff59d3d74b0ebb4268de53698dbf,208,6342,0,0,0,,0,0,0,,0,0,0,,739,0,0,0,
7bebabbe96a34368aa03da163e3da313,206,27381,32,15,36,https://www.youtube.com/watch?v=xFDSuN8IvV0,32,15,36,https://www.youtube.com/watch?v=xFDSuN8IvV0,0,0,0,,0,0,0,0,
14b644d58ff14ef1b491ef3d451e9e06,206,0,0,0,0,,0,0,0,,0,0,0,,3371,0,0,0,
3082cc9c2e124fb3bf77cc799590042e,205,16140,55,18,77,https://www.youtube.com/watch?v=lm2oyZBm6do,55,18,77,https://www.youtube.com/watch?v=lm2oyZBm6do,0,0,0,,0,0,0,0,
de8c5ca15afd4534a822e5a1a9c2784e,205,2052,0,0,0,,0,0,0,,0,0,0,,2174,416,269,461,https://www.twitch.tv/videos/2741428862
3c9899af7c104ea08eb0baa4ee565076,203,2412,0,0,0,,0,0,0,,0,0,0,,677,60,44,104,https://www.twitch.tv/videos/2741183322
5949eae32b844c9e873474efb19f4e6d,203,6005,0,0,0,,0,0,0,,0,0,0,,0,0,0,0,
8e65ff08f84f46148a79346978db81c8,202,38390,43,32,1115,https://www.youtube.com/watch?v=Fy5_BFHWROo,40,32,120,https://www.youtube.com/watch?v=QQch8WZypSI,586,341,1115,https://www.youtube.com/watch?v=Fy5_BFHWROo,0,0,0,0,
a5ced44a2bb74575a9cf9ea48f9ec890,199,8671,73,16,73,https://www.youtube.com/watch?v=e4s655QZIBI,73,16,73,https://www.youtube.com/watch?v=e4s655QZIBI,0,0,0,,0,0,0,0,
1d0201167f5445e8b410a8f311e54133,197,20837,0,0,0,,0,0,0,,0,0,0,,146,34,33,54,https://www.twitch.tv/videos/2751053532
05970b8580b4433d9afb8769568d2276,197,4990,0,0,0,,0,0,0,,0,0,0,,9,0,0,0,
fdbcdd7db6b04ed4b2336b1b3da66564,196,18621,517,259,517,https://www.youtube.com/watch?v=iW2TPlq_QmQ,0,0,0,,517,259,517,https://www.youtube.com/watch?v=iW2TPlq_QmQ,198,225,150,348,https://www.twitch.tv/videos/2750202246
1d9db35aa47c4d2d8bea3fb94afbd1b9,196,7531,34,26,371,https://www.youtube.com/watch?v=7vzZ5EcyssQ,32,21,58,https://www.youtube.com/watch?v=L3PZutmR6Qo,371,130,371,https://www.youtube.com/watch?v=7vzZ5EcyssQ,0,0,0,0,
48e968abd77d434db31de0f0bb8d92a1,196,10781,3,0,7,https://www.youtube.com/watch?v=WRW-A9P2QSM,0,0,0,,3,0,7,https://www.youtube.com/watch?v=WRW-A9P2QSM,529,33,24,50,https://www.twitch.tv/videos/2744508139
936b7b3d4250469d94b53ebc7e4936f6,193,241236,0,0,0,,0,0,0,,0,0,0,,1186,214,91,312,https://www.twitch.tv/videos/2728550808
26e2e1583d404f48b879375ef74ae33a,192,8950,0,0,0,,0,0,0,,0,0,0,,0,0,0,0,
021eaf7cecfa4416b759fcc310f7b15a,192,8087,59,3,85,https://www.youtube.com/watch?v=2HrhUTvaZ0o,0,0,0,,59,3,85,https://www.youtube.com/watch?v=2HrhUTvaZ0o,222,56,28,56,https://www.twitch.tv/videos/2739665468
f30f6a2e994641b5af169b97f2aad13b,191,6948,0,0,0,,0,0,0,,0,0,0,,548,0,0,0,
698d1cca0e1f417892c954dabe0aacf8,191,768,0,0,0,,0,0,0,,0,0,0,,2305,0,0,0,
6d76e6b27f164061a216ec2831bd8dd3,189,0,0,0,0,,0,0,0,,0,0,0,,1217,49,36,56,https://www.twitch.tv/videos/2745414762
6cdaf0b035d04e3794a5accd5ed8b08f,188,1688,0,0,0,,0,0,0,,0,0,0,,0,0,0,0,
ccf55e42124c46ab828b188fc8c4f947,188,43318,361,127,1779,https://www.youtube.com/watch?v=YGI2z0bdn2A,0,0,0,,361,127,1779,https://www.youtube.com/watch?v=YGI2z0bdn2A,691,291,209,681,https://www.twitch.tv/videos/2743040120
aad41e66df77481baac0825033d81487,188,42585,913,195,1146,https://www.youtube.com/watch?v=pphaG2mqBko,0,0,0,,913,195,1146,https://www.youtube.com/watch?v=pphaG2mqBko,0,0,0,0,
202d7c3df0a0489288ace48e1e81ac9f,187,4635,0,0,0,,0,0,0,,0,0,0,,76,0,0,0,
699b0baa82d0413aa073155683edcd56,186,5319,0,0,0,,0,0,0,,0,0,0,,2200,136,97,136,https://www.twitch.tv/videos/2744541630
e802007cbda74a0bb3a41f4ebcae7f47,184,684,377,314,905,https://www.youtube.com/watch?v=sz_q4reLDoo,0,0,0,,377,314,905,https://www.youtube.com/watch?v=sz_q4reLDoo,0,0,0,0,
865ef104e1784d878871c819452a63dd,184,1876,59,32,75,https://www.youtube.com/watch?v=d3iAVK2Q3Ys,59,32,75,https://www.youtube.com/watch?v=d3iAVK2Q3Ys,0,0,0,,0,0,0,0,
7a7e366c81d54d03a07cb2c6cb382884,184,6215,0,0,0,,0,0,0,,0,0,0,,0,0,0,0,
3802b3f13284406cb4bc3f775690add5,182,6605,70,27,112,https://www.youtube.com/watch?v=0IQKPL516Qg,70,27,112,https://www.youtube.com/watch?v=0IQKPL516Qg,0,0,0,,74,69,67,127,https://www.twitch.tv/videos/2747036142
a0fd4ae0fdc540c7b0c63d292372412a,182,2473,0,0,0,,0,0,0,,0,0,0,,187,0,0,0,
25f3eb5a85784e0e9f59f45ae775badd,179,10493,0,0,0,,0,0,0,,0,0,0,,0,0,0,0,
d46a06f4c654403e8b6376f7eda6f6ba,178,9457,81,30,1710,https://www.youtube.com/watch?v=9Zc7tJkYRJ8,68,30,92,https://www.youtube.com/watch?v=Om8d9YVFn1I,953,374,1710,https://www.youtube.com/watch?v=9Zc7tJkYRJ8,0,0,0,0,
98c577d538f84d75a3c34e0f9d13c8a3,177,10604,0,0,0,,0,0,0,,0,0,0,,256,14,9,14,https://www.twitch.tv/videos/2743879540
a0b5f8b54a534dfcb66154002e97e4cc,175,0,0,0,0,,0,0,0,,0,0,0,,155,0,0,0,
e73e2554e6754cadb0b836bb1fcfdaf7,175,17635,89,59,1198,https://www.youtube.com/watch?v=1O_zskkPAOk,82,50,229,https://www.youtube.com/watch?v=a71eL1M2doU,554,232,1198,https://www.youtube.com/watch?v=1O_zskkPAOk,29,50,40,78,https://www.twitch.tv/videos/2750921509
7ee7164af0d645a18422350715a1eef0,175,399,0,0,0,,0,0,0,,0,0,0,,359,0,0,0,
9b9409f309a54c54bf6225f43eae1167,174,5889,0,0,0,,0,0,0,,0,0,0,,1911,219,177,219,https://www.twitch.tv/videos/2747000461
844adbe9800c4c52863267075afd2c7f,173,8756,0,0,0,,0,0,0,,0,0,0,,259,0,0,0,
56e0088d20b04a059da9932476fc9a5b,172,21220,0,0,0,,0,0,0,,0,0,0,,2564,0,0,0,
b2ec8ce2ab124618ae1b1af2cd85ce23,172,2744,0,0,0,,0,0,0,,0,0,0,,272,0,0,0,
b850c220033a4b6d83c9b9b70b04647b,172,3751,0,0,0,,0,0,0,,0,0,0,,203,0,0,0,
cf5fc0cd849841679951b3769979b3a0,172,3307,81,29,211,https://www.youtube.com/watch?v=3uB1JzEHVaU,81,29,211,https://www.youtube.com/watch?v=3uB1JzEHVaU,0,0,0,,34,25,20,44,https://www.twitch.tv/videos/2747112537
513641895d9a4fbca3b19aeb63d28915,172,7320,0,0,0,,0,0,0,,0,0,0,,1292,503,202,1194,https://www.twitch.tv/videos/2728897883
bb21226dc1db41e294f545133948115b,171,12861,0,0,0,,0,0,0,,0,0,0,,858,0,0,0,
74a8b2325c0c4b158dd12377bff187c8,171,8773,63,28,719,https://www.youtube.com/watch?v=9aZevKYxXlQ,22,2,36,https://www.youtube.com/watch?v=G2SslynPolk,121,42,719,https://www.youtube.com/watch?v=9aZevKYxXlQ,0,0,0,0,
67dc6d443cff47a4bc6a31a56e8b72f5,171,17519,52,12,70,https://www.youtube.com/watch?v=djwZf9-9kpA,64,14,70,https://www.youtube.com/watch?v=djwZf9-9kpA,6,3,6,https://www.youtube.com/watch?v=yzZJ7FNNNXY,0,0,0,0,
49150fef0c1f4c0e9e18567224a7bf5c,171,0,0,0,0,,0,0,0,,0,0,0,,0,0,0,0,
a91c83dff0c94387aa2c11e597424517,171,10925,0,0,0,,0,0,0,,0,0,0,,260,53,42,78,https://www.twitch.tv/videos/2747038087
6cdc57bc89cc4b7f9c9d848fd5b0d031,171,23594,0,0,0,,0,0,0,,0,0,0,,0,0,0,0,
a3bbe09809e141e5b0658a79ba63f977,171,13605,5,2,13,https://www.youtube.com/watch?v=8pa5mvhGwBs,0,0,0,,5,2,13,https://www.youtube.com/watch?v=8pa5mvhGwBs,402,16,10,20,https://www.twitch.tv/videos/2746236223
868a7d0a1ef94befa5205a21fb65d7d5,169,2803,0,0,0,,0,0,0,,0,0,0,,4632,0,0,0,
0c97b425059d4ac893cae0f804f4ccbc,169,10988,0,0,0,,0,0,0,,0,0,0,,0,0,0,0,
2479e2782c0b4a7880004832c84a336b,169,2554,1503,1230,1503,https://www.youtube.com/watch?v=jqWuv8FXNDk,0,0,0,,1503,1230,1503,https://www.youtube.com/watch?v=jqWuv8FXNDk,285,72,51,72,https://www.twitch.tv/videos/2744536082
c29627e1a48a4ea8b21c858aba1836d0,167,6450,0,0,0,,0,0,0,,0,0,0,,413,147,119,262,https://www.twitch.tv/videos/2740276871
591654ee39c147ffaa77a531a81a6eda,167,13049,39,34,144,https://www.youtube.com/watch?v=bKKVzQgiVdI,39,34,144,https://www.youtube.com/watch?v=bKKVzQgiVdI,0,0,0,,674,31,25,51,https://www.twitch.tv/videos/2744522949
288ba70f1a044c72a65ed9cf3b425d13,167,16947,0,0,0,,0,0,0,,0,0,0,,0,0,0,0,
9add5efb4665440e8e021a9c3ced6095,167,10080,64,19,397,https://www.youtube.com/watch?v=FH9nqQmfHNo,64,19,397,https://www.youtube.com/watch?v=FH9nqQmfHNo,86,27,113,https://www.youtube.com/watch?v=81tyd06By8w,0,0,0,0,
cd38e82545b04cb8a3e047fe41f2ba40,166,1257,0,0,0,,0,0,0,,0,0,0,,1010,242,118,967,https://www.twitch.tv/videos/2740853501
58f233e089ca45c8bc1969b471183766,166,24555,15,8,62,https://www.youtube.com/watch?v=6v8tFqWvC14,15,8,62,https://www.youtube.com/watch?v=6v8tFqWvC14,0,0,0,,0,0,0,0,
604dc5a26bb54f3d8a69c9df659d23d7,165,4988,0,0,0,,0,0,0,,0,0,0,,802,44,38,63,https://www.twitch.tv/videos/2743593981
c08ae8d7412d407c8b233f6e445d081c,164,3341,2,0,87,https://www.youtube.com/watch?v=rWf6pDaG6MM,0,0,0,,2,0,87,https://www.youtube.com/watch?v=rWf6pDaG6MM,719,63,39,77,https://www.twitch.tv/videos/2746097002
64677f13935847cca3e2e6670a89d9a8,164,1012,18,10,31,https://www.youtube.com/watch?v=4p7UGw32qHg,18,10,31,https://www.youtube.com/watch?v=4p7UGw32qHg,0,0,0,,427,10,6,11,https://www.twitch.tv/videos/2742117315
ad94d8048eb443248e4f2161201a938d,164,4329,220,159,1115,https://www.youtube.com/watch?v=gVt35I-ANfc,0,0,0,,220,159,1115,https://www.youtube.com/watch?v=gVt35I-ANfc,10,0,0,0,
8ad7e8cd45e040f797cf2f1fa9d68976,162,5507,40,21,149,https://www.youtube.com/watch?v=thn3JSkJgJs,40,21,149,https://www.youtube.com/watch?v=thn3JSkJgJs,0,0,0,,0,0,0,0,
ad6455da071543ab88cd4855a11cf39b,160,6113,35,17,36,https://www.youtube.com/watch?v=1WDEkymJ_5Y,35,17,36,https://www.youtube.com/watch?v=1WDEkymJ_5Y,0,0,0,,0,0,0,0,
3475b2087d9a4d799c10bd3ac5f45437,160,876,26,12,26,https://www.youtube.com/watch?v=bRGs-Zgon7o,0,0,0,,26,12,26,https://www.youtube.com/watch?v=bRGs-Zgon7o,1149,353,216,460,https://www.twitch.tv/videos/2740435871
1e62a729ec51448aa89d22adde18b214,159,34044,69,35,356,https://www.youtube.com/watch?v=Rd364RKLaMw,39,30,161,https://www.youtube.com/watch?v=sc30jGWeyAI,79,39,356,https://www.youtube.com/watch?v=Rd364RKLaMw,0,0,0,0,
d93ec185504e45e2894865980da489a9,159,2606,7,2,20,https://www.youtube.com/watch?v=tCuBFRYRQ5I,0,0,0,,7,2,20,https://www.youtube.com/watch?v=tCuBFRYRQ5I,1709,385,285,688,https://www.twitch.tv/videos/2745498175
6481e646412745d3b2fa38255cef0da4,159,7815,921,135,1756,https://www.youtube.com/watch?v=T6BnM6Nrlss,0,0,0,,921,135,1756,https://www.youtube.com/watch?v=T6BnM6Nrlss,548,85,64,102,https://www.twitch.tv/videos/2741351291
5aca9ae61bba473b96998fee811d155e,157,28252,169,134,511,https://www.youtube.com/watch?v=KMIjD9zSxQw,19,15,19,https://www.youtube.com/watch?v=fmYxpF77XC4,256,233,511,https://www.youtube.com/watch?v=KMIjD9zSxQw,0,0,0,0,
bad9c0bc10404089a32d6b4b8346fc0e,157,86148,19,9,101,https://www.youtube.com/watch?v=x7EcroC4Gsg,19,9,101,https://www.youtube.com/watch?v=x7EcroC4Gsg,0,0,0,,0,0,0,0,
290bbaa329eb45b1a267bfd7e35c3b14,156,9074,0,0,0,,0,0,0,,0,0,0,,459,25,21,30,https://www.twitch.tv/videos/2750253447
46821555a7af41e4aa70fe0fabd8a4f6,155,7297,0,0,0,,0,0,0,,0,0,0,,671,141,101,297,https://www.twitch.tv/videos/2746934173
fe1731a49d43440391f571347747604c,155,2557,1,0,1,https://www.youtube.com/watch?v=7vEFC1ejXO4,0,0,0,,1,0,1,https://www.youtube.com/watch?v=7vEFC1ejXO4,1273,419,298,589,https://www.twitch.tv/videos/2745222673
949f184abcc84a82b8e9f333b41a2109,154,9261,7,2,30,https://www.youtube.com/watch?v=T20WeU02wr4,0,0,0,,7,2,30,https://www.youtube.com/watch?v=T20WeU02wr4,2431,1010,483,1582,https://www.twitch.tv/videos/2728084927
dc97af965a4942d281cc7365805233f1,154,3212,0,0,0,,0,0,0,,0,0,0,,68,15,14,15,https://www.twitch.tv/videos/2750889743
edfed5b0978a4fb98f94319bfc639d98,153,1195,0,0,0,,0,0,0,,0,0,0,,1036,394,331,1168,https://www.twitch.tv/videos/2750006809
4d96aeef13f949e19026682e337db138,153,3231,0,0,0,,0,0,0,,0,0,0,,2650,97,88,97,https://www.twitch.tv/videos/2749383489
3442df03030941b0933077faf6a75c6a,153,9737,0,0,0,,0,0,0,,0,0,0,,627,68,60,120,https://www.twitch.tv/videos/2747886560
a8bee4c680a54cf29b34d90bf7230ab1,153,2792,0,0,0,,0,0,0,,0,0,0,,1903,189,166,238,https://www.twitch.tv/videos/2750146574
f958b1a87ecd4bfab42ba0d1443bfa61,152,9880,7,2,19,https://www.youtube.com/watch?v=sc0pwva-kFE,8,2,19,https://www.youtube.com/watch?v=sc0pwva-kFE,2,1,11,https://www.youtube.com/watch?v=eSQAHsQwOF4,525,63,40,90,https://www.twitch.tv/videos/2747802426
6a915915ad2a4d29b524ebd50f2dbbe4,152,1510,0,0,0,,0,0,0,,0,0,0,,1594,0,0,0,
fced951d6a344a27b59e422984ead36d,150,26969,39,16,149,https://www.youtube.com/watch?v=3PkXrGaLe00,39,23,47,https://www.youtube.com/watch?v=LHou4mVZg9s,54,16,149,https://www.youtube.com/watch?v=3PkXrGaLe00,0,0,0,0,
67c533576c474a0d9897f62964cef71c,150,4520,0,0,0,,0,0,0,,0,0,0,,293,85,67,145,https://www.twitch.tv/videos/2741024852
41e1aa0eab8d4ec5a4010833581f5b92,149,2746,0,0,0,,0,0,0,,0,0,0,,87,0,0,0,
68671ee09add4d87b8038acebc5b48a4,146,978,3,1,15,https://www.youtube.com/watch?v=_LzT-_fK9-4,0,0,0,,3,1,15,https://www.youtube.com/watch?v=_LzT-_fK9-4,949,125,102,313,https://www.twitch.tv/videos/2744607709
98fd913e544f4725afdd28ad05f3e737,145,12221,0,0,0,,0,0,0,,0,0,0,,0,0,0,0,
46a16e41f2af4523adeb4556f2e0b0d5,145,3270,0,0,0,,0,0,0,,0,0,0,,8439,0,0,0,
521d3e3d5e6e410aababfb8f290749b6,145,2474,0,0,1,https://www.youtube.com/watch?v=T6iDE9SwCiI,0,0,0,,0,0,1,https://www.youtube.com/watch?v=T6iDE9SwCiI,369,8,5,8,https://www.twitch.tv/videos/2744472679
a84b1b6deabc462b9cf994fd02304b5b,143,862,0,0,0,,0,0,0,,0,0,0,,1690,0,0,0,
4ec87ced65c74722927e8fd3f219a653,143,3190,0,0,0,,0,0,0,,0,0,0,,222,0,0,0,
240c765d12ae40ab85e53fb39eb22b03,143,2601,0,0,0,,0,0,0,,0,0,0,,4425,0,0,0,
8b1758159f754a3a8d7f26dcf12c008f,143,7012,0,0,0,,0,0,0,,0,0,0,,0,0,0,0,
2f2a88438aee4a5e842f186bcdc05128,143,11528,1256,127,2026,https://www.youtube.com/watch?v=ySBV2-LUBKM,0,0,0,,1256,127,2026,https://www.youtube.com/watch?v=ySBV2-LUBKM,71,0,0,0,
7ccac8385e2d41f69aab04b7f2b23cac,142,5202,0,0,0,,0,0,0,,0,0,0,,1363,0,0,0,
eac3578c689d48b493103c11e2b16c5e,142,15877,0,0,0,,0,0,0,,0,0,0,,907,310,237,411,https://www.twitch.tv/videos/2747003254
2d3deb7610dd4329ba77597dfdd13043,142,19590,1052,430,1890,https://www.youtube.com/watch?v=KHRR-oevWPE,0,0,0,,1052,430,1890,https://www.youtube.com/watch?v=KHRR-oevWPE,1884,183,103,606,https://www.twitch.tv/videos/2741242805
e6d7ea2833a1477aab8dfa3d4f4936fb,142,4446,0,0,0,,0,0,0,,0,0,0,,1436,274,180,555,https://www.twitch.tv/videos/2741218448
f55b426f2ceb419d964d1d1bcd3860e9,141,7013,0,0,0,,0,0,0,,0,0,0,,0,0,0,0,
06f1c7339e1c47ecb69ea7385f4635a1,141,32325,1155,874,1613,https://www.youtube.com/watch?v=jlvCcLpYMTw,0,0,0,,1155,874,1613,https://www.youtube.com/watch?v=jlvCcLpYMTw,344,202,163,273,https://www.twitch.tv/videos/2748599926
c8672ebbfe37442788c48d9a8399fc7b,140,24929,0,0,0,,0,0,0,,0,0,0,,845,186,144,286,https://www.twitch.tv/videos/2750260280
1ea0189fc3ce47fb9461b6cab10d78fe,140,2879,0,0,0,,0,0,0,,0,0,0,,147,0,0,0,
eabec2cff9fb48cdb79965d77a56f47d,139,7700,56,25,176,https://www.youtube.com/watch?v=HhD3NCze8y0,56,20,176,https://www.youtube.com/watch?v=HhD3NCze8y0,66,60,122,https://www.youtube.com/watch?v=Zac9b_BjCjM,0,0,0,0,
3040b4d9d4374815a4e0af0c887a42fc,139,16792,77,2,77,https://www.youtube.com/watch?v=1jAQF23rGcU,0,0,0,,77,2,77,https://www.youtube.com/watch?v=1jAQF23rGcU,1249,1263,647,1566,https://www.twitch.tv/videos/2750162335
061fa27713ec453ebf41c21eb58b7719,138,2110,0,0,0,,0,0,0,,0,0,0,,0,0,0,0,
135224fe261040639a802804b52f22db,137,0,0,0,0,,0,0,0,,0,0,0,,633,20,13,20,https://www.twitch.tv/videos/2744274400
a1a4762aa1eb4d95be1c0c7a528a8336,135,9850,831,239,831,https://www.youtube.com/watch?v=t8ER8BEeY5I,0,0,0,,831,239,831,https://www.youtube.com/watch?v=t8ER8BEeY5I,1853,411,211,411,https://www.twitch.tv/videos/2739707496
fd638ba6820241d1b3367afab0c6ab3e,134,9891,0,0,0,,0,0,0,,0,0,0,,0,0,0,0,
e739323b76994f8abcca757db52a440d,134,7951,58,10,73,https://www.youtube.com/watch?v=dG4Ku6zgQIw,58,10,73,https://www.youtube.com/watch?v=dG4Ku6zgQIw,0,0,0,,0,0,0,0,
fe1bd62313574733ab86c1a56b7143ab,133,0,0,0,0,,0,0,0,,0,0,0,,1555,0,0,0,
5fdd1d15cf404c918b0f697baff04218,132,29569,1368,777,3269,https://www.youtube.com/watch?v=ggQ0bOFIsKw,0,0,0,,1368,777,3269,https://www.youtube.com/watch?v=ggQ0bOFIsKw,2514,657,372,1121,https://www.twitch.tv/videos/2751075059
c9e933e250e747f88f8cbf4857ec7f3b,130,131,0,0,0,,0,0,0,,0,0,0,,2905,846,719,1417,https://www.twitch.tv/videos/2747564263
c85822960da341bb8f5323219b233bd1,130,8969,0,0,0,,0,0,0,,0,0,0,,0,0,0,0,
f42472ba115a480ab309612af9ae29cf,130,4597,21,8,37,https://www.youtube.com/watch?v=Bw453vJAxws,21,8,37,https://www.youtube.com/watch?v=Bw453vJAxws,0,0,0,,0,0,0,0,
b18dea7632bc49db974a22d6eb6660fb,130,3632,1,0,3,https://www.youtube.com/watch?v=MLXHKqVxbD8,0,0,0,,1,0,3,https://www.youtube.com/watch?v=MLXHKqVxbD8,403,16,8,16,https://www.twitch.tv/videos/2739704497
2928a7d5624e4af8b1331eabae6bda17,129,2663,2,0,3,https://www.youtube.com/watch?v=k2wFfHf7VNY,0,0,0,,2,0,3,https://www.youtube.com/watch?v=k2wFfHf7VNY,731,14,9,43,https://www.twitch.tv/videos/2749477145
afb9c6f2f93040d0a0227405b9d17bde,128,218055,790,218,1804,https://www.youtube.com/watch?v=sAUP5mH9xTE,0,0,0,,790,218,1804,https://www.youtube.com/watch?v=sAUP5mH9xTE,418,104,61,180,https://www.twitch.tv/videos/2749287867
453db6575b094b388ba2ae38e7ff2c51,127,15438,0,0,0,,0,0,0,,0,0,0,,676,0,0,0,
f09a7c3155a047c98f155434b2634ecf,125,3892,0,0,0,,0,0,0,,0,0,0,,392,0,0,0,
3b7dac5e2bdb4c08a139e18ef7f6f7e5,125,7181,0,0,1,https://www.youtube.com/watch?v=Vzoe-7EQ94c,0,0,0,,0,0,1,https://www.youtube.com/watch?v=Vzoe-7EQ94c,642,21,16,38,https://www.twitch.tv/videos/2745202774
a1d3d37caa68474288b903f309db32a1,124,8931,9,2,12,https://www.youtube.com/watch?v=fJmRT-sfXqo,9,2,12,https://www.youtube.com/watch?v=fJmRT-sfXqo,0,0,0,,0,0,0,0,
09b00ccde152498b808efe7317bd52f0,123,1426,0,0,0,,0,0,0,,0,0,0,,2864,0,0,0,
9b6ebeb957fe4fed84a5472b6b3bd13c,122,16958,0,0,0,,0,0,0,,0,0,0,,1182,397,250,503,https://www.twitch.tv/videos/2743589680
350b440f9436415c8499526d4c6f3dfd,121,3977,0,0,0,,0,0,0,,0,0,0,,1726,219,193,332,https://www.twitch.tv/videos/2742149897
fef1577c0352446c8e371b9fd9e7cc73,120,8616,0,0,2,https://www.youtube.com/watch?v=UdXQNqE7fP8,0,0,0,,0,0,2,https://www.youtube.com/watch?v=UdXQNqE7fP8,121,10,9,19,https://www.twitch.tv/videos/2750247818
6c66740fc44a4a489e7a67ac93dd274e,119,1427,0,0,0,,0,0,0,,0,0,0,,412,0,0,0,
74d00f89697a43e6801463c71fb37172,119,18117,94,49,2385,https://www.youtube.com/watch?v=C4bHFlsQBbM,62,13,96,https://www.youtube.com/watch?v=eZ6TGOlQWrc,477,217,2385,https://www.youtube.com/watch?v=C4bHFlsQBbM,30,4,4,10,https://www.twitch.tv/videos/2750239796
8b5d6e9353ba46789fa6a2cfd94f69b2,119,4224,4,1,16,https://www.youtube.com/watch?v=grq8JCzsng4,0,0,0,,4,1,16,https://www.youtube.com/watch?v=grq8JCzsng4,130,14,13,17,https://www.twitch.tv/videos/2750160784
8064b5c85fc64d10ae3e9d3a4c0dfd8f,119,1170,0,0,0,,0,0,0,,0,0,0,,2758,0,0,0,
577251897dc7463393b68c5b6f96559b,119,6630,1,1,7,https://www.youtube.com/watch?v=r4Wd8HVwugc,0,0,0,,1,1,7,https://www.youtube.com/watch?v=r4Wd8HVwugc,676,238,170,631,https://www.twitch.tv/videos/2748607603
5a60a41d2a604bc68368158cd0b1cc12,118,9531,0,0,2,https://www.youtube.com/watch?v=hJohYzgCKW8,0,0,0,,0,0,2,https://www.youtube.com/watch?v=hJohYzgCKW8,636,48,31,70,https://www.twitch.tv/videos/2751081040
68fd874932e3457989d88d4f7f474260,116,6279,30,18,1009,https://www.youtube.com/watch?v=ZI0ngZJvQZw,29,24,122,https://www.youtube.com/watch?v=_CFb4PSXvmg,52,9,1009,https://www.youtube.com/watch?v=ZI0ngZJvQZw,65,36,25,173,https://www.twitch.tv/videos/2750914541
16e0b967de004b45b5c10302382ad43e,116,1885,0,0,0,,0,0,0,,0,0,0,,525,37,20,43,https://www.twitch.tv/videos/2741234400
e93b2dd2339a422f8ab3d21c9d95161c,116,2464,0,0,0,,0,0,0,,0,0,0,,501,26,19,61,https://www.twitch.tv/videos/2751043734
063fe3c0ae714b4ea4edaf79bda5dda0,115,488,0,0,0,,0,0,0,,0,0,0,,2094,246,176,452,https://www.twitch.tv/videos/2750188516
9a7b047b85ae4227af74a0e200c3abc9,115,13978,1098,303,1098,https://www.youtube.com/watch?v=Y42TYt95wWU,0,0,0,,1098,303,1098,https://www.youtube.com/watch?v=Y42TYt95wWU,759,51,40,64,https://www.twitch.tv/videos/2746226179
b9a09f50375248aebc3d6afdb7f5adf6,114,2008,0,0,0,,0,0,0,,0,0,0,,833,0,0,0,
a2847bd09f954df794fb9289d6a96dae,114,4072,173,137,321,https://www.youtube.com/watch?v=EOg0fxV27YA,0,0,0,,173,137,321,https://www.youtube.com/watch?v=EOg0fxV27YA,637,107,78,193,https://www.twitch.tv/videos/2748568679
1daf23905a3d4aa9a59273e563e33382,113,6581,0,0,0,,0,0,0,,0,0,0,,1828,0,0,0,
12286b61ae55499b8c60101a4625b089,113,6633,0,0,0,,0,0,0,,0,0,0,,314,0,0,0,
822b9b7a9eca49df9bfd617a19b274b0,112,2654,19,7,30,https://www.youtube.com/watch?v=7mNCpxgXxB0,19,7,30,https://www.youtube.com/watch?v=7mNCpxgXxB0,0,0,0,,0,0,0,0,
4ead521cd6a04a5aa1b2739f252ac9d1,109,1732,1,0,2,https://www.youtube.com/watch?v=MChTAsG0qwA,0,0,0,,1,0,2,https://www.youtube.com/watch?v=MChTAsG0qwA,256,49,10,76,https://www.twitch.tv/videos/2751035017
77364942d7f24440bbde8efa71c724df,109,6818,0,0,0,,0,0,0,,0,0,0,,635,23,18,90,https://www.twitch.tv/videos/2747039311
965ff8a77ab845aaac693d9c7a56f82d,108,7493,0,0,0,,0,0,0,,0,0,0,,673,139,116,325,https://www.twitch.tv/videos/2745284408
dd9bf471b0304627877f38daaec5407b,108,597,0,0,0,,0,0,0,,0,0,0,,936,61,45,134,https://www.twitch.tv/videos/2746119935
6358ea21f673491fab72d62494b2225f,108,3788,108,37,937,https://www.youtube.com/watch?v=lnW52cKubzY,0,0,0,,108,37,937,https://www.youtube.com/watch?v=lnW52cKubzY,509,268,192,383,https://www.twitch.tv/videos/2750927077
821713a01e5a4f1787926fb48dbf7302,108,7310,28,14,75,https://www.youtube.com/watch?v=yt9XFCxsm5E,28,14,75,https://www.youtube.com/watch?v=yt9XFCxsm5E,0,0,0,,0,0,0,0,
8868dd9b4d75481397fd841b8ef6c55d,107,2284,0,0,0,,0,0,0,,0,0,0,,13,0,0,0,
a127ff7335ae467d961641bcf84f1e2f,107,9317,0,0,0,,0,0,0,,0,0,0,,2153,155,150,155,https://www.twitch.tv/videos/2750871878
f10dc84fab2a41d385c2553b0f1d788b,106,4283,0,0,0,,0,0,0,,0,0,0,,618,144,102,386,https://www.twitch.tv/videos/2744408185
1af37b5945cf40019107583a3c6537ea,104,635,0,0,0,,0,0,0,,0,0,0,,2643,471,369,548,https://www.twitch.tv/videos/2746221351
0a9f3befc55d447fbc9fa1e54ba0dd8e,103,0,0,0,0,,0,0,0,,0,0,0,,134,0,0,0,
fede6fee793048f1a576cab38a6bd414,103,6244,0,0,0,,0,0,0,,0,0,0,,2284,68,15,114,https://www.twitch.tv/videos/2731995198
2d25a18a83af462a8d4062e162017a1a,102,5100,6,4,6,https://www.youtube.com/watch?v=s75SuCI_V0o,0,0,0,,6,4,6,https://www.youtube.com/watch?v=s75SuCI_V0o,495,20,15,20,https://www.twitch.tv/videos/2746363132
ca65749ceff346fd971c24b0461f18d9,102,8277,1,0,1,https://www.youtube.com/watch?v=_6aidpWZfoI,0,0,0,,1,0,1,https://www.youtube.com/watch?v=_6aidpWZfoI,618,0,0,0,
25ebd185190b42d993d961d7c795b444,100,2675,0,0,0,,0,0,0,,0,0,0,,2357,0,0,0,
53b98a4bbf49419fb4516525846d4d35,100,483,0,0,0,,0,0,0,,0,0,0,,1819,0,0,0,
a2e9afb364e84d48acbdc77441ad17a7,99,6978,1356,392,1567,https://www.youtube.com/watch?v=iGkS46pveVc,0,0,0,,1356,392,1567,https://www.youtube.com/watch?v=iGkS46pveVc,544,37,26,43,https://www.twitch.tv/videos/2748714076
f35a552c958c4e798cac3bff3f5fff2b,99,674,0,0,0,,0,0,0,,0,0,0,,677,205,132,284,https://www.twitch.tv/videos/2742690416
7f7b426bf3fb463388a1dd8ddb02a0be,99,1964,0,0,0,,0,0,0,,0,0,0,,92,0,0,0,
06d173cf0b3f4369bcfb4b4270bd59e3,98,289,0,0,0,,0,0,0,,0,0,0,,219,199,127,367,https://www.twitch.tv/videos/2749286426
ba27c499a50f4cac87e6e5b94da18292,97,1977,0,0,0,,0,0,0,,0,0,0,,1306,509,376,652,https://www.twitch.tv/videos/2741391296
7d5666a446d14da29b95ba8ecf3fc4b6,96,11725,0,0,0,,0,0,0,,0,0,0,,0,0,0,0,
67784d7c61af482780ab0558083fcd1e,95,3035,0,0,0,,0,0,0,,0,0,0,,361,17,13,23,https://www.twitch.tv/videos/2744507030
ef36201df30f43ba9efbd573f9a6d9b7,94,13636,0,0,0,,0,0,0,,0,0,0,,403,156,120,525,https://www.twitch.tv/videos/2745365661
6b21f41580a64cc7ab15d219a612723b,94,0,0,0,0,,0,0,0,,0,0,0,,4514,0,0,0,
33ce96c886d341879ce66c4f7892c421,93,57583,165,93,1343,https://www.youtube.com/watch?v=dIRTqt2SJEU,0,0,0,,165,93,1343,https://www.youtube.com/watch?v=dIRTqt2SJEU,665,167,109,235,https://www.twitch.tv/videos/2750106492
ede21f904daf4a9b978efe15b0d9a31f,92,10053,0,0,0,,0,0,0,,0,0,0,,1923,247,203,334,https://www.twitch.tv/videos/2746961179
12f8dc82bc0d4f89bfbd7ede76ab1faf,92,6849,3556,3155,5613,https://www.youtube.com/watch?v=X7W5NMmRHFk,0,0,0,,3556,3155,5613,https://www.youtube.com/watch?v=X7W5NMmRHFk,0,0,0,0,
2bb0e68d998d4b2bbfc79557a233fb33,88,9980,75,14,213,https://www.youtube.com/watch?v=9GOu_VaHqOw,75,14,213,https://www.youtube.com/watch?v=9GOu_VaHqOw,0,0,0,,103,21,17,47,https://www.twitch.tv/videos/2747037209
34e73d1959694451b938ff53d98f9cec,86,715,30,25,30,https://www.youtube.com/watch?v=VYz6b_hFbdc,0,0,0,,30,25,30,https://www.youtube.com/watch?v=VYz6b_hFbdc,364,58,37,69,https://www.twitch.tv/videos/2739669264
32ae564b306c42cab2e1a4a8a9d6adfe,85,1053,0,0,0,,0,0,0,,0,0,0,,1284,0,0,0,
9523dedfc79a4f99b18461ff40586307,84,21979,228,3,1954,https://www.youtube.com/watch?v=w9E_r6XgsXU,24,4,24,https://www.youtube.com/watch?v=SRaZkgo_Bxo,427,2,1954,https://www.youtube.com/watch?v=w9E_r6XgsXU,0,0,0,0,
904e3c91b4e1427f9b2d69f69aa3b13c,84,13801,31,10,38,https://www.youtube.com/watch?v=mcJUf3zoIxs,31,10,38,https://www.youtube.com/watch?v=mcJUf3zoIxs,0,0,0,,0,0,0,0,
9f9bfcbf980b43bcb00c03261439d18d,82,1319,64,9,64,https://www.youtube.com/watch?v=NRyHOJlJT5c,64,9,64,https://www.youtube.com/watch?v=NRyHOJlJT5c,0,0,0,,42,0,0,0,
4c3e3e5338ae44feae581bbdffa8b811,79,11070,0,0,0,,0,0,0,,0,0,0,,217,0,0,0,
6bf231719d5e485fa0cdee99905858d4,79,1640,0,0,0,,0,0,0,,0,0,0,,704,156,109,237,https://www.twitch.tv/videos/2750958463
12ece01ae7004e9195e79309f0cdae40,78,276,33,8,33,https://www.youtube.com/watch?v=mjTcHdi6p_k,0,0,0,,33,8,33,https://www.youtube.com/watch?v=mjTcHdi6p_k,2555,0,0,0,
cf100db6a3dc4010b32802b75f5abc14,77,621,7,4,134,https://www.youtube.com/watch?v=KHpbRFK8oL4,21,18,74,https://www.youtube.com/watch?v=Jr7RgMHq9ho,4,3,134,https://www.youtube.com/watch?v=KHpbRFK8oL4,0,0,0,0,
39ff9dd2c91841b6b8c719d71b7bdb11,77,6960,0,0,0,,0,0,0,,0,0,0,,275,189,110,218,https://www.twitch.tv/videos/2742926401
a7c42dc3d080425b9e979100a59d955c,77,4362,0,0,0,,0,0,0,,0,0,0,,309,0,0,0,
c6d0078f1d5e4fd08a459c7eecd85464,76,18900,270,67,785,https://www.youtube.com/watch?v=lKFK7tsj9hI,38,18,83,https://www.youtube.com/watch?v=_szex1aJz5k,488,230,785,https://www.youtube.com/watch?v=lKFK7tsj9hI,0,0,0,0,
188108fa6e2e41afb060e4038e49d4ab,75,2554,0,0,0,,0,0,0,,0,0,0,,711,0,0,0,
105bfceb9747425eb58622b6ebccf920,75,1031,0,0,0,,0,0,0,,0,0,0,,370,0,0,0,
3fd5cac9e94144ad9a298e46c5472792,75,1490,49,44,49,https://www.youtube.com/watch?v=oi2bDdv3uMo,0,0,0,,49,44,49,https://www.youtube.com/watch?v=oi2bDdv3uMo,0,0,0,0,
1ef73c1e25b04bce98a9a5e475826d57,74,0,0,0,0,,0,0,0,,0,0,0,,0,0,0,0,
1406aeb0ef48430bab0b939a29609394,73,0,0,0,0,,0,0,0,,0,0,0,,0,0,0,0,
28e6f7c12a3b45899e7508058f926af9,73,12347,0,0,0,,0,0,0,,0,0,0,,1620,39,6,125,https://www.twitch.tv/videos/2736364700
eff26caff6bd4720957cefaf8f6fc87a,73,5711,113,25,113,https://www.youtube.com/watch?v=tgYcdi39PSg,0,0,0,,113,25,113,https://www.youtube.com/watch?v=tgYcdi39PSg,1254,572,405,1569,https://www.twitch.tv/videos/2743651552
ce1d3cace1cf4ec799c8846c8c2a6d48,71,236,0,0,0,,0,0,0,,0,0,0,,2277,1312,229,2619,https://www.twitch.tv/videos/2728537003
ee77ed51da394f02b72c33756b155eac,69,4665,6,3,58,https://www.youtube.com/watch?v=1n0jKNF-9aM,0,0,0,,6,3,58,https://www.youtube.com/watch?v=1n0jKNF-9aM,752,37,23,57,https://www.twitch.tv/videos/2743739191
a5be52423e2f46b8bbad4a56c7f1d5e5,68,1413,3,0,7,https://www.youtube.com/watch?v=hnKuZtmTvGU,0,0,0,,3,0,7,https://www.youtube.com/watch?v=hnKuZtmTvGU,1280,243,182,319,https://www.twitch.tv/videos/2747039988
2c2db11a23aa43298ab96e60a20692d7,67,1599,0,0,0,,0,0,0,,0,0,0,,1482,0,0,0,
43d785b8082f43138988dacd0236bb67,66,0,0,0,0,,0,0,0,,0,0,0,,437,0,0,0,
1645f4035c9b42019c61d630fc75d5e0,66,851,0,0,0,,0,0,0,,0,0,0,,92,50,28,52,https://www.twitch.tv/videos/2740527470
4eb87102a0f44516a6ed011faeeff00d,66,0,0,0,0,,0,0,0,,0,0,0,,1518,0,0,0,
08d8f03223a54fb3807d49fb7c30b434,65,1295,61,44,229,https://www.youtube.com/watch?v=hyzdmoD2zoU,61,41,215,https://www.youtube.com/watch?v=iHt5SrFv2Ss,229,209,229,https://www.youtube.com/watch?v=hyzdmoD2zoU,20,0,0,0,
4d8e2a0b44bc475da5d9688b668c782d,65,195,0,0,0,,0,0,0,,0,0,0,,279,0,0,0,
061fb9c63b7e45bb85ea7e6bd4fe3745,65,4245,0,0,0,,0,0,0,,0,0,0,,218,22,17,22,https://www.twitch.tv/videos/2746188609
94bda3c948ac4e74ad5c3592c1d284ac,65,780,1,0,3,https://www.youtube.com/watch?v=UNxgnLb-z-I,0,0,0,,1,0,3,https://www.youtube.com/watch?v=UNxgnLb-z-I,130,0,0,0,
51fc95cfca444f03abe9a50acf8f85e6,65,3535,0,0,0,,0,0,0,,0,0,0,,1289,223,194,2209,https://www.twitch.tv/videos/2750651227
c7f53f2fbdbe4db488629ab4d738a16a,64,4319,0,0,0,,0,0,0,,0,0,0,,694,84,52,124,https://www.twitch.tv/videos/2742100656
ff170a57c74545c7977b64a6d82981af,64,8467,28,11,414,https://www.youtube.com/watch?v=C03NL1-Nd1M,22,10,68,https://www.youtube.com/watch?v=R6CXSZ4gQcc,111,47,414,https://www.youtube.com/watch?v=C03NL1-Nd1M,0,0,0,0,
f9d27b07ff84433b8397b0587f339e27,63,9345,0,0,0,,0,0,0,,0,0,0,,192,26,7,56,https://www.twitch.tv/videos/2746255411
d6a769b7bf6b49f08adf3e1136d86c7e,63,16529,0,0,0,,0,0,0,,0,0,0,,901,121,64,121,https://www.twitch.tv/videos/2740239265
889b220891694985b7373aa2732a0263,61,423,0,0,0,,0,0,0,,0,0,0,,536,91,66,200,https://www.twitch.tv/videos/2743799319
a9ada11d61114319885597db6a0725fb,61,315,0,0,0,,0,0,0,,0,0,0,,649,0,0,0,
e2448cc1f0df41b08247cb7a51119a67,60,661,115,100,115,https://www.youtube.com/watch?v=Zt40ikC7Y68,0,0,0,,115,100,115,https://www.youtube.com/watch?v=Zt40ikC7Y68,699,0,0,0,
70ab761191014a39b7d090541f785cd2,59,1578,51,6,517,https://www.youtube.com/watch?v=sJMkDXu5eKI,0,0,0,,51,6,517,https://www.youtube.com/watch?v=sJMkDXu5eKI,91,59,50,59,https://www.twitch.tv/videos/2747876261
b2d32948347e4c6c9afa8f813e626aae,59,3720,11,6,13,https://www.youtube.com/watch?v=hqDsXDapVss,11,6,13,https://www.youtube.com/watch?v=hqDsXDapVss,0,0,0,,0,0,0,0,
a73103b226f34098bb5d4cd00b86d2f6,59,2141,0,0,0,,0,0,0,,0,0,0,,251,0,0,0,
dda9d5733f5f49f4aa77f147640040c3,58,435,0,0,0,,0,0,0,,0,0,0,,928,206,133,206,https://www.twitch.tv/videos/2742959315
5718a7998f6249eeba0bf087da51c1c0,58,16966,0,0,0,,0,0,0,,0,0,0,,550,88,69,236,https://www.twitch.tv/videos/2750909475
359bb9450c49401da7b002980d4f97df,57,215,0,0,0,,0,0,0,,0,0,0,,987,0,0,0,
e4488c7dece84f7580bc0ab130222e08,56,7220,0,0,0,,0,0,0,,0,0,0,,913,151,108,364,https://www.twitch.tv/videos/2743006233
ef13ede8525d49339887c3bf54b08acc,56,1203,38,27,65,https://www.youtube.com/watch?v=hPQX2f9HWac,38,27,65,https://www.youtube.com/watch?v=hPQX2f9HWac,0,0,0,,46,10,7,10,https://www.twitch.tv/videos/2746228863
22f16847ee064b1bafd9bbe15bd31284,55,1520,1522,1246,1522,https://www.youtube.com/watch?v=xl6g7qHJtUY,0,0,0,,1522,1246,1522,https://www.youtube.com/watch?v=xl6g7qHJtUY,667,82,74,208,https://www.twitch.tv/videos/2747729500
5d27ac4b9342450990a299e95818bbb0,55,2077,0,0,0,,0,0,0,,0,0,0,,0,0,0,0,
130a4d6105464e518a8a3eed336b4101,54,674,0,0,0,,0,0,0,,0,0,0,,1002,0,0,0,
6bb236447ed9412a98c9b2d7c9069e10,54,13132,0,0,0,,0,0,0,,0,0,0,,1969,237,166,404,https://www.twitch.tv/videos/2740557016
e3b9c06f64d84a0dabb3e97c0caacaca,54,14911,32,12,942,https://www.youtube.com/watch?v=B0flPuy7lR0,0,0,0,,32,12,942,https://www.youtube.com/watch?v=B0flPuy7lR0,0,0,0,0,
8723ccecdfd84d92b1de24f9d6a86bcc,53,2820,0,0,0,,0,0,0,,0,0,0,,3404,455,371,1251,https://www.twitch.tv/videos/2745368338
f8e4654549304ea9933e02c2dcf48aae,53,0,0,0,0,,0,0,0,,0,0,0,,575,0,0,0,
b3e0bc9dd06f4774b492e6d50dd92be2,52,83,0,0,0,,0,0,0,,0,0,0,,252,29,27,29,https://www.twitch.tv/videos/2750206535
c06b6f1eb79d41ecb17aaaf80e035daa,52,0,0,0,0,,0,0,0,,0,0,0,,2053,563,419,1300,https://www.twitch.tv/videos/2743738305
591a7323f0134cf2929e75d959f21f68,51,134,4,1,4,https://www.youtube.com/watch?v=E9XmUEJlaxM,4,1,4,https://www.youtube.com/watch?v=E9XmUEJlaxM,0,0,0,,1246,466,451,466,https://www.twitch.tv/videos/2750872580
2a25c205cc374cbeb8c8ccfe988ec9cc,51,792,0,0,0,,0,0,0,,0,0,0,,1466,149,113,169,https://www.twitch.tv/videos/2745424811
74acc3b3c4db41d2a13cce887ad2a856,50,3224,0,0,0,,0,0,0,,0,0,0,,1482,0,0,0,
80692e12416048be8396526bdb9c3040,49,1710,0,0,0,,0,0,0,,0,0,0,,527,0,0,0,
f5f22d1a091143798bfc7fac1211183c,49,659,284,119,504,https://www.youtube.com/watch?v=YqQnRvY9lBA,0,0,0,,284,119,504,https://www.youtube.com/watch?v=YqQnRvY9lBA,122,65,44,96,https://www.twitch.tv/videos/2745428210
f86ec6a459f64e7d8431c69b1d7ec28b,48,586,39,27,132,https://www.youtube.com/watch?v=XnW5Fdw4Rlo,39,27,132,https://www.youtube.com/watch?v=XnW5Fdw4Rlo,0,0,0,,33,21,16,30,https://www.twitch.tv/videos/2748019720
0ddb6eca94604d4da0665e90fbbe366f,48,1186,125,5,125,https://www.youtube.com/watch?v=26bEZk30-ZQ,0,0,0,,125,5,125,https://www.youtube.com/watch?v=26bEZk30-ZQ,153,26,16,53,https://www.twitch.tv/videos/2747847986
255a5e79f9d14e6492d741b95f78cb7c,48,1048,23,18,24,https://www.youtube.com/watch?v=8xH4OhE0wy4,23,18,24,https://www.youtube.com/watch?v=8xH4OhE0wy4,0,0,0,,2264,99,88,99,https://www.twitch.tv/videos/2749072266
3691abedd6a7487d9995943b3df5c843,47,0,0,0,0,,0,0,0,,0,0,0,,251,0,0,0,
d9f302ca07b54664a88124d64442abac,47,7963,8,6,8,https://www.youtube.com/watch?v=Q-qLOFn8X6Y,0,0,0,,8,6,8,https://www.youtube.com/watch?v=Q-qLOFn8X6Y,129,13,6,14,https://www.twitch.tv/videos/2734699937
359d60ab5abb445a8477a50781acc050,46,2283,1933,1155,1933,https://www.youtube.com/watch?v=vOteZsskVI4,0,0,0,,1933,1155,1933,https://www.youtube.com/watch?v=vOteZsskVI4,0,0,0,0,
df02d1a89bc74c928c825773996bbb7b,46,2020,0,0,0,,0,0,0,,0,0,0,,1430,176,134,393,https://www.twitch.tv/videos/2739801418
cb470bbb5a8f468a8a15b08757309d74,46,2284,0,0,0,,0,0,0,,0,0,0,,466,124,111,179,https://www.twitch.tv/videos/2750174734
68c50e424b2148478c74effaacfdeae3,45,583,0,0,0,,0,0,0,,0,0,0,,207,54,42,129,https://www.twitch.tv/videos/2749340796
3098e045fa844093a3731b19665e9462,45,425,0,0,0,,0,0,0,,0,0,0,,748,0,0,0,
676db89cb8a9483486442231b615b46f,45,8208,0,0,0,,0,0,0,,0,0,0,,125,0,0,0,
889b2fb6c9ea47a99834061b47251a4b,45,1780,2,0,212,https://www.youtube.com/watch?v=DwoiUuixWzA,0,0,0,,2,0,212,https://www.youtube.com/watch?v=DwoiUuixWzA,369,103,73,115,https://www.twitch.tv/videos/2743710161
40fca873cd074b01baa8f9b006f50d00,44,12497,0,0,0,,0,0,0,,0,0,0,,0,0,0,0,
4e5a8a6380764f9b9f28732968e4aac8,43,312,0,0,0,,0,0,0,,0,0,0,,513,36,20,37,https://www.twitch.tv/videos/2739702378
9e121751e3774a15bdf9ccfab7eb7faf,43,472,0,0,0,,0,0,0,,0,0,0,,1049,135,96,175,https://www.twitch.tv/videos/2748608520
07b6c0dad3114eca9e903fd5725cc4e8,43,269,0,0,0,,0,0,0,,0,0,0,,168,29,19,31,https://www.twitch.tv/videos/2746195542
a0e7c7e7702b4e81a5fecc4090814236,43,16578,14,5,79,https://www.youtube.com/watch?v=Ey2FVgdExZo,0,0,0,,14,5,79,https://www.youtube.com/watch?v=Ey2FVgdExZo,138,147,105,222,https://www.twitch.tv/videos/2748691700
c8be9c7ed05442dcb2b278dc5a6bc1de,40,10813,0,0,0,,0,0,0,,0,0,0,,186,73,47,98,https://www.twitch.tv/videos/2747063036
2e2a6c392c024bb2a68b681bc210c187,39,5574,1,0,374,https://www.youtube.com/watch?v=GutTzlaqVk0,0,0,0,,1,0,374,https://www.youtube.com/watch?v=GutTzlaqVk0,282,19,10,68,https://www.twitch.tv/videos/2751036002
e04b970f339243258cb0dc0c5735274a,38,1043,0,0,0,,0,0,0,,0,0,0,,0,0,0,0,
54f2f567fdac423c80dad4b29a4372db,38,5630,0,0,0,,0,0,0,,0,0,0,,91,46,39,76,https://www.twitch.tv/videos/2742142486
73273454c7b4453a834a74701826e0b8,37,576,0,0,0,,0,0,0,,0,0,0,,852,79,45,79,https://www.twitch.tv/videos/2741212965
7360e8cae69b4d4fbe91510c776b1c5e,37,3132,0,0,4,https://www.youtube.com/watch?v=YIqe1V4RLc0,0,0,0,,0,0,4,https://www.youtube.com/watch?v=YIqe1V4RLc0,224,32,19,51,https://www.twitch.tv/videos/2747030048
b9d51a073b4542ac800bd7c9e38d0902,37,1242,0,0,0,,0,0,0,,0,0,0,,229,0,0,0,
9ff652451cbd4ad098bf20dd9748ce12,37,4,0,0,0,,0,0,0,,0,0,0,,2158,24,18,83,https://www.twitch.tv/videos/2740341034
6bcb75418dd24274b2fe4b8e60a94999,37,3848,0,0,0,,0,0,0,,0,0,0,,385,0,0,0,
0b53549edaf5490ca350ef17aee7b8b9,36,197,0,0,0,,0,0,0,,0,0,0,,536,31,24,48,https://www.twitch.tv/videos/2746175233
0eba942738504c8182c861668195c39e,36,0,0,0,0,,0,0,0,,0,0,0,,476,0,0,0,
285655d636d54fb6b3d23c92401545cf,36,4864,0,0,0,,0,0,0,,0,0,0,,0,0,0,0,
c68bc0ba32f14d9b8669b0594435b68b,36,344,2,0,3,https://www.youtube.com/watch?v=fK6XA6hAtW4,0,0,0,,2,0,3,https://www.youtube.com/watch?v=fK6XA6hAtW4,202,53,29,53,https://www.twitch.tv/videos/2740671899
6d6b6d6e7b4b464bb093c9d34cee9754,33,581,0,0,0,,0,0,0,,0,0,0,,339,0,0,0,
0cb217f7775543eb9c5aac3b9df75a86,32,18233,0,0,0,,0,0,0,,0,0,0,,737,77,56,114,https://www.twitch.tv/videos/2746944315
78b333b99eb242ad96a8ee82275a0e98,32,2494,28,7,1626,https://www.youtube.com/watch?v=9QJMJlnZ6Kk,16,5,131,https://www.youtube.com/watch?v=9pTG42_yaV4,55,32,1626,https://www.youtube.com/watch?v=9QJMJlnZ6Kk,0,0,0,0,
b8495fc4bb174140acf0ebd7d64fe044,30,2745,0,0,0,,0,0,0,,0,0,0,,2878,0,0,0,
e3ee9544e190459d9bc2bdf3c1ccde7b,29,3864,1,0,15,https://www.youtube.com/watch?v=2kMjvrACm7M,0,0,0,,1,0,15,https://www.youtube.com/watch?v=2kMjvrACm7M,773,119,113,198,https://www.twitch.tv/videos/2741330281
6c52137d373a45d58eafc0d52253dcf8,28,0,0,0,0,,0,0,0,,0,0,0,,1107,488,396,865,https://www.twitch.tv/videos/2742851652
9f976a39c1fa4e6dae3ed11b771ef918,27,543,8,5,46,https://www.youtube.com/watch?v=92LzO7iyLrM,9,5,46,https://www.youtube.com/watch?v=92LzO7iyLrM,5,2,10,https://www.youtube.com/watch?v=ANxWeFgoIPs,50,33,26,67,https://www.twitch.tv/videos/2742105357
1ee3effc49074de1ba98b10a13df2d10,27,679,0,0,0,,0,0,0,,0,0,0,,265,0,0,0,
0b165d46f9164557b16678383820ee04,27,0,0,0,0,,0,0,0,,0,0,0,,707,0,0,0,
50c9dbd2624f41408f2b6a9ccf61e447,26,496,0,0,0,,0,0,0,,0,0,0,,289,0,0,0,
59216a033f2b47128d190a5ed1add217,25,11,0,0,0,,0,0,0,,0,0,0,,257,0,0,0,
d4cd6eee95774ca389aebf3e783a8cd8,25,258,0,0,0,,0,0,0,,0,0,0,,479,61,45,92,https://www.twitch.tv/videos/2742847723
5a59b23a201f4b2d8729b0f4b33c9e6b,22,1905,0,0,0,,0,0,0,,0,0,0,,126,16,14,16,https://www.twitch.tv/videos/2749388345
bf2a683536dd447c83b75340e3db3b0a,22,1859,0,0,0,,0,0,0,,0,0,0,,149,54,39,54,https://www.twitch.tv/videos/2745055173
173423093026403dbd1443e56c47b3db,21,782,0,0,17,https://www.youtube.com/watch?v=5mvGLT1xTB0,0,0,0,,0,0,17,https://www.youtube.com/watch?v=5mvGLT1xTB0,368,30,19,56,https://www.twitch.tv/videos/2744379573
5454ccf6c8ee496296e7084081863575,20,329,9,4,19,https://www.youtube.com/watch?v=QzXACClWR0Y,9,5,19,https://www.youtube.com/watch?v=QzXACClWR0Y,9,2,13,https://www.youtube.com/watch?v=LYSNdz6guiw,4,14,12,14,https://www.twitch.tv/videos/2748497601
d95abd62958c4081a999660b995d72ce,19,0,0,0,0,,0,0,0,,0,0,0,,0,0,0,0,
a6815e229f914db2a936ad70c285cea2,17,1279,0,0,0,,0,0,0,,0,0,0,,458,0,0,0,
0886366d9cb8424e90fd8b3e12dcc0af,16,1342,0,0,0,,0,0,0,,0,0,0,,1444,454,304,917,https://www.twitch.tv/videos/2748333024
1e90b55b0e0b483d971e0c1fe02c750c,14,115,0,0,0,,0,0,0,,0,0,0,,0,0,0,0,
156fb169c746493bb50c813f20c4d1a8,13,116,0,0,0,,0,0,0,,0,0,0,,45,20,17,30,https://www.twitch.tv/videos/2749186520
65a64befb1d84a1a85fe6ffe0abb09b4,13,0,0,0,0,,0,0,0,,0,0,0,,8,0,0,0,
83cdbb34376a45a086a9dac3bc5ccb9a,13,0,0,0,0,,0,0,0,,0,0,0,,15,10,8,19,https://www.twitch.tv/videos/2746157407
43436bf839424d238cc24ec8d90eb83c,13,1340,6,1,6,https://www.youtube.com/watch?v=gKlmc2T8yLk,0,0,0,,6,1,6,https://www.youtube.com/watch?v=gKlmc2T8yLk,13,0,0,0,
fd183b51115b4fefaf8ff3388d40acb3,12,28,0,0,0,,0,0,0,,0,0,0,,470,0,0,0,
ead3db33c54e411baa75a4bad3b48aee,12,79,0,0,0,,0,0,0,,0,0,0,,1617,46,37,75,https://www.twitch.tv/videos/2740587976
fae9210539d44a39a2a275b8d53cae37,10,3093,34,14,1485,https://www.youtube.com/watch?v=zXxY--_EcYE,41,22,53,https://www.youtube.com/watch?v=VoRdH5tAHfk,27,11,1485,https://www.youtube.com/watch?v=zXxY--_EcYE,6,62,52,72,https://www.twitch.tv/videos/2746229798
0a07165e6a2f45ab9b6c96debba1f079,10,0,0,0,0,,0,0,0,,0,0,0,,138,70,66,128,https://www.twitch.tv/videos/2749385912
e3b45528947e48a4b68964369bb69e00,8,1575,12,10,22,https://www.youtube.com/watch?v=oTfp_u32mZ8,22,19,22,https://www.youtube.com/watch?v=oTfp_u32mZ8,2,1,2,https://www.youtube.com/watch?v=dotHFpTM-lc,246,41,26,94,https://www.twitch.tv/videos/2744334478
e2c0d3ba19244f75888e5dbe1881d22f,5,7,0,0,0,,0,0,0,,0,0,0,,1258,172,140,199,https://www.twitch.tv/videos/2747882933
19fdf3885dcf4d45bdf768a6f3fd99b4,4,85,0,0,0,,0,0,0,,0,0,0,,586,0,0,0,
4fcbdf1b0a384ee58733b1e852edefa5,0,0,0,0,0,,0,0,0,,0,0,0,,989,0,0,0,
c099b7e8d46c418d8e17097d496f3b83,0,0,0,0,0,,0,0,0,,0,0,0,,3455,732,375,1479,https://www.twitch.tv/videos/2749285440
a0ba9fee8a7747cab74e98ed61fb4a68,0,0,0,0,0,,0,0,0,,0,0,0,,1195,135,112,213,https://www.twitch.tv/videos/2750044315
3a2199639669433faff0591468bcfa10,0,0,0,0,0,,0,0,0,,0,0,0,,1144,0,0,0,
8c2f8700978045ec86bf1ade1b3e650b,0,0,0,0,0,,0,0,0,,0,0,0,,770,90,66,151,https://www.twitch.tv/videos/2749698726
f5034a946bf249c780a864c19efda669,0,0,0,0,0,,0,0,0,,0,0,0,,415,22,17,29,https://www.twitch.tv/videos/2748596425
2996488b9f454fb3a42c17ab292ac63c,0,0,0,0,0,,0,0,0,,0,0,0,,495,139,109,201,https://www.twitch.tv/videos/2745623260
fdb4872691864af8825511a6d0c72895,0,0,0,0,0,,0,0,0,,0,0,0,,396,133,94,231,https://www.twitch.tv/videos/2751092307
b6519fbc0d6941d4b43ce1742a14b0b2,0,0,0,0,0,,0,0,0,,0,0,0,,719,0,0,0,
d3f5c739727041bbb2151e96d9368bae,0,0,0,0,0,,0,0,0,,0,0,0,,390,258,167,536,https://www.twitch.tv/videos/2740446189
60cc7f18c0fe438280af5a81b31eb923,0,0,0,0,0,,0,0,0,,0,0,0,,3746,381,181,1036,https://www.twitch.tv/videos/2741123366
4f1ccc5966a847308552b2c7b05e18dc,0,0,0,0,0,,0,0,0,,0,0,0,,28,7,5,7,https://www.twitch.tv/videos/2746608138
afa3e309e41044c5bffe17466607d481,0,0,0,0,0,,0,0,0,,0,0,0,,32258,18886,7349,30064,https://www.twitch.tv/videos/2740551799
22eea06367f4430d816e38dfb68a26cf,0,0,0,0,0,,0,0,0,,0,0,0,,995,0,0,0,
b1f8da62ceca4089a4e7115624be25bc,0,0,0,0,0,,0,0,0,,0,0,0,,1755,1729,1442,5806,https://www.twitch.tv/videos/2744225721
59152798bfa74acb8bad10346fd10d69,0,0,0,0,0,,0,0,0,,0,0,0,,1030,430,355,748,https://www.twitch.tv/videos/2749234079
e4421bd8d15848c09fa4ad4df162c858,0,0,0,0,0,,0,0,0,,0,0,0,,361,0,0,0,
6908430ccb204a1b9d95ee7a1711cae3,0,0,0,0,0,,0,0,0,,0,0,0,,2582,0,0,0,
242326a56b0d4ca7a37c08a8fc2be138,0,0,0,0,0,,0,0,0,,0,0,0,,777,139,133,166,https://www.twitch.tv/videos/2746923580
644e669aa31443fe9a61a14e75ebd21e,0,0,0,0,0,,0,0,0,,0,0,0,,7472,645,324,1124,https://www.twitch.tv/videos/2737703851
0495c29470d143fa99819123878186b7,0,0,0,0,0,,0,0,0,,0,0,0,,5511,0,0,0,
3de6bc82438b451abf5ebe76a366be24,0,0,0,0,0,,0,0,0,,0,0,0,,3699,0,0,0,
305290c734e94a74881ae46c49ea18c4,0,0,0,0,0,,0,0,0,,0,0,0,,7033,2518,1088,3425,https://www.twitch.tv/videos/2734818966
8024d67e25454783a698e5ecf2c4dc67,0,0,0,0,0,,0,0,0,,0,0,0,,571,114,102,154,https://www.twitch.tv/videos/2749558731
99c240d0c1a047b4a4e017d764a54c62,0,0,0,0,0,,0,0,0,,0,0,0,,438,159,112,216,https://www.twitch.tv/videos/2744348615
f8ade397837d42f7a9167e0d4f20fc56,0,0,0,0,0,,0,0,0,,0,0,0,,2699,0,0,0,
f84598913e654789a80556fd38388dfb,0,0,0,0,0,,0,0,0,,0,0,0,,1518,0,0,0,
5b62816b7dee4c13856f3c21629be3c4,0,0,0,0,0,,0,0,0,,0,0,0,,24525,2655,1181,4469,https://www.twitch.tv/videos/2736179884
e32a4d49fba7459fbdf9e242288fa18c,0,0,0,0,0,,0,0,0,,0,0,0,,4966,450,133,755,https://www.twitch.tv/videos/2732826390
0572bddb85b24166820f34f39164f99c,0,0,0,0,0,,0,0,0,,0,0,0,,790,203,199,203,https://www.twitch.tv/videos/2751087629
be1a18aa8599409ba250e5345e62fed6,0,0,0,0,0,,0,0,0,,0,0,0,,2125,206,46,312,https://www.twitch.tv/videos/2737957333
fa59e2edc64c432ebaeeb66b2a53ab2d,0,0,0,0,0,,0,0,0,,0,0,0,,4584,1415,877,4398,https://www.twitch.tv/videos/2748464574
16896dffcb474d7aa21540c944a2f7de,0,0,0,0,0,,0,0,0,,0,0,0,,3290,2049,1139,81741,https://www.twitch.tv/videos/2742131606
ed051ffc6cd643c287a678fea774e644,0,0,0,0,0,,0,0,0,,0,0,0,,2724,0,0,0,
9ca05592c52f42649191751f18cb70e6,0,0,0,0,0,,0,0,0,,0,0,0,,2647,119,77,142,https://www.twitch.tv/videos/2740582875
ec045a49833c4c2fa7b7012ca7544e18,0,0,0,0,0,,0,0,0,,0,0,0,,1683,0,0,0,
31a4ca5b5d554c13902eff32302e5eb9,0,0,0,0,0,,0,0,0,,0,0,0,,1946,258,194,578,https://www.twitch.tv/videos/2745099334
fc7fa0c5a7604cc8a420ee89472fcac3,0,0,0,0,0,,0,0,0,,0,0,0,,1117,44,38,57,https://www.twitch.tv/videos/2748653039
e53606f1bf0c4059b1226b6c2e037fd0,0,0,0,0,0,,0,0,0,,0,0,0,,883,75,61,127,https://www.twitch.tv/videos/2745362915
31f4c00be9eb41a1a6be0356614048fd,0,0,0,0,0,,0,0,0,,0,0,0,,3622,119,56,999,https://www.twitch.tv/videos/2730461496
8cbfffe3cac54065be4149b03b680d87,0,0,0,0,0,,0,0,0,,0,0,0,,579,0,0,0,
06337167c1a14d82b6a7f7cc71eac813,0,0,0,0,0,,0,0,0,,0,0,0,,847,0,0,0,
88526add0348499c95bd5838a5f35989,0,0,0,0,0,,0,0,0,,0,0,0,,1776,203,158,313,https://www.twitch.tv/videos/2747106839
4cb08241fbce4905a83ed02de6a1af9c,0,0,0,0,0,,0,0,0,,0,0,0,,7432,1889,1109,2508,https://www.twitch.tv/videos/2728242232
b053612876e04de488a32893a19f4b08,0,0,0,0,0,,0,0,0,,0,0,0,,339,74,50,203,https://www.twitch.tv/videos/2746906342
a5773880b0f040a9abbecacf3eb0eb29,0,0,0,0,0,,0,0,0,,0,0,0,,2438,0,0,0,
3cfc2b54a543469b92a95ff1e3f1da54,0,0,0,0,0,,0,0,0,,0,0,0,,1630,0,0,0,
091175f48e6c4ead84a2811cb3f22560,0,0,0,0,0,,0,0,0,,0,0,0,,109,0,0,0,
cfc7bcf869514c70a5091672d3acb031,0,0,0,0,0,,0,0,0,,0,0,0,,396,0,0,0,
228427b15b964f1396b5a7b5eb224a21,0,0,0,0,0,,0,0,0,,0,0,0,,55,0,0,0,
6a963053004f4deaa0dbdf875db41879,0,0,0,0,0,,0,0,0,,0,0,0,,676,45,34,97,https://www.twitch.tv/videos/2745851287
9e64bba43928414884503de36f805c48,0,0,0,0,0,,0,0,0,,0,0,0,,34211,5850,3050,11737,https://www.twitch.tv/videos/2737063230
1addf96267ac494bb73c9e6f6e1793b8,0,0,0,0,0,,0,0,0,,0,0,0,,2687,0,0,0,
c29bc8bf78dd417980491f19333c8fa2,0,0,0,0,0,,0,0,0,,0,0,0,,12958,1002,242,1002,https://www.twitch.tv/videos/2732879055
e698befe9649448885d93094cd4dc6a9,0,0,0,0,0,,0,0,0,,0,0,0,,3834,593,404,696,https://www.twitch.tv/videos/2742918849
c8c9028316b44ae9a1ac302337862085,0,0,0,0,0,,0,0,0,,0,0,0,,435,63,53,83,https://www.twitch.tv/videos/2739684388
e94cfb3c71d94965bfc98f135bfd2f14,0,0,0,0,0,,0,0,0,,0,0,0,,750,392,135,1204,https://www.twitch.tv/videos/2746121912
e18c43e19e9b4fc8af0cdc24c33ae476,0,0,0,0,0,,0,0,0,,0,0,0,,2504,0,0,0,
9c85aee2166449c395c18b0bc06f89e2,0,0,0,0,0,,0,0,0,,0,0,0,,349,0,0,0,
555fe6a78fdb4d8b9fa8a286377972e8,0,0,0,0,0,,0,0,0,,0,0,0,,1117,586,474,586,https://www.twitch.tv/videos/2746982306
4dd7cfc58ae54c1fa6211ba9b1c607ec,0,0,0,0,0,,0,0,0,,0,0,0,,1731,694,550,822,https://www.twitch.tv/videos/2743563774
3840a44ffffd48098bdfc16c4ee537bb,0,0,0,0,0,,0,0,0,,0,0,0,,2906,0,0,0,
288d3972d3164ee595228b8a5959ac00,0,0,0,0,0,,0,0,0,,0,0,0,,3012,386,223,447,https://www.twitch.tv/videos/2742028328
66c8fc624de94d8e8af4325e41ce7c34,0,0,0,0,0,,0,0,0,,0,0,0,,1358,382,151,1064,https://www.twitch.tv/videos/2739633987
4fadb90960a844daab26191bb158d3a3,0,0,0,0,0,,0,0,0,,0,0,0,,3291,0,0,0,
55e9448a0a9040f99dc8ea1cf86cbad5,0,0,0,0,0,,0,0,0,,0,0,0,,1368,0,0,0,
057faa70622247bd933959412bbeb667,0,0,0,0,0,,0,0,0,,0,0,0,,1082,0,0,0,
828ab4c66f5f43f298d237374a266b7e,0,0,0,0,0,,0,0,0,,0,0,0,,2949,348,239,717,https://www.twitch.tv/videos/2738771401
4c42b9f574e7438d8aea8b099e451505,0,0,0,0,0,,0,0,0,,0,0,0,,1149,77,52,141,https://www.twitch.tv/videos/2746311473
fe62d50e41af4aa29c3e2b0cfc62fb3d,0,0,0,0,0,,0,0,0,,0,0,0,,978,269,138,494,https://www.twitch.tv/videos/2750942883
daa0d327175a43dc9bb627bc6db7de56,0,0,0,0,0,,0,0,0,,0,0,0,,1337,83,81,425,https://www.twitch.tv/videos/2747851821
02fa128da7cc4f3aab0f1c5ee356f342,0,0,0,0,0,,0,0,0,,0,0,0,,504,168,149,332,https://www.twitch.tv/videos/2748542481
6ec708afd89043b682eb82dacc36c3c9,0,0,0,0,0,,0,0,0,,0,0,0,,1071,0,0,0,
c2777df3c8d341f4a1f0bb9cda8d9365,0,0,0,0,0,,0,0,0,,0,0,0,,1685,0,0,0,
d804bcd787db4333bca9dccd268ed32a,0,0,0,0,0,,0,0,0,,0,0,0,,3609,846,397,1810,https://www.twitch.tv/videos/2732811979
36beb36f581f44d393dcf0af2b194789,0,0,0,0,0,,0,0,0,,0,0,0,,6371,434,246,1482,https://www.twitch.tv/videos/2750757135
ba562aad440d483e988d3ce7e7217c94,0,0,0,0,0,,0,0,0,,0,0,0,,36621,8525,3404,16162,https://www.twitch.tv/videos/2732098119
cda9668f324445a7bd507094ad6946b8,0,0,0,0,0,,0,0,0,,0,0,0,,418,24,20,24,https://www.twitch.tv/videos/2747825327
cad8c81461ac41c887bdf3617ccdaee6,0,0,0,0,0,,0,0,0,,0,0,0,,1126,0,0,0,
bf277797951346fe991c27c79a6c5081,0,0,0,0,0,,0,0,0,,0,0,0,,9497,677,300,1115,https://www.twitch.tv/videos/2736240350
6c7336d4605540c6871de5f96874129c,0,0,0,0,0,,0,0,0,,0,0,0,,24171,2483,1246,52845,https://www.twitch.tv/videos/2750812191
eeefa43ecaf74f7b822dde3f0e7683d4,0,0,0,0,0,,0,0,0,,0,0,0,,2114,133,96,2907,https://www.twitch.tv/videos/2733043486
ad2aef5af5074f14af7f6ddf7899743a,0,0,0,0,0,,0,0,0,,0,0,0,,2037,0,0,0,
880137f60dc842b98862f5b86ba8d94d,0,0,0,0,0,,0,0,0,,0,0,0,,711,56,54,56,https://www.twitch.tv/videos/2750870482
6a6547a3f19d4870a6f11b88c60a5296,0,0,0,0,0,,0,0,0,,0,0,0,,3586,227,156,278,https://www.twitch.tv/videos/2742064127
a5b71bba2a2347a080ae3443d5ef47d5,0,0,0,0,0,,0,0,0,,0,0,0,,853,0,0,0,
2ffed40199d64b8f83668479fb6fd8ed,0,0,0,0,0,,0,0,0,,0,0,0,,245,0,0,0,
dbabd28a98cf447189088251a5b973d4,0,0,0,0,0,,0,0,0,,0,0,0,,254,0,0,0,
7dd086a606284ba6b7b584f8b00dc190,0,0,0,0,0,,0,0,0,,0,0,0,,400,35,20,45,https://www.twitch.tv/videos/2751035267
326e21d5b6e7446698969bbd8be1b564,0,0,0,0,0,,0,0,0,,0,0,0,,2400,107,104,107,https://www.twitch.tv/videos/2750926649
d91ffcc2823f4121a2caa347a8c2a507,0,0,0,0,0,,0,0,0,,0,0,0,,875,30,26,30,https://www.twitch.tv/videos/2748742696
480aca28939a4eb5bf558a710e21709c,0,0,0,0,0,,0,0,0,,0,0,0,,2907,132,104,349,https://www.twitch.tv/videos/2750774514
76489786a22c4162970f9c288157db6b,0,0,0,0,0,,0,0,0,,0,0,0,,1847,157,113,382,https://www.twitch.tv/videos/2743735429
d30a2d88bd2146a8870209e98004e0f0,0,0,0,0,0,,0,0,0,,0,0,0,,1965,776,377,1092,https://www.twitch.tv/videos/2733649780
e353f482c5be4887838ea9fdf802ad91,0,0,0,0,0,,0,0,0,,0,0,0,,3566,598,461,947,https://www.twitch.tv/videos/2743926214
e34f7c6a99ea4780b2351de111e222e6,0,0,0,0,0,,0,0,0,,0,0,0,,277,168,160,205,https://www.twitch.tv/videos/2751103432
7cd55e03d87c4c77843a437ec0703670,0,0,0,0,0,,0,0,0,,0,0,0,,3031,0,0,0,
107fac8e77f74af8ba95491ae9492642,0,0,0,0,0,,0,0,0,,0,0,0,,478,0,0,0,
2af6cb0e15ce4839ba711b47608d4f4d,0,0,0,0,0,,0,0,0,,0,0,0,,4016,442,376,517,https://www.twitch.tv/videos/2750260998
921d25072caf403ea797c3d5f61f84cf,0,0,0,0,0,,0,0,0,,0,0,0,,1820,0,0,0,
256252fdd3d1437995088c56e674fcf0,0,0,0,0,0,,0,0,0,,0,0,0,,1077,31,29,31,https://www.twitch.tv/videos/2750232107
389c752acb964aeda95f36098fd37ef0,0,0,0,0,0,,0,0,0,,0,0,0,,1589,87,70,87,https://www.twitch.tv/videos/2747011576
1a95bb88e451498ca3491b69af964588,0,0,0,0,0,,0,0,0,,0,0,0,,36861,4050,1280,6679,https://www.twitch.tv/videos/2739003352
a17fcdf32a124beba3fba16299aed2b3,0,0,0,0,0,,0,0,0,,0,0,0,,8559,830,552,6062,https://www.twitch.tv/videos/2729585211
ed1b68a3184d466bb17b3c3363fad948,0,0,0,0,0,,0,0,0,,0,0,0,,810,20,13,23,https://www.twitch.tv/videos/2745244328
59904dcbea754d238b0710e75262d119,0,0,0,0,0,,0,0,0,,0,0,0,,624,24,19,24,https://www.twitch.tv/videos/2746915800
f0bc26cfe4a8451d863a8d8cbd6313ed,0,0,0,0,0,,0,0,0,,0,0,0,,6,0,0,0,
32aabdc7b41144a8b1bd28954cd3278c,0,0,0,0,0,,0,0,0,,0,0,0,,1546,62,37,65,https://www.twitch.tv/videos/2744670977
a3a1caa89669445db63f22b9a3af88b0,0,0,0,0,0,,0,0,0,,0,0,0,,1206,0,0,0,
4e5f0c7c5f1f49c2b1d249b10225cabb,0,0,0,0,0,,0,0,0,,0,0,0,,43131,3124,1806,5429,https://www.twitch.tv/videos/2746992015
