V5##VTuber ID,YouTube Subscriber Count,YouTube View Count,YouTube Recent Total Median View Count,YouTube Recent Total Popularity,YouTube Recent Total Highest View Count,YouTube Recent Total Highest Viewed URL,YouTube Recent Livestream Median View Count,YouTube Recent Livestream Popularity,YouTube Recent Livestream Highest View Count,YouTube Recent Livestream Highest Viewed URL,YouTube Recent Video Median View Count,YouTube Recent Video Popularity,YouTube Recent Video Highest View Count,YouTube Recent Video Highest Viewed URL,Twitch Follower Count,Twitch Recent Median View Count,Twitch Recent Popularity,Twitch Recent Highest View Count,Twitch Recent Highest Viewed URL
1c5619a4ece046dd8ba68ed343489ca3,545000,134410515,64276,23020,264986,https://www.youtube.com/watch?v=ttB6AD5FKHU,3903,1476,3903,https://www.youtube.com/watch?v=Kt9SUxRjhOA,75197,25075,264986,https://www.youtube.com/watch?v=ttB6AD5FKHU,32822,0,0,0,
f6a4e7aa8d0c4e5cb39d199845ec4d02,447000,64761568,10278,5721,59766,https://www.youtube.com/watch?v=XNBbtNp5Vo8,3697,2879,3697,https://www.youtube.com/watch?v=ytuPjMF4cEU,10692,6515,59766,https://www.youtube.com/watch?v=XNBbtNp5Vo8,121990,16765,8029,78261,https://www.twitch.tv/videos/2745222674
5535c9524eb046c38e172ebfa06b302f,399000,130826878,11663,4369,98787,https://www.youtube.com/watch?v=uQmRg2-Sh-k,8934,4069,98787,https://www.youtube.com/watch?v=uQmRg2-Sh-k,12994,4637,97661,https://www.youtube.com/watch?v=FMObqdfAJeg,74295,1911,558,4072,https://www.twitch.tv/videos/2740511756
664e1b310cf343b78623f99b31e40fae,395000,56897968,0,0,0,,0,0,0,,0,0,0,,17067,0,0,0,
d837e8fda137492c9d77882b98ff863a,336000,158375950,106247,21267,1285186,https://www.youtube.com/watch?v=m14-DLOkqgw,20447,6738,466390,https://www.youtube.com/watch?v=MCLMJJ_puTY,285610,72710,1285186,https://www.youtube.com/watch?v=m14-DLOkqgw,53444,11988,9623,34097,https://www.twitch.tv/videos/2748524812
182da09d8d454f37a52ec546cbb35e39,315000,69238381,25736,13529,501737,https://www.youtube.com/watch?v=fIlTRqG-3OQ,9871,3808,30286,https://www.youtube.com/watch?v=7Hk4ph8GqEU,52797,26588,501737,https://www.youtube.com/watch?v=fIlTRqG-3OQ,4993,0,0,0,
897400f2658a483286ca6acc927006ca,237000,38791046,13818,6657,742709,https://www.youtube.com/watch?v=2MFxqHgLKZE,1224,219,2315,https://www.youtube.com/watch?v=bqLhRnvK6vA,21485,9981,742709,https://www.youtube.com/watch?v=2MFxqHgLKZE,10565,538,343,538,https://www.twitch.tv/videos/2750261300
abd64c9a64e04fb1b23faa2480c1c106,227000,78102807,4526,1594,28774,https://www.youtube.com/watch?v=k0hBZLoAPck,2626,1506,3598,https://www.youtube.com/watch?v=CWpinfjWWw4,4861,1594,28774,https://www.youtube.com/watch?v=k0hBZLoAPck,2321,0,0,0,
4b6b055ada4d4f0ab63b7ad02a3fa3ef,225000,18850965,1261,223,1944,https://www.youtube.com/watch?v=K0dwXwCUXcY,1261,223,1944,https://www.youtube.com/watch?v=K0dwXwCUXcY,0,0,0,,56048,1430,663,2509,https://www.twitch.tv/videos/2747798931
a9f6574e98f34b20a05269134930fb50,221000,9888469,4307,1727,6104,https://www.youtube.com/watch?v=zWvzj1bSA8g,4307,1727,6104,https://www.youtube.com/watch?v=zWvzj1bSA8g,0,0,0,,0,0,0,0,
7c06b9e316ce4ac18ce836cd72442bbe,219000,64575064,6108,2479,19893,https://www.youtube.com/watch?v=KlU_zrdY6uw,5689,2355,10678,https://www.youtube.com/watch?v=IOxT48R2-00,8961,3992,19893,https://www.youtube.com/watch?v=KlU_zrdY6uw,57137,4061,2152,10625,https://www.twitch.tv/videos/2752648878
c04f006e69e04000a68cd0c41f888eb2,218000,14302038,4548,2720,6741,https://www.youtube.com/watch?v=3rGRMVntczY,4548,2720,6741,https://www.youtube.com/watch?v=3rGRMVntczY,0,0,0,,0,0,0,0,
312fdd3c5e6d4aefa73fd3860ecc5613,192000,35196792,12127,5688,35288,https://www.youtube.com/watch?v=8HZky4WBjuI,15480,8630,22642,https://www.youtube.com/watch?v=AllV9QdrgyM,8900,5337,35288,https://www.youtube.com/watch?v=8HZky4WBjuI,24334,10773,5295,176561,https://www.twitch.tv/videos/2751034012
c65e7caaf81a43249d5132b9fe312b24,181000,15246841,8688,4333,15505,https://www.youtube.com/watch?v=QMeUaEcVDJs,8688,4333,15505,https://www.youtube.com/watch?v=QMeUaEcVDJs,0,0,0,,0,0,0,0,
265a18972d244affae35711cfd1f9931,181000,21092071,4137,1565,23950,https://www.youtube.com/watch?v=mEJhgmNENM4,3723,1452,23950,https://www.youtube.com/watch?v=mEJhgmNENM4,6560,2849,9809,https://www.youtube.com/watch?v=q1zn6LOaqP8,18703,2400,693,6869,https://www.twitch.tv/videos/2741259223
e93bd1102e214cbaa71cc5b2e4a53595,180000,36222689,15803,4969,39314,https://www.youtube.com/watch?v=duvz_7c6hNw,13876,4969,21079,https://www.youtube.com/watch?v=zlRzb3iDgn4,29111,12790,39314,https://www.youtube.com/watch?v=duvz_7c6hNw,88781,33553,15153,70854,https://www.twitch.tv/videos/2736278991
3f4650e05ceb41008bd16869780b7af1,154000,72835736,44651,11748,165585,https://www.youtube.com/watch?v=M6qn_OZa-4U,9300,2608,13756,https://www.youtube.com/watch?v=BroGEqgKpT8,71101,21137,165585,https://www.youtube.com/watch?v=M6qn_OZa-4U,0,0,0,0,
f110fd69b66941bab04de9ada563c6ac,153000,18324377,2685,1444,6971,https://www.youtube.com/watch?v=F2HetsEEYCo,2875,1063,6971,https://www.youtube.com/watch?v=F2HetsEEYCo,2463,1824,2463,https://www.youtube.com/watch?v=H_EZmBbgENY,14418,4033,1588,21247,https://www.twitch.tv/videos/2743581136
bafb134fd2f849898d6242d1f5f683cc,146000,25424057,5207,2299,389474,https://www.youtube.com/watch?v=GYY6aDgyuWE,3327,1467,20227,https://www.youtube.com/watch?v=bq8-M96hxMs,25388,16070,389474,https://www.youtube.com/watch?v=GYY6aDgyuWE,44860,0,0,0,
6dc75ab227e34c928598bde8f2d324bf,140000,40289572,10129,5738,149330,https://www.youtube.com/watch?v=OOpqNudaWi8,7573,3777,11992,https://www.youtube.com/watch?v=U4pCYnUUueQ,58241,32295,149330,https://www.youtube.com/watch?v=OOpqNudaWi8,0,0,0,0,
0641a9c8b9a94994aaa33e0c86fef75b,137000,32344061,10323,2289,153330,https://www.youtube.com/watch?v=Mbs-DgOdP-w,4020,1000,15107,https://www.youtube.com/watch?v=bW-DRIa35Bs,17780,7677,153330,https://www.youtube.com/watch?v=Mbs-DgOdP-w,8101,0,0,0,
fa5a7cdc259543259af42bb23f1e4041,135000,35473837,5782,2154,164809,https://www.youtube.com/watch?v=ZBvhu1H8ruQ,2265,1417,11250,https://www.youtube.com/watch?v=t1mAlL23xKc,14126,8134,164809,https://www.youtube.com/watch?v=ZBvhu1H8ruQ,0,0,0,0,
a3ce195c0069494c99849d0b1a10a7fd,132000,16857530,6208,1665,15509,https://www.youtube.com/watch?v=NUNMS7prItk,2472,1214,15509,https://www.youtube.com/watch?v=NUNMS7prItk,12017,7426,14199,https://www.youtube.com/watch?v=4KZpFw_dGEs,27372,3900,3127,4202,https://www.twitch.tv/videos/2758287142
58abad4aa8de49efb785367503dfd92c,131000,17751597,0,0,0,,0,0,0,,0,0,0,,0,0,0,0,
494d2c5daf9f4a8a8e4538687e6be14c,127000,6283114,2981,1520,9251,https://www.youtube.com/watch?v=r9S1KeLPkpc,2691,1293,5583,https://www.youtube.com/watch?v=NeFqrBmqraY,6764,3751,9251,https://www.youtube.com/watch?v=r9S1KeLPkpc,0,0,0,0,
b41844198887422fb52cb928a272cbc8,125000,48687864,0,0,0,,0,0,0,,0,0,0,,0,0,0,0,
f1b5f88144e14bd188e17b2f98303713,123000,5005721,4314,1036,4314,https://www.youtube.com/watch?v=zZX_orzo8Gs,4314,1036,4314,https://www.youtube.com/watch?v=zZX_orzo8Gs,0,0,0,,0,0,0,0,
e78cffa246c24a1c88031151cad8c385,120000,10896928,3753,844,15039,https://www.youtube.com/watch?v=SvYh7OeTaJc,1064,712,1363,https://www.youtube.com/watch?v=YyvJaQpSp8M,8496,4348,15039,https://www.youtube.com/watch?v=SvYh7OeTaJc,4619,2745,2430,5237,https://www.twitch.tv/videos/2747639960
ab4f892ca62e4043b6287bdfe50b145d,117000,20988926,1335,764,2659,https://www.youtube.com/watch?v=-FMDyHibgmE,1088,567,2659,https://www.youtube.com/watch?v=-FMDyHibgmE,2578,772,2578,https://www.youtube.com/watch?v=IUwJHOe_jAA,1488,0,0,0,
a9b855767b2d432c9f263e3427ff33a6,113000,16360356,6564,2325,20877,https://www.youtube.com/watch?v=UKEFCevjqdo,3551,1676,16373,https://www.youtube.com/watch?v=9L0gZSLo9To,10219,5472,20877,https://www.youtube.com/watch?v=UKEFCevjqdo,0,0,0,0,
b4a1791208fd4d85b7b08ee2bad0c236,110000,17896443,18168,7242,70889,https://www.youtube.com/watch?v=xE1g-_Ruhnk,5242,2173,17105,https://www.youtube.com/watch?v=NWB_MF7DR60,29484,12864,70889,https://www.youtube.com/watch?v=xE1g-_Ruhnk,0,0,0,0,
9cec24b011ee45648eb404066c997f49,108000,19461414,6822,3519,39391,https://www.youtube.com/watch?v=I7_XaF8TthI,6214,2954,14635,https://www.youtube.com/watch?v=OZf0ToUHryM,16016,7002,39391,https://www.youtube.com/watch?v=I7_XaF8TthI,39744,12126,6236,23998,https://www.twitch.tv/videos/2756669550
04d2ff1dde6b4bb68503a734274f4b7e,107000,8824434,3053,973,4092,https://www.youtube.com/watch?v=0Y6lAFCqVzk,3691,1261,4092,https://www.youtube.com/watch?v=0Y6lAFCqVzk,2415,866,3946,https://www.youtube.com/watch?v=gpF72GzvF9I,0,0,0,0,
c0c033c9c8014562b58a7124b6b22fb0,106000,1502374,598,300,2262,https://www.youtube.com/watch?v=xc3XfCwxEBw,544,264,951,https://www.youtube.com/watch?v=XOjojiBrq3E,859,359,2262,https://www.youtube.com/watch?v=xc3XfCwxEBw,0,0,0,0,
23ec5ecfb8c14ea893576783f1790643,105000,6120997,955,548,10232,https://www.youtube.com/watch?v=zTLavot6ZGI,910,411,1355,https://www.youtube.com/watch?v=X8lBAt-Grww,9818,4415,10232,https://www.youtube.com/watch?v=zTLavot6ZGI,1673,379,342,677,https://www.twitch.tv/videos/2754283298
b126053a1356460ebf85a874a6a55aca,104000,42844460,2708,1396,13770,https://www.youtube.com/watch?v=OQ8TT_9v1_o,2677,1385,3545,https://www.youtube.com/watch?v=lCG8J_wFa9w,3037,1528,13770,https://www.youtube.com/watch?v=OQ8TT_9v1_o,0,0,0,0,
5f12df329c6144e1a6c596f4fbcb9e81,103000,10821354,4649,2088,102685,https://www.youtube.com/watch?v=yc48visdo1w,2885,1193,7646,https://www.youtube.com/watch?v=y_J5MpthWB4,16872,3852,102685,https://www.youtube.com/watch?v=yc48visdo1w,0,0,0,0,
98e3a5838fec4a6caa936ae35485de23,102000,8361184,3666,1451,6977,https://www.youtube.com/watch?v=j3Z9EpaecwM,2877,1626,6390,https://www.youtube.com/watch?v=H7RP67mUhsc,6420,505,6977,https://www.youtube.com/watch?v=j3Z9EpaecwM,0,0,0,0,
702c74978d8f4adab79f292cbecb49a4,101000,13124429,5019,1665,99313,https://www.youtube.com/watch?v=6VANNFmQmIk,1984,1040,2686,https://www.youtube.com/watch?v=vZoxBdOzHkI,5852,2933,99313,https://www.youtube.com/watch?v=6VANNFmQmIk,13173,0,0,0,
15c9a54b946a40c38c07ea2f9efddfa5,99100,26952495,11991,7296,20847,https://www.youtube.com/watch?v=4eY7Thfo_aI,11991,7296,20847,https://www.youtube.com/watch?v=4eY7Thfo_aI,11694,8158,18005,https://www.youtube.com/watch?v=tl4CSdEUMx8,62060,25451,11430,54917,https://www.twitch.tv/videos/2751842299
8bf35c3b9a9e461d825a9170555b71c2,95900,21878941,15536,5832,67828,https://www.youtube.com/watch?v=xcYXcTokVy8,14122,4389,26521,https://www.youtube.com/watch?v=mraFkZm87C0,59901,34288,67828,https://www.youtube.com/watch?v=xcYXcTokVy8,49609,29432,17776,55503,https://www.twitch.tv/videos/2755830635
5efb403f9a174bfd82d04d528a121042,93200,11642901,64122,25398,296406,https://www.youtube.com/watch?v=4681bKsivMw,16000,6033,34283,https://www.youtube.com/watch?v=EzLcHd3jD9Y,103464,46186,296406,https://www.youtube.com/watch?v=4681bKsivMw,12900,10397,3053,16883,https://www.twitch.tv/videos/2746986133
53707f0116dc4fca8614ac7139e40b83,92300,32902573,1438,1243,6202,https://www.youtube.com/watch?v=0D21HEgiQwk,0,0,0,,1438,1243,6202,https://www.youtube.com/watch?v=0D21HEgiQwk,4793,137,101,188,https://www.twitch.tv/videos/2751007421
ea4c1a67c2e445ad8028768616ceb659,90500,13252354,2529,889,19272,https://www.youtube.com/watch?v=AqOsOGhYhfI,2464,504,6801,https://www.youtube.com/watch?v=rBJK978_KPQ,14019,5859,19272,https://www.youtube.com/watch?v=AqOsOGhYhfI,3854,1478,1277,1767,https://www.twitch.tv/videos/2757346747
a6a4e83ae23140e6bd1f7c817af8f864,85700,5481749,2871,1313,35487,https://www.youtube.com/watch?v=-45uWOJNLbY,2871,354,2871,https://www.youtube.com/watch?v=tK0vPRPkLOE,14494,3549,35487,https://www.youtube.com/watch?v=-45uWOJNLbY,12168,3772,1828,25823,https://www.twitch.tv/videos/2742957355
9d9c6477329245cbb2557895f4f15686,84900,9110280,12338,3086,91751,https://www.youtube.com/watch?v=qFTw-Je5ZgI,0,0,0,,12338,3086,91751,https://www.youtube.com/watch?v=qFTw-Je5ZgI,168280,13425,5503,46619,https://www.twitch.tv/videos/2755813646
4544974bc5624035ae7bb0c9ed33e44e,84400,9329649,2754,1198,49651,https://www.youtube.com/watch?v=nr0W_KEswzI,2293,979,15101,https://www.youtube.com/watch?v=yimQ5xy1rS4,26593,14864,49651,https://www.youtube.com/watch?v=nr0W_KEswzI,12636,3476,1201,5771,https://www.twitch.tv/videos/2740329867
7e81a72484054a5c89f3826ebc8946be,80500,5740293,882,301,3088,https://www.youtube.com/watch?v=BYpbGNO5hiY,843,301,1292,https://www.youtube.com/watch?v=-bCFaGZrQtE,2198,577,3088,https://www.youtube.com/watch?v=BYpbGNO5hiY,12455,2501,942,4606,https://www.twitch.tv/videos/2753411635
1ccdbe5d48934f4cbabc86512dd1d357,78900,6278653,3525,1811,9709,https://www.youtube.com/watch?v=-r1_2QFU8iw,4307,1916,9709,https://www.youtube.com/watch?v=-r1_2QFU8iw,2961,1608,4004,https://www.youtube.com/watch?v=efx4Jd-MHAs,0,0,0,0,
0bf0ec441dc6489583f7218e02ab6a89,78500,5071862,598,240,1560,https://www.youtube.com/watch?v=109iTESgooM,615,269,1560,https://www.youtube.com/watch?v=109iTESgooM,14,13,14,https://www.youtube.com/watch?v=WWxywDo3H2U,10589,1354,941,2123,https://www.twitch.tv/videos/2751917038
6bd49f94afb144e995247388ca8c42a8,77800,15207861,12919,5610,72081,https://www.youtube.com/watch?v=k2E6C4qzU4A,12483,3705,21944,https://www.youtube.com/watch?v=PUUq-UrzrkY,27912,11278,72081,https://www.youtube.com/watch?v=k2E6C4qzU4A,68808,40650,18389,68745,https://www.twitch.tv/videos/2748500963
4b6655120fbd4431a8f7894cac4a4d49,76900,8585963,964,466,19746,https://www.youtube.com/watch?v=JI4KeSf50A4,964,466,19746,https://www.youtube.com/watch?v=JI4KeSf50A4,0,0,0,,0,0,0,0,
17c335762a694402b8cb9a96b2865572,74900,7726043,1757,792,3623,https://www.youtube.com/watch?v=v2_6lClOnvo,1757,792,3623,https://www.youtube.com/watch?v=v2_6lClOnvo,0,0,0,,0,0,0,0,
fd6a0236861940389e15ef85b16c6069,74400,27681398,57488,11666,257821,https://www.youtube.com/watch?v=F1O9FBTFhVw,0,0,0,,57488,11666,257821,https://www.youtube.com/watch?v=F1O9FBTFhVw,174043,52550,24144,129378,https://www.twitch.tv/videos/2735487641
5bd39e2c6dcf4ff19436d8a5fa069464,73400,10062735,13632,7013,42462,https://www.youtube.com/watch?v=QldywFiE2pM,13574,3638,24796,https://www.youtube.com/watch?v=n5aL-d3H_ps,15916,12628,42462,https://www.youtube.com/watch?v=QldywFiE2pM,30591,24032,7579,34161,https://www.twitch.tv/videos/2738708481
cd42e06c40534d9eac7e30a434e47d43,72000,5866905,911,307,6363,https://www.youtube.com/watch?v=R4-2QdV2nJA,893,307,1757,https://www.youtube.com/watch?v=PKgEj5uB7yw,3612,1222,6363,https://www.youtube.com/watch?v=R4-2QdV2nJA,3301,0,0,0,
c5fe413a473d4638b53fb3f9019aabbe,69000,5271632,5230,4035,6457,https://www.youtube.com/watch?v=ogww-LP7Hr0,5843,4179,6457,https://www.youtube.com/watch?v=ogww-LP7Hr0,1983,1800,1983,https://www.youtube.com/watch?v=U4ecF4GNw1I,24101,36871,16618,58412,https://www.twitch.tv/videos/2741827304
2694a505a0e0441bb99b49e8ce1f7473,68000,5413617,3822,1023,3822,https://www.youtube.com/watch?v=wIhLxCHLJbU,0,0,0,,3822,1023,3822,https://www.youtube.com/watch?v=wIhLxCHLJbU,53343,14067,4980,32283,https://www.twitch.tv/videos/2758211739
d5fdf5fc55d14476908e416e6d43c121,67700,5405353,1844,1060,10238,https://www.youtube.com/watch?v=HTilBjwPKy4,1651,889,9226,https://www.youtube.com/watch?v=05GQc0UDlIE,5782,2577,10238,https://www.youtube.com/watch?v=HTilBjwPKy4,0,0,0,0,
8d113670c4514e5bb28823a756385528,67600,9442515,16734,8025,43753,https://www.youtube.com/watch?v=D8fA9Ym0bxY,18517,4234,27622,https://www.youtube.com/watch?v=jbfpvK3QMr0,16086,11928,43753,https://www.youtube.com/watch?v=D8fA9Ym0bxY,29139,23271,7240,32692,https://www.twitch.tv/videos/2735541592
6c872a4043b84e4493877a42af684d1d,66000,10176413,1715,762,24346,https://www.youtube.com/watch?v=Tg5NXQn58lU,1512,756,3242,https://www.youtube.com/watch?v=SKJj99wsy5E,16372,5673,24346,https://www.youtube.com/watch?v=Tg5NXQn58lU,6201,0,0,0,
1323f1b775bf43659f8b8ec2899522cd,64600,4178849,2523,895,6399,https://www.youtube.com/watch?v=0VT1Sgh52ZQ,2523,895,6399,https://www.youtube.com/watch?v=0VT1Sgh52ZQ,0,0,0,,0,0,0,0,
1b63d89e0b1a4b579de6d99e25eaff8f,63900,13000508,3833,2192,27810,https://www.youtube.com/watch?v=eTIfusmDAmI,3280,1910,6386,https://www.youtube.com/watch?v=FdNi6gyl-aY,18858,5088,27810,https://www.youtube.com/watch?v=eTIfusmDAmI,11598,0,0,0,
cb94019fb4714e168b47d6757995efc3,61800,4683838,2219,829,16827,https://www.youtube.com/watch?v=1lQtQ1N4LLM,2149,773,2930,https://www.youtube.com/watch?v=RnTQjcvT3fw,11589,3761,16827,https://www.youtube.com/watch?v=1lQtQ1N4LLM,7080,2276,997,3734,https://www.twitch.tv/videos/2739674280
4fc5a770272a43f1bb0a1d12aa3a9b46,61700,13562488,2436,917,13530,https://www.youtube.com/watch?v=_GLOq6PifW0,0,0,0,,2436,917,13530,https://www.youtube.com/watch?v=_GLOq6PifW0,0,0,0,0,
f5ff982730f54cd4826ff0530a4288c2,61200,6098948,4936,3237,27723,https://www.youtube.com/watch?v=lb8vTlB17rw,1569,1526,22676,https://www.youtube.com/watch?v=3DGcsM1ANiA,5772,3455,27723,https://www.youtube.com/watch?v=lb8vTlB17rw,0,0,0,0,
6a9a7c7dc3f94605b5f619e9fbcfa33d,61200,2012061,11291,5497,50062,https://www.youtube.com/watch?v=iJ9DIokXMnk,10114,5547,50062,https://www.youtube.com/watch?v=iJ9DIokXMnk,12707,5497,34783,https://www.youtube.com/watch?v=jep-Bhkhg8A,0,0,0,0,
512b64ec20174d018540516e9edf2b2f,61200,7767634,348,142,649,https://www.youtube.com/watch?v=svFtjeTHyc8,376,113,455,https://www.youtube.com/watch?v=JhnVK9LAELo,341,148,649,https://www.youtube.com/watch?v=svFtjeTHyc8,1240,0,0,0,
a8ce4642418b4fe8ba1471a32097f4c4,61000,3807789,760,435,3539,https://www.youtube.com/watch?v=Zw_nEmddvyQ,680,261,2068,https://www.youtube.com/watch?v=1AsI2Z772NE,3067,1362,3539,https://www.youtube.com/watch?v=Zw_nEmddvyQ,0,0,0,0,
911d3403c8e84dc3b0c4a2f6017698b6,60800,1642351,585,244,2477,https://www.youtube.com/watch?v=WAibJxrrisI,560,231,987,https://www.youtube.com/watch?v=V2e_HNYrOYk,1363,484,2477,https://www.youtube.com/watch?v=WAibJxrrisI,3594,645,602,645,https://www.twitch.tv/videos/2757455387
0d717ed7ec134fb6ac94ce9dc4e25658,60400,4601845,1816,480,5849,https://www.youtube.com/watch?v=501HRmtUbn4,1816,480,5849,https://www.youtube.com/watch?v=501HRmtUbn4,0,0,0,,0,0,0,0,
f985903969ad4e8b839e919aabe94480,58600,1056479,739,361,2039,https://www.youtube.com/watch?v=IJyW3u24UyI,711,336,1367,https://www.youtube.com/watch?v=07b6NgZy84E,986,642,2039,https://www.youtube.com/watch?v=IJyW3u24UyI,0,0,0,0,
14a9a08fbdc641e8ac8c384dedfccf0a,58200,6368722,2898,2409,4839,https://www.youtube.com/watch?v=qVrS04SdeqI,2898,2409,4839,https://www.youtube.com/watch?v=qVrS04SdeqI,0,0,0,,17005,6464,3531,10434,https://www.twitch.tv/videos/2751799808
5a934764983e45959855735b79bcc90e,58200,2627756,1103,566,5549,https://www.youtube.com/watch?v=Nc87HR-6AVs,994,481,3345,https://www.youtube.com/watch?v=1zq8pbd_xfc,3870,1387,5549,https://www.youtube.com/watch?v=Nc87HR-6AVs,11605,1529,580,4359,https://www.twitch.tv/videos/2740389286
99f6f80397b34d0b9a0cfd40f3801a35,57800,2754245,2227,976,11877,https://www.youtube.com/watch?v=qhRxsEcdEiE,1843,933,2654,https://www.youtube.com/watch?v=vDxUsD_SW1g,10381,6728,11877,https://www.youtube.com/watch?v=qhRxsEcdEiE,29603,15577,10318,65504,https://www.twitch.tv/videos/2745357557
ba59bb31bbcd4cf3a481c4cf72918fb0,57000,8374822,3090,1766,22334,https://www.youtube.com/watch?v=ANihRz54HII,2763,1280,3508,https://www.youtube.com/watch?v=tEjTHiCYXiE,6902,5353,22334,https://www.youtube.com/watch?v=ANihRz54HII,0,0,0,0,
02f5258d29b046bc9f597c9baac014bf,56800,4280599,8212,4194,111867,https://www.youtube.com/watch?v=gG0FdYwxcU0,6547,3440,8212,https://www.youtube.com/watch?v=IlJn2le8mp4,36919,15018,111867,https://www.youtube.com/watch?v=gG0FdYwxcU0,39027,52306,24224,123800,https://www.twitch.tv/videos/2740495438
6aefa292dc61441e98c787efb0067922,55600,2559611,1190,755,4410,https://www.youtube.com/watch?v=7VI-oCN7neI,1140,623,4410,https://www.youtube.com/watch?v=7VI-oCN7neI,2161,1314,3221,https://www.youtube.com/watch?v=shzceRu8ZDQ,11219,1741,775,4804,https://www.twitch.tv/videos/2746776510
729621ce509b4641ad8cde76dec037d0,54900,2825325,805,354,5306,https://www.youtube.com/watch?v=9CAR_x6aLTk,742,298,3719,https://www.youtube.com/watch?v=M_z7R_SNmZE,3339,890,5306,https://www.youtube.com/watch?v=9CAR_x6aLTk,5200,869,666,1845,https://www.twitch.tv/videos/2747736592
e14d4aac184c4ccdba6f2a9718cfea62,54800,3037581,720,214,3917,https://www.youtube.com/watch?v=-tOFde55hYU,720,214,3917,https://www.youtube.com/watch?v=-tOFde55hYU,0,0,0,,0,0,0,0,
66c812bb04844241af1d1c7539b5e251,53600,38949834,154,75,1814,https://www.youtube.com/watch?v=qi0k_e05exI,140,75,1814,https://www.youtube.com/watch?v=qi0k_e05exI,277,79,639,https://www.youtube.com/watch?v=LOdPJRiKN5M,1085,24,15,52,https://www.twitch.tv/videos/2752749857
a000aa1d3ea7489c993277d33ab2457e,53400,5338851,3160,1501,17745,https://www.youtube.com/watch?v=k2H_ckm5WHs,3135,1552,12750,https://www.youtube.com/watch?v=eUsnH3N_ASs,17745,587,17745,https://www.youtube.com/watch?v=k2H_ckm5WHs,48461,18625,8640,49416,https://www.twitch.tv/videos/2754908229
efe550a729e14dbab790a3f73205d8ed,53400,2974017,1917,718,5453,https://www.youtube.com/watch?v=O0Ed-_Pbxog,1121,524,2783,https://www.youtube.com/watch?v=n34Do940Y_o,3549,1851,5453,https://www.youtube.com/watch?v=O0Ed-_Pbxog,0,0,0,0,
626750f4e7a745619c171c44fb1efcc0,52900,6974682,1901,852,9533,https://www.youtube.com/watch?v=-YWuS2yU7AY,897,491,2566,https://www.youtube.com/watch?v=q_EAy98ZoKA,2691,1420,9533,https://www.youtube.com/watch?v=-YWuS2yU7AY,10848,496,211,2082,https://www.twitch.tv/videos/2752525140
ce2a2c07a74640fc8d3b39d022b16dd9,52700,4774183,1099,607,7168,https://www.youtube.com/watch?v=buqFZPhP10s,797,353,1276,https://www.youtube.com/watch?v=Osk12nkgV8Q,4079,2104,7168,https://www.youtube.com/watch?v=buqFZPhP10s,0,0,0,0,
658e63bebdca421ca934b0bf6aa2bcd8,52100,5972815,2189,748,5298,https://www.youtube.com/watch?v=Bm-4dLgN2kQ,2254,900,5298,https://www.youtube.com/watch?v=Bm-4dLgN2kQ,1479,69,4466,https://www.youtube.com/watch?v=c_yLlmECgJ0,11075,632,340,873,https://www.twitch.tv/videos/2747843772
cbb5df4184f04027b8a550d648d79eeb,51900,4564721,14213,5369,30902,https://www.youtube.com/watch?v=TlBO44EJa6s,30902,5369,30902,https://www.youtube.com/watch?v=TlBO44EJa6s,12902,5494,20634,https://www.youtube.com/watch?v=JIa3invYJ3w,0,0,0,0,
60282d578bb747b8b232dba81168a5b6,51300,5183234,2860,933,4990,https://www.youtube.com/watch?v=hRbPEjhurro,2860,514,4990,https://www.youtube.com/watch?v=hRbPEjhurro,3638,1030,4675,https://www.youtube.com/watch?v=SA9lVQZq_44,0,0,0,0,
927ce160c29f4465ba196c3e1b8fee1c,50500,2997004,1502,563,3337,https://www.youtube.com/watch?v=k_KJ3_QRPp4,1270,499,2335,https://www.youtube.com/watch?v=7NQ5Xnhmp2w,3074,2448,3337,https://www.youtube.com/watch?v=k_KJ3_QRPp4,4832,830,674,2274,https://www.twitch.tv/videos/2745230109
7d66bf98da354f72baee891cdd91855b,49800,4537523,3042,1781,15542,https://www.youtube.com/watch?v=Vi6kykFZhnI,2897,1692,7802,https://www.youtube.com/watch?v=81fey24id8E,15542,13962,15542,https://www.youtube.com/watch?v=Vi6kykFZhnI,0,0,0,0,
50a0835b66844b0ab84f573934f20989,49700,2453199,1409,619,3269,https://www.youtube.com/watch?v=1nLdkwoY5uk,1396,618,3269,https://www.youtube.com/watch?v=1nLdkwoY5uk,2129,1330,2129,https://www.youtube.com/watch?v=VQY82rLVhN8,0,0,0,0,
0eb515afbb9347529a406e91a07cde90,49100,2562724,10656,4403,72466,https://www.youtube.com/watch?v=khjc9hc0rTY,6741,3224,8697,https://www.youtube.com/watch?v=KJNC_4fSsFI,29039,10647,72466,https://www.youtube.com/watch?v=khjc9hc0rTY,20098,9082,5074,17062,https://www.twitch.tv/videos/2744504739
3bc36efc33ba4410be1d509a39074ceb,49100,4080099,13739,5537,49892,https://www.youtube.com/watch?v=xpIiMm1hwPY,12939,5157,20527,https://www.youtube.com/watch?v=f0xAhF6l_xI,15741,6327,49892,https://www.youtube.com/watch?v=xpIiMm1hwPY,24855,22700,11871,59941,https://www.twitch.tv/videos/2742048788
4c3cae772e974f8fb8e04f4cc9c8cd8d,48900,3235042,1866,982,4141,https://www.youtube.com/watch?v=0BuBCuA9-xg,1845,1013,4141,https://www.youtube.com/watch?v=0BuBCuA9-xg,3064,103,3064,https://www.youtube.com/watch?v=K8i5KRCksaQ,0,0,0,0,
1cfadb0d2e154a258c3177ff8264336f,48800,4382469,3222,658,12204,https://www.youtube.com/watch?v=hwdzHmEMjbk,2362,1145,12204,https://www.youtube.com/watch?v=hwdzHmEMjbk,5287,333,7352,https://www.youtube.com/watch?v=n713YY3UU6w,0,0,0,0,
2db2ffc41ff340a990a6d4dcec000d08,48300,3003737,5996,2643,28013,https://www.youtube.com/watch?v=Yqf5YU2ucN8,4792,1711,9759,https://www.youtube.com/watch?v=Orhpjj_yj3o,20308,9351,28013,https://www.youtube.com/watch?v=Yqf5YU2ucN8,25386,9554,4480,17503,https://www.twitch.tv/videos/2747803888
920d34819cf944e99cf469f7552d535f,48300,11680506,19073,7859,135456,https://www.youtube.com/watch?v=3Z3RhaEfMdA,16961,6247,32334,https://www.youtube.com/watch?v=WBKb3gXMYnY,41573,24398,135456,https://www.youtube.com/watch?v=3Z3RhaEfMdA,6407,0,0,0,
6c88799c6f45407faf0f9ea007b0dcab,48100,3617435,9932,3701,33704,https://www.youtube.com/watch?v=nLrXBlq1TfE,952,642,1497,https://www.youtube.com/watch?v=p6VkbfZZ1MQ,13864,6587,33704,https://www.youtube.com/watch?v=nLrXBlq1TfE,0,0,0,0,
3681a0b4e4bd48888473b1884f6ee420,47900,5432088,841,297,17389,https://www.youtube.com/watch?v=hTGJUka7ODU,775,197,1620,https://www.youtube.com/watch?v=UusN0_yXHK4,1856,806,17389,https://www.youtube.com/watch?v=hTGJUka7ODU,0,0,0,0,
22ca620b93c94e5cb48175bbecf8d3af,47400,5455084,2411,1095,5786,https://www.youtube.com/watch?v=jwhNX3GPtpI,1663,866,2411,https://www.youtube.com/watch?v=_MacKMzJsVA,3453,1675,5786,https://www.youtube.com/watch?v=jwhNX3GPtpI,0,0,0,0,
e350c8b7e41045419ee1ac73bc78921b,47300,5186291,1251,631,17580,https://www.youtube.com/watch?v=PjcoHmGUKvk,1047,491,1974,https://www.youtube.com/watch?v=UvdHQ8wrGog,2609,1526,17580,https://www.youtube.com/watch?v=PjcoHmGUKvk,0,0,0,0,
c41044006a014ed28107f33221a7de98,47100,4367157,1863,650,2950,https://www.youtube.com/watch?v=5F9WwnfTRz0,1863,650,2950,https://www.youtube.com/watch?v=5F9WwnfTRz0,0,0,0,,5279,0,0,0,
ebe5c5f9d67f44f3bc5e70b413ce9df7,47000,2274882,614,322,1814,https://www.youtube.com/watch?v=DO0YEDmcC54,607,298,767,https://www.youtube.com/watch?v=rx__7UM2g7U,1814,427,1814,https://www.youtube.com/watch?v=DO0YEDmcC54,12248,1133,415,4381,https://www.twitch.tv/videos/2736240106
575d15d21f7240e1ad72935bf7fa0465,46900,1669479,403,212,3951,https://www.youtube.com/watch?v=x_zVajCRP8w,357,165,649,https://www.youtube.com/watch?v=p51he7Ao4wE,3039,1657,3951,https://www.youtube.com/watch?v=x_zVajCRP8w,0,0,0,0,
2760c9a44c20464d8e140e6367ed1cdf,46900,2451561,448,187,3250,https://www.youtube.com/watch?v=RS5uBZ0fUYg,407,173,893,https://www.youtube.com/watch?v=9t2fLiHjkMg,2408,1363,3250,https://www.youtube.com/watch?v=RS5uBZ0fUYg,2429,522,412,1680,https://www.twitch.tv/videos/2751660027
21d5855a8c7d4461b286d40c167ac093,46100,5056435,1336,592,17639,https://www.youtube.com/watch?v=3_Or3Nou3cc,1137,386,1891,https://www.youtube.com/watch?v=rpTXeJ4aOKQ,15605,13374,17639,https://www.youtube.com/watch?v=3_Or3Nou3cc,995,608,569,9381,https://www.twitch.tv/videos/2751049797
fe1abd28f3114015ac31ae1821e8dd3f,46100,1702197,1388,612,4320,https://www.youtube.com/watch?v=SUhPubpIcZQ,1326,541,4320,https://www.youtube.com/watch?v=SUhPubpIcZQ,2810,2437,3771,https://www.youtube.com/watch?v=h7tcrRFJLVU,4641,521,307,678,https://www.twitch.tv/videos/2748601401
3d786b116dbc437e8684d7b46567a1e5,45600,1592990,956,498,3958,https://www.youtube.com/watch?v=IUT2J3KviC0,858,498,1247,https://www.youtube.com/watch?v=E5UcYzqHJBw,1920,631,3958,https://www.youtube.com/watch?v=IUT2J3KviC0,9698,1549,782,5681,https://www.twitch.tv/videos/2740175394
20f0e269ce554a00920de0444bc22aaf,45000,3919954,1503,698,19353,https://www.youtube.com/watch?v=2aX19VdsXSM,557,296,1433,https://www.youtube.com/watch?v=odrGAJD9jkM,3376,1167,19353,https://www.youtube.com/watch?v=2aX19VdsXSM,0,0,0,0,
177fe395a2704d10add06cb1466fa254,44900,3492170,11311,6113,52372,https://www.youtube.com/watch?v=l9ipGbJBM3s,8432,3647,15552,https://www.youtube.com/watch?v=AikQEEEKeDI,29863,14780,52372,https://www.youtube.com/watch?v=l9ipGbJBM3s,31757,20715,10564,49400,https://www.twitch.tv/videos/2755750529
a0d4fad2fd3d4e4981947642a9dbafc4,44200,3423084,1660,966,3736,https://www.youtube.com/watch?v=Q5CDhTS6cRY,1660,966,3736,https://www.youtube.com/watch?v=Q5CDhTS6cRY,0,0,0,,12153,1820,1202,3565,https://www.twitch.tv/videos/2750191813
1c6ebd51e0fc4ebab88347e853335c87,43900,2042220,1667,700,5844,https://www.youtube.com/watch?v=KQpId9Fhaog,995,630,5844,https://www.youtube.com/watch?v=KQpId9Fhaog,2209,1147,5247,https://www.youtube.com/watch?v=0z09omPYeo0,1725,2645,2139,3532,https://www.twitch.tv/videos/2756419455
c25e6f38d6df447e84c4747ba6ac75cc,43500,1447980,7305,3724,83594,https://www.youtube.com/watch?v=uc4XTTqruUQ,5332,3445,27225,https://www.youtube.com/watch?v=JabK0E69CLo,9117,3855,83594,https://www.youtube.com/watch?v=uc4XTTqruUQ,0,0,0,0,
0825b7bbb6134dbc98a132cc1782fb1f,43000,1778495,451,265,719,https://www.youtube.com/watch?v=OkO45iD7AeM,451,265,719,https://www.youtube.com/watch?v=OkO45iD7AeM,0,0,0,,0,0,0,0,
dee8efe8990e458c915e4f6a6a16b49f,42700,5264190,186,73,401,https://www.youtube.com/watch?v=TQIFAc9aP-E,186,73,401,https://www.youtube.com/watch?v=TQIFAc9aP-E,0,0,0,,3319,0,0,0,
9a496e9b261f401dba4991a9f4c7048e,42600,1534420,801,521,5534,https://www.youtube.com/watch?v=2hFHNAf0Ib0,754,484,1589,https://www.youtube.com/watch?v=DUMtXIM8CVo,3196,559,5534,https://www.youtube.com/watch?v=2hFHNAf0Ib0,0,0,0,0,
73b97b1a35c84579aa8ffcd6534efad3,42500,5836731,1553,701,21500,https://www.youtube.com/watch?v=kyaHMmGLvsU,793,331,2112,https://www.youtube.com/watch?v=gji8A_nS7To,5705,2807,21500,https://www.youtube.com/watch?v=kyaHMmGLvsU,10776,0,0,0,
5f6f102dd7cc4bfaa99e4cde16b85290,42400,2211737,1701,814,7902,https://www.youtube.com/watch?v=kJla_y6UhOc,1622,803,2475,https://www.youtube.com/watch?v=5UHIBqG7qT8,4212,2412,7902,https://www.youtube.com/watch?v=kJla_y6UhOc,8004,5988,2806,13926,https://www.twitch.tv/videos/2749154260
a9f28d3e3d2a4ecb93ff10955be791d1,42100,3031882,3469,1965,5346,https://www.youtube.com/watch?v=DniH6zC8CX0,3056,1965,4071,https://www.youtube.com/watch?v=23xJALNSnBg,4280,3005,5346,https://www.youtube.com/watch?v=DniH6zC8CX0,16576,6818,1843,13547,https://www.twitch.tv/videos/2737890607
8150f530d858418282811429cc32622b,41100,2267097,373,195,2999,https://www.youtube.com/watch?v=9VXRjMbsKd0,342,184,2999,https://www.youtube.com/watch?v=9VXRjMbsKd0,2358,575,2468,https://www.youtube.com/watch?v=vlRqAX0wqPE,12905,751,294,1608,https://www.twitch.tv/videos/2737959363
ed426712876641848613137bef236d26,40800,3831527,1562,615,9757,https://www.youtube.com/watch?v=_P13W26FOvs,1189,441,1673,https://www.youtube.com/watch?v=3yd2VC6B00I,3949,1598,9757,https://www.youtube.com/watch?v=_P13W26FOvs,9094,1344,475,2053,https://www.twitch.tv/videos/2747541963
be6c475c291d45a0a7349abdb70be20d,40500,13015098,289,147,3799,https://www.youtube.com/watch?v=eVkQ7EaPlSc,272,140,1305,https://www.youtube.com/watch?v=73A43hZjSd4,2568,621,3799,https://www.youtube.com/watch?v=eVkQ7EaPlSc,0,0,0,0,
14770d49681b44c1a6a7fcbdc265f539,40500,1842721,1435,673,1467,https://www.youtube.com/watch?v=8sTVlBSmFbk,1435,673,1467,https://www.youtube.com/watch?v=8sTVlBSmFbk,0,0,0,,0,0,0,0,
5e98938ba0624235863dd2af8017fbe6,40400,1928082,1348,464,4897,https://www.youtube.com/watch?v=pmfViL8jc34,1383,515,4897,https://www.youtube.com/watch?v=pmfViL8jc34,701,375,701,https://www.youtube.com/watch?v=h50yg0FYzD8,0,0,0,0,
4b8137b8ba4e4a4dad994e2e07e351fe,40300,2485777,394,162,1210,https://www.youtube.com/watch?v=whNxHKKMHUw,301,134,398,https://www.youtube.com/watch?v=NeB5xIajTjk,1111,332,1210,https://www.youtube.com/watch?v=whNxHKKMHUw,2094,229,154,249,https://www.twitch.tv/videos/2747813705
6943bbfc993443d4b3853833b3bb1a66,40300,15012716,7301,2844,12085,https://www.youtube.com/watch?v=Khbel9tEw70,0,0,0,,7301,2844,12085,https://www.youtube.com/watch?v=Khbel9tEw70,0,0,0,0,
d1694c709e0f489fbd07fc9bc67c0a66,40000,1950129,522,291,1903,https://www.youtube.com/watch?v=66XFn8Gd7hM,484,249,1353,https://www.youtube.com/watch?v=ZaxH4A14XjQ,1566,829,1903,https://www.youtube.com/watch?v=66XFn8Gd7hM,2651,1366,1060,2237,https://www.twitch.tv/videos/2754812030
192d2decee72410e8346c135c4ac6e00,39500,1576708,1962,997,3293,https://www.youtube.com/watch?v=N3_HuT6c-pg,1962,997,3293,https://www.youtube.com/watch?v=N3_HuT6c-pg,0,0,0,,2391,0,0,0,
e069724ddab54dd690d6c3425574effd,39100,6277463,1630,760,27934,https://www.youtube.com/watch?v=z4fzHyne-VA,1274,478,2095,https://www.youtube.com/watch?v=xjvTK5foQpQ,7307,3485,27934,https://www.youtube.com/watch?v=z4fzHyne-VA,4629,462,448,462,https://www.twitch.tv/videos/2758288949
f928e57423634094b3d7d8461321c028,38100,959143,399,232,593,https://www.youtube.com/watch?v=9dmYUflA_LU,399,232,593,https://www.youtube.com/watch?v=9dmYUflA_LU,0,0,0,,3128,0,0,0,
80f7b111f0e044abae4c37f6a96b5957,38000,1096270,260,153,1312,https://www.youtube.com/watch?v=eF9GlTaw17E,260,141,615,https://www.youtube.com/watch?v=ulF2L0t2qYA,1312,1225,1312,https://www.youtube.com/watch?v=eF9GlTaw17E,0,0,0,0,
f6a8c59d8b8d4e009d4e147ec268cd73,37500,2031622,2158,1389,4696,https://www.youtube.com/watch?v=ScLhcwGhoKw,2158,1389,4696,https://www.youtube.com/watch?v=ScLhcwGhoKw,0,0,0,,4981,0,0,0,
7aba821c721e45bcb3d113652e9e8fb2,37400,1145655,1282,446,2633,https://www.youtube.com/watch?v=ftX7yigjje0,1085,408,1537,https://www.youtube.com/watch?v=XATWqYeET0c,2633,2366,2633,https://www.youtube.com/watch?v=ftX7yigjje0,0,0,0,0,
c88554bbf263412da16e7a17fd03e467,37300,2093000,3513,2009,27595,https://www.youtube.com/watch?v=VwtRu5dvUmw,3148,1769,27595,https://www.youtube.com/watch?v=VwtRu5dvUmw,12456,4649,26274,https://www.youtube.com/watch?v=kCdkGYCSERU,0,0,0,0,
a85d79e2323b4869a6f784c51218cd37,36800,3631402,2552,1346,35236,https://www.youtube.com/watch?v=LEB5YT5LlMs,1530,738,6050,https://www.youtube.com/watch?v=lZ352BLrtA0,3813,2214,35236,https://www.youtube.com/watch?v=LEB5YT5LlMs,2104,323,228,848,https://www.twitch.tv/videos/2754238864
5c7beefaa54444e3b0443d7abd93c1f7,36700,4245828,0,0,0,,0,0,0,,0,0,0,,4425,586,404,1156,https://www.twitch.tv/videos/2756696334
84d68bef71304aa089c10d2c33c9a107,36600,3534792,1702,757,7626,https://www.youtube.com/watch?v=sidAiJm4aTI,1398,602,3614,https://www.youtube.com/watch?v=krcaNq2sZGk,4816,1913,7626,https://www.youtube.com/watch?v=sidAiJm4aTI,0,0,0,0,
f928118054aa4e11aa4ec88504d8b886,36200,2107090,633,223,1355,https://www.youtube.com/watch?v=e0hU-FCJPK4,633,223,1355,https://www.youtube.com/watch?v=e0hU-FCJPK4,0,0,0,,2332,335,257,335,https://www.twitch.tv/videos/2753461674
dad6fb7439d744739755a9a7c6c18d20,36200,3247908,2622,970,7273,https://www.youtube.com/watch?v=mQHVTqadc0U,1613,901,4153,https://www.youtube.com/watch?v=voo4uRHUl8w,5452,1979,7273,https://www.youtube.com/watch?v=mQHVTqadc0U,2823,670,395,1711,https://www.twitch.tv/videos/2754247926
6baf9b6a84a44ab3a6979d98bff7ee21,35700,1575271,1712,572,17808,https://www.youtube.com/watch?v=U8SxZ16wzgw,1525,491,3596,https://www.youtube.com/watch?v=4lOK8QMzdJM,11769,7969,17808,https://www.youtube.com/watch?v=U8SxZ16wzgw,0,0,0,0,
b08047f2566246ac995e03a5db727cfe,35100,88264,1671,176,2531,https://www.youtube.com/watch?v=8oCp_FSBI7c,812,87,812,https://www.youtube.com/watch?v=gahG4sRMd4A,2531,266,2531,https://www.youtube.com/watch?v=8oCp_FSBI7c,7238,0,0,0,
683c47ffba3246cb8574a6f2667208d1,34900,1179051,2405,869,17656,https://www.youtube.com/watch?v=c5OK94le8dQ,1342,683,2405,https://www.youtube.com/watch?v=xKSjTA9QT_4,6244,2959,17656,https://www.youtube.com/watch?v=c5OK94le8dQ,11319,10867,4466,21195,https://www.twitch.tv/videos/2736118208
8267ea37c12a471a8a038f501832e099,34600,2416685,1699,268,2107,https://www.youtube.com/watch?v=5Qa1OTCw8fw,1897,243,2096,https://www.youtube.com/watch?v=m3D_LZB3rxk,1504,268,2107,https://www.youtube.com/watch?v=5Qa1OTCw8fw,0,0,0,0,
84a911e2b05f4919a32e0c1618e32a7d,34300,1070914,532,283,1123,https://www.youtube.com/watch?v=zEr7avpf8Mc,532,283,1123,https://www.youtube.com/watch?v=zEr7avpf8Mc,0,0,0,,0,0,0,0,
55be1972142c44799f83ce3db4f14fbd,34100,2792359,2737,832,10507,https://www.youtube.com/watch?v=iObxoKonXEY,868,536,3622,https://www.youtube.com/watch?v=pOjBqbY0gpg,4543,1570,10507,https://www.youtube.com/watch?v=iObxoKonXEY,0,0,0,0,
6af8929143294c72b25a7108e79e2faf,34100,2223600,1118,597,3195,https://www.youtube.com/watch?v=smkm9KGvjm0,960,539,3195,https://www.youtube.com/watch?v=smkm9KGvjm0,1523,1266,1773,https://www.youtube.com/watch?v=TkA-l9buWsI,0,0,0,0,
d6c4708f6eb94ac6ad7668363b132248,33900,1104454,372,212,2380,https://www.youtube.com/watch?v=rtxJVSG1VSg,363,212,2186,https://www.youtube.com/watch?v=er7wmAhoKRA,992,367,2380,https://www.youtube.com/watch?v=rtxJVSG1VSg,0,0,0,0,
6929e06cd9ed49739cadaa35115847c7,33900,2269662,1204,428,3945,https://www.youtube.com/watch?v=jA_b6FqvyLs,1204,428,3945,https://www.youtube.com/watch?v=jA_b6FqvyLs,0,0,0,,0,0,0,0,
32b5b05c6e0f4747a8c0932d06f97f8c,33400,2055913,1962,884,4622,https://www.youtube.com/watch?v=aXfmNGJEaKE,1542,755,4138,https://www.youtube.com/watch?v=uvqD5rEO8qs,3963,1792,4622,https://www.youtube.com/watch?v=aXfmNGJEaKE,4703,0,0,0,
93bad1d4b0c54c8781e3775d13a62c38,33200,1090279,136,51,924,https://www.youtube.com/watch?v=jwaBl5K_SQo,134,53,163,https://www.youtube.com/watch?v=rLB4JMVjOZ8,924,22,924,https://www.youtube.com/watch?v=jwaBl5K_SQo,676,0,0,0,
9ca368e73d514656ade48dc946f55956,32600,4190497,0,0,0,,0,0,0,,0,0,0,,9170,878,373,1964,https://www.twitch.tv/videos/2752654233
334133534368487780dfa99b7c9f5949,32100,17851764,0,0,0,,0,0,0,,0,0,0,,0,0,0,0,
59f5e287671149398135c5c08b5ed2f7,32100,657694,2238,1192,8687,https://www.youtube.com/watch?v=FLf9MssJ5TE,0,0,0,,2238,1192,8687,https://www.youtube.com/watch?v=FLf9MssJ5TE,205,0,0,0,
b0f523194beb4abca2b433e9e41d912c,32000,1749711,1125,436,3553,https://www.youtube.com/watch?v=MlJR_FxqHWo,1051,436,1890,https://www.youtube.com/watch?v=b4FSGWODOzQ,2038,514,3553,https://www.youtube.com/watch?v=MlJR_FxqHWo,11992,0,0,0,
13a4e83f2bbc4d18bb27520a4dceef72,31900,7901715,6907,1625,9284,https://www.youtube.com/watch?v=nrqvEFnpOWI,4531,467,4531,https://www.youtube.com/watch?v=VQ8Pf1bfyVE,9284,2782,9284,https://www.youtube.com/watch?v=nrqvEFnpOWI,57658,31841,19199,51292,https://www.twitch.tv/videos/2745163372
1edf4940878546569e52dd06c95b8581,31600,2266219,408,294,1821,https://www.youtube.com/watch?v=VCQYOROSnck,407,290,874,https://www.youtube.com/watch?v=T9nGChiI-wk,1553,591,1821,https://www.youtube.com/watch?v=VCQYOROSnck,0,0,0,0,
e150e350532b4327b26989dd43cd3bad,31400,1996093,871,325,876,https://www.youtube.com/watch?v=fLRXnkD0it8,871,325,876,https://www.youtube.com/watch?v=fLRXnkD0it8,0,0,0,,1066,0,0,0,
b42416c629e64c948f75aff4ff5c9a8a,31300,1230163,783,607,1969,https://www.youtube.com/watch?v=3DwMnraelSM,861,106,861,https://www.youtube.com/watch?v=CQ7sm4xNCjA,705,662,1969,https://www.youtube.com/watch?v=3DwMnraelSM,3724,0,0,0,
ad56a56e509c4b6fa0cf11ca959e3c72,31300,84987,639,345,1044,https://www.youtube.com/watch?v=Mm-gX7QH_Ao,639,345,1044,https://www.youtube.com/watch?v=Mm-gX7QH_Ao,0,0,0,,134,0,0,0,
e1b2266a00c04e81bd868ae2fbff7848,31100,1641847,975,372,3009,https://www.youtube.com/watch?v=t-s4gf6KGdQ,1091,673,3009,https://www.youtube.com/watch?v=t-s4gf6KGdQ,233,136,249,https://www.youtube.com/watch?v=mECsgjrXmvE,0,0,0,0,
9f649d90164140bdb0e38f7e835c183b,31100,1874760,964,393,2911,https://www.youtube.com/watch?v=u_2oiY_6_ds,964,393,2911,https://www.youtube.com/watch?v=u_2oiY_6_ds,0,0,0,,0,0,0,0,
31f17632340f4e7fbd0ced07193dd81b,31000,565765,426,265,4210,https://www.youtube.com/watch?v=Gjhh5mtrB2M,390,224,1109,https://www.youtube.com/watch?v=mFJq3Q5zUOY,2974,1129,4210,https://www.youtube.com/watch?v=Gjhh5mtrB2M,0,0,0,0,
d81d1032a43642eca36e82ba9a3c39c5,30800,1191515,0,0,0,,0,0,0,,0,0,0,,11265,597,391,838,https://www.twitch.tv/videos/2751885348
099a5fd0d27d4fc892f684793ac18c99,30600,3929745,1243,538,4622,https://www.youtube.com/watch?v=R-yvDmKs7iI,645,441,771,https://www.youtube.com/watch?v=WitCwRFJ6wA,2524,1023,4622,https://www.youtube.com/watch?v=R-yvDmKs7iI,0,0,0,0,
5b996b6eca90491cb8e1a43de23b2388,30100,827723,1562,789,4464,https://www.youtube.com/watch?v=cTB3F88nxhA,1566,819,4464,https://www.youtube.com/watch?v=cTB3F88nxhA,823,54,823,https://www.youtube.com/watch?v=E_YCe49QroE,0,0,0,0,
b6f68e0e323f45458752f3a7ec6a08f2,29500,2360540,2159,1023,10295,https://www.youtube.com/watch?v=ZYnDlXukAEg,1623,377,2091,https://www.youtube.com/watch?v=8J6pp4DGzvI,4042,2143,10295,https://www.youtube.com/watch?v=ZYnDlXukAEg,3758,888,363,2222,https://www.twitch.tv/videos/2743608783
9af7c10c618844f08a327d38753124bd,29400,1404562,1789,183,1789,https://www.youtube.com/watch?v=Gbmcqb0RVgw,0,0,0,,1789,183,1789,https://www.youtube.com/watch?v=Gbmcqb0RVgw,17957,1941,1107,4011,https://www.twitch.tv/videos/2741217653
02d67d58d59644be9cdf0b1179419637,29300,1923322,590,158,9822,https://www.youtube.com/watch?v=r8oYACoBYBM,273,92,590,https://www.youtube.com/watch?v=wkZsplgRXbI,3965,537,9822,https://www.youtube.com/watch?v=r8oYACoBYBM,2589,468,376,720,https://www.twitch.tv/videos/2751028694
bc0b8c437eda4361b2a10003013f49cf,29200,342331,0,0,0,,0,0,0,,0,0,0,,0,0,0,0,
d35707348d554507a98f97eb59230efc,29000,2029188,762,384,64730,https://www.youtube.com/watch?v=ckRb58RNvM4,699,231,981,https://www.youtube.com/watch?v=_YZCHvJSaDY,3122,1605,64730,https://www.youtube.com/watch?v=ckRb58RNvM4,4477,694,431,1397,https://www.twitch.tv/videos/2757944990
bac1f0b8e8d149d4a48cfd30d7d7ad74,28900,2134357,603,158,819,https://www.youtube.com/watch?v=tXe57paUT7E,603,158,819,https://www.youtube.com/watch?v=tXe57paUT7E,0,0,0,,0,0,0,0,
4fd17e8877024633876c5d85bc81e56b,28900,4162267,841,400,26264,https://www.youtube.com/watch?v=3rv7uDk8Ljg,739,351,1337,https://www.youtube.com/watch?v=UzknHbyO6yY,4030,2325,26264,https://www.youtube.com/watch?v=3rv7uDk8Ljg,0,0,0,0,
fe569b0c059e406daf57eb2acd11cc21,28600,1688536,836,303,5505,https://www.youtube.com/watch?v=Hy_-ahkr3hs,679,310,5505,https://www.youtube.com/watch?v=Hy_-ahkr3hs,1584,303,1584,https://www.youtube.com/watch?v=SkVzUfJLoWE,0,0,0,0,
6f9d63518a69442a88ac602a3b37bf18,28500,1565632,495,205,1966,https://www.youtube.com/watch?v=U2X5R-mkcAc,357,178,1627,https://www.youtube.com/watch?v=vH_W721_guM,1638,646,1966,https://www.youtube.com/watch?v=U2X5R-mkcAc,0,0,0,0,
3be86a2a9cb447f393d235132e157789,28400,2582133,2082,796,3605,https://www.youtube.com/watch?v=ePKUkNDCnZI,2082,796,3605,https://www.youtube.com/watch?v=ePKUkNDCnZI,0,0,0,,0,0,0,0,
5ba11a0bf35147d499259ad5608a7de1,28300,2088330,1340,590,9541,https://www.youtube.com/watch?v=ydPcaqFsB8s,742,448,5167,https://www.youtube.com/watch?v=eW2939wUPPM,1399,600,9541,https://www.youtube.com/watch?v=ydPcaqFsB8s,4362,0,0,0,
73ae80b091f542358d7a5bf8905c28f3,28300,2763544,3474,1710,84687,https://www.youtube.com/watch?v=wX-8m-VYP1o,2043,858,3027,https://www.youtube.com/watch?v=oCJ54Vtphic,4869,3013,84687,https://www.youtube.com/watch?v=wX-8m-VYP1o,6792,1446,661,3138,https://www.twitch.tv/videos/2738378381
19234cc590224c45912a14487f756dc5,28300,2172283,1979,1232,8498,https://www.youtube.com/watch?v=ClWaGyjXgUE,0,0,0,,1979,1232,8498,https://www.youtube.com/watch?v=ClWaGyjXgUE,12613,2763,1235,10341,https://www.twitch.tv/videos/2752598917
f7c48554816643cdb8d343e6e9e6d313,28200,1565569,1884,734,2253,https://www.youtube.com/watch?v=IlQgN9zUIRA,1884,734,2253,https://www.youtube.com/watch?v=IlQgN9zUIRA,0,0,0,,12862,1406,666,3172,https://www.twitch.tv/videos/2742545699
d1dd83b6e8a24df4b61f766cff45113c,28100,15848099,471,211,4254,https://www.youtube.com/watch?v=kODLHwRlSuU,260,112,2758,https://www.youtube.com/watch?v=WhgApJrB_0U,1989,782,4254,https://www.youtube.com/watch?v=kODLHwRlSuU,555,0,0,0,
59110c6bf6e64ce6bdf86b40246dc106,28100,1431771,685,258,2898,https://www.youtube.com/watch?v=R3yeaUEqFQU,685,258,2898,https://www.youtube.com/watch?v=R3yeaUEqFQU,0,0,0,,0,0,0,0,
14d83faa414c415097d577d2da9636ce,27900,974159,247,115,5259,https://www.youtube.com/watch?v=KXMux9DWHMI,202,107,331,https://www.youtube.com/watch?v=hNvkyxHCKS0,5259,2248,5259,https://www.youtube.com/watch?v=KXMux9DWHMI,0,0,0,0,
3197e5649c65405cbbe6e5f1a44cf8e1,27800,1462879,438,205,1092,https://www.youtube.com/watch?v=f3ySvzbYvUA,438,205,1092,https://www.youtube.com/watch?v=f3ySvzbYvUA,0,0,0,,0,0,0,0,
9e05802075c343a3bf2778550d5157da,26800,1362828,2446,674,5917,https://www.youtube.com/watch?v=rS621Dg067A,100,37,111,https://www.youtube.com/watch?v=aKvw6mUiS2w,2897,1070,5917,https://www.youtube.com/watch?v=rS621Dg067A,0,0,0,0,
491a6000ce4b472c9b4f8c1dcfdb772c,26300,6201785,1727,699,3889,https://www.youtube.com/watch?v=3U5olcusfug,242,25,242,https://www.youtube.com/watch?v=v8IAzmup12Y,1737,715,3889,https://www.youtube.com/watch?v=3U5olcusfug,1076,0,0,0,
5d00575c06d74f588238857d7dec1b02,26000,3161102,1461,486,21495,https://www.youtube.com/watch?v=a68NFmBIZoo,1013,459,2276,https://www.youtube.com/watch?v=ymaC4DBZIWU,12375,7444,21495,https://www.youtube.com/watch?v=a68NFmBIZoo,0,0,0,0,
8a0b024373544f31b54e5a6cadb124dc,25900,1538638,976,469,10457,https://www.youtube.com/watch?v=AmJ0fzxGgUQ,708,288,5972,https://www.youtube.com/watch?v=fSE-b4lHePI,7385,3846,10457,https://www.youtube.com/watch?v=AmJ0fzxGgUQ,1771,739,487,739,https://www.twitch.tv/videos/2750881819
f2a403cb46354371837550730a397bd1,25600,1454680,378,203,410,https://www.youtube.com/watch?v=kPxpPGLUYlw,378,203,410,https://www.youtube.com/watch?v=kPxpPGLUYlw,0,0,0,,0,0,0,0,
aa1ff405338c41b98ff7197eb4d90349,25500,1213704,794,316,2692,https://www.youtube.com/watch?v=6XvY0NV__-4,377,164,1017,https://www.youtube.com/watch?v=fEWVnLGvA0s,1503,912,2692,https://www.youtube.com/watch?v=6XvY0NV__-4,0,0,0,0,
691e8a5f258c4c17b70b6b489b0ad04d,25500,1686479,1005,440,4469,https://www.youtube.com/watch?v=W36v7aS60os,968,390,1786,https://www.youtube.com/watch?v=uE8niDiSw_o,3185,1482,4469,https://www.youtube.com/watch?v=W36v7aS60os,0,0,0,0,
22c8ee785f7446e5978bab336fda92cb,25300,2144324,994,536,3329,https://www.youtube.com/watch?v=j_vUKk8h_fQ,994,536,3329,https://www.youtube.com/watch?v=j_vUKk8h_fQ,0,0,0,,0,0,0,0,
bf3356cfb2754286af9b6bb1665f56bd,25100,861277,1729,608,123088,https://www.youtube.com/watch?v=pPRHsDgAxXE,0,0,0,,1729,608,123088,https://www.youtube.com/watch?v=pPRHsDgAxXE,139,0,0,0,
f0a395b14fa34e64ba1aaedb906c7dd3,24900,321428,0,0,0,,0,0,0,,0,0,0,,0,0,0,0,
8dbec1de49be44d897f1c894427f3165,24500,726389,372,195,641,https://www.youtube.com/watch?v=es6rGxB_s1Y,372,195,641,https://www.youtube.com/watch?v=es6rGxB_s1Y,0,0,0,,3794,443,352,534,https://www.twitch.tv/videos/2756627295
03c018f2d3064da6ac4899bef1d600c5,24500,1056554,7620,1522,7620,https://www.youtube.com/watch?v=hUBagJKm6d4,0,0,0,,7620,1522,7620,https://www.youtube.com/watch?v=hUBagJKm6d4,36942,15574,11069,29325,https://www.twitch.tv/videos/2752678302
824c0c36956f4a73bb3ec479dd8e4da8,24200,1051726,696,258,1113,https://www.youtube.com/watch?v=i7FDCAAusk4,280,50,280,https://www.youtube.com/watch?v=KimXh1nolKc,1113,465,1113,https://www.youtube.com/watch?v=i7FDCAAusk4,2430,0,0,0,
25388daec64e40f38ca0e5a3a88fedb7,24100,968217,374,218,4094,https://www.youtube.com/watch?v=oUGfzfvK6kE,351,200,993,https://www.youtube.com/watch?v=N3jYwIOt8cw,1791,1432,4094,https://www.youtube.com/watch?v=oUGfzfvK6kE,3372,0,0,0,
a060cd640cf44c2bb8d78d8ff2411e68,24000,1076133,606,277,9995,https://www.youtube.com/watch?v=b6VQ9DOpHBI,590,197,5431,https://www.youtube.com/watch?v=ndjtD3GVxtg,2924,1741,9995,https://www.youtube.com/watch?v=b6VQ9DOpHBI,0,0,0,0,
f0b85b56d1d84085aca5ab7f592bd7da,23900,2070863,199,116,23431,https://www.youtube.com/watch?v=ee6_4BT23D0,194,113,538,https://www.youtube.com/watch?v=21BZOVs3Xlc,1598,1175,23431,https://www.youtube.com/watch?v=ee6_4BT23D0,0,0,0,0,
a667c79cb8284de29d5843dc3eafcc57,23600,462660,822,434,5075,https://www.youtube.com/watch?v=lrVnQ7oa3Ug,697,186,4439,https://www.youtube.com/watch?v=chci4qskEME,3396,927,5075,https://www.youtube.com/watch?v=lrVnQ7oa3Ug,0,0,0,0,
67d348e6690c43729cce031e70a26645,23400,1086140,18749,10021,18749,https://www.youtube.com/watch?v=d5pyQZ_bYEs,0,0,0,,18749,10021,18749,https://www.youtube.com/watch?v=d5pyQZ_bYEs,30335,6219,3446,18499,https://www.twitch.tv/videos/2758091841
28a930938667442288010b333937e2ab,23300,1854212,1996,1222,3111,https://www.youtube.com/watch?v=sTrYH5FKUqc,0,0,0,,1996,1222,3111,https://www.youtube.com/watch?v=sTrYH5FKUqc,10529,1481,731,2163,https://www.twitch.tv/videos/2739483112
7c00b7dc73a240dc84d68be389732a0c,23200,1098743,236,136,443,https://www.youtube.com/watch?v=h5A65jbSNGM,234,127,259,https://www.youtube.com/watch?v=qfEMVvWzEeQ,443,203,443,https://www.youtube.com/watch?v=h5A65jbSNGM,0,0,0,0,
f13832094d8b40fbb95d07732aa3c3c7,23200,414032,744,233,1967,https://www.youtube.com/watch?v=DSoRx3D5bdQ,695,218,1130,https://www.youtube.com/watch?v=CGutRPHBuFE,1543,582,1967,https://www.youtube.com/watch?v=DSoRx3D5bdQ,0,0,0,0,
ae4eaef845fc4daaa8106a51a590e145,23200,1252711,549,271,4189,https://www.youtube.com/watch?v=IHQS4QXO3Gc,544,270,2102,https://www.youtube.com/watch?v=alCHFmN_uIc,2775,1388,4189,https://www.youtube.com/watch?v=IHQS4QXO3Gc,0,0,0,0,
dcebd098c3ea479ba2b0e32a2696a5ec,23100,866786,612,332,4557,https://www.youtube.com/watch?v=oevRSJswqXU,597,261,713,https://www.youtube.com/watch?v=c31EzWVotFg,4557,2880,4557,https://www.youtube.com/watch?v=oevRSJswqXU,0,0,0,0,
2be709cdd22f4a63a95504731ba79afd,23100,976958,642,241,3342,https://www.youtube.com/watch?v=VGlbvwn7_og,605,222,941,https://www.youtube.com/watch?v=6v7F6s39c1A,3342,1790,3342,https://www.youtube.com/watch?v=VGlbvwn7_og,0,0,0,0,
951dd0b605d04163b38de18262e9a438,22800,627574,0,0,0,,0,0,0,,0,0,0,,1477,117,93,183,https://www.twitch.tv/videos/2757363644
da4a58b114b94469a0a93f6b8ee7512d,22500,821573,598,313,1734,https://www.youtube.com/watch?v=umJbt1-DEGs,562,313,1212,https://www.youtube.com/watch?v=zIWfZFZ-510,1336,870,1734,https://www.youtube.com/watch?v=umJbt1-DEGs,12398,351,226,693,https://www.twitch.tv/videos/2743675436
18bd2d37e2e64f0cab20ec6a2b2f2474,22400,1037428,539,229,3389,https://www.youtube.com/watch?v=MbTTlO3bIlc,490,193,742,https://www.youtube.com/watch?v=S_VGHubIv-w,2398,1039,3389,https://www.youtube.com/watch?v=MbTTlO3bIlc,3011,353,260,485,https://www.twitch.tv/videos/2747861156
6dfe72bb90994dceb7b753908876307d,22300,1450952,730,326,17371,https://www.youtube.com/watch?v=Tfb7ulqpCdQ,694,294,1428,https://www.youtube.com/watch?v=J4hJnOm6UdU,10716,2882,17371,https://www.youtube.com/watch?v=Tfb7ulqpCdQ,0,0,0,0,
c0c35f0471774be2b33163ae20f2d6bb,22200,1313297,456,212,3088,https://www.youtube.com/watch?v=WUU_lhN2a3k,444,203,2262,https://www.youtube.com/watch?v=wtUcVjU81D0,2578,1525,3088,https://www.youtube.com/watch?v=WUU_lhN2a3k,0,0,0,0,
05317bcbe5f243abb85618d2669bd0d7,22200,402733,72,44,299,https://www.youtube.com/watch?v=8DElqkq7aHQ,71,44,206,https://www.youtube.com/watch?v=Wpy-wuYMY0Q,189,94,299,https://www.youtube.com/watch?v=8DElqkq7aHQ,0,0,0,0,
75ddc749133b4c498eb35ceac1e2a0b2,22200,2671990,456,208,1866,https://www.youtube.com/watch?v=Z5WXNquTwtk,455,191,846,https://www.youtube.com/watch?v=v6fizsAZZsk,1866,992,1866,https://www.youtube.com/watch?v=Z5WXNquTwtk,0,0,0,0,
3809ec8a42634d11aa1b7b8f99755c6a,22100,1842186,5704,2174,5704,https://www.youtube.com/watch?v=Va4Y4RQyT5Y,0,0,0,,5704,2174,5704,https://www.youtube.com/watch?v=Va4Y4RQyT5Y,67351,3664,1106,11639,https://www.twitch.tv/videos/2741841004
3e6a09fe4ef744f987e27ae0f06cdf09,21900,664890,386,231,1430,https://www.youtube.com/watch?v=ZzPK0Ic4JP0,374,194,663,https://www.youtube.com/watch?v=jA4SDCQ_8Mo,1040,522,1430,https://www.youtube.com/watch?v=ZzPK0Ic4JP0,0,0,0,0,
7754dca48f524b938314a2b346772e4e,21700,1659835,1157,502,9595,https://www.youtube.com/watch?v=gwWPdpSxGeE,803,346,1620,https://www.youtube.com/watch?v=0OHUHnNADsM,7778,4155,9595,https://www.youtube.com/watch?v=gwWPdpSxGeE,0,0,0,0,
60716febdfe949248e8f67d85634bec5,21500,8279729,468,173,1831,https://www.youtube.com/watch?v=yAm7VwP6iGc,0,0,0,,468,173,1831,https://www.youtube.com/watch?v=yAm7VwP6iGc,0,0,0,0,
532b143e82d6452fac9a18d1d025a2af,21500,431656,311,163,2256,https://www.youtube.com/watch?v=nBANNj05H_o,285,163,941,https://www.youtube.com/watch?v=KjZe_B5FBX4,1104,282,2256,https://www.youtube.com/watch?v=nBANNj05H_o,0,0,0,0,
ffe3f2e400ab4237ac873ae9d5a0eda4,21400,854221,1586,412,5392,https://www.youtube.com/watch?v=rGa7yanhY1U,886,335,2164,https://www.youtube.com/watch?v=VSPhGz7HckU,2773,951,5392,https://www.youtube.com/watch?v=rGa7yanhY1U,0,0,0,0,
ec4bc8d279af43eaba4679b762bbbc59,21300,822918,0,0,0,,0,0,0,,0,0,0,,0,0,0,0,
0f2ad43c618943d19d5101f2d3c49ac9,20800,977288,234,108,1805,https://www.youtube.com/watch?v=POIHOusUcfQ,0,0,0,,234,108,1805,https://www.youtube.com/watch?v=POIHOusUcfQ,177,0,0,0,
53c811a3e7814de2b76dd4e0c241a9e5,20700,648121,117,79,730,https://www.youtube.com/watch?v=VIEjht70dXQ,117,79,730,https://www.youtube.com/watch?v=VIEjht70dXQ,0,0,0,,618,0,0,0,
b63a5ee44acf4498827a3fd984ab23e0,20700,1440919,787,219,1112,https://www.youtube.com/watch?v=FqLsXlWEy-Y,787,219,1112,https://www.youtube.com/watch?v=FqLsXlWEy-Y,0,0,0,,0,0,0,0,
2ba32c49f08849f9a109b7e485c9c5a5,20700,931097,1497,460,15826,https://www.youtube.com/watch?v=dG5V9kYWb_U,725,307,1952,https://www.youtube.com/watch?v=_FB7YCtWrjY,3668,1686,15826,https://www.youtube.com/watch?v=dG5V9kYWb_U,0,0,0,0,
accbad7e89df4174a13b68edcae74068,20600,794681,494,171,10530,https://www.youtube.com/watch?v=mkz53j2dhvo,488,161,1011,https://www.youtube.com/watch?v=IxCj4f6uPW4,1100,180,10530,https://www.youtube.com/watch?v=mkz53j2dhvo,738,0,0,0,
38fcf8bc7f3f45d68bab44577c019c84,20600,743155,326,164,12402,https://www.youtube.com/watch?v=hTkv5nTr8K8,275,105,360,https://www.youtube.com/watch?v=7NVxElGUeKI,1027,253,12402,https://www.youtube.com/watch?v=hTkv5nTr8K8,0,0,0,0,
365db081229a4efeb4630f19587a96b2,20600,1251121,677,294,7355,https://www.youtube.com/watch?v=5WnlNeOlpeA,509,250,7355,https://www.youtube.com/watch?v=5WnlNeOlpeA,2009,1050,6496,https://www.youtube.com/watch?v=hspUE3HH8Yg,0,0,0,0,
7cecb437e7a54e07a29c3a164565957d,20500,1206975,773,357,3755,https://www.youtube.com/watch?v=OCZNzc8Y3Qo,483,314,2422,https://www.youtube.com/watch?v=MnLPdsoLBrs,2202,991,3755,https://www.youtube.com/watch?v=OCZNzc8Y3Qo,0,0,0,0,
67d6807619064938a78832b4106de5c0,20500,894271,104,52,171,https://www.youtube.com/watch?v=NVnbyXzeXlg,104,52,171,https://www.youtube.com/watch?v=NVnbyXzeXlg,0,0,0,,3259,160,97,214,https://www.twitch.tv/videos/2758273690
cd88de8b4bc84a71975df9afb42192b8,20500,489763,3571,1232,16208,https://www.youtube.com/watch?v=lx8kD_fYAqQ,2586,882,16208,https://www.youtube.com/watch?v=lx8kD_fYAqQ,7628,1799,7628,https://www.youtube.com/watch?v=pmmYyNCMdBM,4120,0,0,0,
9d0fb5c59ea745f09934f3cfd932c393,20400,2878673,3719,1522,16890,https://www.youtube.com/watch?v=11OVNzzz83U,480,312,619,https://www.youtube.com/watch?v=7BctUsyeKME,6087,2826,16890,https://www.youtube.com/watch?v=11OVNzzz83U,0,0,0,0,
e9a9d88bf69e4c83842fe05b3ae1601b,20400,1105148,545,330,584,https://www.youtube.com/watch?v=H92UKVsx6uI,507,309,507,https://www.youtube.com/watch?v=MIUNxGbCjAg,584,351,584,https://www.youtube.com/watch?v=H92UKVsx6uI,13319,1039,446,2321,https://www.twitch.tv/videos/2737948609
f7c8264349654390a5e39810dc012a38,20400,1426820,1260,494,1666,https://www.youtube.com/watch?v=dDd83hp-FzY,0,0,0,,1260,494,1666,https://www.youtube.com/watch?v=dDd83hp-FzY,0,0,0,0,
adc9d30b5940427e96ae92238f0f8b83,20200,568809,305,154,9081,https://www.youtube.com/watch?v=oMAFg3rEido,260,100,2765,https://www.youtube.com/watch?v=RjPsE7PU_Eo,1651,673,9081,https://www.youtube.com/watch?v=oMAFg3rEido,868,0,0,0,
3e19e054b479401da231ebc3d3fab628,20000,632420,2711,2190,3046,https://www.youtube.com/watch?v=O1tkprNkYYE,0,0,0,,2711,2190,3046,https://www.youtube.com/watch?v=O1tkprNkYYE,0,0,0,0,
c9ece3513c804b3db003cd8fca683857,19900,778978,0,0,0,,0,0,0,,0,0,0,,8601,0,0,0,
36a96262405a4d4683db73d8403bf8b7,19800,1255923,656,390,2709,https://www.youtube.com/watch?v=_ZZp_YOekvI,586,390,705,https://www.youtube.com/watch?v=6dr-4ugm53U,2136,495,2709,https://www.youtube.com/watch?v=_ZZp_YOekvI,571,72,69,294,https://www.twitch.tv/videos/2755714861
88f782b3b6c6492c926f70e4a13390c9,19700,808306,344,160,1478,https://www.youtube.com/watch?v=-nA4QXUgnzE,305,114,543,https://www.youtube.com/watch?v=4_poEzdmMmk,982,532,1478,https://www.youtube.com/watch?v=-nA4QXUgnzE,834,188,174,275,https://www.twitch.tv/videos/2750624428
7b58646f89cb4b7cbcdce819499c475f,19500,381779,0,0,0,,0,0,0,,0,0,0,,0,0,0,0,
c540124532e14ceb8e9ffc654a0ec4c9,19500,28740686,636,258,53758,https://www.youtube.com/watch?v=iFbinc2gYy4,307,110,2019,https://www.youtube.com/watch?v=bT3co3mHcr8,14700,4876,53758,https://www.youtube.com/watch?v=iFbinc2gYy4,1593,33,23,58,https://www.twitch.tv/videos/2747731452
05e831b267914fc5b4d9b28de1f648dc,19200,948392,0,0,0,,0,0,0,,0,0,0,,0,0,0,0,
de266b34e79c49b48fa566e9fb1a24af,19200,1316562,782,279,1316,https://www.youtube.com/watch?v=50dM2YpHfPs,782,279,1316,https://www.youtube.com/watch?v=50dM2YpHfPs,0,0,0,,626,0,0,0,
6548fd18ecf84bd88112cd5babfa2a66,19100,670768,449,230,14442,https://www.youtube.com/watch?v=Zf7T4b437_0,410,180,2603,https://www.youtube.com/watch?v=v6Y1YZ8MJ80,2154,757,14442,https://www.youtube.com/watch?v=Zf7T4b437_0,2520,0,0,0,
ef67b676c0334ef182151f473469c1f1,18900,1120475,925,420,2707,https://www.youtube.com/watch?v=Q60109uvkUQ,659,312,1666,https://www.youtube.com/watch?v=bRrtVJdD3SE,1689,631,2707,https://www.youtube.com/watch?v=Q60109uvkUQ,0,0,0,0,
cdb5c89f61c94949a989457cf549b7e4,18800,1287643,598,304,2475,https://www.youtube.com/watch?v=pxQ4T1GhUS0,579,277,799,https://www.youtube.com/watch?v=w_DwWb-fRNg,675,417,2475,https://www.youtube.com/watch?v=pxQ4T1GhUS0,0,0,0,0,
2c05340bb152419ebe0bd3fb6a78da80,18600,1842285,775,363,7411,https://www.youtube.com/watch?v=L1Moj-ndH9c,658,304,2519,https://www.youtube.com/watch?v=vj4o77wkUjA,1460,823,7411,https://www.youtube.com/watch?v=L1Moj-ndH9c,0,0,0,0,
6c0758764e674c6db2f985710fcfbd7b,18500,1254581,854,518,4928,https://www.youtube.com/watch?v=aQUHHlXOQX0,643,333,889,https://www.youtube.com/watch?v=iY3MOy9MgPE,2320,950,4928,https://www.youtube.com/watch?v=aQUHHlXOQX0,0,0,0,0,
ebc44e2ba78f4790b832d02c31410262,18100,677574,241,132,3464,https://www.youtube.com/watch?v=jMzYscoKhVY,203,88,385,https://www.youtube.com/watch?v=EcYsocWv_S8,1408,617,3464,https://www.youtube.com/watch?v=jMzYscoKhVY,524,280,230,734,https://www.twitch.tv/videos/2756661788
05be4fb717614738a87daac46157ddb1,18100,1234406,411,170,1475,https://www.youtube.com/watch?v=yEvoY1T-AV0,370,189,648,https://www.youtube.com/watch?v=xQbg11TDeUM,1475,99,1475,https://www.youtube.com/watch?v=yEvoY1T-AV0,0,0,0,0,
0bfd032de03c48a4bd7d1f4505335a7d,17900,813154,307,165,569,https://www.youtube.com/watch?v=JII0tO3N8tY,307,165,569,https://www.youtube.com/watch?v=JII0tO3N8tY,0,0,0,,0,0,0,0,
aaa45dc386714427ba862f691d4471ac,17800,1701495,1108,320,6502,https://www.youtube.com/watch?v=6tAlIoZHsi8,521,272,1533,https://www.youtube.com/watch?v=tKlr1LRAKT8,1978,784,6502,https://www.youtube.com/watch?v=6tAlIoZHsi8,1507,0,0,0,
090be1be8d29429183e190e22fc4be22,17700,1081714,1298,283,3324,https://www.youtube.com/watch?v=lU2xPBLMdbg,734,312,3324,https://www.youtube.com/watch?v=lU2xPBLMdbg,1914,254,2482,https://www.youtube.com/watch?v=6l1a-zFaoR0,3871,375,281,548,https://www.twitch.tv/videos/2755133404
ed3f69b9de7c43f3a32b4e7dfdb5bfd0,17700,652774,208,110,6335,https://www.youtube.com/watch?v=J6ij2zd0WBU,182,92,336,https://www.youtube.com/watch?v=POZHjGwb5vQ,1695,1072,6335,https://www.youtube.com/watch?v=J6ij2zd0WBU,0,0,0,0,
6c7a8b443aa942a89a83485c98d10559,17400,1530960,264,83,451,https://www.youtube.com/watch?v=u9cE-i5LXps,263,101,451,https://www.youtube.com/watch?v=u9cE-i5LXps,364,48,364,https://www.youtube.com/watch?v=HOeQM_kJ0AA,0,0,0,0,
936b23e5e87144108c5d3f09f194c8b8,17300,1352505,252,108,423,https://www.youtube.com/watch?v=TIOwrqTPRJw,252,108,423,https://www.youtube.com/watch?v=TIOwrqTPRJw,0,0,0,,6853,0,0,0,
49eca1ea30a8425a8967677070c95627,17000,751667,542,241,2629,https://www.youtube.com/watch?v=l6IE0UpHGVE,515,204,704,https://www.youtube.com/watch?v=7K1qlJxn1rs,1917,316,2629,https://www.youtube.com/watch?v=l6IE0UpHGVE,0,0,0,0,
139f3f1818a2420aa35d5471adaf1a73,16900,607682,284,163,1037,https://www.youtube.com/watch?v=vuwNGq62flI,293,148,1037,https://www.youtube.com/watch?v=vuwNGq62flI,199,185,199,https://www.youtube.com/watch?v=0G5c2mY_guU,0,0,0,0,
bf58297d50a741e5b1808ec4c445f216,16800,3904862,1811,574,82800,https://www.youtube.com/watch?v=1-uqubxYB1I,354,196,509,https://www.youtube.com/watch?v=saoNeJ_TyDA,5739,1582,82800,https://www.youtube.com/watch?v=1-uqubxYB1I,0,0,0,0,
470d1cb40a5e460e8cdc1414c5fd1a34,16800,360033,774,598,2659,https://www.youtube.com/watch?v=3Vzbku6GnJo,774,598,2659,https://www.youtube.com/watch?v=3Vzbku6GnJo,0,0,0,,1294,0,0,0,
2ada3b89962b479bb8dbd2a63bca5da1,16700,1226454,338,138,505,https://www.youtube.com/watch?v=y8wEjxAJVuo,338,138,505,https://www.youtube.com/watch?v=y8wEjxAJVuo,0,0,0,,0,0,0,0,
f6fe970a79964cca9dcec4741f0f679b,16700,1574723,2403,1423,33669,https://www.youtube.com/watch?v=huFK1-Vufr8,0,0,0,,2403,1423,33669,https://www.youtube.com/watch?v=huFK1-Vufr8,85365,34270,18143,117248,https://www.twitch.tv/videos/2755716754
7870ac4364ca4c97a4dfe7474251bf5b,16700,711014,801,454,41548,https://www.youtube.com/watch?v=e4TIXfBv-wA,774,441,1667,https://www.youtube.com/watch?v=KzEZR8FMGv8,13338,7642,41548,https://www.youtube.com/watch?v=e4TIXfBv-wA,0,0,0,0,
fbb142bcb07a4808b0164c41ab1877ea,16600,1497214,296,186,2276,https://www.youtube.com/watch?v=Z3-FR8lfhbc,269,165,696,https://www.youtube.com/watch?v=BAUuXxCSLmY,1791,927,2276,https://www.youtube.com/watch?v=Z3-FR8lfhbc,0,0,0,0,
1ac97b8deb08470dafc128557532dd52,16500,1206256,947,308,24874,https://www.youtube.com/watch?v=-2wumBTm-hY,322,115,531,https://www.youtube.com/watch?v=nUo5qHrSFZA,2471,1323,24874,https://www.youtube.com/watch?v=-2wumBTm-hY,418,0,0,0,
8796ee6fb25b4b40a8ad9a188059951a,16500,590591,234,116,476,https://www.youtube.com/watch?v=CrzAEeoez18,234,116,476,https://www.youtube.com/watch?v=CrzAEeoez18,0,0,0,,0,0,0,0,
57903e09a68f4997b7c4bc356cd5e64d,16300,765572,833,468,5685,https://www.youtube.com/watch?v=3U0160zOKsU,695,336,1017,https://www.youtube.com/watch?v=ZWZYtkpQBiI,5525,1122,5685,https://www.youtube.com/watch?v=3U0160zOKsU,0,0,0,0,
c61d5dd825d5423fac8fd1bc0596d1ff,16300,421239,405,217,5621,https://www.youtube.com/watch?v=ra7rCVk5RPI,369,198,811,https://www.youtube.com/watch?v=6VMpY9eBPfA,3151,712,5621,https://www.youtube.com/watch?v=ra7rCVk5RPI,0,0,0,0,
3b1860c399f445469efdda27cf8d9156,16300,586926,210,67,483,https://www.youtube.com/watch?v=fniruDS4idk,210,67,483,https://www.youtube.com/watch?v=fniruDS4idk,0,0,0,,1093,0,0,0,
0b63fa89b80e4649b0297d156ed1c791,16300,1392461,1179,610,2150,https://www.youtube.com/watch?v=F-r1VyFF5j0,806,603,1480,https://www.youtube.com/watch?v=ZXUODtzEqkI,1458,723,2150,https://www.youtube.com/watch?v=F-r1VyFF5j0,0,0,0,0,
c379e3f4f1eb41869ec465481b182e50,16200,679675,661,356,2774,https://www.youtube.com/watch?v=GxRL3MjKC0E,627,325,2774,https://www.youtube.com/watch?v=GxRL3MjKC0E,1626,522,2282,https://www.youtube.com/watch?v=yy7TnpuVKo0,0,0,0,0,
76d68171666847cc913328359037139c,16100,715600,397,132,19243,https://www.youtube.com/watch?v=IEaiJvkRRKU,307,107,909,https://www.youtube.com/watch?v=DkY59bBJxs8,2177,1305,19243,https://www.youtube.com/watch?v=IEaiJvkRRKU,1637,0,0,0,
2885972c2d0943e6b697bdc5e72c1d4a,16000,284930,317,199,423,https://www.youtube.com/watch?v=xlrJy06CMM0,317,199,423,https://www.youtube.com/watch?v=xlrJy06CMM0,0,0,0,,0,0,0,0,
ec30041838214022aeb622c0851e46db,15800,807685,468,401,10728,https://www.youtube.com/watch?v=Xb5ubUuJuWA,110,13,141,https://www.youtube.com/watch?v=KQvvBD5Ik2w,5449,2855,10728,https://www.youtube.com/watch?v=Xb5ubUuJuWA,4868,474,439,745,https://www.twitch.tv/videos/2756470093
71e1a399885b48e79c9a98e973e6b5e3,15700,5728322,2303,1611,18056,https://www.youtube.com/watch?v=PVGXtFrYbKE,0,0,0,,2303,1611,18056,https://www.youtube.com/watch?v=PVGXtFrYbKE,679,0,0,0,
221563b6b46245379c6dc6328c9d0447,15700,1122679,132,5,132,https://www.youtube.com/watch?v=Zzml16IaGOM,0,0,0,,132,5,132,https://www.youtube.com/watch?v=Zzml16IaGOM,0,0,0,0,
5db725f32b5e4e1380ad64110b88c91d,15700,4938178,72,56,184,https://www.youtube.com/watch?v=7ju4DZg26Ks,72,56,184,https://www.youtube.com/watch?v=7ju4DZg26Ks,0,0,0,,1048,0,0,0,
656455380d524045b9f75d6082563f94,15600,1436905,205,119,1745,https://www.youtube.com/watch?v=W5v-EDEhMBE,182,91,245,https://www.youtube.com/watch?v=TJ8pgD9afvs,1586,1093,1745,https://www.youtube.com/watch?v=W5v-EDEhMBE,659,0,0,0,
b174714646ea40e28ce32affabe3e93e,15600,626410,864,616,3449,https://www.youtube.com/watch?v=ESMLxmhF7-w,770,435,2032,https://www.youtube.com/watch?v=L0QKRVbfQBQ,2406,1317,3449,https://www.youtube.com/watch?v=ESMLxmhF7-w,649,0,0,0,
77533b0fb2324e33bff67fbbf4daf13f,15400,3906479,603,330,1330,https://www.youtube.com/watch?v=pWJgNk4uJYU,1177,484,1330,https://www.youtube.com/watch?v=pWJgNk4uJYU,500,302,603,https://www.youtube.com/watch?v=d5j6ZT6jC-0,1464,12,10,12,https://www.twitch.tv/videos/2755897405
e93182ff3a954e0e92567136dc3659ed,15200,412161,241,90,1851,https://www.youtube.com/watch?v=WlYgP1RHkbE,218,88,388,https://www.youtube.com/watch?v=lzemCpOSPfY,1568,123,1851,https://www.youtube.com/watch?v=WlYgP1RHkbE,0,0,0,0,
0f595c5e48be4f29befb358388a61f8b,15200,1222333,0,0,0,,0,0,0,,0,0,0,,385,0,0,0,
fd7a69505569429fb845ac056825f3a9,15200,1561536,147,63,287,https://www.youtube.com/watch?v=mDQM3Ta7tT4,149,53,287,https://www.youtube.com/watch?v=mDQM3Ta7tT4,115,92,115,https://www.youtube.com/watch?v=kPMsIWOpEPg,0,0,0,0,
03762df738044b09a1e216949158c8a4,14700,250212,226,208,226,https://www.youtube.com/watch?v=dvnwK_-rp98,226,208,226,https://www.youtube.com/watch?v=dvnwK_-rp98,0,0,0,,2427,614,439,942,https://www.twitch.tv/videos/2755071439
5f8930a469f94b5cad116810f68a2614,14600,398096,1254,710,3907,https://www.youtube.com/watch?v=AUngejQemCM,1254,710,3907,https://www.youtube.com/watch?v=AUngejQemCM,1143,524,1978,https://www.youtube.com/watch?v=5ELHcBILVNw,0,0,0,0,
0ba1bc3725a9456aa0f66ec951ad47eb,14600,746645,727,552,4273,https://www.youtube.com/watch?v=gycuQ5LYmQY,342,157,798,https://www.youtube.com/watch?v=zQJIRoHscUg,2295,1081,4273,https://www.youtube.com/watch?v=gycuQ5LYmQY,6107,579,187,1164,https://www.twitch.tv/videos/2735508956
6a30fc9ee6f24d839198497406c63cc1,14600,2016592,248,86,1047,https://www.youtube.com/watch?v=wefDu0PjIYQ,95,49,96,https://www.youtube.com/watch?v=vv3uT9806Sc,254,103,1047,https://www.youtube.com/watch?v=wefDu0PjIYQ,524,0,0,0,
d5c19a6328af48ba88bf41b2dd757f14,14500,690508,221,147,2701,https://www.youtube.com/watch?v=mApWlic5-1M,188,97,236,https://www.youtube.com/watch?v=TkRvdIMhb_s,1963,1173,2701,https://www.youtube.com/watch?v=mApWlic5-1M,0,0,0,0,
ac1ce1eeaffa4e58a8155c20d8f85ff3,14500,576630,452,218,1774,https://www.youtube.com/watch?v=0S8ac1nC4zk,439,187,1774,https://www.youtube.com/watch?v=0S8ac1nC4zk,1063,932,1417,https://www.youtube.com/watch?v=AjEAB7yziA0,5238,0,0,0,
15e4450f63904e50907dc93fee446fd2,14400,895423,963,465,2461,https://www.youtube.com/watch?v=qL9qVL9TPzQ,667,225,1394,https://www.youtube.com/watch?v=rdMP0Fm-tac,2001,905,2461,https://www.youtube.com/watch?v=qL9qVL9TPzQ,0,0,0,0,
1a1942f52ea74121923497e7e0cfd6a5,14300,672099,189,77,245,https://www.youtube.com/watch?v=x2I7oKWdnTg,189,77,245,https://www.youtube.com/watch?v=x2I7oKWdnTg,0,0,0,,0,0,0,0,
bf197e3d2cd6400db5f7e397427965e5,14300,410665,122,58,176,https://www.youtube.com/watch?v=MNoSdjiH2E0,122,58,176,https://www.youtube.com/watch?v=MNoSdjiH2E0,0,0,0,,272,0,0,0,
031e5c207b634c6ab08dbc0a361ba52e,14300,416628,335,117,1871,https://www.youtube.com/watch?v=Eygr91ZGaU0,335,117,1871,https://www.youtube.com/watch?v=Eygr91ZGaU0,0,0,0,,458,0,0,0,
ec183b10574a449f91e43ab216976a60,14200,1091524,1863,765,5408,https://www.youtube.com/watch?v=ztlZ7ZQZtgo,1043,418,2944,https://www.youtube.com/watch?v=OzqRUy2zaBA,4159,1672,5408,https://www.youtube.com/watch?v=ztlZ7ZQZtgo,1234,0,0,0,
8eec9fd38e7440f09bf1bc864e4d6e38,14200,499990,882,280,3274,https://www.youtube.com/watch?v=exi2rGrr-aI,715,201,1759,https://www.youtube.com/watch?v=oA7LKIGthBI,2232,1009,3274,https://www.youtube.com/watch?v=exi2rGrr-aI,2852,2908,2477,6563,https://www.twitch.tv/videos/2753506790
b5561ece0c9b4f4a8fccdd3b36ee3260,14100,823491,642,253,9000,https://www.youtube.com/watch?v=a_9yV5Xb0F0,242,196,306,https://www.youtube.com/watch?v=vIiOqpywayk,3630,1448,9000,https://www.youtube.com/watch?v=a_9yV5Xb0F0,0,0,0,0,
2d57d202ef8e46a5871302b944309bc2,14100,1258683,63,29,65,https://www.youtube.com/watch?v=Y6b7wAIspiI,63,29,65,https://www.youtube.com/watch?v=Y6b7wAIspiI,0,0,0,,0,0,0,0,
09600daf1956476190642d1be738e945,14100,1126819,881,375,19263,https://www.youtube.com/watch?v=2gTgFM45Y44,816,345,1267,https://www.youtube.com/watch?v=zEJ4tb-ydYQ,5592,1563,19263,https://www.youtube.com/watch?v=2gTgFM45Y44,0,0,0,0,
c4bc52355d334a98bdaa1e57c05673ad,14000,1097824,407,230,682,https://www.youtube.com/watch?v=A6rCQg6ku78,407,230,682,https://www.youtube.com/watch?v=A6rCQg6ku78,0,0,0,,0,0,0,0,
7c5232b16a1d44498677ed33e72bd8c6,13900,520272,402,206,3912,https://www.youtube.com/watch?v=KJaxl2GUHWA,357,191,2461,https://www.youtube.com/watch?v=_gb3bzGQG4k,2520,971,3912,https://www.youtube.com/watch?v=KJaxl2GUHWA,0,0,0,0,
0471d5082a2e419786e141d6424c9150,13900,1389197,935,374,16382,https://www.youtube.com/watch?v=QuEWMVrmTPo,291,163,621,https://www.youtube.com/watch?v=qtXOU4pxAZM,1870,1072,16382,https://www.youtube.com/watch?v=QuEWMVrmTPo,7794,935,653,95935,https://www.twitch.tv/videos/2757278155
44af52f7f6aa487e850b3d261947205b,13800,1928851,336,177,3614,https://www.youtube.com/watch?v=FYzjx5Kx-X4,261,137,1660,https://www.youtube.com/watch?v=azVQKps6S74,2341,742,3614,https://www.youtube.com/watch?v=FYzjx5Kx-X4,114,110,66,175,https://www.twitch.tv/videos/2757355186
abc7acc71b474ebebecfde51ad5f88e1,13800,541626,188,72,201,https://www.youtube.com/watch?v=YsDxQN9VkI8,188,72,201,https://www.youtube.com/watch?v=YsDxQN9VkI8,0,0,0,,1641,0,0,0,
4d8babea181e44df9855f3aafc06eb2c,13700,780095,505,151,7222,https://www.youtube.com/watch?v=bPoPWAH9R5M,293,136,1204,https://www.youtube.com/watch?v=hYiyM-eo-8Q,2133,750,7222,https://www.youtube.com/watch?v=bPoPWAH9R5M,0,0,0,0,
ad2a1148ff4747229694f9aa2c3645d9,13700,1022328,587,164,1825,https://www.youtube.com/watch?v=4fdSHUJeSn4,198,92,587,https://www.youtube.com/watch?v=tXsHKLsEAqQ,1569,759,1825,https://www.youtube.com/watch?v=4fdSHUJeSn4,0,0,0,0,
7ef2dc851df94f5aa7f632c736b4307e,13700,471926,253,50,262,https://www.youtube.com/watch?v=AKEVy6-x8pI,260,138,262,https://www.youtube.com/watch?v=AKEVy6-x8pI,57,21,62,https://www.youtube.com/watch?v=vsCW2-J-7i4,646,0,0,0,
7587608de08740aeb1a8dbe40006b90d,13600,1072081,2421,804,3022,https://www.youtube.com/watch?v=7lvNAu2wlBo,0,0,0,,2421,804,3022,https://www.youtube.com/watch?v=7lvNAu2wlBo,2438,795,239,1278,https://www.twitch.tv/videos/2756625031
4571c7a211b945f3b608c0066f7e73e4,13400,3261041,274,83,467,https://www.youtube.com/watch?v=XvY5k1g4TW0,274,83,467,https://www.youtube.com/watch?v=XvY5k1g4TW0,0,0,0,,821,94,75,94,https://www.twitch.tv/videos/2754283722
0448e6929687421c9e0435832765b9fe,13300,319183,292,85,333,https://www.youtube.com/watch?v=7zMIQsbkgq8,292,85,333,https://www.youtube.com/watch?v=7zMIQsbkgq8,0,0,0,,2674,433,361,1938,https://www.twitch.tv/videos/2758312568
5d2231ea88fd474d8a11e5a759899216,13300,3382239,597,203,2113,https://www.youtube.com/watch?v=-1N75SgVJxc,589,185,953,https://www.youtube.com/watch?v=_kpqJht11uY,1798,1684,2113,https://www.youtube.com/watch?v=-1N75SgVJxc,212,0,0,0,
a51be890a1f443ea87bee45c9d8acf13,13300,912335,2702,1049,4110,https://www.youtube.com/watch?v=yor-N5QBlEY,0,0,0,,2702,1049,4110,https://www.youtube.com/watch?v=yor-N5QBlEY,17953,4012,1012,7348,https://www.twitch.tv/videos/2752488899
1a520f3d2665454f985490e42467ae27,13200,475940,382,206,1470,https://www.youtube.com/watch?v=2FmiyOhiWhg,323,200,1247,https://www.youtube.com/watch?v=85JBRZBG4cU,1188,593,1470,https://www.youtube.com/watch?v=2FmiyOhiWhg,0,0,0,0,
390346240f4748bd9d81e472411c20c2,13100,319512,1188,469,1188,https://www.youtube.com/watch?v=FuWZF77v6Eo,1188,469,1188,https://www.youtube.com/watch?v=FuWZF77v6Eo,0,0,0,,3651,0,0,0,
70b86c53cafa43b49e2782fe4e4bbd6c,13100,792446,461,216,1168,https://www.youtube.com/watch?v=LrGR2DCJ5a0,406,200,690,https://www.youtube.com/watch?v=l2zcjy3IrfU,595,385,1168,https://www.youtube.com/watch?v=LrGR2DCJ5a0,0,0,0,0,
3d46fb16bc2c48fb8f12a647cf5ec702,13100,1079953,941,406,4845,https://www.youtube.com/watch?v=x0AzrIMr_-g,790,290,4845,https://www.youtube.com/watch?v=x0AzrIMr_-g,1695,849,3132,https://www.youtube.com/watch?v=lcSQSEl9L0w,0,0,0,0,
788611c913b04d999011628637657bee,13000,1441084,962,403,6632,https://www.youtube.com/watch?v=_5lRTqPjqEM,717,361,2274,https://www.youtube.com/watch?v=jrwce7aZ6Rk,2350,1171,6632,https://www.youtube.com/watch?v=_5lRTqPjqEM,2305,175,158,1157,https://www.twitch.tv/videos/2754001649
f73be498fddd4e718f18f8203af00f33,13000,450538,248,110,420,https://www.youtube.com/watch?v=uA-yy3PDiOE,248,110,420,https://www.youtube.com/watch?v=uA-yy3PDiOE,0,0,0,,515,0,0,0,
1eec022f916a46b58f5124936afdabe3,13000,321394,304,175,2154,https://www.youtube.com/watch?v=3kK0yDU7cXw,244,160,333,https://www.youtube.com/watch?v=-_x3eXCxtOk,1101,386,2154,https://www.youtube.com/watch?v=3kK0yDU7cXw,0,0,0,0,
cad7f93653b54779932a6809a5f3a769,13000,344357,306,163,521,https://www.youtube.com/watch?v=YVtd8BtFyKg,306,163,521,https://www.youtube.com/watch?v=YVtd8BtFyKg,0,0,0,,1253,608,450,679,https://www.twitch.tv/videos/2754194827
0ab147ded84b484eac14de7a46c9cf4e,12900,660694,329,158,4787,https://www.youtube.com/watch?v=CR2CFBNdqIo,278,146,727,https://www.youtube.com/watch?v=oTOFIl7dEuo,1228,1096,4787,https://www.youtube.com/watch?v=CR2CFBNdqIo,0,0,0,0,
a168211aa3dd451cb33e09b80df0ea0a,12800,371212,95,52,350,https://www.youtube.com/watch?v=PgO2hZwcKpI,95,53,350,https://www.youtube.com/watch?v=PgO2hZwcKpI,147,9,147,https://www.youtube.com/watch?v=TGVtbnbe44k,547,0,0,0,
5ee3c46f62cf4b34accc313fb437581b,12800,163750,298,237,634,https://www.youtube.com/watch?v=4mu0zukulRY,298,237,634,https://www.youtube.com/watch?v=4mu0zukulRY,0,0,0,,0,0,0,0,
fbced2373c5a48f6abee998296f20617,12800,184838,167,84,220,https://www.youtube.com/watch?v=k2PVnNsEhtA,167,84,220,https://www.youtube.com/watch?v=k2PVnNsEhtA,0,0,0,,0,0,0,0,
2ee2acc29fac42c5b130558543cbdf00,12800,822822,277,133,4044,https://www.youtube.com/watch?v=Ql8fAVUBQ0k,256,120,490,https://www.youtube.com/watch?v=NYBO8UW0dpg,1717,815,4044,https://www.youtube.com/watch?v=Ql8fAVUBQ0k,852,25,19,32,https://www.twitch.tv/videos/2756655071
15cbed02d2f74630b04b73515909c1f4,12700,450131,181,131,209,https://www.youtube.com/watch?v=cnotfzmicec,181,131,209,https://www.youtube.com/watch?v=cnotfzmicec,0,0,0,,2459,0,0,0,
20aa88e16d77400b9bc4e72df1b2a588,12700,406961,555,251,2026,https://www.youtube.com/watch?v=C3Gp2pDV05c,396,185,614,https://www.youtube.com/watch?v=dxBTuibIbq4,1617,503,2026,https://www.youtube.com/watch?v=C3Gp2pDV05c,0,0,0,0,
68820304b6164959806479d6c9dad127,12700,514037,833,469,15204,https://www.youtube.com/watch?v=U-a0-IjwPVU,819,376,2431,https://www.youtube.com/watch?v=wZlsvpEZqCE,2275,1510,15204,https://www.youtube.com/watch?v=U-a0-IjwPVU,0,0,0,0,
5fbcb045887b4a87878773dbf5f63e26,12600,356714,306,187,2388,https://www.youtube.com/watch?v=Xbm70NAohjY,295,151,1018,https://www.youtube.com/watch?v=5b2Ro2w9x8Y,1617,1251,2388,https://www.youtube.com/watch?v=Xbm70NAohjY,1331,463,328,463,https://www.twitch.tv/videos/2752045519
3005ff0c09064d7f924c506e1e9c18ba,12600,502171,1591,730,1731,https://www.youtube.com/watch?v=ZHxQqjcUWx8,0,0,0,,1591,730,1731,https://www.youtube.com/watch?v=ZHxQqjcUWx8,22520,2696,1328,4487,https://www.twitch.tv/videos/2737230185
633c7350aca946428e98228660ee73e2,12300,510579,433,171,3292,https://www.youtube.com/watch?v=WIGmlv6-2zI,436,171,923,https://www.youtube.com/watch?v=xnLyFa0KGVA,401,241,3292,https://www.youtube.com/watch?v=WIGmlv6-2zI,0,0,0,0,
2a3824dd5c0a46f597b27dd183283aea,12200,5476793,464,212,17354,https://www.youtube.com/watch?v=vm0JZpOaAKo,203,96,1186,https://www.youtube.com/watch?v=8Xr2mZBXp5c,7798,3332,17354,https://www.youtube.com/watch?v=vm0JZpOaAKo,0,0,0,0,
3a8f78d98fd344cb9d32358e5c96eace,12100,590950,1579,620,14627,https://www.youtube.com/watch?v=Ab-Yg8v6eBQ,1011,450,1915,https://www.youtube.com/watch?v=jnPahQaCYiw,2742,1395,14627,https://www.youtube.com/watch?v=Ab-Yg8v6eBQ,3579,0,0,0,
126103200de947a7a3c2ac3971eef633,12100,241121,0,0,0,,0,0,0,,0,0,0,,0,0,0,0,
7cbd1f537c3d4e67b38b9f9e31cb93d6,12000,283098,406,190,616,https://www.youtube.com/watch?v=YJrY4zboafI,406,190,616,https://www.youtube.com/watch?v=YJrY4zboafI,0,0,0,,3218,843,271,25223,https://www.twitch.tv/videos/2746214596
6e51f06f6a02439d82b213b623cda4e8,12000,457221,221,115,2141,https://www.youtube.com/watch?v=O22YfkpW3Og,208,107,1998,https://www.youtube.com/watch?v=u3Hk5NqbZ_U,2141,518,2141,https://www.youtube.com/watch?v=O22YfkpW3Og,0,0,0,0,
b1939ca67a3c43cf8a6a0a9a88137419,12000,244068,341,203,2677,https://www.youtube.com/watch?v=wqpczslC9wI,231,166,502,https://www.youtube.com/watch?v=L-Sohr6RT1o,1755,804,2677,https://www.youtube.com/watch?v=wqpczslC9wI,0,0,0,0,
976e0cf401784d3f874dc85b2b2c5839,12000,1151744,414,254,2440,https://www.youtube.com/watch?v=eNppJf5T8i0,406,244,713,https://www.youtube.com/watch?v=LrW0XsxSAuE,1447,964,2440,https://www.youtube.com/watch?v=eNppJf5T8i0,3007,612,391,612,https://www.twitch.tv/videos/2750266610
60ae2b3fd2254689bb65c216a0a09605,12000,52702,0,0,0,,0,0,0,,0,0,0,,0,0,0,0,
d2c76258b7ff45ee88e3585c4c9ed0c1,12000,386982,0,0,0,,0,0,0,,0,0,0,,3806,0,0,0,
8195d69546e3466c95f9d35ccb7c6c35,12000,1294406,613,305,1587,https://www.youtube.com/watch?v=HnVA8_U_rh8,544,249,1133,https://www.youtube.com/watch?v=7iYNj_OCidg,1292,702,1587,https://www.youtube.com/watch?v=HnVA8_U_rh8,0,0,0,0,
b57162e62056494d85f1743abdbad648,12000,646390,0,0,0,,0,0,0,,0,0,0,,309,0,0,0,
316dd044dc644c4cac9e140dcba5d210,12000,924914,128,119,1337,https://www.youtube.com/watch?v=kBRR3yTsAnU,0,0,0,,128,119,1337,https://www.youtube.com/watch?v=kBRR3yTsAnU,1203,235,177,494,https://www.twitch.tv/videos/2757494445
93a4d479e67242d58d3ff80307d3bc84,11900,389955,477,187,1348,https://www.youtube.com/watch?v=U9WONOWHJnU,271,123,477,https://www.youtube.com/watch?v=7a35Wt-qI-8,1076,487,1348,https://www.youtube.com/watch?v=U9WONOWHJnU,187,112,75,124,https://www.twitch.tv/videos/2748631511
6559d42f66684b8f80b4cd4589addd85,11900,748855,238,73,712,https://www.youtube.com/watch?v=tHyz4y9rFs8,238,93,712,https://www.youtube.com/watch?v=tHyz4y9rFs8,164,22,164,https://www.youtube.com/watch?v=e-2mD4Iq_6M,3671,148,93,175,https://www.twitch.tv/videos/2747860665
774342c826924ecfb8b13a2bc27e3b81,11900,2584954,199,140,2878,https://www.youtube.com/watch?v=AOsqQeknDPU,146,76,223,https://www.youtube.com/watch?v=bw2KyzaEj_w,1905,878,2878,https://www.youtube.com/watch?v=AOsqQeknDPU,0,0,0,0,
675071ddbd4844119d341bbfd6a0ee2a,11900,360798,426,191,26025,https://www.youtube.com/watch?v=CUrE64opgUI,410,182,1989,https://www.youtube.com/watch?v=YK7AOGcR_18,7296,2916,26025,https://www.youtube.com/watch?v=CUrE64opgUI,0,0,0,0,
341ca5efce084743977d3b74315a30ab,11800,597506,714,435,3210,https://www.youtube.com/watch?v=bXexM30EVAE,698,371,1222,https://www.youtube.com/watch?v=Zwlvmu6mAKY,2528,1684,3210,https://www.youtube.com/watch?v=bXexM30EVAE,1474,447,312,699,https://www.twitch.tv/videos/2753489018
703ae2c7ccc9431382a5b0f2c35e6ec1,11800,745953,449,73,495,https://www.youtube.com/watch?v=fTOl2AO4nHw,449,73,495,https://www.youtube.com/watch?v=fTOl2AO4nHw,0,0,0,,0,0,0,0,
4558095012964943921cd8a376a192fd,11700,440332,0,0,0,,0,0,0,,0,0,0,,6353,638,262,1071,https://www.twitch.tv/videos/2734722943
8faff7aecb9d4e12917ea0144696e2de,11700,493369,284,101,753,https://www.youtube.com/watch?v=G0q1TVvS0pk,284,101,753,https://www.youtube.com/watch?v=G0q1TVvS0pk,0,0,0,,858,254,194,799,https://www.twitch.tv/videos/2748391738
82e63a8d4ae14beab89e13b43b35fce3,11600,328538,164,109,540,https://www.youtube.com/watch?v=YBWE4zCd3FM,164,109,540,https://www.youtube.com/watch?v=YBWE4zCd3FM,0,0,0,,0,0,0,0,
5f0afd7885894861925e7030c096297e,11600,551767,367,224,1350,https://www.youtube.com/watch?v=EAb2Ea-UmCk,367,224,1350,https://www.youtube.com/watch?v=EAb2Ea-UmCk,0,0,0,,0,0,0,0,
78c188fcd01a4ba382fb153ec86a7367,11500,1160136,634,302,2359,https://www.youtube.com/watch?v=7j85ughQZqg,620,241,2144,https://www.youtube.com/watch?v=IhmpiUY82Tc,2012,580,2359,https://www.youtube.com/watch?v=7j85ughQZqg,0,0,0,0,
696e947cd8624e609553d6786d21f11c,11400,409482,364,133,608,https://www.youtube.com/watch?v=JDiqwGHPdI8,357,139,549,https://www.youtube.com/watch?v=nkU42FRdO1E,608,59,608,https://www.youtube.com/watch?v=JDiqwGHPdI8,0,0,0,0,
9012b1827e8141bd9d56d1a04b2f7ad1,11400,724584,603,232,2288,https://www.youtube.com/watch?v=oNmLLBm4imo,574,199,1496,https://www.youtube.com/watch?v=QfcZqe6QNQk,1770,933,2288,https://www.youtube.com/watch?v=oNmLLBm4imo,0,0,0,0,
512e1f38a37942cc8b7cb8aed597a810,11400,509096,257,138,1755,https://www.youtube.com/watch?v=BhAi51ZgYuU,247,95,489,https://www.youtube.com/watch?v=ehCkafP2Hgc,1689,664,1755,https://www.youtube.com/watch?v=BhAi51ZgYuU,0,0,0,0,
72cc5bf1729245618e1f10da0b796d53,11300,464319,216,122,426,https://www.youtube.com/watch?v=V_pYd4Vveuw,175,109,295,https://www.youtube.com/watch?v=7IVdMZTgzBs,426,287,426,https://www.youtube.com/watch?v=V_pYd4Vveuw,1516,0,0,0,
a2e67b720e754c16bd739bcf9a95e396,11300,819027,1006,281,6121,https://www.youtube.com/watch?v=hF65EKn9edY,282,174,520,https://www.youtube.com/watch?v=1EIYY_YpjoY,2604,1152,6121,https://www.youtube.com/watch?v=hF65EKn9edY,0,0,0,0,
ab5709b7d3074c6db2a57995d5b1c328,11300,1120832,332,107,494,https://www.youtube.com/watch?v=obaxgk6tDt4,335,109,494,https://www.youtube.com/watch?v=obaxgk6tDt4,298,27,298,https://www.youtube.com/watch?v=89GQyExwbRo,0,0,0,0,
5fc94cdcf7594a3ba5ce001ba405d3be,11300,728301,504,263,965,https://www.youtube.com/watch?v=o5xBNYIZpqI,504,263,965,https://www.youtube.com/watch?v=o5xBNYIZpqI,0,0,0,,1773,0,0,0,
a5f7302f9f1a4fcdb2471c4bc52a05fb,11200,826963,751,300,12158,https://www.youtube.com/watch?v=HjHNKlYMkpo,751,300,4053,https://www.youtube.com/watch?v=EzKmLGTXe84,2456,1559,12158,https://www.youtube.com/watch?v=HjHNKlYMkpo,0,0,0,0,
51cd04cab0de47d4b2b5a156bbe2dfb0,11200,424787,266,132,389,https://www.youtube.com/watch?v=IoWAEKvo0As,266,132,389,https://www.youtube.com/watch?v=IoWAEKvo0As,0,0,0,,0,0,0,0,
43864254e678407fae3dc899f7155912,11100,494551,228,141,627,https://www.youtube.com/watch?v=Xq4Fgd2cqXM,142,92,209,https://www.youtube.com/watch?v=2E1KuLo4u-s,323,243,627,https://www.youtube.com/watch?v=Xq4Fgd2cqXM,0,0,0,0,
17933ba43ccf4e3c85961523b77bd901,11100,309329,1309,589,2990,https://www.youtube.com/watch?v=t5wPMkwTMfU,1309,589,2990,https://www.youtube.com/watch?v=t5wPMkwTMfU,0,0,0,,1084,616,402,852,https://www.twitch.tv/videos/2750965703
914f6caed3ff4348824d966f76662bc2,11100,1024981,729,265,1011,https://www.youtube.com/watch?v=xYOLsimwHlw,812,322,1011,https://www.youtube.com/watch?v=xYOLsimwHlw,522,139,599,https://www.youtube.com/watch?v=Tx6W4Vebi_I,0,0,0,0,
99e291fd358849b8877df76fba0a672e,11100,689856,0,0,0,,0,0,0,,0,0,0,,0,0,0,0,
84944da407dc4de9896c7b763132908c,11000,660326,190,103,1302,https://www.youtube.com/watch?v=Vk2HKodiRhE,167,86,648,https://www.youtube.com/watch?v=ZgrLlkOVaII,806,414,1302,https://www.youtube.com/watch?v=Vk2HKodiRhE,0,0,0,0,
b165ca888a7d4f61b754ac53ca374f11,11000,710328,0,0,0,,0,0,0,,0,0,0,,0,0,0,0,
836f66b079c4466db64a8b3bc9295450,11000,348453,1158,551,1875,https://www.youtube.com/watch?v=99iYxP0DjVM,0,0,0,,1158,551,1875,https://www.youtube.com/watch?v=99iYxP0DjVM,0,0,0,0,
824bd7df6923453292dec9ff3e3f664a,11000,491058,183,108,2984,https://www.youtube.com/watch?v=_Kab2ryTq7I,96,46,248,https://www.youtube.com/watch?v=yHY2JLHZzAU,1497,557,2984,https://www.youtube.com/watch?v=_Kab2ryTq7I,633,0,0,0,
a1608f0690584f07bf7aaf84ed9e4d8f,11000,260831,871,352,20939,https://www.youtube.com/watch?v=qEsRD4vAYos,820,336,1117,https://www.youtube.com/watch?v=2aH3BOLDksA,20939,4241,20939,https://www.youtube.com/watch?v=qEsRD4vAYos,0,0,0,0,
ed28c754bb704dbf8a296f7008c2b5e4,10900,113983,53,11,72,https://www.youtube.com/watch?v=yXN8PrbvUXA,72,16,72,https://www.youtube.com/watch?v=yXN8PrbvUXA,34,6,34,https://www.youtube.com/watch?v=qWPocfDo_0Q,1001,0,0,0,
e11a32eec71e4b49aba5525ba012a02a,10900,469883,234,103,396,https://www.youtube.com/watch?v=gfj3kHla_Y4,234,103,396,https://www.youtube.com/watch?v=gfj3kHla_Y4,0,0,0,,237,0,0,0,
c518b228a5a849179ab26f28d230036e,10800,134009,0,0,0,,0,0,0,,0,0,0,,0,0,0,0,
75d0bd5fa58a4a5fb479e3b2ebae82a7,10800,434177,168,101,263,https://www.youtube.com/watch?v=ZUhKp6OgnRQ,168,101,263,https://www.youtube.com/watch?v=ZUhKp6OgnRQ,0,0,0,,0,0,0,0,
0c09a69445864b44adbba11b487f9b1a,10800,619595,5065,1096,5276,https://www.youtube.com/watch?v=bBWXMm2RlGc,0,0,0,,5065,1096,5276,https://www.youtube.com/watch?v=bBWXMm2RlGc,813,0,0,0,
209a528363cd411886ec9e5d086ff1bc,10800,1266318,1089,518,3985,https://www.youtube.com/watch?v=khJ51f8XkIU,1089,518,3985,https://www.youtube.com/watch?v=khJ51f8XkIU,0,0,0,,768,0,0,0,
c163cb7f683c453fa8a994ebbb09ede8,10700,441574,1283,557,2351,https://www.youtube.com/watch?v=SjTfcmHZcg0,116,16,139,https://www.youtube.com/watch?v=vSh1TBh-lY0,1428,745,2351,https://www.youtube.com/watch?v=SjTfcmHZcg0,3250,0,0,0,
00d3ddb7b65247eaa16473cfd1376723,10600,874139,1499,603,12229,https://www.youtube.com/watch?v=zL9DvdKyQv0,741,307,2190,https://www.youtube.com/watch?v=K2v7cZ3AIB4,1979,1219,12229,https://www.youtube.com/watch?v=zL9DvdKyQv0,898,0,0,0,
63a55bc5320e4f148ed0abd7991b0e01,10600,931902,1980,1029,4606,https://www.youtube.com/watch?v=56P6Ehm1wG4,0,0,0,,1980,1029,4606,https://www.youtube.com/watch?v=56P6Ehm1wG4,7635,692,295,2412,https://www.twitch.tv/videos/2749984821
d9e5219a4cd84ac59bc35faa94729f01,10500,644620,152,85,2130,https://www.youtube.com/watch?v=vtNhn3cuUuo,139,67,305,https://www.youtube.com/watch?v=sem6c7GOz54,696,161,2130,https://www.youtube.com/watch?v=vtNhn3cuUuo,8920,407,340,999,https://www.twitch.tv/videos/2752699001
96fc771ccb55485bb770997ec43e1ce1,10500,240304,0,0,0,,0,0,0,,0,0,0,,0,0,0,0,
4b53aa789e544bd9aaecc9fbc79e4bbe,10500,834445,393,149,587,https://www.youtube.com/watch?v=qcfIl3EA8as,393,149,587,https://www.youtube.com/watch?v=qcfIl3EA8as,0,0,0,,0,0,0,0,
8dd4a8b4598e483e9112b2b1a9466013,10500,2814979,113,72,869,https://www.youtube.com/watch?v=xzAIi5-e0Ho,102,54,139,https://www.youtube.com/watch?v=_Ryv1Fe2VAU,616,342,869,https://www.youtube.com/watch?v=xzAIi5-e0Ho,265,0,0,0,
e04cb802f3c949bc8300c4125078f738,10500,374948,429,216,1879,https://www.youtube.com/watch?v=bKD5qUQG6U0,392,173,611,https://www.youtube.com/watch?v=_YDnne9mNBY,1117,534,1879,https://www.youtube.com/watch?v=bKD5qUQG6U0,0,0,0,0,
27c0252056e84aa28da6dcebb8e86e85,10500,703209,268,103,490,https://www.youtube.com/watch?v=nCj0meqJ990,268,103,490,https://www.youtube.com/watch?v=nCj0meqJ990,0,0,0,,7792,0,0,0,
95e5788cabf340e397e2726def426229,10400,489207,350,178,549,https://www.youtube.com/watch?v=GRZ8K_9wSyU,339,198,549,https://www.youtube.com/watch?v=GRZ8K_9wSyU,457,87,540,https://www.youtube.com/watch?v=XDO5RQo3X5M,0,0,0,0,
93785f5e8b614be98bf8e096f5b1f997,10400,408832,119,56,2995,https://www.youtube.com/watch?v=LQ6Y3CMYZHk,104,51,124,https://www.youtube.com/watch?v=t06x2EuUw0Y,2575,1235,2995,https://www.youtube.com/watch?v=LQ6Y3CMYZHk,0,0,0,0,
b4bf821f6a6a440996f4fd9cddaf250b,10400,470295,213,127,1001,https://www.youtube.com/watch?v=7QvzWJjXwZQ,169,49,213,https://www.youtube.com/watch?v=w8mv7RMHpLQ,557,321,1001,https://www.youtube.com/watch?v=7QvzWJjXwZQ,145,0,0,0,
645fc774332a469ebd03f1a822ebe2be,10400,917608,511,307,1265,https://www.youtube.com/watch?v=OjJDvGGq-94,511,307,1265,https://www.youtube.com/watch?v=OjJDvGGq-94,0,0,0,,0,0,0,0,
0715c3b900ad423fa1b981cf4fc15c8f,10400,399862,117,75,225,https://www.youtube.com/watch?v=A2VhGCjv2B4,117,75,225,https://www.youtube.com/watch?v=A2VhGCjv2B4,0,0,0,,0,0,0,0,
b7f222493f4d4bd1be65f1c08300b45e,10300,450101,150,80,206,https://www.youtube.com/watch?v=emHNiPmzXlA,150,80,206,https://www.youtube.com/watch?v=emHNiPmzXlA,0,0,0,,0,0,0,0,
a31f3ab4cad841018b196b4de8186823,10300,647945,502,263,1579,https://www.youtube.com/watch?v=BrUyTbge-Vk,365,181,580,https://www.youtube.com/watch?v=nIkPGQMvhOI,915,392,1579,https://www.youtube.com/watch?v=BrUyTbge-Vk,0,0,0,0,
175cfc69dbb34f1a8987f24a935db17f,10300,531706,431,298,7706,https://www.youtube.com/watch?v=aCqvnTkCmRc,400,287,926,https://www.youtube.com/watch?v=cJcH5-nxQ9Q,7095,2572,7706,https://www.youtube.com/watch?v=aCqvnTkCmRc,0,0,0,0,
e949052e4ee24ecd8b352a68f6bf51e1,10300,351472,582,287,2932,https://www.youtube.com/watch?v=-UzrspKzGlA,461,116,702,https://www.youtube.com/watch?v=a4RVmZjHYLY,1922,659,2932,https://www.youtube.com/watch?v=-UzrspKzGlA,1878,556,433,734,https://www.twitch.tv/videos/2749216358
fefbcad20d8344c79c74a103d0ea45b2,10200,316538,0,0,0,,0,0,0,,0,0,0,,0,0,0,0,
3e269031fb4b45aaa0906ca424190ce2,10200,501507,3540,1435,4493,https://www.youtube.com/watch?v=wmSqRgZu7hg,0,0,0,,3540,1435,4493,https://www.youtube.com/watch?v=wmSqRgZu7hg,11082,2529,746,3304,https://www.twitch.tv/videos/2748441374
6eec62ae2c9849de8ca895cef44ec952,10200,549926,227,115,1968,https://www.youtube.com/watch?v=OdJqPb3oD2s,187,41,439,https://www.youtube.com/watch?v=b3pNXDadiYo,959,613,1968,https://www.youtube.com/watch?v=OdJqPb3oD2s,1101,0,0,0,
e0cd8e719dc64b5f9c171736bbaff6f7,10200,1298399,779,311,1845,https://www.youtube.com/watch?v=1ioaX-ZFbZI,686,311,1845,https://www.youtube.com/watch?v=1ioaX-ZFbZI,939,320,1100,https://www.youtube.com/watch?v=t6CZnaMUOJg,0,0,0,0,
6885bffce2184355bed557901e079522,10200,440475,758,329,10868,https://www.youtube.com/watch?v=mQXUI9InvMQ,687,223,946,https://www.youtube.com/watch?v=mingxbQrK44,2096,1187,10868,https://www.youtube.com/watch?v=mQXUI9InvMQ,517,0,0,0,
1d5ee3e2653b4ae5b1050533f8d1ae31,10100,4762,0,0,0,,0,0,0,,0,0,0,,0,0,0,0,
59c0d89447d54786966ba8ecd5649d63,10100,232767,0,0,0,,0,0,0,,0,0,0,,1756,0,0,0,
42844ee6e0cc47938829b43a3101b9bb,10000,133867,0,0,0,,0,0,0,,0,0,0,,5082,1394,1258,1394,https://www.twitch.tv/videos/2756660172
4bfaeda5b1f242959a992d6ad8b8a036,10000,310087,302,79,774,https://www.youtube.com/watch?v=gGAxcSkIh5U,189,80,381,https://www.youtube.com/watch?v=Qmb10xBBUOI,550,74,774,https://www.youtube.com/watch?v=gGAxcSkIh5U,469,0,0,0,
310862830fb648b78cca7e581e2622a7,9990,553099,1225,123,1225,https://www.youtube.com/watch?v=ufKDOSjbjnw,0,0,0,,1225,123,1225,https://www.youtube.com/watch?v=ufKDOSjbjnw,21102,2461,1280,4813,https://www.twitch.tv/videos/2739670644
f2dc08b1c55843d9a3d1e0461ebf57c1,9960,462202,1874,634,24708,https://www.youtube.com/watch?v=vkOm4zCyjFw,447,115,447,https://www.youtube.com/watch?v=KCBbDMtub0U,13291,7384,24708,https://www.youtube.com/watch?v=vkOm4zCyjFw,0,0,0,0,
cd542f88cc8b47d087301d567b7cebca,9940,368523,419,52,9045,https://www.youtube.com/watch?v=NJYVxNLicX0,419,52,874,https://www.youtube.com/watch?v=Yn0qnZO70qc,1153,316,9045,https://www.youtube.com/watch?v=NJYVxNLicX0,1808,473,344,1219,https://www.twitch.tv/videos/2748504690
1434ae451f81469da327f32c387b9df0,9830,276847,82,39,97,https://www.youtube.com/watch?v=uhTQziUhSN8,82,39,97,https://www.youtube.com/watch?v=uhTQziUhSN8,0,0,0,,0,0,0,0,
f42c6f5877f14a38aef3f3b515769149,9780,1785065,401,268,2501,https://www.youtube.com/watch?v=VeUfth-N4Lg,213,103,647,https://www.youtube.com/watch?v=i35XSFvfF4k,1424,731,2501,https://www.youtube.com/watch?v=VeUfth-N4Lg,0,0,0,0,
9b33b75521bd43bca3346790ac65559c,9740,3234714,1403,416,4452,https://www.youtube.com/watch?v=eZGdZ6HRrtU,138,69,372,https://www.youtube.com/watch?v=zUwbCuVwNx4,1838,893,4452,https://www.youtube.com/watch?v=eZGdZ6HRrtU,8851,425,166,901,https://www.twitch.tv/videos/2751840948
335ebb05456849c2964629dc7157860e,9640,255214,304,166,2470,https://www.youtube.com/watch?v=sh8nm3n-i28,225,125,586,https://www.youtube.com/watch?v=e5krbJfNLrc,2009,1095,2470,https://www.youtube.com/watch?v=sh8nm3n-i28,368,356,330,356,https://www.twitch.tv/videos/2757358931
a39733d216994010b34bf5033be01589,9590,943643,655,274,10652,https://www.youtube.com/watch?v=5-Q2oX-trsY,522,252,1168,https://www.youtube.com/watch?v=6mr1ZAgAEqo,1707,702,10652,https://www.youtube.com/watch?v=5-Q2oX-trsY,278,0,0,0,
80d6517a96e74265a4d24f86b9c295c5,9490,448956,322,166,4315,https://www.youtube.com/watch?v=LDtX7AVN68k,247,106,353,https://www.youtube.com/watch?v=uctLqGbV6Q4,1602,901,4315,https://www.youtube.com/watch?v=LDtX7AVN68k,0,0,0,0,
3cf4da41775b4e608f4dde5859cdda74,9460,1674597,1015,212,4738,https://www.youtube.com/watch?v=XXCuLJt3N7c,108,39,113,https://www.youtube.com/watch?v=Uq32XwVDRMg,2868,1190,4738,https://www.youtube.com/watch?v=XXCuLJt3N7c,0,0,0,0,
f53807443055490f87b85ded6caee0aa,9390,492952,243,120,1648,https://www.youtube.com/watch?v=b2k07zzAQD8,212,104,513,https://www.youtube.com/watch?v=aTZqvPBbae0,546,414,1648,https://www.youtube.com/watch?v=b2k07zzAQD8,450,0,0,0,
13c69e2cf2ff4dc1907bbae9a87a8c0f,9380,459809,0,0,0,,0,0,0,,0,0,0,,4164,2697,2068,5753,https://www.twitch.tv/videos/2751835281
191998e9f0ec4d67a19da194af311636,9340,132620,109,72,12309,https://www.youtube.com/watch?v=WA1_D_qvtrM,100,63,428,https://www.youtube.com/watch?v=M-sev0MbELQ,1678,1049,12309,https://www.youtube.com/watch?v=WA1_D_qvtrM,0,0,0,0,
ecd7e504a0b64480a4127a25678e4b4a,9300,118783,0,0,0,,0,0,0,,0,0,0,,0,0,0,0,
c4470a1419984fb8aec0851f225b177a,9290,687724,219,49,260,https://www.youtube.com/watch?v=3Eom_JUnO4Q,219,49,260,https://www.youtube.com/watch?v=3Eom_JUnO4Q,0,0,0,,0,0,0,0,
ab19e58312b74ebd9b68e27aeb0adde5,9280,548806,286,125,522,https://www.youtube.com/watch?v=59ccuXPciLo,286,125,522,https://www.youtube.com/watch?v=59ccuXPciLo,0,0,0,,0,0,0,0,
350516d81d0944fd8dde463cbd4fd279,9270,1045926,4009,1149,5366,https://www.youtube.com/watch?v=StFyyXjxUcI,0,0,0,,4009,1149,5366,https://www.youtube.com/watch?v=StFyyXjxUcI,0,0,0,0,
83cb016f535f4275bba29ad276b2084f,9270,579742,407,256,2543,https://www.youtube.com/watch?v=dFZqgzIRcnQ,391,237,854,https://www.youtube.com/watch?v=ovZ5jGWIGlI,1625,371,2543,https://www.youtube.com/watch?v=dFZqgzIRcnQ,0,0,0,0,
247215e876d24dae9932464b75fc577c,9260,764213,202,70,4055,https://www.youtube.com/watch?v=ZRvbjIxUNsw,147,50,233,https://www.youtube.com/watch?v=D2LGwLKVD9E,1650,822,4055,https://www.youtube.com/watch?v=ZRvbjIxUNsw,0,0,0,0,
319383cd0cd4438990dbb916862cdbfc,9110,529582,394,203,49098,https://www.youtube.com/watch?v=tFMQBoxyYBQ,300,202,1006,https://www.youtube.com/watch?v=rpfnCtKj0TY,17405,4234,49098,https://www.youtube.com/watch?v=tFMQBoxyYBQ,0,0,0,0,
423dd7da92be47f4af7273c5f74efb27,9110,395797,0,0,0,,0,0,0,,0,0,0,,37089,1865,1194,3124,https://www.twitch.tv/videos/2751693425
74c26216c39a40d1a9f1c5f63fa4d344,9030,395852,188,154,2672,https://www.youtube.com/watch?v=wjdKvTGg9Lk,170,96,254,https://www.youtube.com/watch?v=plLI2Yvfqqg,1364,912,2672,https://www.youtube.com/watch?v=wjdKvTGg9Lk,0,0,0,0,
e3e93491f32d459ba2b79033cf75c619,9030,321403,421,231,1451,https://www.youtube.com/watch?v=br2WLvseYiw,411,211,942,https://www.youtube.com/watch?v=o3NXU8td5IY,1393,1190,1451,https://www.youtube.com/watch?v=br2WLvseYiw,1140,0,0,0,
d407b30c72a841bd82af1f5cc8ec0667,8970,415966,1076,392,11965,https://www.youtube.com/watch?v=84wm8LYdLLE,233,58,233,https://www.youtube.com/watch?v=1Fcbk8KAsBY,6520,515,11965,https://www.youtube.com/watch?v=84wm8LYdLLE,5540,0,0,0,
538d1d2058da4bdea1c7f43f088e995b,8960,283642,388,223,1525,https://www.youtube.com/watch?v=QTyU8Vul4Mg,379,237,796,https://www.youtube.com/watch?v=VK_qvlbOkUM,1237,114,1525,https://www.youtube.com/watch?v=QTyU8Vul4Mg,3225,0,0,0,
c4ffb821927d406682f3f17edfdf3bcd,8880,349171,0,0,0,,0,0,0,,0,0,0,,0,0,0,0,
80dda735a7784d7fb999892874a05f0c,8870,449942,403,202,3190,https://www.youtube.com/watch?v=ZHPqVO4wK4o,303,125,430,https://www.youtube.com/watch?v=PZ6InXoMCWI,1290,820,3190,https://www.youtube.com/watch?v=ZHPqVO4wK4o,4275,0,0,0,
65ada733fbe64a3a86aae7737e32fad0,8870,439532,332,165,601,https://www.youtube.com/watch?v=B36o7ovQY-g,324,171,601,https://www.youtube.com/watch?v=B36o7ovQY-g,558,111,558,https://www.youtube.com/watch?v=mAWD_NThlPw,0,0,0,0,
ac2b3c839ed14b12af1acecf322a15bd,8860,453965,240,132,1968,https://www.youtube.com/watch?v=aMrWcTw8uZU,179,107,289,https://www.youtube.com/watch?v=JS5HZMGxwJU,1225,822,1968,https://www.youtube.com/watch?v=aMrWcTw8uZU,0,0,0,0,
7fdfd0346667458a8657626f03434b59,8820,257474,168,48,1989,https://www.youtube.com/watch?v=UbMOM0awpTw,149,29,230,https://www.youtube.com/watch?v=1PQHXFy99wY,1170,676,1989,https://www.youtube.com/watch?v=UbMOM0awpTw,419,0,0,0,
7c0acdc8fe2449deb487cbb827b51723,8800,478780,476,182,2149,https://www.youtube.com/watch?v=Q5GAR7Pl3Ms,405,191,698,https://www.youtube.com/watch?v=WQwq0icIWJo,1003,173,2149,https://www.youtube.com/watch?v=Q5GAR7Pl3Ms,149,0,0,0,
123c79d3170e451eae2f0cc3543621f3,8800,268496,312,109,382,https://www.youtube.com/watch?v=7sN62iK8ziU,312,109,382,https://www.youtube.com/watch?v=7sN62iK8ziU,0,0,0,,0,0,0,0,
65ab938b60074946af1ea65a002c70df,8780,2666778,1144,152,4128,https://www.youtube.com/watch?v=X885XHFv0G0,198,91,250,https://www.youtube.com/watch?v=PUv5PM7-b5M,1807,823,4128,https://www.youtube.com/watch?v=X885XHFv0G0,580,0,0,0,
f7d0e4ed95e84262b329740d5d27afc9,8770,56952,0,0,0,,0,0,0,,0,0,0,,0,0,0,0,
fa67b0859f2e45589e754f7e528967d6,8730,340876,1801,989,3034,https://www.youtube.com/watch?v=KzFyZLWcxBE,0,0,0,,1801,989,3034,https://www.youtube.com/watch?v=KzFyZLWcxBE,9922,992,465,1337,https://www.twitch.tv/videos/2743726130
823311ac8226476e8d1e323f536bf8b1,8690,169349,464,351,464,https://www.youtube.com/watch?v=1v4ki9EkzTU,464,351,464,https://www.youtube.com/watch?v=1v4ki9EkzTU,0,0,0,,1041,0,0,0,
08a612f1ecf84b619a8899a5caed28c1,8680,853090,405,255,2578,https://www.youtube.com/watch?v=uBOqGjHn0n4,339,157,405,https://www.youtube.com/watch?v=A2AD3ib6wE4,1887,501,2578,https://www.youtube.com/watch?v=uBOqGjHn0n4,21385,2781,1560,5825,https://www.twitch.tv/videos/2737852709
d2b0c8386e1341668f6bbc789d1ef1e3,8660,958619,276,100,751,https://www.youtube.com/watch?v=H-YtcQdNYMU,276,100,751,https://www.youtube.com/watch?v=H-YtcQdNYMU,0,0,0,,0,0,0,0,
d90f173970a742d3ade6f4159c785d1e,8640,388952,620,278,4526,https://www.youtube.com/watch?v=G1Gyk1Xeg08,620,308,4526,https://www.youtube.com/watch?v=G1Gyk1Xeg08,1378,26,2711,https://www.youtube.com/watch?v=XdoBIXOtZbg,1427,1704,913,1704,https://www.twitch.tv/videos/2747823325
558d8602fdeb4f3cb4ce484babb30577,8640,556196,162,99,1968,https://www.youtube.com/watch?v=RN6j4i6ST9w,136,73,199,https://www.youtube.com/watch?v=KOJb1FZ7pAc,1510,1037,1968,https://www.youtube.com/watch?v=RN6j4i6ST9w,0,0,0,0,
446d4bc526a4477eb6a72ae186e9d538,8620,124035,173,115,289,https://www.youtube.com/watch?v=V1WeZSK09FI,173,115,289,https://www.youtube.com/watch?v=V1WeZSK09FI,0,0,0,,0,0,0,0,
eafe564c8d9945c8af2ed66ff4cd773a,8560,588068,1343,744,29501,https://www.youtube.com/watch?v=z-TszdWl7RE,209,182,481,https://www.youtube.com/watch?v=Lw27OBaLF6Y,1915,821,29501,https://www.youtube.com/watch?v=z-TszdWl7RE,0,0,0,0,
a052e4ff345b41919ab0f13a5b10ff02,8510,410011,418,269,868,https://www.youtube.com/watch?v=yl-nGGExLPI,373,203,491,https://www.youtube.com/watch?v=jBsxCmt7OpE,766,519,868,https://www.youtube.com/watch?v=yl-nGGExLPI,2067,0,0,0,
1569b00373564846b894f47403376c6b,8510,236995,0,0,0,,0,0,0,,0,0,0,,0,0,0,0,
f2ad5f187c9141ab8830b8eaf81c3aee,8490,766277,397,157,116105,https://www.youtube.com/watch?v=gDBUIEziiHM,466,120,576,https://www.youtube.com/watch?v=_wlwh7Dgexc,348,187,116105,https://www.youtube.com/watch?v=gDBUIEziiHM,0,0,0,0,
bdc034d3afcd4456b6da2b96a2e460ef,8450,831081,277,90,277,https://www.youtube.com/watch?v=EExRcFL-LPQ,0,0,0,,277,90,277,https://www.youtube.com/watch?v=EExRcFL-LPQ,1593,59,31,59,https://www.twitch.tv/videos/2747935684
ce908f10dcde4e2480c8f97aafd45883,8440,1483812,454,219,2718,https://www.youtube.com/watch?v=4CzylYNrXdY,290,118,2718,https://www.youtube.com/watch?v=4CzylYNrXdY,833,416,2455,https://www.youtube.com/watch?v=1PR7JzGeG_4,1025,248,173,861,https://www.twitch.tv/videos/2756443914
1254f176d93548aca5ac7f4b53313f71,8440,3754290,104,85,989,https://www.youtube.com/watch?v=jw-Pn6RReLs,29,17,244,https://www.youtube.com/watch?v=X9az_uh0M6A,109,92,989,https://www.youtube.com/watch?v=jw-Pn6RReLs,1617,10,7,22,https://www.twitch.tv/videos/2755058659
1dd6fdbb4f764fc3a18747c8adbf0692,8410,311064,249,179,727,https://www.youtube.com/watch?v=Tm648kc5JQs,249,179,727,https://www.youtube.com/watch?v=Tm648kc5JQs,0,0,0,,0,0,0,0,
13992a4fb59649ada3a2adf027b5b35a,8400,88530,112,53,133,https://www.youtube.com/watch?v=Ygxs3bo6YOI,112,53,133,https://www.youtube.com/watch?v=Ygxs3bo6YOI,0,0,0,,3766,39,26,54,https://www.twitch.tv/videos/2757508956
03f5b3fed856438c9a53d30fdfadd9b7,8380,301029,220,112,1484,https://www.youtube.com/watch?v=auYYG5BEEJ0,181,98,372,https://www.youtube.com/watch?v=9YeoqGntuIQ,646,394,1484,https://www.youtube.com/watch?v=auYYG5BEEJ0,0,0,0,0,
058021ae015448cda91651a6bd41cdc6,8340,494387,148,32,201,https://www.youtube.com/watch?v=R3OPaokrN2Q,148,32,201,https://www.youtube.com/watch?v=R3OPaokrN2Q,0,0,0,,2641,0,0,0,
2d6886120def4c148c70514433d77e1e,8340,569018,451,159,609,https://www.youtube.com/watch?v=BSE4uszliuM,451,159,609,https://www.youtube.com/watch?v=BSE4uszliuM,0,0,0,,0,0,0,0,
7298d2db845840d7ab462c7628967f4e,8340,359416,176,92,237,https://www.youtube.com/watch?v=JN2zXpE6WzI,178,117,237,https://www.youtube.com/watch?v=JN2zXpE6WzI,68,43,83,https://www.youtube.com/watch?v=JTFJFzviqmU,0,0,0,0,
0249265256814f61978f6d492fe1c15d,8320,244746,0,0,0,,0,0,0,,0,0,0,,0,0,0,0,
6fa1245c717d4af68589205df5ab6427,8320,705559,235,108,556,https://www.youtube.com/watch?v=WJRVqimBC4Q,235,108,556,https://www.youtube.com/watch?v=WJRVqimBC4Q,0,0,0,,767,0,0,0,
2a897c484c05483f9a46467e8f448314,8240,240469,688,333,2067,https://www.youtube.com/watch?v=N5DdHN3AwEI,630,215,1454,https://www.youtube.com/watch?v=74z4EWMyyAU,1327,415,2067,https://www.youtube.com/watch?v=N5DdHN3AwEI,4498,594,474,3986,https://www.twitch.tv/videos/2754963430
7ebc0dc9fdf3442688ecd63bbdc30c51,8240,306558,296,114,1587,https://www.youtube.com/watch?v=EpO5slgZsmc,296,114,1587,https://www.youtube.com/watch?v=EpO5slgZsmc,0,0,0,,0,0,0,0,
fe1d3152398b44e39d69f7ef78e73a8c,8220,558740,155,52,1482,https://www.youtube.com/watch?v=dmqB5WTBkPk,121,51,286,https://www.youtube.com/watch?v=Rw9ZkXexo0U,1230,396,1482,https://www.youtube.com/watch?v=dmqB5WTBkPk,592,0,0,0,
4482e4f0cea64f92aa78b2513c7ed897,8220,659944,710,393,2222,https://www.youtube.com/watch?v=-1PcP93dT44,598,281,723,https://www.youtube.com/watch?v=lvDaLJl5zCc,1175,615,2222,https://www.youtube.com/watch?v=-1PcP93dT44,0,0,0,0,
f7472d5310ce42819d17459c4f3fd7c1,8220,384999,509,256,10214,https://www.youtube.com/watch?v=iziXbYkOjpI,327,137,1246,https://www.youtube.com/watch?v=Vt5_QobaV4E,2261,1232,10214,https://www.youtube.com/watch?v=iziXbYkOjpI,392,34,25,95,https://www.twitch.tv/videos/2747759261
df0c2ce19ccf4e26ac1a18065f85dacc,8130,473687,119,81,134,https://www.youtube.com/watch?v=hmwULXcUVYw,119,81,134,https://www.youtube.com/watch?v=hmwULXcUVYw,0,0,0,,0,0,0,0,
41a8958a1a4a4cc8b404d04da033400e,8120,387926,361,14,361,https://www.youtube.com/watch?v=_-R-5YTzNCk,361,14,361,https://www.youtube.com/watch?v=_-R-5YTzNCk,0,0,0,,508,0,0,0,
2f0a0ee6478c45ae8af28953b4c370be,8060,1302075,306,164,761,https://www.youtube.com/watch?v=4FtXrZFKK5U,306,164,761,https://www.youtube.com/watch?v=4FtXrZFKK5U,0,0,0,,0,0,0,0,
990b7e28df934de1bdab364d72c79f90,8020,119988,132,83,179,https://www.youtube.com/watch?v=_xmKcXHhPpw,132,83,179,https://www.youtube.com/watch?v=_xmKcXHhPpw,0,0,0,,0,0,0,0,
9604bd9896fc421ba131a9a6e11d50b0,8010,937081,718,231,8603,https://www.youtube.com/watch?v=-G2VX5ZqmU4,610,218,1071,https://www.youtube.com/watch?v=Ob4NFOPuHJU,3598,2557,8603,https://www.youtube.com/watch?v=-G2VX5ZqmU4,0,0,0,0,
ee20f58e3fb74fae83a42239a83bcc4a,8000,242359,1134,755,1349,https://www.youtube.com/watch?v=mWk_xSAfD2A,1134,755,1349,https://www.youtube.com/watch?v=mWk_xSAfD2A,0,0,0,,0,0,0,0,
420208d1dcb74abfa325fc1f6a27e17b,7990,389938,566,259,1170,https://www.youtube.com/watch?v=LcvHo43GrUo,566,259,1170,https://www.youtube.com/watch?v=LcvHo43GrUo,0,0,0,,1397,156,100,156,https://www.twitch.tv/videos/2750370223
5ed5801d24c7412fa3fa65a82124aad0,7920,539769,1117,528,4237,https://www.youtube.com/watch?v=O1aaKJ1BEfA,1025,440,4099,https://www.youtube.com/watch?v=oHp0XHUvdzo,1818,650,4237,https://www.youtube.com/watch?v=O1aaKJ1BEfA,2118,548,477,1128,https://www.twitch.tv/videos/2751720038
fe698ded3a6148808ca857c73ac7ee15,7870,407793,432,208,1796,https://www.youtube.com/watch?v=wuLX26GLZjE,421,208,1519,https://www.youtube.com/watch?v=cWuF5qBD1HU,968,178,1796,https://www.youtube.com/watch?v=wuLX26GLZjE,324,0,0,0,
1f54eafd17434cd9bd175d27b72c2228,7860,205675,0,0,0,,0,0,0,,0,0,0,,0,0,0,0,
56abcaadabbe44dbbd18ab0ecfe1037f,7830,307846,0,0,0,,0,0,0,,0,0,0,,0,0,0,0,
c72226925ba94855b9fcc88fc2a25acc,7800,752714,439,177,2186,https://www.youtube.com/watch?v=9bLME8kJVAw,518,266,2186,https://www.youtube.com/watch?v=9bLME8kJVAw,299,71,394,https://www.youtube.com/watch?v=xt9YuDqX00Q,0,0,0,0,
b10149a2a1ee4ffcbf1dacb1b1722f9f,7790,187113,152,64,1927,https://www.youtube.com/watch?v=BdSsxCI3p-A,144,44,315,https://www.youtube.com/watch?v=If1o-HMY6w8,1425,675,1927,https://www.youtube.com/watch?v=BdSsxCI3p-A,860,52,41,52,https://www.twitch.tv/videos/2754256844
556c69847bc14bc7be03b3e40e52ac98,7720,194376,513,381,513,https://www.youtube.com/watch?v=tdthWdkPOAw,513,381,513,https://www.youtube.com/watch?v=tdthWdkPOAw,0,0,0,,1787,0,0,0,
d2a7b2d142ea4076afcfc7263b9e09fd,7700,560481,373,202,831,https://www.youtube.com/watch?v=SORfzX2ntqg,356,146,581,https://www.youtube.com/watch?v=iH4BbQXwIqA,831,610,831,https://www.youtube.com/watch?v=SORfzX2ntqg,774,0,0,0,
7af8f321e84542dc9ccda160152fbf0b,7560,251271,96,34,807,https://www.youtube.com/watch?v=hSQw6T4zh5I,140,35,807,https://www.youtube.com/watch?v=hSQw6T4zh5I,72,27,96,https://www.youtube.com/watch?v=SNsyRgWn0xI,0,0,0,0,
a9faef4b712b4649ba60c7e8e262175a,7560,55249,1061,77,4015,https://www.youtube.com/watch?v=Z3zZp7UGrAk,0,0,0,,1061,77,4015,https://www.youtube.com/watch?v=Z3zZp7UGrAk,0,0,0,0,
b92c6e4c3bea4b938077a8f152f78083,7540,57130,0,0,0,,0,0,0,,0,0,0,,0,0,0,0,
eafb808b078844fdab1d8ed561dbd462,7530,416185,270,156,578,https://www.youtube.com/watch?v=wqdkcU5UyAA,282,164,578,https://www.youtube.com/watch?v=wqdkcU5UyAA,246,147,295,https://www.youtube.com/watch?v=csi-3d3lUJ8,0,0,0,0,
8309d31b418642db83f0cf56b38fc9ad,7530,877609,569,229,2792,https://www.youtube.com/watch?v=ldIDyl29YJk,552,201,866,https://www.youtube.com/watch?v=lIxoatHlAuQ,2587,1735,2792,https://www.youtube.com/watch?v=ldIDyl29YJk,163,0,0,0,
cedd78c374b54898a647a3cb3a5263fc,7530,310894,591,256,1791,https://www.youtube.com/watch?v=s50E6QMs8Oc,591,256,1791,https://www.youtube.com/watch?v=s50E6QMs8Oc,0,0,0,,0,0,0,0,
d13fdb8fdd3049e5bf80b5ab0fa8a1a6,7520,568773,534,188,1806,https://www.youtube.com/watch?v=HrURlOR5_48,287,149,593,https://www.youtube.com/watch?v=fIQorJuLucc,1008,301,1806,https://www.youtube.com/watch?v=HrURlOR5_48,0,0,0,0,
03b825a2908749099e40cd4a4d1169aa,7500,192473,172,12,172,https://www.youtube.com/watch?v=CQbjTho5TvI,172,12,172,https://www.youtube.com/watch?v=CQbjTho5TvI,0,0,0,,0,0,0,0,
a188f157d0384e0db5ae73605240d68b,7490,615709,322,131,1954,https://www.youtube.com/watch?v=UKrSdsuappM,308,112,449,https://www.youtube.com/watch?v=a02K-zaT2tY,1142,194,1954,https://www.youtube.com/watch?v=UKrSdsuappM,1167,0,0,0,
28e0e0a574fe4deca3d5ded0aa5d64ef,7490,468573,481,224,5231,https://www.youtube.com/watch?v=n09LlBv1dCQ,467,214,684,https://www.youtube.com/watch?v=jzEOApPtGrs,1739,655,5231,https://www.youtube.com/watch?v=n09LlBv1dCQ,512,225,160,264,https://www.twitch.tv/videos/2751035796
d797701ab1564b62906f91a341134a9e,7470,290312,880,422,3042,https://www.youtube.com/watch?v=gb798wafSlg,723,257,973,https://www.youtube.com/watch?v=C3CyR_qwxNE,1586,653,3042,https://www.youtube.com/watch?v=gb798wafSlg,4910,372,249,372,https://www.twitch.tv/videos/2751069706
00c158176a504c9bb865b32276e79eb1,7440,182404,126,64,5113,https://www.youtube.com/watch?v=bj8Q8itQKdo,119,49,177,https://www.youtube.com/watch?v=cT4kxfjxXhI,2659,1157,5113,https://www.youtube.com/watch?v=bj8Q8itQKdo,0,0,0,0,
b90a42d3e9a5465ba4ef8a333c8148e5,7390,786527,180,104,1685,https://www.youtube.com/watch?v=e0--7ZAk6gI,163,52,975,https://www.youtube.com/watch?v=oWKYniII1pc,608,462,1685,https://www.youtube.com/watch?v=e0--7ZAk6gI,0,0,0,0,
89742766181f469b807f397325a2a6bf,7380,208798,102,47,184,https://www.youtube.com/watch?v=1qOCG61zabA,102,47,184,https://www.youtube.com/watch?v=1qOCG61zabA,0,0,0,,370,0,0,0,
94595065e7aa498d93067274eb755301,7360,1212814,236,94,589,https://www.youtube.com/watch?v=je4WMedPQYg,236,94,589,https://www.youtube.com/watch?v=je4WMedPQYg,0,0,0,,0,0,0,0,
9d864d1af4e749f5a58171b06c070565,7360,624190,1060,368,1969,https://www.youtube.com/watch?v=QxIDg-iuzY8,121,44,142,https://www.youtube.com/watch?v=SsUAfhIpz-8,1135,488,1969,https://www.youtube.com/watch?v=QxIDg-iuzY8,3687,290,244,1359,https://www.twitch.tv/videos/2749657597
9e3edec3eec54f49a065f1970471d473,7350,274551,498,341,794,https://www.youtube.com/watch?v=DFxLEekZGP8,527,295,794,https://www.youtube.com/watch?v=DFxLEekZGP8,399,387,399,https://www.youtube.com/watch?v=lAPiuDlzMik,882,935,519,1010,https://www.twitch.tv/videos/2748631306
7f72433f23da4bf8bfbf7ee3904eb7ca,7330,295496,0,0,0,,0,0,0,,0,0,0,,860,0,0,0,
c897f2f0ae414985aa623bfe2dfe8f1c,7280,180691,187,89,1257,https://www.youtube.com/watch?v=nezC0T37fKo,122,80,990,https://www.youtube.com/watch?v=4kGUV1bwiR4,1257,625,1257,https://www.youtube.com/watch?v=nezC0T37fKo,611,0,0,0,
77e980ab542a4db6a34b5ac9c8f3948b,7280,377406,437,176,1008,https://www.youtube.com/watch?v=R5GhNLd8yIQ,437,176,1008,https://www.youtube.com/watch?v=R5GhNLd8yIQ,0,0,0,,723,0,0,0,
d80f5bc1e3ce4c35aa3eced40cc3bddc,7270,324361,598,395,2371,https://www.youtube.com/watch?v=YTvhzUJoTHY,460,264,862,https://www.youtube.com/watch?v=hjL7w27K-5U,1636,1151,2371,https://www.youtube.com/watch?v=YTvhzUJoTHY,537,155,114,174,https://www.twitch.tv/videos/2755041349
5cdf289b83524643af7ab2f2c8788adf,7240,323985,207,125,637,https://www.youtube.com/watch?v=PsSANK0z4cQ,207,125,637,https://www.youtube.com/watch?v=PsSANK0z4cQ,0,0,0,,0,0,0,0,
0ab16bd60230422d97f73e6810be221c,7220,346723,120,58,429,https://www.youtube.com/watch?v=jxKMctkxPGw,120,58,429,https://www.youtube.com/watch?v=jxKMctkxPGw,0,0,0,,0,0,0,0,
f40b8e8debf14680b5cc88bae98918f7,7190,225811,0,0,0,,0,0,0,,0,0,0,,0,0,0,0,
715cc1261d7e42c18135d47bd1cf2500,7170,175658,553,47,553,https://www.youtube.com/watch?v=GlJ-i37zGS8,553,47,553,https://www.youtube.com/watch?v=GlJ-i37zGS8,0,0,0,,6282,271,246,492,https://www.twitch.tv/videos/2751016367
c06f5173a01c4c0db7a761957c02186d,7120,486018,1167,264,5891,https://www.youtube.com/watch?v=nURzrZ28NQE,336,215,2011,https://www.youtube.com/watch?v=mjX_y8FmTgU,1396,393,5891,https://www.youtube.com/watch?v=nURzrZ28NQE,452,0,0,0,
5fa2dee0fba64112aa476441cd6ff982,7100,330355,636,295,1018,https://www.youtube.com/watch?v=aGF0LqBHoYw,636,295,1018,https://www.youtube.com/watch?v=aGF0LqBHoYw,0,0,0,,0,0,0,0,
9b2c7b20d02241b3b82492a5e78a71c0,7090,317577,481,200,1481,https://www.youtube.com/watch?v=OLu1Lw6f-64,152,126,191,https://www.youtube.com/watch?v=BVu4ERy57kU,690,376,1481,https://www.youtube.com/watch?v=OLu1Lw6f-64,0,0,0,0,
38f11eca620e4c83a3e4211cbf463cce,7070,958228,546,327,2584,https://www.youtube.com/watch?v=Du6GZhsMNbk,232,176,860,https://www.youtube.com/watch?v=J5Mq5H6WMmw,2584,1469,2584,https://www.youtube.com/watch?v=Du6GZhsMNbk,0,0,0,0,
d33940525b7f4b9db9ce85e08b4c175e,7070,330370,268,202,6032,https://www.youtube.com/watch?v=pGmpV3Ax0wY,239,140,280,https://www.youtube.com/watch?v=84ASfx8hjEs,3170,952,6032,https://www.youtube.com/watch?v=pGmpV3Ax0wY,7880,182,161,717,https://www.twitch.tv/videos/2757350710
8c6bc741e4614154a63e987f930a468d,7010,352073,271,163,826,https://www.youtube.com/watch?v=KeE97dFKUJs,271,163,826,https://www.youtube.com/watch?v=KeE97dFKUJs,0,0,0,,0,0,0,0,
a28e29c9e8ec4791a700cd2e30904534,7010,202709,172,67,358,https://www.youtube.com/watch?v=79vqpQyIYhU,172,67,358,https://www.youtube.com/watch?v=79vqpQyIYhU,0,0,0,,2931,295,169,372,https://www.twitch.tv/videos/2749893605
97a56c6914ab431d9b670456d11b22ed,7010,242428,186,64,482,https://www.youtube.com/watch?v=06kQG-bSJg4,186,64,482,https://www.youtube.com/watch?v=06kQG-bSJg4,0,0,0,,0,0,0,0,
c430f1e7cfee4440b2b537c80a2a667d,6970,234934,316,136,689,https://www.youtube.com/watch?v=FwyPbzlytKk,316,136,689,https://www.youtube.com/watch?v=FwyPbzlytKk,0,0,0,,0,0,0,0,
e7e219a17a7644cd9d28a2ab871f5f7c,6970,257834,417,356,754,https://www.youtube.com/watch?v=I6qBdvzpahc,0,0,0,,417,356,754,https://www.youtube.com/watch?v=I6qBdvzpahc,2777,748,589,1355,https://www.twitch.tv/videos/2758331709
6fb9853185d844de80d4f3e0f3f2726d,6940,0,0,0,0,,0,0,0,,0,0,0,,0,0,0,0,
1937fa889b474d339713d1117f435018,6920,815080,126,41,255,https://www.youtube.com/watch?v=lbJgW-qxJTw,126,41,255,https://www.youtube.com/watch?v=lbJgW-qxJTw,0,0,0,,7278,643,209,4360,https://www.twitch.tv/videos/2745045013
3c1783f6914f414b830c836829d1afa2,6850,256407,272,129,1296,https://www.youtube.com/watch?v=mX4sSSr6W-Q,256,122,1296,https://www.youtube.com/watch?v=mX4sSSr6W-Q,1132,647,1228,https://www.youtube.com/watch?v=P-A0JIf3WJs,273,0,0,0,
09b6598d6d604e9397eebff166c69e92,6850,95843,86,47,1803,https://www.youtube.com/watch?v=yHE3LxUFO0c,84,44,274,https://www.youtube.com/watch?v=w2GgSVXhHj0,1803,1201,1803,https://www.youtube.com/watch?v=yHE3LxUFO0c,167,71,47,190,https://www.twitch.tv/videos/2751093563
679aef46b6f448e493fdedae7df5b288,6830,1359290,803,406,1582,https://www.youtube.com/watch?v=6HU0Vw8GZeg,0,0,0,,803,406,1582,https://www.youtube.com/watch?v=6HU0Vw8GZeg,451,0,0,0,
60ab80cc26bc4e4aaa526ce1952f9e42,6800,430563,116,42,6796,https://www.youtube.com/watch?v=e9lvAPbnNcs,111,41,354,https://www.youtube.com/watch?v=p-ZuJxmuSfg,971,221,6796,https://www.youtube.com/watch?v=e9lvAPbnNcs,376,53,37,143,https://www.twitch.tv/videos/2756739255
a3c6cbf76630432c83fa5277388be97c,6800,68017,3062,2519,5208,https://www.youtube.com/watch?v=POnysu2y6I4,3062,2519,5208,https://www.youtube.com/watch?v=POnysu2y6I4,0,0,0,,0,0,0,0,
dc3e05e0c12b4e0a93dc230f30925ee0,6780,194880,271,193,342,https://www.youtube.com/watch?v=RfnQUw4DE68,0,0,0,,271,193,342,https://www.youtube.com/watch?v=RfnQUw4DE68,6773,672,525,1266,https://www.twitch.tv/videos/2755607410
f7b1eada802e4ed89c306c6641d243b3,6760,284448,153,66,1129,https://www.youtube.com/watch?v=MlF-UCAeXX0,152,59,1129,https://www.youtube.com/watch?v=MlF-UCAeXX0,706,379,706,https://www.youtube.com/watch?v=0t4RTIUrFbM,440,0,0,0,
80f4d6e50af64a48be812258498e86c0,6730,354886,0,0,0,,0,0,0,,0,0,0,,159,0,0,0,
4865c3feac234584909168181b7dc2be,6700,172174,316,156,1428,https://www.youtube.com/watch?v=4L0M9Kzy790,294,153,464,https://www.youtube.com/watch?v=HFcogX0AvWA,940,850,1428,https://www.youtube.com/watch?v=4L0M9Kzy790,259,0,0,0,
757f1b20f7bd459ebd8949da907dceea,6690,382120,138,71,266,https://www.youtube.com/watch?v=G5EljRDLWcU,138,71,266,https://www.youtube.com/watch?v=G5EljRDLWcU,0,0,0,,0,0,0,0,
5dbed684176349d28353d5293085cd9c,6670,267878,355,252,355,https://www.youtube.com/watch?v=G3bTjvAbSS8,355,252,355,https://www.youtube.com/watch?v=G3bTjvAbSS8,0,0,0,,0,0,0,0,
ab64eaef68c94ab4afb3a89007c81e9c,6640,850474,4138,3105,120716,https://www.youtube.com/watch?v=nZjTJY61LuQ,0,0,0,,4138,3105,120716,https://www.youtube.com/watch?v=nZjTJY61LuQ,6400,1978,1490,12110,https://www.twitch.tv/videos/2742181582
7a88afc5eb644d76b35ed4ca968259bb,6630,502573,1970,821,2896,https://www.youtube.com/watch?v=Lghvn_M4M7U,0,0,0,,1970,821,2896,https://www.youtube.com/watch?v=Lghvn_M4M7U,20088,3026,1587,4157,https://www.twitch.tv/videos/2737265969
c321746bebe740cb98625ca4cf6fb9a7,6610,86020,250,151,434,https://www.youtube.com/watch?v=JwM22El0a3U,227,112,250,https://www.youtube.com/watch?v=u5GYI8WWluE,434,303,434,https://www.youtube.com/watch?v=JwM22El0a3U,0,0,0,0,
6603f7e70b684a07a3dac687460bacc5,6540,251154,159,58,236,https://www.youtube.com/watch?v=7AnqI3tA_dw,159,58,236,https://www.youtube.com/watch?v=7AnqI3tA_dw,0,0,0,,1408,116,107,157,https://www.twitch.tv/videos/2757411241
468c9630d37b4c41bb6b0305dc1143cf,6530,426166,252,102,774,https://www.youtube.com/watch?v=PPvWliutS0c,252,102,774,https://www.youtube.com/watch?v=PPvWliutS0c,0,0,0,,465,0,0,0,
e0debb323c5d49268c92c5d660cdb664,6520,334917,119,29,1200,https://www.youtube.com/watch?v=M5dFTQeehoY,119,29,1200,https://www.youtube.com/watch?v=M5dFTQeehoY,0,0,0,,0,0,0,0,
f6c34086d07a4322b9d4ebc538bada96,6520,127703,0,0,0,,0,0,0,,0,0,0,,0,0,0,0,
f58318cdd690482c9d19fb68bca374a4,6510,411654,108,82,3624,https://www.youtube.com/watch?v=3VbcTxtmYPo,107,71,184,https://www.youtube.com/watch?v=t2WBHBcUCXI,2110,919,3624,https://www.youtube.com/watch?v=3VbcTxtmYPo,228,0,0,0,
08be94e874d448f8a2794a44c61e8d8f,6500,457013,149,66,274,https://www.youtube.com/watch?v=WlDEKUN24BI,149,66,274,https://www.youtube.com/watch?v=WlDEKUN24BI,0,0,0,,0,0,0,0,
fffd31d236a2479c9070bcc171bdc13d,6470,176840,0,0,0,,0,0,0,,0,0,0,,0,0,0,0,
b54e216619d14031a317b820113e4084,6470,299479,181,81,300,https://www.youtube.com/watch?v=_selwr55NS8,241,116,300,https://www.youtube.com/watch?v=_selwr55NS8,149,67,169,https://www.youtube.com/watch?v=CveeN8EfF_c,0,0,0,0,
7f9d223a684e44e8b8d30bedcc07f1fa,6440,231493,108,57,296,https://www.youtube.com/watch?v=sFtZEbKDHV4,108,57,296,https://www.youtube.com/watch?v=sFtZEbKDHV4,0,0,0,,0,0,0,0,
e8c89b4aec4d45fbbb76533eb3db0428,6430,143060,148,31,203,https://www.youtube.com/watch?v=-R6LhY4rN40,94,62,94,https://www.youtube.com/watch?v=4F6gLl7D74M,203,0,203,https://www.youtube.com/watch?v=-R6LhY4rN40,0,0,0,0,
49196eec11454f589d4d6e52f1b1bbe8,6420,537773,187,80,1544,https://www.youtube.com/watch?v=0OmqvxGs1xc,165,74,283,https://www.youtube.com/watch?v=kD5bEZFCDv8,893,336,1544,https://www.youtube.com/watch?v=0OmqvxGs1xc,0,0,0,0,
281c7713c21e41bcb6e81365f328ab8c,6400,238440,0,0,0,,0,0,0,,0,0,0,,0,0,0,0,
da3a3993bd8946da824d66d5a5d456e2,6390,328342,0,0,0,,0,0,0,,0,0,0,,0,0,0,0,
f81d4ef6f2f54e0c8c6d12a09e1fa5c7,6380,138331,180,95,1071,https://www.youtube.com/watch?v=Y-pwO0GX8y8,163,85,493,https://www.youtube.com/watch?v=iV1Jw4E68BQ,972,420,1071,https://www.youtube.com/watch?v=Y-pwO0GX8y8,0,0,0,0,
4d0cbf91a5cb4524862207c5d406d98c,6370,172738,15761,13174,62603,https://www.youtube.com/watch?v=skPufMbEyVY,0,0,0,,15761,13174,62603,https://www.youtube.com/watch?v=skPufMbEyVY,0,0,0,0,
01edfa8163ad42cd85f56ef4dce2609e,6320,324469,169,74,1172,https://www.youtube.com/watch?v=zBPPC4rruC4,169,74,198,https://www.youtube.com/watch?v=z7r0PIfNTqY,169,68,1172,https://www.youtube.com/watch?v=zBPPC4rruC4,0,0,0,0,
5cb1c062f5f94b44a41ae658f4a53f0c,6310,136241,0,0,0,,0,0,0,,0,0,0,,13887,786,296,16560,https://www.twitch.tv/videos/2745223131
bf48aafcc9464111b358a4595cc7311c,6300,166033,0,0,0,,0,0,0,,0,0,0,,0,0,0,0,
02e7729df0424fbbb21b77ccd543b0be,6300,1570007,183,62,1872,https://www.youtube.com/watch?v=HpuHEFc1t34,43,16,64,https://www.youtube.com/watch?v=YZA0Kh37RFg,208,89,1872,https://www.youtube.com/watch?v=HpuHEFc1t34,0,0,0,0,
3b0031a4b57f46719f06cbf7c5cc42b6,6300,311305,269,130,2549,https://www.youtube.com/watch?v=xo4wtmovJFg,258,109,473,https://www.youtube.com/watch?v=1r5RhGaE6oE,2236,1112,2549,https://www.youtube.com/watch?v=xo4wtmovJFg,141,0,0,0,
6ddea98137e2429eb0e9c4025ad9294f,6290,221652,622,236,1813,https://www.youtube.com/watch?v=ewB0zvml7V4,324,147,888,https://www.youtube.com/watch?v=TbbzfaGfr6w,1392,618,1813,https://www.youtube.com/watch?v=ewB0zvml7V4,0,0,0,0,
0851296bdf4c4516b2506b8cce5151da,6280,613131,151,59,232,https://www.youtube.com/watch?v=D7e_bfFc1sU,197,89,232,https://www.youtube.com/watch?v=D7e_bfFc1sU,81,29,81,https://www.youtube.com/watch?v=Y0GDGgu4Z8A,0,0,0,0,
038ee6280ef742bcad8450ad52049944,6270,420611,257,133,2462,https://www.youtube.com/watch?v=EZZCxkWiQXw,257,133,1074,https://www.youtube.com/watch?v=bqCZJ3G3GQ8,1264,459,2462,https://www.youtube.com/watch?v=EZZCxkWiQXw,0,0,0,0,
cc882664d9794fb88b06a5a0aa1591ae,6240,315343,367,260,8648,https://www.youtube.com/watch?v=xmA73ELZi2c,367,260,8648,https://www.youtube.com/watch?v=xmA73ELZi2c,0,0,0,,0,0,0,0,
94c7cb6122bd4dcab2d8660ddc5f5508,6230,219268,197,95,280,https://www.youtube.com/watch?v=OT4yADc8EeI,197,95,280,https://www.youtube.com/watch?v=OT4yADc8EeI,0,0,0,,421,52,39,56,https://www.twitch.tv/videos/2749385418
328a6a5742504b9d977f40660c118239,6210,1069557,145,67,1085,https://www.youtube.com/watch?v=qSy5-rW1aGU,146,75,1085,https://www.youtube.com/watch?v=qSy5-rW1aGU,54,20,529,https://www.youtube.com/watch?v=qQwUr2bthns,0,0,0,0,
5d903f62e014487e9ab21a48c19fc6ac,6210,365595,793,258,9370,https://www.youtube.com/watch?v=zZQurWJtulQ,161,23,185,https://www.youtube.com/watch?v=G3LIn-jNZVs,1113,988,9370,https://www.youtube.com/watch?v=zZQurWJtulQ,876,146,91,189,https://www.twitch.tv/videos/2754281307
160f90709224412f9cfc2aaa88e89a57,6170,568248,1543,706,15417,https://www.youtube.com/watch?v=rUNr9RZEEbE,1435,694,5565,https://www.youtube.com/watch?v=DyouGXa6m8Y,2671,1543,15417,https://www.youtube.com/watch?v=rUNr9RZEEbE,0,0,0,0,
1a3a0feb188e499ab4972c971d639f58,6090,272012,306,63,306,https://www.youtube.com/watch?v=IXNp7mJPUSE,306,63,306,https://www.youtube.com/watch?v=IXNp7mJPUSE,0,0,0,,0,0,0,0,
a83b6d485350402b90238deb371ae654,6090,110296,0,0,0,,0,0,0,,0,0,0,,4061,298,249,298,https://www.twitch.tv/videos/2755042162
c2362f5ca48445a89fd081c4b2bc74d4,6080,221382,257,220,257,https://www.youtube.com/watch?v=7yj5TCBzVUM,257,220,257,https://www.youtube.com/watch?v=7yj5TCBzVUM,0,0,0,,136,0,0,0,
4576d781ddae45d59fc83c8d25385983,6070,164131,779,220,3857,https://www.youtube.com/watch?v=0S5zzkAkubw,581,202,2055,https://www.youtube.com/watch?v=sksczcqrNXQ,2057,621,3857,https://www.youtube.com/watch?v=0S5zzkAkubw,249,0,0,0,
4eecf80e6ecc4644a7ff08314e6e0c82,6050,415299,493,318,1505,https://www.youtube.com/watch?v=k_GmP1YRKVs,400,314,687,https://www.youtube.com/watch?v=8IJny_CpzsI,1462,589,1505,https://www.youtube.com/watch?v=k_GmP1YRKVs,339,163,148,163,https://www.twitch.tv/videos/2756929149
16c4a9b7211a44f6b98d8e1aebf4ea70,6040,218906,0,0,0,,0,0,0,,0,0,0,,639,0,0,0,
75b388425b774a9f99a4483e295a13f0,6020,797536,370,241,1319,https://www.youtube.com/watch?v=iDODRLCOCyk,280,235,322,https://www.youtube.com/watch?v=3GKv64nVzGE,629,397,1319,https://www.youtube.com/watch?v=iDODRLCOCyk,415,0,0,0,
b6a105f12b904256ba356935ae46657f,6010,163756,0,0,0,,0,0,0,,0,0,0,,8620,448,324,17416,https://www.twitch.tv/videos/2742903997
4d856c2abee448b8941c27799bb8cb03,5980,103244,9532,5336,51457,https://www.youtube.com/watch?v=XKoqG2Z4yiw,0,0,0,,9532,5336,51457,https://www.youtube.com/watch?v=XKoqG2Z4yiw,0,0,0,0,
2978ff3ab5f54898947af41ca4d47c4c,5960,95155,115,56,442,https://www.youtube.com/watch?v=zG-miWtNObo,112,54,261,https://www.youtube.com/watch?v=Z66Bn9YwvOQ,442,295,442,https://www.youtube.com/watch?v=zG-miWtNObo,527,0,0,0,
4cd21df2b76148b182903cc0aebe2bfa,5920,222726,161,72,246,https://www.youtube.com/watch?v=5EJQCh6v_ow,161,72,246,https://www.youtube.com/watch?v=5EJQCh6v_ow,0,0,0,,0,0,0,0,
325c292889f542688512641841b4ed8a,5870,255334,290,222,330,https://www.youtube.com/watch?v=pDfaOznJZd0,310,237,330,https://www.youtube.com/watch?v=pDfaOznJZd0,252,177,252,https://www.youtube.com/watch?v=6D4AiL_MbPA,0,0,0,0,
34edb431f7da4a43b2a6a9d79d2858d1,5860,322232,336,161,1048,https://www.youtube.com/watch?v=MuqkqFIeLgs,332,182,1048,https://www.youtube.com/watch?v=MuqkqFIeLgs,336,1,336,https://www.youtube.com/watch?v=iFwWhfoSrLk,564,285,202,343,https://www.twitch.tv/videos/2754228829
1ae72d56be5547b1825cdc0fdc0cce2e,5860,77982,119,111,132,https://www.youtube.com/watch?v=Dpw-JwyfXdg,119,111,132,https://www.youtube.com/watch?v=Dpw-JwyfXdg,0,0,0,,0,0,0,0,
bd99f3c8cd6e4fffb75bf0e5b1b5b4fa,5840,204171,1525,835,4769,https://www.youtube.com/watch?v=SGMJoLEgioQ,2391,831,4769,https://www.youtube.com/watch?v=SGMJoLEgioQ,1385,1101,1525,https://www.youtube.com/watch?v=9Xf6r96wTgE,0,0,0,0,
fceadce7c37f4cc08bc747aa79c3cf9e,5840,203501,153,68,1454,https://www.youtube.com/watch?v=lEngL16DgKM,127,55,319,https://www.youtube.com/watch?v=cGzKWgCOMFE,1191,431,1454,https://www.youtube.com/watch?v=lEngL16DgKM,0,0,0,0,
86154ca2dc964847b37297138aa65b9f,5840,240313,86,16,184,https://www.youtube.com/watch?v=Zz8Q2J4lpmQ,86,16,184,https://www.youtube.com/watch?v=Zz8Q2J4lpmQ,0,0,0,,1058,0,0,0,
8fae79a84cd049fd8a2ea50528a75e2b,5820,201783,5691,2822,40225,https://www.youtube.com/watch?v=53CjjCMLMAw,0,0,0,,5691,2822,40225,https://www.youtube.com/watch?v=53CjjCMLMAw,2377,390,271,390,https://www.twitch.tv/videos/2751797435
c34e43b57f9f448582094f712a0b2c1a,5820,352663,218,88,1775,https://www.youtube.com/watch?v=57A6Iop5V68,217,82,380,https://www.youtube.com/watch?v=TuWhw78jUVs,1775,951,1775,https://www.youtube.com/watch?v=57A6Iop5V68,0,0,0,0,
9f975d473431409190e397bdc946d5b0,5810,264760,257,168,823,https://www.youtube.com/watch?v=dTBkQwHg5FM,257,168,823,https://www.youtube.com/watch?v=dTBkQwHg5FM,0,0,0,,241,0,0,0,
2ff93e20894245d49004276e3b51e64f,5790,263721,1031,387,2872,https://www.youtube.com/watch?v=T93nhwkiW1M,518,239,649,https://www.youtube.com/watch?v=1Uh0v6MgE3I,1968,775,2872,https://www.youtube.com/watch?v=T93nhwkiW1M,0,0,0,0,
33717d815310491da465eb6258a70b1c,5750,274237,254,86,295,https://www.youtube.com/watch?v=j9WbXFVmT9E,254,86,295,https://www.youtube.com/watch?v=j9WbXFVmT9E,0,0,0,,0,0,0,0,
58c4453bedb9463ab1dcb522d4d50faf,5740,1049873,66,27,191,https://www.youtube.com/watch?v=zU5gLMsWpEk,66,27,191,https://www.youtube.com/watch?v=zU5gLMsWpEk,0,0,0,,0,0,0,0,
a800589948934dd68ac2c728cc05fbaf,5670,97735,0,0,0,,0,0,0,,0,0,0,,0,0,0,0,
e17f42aa104040deae2ee3f3b1e85ed8,5650,317232,0,0,0,,0,0,0,,0,0,0,,39744,2149,639,2691,https://www.twitch.tv/videos/2740560823
9e213402f2f54c42866d4f62545921b4,5650,145365,0,0,0,,0,0,0,,0,0,0,,454,0,0,0,
b1cb513e2511484cabbac00140b4a95c,5630,229100,417,218,51540,https://www.youtube.com/watch?v=EaLfWor3jno,416,171,734,https://www.youtube.com/watch?v=959dWHV3ZMw,27177,15715,51540,https://www.youtube.com/watch?v=EaLfWor3jno,455,327,235,333,https://www.twitch.tv/videos/2751035159
925d91a363914edfb035fe6c08946be9,5630,175200,210,148,229,https://www.youtube.com/watch?v=WnPHVkWOh5E,210,148,229,https://www.youtube.com/watch?v=WnPHVkWOh5E,0,0,0,,0,0,0,0,
1307131312c54a11ab326e62474efc8a,5590,203123,3964,1623,3964,https://www.youtube.com/watch?v=Jp7yNFRBIcE,3964,1623,3964,https://www.youtube.com/watch?v=Jp7yNFRBIcE,0,0,0,,0,0,0,0,
35f3bb64e69c432180b98dde239f3bdd,5580,443149,529,190,1174,https://www.youtube.com/watch?v=uUuH1b2LuMw,441,171,720,https://www.youtube.com/watch?v=XHHINrSZTc4,915,384,1174,https://www.youtube.com/watch?v=uUuH1b2LuMw,804,49,38,100,https://www.twitch.tv/videos/2757698131
208d8aa3792641d6ae4e0de5a10a4a6f,5560,278244,203,89,3564,https://www.youtube.com/watch?v=bh0CQk6-Ems,94,60,277,https://www.youtube.com/watch?v=p_H0us0JXAY,738,297,3564,https://www.youtube.com/watch?v=bh0CQk6-Ems,1347,97,72,145,https://www.twitch.tv/videos/2755690126
dcbe7946e39e48bcb0b725de64a445c8,5540,491846,413,163,703,https://www.youtube.com/watch?v=lIhOCjV2ym4,423,180,703,https://www.youtube.com/watch?v=lIhOCjV2ym4,259,28,259,https://www.youtube.com/watch?v=46XFnp_QDg4,0,0,0,0,
9b11be3138284ff3904d3292d6aaa284,5530,283467,597,275,872,https://www.youtube.com/watch?v=NGP-A-xubfY,0,0,0,,597,275,872,https://www.youtube.com/watch?v=NGP-A-xubfY,0,0,0,0,
58304450990a433b88acd02b889b74e6,5520,154517,157,86,1588,https://www.youtube.com/watch?v=ZR6p679QcKw,138,59,176,https://www.youtube.com/watch?v=Uy8a37nMIZ4,1021,754,1588,https://www.youtube.com/watch?v=ZR6p679QcKw,271,0,0,0,
40c846b91c4a44a980eddf20f0f789c0,5510,813587,468,201,9130,https://www.youtube.com/watch?v=mN8KVLpL75w,222,118,579,https://www.youtube.com/watch?v=iyUEuRxmsYI,2410,902,9130,https://www.youtube.com/watch?v=mN8KVLpL75w,6122,902,647,1724,https://www.twitch.tv/videos/2758023139
2d84a02e592d4a92893b7cc36af95a26,5510,209208,457,229,6374,https://www.youtube.com/watch?v=fH6Uxr3fDH0,444,199,583,https://www.youtube.com/watch?v=X2bAsQUU6rc,4109,2608,6374,https://www.youtube.com/watch?v=fH6Uxr3fDH0,565,435,288,470,https://www.twitch.tv/videos/2749415235
dbfaa5f3d01142df8a05c4946a0a22dc,5510,451668,249,124,6360,https://www.youtube.com/watch?v=hi5_-EAJgfg,208,83,586,https://www.youtube.com/watch?v=n9Elfx6hFPE,2764,895,6360,https://www.youtube.com/watch?v=hi5_-EAJgfg,0,0,0,0,
887b37336c9c4730809ace8b5e38df17,5490,62644,68,17,118,https://www.youtube.com/watch?v=iMjBFshCndY,61,16,118,https://www.youtube.com/watch?v=iMjBFshCndY,88,84,88,https://www.youtube.com/watch?v=eYEz3alczwc,53680,3400,1534,4888,https://www.twitch.tv/videos/2750546728
dabf31fbee9b4214958603268d48b780,5470,95907,17402,9830,42497,https://www.youtube.com/watch?v=pAUtRIYlr2M,0,0,0,,17402,9830,42497,https://www.youtube.com/watch?v=pAUtRIYlr2M,0,0,0,0,
a0e2f9b9f851401bbd1736189d4b69b1,5450,135488,73,48,79,https://www.youtube.com/watch?v=vH-8VfYQivE,73,48,79,https://www.youtube.com/watch?v=vH-8VfYQivE,0,0,0,,0,0,0,0,
70adcdf6f8a146089a4e724b14146efd,5450,394769,405,156,25864,https://www.youtube.com/watch?v=dpJ19r7VP7o,350,106,636,https://www.youtube.com/watch?v=P6XCWMeKwWc,3881,818,25864,https://www.youtube.com/watch?v=dpJ19r7VP7o,512,392,309,392,https://www.twitch.tv/videos/2754051045
ea7d228d8fb2462f95aef21fc5bd4fb8,5440,1012919,839,347,1792,https://www.youtube.com/watch?v=JoC7TgNDI5Y,839,347,1792,https://www.youtube.com/watch?v=JoC7TgNDI5Y,0,0,0,,0,0,0,0,
490a48eedc944f9cb74501e6eefeb04d,5390,311412,421,154,2034,https://www.youtube.com/watch?v=0awsLOJwaWg,392,150,572,https://www.youtube.com/watch?v=Obc_Sxes3-w,1836,154,2034,https://www.youtube.com/watch?v=0awsLOJwaWg,2894,0,0,0,
7ae1c13d53fb44f49f386eef43c63ee4,5380,257220,127,74,1638,https://www.youtube.com/watch?v=RnGSBkj4zE0,104,46,201,https://www.youtube.com/watch?v=Hs6l6SJGpUw,776,326,1638,https://www.youtube.com/watch?v=RnGSBkj4zE0,66,0,0,0,
428251b7832a48219276fb6e5f644e86,5380,826385,1561,73,8667,https://www.youtube.com/watch?v=yh8SJiy74jY,1143,66,2210,https://www.youtube.com/watch?v=NBCXwf-h7RU,1561,413,8667,https://www.youtube.com/watch?v=yh8SJiy74jY,262,0,0,0,
8f0b41303e8a481689fe4309a565ecd3,5350,315493,218,100,301,https://www.youtube.com/watch?v=_2ApNb2XZxI,218,100,301,https://www.youtube.com/watch?v=_2ApNb2XZxI,0,0,0,,1459,0,0,0,
529328632b0b4701a469ebc14413f855,5340,191617,336,107,444,https://www.youtube.com/watch?v=XA5fhFSeMZU,209,99,444,https://www.youtube.com/watch?v=XA5fhFSeMZU,411,153,422,https://www.youtube.com/watch?v=Srafz-3FoMI,0,0,0,0,
fec8644970684cffbbae8dd37a52d59c,5320,275059,133,55,1663,https://www.youtube.com/watch?v=2Bwdm4zJPs4,116,53,895,https://www.youtube.com/watch?v=6Rd6UxJgeDQ,449,391,1663,https://www.youtube.com/watch?v=2Bwdm4zJPs4,1071,292,214,1874,https://www.twitch.tv/videos/2750670421
b473dffe721745f6beb34b5a49e9aeda,5300,392172,0,0,0,,0,0,0,,0,0,0,,0,0,0,0,
38ecb20931514383b2d93885136c6b68,5290,225610,179,88,497,https://www.youtube.com/watch?v=kn6ScKVctu8,179,88,497,https://www.youtube.com/watch?v=kn6ScKVctu8,0,0,0,,0,0,0,0,
443ba741722742d5b7d5f76c3e7b445b,5280,490920,235,150,1903,https://www.youtube.com/watch?v=hpTLlFmXbFo,235,150,689,https://www.youtube.com/watch?v=4EGuBLgcOVk,266,207,1903,https://www.youtube.com/watch?v=hpTLlFmXbFo,0,0,0,0,
c8858f1d4a2b41a4bbf738530023d6f9,5280,205654,172,95,329,https://www.youtube.com/watch?v=Qm09NmlbZeQ,172,95,329,https://www.youtube.com/watch?v=Qm09NmlbZeQ,0,0,0,,306,138,95,197,https://www.twitch.tv/videos/2756690940
7e088cf828bf4e02ae65bb8a1f6a8b89,5270,194250,89,34,128,https://www.youtube.com/watch?v=V0NvRheCdN0,89,34,128,https://www.youtube.com/watch?v=V0NvRheCdN0,0,0,0,,209,0,0,0,
d889f67fe7b84a38a9742ab2a47f346a,5240,680607,944,161,1666,https://www.youtube.com/watch?v=kiQdYMM9N2E,103,29,110,https://www.youtube.com/watch?v=INq3EZ_nXQI,1302,551,1666,https://www.youtube.com/watch?v=kiQdYMM9N2E,3363,317,263,413,https://www.twitch.tv/videos/2750250219
2c42a2d77b4c481bae57dc00a66c2f16,5220,563719,566,260,1045,https://www.youtube.com/watch?v=3NGrj7n9uoU,571,260,1045,https://www.youtube.com/watch?v=3NGrj7n9uoU,363,281,499,https://www.youtube.com/watch?v=TJygTpquj_s,0,0,0,0,
b6f8117355b24e9c8a8a4c813a72aec9,5220,653997,223,76,1294,https://www.youtube.com/watch?v=ghnERPDhHo0,0,0,0,,223,76,1294,https://www.youtube.com/watch?v=ghnERPDhHo0,1354,326,261,550,https://www.twitch.tv/videos/2754998775
1f2b5204983b4d5ebe0a9352de3a66f6,5200,116642,223,166,287,https://www.youtube.com/watch?v=u8SNh25jKo0,223,166,287,https://www.youtube.com/watch?v=u8SNh25jKo0,0,0,0,,0,0,0,0,
afb80b53c4a543e28eb165f036bc8e4f,5200,0,0,0,0,,0,0,0,,0,0,0,,0,0,0,0,
63108f8ea91a4a699f345bb259750745,5190,98603,224,128,548,https://www.youtube.com/watch?v=RwLMWHmxcSk,251,129,548,https://www.youtube.com/watch?v=RwLMWHmxcSk,137,14,137,https://www.youtube.com/watch?v=J9Y7o7DYEvc,0,0,0,0,
7f4f30df30ec405bb0968c585b243fa5,5170,365500,2535,876,12293,https://www.youtube.com/watch?v=WOZWpqMiXD0,437,171,453,https://www.youtube.com/watch?v=g7GO3MNV3Jo,2718,924,12293,https://www.youtube.com/watch?v=WOZWpqMiXD0,784,189,161,212,https://www.twitch.tv/videos/2755101604
effe96469a7348c786d01ccea8cf71cb,5170,180781,0,0,0,,0,0,0,,0,0,0,,0,0,0,0,
cc2a13ac075e4640b19020a51dcf9d88,5160,139024,753,77,753,https://www.youtube.com/watch?v=4VY0bHnMJ4M,753,77,753,https://www.youtube.com/watch?v=4VY0bHnMJ4M,0,0,0,,563,0,0,0,
510bdce263cc479ca12d1fad64bfc65e,5150,342277,468,262,1467,https://www.youtube.com/watch?v=InXnl8-Sy7g,454,242,954,https://www.youtube.com/watch?v=59jbV1_S1hQ,1467,1400,1467,https://www.youtube.com/watch?v=InXnl8-Sy7g,0,0,0,0,
bdaa84ad3c7841d6a9ec8774ed9d40a9,5100,171668,473,278,1393,https://www.youtube.com/watch?v=fxrHEWkeH6k,454,221,688,https://www.youtube.com/watch?v=BwJz_lHz9dQ,1393,731,1393,https://www.youtube.com/watch?v=fxrHEWkeH6k,0,0,0,0,
25027be34ca844c885f40d5c26507898,5060,265490,2066,660,2525,https://www.youtube.com/watch?v=pxR995bwc8Y,0,0,0,,2066,660,2525,https://www.youtube.com/watch?v=pxR995bwc8Y,0,0,0,0,
c21d4186912d4652a7fb5a1b3ef382b6,5020,187189,256,77,696,https://www.youtube.com/watch?v=aV-AaYfARVw,256,77,696,https://www.youtube.com/watch?v=aV-AaYfARVw,0,0,0,,2892,345,227,679,https://www.twitch.tv/videos/2756059554
c3bec3f382754230b178f8278eb550fb,5000,222413,242,79,1399,https://www.youtube.com/watch?v=uKP1AgBYC60,145,51,623,https://www.youtube.com/watch?v=mWr7RmbJUhE,358,238,1399,https://www.youtube.com/watch?v=uKP1AgBYC60,0,0,0,0,
94082eb7d950471b934592394ad3e4c8,4950,293083,0,0,0,,0,0,0,,0,0,0,,0,0,0,0,
36f4fa8dbd7740c3ae5ac02b890fa502,4950,307670,87,36,124,https://www.youtube.com/watch?v=6LBVjLSgecA,87,36,124,https://www.youtube.com/watch?v=6LBVjLSgecA,0,0,0,,1077,0,0,0,
def76c5c31fe4466b5ae6e6940ae6e58,4950,587663,492,247,3603,https://www.youtube.com/watch?v=Jl-zJNlW9Fk,428,225,726,https://www.youtube.com/watch?v=07kussYItsw,1085,355,3603,https://www.youtube.com/watch?v=Jl-zJNlW9Fk,0,0,0,0,
8fd3526ba2074df896bbcb47e713565b,4930,117845,123,59,196,https://www.youtube.com/watch?v=aJK3NkpiR4U,123,59,196,https://www.youtube.com/watch?v=aJK3NkpiR4U,0,0,0,,0,0,0,0,
3589be2c85dc460aa8de768c7a228730,4930,214125,145,88,412,https://www.youtube.com/watch?v=k9i9xn1oDrs,145,88,412,https://www.youtube.com/watch?v=k9i9xn1oDrs,0,0,0,,0,0,0,0,
19c3bdcc95134ef38ad98df3f92f3ccb,4920,316086,150,72,229,https://www.youtube.com/watch?v=S7vKGoWdgCw,150,72,229,https://www.youtube.com/watch?v=S7vKGoWdgCw,0,0,0,,840,60,45,73,https://www.twitch.tv/videos/2747844700
17610c1e36214c0f8002456d8b0bcf36,4910,185296,0,0,0,,0,0,0,,0,0,0,,0,0,0,0,
d0b68b633fba4c02a627751778973f36,4900,111363,177,104,213,https://www.youtube.com/watch?v=Y7QgBNq5K34,177,104,213,https://www.youtube.com/watch?v=Y7QgBNq5K34,0,0,0,,0,0,0,0,
c8ef4e3182b74ecd994c837a75624390,4900,418002,968,444,9681,https://www.youtube.com/watch?v=BRQzQnrtop8,225,98,492,https://www.youtube.com/watch?v=j8j5bQ_aszw,1163,615,9681,https://www.youtube.com/watch?v=BRQzQnrtop8,0,0,0,0,
e4e33334b43945b6837ec43826f3727f,4900,202591,356,169,3947,https://www.youtube.com/watch?v=RT7d7ypuomI,278,126,448,https://www.youtube.com/watch?v=nR8Lbc9vd1E,1509,363,3947,https://www.youtube.com/watch?v=RT7d7ypuomI,0,0,0,0,
a1bc1c5451e64266a0f21f0847dd8d2f,4880,162523,94,38,96,https://www.youtube.com/watch?v=IJf0B6680WY,94,50,96,https://www.youtube.com/watch?v=IJf0B6680WY,86,14,86,https://www.youtube.com/watch?v=KvJdmxUPAJ0,440,222,141,222,https://www.twitch.tv/videos/2750184641
f9c9c29a9fb143539ade06564b99b233,4880,3533,86,27,147,https://www.youtube.com/watch?v=AW0goBuAxls,86,27,147,https://www.youtube.com/watch?v=AW0goBuAxls,0,0,0,,0,0,0,0,
fe8ee7b57ae74a1388127b81b136c7ea,4870,124175,112,45,358,https://www.youtube.com/watch?v=3ilIqC-cojQ,105,44,358,https://www.youtube.com/watch?v=3ilIqC-cojQ,329,78,329,https://www.youtube.com/watch?v=cqL80SSRni4,632,0,0,0,
42b8bd7bed2a4ddd930cfd223657e9ca,4860,189546,412,159,1300,https://www.youtube.com/watch?v=o7BjiMj5BlM,294,252,773,https://www.youtube.com/watch?v=U71pIflRSlk,622,109,1300,https://www.youtube.com/watch?v=o7BjiMj5BlM,1321,363,311,663,https://www.twitch.tv/videos/2750986175
32b83b466c11418bb380623a95944302,4840,384222,968,516,968,https://www.youtube.com/watch?v=ywiSNHAIYUw,0,0,0,,968,516,968,https://www.youtube.com/watch?v=ywiSNHAIYUw,3377,314,260,734,https://www.twitch.tv/videos/2756618294
2e266a71aa3d4a67bb8d9a2a0b573319,4840,278545,0,0,0,,0,0,0,,0,0,0,,41878,3226,1741,6278,https://www.twitch.tv/videos/2757220418
432458f2f15549919dc6e3706ccbd417,4820,317855,0,0,0,,0,0,0,,0,0,0,,0,0,0,0,
e0f419006f244a51804050ede1d1a5aa,4820,1305686,93,43,1894,https://www.youtube.com/watch?v=MRSlybTQprA,81,34,93,https://www.youtube.com/watch?v=8MeLB9gMdaQ,1894,330,1894,https://www.youtube.com/watch?v=MRSlybTQprA,0,0,0,0,
1357f282a9f04f6cbe3e215a0bd20482,4810,121946,466,95,2475,https://www.youtube.com/watch?v=f2xLWigYMqA,0,0,0,,466,95,2475,https://www.youtube.com/watch?v=f2xLWigYMqA,1822,0,0,0,
fad69c2a625446829ef410d9ef277c8f,4790,151824,193,134,574,https://www.youtube.com/watch?v=cBD8agOdyMc,193,134,574,https://www.youtube.com/watch?v=cBD8agOdyMc,0,0,0,,0,0,0,0,
29294f0665864cee8bb2b48697b9e84f,4780,254212,464,185,1747,https://www.youtube.com/watch?v=JEuK_kxK4Jc,437,185,1273,https://www.youtube.com/watch?v=cntI4F-zpzE,1260,530,1747,https://www.youtube.com/watch?v=JEuK_kxK4Jc,307,0,0,0,
de81b740d66c439685aa37491d27efc4,4780,456554,0,0,0,,0,0,0,,0,0,0,,4334,275,205,342,https://www.twitch.tv/videos/2750190927
a9f1edc233804d4b90a9996219a3b14b,4780,242848,108,42,178,https://www.youtube.com/watch?v=MYfsVRlrthM,108,42,178,https://www.youtube.com/watch?v=MYfsVRlrthM,0,0,0,,0,0,0,0,
9de74d9cd68f481396a3dbd76d529a24,4760,206584,174,59,320,https://www.youtube.com/watch?v=7ATBAV0Zxqo,174,59,320,https://www.youtube.com/watch?v=7ATBAV0Zxqo,0,0,0,,0,0,0,0,
1e71d9b4bbb1411b84e1aa428a79c9bc,4750,66727,0,0,0,,0,0,0,,0,0,0,,0,0,0,0,
e1b2337b79d1449e9ae6a754ec74050d,4730,608820,234,104,992,https://www.youtube.com/watch?v=RngA36ygNYg,234,104,992,https://www.youtube.com/watch?v=RngA36ygNYg,0,0,0,,0,0,0,0,
b2313ef4c37542c89796ae94dfb8228d,4730,179774,234,80,311,https://www.youtube.com/watch?v=ALXvoWDjNyY,234,80,311,https://www.youtube.com/watch?v=ALXvoWDjNyY,0,0,0,,326,95,89,95,https://www.twitch.tv/videos/2757552491
bcbde4d998e341418ebdf3e26884811d,4720,153007,279,124,546,https://www.youtube.com/watch?v=gEaq_sZ7Tkk,279,124,546,https://www.youtube.com/watch?v=gEaq_sZ7Tkk,0,0,0,,0,0,0,0,
256dd6464e974e118dc8103d5e9eb0b3,4700,103890,1465,1454,4045,https://www.youtube.com/watch?v=eRHljEblBxE,0,0,0,,1465,1454,4045,https://www.youtube.com/watch?v=eRHljEblBxE,3325,607,405,903,https://www.twitch.tv/videos/2751883224
988d1a83ff6c4f82af6be42946987c36,4700,315665,565,142,1669,https://www.youtube.com/watch?v=Ab6AEZTHAyc,117,56,213,https://www.youtube.com/watch?v=JVK8Fe7ZIS4,1165,496,1669,https://www.youtube.com/watch?v=Ab6AEZTHAyc,0,0,0,0,
4c8efd1d28d04eeabd21a3c337f154b9,4700,86574,123,63,282,https://www.youtube.com/watch?v=6Aqh5-0oc9c,123,63,282,https://www.youtube.com/watch?v=6Aqh5-0oc9c,0,0,0,,0,0,0,0,
4cc400969073471f9d2808a807e95f7d,4690,380479,541,155,1835,https://www.youtube.com/watch?v=VEjPeWqO7dk,532,522,984,https://www.youtube.com/watch?v=myubW1rvk9Y,545,155,1835,https://www.youtube.com/watch?v=VEjPeWqO7dk,0,0,0,0,
b3c1a09b09a54b9a8078d3310d151efe,4650,123357,0,0,0,,0,0,0,,0,0,0,,0,0,0,0,
98181ce64b3d45a9aa295c446e1bae9e,4650,117487,0,0,0,,0,0,0,,0,0,0,,573,0,0,0,
c6dab598fcee4b6b9bff76d2e8ffc8e6,4640,328989,272,111,2136,https://www.youtube.com/watch?v=lUmmPb4du8s,140,58,272,https://www.youtube.com/watch?v=27eDbv7dfJU,806,304,2136,https://www.youtube.com/watch?v=lUmmPb4du8s,813,0,0,0,
a99bc695c89d41e391a5abf6e781c911,4630,343012,0,0,0,,0,0,0,,0,0,0,,0,0,0,0,
4762b7be8b764f19a33a7cf167c2ea64,4620,66709,51,23,69,https://www.youtube.com/watch?v=fB8EVeblD4g,51,23,69,https://www.youtube.com/watch?v=fB8EVeblD4g,0,0,0,,0,0,0,0,
6073eb006b764614915e90b5c54ce7e6,4620,297559,902,533,1561,https://www.youtube.com/watch?v=9SX9lYznouw,0,0,0,,902,533,1561,https://www.youtube.com/watch?v=9SX9lYznouw,3284,292,282,367,https://www.twitch.tv/videos/2755684941
33e0b518387b4479a76910366cd2a413,4600,245565,140,94,4002,https://www.youtube.com/watch?v=ROxu46GwBqQ,66,36,140,https://www.youtube.com/watch?v=7EPQ-68Ibas,2887,1613,4002,https://www.youtube.com/watch?v=ROxu46GwBqQ,367,24,16,41,https://www.twitch.tv/videos/2751999998
2d9ef8be75c34daf9ce9d17ecbbe0f7a,4560,674323,127,62,341,https://www.youtube.com/watch?v=zBBm-L-kbms,127,62,341,https://www.youtube.com/watch?v=zBBm-L-kbms,0,0,0,,714,43,30,62,https://www.twitch.tv/videos/2755830605
20327c35cc9d4deba93299b790d7d721,4550,247630,192,109,1858,https://www.youtube.com/watch?v=pXvtLmpW_vc,119,61,143,https://www.youtube.com/watch?v=S8QKjaHfmQg,333,251,1858,https://www.youtube.com/watch?v=pXvtLmpW_vc,0,0,0,0,
d41f0a9dfdec46929f6f9534f8d79167,4530,64289,0,0,0,,0,0,0,,0,0,0,,0,0,0,0,
3dd8c72cab6d494dbd6fbf0a0e3dc41a,4520,311734,253,121,2264,https://www.youtube.com/watch?v=_W-2stoHdCY,237,116,2264,https://www.youtube.com/watch?v=_W-2stoHdCY,1200,741,1375,https://www.youtube.com/watch?v=3tiRwOzUB7o,1278,206,156,439,https://www.twitch.tv/videos/2751724503
0fa88d7be0ba4850abea150aa73fe440,4470,261435,0,0,0,,0,0,0,,0,0,0,,0,0,0,0,
3a43445829024217b728d04d5398b61c,4460,218173,225,93,566,https://www.youtube.com/watch?v=bUi707BPd90,225,93,566,https://www.youtube.com/watch?v=bUi707BPd90,0,0,0,,0,0,0,0,
b9569d6e438b473ba61d88c0230899f5,4430,262398,124,38,300,https://www.youtube.com/watch?v=HtEpN9SR_8w,116,47,273,https://www.youtube.com/watch?v=6RXXokwa8mg,300,31,300,https://www.youtube.com/watch?v=HtEpN9SR_8w,0,0,0,0,
c90914afde364f5e982414615662f5a7,4420,376488,239,122,1456,https://www.youtube.com/watch?v=d3NMp4NwYVw,280,166,1456,https://www.youtube.com/watch?v=d3NMp4NwYVw,138,79,138,https://www.youtube.com/watch?v=vQ8WIGXsfjQ,1988,0,0,0,
52b5fa7ff03945368644f52035a5e798,4410,323468,93,29,355,https://www.youtube.com/watch?v=6ET5BSZLfkY,93,29,355,https://www.youtube.com/watch?v=6ET5BSZLfkY,0,0,0,,0,0,0,0,
caf08c74dd7b4919bca49eef394d5475,4390,670187,948,221,4016,https://www.youtube.com/watch?v=4ccFeJz7_wE,151,93,323,https://www.youtube.com/watch?v=C-7TTspfFOM,1624,739,4016,https://www.youtube.com/watch?v=4ccFeJz7_wE,3642,892,485,2051,https://www.twitch.tv/videos/2741927135
bd7d712e0946448aa29a1d213d1c1beb,4390,136636,229,130,12839,https://www.youtube.com/watch?v=DREDNLFyr1M,165,74,241,https://www.youtube.com/watch?v=5tfVuQggo7o,1696,840,12839,https://www.youtube.com/watch?v=DREDNLFyr1M,348,278,227,455,https://www.twitch.tv/videos/2751922201
627d42f52e604f3e8eadc7f04ef74d2a,4380,214449,23,22,23,https://www.youtube.com/watch?v=2nNZ86YMijc,0,0,0,,23,22,23,https://www.youtube.com/watch?v=2nNZ86YMijc,3514,201,195,878,https://www.twitch.tv/videos/2749071701
5fd252ad134343a59705e00390c6d9ef,4380,117744,0,0,0,,0,0,0,,0,0,0,,1448,261,74,1249,https://www.twitch.tv/videos/2755612778
3f36658defc1428b8d4628478ef59256,4370,349581,697,292,2430,https://www.youtube.com/watch?v=uJ3px5gcY7Q,697,399,2430,https://www.youtube.com/watch?v=uJ3px5gcY7Q,877,227,1903,https://www.youtube.com/watch?v=_fS1JUnA4fs,0,0,0,0,
98187e2cc8c34f5d8e0853bffc1a30c9,4370,147634,2129,1059,2129,https://www.youtube.com/watch?v=NGn6Z9groFI,0,0,0,,2129,1059,2129,https://www.youtube.com/watch?v=NGn6Z9groFI,0,0,0,0,
a2c7c34474174cd2bffcc17a32aeec21,4370,299466,108,62,1456,https://www.youtube.com/watch?v=IBkEcHLgOB8,83,39,128,https://www.youtube.com/watch?v=WlUCsF0ZlN8,1163,627,1456,https://www.youtube.com/watch?v=IBkEcHLgOB8,924,56,44,56,https://www.twitch.tv/videos/2754252699
ccc1420185ad46d49d40b6b774db9b11,4370,242561,117,42,171,https://www.youtube.com/watch?v=rOHzLSnsOwU,135,53,171,https://www.youtube.com/watch?v=rOHzLSnsOwU,97,35,116,https://www.youtube.com/watch?v=Lbmwu5_0DbQ,773,87,83,195,https://www.twitch.tv/videos/2752691079
f658ebdc79bf4cef928a87d3a35855a5,4350,76562,43,28,47,https://www.youtube.com/watch?v=UZxOOrU3qqM,43,28,47,https://www.youtube.com/watch?v=UZxOOrU3qqM,0,0,0,,0,0,0,0,
9ceaafbe1a9a41bb9526b113354e03cc,4350,328568,199,104,1798,https://www.youtube.com/watch?v=Rt4G2pW0e6k,181,71,222,https://www.youtube.com/watch?v=1qhhKy7gvQA,1471,473,1798,https://www.youtube.com/watch?v=Rt4G2pW0e6k,0,0,0,0,
f4fc9f87ed4b4f05a339b1f1a1d621b6,4320,92085,0,0,0,,0,0,0,,0,0,0,,0,0,0,0,
db1c4d81f03f4b04aca36b8b5b2b9c62,4310,94427,145,74,217,https://www.youtube.com/watch?v=8_1uAu9eXIc,145,74,217,https://www.youtube.com/watch?v=8_1uAu9eXIc,0,0,0,,438,0,0,0,
81387cdce77a4a9b9338145b28ae9ff6,4300,0,0,0,0,,0,0,0,,0,0,0,,0,0,0,0,
de071f4fc90344748afac14099022672,4290,109341,1692,123,1861,https://www.youtube.com/watch?v=s1wvCBn2yUs,0,0,0,,1692,123,1861,https://www.youtube.com/watch?v=s1wvCBn2yUs,8027,4049,2675,13510,https://www.twitch.tv/videos/2747304753
0ede84dfc1ff426cb42643d7390d2937,4260,709312,292,133,5252,https://www.youtube.com/watch?v=xmkECPorjdI,188,101,5252,https://www.youtube.com/watch?v=xmkECPorjdI,3254,655,3697,https://www.youtube.com/watch?v=NDSEWrv_kxM,1688,235,189,386,https://www.twitch.tv/videos/2758329588
caebfeea12c840f0ae0f0e2beb57b4e2,4250,223782,917,91,917,https://www.youtube.com/watch?v=VcQ41Wpfn9g,0,0,0,,917,91,917,https://www.youtube.com/watch?v=VcQ41Wpfn9g,0,0,0,0,
ba41581d315943fdaebe0dc981020d1c,4240,228724,131,43,178,https://www.youtube.com/watch?v=D7O8FgGYvW8,146,55,178,https://www.youtube.com/watch?v=D7O8FgGYvW8,124,43,149,https://www.youtube.com/watch?v=g89StP53Yn4,0,0,0,0,
c17ad3ef81904c26982024c9af1f0f3a,4230,177847,2533,457,3464,https://www.youtube.com/watch?v=GU38Fw_PAic,0,0,0,,2533,457,3464,https://www.youtube.com/watch?v=GU38Fw_PAic,3435,167,106,311,https://www.twitch.tv/videos/2748042509
872627e5c7a248bfb41a055dee03029a,4220,129493,194,85,2304,https://www.youtube.com/watch?v=VafuJP6sRmA,21,10,66,https://www.youtube.com/watch?v=wjJAwuarKIo,273,124,2304,https://www.youtube.com/watch?v=VafuJP6sRmA,762,0,0,0,
58bb51ba1bba485a98cbf859fb5687f4,4210,459768,540,130,2269,https://www.youtube.com/watch?v=luhnJJwSM_U,125,84,366,https://www.youtube.com/watch?v=7uD4gJ4S25o,1341,473,2269,https://www.youtube.com/watch?v=luhnJJwSM_U,1830,0,0,0,
3e340f9122814acc84ff51a0aec8ae13,4210,129028,0,0,0,,0,0,0,,0,0,0,,0,0,0,0,
2683fa864bd24112b6f7d04afb096a4e,4210,224013,297,109,2318,https://www.youtube.com/watch?v=edgg6d3kZLY,188,68,297,https://www.youtube.com/watch?v=t_WY5QzfA2A,1561,585,2318,https://www.youtube.com/watch?v=edgg6d3kZLY,361,0,0,0,
58e377df63f745fc8473368b20afe2ae,4210,227806,60,35,118,https://www.youtube.com/watch?v=fMHwm0PmYdg,60,35,118,https://www.youtube.com/watch?v=fMHwm0PmYdg,0,0,0,,304,6,6,8,https://www.twitch.tv/videos/2758374042
6fb8c6dea7404638a9d78d4b0d84f64c,4200,31215,680,343,883,https://www.youtube.com/watch?v=znXDAY66Ak8,680,343,883,https://www.youtube.com/watch?v=znXDAY66Ak8,0,0,0,,2853,0,0,0,
50433c34f368460c9cda947f292a62b4,4190,327364,514,188,815,https://www.youtube.com/watch?v=pfD3ku1JRRE,522,201,815,https://www.youtube.com/watch?v=pfD3ku1JRRE,423,42,423,https://www.youtube.com/watch?v=iClOHkcUTPE,0,0,0,0,
ad6cf3322d204c79afa7d14d4d36473c,4190,315084,1927,748,5063,https://www.youtube.com/watch?v=ndpMhAWgV1E,0,0,0,,1927,748,5063,https://www.youtube.com/watch?v=ndpMhAWgV1E,0,0,0,0,
01bebf0363a94b16b2313053c90a1c8a,4170,118983,84,64,145,https://www.youtube.com/watch?v=MXrEaox2HSw,84,64,145,https://www.youtube.com/watch?v=MXrEaox2HSw,0,0,0,,423,0,0,0,
7f049d05ff3a4946998b9ddd7df409fd,4150,137943,127,82,1627,https://www.youtube.com/watch?v=A41AEY16tqg,126,61,474,https://www.youtube.com/watch?v=VWbzBOA50aA,1366,944,1627,https://www.youtube.com/watch?v=A41AEY16tqg,2306,123,97,311,https://www.twitch.tv/videos/2753485838
ffb8b8f15321474a98628cb638631bf1,4140,815136,0,0,0,,0,0,0,,0,0,0,,0,0,0,0,
16b8db1818764f81addb322d109b5da3,4140,244148,1012,287,1471,https://www.youtube.com/watch?v=ViV1tEGJTUw,490,67,623,https://www.youtube.com/watch?v=g6vy8h0PLI8,1416,512,1471,https://www.youtube.com/watch?v=ViV1tEGJTUw,0,0,0,0,
1ea5aa0a7a7d401b897630667cf4b44e,4120,218715,98,47,216,https://www.youtube.com/watch?v=uWOacVOW_xI,98,47,216,https://www.youtube.com/watch?v=uWOacVOW_xI,0,0,0,,1237,265,174,404,https://www.twitch.tv/videos/2752756463
d66fb507852f4d889e426c8ea0f9f246,4120,172792,439,168,2037,https://www.youtube.com/watch?v=xKbxaV95uYY,439,168,2037,https://www.youtube.com/watch?v=xKbxaV95uYY,0,0,0,,505,0,0,0,
90446c6f1b704ff6b0fbbf017f0a68c5,4110,148824,527,138,657,https://www.youtube.com/watch?v=9EDvVdyCFRs,449,162,657,https://www.youtube.com/watch?v=9EDvVdyCFRs,557,106,557,https://www.youtube.com/watch?v=DE91YFYAtq4,0,0,0,0,
637b3a1eb03443248ebd1caba56e6b5a,4100,179948,410,172,1076,https://www.youtube.com/watch?v=vWrg6LWrYdI,410,172,1076,https://www.youtube.com/watch?v=vWrg6LWrYdI,0,0,0,,0,0,0,0,
f03fa714465e44ef8d339474bd0f4a02,4080,134228,275,79,2052,https://www.youtube.com/watch?v=rSk1C9YLpxg,252,50,329,https://www.youtube.com/watch?v=Tjbxh_9T6Yo,713,339,2052,https://www.youtube.com/watch?v=rSk1C9YLpxg,0,0,0,0,
9d74c909706a450ea35c1777cac79e77,4080,442774,208,97,794,https://www.youtube.com/watch?v=TI-RQS6S4F4,208,97,539,https://www.youtube.com/watch?v=D2oxJSLVLzI,406,189,794,https://www.youtube.com/watch?v=TI-RQS6S4F4,866,113,75,113,https://www.twitch.tv/videos/2751021654
8b027d3a3f374c9c8398b6dd751e5018,4080,1264,0,0,0,,0,0,0,,0,0,0,,37386,4479,2093,12072,https://www.twitch.tv/videos/2742905961
d177ac8568a14720b35bcc1a829aff51,4060,161305,141,53,246,https://www.youtube.com/watch?v=Z3Bu7lgdAds,141,53,246,https://www.youtube.com/watch?v=Z3Bu7lgdAds,0,0,0,,0,0,0,0,
eda6bf91049349e08f0f269fb4f8c0f9,4050,144393,96,40,1718,https://www.youtube.com/watch?v=GuC-iof1tf8,76,33,232,https://www.youtube.com/watch?v=xh6YstX48B0,1042,244,1718,https://www.youtube.com/watch?v=GuC-iof1tf8,195,0,0,0,
b516b71a9e8d43b8a377dabe1f9057dd,4040,116712,99,45,162,https://www.youtube.com/watch?v=TIg0G9raY_I,96,35,145,https://www.youtube.com/watch?v=mcZ9TnmY2EQ,129,55,162,https://www.youtube.com/watch?v=TIg0G9raY_I,531,54,34,78,https://www.twitch.tv/videos/2755806884
4a44ee7065ae41ad8d70469297599df8,4020,1124720,39,26,40,https://www.youtube.com/watch?v=_3xMNbGVWQs,39,26,40,https://www.youtube.com/watch?v=_3xMNbGVWQs,0,0,0,,0,0,0,0,
2bf038f2a9514434aefa4ef7b2140f56,4020,156302,472,259,2502,https://www.youtube.com/watch?v=urV-M5Ca6Cs,398,243,689,https://www.youtube.com/watch?v=zgjjHqReTT0,1392,605,2502,https://www.youtube.com/watch?v=urV-M5Ca6Cs,520,474,404,812,https://www.twitch.tv/videos/2758174521
cd44db2c12a54568963299704aa8d4a6,4020,106257,0,0,0,,0,0,0,,0,0,0,,320,0,0,0,
c9ac78b9004c4c26ba4107ccefe399ec,4010,170168,78,15,288,https://www.youtube.com/watch?v=eUG4XJKU9RY,78,15,288,https://www.youtube.com/watch?v=eUG4XJKU9RY,0,0,0,,0,0,0,0,
9db6beb02e774aa7a97ba8674a5a8f9d,3950,82246,0,0,0,,0,0,0,,0,0,0,,197,0,0,0,
ec12bbfb27d24091aa6a7d64ff9429ea,3950,101907,420,242,420,https://www.youtube.com/watch?v=GZ8Cjbmf-mc,0,0,0,,420,242,420,https://www.youtube.com/watch?v=GZ8Cjbmf-mc,5302,483,209,956,https://www.twitch.tv/videos/2744647551
00d9cb7b0bcd451999f4fd33dd84be6c,3940,715908,191,114,1902,https://www.youtube.com/watch?v=GN1dYAmU3f0,144,100,625,https://www.youtube.com/watch?v=oaVMfGDND-o,663,173,1902,https://www.youtube.com/watch?v=GN1dYAmU3f0,4877,320,189,2199,https://www.twitch.tv/videos/2736307722
780f8a72bb1543a79feb5730b42130c6,3910,243488,1317,624,2126,https://www.youtube.com/watch?v=mQGiB-aZDx4,339,162,376,https://www.youtube.com/watch?v=OldyLhVKIuk,1418,903,2126,https://www.youtube.com/watch?v=mQGiB-aZDx4,0,0,0,0,
0490d9546bce4068a0f52b39046bdf91,3890,105426,698,358,2601,https://www.youtube.com/watch?v=CdlpRUNvIrE,142,69,193,https://www.youtube.com/watch?v=pEGaX8Cf07c,784,458,2601,https://www.youtube.com/watch?v=CdlpRUNvIrE,4283,534,340,1041,https://www.twitch.tv/videos/2757562920
5cff30a1695346368e3ea7a7c7af4286,3880,401437,61,38,68,https://www.youtube.com/watch?v=hhAKtkzgZRQ,68,67,68,https://www.youtube.com/watch?v=hhAKtkzgZRQ,54,9,54,https://www.youtube.com/watch?v=7qIZw3OMXFM,761,0,0,0,
6bf5f37da9e74d539963689b6b0256a5,3880,491025,371,129,1372,https://www.youtube.com/watch?v=k4ygl29pWyg,157,54,371,https://www.youtube.com/watch?v=GVoa3OAhQbg,1168,559,1372,https://www.youtube.com/watch?v=k4ygl29pWyg,0,0,0,0,
7b2d1d71057b4ac2a16109b980a99e28,3880,193465,203,120,5714,https://www.youtube.com/watch?v=bnKlcQyKwbk,150,78,242,https://www.youtube.com/watch?v=KYjCBYWZFNU,1367,560,5714,https://www.youtube.com/watch?v=bnKlcQyKwbk,0,0,0,0,
4b8f55c74e594978bb461a27b3924336,3880,105198,185,53,320,https://www.youtube.com/watch?v=PHCgV7P3c6c,185,53,320,https://www.youtube.com/watch?v=PHCgV7P3c6c,0,0,0,,835,0,0,0,
b0f00fccf8a14655911360748c4699cd,3870,148928,537,244,2073,https://www.youtube.com/watch?v=H38O2tH6PfU,95,44,108,https://www.youtube.com/watch?v=mRLpX4QTSso,1185,463,2073,https://www.youtube.com/watch?v=H38O2tH6PfU,0,0,0,0,
3727892a417b429aa063c7300e132966,3860,226455,0,0,0,,0,0,0,,0,0,0,,0,0,0,0,
9c1450789da443f491a66e6f121482fc,3860,313713,426,164,1408,https://www.youtube.com/watch?v=jJCHpaW0mp8,339,159,722,https://www.youtube.com/watch?v=wp_yO7RQ3yE,800,197,1408,https://www.youtube.com/watch?v=jJCHpaW0mp8,385,0,0,0,
a03628db891e4e8c9a54bc5161f1f2f4,3850,193305,0,0,0,,0,0,0,,0,0,0,,617,122,80,184,https://www.twitch.tv/videos/2749423509
73827056b15849549388f720dde25c01,3840,181673,563,224,1144,https://www.youtube.com/watch?v=w8d6Ede1ICk,548,194,723,https://www.youtube.com/watch?v=Ls0-RK5HxK4,967,343,1144,https://www.youtube.com/watch?v=w8d6Ede1ICk,0,0,0,0,
f18910b4b83a48558f16836f4c1488eb,3830,120418,0,0,0,,0,0,0,,0,0,0,,0,0,0,0,
20f361a84fb3439999c550c10fcf5642,3830,89190,0,0,0,,0,0,0,,0,0,0,,1650,0,0,0,
edbd401267284e8886c1fd27d08283d4,3830,71219,0,0,0,,0,0,0,,0,0,0,,1031,0,0,0,
c371d4c7f516451bac8ae3a9a13dc7f2,3800,122727,106,52,175,https://www.youtube.com/watch?v=DQ5Et9J1lxg,106,52,175,https://www.youtube.com/watch?v=DQ5Et9J1lxg,0,0,0,,1475,96,72,149,https://www.twitch.tv/videos/2749394816
7ddebf4d8f6d4c63a4fc7268d8113c10,3790,474479,225,164,1562,https://www.youtube.com/watch?v=74g_IQDGW8c,0,0,0,,225,164,1562,https://www.youtube.com/watch?v=74g_IQDGW8c,6425,967,589,6778,https://www.twitch.tv/videos/2745366096
3a4fe2f4720747ceabc87b3327ab2b17,3780,104550,180,20,180,https://www.youtube.com/watch?v=B5pcYC4PSQU,180,20,180,https://www.youtube.com/watch?v=B5pcYC4PSQU,0,0,0,,0,0,0,0,
342b158ba02d4103a1407d62fe786f5e,3780,180090,0,0,0,,0,0,0,,0,0,0,,1638,0,0,0,
ba5ed25718a7421cb15cd0ec62df723e,3770,150134,194,128,433,https://www.youtube.com/watch?v=FrFmDA5IxBE,194,128,433,https://www.youtube.com/watch?v=FrFmDA5IxBE,0,0,0,,484,0,0,0,
db4fd03c50654057bd32b9201666b345,3770,187042,0,0,0,,0,0,0,,0,0,0,,2313,0,0,0,
c01af5d5f9b74ac29b51dcae0dc55a2d,3750,290759,205,37,625,https://www.youtube.com/watch?v=x9aqO15_Bn4,625,77,625,https://www.youtube.com/watch?v=x9aqO15_Bn4,190,36,244,https://www.youtube.com/watch?v=gbiDmdKMUok,0,0,0,0,
2f80e2f83d254bbdbf48b9c8b3fca995,3730,152874,206,87,492,https://www.youtube.com/watch?v=cZ8rese3sqo,198,93,492,https://www.youtube.com/watch?v=cZ8rese3sqo,275,55,275,https://www.youtube.com/watch?v=CLCc_aMjGBc,0,0,0,0,
42e2bc7c16734352b2e18a82e48844ec,3730,538214,378,139,2045,https://www.youtube.com/watch?v=EwpiejHMpTg,378,139,2045,https://www.youtube.com/watch?v=EwpiejHMpTg,0,0,0,,0,0,0,0,
601b56797a3246f49cead93e9e190a49,3730,149533,0,0,0,,0,0,0,,0,0,0,,0,0,0,0,
ed4666af39034d54913aba64cfea6f47,3700,340263,402,200,898,https://www.youtube.com/watch?v=wdoRshTGX0g,402,200,898,https://www.youtube.com/watch?v=wdoRshTGX0g,0,0,0,,940,0,0,0,
907d39ec8a394cdcb645bd4b2e6351e7,3690,101190,180,152,274,https://www.youtube.com/watch?v=S-nlwCJeBD0,180,152,274,https://www.youtube.com/watch?v=S-nlwCJeBD0,0,0,0,,0,0,0,0,
a246e7561e5f40799a48eeca69951b7b,3680,182861,138,91,168,https://www.youtube.com/watch?v=Q17z31XL7J4,138,91,168,https://www.youtube.com/watch?v=Q17z31XL7J4,0,0,0,,130,0,0,0,
dadb89bee9044261848ad444625d94f7,3660,59218,126,59,1213,https://www.youtube.com/watch?v=liN4vhA3lbk,96,53,146,https://www.youtube.com/watch?v=SkH82X4AWrU,459,310,1213,https://www.youtube.com/watch?v=liN4vhA3lbk,0,0,0,0,
bc70de85cb744f13bffae8a81ebd6bb4,3640,92793,0,0,0,,0,0,0,,0,0,0,,0,0,0,0,
b95eb39c5bb74de687696afbc31fb836,3610,100925,153,31,201,https://www.youtube.com/watch?v=leJCJI4cIF8,153,31,201,https://www.youtube.com/watch?v=leJCJI4cIF8,0,0,0,,402,203,51,255,https://www.twitch.tv/videos/2755684718
e76a030f33bc48a58257b261f95ee3af,3610,145108,140,87,201,https://www.youtube.com/watch?v=F3w52NHE29A,140,87,201,https://www.youtube.com/watch?v=F3w52NHE29A,0,0,0,,0,0,0,0,
3506a4f43442492e83c6fbe4cdb09aba,3610,61022,0,0,0,,0,0,0,,0,0,0,,0,0,0,0,
286c24a67720434bbb4290d49fb42a54,3610,200188,111,45,3500,https://www.youtube.com/watch?v=x3jDC1HdBO4,92,33,236,https://www.youtube.com/watch?v=lV2AHEXbeK8,1848,1228,3500,https://www.youtube.com/watch?v=x3jDC1HdBO4,0,0,0,0,
4d9730dc400443e6b8edb719febd5f46,3600,74632,120,51,164,https://www.youtube.com/watch?v=tO4X1HRThjE,120,51,164,https://www.youtube.com/watch?v=tO4X1HRThjE,0,0,0,,770,76,48,76,https://www.twitch.tv/videos/2750401773
c2bbc6bca92c4825b72d635634197e2b,3600,223125,0,0,0,,0,0,0,,0,0,0,,0,0,0,0,
e93734c51e5141419d44dc147f1c5420,3590,57489,0,0,0,,0,0,0,,0,0,0,,0,0,0,0,
0df008566e92461eb808c5b3ba9c7f0f,3590,121509,46,13,79,https://www.youtube.com/watch?v=dkX3ccFDG0o,46,13,79,https://www.youtube.com/watch?v=dkX3ccFDG0o,0,0,0,,0,0,0,0,
b1c9458ca89b44bab0f09883ef40c45c,3590,115663,125,53,659,https://www.youtube.com/watch?v=TIbvsjVbqXc,125,53,659,https://www.youtube.com/watch?v=TIbvsjVbqXc,0,0,0,,0,0,0,0,
644ed2200e8a446bae2920103d1015e3,3590,128836,84,56,468,https://www.youtube.com/watch?v=NSi6G48kmDk,78,52,142,https://www.youtube.com/watch?v=mD5UWCsSRM0,225,74,468,https://www.youtube.com/watch?v=NSi6G48kmDk,0,0,0,0,
c16daca9d8b84b18a38ab97cdcd7577a,3570,371501,265,91,1530,https://www.youtube.com/watch?v=GLG8LtAtla4,272,94,1315,https://www.youtube.com/watch?v=F0JqoAvR0iw,148,91,1530,https://www.youtube.com/watch?v=GLG8LtAtla4,0,0,0,0,
7caa52181a744f68be9e3995c7adec24,3570,41827,150,49,211,https://www.youtube.com/watch?v=5AJFopuXmP8,150,49,211,https://www.youtube.com/watch?v=5AJFopuXmP8,0,0,0,,0,0,0,0,
5f9767b104b54292bf6dd29863c0c6b1,3570,356246,1136,476,1888,https://www.youtube.com/watch?v=7uXsXF3Ev5c,84,57,99,https://www.youtube.com/watch?v=11X0WWX-TQI,1177,520,1888,https://www.youtube.com/watch?v=7uXsXF3Ev5c,0,0,0,0,
8b69d6c508194b93b14fc056038160ab,3560,82035,0,0,0,,0,0,0,,0,0,0,,1966,174,137,261,https://www.twitch.tv/videos/2749281189
041976bda8b8410a99af25fc4cb87970,3560,124319,0,0,0,,0,0,0,,0,0,0,,133,0,0,0,
d78d72ce0aac4c9d9c5c16604209ced3,3550,176892,507,194,1570,https://www.youtube.com/watch?v=LKz5S68VxW8,507,194,1570,https://www.youtube.com/watch?v=LKz5S68VxW8,0,0,0,,0,0,0,0,
8961bc96eec34a99ad58505bae3f58f1,3540,157250,97,46,161,https://www.youtube.com/watch?v=y_hcIA8yKho,97,46,161,https://www.youtube.com/watch?v=y_hcIA8yKho,0,0,0,,0,0,0,0,
64bba754590e41c5b58df1c536d4e865,3540,131135,107,44,201,https://www.youtube.com/watch?v=LqmyllRRQh0,107,44,201,https://www.youtube.com/watch?v=LqmyllRRQh0,0,0,0,,729,275,221,1160,https://www.twitch.tv/videos/2748912738
54b0131ceb734643b23b1eefee31cca0,3520,264340,126,113,126,https://www.youtube.com/watch?v=WuiWLuUlD1U,0,0,0,,126,113,126,https://www.youtube.com/watch?v=WuiWLuUlD1U,747,0,0,0,
edf9e466820347828b0d2d10e5e9bb72,3510,230470,36,19,1441,https://www.youtube.com/watch?v=6hjmFo6UMdg,36,19,76,https://www.youtube.com/watch?v=swhM18bwAAg,177,35,1441,https://www.youtube.com/watch?v=6hjmFo6UMdg,485,0,0,0,
a60e76fb18f44818980d7d5b07cf82c9,3510,161711,982,290,2058,https://www.youtube.com/watch?v=NkZfxia08WQ,715,263,1226,https://www.youtube.com/watch?v=SWwIPqEMFQQ,1300,541,2058,https://www.youtube.com/watch?v=NkZfxia08WQ,482,623,493,1556,https://www.twitch.tv/videos/2748678908
4f5a88e0193a4c948f7e84c56303db82,3500,92411,146,96,394,https://www.youtube.com/watch?v=tEgbhExa89E,146,96,394,https://www.youtube.com/watch?v=tEgbhExa89E,0,0,0,,0,0,0,0,
07b9e0f7118446be96cc2d12f5d8ad02,3500,132412,0,0,0,,0,0,0,,0,0,0,,12213,634,275,634,https://www.twitch.tv/videos/2745349228
f45249f9d8094f9d85f6d02aec4af029,3490,772959,243,75,1497,https://www.youtube.com/watch?v=CKPciEaMGUQ,185,64,243,https://www.youtube.com/watch?v=LCE0k3KnJBs,1497,639,1497,https://www.youtube.com/watch?v=CKPciEaMGUQ,0,0,0,0,
de362d2d371446d898953e74e27abd2a,3490,388949,187,138,2508,https://www.youtube.com/watch?v=f_iY5_sRV0o,110,61,747,https://www.youtube.com/watch?v=thWy9qbOdV4,256,162,2508,https://www.youtube.com/watch?v=f_iY5_sRV0o,0,0,0,0,
8c25e14dcc3a4f71895d58924c69dc0a,3480,182229,101,96,101,https://www.youtube.com/watch?v=ZZ24ziSXXYY,101,96,101,https://www.youtube.com/watch?v=ZZ24ziSXXYY,0,0,0,,0,0,0,0,
4c34c44a98974b709f7dbc7618847fd6,3480,264558,791,347,1270,https://www.youtube.com/watch?v=tLxE71NIeIs,0,0,0,,791,347,1270,https://www.youtube.com/watch?v=tLxE71NIeIs,11566,1043,424,1431,https://www.twitch.tv/videos/2736335296
01ba034aab854ec680fe6f1ddc7008e2,3470,165473,98,46,150,https://www.youtube.com/watch?v=CeKAU02vGRE,98,46,150,https://www.youtube.com/watch?v=CeKAU02vGRE,0,0,0,,0,0,0,0,
9881cf3008684e55aea70a2499e84163,3460,404539,234,115,2111,https://www.youtube.com/watch?v=sj_pWIOEjU4,220,81,480,https://www.youtube.com/watch?v=mJkyv2sU1no,945,269,2111,https://www.youtube.com/watch?v=sj_pWIOEjU4,166,0,0,0,
7bf1f37dccbe4c72860c81a2772b91e1,3440,1537044,25,15,257,https://www.youtube.com/watch?v=jpeOIUil91g,21,13,45,https://www.youtube.com/watch?v=0G6Os3NyH9w,88,18,257,https://www.youtube.com/watch?v=jpeOIUil91g,65,0,0,0,
4d347ba9ca0c41c59cda553ebe4af5b1,3430,137664,80,45,91,https://www.youtube.com/watch?v=Y--Uk-AbcZA,80,45,91,https://www.youtube.com/watch?v=Y--Uk-AbcZA,0,0,0,,1243,0,0,0,
7748d3ab76f34e06abb9d116bb432de2,3420,62444,0,0,0,,0,0,0,,0,0,0,,1652,0,0,0,
9379ed7f979440218e22b8db58dd0dd1,3410,207514,350,86,445,https://www.youtube.com/watch?v=zL0mBIm5bx4,350,86,445,https://www.youtube.com/watch?v=zL0mBIm5bx4,0,0,0,,572,0,0,0,
4d01ec47d0804a47a9fef6d9d01d9c29,3390,88598,0,0,0,,0,0,0,,0,0,0,,2173,197,124,429,https://www.twitch.tv/videos/2753987338
70a7428607b845fc959fb7d4859d018b,3380,344009,0,0,0,,0,0,0,,0,0,0,,18638,0,0,0,
46145dc9eaab4a84898468905a4759b0,3370,76306,83,37,100,https://www.youtube.com/watch?v=YgGXH5W7NXs,0,0,0,,83,37,100,https://www.youtube.com/watch?v=YgGXH5W7NXs,0,0,0,0,
53d808d5b57f452a96d67861f3da1f8c,3370,123614,490,233,3737,https://www.youtube.com/watch?v=kiP5UFdC88E,439,233,880,https://www.youtube.com/watch?v=FBPkD1OtRiQ,1691,253,3737,https://www.youtube.com/watch?v=kiP5UFdC88E,221,0,0,0,
2ceecb98e47845eab5e3d8d33bd53895,3360,103692,170,71,203,https://www.youtube.com/watch?v=-7gJHuCWkAE,170,71,203,https://www.youtube.com/watch?v=-7gJHuCWkAE,0,0,0,,0,0,0,0,
9ad37d3249e24861bc8cb84368883258,3360,206794,75,30,3777,https://www.youtube.com/watch?v=ATAkX38BMYA,71,30,152,https://www.youtube.com/watch?v=p9TeU3-99wQ,1940,949,3777,https://www.youtube.com/watch?v=ATAkX38BMYA,0,0,0,0,
8e249f04f6cb48bda24f1513a472f4d8,3350,269226,0,0,0,,0,0,0,,0,0,0,,0,0,0,0,
c485c46db92a4cda909347804da07153,3350,79574,73,39,85,https://www.youtube.com/watch?v=M9Oohoc0OcM,73,39,85,https://www.youtube.com/watch?v=M9Oohoc0OcM,0,0,0,,390,259,206,259,https://www.twitch.tv/videos/2754162903
c7a3d726bb4243cabb70dfd1e9545cd0,3340,160517,97,65,200,https://www.youtube.com/watch?v=P-QV7BLm8GQ,97,65,200,https://www.youtube.com/watch?v=P-QV7BLm8GQ,0,0,0,,0,0,0,0,
0e8150c7419f4c1d94d8ccfb41a04280,3340,327529,0,0,0,,0,0,0,,0,0,0,,0,0,0,0,
dd0401d23f5444c69b9d10db3b22d444,3320,131926,141,44,1795,https://www.youtube.com/watch?v=Xmg8dkXs-Do,134,40,210,https://www.youtube.com/watch?v=374SwHXK06o,1795,1141,1795,https://www.youtube.com/watch?v=Xmg8dkXs-Do,24,0,0,0,
8125f51f9526408790a77c1c7b4a053b,3320,101340,26,12,26,https://www.youtube.com/watch?v=Dt9Cy3gVSc0,0,0,0,,26,12,26,https://www.youtube.com/watch?v=Dt9Cy3gVSc0,3273,0,0,0,
de7f8ba1753d4e4cb95e6ac99007eacc,3320,92099,234,107,925,https://www.youtube.com/watch?v=oIlAG2Oh90U,232,104,485,https://www.youtube.com/watch?v=zfMHfdEwQqk,925,566,925,https://www.youtube.com/watch?v=oIlAG2Oh90U,0,0,0,0,
288f2fba52bf4d6b9e0ba66e03439837,3300,52524,0,0,0,,0,0,0,,0,0,0,,2333,0,0,0,
f5a683eeac6b4936b44d547c1e4edbc2,3290,69396,180,118,1529,https://www.youtube.com/watch?v=-eu37ccGMPs,156,103,303,https://www.youtube.com/watch?v=vgbLvVuDqdY,543,520,1529,https://www.youtube.com/watch?v=-eu37ccGMPs,120,33,28,48,https://www.twitch.tv/videos/2752556545
cb5ff5f1898a45b1bc27a32057a1fa91,3260,71827,0,0,0,,0,0,0,,0,0,0,,2177,0,0,0,
0ac7e05c8a3842e7bd1401652ce2bf4f,3250,131367,83,30,103,https://www.youtube.com/watch?v=1tpNyJi-Feo,83,30,103,https://www.youtube.com/watch?v=1tpNyJi-Feo,0,0,0,,0,0,0,0,
0f9d996c066a406dbe04161776c17461,3240,177132,134,87,517,https://www.youtube.com/watch?v=aJ6MfNFhinw,129,89,334,https://www.youtube.com/watch?v=ziW1UmTwtBw,487,79,517,https://www.youtube.com/watch?v=aJ6MfNFhinw,0,0,0,0,
5bbfc7c1b6584cef8c75f2f9044387d2,3240,293456,94,53,942,https://www.youtube.com/watch?v=_41kUnRy6xI,89,51,228,https://www.youtube.com/watch?v=uHWQBpr0vAA,617,318,942,https://www.youtube.com/watch?v=_41kUnRy6xI,0,0,0,0,
e810dcd23c334fd184d254718517764e,3230,213029,54,31,93,https://www.youtube.com/watch?v=G1lRMrilAPA,54,31,93,https://www.youtube.com/watch?v=G1lRMrilAPA,0,0,0,,0,0,0,0,
74ef34317983453ab86223490eba4f6e,3220,111654,461,138,611,https://www.youtube.com/watch?v=g63FkD5dn7I,461,138,611,https://www.youtube.com/watch?v=g63FkD5dn7I,0,0,0,,171,0,0,0,
886f64b4a0504b9fbe5e4687b92f6584,3220,185183,71,33,15322,https://www.youtube.com/watch?v=BvtV8x5cbK8,306,175,452,https://www.youtube.com/watch?v=r2axhv1taFA,39,27,15322,https://www.youtube.com/watch?v=BvtV8x5cbK8,152,34,29,43,https://www.twitch.tv/videos/2753336723
30f59fd702d5417c9225bc729bf7ec32,3220,266512,132,48,297,https://www.youtube.com/watch?v=1Ah3SXZeL6g,125,71,297,https://www.youtube.com/watch?v=1Ah3SXZeL6g,216,18,216,https://www.youtube.com/watch?v=4b3Na3opVc0,0,0,0,0,
5b85294949544a5f8855715acadf66a5,3210,109812,183,74,432,https://www.youtube.com/watch?v=YeaXgUdnAvs,183,74,432,https://www.youtube.com/watch?v=YeaXgUdnAvs,0,0,0,,1942,402,343,468,https://www.twitch.tv/videos/2752632808
72edc688855047cbbbe495e3f2af9fda,3200,122216,211,118,2758,https://www.youtube.com/watch?v=ikVlqBhpQFs,138,83,280,https://www.youtube.com/watch?v=AYGMhI5AVs0,1558,688,2758,https://www.youtube.com/watch?v=ikVlqBhpQFs,0,0,0,0,
96be1e561acd4a75817c6424d9d4f9f0,3200,135706,0,0,0,,0,0,0,,0,0,0,,4175,250,178,333,https://www.twitch.tv/videos/2752650659
8282a91b3aae44d3a075d08507665f4e,3200,58831,54,36,57,https://www.youtube.com/watch?v=1euzCMDFIbc,54,36,57,https://www.youtube.com/watch?v=1euzCMDFIbc,0,0,0,,0,0,0,0,
63f727e673b9460abd6f7079bcbb1865,3190,209214,207,120,1559,https://www.youtube.com/watch?v=W_ViksuVfQM,207,120,594,https://www.youtube.com/watch?v=q3RyCjrd7Ok,182,143,1559,https://www.youtube.com/watch?v=W_ViksuVfQM,0,0,0,0,
8a86c4d0f4ce462a92c6bf09c027e432,3190,2896770,0,0,0,,0,0,0,,0,0,0,,161,0,0,0,
1140618a96154395909d53257bffe0e6,3180,151058,103,33,201,https://www.youtube.com/watch?v=BcUMSafOYIc,103,33,201,https://www.youtube.com/watch?v=BcUMSafOYIc,0,0,0,,254,313,197,513,https://www.twitch.tv/videos/2750092903
dba1db65ba874e18a33d8465d52d8f2e,3180,112252,56,12,81,https://www.youtube.com/watch?v=R1SKcGQA6x8,56,12,81,https://www.youtube.com/watch?v=R1SKcGQA6x8,0,0,0,,0,0,0,0,
bcbf00e1e98b4d5e8af20f29adbb0645,3170,200599,57,30,79,https://www.youtube.com/watch?v=TvhZhtMDD9Y,57,30,79,https://www.youtube.com/watch?v=TvhZhtMDD9Y,0,0,0,,0,0,0,0,
a55a6a4b6453413cb8b1dc69423b67d5,3170,389024,285,169,2351,https://www.youtube.com/watch?v=SGA5JfSmYF0,285,97,1474,https://www.youtube.com/watch?v=qXHIZybRWFo,1316,202,2351,https://www.youtube.com/watch?v=SGA5JfSmYF0,0,0,0,0,
38391974f5af4fbbb6224e3d6f2f7fb3,3160,191920,0,0,0,,0,0,0,,0,0,0,,6385,412,307,527,https://www.twitch.tv/videos/2756664312
bddcd7d262a2434f9b6d77150fbbc72c,3160,44156,0,0,0,,0,0,0,,0,0,0,,0,0,0,0,
eb159df5d55b4730ab2955c5e2638e3f,3160,104029,137,114,137,https://www.youtube.com/watch?v=SKuo4L-GitI,137,114,137,https://www.youtube.com/watch?v=SKuo4L-GitI,0,0,0,,0,0,0,0,
7c6d1a181c90471887696ff9637aed03,3150,145265,0,0,0,,0,0,0,,0,0,0,,0,0,0,0,
3430201d0e1f4672a58faf16ee0f2761,3150,107761,176,143,209,https://www.youtube.com/watch?v=NQLwk6JjJDA,176,143,209,https://www.youtube.com/watch?v=NQLwk6JjJDA,0,0,0,,1356,116,62,121,https://www.twitch.tv/videos/2753491559
f466201465ac40ef9f3aefc9b08a39d1,3150,214055,420,209,1332,https://www.youtube.com/watch?v=fhC6CZaS6x8,401,192,1081,https://www.youtube.com/watch?v=UDqL-rOIx1U,1332,302,1332,https://www.youtube.com/watch?v=fhC6CZaS6x8,2283,941,498,1425,https://www.twitch.tv/videos/2743436206
1756e5a7f5a04ff6a7b5f482201b5cfc,3150,71371,0,0,0,,0,0,0,,0,0,0,,24622,2749,902,8580,https://www.twitch.tv/videos/2738480305
63f45366143549d8a2d26406445e0077,3150,150863,0,0,0,,0,0,0,,0,0,0,,0,0,0,0,
5da1b6db7796434f9180d2f5e210ea6c,3140,216001,132,56,2582,https://www.youtube.com/watch?v=3LSTfYKHjF4,125,48,2582,https://www.youtube.com/watch?v=3LSTfYKHjF4,256,213,2397,https://www.youtube.com/watch?v=C971mt3YLFE,0,0,0,0,
d2f9e9b19102408bbef636a6458934e6,3130,544436,404,176,991,https://www.youtube.com/watch?v=TWsrJ8O_p7c,404,176,991,https://www.youtube.com/watch?v=TWsrJ8O_p7c,0,0,0,,173,0,0,0,
f9444f6d790344a4a51a301110665229,3120,145140,112,40,154,https://www.youtube.com/watch?v=II5kurOe8fc,112,40,154,https://www.youtube.com/watch?v=II5kurOe8fc,0,0,0,,0,0,0,0,
b3f711673fea4ec5b6f87c023353594d,3110,217149,63,35,1128,https://www.youtube.com/watch?v=YaFCYeVPLw4,62,30,65,https://www.youtube.com/watch?v=fbJTt1VfHCQ,1128,942,1128,https://www.youtube.com/watch?v=YaFCYeVPLw4,0,0,0,0,
67ba07d1ace445328c13bfb9d612d564,3110,108797,271,164,1691,https://www.youtube.com/watch?v=dzEVZYmN2Xk,271,156,1691,https://www.youtube.com/watch?v=dzEVZYmN2Xk,656,266,1390,https://www.youtube.com/watch?v=5BFQcf46Y-s,0,0,0,0,
7e8fe40622974698a75d14d78006e009,3110,202336,1776,626,2633,https://www.youtube.com/watch?v=c-ZPPvK3yaE,200,142,264,https://www.youtube.com/watch?v=45xEDqdCRk0,2202,1119,2633,https://www.youtube.com/watch?v=c-ZPPvK3yaE,2297,458,338,649,https://www.twitch.tv/videos/2758060165
9af612c3f872434cad1ba2e5dcbfaec8,3100,1124799,182,89,2265,https://www.youtube.com/watch?v=BJnuS0vfp28,182,89,2265,https://www.youtube.com/watch?v=BJnuS0vfp28,0,0,0,,0,0,0,0,
da189f9d282e4c31a4a8024d11fe368d,3090,134383,119,83,255,https://www.youtube.com/watch?v=dPuTkTDsANE,119,83,255,https://www.youtube.com/watch?v=dPuTkTDsANE,0,0,0,,0,0,0,0,
f3085e3337f34b178380b52e3ca429af,3080,144123,364,190,2953,https://www.youtube.com/watch?v=sGUrw9AvqUs,364,190,2953,https://www.youtube.com/watch?v=sGUrw9AvqUs,0,0,0,,1004,0,0,0,
ea62d2e6bc854e7a81b01a2362be310f,3080,201359,0,0,0,,0,0,0,,0,0,0,,336,0,0,0,
c28d59f83d9345de91d208cf7732bac5,3080,90013,0,0,0,,0,0,0,,0,0,0,,0,0,0,0,
06e9953eb191486d979e6b92b6601d9a,3060,1169479,0,0,0,,0,0,0,,0,0,0,,2238,0,0,0,
cbba76fd34d74307a9f826e03b8e4db5,3050,126827,352,135,1382,https://www.youtube.com/watch?v=cq33bHE7-Sg,348,141,651,https://www.youtube.com/watch?v=S2i3mnV6SEM,580,113,1382,https://www.youtube.com/watch?v=cq33bHE7-Sg,391,102,61,188,https://www.twitch.tv/videos/2749678699
3d23ff5303d54cc58e5a69aa53b1db50,3040,369581,220,64,2020,https://www.youtube.com/watch?v=6M64C2md79Q,220,64,2020,https://www.youtube.com/watch?v=6M64C2md79Q,0,0,0,,0,0,0,0,
9643c650b1804107b85de1f08010aa9d,3020,313985,202,94,551,https://www.youtube.com/watch?v=e_ocTqUNqNI,218,108,551,https://www.youtube.com/watch?v=e_ocTqUNqNI,186,19,186,https://www.youtube.com/watch?v=_dUnCCzLlP4,794,207,180,653,https://www.twitch.tv/videos/2756691386
4e4721deba7c4681b1172714a29e6f19,3010,233427,3827,1533,7531,https://www.youtube.com/watch?v=DgPvV_auHAE,0,0,0,,3827,1533,7531,https://www.youtube.com/watch?v=DgPvV_auHAE,0,0,0,0,
73675987096b486287784fc466b881be,3000,98231,317,152,2310,https://www.youtube.com/watch?v=C38DV1Mpot4,294,102,583,https://www.youtube.com/watch?v=BIsdr7WFHAU,1774,559,2310,https://www.youtube.com/watch?v=C38DV1Mpot4,0,0,0,0,
89036aadc62d496aa73c0a0076d67f41,2990,103587,66,35,188,https://www.youtube.com/watch?v=odzckxEBuEU,66,35,188,https://www.youtube.com/watch?v=odzckxEBuEU,0,0,0,,2974,156,99,196,https://www.twitch.tv/videos/2749386683
99d1a2e0c8c047d2ad998e02d4dd9621,2960,103779,0,0,0,,0,0,0,,0,0,0,,0,0,0,0,
b1bfaed0ed7f4ca9ae96c017159efe77,2930,311900,66,43,475,https://www.youtube.com/watch?v=JqqqvE2WdeY,65,35,475,https://www.youtube.com/watch?v=JqqqvE2WdeY,304,64,347,https://www.youtube.com/watch?v=uPmOErGM_Dc,113,0,0,0,
3ffbac2f7ae8478ca7b33d400d6e657e,2930,33709,0,0,0,,0,0,0,,0,0,0,,0,0,0,0,
20b40bdf50604e2198a3c964dd86d31c,2930,45146,0,0,0,,0,0,0,,0,0,0,,488,0,0,0,
451ce18d28ff493e8238df85858dfb02,2930,259253,2978,1492,7471,https://www.youtube.com/watch?v=7TZMkOh38Do,0,0,0,,2978,1492,7471,https://www.youtube.com/watch?v=7TZMkOh38Do,2149,341,228,587,https://www.twitch.tv/videos/2753494671
6443d56896a848dd820e339b5f81e292,2930,93980,20,19,20,https://www.youtube.com/watch?v=xpvQ0cz-68I,0,0,0,,20,19,20,https://www.youtube.com/watch?v=xpvQ0cz-68I,4544,408,367,408,https://www.twitch.tv/videos/2756608420
1901cef25e9940e7b3da42d3c189cada,2920,64808,0,0,0,,0,0,0,,0,0,0,,0,0,0,0,
9c64ee54cc094bf7931398eaf0c072d6,2920,192956,0,0,0,,0,0,0,,0,0,0,,2267,428,324,546,https://www.twitch.tv/videos/2755824453
fd81a8861669442ca49c50bc4cfd4b5e,2910,181264,202,94,317,https://www.youtube.com/watch?v=ipj-MdtW8nM,202,94,317,https://www.youtube.com/watch?v=ipj-MdtW8nM,0,0,0,,0,0,0,0,
4f917f1ccdd74d34a3746c379282b6fe,2900,244723,653,373,1546,https://www.youtube.com/watch?v=LfPRmtTbafI,0,0,0,,653,373,1546,https://www.youtube.com/watch?v=LfPRmtTbafI,2033,439,389,1388,https://www.twitch.tv/videos/2755442163
60ff50e95399472b96a6fbe83d75e806,2900,131940,355,182,2053,https://www.youtube.com/watch?v=IYbpD1UC9t4,336,161,847,https://www.youtube.com/watch?v=BSYQjmTHfI0,374,254,2053,https://www.youtube.com/watch?v=IYbpD1UC9t4,412,455,273,774,https://www.twitch.tv/videos/2752735533
f94ba8ea1a5441c4852d53e8f528ee20,2900,216402,403,125,4090,https://www.youtube.com/watch?v=STLIgVsRrmA,385,97,655,https://www.youtube.com/watch?v=RQwyxCedEfY,2883,2097,4090,https://www.youtube.com/watch?v=STLIgVsRrmA,582,0,0,0,
d539588cfa344f67965bb1dea41b9140,2900,243363,250,125,2921,https://www.youtube.com/watch?v=kD8zyGXFrLE,244,100,570,https://www.youtube.com/watch?v=JTCSMzXsbYo,2054,927,2921,https://www.youtube.com/watch?v=kD8zyGXFrLE,0,0,0,0,
7da08de1840847b99c6fe9a44a1ca0ac,2890,71729,0,0,0,,0,0,0,,0,0,0,,0,0,0,0,
4e48e10b3c2f439c934b1db25679b972,2890,312999,656,263,965,https://www.youtube.com/watch?v=3f6OjR0-n1E,656,263,965,https://www.youtube.com/watch?v=3f6OjR0-n1E,0,0,0,,0,0,0,0,
6417469030e943748dfdba4ee26a08e4,2860,0,0,0,0,,0,0,0,,0,0,0,,1087,0,0,0,
677ae7ec361d4d3c9981bca8fbb974c8,2860,82800,0,0,0,,0,0,0,,0,0,0,,389,0,0,0,
91919c2ad07a4db88e0b4cfbc1739940,2850,23391,0,0,0,,0,0,0,,0,0,0,,2709,561,462,3729,https://www.twitch.tv/videos/2750251745
11dd1f817a6b4c80a066aedd8e0fa419,2830,86424,0,0,0,,0,0,0,,0,0,0,,0,0,0,0,
445a732fc0f64712b3213b4cd98fbdd3,2830,83553,213,140,1303,https://www.youtube.com/watch?v=DHbiIwmpc7E,197,118,1303,https://www.youtube.com/watch?v=DHbiIwmpc7E,1190,894,1207,https://www.youtube.com/watch?v=6QtoQ_Jha18,795,714,598,1108,https://www.twitch.tv/videos/2752735347
b79ac08a857c4553921c04c3b14b89ea,2830,191333,406,151,406,https://www.youtube.com/watch?v=aK0hfR0jqoI,0,0,0,,406,151,406,https://www.youtube.com/watch?v=aK0hfR0jqoI,500,0,0,0,
b606cde735d84b45ab96489d7a9997dd,2820,183293,51,19,183,https://www.youtube.com/watch?v=Q5bf1VG1Ktc,51,19,183,https://www.youtube.com/watch?v=Q5bf1VG1Ktc,0,0,0,,225,0,0,0,
cd4c94db2aed435794cc7e55999016e7,2820,120171,67,31,69,https://www.youtube.com/watch?v=rO7HklqdySk,67,31,69,https://www.youtube.com/watch?v=rO7HklqdySk,0,0,0,,346,36,21,80,https://www.twitch.tv/videos/2748531153
275aaf8046a144198dee96d20bce8b1a,2820,67122,294,72,399,https://www.youtube.com/watch?v=MiN13BPQwlo,294,72,399,https://www.youtube.com/watch?v=MiN13BPQwlo,0,0,0,,0,0,0,0,
8402646577b24bd5918bda8690e790b4,2810,350859,0,0,0,,0,0,0,,0,0,0,,1832,265,218,562,https://www.twitch.tv/videos/2751764153
32a08f858ffb4d6aba0624647cf8cf2d,2810,118371,101,49,455,https://www.youtube.com/watch?v=5h7jgo0xNWo,96,48,342,https://www.youtube.com/watch?v=5BAp_eI9PGU,356,284,455,https://www.youtube.com/watch?v=5h7jgo0xNWo,0,0,0,0,
d9205a7681c74bacae6e0c413aff1ab1,2800,83818,0,0,0,,0,0,0,,0,0,0,,0,0,0,0,
118c05e7f751446abee5fc827fda0215,2800,832283,91,40,588,https://www.youtube.com/watch?v=ztCY0qikJxM,91,40,588,https://www.youtube.com/watch?v=ztCY0qikJxM,0,0,0,,0,0,0,0,
70f1d3ae590e4f2184f695fd2140010c,2800,693439,0,0,0,,0,0,0,,0,0,0,,0,0,0,0,
76165d25983b463eaa1da66c86a32b7c,2790,38793,0,0,0,,0,0,0,,0,0,0,,758,26,21,141,https://www.twitch.tv/videos/2751083986
339b4a73ce92470c97b1626405d5eb5b,2790,90284,0,0,0,,0,0,0,,0,0,0,,424,0,0,0,
44f1d1ad14034bd3949ad6f84624f0e4,2790,225616,137,44,1629,https://www.youtube.com/watch?v=c30_4-T-gjs,70,26,443,https://www.youtube.com/watch?v=5d8MqLywL1U,1302,580,1629,https://www.youtube.com/watch?v=c30_4-T-gjs,2722,0,0,0,
d210d8dfc0ec4a97907b9cebb5413ae3,2780,125545,0,0,0,,0,0,0,,0,0,0,,0,0,0,0,
40aa59fe29c64def89ab5fdce90b89ae,2780,1926800,53,7,95,https://www.youtube.com/watch?v=5yGQqYjncFY,49,7,95,https://www.youtube.com/watch?v=5yGQqYjncFY,59,8,68,https://www.youtube.com/watch?v=6HySqlf6RXA,0,0,0,0,
bbd618a3874d4ae2ba5af36a23bc1914,2780,69023,0,0,0,,0,0,0,,0,0,0,,13341,2131,972,5593,https://www.twitch.tv/videos/2737859040
2875db54b5d74d01b301d63d36dd6fbf,2780,65011,166,140,166,https://www.youtube.com/watch?v=KP81Va7pplo,166,140,166,https://www.youtube.com/watch?v=KP81Va7pplo,0,0,0,,0,0,0,0,
15b52ca3f3b5410cb2bb305d2bb737c4,2780,190684,40,19,1468,https://www.youtube.com/watch?v=GpAd8BKWRoQ,32,8,45,https://www.youtube.com/watch?v=1WDhzAZEvbA,1248,411,1468,https://www.youtube.com/watch?v=GpAd8BKWRoQ,1192,257,190,294,https://www.twitch.tv/videos/2751856101
accb26f2db2746e898b68ab07dd3c5bc,2770,181292,71,35,123,https://www.youtube.com/watch?v=WonRepN0a5g,71,35,123,https://www.youtube.com/watch?v=WonRepN0a5g,0,0,0,,862,36,24,66,https://www.twitch.tv/videos/2756562444
e9c48535f2af4f638e5a4c54ffa7862c,2760,148423,30,3,34,https://www.youtube.com/watch?v=WzDfhDn0T7Q,30,3,34,https://www.youtube.com/watch?v=WzDfhDn0T7Q,0,0,0,,0,0,0,0,
d55860f26114410c97af27ba1269e3ed,2750,144275,179,83,308,https://www.youtube.com/watch?v=fkWWb-OYq_4,179,83,308,https://www.youtube.com/watch?v=fkWWb-OYq_4,0,0,0,,1569,247,222,339,https://www.twitch.tv/videos/2751769971
aa9fa329d639488dbb860b8f8b3235f8,2750,150415,1278,658,1699,https://www.youtube.com/watch?v=f1jh43K3GTQ,1278,658,1699,https://www.youtube.com/watch?v=f1jh43K3GTQ,0,0,0,,4586,1399,728,1739,https://www.twitch.tv/videos/2743048029
fe5e2d95569c47f29e863a8212ed7c60,2750,83116,0,0,0,,0,0,0,,0,0,0,,4722,1437,1082,1935,https://www.twitch.tv/videos/2751230281
fc90561b03104438b6e8f657a28574ce,2740,123066,281,149,784,https://www.youtube.com/watch?v=g0Lwc62ZrDA,366,184,784,https://www.youtube.com/watch?v=g0Lwc62ZrDA,234,63,234,https://www.youtube.com/watch?v=PRzZWyF3e2k,0,0,0,0,
2463286fd3154219afa631c73d178147,2740,351956,185,75,382,https://www.youtube.com/watch?v=MizpY9Ap6L4,189,76,382,https://www.youtube.com/watch?v=MizpY9Ap6L4,107,10,107,https://www.youtube.com/watch?v=OV7eZw6Iprc,0,0,0,0,
d2b1ba87da034210bbe54bfa1c01bc41,2730,60396,73,12,73,https://www.youtube.com/watch?v=Z9eaDTcjPX4,0,0,0,,73,12,73,https://www.youtube.com/watch?v=Z9eaDTcjPX4,8776,192,91,261,https://www.twitch.tv/videos/2753268644
e4bea3dcc8934426a57516d4d6b373f4,2720,134173,628,334,1617,https://www.youtube.com/watch?v=hwrWF8BV69I,0,0,0,,628,334,1617,https://www.youtube.com/watch?v=hwrWF8BV69I,5937,564,279,2146,https://www.twitch.tv/videos/2757494264
c377cbfa47984f0ba9242b1f6e3dfc75,2720,25768,0,0,0,,0,0,0,,0,0,0,,2713,0,0,0,
2f607aefde1d4264814d4e9282dd5cb0,2720,136739,132,93,1730,https://www.youtube.com/watch?v=FzBc4aOKtxM,130,79,149,https://www.youtube.com/watch?v=K5rSRxMnjYs,1016,204,1730,https://www.youtube.com/watch?v=FzBc4aOKtxM,263,0,0,0,
652d06b0251940bea32cd69dec3057e6,2720,1452,131,46,131,https://www.youtube.com/watch?v=7AxDv1VPW28,131,46,131,https://www.youtube.com/watch?v=7AxDv1VPW28,0,0,0,,411,0,0,0,
965bb7d47d0243839535d38bc1bc66cc,2700,62074,0,0,0,,0,0,0,,0,0,0,,0,0,0,0,
0a20931c68dc49c8bd08eda1486193d8,2700,67937,0,0,0,,0,0,0,,0,0,0,,1419,0,0,0,
6b43c568bdf044e4a4ae0bae0cb9fff2,2690,71402,672,483,18044,https://www.youtube.com/watch?v=pYMAG1AKMkw,466,92,494,https://www.youtube.com/watch?v=jIc53XOwB4c,854,547,18044,https://www.youtube.com/watch?v=pYMAG1AKMkw,0,0,0,0,
7b40a7a144da4408b8de712c740e60dc,2690,131355,115,47,2267,https://www.youtube.com/watch?v=i5Gx4lltrTw,0,0,0,,115,47,2267,https://www.youtube.com/watch?v=i5Gx4lltrTw,0,0,0,0,
c2f77009b4264e3fa09aa054c89bb40c,2680,86982,150,56,184,https://www.youtube.com/watch?v=enV0xKmBrGI,150,56,184,https://www.youtube.com/watch?v=enV0xKmBrGI,0,0,0,,127,0,0,0,
1fdc000815cc476dbc9d19aa431305b5,2680,73057,78,46,406,https://www.youtube.com/watch?v=_BsJvYQC0pM,78,46,406,https://www.youtube.com/watch?v=_BsJvYQC0pM,0,0,0,,0,0,0,0,
662341d52a8e413d8fe661c8da9470f0,2680,42864,0,0,0,,0,0,0,,0,0,0,,0,0,0,0,
4bbc9414c3184dfa9aeab5fcdfd87089,2680,4362,0,0,0,,0,0,0,,0,0,0,,0,0,0,0,
4dd71b1079284bdb8ba90198317e524d,2670,164425,210,78,279,https://www.youtube.com/watch?v=wCws5X3zSIk,279,34,279,https://www.youtube.com/watch?v=wCws5X3zSIk,141,122,141,https://www.youtube.com/watch?v=ATYHVK0Sgxw,0,0,0,0,
75e0561f549f4775b90601a9d308340a,2670,67818,54,32,74,https://www.youtube.com/watch?v=pc6UmoxDWlw,54,32,74,https://www.youtube.com/watch?v=pc6UmoxDWlw,0,0,0,,0,0,0,0,
b256a399ae7a49e18208455d29c2eb12,2660,411163,45,22,104,https://www.youtube.com/watch?v=RxeAPsOkKiA,45,22,104,https://www.youtube.com/watch?v=RxeAPsOkKiA,0,0,0,,1218,55,32,93,https://www.twitch.tv/videos/2749460966
62f37fa0a2f44083945f03db36e50dff,2650,52462,111,57,1851,https://www.youtube.com/watch?v=o1I_95Vmb2Q,111,57,1851,https://www.youtube.com/watch?v=o1I_95Vmb2Q,0,0,0,,0,0,0,0,
9f7bf6b3d935460e83896a0fe28012e9,2650,107451,1011,300,3101,https://www.youtube.com/watch?v=_7C7zS82r7U,164,69,371,https://www.youtube.com/watch?v=Q7ouTG9gYb8,1308,598,3101,https://www.youtube.com/watch?v=_7C7zS82r7U,1692,329,292,448,https://www.twitch.tv/videos/2752592668
0bef54320f364c5a9289fceac64c5411,2640,78637,0,0,0,,0,0,0,,0,0,0,,155,13,10,382,https://www.twitch.tv/videos/2755864237
4a64836a88024358a7401530fed8e0f8,2640,351308,60,39,143,https://www.youtube.com/watch?v=cKiOjC8ilKo,60,39,143,https://www.youtube.com/watch?v=cKiOjC8ilKo,0,0,0,,6171,452,292,711,https://www.twitch.tv/videos/2735491221
85ec3eac9fef49dcb3aeee87520a5b85,2640,112681,239,139,1577,https://www.youtube.com/watch?v=Y-jjcbxQwuo,251,143,450,https://www.youtube.com/watch?v=tCug833EKj8,117,104,1577,https://www.youtube.com/watch?v=Y-jjcbxQwuo,0,0,0,0,
6c4992a47ccc4c3bb997d3c49ddc2ec8,2630,70171,0,0,0,,0,0,0,,0,0,0,,757,29,25,29,https://www.twitch.tv/videos/2757550606
a577528125314beab91d127043218bb2,2630,119007,0,0,0,,0,0,0,,0,0,0,,0,0,0,0,
53335d77cc69488c8b49ec97548c3297,2620,25627,517,318,750,https://www.youtube.com/watch?v=34WmpPXp0gw,461,316,750,https://www.youtube.com/watch?v=34WmpPXp0gw,616,597,616,https://www.youtube.com/watch?v=GROXg3olfeY,0,0,0,0,
d95e3d9eed1a4e87a736a882a1fb9288,2600,244071,82,26,82,https://www.youtube.com/watch?v=tcSHs6Iek7o,82,26,82,https://www.youtube.com/watch?v=tcSHs6Iek7o,0,0,0,,76,0,0,0,
853be9569c0e446eaa5c5059642ea63b,2600,140460,247,94,1616,https://www.youtube.com/watch?v=8ptno4fIZiE,222,78,734,https://www.youtube.com/watch?v=PPIbLeMe7kk,1595,461,1616,https://www.youtube.com/watch?v=8ptno4fIZiE,89,0,0,0,
f4da0eee989545d2ade906b022a50e8c,2600,192886,37,12,39,https://www.youtube.com/watch?v=M0NasVKRrQI,37,12,39,https://www.youtube.com/watch?v=M0NasVKRrQI,0,0,0,,3885,360,245,366,https://www.twitch.tv/videos/2751084554
bac6a676ace94e759d9faaaed94ce1b1,2590,128763,185,63,304,https://www.youtube.com/watch?v=2FahbMofp4E,155,63,304,https://www.youtube.com/watch?v=2FahbMofp4E,185,38,185,https://www.youtube.com/watch?v=VCowNtHLEtM,0,0,0,0,
60234dcffd2b42f097a78aaf121d410f,2590,61625,103,67,103,https://www.youtube.com/watch?v=k-4u8h5hW2g,103,67,103,https://www.youtube.com/watch?v=k-4u8h5hW2g,0,0,0,,220,0,0,0,
407d2bd02ef04b9ea28e5189383942be,2590,119964,77,44,287,https://www.youtube.com/watch?v=2wd8-5X2fDY,69,36,287,https://www.youtube.com/watch?v=2wd8-5X2fDY,90,77,90,https://www.youtube.com/watch?v=BYjRdW_mo3g,448,252,179,517,https://www.twitch.tv/videos/2756200068
0a178f2c7b994a4ea8eb845ebd489a5a,2590,144587,81,37,2437,https://www.youtube.com/watch?v=MnI6iva-WWc,74,34,117,https://www.youtube.com/watch?v=OMTaUG3Fdjw,2437,1556,2437,https://www.youtube.com/watch?v=MnI6iva-WWc,204,0,0,0,
f96c65701df94732853d86ffd893081e,2580,74193,188,47,267,https://www.youtube.com/watch?v=P7mdp_g9YYE,227,84,267,https://www.youtube.com/watch?v=P7mdp_g9YYE,31,13,31,https://www.youtube.com/watch?v=NVXxe-K7Rsg,0,0,0,0,
d576c2396a004f3c8dd91baf14254898,2580,83265,37,12,94,https://www.youtube.com/watch?v=42zHkspKzJQ,37,12,94,https://www.youtube.com/watch?v=42zHkspKzJQ,0,0,0,,2860,151,89,191,https://www.twitch.tv/videos/2753439512
b8c13d7702844995a0b4a66eda4d31bc,2580,94548,6,3,14,https://www.youtube.com/watch?v=CRi2HgivTkY,0,0,0,,6,3,14,https://www.youtube.com/watch?v=CRi2HgivTkY,1532,144,96,262,https://www.twitch.tv/videos/2748587123
02168475e7ca4234b57d53f495bf3bbc,2570,151317,58,28,103,https://www.youtube.com/watch?v=oi3wqCbRYDE,58,28,103,https://www.youtube.com/watch?v=oi3wqCbRYDE,0,0,0,,0,0,0,0,
3896e47ba9f64b7082eee3980734ab14,2570,285332,134,91,152,https://www.youtube.com/watch?v=f1zSk5sZylc,134,91,152,https://www.youtube.com/watch?v=f1zSk5sZylc,0,0,0,,0,0,0,0,
5b40a93fac8646f48fca66add3d3642c,2560,212934,251,97,1254,https://www.youtube.com/watch?v=c1MuyfQbRFw,187,97,305,https://www.youtube.com/watch?v=mflPy2_6cdE,1064,145,1254,https://www.youtube.com/watch?v=c1MuyfQbRFw,0,0,0,0,
c396dafdab3547259c0447ff82f278c2,2560,142956,443,225,3527,https://www.youtube.com/watch?v=kdnshB7HJRw,379,149,1571,https://www.youtube.com/watch?v=s2d0tR9WXEI,1688,806,3527,https://www.youtube.com/watch?v=kdnshB7HJRw,206,63,48,94,https://www.twitch.tv/videos/2756674091
7c147c43030b44b9ae244d82c387c82a,2560,75743,50,29,1174,https://www.youtube.com/watch?v=ljrOvsGbz9k,41,27,67,https://www.youtube.com/watch?v=PcKQ4YsJ1oI,809,756,1174,https://www.youtube.com/watch?v=ljrOvsGbz9k,0,0,0,0,
a429c3010da544bab919814a3ea472a4,2550,86122,0,0,0,,0,0,0,,0,0,0,,2872,172,151,246,https://www.twitch.tv/videos/2756687468
c40a8ff66b3348dc8459766b74846feb,2540,1440,0,0,0,,0,0,0,,0,0,0,,1934,0,0,0,
96ff628d2280470b833174c32200a749,2540,53061,241,97,586,https://www.youtube.com/watch?v=96NuZpuW1zE,241,97,586,https://www.youtube.com/watch?v=96NuZpuW1zE,0,0,0,,0,0,0,0,
a960b283b1124f44bc4bf2a16199977a,2530,107260,0,0,0,,0,0,0,,0,0,0,,4805,0,0,0,
7653119a278b4ea59d2af5e2ba7d30e0,2530,116418,137,38,139,https://www.youtube.com/watch?v=ZKr65QPci6s,137,38,139,https://www.youtube.com/watch?v=ZKr65QPci6s,0,0,0,,0,0,0,0,
e68bb26e386a4d49a2f521f8abc83376,2520,0,0,0,0,,0,0,0,,0,0,0,,3526,0,0,0,
75a90497bfc2480f954c276b70f7b1c3,2520,188246,53,7,53,https://www.youtube.com/watch?v=9IrJbwxeDFg,53,7,53,https://www.youtube.com/watch?v=9IrJbwxeDFg,0,0,0,,7013,0,0,0,
83e0f3520699474ba7f017e5e4388a5f,2520,50922,67,1,67,https://www.youtube.com/watch?v=uP5F0iYJQOc,67,1,67,https://www.youtube.com/watch?v=uP5F0iYJQOc,0,0,0,,0,0,0,0,
c0ea5a6a7ede42fca6f3c6c87fc9d72e,2510,120992,258,146,797,https://www.youtube.com/watch?v=bbkmm5S3D_M,258,146,797,https://www.youtube.com/watch?v=bbkmm5S3D_M,0,0,0,,0,0,0,0,
87968861d5794c01bfce46d51c8abfc7,2490,24876,0,0,0,,0,0,0,,0,0,0,,0,0,0,0,
7a93714b53274fbaad48bef3b409d458,2490,200423,234,76,513,https://www.youtube.com/watch?v=qdkOWZnQ_Ik,234,76,513,https://www.youtube.com/watch?v=qdkOWZnQ_Ik,0,0,0,,0,0,0,0,
284024f40bb34b429debb78e7dbf3391,2490,60898,0,0,0,,0,0,0,,0,0,0,,0,0,0,0,
891c39f050e048aebafaafc90a1c4cbd,2480,54173,233,126,495,https://www.youtube.com/watch?v=df8b-5EYMOw,233,132,301,https://www.youtube.com/watch?v=n09QO_FuKkg,315,91,495,https://www.youtube.com/watch?v=df8b-5EYMOw,0,0,0,0,
b19d58b07131413a92b4bd16e37e8e38,2470,11606,0,0,0,,0,0,0,,0,0,0,,0,0,0,0,
889bc532fb85455bae33baf0aa7ec003,2460,201740,78,23,245,https://www.youtube.com/watch?v=BCxESnyNZXw,78,23,245,https://www.youtube.com/watch?v=BCxESnyNZXw,0,0,0,,0,0,0,0,
9767904fedef42febaa98e9162973356,2460,560727,202,44,3001,https://www.youtube.com/watch?v=AIQwXQpDqro,185,44,518,https://www.youtube.com/watch?v=XBwsZ0uoJto,487,320,3001,https://www.youtube.com/watch?v=AIQwXQpDqro,0,0,0,0,
c8c0ab1d59fb4608ab1e460e946fa88a,2450,113733,109,46,1463,https://www.youtube.com/watch?v=JwiZmMjM74Y,83,46,179,https://www.youtube.com/watch?v=zXY2lNFcBA0,832,239,1463,https://www.youtube.com/watch?v=JwiZmMjM74Y,0,0,0,0,
a0c76cedf0e346a18586077a38f302d8,2450,107608,0,0,0,,0,0,0,,0,0,0,,173,0,0,0,
db6b14a0319e4f639bfcf8d4309c064d,2440,336320,291,113,527,https://www.youtube.com/watch?v=IPEkF5jbjJo,0,0,0,,291,113,527,https://www.youtube.com/watch?v=IPEkF5jbjJo,3275,440,312,947,https://www.twitch.tv/videos/2756201436
86957fa57641453e9fcb73550e58b64f,2430,71707,80,38,2080,https://www.youtube.com/watch?v=dOXGtE_IsUY,64,34,164,https://www.youtube.com/watch?v=vTcEj0kKe0o,2080,889,2080,https://www.youtube.com/watch?v=dOXGtE_IsUY,503,26,20,38,https://www.twitch.tv/videos/2753511978
9c913230c732455c9604dae9ebcfa64e,2430,115928,27,7,1214,https://www.youtube.com/watch?v=oh0YM45P970,27,7,27,https://www.youtube.com/watch?v=LQG3rrFXHHE,406,123,1214,https://www.youtube.com/watch?v=oh0YM45P970,1260,173,98,345,https://www.twitch.tv/videos/2748555896
352894d7c4eb4c9f87e248eae450183a,2430,297818,156,79,1695,https://www.youtube.com/watch?v=JgHuQ5avXp0,188,79,441,https://www.youtube.com/watch?v=ATBzfjn-Y14,123,64,1695,https://www.youtube.com/watch?v=JgHuQ5avXp0,0,0,0,0,
a7874e2ea7a44640a4ad427680a1dc9a,2420,76921,0,0,0,,0,0,0,,0,0,0,,300,450,398,699,https://www.twitch.tv/videos/2757537793
27bbe711f5e848a9bc8accc73fc79471,2410,24176,0,0,0,,0,0,0,,0,0,0,,0,0,0,0,
932fd42911c74016bc7da418abd29f0f,2410,63904,62,28,122,https://www.youtube.com/watch?v=xjhlT2JYgok,62,28,122,https://www.youtube.com/watch?v=xjhlT2JYgok,0,0,0,,88,0,0,0,
faa4994019724702a9da315a8c3641bc,2410,151529,203,150,452,https://www.youtube.com/watch?v=xp3-qUnx1lQ,203,150,452,https://www.youtube.com/watch?v=xp3-qUnx1lQ,0,0,0,,0,0,0,0,
6e1845e76035452287436153470e8656,2400,109129,88,54,189,https://www.youtube.com/watch?v=oI5a9JHu57g,88,54,189,https://www.youtube.com/watch?v=oI5a9JHu57g,0,0,0,,462,0,0,0,
fa2a2255fa7d4aa7b5b54dea5dd2b1c4,2400,70338,142,42,185,https://www.youtube.com/watch?v=IxsZMGStq-8,143,46,185,https://www.youtube.com/watch?v=IxsZMGStq-8,95,29,95,https://www.youtube.com/watch?v=HwOMjRckuww,0,0,0,0,
72a83f60773546dba886008320809d70,2400,481650,24,7,34,https://www.youtube.com/watch?v=vZhIeuPe3lE,24,7,34,https://www.youtube.com/watch?v=vZhIeuPe3lE,0,0,0,,10161,695,93,695,https://www.twitch.tv/videos/2737933514
0b0f8cd64c904508910707412b2c307f,2400,79678,219,75,480,https://www.youtube.com/watch?v=5c_0dS9UyZ0,219,75,480,https://www.youtube.com/watch?v=5c_0dS9UyZ0,0,0,0,,0,0,0,0,
f656e3210df449889b6ad9e72acd7a72,2390,187436,236,98,2768,https://www.youtube.com/watch?v=7GVsFuvlSok,213,92,414,https://www.youtube.com/watch?v=ZEeuUBs8vbI,1554,758,2768,https://www.youtube.com/watch?v=7GVsFuvlSok,0,0,0,0,
67b37e4e1f2f49d88a047d650b70be91,2390,51141,107,63,1757,https://www.youtube.com/watch?v=6F39BDYB8VE,103,58,312,https://www.youtube.com/watch?v=ox0sAtIjecU,516,282,1757,https://www.youtube.com/watch?v=6F39BDYB8VE,774,120,87,343,https://www.twitch.tv/videos/2749133038
969122fc1adf4d8798a043b4754c893e,2380,20401,0,0,0,,0,0,0,,0,0,0,,0,0,0,0,
bd9c7d2e96094ce7b8ca032228bb13c7,2380,47988,0,0,0,,0,0,0,,0,0,0,,0,0,0,0,
e6a9746af2a84387b6ed5a7d3a4434da,2370,223930,205,106,3118,https://www.youtube.com/watch?v=iZbBQlSk3Ys,103,47,540,https://www.youtube.com/watch?v=DDqXMbgWw5w,1571,554,3118,https://www.youtube.com/watch?v=iZbBQlSk3Ys,0,0,0,0,
6c812a2f61ac470f8e3b30a92dca9d81,2360,75749,154,83,154,https://www.youtube.com/watch?v=nZiE0aIShHU,154,83,154,https://www.youtube.com/watch?v=nZiE0aIShHU,0,0,0,,0,0,0,0,
b322780e7b80404193373149bfa8e86d,2360,49542,66,48,111,https://www.youtube.com/watch?v=YrEDmae9Gto,66,48,111,https://www.youtube.com/watch?v=YrEDmae9Gto,0,0,0,,0,0,0,0,
80c426d23cdb4dcda1d1a0a1bd7e0245,2360,27170,0,0,0,,0,0,0,,0,0,0,,6184,0,0,0,
95f3f004ed9641139567827519f6b35e,2360,159091,0,0,0,,0,0,0,,0,0,0,,252,0,0,0,
c79b5a5a5c8b4d8f917afdfc16c01961,2350,100556,0,0,0,,0,0,0,,0,0,0,,3851,754,452,1573,https://www.twitch.tv/videos/2743903352
b7fa120fd2264ecca8f9f02ece2850a9,2350,79470,60,41,60,https://www.youtube.com/watch?v=vCJKj8kF7Jo,0,0,0,,60,41,60,https://www.youtube.com/watch?v=vCJKj8kF7Jo,159,0,0,0,
b115a7f57f664800a9f71a25eaf73b92,2350,74639,96,58,131,https://www.youtube.com/watch?v=_2IyEcjaMqs,131,72,131,https://www.youtube.com/watch?v=_2IyEcjaMqs,61,44,61,https://www.youtube.com/watch?v=b8yvLPToHRM,0,0,0,0,
65a52797bec24b9bb2df5201068873a4,2340,25873,0,0,0,,0,0,0,,0,0,0,,0,0,0,0,
d3a3eab7a3e34ea98784c44e3691c726,2340,90322,0,0,0,,0,0,0,,0,0,0,,0,0,0,0,
4a1e39ee23e6423fbfd3a15b1e28c8f3,2330,58849,0,0,0,,0,0,0,,0,0,0,,0,0,0,0,
084c49d869114256af18c13cc4b56414,2330,51032,0,0,0,,0,0,0,,0,0,0,,0,0,0,0,
e8be1d48c5a249cebcef72b17653ef34,2320,11238,0,0,0,,0,0,0,,0,0,0,,0,0,0,0,
572c03fa49b54d4b95935321b4722b68,2320,444359,83,58,1765,https://www.youtube.com/watch?v=lS_IRTHohF4,0,0,0,,83,58,1765,https://www.youtube.com/watch?v=lS_IRTHohF4,1856,545,343,762,https://www.twitch.tv/videos/2750073155
395eade6d67445e1831010cac52ab444,2320,94386,545,260,1121,https://www.youtube.com/watch?v=VBYYHY9i_U4,275,195,275,https://www.youtube.com/watch?v=abEyvOWrnHw,560,279,1121,https://www.youtube.com/watch?v=VBYYHY9i_U4,789,0,0,0,
c805a5c2c4fb4a068a65267452aa4da5,2320,86321,25,9,55,https://www.youtube.com/watch?v=bJWv5ih1UmM,25,9,55,https://www.youtube.com/watch?v=bJWv5ih1UmM,0,0,0,,0,0,0,0,
d6666443c70f478eb3008d28a33e0f61,2310,159464,209,95,1378,https://www.youtube.com/watch?v=LNzsxozIyto,204,82,363,https://www.youtube.com/watch?v=YL4g2fkYn-Q,1260,988,1378,https://www.youtube.com/watch?v=LNzsxozIyto,0,0,0,0,
9fb51e14ba1c499eb6383a7a166a4d52,2300,81991,51,24,2314,https://www.youtube.com/watch?v=S8qWYIJ0Lv0,50,19,125,https://www.youtube.com/watch?v=r6kdMjKBnWg,1866,230,2314,https://www.youtube.com/watch?v=S8qWYIJ0Lv0,0,0,0,0,
4ac7e88bd2234040a1da03644b06a501,2300,0,0,0,0,,0,0,0,,0,0,0,,0,0,0,0,
b975eb70ed174bbda87e181be25bd1c5,2300,86307,0,0,0,,0,0,0,,0,0,0,,0,0,0,0,
7ce04ee5bb63467f8b70a69136049218,2290,26803,0,0,0,,0,0,0,,0,0,0,,1768,478,299,581,https://www.twitch.tv/videos/2747746554
eb38f509e8464ba19ba8579e0b99e262,2280,98782,137,71,254,https://www.youtube.com/watch?v=yYPbl4jAtr4,137,71,254,https://www.youtube.com/watch?v=yYPbl4jAtr4,0,0,0,,0,0,0,0,
70d5f64a7e324d7584d7e5116d6dc5a2,2280,74060,187,160,187,https://www.youtube.com/watch?v=FmzuhbZBFRA,187,160,187,https://www.youtube.com/watch?v=FmzuhbZBFRA,0,0,0,,0,0,0,0,
87568c720cae40a99264816eb1875347,2270,136962,159,69,485,https://www.youtube.com/watch?v=sb8WHad-cXg,160,70,485,https://www.youtube.com/watch?v=sb8WHad-cXg,48,12,48,https://www.youtube.com/watch?v=myiSqkuEblM,0,0,0,0,
43e557d175ce462b97c4c406954d8c04,2270,453470,51,16,152,https://www.youtube.com/watch?v=TlijjCP7KQo,52,17,152,https://www.youtube.com/watch?v=TlijjCP7KQo,50,13,50,https://www.youtube.com/watch?v=d9_cqHGSxMk,501,36,22,61,https://www.twitch.tv/videos/2753405563
fe0305c914c549879b315b6dc3204748,2270,44592,1098,406,1574,https://www.youtube.com/watch?v=NqKD1NeQ-Vc,0,0,0,,1098,406,1574,https://www.youtube.com/watch?v=NqKD1NeQ-Vc,0,0,0,0,
f146e7f1a1164dbfab960ea34873afb5,2260,86486,0,0,0,,0,0,0,,0,0,0,,105,0,0,0,
ad43fda31b7842dc8e7854840b974614,2250,99472,36,16,70,https://www.youtube.com/watch?v=RvLSkEcPM3k,36,16,70,https://www.youtube.com/watch?v=RvLSkEcPM3k,0,0,0,,1120,0,0,0,
364f94fc7493453e9f53787ade8e35c6,2250,366714,0,0,0,,0,0,0,,0,0,0,,11,0,0,0,
25904d8b82c84d74a8abffb804647e21,2250,113808,0,0,0,,0,0,0,,0,0,0,,396,0,0,0,
101cdaf175c643c888d0d33bdab5da15,2250,118408,414,194,2925,https://www.youtube.com/watch?v=7QzZA6Idwa4,423,202,2925,https://www.youtube.com/watch?v=7QzZA6Idwa4,200,21,200,https://www.youtube.com/watch?v=B6WNZ19reh8,175,190,153,466,https://www.twitch.tv/videos/2758164976
6510332f58be4d86b0007c77a622c959,2250,309055,278,107,355,https://www.youtube.com/watch?v=4KMiui5QDko,278,107,355,https://www.youtube.com/watch?v=4KMiui5QDko,0,0,0,,3186,272,179,559,https://www.twitch.tv/videos/2758332890
2af83bdd7db644d88ffdaf123c38619b,2250,72018,89,33,146,https://www.youtube.com/watch?v=1Vfh7Q8yggQ,89,33,146,https://www.youtube.com/watch?v=1Vfh7Q8yggQ,0,0,0,,0,0,0,0,
6cd8cdc530d14e2d9d0a9cd20cb6b05c,2240,84795,191,113,217,https://www.youtube.com/watch?v=JTyz5c-ndrw,191,113,217,https://www.youtube.com/watch?v=JTyz5c-ndrw,0,0,0,,0,0,0,0,
c1aa10208a06439481231599b25845b0,2240,171602,653,364,748,https://www.youtube.com/watch?v=6-zqxCb294k,101,2,101,https://www.youtube.com/watch?v=tnr7MuQ_B0g,700,366,748,https://www.youtube.com/watch?v=6-zqxCb294k,2103,232,150,455,https://www.twitch.tv/videos/2747746359
345b2eb5c8bf4d7d9fa72176f67de440,2240,41944,0,0,0,,0,0,0,,0,0,0,,882,281,217,304,https://www.twitch.tv/videos/2749447768
de610557c5c041df85e41e7f2f5490f5,2230,12447,0,0,0,,0,0,0,,0,0,0,,4151,0,0,0,
6f382359f4d0436e9e1d4f87e4696e76,2230,68119,0,0,0,,0,0,0,,0,0,0,,0,0,0,0,
9b8fe3ac0f30473f87290d314dfda74e,2230,2374,0,0,0,,0,0,0,,0,0,0,,0,0,0,0,
751596501f4f420a8a5c5c9d839efb22,2220,115968,0,0,0,,0,0,0,,0,0,0,,273,0,0,0,
4d44c28a73394954a4d1bf2a1b2c162c,2220,143142,103,36,320,https://www.youtube.com/watch?v=ftqH9pJRKMM,103,36,320,https://www.youtube.com/watch?v=ftqH9pJRKMM,0,0,0,,0,0,0,0,
ab069c9401bc4bd09eea8f5ece525d54,2220,345654,0,0,0,,0,0,0,,0,0,0,,0,0,0,0,
a64ba9e0b7dd4de58ffbdf9ca043a90b,2210,95641,0,0,0,,0,0,0,,0,0,0,,66,0,0,0,
c52b95b6a42d48f0ae888720492a5a46,2210,144017,103,25,252,https://www.youtube.com/watch?v=Mw1lDhJbz6I,103,25,252,https://www.youtube.com/watch?v=Mw1lDhJbz6I,0,0,0,,0,0,0,0,
1ead15220cb842a79c3922d08d618e31,2210,4578,0,0,0,,0,0,0,,0,0,0,,0,0,0,0,
a60c8fc0a1324bf8b65053231ee22373,2200,519740,36,18,87,https://www.youtube.com/watch?v=PLFfYV7W1BA,35,18,76,https://www.youtube.com/watch?v=XhbjhigcLTU,87,41,87,https://www.youtube.com/watch?v=PLFfYV7W1BA,163,13,10,38,https://www.twitch.tv/videos/2758338178
4766ec1a407f4271bca77fb81487e81a,2200,63603,87,45,215,https://www.youtube.com/watch?v=SsVJc3JbqrU,87,45,215,https://www.youtube.com/watch?v=SsVJc3JbqrU,0,0,0,,4430,462,243,40742,https://www.twitch.tv/videos/2739539387
cfc335d4b3e3411ca5b39ccb41a81958,2200,142649,1367,729,2768,https://www.youtube.com/watch?v=zlN7RjwvxDk,1367,729,2768,https://www.youtube.com/watch?v=zlN7RjwvxDk,0,0,0,,0,0,0,0,
d418b8a185f449b3a15c1656ba654780,2200,160292,156,121,156,https://www.youtube.com/watch?v=vjrwpEbBVO4,156,121,156,https://www.youtube.com/watch?v=vjrwpEbBVO4,0,0,0,,0,0,0,0,
65c0e7f6562d419e944caea644836c1f,2190,86701,179,95,229,https://www.youtube.com/watch?v=kVo-H-U_BzA,179,95,229,https://www.youtube.com/watch?v=kVo-H-U_BzA,0,0,0,,293,13,11,36,https://www.twitch.tv/videos/2755083123
75f110ca5e9a4b7db3c57912baf5ca27,2180,176422,0,0,0,,0,0,0,,0,0,0,,3475,2053,1856,18825,https://www.twitch.tv/videos/2747059173
b5c9831f97f4427a88a96d7c4ee40539,2180,199649,19,3,20,https://www.youtube.com/watch?v=s-5rx2c02I4,19,3,20,https://www.youtube.com/watch?v=s-5rx2c02I4,0,0,0,,1695,181,151,721,https://www.twitch.tv/videos/2750915742
cc1bad00639b4149b277f0d2e99c2abe,2180,94115,57,29,194,https://www.youtube.com/watch?v=PNYRMl4iqoM,57,29,194,https://www.youtube.com/watch?v=PNYRMl4iqoM,0,0,0,,0,0,0,0,
6873f5b9a88c42ba980878bbffb5682a,2180,164287,193,67,2265,https://www.youtube.com/watch?v=JZ2tWMR2z9E,229,85,340,https://www.youtube.com/watch?v=z_NFy0Z4KCg,178,67,2265,https://www.youtube.com/watch?v=JZ2tWMR2z9E,0,0,0,0,
9ef5ec69554f46e887a9ac0fe54b4f41,2170,84808,168,18,168,https://www.youtube.com/watch?v=dg-mj9_6TXA,168,18,168,https://www.youtube.com/watch?v=dg-mj9_6TXA,0,0,0,,0,0,0,0,
60602526ae1d48688c23a74b3cb527e8,2170,98526,70,25,80,https://www.youtube.com/watch?v=uBrbE8wBp38,70,25,80,https://www.youtube.com/watch?v=uBrbE8wBp38,0,0,0,,0,0,0,0,
1c8887da9e96471ca28b97d80e390698,2170,120254,120,68,1734,https://www.youtube.com/watch?v=ZnCrVoVgl-M,105,45,171,https://www.youtube.com/watch?v=cWlp96lRsLY,369,121,1734,https://www.youtube.com/watch?v=ZnCrVoVgl-M,0,0,0,0,
220353f9b2634c84953cc7d243fbc6a0,2160,194632,583,172,1198,https://www.youtube.com/watch?v=lSyagHqcSIo,583,172,1198,https://www.youtube.com/watch?v=lSyagHqcSIo,0,0,0,,89,0,0,0,
27f5926236d04e34a08fdb7ab83940bc,2160,65163,272,120,392,https://www.youtube.com/watch?v=VphsQ85CdR4,272,130,392,https://www.youtube.com/watch?v=VphsQ85CdR4,94,60,94,https://www.youtube.com/watch?v=u23xp4rRZ_k,0,0,0,0,
d45c287a84b6485e8ff3400cf50f5db7,2160,169401,0,0,0,,0,0,0,,0,0,0,,4298,613,134,886,https://www.twitch.tv/videos/2757586664
5da8c6fb027049cc8bc2030c56e8c489,2150,30024,0,0,0,,0,0,0,,0,0,0,,136,0,0,0,
19a2801d800547e58c6560aa1accf3e4,2140,94763,67,25,141,https://www.youtube.com/watch?v=_yk_ReyeXUE,67,25,141,https://www.youtube.com/watch?v=_yk_ReyeXUE,0,0,0,,440,0,0,0,
326e254f0da14bc6bfc5d379164cf5c6,2140,45442,0,0,0,,0,0,0,,0,0,0,,0,0,0,0,
8be6ce1a26af47a4985205da119eab5a,2130,359846,250,134,1318,https://www.youtube.com/watch?v=sMHJZBrYNu0,250,134,1318,https://www.youtube.com/watch?v=sMHJZBrYNu0,328,239,606,https://www.youtube.com/watch?v=SY72ZyP3RPY,0,0,0,0,
c41a24bf9c8f48ee9454119057088688,2120,86258,0,0,0,,0,0,0,,0,0,0,,0,0,0,0,
4f93fe928d264a299c6589e09fbda21e,2120,163223,0,0,0,,0,0,0,,0,0,0,,0,0,0,0,
163841e490b14b2583a799b3795021ad,2120,61922,141,83,1808,https://www.youtube.com/watch?v=Tw_mspWkwbo,95,58,185,https://www.youtube.com/watch?v=OL4yaAeu8-4,967,244,1808,https://www.youtube.com/watch?v=Tw_mspWkwbo,411,328,247,982,https://www.twitch.tv/videos/2756446038
6d2945d11f504edb9962f742b54f6553,2110,35758,0,0,0,,0,0,0,,0,0,0,,1098,0,0,0,
6b36f446b10e4ea99d5d80d60beeee21,2100,50427,0,0,0,,0,0,0,,0,0,0,,8206,141,111,188,https://www.twitch.tv/videos/2756511693
6274e7f2acaf4d48b5fa569168f9468e,2100,123681,113,55,135,https://www.youtube.com/watch?v=5AqYuEHmvJM,96,41,135,https://www.youtube.com/watch?v=5AqYuEHmvJM,113,55,113,https://www.youtube.com/watch?v=7uUUPyvPnnQ,0,0,0,0,
1310ffb60dcf40eaaf6a08890e632234,2100,101342,111,58,157,https://www.youtube.com/watch?v=y4iIns3C0fo,111,58,157,https://www.youtube.com/watch?v=y4iIns3C0fo,0,0,0,,0,0,0,0,
07553f6f3df84c3396508456ccbe7df2,2100,69329,312,172,2182,https://www.youtube.com/watch?v=lBnBLVFPVoc,184,139,886,https://www.youtube.com/watch?v=_oNiJcximmE,934,297,2182,https://www.youtube.com/watch?v=lBnBLVFPVoc,1033,529,397,720,https://www.twitch.tv/videos/2751006842
80ea9b92d31c48b8b2cf2ca5bacc2a08,2090,66442,279,219,422,https://www.youtube.com/watch?v=piwFi7nnzb4,279,219,422,https://www.youtube.com/watch?v=piwFi7nnzb4,0,0,0,,0,0,0,0,
2c92fe49ca9f4b8faf8f4521378857d2,2090,278435,885,777,964,https://www.youtube.com/watch?v=NF9Fgfd0QYM,0,0,0,,885,777,964,https://www.youtube.com/watch?v=NF9Fgfd0QYM,648,15,11,33,https://www.twitch.tv/videos/2751088743
e9047e02eb6340ff940114f754c76875,2090,57125,88,30,123,https://www.youtube.com/watch?v=J7t2_Pui15s,88,30,123,https://www.youtube.com/watch?v=J7t2_Pui15s,0,0,0,,0,0,0,0,
8890acc220cd4f969ec2e23a28c1eda2,2090,7513,0,0,0,,0,0,0,,0,0,0,,0,0,0,0,
247eca886f5c43188a3d6d3945e40636,2090,126644,157,106,405,https://www.youtube.com/watch?v=qMBUmJbxiKY,157,110,405,https://www.youtube.com/watch?v=qMBUmJbxiKY,76,55,76,https://www.youtube.com/watch?v=IZMg4fjchlM,0,0,0,0,
9870111c23124c19a12de7bbdeb8abc1,2090,71419,75,24,91,https://www.youtube.com/watch?v=-pSdiW9OjyU,75,24,91,https://www.youtube.com/watch?v=-pSdiW9OjyU,0,0,0,,0,0,0,0,
1551bebc6c26453e9893f342c68002bd,2090,45898,193,96,454,https://www.youtube.com/watch?v=IrJ8snHKlEg,193,96,454,https://www.youtube.com/watch?v=IrJ8snHKlEg,0,0,0,,321,0,0,0,
ab540a5b73bb4dfa85cebffb70fad5db,2090,58138,1030,135,1030,https://www.youtube.com/watch?v=9_YpyCc0SVg,0,0,0,,1030,135,1030,https://www.youtube.com/watch?v=9_YpyCc0SVg,1241,0,0,0,
14b8fa0f43664c31a5d634b20f9112d9,2090,175466,78,47,182,https://www.youtube.com/watch?v=JnRNKy4q5dE,77,46,139,https://www.youtube.com/watch?v=-byJoWEfhGE,182,107,182,https://www.youtube.com/watch?v=JnRNKy4q5dE,0,0,0,0,
40082e2bb0b546d3bd3ebb75a3192092,2080,1596652,229,93,2192,https://www.youtube.com/watch?v=h7sHss1llcU,0,0,0,,229,93,2192,https://www.youtube.com/watch?v=h7sHss1llcU,0,0,0,0,
ef03340f293242f89fe15f2f828dbf7f,2080,46469,42,19,73,https://www.youtube.com/watch?v=qzA22ebm6MA,44,19,73,https://www.youtube.com/watch?v=qzA22ebm6MA,31,18,31,https://www.youtube.com/watch?v=_F0Q0GZ_iAQ,644,36,26,58,https://www.twitch.tv/videos/2748634592
9efea510313f4733b4d0b5e3cfb6988b,2080,506916,114,36,143,https://www.youtube.com/watch?v=OKFoB7Z_mpA,0,0,0,,114,36,143,https://www.youtube.com/watch?v=OKFoB7Z_mpA,0,0,0,0,
1b863baf309a4ff587385012bb5bde51,2070,81113,0,0,0,,0,0,0,,0,0,0,,343,0,0,0,
73a96bba42b444df98487ed22f97c240,2070,209194,603,240,7333,https://www.youtube.com/watch?v=lWPgWOVoiyc,59,57,59,https://www.youtube.com/watch?v=0sXyBzTnkIQ,618,257,7333,https://www.youtube.com/watch?v=lWPgWOVoiyc,775,345,185,583,https://www.twitch.tv/videos/2739671759
e66d389ebb604096bfa99178e1a13c27,2070,231191,489,326,3322,https://www.youtube.com/watch?v=BJ321gy4xCo,429,235,3322,https://www.youtube.com/watch?v=BJ321gy4xCo,2096,1962,2428,https://www.youtube.com/watch?v=xTqtC8msF3E,3724,193,133,432,https://www.twitch.tv/videos/2750957170
b8d723ac79eb47229a23adc4029a5bd5,2070,0,0,0,0,,0,0,0,,0,0,0,,0,0,0,0,
8e84dbdebec446bab8c82b3f0467f398,2070,174502,95,45,4825,https://www.youtube.com/watch?v=KONQep3OyYw,83,39,241,https://www.youtube.com/watch?v=IueuPYiTmPs,1648,632,4825,https://www.youtube.com/watch?v=KONQep3OyYw,0,0,0,0,
33918eea49984fb499619652ce58a4fa,2070,35570,58,14,61,https://www.youtube.com/watch?v=_L3gS2keYoE,58,14,61,https://www.youtube.com/watch?v=_L3gS2keYoE,0,0,0,,0,0,0,0,
1225d23bc1814140bc0093c1407f06b3,2070,159905,100,47,2823,https://www.youtube.com/watch?v=Tf1qvKu86sQ,66,33,129,https://www.youtube.com/watch?v=jkg4akPEn3A,1370,547,2823,https://www.youtube.com/watch?v=Tf1qvKu86sQ,99,29,24,29,https://www.twitch.tv/videos/2755097649
226eb1e34c924ae2914d960039905d08,2070,225254,53,25,1452,https://www.youtube.com/watch?v=QE0Ck3tis_0,53,25,144,https://www.youtube.com/watch?v=iasXUfQXvPw,484,304,1452,https://www.youtube.com/watch?v=QE0Ck3tis_0,0,0,0,0,
93e7079bd21c499f9004e79d18489d28,2060,486982,0,0,0,,0,0,0,,0,0,0,,86,0,0,0,
44b22851b9df4612bec834e2cfde9489,2060,515733,58,26,79,https://www.youtube.com/watch?v=LU4zg2AE3_Y,58,26,79,https://www.youtube.com/watch?v=LU4zg2AE3_Y,54,29,66,https://www.youtube.com/watch?v=QxdG5SV0Yh8,0,0,0,0,
cb52afa541704e6e8f1098a20679135c,2050,119638,68,8,72,https://www.youtube.com/watch?v=xEi4jfhyK-c,68,8,72,https://www.youtube.com/watch?v=xEi4jfhyK-c,0,0,0,,306,57,47,74,https://www.twitch.tv/videos/2753504331
e32a7d950f5a4b53ab2f47d225aec4fd,2040,54583,109,15,109,https://www.youtube.com/watch?v=ZpJvTGoS_5w,109,15,109,https://www.youtube.com/watch?v=ZpJvTGoS_5w,0,0,0,,0,0,0,0,
62b58adde13f4a73ab406f857d730e20,2040,84660,73,31,625,https://www.youtube.com/watch?v=A3fDqoHh2Ag,63,31,163,https://www.youtube.com/watch?v=QwOBx-Yoc8Q,625,603,625,https://www.youtube.com/watch?v=A3fDqoHh2Ag,0,0,0,0,
a76c19e10aa4463f92f0d2e0f30ab84a,2040,135132,101,42,1765,https://www.youtube.com/watch?v=dAS72p8HLNw,94,37,179,https://www.youtube.com/watch?v=F6X2t-VtaKo,1663,977,1765,https://www.youtube.com/watch?v=dAS72p8HLNw,0,0,0,0,
5c7278d46cd24b8eb5f49c446acc759d,2040,66979,0,0,0,,0,0,0,,0,0,0,,63,0,0,0,
6eefc3826f4f49a0b28a5288c5e0d83e,2030,11841,0,0,0,,0,0,0,,0,0,0,,2403,0,0,0,
92e03a33b1e640f6aa94211011de5d24,2020,67116,54,12,4180,https://www.youtube.com/watch?v=cQfHNOkGfLI,47,12,133,https://www.youtube.com/watch?v=AU9lENizwLs,2362,1452,4180,https://www.youtube.com/watch?v=cQfHNOkGfLI,255,110,82,245,https://www.twitch.tv/videos/2747691867
c0ce3bfbf1434af3a2a7bd7b2c38e7e7,2020,135511,377,188,810,https://www.youtube.com/watch?v=a4kxYnhPlCk,377,188,810,https://www.youtube.com/watch?v=a4kxYnhPlCk,0,0,0,,0,0,0,0,
6eeed5b0702a45df8470a617ee2c5243,2020,24064,74,4,74,https://www.youtube.com/watch?v=Ua20n5JlnnE,74,4,74,https://www.youtube.com/watch?v=Ua20n5JlnnE,0,0,0,,0,0,0,0,
78dea7b59be448329ec287a403f95a13,2020,29160,3,2,8,https://www.youtube.com/watch?v=-c8NHOjRQhU,0,0,0,,3,2,8,https://www.youtube.com/watch?v=-c8NHOjRQhU,2059,221,170,221,https://www.twitch.tv/videos/2753563320
9087489bcb234de9bb2a8942a1562a61,2020,75642,0,0,0,,0,0,0,,0,0,0,,0,0,0,0,
83a59a0d6537461fb429af7e3af1d152,2020,256949,0,0,0,,0,0,0,,0,0,0,,0,0,0,0,
b84f2dfff8ce4ca1af82bfc44405f1e7,2010,89135,46,16,123,https://www.youtube.com/watch?v=5VgdNQaLmaA,46,16,123,https://www.youtube.com/watch?v=5VgdNQaLmaA,0,0,0,,0,0,0,0,
4ed0862cff5b47bcbf4b6a30e431e0fa,2010,12250,2126,1493,2139,https://www.youtube.com/watch?v=r9nSLZBKLas,0,0,0,,2126,1493,2139,https://www.youtube.com/watch?v=r9nSLZBKLas,0,0,0,0,
a66441bdef584fe0806c4be0fd2cf53a,2010,104400,0,0,0,,0,0,0,,0,0,0,,0,0,0,0,
749161d9934f41bf97e7210afd6b3bb1,2010,41083,0,0,0,,0,0,0,,0,0,0,,107,0,0,0,
0414bb8fc082472a9434bd4a463a9865,2010,10265,0,0,0,,0,0,0,,0,0,0,,186,0,0,0,
2a20316d245d406193331300bb44fdec,2010,25746,0,0,0,,0,0,0,,0,0,0,,5346,713,228,1641,https://www.twitch.tv/videos/2737768215
8b732f3260e0427f9cf795b93ada310a,2000,57766,2166,1956,2166,https://www.youtube.com/watch?v=il-Nt1mtuxE,0,0,0,,2166,1956,2166,https://www.youtube.com/watch?v=il-Nt1mtuxE,3009,509,474,602,https://www.twitch.tv/videos/2756670180
95f8bb8a92c1450b8b5993f740b39338,2000,762292,27,6,27,https://www.youtube.com/watch?v=FNvsccV4ejU,27,6,27,https://www.youtube.com/watch?v=FNvsccV4ejU,0,0,0,,298,0,0,0,
14d334ad35f146ecbb047d1c20652fe1,2000,343606,0,0,0,,0,0,0,,0,0,0,,0,0,0,0,
712d031e7f004ed99aa1dfdb176cff32,2000,116587,100,33,140,https://www.youtube.com/watch?v=oEtRxn5GHJg,0,0,0,,100,33,140,https://www.youtube.com/watch?v=oEtRxn5GHJg,322,0,0,0,
a9e5491563fd4b05896ef9a8cb2ee7d7,1990,124838,40,22,119,https://www.youtube.com/watch?v=c2TTwpjN528,40,22,119,https://www.youtube.com/watch?v=c2TTwpjN528,0,0,0,,0,0,0,0,
504678b9fa2f4506879ba42b27a13dff,1990,204641,104,50,2047,https://www.youtube.com/watch?v=0NBc1UPxO8U,90,46,252,https://www.youtube.com/watch?v=djLD7wKOHGE,496,224,2047,https://www.youtube.com/watch?v=0NBc1UPxO8U,0,0,0,0,
83eff3b0de694818876092eaabd35b4a,1980,91806,45,27,140,https://www.youtube.com/watch?v=Ci-DSSIgPUE,45,27,140,https://www.youtube.com/watch?v=Ci-DSSIgPUE,0,0,0,,0,0,0,0,
7bd1bc8b491d47e0b7cf0a573c36120e,1980,101310,33,13,33,https://www.youtube.com/watch?v=3x8_fWRi4JY,0,0,0,,33,13,33,https://www.youtube.com/watch?v=3x8_fWRi4JY,0,0,0,0,
4b7c733a13d247ec84844698ecc7ba0c,1970,43395,0,0,0,,0,0,0,,0,0,0,,2759,286,201,353,https://www.twitch.tv/videos/2747686867
6bddfe8d54104f4192c56e4935a871de,1970,600576,1331,224,1819,https://www.youtube.com/watch?v=Ro9XRYWrkXg,45,0,45,https://www.youtube.com/watch?v=4JHDW-3UJac,1575,238,1819,https://www.youtube.com/watch?v=Ro9XRYWrkXg,1031,242,181,851,https://www.twitch.tv/videos/2757581708
29574cafecff435b90d34431e2153f02,1960,254254,395,67,13674,https://www.youtube.com/watch?v=LlBwcfkGYeA,39,21,77,https://www.youtube.com/watch?v=MYd_EwLg-k0,1594,958,13674,https://www.youtube.com/watch?v=LlBwcfkGYeA,164,46,39,53,https://www.twitch.tv/videos/2756612306
4de89158f20a4d0e8023f15db8a9526e,1960,133578,0,0,0,,0,0,0,,0,0,0,,0,0,0,0,
8b810380ed254a5e8a85b65552ba4e61,1960,114800,509,276,2015,https://www.youtube.com/watch?v=MlhDiWJDJfc,0,0,0,,509,276,2015,https://www.youtube.com/watch?v=MlhDiWJDJfc,10552,2082,867,5544,https://www.twitch.tv/videos/2749294856
9031798ec1884b52b17df470b6c379b2,1940,54261,204,122,225,https://www.youtube.com/watch?v=6NhD3zXsOlw,204,122,225,https://www.youtube.com/watch?v=6NhD3zXsOlw,0,0,0,,0,0,0,0,
734477be3c5d42afbdde5356c6a6e8ee,1940,81699,0,0,0,,0,0,0,,0,0,0,,0,0,0,0,
2c6d5a00eabf47e2affcc8fa6ec64f9c,1940,173650,40,19,2034,https://www.youtube.com/watch?v=7EsJVy6-lD8,35,18,72,https://www.youtube.com/watch?v=78V3ehpNuis,375,46,2034,https://www.youtube.com/watch?v=7EsJVy6-lD8,116,13,12,18,https://www.twitch.tv/videos/2757489279
7d2aa4176f60423bb1532ac37ed55e28,1940,149656,97,45,958,https://www.youtube.com/watch?v=3EgWMX9oFfg,97,45,958,https://www.youtube.com/watch?v=3EgWMX9oFfg,0,0,0,,0,0,0,0,
c0ae01f224734769a38c39b97fb6dbb7,1940,52291,0,0,0,,0,0,0,,0,0,0,,398,37,34,60,https://www.twitch.tv/videos/2757443009
1025a2d1ea674c649b1e7934895bd419,1930,55264,83,53,88,https://www.youtube.com/watch?v=jnFU2JpVBkE,83,53,88,https://www.youtube.com/watch?v=jnFU2JpVBkE,0,0,0,,0,0,0,0,
17b1d3fb1e1944dabd5e6a45f94e2f6b,1930,67725,161,67,4032,https://www.youtube.com/watch?v=w32iAEg5JLU,149,66,184,https://www.youtube.com/watch?v=JJHRNuyHy5U,4032,937,4032,https://www.youtube.com/watch?v=w32iAEg5JLU,0,0,0,0,
0563e1d0ff394d1ab0d6a09d89870fba,1930,141768,132,51,2166,https://www.youtube.com/watch?v=H6eM7cTOQYI,133,64,164,https://www.youtube.com/watch?v=1lpCJwQn8O8,74,44,2166,https://www.youtube.com/watch?v=H6eM7cTOQYI,99,35,22,60,https://www.twitch.tv/videos/2751765119
70c982c2dffc4cd08c90431abcc8be97,1930,53518,55,22,138,https://www.youtube.com/watch?v=IiUoSx-GWAU,55,22,138,https://www.youtube.com/watch?v=IiUoSx-GWAU,0,0,0,,185,31,22,90,https://www.twitch.tv/videos/2749401510
bb1cda940e0a44b3a25f3e368c19c490,1920,60605,123,54,184,https://www.youtube.com/watch?v=_5fVEpTO1eI,123,54,184,https://www.youtube.com/watch?v=_5fVEpTO1eI,0,0,0,,0,0,0,0,
8564954960ba466fa7f17bc0e0ea5e8e,1920,38892,0,0,0,,0,0,0,,0,0,0,,356,0,0,0,
bf124655587e4f5b937d695be814d25d,1910,150580,130,46,142,https://www.youtube.com/watch?v=hktKRi43O1c,130,46,142,https://www.youtube.com/watch?v=hktKRi43O1c,0,0,0,,0,0,0,0,
e58a5a6f40e040d79bbcd139824d6fc7,1910,243071,1021,254,2604,https://www.youtube.com/watch?v=OoLl_DbHWAU,141,62,141,https://www.youtube.com/watch?v=mEKE7ZQXB0s,1246,280,2604,https://www.youtube.com/watch?v=OoLl_DbHWAU,10025,2297,680,18955,https://www.twitch.tv/videos/2745292315
e897180feafa4f748c41f13306b6f379,1910,419697,612,262,3057,https://www.youtube.com/watch?v=oxZnFjF195w,343,234,375,https://www.youtube.com/watch?v=H0EYQq0IhEs,1552,726,3057,https://www.youtube.com/watch?v=oxZnFjF195w,13,0,0,0,
4f20b9493001401f81b7a451bf856fba,1900,147091,230,156,2687,https://www.youtube.com/watch?v=y7UeqKiR7XM,195,102,392,https://www.youtube.com/watch?v=_FGWsFD4EWM,1374,574,2687,https://www.youtube.com/watch?v=y7UeqKiR7XM,1541,535,470,540,https://www.twitch.tv/videos/2754174926
58d43efc5b4046148d02de0e65ef9120,1900,159767,251,88,5547,https://www.youtube.com/watch?v=gGpkVrJLVzo,132,77,251,https://www.youtube.com/watch?v=h7TeOlOggbo,1174,369,5547,https://www.youtube.com/watch?v=gGpkVrJLVzo,511,72,57,180,https://www.twitch.tv/videos/2749279309
7c18bc597298484c8f2925759fc1ac4a,1890,12525,74,46,151,https://www.youtube.com/watch?v=8Ko-Y7BlXSY,74,46,151,https://www.youtube.com/watch?v=8Ko-Y7BlXSY,0,0,0,,784,0,0,0,
2c2bf7ce933a4f34ac25c2dfa72fe565,1890,138367,522,225,3058,https://www.youtube.com/watch?v=L_YO1-aArm8,405,129,708,https://www.youtube.com/watch?v=VuOPqmIbVeI,2066,828,3058,https://www.youtube.com/watch?v=L_YO1-aArm8,684,208,153,680,https://www.twitch.tv/videos/2750924147
7eec0f9233fa49ed92c4f60fb8a82694,1890,37912,7,2,14,https://www.youtube.com/watch?v=tHcY38Qg0ts,0,0,0,,7,2,14,https://www.youtube.com/watch?v=tHcY38Qg0ts,1012,88,61,129,https://www.twitch.tv/videos/2750248989
1eb556018c7847feb170b09b8622590c,1880,112247,58,27,134,https://www.youtube.com/watch?v=3WGY1tFcc20,58,20,134,https://www.youtube.com/watch?v=3WGY1tFcc20,57,43,80,https://www.youtube.com/watch?v=sKoeOGmBYM4,0,0,0,0,
63175a6880c5427891463ff07fd0bf7e,1870,49699,0,0,0,,0,0,0,,0,0,0,,0,0,0,0,
9be037b96ffa41c9a080edf332650649,1870,100110,58,11,113,https://www.youtube.com/watch?v=3PkjB37RTtk,95,53,97,https://www.youtube.com/watch?v=1pmEBFlkqpc,8,1,113,https://www.youtube.com/watch?v=3PkjB37RTtk,0,0,0,0,
0bf305da1ec14c5c8447b9a007bc81f6,1870,186547,193,59,1258,https://www.youtube.com/watch?v=DlnUzbBvTCU,111,59,1149,https://www.youtube.com/watch?v=QAlubhuhyAk,668,91,1258,https://www.youtube.com/watch?v=DlnUzbBvTCU,971,126,72,511,https://www.twitch.tv/videos/2751574089
d564ef4ee383435787e18dee18247631,1860,57055,83,23,122,https://www.youtube.com/watch?v=AwYqFh6vsbA,57,23,93,https://www.youtube.com/watch?v=cimFO-0JzH8,110,33,122,https://www.youtube.com/watch?v=AwYqFh6vsbA,377,22,13,22,https://www.twitch.tv/videos/2749382770
14561bf5e63844f58b60deb87f443507,1850,0,0,0,0,,0,0,0,,0,0,0,,1101,266,60,341,https://www.twitch.tv/videos/2735725215
a5681ed32f994c57a107a0b9248fb228,1850,73004,84,51,445,https://www.youtube.com/watch?v=VzogFc10UrI,84,43,152,https://www.youtube.com/watch?v=YH_FCuShmqs,445,117,445,https://www.youtube.com/watch?v=VzogFc10UrI,0,0,0,0,
48b978b1705a4f61a760b05280000b34,1850,8782,0,0,0,,0,0,0,,0,0,0,,1265,0,0,0,
bee432690bb44e03940ab4a86bbbbdfd,1850,19386,0,0,0,,0,0,0,,0,0,0,,0,0,0,0,
a6a789d93f3a4352b251a51b43f98d2c,1840,45196,280,218,280,https://www.youtube.com/watch?v=trT6rfIi2gM,280,218,280,https://www.youtube.com/watch?v=trT6rfIi2gM,0,0,0,,0,0,0,0,
0fbdfcc1b9cf41fdb840cf2f546d9324,1840,137520,56,21,970,https://www.youtube.com/watch?v=oh_NcRC_lsA,56,22,970,https://www.youtube.com/watch?v=oh_NcRC_lsA,12,4,12,https://www.youtube.com/watch?v=ViYSZk8JkS4,672,0,0,0,
5ff20156ebbf4390a3573d6a94aed8df,1840,89333,135,48,447,https://www.youtube.com/watch?v=Ct854egPTrE,135,48,447,https://www.youtube.com/watch?v=Ct854egPTrE,0,0,0,,0,0,0,0,
a823412858b749f7bd2bff3739ec55b7,1830,93284,117,48,384,https://www.youtube.com/watch?v=t2unN3SEBZ4,117,48,384,https://www.youtube.com/watch?v=t2unN3SEBZ4,0,0,0,,431,50,31,50,https://www.twitch.tv/videos/2750201714
f3b487c00ef5466eaa529f3a2e8d6753,1830,34560,170,137,214,https://www.youtube.com/watch?v=hmCIxPI1zpQ,170,137,214,https://www.youtube.com/watch?v=hmCIxPI1zpQ,0,0,0,,0,0,0,0,
fe5a0ac164a940c79e430eab9995da2e,1830,181491,0,0,0,,0,0,0,,0,0,0,,111,0,0,0,
70874043d50b4e3a873742127251caa5,1830,80965,217,0,217,https://www.youtube.com/watch?v=DNoLj_UoCao,217,0,217,https://www.youtube.com/watch?v=DNoLj_UoCao,0,0,0,,0,0,0,0,
361d3dd97ee9430f85d57b61ea8f0b85,1830,155364,118,49,240,https://www.youtube.com/watch?v=JyaoRDfVBrM,118,49,240,https://www.youtube.com/watch?v=JyaoRDfVBrM,0,0,0,,0,0,0,0,
9c0184b0f01a4af4a4c2c56139682fb9,1830,41607,134,118,166,https://www.youtube.com/watch?v=ThjNPrOzKKQ,166,147,166,https://www.youtube.com/watch?v=ThjNPrOzKKQ,103,89,103,https://www.youtube.com/watch?v=GDrd4m011q0,109,0,0,0,
342f808864164047acc8ddffe88c9618,1830,132933,113,50,113,https://www.youtube.com/watch?v=pggCHYwQgKs,113,50,113,https://www.youtube.com/watch?v=pggCHYwQgKs,0,0,0,,2154,449,351,740,https://www.twitch.tv/videos/2753349115
08158657738a4949bce0cbbc36c4e701,1820,76900,0,0,0,,0,0,0,,0,0,0,,0,0,0,0,
e72542ff8bb14e47929b037c626c320a,1820,36754,0,0,0,,0,0,0,,0,0,0,,0,0,0,0,
3bbbe40f23e344fa8889d410b7315383,1810,2082,0,0,0,,0,0,0,,0,0,0,,0,0,0,0,
0c1efcf431bc4ffbb208775a9738e348,1810,66531,0,0,0,,0,0,0,,0,0,0,,160,0,0,0,
db2f279f9960492082f3ae6ad20aca91,1810,47039,0,0,0,,0,0,0,,0,0,0,,504,0,0,0,
bff58c28269748eb99103a257886309a,1800,58991,135,43,215,https://www.youtube.com/watch?v=uFFnq66_bxY,135,43,215,https://www.youtube.com/watch?v=uFFnq66_bxY,0,0,0,,0,0,0,0,
8ad9544f4e4f42a09ec1ecb6b514729f,1800,95256,40,17,114,https://www.youtube.com/watch?v=rJf-RGmu-IU,40,17,114,https://www.youtube.com/watch?v=rJf-RGmu-IU,0,0,0,,0,0,0,0,
0da343539de64a169fe51ad653e5c73d,1800,40790,36,27,93,https://www.youtube.com/watch?v=g6o880LU1GY,36,27,93,https://www.youtube.com/watch?v=g6o880LU1GY,0,0,0,,0,0,0,0,
b023ec32c6b5474e95c7faf252925b8e,1800,50773,0,0,0,,0,0,0,,0,0,0,,403,34,26,35,https://www.twitch.tv/videos/2755817985
49c4f54141434226960845b2a46c432b,1800,61008,44,38,66,https://www.youtube.com/watch?v=7qf0gLExxHg,44,38,66,https://www.youtube.com/watch?v=7qf0gLExxHg,0,0,0,,0,0,0,0,
372962c805114682a4d16b75c13c80ed,1790,265,0,0,0,,0,0,0,,0,0,0,,0,0,0,0,
31c7fada1ab24cbd83ab4ae698955a29,1790,79122,31,17,774,https://www.youtube.com/watch?v=ByDqQX8TN5c,27,12,98,https://www.youtube.com/watch?v=tLF4UPS0KRQ,354,332,774,https://www.youtube.com/watch?v=ByDqQX8TN5c,0,0,0,0,
5efdd7a401eb430ba20cb6f391fbbce3,1790,34929,0,0,0,,0,0,0,,0,0,0,,0,0,0,0,
be84d60f2d0e452ab7d66eaeb957477f,1790,82642,6,5,11,https://www.youtube.com/watch?v=hZG-fnPbIz8,0,0,0,,6,5,11,https://www.youtube.com/watch?v=hZG-fnPbIz8,0,0,0,0,
29d3dea4a1684bec9592e2ccc3685c57,1780,64003,0,0,0,,0,0,0,,0,0,0,,0,0,0,0,
e39607950249427da8b60fa012115e44,1780,104194,877,201,877,https://www.youtube.com/watch?v=WeQRxgtsAuE,0,0,0,,877,201,877,https://www.youtube.com/watch?v=WeQRxgtsAuE,0,0,0,0,
ced6b5d82fc848a5a0f45a1b3da4cfae,1780,81158,112,51,128,https://www.youtube.com/watch?v=7SJ4NP6G9Oo,112,51,128,https://www.youtube.com/watch?v=7SJ4NP6G9Oo,0,0,0,,216,28,19,28,https://www.twitch.tv/videos/2751917536
c489b78388904133a8b93cd4d0470aad,1780,3974,0,0,0,,0,0,0,,0,0,0,,628,0,0,0,
ce59f11c200841dab2e8a5e30655a827,1770,251284,0,0,0,,0,0,0,,0,0,0,,27,0,0,0,
6cb91cbf63cd46d49566ade06d3b3418,1770,19839,42,28,1165,https://www.youtube.com/watch?v=3G5nufXAHEs,41,13,247,https://www.youtube.com/watch?v=F-GrgemoFqI,91,48,1165,https://www.youtube.com/watch?v=3G5nufXAHEs,0,0,0,0,
5612ac8b150e45e5a7381a2c07e9671a,1770,75900,78,38,298,https://www.youtube.com/watch?v=utcvOuN50HA,78,38,298,https://www.youtube.com/watch?v=utcvOuN50HA,0,0,0,,0,0,0,0,
b49c2970f97b4fd4a6762b3e9ba94f8e,1770,7696,0,0,0,,0,0,0,,0,0,0,,10042,1102,447,2134,https://www.twitch.tv/videos/2743723465
3bc6afb820df4f59b2c6ff1c25d1eed3,1770,142275,65,43,451,https://www.youtube.com/watch?v=WtxmRbsTKnE,58,39,451,https://www.youtube.com/watch?v=WtxmRbsTKnE,182,91,436,https://www.youtube.com/watch?v=m0Xiw1mOdFc,0,0,0,0,
d748a977fcd24752ad9e038468713bf2,1760,38076,69,39,117,https://www.youtube.com/watch?v=dbpn3osYbiA,69,39,117,https://www.youtube.com/watch?v=dbpn3osYbiA,0,0,0,,0,0,0,0,
8020c505099f474ca81da3023926485f,1760,104021,108,54,2290,https://www.youtube.com/watch?v=AEmQLoJL5d8,107,51,185,https://www.youtube.com/watch?v=X71GPvMiRVQ,2290,183,2290,https://www.youtube.com/watch?v=AEmQLoJL5d8,0,0,0,0,
8483ae3c14ca488394d427d271854d88,1750,35698,0,0,0,,0,0,0,,0,0,0,,43,0,0,0,
66830cad0b9949689741b0dc5ef39d29,1750,49265,0,0,0,,0,0,0,,0,0,0,,0,0,0,0,
d0c2bb3e9091413e8d245bdc217e9420,1750,54700,62,9,107,https://www.youtube.com/watch?v=n7dJGMv0yxA,62,9,107,https://www.youtube.com/watch?v=n7dJGMv0yxA,0,0,0,,0,0,0,0,
0f7d7faa487642d0a8ff6d5fc8dbc394,1750,150995,118,112,118,https://www.youtube.com/watch?v=M4MaHSOL8cc,0,0,0,,118,112,118,https://www.youtube.com/watch?v=M4MaHSOL8cc,1676,471,98,1886,https://www.twitch.tv/videos/2756654631
3584322d47f14c7aa8f6e98511d3c54a,1750,1129,0,0,0,,0,0,0,,0,0,0,,1045,0,0,0,
637a5867616a436ba0f7cdd36057f55a,1750,137805,99,67,788,https://www.youtube.com/watch?v=8rs3tr0sbe4,99,67,788,https://www.youtube.com/watch?v=8rs3tr0sbe4,135,101,453,https://www.youtube.com/watch?v=jRq3T83AT0I,96,0,0,0,
7cc197b36bc64bf38aaf98a17eaf8d31,1750,172923,1059,736,1751,https://www.youtube.com/watch?v=fkCRHrlgOMI,123,106,164,https://www.youtube.com/watch?v=HdKHP3npHGE,1397,1038,1751,https://www.youtube.com/watch?v=fkCRHrlgOMI,0,0,0,0,
3a8fe50b02d04b45af3974ed979c52eb,1750,82902,241,89,1475,https://www.youtube.com/watch?v=Pj50wnX82lo,223,60,320,https://www.youtube.com/watch?v=Nv1Z3i9BCd4,1392,543,1475,https://www.youtube.com/watch?v=Pj50wnX82lo,0,0,0,0,
2e8c364f691740dd81c0fa61727a9790,1750,596481,0,0,0,,0,0,0,,0,0,0,,3787,0,0,0,
2e58c53f72f144dbad853ca8630dab19,1740,51126,261,110,1346,https://www.youtube.com/watch?v=82EGocUIb_Y,261,110,1346,https://www.youtube.com/watch?v=82EGocUIb_Y,0,0,0,,143,0,0,0,
6fa5098cd1c644c5871a47a7e56803dc,1740,49371,324,175,500,https://www.youtube.com/watch?v=AFlRT_HhNsE,324,175,500,https://www.youtube.com/watch?v=AFlRT_HhNsE,0,0,0,,257,0,0,0,
673abaca34d047b49b11d50214a9a463,1740,78688,181,74,248,https://www.youtube.com/watch?v=8c0uE5l4SYg,181,64,248,https://www.youtube.com/watch?v=8c0uE5l4SYg,182,170,182,https://www.youtube.com/watch?v=i7dQC6W3L-M,86,0,0,0,
018244f1ad404c9eaa4ddf747c3bafa0,1740,221021,172,83,346,https://www.youtube.com/watch?v=DKb1hnAEkIo,183,86,346,https://www.youtube.com/watch?v=DKb1hnAEkIo,100,32,135,https://www.youtube.com/watch?v=4fftNOPa6Q8,0,0,0,0,
f3fa92d46e744da29b61f9468c76b9a5,1730,38899,87,15,87,https://www.youtube.com/watch?v=X9Xelr_zEH4,87,15,87,https://www.youtube.com/watch?v=X9Xelr_zEH4,0,0,0,,0,0,0,0,
a0ac84f84b914c21acf669844a163436,1730,39498,157,11,157,https://www.youtube.com/watch?v=noi1a_NfLA4,157,11,157,https://www.youtube.com/watch?v=noi1a_NfLA4,0,0,0,,410,286,209,475,https://www.twitch.tv/videos/2757634359
dc8226bfc9c64cf5bc768f387a41c48d,1730,25252,0,0,0,,0,0,0,,0,0,0,,0,0,0,0,
8f7fdc3104f541539132c122eeab6801,1730,36229,109,68,1441,https://www.youtube.com/watch?v=u_RXqZ4HO7k,107,64,200,https://www.youtube.com/watch?v=_O3X3XG7i3E,167,71,1441,https://www.youtube.com/watch?v=u_RXqZ4HO7k,0,0,0,0,
b0e88b4d4e5d41c4b5edd07540dc3637,1720,138221,72,22,102,https://www.youtube.com/watch?v=YXaJ1QERo1o,72,22,102,https://www.youtube.com/watch?v=YXaJ1QERo1o,0,0,0,,0,0,0,0,
84cccbea595d4bc69426d5c75f1ac3a4,1720,89408,0,0,0,,0,0,0,,0,0,0,,0,0,0,0,
f3914ae7ae6541198b6b5f4d63febe48,1710,49216,0,0,0,,0,0,0,,0,0,0,,0,0,0,0,
e9fa90c6824c47abbfd114e9cd9b4125,1710,108755,57,27,4018,https://www.youtube.com/watch?v=yVdnS5Enpf0,56,23,73,https://www.youtube.com/watch?v=rcV8HYRgB94,2750,1249,4018,https://www.youtube.com/watch?v=yVdnS5Enpf0,0,0,0,0,
8c171b8f4b854cbfade4ee2babc19e0f,1710,37939,116,47,1293,https://www.youtube.com/watch?v=luafOySUMF8,113,44,235,https://www.youtube.com/watch?v=cPYcQMBXGGY,834,242,1293,https://www.youtube.com/watch?v=luafOySUMF8,0,0,0,0,
1e0ca2c7a8d7493baa62b792d78e7b07,1700,131402,130,51,251,https://www.youtube.com/watch?v=D9N_k9-lySc,130,51,251,https://www.youtube.com/watch?v=D9N_k9-lySc,0,0,0,,0,0,0,0,
dbe3f9880dec4a03bcc1943343455a6c,1700,77095,98,76,141,https://www.youtube.com/watch?v=opuhCghdMGk,98,76,141,https://www.youtube.com/watch?v=opuhCghdMGk,0,0,0,,0,0,0,0,
8f1a38101d324afcbfc7df27d5d1e0a9,1700,194951,29,18,254,https://www.youtube.com/watch?v=hGX1GvHUh9c,25,13,254,https://www.youtube.com/watch?v=hGX1GvHUh9c,76,66,76,https://www.youtube.com/watch?v=kZW9jLTCScA,0,0,0,0,
351e16ae67e14d5e8c7294284c2ded4d,1690,25137,0,0,0,,0,0,0,,0,0,0,,699,0,0,0,
1c304e8690e2400d9482f1173f59ad70,1690,89653,323,40,1429,https://www.youtube.com/watch?v=pS9MQkhJvMA,323,40,659,https://www.youtube.com/watch?v=FYUoEWwVURA,790,162,1429,https://www.youtube.com/watch?v=pS9MQkhJvMA,211,78,60,147,https://www.twitch.tv/videos/2747756523
7d3b310a867942cab270e48f7a397e0d,1690,42285,44,24,1871,https://www.youtube.com/watch?v=5eHeKUjY9rQ,43,16,102,https://www.youtube.com/watch?v=IQqRdAWnAHY,785,174,1871,https://www.youtube.com/watch?v=5eHeKUjY9rQ,890,0,0,0,
df7bcc29e3204005877b25cdad9206b7,1680,81035,0,0,0,,0,0,0,,0,0,0,,0,0,0,0,
608b617ad99c4f18b97d10560e254b4b,1680,53078,107,37,397,https://www.youtube.com/watch?v=h12w_MqYgaY,104,35,397,https://www.youtube.com/watch?v=h12w_MqYgaY,282,91,325,https://www.youtube.com/watch?v=pu3wmeGKK1M,0,0,0,0,
9deb096c2fb943a7ae7487bf25e28026,1680,118734,145,63,705,https://www.youtube.com/watch?v=hlV42I-SuFY,145,63,179,https://www.youtube.com/watch?v=MXAy4dD_Tl8,411,64,705,https://www.youtube.com/watch?v=hlV42I-SuFY,1367,186,151,301,https://www.twitch.tv/videos/2750283615
44ae1f339250472c82d1fc4ffb3610ad,1680,73613,449,205,648,https://www.youtube.com/watch?v=t0tEi7o5Tw8,449,205,648,https://www.youtube.com/watch?v=t0tEi7o5Tw8,0,0,0,,2702,1112,558,38106,https://www.twitch.tv/videos/2758111667
1f445fb1ee7447c2add6738b86570b2e,1670,70268,0,0,0,,0,0,0,,0,0,0,,0,0,0,0,
af9a2d0fab684be9b9da09e251f6bae6,1670,78971,161,75,3814,https://www.youtube.com/watch?v=rlm_EFx_NeM,141,58,219,https://www.youtube.com/watch?v=t04Y6CLp2cQ,1764,531,3814,https://www.youtube.com/watch?v=rlm_EFx_NeM,416,288,214,372,https://www.twitch.tv/videos/2754924380
d18dd7d3e19f469b9e3faaa6c1fe2b0d,1670,36033,90,27,226,https://www.youtube.com/watch?v=VMXlb_PTgao,90,27,226,https://www.youtube.com/watch?v=VMXlb_PTgao,0,0,0,,227,0,0,0,
60a400d6a5d841f78b352675c383dbef,1670,47701,0,0,0,,0,0,0,,0,0,0,,0,0,0,0,
21a819efced54f6991abd3fc0b43091f,1670,124853,225,94,1667,https://www.youtube.com/watch?v=Meo-CYwptG4,104,57,225,https://www.youtube.com/watch?v=9Yz6lX9d4C4,1341,593,1667,https://www.youtube.com/watch?v=Meo-CYwptG4,816,138,107,160,https://www.twitch.tv/videos/2751048331
eb54f557a3734bfda57ecddd8df07681,1670,43360,0,0,0,,0,0,0,,0,0,0,,539,136,86,136,https://www.twitch.tv/videos/2750239168
7eb39f4278b04ed485060a084cd07876,1670,62014,0,0,0,,0,0,0,,0,0,0,,0,0,0,0,
3e41189706dd483db4e407c295b058ce,1660,99134,56,29,1024,https://www.youtube.com/watch?v=LifFU4RvjxI,56,29,133,https://www.youtube.com/watch?v=svqtDz83Zrc,530,227,1024,https://www.youtube.com/watch?v=LifFU4RvjxI,4763,452,228,150603,https://www.twitch.tv/videos/2750160567
cfa15a7e93824927ad4b84a519b0ab68,1660,608609,2352,1225,4808,https://www.youtube.com/watch?v=fCfQBPZkQmM,0,0,0,,2352,1225,4808,https://www.youtube.com/watch?v=fCfQBPZkQmM,0,0,0,0,
ecbeda5532474bdb8d08d4e15ce98d89,1660,15209,0,0,0,,0,0,0,,0,0,0,,3009,229,200,229,https://www.twitch.tv/videos/2755984271
1257fb7258eb49ad8cf58ed64b800056,1660,47449,0,0,0,,0,0,0,,0,0,0,,789,167,61,592,https://www.twitch.tv/videos/2739254277
10c8c9b647e7464f9d95c7c1a865da01,1650,118255,66,21,2002,https://www.youtube.com/watch?v=r-ZYdSBtNmk,30,12,85,https://www.youtube.com/watch?v=oKVojeS1pzA,701,418,2002,https://www.youtube.com/watch?v=r-ZYdSBtNmk,2101,161,128,233,https://www.twitch.tv/videos/2753218905
e3451dd6f3c0444c888eb6f67704613a,1650,62084,158,76,406,https://www.youtube.com/watch?v=yBcLPTFpD_Q,158,76,406,https://www.youtube.com/watch?v=yBcLPTFpD_Q,0,0,0,,0,0,0,0,
7259f7e619e943018e64fb24d4d20e34,1650,34126,143,114,161,https://www.youtube.com/watch?v=HCI2OvBTFko,143,114,161,https://www.youtube.com/watch?v=HCI2OvBTFko,0,0,0,,0,0,0,0,
f7bfeaf6288f4afe80b62dab32698a0c,1640,521845,57,22,107,https://www.youtube.com/watch?v=deBQALnoAQA,65,30,107,https://www.youtube.com/watch?v=deBQALnoAQA,34,18,96,https://www.youtube.com/watch?v=LNF96ICWrUI,335,0,0,0,
7e50374d02184a429cfc6dfba9b52e2f,1640,9671,0,0,0,,0,0,0,,0,0,0,,392,62,35,75,https://www.twitch.tv/videos/2748641085
c192b6e25df841ad85cbc8bbf0bd8bfe,1640,109905,0,0,0,,0,0,0,,0,0,0,,0,0,0,0,
607d6173383c4118a32171fbcfc98e60,1640,42337,3,2,19,https://www.youtube.com/watch?v=vOnoC6uNYcU,0,0,0,,3,2,19,https://www.youtube.com/watch?v=vOnoC6uNYcU,16610,4363,3361,4363,https://www.twitch.tv/videos/2753485050
7d6a4fa5389c461bb553b8190c5e951f,1640,105227,0,0,0,,0,0,0,,0,0,0,,0,0,0,0,
306117a48f3445baad1d6a919ed340bb,1630,69410,165,71,1096,https://www.youtube.com/watch?v=bo-M60tCcEQ,153,66,324,https://www.youtube.com/watch?v=ou_yKyeaIWE,701,450,1096,https://www.youtube.com/watch?v=bo-M60tCcEQ,151,0,0,0,
46e494bf06c640da95ad1b0b81631d98,1630,262872,51,33,2087,https://www.youtube.com/watch?v=Lwq8TKOCaZ4,48,31,99,https://www.youtube.com/watch?v=x8kvM6JAEfE,1063,490,2087,https://www.youtube.com/watch?v=Lwq8TKOCaZ4,926,27,24,47,https://www.twitch.tv/videos/2751719734
bdcf0d95e6544ebaaddbfba94839cd6b,1630,91333,52,13,103,https://www.youtube.com/watch?v=NwDyrUs5T-4,52,19,67,https://www.youtube.com/watch?v=trGc21r6uWM,23,10,103,https://www.youtube.com/watch?v=NwDyrUs5T-4,0,0,0,0,
7e26ddf485a84c0cb6d781a3bf432c55,1630,38996,0,0,0,,0,0,0,,0,0,0,,3963,0,0,0,
bc7d14416ba24cc8819f0753e1f595f5,1630,309182,122,86,784,https://www.youtube.com/watch?v=2-iHp5q_Mbw,122,86,784,https://www.youtube.com/watch?v=2-iHp5q_Mbw,0,0,0,,0,0,0,0,
e8ec42e35b774df8a21ae98a0d01fdc0,1630,1203850,111,61,4337,https://www.youtube.com/watch?v=csbJ8eHDF6s,44,27,140,https://www.youtube.com/watch?v=h-6s1xhhztE,891,254,4337,https://www.youtube.com/watch?v=csbJ8eHDF6s,0,0,0,0,
c45e260cafa14b3fab4030fb339ed1ab,1630,76642,47,28,204,https://www.youtube.com/watch?v=ImLlFiBk8_0,47,30,69,https://www.youtube.com/watch?v=6qFN8nbSBeI,204,1,204,https://www.youtube.com/watch?v=ImLlFiBk8_0,28,0,0,0,
b9086ee5f7b54353a5ba85c973b2e2af,1630,64987,70,41,70,https://www.youtube.com/watch?v=aNtpX5-GisI,70,41,70,https://www.youtube.com/watch?v=aNtpX5-GisI,0,0,0,,0,0,0,0,
4077520d348749e49598cd5fa1058b6a,1630,60079,19,10,93,https://www.youtube.com/watch?v=jlFa_YsIGrU,19,10,93,https://www.youtube.com/watch?v=jlFa_YsIGrU,0,0,0,,263,0,0,0,
da503b835e2a41d58433ebf6960db356,1630,59978,139,11,139,https://www.youtube.com/watch?v=WVsLSG7tFQw,0,0,0,,139,11,139,https://www.youtube.com/watch?v=WVsLSG7tFQw,783,0,0,0,
80e2f3365bfd4479a3594c3278311103,1620,0,0,0,0,,0,0,0,,0,0,0,,2261,0,0,0,
7425576151124e11a94609fd1b8687bc,1620,62229,0,0,0,,0,0,0,,0,0,0,,2035,0,0,0,
bee9506c5d714205bfc69573280852c2,1620,123085,670,92,1937,https://www.youtube.com/watch?v=5zkPos8PE7Q,89,24,252,https://www.youtube.com/watch?v=OWXar5btfPM,1424,502,1937,https://www.youtube.com/watch?v=5zkPos8PE7Q,2135,85,55,87,https://www.twitch.tv/videos/2750273056
5dc565de88a948ecb092cce178aafe60,1620,477537,0,0,0,,0,0,0,,0,0,0,,414,0,0,0,
d3b1e8a5a2c74d2395dc33869caadb50,1620,7172,0,0,0,,0,0,0,,0,0,0,,0,0,0,0,
9e5e58a212584007b1ab1f22f5c59438,1610,135787,134,75,510,https://www.youtube.com/watch?v=muMCo_56fHU,134,75,510,https://www.youtube.com/watch?v=muMCo_56fHU,0,0,0,,0,0,0,0,
c4651b162abb45c3a85640e3d456fa71,1610,57892,25,19,43,https://www.youtube.com/watch?v=t55YpXndvxo,25,19,43,https://www.youtube.com/watch?v=t55YpXndvxo,0,0,0,,320,0,0,0,
a1915cccb8584d57b9b22975263c7af4,1610,268809,82,32,109,https://www.youtube.com/watch?v=3f0zz9Q6OW0,67,18,104,https://www.youtube.com/watch?v=p3w4NBQn_nU,109,72,109,https://www.youtube.com/watch?v=3f0zz9Q6OW0,0,0,0,0,
67674d86fce54eceb37e0dc4ea802132,1610,121657,74,34,481,https://www.youtube.com/watch?v=wfJfAJqJyO8,74,36,299,https://www.youtube.com/watch?v=V7wKpm4r5Jo,62,22,481,https://www.youtube.com/watch?v=wfJfAJqJyO8,92,5,4,16,https://www.twitch.tv/videos/2754312148
53cd965ca91e495887b89aabd6314402,1600,32095,54,27,82,https://www.youtube.com/watch?v=VEHg2-4uTNk,54,27,82,https://www.youtube.com/watch?v=VEHg2-4uTNk,0,0,0,,16,0,0,0,
00c2bd1279064d88b05ad2d17d790e37,1600,6782,877,246,2051,https://www.youtube.com/watch?v=2aWz_PYw1Ic,0,0,0,,877,246,2051,https://www.youtube.com/watch?v=2aWz_PYw1Ic,194,0,0,0,
954590604f0e49e88fadc8ce6dafba1b,1600,93938,66,35,243,https://www.youtube.com/watch?v=__p03p1yQeg,66,35,243,https://www.youtube.com/watch?v=__p03p1yQeg,0,0,0,,0,0,0,0,
b0a7d70ae76549f5b4418e56ee4ad43f,1590,44539,76,43,1226,https://www.youtube.com/watch?v=_viZWdOyaB8,75,42,159,https://www.youtube.com/watch?v=xdHK5Fy8JhA,807,233,1226,https://www.youtube.com/watch?v=_viZWdOyaB8,1020,323,243,540,https://www.twitch.tv/videos/2754110074
7e9fc4a1ccc7445182bb3c5264d99187,1590,63199,137,46,1444,https://www.youtube.com/watch?v=L6UqS10-gvw,93,35,273,https://www.youtube.com/watch?v=tXDJnvlduhU,850,368,1444,https://www.youtube.com/watch?v=L6UqS10-gvw,0,0,0,0,
a73b969a7fe24a9aaeb9bc1c63ca6450,1590,86391,0,0,0,,0,0,0,,0,0,0,,4884,541,276,1213,https://www.twitch.tv/videos/2756385682
e214241ed6574d939e398051ae25921d,1590,65,0,0,0,,0,0,0,,0,0,0,,0,0,0,0,
86e86bf2d8e54e9083613e7398e1e7ac,1590,37091,0,0,0,,0,0,0,,0,0,0,,1817,401,258,1943,https://www.twitch.tv/videos/2750942481
8cace62dbfc34c2a9a2a348e479cdbb1,1590,193720,968,472,1131,https://www.youtube.com/watch?v=sNvk6S5-duw,17,4,17,https://www.youtube.com/watch?v=JT8ozyVamQA,1076,525,1131,https://www.youtube.com/watch?v=sNvk6S5-duw,0,0,0,0,
89f4c9a5a9374700ae9f3725cd8a3f0f,1590,145866,301,83,3556,https://www.youtube.com/watch?v=6FUeOjatJyM,90,35,154,https://www.youtube.com/watch?v=zDzEpTN8_Zs,1211,559,3556,https://www.youtube.com/watch?v=6FUeOjatJyM,178,110,88,149,https://www.twitch.tv/videos/2755847548
2913f17e61014f7691e016fae8468404,1590,72885,66,25,505,https://www.youtube.com/watch?v=D3HHBW-ggAE,53,17,66,https://www.youtube.com/watch?v=h6HZKCvAqZo,505,234,505,https://www.youtube.com/watch?v=D3HHBW-ggAE,265,0,0,0,
905304e606344aba8c84b83717453f5e,1580,69761,112,52,391,https://www.youtube.com/watch?v=WNMi5rm7G-c,112,52,391,https://www.youtube.com/watch?v=WNMi5rm7G-c,0,0,0,,0,0,0,0,
9a7b7c9c31da44aca5a68395a2e69488,1580,706186,35,19,256,https://www.youtube.com/watch?v=eAoVXKGAx3Y,33,19,256,https://www.youtube.com/watch?v=eAoVXKGAx3Y,86,27,127,https://www.youtube.com/watch?v=pfbP1AZoDrg,114,0,0,0,
a725f6babc5f44779d7389886c6cd7b7,1580,58093,88,42,742,https://www.youtube.com/watch?v=31AfikBYcS0,88,42,742,https://www.youtube.com/watch?v=31AfikBYcS0,0,0,0,,0,0,0,0,
055f10f2da424da8bfbfe9d01b15fb11,1580,44111,81,52,147,https://www.youtube.com/watch?v=n6YjqFlMmQw,81,52,147,https://www.youtube.com/watch?v=n6YjqFlMmQw,0,0,0,,39,0,0,0,
95fa8eef249d4edca59594271fedc487,1570,52562,0,0,0,,0,0,0,,0,0,0,,0,0,0,0,
94f9966aa28a45e1ab4b94507037d1d7,1570,144206,146,68,274,https://www.youtube.com/watch?v=DxmIivs_Mv4,146,68,274,https://www.youtube.com/watch?v=DxmIivs_Mv4,0,0,0,,0,0,0,0,
c4fafcb15c694ad5ab88d1948d401e54,1570,83188,91,41,390,https://www.youtube.com/watch?v=fIRToniAHgU,91,41,390,https://www.youtube.com/watch?v=fIRToniAHgU,0,0,0,,174,0,0,0,
5b1bd72acc95440cb3aa381c89cfca3c,1560,90463,374,113,467,https://www.youtube.com/watch?v=vg2grTcaea4,0,0,0,,374,113,467,https://www.youtube.com/watch?v=vg2grTcaea4,0,0,0,0,
a112fc34dd9944a5a15f50c1c078aa3e,1560,126720,92,69,116,https://www.youtube.com/watch?v=sY8Zt5HDl1w,92,69,116,https://www.youtube.com/watch?v=sY8Zt5HDl1w,0,0,0,,0,0,0,0,
bf03fd8b5b55481590ea63338c5cdd20,1550,29291,0,0,0,,0,0,0,,0,0,0,,4039,0,0,0,
95eabea4e8014fedb5d34ea27137a4ca,1550,129613,98,66,1421,https://www.youtube.com/watch?v=68qDDfVzbm0,94,64,172,https://www.youtube.com/watch?v=ObAgdAJlQCs,1289,481,1421,https://www.youtube.com/watch?v=68qDDfVzbm0,0,0,0,0,
904f58005872497b82964fff25490152,1550,22045,0,0,0,,0,0,0,,0,0,0,,190,0,0,0,
1cdbceb7ad414bb59b3a9563a93fe840,1550,64833,227,115,227,https://www.youtube.com/watch?v=lGB9oUQ6k28,227,115,227,https://www.youtube.com/watch?v=lGB9oUQ6k28,0,0,0,,0,0,0,0,
e312462015a2454087c9fe83dd939994,1550,29867,83,46,133,https://www.youtube.com/watch?v=nma4xHGL4cw,83,46,133,https://www.youtube.com/watch?v=nma4xHGL4cw,0,0,0,,0,0,0,0,
1eef416d7ad94b6aa728e10d6da10304,1540,69211,40,23,80,https://www.youtube.com/watch?v=0nSDdsvUEFs,0,0,0,,40,23,80,https://www.youtube.com/watch?v=0nSDdsvUEFs,2036,665,380,665,https://www.twitch.tv/videos/2748666052
cbd9ed35dc0045aa9c57bb9ee14b02e0,1540,693610,12,3,13,https://www.youtube.com/watch?v=0DXZrfOlIfQ,0,0,0,,12,3,13,https://www.youtube.com/watch?v=0DXZrfOlIfQ,0,0,0,0,
1be625b10e2f4e65bab5b19d10a4d0b1,1540,18462,0,0,0,,0,0,0,,0,0,0,,0,0,0,0,
ee7cfe445bc84d6fa7fff5df6fbf0d32,1530,45636,72,25,72,https://www.youtube.com/watch?v=NdDeYEd1F7Y,72,25,72,https://www.youtube.com/watch?v=NdDeYEd1F7Y,0,0,0,,731,0,0,0,
e210fb08b0744535a907823fa9f062cc,1530,52812,0,0,0,,0,0,0,,0,0,0,,1214,323,100,582,https://www.twitch.tv/videos/2754001693
076c16fcd0c843c0b70748712d15f233,1520,30485,145,124,1075,https://www.youtube.com/watch?v=SulYGe4tHP0,131,86,1075,https://www.youtube.com/watch?v=SulYGe4tHP0,179,156,206,https://www.youtube.com/watch?v=_3ngDg6ZWOE,0,0,0,0,
d57b7459ef5949ef96672a96fb33d8a2,1520,62975,106,86,106,https://www.youtube.com/watch?v=Hi61rxSbToo,106,86,106,https://www.youtube.com/watch?v=Hi61rxSbToo,0,0,0,,1100,275,181,406,https://www.twitch.tv/videos/2750966249
260f0fb7a8b1421394c38114230479bb,1520,65400,52,25,154,https://www.youtube.com/watch?v=1q_YWST60ak,52,25,154,https://www.youtube.com/watch?v=1q_YWST60ak,0,0,0,,141,22,17,30,https://www.twitch.tv/videos/2753486612
2ead897ab38c4530aeeb69a2f02da623,1520,69250,100,57,537,https://www.youtube.com/watch?v=KmfBz3--0bk,100,57,521,https://www.youtube.com/watch?v=Wm_j57Vbquc,305,85,537,https://www.youtube.com/watch?v=KmfBz3--0bk,0,0,0,0,
c6ce333916b446d48d27be05df1a218e,1510,30943,69,33,90,https://www.youtube.com/watch?v=8OTZBKPAvAQ,69,33,90,https://www.youtube.com/watch?v=8OTZBKPAvAQ,0,0,0,,551,33,25,59,https://www.twitch.tv/videos/2758275236
c506f1ab266f47e2be683220533a4790,1510,43188,38,20,187,https://www.youtube.com/watch?v=Xf_D35NPgWc,26,17,51,https://www.youtube.com/watch?v=0nxYTHkrhXM,133,36,187,https://www.youtube.com/watch?v=Xf_D35NPgWc,0,0,0,0,
eaa1d55ba99c40ce82413701233efdbd,1510,60384,41,24,71,https://www.youtube.com/watch?v=bQjp8YrGELs,41,24,71,https://www.youtube.com/watch?v=bQjp8YrGELs,0,0,0,,0,0,0,0,
b88e19a358b843068cd5bd7ec103d521,1510,133855,145,79,1246,https://www.youtube.com/watch?v=19zf10dlmtI,142,70,171,https://www.youtube.com/watch?v=lRJbqrTwxeo,1246,830,1246,https://www.youtube.com/watch?v=19zf10dlmtI,0,0,0,0,
d70830a282b9446f89bc9d82c88b8db3,1510,133215,0,0,0,,0,0,0,,0,0,0,,265,0,0,0,
6d61885259b744a28c7b92c0785e8fe9,1500,0,0,0,0,,0,0,0,,0,0,0,,854,0,0,0,
dcc5b43448044231a3a8710d144b2602,1500,130177,140,77,213,https://www.youtube.com/watch?v=1tOBX705dCU,140,77,213,https://www.youtube.com/watch?v=1tOBX705dCU,0,0,0,,0,0,0,0,
5ce810e28ea54f5bacd55573589f4e4e,1500,99273,42,30,79,https://www.youtube.com/watch?v=uU9S4Df6S94,42,30,79,https://www.youtube.com/watch?v=uU9S4Df6S94,0,0,0,,0,0,0,0,
02dadd7977b8412b99f101241de4cb3f,1500,77992,36,13,77,https://www.youtube.com/watch?v=5HVPv0fo7XU,36,13,77,https://www.youtube.com/watch?v=5HVPv0fo7XU,0,0,0,,1073,83,66,133,https://www.twitch.tv/videos/2748616287
b8ce93818de34a93901147e5d9857170,1490,85826,0,0,0,,0,0,0,,0,0,0,,0,0,0,0,
a881100803aa4abc84dc3cc814dca0e7,1490,53939,1425,794,2781,https://www.youtube.com/watch?v=wJ4klUjQQsI,70,6,70,https://www.youtube.com/watch?v=UMjsR70-ciI,2781,1583,2781,https://www.youtube.com/watch?v=wJ4klUjQQsI,0,0,0,0,
4c466d73397a4899b4ca26f90aaf57ad,1490,159053,1136,407,1508,https://www.youtube.com/watch?v=PNj-Rs2FkUQ,0,0,0,,1136,407,1508,https://www.youtube.com/watch?v=PNj-Rs2FkUQ,167,0,0,0,
91025114208d41b2bff535d6e277017e,1490,65755,49,29,63,https://www.youtube.com/watch?v=IVdm6LIM_18,49,29,63,https://www.youtube.com/watch?v=IVdm6LIM_18,0,0,0,,0,0,0,0,
489752f0b42c49b785d43f1207429983,1490,44163,48,42,48,https://www.youtube.com/watch?v=hPbMI6x2V8U,48,42,48,https://www.youtube.com/watch?v=hPbMI6x2V8U,0,0,0,,0,0,0,0,
6db0d51e6ac9410f84f79e57448b8a60,1490,148250,162,83,250,https://www.youtube.com/watch?v=YS6WuXEZv-o,162,83,250,https://www.youtube.com/watch?v=YS6WuXEZv-o,0,0,0,,0,0,0,0,
12f51c457b27425fa98fe89c24ccb61c,1490,29173,0,0,0,,0,0,0,,0,0,0,,0,0,0,0,
3cf7289a95834ae1a25d4cb2909a1a9e,1480,50675,0,0,0,,0,0,0,,0,0,0,,0,0,0,0,
d62ad85ae5434754bc4f9f366815064a,1480,44888,0,0,0,,0,0,0,,0,0,0,,0,0,0,0,
77829b31e6e246efbf1f648a353ff823,1480,256533,174,95,1534,https://www.youtube.com/watch?v=J0T-J7iz9Bo,146,95,1060,https://www.youtube.com/watch?v=d_m516Yjpiw,1192,124,1534,https://www.youtube.com/watch?v=J0T-J7iz9Bo,0,0,0,0,
356186a5552f499baab4ac520b7d4235,1480,89843,142,73,1885,https://www.youtube.com/watch?v=H_EGCsM6pL4,134,69,167,https://www.youtube.com/watch?v=5K_MHNLbVII,689,412,1885,https://www.youtube.com/watch?v=H_EGCsM6pL4,0,0,0,0,
1be04e1564c34845bee20467cdb8cfd1,1470,121214,0,0,0,,0,0,0,,0,0,0,,0,0,0,0,
2131a63328214b7f9a1022dae6890d66,1470,79206,63,33,196,https://www.youtube.com/watch?v=CL3BujKMoaQ,63,33,196,https://www.youtube.com/watch?v=CL3BujKMoaQ,0,0,0,,358,0,0,0,
2cc874f341184fb799b01c399477c0b4,1460,64382,122,74,122,https://www.youtube.com/watch?v=UkNLSYQIGeI,122,74,122,https://www.youtube.com/watch?v=UkNLSYQIGeI,0,0,0,,152,0,0,0,
091ac99f10804fe3b417a0f285731b4e,1460,201,102,34,143,https://www.youtube.com/watch?v=HQNjD8uJxSo,102,34,143,https://www.youtube.com/watch?v=HQNjD8uJxSo,0,0,0,,468,0,0,0,
8044e4d538ab4e16b1952c8e42dee12e,1450,139602,45,27,175,https://www.youtube.com/watch?v=-gNp5cQA95E,42,25,175,https://www.youtube.com/watch?v=-gNp5cQA95E,102,88,102,https://www.youtube.com/watch?v=KjPpiN9yHes,0,0,0,0,
fcb4d9b8cd4a49dba6b421d97c179065,1450,66266,0,0,0,,0,0,0,,0,0,0,,1204,252,155,254,https://www.twitch.tv/videos/2749655042
6e6fd1311d2f42228faa8b1ccb0fa589,1450,76308,74,39,78,https://www.youtube.com/watch?v=x6y6PqPfQPE,74,39,78,https://www.youtube.com/watch?v=x6y6PqPfQPE,0,0,0,,0,0,0,0,
687568c1c9254c8ab34e7b6efbdd6dbc,1450,200423,71,35,75,https://www.youtube.com/watch?v=yWP3tbicvMA,71,35,75,https://www.youtube.com/watch?v=yWP3tbicvMA,0,0,0,,0,0,0,0,
a2188c1a225e4f93a64e3385fa02d779,1450,83129,0,0,0,,0,0,0,,0,0,0,,0,0,0,0,
889bb42644a14ae4af2b3594c51d057b,1450,79374,56,26,180,https://www.youtube.com/watch?v=d-v1YueUqqE,55,22,180,https://www.youtube.com/watch?v=d-v1YueUqqE,103,37,103,https://www.youtube.com/watch?v=orsNzM5Oeb4,0,0,0,0,
46ca57774cd7476d86727882d07bd918,1440,70003,92,52,2550,https://www.youtube.com/watch?v=esJROkcEQaU,79,31,102,https://www.youtube.com/watch?v=v0rHh1hdoGk,1765,1057,2550,https://www.youtube.com/watch?v=esJROkcEQaU,145,199,159,199,https://www.twitch.tv/videos/2754271159
0dbf3f6f6521460782992a963122aed0,1440,251845,116,49,539,https://www.youtube.com/watch?v=JDQhXtoGq10,124,47,218,https://www.youtube.com/watch?v=5QQEoilCovU,87,51,539,https://www.youtube.com/watch?v=JDQhXtoGq10,334,91,59,101,https://www.twitch.tv/videos/2751036059
0ec3bf23ccba41659f6d91e424fb2b4a,1440,56607,0,0,0,,0,0,0,,0,0,0,,0,0,0,0,
5bc1ba6d941e4eca868a5b33425c3262,1430,0,0,0,0,,0,0,0,,0,0,0,,1193,0,0,0,
747fb5e9d30240a1ac42fbf37e86b55d,1430,111731,53,37,252,https://www.youtube.com/watch?v=z108Cqj8qOM,51,25,158,https://www.youtube.com/watch?v=mwwBbvkmqi8,252,202,252,https://www.youtube.com/watch?v=z108Cqj8qOM,415,13,10,21,https://www.twitch.tv/videos/2755039679
564b411dc4874310be6f8ee9bb7a0312,1420,99522,0,0,0,,0,0,0,,0,0,0,,0,0,0,0,
58588863643843439cebc85ef72654bb,1410,102145,54,31,265,https://www.youtube.com/watch?v=qX-1KdvK_Vo,53,27,74,https://www.youtube.com/watch?v=3EQROTCDlm4,265,184,265,https://www.youtube.com/watch?v=qX-1KdvK_Vo,0,0,0,0,
2ea398a50afd48c3a9e3a819186a4375,1410,61459,225,104,743,https://www.youtube.com/watch?v=knnit670AyY,225,104,743,https://www.youtube.com/watch?v=knnit670AyY,0,0,0,,150,0,0,0,
aabaf7767fa5449b86f58160496d0d4c,1400,74601,93,40,187,https://www.youtube.com/watch?v=B8TK89Dlk8M,93,40,187,https://www.youtube.com/watch?v=B8TK89Dlk8M,0,0,0,,0,0,0,0,
bf425f4bc9154c00918ed885bdced632,1400,82461,96,14,182,https://www.youtube.com/watch?v=z0zhCevbuns,182,18,182,https://www.youtube.com/watch?v=z0zhCevbuns,11,10,11,https://www.youtube.com/watch?v=zCw2lVHZ5WU,0,0,0,0,
6adad1ae67dc495dae88cefa06446593,1400,106776,0,0,0,,0,0,0,,0,0,0,,0,0,0,0,
a7410ae72f2d4648bcf192c21abd7c32,1400,52461,0,0,0,,0,0,0,,0,0,0,,173,0,0,0,
c6a8cee6b8e042518ef58659113b3f34,1390,69285,139,45,168,https://www.youtube.com/watch?v=0sluICKj5nQ,139,45,168,https://www.youtube.com/watch?v=0sluICKj5nQ,0,0,0,,0,0,0,0,
1b6e28ac923f4134a3627badc2fa8ef6,1390,68675,0,0,0,,0,0,0,,0,0,0,,490,0,0,0,
5a901d793927414493afa87af0c4baec,1390,28559,0,0,0,,0,0,0,,0,0,0,,1443,0,0,0,
30f58f5fd3994b9a8751b3f44e543c17,1390,105894,55,49,55,https://www.youtube.com/watch?v=JgmDPSZGnks,55,49,55,https://www.youtube.com/watch?v=JgmDPSZGnks,0,0,0,,0,0,0,0,
e63047f70b0b4a7eba70e7d8cbd507ec,1380,31133,0,0,0,,0,0,0,,0,0,0,,0,0,0,0,
5356357f112b46db862b472a4aafcee8,1380,44912,152,67,2073,https://www.youtube.com/watch?v=GlfNiwNdgog,152,67,178,https://www.youtube.com/watch?v=Evs4gZy9lL0,164,92,2073,https://www.youtube.com/watch?v=GlfNiwNdgog,1290,30,28,39,https://www.twitch.tv/videos/2757517637
43056077596a49349ee4bea028f670f6,1380,80731,179,107,183,https://www.youtube.com/watch?v=S5eM8ytnfjg,179,107,183,https://www.youtube.com/watch?v=S5eM8ytnfjg,0,0,0,,305,266,248,266,https://www.twitch.tv/videos/2757433598
303c4cd8cf334f01805afdd8df5adc7f,1380,57420,65,29,86,https://www.youtube.com/watch?v=NjgKJL_pi4k,65,29,86,https://www.youtube.com/watch?v=NjgKJL_pi4k,0,0,0,,0,0,0,0,
ea8cc7c4366d48c797a88bfbcf584301,1380,35751,0,0,0,,0,0,0,,0,0,0,,156,0,0,0,
188bbf1349f1482cbd24d06ba720cf17,1380,18383,0,0,0,,0,0,0,,0,0,0,,885,72,40,99,https://www.twitch.tv/videos/2748590244
aa0d8c2604694532a20aaf0f0ced8a5e,1370,0,0,0,0,,0,0,0,,0,0,0,,2525,0,0,0,
de1fec02e4ab43aa948a415621abc524,1370,88117,0,0,0,,0,0,0,,0,0,0,,0,0,0,0,
bc77dc55cf9b4be88c878ac4b5c07438,1370,25873,0,0,0,,0,0,0,,0,0,0,,792,236,166,375,https://www.twitch.tv/videos/2749205396
9948190bc88442f4a0757eed54fb24f0,1370,30991,212,103,2087,https://www.youtube.com/watch?v=BKidm7HEvTQ,0,0,0,,212,103,2087,https://www.youtube.com/watch?v=BKidm7HEvTQ,225,864,571,3429,https://www.twitch.tv/videos/2755722480
a974047cb6bb412da7fca2ec9d91d882,1370,62582,143,55,6224,https://www.youtube.com/watch?v=aae1cPnMm1o,100,46,143,https://www.youtube.com/watch?v=6xi8ruJZIE8,6224,2335,6224,https://www.youtube.com/watch?v=aae1cPnMm1o,214,176,149,248,https://www.twitch.tv/videos/2754235749
6f68d3f50edf4814b59a4a018090b180,1360,29605,64,59,64,https://www.youtube.com/watch?v=Rkc4lvqM-Js,64,59,64,https://www.youtube.com/watch?v=Rkc4lvqM-Js,0,0,0,,0,0,0,0,
7327248ff3f04589bca9e61665448ae8,1360,47327,0,0,0,,0,0,0,,0,0,0,,312,0,0,0,
4d98ebdc4eb8448da8d2ab8f64df8383,1360,1491,1491,900,1491,https://www.youtube.com/watch?v=G6bCefPw-cY,0,0,0,,1491,900,1491,https://www.youtube.com/watch?v=G6bCefPw-cY,155,0,0,0,
6861903583ee45d191ddc03faf6cd0d8,1360,21393,0,0,0,,0,0,0,,0,0,0,,1297,89,70,125,https://www.twitch.tv/videos/2747890558
18d1c00e0bde4ddbb8be5eafe0967dfe,1350,76241,0,0,0,,0,0,0,,0,0,0,,0,0,0,0,
61e81c6f534247b486b8125bd34fa960,1350,67387,0,0,0,,0,0,0,,0,0,0,,20182,1530,568,4456,https://www.twitch.tv/videos/2744510572
25b1a8ceab1d439491fb4e98013cd0fc,1350,21973,0,0,0,,0,0,0,,0,0,0,,582,352,59,638,https://www.twitch.tv/videos/2738930048
e3157ce546a640029cfcccb9107f8154,1350,78386,4,0,8,https://www.youtube.com/watch?v=w9BbqPQk15k,0,0,0,,4,0,8,https://www.youtube.com/watch?v=w9BbqPQk15k,0,0,0,0,
5903a0f7274043058d817894a9b39e75,1340,31226,7,3,14,https://www.youtube.com/watch?v=t7G1Ik24vi4,0,0,0,,7,3,14,https://www.youtube.com/watch?v=t7G1Ik24vi4,0,0,0,0,
87606e72f653472f9eafb06e8f49c39c,1330,156329,924,715,1829,https://www.youtube.com/watch?v=J5Pr7Bz9Ydg,0,0,0,,924,715,1829,https://www.youtube.com/watch?v=J5Pr7Bz9Ydg,0,0,0,0,
4082168d753e42b7aca1d25e759d09a7,1330,47800,0,0,0,,0,0,0,,0,0,0,,652,0,0,0,
6ff6adcddc934a3b94e45448e1912539,1330,203379,0,0,0,,0,0,0,,0,0,0,,1878,0,0,0,
e15cd068f6fd4a05be985c22133f5428,1330,92429,257,62,259,https://www.youtube.com/watch?v=0Qk_kyT7cd4,257,62,259,https://www.youtube.com/watch?v=0Qk_kyT7cd4,0,0,0,,0,0,0,0,
e36d8852a3ed4cb58eb4e863b93ccb4e,1330,365,0,0,0,,0,0,0,,0,0,0,,101,0,0,0,
f4eae5dde65b41969336f3f52c6df2d8,1320,112746,115,57,1469,https://www.youtube.com/watch?v=1S0hWLUfw5A,87,34,168,https://www.youtube.com/watch?v=0oAHA6Tc4IA,1421,670,1469,https://www.youtube.com/watch?v=1S0hWLUfw5A,187,0,0,0,
eec1f137ea78444185a4268f72f59611,1320,48618,0,0,0,,0,0,0,,0,0,0,,0,0,0,0,
b572cb7de27446e3bcda5135f6a23d8a,1320,43049,85,47,1861,https://www.youtube.com/watch?v=_uO0pPPQqxQ,73,30,88,https://www.youtube.com/watch?v=f_YU7tbNr4k,966,717,1861,https://www.youtube.com/watch?v=_uO0pPPQqxQ,0,0,0,0,
8968a24fb6bf4f08b1611e694c98eb40,1320,88748,48,20,1375,https://www.youtube.com/watch?v=qULNc-ajCKA,46,20,112,https://www.youtube.com/watch?v=g99sQEkjCOI,1375,618,1375,https://www.youtube.com/watch?v=qULNc-ajCKA,0,0,0,0,
e2df9d4aea8b4cb4b8e38c31cbf73036,1320,50099,0,0,0,,0,0,0,,0,0,0,,0,0,0,0,
4267c862353e410388f1eaa5a5d85017,1320,35848,66,34,142,https://www.youtube.com/watch?v=bSS917MzzUo,66,34,142,https://www.youtube.com/watch?v=bSS917MzzUo,0,0,0,,0,0,0,0,
9de536d111214c379ec6969a52d92442,1320,74026,48,1,50,https://www.youtube.com/watch?v=DD7DH9Kkas0,48,1,50,https://www.youtube.com/watch?v=DD7DH9Kkas0,0,0,0,,0,0,0,0,
773a7694afcf4666960b05a4faf1a1fa,1310,72434,118,22,126,https://www.youtube.com/watch?v=k9dW8W7p2MY,118,22,126,https://www.youtube.com/watch?v=k9dW8W7p2MY,0,0,0,,0,0,0,0,
521efecabae94dd6b1d21bc5e8543fcb,1310,68278,0,0,0,,0,0,0,,0,0,0,,375,0,0,0,
515f61904a1a45688ea0d7bc1e7d499e,1310,307849,923,354,1512,https://www.youtube.com/watch?v=R3-E3sGMBVw,0,0,0,,923,354,1512,https://www.youtube.com/watch?v=R3-E3sGMBVw,6,0,0,0,
e9a30300d33f4c2e9b1c3bd1d64148cc,1310,28274,0,0,0,,0,0,0,,0,0,0,,0,0,0,0,
1e06211caf4f4afa98125699a4c66b5d,1310,0,0,0,0,,0,0,0,,0,0,0,,0,0,0,0,
22a83c82e1914eb68b12e76b4ccb277c,1300,47106,52,30,1677,https://www.youtube.com/watch?v=-DLouEd0Ukg,51,27,94,https://www.youtube.com/watch?v=9RN7PkFbVBk,1425,626,1677,https://www.youtube.com/watch?v=-DLouEd0Ukg,0,0,0,0,
506d9c6fdbd34c8aa5fda64d90d96ac2,1300,97738,52,22,197,https://www.youtube.com/watch?v=dyeO05coGPo,52,22,197,https://www.youtube.com/watch?v=dyeO05coGPo,0,0,0,,0,0,0,0,
cd9733cb91b6400aae0bc23e3f25d7eb,1300,36229,0,0,0,,0,0,0,,0,0,0,,0,0,0,0,
ffe6a7983e434702a68fe18c169e3164,1300,52607,71,19,175,https://www.youtube.com/watch?v=X5C5bCrNNHY,71,26,175,https://www.youtube.com/watch?v=X5C5bCrNNHY,18,7,18,https://www.youtube.com/watch?v=4hoMvhkZE0w,398,10,8,11,https://www.twitch.tv/videos/2754933757
a5e5533ac342488a94003dc77869ddf9,1290,65451,58,22,103,https://www.youtube.com/watch?v=QoZLlbAelag,58,22,103,https://www.youtube.com/watch?v=QoZLlbAelag,30,6,30,https://www.youtube.com/watch?v=Ew81gC0GZac,0,0,0,0,
0c3b5ae85d2940b8b73a92d72dc0d313,1290,77707,72,25,1422,https://www.youtube.com/watch?v=WlBq_P1abTA,73,27,93,https://www.youtube.com/watch?v=Z3Y12QRqQrc,24,8,1422,https://www.youtube.com/watch?v=WlBq_P1abTA,473,71,63,77,https://www.twitch.tv/videos/2756664756
f479e1403f614727a5f2a2be339bad74,1290,21327,0,0,0,,0,0,0,,0,0,0,,3585,706,47,706,https://www.twitch.tv/videos/2736279456
849624dcb99b4abf814b0b748669b6ff,1290,5940,176,33,206,https://www.youtube.com/watch?v=hOLldeBYAlY,176,33,206,https://www.youtube.com/watch?v=hOLldeBYAlY,0,0,0,,0,0,0,0,
2efe1ad069184a7e94b0583b452ffac4,1280,122395,0,0,0,,0,0,0,,0,0,0,,0,0,0,0,
30a4362c1143491ea0ed5383c4882251,1280,69691,161,70,293,https://www.youtube.com/watch?v=1vZuD25NwT4,161,70,293,https://www.youtube.com/watch?v=1vZuD25NwT4,0,0,0,,0,0,0,0,
787da9082edb4e9e9024a52cb12449e8,1280,31861,174,77,462,https://www.youtube.com/watch?v=SPkuyoNxA1Q,174,77,462,https://www.youtube.com/watch?v=SPkuyoNxA1Q,0,0,0,,0,0,0,0,
355d53b23acb4f4697b858ca06b25fb7,1280,400724,28,5,50,https://www.youtube.com/watch?v=o6AWvcABI98,28,5,50,https://www.youtube.com/watch?v=o6AWvcABI98,0,0,0,,0,0,0,0,
6ab090baa4624f1c8fca28312799e826,1280,42899,0,0,0,,0,0,0,,0,0,0,,776,77,64,97,https://www.twitch.tv/videos/2750250842
8fbd23f4e2ad442bb230aea8f433cd49,1280,118944,52,22,3202,https://www.youtube.com/watch?v=oAejAbxRF2I,44,20,86,https://www.youtube.com/watch?v=epUAONlSjmA,1293,436,3202,https://www.youtube.com/watch?v=oAejAbxRF2I,100,15,12,16,https://www.twitch.tv/videos/2755848087
bb28421da8a749ffb1ca8582b6278c24,1280,50611,48,18,192,https://www.youtube.com/watch?v=1tk4-n4880M,0,0,0,,48,18,192,https://www.youtube.com/watch?v=1tk4-n4880M,685,183,153,354,https://www.twitch.tv/videos/2749429416
e5433e4a21eb49e2bcd508e3b12fba6d,1270,10581,0,0,0,,0,0,0,,0,0,0,,187,23,13,23,https://www.twitch.tv/videos/2748630674
9cd7391045604ccda8be89f7946233e2,1270,1781,0,0,0,,0,0,0,,0,0,0,,81,38,33,42,https://www.twitch.tv/videos/2756620234
74f214b764314c5aa446eb9981c94935,1270,41964,0,0,0,,0,0,0,,0,0,0,,0,0,0,0,
3daee44c0bab401386813cff327a10a2,1270,131094,281,110,2876,https://www.youtube.com/watch?v=72GvOPbYNwg,198,51,733,https://www.youtube.com/watch?v=EFQxuD1A8qc,1052,257,2876,https://www.youtube.com/watch?v=72GvOPbYNwg,0,0,0,0,
403697f0f5ba49ef873673236c07e2d3,1270,74514,62,27,2283,https://www.youtube.com/watch?v=9z8InzyLfEQ,62,17,136,https://www.youtube.com/watch?v=P4qvVOaQmiY,2283,302,2283,https://www.youtube.com/watch?v=9z8InzyLfEQ,137,47,39,126,https://www.twitch.tv/videos/2753551836
de49994d9fd14067bf9ea5b4fbac7229,1260,32693,267,66,399,https://www.youtube.com/watch?v=0qNkkAwfcQw,267,66,399,https://www.youtube.com/watch?v=0qNkkAwfcQw,0,0,0,,419,0,0,0,
e6794eac6ea541c5a9e5570a041ac3b9,1260,41561,0,0,0,,0,0,0,,0,0,0,,1217,0,0,0,
9133438057714eb196366f5ecbed6a4a,1260,386988,1140,468,6397,https://www.youtube.com/watch?v=cRcF0HfW9fY,0,0,0,,1140,468,6397,https://www.youtube.com/watch?v=cRcF0HfW9fY,0,0,0,0,
21c774c9133043baaf8d283705cd9093,1250,34548,239,136,1633,https://www.youtube.com/watch?v=OuaG7KqxXTM,224,98,535,https://www.youtube.com/watch?v=Fl343r58Evw,791,333,1633,https://www.youtube.com/watch?v=OuaG7KqxXTM,0,0,0,0,
5d73e7f013034d06b58decaf4b2b385c,1250,27870,0,0,0,,0,0,0,,0,0,0,,0,0,0,0,
948d1078ceaf4b39b3bef86fdab85482,1250,13477,0,0,0,,0,0,0,,0,0,0,,0,0,0,0,
afe78c5051094e86bf9fdfe6cb2a4222,1250,58395,0,0,0,,0,0,0,,0,0,0,,0,0,0,0,
a4d4a2a3d7b648be9aa4d652ae592a4b,1240,101573,1658,574,2654,https://www.youtube.com/watch?v=w3ou-2PYF28,0,0,0,,1658,574,2654,https://www.youtube.com/watch?v=w3ou-2PYF28,117,0,0,0,
7f7e1579979c49249dc65783d457e890,1240,33362,47,3,47,https://www.youtube.com/watch?v=JydX3lKt49g,47,3,47,https://www.youtube.com/watch?v=JydX3lKt49g,0,0,0,,441,0,0,0,
a45c0a929a504afa9afee5c56bc9b959,1240,42647,193,81,3089,https://www.youtube.com/watch?v=mXn6i39vzxc,177,72,477,https://www.youtube.com/watch?v=OIf5GZhbWPA,2370,1246,3089,https://www.youtube.com/watch?v=mXn6i39vzxc,0,0,0,0,
aa72818fdcaf460b9b3f90e92d702e57,1240,25489,1848,1574,2792,https://www.youtube.com/watch?v=qKy8ONLHrC8,0,0,0,,1848,1574,2792,https://www.youtube.com/watch?v=qKy8ONLHrC8,7136,4771,2194,9045,https://www.twitch.tv/videos/2747873193
648d77b2067849838a8ad3fdc0afb85a,1240,5688,0,0,0,,0,0,0,,0,0,0,,1399,305,245,570,https://www.twitch.tv/videos/2755663877
c2012638512742e2801d0ced54f61711,1230,60229,0,0,0,,0,0,0,,0,0,0,,0,0,0,0,
7a9b7ab0d5bd411195d77800ff778a90,1230,249828,294,169,131014,https://www.youtube.com/watch?v=qy1D5TcxB9M,0,0,0,,294,169,131014,https://www.youtube.com/watch?v=qy1D5TcxB9M,66,0,0,0,
d4b4a16e0ccc4bb49ff82c8584e6ed79,1230,42669,0,0,0,,0,0,0,,0,0,0,,0,0,0,0,
6df15d678de844d1a7f08226c02d6183,1230,8546,0,0,0,,0,0,0,,0,0,0,,0,0,0,0,
e290f49c193149708cd72747639d5ced,1230,70523,330,96,585,https://www.youtube.com/watch?v=Gl9LiebYQMw,330,96,585,https://www.youtube.com/watch?v=Gl9LiebYQMw,0,0,0,,0,0,0,0,
a8b244b0fb1f42f8b4bb3d3c2277de3b,1220,115994,0,0,0,,0,0,0,,0,0,0,,4630,539,220,3273,https://www.twitch.tv/videos/2758199618
be56f6cf87ab4da7b132b9d62c74bc2e,1220,37540,0,0,0,,0,0,0,,0,0,0,,0,0,0,0,
d3e4f9bdbb6c42fc97b60148cefdb6e0,1220,32564,0,0,0,,0,0,0,,0,0,0,,5489,2724,1254,5054,https://www.twitch.tv/videos/2750309150
0b8d1c0fa1b14df6821e85def645425e,1220,98376,94,23,250,https://www.youtube.com/watch?v=4Xyx7qtb3Ig,92,23,119,https://www.youtube.com/watch?v=DB3DboY8vcc,250,173,250,https://www.youtube.com/watch?v=4Xyx7qtb3Ig,165,0,0,0,
d4bea738b4d548b788ddb590b62cc2bd,1220,140982,595,72,1644,https://www.youtube.com/watch?v=4sSukNsQg4o,71,35,906,https://www.youtube.com/watch?v=2S06S3OHE3Y,1603,164,1644,https://www.youtube.com/watch?v=4sSukNsQg4o,0,0,0,0,
9b424d3a99ef4fc3b17bc7fef92fefd3,1220,79502,30,13,2996,https://www.youtube.com/watch?v=LADm6BycZFg,19,9,53,https://www.youtube.com/watch?v=mPd8TgwUGVc,980,434,2996,https://www.youtube.com/watch?v=LADm6BycZFg,379,0,0,0,
2f966e51210f49ba9dce2ac90e3ada18,1220,21586,0,0,0,,0,0,0,,0,0,0,,865,0,0,0,
af34d62a8f4e4ca180c11f11c2832893,1210,39658,0,0,0,,0,0,0,,0,0,0,,0,0,0,0,
4071b27c63424e1f9882ebe04a884586,1210,44123,2132,1562,2132,https://www.youtube.com/watch?v=K1RXSwTb-ok,0,0,0,,2132,1562,2132,https://www.youtube.com/watch?v=K1RXSwTb-ok,6002,1502,675,1613,https://www.twitch.tv/videos/2738508135
b80c21b76e7849f0a0fa94194fe2ad4b,1210,19895,0,0,0,,0,0,0,,0,0,0,,1134,0,0,0,
3430389926a942cbacde9b444b3a6653,1210,50827,0,0,0,,0,0,0,,0,0,0,,1034,0,0,0,
d23dbc9d1db64c42821697d1bac8fb66,1210,105307,188,96,3280,https://www.youtube.com/watch?v=tnAd_vr2el0,131,75,188,https://www.youtube.com/watch?v=7mZc21MlzDM,1267,551,3280,https://www.youtube.com/watch?v=tnAd_vr2el0,0,0,0,0,
0f74555e05794780adc4eb0b9096f727,1210,15109,50,25,98,https://www.youtube.com/watch?v=yMULOG5DCTY,50,25,98,https://www.youtube.com/watch?v=yMULOG5DCTY,0,0,0,,110,0,0,0,
ccf93d7646f249dfa3454f5a60f466c8,1200,42309,0,0,0,,0,0,0,,0,0,0,,117,0,0,0,
03c9d83a4c534b65a5743b381eb2ce33,1200,35945,36,28,38,https://www.youtube.com/watch?v=dlOW314lLQw,36,28,38,https://www.youtube.com/watch?v=dlOW314lLQw,0,0,0,,692,0,0,0,
c15d8ca6249341d88086f2a9a2359812,1200,262649,1616,925,128725,https://www.youtube.com/watch?v=277Ij74qu2g,0,0,0,,1616,925,128725,https://www.youtube.com/watch?v=277Ij74qu2g,0,0,0,0,
8a68997a04594f3495ff2cb00a7da6d8,1200,79969,708,1,708,https://www.youtube.com/watch?v=jYq-l9d6SWg,0,0,0,,708,1,708,https://www.youtube.com/watch?v=jYq-l9d6SWg,1934,1289,956,2019,https://www.twitch.tv/videos/2756489809
82d5f7612b7645f3a77dd954a0e30b24,1200,34101,0,0,0,,0,0,0,,0,0,0,,0,0,0,0,
c587658ad4fe44b09137591c094ab297,1200,114698,154,65,484,https://www.youtube.com/watch?v=MpOptILZib8,154,65,257,https://www.youtube.com/watch?v=TnNeTyoAXnQ,484,51,484,https://www.youtube.com/watch?v=MpOptILZib8,32,0,0,0,
0446516df6074a4ba8a0f3639b17de46,1190,58166,1572,1056,1572,https://www.youtube.com/watch?v=0qDkc7Q9jS0,0,0,0,,1572,1056,1572,https://www.youtube.com/watch?v=0qDkc7Q9jS0,0,0,0,0,
7b46621c7baf437da117a6c10c856292,1190,20626,73,32,116,https://www.youtube.com/watch?v=yLMcjHKYAHE,73,32,116,https://www.youtube.com/watch?v=yLMcjHKYAHE,0,0,0,,0,0,0,0,
921b0b3a8dd64a5494720801af95ba06,1190,79868,42,13,74,https://www.youtube.com/watch?v=lb2BOtFaIk0,42,13,74,https://www.youtube.com/watch?v=lb2BOtFaIk0,0,0,0,,0,0,0,0,
6e845fd52d044ab598cc4ca35ba91f88,1180,7760,0,0,0,,0,0,0,,0,0,0,,0,0,0,0,
9cdf183fa1ee43c2906cca70884a6278,1180,24491,0,0,0,,0,0,0,,0,0,0,,0,0,0,0,
f2ca2659644f4d02abc851e7bee3255b,1180,16342,0,0,0,,0,0,0,,0,0,0,,2118,860,563,1066,https://www.twitch.tv/videos/2758136623
ac5176c53ad7447b8d63f82f65ba7200,1170,56408,0,0,0,,0,0,0,,0,0,0,,2556,0,0,0,
74c75f221fbb4cffa67de26881bae17d,1170,81194,0,0,0,,0,0,0,,0,0,0,,0,0,0,0,
3b9a06751f3c415993d424480d4d5060,1170,138974,65,27,71,https://www.youtube.com/watch?v=eeXBcMbTuU4,65,27,71,https://www.youtube.com/watch?v=eeXBcMbTuU4,0,0,0,,0,0,0,0,
870430bfaf9942f487819fcb4630fabb,1170,712,373,79,373,https://www.youtube.com/watch?v=gVt5z4dCu3s,373,79,373,https://www.youtube.com/watch?v=gVt5z4dCu3s,0,0,0,,1240,227,205,506,https://www.twitch.tv/videos/2750095950
07c204505d544b28bb52426d0665a59c,1170,55228,132,95,2182,https://www.youtube.com/watch?v=NHLKU01Xu9s,165,99,598,https://www.youtube.com/watch?v=ZTxn1gY79SQ,109,55,2182,https://www.youtube.com/watch?v=NHLKU01Xu9s,0,0,0,0,
fe555b322c784b5b9c2297c585bc9352,1170,37411,89,63,89,https://www.youtube.com/watch?v=vJp8vDa5tIY,89,63,89,https://www.youtube.com/watch?v=vJp8vDa5tIY,0,0,0,,0,0,0,0,
20bfe5495db6453eaadbc55322c856f9,1160,38632,0,0,0,,0,0,0,,0,0,0,,0,0,0,0,
4c4ebb91c8a346b2876d1ccd1a32dead,1160,58312,86,31,231,https://www.youtube.com/watch?v=9eB5VT-sKEo,81,32,231,https://www.youtube.com/watch?v=9eB5VT-sKEo,132,13,132,https://www.youtube.com/watch?v=A0fbScqun6A,438,22,12,22,https://www.twitch.tv/videos/2748648283
99e9616a2f73426d8c0a672dd20d9ad3,1160,219405,63,14,63,https://www.youtube.com/watch?v=t16wRq1J6gk,63,14,63,https://www.youtube.com/watch?v=t16wRq1J6gk,0,0,0,,62,0,0,0,
507d48eff3d44b6cba7b707e321e01e7,1160,62316,0,0,0,,0,0,0,,0,0,0,,630,0,0,0,
d4c077fa180a460cabadc4e2838d1855,1150,58799,0,0,0,,0,0,0,,0,0,0,,0,0,0,0,
f227226fd52e4fbe801b4c89acfe4887,1150,33678,64,39,99,https://www.youtube.com/watch?v=15C8EFZT5nU,64,39,99,https://www.youtube.com/watch?v=15C8EFZT5nU,0,0,0,,619,0,0,0,
7e1072448d24495f8cac5163c0290989,1150,37943,58,19,59,https://www.youtube.com/watch?v=9BbGinT9FZw,58,19,59,https://www.youtube.com/watch?v=9BbGinT9FZw,0,0,0,,200,0,0,0,
492582e14bd0480eb5c847e6240f020b,1150,75536,54,28,556,https://www.youtube.com/watch?v=DYH3qzysoQI,59,35,556,https://www.youtube.com/watch?v=DYH3qzysoQI,38,7,38,https://www.youtube.com/watch?v=UzIUIkoly14,0,0,0,0,
702c28baa35c4b7588ad4fa70ddc2304,1150,33403,2783,1567,10276,https://www.youtube.com/watch?v=9sYJkRb4XH4,0,0,0,,2783,1567,10276,https://www.youtube.com/watch?v=9sYJkRb4XH4,0,0,0,0,
01871d8239314affaf7032899ce6502f,1150,295214,0,0,0,,0,0,0,,0,0,0,,0,0,0,0,
90405cb21f7743639684632f6bc57a46,1150,6637,0,0,0,,0,0,0,,0,0,0,,0,0,0,0,
4e7110080135486ba1d83d3e5cdbf0ca,1140,14894,0,0,0,,0,0,0,,0,0,0,,429,0,0,0,
c964cb46cc9d411aaca372f9e459d2dc,1140,53615,0,0,0,,0,0,0,,0,0,0,,237,0,0,0,
1f378a6e115046ffa1a17f9079285d4a,1140,34344,68,25,107,https://www.youtube.com/watch?v=3Fqver50pWQ,68,25,107,https://www.youtube.com/watch?v=3Fqver50pWQ,0,0,0,,87,0,0,0,
956591dc2e40411688b8f8e3079bc5e3,1140,119033,272,47,497,https://www.youtube.com/watch?v=lpZDhKD7qlI,272,47,497,https://www.youtube.com/watch?v=lpZDhKD7qlI,0,0,0,,0,0,0,0,
d7e9a44c2bbe439b9f062d64dc1b96f3,1140,67267,82,41,151,https://www.youtube.com/watch?v=RSASv4Ifjj0,82,41,151,https://www.youtube.com/watch?v=RSASv4Ifjj0,0,0,0,,121,0,0,0,
aab094af87d74f3cbcb332bdac03fa23,1140,23655,0,0,0,,0,0,0,,0,0,0,,0,0,0,0,
f97745a8003c480fa728cf34d61afc6c,1140,66794,1215,758,1619,https://www.youtube.com/watch?v=BMtf6z4C6wg,0,0,0,,1215,758,1619,https://www.youtube.com/watch?v=BMtf6z4C6wg,0,0,0,0,
3d33f15ad27c406abfd68d6c16e0b53d,1130,68222,0,0,0,,0,0,0,,0,0,0,,0,0,0,0,
902740b39aed4b3cb381701c96a73f3a,1130,53577,89,31,392,https://www.youtube.com/watch?v=J1tYAxCRuks,95,31,392,https://www.youtube.com/watch?v=J1tYAxCRuks,41,6,41,https://www.youtube.com/watch?v=1F-hOT1UHxY,219,19,14,96,https://www.twitch.tv/videos/2750052380
fff74fa431cd4468b177675010504ee1,1130,17194,225,67,225,https://www.youtube.com/watch?v=aNXud_i2WRQ,0,0,0,,225,67,225,https://www.youtube.com/watch?v=aNXud_i2WRQ,374,39,30,77,https://www.twitch.tv/videos/2750210081
a5c12a1268af408c9a3ed6adbb72c53c,1130,69737,72,12,72,https://www.youtube.com/watch?v=R3k_q9EIchU,0,0,0,,72,12,72,https://www.youtube.com/watch?v=R3k_q9EIchU,0,0,0,0,
5f9ded46df28474bbd1470d761700f30,1130,653511,0,0,0,,0,0,0,,0,0,0,,834,0,0,0,
4bdf9ee9f53f4785b37a9d9dbd2a0da8,1130,64966,11,4,61,https://www.youtube.com/watch?v=AuKPcZjOJ-s,0,0,0,,11,4,61,https://www.youtube.com/watch?v=AuKPcZjOJ-s,0,0,0,0,
01fc7842da284adaad67d3774a4b2a6c,1130,17772,57,38,66,https://www.youtube.com/watch?v=fgVbpMQfGEM,57,38,66,https://www.youtube.com/watch?v=fgVbpMQfGEM,0,0,0,,0,0,0,0,
853afd5eb42e4f61bb0f9478aa8c1661,1130,0,0,0,0,,0,0,0,,0,0,0,,0,0,0,0,
0b0668c6206c4500bdcbc281ee58680c,1130,39416,44,32,100,https://www.youtube.com/watch?v=XXDUReDnoeo,44,32,100,https://www.youtube.com/watch?v=XXDUReDnoeo,0,0,0,,2918,0,0,0,
b0b9e352f71d4a03ace9972ddec4ec56,1120,41468,74,26,74,https://www.youtube.com/watch?v=N4CkT8JRLLA,74,26,74,https://www.youtube.com/watch?v=N4CkT8JRLLA,0,0,0,,0,0,0,0,
5226367de740445789ec9b65a84d65c5,1120,178623,46,28,600,https://www.youtube.com/watch?v=nim3JeNCNrw,40,12,47,https://www.youtube.com/watch?v=UILnNQepCj8,361,202,600,https://www.youtube.com/watch?v=nim3JeNCNrw,279,0,0,0,
99f95450781349058c1c4098d6fe9f41,1120,72882,0,0,0,,0,0,0,,0,0,0,,0,0,0,0,
15bc73fc2acf4a7695bab31fdea450f0,1120,39415,67,10,67,https://www.youtube.com/watch?v=NwafhF7P-1A,67,10,67,https://www.youtube.com/watch?v=NwafhF7P-1A,0,0,0,,0,0,0,0,
49f14b84269f458099232c2a21b2ba74,1110,31845,0,0,0,,0,0,0,,0,0,0,,0,0,0,0,
c2b9638d8dd54888a91caa8a67366907,1110,20585,0,0,0,,0,0,0,,0,0,0,,2568,163,122,650,https://www.twitch.tv/videos/2757397201
381bb87f90794f2a909775a87c192dc5,1110,108820,0,0,0,,0,0,0,,0,0,0,,10443,350,132,38937,https://www.twitch.tv/videos/2739743365
12f8dc82bc0d4f89bfbd7ede76ab1faf,1110,23920,1813,1151,7490,https://www.youtube.com/watch?v=yNcANpcr-6U,305,280,305,https://www.youtube.com/watch?v=D29IKPYIJjA,2090,1528,7490,https://www.youtube.com/watch?v=yNcANpcr-6U,0,0,0,0,
46a8009adbca4aa083af580b50b69306,1110,24444,18,12,27,https://www.youtube.com/watch?v=ZLPI4XWjdm0,18,12,27,https://www.youtube.com/watch?v=ZLPI4XWjdm0,0,0,0,,495,16,11,16,https://www.twitch.tv/videos/2751778608
b4b4fcedc8264cb5b90584935aebf110,1100,41867,173,50,267,https://www.youtube.com/watch?v=JcbwHIqI_3I,173,50,267,https://www.youtube.com/watch?v=JcbwHIqI_3I,0,0,0,,262,0,0,0,
6abc6d7010ed4b7a88b2566b171c9005,1100,31259,95,53,423,https://www.youtube.com/watch?v=xtwvqpKypVs,95,53,423,https://www.youtube.com/watch?v=xtwvqpKypVs,0,0,0,,0,0,0,0,
9bf758b113b048bc9331f244b619e4b2,1100,81549,257,162,1922,https://www.youtube.com/watch?v=hq1SQnx54K0,39,12,71,https://www.youtube.com/watch?v=DBVi55Aj6co,298,218,1922,https://www.youtube.com/watch?v=hq1SQnx54K0,271,0,0,0,
5d02c4219e484617979165267cbd8d7f,1100,7420,0,0,0,,0,0,0,,0,0,0,,8,0,0,0,
62080edda26345efbf8bc2bab0ab4136,1100,31113,0,0,0,,0,0,0,,0,0,0,,0,0,0,0,
d475848a566848dc9f6ad02707d87e2a,1100,140152,78,41,192,https://www.youtube.com/watch?v=t2kTURmdiVQ,72,39,192,https://www.youtube.com/watch?v=t2kTURmdiVQ,83,49,83,https://www.youtube.com/watch?v=WOHx0xTPpus,0,0,0,0,
43acb25e255340d09b50283f0308d1ff,1100,525163,25,21,47,https://www.youtube.com/watch?v=nzjfnGPRmPg,25,21,47,https://www.youtube.com/watch?v=nzjfnGPRmPg,0,0,0,,0,0,0,0,
971c91b32e9b4e1abfdafe711cb9e440,1100,49361,0,0,0,,0,0,0,,0,0,0,,0,0,0,0,
869d9d9067b64dd78418cc258cb6607b,1100,69428,113,50,615,https://www.youtube.com/watch?v=UBItF7MeFEA,120,54,615,https://www.youtube.com/watch?v=UBItF7MeFEA,71,7,71,https://www.youtube.com/watch?v=FCiQ7YxC86w,872,304,202,394,https://www.twitch.tv/videos/2755021021
3410ce8f1b78487f8025485a6c09b1b8,1100,34010,0,0,0,,0,0,0,,0,0,0,,0,0,0,0,
66d986eaa59347b0b18c5ed103cb173e,1100,54852,79,45,225,https://www.youtube.com/watch?v=dhrqDgiIVwc,79,45,225,https://www.youtube.com/watch?v=dhrqDgiIVwc,0,0,0,,0,0,0,0,
e212d468e3e64ad5b8f22f61bc4e06f7,1100,34145,0,0,0,,0,0,0,,0,0,0,,0,0,0,0,
ec9a791b8152478b95858b199b866ef9,1100,44606,0,0,0,,0,0,0,,0,0,0,,380,0,0,0,
46388caf23e34f09b145fff0fa25b897,1090,33079,0,0,0,,0,0,0,,0,0,0,,886,468,344,468,https://www.twitch.tv/videos/2752690546
fb7ced3cc6c247928ce1bb3b2715d98c,1090,335607,0,0,0,,0,0,0,,0,0,0,,0,0,0,0,
238b751368474f798a737e7cf1f4a87b,1090,45732,31,8,72,https://www.youtube.com/watch?v=hT9KJqy8sK0,31,8,72,https://www.youtube.com/watch?v=hT9KJqy8sK0,0,0,0,,2089,111,63,111,https://www.twitch.tv/videos/2748615636
8d67810b612540a0ad928179c1f9a4ee,1090,18582,0,0,0,,0,0,0,,0,0,0,,482,177,144,371,https://www.twitch.tv/videos/2756790122
a1ef171711404951a987f4c9bc5e64f0,1090,80715,209,133,1290,https://www.youtube.com/watch?v=9_6FI88IgeQ,98,68,165,https://www.youtube.com/watch?v=UOMyKORRMXQ,1143,787,1290,https://www.youtube.com/watch?v=9_6FI88IgeQ,0,0,0,0,
4b9b64309ea0491bbde3b86b6c34bdd0,1090,70188,150,48,162,https://www.youtube.com/watch?v=FVSIYLS5ktE,150,48,162,https://www.youtube.com/watch?v=FVSIYLS5ktE,0,0,0,,0,0,0,0,
70af0f70b6284690a524eb87aaa1d296,1090,71839,0,0,0,,0,0,0,,0,0,0,,4816,4104,1624,9141,https://www.twitch.tv/videos/2737944917
fa83a68ebfff419983124d69373ede6f,1090,192757,1208,767,2030,https://www.youtube.com/watch?v=LaXS1E7TlRw,136,106,155,https://www.youtube.com/watch?v=3vHDREcvztg,1212,881,2030,https://www.youtube.com/watch?v=LaXS1E7TlRw,2020,230,167,304,https://www.twitch.tv/videos/2747745271
8489d002b1704612bd0dd23f9a14ed51,1090,55573,46,19,78,https://www.youtube.com/watch?v=FCfAMBL56YA,46,19,78,https://www.youtube.com/watch?v=FCfAMBL56YA,0,0,0,,175,0,0,0,
7aca9b05fe654223a3702531383002a8,1090,7275,0,0,0,,0,0,0,,0,0,0,,2851,331,240,871,https://www.twitch.tv/videos/2756609391
ffaf6da580a44e11bba9715e3c854958,1090,61045,60,22,173,https://www.youtube.com/watch?v=YofgP_-TMm4,60,22,173,https://www.youtube.com/watch?v=YofgP_-TMm4,0,0,0,,196,0,0,0,
aa1bb853e814428eb663082b28309309,1090,33441,102,51,753,https://www.youtube.com/watch?v=2TeB8YYjWfE,94,48,189,https://www.youtube.com/watch?v=XVyK4Wc0wns,573,138,753,https://www.youtube.com/watch?v=2TeB8YYjWfE,0,0,0,0,
0a9ce04e6eee4c6d8dde6eb5a0f56c20,1080,18585,0,0,0,,0,0,0,,0,0,0,,0,0,0,0,
26eba1f0fabf425aa5769e01e855ea28,1080,100830,69,6,69,https://www.youtube.com/watch?v=SsD-6NdBOSw,69,6,69,https://www.youtube.com/watch?v=SsD-6NdBOSw,0,0,0,,0,0,0,0,
5f413dce55614542940c58900ef1c82c,1080,25628,0,0,0,,0,0,0,,0,0,0,,812,0,0,0,
83ec4919298a4ad5984e3da31109a4c8,1080,29890,0,0,0,,0,0,0,,0,0,0,,10306,3498,2244,9337,https://www.twitch.tv/videos/2753510323
d6d4ed41815a4603a028d321d9d14a56,1080,8944,84,44,1553,https://www.youtube.com/watch?v=Wis5NHy2vd8,84,44,1553,https://www.youtube.com/watch?v=Wis5NHy2vd8,0,0,0,,10,0,0,0,
0d7502e74c394a7f82a07c31fee877ff,1080,34529,0,0,0,,0,0,0,,0,0,0,,0,0,0,0,
278f93ad57b14f01a71f1e89598ee503,1080,10280,0,0,0,,0,0,0,,0,0,0,,0,0,0,0,
db86eecb7c7047a984098e23de131e29,1080,127581,104,38,267,https://www.youtube.com/watch?v=et7qy56oL_0,104,38,267,https://www.youtube.com/watch?v=et7qy56oL_0,0,0,0,,166,34,24,63,https://www.twitch.tv/videos/2752700146
3a963b6901c7467da3d9c8bd74df9da6,1070,50136,80,16,80,https://www.youtube.com/watch?v=weQJE_w6vqY,80,16,80,https://www.youtube.com/watch?v=weQJE_w6vqY,0,0,0,,0,0,0,0,
b5d3dfb81219492cb11a34291aab8cc8,1070,31915,0,0,0,,0,0,0,,0,0,0,,0,0,0,0,
85aa19ec73ce4db08ba1bf3d0f1807ce,1070,51945,0,0,0,,0,0,0,,0,0,0,,0,0,0,0,
1eef7c0894a547a2bff186f6a735145a,1070,23986,78,40,93,https://www.youtube.com/watch?v=CNXklFo3mVE,78,40,93,https://www.youtube.com/watch?v=CNXklFo3mVE,0,0,0,,0,0,0,0,
a9396c8dd95e43b29c694b14afa07ac4,1070,25291,0,0,0,,0,0,0,,0,0,0,,3557,617,478,2412,https://www.twitch.tv/videos/2751121242
5396c3113555413f8b8d722d44b413d3,1070,4375,78,1,78,https://www.youtube.com/watch?v=51a0g-cobcI,78,1,78,https://www.youtube.com/watch?v=51a0g-cobcI,0,0,0,,0,0,0,0,
8d8b1382b7154504819e1db08ecbe8ee,1060,21343,0,0,0,,0,0,0,,0,0,0,,0,0,0,0,
683db9d9b58f4dd883966c82581a7b60,1060,40036,24,14,43,https://www.youtube.com/watch?v=LZTUx7AALKk,24,14,43,https://www.youtube.com/watch?v=LZTUx7AALKk,0,0,0,,0,0,0,0,
45baafce0f294208a063a496814b7986,1060,46846,58,32,98,https://www.youtube.com/watch?v=LCH2ziN6tmg,58,32,98,https://www.youtube.com/watch?v=LCH2ziN6tmg,0,0,0,,0,0,0,0,
b9eb00549c554290a7dbc5cd05910239,1060,100154,70,34,77,https://www.youtube.com/watch?v=nusG57At6eA,70,34,77,https://www.youtube.com/watch?v=nusG57At6eA,0,0,0,,0,0,0,0,
7754a4ea82814b7fbbecfcf459382001,1060,228873,0,0,0,,0,0,0,,0,0,0,,2423,118,79,818,https://www.twitch.tv/videos/2751891282
32a5b834b2bf4912bcd54ac00ae13285,1060,2962,0,0,0,,0,0,0,,0,0,0,,2479,1316,1065,1323,https://www.twitch.tv/videos/2754307831
e0535f2d38f04d26aca33772bccb33b8,1060,69758,0,0,0,,0,0,0,,0,0,0,,2431,501,191,712,https://www.twitch.tv/videos/2741319721
fe70a0055df1453a82bea6582d3072fa,1060,45626,75,33,92,https://www.youtube.com/watch?v=jLiC1qPuprc,75,33,92,https://www.youtube.com/watch?v=jLiC1qPuprc,0,0,0,,0,0,0,0,
b4de9155a5f34284a41224c38e70c67e,1050,53811,0,0,0,,0,0,0,,0,0,0,,44,0,0,0,
c6af4f23c6ce4adab5301d79b0bd343a,1050,160522,53,36,80,https://www.youtube.com/watch?v=tUr7SwWfCrc,53,36,80,https://www.youtube.com/watch?v=tUr7SwWfCrc,0,0,0,,3550,695,462,12337,https://www.twitch.tv/videos/2742003875
4d4410bdde7d4107809dc6e1e2ce0e0e,1040,51632,68,18,630,https://www.youtube.com/watch?v=_3nIvV_k-ag,60,17,165,https://www.youtube.com/watch?v=cWGNmSfNWVQ,630,124,630,https://www.youtube.com/watch?v=_3nIvV_k-ag,0,0,0,0,
f560e7811b454fe489044165c53dba83,1040,58751,38,17,83,https://www.youtube.com/watch?v=ru4yT8j55mI,38,17,83,https://www.youtube.com/watch?v=ru4yT8j55mI,0,0,0,,0,0,0,0,
5a1eb09579134895adfa9516611bd925,1040,32517,20,3,35,https://www.youtube.com/watch?v=PYmxALnL_10,20,3,35,https://www.youtube.com/watch?v=PYmxALnL_10,0,0,0,,700,90,72,136,https://www.twitch.tv/videos/2748553621
4b214cdeac0649989f03f39e497816cf,1040,4489123,63,29,6178,https://www.youtube.com/watch?v=oFsT76dbCb8,41,21,115,https://www.youtube.com/watch?v=Tr4oquBXAM4,1021,472,6178,https://www.youtube.com/watch?v=oFsT76dbCb8,675,132,104,195,https://www.twitch.tv/videos/2751815149
34e2da1086ea4670b7b3d1fec34d8403,1030,52512,314,210,542,https://www.youtube.com/watch?v=uZQLnxFla9I,86,61,86,https://www.youtube.com/watch?v=O9nWDLfqDcw,542,358,542,https://www.youtube.com/watch?v=uZQLnxFla9I,0,0,0,0,
d792696470b54bd4947a59b10759a636,1030,49284,102,29,148,https://www.youtube.com/watch?v=CA1SNVNlj_U,102,29,148,https://www.youtube.com/watch?v=CA1SNVNlj_U,0,0,0,,0,0,0,0,
3588ee10f67c4911b544e48223c57c7d,1030,22425,0,0,0,,0,0,0,,0,0,0,,0,0,0,0,
01a20c96c500469fab898ebd03b0c019,1030,77378,123,111,130,https://www.youtube.com/watch?v=RHNPRXZQrEM,123,111,130,https://www.youtube.com/watch?v=RHNPRXZQrEM,0,0,0,,0,0,0,0,
ca8d038d311e4cccb2deded15cee89cd,1030,52991,90,48,320,https://www.youtube.com/watch?v=pQ1v0ZgAyOw,100,48,320,https://www.youtube.com/watch?v=pQ1v0ZgAyOw,31,27,56,https://www.youtube.com/watch?v=vSVqD419Ehw,112,0,0,0,
483a76d7ad1d464aa290606959ddddec,1030,67702,93,32,127,https://www.youtube.com/watch?v=CbJhE2S-xhg,99,44,127,https://www.youtube.com/watch?v=CbJhE2S-xhg,49,6,49,https://www.youtube.com/watch?v=WcgUE1mMnaE,830,406,325,525,https://www.twitch.tv/videos/2756454199
00a208caab334f6daf286ebb92cfd9da,1030,17998,31,27,31,https://www.youtube.com/watch?v=2mkvB28LIVc,31,27,31,https://www.youtube.com/watch?v=2mkvB28LIVc,0,0,0,,412,0,0,0,
51a882d77c24494d92605b5b75424603,1030,103152,208,63,1484,https://www.youtube.com/watch?v=EmPSf11db0I,175,60,743,https://www.youtube.com/watch?v=Zd_eDsBglZs,741,424,1484,https://www.youtube.com/watch?v=EmPSf11db0I,56,91,36,91,https://www.twitch.tv/videos/2744509536
c91c52df005e4a7c988704e474b54dbc,1030,103306,921,482,1538,https://www.youtube.com/watch?v=rlKabOoRR08,132,57,161,https://www.youtube.com/watch?v=Bq9YkNbhXOk,1085,621,1538,https://www.youtube.com/watch?v=rlKabOoRR08,0,0,0,0,
647a4992105c4f18b92239156e0064fb,1030,26046,0,0,0,,0,0,0,,0,0,0,,144,0,0,0,
7ca8ec94cb4640ccb27719cbfc8a8df0,1020,56002,97,3,110,https://www.youtube.com/watch?v=wOZ1u_Daykk,97,3,110,https://www.youtube.com/watch?v=wOZ1u_Daykk,0,0,0,,0,0,0,0,
684aeef535fb4dd2a483746cdaab5065,1020,71271,0,0,0,,0,0,0,,0,0,0,,177,0,0,0,
0d080db8809848e2ba918799b2f7885b,1020,54370,64,29,582,https://www.youtube.com/watch?v=oJh47ken84I,64,29,582,https://www.youtube.com/watch?v=oJh47ken84I,0,0,0,,0,0,0,0,
800b7770ac1d4e4eb62318639ff71b7a,1020,69626,80,0,80,https://www.youtube.com/watch?v=A4e4xiMhPs4,0,0,0,,80,0,80,https://www.youtube.com/watch?v=A4e4xiMhPs4,0,0,0,0,
b5b0001ea8594cd68567ef344ca0bb2e,1020,168253,62,57,109,https://www.youtube.com/watch?v=fE1TcfZ7k1I,62,57,109,https://www.youtube.com/watch?v=fE1TcfZ7k1I,0,0,0,,0,0,0,0,
e63fe9e27be44403b222fb0319c027b6,1020,32612,541,212,1089,https://www.youtube.com/watch?v=WGlck9E3Zv4,110,55,110,https://www.youtube.com/watch?v=mlleM5dHuqI,706,362,1089,https://www.youtube.com/watch?v=WGlck9E3Zv4,4447,755,269,148951,https://www.twitch.tv/videos/2757448611
4ba065758aa94ce18cfe227cc37b1afe,1020,34076,1059,187,1593,https://www.youtube.com/watch?v=l9jqglVsJOg,0,0,0,,1059,187,1593,https://www.youtube.com/watch?v=l9jqglVsJOg,3417,297,176,892,https://www.twitch.tv/videos/2743728006
bdd0c04996154ef0be37c1f65b3b8866,1020,36858,0,0,0,,0,0,0,,0,0,0,,0,0,0,0,
f4ff6f40be3a4294ac1fe3e475421377,1010,79298,94,56,1679,https://www.youtube.com/watch?v=R6iUr4mDoFA,88,52,143,https://www.youtube.com/watch?v=ELMzLKIb4ec,1679,776,1679,https://www.youtube.com/watch?v=R6iUr4mDoFA,47,0,0,0,
45d38ce14fb644c0890823d444a33276,1010,1983,0,0,0,,0,0,0,,0,0,0,,0,0,0,0,
302e5b74253e412faf131a3039933786,1010,75301,0,0,0,,0,0,0,,0,0,0,,0,0,0,0,
ee1be8631b3e4abdbcc12dbe96d5268f,1000,39825,0,0,0,,0,0,0,,0,0,0,,0,0,0,0,
7df81b926eec4a998d5ffcd67b59ff5e,1000,31577,109,106,109,https://www.youtube.com/watch?v=QHfRx5lyLPo,109,106,109,https://www.youtube.com/watch?v=QHfRx5lyLPo,0,0,0,,0,0,0,0,
c7344bac508b46f2a20c4bb6861f33ab,1000,13812,0,0,0,,0,0,0,,0,0,0,,0,0,0,0,
e46d27918a77488ca5b4144eb1b978df,1000,60891,0,0,0,,0,0,0,,0,0,0,,0,0,0,0,
78d441a2d6584d078a6ce202238d36b9,1000,26322,0,0,0,,0,0,0,,0,0,0,,0,0,0,0,
22a1949143784185ae001c31a717b5bc,996,83820,155,67,2025,https://www.youtube.com/watch?v=JVUxHXXkK5g,95,65,308,https://www.youtube.com/watch?v=kUFCz5GdBOI,190,81,2025,https://www.youtube.com/watch?v=JVUxHXXkK5g,0,0,0,0,
7a0eb6cbe5a94663888ef35a63ab3b5a,995,26696,0,0,0,,0,0,0,,0,0,0,,1398,208,169,211,https://www.twitch.tv/videos/2751815217
9b2edcfdc76748f59576b77524402804,994,60220,0,0,0,,0,0,0,,0,0,0,,0,0,0,0,
d23e5f9f3abf4b36b79c04f5265a8efc,991,55780,63,29,935,https://www.youtube.com/watch?v=hAkl1J34fU8,52,10,70,https://www.youtube.com/watch?v=GKnxNXyHpYA,198,38,935,https://www.youtube.com/watch?v=hAkl1J34fU8,156,0,0,0,
838f883ea01f431f97bfe9dbf3064422,990,37077,0,0,0,,0,0,0,,0,0,0,,106,0,0,0,
a0f657e0538e4269af88094fa1c3dacb,986,23010,486,83,513,https://www.youtube.com/watch?v=CrelzArtzts,84,83,84,https://www.youtube.com/watch?v=hD7QNtz3Uh8,499,227,513,https://www.youtube.com/watch?v=CrelzArtzts,0,0,0,0,
1e59cd43a10a44edb1407fb8ba8529a8,986,49822,111,50,184,https://www.youtube.com/watch?v=rx1w7l-MzKc,111,50,184,https://www.youtube.com/watch?v=rx1w7l-MzKc,0,0,0,,0,0,0,0,
62b7ee328a7b42b0a1da0ab3bc22d1db,984,158536,28,14,1318,https://www.youtube.com/watch?v=wTy71l8IQ7o,25,13,85,https://www.youtube.com/watch?v=j6lkvbCbe9k,1093,589,1318,https://www.youtube.com/watch?v=wTy71l8IQ7o,1178,80,58,215,https://www.twitch.tv/videos/2756646086
95694a64c0fe4b5c987344f1edcec826,981,48640,19,12,325,https://www.youtube.com/watch?v=ntUKhTSnA_E,19,12,68,https://www.youtube.com/watch?v=p1tFXyTzFRo,13,5,325,https://www.youtube.com/watch?v=ntUKhTSnA_E,1558,112,91,153,https://www.twitch.tv/videos/2752655058
e2049fd03bea4bf6bfee472e4674021c,980,150012,50,23,99,https://www.youtube.com/watch?v=-tiKIhIVYsI,50,23,99,https://www.youtube.com/watch?v=-tiKIhIVYsI,0,0,0,,75,2,1,4,https://www.twitch.tv/videos/2753532551
5de329cf8bc5410fb40ef38d117be94d,978,48384,113,63,2393,https://www.youtube.com/watch?v=P9KC5bZF3ec,66,35,150,https://www.youtube.com/watch?v=OiMDpHIzOvQ,1319,704,2393,https://www.youtube.com/watch?v=P9KC5bZF3ec,486,133,115,236,https://www.twitch.tv/videos/2752675119
566e5b6f438a4cacb3e4036eb9ffe9b8,976,62521,38,19,127,https://www.youtube.com/watch?v=e4H_73SanGQ,38,19,127,https://www.youtube.com/watch?v=e4H_73SanGQ,0,0,0,,0,0,0,0,
b1ba066a7bc44c93a4ca264f2144f5bd,969,37137,37,18,111,https://www.youtube.com/watch?v=qGdJAeZ7qRk,42,18,111,https://www.youtube.com/watch?v=qGdJAeZ7qRk,25,10,28,https://www.youtube.com/watch?v=HZ9UMUnsx5c,1106,64,56,103,https://www.twitch.tv/videos/2749873082
c060912477dd414ea79d74adddfb4661,969,61975,13,6,77,https://www.youtube.com/watch?v=o9F1_Xgj7U8,23,20,77,https://www.youtube.com/watch?v=o9F1_Xgj7U8,5,2,9,https://www.youtube.com/watch?v=kfTmqp_ay6Q,0,0,0,0,
19f507cc460a426cb02013fb203bd0a7,969,35313,356,215,1497,https://www.youtube.com/watch?v=vY_Z9vM2ocg,339,190,943,https://www.youtube.com/watch?v=kpXUXzxp9FA,1497,249,1497,https://www.youtube.com/watch?v=vY_Z9vM2ocg,423,51,35,153,https://www.twitch.tv/videos/2756502110
302b50b5cf4844d58868013404b1ec3f,968,19143,65,28,139,https://www.youtube.com/watch?v=OPJfZhnZNmk,65,28,139,https://www.youtube.com/watch?v=OPJfZhnZNmk,0,0,0,,0,0,0,0,
6c3a22611ac24eb19cec3bd7c78a8705,967,243931,95,48,189,https://www.youtube.com/watch?v=De6qNErzQMo,95,48,189,https://www.youtube.com/watch?v=De6qNErzQMo,0,0,0,,0,0,0,0,
bb56715066e548c297232372a16ab083,965,106550,79,27,1272,https://www.youtube.com/watch?v=hUT0DEeiB8M,0,0,0,,79,27,1272,https://www.youtube.com/watch?v=hUT0DEeiB8M,1918,0,0,0,
bf195265fa5944d894dc53baf7143645,964,36950,0,0,0,,0,0,0,,0,0,0,,0,0,0,0,
7003e3e3a24244ffb5ebfbbdc20c97f8,962,26427,48,21,64,https://www.youtube.com/watch?v=nro9xmWXRiM,48,21,64,https://www.youtube.com/watch?v=nro9xmWXRiM,0,0,0,,0,0,0,0,
179eb3fd3fb34ffe93859dd945b1b3a6,959,4393,0,0,0,,0,0,0,,0,0,0,,0,0,0,0,
8460a099a32044a5aa602f780dec94f2,959,292336,330,175,2418,https://www.youtube.com/watch?v=fR3woWdz610,0,0,0,,330,175,2418,https://www.youtube.com/watch?v=fR3woWdz610,18,0,0,0,
2a0de6059bd74c298a80f45a8052790e,956,170429,1364,831,2257,https://www.youtube.com/watch?v=gwDFst1uwDg,0,0,0,,1364,831,2257,https://www.youtube.com/watch?v=gwDFst1uwDg,1153,388,270,679,https://www.twitch.tv/videos/2754776636
a5647aba47dc4bb48eaa0cde6de7c6bd,953,41129,0,0,0,,0,0,0,,0,0,0,,0,0,0,0,
995bff308e7f4df3aa33305fc0ddde8e,951,39713,0,0,0,,0,0,0,,0,0,0,,0,0,0,0,
b5ff000d6dd74683b17965294f1c4bf7,951,31538,37,36,37,https://www.youtube.com/watch?v=DswSJMUrnRY,37,36,37,https://www.youtube.com/watch?v=DswSJMUrnRY,0,0,0,,771,24,22,24,https://www.twitch.tv/videos/2758099919
fb23227395a04a26abe441d1ac7978de,950,96140,46,17,131,https://www.youtube.com/watch?v=LLod1Wh1_Nc,46,17,131,https://www.youtube.com/watch?v=LLod1Wh1_Nc,0,0,0,,210,80,63,180,https://www.twitch.tv/videos/2758235427
026bdd139df44cec930dd7fc76345184,950,42648,208,88,1096,https://www.youtube.com/watch?v=zYsyOn5PJME,179,87,333,https://www.youtube.com/watch?v=N9yiqxOIDa8,519,241,1096,https://www.youtube.com/watch?v=zYsyOn5PJME,0,0,0,0,
8a63cc5d44b44e2c88122e98c533d20a,950,294209,0,0,0,,0,0,0,,0,0,0,,0,0,0,0,
ab2e7fbd11784f96aa9cf599786f8bf1,949,73846,1322,298,1745,https://www.youtube.com/watch?v=m_QYrcXNZcs,237,65,237,https://www.youtube.com/watch?v=SshsUzvk_WA,1370,325,1745,https://www.youtube.com/watch?v=m_QYrcXNZcs,0,0,0,0,
8a5468bc4c7d44989e5ee4864a9b941a,946,86226,63,23,217,https://www.youtube.com/watch?v=DF5FXnmYybE,63,23,93,https://www.youtube.com/watch?v=qFKA4Z0TrkI,122,75,217,https://www.youtube.com/watch?v=DF5FXnmYybE,0,0,0,0,
2656bc44436c45cca3e94e43a9a49c2d,944,127404,275,106,1224,https://www.youtube.com/watch?v=VxPA-Xt8Yx8,275,106,1224,https://www.youtube.com/watch?v=VxPA-Xt8Yx8,0,0,0,,0,0,0,0,
06a61409f4334b0eb8a5f647b819c78b,941,70466,19,7,50,https://www.youtube.com/watch?v=Q37CNounpG4,29,11,50,https://www.youtube.com/watch?v=Q37CNounpG4,8,4,15,https://www.youtube.com/watch?v=EXsN_sMfnTM,0,0,0,0,
0a000a22ebd84abf860bcd5ef0a5ed60,940,39685,7,1,162,https://www.youtube.com/watch?v=HKRoj4Urgv8,0,0,0,,7,1,162,https://www.youtube.com/watch?v=HKRoj4Urgv8,2173,256,158,398,https://www.twitch.tv/videos/2751856510
a00240316f524d218d889d00a8b42721,940,89365,72,25,91,https://www.youtube.com/watch?v=CyEy9V8GRAA,72,25,91,https://www.youtube.com/watch?v=CyEy9V8GRAA,0,0,0,,0,0,0,0,
ecbe9a46c7ec4f3d8fe217012c39d490,939,395325,0,0,0,,0,0,0,,0,0,0,,0,0,0,0,
96f44559b15e4bad9de2eb8a0a2a92da,938,27333,1335,1111,19290,https://www.youtube.com/watch?v=55ieK5m9xM8,0,0,0,,1335,1111,19290,https://www.youtube.com/watch?v=55ieK5m9xM8,0,0,0,0,
5d29544fdded43d1937166548487394a,936,5498,0,0,0,,0,0,0,,0,0,0,,1845,181,110,206,https://www.twitch.tv/videos/2747955730
7ca610bac41843a28abba9e947aa9ded,936,51942,0,0,0,,0,0,0,,0,0,0,,3016,0,0,0,
1ee3a662da8a439887a931727cb07317,934,95669,0,0,0,,0,0,0,,0,0,0,,0,0,0,0,
0e9aeecbe8f04a62ab781cf2e520eba0,934,37352,0,0,0,,0,0,0,,0,0,0,,7178,782,242,14502,https://www.twitch.tv/videos/2747043796
54e70d7cc2fb4c6da0d833519331c770,930,127276,648,288,1249,https://www.youtube.com/watch?v=2kkoH5h6Frw,0,0,0,,648,288,1249,https://www.youtube.com/watch?v=2kkoH5h6Frw,2551,429,261,563,https://www.twitch.tv/videos/2747794500
7aeffe1ba0c443d5aa4721247b801593,929,123691,0,0,0,,0,0,0,,0,0,0,,0,0,0,0,
743ceb55869042b9bee1f48fe0be13fb,928,33407,0,0,0,,0,0,0,,0,0,0,,1503,0,0,0,
44332b31031149f5bd411f415cbb531e,927,26102,0,0,0,,0,0,0,,0,0,0,,221,0,0,0,
becdcbab308f4fa18540982596eebbd5,926,7538,0,0,0,,0,0,0,,0,0,0,,7391,789,532,2678,https://www.twitch.tv/videos/2748544356
c94bc4ff4689403aac751731d33150e6,924,17571,523,263,1762,https://www.youtube.com/watch?v=8_WQPfWMIn0,225,143,681,https://www.youtube.com/watch?v=DRgr24gVDWM,1160,993,1762,https://www.youtube.com/watch?v=8_WQPfWMIn0,296,207,132,213,https://www.twitch.tv/videos/2749479714
453cbd84364b42d8ac11cef8d3d63bd1,924,28366,68,47,68,https://www.youtube.com/watch?v=2l2fZ0Mh0VE,68,47,68,https://www.youtube.com/watch?v=2l2fZ0Mh0VE,0,0,0,,0,0,0,0,
37f190c8282b4d42ba9ee8c4b61d24a4,923,4795,0,0,0,,0,0,0,,0,0,0,,0,0,0,0,
7f43dbf571c44e04a7a471b9e7296a8a,923,38279,0,0,0,,0,0,0,,0,0,0,,0,0,0,0,
b2e19555d1f441a8a0e3f53b6507863e,919,50393,31,16,38,https://www.youtube.com/watch?v=oKblVLMqp6I,31,16,38,https://www.youtube.com/watch?v=oKblVLMqp6I,0,0,0,,112,0,0,0,
4aee4e4c619a4e2aa8bbc2edce38ccfa,917,111100,107,49,1865,https://www.youtube.com/watch?v=Z0MQDUr_6WM,99,49,165,https://www.youtube.com/watch?v=q7yML4lrrDU,768,188,1865,https://www.youtube.com/watch?v=Z0MQDUr_6WM,0,0,0,0,
08268c9de16e423381e351aeef8f7ffb,916,28514,88,43,179,https://www.youtube.com/watch?v=GQ7FvG4ZvjQ,88,43,179,https://www.youtube.com/watch?v=GQ7FvG4ZvjQ,0,0,0,,0,0,0,0,
db67d9cacbcf4797ba2d41a6d115e2ff,914,49422,85,48,599,https://www.youtube.com/watch?v=ItMJjhJmaoY,74,26,85,https://www.youtube.com/watch?v=H_A5GyA7NuY,430,232,599,https://www.youtube.com/watch?v=ItMJjhJmaoY,0,0,0,0,
843d99233b474827a2f0bc417ffd3852,907,43659,17,14,1106,https://www.youtube.com/watch?v=qHPAV9jSfcw,16,12,61,https://www.youtube.com/watch?v=kFFti9LhOe8,1106,920,1106,https://www.youtube.com/watch?v=qHPAV9jSfcw,8232,2441,1505,6022,https://www.twitch.tv/videos/2756564133
d26893447610406da66ee14abfbd5868,907,28146,107,76,135,https://www.youtube.com/watch?v=d41waj6GLm0,107,76,135,https://www.youtube.com/watch?v=d41waj6GLm0,0,0,0,,0,0,0,0,
d8b0b4e36c614d328620461a295572a1,905,51256,25,14,75,https://www.youtube.com/watch?v=OSsA29R6n3c,25,14,75,https://www.youtube.com/watch?v=OSsA29R6n3c,0,0,0,,139,0,0,0,
b93b5ffedc3f4310af888462d65e4082,905,46443,58,23,166,https://www.youtube.com/watch?v=qe4W4F1aJOg,58,23,166,https://www.youtube.com/watch?v=qe4W4F1aJOg,0,0,0,,207,20,13,22,https://www.twitch.tv/videos/2755777703
8e2559d9a7714ecd9cb0448b4d28f8d2,903,25961,0,0,0,,0,0,0,,0,0,0,,4998,209,128,435,https://www.twitch.tv/videos/2756571567
b9b727200b664a98bc1a8fd76d3cdb9c,903,22597,0,0,0,,0,0,0,,0,0,0,,0,0,0,0,
23af2b94549e42c282ec0d6eecf01102,901,31587,16,4,76,https://www.youtube.com/watch?v=IgdEj9Luc5I,76,15,76,https://www.youtube.com/watch?v=IgdEj9Luc5I,14,1,21,https://www.youtube.com/watch?v=US6nUrejAHs,2458,0,0,0,
834afd07257a43ac9f61085f79449be1,901,43101,199,138,1539,https://www.youtube.com/watch?v=YPT2nYNdiO0,189,129,511,https://www.youtube.com/watch?v=lbwXHDg4d5Y,1333,389,1539,https://www.youtube.com/watch?v=YPT2nYNdiO0,0,0,0,0,
58374cba861d4267a84ad689bb6ce91a,901,39881,22,3,47,https://www.youtube.com/watch?v=oWZPisRKpyM,22,6,47,https://www.youtube.com/watch?v=oWZPisRKpyM,5,0,8,https://www.youtube.com/watch?v=fGiWDtGdSEs,0,0,0,0,
9fb9fe13bf124da3a1affb24c5bba5e2,900,29761,0,0,0,,0,0,0,,0,0,0,,0,0,0,0,
107ad23090e649b8935850f3d78ded99,899,35268,154,62,258,https://www.youtube.com/watch?v=EGrtdkvuw44,154,62,258,https://www.youtube.com/watch?v=EGrtdkvuw44,0,0,0,,129,0,0,0,
5c5880d994854afbbea0a35716bce186,897,30830,11,3,40,https://www.youtube.com/watch?v=gXrdRvqjxu0,11,3,40,https://www.youtube.com/watch?v=gXrdRvqjxu0,0,0,0,,2027,0,0,0,
607a7be9721741c48e2901609c294ada,895,74883,0,0,0,,0,0,0,,0,0,0,,1507,0,0,0,
837cc45c90974caa9f07699c3899fa7b,895,45516,34,19,917,https://www.youtube.com/watch?v=9lZsF8NAjfo,31,18,917,https://www.youtube.com/watch?v=9lZsF8NAjfo,206,180,206,https://www.youtube.com/watch?v=vm5oSquPBXI,463,0,0,0,
4ba98a2155ad4b4392d8c5d7a51f4964,894,194199,555,245,2318,https://www.youtube.com/watch?v=ztecH8lzAyE,515,205,2318,https://www.youtube.com/watch?v=ztecH8lzAyE,978,507,1017,https://www.youtube.com/watch?v=bXAZmvxe8Ho,0,0,0,0,
f461b26ba47b4e37a90d2ca4fa5fa329,892,25923,0,0,0,,0,0,0,,0,0,0,,0,0,0,0,
872b7ddfc20f433f9575e2a762e83c06,891,48084,114,34,276,https://www.youtube.com/watch?v=D2XeymgOrwE,114,34,276,https://www.youtube.com/watch?v=D2XeymgOrwE,0,0,0,,0,0,0,0,
7a160bd129144664804dd3fc08fceeb1,889,20943,0,0,0,,0,0,0,,0,0,0,,7827,2422,883,6652,https://www.twitch.tv/videos/2757650247
8c0ff863d66348898311ee83d16257b5,889,28892,35,12,63,https://www.youtube.com/watch?v=PwNC-UZtF5s,31,11,63,https://www.youtube.com/watch?v=oUitg2ShAyM,63,13,63,https://www.youtube.com/watch?v=PwNC-UZtF5s,204,45,40,45,https://www.twitch.tv/videos/2756704386
0a67a8d822094ca3a59963f0fac8798a,887,35505,69,54,69,https://www.youtube.com/watch?v=RY6DohA7q5o,69,54,69,https://www.youtube.com/watch?v=RY6DohA7q5o,0,0,0,,0,0,0,0,
a2ee4a74f9ca40f5b6218de51736b9c8,880,51070,57,20,407,https://www.youtube.com/watch?v=f_SYYLeawXs,57,20,407,https://www.youtube.com/watch?v=f_SYYLeawXs,0,0,0,,0,0,0,0,
acc708b79f1c4e388466b407387e7cb5,879,125142,55,28,1509,https://www.youtube.com/watch?v=I5mTt_nVt2g,40,19,121,https://www.youtube.com/watch?v=z8jStCWX94Y,1059,506,1509,https://www.youtube.com/watch?v=I5mTt_nVt2g,0,0,0,0,
6c3eeb48b7764f11804ff8110d5d990b,878,97403,0,0,0,,0,0,0,,0,0,0,,0,0,0,0,
490d50310ffe4de4aac9c6368b49a0aa,877,36074,382,109,1628,https://www.youtube.com/watch?v=8xRnk_BebLk,0,0,0,,382,109,1628,https://www.youtube.com/watch?v=8xRnk_BebLk,0,0,0,0,
521477be11a44c43b063b394757b2342,875,55949,38,19,70,https://www.youtube.com/watch?v=h3l-i5Z7sKQ,38,19,70,https://www.youtube.com/watch?v=h3l-i5Z7sKQ,0,0,0,,0,0,0,0,
b399afc661d04f47acc9d0681be343b4,875,98411,111,59,2364,https://www.youtube.com/watch?v=poMuINfVWVQ,84,44,134,https://www.youtube.com/watch?v=a4l9WGHK5WY,687,174,2364,https://www.youtube.com/watch?v=poMuINfVWVQ,408,162,122,370,https://www.twitch.tv/videos/2753349288
76f2fa6f1aa44f0a816a01a1b277430a,871,32959,24,14,30,https://www.youtube.com/watch?v=1YkUG4qi2Vw,24,14,30,https://www.youtube.com/watch?v=1YkUG4qi2Vw,0,0,0,,42,0,0,0,
e3021481a8d247a5a9a5bf0a29399673,868,130159,150,81,150,https://www.youtube.com/watch?v=rRsXsjNJHb4,150,81,150,https://www.youtube.com/watch?v=rRsXsjNJHb4,0,0,0,,0,0,0,0,
b3fb28fe6a0e4fcfb8014e7a4070ca09,864,54882,29,15,83,https://www.youtube.com/watch?v=IKlwJs76oBY,29,15,83,https://www.youtube.com/watch?v=IKlwJs76oBY,0,0,0,,0,0,0,0,
0b183e5c128246c0ad5cd5491e8b8c83,860,211052,538,97,5780,https://www.youtube.com/watch?v=vZRyZv_Noeo,72,24,91,https://www.youtube.com/watch?v=owfh6al1CUk,1205,198,5780,https://www.youtube.com/watch?v=vZRyZv_Noeo,0,0,0,0,
45e104a6eabe4967a6cb84e720dd8e74,859,41707,4,2,92,https://www.youtube.com/watch?v=uwbCAWhJejc,0,0,0,,4,2,92,https://www.youtube.com/watch?v=uwbCAWhJejc,1869,217,65,463,https://www.twitch.tv/videos/2734735610
fcf611e0ddc5474b9836eb8aa2fe1d24,857,75355,25,10,78,https://www.youtube.com/watch?v=iew7q-2vytM,25,10,78,https://www.youtube.com/watch?v=iew7q-2vytM,0,0,0,,0,0,0,0,
9cfe61128e134f8dad9bb6ebf568cd71,854,20099,3,1,6,https://www.youtube.com/watch?v=rCiyeubmnt4,0,0,0,,3,1,6,https://www.youtube.com/watch?v=rCiyeubmnt4,1266,145,117,371,https://www.twitch.tv/videos/2752593151
5862e8e7c5fd4261af093cec20b40300,853,36923,136,56,215,https://www.youtube.com/watch?v=9FH9h6fxnwc,136,56,215,https://www.youtube.com/watch?v=9FH9h6fxnwc,0,0,0,,0,0,0,0,
5964947a5624455cba648007ec04a0b9,848,14972,0,0,0,,0,0,0,,0,0,0,,0,0,0,0,
415ca337b1104450acbed1eb046c0a58,846,87299,15,5,23,https://www.youtube.com/watch?v=GKXveabQctk,15,5,23,https://www.youtube.com/watch?v=GKXveabQctk,0,0,0,,271,0,0,0,
c747687c19704747b4cae2d4d5715aa0,846,32807,1262,741,10842,https://www.youtube.com/watch?v=3Lgftlh_tI4,0,0,0,,1262,741,10842,https://www.youtube.com/watch?v=3Lgftlh_tI4,4147,170,127,322,https://www.twitch.tv/videos/2757376970
370f66a57c0341b0adef5bcbad64ff90,845,46102,3,1,26,https://www.youtube.com/watch?v=R_1sMon1aEs,19,11,26,https://www.youtube.com/watch?v=R_1sMon1aEs,3,1,17,https://www.youtube.com/watch?v=uv-bMPogsJo,0,0,0,0,
7b3809e085754d52aee99d1fcc980eaf,839,37568,155,92,1607,https://www.youtube.com/watch?v=gYlIa4Kkhp4,85,33,155,https://www.youtube.com/watch?v=1GlhLNU0kho,616,219,1607,https://www.youtube.com/watch?v=gYlIa4Kkhp4,0,0,0,0,
27b10e5896e34e8d841f1605792b96c9,839,35818,0,0,0,,0,0,0,,0,0,0,,424,0,0,0,
a753be70dd194989835b604e4b249363,838,31094,0,0,0,,0,0,0,,0,0,0,,654,0,0,0,
399a496d028447a58924b2660d0fc187,838,198,0,0,0,,0,0,0,,0,0,0,,0,0,0,0,
3f3abaed158f420e84f9d1d5f4492b1d,838,61623,28,11,108,https://www.youtube.com/watch?v=0Buz01F8h84,28,11,108,https://www.youtube.com/watch?v=0Buz01F8h84,0,0,0,,645,57,44,136,https://www.twitch.tv/videos/2752602426
f36c774fbf4847e1afdf66a1e4806ea3,838,19813,1021,501,1021,https://www.youtube.com/watch?v=C1V5-7ZcgjY,0,0,0,,1021,501,1021,https://www.youtube.com/watch?v=C1V5-7ZcgjY,2400,837,781,943,https://www.twitch.tv/videos/2756638480
899e5f40cf7f49a8808969866758779e,835,37970,129,70,884,https://www.youtube.com/watch?v=c6tp74FXXQs,114,63,163,https://www.youtube.com/watch?v=y6k6Qdduzeg,884,701,884,https://www.youtube.com/watch?v=c6tp74FXXQs,241,76,48,98,https://www.twitch.tv/videos/2751015924
61c75f9fbf044b54872197eec7c9bafa,835,272200,209,57,961,https://www.youtube.com/watch?v=EGDza7NkBlg,78,40,103,https://www.youtube.com/watch?v=UYKkA6E_8EM,539,283,961,https://www.youtube.com/watch?v=EGDza7NkBlg,0,0,0,0,
f4c357c0b7ae4891859ecd205d903dff,834,37028,232,70,2115,https://www.youtube.com/watch?v=wq6yVpcPtQw,58,33,66,https://www.youtube.com/watch?v=VxckFEsQ66k,1122,362,2115,https://www.youtube.com/watch?v=wq6yVpcPtQw,82,0,0,0,
9ed7a28dd35e4e1c9400af811f6a284c,834,16646,0,0,0,,0,0,0,,0,0,0,,829,0,0,0,
f5a37da60cb74069a7dc13867404521f,832,63584,358,274,666,https://www.youtube.com/watch?v=3Hzp3oZ8Y1w,0,0,0,,358,274,666,https://www.youtube.com/watch?v=3Hzp3oZ8Y1w,0,0,0,0,
d3ac18bfe0984394a6fe19319a36b412,830,62687,80,19,80,https://www.youtube.com/watch?v=5z93v0wvT_8,80,19,80,https://www.youtube.com/watch?v=5z93v0wvT_8,0,0,0,,0,0,0,0,
aef2ed42d49343f28394b6335695b5ac,827,371036,0,0,9,https://www.youtube.com/watch?v=FMBh2xdjnzc,0,0,0,,0,0,9,https://www.youtube.com/watch?v=FMBh2xdjnzc,3048,57,49,75,https://www.twitch.tv/videos/2753439612
23dda65e497d4888b87db304533b8138,827,13684,0,0,0,,0,0,0,,0,0,0,,5374,763,419,1144,https://www.twitch.tv/videos/2735698400
77f4700c452c4200a4e62effa2884b4a,827,33217,17,16,17,https://www.youtube.com/watch?v=3SfYtSbD56Y,17,16,17,https://www.youtube.com/watch?v=3SfYtSbD56Y,0,0,0,,716,0,0,0,
6d144d78d2284fbcafa2428a5d132733,824,26876,0,0,0,,0,0,0,,0,0,0,,701,55,43,62,https://www.twitch.tv/videos/2753394063
899208f999aa4121ae2b67abb3190674,823,13527,0,0,0,,0,0,0,,0,0,0,,4208,173,103,308,https://www.twitch.tv/videos/2756583177
c26ea894da5741df9e1bc62044f6bce7,822,4077,0,0,0,,0,0,0,,0,0,0,,262,0,0,0,
686fa700c1ee4d179ed277d5b101f8a4,818,27767,0,0,0,,0,0,0,,0,0,0,,0,0,0,0,
0aa8c41f04bf4f12b9a8281353ea448a,817,35686,0,0,0,,0,0,0,,0,0,0,,4780,0,0,0,
6c5d547cdebf4daf813ac8b66c9fb873,815,32998,0,0,0,,0,0,0,,0,0,0,,0,0,0,0,
e099cf09b8674b988f17828aab2f7d86,813,21829,121,93,121,https://www.youtube.com/watch?v=5GkgnBCFWqQ,121,93,121,https://www.youtube.com/watch?v=5GkgnBCFWqQ,0,0,0,,641,0,0,0,
a26891359b444900956f04bc1b8f5faa,810,24314,81,28,511,https://www.youtube.com/watch?v=kyh8_h76iJg,69,25,110,https://www.youtube.com/watch?v=itaRjt97E3Y,301,83,511,https://www.youtube.com/watch?v=kyh8_h76iJg,276,70,49,109,https://www.twitch.tv/videos/2755042832
0a55a882e4ae4a1e9c1e77ea001aa91b,807,99105,0,0,0,,0,0,0,,0,0,0,,1504,30,19,45,https://www.twitch.tv/videos/2751029495
a0dbf7095446402ea77b11d8cced5a4b,804,45481,0,0,0,,0,0,0,,0,0,0,,0,0,0,0,
23354f18e2a94c9187fd0560fd874eeb,804,27349,0,0,0,,0,0,0,,0,0,0,,1663,221,147,336,https://www.twitch.tv/videos/2750186525
e80414fcc37b4d818ccf9dddb23cb452,801,16664,0,0,0,,0,0,0,,0,0,0,,4013,1633,622,2489,https://www.twitch.tv/videos/2742206280
13a3d049cda44b9e8da24006e642dd78,800,24818,0,0,0,,0,0,0,,0,0,0,,2783,0,0,0,
30bc516401f24514aaecce081979ab50,799,14547,0,0,0,,0,0,0,,0,0,0,,0,0,0,0,
a1c3335026d44b99b9abb8c6aaba3968,799,18026,0,0,0,,0,0,0,,0,0,0,,636,0,0,0,
5f8e197a06bc453e8d9e0a1c6cb92f1c,798,34577,3,1,21,https://www.youtube.com/watch?v=uaRs5_Jxffw,0,0,0,,3,1,21,https://www.youtube.com/watch?v=uaRs5_Jxffw,1626,93,59,204,https://www.twitch.tv/videos/2755858332
3e4c23394dde46f58f89cba536b208d5,797,22429,44,28,61,https://www.youtube.com/watch?v=AAzs_Qq1b_E,44,28,61,https://www.youtube.com/watch?v=AAzs_Qq1b_E,0,0,0,,0,0,0,0,
29a3d514ca274f6fb966f9d70bed4b52,796,77558,21,20,21,https://www.youtube.com/watch?v=x1lIf0LzrvE,0,0,0,,21,20,21,https://www.youtube.com/watch?v=x1lIf0LzrvE,809,358,206,523,https://www.twitch.tv/videos/2752568019
7a0c5fe0fe2f4427afe500c85ec958cb,794,54184,0,0,0,,0,0,0,,0,0,0,,0,0,0,0,
3034b51ec8ad439fa7033773a72a5c4a,792,20616,0,0,0,,0,0,0,,0,0,0,,3312,0,0,0,
d1d879cfccf7411296dcc765ca40e39c,792,124076,1489,951,2846,https://www.youtube.com/watch?v=4Uw4i0WfsbI,0,0,0,,1489,951,2846,https://www.youtube.com/watch?v=4Uw4i0WfsbI,1434,166,142,484,https://www.twitch.tv/videos/2758165913
29e2c3ae8e4d48f29fb3b89c463abb1c,790,69946,43,4,91,https://www.youtube.com/watch?v=fWDSQK--l4A,43,4,43,https://www.youtube.com/watch?v=dPvd__PytIE,45,4,91,https://www.youtube.com/watch?v=fWDSQK--l4A,2801,736,270,2784,https://www.twitch.tv/videos/2741008457
1594067d444e4a53abb95bc1aa40e6db,790,26020,0,0,0,,0,0,0,,0,0,0,,499,34,27,63,https://www.twitch.tv/videos/2752667375
e2ddcd13e70643238d46f50fba8261b2,785,85186,982,706,1206,https://www.youtube.com/watch?v=bE470xYBBVo,0,0,0,,982,706,1206,https://www.youtube.com/watch?v=bE470xYBBVo,2937,899,107,2336,https://www.twitch.tv/videos/2748578592
5f6dcf3b9b71405498aa07a2b80cb5ec,785,136213,359,154,359,https://www.youtube.com/watch?v=Uomw6WR6ps8,0,0,0,,359,154,359,https://www.youtube.com/watch?v=Uomw6WR6ps8,1246,183,152,299,https://www.twitch.tv/videos/2758356892
cf38ee666e104dce949c195f5ac58da2,784,301701,40,23,83,https://www.youtube.com/watch?v=nFFTd3dPMj4,43,23,83,https://www.youtube.com/watch?v=nFFTd3dPMj4,5,1,5,https://www.youtube.com/watch?v=kg9GKPjMHU4,0,0,0,0,
80ae039e7c3e4e90b6b3994ead599307,783,53848,131,73,210,https://www.youtube.com/watch?v=MkMNhDOjiu0,131,73,210,https://www.youtube.com/watch?v=MkMNhDOjiu0,0,0,0,,0,0,0,0,
d44dc8542b4f4dacab8f54b7e3483728,783,36023,64,27,104,https://www.youtube.com/watch?v=0p9zn8k8pcM,64,27,104,https://www.youtube.com/watch?v=0p9zn8k8pcM,0,0,0,,0,0,0,0,
f0afa83a8d2d4cc6bb9eb80655bbe40d,783,12641,0,0,0,,0,0,0,,0,0,0,,0,0,0,0,
d2c5b1c430fa45c8b9be0b8be65d8a6b,782,4670,0,0,0,,0,0,0,,0,0,0,,304,0,0,0,
943129b96d2341bcb7b25a66c9da2354,779,32912,0,0,0,,0,0,0,,0,0,0,,16513,0,0,0,
c3e1a96f96334696af38e93fa8178085,777,46320,5,0,5,https://www.youtube.com/watch?v=PpUmXV1PhR8,0,0,0,,5,0,5,https://www.youtube.com/watch?v=PpUmXV1PhR8,1239,29,24,44,https://www.twitch.tv/videos/2755082167
968f0b8c521942d6939234c70f49747a,776,23610,0,0,0,,0,0,0,,0,0,0,,1957,437,335,437,https://www.twitch.tv/videos/2753445861
4caaacdde06c4a0a9662e0d1e07114e0,774,15567,0,0,0,,0,0,0,,0,0,0,,0,0,0,0,
2971554445614cfaaccddd9cde93c599,773,25220,57,36,57,https://www.youtube.com/watch?v=0e8mwTvQkoo,0,0,0,,57,36,57,https://www.youtube.com/watch?v=0e8mwTvQkoo,1118,102,87,102,https://www.twitch.tv/videos/2755715049
8c59e356f1564e068e1c81ac7de1a4e3,772,34208,0,0,0,,0,0,0,,0,0,0,,0,0,0,0,
405cf0a502a6496bacfe7e49647e7e28,772,37866,23,11,49,https://www.youtube.com/watch?v=DcmNM3L1r6g,23,14,49,https://www.youtube.com/watch?v=DcmNM3L1r6g,6,0,6,https://www.youtube.com/watch?v=oT1CQdx7gS4,2173,734,466,1160,https://www.twitch.tv/videos/2751144855
7342482fda6d40f98e078505a24825d4,771,40517,87,51,126,https://www.youtube.com/watch?v=iyYMUFO54Ys,87,51,126,https://www.youtube.com/watch?v=iyYMUFO54Ys,0,0,0,,0,0,0,0,
4de233ea7dfc4a7da1738ab627babd48,771,42129,81,35,1577,https://www.youtube.com/watch?v=SDdJmcB7Xm4,75,33,254,https://www.youtube.com/watch?v=BDMlHLgXEGs,1577,837,1577,https://www.youtube.com/watch?v=SDdJmcB7Xm4,0,0,0,0,
2a2b7990365f4a1bb1d8acf1ae0f2f32,770,289835,54,21,22442,https://www.youtube.com/watch?v=opZbxAY9E9g,29,16,115,https://www.youtube.com/watch?v=qohiZmnPNPQ,1895,865,22442,https://www.youtube.com/watch?v=opZbxAY9E9g,141,4,3,9,https://www.twitch.tv/videos/2755866419
3922688ae4b64592b8301430e19fd2ca,769,69011,109,68,1477,https://www.youtube.com/watch?v=s8xhEKpJ1Wc,100,35,152,https://www.youtube.com/watch?v=zNI1-GhvP2c,349,198,1477,https://www.youtube.com/watch?v=s8xhEKpJ1Wc,183,222,184,249,https://www.twitch.tv/videos/2752747942
de6ab52e6aca42d2ab88274244e772fc,769,25997,0,0,0,,0,0,0,,0,0,0,,0,0,0,0,
a22035a68721415e830d1d7b8ffd172d,769,11346,0,0,0,,0,0,0,,0,0,0,,1846,0,0,0,
e83a22c584774763a3b91d557141604d,769,9965,0,0,0,,0,0,0,,0,0,0,,2048,307,293,307,https://www.twitch.tv/videos/2758063694
5cdecbd7413e4c9e9cb56373a186ccec,767,17757,0,0,0,,0,0,0,,0,0,0,,402,41,26,88,https://www.twitch.tv/videos/2749441623
e888326df83d41f680960f24bb55c670,767,16022,0,0,0,,0,0,0,,0,0,0,,0,0,0,0,
17946118c2d641819c847aba0c491e13,766,4015,0,0,0,,0,0,0,,0,0,0,,5053,0,0,0,
80b6efc8007f4f6d84ce2f93862ae319,765,107094,215,126,301,https://www.youtube.com/watch?v=tIW2ltMaf_M,215,126,301,https://www.youtube.com/watch?v=tIW2ltMaf_M,0,0,0,,0,0,0,0,
1d1e155c827e4ed2a0596c256983c22d,764,19526,9,3,32,https://www.youtube.com/watch?v=zDIZB1xnBkg,0,0,0,,9,3,32,https://www.youtube.com/watch?v=zDIZB1xnBkg,2240,344,245,1643,https://www.twitch.tv/videos/2751306559
40bb881e52be4d8b9c66a60be89e0504,762,50496,54,26,60,https://www.youtube.com/watch?v=UyDm0gTXKEk,54,26,60,https://www.youtube.com/watch?v=UyDm0gTXKEk,0,0,0,,0,0,0,0,
945e26a69e2145219406bf2ca0d59554,761,21528,0,0,0,,0,0,0,,0,0,0,,728,0,0,0,
3a932cc8813343b6bb5d822cb2f53558,761,42013,0,0,0,,0,0,0,,0,0,0,,3187,0,0,0,
3204abe8247b45f08481bef65884ebc3,760,2983,0,0,0,,0,0,0,,0,0,0,,1339,35,31,51,https://www.twitch.tv/videos/2755924576
9539cc114b7648efb72bafc3a7358ae6,757,0,0,0,0,,0,0,0,,0,0,0,,1935,0,0,0,
dc0868efeac540bfac9b383bd65a82e6,757,22497,64,28,74,https://www.youtube.com/watch?v=A4qIzjByIT0,64,28,74,https://www.youtube.com/watch?v=A4qIzjByIT0,0,0,0,,0,0,0,0,
cec266a3203a4d1599494b42f35b4012,757,631,0,0,0,,0,0,0,,0,0,0,,498,38,27,63,https://www.twitch.tv/videos/2755847063
f7c5ff874d1d4528a36c0a54d27017a3,756,59665,31,7,48,https://www.youtube.com/watch?v=cmiawqXrwjc,31,7,48,https://www.youtube.com/watch?v=cmiawqXrwjc,0,0,0,,0,0,0,0,
66ab3e28c90a428bb98100cd9119a4e9,751,28583,72,39,154,https://www.youtube.com/watch?v=PhFHikDooiA,72,39,154,https://www.youtube.com/watch?v=PhFHikDooiA,0,0,0,,0,0,0,0,
a666cf6707d14cdbbe6581a8964aabd0,751,20784,0,0,0,,0,0,0,,0,0,0,,858,22,14,22,https://www.twitch.tv/videos/2750292223
c639c0dba4504221bfec50cf787f395d,749,29200,101,50,1170,https://www.youtube.com/watch?v=zr5d2NLSNTM,73,42,85,https://www.youtube.com/watch?v=sSz_NO_WLlA,1163,311,1170,https://www.youtube.com/watch?v=zr5d2NLSNTM,1030,229,177,340,https://www.twitch.tv/videos/2747715804
7531ceacd52e43b4a29ba4dc18a3f56c,745,35907,1660,1168,1660,https://www.youtube.com/watch?v=w3N-6CDKg0s,0,0,0,,1660,1168,1660,https://www.youtube.com/watch?v=w3N-6CDKg0s,1878,278,178,463,https://www.twitch.tv/videos/2758145692
b96e4730713c48899004d4af5975fe21,744,5148,0,0,0,,0,0,0,,0,0,0,,250,0,0,0,
6ac39c9c814e4dfe9c2294345a2a3e9c,742,54858,110,34,432,https://www.youtube.com/watch?v=xng6IrWrUXw,80,34,432,https://www.youtube.com/watch?v=xng6IrWrUXw,136,16,136,https://www.youtube.com/watch?v=Blw9gdIssM0,1460,128,123,128,https://www.twitch.tv/videos/2758178052
0f97f20ec79649e687590a4dc7328a21,740,19663,0,0,0,,0,0,0,,0,0,0,,349,0,0,0,
f5260b1a196a43f8b4aff1cc742a67f4,738,22120,131,69,1232,https://www.youtube.com/watch?v=rCxJFMsZW7w,108,66,559,https://www.youtube.com/watch?v=VIh63YT4Wp0,1045,588,1232,https://www.youtube.com/watch?v=rCxJFMsZW7w,119,36,31,53,https://www.twitch.tv/videos/2756629493
4f20e15637644c409c850ced48bb33dd,738,34743,111,70,154,https://www.youtube.com/watch?v=IyxHl0CiAJ0,124,48,154,https://www.youtube.com/watch?v=IyxHl0CiAJ0,105,70,105,https://www.youtube.com/watch?v=PJW2oFDo50Q,0,0,0,0,
a1880ae475fe44fc92760277c3f850ed,736,6500,0,0,0,,0,0,0,,0,0,0,,587,0,0,0,
c6286d22a9344325bb1609918d442b93,736,69858,0,0,0,,0,0,0,,0,0,0,,76,0,0,0,
eef7776c596141afb7efb9c1790bcb64,736,34342,0,0,0,,0,0,0,,0,0,0,,1522,0,0,0,
ab7fb3b59bef4d869388be703ffa8c01,736,12362,0,0,0,,0,0,0,,0,0,0,,0,0,0,0,
c2b2f9bf0228445289b8791110b340ec,732,363253,44,23,86,https://www.youtube.com/watch?v=xxXaDGhIfwU,44,23,86,https://www.youtube.com/watch?v=xxXaDGhIfwU,0,0,0,,93,0,0,0,
8774553046cb47a9b5165c15feb01e84,731,32792,21,13,146,https://www.youtube.com/watch?v=jG_M_4hbKNU,21,13,146,https://www.youtube.com/watch?v=jG_M_4hbKNU,0,0,0,,478,68,60,68,https://www.twitch.tv/videos/2756542430
8f4142c5ead94656b4744b425d800fb8,727,98733,47,19,117,https://www.youtube.com/watch?v=ZvAMkSEGhZE,47,19,117,https://www.youtube.com/watch?v=ZvAMkSEGhZE,0,0,0,,0,0,0,0,
9124a5ccacc44fb68b5b1d5697e3fb90,726,17937,94,29,166,https://www.youtube.com/watch?v=EzeW2vkG1ds,94,29,166,https://www.youtube.com/watch?v=EzeW2vkG1ds,0,0,0,,0,0,0,0,
a2f9fd3568f3467aa35e411dbde1ab45,726,39696,54,10,57,https://www.youtube.com/watch?v=mDB6_UHN1Es,0,0,0,,54,10,57,https://www.youtube.com/watch?v=mDB6_UHN1Es,0,0,0,0,
00de1290ff0a4edda4db0385a6ba3300,726,14734,0,0,0,,0,0,0,,0,0,0,,1761,91,85,153,https://www.twitch.tv/videos/2755118134
c22cb6790eaf4fcc8ac47633e0ab6c49,725,23471,100,39,1044,https://www.youtube.com/watch?v=dmKxoBHIEcs,47,14,135,https://www.youtube.com/watch?v=NF_Cg9IG02U,605,354,1044,https://www.youtube.com/watch?v=dmKxoBHIEcs,301,82,67,111,https://www.twitch.tv/videos/2752734255
6826120624a244d4ab9522b5845db071,723,38339,0,0,0,,0,0,0,,0,0,0,,3659,370,304,792,https://www.twitch.tv/videos/2758225684
ea31f43c943742be847e205495fc64ad,716,62247,1799,1491,2238,https://www.youtube.com/watch?v=KVdigRlA5CY,0,0,0,,1799,1491,2238,https://www.youtube.com/watch?v=KVdigRlA5CY,3440,1507,685,4542,https://www.twitch.tv/videos/2754353635
027dc46502ee4350ba597000191659ae,716,20279,109,100,1406,https://www.youtube.com/watch?v=wbL9Oxn0yIc,106,85,319,https://www.youtube.com/watch?v=HnrBKz4tYdE,486,256,1406,https://www.youtube.com/watch?v=wbL9Oxn0yIc,55,0,0,0,
ffe0cef3d8c34c52bb605a23a3e61e95,715,20630,236,73,1638,https://www.youtube.com/watch?v=sQVPShLOTpw,236,73,332,https://www.youtube.com/watch?v=j2Yk4BGrx_Y,854,326,1638,https://www.youtube.com/watch?v=sQVPShLOTpw,0,0,0,0,
8999cce711d64abfb6d451ca6172dd3e,715,55146,1790,1237,18437,https://www.youtube.com/watch?v=GDYCpZr7fvE,0,0,0,,1790,1237,18437,https://www.youtube.com/watch?v=GDYCpZr7fvE,0,0,0,0,
082df6a588424bc9aaa378c53b34315c,715,23484,0,0,0,,0,0,0,,0,0,0,,179,36,32,36,https://www.twitch.tv/videos/2756543155
bb775b8f85574398af290f5be009d40e,714,948,0,0,0,,0,0,0,,0,0,0,,0,0,0,0,
acc6cc72bdb74a74a719cc41baf0aade,713,26836,56,29,109,https://www.youtube.com/watch?v=VFz40UPBDuo,56,29,109,https://www.youtube.com/watch?v=VFz40UPBDuo,0,0,0,,0,0,0,0,
fb72bfcead034da2abef22637e7b2b3c,709,36307,971,217,1405,https://www.youtube.com/watch?v=LCPLljeKhvI,0,0,0,,971,217,1405,https://www.youtube.com/watch?v=LCPLljeKhvI,1507,159,96,277,https://www.twitch.tv/videos/2753249395
8bd1aad0ee834101b6042c08495a31be,708,17073,0,0,0,,0,0,0,,0,0,0,,248,23,15,25,https://www.twitch.tv/videos/2747846895
a4e31a26718d42d692f6613fafb810f5,708,17774,0,0,0,,0,0,0,,0,0,0,,0,0,0,0,
667d1f10770d4512a5350b74bcb3efc0,706,28130,65,49,74,https://www.youtube.com/watch?v=y5nzFKePEbI,65,49,74,https://www.youtube.com/watch?v=y5nzFKePEbI,0,0,0,,0,0,0,0,
6bff712e91fe4fc19332873f9db07c2a,706,28032,0,0,0,,0,0,0,,0,0,0,,0,0,0,0,
d460f1ea172d49f9a23f3277a391ce30,705,5822,0,0,0,,0,0,0,,0,0,0,,526,32,27,35,https://www.twitch.tv/videos/2757575465
40a4357f990e4fd8ad2ac18c26603925,705,17948,23,8,52,https://www.youtube.com/watch?v=j_Yx5sl8aJE,20,3,29,https://www.youtube.com/watch?v=rF4WusjUPik,52,18,52,https://www.youtube.com/watch?v=j_Yx5sl8aJE,1658,47,34,103,https://www.twitch.tv/videos/2753464579
5ee9f1126dcf463e8d6afc8ef113d084,704,21920,57,28,121,https://www.youtube.com/watch?v=Kc81yab4c90,57,28,121,https://www.youtube.com/watch?v=Kc81yab4c90,0,0,0,,0,0,0,0,
c72045d5b8714411af64d5c9d29cea97,701,28381,0,0,0,,0,0,0,,0,0,0,,0,0,0,0,
4297ecbe09d04698a65f1778f5c16dc4,700,30653,57,33,1887,https://www.youtube.com/watch?v=PxvkgWvOfVk,52,24,92,https://www.youtube.com/watch?v=jVmn-cJe9iA,641,443,1887,https://www.youtube.com/watch?v=PxvkgWvOfVk,201,20,14,28,https://www.twitch.tv/videos/2748680829
b3628981441b4b1aa2a3c91af81c7084,700,4387,0,0,0,,0,0,0,,0,0,0,,0,0,0,0,
2047c8ae25624470b90251b1fd9502d5,697,27779,0,0,0,,0,0,0,,0,0,0,,0,0,0,0,
bd16ea1e11d9475eb53a108ba90ea6a3,696,58577,26,10,90,https://www.youtube.com/watch?v=mwYaTKPQ6Hw,26,10,90,https://www.youtube.com/watch?v=mwYaTKPQ6Hw,0,0,0,,0,0,0,0,
8881d23b0a3c426590c8a2509e363ec1,696,86382,466,459,466,https://www.youtube.com/watch?v=3ODndxblm14,0,0,0,,466,459,466,https://www.youtube.com/watch?v=3ODndxblm14,2006,123,91,246,https://www.twitch.tv/videos/2752696723
9b64082043fc451f9dd5edc793fa8605,696,8699,5,1,14,https://www.youtube.com/watch?v=fKwLO1rhSF4,0,0,0,,5,1,14,https://www.youtube.com/watch?v=fKwLO1rhSF4,1148,239,190,301,https://www.twitch.tv/videos/2756493049
60da3bb357d64f998006b8ca3043fd00,695,28812,52,30,154,https://www.youtube.com/watch?v=nl0x4ALdN7k,52,30,154,https://www.youtube.com/watch?v=nl0x4ALdN7k,0,0,0,,0,0,0,0,
28e5717b1964475ca59ce02d81cb2796,693,14293,0,0,0,,0,0,0,,0,0,0,,3267,673,253,1402,https://www.twitch.tv/videos/2756253174
0800162a149e420ea0386c9506e710b7,693,29587,0,0,0,,0,0,0,,0,0,0,,0,0,0,0,
8ae0f370cf124faa953a09089a427fd9,693,27902,92,46,559,https://www.youtube.com/watch?v=aHS8geOU6yE,92,46,559,https://www.youtube.com/watch?v=aHS8geOU6yE,0,0,0,,291,41,28,90,https://www.twitch.tv/videos/2757440998
a0467c81a3014fbf83029acffe5b1d3f,688,12290,0,0,0,,0,0,0,,0,0,0,,1159,29,21,33,https://www.twitch.tv/videos/2751654569
1058d6e9f351455389e8a7a716ea26ff,686,52754,32,12,94,https://www.youtube.com/watch?v=7T5amoiJHKQ,28,15,94,https://www.youtube.com/watch?v=7T5amoiJHKQ,45,9,66,https://www.youtube.com/watch?v=y1ZKcvT5aPQ,3396,175,133,466,https://www.twitch.tv/videos/2751034502
5896bb30994d4416ad7e252642135194,684,49356,62,36,71,https://www.youtube.com/watch?v=8WZYDTkcOr4,62,36,71,https://www.youtube.com/watch?v=8WZYDTkcOr4,0,0,0,,0,0,0,0,
29d8d144d6a24ff28476d25306286836,683,134900,2192,704,4364,https://www.youtube.com/watch?v=oBAZ1kSNpXI,0,0,0,,2192,704,4364,https://www.youtube.com/watch?v=oBAZ1kSNpXI,1179,441,234,2125,https://www.twitch.tv/videos/2750957496
bff3b878d9864ff893bd79d1f2a7a849,683,44027,23,10,55,https://www.youtube.com/watch?v=YfZ7AOvdReY,24,10,55,https://www.youtube.com/watch?v=YfZ7AOvdReY,18,12,18,https://www.youtube.com/watch?v=m6Il3g6lKxE,129,10,6,24,https://www.twitch.tv/videos/2751599604
15ec206bfc374aaaa594bc12e9887a69,681,9393,0,0,0,,0,0,0,,0,0,0,,1624,0,0,0,
15e82a696cfc4d42929e29b0d90955d1,681,45758,182,61,938,https://www.youtube.com/watch?v=u73BDr4WJ4k,146,67,938,https://www.youtube.com/watch?v=u73BDr4WJ4k,280,56,463,https://www.youtube.com/watch?v=T_PdOICsRjw,0,0,0,0,
2608bc34d1f8497da55ab0cf4d0d7f0e,679,14048,1110,434,1110,https://www.youtube.com/watch?v=_U8AbHHXaLU,0,0,0,,1110,434,1110,https://www.youtube.com/watch?v=_U8AbHHXaLU,2982,1168,783,1769,https://www.twitch.tv/videos/2750716938
0528d5a963af400884b2db8484a0d152,678,531,0,0,0,,0,0,0,,0,0,0,,411,0,0,0,
2c83b5b4c0644e9d94c4221ba9543cc5,677,19113,0,0,0,,0,0,0,,0,0,0,,270,0,0,0,
0591345aa6634a73ac41f08af6d4e06e,676,33398,42,23,1373,https://www.youtube.com/watch?v=heD6IR2yrrI,39,22,117,https://www.youtube.com/watch?v=lKXIICej48Q,1373,1245,1373,https://www.youtube.com/watch?v=heD6IR2yrrI,0,0,0,0,
94b3f738cde248e3bf6061f1692d6337,675,167480,0,0,0,,0,0,0,,0,0,0,,0,0,0,0,
e44a37ed06c749da9aeea8e16b309a84,675,28944,0,0,0,,0,0,0,,0,0,0,,27,0,0,0,
6159040406fc4e6cb73dbf9734717703,673,98253,0,0,0,,0,0,0,,0,0,0,,2146,0,0,0,
263db06cfe814d4397e6fc8bc593e70e,673,42540,0,0,0,,0,0,0,,0,0,0,,0,0,0,0,
c265c71f4d2744919a319f0f38c008f9,671,25939,0,0,0,,0,0,0,,0,0,0,,5612,0,0,0,
a324be13dcdb4acbbe722638fc2dbfa4,671,39026,57,39,3200,https://www.youtube.com/watch?v=d-MgyzTMa5U,45,15,67,https://www.youtube.com/watch?v=kTpTvo8ry-0,2834,1109,3200,https://www.youtube.com/watch?v=d-MgyzTMa5U,115,14,12,16,https://www.twitch.tv/videos/2755041311
1a39f2817a8d4b2d941677c2a07e896a,670,78598,75,34,1888,https://www.youtube.com/watch?v=QJcfuS9b3QI,56,19,1300,https://www.youtube.com/watch?v=LZlPVx-PqtQ,288,62,1888,https://www.youtube.com/watch?v=QJcfuS9b3QI,0,0,0,0,
728094029eab434ca60a99e4d1a139c7,668,112038,589,279,24101,https://www.youtube.com/watch?v=9pZf8c6UhP0,153,48,238,https://www.youtube.com/watch?v=yhjtlpECNhw,1780,759,24101,https://www.youtube.com/watch?v=9pZf8c6UhP0,5,0,0,0,
4d4db7afb4b84af7b4d54889a5f93947,668,19374,34,30,34,https://www.youtube.com/watch?v=PYBIvVKocis,0,0,0,,34,30,34,https://www.youtube.com/watch?v=PYBIvVKocis,0,0,0,0,
26b00f5ff5bf4b5a8dcb6c5c34e1b4f6,665,4896,0,0,0,,0,0,0,,0,0,0,,5939,1042,627,3283,https://www.twitch.tv/videos/2751335790
dfc411c6b5d24d97b944f527ddfd2f0b,665,34141,67,34,177,https://www.youtube.com/watch?v=C5wt33nQFJk,73,29,177,https://www.youtube.com/watch?v=C5wt33nQFJk,46,38,46,https://www.youtube.com/watch?v=fb_v45aJfoM,0,0,0,0,
a59b5e9b4b3f423faa754bb0c1c5e9f7,664,20048,0,0,0,,0,0,0,,0,0,0,,13,0,0,0,
d15b3fadead04e7399faaeb47fdf37f9,664,33586,0,0,0,,0,0,0,,0,0,0,,0,0,0,0,
63d931b5a0374b3fbeef2c565a8db8df,663,95189,2294,231,2294,https://www.youtube.com/watch?v=8sthokxi8lM,0,0,0,,2294,231,2294,https://www.youtube.com/watch?v=8sthokxi8lM,6378,636,429,636,https://www.twitch.tv/videos/2751172147
f3a1ec7e996e4897ba4e34376f7c0be2,662,8366,90,48,90,https://www.youtube.com/watch?v=fsZ-qkkyED4,0,0,0,,90,48,90,https://www.youtube.com/watch?v=fsZ-qkkyED4,1022,213,144,317,https://www.twitch.tv/videos/2752602863
3a30426a65fe450bbef138fd8ba35f1e,662,51435,75,45,179,https://www.youtube.com/watch?v=LJnwwKNDXTU,75,45,179,https://www.youtube.com/watch?v=LJnwwKNDXTU,0,0,0,,0,0,0,0,
5bbd1c2531594775a4b74928e630dd59,662,45475,0,0,0,,0,0,0,,0,0,0,,4111,335,199,1538,https://www.twitch.tv/videos/2751674738
4b305df8ba4546b48c8ec1cda5efb7e2,660,181105,15,10,15,https://www.youtube.com/watch?v=95hpsBZv6-A,15,10,15,https://www.youtube.com/watch?v=95hpsBZv6-A,0,0,0,,0,0,0,0,
23d18a6678794320b2d3f9d468b9b3a4,659,42949,15,5,122,https://www.youtube.com/watch?v=Bg0u2-i-wfE,15,6,23,https://www.youtube.com/watch?v=1ityZ19Z0Cs,122,4,122,https://www.youtube.com/watch?v=Bg0u2-i-wfE,1262,138,106,446,https://www.twitch.tv/videos/2747675101
7342e2aefa41449880565dfd15a35cad,658,20481,40,8,51,https://www.youtube.com/watch?v=9tHyJeftAEI,40,8,51,https://www.youtube.com/watch?v=9tHyJeftAEI,0,0,0,,0,0,0,0,
fc6a8de6e0e14e05a11b1d35dfce1d71,658,36238,43,33,56,https://www.youtube.com/watch?v=kTVtNWylXuo,42,29,44,https://www.youtube.com/watch?v=iDQc6JWmFqA,56,39,56,https://www.youtube.com/watch?v=kTVtNWylXuo,0,0,0,0,
49d38057272d4c4992cdbcb792c94d00,657,25967,33,9,51,https://www.youtube.com/watch?v=f64gLKgEbO8,33,9,51,https://www.youtube.com/watch?v=f64gLKgEbO8,0,0,0,,284,37,9,96,https://www.twitch.tv/videos/2738656833
c03997835cc943fe81a441c571d733d0,654,53639,23,8,123,https://www.youtube.com/watch?v=JYDkK-i6Ad0,22,8,39,https://www.youtube.com/watch?v=bxVntjCRxHA,123,28,123,https://www.youtube.com/watch?v=JYDkK-i6Ad0,207,0,0,0,
b96f58f4373a4b65977afe5f2829e9e4,653,164672,53,9,147,https://www.youtube.com/watch?v=_HSAirVLFXU,52,9,66,https://www.youtube.com/watch?v=y74G_e1MyP4,105,45,147,https://www.youtube.com/watch?v=_HSAirVLFXU,512,121,77,170,https://www.twitch.tv/videos/2751143649
9bd9d680d6cf48d1a7171430f286fcb1,651,92294,37,18,1281,https://www.youtube.com/watch?v=Gov4W0ci3gs,32,13,68,https://www.youtube.com/watch?v=L1zz_GALQvQ,401,126,1281,https://www.youtube.com/watch?v=Gov4W0ci3gs,0,0,0,0,
14d68e1fc65f4206b0c45d65970c0215,651,42762,61,24,85,https://www.youtube.com/watch?v=0SBV7WJEQKA,61,24,85,https://www.youtube.com/watch?v=0SBV7WJEQKA,0,0,0,,0,0,0,0,
0f11420beab0442eae0208ac63d4474c,650,3914,0,0,0,,0,0,0,,0,0,0,,0,0,0,0,
f7185f45c8a44e69bf829405206996b9,650,30625,108,26,174,https://www.youtube.com/watch?v=GQJGo5xOHG0,108,26,174,https://www.youtube.com/watch?v=GQJGo5xOHG0,0,0,0,,54,0,0,0,
2c6b5ad20b4e4bdc85310b791d02b364,649,7018,0,0,0,,0,0,0,,0,0,0,,2342,0,0,0,
948c874aac8c4c7fa088b380e79b2154,649,20681,104,69,104,https://www.youtube.com/watch?v=mX-TDfR26p0,104,69,104,https://www.youtube.com/watch?v=mX-TDfR26p0,0,0,0,,0,0,0,0,
3e079110e939428085c1f1040ec756f9,648,8645,0,0,0,,0,0,0,,0,0,0,,0,0,0,0,
e911a56d410b4949aee1d3a8dc84f4ad,647,39788,37,15,70,https://www.youtube.com/watch?v=QA3Ow9z1mPI,37,15,70,https://www.youtube.com/watch?v=QA3Ow9z1mPI,0,0,0,,0,0,0,0,
677a773535814b5fa2d557da2f80bb89,647,17385,0,0,0,,0,0,0,,0,0,0,,423,0,0,0,
87e1b5eec62040118b6bd49efbe5d61c,644,50963,118,50,1345,https://www.youtube.com/watch?v=8PalmfywAWg,79,40,219,https://www.youtube.com/watch?v=k0KtSHOiNHA,549,297,1345,https://www.youtube.com/watch?v=8PalmfywAWg,426,198,141,724,https://www.twitch.tv/videos/2750766730
9f585f607da24e26b05ccb7e06e1d4f1,641,89140,136,42,1456,https://www.youtube.com/watch?v=fJ1n6tNVC9A,61,26,230,https://www.youtube.com/watch?v=2ReGbIlG_wk,1134,250,1456,https://www.youtube.com/watch?v=fJ1n6tNVC9A,527,0,0,0,
adb7f358e8134f30ac0919a74c9d171b,638,13847,3,2,3,https://www.youtube.com/watch?v=skeYWpR9kiM,0,0,0,,3,2,3,https://www.youtube.com/watch?v=skeYWpR9kiM,2212,319,193,708,https://www.twitch.tv/videos/2750120777
5298121274154e4b9154e8ac47d98beb,637,37483,85,65,692,https://www.youtube.com/watch?v=8d-zhqJgohg,32,18,138,https://www.youtube.com/watch?v=3f-GnyF08_Q,692,674,692,https://www.youtube.com/watch?v=8d-zhqJgohg,0,0,0,0,
031da54f73f94adf8159ef0d3bfeb52b,636,67535,31,11,72,https://www.youtube.com/watch?v=5_W9oRA9ES8,31,11,72,https://www.youtube.com/watch?v=5_W9oRA9ES8,0,0,0,,0,0,0,0,
6bb99d03979041aa909d87375acaf92d,635,108613,592,65,592,https://www.youtube.com/watch?v=w4PgibFmpF4,592,65,592,https://www.youtube.com/watch?v=w4PgibFmpF4,0,0,0,,0,0,0,0,
4c127c01ba31487599018fc81ff1a3dd,635,36004,0,0,0,,0,0,0,,0,0,0,,0,0,0,0,
f1bcb26adebc4b95abd8fb779dfc4f6f,635,30818,114,42,148,https://www.youtube.com/watch?v=1DhxKSehUVo,114,42,148,https://www.youtube.com/watch?v=1DhxKSehUVo,0,0,0,,0,0,0,0,
32ce3b3861fe4b5a98d5adc9a704bbf1,634,26231,703,444,5933,https://www.youtube.com/watch?v=iDo-1k4ZF5U,536,496,637,https://www.youtube.com/watch?v=EanMnzJDcLU,4535,357,5933,https://www.youtube.com/watch?v=iDo-1k4ZF5U,37,0,0,0,
e7f01ae0c78b4daeaaf8f3fe39946e8d,633,33378,37,7,73,https://www.youtube.com/watch?v=5k3TtIw48gU,37,7,73,https://www.youtube.com/watch?v=5k3TtIw48gU,0,0,0,,0,0,0,0,
ec332c6e824044698204e6dba3e5fbfc,633,12001,0,0,0,,0,0,0,,0,0,0,,567,0,0,0,
dc9cd2bc942d427d8cc73370d1194f9e,632,45798,115,77,342,https://www.youtube.com/watch?v=tXVbQrocWGM,115,77,342,https://www.youtube.com/watch?v=tXVbQrocWGM,0,0,0,,0,0,0,0,
004e635d5d494045a810b2d026e769c7,631,62034,188,138,1147,https://www.youtube.com/watch?v=qQ1ddQVFs8k,188,138,265,https://www.youtube.com/watch?v=2zGYAC3iqlU,593,273,1147,https://www.youtube.com/watch?v=qQ1ddQVFs8k,0,0,0,0,
424043d4c55449cd9317bc0923c13299,631,264954,66,17,1222,https://www.youtube.com/watch?v=-J7i7TCloQI,37,10,77,https://www.youtube.com/watch?v=2j0m3PAI2LA,445,32,1222,https://www.youtube.com/watch?v=-J7i7TCloQI,279,0,0,0,
1f455594561b421da20dde10d1540981,630,44370,0,0,0,,0,0,0,,0,0,0,,6176,448,246,1434,https://www.twitch.tv/videos/2755879235
e55e67f2f7f64a6da7ae604df1652f5e,630,252349,96,65,114,https://www.youtube.com/watch?v=G-xWaqvQYG8,79,25,79,https://www.youtube.com/watch?v=UtMFRj_W-Ew,114,106,114,https://www.youtube.com/watch?v=G-xWaqvQYG8,0,0,0,0,
87e486b2a37549cbaccc95bbf7d3f253,628,40966,26,19,1185,https://www.youtube.com/watch?v=VgczWFbnB78,26,18,131,https://www.youtube.com/watch?v=SbPTbc-uhec,1185,789,1185,https://www.youtube.com/watch?v=VgczWFbnB78,2437,120,90,177,https://www.twitch.tv/videos/2751102828
326a721a7a904cb9b5ed0dad4899d7c2,627,21775,581,525,1143,https://www.youtube.com/watch?v=yExXFMYZ7IQ,0,0,0,,581,525,1143,https://www.youtube.com/watch?v=yExXFMYZ7IQ,790,236,177,430,https://www.twitch.tv/videos/2750232742
e50da8792cd94b009eaa8dd4be738d59,627,2038,0,0,0,,0,0,0,,0,0,0,,1076,32,21,68,https://www.twitch.tv/videos/2755211916
fdb0805c65e24f13b7f23e50e0db8ae2,626,45757,796,553,1155,https://www.youtube.com/watch?v=aWUsrr3QOhw,0,0,0,,796,553,1155,https://www.youtube.com/watch?v=aWUsrr3QOhw,8711,970,738,1069,https://www.twitch.tv/videos/2753426273
54b80ca15e0c40f6abdebd37e0aa4ca1,624,14260,0,0,0,,0,0,0,,0,0,0,,672,207,140,256,https://www.twitch.tv/videos/2751837348
3e6f13f775fa4ef09ff9b26ce062eb52,623,1584,0,0,0,,0,0,0,,0,0,0,,305,0,0,0,
6c2b07e387644ff1898d8c536747dcb0,623,20855,961,357,1417,https://www.youtube.com/watch?v=RU_KhMaK_IY,0,0,0,,961,357,1417,https://www.youtube.com/watch?v=RU_KhMaK_IY,308,0,0,0,
b16b9643e24d404a8de6d66551451b85,622,8887,34,6,71,https://www.youtube.com/watch?v=TcYBJapPL_I,34,6,71,https://www.youtube.com/watch?v=TcYBJapPL_I,0,0,0,,3316,0,0,0,
b8ccfa7aec6a419ca8ad1a91d9fafdf6,621,0,0,0,0,,0,0,0,,0,0,0,,2333,128,84,179,https://www.twitch.tv/videos/2757451717
0ad03ee6159c4d37a4feccbc49ba3dcf,621,56722,34,18,488,https://www.youtube.com/watch?v=zFlMJV26D4E,34,20,488,https://www.youtube.com/watch?v=zFlMJV26D4E,5,2,5,https://www.youtube.com/watch?v=ZQAMDGAKUNo,168,0,0,0,
5e931b583dfe4fdc98d10e4dceaf2c93,621,23284,7,1,95,https://www.youtube.com/watch?v=Eez7IzygwcU,0,0,0,,7,1,95,https://www.youtube.com/watch?v=Eez7IzygwcU,1523,123,118,123,https://www.twitch.tv/videos/2758184839
dec8ff1f1ef243ccb8fa65edb7a813bd,620,872,0,0,0,,0,0,0,,0,0,0,,327,0,0,0,
e0823adb7a574647b6e395e70038509d,620,28089,993,261,1481,https://www.youtube.com/watch?v=XNMxYKlM21M,0,0,0,,993,261,1481,https://www.youtube.com/watch?v=XNMxYKlM21M,0,0,0,0,
c3945429509246f79c5f0a18594f696d,619,30123,37,33,37,https://www.youtube.com/watch?v=Kr1lBfHTm50,0,0,0,,37,33,37,https://www.youtube.com/watch?v=Kr1lBfHTm50,12843,3143,1270,8183,https://www.twitch.tv/videos/2758081270
c1ca3c2282084d0ebbdeb3896801aec9,619,18999,0,0,0,,0,0,0,,0,0,0,,259,0,0,0,
e07cd7e29645414481d441fcfd4fd456,617,29100,4,2,5,https://www.youtube.com/watch?v=oBtS2Rl_wRU,0,0,0,,4,2,5,https://www.youtube.com/watch?v=oBtS2Rl_wRU,0,0,0,0,
66345fc8147b45e99d6eba1b0df6ba7c,616,31731,0,0,0,,0,0,0,,0,0,0,,0,0,0,0,
12d506583827419e9eb3b64ec551a94d,616,32651,67,30,91,https://www.youtube.com/watch?v=rJEBJElcB9I,67,30,91,https://www.youtube.com/watch?v=rJEBJElcB9I,0,0,0,,24,0,0,0,
f5a99c6ea78e4023b1bc84c1502f432d,616,31028,19,9,312,https://www.youtube.com/watch?v=JVWx7yxZbpI,18,8,55,https://www.youtube.com/watch?v=jV6lo6woU5I,189,161,312,https://www.youtube.com/watch?v=JVWx7yxZbpI,794,67,35,127,https://www.twitch.tv/videos/2757561284
17143fd7a2eb41aab006783b2584dda7,612,14711,0,0,0,,0,0,0,,0,0,0,,1030,0,0,0,
2ffa876173cb42bc8a1de004fe10e391,612,11675,0,0,0,,0,0,0,,0,0,0,,0,0,0,0,
809ddec4aec2402ea41adeba2f8520ec,608,59320,199,14,796,https://www.youtube.com/watch?v=AxowdVcOiZE,0,0,0,,199,14,796,https://www.youtube.com/watch?v=AxowdVcOiZE,1212,262,197,269,https://www.twitch.tv/videos/2752664219
5507154831064d69906acc64c76b1c99,606,23192,0,0,0,,0,0,0,,0,0,0,,3161,478,145,891,https://www.twitch.tv/videos/2752794265
d02adf3818df4c9fa03ed90bf1df5b41,605,15467,15,11,29,https://www.youtube.com/watch?v=4GtNv3K6K1I,28,21,29,https://www.youtube.com/watch?v=4GtNv3K6K1I,4,3,4,https://www.youtube.com/watch?v=qaLIRXtQ0ro,0,0,0,0,
9760ffdb528f40a7bd010589f2ce06c4,605,29563,0,0,0,,0,0,0,,0,0,0,,785,72,47,72,https://www.twitch.tv/videos/2750898422
8b0dbadf9faa4815923944437f1c1abb,600,72239,8,3,1278,https://www.youtube.com/watch?v=FQ-D-Vv67Qg,0,0,0,,8,3,1278,https://www.youtube.com/watch?v=FQ-D-Vv67Qg,0,0,0,0,
7c781489389447e682388caccae7fb1c,600,21098,18,11,23,https://www.youtube.com/watch?v=cz4j1rBqxo0,0,0,0,,18,11,23,https://www.youtube.com/watch?v=cz4j1rBqxo0,1043,42,25,49,https://www.twitch.tv/videos/2749430727
5d1f5182f62642a8a2e3ae5d3ead1014,600,51110,100,6,301,https://www.youtube.com/watch?v=YmD_jz6vZKc,81,34,181,https://www.youtube.com/watch?v=r68FUn9NdXE,127,2,301,https://www.youtube.com/watch?v=YmD_jz6vZKc,0,0,0,0,
20b9316c0979495fbff724be3442d4a4,599,142031,41,19,1997,https://www.youtube.com/watch?v=3btuJlJ44c8,29,16,93,https://www.youtube.com/watch?v=na_cX2Ycvfc,268,116,1997,https://www.youtube.com/watch?v=3btuJlJ44c8,17,0,0,0,
6142bdfa61cd4f3092263bfe477e8e0b,599,147190,66,42,97,https://www.youtube.com/watch?v=wTZruUVvOog,66,42,97,https://www.youtube.com/watch?v=wTZruUVvOog,0,0,0,,0,0,0,0,
04ca68439fd14d088c77eb0069e6414f,598,55497,28,17,61,https://www.youtube.com/watch?v=7NiwgyyrD2Y,28,17,61,https://www.youtube.com/watch?v=7NiwgyyrD2Y,0,0,0,,348,57,39,113,https://www.twitch.tv/videos/2748511123
3f74c9c84fac427ea0e3d147c6027e82,596,17712,5,0,5,https://www.youtube.com/watch?v=rUhZ8B6dOf0,0,0,0,,5,0,5,https://www.youtube.com/watch?v=rUhZ8B6dOf0,0,0,0,0,
e4a78a4115b7463eb3e42f1cbbd59aa0,594,38492,0,0,0,,0,0,0,,0,0,0,,0,0,0,0,
da2113ffb3d74a6394685e68feaa7b60,594,144859,244,86,1697,https://www.youtube.com/watch?v=vUX4BSd2Iqk,22,13,46,https://www.youtube.com/watch?v=vsPM-QNDrEQ,266,105,1697,https://www.youtube.com/watch?v=vUX4BSd2Iqk,0,0,0,0,
defbc693cb874182807b768593439616,594,19100,0,0,0,,0,0,0,,0,0,0,,1605,182,43,228,https://www.twitch.tv/videos/2741246628
3849edba2b2e411f8564e9c1d1aaaa51,592,72587,0,0,0,,0,0,0,,0,0,0,,0,0,0,0,
2fbd2ed36dc7493b8d3e95a19c2c9847,590,47526,53,24,295,https://www.youtube.com/watch?v=-GurZoN0Sgw,53,24,295,https://www.youtube.com/watch?v=-GurZoN0Sgw,0,0,0,,0,0,0,0,
4cc07f3cbfed434090bba391bc15fd6d,587,39555,0,0,0,,0,0,0,,0,0,0,,1641,133,69,171,https://www.twitch.tv/videos/2747829374
1204e14e13fb4e1e9dcbd47e1a8dc7b2,585,15637,0,0,0,,0,0,0,,0,0,0,,711,0,0,0,
8c4d0ef0e1ee405e93be5d03974307ce,585,31039,68,32,77,https://www.youtube.com/watch?v=lJwv2XiSVR4,68,32,77,https://www.youtube.com/watch?v=lJwv2XiSVR4,0,0,0,,31,0,0,0,
7dc8617f6004470c8a65a67a9abdf661,584,19280,20,9,20,https://www.youtube.com/watch?v=QMLQqfmWr7M,20,9,20,https://www.youtube.com/watch?v=QMLQqfmWr7M,0,0,0,,248,0,0,0,
3de1f749e7fe4b219a2a10611311297f,582,22753,46,15,104,https://www.youtube.com/watch?v=OJ0l_gtBGNM,46,15,104,https://www.youtube.com/watch?v=OJ0l_gtBGNM,0,0,0,,353,0,0,0,
6f5a8075e60244cb8e74c6aa35daaa2a,582,29451,0,0,0,,0,0,0,,0,0,0,,0,0,0,0,
fcf160e0e39147b4b4037d1e4d18f076,582,69172,54,22,139,https://www.youtube.com/watch?v=qskSwJaK9FE,54,22,139,https://www.youtube.com/watch?v=qskSwJaK9FE,0,0,0,,0,0,0,0,
ff88906b47654805b8370426415f1183,576,20514,0,0,0,,0,0,0,,0,0,0,,3213,729,410,3413,https://www.twitch.tv/videos/2745253476
903278eb21a342669dc6f7eea7dbe618,576,19003,164,84,1039,https://www.youtube.com/watch?v=dqbwAuhlSiM,152,82,410,https://www.youtube.com/watch?v=fhnpo73QSN0,1039,874,1039,https://www.youtube.com/watch?v=dqbwAuhlSiM,0,0,0,0,
fad52a34935b402a819aa4bb504453da,574,29987,0,0,0,,0,0,0,,0,0,0,,0,0,0,0,
aa673b95b03540288c87dbaa59477ef9,574,37873,193,98,193,https://www.youtube.com/watch?v=xp0V8KJUMkY,193,98,193,https://www.youtube.com/watch?v=xp0V8KJUMkY,0,0,0,,0,0,0,0,
f9247dd02dd24e209eba623edcd8354b,574,55871,195,112,261,https://www.youtube.com/watch?v=RU-nrof7J54,0,0,0,,195,112,261,https://www.youtube.com/watch?v=RU-nrof7J54,518,0,0,0,
4859b57db8e043f1965e56324f137097,571,92510,901,659,901,https://www.youtube.com/watch?v=jXPVlwJeSVQ,0,0,0,,901,659,901,https://www.youtube.com/watch?v=jXPVlwJeSVQ,1950,413,262,704,https://www.twitch.tv/videos/2756548296
a05afa97381b4f96b02a1af859426f9c,571,54758,197,75,1853,https://www.youtube.com/watch?v=ZMWWggz90lQ,109,66,365,https://www.youtube.com/watch?v=Ud-kHR0o83c,972,217,1853,https://www.youtube.com/watch?v=ZMWWggz90lQ,0,0,0,0,
bedd14283dd34a639c5f77a95856ecad,570,20769,101,43,152,https://www.youtube.com/watch?v=BYkNj8-Z_bQ,101,43,152,https://www.youtube.com/watch?v=BYkNj8-Z_bQ,0,0,0,,0,0,0,0,
7179f903569e4fa9842b5c5ea3f7a645,567,34219,46,7,60,https://www.youtube.com/watch?v=HPpY3bGdN58,46,7,60,https://www.youtube.com/watch?v=HPpY3bGdN58,0,0,0,,637,0,0,0,
993f7baff5d24cf69d077e30f7fd1a9d,566,26269,0,0,0,,0,0,0,,0,0,0,,0,0,0,0,
c4ad3b6c4fe94f9a8142895fd869dfb9,565,4552,12,9,13,https://www.youtube.com/watch?v=PIqXGdqpN7E,0,0,0,,12,9,13,https://www.youtube.com/watch?v=PIqXGdqpN7E,1477,397,299,483,https://www.twitch.tv/videos/2750846433
3353f8693d7b4caa82abeb2de3d89815,565,19514,24,13,51,https://www.youtube.com/watch?v=Zi6pJqTFR8U,24,13,51,https://www.youtube.com/watch?v=Zi6pJqTFR8U,6,5,6,https://www.youtube.com/watch?v=Moix4U_AP7w,1626,320,242,634,https://www.twitch.tv/videos/2749536507
3e7ef261eb21464eacd7d26a1e6c2fcc,564,26090,85,48,134,https://www.youtube.com/watch?v=Vw4LWZDZ8Qc,85,48,134,https://www.youtube.com/watch?v=Vw4LWZDZ8Qc,0,0,0,,0,0,0,0,
df6e2520044744f0957a83db74b386bb,562,15579,0,0,0,,0,0,0,,0,0,0,,0,0,0,0,
5e259658ed814cc894dfe408d10ecc6e,562,31075,119,14,133,https://www.youtube.com/watch?v=LmweZDgnhBA,119,14,133,https://www.youtube.com/watch?v=LmweZDgnhBA,0,0,0,,0,0,0,0,
ab24c13e4bff4ff8909a7650260f8b19,562,30862,54,34,1818,https://www.youtube.com/watch?v=_BXK1fEIqNE,52,30,103,https://www.youtube.com/watch?v=e2ChJIDeaqI,1476,486,1818,https://www.youtube.com/watch?v=_BXK1fEIqNE,0,0,0,0,
ee5418c900a7400fa44c821eaaca0218,561,9882,20,11,20,https://www.youtube.com/watch?v=E2uvXcgtd-Q,0,0,0,,20,11,20,https://www.youtube.com/watch?v=E2uvXcgtd-Q,622,19,12,51,https://www.twitch.tv/videos/2758318601
318268a48a3c47b7a56609c204d02b03,560,15093,0,0,0,,0,0,0,,0,0,0,,3281,148,114,618,https://www.twitch.tv/videos/2747633821
6542ad533b67427ab99e5b2277ace17d,559,15583,0,0,0,,0,0,0,,0,0,0,,0,0,0,0,
22b0dfc3703e477d9ce6880cdbfafd91,559,23639,0,0,0,,0,0,0,,0,0,0,,2343,276,177,859,https://www.twitch.tv/videos/2757352234
ba795eb1ea0f4fea888b1bfff3d5be86,559,68963,51,7,100,https://www.youtube.com/watch?v=J5R3IaF39qQ,0,0,0,,51,7,100,https://www.youtube.com/watch?v=J5R3IaF39qQ,3429,0,0,0,
8a19d25c92fe4b3194f1211d503d6d4d,557,53250,0,0,0,,0,0,0,,0,0,0,,0,0,0,0,
52ff14aabd804801a6e589681fc2fb4d,557,70816,19,2,34,https://www.youtube.com/watch?v=RLT4SjMjXgU,0,0,0,,19,2,34,https://www.youtube.com/watch?v=RLT4SjMjXgU,1620,0,0,0,
5908563b5c944c7b919b08e5233a8a5a,556,134226,10,5,28,https://www.youtube.com/watch?v=dmiLLLhPoAM,0,0,0,,10,5,28,https://www.youtube.com/watch?v=dmiLLLhPoAM,965,65,54,159,https://www.twitch.tv/videos/2756679056
21c8f34b3284456792c28b2ce7290589,555,23915,0,0,0,,0,0,0,,0,0,0,,0,0,0,0,
d613059b356d4cc9b1c3e998f32d1a5a,552,20902,0,0,0,,0,0,0,,0,0,0,,6581,1316,731,1915,https://www.twitch.tv/videos/2757379878
b76eb671dc62463fb845025be34526b7,552,3981,242,105,426,https://www.youtube.com/watch?v=ynO-ONDlz50,0,0,0,,242,105,426,https://www.youtube.com/watch?v=ynO-ONDlz50,0,0,0,0,
21f5355738614770afb34b761a4c45af,550,4360,0,0,0,,0,0,0,,0,0,0,,0,0,0,0,
9fba4ecf861140acb418c343a475f99c,550,49201,98,49,174,https://www.youtube.com/watch?v=g9Pstgb1cs0,98,49,174,https://www.youtube.com/watch?v=g9Pstgb1cs0,0,0,0,,102,0,0,0,
f5493e350f514aae860e4fbc529adf4c,550,336,0,0,0,,0,0,0,,0,0,0,,0,0,0,0,
07f20f05bef0432e8644e1bee798ef46,548,20851,174,110,712,https://www.youtube.com/watch?v=wR7FcKc82eI,149,42,229,https://www.youtube.com/watch?v=KnzsGreoHIM,448,307,712,https://www.youtube.com/watch?v=wR7FcKc82eI,0,0,0,0,
1760601b33854f2ab58b6217bd2cfedf,547,34130,71,18,100,https://www.youtube.com/watch?v=08JqpB8zdwA,71,18,100,https://www.youtube.com/watch?v=08JqpB8zdwA,0,0,0,,0,0,0,0,
82d775c8bb1740c0a6db1037d3bf5fe0,545,14419,46,12,87,https://www.youtube.com/watch?v=bvjB1L48B1o,46,12,87,https://www.youtube.com/watch?v=bvjB1L48B1o,0,0,0,,0,0,0,0,
6503172c78774a0fa639255ac2e7e85a,545,20693,23,8,45,https://www.youtube.com/watch?v=QlwR8a3q7_E,31,15,45,https://www.youtube.com/watch?v=QlwR8a3q7_E,16,5,20,https://www.youtube.com/watch?v=HREXe9gCk90,0,0,0,0,
746abd9861714105823ebfb2a18f6fdc,544,43402,35,18,104,https://www.youtube.com/watch?v=PEMEK7Ble5Y,35,18,104,https://www.youtube.com/watch?v=PEMEK7Ble5Y,0,0,0,,0,0,0,0,
7c6c40e2c7b64a6997fb2173f446860f,543,37449,128,42,370,https://www.youtube.com/watch?v=P9sQRz2RXLI,128,42,370,https://www.youtube.com/watch?v=P9sQRz2RXLI,0,0,0,,8,0,0,0,
25262970b019418badba15bc46f9c048,540,116151,42,17,99,https://www.youtube.com/watch?v=ZTDmrmCPpVY,42,17,99,https://www.youtube.com/watch?v=ZTDmrmCPpVY,0,0,0,,455,207,62,312,https://www.twitch.tv/videos/2742638461
0e136a936a574815a311e6e801ce3ca6,537,21104,5,2,6,https://www.youtube.com/watch?v=Mg6yDbsgWzM,0,0,0,,5,2,6,https://www.youtube.com/watch?v=Mg6yDbsgWzM,33,15,14,15,https://www.twitch.tv/videos/2758317274
433b2802b62441a39c721400926d59eb,536,20832,91,42,716,https://www.youtube.com/watch?v=yJ6vTGwI3HI,91,42,716,https://www.youtube.com/watch?v=yJ6vTGwI3HI,0,0,0,,0,0,0,0,
b359f595b54b4edc8969423a8b5658ff,532,30655,0,0,0,,0,0,0,,0,0,0,,0,0,0,0,
36ad63809a2441c9b85f7ee628136ce3,530,78672,85,38,1582,https://www.youtube.com/watch?v=g3qoCVPo1XM,53,19,130,https://www.youtube.com/watch?v=05N12bIw664,361,150,1582,https://www.youtube.com/watch?v=g3qoCVPo1XM,22,0,0,0,
7344fd4a1019434792afd863eddb4250,530,35701,0,0,0,,0,0,0,,0,0,0,,1564,273,205,497,https://www.twitch.tv/videos/2757495477
c6704a4edfef443ba46ba7f0db0c4ff9,530,13795,0,0,0,,0,0,0,,0,0,0,,0,0,0,0,
f072e780d0c84ca08c27020e1f2de365,529,15138,6,3,13,https://www.youtube.com/watch?v=sKBLansLXbQ,0,0,0,,6,3,13,https://www.youtube.com/watch?v=sKBLansLXbQ,695,11,8,11,https://www.twitch.tv/videos/2752795787
1e131b3460564fd49ca9675ead6ad9c6,528,30365,176,46,1875,https://www.youtube.com/watch?v=175SGJZmS_s,89,38,416,https://www.youtube.com/watch?v=c4Q0cRdDnM0,1474,188,1875,https://www.youtube.com/watch?v=175SGJZmS_s,0,0,0,0,
7dd6c13c71ee452e9a85dec903f2ee15,527,30258,93,50,1497,https://www.youtube.com/watch?v=ibhH97dM6to,83,55,104,https://www.youtube.com/watch?v=99zyinqCt90,1497,2,1497,https://www.youtube.com/watch?v=ibhH97dM6to,0,0,0,0,
586377912f314b4d8c3be33760526ae0,527,20721,0,0,0,,0,0,0,,0,0,0,,0,0,0,0,
54c49dea17ad4eb5aeb7ce1698dc01be,526,32004,72,29,1215,https://www.youtube.com/watch?v=g2pGDcL06ng,62,9,126,https://www.youtube.com/watch?v=XqtQc4Gav3g,1177,673,1215,https://www.youtube.com/watch?v=g2pGDcL06ng,117,0,0,0,
14392ae1c106403ab690e8a6dea7c534,526,36363,120,52,225,https://www.youtube.com/watch?v=Mx4fF-v-NFg,120,52,225,https://www.youtube.com/watch?v=Mx4fF-v-NFg,0,0,0,,0,0,0,0,
01d150623c984f3d8d7de4b1859afadd,525,10849,2,0,4,https://www.youtube.com/watch?v=lgx3yTt0XI8,0,0,0,,2,0,4,https://www.youtube.com/watch?v=lgx3yTt0XI8,0,0,0,0,
bd7947d2357941039893b911b18f3b4c,525,42928,124,34,291,https://www.youtube.com/watch?v=TX66v9RNEGs,124,34,291,https://www.youtube.com/watch?v=TX66v9RNEGs,0,0,0,,650,74,57,110,https://www.twitch.tv/videos/2751703486
1e4f8348a36e4ab3abda426f1810513a,525,13357,0,0,0,,0,0,0,,0,0,0,,0,0,0,0,
d6afb902dbe04e35ab52f961f538f9bd,524,22904,0,0,0,,0,0,0,,0,0,0,,121,0,0,0,
aa182728aa6d44c4ae37caa7cdb8ed29,521,21617,0,0,0,,0,0,0,,0,0,0,,222,0,0,0,
b7b1cb60f1c24c0ea4fb1f506d3e247a,521,14186,5,3,5,https://www.youtube.com/watch?v=7UGnRUHrDZI,0,0,0,,5,3,5,https://www.youtube.com/watch?v=7UGnRUHrDZI,1544,377,260,414,https://www.twitch.tv/videos/2754172231
100af980504b4bd38c8b2192d1e71b29,519,31545,51,42,227,https://www.youtube.com/watch?v=85Sr7AJvAyc,51,42,227,https://www.youtube.com/watch?v=85Sr7AJvAyc,0,0,0,,0,0,0,0,
a6b0f8c8343041f0b1ea96c46ee4e582,518,17426,50,26,79,https://www.youtube.com/watch?v=8dZ25PTHxfc,53,27,79,https://www.youtube.com/watch?v=8dZ25PTHxfc,33,21,33,https://www.youtube.com/watch?v=opcbPqBNxHc,207,20,15,42,https://www.twitch.tv/videos/2755865049
3750eae778e9453eaeee75956a8dabc6,518,8638,0,0,0,,0,0,0,,0,0,0,,2516,213,150,213,https://www.twitch.tv/videos/2751965396
3f2e41bdee4145f59fa97830ba3f5edb,516,16314,0,0,0,,0,0,0,,0,0,0,,2488,426,286,531,https://www.twitch.tv/videos/2747909111
d6827fe530ca4db4b748651c72e81ead,516,13384,44,22,374,https://www.youtube.com/watch?v=zxg8gqxquaI,43,20,100,https://www.youtube.com/watch?v=oKvu7Zlj8YM,374,140,374,https://www.youtube.com/watch?v=zxg8gqxquaI,241,33,28,68,https://www.twitch.tv/videos/2755856265
7731172cfcaa4e668762473a7b9d509a,515,14793,362,274,362,https://www.youtube.com/watch?v=IrQWSYXDZRE,0,0,0,,362,274,362,https://www.youtube.com/watch?v=IrQWSYXDZRE,744,0,0,0,
2bffdc20e3cb48de9bf46600f62d248e,515,26847,0,0,0,,0,0,0,,0,0,0,,287,0,0,0,
41ad2f1c78f0406ab5460f38115002d7,514,21544,36,14,52,https://www.youtube.com/watch?v=57PUQfo7qfI,36,14,52,https://www.youtube.com/watch?v=57PUQfo7qfI,0,0,0,,0,0,0,0,
ffdc53dc3c764656a2f76031ee262b60,513,7284,0,0,0,,0,0,0,,0,0,0,,231,0,0,0,
4dc4dc5b3dc24cb193ec2a127059c194,512,44880,110,37,1301,https://www.youtube.com/watch?v=5YJspOkO-8g,79,34,205,https://www.youtube.com/watch?v=cO7XHyVSLRY,346,141,1301,https://www.youtube.com/watch?v=5YJspOkO-8g,0,0,0,0,
37e88453b9cb48b1863bc455328b34c1,510,7916,0,0,0,,0,0,0,,0,0,0,,1485,157,141,157,https://www.twitch.tv/videos/2756677331
52136fb3529d4f5eb5225ade4209b8b3,509,12083,0,0,0,,0,0,0,,0,0,0,,0,0,0,0,
7a570b5273ae4e359a6491aba1313011,508,13908,49,47,84,https://www.youtube.com/watch?v=8qBsAim8Hms,49,47,84,https://www.youtube.com/watch?v=8qBsAim8Hms,0,0,0,,4239,1302,655,16410,https://www.twitch.tv/videos/2756562188
ce013f56157740e59c7735bd51356260,507,23160,0,0,0,,0,0,0,,0,0,0,,365,0,0,0,
17a340801a7d4697be53c472c621993d,506,25679,0,0,0,,0,0,0,,0,0,0,,788,196,132,289,https://www.twitch.tv/videos/2753647710
9099b86c3fe84a138b0bc1f258bca138,505,21425,38,12,38,https://www.youtube.com/watch?v=BTtDhapKOg0,38,12,38,https://www.youtube.com/watch?v=BTtDhapKOg0,0,0,0,,0,0,0,0,
619f48c4546c481bbc52aadc12c3e48f,505,6606,0,0,0,,0,0,0,,0,0,0,,2382,436,377,739,https://www.twitch.tv/videos/2754949308
a1f8a0af53c34922b0c66ebdf4b3381d,503,8218,89,32,89,https://www.youtube.com/watch?v=d7CD-5gnIfg,89,32,89,https://www.youtube.com/watch?v=d7CD-5gnIfg,0,0,0,,62,0,0,0,
cd1224f4756340c594f3c36245e9b4d4,502,140257,286,120,1240,https://www.youtube.com/watch?v=SQD2LaGR_FQ,0,0,0,,286,120,1240,https://www.youtube.com/watch?v=SQD2LaGR_FQ,2053,351,339,351,https://www.twitch.tv/videos/2758252889
780ca962f78b49d580c8a078b0525d25,497,14468,2914,737,4614,https://www.youtube.com/watch?v=hPxmva3se2Y,0,0,0,,2914,737,4614,https://www.youtube.com/watch?v=hPxmva3se2Y,0,0,0,0,
1a95847597f04ae39d6f0d9caba04a5f,496,18712,0,0,0,,0,0,0,,0,0,0,,1520,422,285,872,https://www.twitch.tv/videos/2756525483
09c9c71c41e24e7d9498ce41a78dae1c,496,13344,0,0,0,,0,0,0,,0,0,0,,465,0,0,0,
b0df22881775422093e3e64a63b01a5a,496,56032,18,10,18,https://www.youtube.com/watch?v=UTZ8U3WqZCk,18,10,18,https://www.youtube.com/watch?v=UTZ8U3WqZCk,0,0,0,,155,0,0,0,
8db6aab32c8e45c8a70d0850bfcd3e5c,496,27163,56,33,59,https://www.youtube.com/watch?v=XctcEDylwqw,56,33,59,https://www.youtube.com/watch?v=XctcEDylwqw,0,0,0,,154,14,8,21,https://www.twitch.tv/videos/2749444197
442edbdb59fe4979a2be3e5183258cf8,495,22309,31,10,38,https://www.youtube.com/watch?v=JUMlMQcsuN0,31,10,38,https://www.youtube.com/watch?v=JUMlMQcsuN0,0,0,0,,0,0,0,0,
87df5b92303e4410884b8c52ff2c4e0d,494,36364,57,32,3438,https://www.youtube.com/watch?v=laGknklRs1s,0,0,0,,57,32,3438,https://www.youtube.com/watch?v=laGknklRs1s,1110,376,323,494,https://www.twitch.tv/videos/2757413012
323c21f9e49f47d48609f698a3f81fd5,492,5974,30,6,47,https://www.youtube.com/watch?v=C7BojIoOXFw,30,6,47,https://www.youtube.com/watch?v=C7BojIoOXFw,0,0,0,,0,0,0,0,
e53ab7560fbc44fcba0dc3b7dceff697,491,9785,83,22,83,https://www.youtube.com/watch?v=NXT4hoBgt0M,83,22,83,https://www.youtube.com/watch?v=NXT4hoBgt0M,0,0,0,,0,0,0,0,
e306270e80094416818cfddb33153419,489,18437,0,0,0,,0,0,0,,0,0,0,,0,0,0,0,
54355102572e408183af55831cb98e3a,488,27979,57,15,61,https://www.youtube.com/watch?v=imzAeDVQb6I,57,15,61,https://www.youtube.com/watch?v=imzAeDVQb6I,0,0,0,,179,0,0,0,
cbee87914d63402b825bf74d25333236,487,16596,115,41,137,https://www.youtube.com/watch?v=u8CXqbGbGVo,115,41,137,https://www.youtube.com/watch?v=u8CXqbGbGVo,0,0,0,,0,0,0,0,
6cc5ac707eed4f9e9b5bc7b2f970fe1b,485,18275,135,51,1459,https://www.youtube.com/watch?v=erccaU9Efsw,62,51,89,https://www.youtube.com/watch?v=yFBAlgaigC4,271,59,1459,https://www.youtube.com/watch?v=erccaU9Efsw,0,0,0,0,
2103bcf7923d4f74b2d043bffef71cc1,484,28114,281,182,288,https://www.youtube.com/watch?v=O6FKIY9SaGE,0,0,0,,281,182,288,https://www.youtube.com/watch?v=O6FKIY9SaGE,0,0,0,0,
c699beab8e8a4064849c977b67058447,484,21590,36,7,36,https://www.youtube.com/watch?v=GWkjMhPAGwY,36,7,36,https://www.youtube.com/watch?v=GWkjMhPAGwY,0,0,0,,1161,0,0,0,
84111bbae2be41ea96c8b2f6c755f00c,484,16260,91,17,1612,https://www.youtube.com/watch?v=GW3zTazLWJQ,83,16,125,https://www.youtube.com/watch?v=NMw6QNret58,1612,371,1612,https://www.youtube.com/watch?v=GW3zTazLWJQ,1507,190,127,357,https://www.twitch.tv/videos/2747844390
21507f58118d406b87fd42a39c87855a,484,15106,67,31,166,https://www.youtube.com/watch?v=jbxHF1nx4vk,67,31,166,https://www.youtube.com/watch?v=jbxHF1nx4vk,0,0,0,,0,0,0,0,
0c2cb722c6ab4e3890139c922c80d4d8,483,4046,0,0,0,,0,0,0,,0,0,0,,194,0,0,0,
994fcc5db40840ae990cf1ce43728548,483,8729,40,27,40,https://www.youtube.com/watch?v=aKmU0gx-qq0,40,27,40,https://www.youtube.com/watch?v=aKmU0gx-qq0,0,0,0,,0,0,0,0,
acb95c574d8444cd80102796e0d56edd,482,65965,46,21,48,https://www.youtube.com/watch?v=-MGLcmq5ewY,46,21,48,https://www.youtube.com/watch?v=-MGLcmq5ewY,0,0,0,,221,0,0,0,
91f5b04be2e74f64b03e0774cc275748,482,21017,0,0,0,,0,0,0,,0,0,0,,0,0,0,0,
b511c9a0eba7474fbb8ac8d02ff357b7,481,60674,52,22,91,https://www.youtube.com/watch?v=_AcMPNN708c,46,16,91,https://www.youtube.com/watch?v=_AcMPNN708c,57,47,57,https://www.youtube.com/watch?v=ZKtf-azm15M,0,0,0,0,
9959d43cae9b49dbbcd666f742322b4a,480,26748,0,0,0,,0,0,0,,0,0,0,,627,36,23,57,https://www.twitch.tv/videos/2748600547
7677c9c71c0a4decad1472b7ecc604bb,480,5991,0,0,0,,0,0,0,,0,0,0,,491,0,0,0,
533e7b1b50ba448292c09c5845d68eb6,478,8936,82,15,86,https://www.youtube.com/watch?v=A5n26Bkb9DE,82,15,86,https://www.youtube.com/watch?v=A5n26Bkb9DE,0,0,0,,260,99,62,99,https://www.twitch.tv/videos/2750190767
423ee3a5dbd549f19893a1823856b8dc,476,67445,303,93,1783,https://www.youtube.com/watch?v=3KjbFtPPPKw,38,16,46,https://www.youtube.com/watch?v=IyouWX5FCbc,381,140,1783,https://www.youtube.com/watch?v=3KjbFtPPPKw,488,43,24,71,https://www.twitch.tv/videos/2751568705
b88a2e77cd7b4758925642f63b58051a,475,25548,103,63,871,https://www.youtube.com/watch?v=ad3EQlZNKN8,99,53,151,https://www.youtube.com/watch?v=iiwcBxUDZuA,871,741,871,https://www.youtube.com/watch?v=ad3EQlZNKN8,0,0,0,0,
95df3846ff6644429227e9e058994ad8,473,23802,63,19,93,https://www.youtube.com/watch?v=dmDDLdQ7vPk,63,19,93,https://www.youtube.com/watch?v=dmDDLdQ7vPk,0,0,0,,0,0,0,0,
6695a7e8f824489881f2c321501a36a6,473,24504,12,7,31,https://www.youtube.com/watch?v=x5fO-IeMIk0,12,7,31,https://www.youtube.com/watch?v=x5fO-IeMIk0,0,0,0,,0,0,0,0,
6d1b01658ae74a7f91c7f60b5abe1cb2,471,44242,55,25,137,https://www.youtube.com/watch?v=vGOi5Rv5fhw,55,25,137,https://www.youtube.com/watch?v=vGOi5Rv5fhw,0,0,0,,0,0,0,0,
d2da40bb201e49ddbd6a8780bfaf8b63,471,14102,127,113,222,https://www.youtube.com/watch?v=sooc5glyZ48,86,78,86,https://www.youtube.com/watch?v=2-0bx3XzzqY,174,166,222,https://www.youtube.com/watch?v=sooc5glyZ48,1312,91,81,226,https://www.twitch.tv/videos/2755848526
7652b3bd3da6418cbf02c85057077b54,471,11237,24,9,61,https://www.youtube.com/watch?v=WdGJ6bOo0B0,24,9,61,https://www.youtube.com/watch?v=WdGJ6bOo0B0,0,0,0,,279,0,0,0,
2ccdc43de33c478192767afae6309f06,471,69087,35,14,1898,https://www.youtube.com/watch?v=EM5agGRjCD4,36,15,46,https://www.youtube.com/watch?v=yN5UTlMxVsc,18,10,1898,https://www.youtube.com/watch?v=EM5agGRjCD4,280,87,70,179,https://www.twitch.tv/videos/2755864443
59e3094256344f8c83a3f4355b8b667b,471,3523,0,0,0,,0,0,0,,0,0,0,,2632,210,130,361,https://www.twitch.tv/videos/2747824869
085ed0ddc3294678b9570fdbcf581c64,470,140,0,0,0,,0,0,0,,0,0,0,,31199,685,339,1620,https://www.twitch.tv/videos/2741883911
294b1c29030244c784387782c0cb6aee,468,13403,0,0,0,,0,0,0,,0,0,0,,0,0,0,0,
23335565d59c404080e9c06f437b011b,467,71611,8,4,18,https://www.youtube.com/watch?v=y8IXyq1EfeA,8,4,18,https://www.youtube.com/watch?v=y8IXyq1EfeA,0,0,0,,1136,189,140,287,https://www.twitch.tv/videos/2757397761
3513b73ded994bc3a92a70c9632c9856,467,7919,0,0,0,,0,0,0,,0,0,0,,7019,425,112,692,https://www.twitch.tv/videos/2737294173
fb17cff93fa94c8ea8b052f497f27fb4,465,21760,0,0,0,,0,0,0,,0,0,0,,17,0,0,0,
4abb927b8dc049768d63b4a8e229e8cc,464,0,0,0,0,,0,0,0,,0,0,0,,0,0,0,0,
e41bf48a09d64e4aa3d96064a9a63b08,464,76221,0,0,0,,0,0,0,,0,0,0,,71,0,0,0,
451162e7f4c041edb3447732eba1937a,464,3131,0,0,0,,0,0,0,,0,0,0,,111,0,0,0,
7d53d75ac36b4faea2450918f84dada3,463,13135,98,60,1312,https://www.youtube.com/watch?v=310W7Ih3xOg,87,58,153,https://www.youtube.com/watch?v=dFr5M23Jg-o,1312,830,1312,https://www.youtube.com/watch?v=310W7Ih3xOg,0,0,0,0,
037bc9366d5949b0877707007b4b1ed5,463,19066,0,0,0,,0,0,0,,0,0,0,,358,133,117,506,https://www.twitch.tv/videos/2756724954
2dc29f6b05584c718c60034af9883496,463,101946,0,0,0,,0,0,0,,0,0,0,,0,0,0,0,
2df2e0bc14fa4450a0d17d294b5a0bc0,462,31784,19,18,19,https://www.youtube.com/watch?v=H1eLgCMK5bA,19,18,19,https://www.youtube.com/watch?v=H1eLgCMK5bA,0,0,0,,0,0,0,0,
6f0d9d64bb6a4a81af1e84a72d30f5b8,462,19606,108,54,418,https://www.youtube.com/watch?v=uT_zpaVaTCM,90,51,418,https://www.youtube.com/watch?v=uT_zpaVaTCM,376,253,376,https://www.youtube.com/watch?v=0mzOe61a68g,130,45,29,124,https://www.twitch.tv/videos/2749306982
c822d7ffe24248fdbca2f3b1bdfd1139,461,86336,0,0,0,,0,0,0,,0,0,0,,3038,0,0,0,
33546b9ad5a8408589405f9467063dd7,460,8651,683,607,945,https://www.youtube.com/watch?v=jBcRHOEanVQ,0,0,0,,683,607,945,https://www.youtube.com/watch?v=jBcRHOEanVQ,3577,249,104,1186,https://www.twitch.tv/videos/2748681762
156c4271fe17425bb02fd7b24f5a2a7a,458,6686,0,0,0,,0,0,0,,0,0,0,,0,0,0,0,
3981c01691a44d708da1191e9546eaad,458,31050,33,22,140,https://www.youtube.com/watch?v=BhS7TO_PXH8,33,22,140,https://www.youtube.com/watch?v=BhS7TO_PXH8,0,0,0,,0,0,0,0,
9189101a4bb740de969b772dde92125a,458,5843,0,0,0,,0,0,0,,0,0,0,,1152,0,0,0,
5e5a5e77c39148ef8f31ccc1c63fdcd4,458,7938,0,0,0,,0,0,0,,0,0,0,,48,0,0,0,
62ca936be6c645a7bf2222b67086800a,457,38144,0,0,0,,0,0,0,,0,0,0,,1119,0,0,0,
e802007cbda74a0bb3a41f4ebcae7f47,455,9757,1473,997,3337,https://www.youtube.com/watch?v=cjCYKvzPuhc,0,0,0,,1473,997,3337,https://www.youtube.com/watch?v=cjCYKvzPuhc,0,0,0,0,
af41302aa9184c2dbc25d2ed16e878fc,455,84407,29,19,251,https://www.youtube.com/watch?v=53Hdgldt6WE,28,19,53,https://www.youtube.com/watch?v=uPSz3CDy28k,251,233,251,https://www.youtube.com/watch?v=53Hdgldt6WE,226,0,0,0,
09945e9139af4f3a96e6adfd73139d35,454,16254,0,0,0,,0,0,0,,0,0,0,,1582,164,131,187,https://www.twitch.tv/videos/2751897597
238b4a68bcde4f3bbf18b0b01f66ec43,454,27800,67,7,67,https://www.youtube.com/watch?v=Cj4MqD96w5Y,67,7,67,https://www.youtube.com/watch?v=Cj4MqD96w5Y,0,0,0,,0,0,0,0,
6926325d2c1c4c4e87f7be69ab675d53,454,100197,60,42,1006,https://www.youtube.com/watch?v=RwTXsER1Tj8,55,25,146,https://www.youtube.com/watch?v=XDHl4nmqUxo,576,111,1006,https://www.youtube.com/watch?v=RwTXsER1Tj8,0,0,0,0,
9e3222bedec44f1a8fecdc237c020cbd,453,135451,65,45,111,https://www.youtube.com/watch?v=nsmWbZdpLaI,0,0,0,,65,45,111,https://www.youtube.com/watch?v=nsmWbZdpLaI,329,0,0,0,
6c9b67b00b3c4940a6af6a6604b0b1fd,451,12119,0,0,0,,0,0,0,,0,0,0,,0,0,0,0,
88917b370d0041d8be65372342c92523,451,24242,5,3,80,https://www.youtube.com/watch?v=hQMDR6CfQeg,0,0,0,,5,3,80,https://www.youtube.com/watch?v=hQMDR6CfQeg,1513,322,215,386,https://www.twitch.tv/videos/2755780895
da165e838dfe49aea3f91457f3825657,450,10394,26,14,32,https://www.youtube.com/watch?v=hpwwm4uhZZY,0,0,0,,26,14,32,https://www.youtube.com/watch?v=hpwwm4uhZZY,0,0,0,0,
c6e955ae1fce48678120bc086a436073,450,21190,97,11,97,https://www.youtube.com/watch?v=soqaMlZiAUM,97,11,97,https://www.youtube.com/watch?v=soqaMlZiAUM,0,0,0,,0,0,0,0,
1bf9786ba55042b9ae3294dadfc7b40d,450,16615,53,30,1694,https://www.youtube.com/watch?v=txyFC36jTi4,49,23,130,https://www.youtube.com/watch?v=VQDawIvMp4k,812,352,1694,https://www.youtube.com/watch?v=txyFC36jTi4,0,0,0,0,
7b578956fab14341919193c03ca3ab32,450,11059,29,14,48,https://www.youtube.com/watch?v=hCwVP_OaKB0,29,14,48,https://www.youtube.com/watch?v=hCwVP_OaKB0,0,0,0,,0,0,0,0,
c232b3088a6e49b997b325d5de9a3013,448,16029,64,31,493,https://www.youtube.com/watch?v=NaKZP7mxHws,63,30,134,https://www.youtube.com/watch?v=z0dqITI0K4c,493,234,493,https://www.youtube.com/watch?v=NaKZP7mxHws,144,0,0,0,
3434e3ca02904364b763c86e75fa6d4a,448,71380,0,0,0,,0,0,0,,0,0,0,,1457,0,0,0,
d017bd7855e547298906060f0e9b442e,446,13054,2775,180,2775,https://www.youtube.com/watch?v=3jHA7Bnxhx4,0,0,0,,2775,180,2775,https://www.youtube.com/watch?v=3jHA7Bnxhx4,1467,65,43,81,https://www.twitch.tv/videos/2747790071
51f3508054da4987b4e8f659e4d28d1d,445,2796,1435,811,1435,https://www.youtube.com/watch?v=Pry75HlCrrM,0,0,0,,1435,811,1435,https://www.youtube.com/watch?v=Pry75HlCrrM,4855,625,185,1520,https://www.twitch.tv/videos/2748532357
e5eb10612f5c4b069928fc1a71ad8e7d,444,50495,62,34,1733,https://www.youtube.com/watch?v=5Io-TVoMzrA,49,26,259,https://www.youtube.com/watch?v=ofKUUL5c6f0,1566,692,1733,https://www.youtube.com/watch?v=5Io-TVoMzrA,0,0,0,0,
42ff41f7d6884ae8b93ed46415376d83,443,12706,113,47,113,https://www.youtube.com/watch?v=7HtxtXVC0ZQ,113,47,113,https://www.youtube.com/watch?v=7HtxtXVC0ZQ,0,0,0,,0,0,0,0,
ffffcd6d454a4e77a215927a82c460bc,443,100284,832,448,4647,https://www.youtube.com/watch?v=Lh-zhWVnXNI,0,0,0,,832,448,4647,https://www.youtube.com/watch?v=Lh-zhWVnXNI,988,143,98,181,https://www.twitch.tv/videos/2748599367
6ec876adec524585af913c1585e8df1f,441,8929,0,0,0,,0,0,0,,0,0,0,,1569,0,0,0,
c92baa46ff4e41c9918ad2427c0853d6,441,24262,0,0,0,,0,0,0,,0,0,0,,4548,308,111,452,https://www.twitch.tv/videos/2756774843
10550198223845c9a95ff1993088b464,439,6609,0,0,0,,0,0,0,,0,0,0,,0,0,0,0,
73abc31606db493f971f679dfde4f7e5,436,49583,57,26,1910,https://www.youtube.com/watch?v=d3SRKplsJ1M,45,23,92,https://www.youtube.com/watch?v=oouStdLEp9U,1294,237,1910,https://www.youtube.com/watch?v=d3SRKplsJ1M,79,0,0,0,
64d9adbc552c487db0cdf42ac3845e18,436,37733,0,0,0,,0,0,0,,0,0,0,,70,0,0,0,
c5ac07b79a304f37b039266446fd4f3b,436,24673,154,116,154,https://www.youtube.com/watch?v=mXGHG0enY3Q,154,116,154,https://www.youtube.com/watch?v=mXGHG0enY3Q,0,0,0,,0,0,0,0,
f2b0bc3e82024bd3ae1c7cb5fe926829,433,11672,21,7,40,https://www.youtube.com/watch?v=kZJobv04rN8,21,7,40,https://www.youtube.com/watch?v=kZJobv04rN8,0,0,0,,0,0,0,0,
40f76b568f384790a1a089bb6619ddb2,433,8733,53,29,60,https://www.youtube.com/watch?v=jWRUREv9sOk,53,29,60,https://www.youtube.com/watch?v=jWRUREv9sOk,0,0,0,,1140,93,54,220,https://www.twitch.tv/videos/2741999961
a56567301c734548bad86e8ace7d9140,430,52211,0,0,0,,0,0,0,,0,0,0,,0,0,0,0,
ae7dbe93a8cc4651b5ddb7b539e85d6b,430,27994,0,0,0,,0,0,0,,0,0,0,,0,0,0,0,
5dd38c1bf796414399e7c80092c1d984,429,305015,1049,167,37250,https://www.youtube.com/watch?v=BYEGw56k45A,16,3,33,https://www.youtube.com/watch?v=0TLrQzl1F5M,1983,215,37250,https://www.youtube.com/watch?v=BYEGw56k45A,39,0,0,0,
c7400e2934c646e49f7df1816de41360,428,18962,47,32,63,https://www.youtube.com/watch?v=1ng9SKEfQCQ,47,32,63,https://www.youtube.com/watch?v=1ng9SKEfQCQ,0,0,0,,25,0,0,0,
f5ef8ac02db547dd92da5e87717a8dca,428,8373,175,86,642,https://www.youtube.com/watch?v=PquWH_XYTyY,175,86,642,https://www.youtube.com/watch?v=PquWH_XYTyY,0,0,0,,0,0,0,0,
5fbf4f6751f24d03a5723670cd500aca,427,11081,0,0,0,,0,0,0,,0,0,0,,768,0,0,0,
c79c2ac57f9048eebdc1b9329209e19f,426,68,0,0,0,,0,0,0,,0,0,0,,299,0,0,0,
f3fe9fb6de2a477fae878a39924c15bd,425,11837,0,0,0,,0,0,0,,0,0,0,,3049,2504,1141,4159,https://www.twitch.tv/videos/2747117660
28c152a7489b4402960bd4bd36b7229b,423,41698,15,5,254,https://www.youtube.com/watch?v=-oGfm4kpxBQ,0,0,0,,15,5,254,https://www.youtube.com/watch?v=-oGfm4kpxBQ,189,60,50,69,https://www.twitch.tv/videos/2758195081
f0f6694a60de4fb799b3f315abbaf7b6,422,19174,0,0,0,,0,0,0,,0,0,0,,0,0,0,0,
4a2df649332047d3b733c88209925f4c,421,8310,0,0,0,,0,0,0,,0,0,0,,1248,0,0,0,
bd119628dae64d45b71b44e0f158f23a,418,4688,0,0,0,,0,0,0,,0,0,0,,3775,0,0,0,
8c494e45ce5b462aa744d46bbdc54021,418,85504,58,32,169,https://www.youtube.com/watch?v=NCK6zn-gxUw,58,32,169,https://www.youtube.com/watch?v=NCK6zn-gxUw,0,0,0,,270,26,19,31,https://www.twitch.tv/videos/2756459636
a2ca2eb4da5b4df3aa59637e1dbc260b,416,3285,0,0,0,,0,0,0,,0,0,0,,719,0,0,0,
7d11ed1b02104cf58efd2df6cbc1ef69,416,20605,8,1,8,https://www.youtube.com/watch?v=InriEtBbdIs,0,0,0,,8,1,8,https://www.youtube.com/watch?v=InriEtBbdIs,1202,75,62,129,https://www.twitch.tv/videos/2755121234
7d0d99e77f624bdc934b17212a39a894,416,1975,0,0,0,,0,0,0,,0,0,0,,4185,643,499,741,https://www.twitch.tv/videos/2753654854
5c70a4710fca4b86ac63d56b0e894284,415,30738,0,0,0,,0,0,0,,0,0,0,,0,0,0,0,
7168995b95ab439aa7cf1f3099d7bd88,415,60528,833,124,1595,https://www.youtube.com/watch?v=7aOdfL6m5Gw,0,0,0,,833,124,1595,https://www.youtube.com/watch?v=7aOdfL6m5Gw,3673,0,0,0,
aedfb89bad4545379af018f5933bddb7,415,23934,83,28,182,https://www.youtube.com/watch?v=jTpKp2ze9Cs,71,25,125,https://www.youtube.com/watch?v=e1-5rrwOw78,181,103,182,https://www.youtube.com/watch?v=jTpKp2ze9Cs,22,0,0,0,
7051e693d03645bda16b3591f06ebd3f,414,20512,0,0,0,,0,0,0,,0,0,0,,0,0,0,0,
698aa5547b7c4cf793b1411322d1b423,413,24007,0,0,0,,0,0,0,,0,0,0,,1903,575,454,904,https://www.twitch.tv/videos/2753291832
6717d34e87574888848bc45c86bd80e6,412,27919,1444,463,2688,https://www.youtube.com/watch?v=tP_L92zAn40,0,0,0,,1444,463,2688,https://www.youtube.com/watch?v=tP_L92zAn40,1004,417,272,958,https://www.twitch.tv/videos/2747703415
5000b613025542c498cd6ab2287865c6,412,2709,0,0,0,,0,0,0,,0,0,0,,3646,626,440,1056,https://www.twitch.tv/videos/2758332128
ea7f97145fd44a51a95e5b97a6b8366c,411,121865,399,16,399,https://www.youtube.com/watch?v=UDwL6r2nAcQ,0,0,0,,399,16,399,https://www.youtube.com/watch?v=UDwL6r2nAcQ,0,0,0,0,
1cddca10dd334373b8f51b3b0ed2efe4,411,23951,2,1,73,https://www.youtube.com/watch?v=3uuVRJqlF90,0,0,0,,2,1,73,https://www.youtube.com/watch?v=3uuVRJqlF90,0,0,0,0,
f771e51357eb44d2820afd47aba3b546,410,9833,0,0,0,,0,0,0,,0,0,0,,345,25,20,25,https://www.twitch.tv/videos/2755867895
d11123a75b874ad2bb120bb237e94c8d,408,2840,0,0,0,,0,0,0,,0,0,0,,4777,2185,1858,2495,https://www.twitch.tv/videos/2753383449
68f424a416ad426faa8b01b78f47b3e3,406,26998,6433,4738,6433,https://www.youtube.com/watch?v=zW69fYnIe24,0,0,0,,6433,4738,6433,https://www.youtube.com/watch?v=zW69fYnIe24,0,0,0,0,
00ddd14a74df4e2488319ea2ce25770c,406,219,0,0,0,,0,0,0,,0,0,0,,1225,0,0,0,
30e2594ce7cf4bc3a7e536639b15ff30,405,9166,34,14,84,https://www.youtube.com/watch?v=nXhDXfxcKog,34,14,84,https://www.youtube.com/watch?v=nXhDXfxcKog,0,0,0,,200,57,43,83,https://www.twitch.tv/videos/2747828323
4e35059a74df41189368fad5263a1f3f,404,39602,55,31,326,https://www.youtube.com/watch?v=rSsUVSAqQP0,52,31,92,https://www.youtube.com/watch?v=vhfrOtYVAm4,181,112,326,https://www.youtube.com/watch?v=rSsUVSAqQP0,65,0,0,0,
cc85e4120c0746b7925c898a963f0747,404,22212,14,0,22,https://www.youtube.com/watch?v=pcbIoJgO_BU,14,0,22,https://www.youtube.com/watch?v=pcbIoJgO_BU,0,0,0,,0,0,0,0,
6c166d9128e74147a5c0b1dbf89c885c,402,6034,0,0,0,,0,0,0,,0,0,0,,0,0,0,0,
4e1dd2ab9e4b4c71bced0c5987cf9be7,401,16525,0,0,0,,0,0,0,,0,0,0,,2882,175,131,274,https://www.twitch.tv/videos/2750189623
45d566a561914da0a15a5a21574eb30a,397,4706,34,15,210,https://www.youtube.com/watch?v=IbvbK8Xesuw,34,15,210,https://www.youtube.com/watch?v=IbvbK8Xesuw,0,0,0,,0,0,0,0,
52d7a40d46034062ad2fc29b4a2a9198,397,43637,221,22,221,https://www.youtube.com/watch?v=AMn2-jlFjfk,0,0,0,,221,22,221,https://www.youtube.com/watch?v=AMn2-jlFjfk,3321,1038,448,1468,https://www.twitch.tv/videos/2754121013
74beedbc5f694a2c94fe73545ba4037d,396,23174,116,29,141,https://www.youtube.com/watch?v=mlRWKMXK5wY,98,24,135,https://www.youtube.com/watch?v=zhMElEMeHSM,141,42,141,https://www.youtube.com/watch?v=mlRWKMXK5wY,210,89,59,89,https://www.twitch.tv/videos/2751034970
7232734df59c4e099205c7685007d8d4,395,81630,3,1,3,https://www.youtube.com/watch?v=iuJu7MG6ak0,0,0,0,,3,1,3,https://www.youtube.com/watch?v=iuJu7MG6ak0,949,55,44,67,https://www.twitch.tv/videos/2757749789
d3b5f619038a4c488d36aeaeddc0f790,394,7204,0,0,0,,0,0,0,,0,0,0,,0,0,0,0,
ec198b33036c436591c01ee93976b6a3,394,534,0,0,0,,0,0,0,,0,0,0,,0,0,0,0,
836015916a40475bb608e8c6a69b6a09,394,30567,17,2,17,https://www.youtube.com/watch?v=tYuC2h-DxFM,17,2,17,https://www.youtube.com/watch?v=tYuC2h-DxFM,0,0,0,,0,0,0,0,
22aaa78ca5fa444bb70649727131c0f2,393,16831,108,55,135,https://www.youtube.com/watch?v=XWxwAvC4f5k,108,55,135,https://www.youtube.com/watch?v=XWxwAvC4f5k,0,0,0,,0,0,0,0,
da3d722ffea34b5b87fbb62c6026cba2,393,12876,0,0,0,,0,0,0,,0,0,0,,140,0,0,0,
3d5a0befb7b042f697f70d5fb3d6ab94,392,11035,0,0,0,,0,0,0,,0,0,0,,0,0,0,0,
be45601754a44c568c9f60f7d2847ccb,392,13449,29,14,60,https://www.youtube.com/watch?v=K6dPMkXoWNQ,29,14,60,https://www.youtube.com/watch?v=K6dPMkXoWNQ,0,0,0,,0,0,0,0,
e802bcea6eb04ce6aa9041aa5e06ceae,392,12057,1255,106,1255,https://www.youtube.com/watch?v=t0ra6myAYcE,0,0,0,,1255,106,1255,https://www.youtube.com/watch?v=t0ra6myAYcE,0,0,0,0,
b0ec0f1ffbd8426982e7ca40d4b1064b,392,8959,0,0,0,,0,0,0,,0,0,0,,0,0,0,0,
93bf43bc175742cd8c7af6b80687cd84,391,42755,0,0,0,,0,0,0,,0,0,0,,1682,132,94,173,https://www.twitch.tv/videos/2748566806
05055e62d34241888df31217ac25e671,391,20764,0,0,0,,0,0,0,,0,0,0,,1505,88,66,361,https://www.twitch.tv/videos/2747630458
508ebe96e7a94e94893609e616086dff,388,66334,79,43,1780,https://www.youtube.com/watch?v=y8T6D3zRGK8,0,0,0,,79,43,1780,https://www.youtube.com/watch?v=y8T6D3zRGK8,493,55,44,91,https://www.twitch.tv/videos/2748624807
577fdbca86fa4414a153b5ebdcab90d4,387,2082,0,0,0,,0,0,0,,0,0,0,,1970,19,11,19,https://www.twitch.tv/videos/2748986470
26ae367c497f410399b769ded171d29f,387,7421,0,0,0,,0,0,0,,0,0,0,,0,0,0,0,
b386124230514f5fa128ad046e85f12f,386,5596,0,0,0,,0,0,0,,0,0,0,,431,0,0,0,
0a5bbdc460184f279cb8c7965a1d6098,386,63418,886,230,886,https://www.youtube.com/watch?v=kUdVXgjKd68,0,0,0,,886,230,886,https://www.youtube.com/watch?v=kUdVXgjKd68,226,34,25,53,https://www.twitch.tv/videos/2748616007
21fcf23549a74111bbe31c949245e2cd,385,12258,0,0,0,,0,0,0,,0,0,0,,0,0,0,0,
b3b24f0ebecc45118f88f12042bd59c8,384,62895,0,0,0,,0,0,0,,0,0,0,,0,0,0,0,
2f7da7d6dbe84301b4ef52240cc05e9b,384,25538,0,0,0,,0,0,0,,0,0,0,,1204,0,0,0,
9ee3c9b53c0048329175370a5868300b,383,36143,0,0,0,,0,0,0,,0,0,0,,0,0,0,0,
cce33288177341058833d8b4a093b03f,383,28243,4,2,4,https://www.youtube.com/watch?v=Zj69Hc1Jifg,0,0,0,,4,2,4,https://www.youtube.com/watch?v=Zj69Hc1Jifg,0,0,0,0,
6eac5ce6527b4513bcff4b38d277b5cc,382,30737,298,139,312,https://www.youtube.com/watch?v=fAFdqt0QTXc,23,2,23,https://www.youtube.com/watch?v=zMk9SAOlV48,300,175,312,https://www.youtube.com/watch?v=fAFdqt0QTXc,190,0,0,0,
502d093ba13d45de84602b54a1dc6e6c,381,18594,83,21,88,https://www.youtube.com/watch?v=ri9vjsxlKDw,85,40,88,https://www.youtube.com/watch?v=ri9vjsxlKDw,4,3,4,https://www.youtube.com/watch?v=BsJ35uSviEQ,118,0,0,0,
c5e956bdce614dddbeddfaf6ada4200d,381,19555,31,25,66,https://www.youtube.com/watch?v=lHmbWM6gCpU,31,25,66,https://www.youtube.com/watch?v=lHmbWM6gCpU,0,0,0,,0,0,0,0,
dbf7b5a346e645f7be7d0d19d2193bc5,380,137049,1111,361,1529,https://www.youtube.com/watch?v=fvNgh8p9yNo,0,0,0,,1111,361,1529,https://www.youtube.com/watch?v=fvNgh8p9yNo,0,0,0,0,
d50d9b85f098470c8220cd99de802b17,380,20290,54,14,77,https://www.youtube.com/watch?v=K1vyk7p8l1g,54,14,77,https://www.youtube.com/watch?v=K1vyk7p8l1g,0,0,0,,0,0,0,0,
c11749c10e1941a9adb2a231eee2f2ea,379,7597,18,3,18,https://www.youtube.com/watch?v=Cgn63dAsge0,18,3,18,https://www.youtube.com/watch?v=Cgn63dAsge0,0,0,0,,306,0,0,0,
f0987ff6444945558cd159a508cd823f,379,6085,0,0,0,,0,0,0,,0,0,0,,2165,0,0,0,
7f3411a01ffc45bab4f25f088131bb50,377,3262,46,22,223,https://www.youtube.com/watch?v=m5B0sfuS4xo,46,22,223,https://www.youtube.com/watch?v=m5B0sfuS4xo,0,0,0,,0,0,0,0,
a2ceea65ce58431085b1366a0cfe9c61,376,0,0,0,0,,0,0,0,,0,0,0,,0,0,0,0,
64e20992295c4be984e9af0a470d6440,376,4491,0,0,0,,0,0,0,,0,0,0,,5398,141,105,240,https://www.twitch.tv/videos/2748617364
b932ddb915af47ec948b56d4bf901dab,376,6307,94,65,94,https://www.youtube.com/watch?v=vFtRGEcGCRM,94,65,94,https://www.youtube.com/watch?v=vFtRGEcGCRM,0,0,0,,0,0,0,0,
161544bf51864b2bad46cdd769bee278,376,15616,69,26,188,https://www.youtube.com/watch?v=pm5c-i1JkyY,69,26,188,https://www.youtube.com/watch?v=pm5c-i1JkyY,0,0,0,,125,32,24,50,https://www.twitch.tv/videos/2758025204
4819621890c0408aaa7e81aa2dd3386b,374,18416,0,0,0,,0,0,0,,0,0,0,,0,0,0,0,
c97b665a89c34600be01f83eb1f77063,372,11636,0,0,0,,0,0,0,,0,0,0,,0,0,0,0,
9434be74cca5450789bf73aa4359b542,372,4950,4,0,4,https://www.youtube.com/watch?v=ifYVcp5o5sI,4,0,4,https://www.youtube.com/watch?v=ifYVcp5o5sI,0,0,0,,0,0,0,0,
670df075e5f9402bbcb6369685838b02,371,12477,18,8,64,https://www.youtube.com/watch?v=hFANfYTSuIM,18,8,64,https://www.youtube.com/watch?v=hFANfYTSuIM,0,0,0,,0,0,0,0,
4e78d5ae75144358a0384df9822c60bc,369,8711,0,0,0,,0,0,0,,0,0,0,,600,658,549,1071,https://www.twitch.tv/videos/2756532932
a5fe6adcf3bd42b79475803c56a11832,367,20018,56,13,67,https://www.youtube.com/watch?v=jh3cNahg44M,56,13,67,https://www.youtube.com/watch?v=jh3cNahg44M,0,0,0,,46,0,0,0,
a8e0ec03cb0a4e0292228e1a6ed35e6a,365,8361,0,0,0,,0,0,0,,0,0,0,,850,24,19,32,https://www.twitch.tv/videos/2757229974
df7b08cd72224681a63e6e85e0753132,363,49130,0,0,0,,0,0,0,,0,0,0,,188,0,0,0,
8013fa67a08945a5b4b976156b6f610f,363,6558,0,0,0,,0,0,0,,0,0,0,,387,62,39,62,https://www.twitch.tv/videos/2750185485
fd5a1e004f224586aa65f9c5b374cc4a,362,7290,0,0,0,,0,0,0,,0,0,0,,4885,491,290,820,https://www.twitch.tv/videos/2751874123
e1bc34a2b6ac4d86ad6758cef724e7dc,362,10136,0,0,0,,0,0,0,,0,0,0,,325,526,316,1471,https://www.twitch.tv/videos/2747743798
ce4d344e37cd403cbb5325010144d393,362,25882,422,64,2957,https://www.youtube.com/watch?v=i5HF0TG4fHk,93,61,632,https://www.youtube.com/watch?v=VjFrfVmR4IQ,1244,628,2957,https://www.youtube.com/watch?v=i5HF0TG4fHk,1190,313,223,407,https://www.twitch.tv/videos/2748647730
60a64aca51ed4528895fe35b08231670,361,13106,0,0,1,https://www.youtube.com/watch?v=LTUu6oUwh8M,0,0,0,,0,0,1,https://www.youtube.com/watch?v=LTUu6oUwh8M,410,23,17,74,https://www.twitch.tv/videos/2748694678
ef0319d27b10495795a5b994bc2249d5,361,35767,110,57,2040,https://www.youtube.com/watch?v=p9PCPUc1kAQ,84,44,173,https://www.youtube.com/watch?v=t7PDP31Wnrc,1556,451,2040,https://www.youtube.com/watch?v=p9PCPUc1kAQ,0,0,0,0,
a42c38cc7c0b4812b9bc79ab5f2d84f3,360,19666,149,32,994,https://www.youtube.com/watch?v=wpeLqCC8VOY,20,6,149,https://www.youtube.com/watch?v=k8TzyJEBop4,357,89,994,https://www.youtube.com/watch?v=wpeLqCC8VOY,0,0,0,0,
652b28416c394eed93337f121c0dcbf5,360,16169,54,43,54,https://www.youtube.com/watch?v=wRYnymOLd3s,54,43,54,https://www.youtube.com/watch?v=wRYnymOLd3s,0,0,0,,0,0,0,0,
1c096a5610c0459b84c74213c3b30f85,360,28214,0,0,0,,0,0,0,,0,0,0,,213,0,0,0,
e443b9e0c3524137ba2774625c6c78cd,360,8338,0,0,0,,0,0,0,,0,0,0,,704,89,59,375,https://www.twitch.tv/videos/2750174377
9be839573d1a4944a93740ca42fa65d4,359,19836,0,0,0,,0,0,0,,0,0,0,,1481,0,0,0,
27a484e8f53a433396e73bea886fa2cb,359,20024,0,0,0,,0,0,0,,0,0,0,,0,0,0,0,
f2f74f42d7e44c2b8c71807abd0967f3,358,94004,0,0,0,,0,0,0,,0,0,0,,3042,509,235,991,https://www.twitch.tv/videos/2742784287
a27f33f32dd2414c8c6843f8783a32f0,357,10495,134,66,1498,https://www.youtube.com/watch?v=w1DkbmATzHs,131,76,171,https://www.youtube.com/watch?v=mGwSv4NYEDk,1498,4,1498,https://www.youtube.com/watch?v=w1DkbmATzHs,0,0,0,0,
6166fbac685941a6acf389460de44943,356,29282,65,31,181,https://www.youtube.com/watch?v=OPmvmGxE4VA,65,31,181,https://www.youtube.com/watch?v=OPmvmGxE4VA,0,0,0,,0,0,0,0,
07930a961f0b4078a14f0a57f0a93965,354,27394,34,7,73,https://www.youtube.com/watch?v=zbUrfTUHWoo,34,7,73,https://www.youtube.com/watch?v=zbUrfTUHWoo,0,0,0,,0,0,0,0,
4fc02db3aab84e6cb526c02405d18c6e,354,17569,0,0,0,,0,0,0,,0,0,0,,148,0,0,0,
7ee1b473a5584a1a85973acfa45e0e1d,354,9624,45,14,72,https://www.youtube.com/watch?v=jksTcdVMVJo,45,14,72,https://www.youtube.com/watch?v=jksTcdVMVJo,0,0,0,,0,0,0,0,
f46e5ebb899548cab53d24f1901315b0,351,14410,69,60,99,https://www.youtube.com/watch?v=FzSVkuEck_M,69,60,99,https://www.youtube.com/watch?v=FzSVkuEck_M,0,0,0,,139,0,0,0,
682e400513134d0bacfa85513958c64d,351,6733,0,0,0,,0,0,0,,0,0,0,,930,286,218,991,https://www.twitch.tv/videos/2756462691
6e56882f3f8e4911b8b67316f1265808,350,83825,0,0,0,,0,0,0,,0,0,0,,168,0,0,0,
735a3d989210437f9e5b8e7a7ba6d88a,349,13673,57,41,102,https://www.youtube.com/watch?v=Wr47XmSY2a0,57,41,102,https://www.youtube.com/watch?v=Wr47XmSY2a0,0,0,0,,123,0,0,0,
f24626ac0ce34975a3b3fd6d8455f4f7,347,7976,0,0,0,,0,0,0,,0,0,0,,180,0,0,0,
2efb6dc7796c4ce792c196d27af0df87,346,37983,50,27,1087,https://www.youtube.com/watch?v=mdf4di7isBg,40,13,78,https://www.youtube.com/watch?v=2q8YtA0C6zk,225,69,1087,https://www.youtube.com/watch?v=mdf4di7isBg,0,0,0,0,
513c300c8af04b8a84d18f665b66481f,345,40080,0,0,0,,0,0,0,,0,0,0,,0,0,0,0,
e63fd2ead17a4b57b256fcd55fe83b0e,344,26844,62,34,146,https://www.youtube.com/watch?v=g0dnt5hqU3E,62,34,146,https://www.youtube.com/watch?v=g0dnt5hqU3E,0,0,0,,307,166,160,322,https://www.twitch.tv/videos/2755773168
db3a6f094c3146c2ab6f2f267337f132,342,10282,318,148,318,https://www.youtube.com/watch?v=2qhfh5lk3sg,0,0,0,,318,148,318,https://www.youtube.com/watch?v=2qhfh5lk3sg,1302,239,209,451,https://www.twitch.tv/videos/2750185088
3a13b2827ef048859006a3acb74c175a,341,8603,67,49,67,https://www.youtube.com/watch?v=zki5eAQixRY,0,0,0,,67,49,67,https://www.youtube.com/watch?v=zki5eAQixRY,3830,504,395,2421,https://www.twitch.tv/videos/2752582809
73755322c8e74479864369766f924be1,339,19121,0,0,0,,0,0,0,,0,0,0,,4908,0,0,0,
aac7be72efc74efe9e77148fd4af7151,338,15704,26,9,52,https://www.youtube.com/watch?v=-2ktDgg60yg,26,9,52,https://www.youtube.com/watch?v=-2ktDgg60yg,0,0,0,,0,0,0,0,
b423123a68df4ac88b2a376ae5fd3b89,338,11626,104,57,1742,https://www.youtube.com/watch?v=x82eQ7H0JLs,66,46,331,https://www.youtube.com/watch?v=LCZltSZEwxY,524,310,1742,https://www.youtube.com/watch?v=x82eQ7H0JLs,0,0,0,0,
d8520b0d7b424141bf19b3254d264960,337,8710,0,0,0,,0,0,0,,0,0,0,,0,0,0,0,
4f8936d4899d4e2c83bf949bc61b2bd2,335,9401,50,10,53,https://www.youtube.com/watch?v=eof_BLQ2Atg,50,10,53,https://www.youtube.com/watch?v=eof_BLQ2Atg,0,0,0,,167,0,0,0,
389bd53524c74c44a32d72279b288b17,335,2891,0,0,0,,0,0,0,,0,0,0,,0,0,0,0,
2e05bf5968cf4b3789a1316f5b05d857,335,66479,0,0,0,,0,0,0,,0,0,0,,0,0,0,0,
9a13461ec0e644ceb6e86381ca41d33a,333,37776,1192,554,1192,https://www.youtube.com/watch?v=F3vJjiJ0Lo4,0,0,0,,1192,554,1192,https://www.youtube.com/watch?v=F3vJjiJ0Lo4,1369,0,0,0,
876c11fba4af4235857127b9af87093e,332,17184,0,0,0,,0,0,0,,0,0,0,,0,0,0,0,
3083d2b8192843958b2852553cb3bc70,331,2757,0,0,0,,0,0,0,,0,0,0,,424,71,55,83,https://www.twitch.tv/videos/2755847984
5ae7e41f9b9a420d9217a0b2c6755f52,331,3654,0,0,0,,0,0,0,,0,0,0,,0,0,0,0,
5c3ea93753724a63b32071a7a580af7b,330,34492,1,0,35,https://www.youtube.com/watch?v=un-D6X6R7sc,0,0,0,,1,0,35,https://www.youtube.com/watch?v=un-D6X6R7sc,1782,10,6,46,https://www.twitch.tv/videos/2757703126
6d83214d4d964bc9a236f4cbdd8d99e4,327,16029,99,65,993,https://www.youtube.com/watch?v=b2xtaBEssCY,98,55,207,https://www.youtube.com/watch?v=0TEe2SWo0uI,993,392,993,https://www.youtube.com/watch?v=b2xtaBEssCY,46,0,0,0,
46e65e217ca84bbf8d43b67c3e5a9d90,325,23561,4,1,583,https://www.youtube.com/watch?v=c60SnOQRy6E,0,0,0,,4,1,583,https://www.youtube.com/watch?v=c60SnOQRy6E,212,23,20,23,https://www.twitch.tv/videos/2756520183
8a8a1d0901c04d568be19e2d8bbc9ca1,324,33283,0,0,0,,0,0,0,,0,0,0,,0,0,0,0,
0f5e3935971449daa91b654886313110,323,0,0,0,0,,0,0,0,,0,0,0,,2262,0,0,0,
2af109d54b1c49968b572aa2b59664ab,322,12451,0,0,0,,0,0,0,,0,0,0,,0,0,0,0,
e32b6351f1684034955171b93b1c5e63,321,0,0,0,0,,0,0,0,,0,0,0,,1820,0,0,0,
1db7ec043f284eaea0bd2213ecce2bad,320,17755,84,42,1416,https://www.youtube.com/watch?v=pC4Mq5-Cnuk,61,22,243,https://www.youtube.com/watch?v=nwYZoy606j4,1360,331,1416,https://www.youtube.com/watch?v=pC4Mq5-Cnuk,0,0,0,0,
e94e1e38a611403192e4db197c2d9d91,319,6997,0,0,0,,0,0,0,,0,0,0,,0,0,0,0,
c4268d9874b14b3282613fa11102ce4b,319,22361,49,17,131,https://www.youtube.com/watch?v=4XWtM1tt2mg,49,17,131,https://www.youtube.com/watch?v=4XWtM1tt2mg,0,0,0,,324,63,43,90,https://www.twitch.tv/videos/2756715263
ca161c4e0ef54cd4a311705625caf164,318,11331,0,0,0,,0,0,0,,0,0,0,,2237,0,0,0,
76a17ecab93c4c3db069c9a5d8d0ecf5,318,43083,0,0,0,,0,0,0,,0,0,0,,1810,158,152,290,https://www.twitch.tv/videos/2752604963
d88c3cbdb65940e69a3feb152dc93d6d,317,1029,0,0,0,,0,0,0,,0,0,0,,458,0,0,0,
d859857097fe4e9d90a2d840c0e7fca1,316,20301,24,3,171,https://www.youtube.com/watch?v=rLiLvGEmXf8,0,0,0,,24,3,171,https://www.youtube.com/watch?v=rLiLvGEmXf8,245,0,0,0,
a24116ba22c84747818b7be8cd8eb733,314,12751,29,25,107,https://www.youtube.com/watch?v=EVXu8HkNVAE,29,25,107,https://www.youtube.com/watch?v=EVXu8HkNVAE,0,0,0,,350,35,25,43,https://www.twitch.tv/videos/2757284359
3df5dcf41cdb46c7b7de73e502ce4ae1,313,10584,0,0,0,,0,0,0,,0,0,0,,658,0,0,0,
9abd60c00f0f412b978a2398b13ac4e8,313,38932,0,0,0,,0,0,0,,0,0,0,,0,0,0,0,
cbb0ea239d8e4f65a46ada52dfb778e3,312,8619,0,0,0,,0,0,0,,0,0,0,,424,0,0,0,
71f86178cf8545658c5c836c868a3646,309,6869,0,0,0,,0,0,0,,0,0,0,,1338,445,404,526,https://www.twitch.tv/videos/2755841299
890c5d306c5f4a218f861c8a98a1e74a,309,5609,0,0,0,,0,0,0,,0,0,0,,68,0,0,0,
4e4cbcbc0acf410ea5a50e4a6bbafd01,306,3992,8,0,18,https://www.youtube.com/watch?v=t3bFNLGITIc,0,0,0,,8,0,18,https://www.youtube.com/watch?v=t3bFNLGITIc,2477,728,507,941,https://www.twitch.tv/videos/2747894791
bf7122f997f04401b0a6938abaded38c,306,18012,29,6,34,https://www.youtube.com/watch?v=hVB6HI_BjEI,29,6,34,https://www.youtube.com/watch?v=hVB6HI_BjEI,0,0,0,,0,0,0,0,
2f32fa150b4b4572bb6dd1a8e8c94ff1,305,11684,103,26,406,https://www.youtube.com/watch?v=MRykXFyfRPU,0,0,0,,103,26,406,https://www.youtube.com/watch?v=MRykXFyfRPU,3802,1256,644,3161,https://www.twitch.tv/videos/2740736132
803435ca691f43a4b02360926fee23d1,304,12906,93,51,133,https://www.youtube.com/watch?v=UjJYVsVNcMI,93,51,133,https://www.youtube.com/watch?v=UjJYVsVNcMI,0,0,0,,1503,96,76,133,https://www.twitch.tv/videos/2752573758
b6cc2e3d23f34ba8bbeba181d19a714c,304,6295,0,0,0,,0,0,0,,0,0,0,,4289,1416,778,16614,https://www.twitch.tv/videos/2746375308
dfa5fefa546a40d5a677ddfff02ff3e1,303,18373,5,0,5,https://www.youtube.com/watch?v=roBcZKOLOlk,0,0,0,,5,0,5,https://www.youtube.com/watch?v=roBcZKOLOlk,800,40,30,46,https://www.twitch.tv/videos/2751790944
f3757b8d656f48749cada897ce597abc,303,7739,0,0,0,,0,0,0,,0,0,0,,0,0,0,0,
d09b9f800b7940deb1f8a2b58a302f07,302,4246,0,0,0,,0,0,0,,0,0,0,,4242,319,246,569,https://www.twitch.tv/videos/2753647865
85340d14d5654ac3b28b39b007a7dea7,301,15537,51,12,115,https://www.youtube.com/watch?v=Fwios0HhBAo,51,12,115,https://www.youtube.com/watch?v=Fwios0HhBAo,0,0,0,,0,0,0,0,
72ee59fb29644f8b88a4dd3d7e91fe39,301,10282,0,0,0,,0,0,0,,0,0,0,,0,0,0,0,
a13421f0201540ecaccd5c207b15c425,300,16700,0,0,0,,0,0,0,,0,0,0,,0,0,0,0,
a4a9cd639c7546538ee9635b9a14989d,299,16075,35,6,38,https://www.youtube.com/watch?v=6CphDjCWeSI,35,6,38,https://www.youtube.com/watch?v=6CphDjCWeSI,0,0,0,,0,0,0,0,
2b1ef81172474b6b8409100be2f30da7,299,4548,4,1,6,https://www.youtube.com/watch?v=IeKCeK6oA_Y,0,0,0,,4,1,6,https://www.youtube.com/watch?v=IeKCeK6oA_Y,2627,234,156,234,https://www.twitch.tv/videos/2751004113
8ae87582ab1e4b31bfd38310afda77bd,298,3725,0,0,0,,0,0,0,,0,0,0,,1344,0,0,0,
f4935cf7bbb94ae88202ee7ab6d6b92b,297,0,0,0,0,,0,0,0,,0,0,0,,52,0,0,0,
2e7fa2f9a4ba4ca6a0ea1397839aafca,297,11056,24,11,30,https://www.youtube.com/watch?v=1tNSThxgb_M,24,11,30,https://www.youtube.com/watch?v=1tNSThxgb_M,0,0,0,,0,0,0,0,
2d2dc667f7a9488092e67b0475dc3774,296,2813,0,0,0,,0,0,0,,0,0,0,,206,0,0,0,
095d5621db8b44ed914d81f9e1183673,296,10436,68,26,177,https://www.youtube.com/watch?v=KA-a20CcaOM,68,26,88,https://www.youtube.com/watch?v=KTBxz5keQQE,101,19,177,https://www.youtube.com/watch?v=KA-a20CcaOM,24,0,0,0,
92b3889a0c304d8fb9eed110bb82c60c,295,16897,0,0,0,,0,0,0,,0,0,0,,0,0,0,0,
d39563dd7adf452989791068eaf4524e,295,4594,72,34,88,https://www.youtube.com/watch?v=LdyIohlcmaA,72,34,88,https://www.youtube.com/watch?v=LdyIohlcmaA,0,0,0,,0,0,0,0,
79f4c64bde584997bf6ad38afd44b51d,295,21360,28,21,49,https://www.youtube.com/watch?v=Ce0dCfgZH5Q,28,21,49,https://www.youtube.com/watch?v=Ce0dCfgZH5Q,0,0,0,,157,59,54,59,https://www.twitch.tv/videos/2758058224
b09373e11cc74ed4b58440b9d7368172,294,23162,26,13,37,https://www.youtube.com/watch?v=tvOBCPCnr5o,26,13,37,https://www.youtube.com/watch?v=tvOBCPCnr5o,0,0,0,,0,0,0,0,
c40a4498540d462a89c2391a41aa9f0e,294,12329,84,76,845,https://www.youtube.com/watch?v=kuP5TEv34fM,70,47,84,https://www.youtube.com/watch?v=YXAugYhfN20,750,555,845,https://www.youtube.com/watch?v=kuP5TEv34fM,2357,79,68,79,https://www.twitch.tv/videos/2755817827
8fe313c8e0704a29a7a387b47c4f938b,293,10270,97,55,371,https://www.youtube.com/watch?v=EzIW4HU9bKc,71,51,167,https://www.youtube.com/watch?v=dgrFtwBxj9s,126,60,371,https://www.youtube.com/watch?v=EzIW4HU9bKc,0,0,0,0,
df6443487ffb4142aea2b053b4aa8db7,292,34060,64,35,1298,https://www.youtube.com/watch?v=0nyZYMl-9sg,0,0,0,,64,35,1298,https://www.youtube.com/watch?v=0nyZYMl-9sg,1659,234,156,539,https://www.twitch.tv/videos/2754836579
d3a0a421fd184f9fa51856096d01e85b,292,16962,35,9,35,https://www.youtube.com/watch?v=TFihpXEC3sw,35,9,35,https://www.youtube.com/watch?v=TFihpXEC3sw,0,0,0,,0,0,0,0,
e6373c7f689c44f8971ca0f83c817789,292,1630,0,0,0,,0,0,0,,0,0,0,,223,0,0,0,
c572dfdd998b439fb17f01f4633cfb31,292,14875,0,0,0,,0,0,0,,0,0,0,,0,0,0,0,
479b23215fd84e0387e4f95c8bdfb127,290,116784,229,99,2568,https://www.youtube.com/watch?v=BGXDilYHpKc,29,16,52,https://www.youtube.com/watch?v=0peC7S1IGWA,1761,138,2568,https://www.youtube.com/watch?v=BGXDilYHpKc,0,0,0,0,
1895ef1f232d454aa6c18ca7812c794c,290,3723,91,58,91,https://www.youtube.com/watch?v=pP07qzimYqA,91,58,91,https://www.youtube.com/watch?v=pP07qzimYqA,0,0,0,,17,0,0,0,
be1bfb3aafb34118808fd5a5c059ffaf,290,28291,0,0,0,,0,0,0,,0,0,0,,492,0,0,0,
ca4210c7562b479cb3af76082fb70fcd,289,2870,0,0,0,,0,0,0,,0,0,0,,3469,711,429,1033,https://www.twitch.tv/videos/2747005770
e773129f910c4bd182f3b702c9ec1b55,289,9824,23,16,24,https://www.youtube.com/watch?v=4zrQUmY2CMA,23,16,24,https://www.youtube.com/watch?v=4zrQUmY2CMA,0,0,0,,0,0,0,0,
82af75b290f44cd8b9a97bc5addaaf58,289,7634,34,25,45,https://www.youtube.com/watch?v=IH49TVgjaPY,34,25,45,https://www.youtube.com/watch?v=IH49TVgjaPY,0,0,0,,136,0,0,0,
d148768158984ce8b3a8214b1fb3dafc,289,2955,43,35,43,https://www.youtube.com/watch?v=lG3fDYao9aw,43,35,43,https://www.youtube.com/watch?v=lG3fDYao9aw,0,0,0,,156,26,14,54,https://www.twitch.tv/videos/2747963978
d2e2645a97a14ce4b58a7884c0e6ec56,287,27332,0,0,0,,0,0,0,,0,0,0,,1289,57,42,62,https://www.twitch.tv/videos/2756915571
d334f3b3ba8b4e43bd7b5a237a7b4476,286,42345,67,25,285,https://www.youtube.com/watch?v=2Q1WbUWJCCI,67,25,285,https://www.youtube.com/watch?v=2Q1WbUWJCCI,0,0,0,,39,0,0,0,
964a0dde279c45ea85ffc6ad5d266206,285,10248,82,37,1938,https://www.youtube.com/watch?v=9Rn6f3O66u4,54,29,152,https://www.youtube.com/watch?v=ZGUKkeppLgY,1395,652,1938,https://www.youtube.com/watch?v=9Rn6f3O66u4,1076,188,163,216,https://www.twitch.tv/videos/2758772098
6391e2693fa6464d83fdf5d136596bb0,285,14594,68,24,204,https://www.youtube.com/watch?v=1n1Cv6RXYuY,65,23,204,https://www.youtube.com/watch?v=1n1Cv6RXYuY,82,57,188,https://www.youtube.com/watch?v=HP_sGEOs9Tc,0,0,0,0,
703cea871ebf4ab6a8b2704f7611197b,284,8403,0,0,0,,0,0,0,,0,0,0,,0,0,0,0,
5f68c9b585ad40c0ada7697c9b7f5055,284,0,0,0,0,,0,0,0,,0,0,0,,7432,822,270,1933,https://www.twitch.tv/videos/2735398005
1618171723d84cbe8b57cd69fa6f477f,283,38343,0,0,0,,0,0,0,,0,0,0,,758,32,20,42,https://www.twitch.tv/videos/2755061765
7badd33c853240e280db61899f381ff2,280,10937,0,0,0,,0,0,0,,0,0,0,,419,0,0,0,
279a45d6a8f9445389b9b8cdbcb72ae8,280,25932,0,0,0,,0,0,0,,0,0,0,,273,30,28,36,https://www.twitch.tv/videos/2758279006
b3a1f0922f7440f3bb1adbfa7a04bd09,280,8953,0,0,0,,0,0,0,,0,0,0,,1017,0,0,0,
c9f9ff24ef184b29a58c616412f1dbbc,280,5707,0,0,0,,0,0,0,,0,0,0,,0,0,0,0,
f40e7d4c2b8b4ea89a6cd017303ca5c0,279,1577,0,0,0,,0,0,0,,0,0,0,,527,291,176,291,https://www.twitch.tv/videos/2749448606
94ca3090942d4ca38a71b8f1b65c7343,278,17696,0,0,0,,0,0,0,,0,0,0,,171,0,0,0,
6fa20242354646ad8e8feea8d52e514e,278,6731,0,0,0,,0,0,0,,0,0,0,,0,0,0,0,
4cebb92683d548089e998ec18a484930,277,13189,34,30,34,https://www.youtube.com/watch?v=mkqUnzBnW-E,34,30,34,https://www.youtube.com/watch?v=mkqUnzBnW-E,0,0,0,,0,0,0,0,
b7155dea3cdc452e9f77df41ccca17bd,276,1228,0,0,0,,0,0,0,,0,0,0,,492,0,0,0,
25619abc5e0d4f79839e48d83234eaf8,274,6055,8,3,14,https://www.youtube.com/watch?v=EBI7uSSrGXY,8,3,14,https://www.youtube.com/watch?v=EBI7uSSrGXY,0,0,0,,734,46,37,62,https://www.twitch.tv/videos/2749389260
c543b53edfbd4b3c92f4801cb8d3346c,273,15862,0,0,0,,0,0,0,,0,0,0,,0,0,0,0,
3e7f5f5e829e4d4baca2a8a5916d60e4,273,3254,992,426,1315,https://www.youtube.com/watch?v=LEkylWrn4uU,0,0,0,,992,426,1315,https://www.youtube.com/watch?v=LEkylWrn4uU,2189,501,367,1085,https://www.twitch.tv/videos/2750786704
de5f8aaf92814bb79eb91adb0efc8f1d,272,13585,12,5,31,https://www.youtube.com/watch?v=Ix9FzXGxj3k,12,5,31,https://www.youtube.com/watch?v=Ix9FzXGxj3k,0,0,0,,0,0,0,0,
192be77802a54229bb67b40c00978520,272,2181,0,0,0,,0,0,0,,0,0,0,,1032,0,0,0,
a16471805f7f44f88237b42c79b9f3a2,272,10572,0,0,0,,0,0,0,,0,0,0,,0,0,0,0,
985e64cecc24401290c08cb7e2f4ef50,271,7425,34,17,41,https://www.youtube.com/watch?v=OKfwM2a25KA,34,17,41,https://www.youtube.com/watch?v=OKfwM2a25KA,0,0,0,,2005,253,191,364,https://www.twitch.tv/videos/2754926014
a6a155230538488e8488f01160598837,271,16970,0,0,0,,0,0,0,,0,0,0,,0,0,0,0,
67b3f32472774d3191ecfea12f60a990,268,9420,0,0,0,,0,0,0,,0,0,0,,116,0,0,0,
03e9bea117bd4b5ba189b48f1617d9bb,268,7790,0,0,0,,0,0,0,,0,0,0,,0,0,0,0,
05d19eac5d22427f916e6fa59bf17b3b,268,78802,5,2,915,https://www.youtube.com/watch?v=eRhsuCCe974,0,0,0,,5,2,915,https://www.youtube.com/watch?v=eRhsuCCe974,2475,310,239,516,https://www.twitch.tv/videos/2748602994
22a21c1a529f4817b8790629d8b4590f,264,35578,235,54,404,https://www.youtube.com/watch?v=byKNQhDHw10,0,0,0,,235,54,404,https://www.youtube.com/watch?v=byKNQhDHw10,106,0,0,0,
33f8f83054e3473d9c8c5e1a3c8e1008,264,8785,32,21,82,https://www.youtube.com/watch?v=Yh5v4CpWcog,33,21,82,https://www.youtube.com/watch?v=Yh5v4CpWcog,4,2,4,https://www.youtube.com/watch?v=IzftBmxRwGE,0,0,0,0,
a76d4171e74448fd9d1a6eaf183be3ff,263,15162,0,0,0,,0,0,0,,0,0,0,,852,190,108,190,https://www.twitch.tv/videos/2748615258
fbd0d260a09c47b1a9dcc73fd41e7eca,263,3848,0,0,0,,0,0,0,,0,0,0,,6449,0,0,0,
0d07fb89672446c3b4a1682131f96f7b,260,21933,27,14,42,https://www.youtube.com/watch?v=B_j0vDsvTL4,27,14,42,https://www.youtube.com/watch?v=B_j0vDsvTL4,0,0,0,,0,0,0,0,
105f7890339346329ab408f423f617c3,260,15808,0,0,0,,0,0,0,,0,0,0,,4368,2158,269,2651,https://www.twitch.tv/videos/2738019450
1af1c5f8526a4396820151df1bff37b7,258,25215,153,41,1805,https://www.youtube.com/watch?v=RWNAf0QVGps,125,39,165,https://www.youtube.com/watch?v=YNomkBgIuCM,1291,106,1805,https://www.youtube.com/watch?v=RWNAf0QVGps,0,0,0,0,
0c05eca1975b40b3a0b54d3dfd61055d,258,37185,0,0,0,,0,0,0,,0,0,0,,2633,106,72,146,https://www.twitch.tv/videos/2758301476
f7758d944fd8438a86bfe1235c7bcd17,258,15314,5,3,182,https://www.youtube.com/watch?v=qrEQoAtkmL0,0,0,0,,5,3,182,https://www.youtube.com/watch?v=qrEQoAtkmL0,602,0,0,0,
04e61f47cdf542c7b5a3b3ae569fc021,258,2974,0,0,0,,0,0,0,,0,0,0,,884,0,0,0,
2ff6c25f8e5943d2ac0a6a006f5784c3,255,2380,0,0,0,,0,0,0,,0,0,0,,1595,297,237,386,https://www.twitch.tv/videos/2757315016
3a44da0674144e61bff60415cc09a678,255,7267,10,4,12,https://www.youtube.com/watch?v=XuT7uCNw5Qs,10,4,12,https://www.youtube.com/watch?v=XuT7uCNw5Qs,0,0,0,,0,0,0,0,
7c96bbca1c184d70a39ef2a65a0d788c,255,164350,0,0,0,,0,0,0,,0,0,0,,594,0,0,0,
cd0b2f63c88e4b4abd5b83296a5d7866,253,3718,0,0,0,,0,0,0,,0,0,0,,3610,0,0,0,
75eb49d99170441ab784d7bec7378d21,252,10685,0,0,0,,0,0,0,,0,0,0,,1409,42,27,135,https://www.twitch.tv/videos/2757408441
5f044942071146cb9ec4b760458a662e,250,10888,0,0,0,,0,0,0,,0,0,0,,806,261,158,263,https://www.twitch.tv/videos/2749375355
8c1fe8acf675446ebb2fd046e6396983,248,24510,36,19,44,https://www.youtube.com/watch?v=wNUeu4toLO0,36,19,44,https://www.youtube.com/watch?v=wNUeu4toLO0,0,0,0,,261,18,15,36,https://www.twitch.tv/videos/2751857181
90a8ac8d7653460298ba85cb7e4d3bc9,246,3263,0,0,0,,0,0,0,,0,0,0,,55,0,0,0,
cabc3ddcf7ad46ef9acb4b0951f9b2ba,246,20886,1,0,1129,https://www.youtube.com/watch?v=EHjJtpJh3cU,0,0,0,,1,0,1129,https://www.youtube.com/watch?v=EHjJtpJh3cU,1227,211,149,381,https://www.twitch.tv/videos/2751770917
a3452262e11348c88afea4031b0323a8,244,21520,5,2,18,https://www.youtube.com/watch?v=QSWnGxD06eE,0,0,0,,5,2,18,https://www.youtube.com/watch?v=QSWnGxD06eE,474,0,0,0,
1ccf3d7852d34137b9cc70343dcc41bf,243,108758,266,2,266,https://www.youtube.com/watch?v=cN37FCUPFgo,0,0,0,,266,2,266,https://www.youtube.com/watch?v=cN37FCUPFgo,113,0,0,0,
47cd428eee8640cb80afaa4ef9bb55e0,242,17008,53,41,80,https://www.youtube.com/watch?v=x5XhigJh_Xc,53,41,80,https://www.youtube.com/watch?v=x5XhigJh_Xc,0,0,0,,1653,98,73,136,https://www.twitch.tv/videos/2748643657
c91577ba12cd45deb9c8e5c666c290be,241,87452,41,21,1371,https://www.youtube.com/watch?v=IVFdS2GrdCU,38,21,172,https://www.youtube.com/watch?v=Wn20g93-o24,103,37,1371,https://www.youtube.com/watch?v=IVFdS2GrdCU,0,0,0,0,
0e516fd1e97a4c58bad3afb6469748d4,241,3110,16,6,871,https://www.youtube.com/watch?v=-gGJf87f-20,225,162,768,https://www.youtube.com/watch?v=_6e38JrmhQA,7,3,871,https://www.youtube.com/watch?v=-gGJf87f-20,558,40,30,48,https://www.twitch.tv/videos/2750205194
e7ac18c2e713426692cfd0ef7fe2b897,241,38,0,0,0,,0,0,0,,0,0,0,,149,7,6,16,https://www.twitch.tv/videos/2751889590
777608b04fa74a42975497f6273ed6f9,240,12402,2,1,3,https://www.youtube.com/watch?v=q3SFVwlqcOk,0,0,0,,2,1,3,https://www.youtube.com/watch?v=q3SFVwlqcOk,2950,422,339,624,https://www.twitch.tv/videos/2753486433
67252692b4f64f509af6eacffdeafdf9,240,25165,59,21,345,https://www.youtube.com/watch?v=UFIIH90h6Vw,57,28,64,https://www.youtube.com/watch?v=vU_QT9-jyYQ,345,12,345,https://www.youtube.com/watch?v=UFIIH90h6Vw,0,0,0,0,
3e86fddd8145474691e77ba761a6b2a5,239,37370,0,0,0,,0,0,0,,0,0,0,,1049,153,138,153,https://www.twitch.tv/videos/2756650150
33cabb57d2454dfdbdf7453c54429940,236,90792,1504,588,1506,https://www.youtube.com/watch?v=vuis9eefuNg,0,0,0,,1504,588,1506,https://www.youtube.com/watch?v=vuis9eefuNg,650,355,228,1448,https://www.twitch.tv/videos/2751004407
dbbb8592c30840c8b00ae8091a684e5c,234,9110,0,0,0,,0,0,0,,0,0,0,,1275,0,0,0,
f72fb9eab9a84db5ba139131d59bdd02,233,36155,839,113,1057,https://www.youtube.com/watch?v=-pIMijzAS98,0,0,0,,839,113,1057,https://www.youtube.com/watch?v=-pIMijzAS98,381,67,42,113,https://www.twitch.tv/videos/2751882800
a3afce163c9341c992f526816d9d5440,233,4018,18,15,162,https://www.youtube.com/watch?v=6WZvGxfKNFU,16,13,162,https://www.youtube.com/watch?v=6WZvGxfKNFU,20,19,25,https://www.youtube.com/watch?v=cfQCJ79-M14,103,0,0,0,
d198a42f93d84e9ca061a72243d142cc,232,117955,0,0,0,,0,0,0,,0,0,0,,526,51,35,200,https://www.twitch.tv/videos/2749243213
4693c4a0f4284a429f353419a3fc547c,232,52597,1182,496,1927,https://www.youtube.com/watch?v=uFV8doD6x1o,0,0,0,,1182,496,1927,https://www.youtube.com/watch?v=uFV8doD6x1o,0,0,0,0,
c274c90379ca4e57a79251976cda3e54,232,8847,0,0,0,,0,0,0,,0,0,0,,322,0,0,0,
25b5885afcdc4430be0d822464ccff91,231,3549,10,4,26,https://www.youtube.com/watch?v=f-P4ttzXAzI,11,5,26,https://www.youtube.com/watch?v=f-P4ttzXAzI,5,1,5,https://www.youtube.com/watch?v=AF32voEGyE0,329,25,14,46,https://www.twitch.tv/videos/2753437671
42d2b255295b468dafe439394130ae11,231,12326,14,7,18,https://www.youtube.com/watch?v=uGna5yXBP4o,0,0,0,,14,7,18,https://www.youtube.com/watch?v=uGna5yXBP4o,967,217,137,217,https://www.twitch.tv/videos/2750185438
d8b5835bc6aa46119cc7ddd4447e780f,231,35952,0,0,0,,0,0,0,,0,0,0,,2000,549,363,549,https://www.twitch.tv/videos/2750925900
af89613e72874e219c00ab0c89b6c641,231,52823,25,11,41,https://www.youtube.com/watch?v=fH7GyJcCLto,27,19,41,https://www.youtube.com/watch?v=fH7GyJcCLto,5,0,5,https://www.youtube.com/watch?v=49zlPC0rbnI,11,0,0,0,
a7bb915cc1a0474080d7dbf6d245daf4,230,13393,0,0,0,,0,0,0,,0,0,0,,44,0,0,0,
e9569c3f60c541ab83899c09079feaa2,229,10452,571,312,970,https://www.youtube.com/watch?v=tIHRv-tu96E,0,0,0,,571,312,970,https://www.youtube.com/watch?v=tIHRv-tu96E,2936,1800,969,1800,https://www.twitch.tv/videos/2747879687
d4bd6ed12ee746a8978434ee5b14dd27,229,60219,123,46,229,https://www.youtube.com/watch?v=PpaifwGz87E,0,0,0,,123,46,229,https://www.youtube.com/watch?v=PpaifwGz87E,540,91,79,375,https://www.twitch.tv/videos/2747844387
bf6401d2159c40a8a616defa8c2c4a66,228,25504,0,0,0,,0,0,0,,0,0,0,,823,0,0,0,
156aba6fe34b4d648a3fd210550963c7,227,1040,0,0,0,,0,0,0,,0,0,0,,92,0,0,0,
5d23e69300534fe6aa678d75573381ea,227,1980,0,0,0,,0,0,0,,0,0,0,,0,0,0,0,
dc27d7819dac471f907e0ace5131580f,226,5315,0,0,0,,0,0,0,,0,0,0,,1448,199,86,468,https://www.twitch.tv/videos/2745884079
27a22366e885420e8a3c78ee7ac7c075,225,15380,45,19,64,https://www.youtube.com/watch?v=GctzKR3UMpY,45,19,64,https://www.youtube.com/watch?v=GctzKR3UMpY,0,0,0,,35,17,13,37,https://www.twitch.tv/videos/2757511067
af82ee4712aa4d6c9c4100591a8a3163,225,3184,0,0,0,,0,0,0,,0,0,0,,584,196,165,254,https://www.twitch.tv/videos/2757329742
71da2daf84a546c39399adf6ca44aac1,223,16414,26,10,81,https://www.youtube.com/watch?v=Dn_rd5VXLG8,31,11,81,https://www.youtube.com/watch?v=Dn_rd5VXLG8,11,2,11,https://www.youtube.com/watch?v=48X1kHIKMQ0,303,53,36,96,https://www.twitch.tv/videos/2751794289
52d8a731a7634e529ba986ae40ce6526,221,16868,0,0,0,,0,0,0,,0,0,0,,850,409,268,822,https://www.twitch.tv/videos/2755627216
ccf55e42124c46ab828b188fc8c4f947,221,47451,927,301,1464,https://www.youtube.com/watch?v=8OPzQWCX__0,0,0,0,,927,301,1464,https://www.youtube.com/watch?v=8OPzQWCX__0,703,330,244,630,https://www.twitch.tv/videos/2749520791
98619914a2eb4b07bd6bc0a02066e455,221,5623,0,0,0,,0,0,0,,0,0,0,,1319,224,158,280,https://www.twitch.tv/videos/2757558802
25ac52ef552244a997045ca561b5636f,219,3654,0,0,0,,0,0,0,,0,0,0,,0,0,0,0,
c56801a52568414ca54724a3c24c3417,219,19842,0,0,0,,0,0,0,,0,0,0,,2208,0,0,0,
1fa9ddce23964bab8edddf7f18dad2f3,218,10595,0,0,0,,0,0,0,,0,0,0,,1575,69,48,79,https://www.twitch.tv/videos/2749518084
3986345f7cae4fc5ba3b7fd3a8dceba0,218,1007,0,0,0,,0,0,0,,0,0,0,,1121,0,0,0,
c269bafe425f470e957731c454b8925c,218,18068,0,0,0,,0,0,0,,0,0,0,,445,0,0,0,
8e65ff08f84f46148a79346978db81c8,217,58098,58,33,18114,https://www.youtube.com/watch?v=VXNF7h2SY6s,49,29,120,https://www.youtube.com/watch?v=QQch8WZypSI,548,337,18114,https://www.youtube.com/watch?v=VXNF7h2SY6s,0,0,0,0,
d564dc69725f4258b8b08d8d5df285a8,217,9293,15,7,65,https://www.youtube.com/watch?v=mwE7nG8u2e0,14,6,65,https://www.youtube.com/watch?v=mwE7nG8u2e0,46,36,46,https://www.youtube.com/watch?v=qhwCNlnjqfE,70,11,8,21,https://www.twitch.tv/videos/2754298918
15c82034235748649547ada64817a6d1,217,15843,337,133,1414,https://www.youtube.com/watch?v=FbFwVtNxdO0,0,0,0,,337,133,1414,https://www.youtube.com/watch?v=FbFwVtNxdO0,3609,248,190,1132,https://www.twitch.tv/videos/2753552382
0554e298ab8041c19ce07bf0b2c315a0,216,18705,51,33,1266,https://www.youtube.com/watch?v=fAIZl1bxCg8,41,14,52,https://www.youtube.com/watch?v=NkygGElcLcw,671,210,1266,https://www.youtube.com/watch?v=fAIZl1bxCg8,0,0,0,0,
d8fa0fb407c043cb9b65ab66c2221e8d,216,69988,3,1,17,https://www.youtube.com/watch?v=wcK3Zb6MngQ,0,0,0,,3,1,17,https://www.youtube.com/watch?v=wcK3Zb6MngQ,2237,38,29,63,https://www.twitch.tv/videos/2755850919
31888d1a66654eee82d4dd22017db978,215,37758,310,81,1409,https://www.youtube.com/watch?v=oJ-2LZNIn_w,0,0,0,,310,81,1409,https://www.youtube.com/watch?v=oJ-2LZNIn_w,0,0,0,0,
cfe0c2386d794c229d71c5a6a7e28333,214,15567,11,8,11,https://www.youtube.com/watch?v=0pItBV7x1vc,0,0,0,,11,8,11,https://www.youtube.com/watch?v=0pItBV7x1vc,0,0,0,0,
8814a6eccdd04fa6bf2f8201f12bf8ae,213,3770,0,0,0,,0,0,0,,0,0,0,,339,34,27,51,https://www.twitch.tv/videos/2756652696
463e3994840145618264d41fa3eaf344,212,12291,49,23,54,https://www.youtube.com/watch?v=S3RyikKvs9M,49,23,54,https://www.youtube.com/watch?v=S3RyikKvs9M,0,0,0,,0,0,0,0,
3dc59c2e8b424c9e812fb48048ebdef8,211,6243,4,3,9,https://www.youtube.com/watch?v=Oga8tAPMr3o,0,0,0,,4,3,9,https://www.youtube.com/watch?v=Oga8tAPMr3o,1522,118,103,276,https://www.twitch.tv/videos/2752751480
12479712313d4ddda715483e1f93ee9d,211,4324,16,14,16,https://www.youtube.com/watch?v=EUlgtMQeYsw,0,0,0,,16,14,16,https://www.youtube.com/watch?v=EUlgtMQeYsw,0,0,0,0,
54ea240f1bf1471981684464081645e7,211,4067,0,0,0,,0,0,0,,0,0,0,,349,8,5,11,https://www.twitch.tv/videos/2749953363
47d591738d2449a496e7ce140b539662,209,1246,0,0,0,,0,0,0,,0,0,0,,2115,247,189,269,https://www.twitch.tv/videos/2757144474
f1d9ff59d3d74b0ebb4268de53698dbf,208,6344,0,0,0,,0,0,0,,0,0,0,,735,0,0,0,
7bebabbe96a34368aa03da163e3da313,207,27451,36,4,39,https://www.youtube.com/watch?v=xFDSuN8IvV0,36,4,39,https://www.youtube.com/watch?v=xFDSuN8IvV0,0,0,0,,0,0,0,0,
de8c5ca15afd4534a822e5a1a9c2784e,206,1935,0,0,0,,0,0,0,,0,0,0,,2182,227,190,417,https://www.twitch.tv/videos/2748767756
14b644d58ff14ef1b491ef3d451e9e06,206,0,0,0,0,,0,0,0,,0,0,0,,3367,0,0,0,
1d9db35aa47c4d2d8bea3fb94afbd1b9,206,7693,44,18,372,https://www.youtube.com/watch?v=7vzZ5EcyssQ,44,19,105,https://www.youtube.com/watch?v=L3PZutmR6Qo,372,15,372,https://www.youtube.com/watch?v=7vzZ5EcyssQ,0,0,0,0,
5949eae32b844c9e873474efb19f4e6d,206,6060,32,27,32,https://www.youtube.com/watch?v=pVQcM0b6j5M,32,27,32,https://www.youtube.com/watch?v=pVQcM0b6j5M,0,0,0,,0,0,0,0,
3082cc9c2e124fb3bf77cc799590042e,205,16143,56,25,65,https://www.youtube.com/watch?v=5AVfkrKohvU,56,25,65,https://www.youtube.com/watch?v=5AVfkrKohvU,0,0,0,,0,0,0,0,
3c9899af7c104ea08eb0baa4ee565076,203,2413,0,0,0,,0,0,0,,0,0,0,,676,58,33,58,https://www.twitch.tv/videos/2748600332
a5ced44a2bb74575a9cf9ea48f9ec890,199,8684,0,0,0,,0,0,0,,0,0,0,,0,0,0,0,
fdbcdd7db6b04ed4b2336b1b3da66564,198,18690,527,100,527,https://www.youtube.com/watch?v=iW2TPlq_QmQ,0,0,0,,527,100,527,https://www.youtube.com/watch?v=iW2TPlq_QmQ,227,326,229,424,https://www.twitch.tv/videos/2758307482
49150fef0c1f4c0e9e18567224a7bf5c,198,2425,2426,1998,2426,https://www.youtube.com/watch?v=SKjbf60UGiQ,0,0,0,,2426,1998,2426,https://www.youtube.com/watch?v=SKjbf60UGiQ,0,0,0,0,
3802b3f13284406cb4bc3f775690add5,197,7022,68,31,104,https://www.youtube.com/watch?v=ts7bTdDhLIQ,68,31,104,https://www.youtube.com/watch?v=ts7bTdDhLIQ,0,0,0,,90,110,87,230,https://www.twitch.tv/videos/2757494484
05970b8580b4433d9afb8769568d2276,197,5028,0,0,0,,0,0,0,,0,0,0,,9,0,0,0,
1d0201167f5445e8b410a8f311e54133,197,20856,0,0,0,,0,0,0,,0,0,0,,145,0,0,0,
48e968abd77d434db31de0f0bb8d92a1,196,10783,5,1,7,https://www.youtube.com/watch?v=WRW-A9P2QSM,0,0,0,,5,1,7,https://www.youtube.com/watch?v=WRW-A9P2QSM,530,32,21,46,https://www.twitch.tv/videos/2755847521
936b7b3d4250469d94b53ebc7e4936f6,193,241271,0,0,0,,0,0,0,,0,0,0,,1186,210,71,280,https://www.twitch.tv/videos/2757125674
f30f6a2e994641b5af169b97f2aad13b,192,6952,0,0,0,,0,0,0,,0,0,0,,551,0,0,0,
021eaf7cecfa4416b759fcc310f7b15a,192,8119,0,0,0,,0,0,0,,0,0,0,,223,44,38,44,https://www.twitch.tv/videos/2755840009
698d1cca0e1f417892c954dabe0aacf8,191,769,0,0,0,,0,0,0,,0,0,0,,2303,0,0,0,
26e2e1583d404f48b879375ef74ae33a,191,8954,0,0,0,,0,0,0,,0,0,0,,0,0,0,0,
6cdaf0b035d04e3794a5accd5ed8b08f,190,1693,0,0,0,,0,0,0,,0,0,0,,0,0,0,0,
aad41e66df77481baac0825033d81487,190,45059,1056,317,1279,https://www.youtube.com/watch?v=9b8Cpv3jG_Q,0,0,0,,1056,317,1279,https://www.youtube.com/watch?v=9b8Cpv3jG_Q,0,0,0,0,
6d76e6b27f164061a216ec2831bd8dd3,188,0,0,0,0,,0,0,0,,0,0,0,,1216,0,0,0,
865ef104e1784d878871c819452a63dd,187,1921,68,16,89,https://www.youtube.com/watch?v=d3iAVK2Q3Ys,68,16,89,https://www.youtube.com/watch?v=d3iAVK2Q3Ys,0,0,0,,0,0,0,0,
202d7c3df0a0489288ace48e1e81ac9f,187,4635,0,0,0,,0,0,0,,0,0,0,,76,0,0,0,
699b0baa82d0413aa073155683edcd56,186,5326,0,0,0,,0,0,0,,0,0,0,,2198,86,76,99,https://www.twitch.tv/videos/2755838506
cf5fc0cd849841679951b3769979b3a0,185,3922,82,36,151,https://www.youtube.com/watch?v=Lm7SDPEqaJg,82,36,151,https://www.youtube.com/watch?v=Lm7SDPEqaJg,0,0,0,,39,26,18,43,https://www.twitch.tv/videos/2751870589
7a7e366c81d54d03a07cb2c6cb382884,184,6218,0,0,0,,0,0,0,,0,0,0,,0,0,0,0,
e73e2554e6754cadb0b836bb1fcfdaf7,183,18454,105,51,717,https://www.youtube.com/watch?v=M_P9ZM98734,97,51,253,https://www.youtube.com/watch?v=5LeiuXCLPEc,562,91,717,https://www.youtube.com/watch?v=M_P9ZM98734,35,41,36,79,https://www.twitch.tv/videos/2757382558
a0fd4ae0fdc540c7b0c63d292372412a,182,2480,0,0,0,,0,0,0,,0,0,0,,186,0,0,0,
d46a06f4c654403e8b6376f7eda6f6ba,181,9474,75,14,1714,https://www.youtube.com/watch?v=9Zc7tJkYRJ8,69,9,92,https://www.youtube.com/watch?v=Om8d9YVFn1I,1714,215,1714,https://www.youtube.com/watch?v=9Zc7tJkYRJ8,0,0,0,0,
25f3eb5a85784e0e9f59f45ae775badd,180,10498,0,0,0,,0,0,0,,0,0,0,,0,0,0,0,
98c577d538f84d75a3c34e0f9d13c8a3,177,10799,0,0,0,,0,0,0,,0,0,0,,255,0,0,0,
a0b5f8b54a534dfcb66154002e97e4cc,176,0,0,0,0,,0,0,0,,0,0,0,,155,0,0,0,
74a8b2325c0c4b158dd12377bff187c8,176,9020,118,12,726,https://www.youtube.com/watch?v=9aZevKYxXlQ,0,0,0,,118,12,726,https://www.youtube.com/watch?v=9aZevKYxXlQ,0,0,0,0,
9add5efb4665440e8e021a9c3ced6095,175,10028,66,21,413,https://www.youtube.com/watch?v=FH9nqQmfHNo,65,20,413,https://www.youtube.com/watch?v=FH9nqQmfHNo,250,146,250,https://www.youtube.com/watch?v=88ttK-KWVZ8,0,0,0,0,
7ee7164af0d645a18422350715a1eef0,175,399,0,0,0,,0,0,0,,0,0,0,,359,0,0,0,
ad94d8048eb443248e4f2161201a938d,174,5432,330,187,1128,https://www.youtube.com/watch?v=gVt35I-ANfc,0,0,0,,330,187,1128,https://www.youtube.com/watch?v=gVt35I-ANfc,12,0,0,0,
9b9409f309a54c54bf6225f43eae1167,174,5920,0,0,0,,0,0,0,,0,0,0,,1936,675,589,849,https://www.twitch.tv/videos/2757479027
844adbe9800c4c52863267075afd2c7f,173,8763,0,0,0,,0,0,0,,0,0,0,,259,0,0,0,
b2ec8ce2ab124618ae1b1af2cd85ce23,173,2747,0,0,0,,0,0,0,,0,0,0,,270,0,0,0,
a3bbe09809e141e5b0658a79ba63f977,172,13664,4,1,14,https://www.youtube.com/watch?v=8pa5mvhGwBs,0,0,0,,4,1,14,https://www.youtube.com/watch?v=8pa5mvhGwBs,404,11,9,24,https://www.twitch.tv/videos/2757497707
56e0088d20b04a059da9932476fc9a5b,172,21224,0,0,0,,0,0,0,,0,0,0,,2563,0,0,0,
513641895d9a4fbca3b19aeb63d28915,172,7334,0,0,0,,0,0,0,,0,0,0,,1295,503,137,600,https://www.twitch.tv/videos/2738895823
b850c220033a4b6d83c9b9b70b04647b,172,3752,0,0,0,,0,0,0,,0,0,0,,203,0,0,0,
6cdc57bc89cc4b7f9c9d848fd5b0d031,171,23735,0,0,0,,0,0,0,,0,0,0,,0,0,0,0,
bb21226dc1db41e294f545133948115b,171,12872,0,0,0,,0,0,0,,0,0,0,,858,0,0,0,
67dc6d443cff47a4bc6a31a56e8b72f5,171,17734,61,42,81,https://www.youtube.com/watch?v=djwZf9-9kpA,65,52,81,https://www.youtube.com/watch?v=djwZf9-9kpA,7,4,8,https://www.youtube.com/watch?v=yzZJ7FNNNXY,0,0,0,0,
a91c83dff0c94387aa2c11e597424517,171,10931,0,0,0,,0,0,0,,0,0,0,,260,0,0,0,
868a7d0a1ef94befa5205a21fb65d7d5,170,2806,0,0,0,,0,0,0,,0,0,0,,4629,177,139,633,https://www.twitch.tv/videos/2758235050
2479e2782c0b4a7880004832c84a336b,169,2564,1508,766,1508,https://www.youtube.com/watch?v=jqWuv8FXNDk,0,0,0,,1508,766,1508,https://www.youtube.com/watch?v=jqWuv8FXNDk,284,0,0,0,
c29627e1a48a4ea8b21c858aba1836d0,168,6460,0,0,0,,0,0,0,,0,0,0,,416,94,75,157,https://www.twitch.tv/videos/2748591503
591654ee39c147ffaa77a531a81a6eda,168,13085,24,14,144,https://www.youtube.com/watch?v=bKKVzQgiVdI,24,14,144,https://www.youtube.com/watch?v=bKKVzQgiVdI,0,0,0,,672,0,0,0,
288ba70f1a044c72a65ed9cf3b425d13,167,16996,0,0,0,,0,0,0,,0,0,0,,0,0,0,0,
cd38e82545b04cb8a3e047fe41f2ba40,167,1263,0,0,0,,0,0,0,,0,0,0,,1015,262,140,967,https://www.twitch.tv/videos/2740853501
0c97b425059d4ac893cae0f804f4ccbc,167,10991,0,0,0,,0,0,0,,0,0,0,,0,0,0,0,
58f233e089ca45c8bc1969b471183766,166,24618,15,3,63,https://www.youtube.com/watch?v=6v8tFqWvC14,15,3,63,https://www.youtube.com/watch?v=6v8tFqWvC14,0,0,0,,0,0,0,0,
8ad7e8cd45e040f797cf2f1fa9d68976,165,5687,37,15,159,https://www.youtube.com/watch?v=thn3JSkJgJs,41,15,159,https://www.youtube.com/watch?v=thn3JSkJgJs,11,11,11,https://www.youtube.com/watch?v=P7zyeNpJVM4,0,0,0,0,
604dc5a26bb54f3d8a69c9df659d23d7,165,4991,0,0,0,,0,0,0,,0,0,0,,802,25,23,45,https://www.twitch.tv/videos/2750857918
64677f13935847cca3e2e6670a89d9a8,164,1086,22,9,32,https://www.youtube.com/watch?v=47ecIXRkmuw,22,9,32,https://www.youtube.com/watch?v=47ecIXRkmuw,0,0,0,,428,42,35,42,https://www.twitch.tv/videos/2755044693
c08ae8d7412d407c8b233f6e445d081c,164,3347,1,0,87,https://www.youtube.com/watch?v=rWf6pDaG6MM,0,0,0,,1,0,87,https://www.youtube.com/watch?v=rWf6pDaG6MM,719,38,33,63,https://www.twitch.tv/videos/2758172712
1e62a729ec51448aa89d22adde18b214,163,35064,65,38,583,https://www.youtube.com/watch?v=RrKuYAjvujc,50,38,162,https://www.youtube.com/watch?v=sc30jGWeyAI,76,36,583,https://www.youtube.com/watch?v=RrKuYAjvujc,0,0,0,0,
ad6455da071543ab88cd4855a11cf39b,162,6156,20,12,36,https://www.youtube.com/watch?v=mZgwNGHPC34,20,12,36,https://www.youtube.com/watch?v=mZgwNGHPC34,0,0,0,,0,0,0,0,
3475b2087d9a4d799c10bd3ac5f45437,160,887,27,4,27,https://www.youtube.com/watch?v=bRGs-Zgon7o,0,0,0,,27,4,27,https://www.youtube.com/watch?v=bRGs-Zgon7o,1153,0,0,0,
949f184abcc84a82b8e9f333b41a2109,160,9404,5,2,28,https://www.youtube.com/watch?v=E34A-1Gfw9s,0,0,0,,5,2,28,https://www.youtube.com/watch?v=E34A-1Gfw9s,2455,960,363,1537,https://www.twitch.tv/videos/2738905371
d93ec185504e45e2894865980da489a9,159,2685,10,5,54,https://www.youtube.com/watch?v=tCuBFRYRQ5I,0,0,0,,10,5,54,https://www.youtube.com/watch?v=tCuBFRYRQ5I,1716,242,182,386,https://www.twitch.tv/videos/2747945211
6481e646412745d3b2fa38255cef0da4,159,7819,238,61,292,https://www.youtube.com/watch?v=_JzAWJHYa68,0,0,0,,238,61,292,https://www.youtube.com/watch?v=_JzAWJHYa68,558,80,58,127,https://www.twitch.tv/videos/2754310370
bad9c0bc10404089a32d6b4b8346fc0e,157,86210,17,8,26,https://www.youtube.com/watch?v=LBrFWlOssbA,17,8,26,https://www.youtube.com/watch?v=LBrFWlOssbA,0,0,0,,0,0,0,0,
5aca9ae61bba473b96998fee811d155e,157,29040,378,152,700,https://www.youtube.com/watch?v=_lmpb4ildQg,20,10,20,https://www.youtube.com/watch?v=fmYxpF77XC4,495,156,700,https://www.youtube.com/watch?v=_lmpb4ildQg,0,0,0,0,
290bbaa329eb45b1a267bfd7e35c3b14,156,9075,0,0,0,,0,0,0,,0,0,0,,460,21,15,30,https://www.twitch.tv/videos/2750253447
fe1731a49d43440391f571347747604c,155,2571,0,0,0,,0,0,0,,0,0,0,,1276,118,101,127,https://www.twitch.tv/videos/2755108353
46821555a7af41e4aa70fe0fabd8a4f6,155,7305,0,0,0,,0,0,0,,0,0,0,,669,82,59,108,https://www.twitch.tv/videos/2755538753
3442df03030941b0933077faf6a75c6a,154,9783,0,0,0,,0,0,0,,0,0,0,,630,76,55,120,https://www.twitch.tv/videos/2747886560
dc97af965a4942d281cc7365805233f1,154,3213,0,0,0,,0,0,0,,0,0,0,,68,17,13,17,https://www.twitch.tv/videos/2756520444
67c533576c474a0d9897f62964cef71c,154,4524,0,0,0,,0,0,0,,0,0,0,,304,84,54,154,https://www.twitch.tv/videos/2756532630
a8bee4c680a54cf29b34d90bf7230ab1,153,2794,0,0,0,,0,0,0,,0,0,0,,1902,265,167,265,https://www.twitch.tv/videos/2750146574
4d96aeef13f949e19026682e337db138,153,3234,0,0,0,,0,0,0,,0,0,0,,2646,166,137,229,https://www.twitch.tv/videos/2757403440
edfed5b0978a4fb98f94319bfc639d98,153,1198,0,0,0,,0,0,0,,0,0,0,,1052,309,239,1170,https://www.twitch.tv/videos/2750006809
6a915915ad2a4d29b524ebd50f2dbbe4,152,1517,0,0,0,,0,0,0,,0,0,0,,1594,0,0,0,
f958b1a87ecd4bfab42ba0d1443bfa61,152,9912,5,1,11,https://www.youtube.com/watch?v=eSQAHsQwOF4,6,2,11,https://www.youtube.com/watch?v=ymbmwSFTUWw,2,0,11,https://www.youtube.com/watch?v=eSQAHsQwOF4,526,97,51,97,https://www.twitch.tv/videos/2747802426
fced951d6a344a27b59e422984ead36d,150,27027,36,20,154,https://www.youtube.com/watch?v=3PkXrGaLe00,53,30,53,https://www.youtube.com/watch?v=LHou4mVZg9s,19,10,154,https://www.youtube.com/watch?v=3PkXrGaLe00,0,0,0,0,
68fd874932e3457989d88d4f7f474260,149,7765,34,19,1200,https://www.youtube.com/watch?v=6ksiGhil-1M,30,16,125,https://www.youtube.com/watch?v=_CFb4PSXvmg,532,288,1200,https://www.youtube.com/watch?v=6ksiGhil-1M,72,37,27,175,https://www.twitch.tv/videos/2750914541
41e1aa0eab8d4ec5a4010833581f5b92,149,2748,0,0,0,,0,0,0,,0,0,0,,87,0,0,0,
eabec2cff9fb48cdb79965d77a56f47d,149,8850,69,19,738,https://www.youtube.com/watch?v=6q3tR7ZWXsM,63,17,175,https://www.youtube.com/watch?v=HhD3NCze8y0,117,59,738,https://www.youtube.com/watch?v=6q3tR7ZWXsM,0,0,0,0,
68671ee09add4d87b8038acebc5b48a4,149,1040,3,1,21,https://www.youtube.com/watch?v=_LzT-_fK9-4,0,0,0,,3,1,21,https://www.youtube.com/watch?v=_LzT-_fK9-4,954,118,79,198,https://www.twitch.tv/videos/2750310354
98fd913e544f4725afdd28ad05f3e737,145,12225,0,0,0,,0,0,0,,0,0,0,,0,0,0,0,
06f1c7339e1c47ecb69ea7385f4635a1,145,32786,702,329,1623,https://www.youtube.com/watch?v=jlvCcLpYMTw,0,0,0,,702,329,1623,https://www.youtube.com/watch?v=jlvCcLpYMTw,367,178,128,274,https://www.twitch.tv/videos/2748599926
521d3e3d5e6e410aababfb8f290749b6,145,2477,1,0,1,https://www.youtube.com/watch?v=MDW_Iu83lhw,0,0,0,,1,0,1,https://www.youtube.com/watch?v=MDW_Iu83lhw,369,0,0,0,
46a16e41f2af4523adeb4556f2e0b0d5,145,3271,0,0,0,,0,0,0,,0,0,0,,8435,0,0,0,
e6d7ea2833a1477aab8dfa3d4f4936fb,144,4455,0,0,0,,0,0,0,,0,0,0,,1439,174,147,373,https://www.twitch.tv/videos/2750991758
8b1758159f754a3a8d7f26dcf12c008f,143,7026,0,0,0,,0,0,0,,0,0,0,,0,0,0,0,
240c765d12ae40ab85e53fb39eb22b03,143,2601,0,0,0,,0,0,0,,0,0,0,,4421,42,27,549,https://www.twitch.tv/videos/2757344343
4ec87ced65c74722927e8fd3f219a653,143,3192,0,0,0,,0,0,0,,0,0,0,,222,0,0,0,
2d3deb7610dd4329ba77597dfdd13043,143,19617,554,54,1052,https://www.youtube.com/watch?v=uD7A0V6uHMQ,0,0,0,,554,54,1052,https://www.youtube.com/watch?v=uD7A0V6uHMQ,1890,200,92,607,https://www.twitch.tv/videos/2741242805
7ccac8385e2d41f69aab04b7f2b23cac,143,5210,0,0,0,,0,0,0,,0,0,0,,1361,0,0,0,
a84b1b6deabc462b9cf994fd02304b5b,143,864,0,0,0,,0,0,0,,0,0,0,,1691,29,17,29,https://www.twitch.tv/videos/2749594630
2f2a88438aee4a5e842f186bcdc05128,142,12103,522,50,2040,https://www.youtube.com/watch?v=ySBV2-LUBKM,0,0,0,,522,50,2040,https://www.youtube.com/watch?v=ySBV2-LUBKM,71,0,0,0,
c8672ebbfe37442788c48d9a8399fc7b,142,24943,0,0,0,,0,0,0,,0,0,0,,860,210,155,345,https://www.twitch.tv/videos/2753520275
f55b426f2ceb419d964d1d1bcd3860e9,141,7040,0,0,0,,0,0,0,,0,0,0,,0,0,0,0,
eac3578c689d48b493103c11e2b16c5e,141,15895,0,0,0,,0,0,0,,0,0,0,,909,215,200,215,https://www.twitch.tv/videos/2757454256
1ea0189fc3ce47fb9461b6cab10d78fe,140,2882,0,0,0,,0,0,0,,0,0,0,,147,0,0,0,
3040b4d9d4374815a4e0af0c887a42fc,139,16807,0,0,0,,0,0,0,,0,0,0,,1247,1579,1002,1579,https://www.twitch.tv/videos/2750162335
061fa27713ec453ebf41c21eb58b7719,138,2110,0,0,0,,0,0,0,,0,0,0,,0,0,0,0,
135224fe261040639a802804b52f22db,137,0,0,0,0,,0,0,0,,0,0,0,,632,0,0,0,
a1a4762aa1eb4d95be1c0c7a528a8336,136,9882,1,0,7,https://www.youtube.com/watch?v=1Bj4QlIzjaU,0,0,0,,1,0,7,https://www.youtube.com/watch?v=1Bj4QlIzjaU,1855,189,133,189,https://www.twitch.tv/videos/2752015884
e739323b76994f8abcca757db52a440d,134,8013,44,40,44,https://www.youtube.com/watch?v=g5LrOHRkl4w,44,40,44,https://www.youtube.com/watch?v=g5LrOHRkl4w,0,0,0,,0,0,0,0,
5fdd1d15cf404c918b0f697baff04218,133,29602,1371,421,3288,https://www.youtube.com/watch?v=ggQ0bOFIsKw,0,0,0,,1371,421,3288,https://www.youtube.com/watch?v=ggQ0bOFIsKw,2554,561,488,1124,https://www.twitch.tv/videos/2751075059
fd638ba6820241d1b3367afab0c6ab3e,133,9902,0,0,0,,0,0,0,,0,0,0,,0,0,0,0,
fe1bd62313574733ab86c1a56b7143ab,133,0,0,0,0,,0,0,0,,0,0,0,,1555,0,0,0,
c9e933e250e747f88f8cbf4857ec7f3b,131,131,0,0,0,,0,0,0,,0,0,0,,2951,791,613,1821,https://www.twitch.tv/videos/2751664008
f42472ba115a480ab309612af9ae29cf,131,4630,24,4,39,https://www.youtube.com/watch?v=Bw453vJAxws,24,4,39,https://www.youtube.com/watch?v=Bw453vJAxws,0,0,0,,0,0,0,0,
b18dea7632bc49db974a22d6eb6660fb,130,3652,9,7,11,https://www.youtube.com/watch?v=CiOYzLYNvIs,0,0,0,,9,7,11,https://www.youtube.com/watch?v=CiOYzLYNvIs,404,43,29,44,https://www.twitch.tv/videos/2752696491
afb9c6f2f93040d0a0227405b9d17bde,130,221274,566,198,1804,https://www.youtube.com/watch?v=sAUP5mH9xTE,0,0,0,,566,198,1804,https://www.youtube.com/watch?v=sAUP5mH9xTE,424,83,70,182,https://www.twitch.tv/videos/2749287867
c85822960da341bb8f5323219b233bd1,129,8972,0,0,0,,0,0,0,,0,0,0,,0,0,0,0,
2928a7d5624e4af8b1331eabae6bda17,129,2670,2,0,3,https://www.youtube.com/watch?v=k2wFfHf7VNY,0,0,0,,2,0,3,https://www.youtube.com/watch?v=k2wFfHf7VNY,729,14,11,43,https://www.twitch.tv/videos/2749477145
453db6575b094b388ba2ae38e7ff2c51,128,15444,0,0,0,,0,0,0,,0,0,0,,674,96,78,125,https://www.twitch.tv/videos/2756856649
74d00f89697a43e6801463c71fb37172,126,18316,194,60,2398,https://www.youtube.com/watch?v=C4bHFlsQBbM,84,25,96,https://www.youtube.com/watch?v=TQyu34u_rWE,480,86,2398,https://www.youtube.com/watch?v=C4bHFlsQBbM,33,0,0,0,
3b7dac5e2bdb4c08a139e18ef7f6f7e5,126,7189,0,0,0,,0,0,0,,0,0,0,,644,20,16,40,https://www.twitch.tv/videos/2752523529
f09a7c3155a047c98f155434b2634ecf,125,3901,0,0,0,,0,0,0,,0,0,0,,392,0,0,0,
a1d3d37caa68474288b903f309db32a1,124,8941,4,3,5,https://www.youtube.com/watch?v=8L2zkxD3vvg,4,3,5,https://www.youtube.com/watch?v=8L2zkxD3vvg,0,0,0,,0,0,0,0,
9b6ebeb957fe4fed84a5472b6b3bd13c,122,16984,4,3,4,https://www.youtube.com/watch?v=AgBZzlSPFxA,0,0,0,,4,3,4,https://www.youtube.com/watch?v=AgBZzlSPFxA,1191,173,136,539,https://www.twitch.tv/videos/2758023076
09b00ccde152498b808efe7317bd52f0,122,1431,0,0,0,,0,0,0,,0,0,0,,2860,0,0,0,
350b440f9436415c8499526d4c6f3dfd,121,3977,0,0,0,,0,0,0,,0,0,0,,1724,212,128,238,https://www.twitch.tv/videos/2748712270
577251897dc7463393b68c5b6f96559b,121,6662,5,3,7,https://www.youtube.com/watch?v=n1bkbR9Cun0,0,0,0,,5,3,7,https://www.youtube.com/watch?v=n1bkbR9Cun0,680,171,134,634,https://www.twitch.tv/videos/2748607603
fef1577c0352446c8e371b9fd9e7cc73,120,8625,0,0,2,https://www.youtube.com/watch?v=UdXQNqE7fP8,0,0,0,,0,0,2,https://www.youtube.com/watch?v=UdXQNqE7fP8,121,10,8,19,https://www.twitch.tv/videos/2750247818
8064b5c85fc64d10ae3e9d3a4c0dfd8f,119,1172,0,0,0,,0,0,0,,0,0,0,,2755,0,0,0,
8b5d6e9353ba46789fa6a2cfd94f69b2,119,4234,3,0,11,https://www.youtube.com/watch?v=qjtlEf2xCkI,0,0,0,,3,0,11,https://www.youtube.com/watch?v=qjtlEf2xCkI,130,14,10,18,https://www.twitch.tv/videos/2754805886
9a7b047b85ae4227af74a0e200c3abc9,118,16438,605,523,1229,https://www.youtube.com/watch?v=qPIP53B0pG4,0,0,0,,605,523,1229,https://www.youtube.com/watch?v=qPIP53B0pG4,759,45,32,74,https://www.twitch.tv/videos/2757996904
6c66740fc44a4a489e7a67ac93dd274e,118,1433,0,0,0,,0,0,0,,0,0,0,,414,0,0,0,
5a60a41d2a604bc68368158cd0b1cc12,118,9545,0,0,2,https://www.youtube.com/watch?v=hJohYzgCKW8,0,0,0,,0,0,2,https://www.youtube.com/watch?v=hJohYzgCKW8,636,69,50,116,https://www.twitch.tv/videos/2751897463
16e0b967de004b45b5c10302382ad43e,118,1894,0,0,0,,0,0,0,,0,0,0,,531,37,34,62,https://www.twitch.tv/videos/2755711487
e93b2dd2339a422f8ab3d21c9d95161c,116,2471,0,0,0,,0,0,0,,0,0,0,,503,32,27,65,https://www.twitch.tv/videos/2753279695
063fe3c0ae714b4ea4edaf79bda5dda0,115,494,0,0,0,,0,0,0,,0,0,0,,2094,280,230,457,https://www.twitch.tv/videos/2750188516
a2847bd09f954df794fb9289d6a96dae,115,4080,176,85,327,https://www.youtube.com/watch?v=EOg0fxV27YA,0,0,0,,176,85,327,https://www.youtube.com/watch?v=EOg0fxV27YA,636,90,61,193,https://www.twitch.tv/videos/2748568679
b9a09f50375248aebc3d6afdb7f5adf6,114,2013,0,0,0,,0,0,0,,0,0,0,,833,0,0,0,
1daf23905a3d4aa9a59273e563e33382,113,6582,0,0,0,,0,0,0,,0,0,0,,1825,0,0,0,
12286b61ae55499b8c60101a4625b089,113,6633,0,0,0,,0,0,0,,0,0,0,,314,0,0,0,
822b9b7a9eca49df9bfd617a19b274b0,113,2732,30,9,55,https://www.youtube.com/watch?v=aVqLiQVn4BI,30,9,55,https://www.youtube.com/watch?v=aVqLiQVn4BI,0,0,0,,0,0,0,0,
4ead521cd6a04a5aa1b2739f252ac9d1,111,1747,0,0,0,,0,0,0,,0,0,0,,260,60,35,134,https://www.twitch.tv/videos/2751856395
6358ea21f673491fab72d62494b2225f,110,3817,532,255,950,https://www.youtube.com/watch?v=lnW52cKubzY,0,0,0,,532,255,950,https://www.youtube.com/watch?v=lnW52cKubzY,523,275,209,635,https://www.twitch.tv/videos/2756543980
dd9bf471b0304627877f38daaec5407b,109,599,0,0,0,,0,0,0,,0,0,0,,940,67,54,68,https://www.twitch.tv/videos/2757383021
821713a01e5a4f1787926fb48dbf7302,109,7562,31,20,76,https://www.youtube.com/watch?v=yt9XFCxsm5E,31,20,76,https://www.youtube.com/watch?v=yt9XFCxsm5E,0,0,0,,0,0,0,0,
77364942d7f24440bbde8efa71c724df,109,6818,0,0,0,,0,0,0,,0,0,0,,634,24,20,81,https://www.twitch.tv/videos/2750290362
965ff8a77ab845aaac693d9c7a56f82d,108,7494,0,0,0,,0,0,0,,0,0,0,,674,130,76,192,https://www.twitch.tv/videos/2750955557
8868dd9b4d75481397fd841b8ef6c55d,107,2285,0,0,0,,0,0,0,,0,0,0,,13,0,0,0,
a127ff7335ae467d961641bcf84f1e2f,107,9332,0,0,0,,0,0,0,,0,0,0,,2155,204,158,229,https://www.twitch.tv/videos/2755795405
f10dc84fab2a41d385c2553b0f1d788b,106,4292,0,0,0,,0,0,0,,0,0,0,,619,79,64,175,https://www.twitch.tv/videos/2748614062
1406aeb0ef48430bab0b939a29609394,106,2117,971,903,1365,https://www.youtube.com/watch?v=OxgY_g5_U2U,0,0,0,,971,903,1365,https://www.youtube.com/watch?v=OxgY_g5_U2U,0,0,0,0,
1af37b5945cf40019107583a3c6537ea,105,635,0,0,0,,0,0,0,,0,0,0,,2663,432,327,599,https://www.twitch.tv/videos/2755833909
a2e9afb364e84d48acbdc77441ad17a7,104,7860,1165,387,1569,https://www.youtube.com/watch?v=iGkS46pveVc,0,0,0,,1165,387,1569,https://www.youtube.com/watch?v=iGkS46pveVc,545,35,29,36,https://www.twitch.tv/videos/2754333851
0a9f3befc55d447fbc9fa1e54ba0dd8e,103,0,0,0,0,,0,0,0,,0,0,0,,135,0,0,0,
fede6fee793048f1a576cab38a6bd414,103,6252,0,0,0,,0,0,0,,0,0,0,,2290,57,40,98,https://www.twitch.tv/videos/2749413469
2d25a18a83af462a8d4062e162017a1a,102,5102,7,3,7,https://www.youtube.com/watch?v=s75SuCI_V0o,0,0,0,,7,3,7,https://www.youtube.com/watch?v=s75SuCI_V0o,495,0,0,0,
ca65749ceff346fd971c24b0461f18d9,102,8277,0,0,0,,0,0,0,,0,0,0,,618,0,0,0,
06d173cf0b3f4369bcfb4b4270bd59e3,100,293,0,0,0,,0,0,0,,0,0,0,,220,110,80,378,https://www.twitch.tv/videos/2749286426
53b98a4bbf49419fb4516525846d4d35,100,483,0,0,0,,0,0,0,,0,0,0,,1818,0,0,0,
25ebd185190b42d993d961d7c795b444,100,2681,0,0,0,,0,0,0,,0,0,0,,2356,0,0,0,
08d8f03223a54fb3807d49fb7c30b434,100,3956,61,34,1482,https://www.youtube.com/watch?v=5Ke-hWQEcTo,60,32,235,https://www.youtube.com/watch?v=iHt5SrFv2Ss,460,318,1482,https://www.youtube.com/watch?v=5Ke-hWQEcTo,23,143,133,143,https://www.twitch.tv/videos/2757493801
7f7b426bf3fb463388a1dd8ddb02a0be,99,1964,0,0,0,,0,0,0,,0,0,0,,92,0,0,0,
f35a552c958c4e798cac3bff3f5fff2b,99,676,0,0,0,,0,0,0,,0,0,0,,677,0,0,0,
ba27c499a50f4cac87e6e5b94da18292,98,1981,0,0,0,,0,0,0,,0,0,0,,1314,492,345,898,https://www.twitch.tv/videos/2757583365
67784d7c61af482780ab0558083fcd1e,95,3035,0,0,0,,0,0,0,,0,0,0,,360,11,7,15,https://www.twitch.tv/videos/2750183699
7d5666a446d14da29b95ba8ecf3fc4b6,95,11756,0,0,0,,0,0,0,,0,0,0,,0,0,0,0,
ef36201df30f43ba9efbd573f9a6d9b7,94,13642,0,0,0,,0,0,0,,0,0,0,,413,165,134,310,https://www.twitch.tv/videos/2751067180
6b21f41580a64cc7ab15d219a612723b,94,0,0,0,0,,0,0,0,,0,0,0,,4513,0,0,0,
33ce96c886d341879ce66c4f7892c421,93,57624,171,90,1344,https://www.youtube.com/watch?v=dIRTqt2SJEU,0,0,0,,171,90,1344,https://www.youtube.com/watch?v=dIRTqt2SJEU,670,183,152,354,https://www.twitch.tv/videos/2751711446
ede21f904daf4a9b978efe15b0d9a31f,93,10053,0,0,0,,0,0,0,,0,0,0,,1932,252,186,252,https://www.twitch.tv/videos/2752769196
2bb0e68d998d4b2bbfc79557a233fb33,91,10157,23,11,207,https://www.youtube.com/watch?v=PNUw5Xihh-c,23,11,207,https://www.youtube.com/watch?v=PNUw5Xihh-c,0,0,0,,104,13,11,28,https://www.twitch.tv/videos/2756664168
34e73d1959694451b938ff53d98f9cec,86,717,30,16,30,https://www.youtube.com/watch?v=VYz6b_hFbdc,0,0,0,,30,16,30,https://www.youtube.com/watch?v=VYz6b_hFbdc,368,67,49,84,https://www.twitch.tv/videos/2755758185
cf100db6a3dc4010b32802b75f5abc14,85,1083,11,5,157,https://www.youtube.com/watch?v=KHpbRFK8oL4,20,12,76,https://www.youtube.com/watch?v=Jr7RgMHq9ho,4,2,157,https://www.youtube.com/watch?v=KHpbRFK8oL4,0,0,0,0,
32ae564b306c42cab2e1a4a8a9d6adfe,85,1054,0,0,0,,0,0,0,,0,0,0,,1282,0,0,0,
904e3c91b4e1427f9b2d69f69aa3b13c,84,13851,33,16,39,https://www.youtube.com/watch?v=0qmt0ReMEyM,33,16,39,https://www.youtube.com/watch?v=0qmt0ReMEyM,0,0,0,,0,0,0,0,
9523dedfc79a4f99b18461ff40586307,84,22000,214,213,214,https://www.youtube.com/watch?v=-Z_leumd_js,0,0,0,,214,213,214,https://www.youtube.com/watch?v=-Z_leumd_js,0,0,0,0,
e4348f08ee98429eb6143ecbac088f1a,83,2494,27,21,81,https://www.youtube.com/watch?v=aqJNTW1a4Ho,22,17,28,https://www.youtube.com/watch?v=4lzna1e9UMM,27,25,81,https://www.youtube.com/watch?v=aqJNTW1a4Ho,0,0,0,0,
9f9bfcbf980b43bcb00c03261439d18d,83,1319,0,0,0,,0,0,0,,0,0,0,,43,0,0,0,
c6d0078f1d5e4fd08a459c7eecd85464,80,19776,153,63,785,https://www.youtube.com/watch?v=lKFK7tsj9hI,33,20,91,https://www.youtube.com/watch?v=_szex1aJz5k,376,120,785,https://www.youtube.com/watch?v=lKFK7tsj9hI,0,0,0,0,
4c3e3e5338ae44feae581bbdffa8b811,79,11116,0,0,0,,0,0,0,,0,0,0,,217,0,0,0,
6bf231719d5e485fa0cdee99905858d4,79,1642,0,0,0,,0,0,0,,0,0,0,,710,197,131,429,https://www.twitch.tv/videos/2756555920
12ece01ae7004e9195e79309f0cdae40,78,284,0,0,0,,0,0,0,,0,0,0,,2553,0,0,0,
39ff9dd2c91841b6b8c719d71b7bdb11,77,6970,0,0,0,,0,0,0,,0,0,0,,293,159,138,390,https://www.twitch.tv/videos/2754230247
a7c42dc3d080425b9e979100a59d955c,77,4368,0,0,0,,0,0,0,,0,0,0,,309,0,0,0,
3fd5cac9e94144ad9a298e46c5472792,75,1550,65,38,65,https://www.youtube.com/watch?v=oi2bDdv3uMo,0,0,0,,65,38,65,https://www.youtube.com/watch?v=oi2bDdv3uMo,0,0,0,0,
105bfceb9747425eb58622b6ebccf920,75,1032,0,0,0,,0,0,0,,0,0,0,,369,0,0,0,
188108fa6e2e41afb060e4038e49d4ab,75,2554,0,0,0,,0,0,0,,0,0,0,,711,0,0,0,
1ef73c1e25b04bce98a9a5e475826d57,73,0,0,0,0,,0,0,0,,0,0,0,,0,0,0,0,
28e6f7c12a3b45899e7508058f926af9,73,12364,90,89,90,https://www.youtube.com/watch?v=DiKHAAVuFb0,0,0,0,,90,89,90,https://www.youtube.com/watch?v=DiKHAAVuFb0,1619,97,41,125,https://www.twitch.tv/videos/2736364700
eff26caff6bd4720957cefaf8f6fc87a,73,5720,0,0,0,,0,0,0,,0,0,0,,1256,234,141,416,https://www.twitch.tv/videos/2749746930
ee77ed51da394f02b72c33756b155eac,72,4734,7,3,28,https://www.youtube.com/watch?v=3bwa4sOgwB8,0,0,0,,7,3,28,https://www.youtube.com/watch?v=3bwa4sOgwB8,756,58,37,71,https://www.twitch.tv/videos/2755818639
ce1d3cace1cf4ec799c8846c8c2a6d48,71,236,0,0,0,,0,0,0,,0,0,0,,2299,771,333,1682,https://www.twitch.tv/videos/2740518654
a5be52423e2f46b8bbad4a56c7f1d5e5,70,1420,3,1,4,https://www.youtube.com/watch?v=x25DZH_aU60,0,0,0,,3,1,4,https://www.youtube.com/watch?v=x25DZH_aU60,1292,246,151,437,https://www.twitch.tv/videos/2758292394
2c2db11a23aa43298ab96e60a20692d7,67,1600,0,0,0,,0,0,0,,0,0,0,,1482,0,0,0,
70ab761191014a39b7d090541f785cd2,67,3093,52,7,1295,https://www.youtube.com/watch?v=JfWgqbgp4Wo,0,0,0,,52,7,1295,https://www.youtube.com/watch?v=JfWgqbgp4Wo,91,59,31,59,https://www.twitch.tv/videos/2747876261
43d785b8082f43138988dacd0236bb67,66,0,0,0,0,,0,0,0,,0,0,0,,437,0,0,0,
22f16847ee064b1bafd9bbe15bd31284,66,2910,695,514,1539,https://www.youtube.com/watch?v=xl6g7qHJtUY,0,0,0,,695,514,1539,https://www.youtube.com/watch?v=xl6g7qHJtUY,685,84,54,273,https://www.twitch.tv/videos/2752551991
4eb87102a0f44516a6ed011faeeff00d,66,0,0,0,0,,0,0,0,,0,0,0,,1518,0,0,0,
1645f4035c9b42019c61d630fc75d5e0,66,853,0,0,0,,0,0,0,,0,0,0,,92,0,0,0,
061fb9c63b7e45bb85ea7e6bd4fe3745,65,4271,26,20,26,https://www.youtube.com/watch?v=MPvkRKgA0yA,0,0,0,,26,20,26,https://www.youtube.com/watch?v=MPvkRKgA0yA,218,52,35,52,https://www.twitch.tv/videos/2751584865
51fc95cfca444f03abe9a50acf8f85e6,65,3536,0,0,0,,0,0,0,,0,0,0,,1326,219,147,2769,https://www.twitch.tv/videos/2757105401
94bda3c948ac4e74ad5c3592c1d284ac,65,782,1,0,3,https://www.youtube.com/watch?v=UNxgnLb-z-I,0,0,0,,1,0,3,https://www.youtube.com/watch?v=UNxgnLb-z-I,130,0,0,0,
4d8e2a0b44bc475da5d9688b668c782d,65,196,0,0,0,,0,0,0,,0,0,0,,279,0,0,0,
b2d32948347e4c6c9afa8f813e626aae,65,5726,16,4,1949,https://www.youtube.com/watch?v=1kjYiREnpS8,13,3,16,https://www.youtube.com/watch?v=hqDsXDapVss,1949,1574,1949,https://www.youtube.com/watch?v=1kjYiREnpS8,0,0,0,0,
ff170a57c74545c7977b64a6d82981af,64,9095,22,12,418,https://www.youtube.com/watch?v=C03NL1-Nd1M,18,9,43,https://www.youtube.com/watch?v=eSsYu3A9jsI,111,37,418,https://www.youtube.com/watch?v=C03NL1-Nd1M,0,0,0,0,
c7f53f2fbdbe4db488629ab4d738a16a,64,4337,0,0,0,,0,0,0,,0,0,0,,698,116,112,379,https://www.twitch.tv/videos/2757301095
d6a769b7bf6b49f08adf3e1136d86c7e,63,16531,0,0,0,,0,0,0,,0,0,0,,900,0,0,0,
f9d27b07ff84433b8397b0587f339e27,63,9355,0,0,0,,0,0,0,,0,0,0,,192,25,15,56,https://www.twitch.tv/videos/2746255411
e2448cc1f0df41b08247cb7a51119a67,61,676,127,71,127,https://www.youtube.com/watch?v=Zt40ikC7Y68,0,0,0,,127,71,127,https://www.youtube.com/watch?v=Zt40ikC7Y68,698,0,0,0,
889b220891694985b7373aa2732a0263,61,423,0,0,0,,0,0,0,,0,0,0,,538,101,61,167,https://www.twitch.tv/videos/2751142104
a9ada11d61114319885597db6a0725fb,61,316,0,0,0,,0,0,0,,0,0,0,,649,39,29,39,https://www.twitch.tv/videos/2753353810
5718a7998f6249eeba0bf087da51c1c0,60,18535,1556,1306,1556,https://www.youtube.com/watch?v=ZvKESWfLg9w,0,0,0,,1556,1306,1556,https://www.youtube.com/watch?v=ZvKESWfLg9w,583,124,106,482,https://www.twitch.tv/videos/2752471331
8723ccecdfd84d92b1de24f9d6a86bcc,59,4156,1296,1199,1296,https://www.youtube.com/watch?v=81u8rZMiT3w,0,0,0,,1296,1199,1296,https://www.youtube.com/watch?v=81u8rZMiT3w,3417,569,328,1173,https://www.twitch.tv/videos/2754924643
dda9d5733f5f49f4aa77f147640040c3,59,438,0,0,0,,0,0,0,,0,0,0,,948,0,0,0,
a73103b226f34098bb5d4cd00b86d2f6,59,2144,0,0,0,,0,0,0,,0,0,0,,251,0,0,0,
359bb9450c49401da7b002980d4f97df,57,217,0,0,0,,0,0,0,,0,0,0,,986,0,0,0,
ef13ede8525d49339887c3bf54b08acc,56,1203,38,15,65,https://www.youtube.com/watch?v=hPQX2f9HWac,38,15,65,https://www.youtube.com/watch?v=hPQX2f9HWac,0,0,0,,46,0,0,0,
e4488c7dece84f7580bc0ab130222e08,56,7219,0,0,0,,0,0,0,,0,0,0,,913,83,48,83,https://www.twitch.tv/videos/2749022231
5d27ac4b9342450990a299e95818bbb0,55,2079,0,0,0,,0,0,0,,0,0,0,,0,0,0,0,
6bb236447ed9412a98c9b2d7c9069e10,55,13135,0,0,0,,0,0,0,,0,0,0,,1979,234,182,427,https://www.twitch.tv/videos/2752503113
130a4d6105464e518a8a3eed336b4101,54,674,0,0,0,,0,0,0,,0,0,0,,1000,0,0,0,
f8e4654549304ea9933e02c2dcf48aae,53,0,0,0,0,,0,0,0,,0,0,0,,575,0,0,0,
e3b9c06f64d84a0dabb3e97c0caacaca,53,14942,488,45,945,https://www.youtube.com/watch?v=B0flPuy7lR0,0,0,0,,488,45,945,https://www.youtube.com/watch?v=B0flPuy7lR0,0,0,0,0,
b3e0bc9dd06f4774b492e6d50dd92be2,52,83,0,0,0,,0,0,0,,0,0,0,,252,34,21,34,https://www.twitch.tv/videos/2750206535
c06b6f1eb79d41ecb17aaaf80e035daa,52,0,0,0,0,,0,0,0,,0,0,0,,2054,499,384,966,https://www.twitch.tv/videos/2753506192
591a7323f0134cf2929e75d959f21f68,51,93,4,0,4,https://www.youtube.com/watch?v=E9XmUEJlaxM,4,0,4,https://www.youtube.com/watch?v=E9XmUEJlaxM,0,0,0,,1249,326,302,514,https://www.twitch.tv/videos/2757437463
2a25c205cc374cbeb8c8ccfe988ec9cc,51,792,0,0,0,,0,0,0,,0,0,0,,1468,183,127,326,https://www.twitch.tv/videos/2755729373
74acc3b3c4db41d2a13cce887ad2a856,50,3226,0,0,0,,0,0,0,,0,0,0,,1483,0,0,0,
889b2fb6c9ea47a99834061b47251a4b,49,1867,4,1,223,https://www.youtube.com/watch?v=DwoiUuixWzA,0,0,0,,4,1,223,https://www.youtube.com/watch?v=DwoiUuixWzA,370,56,48,64,https://www.twitch.tv/videos/2755040762
f5f22d1a091143798bfc7fac1211183c,49,662,285,31,506,https://www.youtube.com/watch?v=YqQnRvY9lBA,0,0,0,,285,31,506,https://www.youtube.com/watch?v=YqQnRvY9lBA,124,34,24,34,https://www.twitch.tv/videos/2752065055
f86ec6a459f64e7d8431c69b1d7ec28b,49,666,31,17,134,https://www.youtube.com/watch?v=XnW5Fdw4Rlo,31,17,134,https://www.youtube.com/watch?v=XnW5Fdw4Rlo,0,0,0,,36,33,28,43,https://www.twitch.tv/videos/2754283605
80692e12416048be8396526bdb9c3040,49,1712,0,0,0,,0,0,0,,0,0,0,,526,0,0,0,
255a5e79f9d14e6492d741b95f78cb7c,48,1066,25,13,26,https://www.youtube.com/watch?v=8xH4OhE0wy4,25,13,26,https://www.youtube.com/watch?v=8xH4OhE0wy4,0,0,0,,2262,85,55,99,https://www.twitch.tv/videos/2749072266
0ddb6eca94604d4da0665e90fbbe366f,48,1187,0,0,0,,0,0,0,,0,0,0,,154,27,19,53,https://www.twitch.tv/videos/2747847986
d9f302ca07b54664a88124d64442abac,47,7980,8,4,8,https://www.youtube.com/watch?v=Q-qLOFn8X6Y,0,0,0,,8,4,8,https://www.youtube.com/watch?v=Q-qLOFn8X6Y,131,14,6,18,https://www.twitch.tv/videos/2751899981
3691abedd6a7487d9995943b3df5c843,47,0,0,0,0,,0,0,0,,0,0,0,,251,0,0,0,
3098e045fa844093a3731b19665e9462,47,425,0,0,0,,0,0,0,,0,0,0,,754,0,0,0,
cb470bbb5a8f468a8a15b08757309d74,46,2284,0,0,0,,0,0,0,,0,0,0,,489,166,115,292,https://www.twitch.tv/videos/2758120429
68c50e424b2148478c74effaacfdeae3,46,594,0,0,0,,0,0,0,,0,0,0,,245,95,63,297,https://www.twitch.tv/videos/2755753727
359d60ab5abb445a8477a50781acc050,46,2288,1935,555,1935,https://www.youtube.com/watch?v=vOteZsskVI4,0,0,0,,1935,555,1935,https://www.youtube.com/watch?v=vOteZsskVI4,0,0,0,0,
df02d1a89bc74c928c825773996bbb7b,46,2020,0,0,0,,0,0,0,,0,0,0,,1430,346,229,377,https://www.twitch.tv/videos/2751127530
676db89cb8a9483486442231b615b46f,45,8208,0,0,0,,0,0,0,,0,0,0,,126,0,0,0,
40fca873cd074b01baa8f9b006f50d00,44,12501,0,0,0,,0,0,0,,0,0,0,,0,0,0,0,
a0e7c7e7702b4e81a5fecc4090814236,44,16899,14,7,155,https://www.youtube.com/watch?v=snlxv4FufsE,0,0,0,,14,7,155,https://www.youtube.com/watch?v=snlxv4FufsE,147,136,107,222,https://www.twitch.tv/videos/2748691700
07b6c0dad3114eca9e903fd5725cc4e8,43,269,0,0,0,,0,0,0,,0,0,0,,172,43,27,51,https://www.twitch.tv/videos/2750155075
4e5a8a6380764f9b9f28732968e4aac8,43,314,0,0,0,,0,0,0,,0,0,0,,515,69,61,152,https://www.twitch.tv/videos/2751636928
9e121751e3774a15bdf9ccfab7eb7faf,43,472,0,0,0,,0,0,0,,0,0,0,,1054,168,103,297,https://www.twitch.tv/videos/2757400342
c8be9c7ed05442dcb2b278dc5a6bc1de,40,10813,0,0,0,,0,0,0,,0,0,0,,184,49,34,67,https://www.twitch.tv/videos/2752718259
2e2a6c392c024bb2a68b681bc210c187,39,5760,3,1,249,https://www.youtube.com/watch?v=YWFGhn0iVyk,0,0,0,,3,1,249,https://www.youtube.com/watch?v=YWFGhn0iVyk,282,69,46,69,https://www.twitch.tv/videos/2751036002
54f2f567fdac423c80dad4b29a4372db,39,5634,0,0,0,,0,0,0,,0,0,0,,95,43,34,78,https://www.twitch.tv/videos/2757296823
e04b970f339243258cb0dc0c5735274a,38,1043,0,0,0,,0,0,0,,0,0,0,,0,0,0,0,
78b333b99eb242ad96a8ee82275a0e98,38,5796,38,19,1639,https://www.youtube.com/watch?v=9QJMJlnZ6Kk,15,0,18,https://www.youtube.com/watch?v=2GRSI08_cPU,121,119,1639,https://www.youtube.com/watch?v=9QJMJlnZ6Kk,0,0,0,0,
6bcb75418dd24274b2fe4b8e60a94999,37,3902,0,0,0,,0,0,0,,0,0,0,,385,0,0,0,
b9d51a073b4542ac800bd7c9e38d0902,37,1243,0,0,0,,0,0,0,,0,0,0,,229,0,0,0,
73273454c7b4453a834a74701826e0b8,37,576,0,0,0,,0,0,0,,0,0,0,,851,0,0,0,
9ff652451cbd4ad098bf20dd9748ce12,37,4,0,0,0,,0,0,0,,0,0,0,,2157,25,17,60,https://www.twitch.tv/videos/2756169979
7360e8cae69b4d4fbe91510c776b1c5e,37,3137,0,0,4,https://www.youtube.com/watch?v=7crdEVHVDeY,0,0,0,,0,0,4,https://www.youtube.com/watch?v=7crdEVHVDeY,225,47,35,94,https://www.twitch.tv/videos/2752664177
285655d636d54fb6b3d23c92401545cf,36,4866,0,0,0,,0,0,0,,0,0,0,,0,0,0,0,
d95abd62958c4081a999660b995d72ce,36,0,0,0,0,,0,0,0,,0,0,0,,0,0,0,0,
c68bc0ba32f14d9b8669b0594435b68b,36,349,0,0,0,,0,0,0,,0,0,0,,203,23,19,26,https://www.twitch.tv/videos/2756762182
0b53549edaf5490ca350ef17aee7b8b9,36,197,0,0,0,,0,0,0,,0,0,0,,536,29,17,35,https://www.twitch.tv/videos/2752706990
0eba942738504c8182c861668195c39e,36,0,0,0,0,,0,0,0,,0,0,0,,477,0,0,0,
6d6b6d6e7b4b464bb093c9d34cee9754,33,591,0,0,0,,0,0,0,,0,0,0,,346,0,0,0,
0cb217f7775543eb9c5aac3b9df75a86,32,18233,0,0,0,,0,0,0,,0,0,0,,735,70,63,103,https://www.twitch.tv/videos/2751014683
b8495fc4bb174140acf0ebd7d64fe044,29,2751,0,0,0,,0,0,0,,0,0,0,,2876,291,202,291,https://www.twitch.tv/videos/2751758773
e3ee9544e190459d9bc2bdf3c1ccde7b,29,3885,1,0,15,https://www.youtube.com/watch?v=2kMjvrACm7M,0,0,0,,1,0,15,https://www.youtube.com/watch?v=2kMjvrACm7M,778,102,77,144,https://www.twitch.tv/videos/2749400671
9f976a39c1fa4e6dae3ed11b771ef918,29,701,9,3,46,https://www.youtube.com/watch?v=92LzO7iyLrM,9,3,46,https://www.youtube.com/watch?v=92LzO7iyLrM,3,0,10,https://www.youtube.com/watch?v=ANxWeFgoIPs,55,29,20,100,https://www.twitch.tv/videos/2755777595
6c52137d373a45d58eafc0d52253dcf8,28,0,0,0,0,,0,0,0,,0,0,0,,1120,405,328,528,https://www.twitch.tv/videos/2751016819
0b165d46f9164557b16678383820ee04,27,0,0,0,0,,0,0,0,,0,0,0,,707,0,0,0,
1ee3effc49074de1ba98b10a13df2d10,27,680,0,0,0,,0,0,0,,0,0,0,,266,0,0,0,
50c9dbd2624f41408f2b6a9ccf61e447,26,501,0,0,0,,0,0,0,,0,0,0,,289,0,0,0,
59216a033f2b47128d190a5ed1add217,25,11,0,0,0,,0,0,0,,0,0,0,,257,8,5,8,https://www.twitch.tv/videos/2752008004
d4cd6eee95774ca389aebf3e783a8cd8,25,258,0,0,0,,0,0,0,,0,0,0,,480,56,37,109,https://www.twitch.tv/videos/2754154665
bf2a683536dd447c83b75340e3db3b0a,23,1871,0,0,0,,0,0,0,,0,0,0,,149,0,0,0,
5a59b23a201f4b2d8729b0f4b33c9e6b,22,1907,0,0,0,,0,0,0,,0,0,0,,127,26,20,34,https://www.twitch.tv/videos/2755805186
5454ccf6c8ee496296e7084081863575,22,350,8,3,16,https://www.youtube.com/watch?v=LYSNdz6guiw,7,3,7,https://www.youtube.com/watch?v=hU9vcQ3VbUk,9,4,16,https://www.youtube.com/watch?v=LYSNdz6guiw,4,0,0,0,
173423093026403dbd1443e56c47b3db,21,827,0,0,43,https://www.youtube.com/watch?v=5mvGLT1xTB0,0,0,0,,0,0,43,https://www.youtube.com/watch?v=5mvGLT1xTB0,369,27,20,56,https://www.twitch.tv/videos/2750202716
fae9210539d44a39a2a275b8d53cae37,18,3561,13,5,1487,https://www.youtube.com/watch?v=zXxY--_EcYE,51,13,60,https://www.youtube.com/watch?v=VoRdH5tAHfk,9,3,1487,https://www.youtube.com/watch?v=zXxY--_EcYE,13,47,40,68,https://www.twitch.tv/videos/2757493948
a6815e229f914db2a936ad70c285cea2,17,1279,0,0,0,,0,0,0,,0,0,0,,458,17,14,17,https://www.twitch.tv/videos/2755870170
0886366d9cb8424e90fd8b3e12dcc0af,16,1343,0,0,0,,0,0,0,,0,0,0,,1458,462,352,920,https://www.twitch.tv/videos/2748333024
1e90b55b0e0b483d971e0c1fe02c750c,14,115,0,0,0,,0,0,0,,0,0,0,,0,0,0,0,
156fb169c746493bb50c813f20c4d1a8,13,118,2,1,2,https://www.youtube.com/watch?v=D6Ns0OJ-P7g,2,1,2,https://www.youtube.com/watch?v=D6Ns0OJ-P7g,0,0,0,,49,20,18,30,https://www.twitch.tv/videos/2757567600
65a64befb1d84a1a85fe6ffe0abb09b4,13,0,0,0,0,,0,0,0,,0,0,0,,8,0,0,0,
43436bf839424d238cc24ec8d90eb83c,13,1342,0,0,0,,0,0,0,,0,0,0,,13,0,0,0,
ead3db33c54e411baa75a4bad3b48aee,13,80,0,0,0,,0,0,0,,0,0,0,,1614,48,34,65,https://www.twitch.tv/videos/2748647545
83cdbb34376a45a086a9dac3bc5ccb9a,12,0,0,0,0,,0,0,0,,0,0,0,,17,17,14,17,https://www.twitch.tv/videos/2755913866
fd183b51115b4fefaf8ff3388d40acb3,12,30,0,0,0,,0,0,0,,0,0,0,,470,0,0,0,
0a07165e6a2f45ab9b6c96debba1f079,10,0,0,0,0,,0,0,0,,0,0,0,,195,168,145,566,https://www.twitch.tv/videos/2755717234
e3b45528947e48a4b68964369bb69e00,9,1576,12,6,23,https://www.youtube.com/watch?v=oTfp_u32mZ8,23,12,23,https://www.youtube.com/watch?v=oTfp_u32mZ8,2,1,2,https://www.youtube.com/watch?v=dotHFpTM-lc,252,40,31,58,https://www.twitch.tv/videos/2758278370
b46cdde6e23343d5b5a9cfd115286e26,9,79,0,0,0,,0,0,0,,0,0,0,,114,57,42,69,https://www.twitch.tv/videos/2751056649
e2c0d3ba19244f75888e5dbe1881d22f,5,7,0,0,0,,0,0,0,,0,0,0,,1290,209,147,1043,https://www.twitch.tv/videos/2758160186
19fdf3885dcf4d45bdf768a6f3fd99b4,4,85,0,0,0,,0,0,0,,0,0,0,,585,0,0,0,
2af6cb0e15ce4839ba711b47608d4f4d,0,0,0,0,0,,0,0,0,,0,0,0,,4022,493,368,535,https://www.twitch.tv/videos/2750260998
091175f48e6c4ead84a2811cb3f22560,0,0,0,0,0,,0,0,0,,0,0,0,,108,0,0,0,
a5b71bba2a2347a080ae3443d5ef47d5,0,0,0,0,0,,0,0,0,,0,0,0,,850,0,0,0,
1a95bb88e451498ca3491b69af964588,0,0,0,0,0,,0,0,0,,0,0,0,,36892,4052,1180,11274,https://www.twitch.tv/videos/2750875975
880137f60dc842b98862f5b86ba8d94d,0,0,0,0,0,,0,0,0,,0,0,0,,711,62,40,62,https://www.twitch.tv/videos/2750870482
cfc7bcf869514c70a5091672d3acb031,0,0,0,0,0,,0,0,0,,0,0,0,,399,103,74,103,https://www.twitch.tv/videos/2752524975
89e97a0dc5844cf88fe30a25f347aac0,0,0,0,0,0,,0,0,0,,0,0,0,,216,219,169,361,https://www.twitch.tv/videos/2758257626
e53606f1bf0c4059b1226b6c2e037fd0,0,0,0,0,0,,0,0,0,,0,0,0,,883,0,0,0,
4fadb90960a844daab26191bb158d3a3,0,0,0,0,0,,0,0,0,,0,0,0,,3288,0,0,0,
6908430ccb204a1b9d95ee7a1711cae3,0,0,0,0,0,,0,0,0,,0,0,0,,2581,0,0,0,
16896dffcb474d7aa21540c944a2f7de,0,0,0,0,0,,0,0,0,,0,0,0,,3300,1962,973,81743,https://www.twitch.tv/videos/2742131606
fc7fa0c5a7604cc8a420ee89472fcac3,0,0,0,0,0,,0,0,0,,0,0,0,,1117,61,34,90,https://www.twitch.tv/videos/2748653039
4c42b9f574e7438d8aea8b099e451505,0,0,0,0,0,,0,0,0,,0,0,0,,1152,98,73,103,https://www.twitch.tv/videos/2756727036
2ffed40199d64b8f83668479fb6fd8ed,0,0,0,0,0,,0,0,0,,0,0,0,,245,0,0,0,
288d3972d3164ee595228b8a5959ac00,0,0,0,0,0,,0,0,0,,0,0,0,,3011,0,0,0,
e4421bd8d15848c09fa4ad4df162c858,0,0,0,0,0,,0,0,0,,0,0,0,,362,0,0,0,
22eea06367f4430d816e38dfb68a26cf,0,0,0,0,0,,0,0,0,,0,0,0,,995,0,0,0,
6c7336d4605540c6871de5f96874129c,0,0,0,0,0,,0,0,0,,0,0,0,,24172,2485,1548,52869,https://www.twitch.tv/videos/2750812191
8024d67e25454783a698e5ecf2c4dc67,0,0,0,0,0,,0,0,0,,0,0,0,,577,120,70,167,https://www.twitch.tv/videos/2749558731
8cbfffe3cac54065be4149b03b680d87,0,0,0,0,0,,0,0,0,,0,0,0,,579,0,0,0,
eeefa43ecaf74f7b822dde3f0e7683d4,0,0,0,0,0,,0,0,0,,0,0,0,,2118,128,64,183,https://www.twitch.tv/videos/2756519197
f84598913e654789a80556fd38388dfb,0,0,0,0,0,,0,0,0,,0,0,0,,1520,112,82,112,https://www.twitch.tv/videos/2752649963
ec045a49833c4c2fa7b7012ca7544e18,0,0,0,0,0,,0,0,0,,0,0,0,,1696,0,0,0,
2996488b9f454fb3a42c17ab292ac63c,0,0,0,0,0,,0,0,0,,0,0,0,,502,118,95,189,https://www.twitch.tv/videos/2752825855
e34f7c6a99ea4780b2351de111e222e6,0,0,0,0,0,,0,0,0,,0,0,0,,275,175,113,219,https://www.twitch.tv/videos/2751103432
921d25072caf403ea797c3d5f61f84cf,0,0,0,0,0,,0,0,0,,0,0,0,,1822,0,0,0,
f0bc26cfe4a8451d863a8d8cbd6313ed,0,0,0,0,0,,0,0,0,,0,0,0,,6,0,0,0,
be1a18aa8599409ba250e5345e62fed6,0,0,0,0,0,,0,0,0,,0,0,0,,2126,245,32,312,https://www.twitch.tv/videos/2737957333
b6519fbc0d6941d4b43ce1742a14b0b2,0,0,0,0,0,,0,0,0,,0,0,0,,717,0,0,0,
057faa70622247bd933959412bbeb667,0,0,0,0,0,,0,0,0,,0,0,0,,1083,0,0,0,
7cd55e03d87c4c77843a437ec0703670,0,0,0,0,0,,0,0,0,,0,0,0,,3029,0,0,0,
3840a44ffffd48098bdfc16c4ee537bb,0,0,0,0,0,,0,0,0,,0,0,0,,2905,0,0,0,
d91ffcc2823f4121a2caa347a8c2a507,0,0,0,0,0,,0,0,0,,0,0,0,,873,36,27,42,https://www.twitch.tv/videos/2756795338
f5034a946bf249c780a864c19efda669,0,0,0,0,0,,0,0,0,,0,0,0,,415,20,17,33,https://www.twitch.tv/videos/2748596425
cad8c81461ac41c887bdf3617ccdaee6,0,0,0,0,0,,0,0,0,,0,0,0,,1126,0,0,0,
0495c29470d143fa99819123878186b7,0,0,0,0,0,,0,0,0,,0,0,0,,5507,0,0,0,
4fcbdf1b0a384ee58733b1e852edefa5,0,0,0,0,0,,0,0,0,,0,0,0,,990,0,0,0,
02fa128da7cc4f3aab0f1c5ee356f342,0,0,0,0,0,,0,0,0,,0,0,0,,506,112,90,230,https://www.twitch.tv/videos/2756602108
ad2aef5af5074f14af7f6ddf7899743a,0,0,0,0,0,,0,0,0,,0,0,0,,2035,0,0,0,
a5773880b0f040a9abbecacf3eb0eb29,0,0,0,0,0,,0,0,0,,0,0,0,,2438,0,0,0,
5b62816b7dee4c13856f3c21629be3c4,0,0,0,0,0,,0,0,0,,0,0,0,,24553,2650,896,4471,https://www.twitch.tv/videos/2736179884
e94cfb3c71d94965bfc98f135bfd2f14,0,0,0,0,0,,0,0,0,,0,0,0,,763,395,234,1204,https://www.twitch.tv/videos/2746121912
4e5f0c7c5f1f49c2b1d249b10225cabb,0,0,0,0,0,,0,0,0,,0,0,0,,43118,3181,1723,5435,https://www.twitch.tv/videos/2746992015
60cc7f18c0fe438280af5a81b31eb923,0,0,0,0,0,,0,0,0,,0,0,0,,3839,428,235,40233,https://www.twitch.tv/videos/2756653980
9c85aee2166449c395c18b0bc06f89e2,0,0,0,0,0,,0,0,0,,0,0,0,,350,0,0,0,
d30a2d88bd2146a8870209e98004e0f0,0,0,0,0,0,,0,0,0,,0,0,0,,1971,720,364,1079,https://www.twitch.tv/videos/2757335614
e353f482c5be4887838ea9fdf802ad91,0,0,0,0,0,,0,0,0,,0,0,0,,3568,136,105,136,https://www.twitch.tv/videos/2753634801
4cb08241fbce4905a83ed02de6a1af9c,0,0,0,0,0,,0,0,0,,0,0,0,,7532,2029,868,5449,https://www.twitch.tv/videos/2756056767
ba562aad440d483e988d3ce7e7217c94,0,0,0,0,0,,0,0,0,,0,0,0,,36647,9611,4777,18009,https://www.twitch.tv/videos/2752567774
4dd7cfc58ae54c1fa6211ba9b1c607ec,0,0,0,0,0,,0,0,0,,0,0,0,,1730,458,274,696,https://www.twitch.tv/videos/2749159617
fdb4872691864af8825511a6d0c72895,0,0,0,0,0,,0,0,0,,0,0,0,,425,195,157,437,https://www.twitch.tv/videos/2757706055
326e21d5b6e7446698969bbd8be1b564,0,0,0,0,0,,0,0,0,,0,0,0,,2397,122,80,122,https://www.twitch.tv/videos/2750926649
fe62d50e41af4aa29c3e2b0cfc62fb3d,0,0,0,0,0,,0,0,0,,0,0,0,,984,196,182,505,https://www.twitch.tv/videos/2750942883
ed1b68a3184d466bb17b3c3363fad948,0,0,0,0,0,,0,0,0,,0,0,0,,812,15,11,27,https://www.twitch.tv/videos/2751777908
6a963053004f4deaa0dbdf875db41879,0,0,0,0,0,,0,0,0,,0,0,0,,673,28,23,46,https://www.twitch.tv/videos/2750909694
59152798bfa74acb8bad10346fd10d69,0,0,0,0,0,,0,0,0,,0,0,0,,1044,415,311,866,https://www.twitch.tv/videos/2751684382
c099b7e8d46c418d8e17097d496f3b83,0,0,0,0,0,,0,0,0,,0,0,0,,3474,787,331,1486,https://www.twitch.tv/videos/2749285440
d804bcd787db4333bca9dccd268ed32a,0,0,0,0,0,,0,0,0,,0,0,0,,3621,805,535,1660,https://www.twitch.tv/videos/2755719684
644e669aa31443fe9a61a14e75ebd21e,0,0,0,0,0,,0,0,0,,0,0,0,,7478,480,272,1124,https://www.twitch.tv/videos/2737703851
6a6547a3f19d4870a6f11b88c60a5296,0,0,0,0,0,,0,0,0,,0,0,0,,3584,221,86,278,https://www.twitch.tv/videos/2742064127
d3f5c739727041bbb2151e96d9368bae,0,0,0,0,0,,0,0,0,,0,0,0,,407,214,157,425,https://www.twitch.tv/videos/2748314583
f8ade397837d42f7a9167e0d4f20fc56,0,0,0,0,0,,0,0,0,,0,0,0,,2698,0,0,0,
88526add0348499c95bd5838a5f35989,0,0,0,0,0,,0,0,0,,0,0,0,,1788,216,163,347,https://www.twitch.tv/videos/2758331245
228427b15b964f1396b5a7b5eb224a21,0,0,0,0,0,,0,0,0,,0,0,0,,55,0,0,0,
66c8fc624de94d8e8af4325e41ce7c34,0,0,0,0,0,,0,0,0,,0,0,0,,1371,387,166,1064,https://www.twitch.tv/videos/2739633987
83f96fd6cab64f4da581c50cd2a31b82,0,0,0,0,0,,0,0,0,,0,0,0,,4053,0,0,0,
256252fdd3d1437995088c56e674fcf0,0,0,0,0,0,,0,0,0,,0,0,0,,1081,86,54,86,https://www.twitch.tv/videos/2750232107
ed051ffc6cd643c287a678fea774e644,0,0,0,0,0,,0,0,0,,0,0,0,,2719,0,0,0,
389c752acb964aeda95f36098fd37ef0,0,0,0,0,0,,0,0,0,,0,0,0,,1591,0,0,0,
4f1ccc5966a847308552b2c7b05e18dc,0,0,0,0,0,,0,0,0,,0,0,0,,27,6,4,6,https://www.twitch.tv/videos/2753888477
e698befe9649448885d93094cd4dc6a9,0,0,0,0,0,,0,0,0,,0,0,0,,3921,582,459,980,https://www.twitch.tv/videos/2754245114
32aabdc7b41144a8b1bd28954cd3278c,0,0,0,0,0,,0,0,0,,0,0,0,,1546,0,0,0,
242326a56b0d4ca7a37c08a8fc2be138,0,0,0,0,0,,0,0,0,,0,0,0,,794,155,106,358,https://www.twitch.tv/videos/2754129953
bf277797951346fe991c27c79a6c5081,0,0,0,0,0,,0,0,0,,0,0,0,,9498,674,255,1115,https://www.twitch.tv/videos/2736240350
e32a4d49fba7459fbdf9e242288fa18c,0,0,0,0,0,,0,0,0,,0,0,0,,4970,305,226,452,https://www.twitch.tv/videos/2749271828
99c240d0c1a047b4a4e017d764a54c62,0,0,0,0,0,,0,0,0,,0,0,0,,442,150,100,196,https://www.twitch.tv/videos/2749217212
55e9448a0a9040f99dc8ea1cf86cbad5,0,0,0,0,0,,0,0,0,,0,0,0,,1369,0,0,0,
e18c43e19e9b4fc8af0cdc24c33ae476,0,0,0,0,0,,0,0,0,,0,0,0,,2502,0,0,0,
36beb36f581f44d393dcf0af2b194789,0,0,0,0,0,,0,0,0,,0,0,0,,6371,433,240,1507,https://www.twitch.tv/videos/2750757135
afa3e309e41044c5bffe17466607d481,0,0,0,0,0,,0,0,0,,0,0,0,,32472,18388,9752,30069,https://www.twitch.tv/videos/2740551799
0572bddb85b24166820f34f39164f99c,0,0,0,0,0,,0,0,0,,0,0,0,,795,160,149,160,https://www.twitch.tv/videos/2757493002
555fe6a78fdb4d8b9fa8a286377972e8,0,0,0,0,0,,0,0,0,,0,0,0,,1129,721,645,1528,https://www.twitch.tv/videos/2755857161
a17fcdf32a124beba3fba16299aed2b3,0,0,0,0,0,,0,0,0,,0,0,0,,8559,747,287,1281,https://www.twitch.tv/videos/2738796753
107fac8e77f74af8ba95491ae9492642,0,0,0,0,0,,0,0,0,,0,0,0,,478,0,0,0,
b1f8da62ceca4089a4e7115624be25bc,0,0,0,0,0,,0,0,0,,0,0,0,,1939,2121,1525,4813,https://www.twitch.tv/videos/2754752675
a3a1caa89669445db63f22b9a3af88b0,0,0,0,0,0,,0,0,0,,0,0,0,,1206,0,0,0,
06337167c1a14d82b6a7f7cc71eac813,0,0,0,0,0,,0,0,0,,0,0,0,,846,0,0,0,
6ec708afd89043b682eb82dacc36c3c9,0,0,0,0,0,,0,0,0,,0,0,0,,1072,0,0,0,
31f4c00be9eb41a1a6be0356614048fd,0,0,0,0,0,,0,0,0,,0,0,0,,3621,95,29,288,https://www.twitch.tv/videos/2734644028
b053612876e04de488a32893a19f4b08,0,0,0,0,0,,0,0,0,,0,0,0,,339,74,48,106,https://www.twitch.tv/videos/2756667663
c2777df3c8d341f4a1f0bb9cda8d9365,0,0,0,0,0,,0,0,0,,0,0,0,,1682,0,0,0,
59904dcbea754d238b0710e75262d119,0,0,0,0,0,,0,0,0,,0,0,0,,624,36,34,36,https://www.twitch.tv/videos/2758323391
a0ba9fee8a7747cab74e98ed61fb4a68,0,0,0,0,0,,0,0,0,,0,0,0,,1203,173,132,216,https://www.twitch.tv/videos/2753329496
3a2199639669433faff0591468bcfa10,0,0,0,0,0,,0,0,0,,0,0,0,,1144,0,0,0,
1addf96267ac494bb73c9e6f6e1793b8,0,0,0,0,0,,0,0,0,,0,0,0,,2692,0,0,0,
305290c734e94a74881ae46c49ea18c4,0,0,0,0,0,,0,0,0,,0,0,0,,7036,2455,666,3495,https://www.twitch.tv/videos/2734818966
daa0d327175a43dc9bb627bc6db7de56,0,0,0,0,0,,0,0,0,,0,0,0,,1335,78,58,425,https://www.twitch.tv/videos/2747851821
c8c9028316b44ae9a1ac302337862085,0,0,0,0,0,,0,0,0,,0,0,0,,442,72,44,81,https://www.twitch.tv/videos/2750968954
dbabd28a98cf447189088251a5b973d4,0,0,0,0,0,,0,0,0,,0,0,0,,253,0,0,0,
31a4ca5b5d554c13902eff32302e5eb9,0,0,0,0,0,,0,0,0,,0,0,0,,1956,294,245,852,https://www.twitch.tv/videos/2756375217
480aca28939a4eb5bf558a710e21709c,0,0,0,0,0,,0,0,0,,0,0,0,,2910,125,109,410,https://www.twitch.tv/videos/2751618511
c29bc8bf78dd417980491f19333c8fa2,0,0,0,0,0,,0,0,0,,0,0,0,,12958,0,0,0,
fa59e2edc64c432ebaeeb66b2a53ab2d,0,0,0,0,0,,0,0,0,,0,0,0,,4651,1482,676,4399,https://www.twitch.tv/videos/2748464574
7dd086a606284ba6b7b584f8b00dc190,0,0,0,0,0,,0,0,0,,0,0,0,,401,35,24,47,https://www.twitch.tv/videos/2751035267
9ca05592c52f42649191751f18cb70e6,0,0,0,0,0,,0,0,0,,0,0,0,,2652,139,121,201,https://www.twitch.tv/videos/2756681441
cda9668f324445a7bd507094ad6946b8,0,0,0,0,0,,0,0,0,,0,0,0,,419,41,21,41,https://www.twitch.tv/videos/2747825327
8c2f8700978045ec86bf1ade1b3e650b,0,0,0,0,0,,0,0,0,,0,0,0,,775,44,32,225,https://www.twitch.tv/videos/2756147296
9e64bba43928414884503de36f805c48,0,0,0,0,0,,0,0,0,,0,0,0,,34269,7813,3186,11747,https://www.twitch.tv/videos/2737063230
828ab4c66f5f43f298d237374a266b7e,0,0,0,0,0,,0,0,0,,0,0,0,,2956,348,202,717,https://www.twitch.tv/videos/2738771401
76489786a22c4162970f9c288157db6b,0,0,0,0,0,,0,0,0,,0,0,0,,1849,167,143,302,https://www.twitch.tv/videos/2758797950
3de6bc82438b451abf5ebe76a366be24,0,0,0,0,0,,0,0,0,,0,0,0,,3695,0,0,0,
3cfc2b54a543469b92a95ff1e3f1da54,0,0,0,0,0,,0,0,0,,0,0,0,,1625,0,0,0,
