V5##VTuber ID,YouTube Subscriber Count,YouTube View Count,YouTube Recent Total Median View Count,YouTube Recent Total Popularity,YouTube Recent Total Highest View Count,YouTube Recent Total Highest Viewed URL,YouTube Recent Livestream Median View Count,YouTube Recent Livestream Popularity,YouTube Recent Livestream Highest View Count,YouTube Recent Livestream Highest Viewed URL,YouTube Recent Video Median View Count,YouTube Recent Video Popularity,YouTube Recent Video Highest View Count,YouTube Recent Video Highest Viewed URL,Twitch Follower Count,Twitch Recent Median View Count,Twitch Recent Popularity,Twitch Recent Highest View Count,Twitch Recent Highest Viewed URL
1c5619a4ece046dd8ba68ed343489ca3,545000,134263911,54873,24963,259685,https://www.youtube.com/watch?v=ttB6AD5FKHU,3850,1646,3850,https://www.youtube.com/watch?v=Kt9SUxRjhOA,71183,29425,259685,https://www.youtube.com/watch?v=ttB6AD5FKHU,32820,0,0,0,
f6a4e7aa8d0c4e5cb39d199845ec4d02,447000,64730291,9817,3646,59583,https://www.youtube.com/watch?v=XNBbtNp5Vo8,3545,56,3617,https://www.youtube.com/watch?v=ytuPjMF4cEU,14202,7386,59583,https://www.youtube.com/watch?v=XNBbtNp5Vo8,121999,16154,7901,78260,https://www.twitch.tv/videos/2745222674
5535c9524eb046c38e172ebfa06b302f,399000,130736859,12034,4530,96648,https://www.youtube.com/watch?v=FMObqdfAJeg,8872,4366,84765,https://www.youtube.com/watch?v=uQmRg2-Sh-k,12989,4695,96648,https://www.youtube.com/watch?v=FMObqdfAJeg,74297,2040,639,4072,https://www.twitch.tv/videos/2740511756
664e1b310cf343b78623f99b31e40fae,395000,56894524,0,0,0,,0,0,0,,0,0,0,,17067,0,0,0,
d837e8fda137492c9d77882b98ff863a,336000,157896294,105486,24185,1276902,https://www.youtube.com/watch?v=m14-DLOkqgw,20365,9767,466270,https://www.youtube.com/watch?v=MCLMJJ_puTY,289052,77352,1276902,https://www.youtube.com/watch?v=m14-DLOkqgw,53436,11980,10207,34095,https://www.twitch.tv/videos/2748524812
182da09d8d454f37a52ec546cbb35e39,315000,68896054,30367,14544,492356,https://www.youtube.com/watch?v=fIlTRqG-3OQ,8500,3344,30233,https://www.youtube.com/watch?v=7Hk4ph8GqEU,51923,22102,492356,https://www.youtube.com/watch?v=fIlTRqG-3OQ,4992,0,0,0,
897400f2658a483286ca6acc927006ca,237000,38768871,13705,7601,740033,https://www.youtube.com/watch?v=2MFxqHgLKZE,1223,273,2311,https://www.youtube.com/watch?v=bqLhRnvK6vA,21175,11617,740033,https://www.youtube.com/watch?v=2MFxqHgLKZE,10563,575,340,614,https://www.twitch.tv/videos/2746062478
abd64c9a64e04fb1b23faa2480c1c106,227000,78090806,4489,1638,27452,https://www.youtube.com/watch?v=k0hBZLoAPck,2529,1643,3592,https://www.youtube.com/watch?v=CWpinfjWWw4,4842,1638,27452,https://www.youtube.com/watch?v=k0hBZLoAPck,2321,103,52,103,https://www.twitch.tv/videos/2746143502
4b6b055ada4d4f0ab63b7ad02a3fa3ef,225000,18849091,1268,250,1938,https://www.youtube.com/watch?v=K0dwXwCUXcY,1268,250,1938,https://www.youtube.com/watch?v=K0dwXwCUXcY,0,0,0,,56047,1386,752,2508,https://www.twitch.tv/videos/2747798931
a9f6574e98f34b20a05269134930fb50,221000,9875857,4298,1863,5848,https://www.youtube.com/watch?v=zWvzj1bSA8g,4298,1863,5848,https://www.youtube.com/watch?v=zWvzj1bSA8g,0,0,0,,0,0,0,0,
7c06b9e316ce4ac18ce836cd72442bbe,219000,64519734,6232,2654,25525,https://www.youtube.com/watch?v=Ylcrcp0J54E,6087,2499,10525,https://www.youtube.com/watch?v=IOxT48R2-00,11270,3779,25525,https://www.youtube.com/watch?v=Ylcrcp0J54E,57112,3998,2438,10622,https://www.twitch.tv/videos/2752648878
c04f006e69e04000a68cd0c41f888eb2,218000,14294398,4472,2916,6716,https://www.youtube.com/watch?v=3rGRMVntczY,4472,2916,6716,https://www.youtube.com/watch?v=3rGRMVntczY,0,0,0,,0,0,0,0,
312fdd3c5e6d4aefa73fd3860ecc5613,192000,35145715,12938,6847,34026,https://www.youtube.com/watch?v=8HZky4WBjuI,15181,9165,22312,https://www.youtube.com/watch?v=AllV9QdrgyM,10459,6494,34026,https://www.youtube.com/watch?v=8HZky4WBjuI,24333,12295,4730,176492,https://www.twitch.tv/videos/2751034012
265a18972d244affae35711cfd1f9931,181000,21052266,4112,1735,25060,https://www.youtube.com/watch?v=cw6pZvUqvxM,3672,1641,23116,https://www.youtube.com/watch?v=mEJhgmNENM4,7984,1786,25060,https://www.youtube.com/watch?v=cw6pZvUqvxM,18700,2400,861,6869,https://www.twitch.tv/videos/2741259223
c65e7caaf81a43249d5132b9fe312b24,181000,15220525,8653,4357,15489,https://www.youtube.com/watch?v=QMeUaEcVDJs,8653,4357,15489,https://www.youtube.com/watch?v=QMeUaEcVDJs,0,0,0,,0,0,0,0,
e93bd1102e214cbaa71cc5b2e4a53595,180000,36222689,13859,4870,39194,https://www.youtube.com/watch?v=duvz_7c6hNw,13074,4870,21051,https://www.youtube.com/watch?v=zlRzb3iDgn4,27669,13493,39194,https://www.youtube.com/watch?v=duvz_7c6hNw,88777,32876,16422,70850,https://www.twitch.tv/videos/2736278991
3f4650e05ceb41008bd16869780b7af1,154000,72690431,43734,11713,162783,https://www.youtube.com/watch?v=M6qn_OZa-4U,9281,3226,13747,https://www.youtube.com/watch?v=BroGEqgKpT8,74172,25986,162783,https://www.youtube.com/watch?v=M6qn_OZa-4U,0,0,0,0,
f110fd69b66941bab04de9ada563c6ac,153000,18316904,3366,1112,6962,https://www.youtube.com/watch?v=F2HetsEEYCo,3366,1112,6962,https://www.youtube.com/watch?v=F2HetsEEYCo,4396,1024,6372,https://www.youtube.com/watch?v=0qIFajsRy7I,14419,4028,1676,21246,https://www.twitch.tv/videos/2743581136
bafb134fd2f849898d6242d1f5f683cc,145000,25424057,5434,2434,388645,https://www.youtube.com/watch?v=GYY6aDgyuWE,3084,1570,20194,https://www.youtube.com/watch?v=bq8-M96hxMs,20396,11306,388645,https://www.youtube.com/watch?v=GYY6aDgyuWE,44861,0,0,0,
6dc75ab227e34c928598bde8f2d324bf,140000,40212726,9286,4990,142070,https://www.youtube.com/watch?v=OOpqNudaWi8,7533,4040,11974,https://www.youtube.com/watch?v=U4pCYnUUueQ,78829,19782,142070,https://www.youtube.com/watch?v=OOpqNudaWi8,0,0,0,0,
0641a9c8b9a94994aaa33e0c86fef75b,136000,32223686,10179,2314,105295,https://www.youtube.com/watch?v=Mbs-DgOdP-w,3935,1413,15102,https://www.youtube.com/watch?v=bW-DRIa35Bs,17145,7116,105295,https://www.youtube.com/watch?v=Mbs-DgOdP-w,8098,0,0,0,
fa5a7cdc259543259af42bb23f1e4041,135000,35460579,5808,2155,164023,https://www.youtube.com/watch?v=ZBvhu1H8ruQ,2199,1481,11223,https://www.youtube.com/watch?v=t1mAlL23xKc,14274,6674,164023,https://www.youtube.com/watch?v=ZBvhu1H8ruQ,0,0,0,0,
a3ce195c0069494c99849d0b1a10a7fd,132000,16841950,5050,1644,55288,https://www.youtube.com/watch?v=yXt700MVjm4,2466,1295,15298,https://www.youtube.com/watch?v=NUNMS7prItk,12075,5338,55288,https://www.youtube.com/watch?v=yXt700MVjm4,27362,2706,2329,3891,https://www.twitch.tv/videos/2754239427
58abad4aa8de49efb785367503dfd92c,131000,17739020,0,0,0,,0,0,0,,0,0,0,,0,0,0,0,
494d2c5daf9f4a8a8e4538687e6be14c,127000,6277713,3258,1434,8424,https://www.youtube.com/watch?v=r9S1KeLPkpc,2678,1346,5557,https://www.youtube.com/watch?v=NeFqrBmqraY,6330,3796,8424,https://www.youtube.com/watch?v=r9S1KeLPkpc,0,0,0,0,
b41844198887422fb52cb928a272cbc8,125000,48637532,0,0,0,,0,0,0,,0,0,0,,0,0,0,0,
f1b5f88144e14bd188e17b2f98303713,123000,5001721,4244,679,4296,https://www.youtube.com/watch?v=zZX_orzo8Gs,4244,679,4296,https://www.youtube.com/watch?v=zZX_orzo8Gs,0,0,0,,0,0,0,0,
e78cffa246c24a1c88031151cad8c385,120000,10877351,2326,869,14978,https://www.youtube.com/watch?v=SvYh7OeTaJc,1040,754,1357,https://www.youtube.com/watch?v=YyvJaQpSp8M,8408,3190,14978,https://www.youtube.com/watch?v=SvYh7OeTaJc,4591,2383,1608,5236,https://www.twitch.tv/videos/2747639960
ab4f892ca62e4043b6287bdfe50b145d,117000,20986286,1902,617,22581,https://www.youtube.com/watch?v=i16VMskURus,1083,617,2620,https://www.youtube.com/watch?v=-FMDyHibgmE,12529,516,22581,https://www.youtube.com/watch?v=i16VMskURus,1488,0,0,0,
a9b855767b2d432c9f263e3427ff33a6,113000,16342792,7037,2623,20686,https://www.youtube.com/watch?v=UKEFCevjqdo,3543,1973,16340,https://www.youtube.com/watch?v=9L0gZSLo9To,9551,5756,20686,https://www.youtube.com/watch?v=UKEFCevjqdo,0,0,0,0,
b4a1791208fd4d85b7b08ee2bad0c236,110000,17855849,18696,7750,68015,https://www.youtube.com/watch?v=xE1g-_Ruhnk,5229,2333,17047,https://www.youtube.com/watch?v=NWB_MF7DR60,28977,12398,68015,https://www.youtube.com/watch?v=xE1g-_Ruhnk,0,0,0,0,
9cec24b011ee45648eb404066c997f49,108000,19445144,6768,3842,39374,https://www.youtube.com/watch?v=I7_XaF8TthI,6108,3147,14614,https://www.youtube.com/watch?v=OZf0ToUHryM,15983,7391,39374,https://www.youtube.com/watch?v=I7_XaF8TthI,39671,10870,4334,23831,https://www.twitch.tv/videos/2756669550
04d2ff1dde6b4bb68503a734274f4b7e,107000,8823468,3680,1266,4005,https://www.youtube.com/watch?v=0Y6lAFCqVzk,3680,1438,4005,https://www.youtube.com/watch?v=0Y6lAFCqVzk,3157,1059,3923,https://www.youtube.com/watch?v=gpF72GzvF9I,0,0,0,0,
c0c033c9c8014562b58a7124b6b22fb0,106000,1502374,586,249,2254,https://www.youtube.com/watch?v=xc3XfCwxEBw,544,249,950,https://www.youtube.com/watch?v=XOjojiBrq3E,700,281,2254,https://www.youtube.com/watch?v=xc3XfCwxEBw,0,0,0,0,
23ec5ecfb8c14ea893576783f1790643,105000,6119107,961,448,53519,https://www.youtube.com/watch?v=3PdcDOA0U0Q,830,444,1225,https://www.youtube.com/watch?v=JJSWvdumBK0,10207,3137,53519,https://www.youtube.com/watch?v=3PdcDOA0U0Q,1673,377,359,677,https://www.twitch.tv/videos/2754283298
b126053a1356460ebf85a874a6a55aca,104000,42824408,2716,1492,13766,https://www.youtube.com/watch?v=OQ8TT_9v1_o,2687,1487,3545,https://www.youtube.com/watch?v=lCG8J_wFa9w,3035,1658,13766,https://www.youtube.com/watch?v=OQ8TT_9v1_o,0,0,0,0,
5f12df329c6144e1a6c596f4fbcb9e81,103000,10790864,4633,2233,102258,https://www.youtube.com/watch?v=yc48visdo1w,2892,1269,7644,https://www.youtube.com/watch?v=y_J5MpthWB4,17600,5354,102258,https://www.youtube.com/watch?v=yc48visdo1w,0,0,0,0,
98e3a5838fec4a6caa936ae35485de23,102000,8355804,4202,1410,6951,https://www.youtube.com/watch?v=j3Z9EpaecwM,3125,1742,6381,https://www.youtube.com/watch?v=H7RP67mUhsc,6383,816,6951,https://www.youtube.com/watch?v=j3Z9EpaecwM,0,0,0,0,
702c74978d8f4adab79f292cbecb49a4,101000,13112654,4474,1643,99268,https://www.youtube.com/watch?v=6VANNFmQmIk,1973,1085,2684,https://www.youtube.com/watch?v=vZoxBdOzHkI,5819,2966,99268,https://www.youtube.com/watch?v=6VANNFmQmIk,13174,0,0,0,
15c9a54b946a40c38c07ea2f9efddfa5,99000,26896597,11916,7938,20836,https://www.youtube.com/watch?v=4eY7Thfo_aI,11916,7938,20836,https://www.youtube.com/watch?v=4eY7Thfo_aI,10113,7293,14854,https://www.youtube.com/watch?v=tl4CSdEUMx8,62011,26050,12458,54906,https://www.twitch.tv/videos/2751842299
8bf35c3b9a9e461d825a9170555b71c2,95800,21816873,15833,7141,66312,https://www.youtube.com/watch?v=xcYXcTokVy8,14104,5040,26236,https://www.youtube.com/watch?v=mraFkZm87C0,60690,41021,66312,https://www.youtube.com/watch?v=xcYXcTokVy8,49561,29322,15221,55161,https://www.twitch.tv/videos/2755830635
5efb403f9a174bfd82d04d528a121042,93100,11578825,83793,15677,294967,https://www.youtube.com/watch?v=4681bKsivMw,15976,6571,34217,https://www.youtube.com/watch?v=EzLcHd3jD9Y,115240,62457,294967,https://www.youtube.com/watch?v=4681bKsivMw,12890,10392,3549,16877,https://www.twitch.tv/videos/2746986133
53707f0116dc4fca8614ac7139e40b83,92300,32900430,3387,2896,5471,https://www.youtube.com/watch?v=0D21HEgiQwk,0,0,0,,3387,2896,5471,https://www.youtube.com/watch?v=0D21HEgiQwk,4793,137,104,188,https://www.twitch.tv/videos/2751007421
ea4c1a67c2e445ad8028768616ceb659,90500,13247700,2557,889,23572,https://www.youtube.com/watch?v=NtYCwGVKtio,2464,610,6765,https://www.youtube.com/watch?v=rBJK978_KPQ,16606,4841,23572,https://www.youtube.com/watch?v=NtYCwGVKtio,3854,1470,1342,1753,https://www.twitch.tv/videos/2757346747
a6a4e83ae23140e6bd1f7c817af8f864,85700,5478183,2865,1390,35466,https://www.youtube.com/watch?v=-45uWOJNLbY,2865,495,2865,https://www.youtube.com/watch?v=tK0vPRPkLOE,14175,4460,35466,https://www.youtube.com/watch?v=-45uWOJNLbY,12166,3771,1896,25822,https://www.twitch.tv/videos/2742957355
9d9c6477329245cbb2557895f4f15686,84800,9104180,11655,3204,90268,https://www.youtube.com/watch?v=qFTw-Je5ZgI,0,0,0,,11655,3204,90268,https://www.youtube.com/watch?v=qFTw-Je5ZgI,168270,13530,5652,46599,https://www.twitch.tv/videos/2755813646
4544974bc5624035ae7bb0c9ed33e44e,84400,9320739,2590,1236,49418,https://www.youtube.com/watch?v=nr0W_KEswzI,2360,971,14846,https://www.youtube.com/watch?v=yimQ5xy1rS4,26470,16100,49418,https://www.youtube.com/watch?v=nr0W_KEswzI,12632,2220,1132,5771,https://www.twitch.tv/videos/2740329867
7e81a72484054a5c89f3826ebc8946be,80500,5737508,898,299,3056,https://www.youtube.com/watch?v=BYpbGNO5hiY,882,299,2060,https://www.youtube.com/watch?v=6IeNXj_CXEw,2179,679,3056,https://www.youtube.com/watch?v=BYpbGNO5hiY,12438,2548,1166,4606,https://www.twitch.tv/videos/2753411635
1ccdbe5d48934f4cbabc86512dd1d357,78900,6276191,3504,1079,9684,https://www.youtube.com/watch?v=-r1_2QFU8iw,5564,1372,9684,https://www.youtube.com/watch?v=-r1_2QFU8iw,1916,786,3987,https://www.youtube.com/watch?v=efx4Jd-MHAs,0,0,0,0,
0bf0ec441dc6489583f7218e02ab6a89,78500,5068780,583,294,1453,https://www.youtube.com/watch?v=109iTESgooM,583,294,1453,https://www.youtube.com/watch?v=109iTESgooM,0,0,0,,10590,1309,968,2122,https://www.twitch.tv/videos/2751917038
6bd49f94afb144e995247388ca8c42a8,77700,15198853,12884,5355,70698,https://www.youtube.com/watch?v=k2E6C4qzU4A,12868,4341,21930,https://www.youtube.com/watch?v=PUUq-UrzrkY,42696,13481,70698,https://www.youtube.com/watch?v=k2E6C4qzU4A,68780,40527,19598,68732,https://www.twitch.tv/videos/2748500963
4b6655120fbd4431a8f7894cac4a4d49,76900,8577340,963,491,18071,https://www.youtube.com/watch?v=KC5id58fb4I,963,491,18071,https://www.youtube.com/watch?v=KC5id58fb4I,0,0,0,,0,0,0,0,
17c335762a694402b8cb9a96b2865572,74900,7722836,1745,931,3623,https://www.youtube.com/watch?v=v2_6lClOnvo,1745,931,3623,https://www.youtube.com/watch?v=v2_6lClOnvo,0,0,0,,0,0,0,0,
fd6a0236861940389e15ef85b16c6069,74400,27660422,56518,18896,255109,https://www.youtube.com/watch?v=F1O9FBTFhVw,0,0,0,,56518,18896,255109,https://www.youtube.com/watch?v=F1O9FBTFhVw,174027,52543,26081,129376,https://www.twitch.tv/videos/2735487641
5bd39e2c6dcf4ff19436d8a5fa069464,73300,10009333,13580,6925,36090,https://www.youtube.com/watch?v=2eVqrdT9AFQ,13534,3908,24548,https://www.youtube.com/watch?v=n5aL-d3H_ps,14750,12565,36090,https://www.youtube.com/watch?v=2eVqrdT9AFQ,30552,24371,7277,34158,https://www.twitch.tv/videos/2738708481
cd42e06c40534d9eac7e30a434e47d43,72000,5866350,905,329,6301,https://www.youtube.com/watch?v=R4-2QdV2nJA,879,327,1755,https://www.youtube.com/watch?v=PKgEj5uB7yw,3605,1392,6301,https://www.youtube.com/watch?v=R4-2QdV2nJA,3301,0,0,0,
c5fe413a473d4638b53fb3f9019aabbe,69000,5265562,5220,4314,6398,https://www.youtube.com/watch?v=ogww-LP7Hr0,5809,4443,6398,https://www.youtube.com/watch?v=ogww-LP7Hr0,1755,1680,1755,https://www.youtube.com/watch?v=U4ecF4GNw1I,23795,40319,18667,58411,https://www.twitch.tv/videos/2741827304
2694a505a0e0441bb99b49e8ce1f7473,68000,5412875,3800,1205,3800,https://www.youtube.com/watch?v=wIhLxCHLJbU,0,0,0,,3800,1205,3800,https://www.youtube.com/watch?v=wIhLxCHLJbU,53270,13618,5310,24496,https://www.twitch.tv/videos/2757387671
d5fdf5fc55d14476908e416e6d43c121,67700,5393198,1838,1014,10066,https://www.youtube.com/watch?v=HTilBjwPKy4,1693,877,9094,https://www.youtube.com/watch?v=05GQc0UDlIE,4873,2003,10066,https://www.youtube.com/watch?v=HTilBjwPKy4,0,0,0,0,
8d113670c4514e5bb28823a756385528,67600,9410749,15511,7776,43066,https://www.youtube.com/watch?v=D8fA9Ym0bxY,16505,4478,27594,https://www.youtube.com/watch?v=jbfpvK3QMr0,14745,12146,43066,https://www.youtube.com/watch?v=D8fA9Ym0bxY,29130,23271,8204,32688,https://www.twitch.tv/videos/2735541592
6c872a4043b84e4493877a42af684d1d,66000,10167297,1719,825,24169,https://www.youtube.com/watch?v=Tg5NXQn58lU,1605,825,3225,https://www.youtube.com/watch?v=SKJj99wsy5E,18574,2298,24169,https://www.youtube.com/watch?v=Tg5NXQn58lU,6202,0,0,0,
1323f1b775bf43659f8b8ec2899522cd,64600,4178079,2507,1002,6396,https://www.youtube.com/watch?v=0VT1Sgh52ZQ,2507,1002,6396,https://www.youtube.com/watch?v=0VT1Sgh52ZQ,0,0,0,,0,0,0,0,
1b63d89e0b1a4b579de6d99e25eaff8f,63900,12982578,3967,2403,27301,https://www.youtube.com/watch?v=eTIfusmDAmI,3275,2072,6381,https://www.youtube.com/watch?v=FdNi6gyl-aY,17588,5411,27301,https://www.youtube.com/watch?v=eTIfusmDAmI,11598,0,0,0,
cb94019fb4714e168b47d6757995efc3,61800,4675738,2213,936,16719,https://www.youtube.com/watch?v=1lQtQ1N4LLM,2141,840,2921,https://www.youtube.com/watch?v=RnTQjcvT3fw,11498,4296,16719,https://www.youtube.com/watch?v=1lQtQ1N4LLM,7078,2430,985,3733,https://www.twitch.tv/videos/2739674280
4fc5a770272a43f1bb0a1d12aa3a9b46,61600,13562488,2422,1020,13519,https://www.youtube.com/watch?v=_GLOq6PifW0,0,0,0,,2422,1020,13519,https://www.youtube.com/watch?v=_GLOq6PifW0,0,0,0,0,
512b64ec20174d018540516e9edf2b2f,61200,7767417,343,159,646,https://www.youtube.com/watch?v=svFtjeTHyc8,379,127,455,https://www.youtube.com/watch?v=JhnVK9LAELo,334,165,646,https://www.youtube.com/watch?v=svFtjeTHyc8,1240,0,0,0,
6a9a7c7dc3f94605b5f619e9fbcfa33d,61200,1992353,11568,5990,102305,https://www.youtube.com/watch?v=zoTuHFTuGjY,10197,6281,50014,https://www.youtube.com/watch?v=iJ9DIokXMnk,12704,3448,102305,https://www.youtube.com/watch?v=zoTuHFTuGjY,0,0,0,0,
f5ff982730f54cd4826ff0530a4288c2,61200,6087593,5580,3368,27696,https://www.youtube.com/watch?v=lb8vTlB17rw,1413,1298,22651,https://www.youtube.com/watch?v=3DGcsM1ANiA,6301,3626,27696,https://www.youtube.com/watch?v=lb8vTlB17rw,0,0,0,0,
a8ce4642418b4fe8ba1471a32097f4c4,61000,3807306,747,397,3505,https://www.youtube.com/watch?v=Zw_nEmddvyQ,623,258,2067,https://www.youtube.com/watch?v=1AsI2Z772NE,3047,1449,3505,https://www.youtube.com/watch?v=Zw_nEmddvyQ,0,0,0,0,
911d3403c8e84dc3b0c4a2f6017698b6,60700,1639050,579,244,2461,https://www.youtube.com/watch?v=WAibJxrrisI,539,230,976,https://www.youtube.com/watch?v=V2e_HNYrOYk,1471,374,2461,https://www.youtube.com/watch?v=WAibJxrrisI,3594,637,626,637,https://www.twitch.tv/videos/2757455387
0d717ed7ec134fb6ac94ce9dc4e25658,60400,4592677,1882,536,5845,https://www.youtube.com/watch?v=501HRmtUbn4,1882,536,5845,https://www.youtube.com/watch?v=501HRmtUbn4,0,0,0,,0,0,0,0,
f985903969ad4e8b839e919aabe94480,58500,1055253,758,355,1526,https://www.youtube.com/watch?v=ZxXZMLyCFIY,738,314,1334,https://www.youtube.com/watch?v=07b6NgZy84E,781,613,1526,https://www.youtube.com/watch?v=ZxXZMLyCFIY,0,0,0,0,
5a934764983e45959855735b79bcc90e,58100,2621900,1103,524,5046,https://www.youtube.com/watch?v=Nc87HR-6AVs,992,524,3345,https://www.youtube.com/watch?v=1zq8pbd_xfc,3824,1374,5046,https://www.youtube.com/watch?v=Nc87HR-6AVs,11592,1298,459,4359,https://www.twitch.tv/videos/2740389286
14a9a08fbdc641e8ac8c384dedfccf0a,58100,6353244,3154,1539,4827,https://www.youtube.com/watch?v=qVrS04SdeqI,3154,1539,4827,https://www.youtube.com/watch?v=qVrS04SdeqI,0,0,0,,16997,6742,3821,10425,https://www.twitch.tv/videos/2751799808
99f6f80397b34d0b9a0cfd40f3801a35,57700,2745149,2217,974,11756,https://www.youtube.com/watch?v=qhRxsEcdEiE,1837,918,2650,https://www.youtube.com/watch?v=vDxUsD_SW1g,10174,7239,11756,https://www.youtube.com/watch?v=qhRxsEcdEiE,29550,15570,11001,65500,https://www.twitch.tv/videos/2745357557
ba59bb31bbcd4cf3a481c4cf72918fb0,57000,8346423,2902,1798,10701,https://www.youtube.com/watch?v=ANihRz54HII,2749,1399,3503,https://www.youtube.com/watch?v=tEjTHiCYXiE,6346,3925,10701,https://www.youtube.com/watch?v=ANihRz54HII,0,0,0,0,
02f5258d29b046bc9f597c9baac014bf,56700,4252952,8206,4577,109052,https://www.youtube.com/watch?v=gG0FdYwxcU0,6542,3587,8206,https://www.youtube.com/watch?v=IlJn2le8mp4,21233,9887,109052,https://www.youtube.com/watch?v=gG0FdYwxcU0,38844,51859,26896,123785,https://www.twitch.tv/videos/2740495438
6aefa292dc61441e98c787efb0067922,55600,2551944,1196,764,4370,https://www.youtube.com/watch?v=7VI-oCN7neI,1136,674,4370,https://www.youtube.com/watch?v=7VI-oCN7neI,2440,1258,3192,https://www.youtube.com/watch?v=shzceRu8ZDQ,11218,1741,846,4802,https://www.twitch.tv/videos/2746776510
729621ce509b4641ad8cde76dec037d0,54900,2819382,868,336,5272,https://www.youtube.com/watch?v=9CAR_x6aLTk,772,323,3717,https://www.youtube.com/watch?v=M_z7R_SNmZE,3271,1003,5272,https://www.youtube.com/watch?v=9CAR_x6aLTk,5199,826,637,1842,https://www.twitch.tv/videos/2747736592
e14d4aac184c4ccdba6f2a9718cfea62,54700,3036163,717,260,3909,https://www.youtube.com/watch?v=-tOFde55hYU,717,260,3909,https://www.youtube.com/watch?v=-tOFde55hYU,0,0,0,,0,0,0,0,
66c812bb04844241af1d1c7539b5e251,53600,38949320,157,76,1806,https://www.youtube.com/watch?v=qi0k_e05exI,143,76,1806,https://www.youtube.com/watch?v=qi0k_e05exI,274,90,638,https://www.youtube.com/watch?v=LOdPJRiKN5M,1084,20,13,50,https://www.twitch.tv/videos/2752749857
a000aa1d3ea7489c993277d33ab2457e,53300,5334391,3962,1650,17505,https://www.youtube.com/watch?v=k2H_ckm5WHs,3559,1760,12743,https://www.youtube.com/watch?v=eUsnH3N_ASs,17505,1442,17505,https://www.youtube.com/watch?v=k2H_ckm5WHs,48383,18989,9273,49393,https://www.twitch.tv/videos/2754908229
efe550a729e14dbab790a3f73205d8ed,53200,2971110,2171,657,5357,https://www.youtube.com/watch?v=wknqtMbP-vs,1119,583,2782,https://www.youtube.com/watch?v=n34Do940Y_o,3387,846,5357,https://www.youtube.com/watch?v=wknqtMbP-vs,0,0,0,0,
626750f4e7a745619c171c44fb1efcc0,52900,6954172,1803,858,8019,https://www.youtube.com/watch?v=-YWuS2yU7AY,980,454,2558,https://www.youtube.com/watch?v=q_EAy98ZoKA,2686,1415,8019,https://www.youtube.com/watch?v=-YWuS2yU7AY,10840,493,208,2082,https://www.twitch.tv/videos/2752525140
ce2a2c07a74640fc8d3b39d022b16dd9,52700,4768468,1079,622,7146,https://www.youtube.com/watch?v=buqFZPhP10s,790,382,1277,https://www.youtube.com/watch?v=Osk12nkgV8Q,4099,2214,7146,https://www.youtube.com/watch?v=buqFZPhP10s,0,0,0,0,
658e63bebdca421ca934b0bf6aa2bcd8,52100,5969765,2135,818,5298,https://www.youtube.com/watch?v=Bm-4dLgN2kQ,2219,920,5298,https://www.youtube.com/watch?v=Bm-4dLgN2kQ,1471,136,4436,https://www.youtube.com/watch?v=c_yLlmECgJ0,11075,625,367,873,https://www.twitch.tv/videos/2747843772
cbb5df4184f04027b8a550d648d79eeb,51900,4541831,14254,5638,34191,https://www.youtube.com/watch?v=ZBgfdb62BFk,30804,6870,30804,https://www.youtube.com/watch?v=TlBO44EJa6s,14198,5449,34191,https://www.youtube.com/watch?v=ZBgfdb62BFk,0,0,0,0,
60282d578bb747b8b232dba81168a5b6,51300,5183234,3013,871,5306,https://www.youtube.com/watch?v=uWgsI7bm2kI,2859,655,4989,https://www.youtube.com/watch?v=hRbPEjhurro,4645,1157,5306,https://www.youtube.com/watch?v=uWgsI7bm2kI,0,0,0,0,
927ce160c29f4465ba196c3e1b8fee1c,50500,2990371,1395,558,3276,https://www.youtube.com/watch?v=k_KJ3_QRPp4,1209,480,2179,https://www.youtube.com/watch?v=7NQ5Xnhmp2w,2990,2565,3276,https://www.youtube.com/watch?v=k_KJ3_QRPp4,4826,756,591,2274,https://www.twitch.tv/videos/2745230109
7d66bf98da354f72baee891cdd91855b,49800,4516480,2947,1924,10731,https://www.youtube.com/watch?v=Vi6kykFZhnI,2768,1737,7752,https://www.youtube.com/watch?v=81fey24id8E,10731,10169,10731,https://www.youtube.com/watch?v=Vi6kykFZhnI,0,0,0,0,
50a0835b66844b0ab84f573934f20989,49700,2452923,1409,684,3263,https://www.youtube.com/watch?v=1nLdkwoY5uk,1395,673,3263,https://www.youtube.com/watch?v=1nLdkwoY5uk,2121,1429,2121,https://www.youtube.com/watch?v=VQY82rLVhN8,0,0,0,0,
3bc36efc33ba4410be1d509a39074ceb,49100,4067820,14248,5975,48213,https://www.youtube.com/watch?v=xpIiMm1hwPY,12512,5975,20464,https://www.youtube.com/watch?v=f0xAhF6l_xI,15209,6404,48213,https://www.youtube.com/watch?v=xpIiMm1hwPY,24842,24798,13325,59922,https://www.twitch.tv/videos/2742048788
0eb515afbb9347529a406e91a07cde90,49000,2559224,14562,4617,72268,https://www.youtube.com/watch?v=khjc9hc0rTY,6731,3455,8670,https://www.youtube.com/watch?v=KJNC_4fSsFI,33062,11912,72268,https://www.youtube.com/watch?v=khjc9hc0rTY,20033,10608,4643,17051,https://www.twitch.tv/videos/2744504739
4c3cae772e974f8fb8e04f4cc9c8cd8d,48900,3234344,1865,1056,4133,https://www.youtube.com/watch?v=0BuBCuA9-xg,1842,1105,4133,https://www.youtube.com/watch?v=0BuBCuA9-xg,3050,253,3050,https://www.youtube.com/watch?v=K8i5KRCksaQ,0,0,0,0,
1cfadb0d2e154a258c3177ff8264336f,48800,4381276,3209,814,12181,https://www.youtube.com/watch?v=hwdzHmEMjbk,2360,1205,12181,https://www.youtube.com/watch?v=hwdzHmEMjbk,5271,592,7333,https://www.youtube.com/watch?v=n713YY3UU6w,0,0,0,0,
2db2ffc41ff340a990a6d4dcec000d08,48300,2987062,7641,2597,27804,https://www.youtube.com/watch?v=Yqf5YU2ucN8,4794,1904,9703,https://www.youtube.com/watch?v=Orhpjj_yj3o,19255,10652,27804,https://www.youtube.com/watch?v=Yqf5YU2ucN8,25354,9784,4910,17503,https://www.twitch.tv/videos/2747803888
6c88799c6f45407faf0f9ea007b0dcab,48100,3613412,9849,4414,33566,https://www.youtube.com/watch?v=nLrXBlq1TfE,946,684,1496,https://www.youtube.com/watch?v=p6VkbfZZ1MQ,13135,7029,33566,https://www.youtube.com/watch?v=nLrXBlq1TfE,0,0,0,0,
920d34819cf944e99cf469f7552d535f,48000,11592391,18794,8138,134611,https://www.youtube.com/watch?v=3Z3RhaEfMdA,16603,6218,30005,https://www.youtube.com/watch?v=u-uKUevEAok,47590,28565,134611,https://www.youtube.com/watch?v=3Z3RhaEfMdA,6373,8536,8410,8536,https://www.twitch.tv/videos/2757497997
3681a0b4e4bd48888473b1884f6ee420,47900,5427334,840,343,17332,https://www.youtube.com/watch?v=hTGJUka7ODU,768,245,1620,https://www.youtube.com/watch?v=UusN0_yXHK4,1839,889,17332,https://www.youtube.com/watch?v=hTGJUka7ODU,0,0,0,0,
22ca620b93c94e5cb48175bbecf8d3af,47400,5452300,2074,1067,5763,https://www.youtube.com/watch?v=jwhNX3GPtpI,1644,890,2402,https://www.youtube.com/watch?v=_MacKMzJsVA,3299,1520,5763,https://www.youtube.com/watch?v=jwhNX3GPtpI,0,0,0,0,
e350c8b7e41045419ee1ac73bc78921b,47300,5184822,1251,618,17566,https://www.youtube.com/watch?v=PjcoHmGUKvk,1173,524,1974,https://www.youtube.com/watch?v=UvdHQ8wrGog,2875,1496,17566,https://www.youtube.com/watch?v=PjcoHmGUKvk,0,0,0,0,
c41044006a014ed28107f33221a7de98,47100,4364778,1655,734,2939,https://www.youtube.com/watch?v=5F9WwnfTRz0,1655,734,2939,https://www.youtube.com/watch?v=5F9WwnfTRz0,0,0,0,,5280,0,0,0,
ebe5c5f9d67f44f3bc5e70b413ce9df7,47000,2273711,618,319,1794,https://www.youtube.com/watch?v=DO0YEDmcC54,612,275,767,https://www.youtube.com/watch?v=rx__7UM2g7U,1794,511,1794,https://www.youtube.com/watch?v=DO0YEDmcC54,12248,1083,495,4381,https://www.twitch.tv/videos/2736240106
575d15d21f7240e1ad72935bf7fa0465,46900,1667619,384,205,3936,https://www.youtube.com/watch?v=x_zVajCRP8w,352,169,632,https://www.youtube.com/watch?v=tcght9lwlsM,3017,1724,3936,https://www.youtube.com/watch?v=x_zVajCRP8w,0,0,0,0,
2760c9a44c20464d8e140e6367ed1cdf,46900,2449271,471,219,3227,https://www.youtube.com/watch?v=RS5uBZ0fUYg,400,189,1036,https://www.youtube.com/watch?v=1j-58vynBSU,2498,1789,3227,https://www.youtube.com/watch?v=RS5uBZ0fUYg,2428,514,431,1680,https://www.twitch.tv/videos/2751660027
fe1abd28f3114015ac31ae1821e8dd3f,46100,1699478,1353,632,4314,https://www.youtube.com/watch?v=SUhPubpIcZQ,1204,523,4314,https://www.youtube.com/watch?v=SUhPubpIcZQ,2530,2319,3356,https://www.youtube.com/watch?v=h7tcrRFJLVU,4641,678,419,1708,https://www.twitch.tv/videos/2746814818
21d5855a8c7d4461b286d40c167ac093,46100,5033409,1136,605,15339,https://www.youtube.com/watch?v=3_Or3Nou3cc,1100,428,1885,https://www.youtube.com/watch?v=rpTXeJ4aOKQ,11118,9892,15339,https://www.youtube.com/watch?v=3_Or3Nou3cc,984,854,592,25183,https://www.twitch.tv/videos/2733820880
3d786b116dbc437e8684d7b46567a1e5,45600,1590502,963,536,3929,https://www.youtube.com/watch?v=IUT2J3KviC0,858,534,1247,https://www.youtube.com/watch?v=E5UcYzqHJBw,2042,1088,3929,https://www.youtube.com/watch?v=IUT2J3KviC0,9652,1715,861,5681,https://www.twitch.tv/videos/2740175394
20f0e269ce554a00920de0444bc22aaf,45000,3916840,1435,820,19353,https://www.youtube.com/watch?v=2aX19VdsXSM,589,233,1435,https://www.youtube.com/watch?v=t7m2oTo9KRE,3371,1367,19353,https://www.youtube.com/watch?v=2aX19VdsXSM,0,0,0,0,
177fe395a2704d10add06cb1466fa254,44800,3430541,12724,5478,97595,https://www.youtube.com/watch?v=1s9ZofFhHBI,9540,3561,15513,https://www.youtube.com/watch?v=AikQEEEKeDI,27828,14958,97595,https://www.youtube.com/watch?v=1s9ZofFhHBI,31650,20705,10343,49308,https://www.twitch.tv/videos/2755750529
a0d4fad2fd3d4e4981947642a9dbafc4,44100,3417593,1660,980,3732,https://www.youtube.com/watch?v=Q5CDhTS6cRY,1660,980,3732,https://www.youtube.com/watch?v=Q5CDhTS6cRY,0,0,0,,12152,1815,1274,3565,https://www.twitch.tv/videos/2750191813
1c6ebd51e0fc4ebab88347e853335c87,43900,2036733,1919,667,5747,https://www.youtube.com/watch?v=KQpId9Fhaog,1004,654,5747,https://www.youtube.com/watch?v=KQpId9Fhaog,2328,1030,5244,https://www.youtube.com/watch?v=0z09omPYeo0,1723,1758,1222,3523,https://www.twitch.tv/videos/2756419455
c25e6f38d6df447e84c4747ba6ac75cc,43500,1436140,7329,4199,83428,https://www.youtube.com/watch?v=uc4XTTqruUQ,5708,3988,27203,https://www.youtube.com/watch?v=JabK0E69CLo,9072,4199,83428,https://www.youtube.com/watch?v=uc4XTTqruUQ,0,0,0,0,
0825b7bbb6134dbc98a132cc1782fb1f,43000,1770724,489,270,718,https://www.youtube.com/watch?v=OkO45iD7AeM,489,270,718,https://www.youtube.com/watch?v=OkO45iD7AeM,0,0,0,,0,0,0,0,
dee8efe8990e458c915e4f6a6a16b49f,42700,5264028,186,82,400,https://www.youtube.com/watch?v=TQIFAc9aP-E,186,82,400,https://www.youtube.com/watch?v=TQIFAc9aP-E,0,0,0,,3319,0,0,0,
9a496e9b261f401dba4991a9f4c7048e,42600,1530112,793,512,5525,https://www.youtube.com/watch?v=2hFHNAf0Ib0,751,512,1481,https://www.youtube.com/watch?v=DUMtXIM8CVo,3910,487,5525,https://www.youtube.com/watch?v=2hFHNAf0Ib0,0,0,0,0,
73b97b1a35c84579aa8ffcd6534efad3,42500,5830698,1699,655,21475,https://www.youtube.com/watch?v=kyaHMmGLvsU,854,358,2206,https://www.youtube.com/watch?v=gji8A_nS7To,5677,3237,21475,https://www.youtube.com/watch?v=kyaHMmGLvsU,10775,0,0,0,
5f6f102dd7cc4bfaa99e4cde16b85290,42300,2199914,1804,883,7836,https://www.youtube.com/watch?v=kJla_y6UhOc,1643,876,2728,https://www.youtube.com/watch?v=mM3ZyGQALi0,5331,2248,7836,https://www.youtube.com/watch?v=kJla_y6UhOc,7979,5826,2286,13926,https://www.twitch.tv/videos/2749154260
a9f28d3e3d2a4ecb93ff10955be791d1,42000,3026142,3411,2113,4614,https://www.youtube.com/watch?v=DniH6zC8CX0,2997,2113,4052,https://www.youtube.com/watch?v=23xJALNSnBg,3908,2865,4614,https://www.youtube.com/watch?v=DniH6zC8CX0,16575,6821,2037,13547,https://www.twitch.tv/videos/2737890607
8150f530d858418282811429cc32622b,41100,2263410,399,199,2999,https://www.youtube.com/watch?v=9VXRjMbsKd0,354,197,2999,https://www.youtube.com/watch?v=9VXRjMbsKd0,2352,696,2464,https://www.youtube.com/watch?v=vlRqAX0wqPE,12904,744,284,1608,https://www.twitch.tv/videos/2737959363
ed426712876641848613137bef236d26,40800,3829672,1580,654,9755,https://www.youtube.com/watch?v=_P13W26FOvs,1188,505,1655,https://www.youtube.com/watch?v=3yd2VC6B00I,3621,1717,9755,https://www.youtube.com/watch?v=_P13W26FOvs,9094,1382,506,2053,https://www.twitch.tv/videos/2747541963
be6c475c291d45a0a7349abdb70be20d,40500,13013892,289,157,3783,https://www.youtube.com/watch?v=eVkQ7EaPlSc,261,145,1303,https://www.youtube.com/watch?v=73A43hZjSd4,2062,601,3783,https://www.youtube.com/watch?v=eVkQ7EaPlSc,0,0,0,0,
14770d49681b44c1a6a7fcbdc265f539,40500,1842721,1466,709,1946,https://www.youtube.com/watch?v=-HvpxAUUYss,1466,709,1946,https://www.youtube.com/watch?v=-HvpxAUUYss,0,0,0,,0,0,0,0,
5e98938ba0624235863dd2af8017fbe6,40400,1920501,1341,520,4861,https://www.youtube.com/watch?v=pmfViL8jc34,1370,579,4861,https://www.youtube.com/watch?v=pmfViL8jc34,695,406,695,https://www.youtube.com/watch?v=h50yg0FYzD8,0,0,0,0,
4b8137b8ba4e4a4dad994e2e07e351fe,40300,2485617,393,177,1210,https://www.youtube.com/watch?v=whNxHKKMHUw,301,153,397,https://www.youtube.com/watch?v=NeB5xIajTjk,1102,383,1210,https://www.youtube.com/watch?v=whNxHKKMHUw,2094,228,164,249,https://www.twitch.tv/videos/2747813705
6943bbfc993443d4b3853833b3bb1a66,40300,15011526,7286,3195,12070,https://www.youtube.com/watch?v=Khbel9tEw70,0,0,0,,7286,3195,12070,https://www.youtube.com/watch?v=Khbel9tEw70,0,0,0,0,
d1694c709e0f489fbd07fc9bc67c0a66,40000,1948480,539,274,1903,https://www.youtube.com/watch?v=66XFn8Gd7hM,507,267,1350,https://www.youtube.com/watch?v=ZaxH4A14XjQ,1563,904,1903,https://www.youtube.com/watch?v=66XFn8Gd7hM,2648,1357,1120,2221,https://www.twitch.tv/videos/2754812030
192d2decee72410e8346c135c4ac6e00,39500,1576225,2466,829,7592,https://www.youtube.com/watch?v=80uRIFTqA80,2466,829,7592,https://www.youtube.com/watch?v=80uRIFTqA80,0,0,0,,2391,0,0,0,
e069724ddab54dd690d6c3425574effd,39100,6275341,1496,787,27923,https://www.youtube.com/watch?v=z4fzHyne-VA,1270,516,2095,https://www.youtube.com/watch?v=xjvTK5foQpQ,7417,4058,27923,https://www.youtube.com/watch?v=z4fzHyne-VA,4620,0,0,0,
f928e57423634094b3d7d8461321c028,38100,958344,399,256,593,https://www.youtube.com/watch?v=9dmYUflA_LU,399,256,593,https://www.youtube.com/watch?v=9dmYUflA_LU,0,0,0,,3128,0,0,0,
80f7b111f0e044abae4c37f6a96b5957,38000,1096270,259,164,1152,https://www.youtube.com/watch?v=eF9GlTaw17E,258,153,612,https://www.youtube.com/watch?v=ulF2L0t2qYA,1152,1132,1152,https://www.youtube.com/watch?v=eF9GlTaw17E,0,0,0,0,
f6a8c59d8b8d4e009d4e147ec268cd73,37500,2027173,2151,1330,4674,https://www.youtube.com/watch?v=ScLhcwGhoKw,2151,1330,4674,https://www.youtube.com/watch?v=ScLhcwGhoKw,0,0,0,,4981,0,0,0,
7aba821c721e45bcb3d113652e9e8fb2,37400,1144665,1077,477,2394,https://www.youtube.com/watch?v=ftX7yigjje0,1035,463,1532,https://www.youtube.com/watch?v=XATWqYeET0c,2394,2269,2394,https://www.youtube.com/watch?v=ftX7yigjje0,0,0,0,0,
c88554bbf263412da16e7a17fd03e467,37300,2069851,4583,2154,27512,https://www.youtube.com/watch?v=VwtRu5dvUmw,3177,1773,27512,https://www.youtube.com/watch?v=VwtRu5dvUmw,8588,4645,25811,https://www.youtube.com/watch?v=kCdkGYCSERU,0,0,0,0,
a85d79e2323b4869a6f784c51218cd37,36700,3613624,3092,1263,34458,https://www.youtube.com/watch?v=LEB5YT5LlMs,1347,726,6049,https://www.youtube.com/watch?v=lZ352BLrtA0,4493,2326,34458,https://www.youtube.com/watch?v=LEB5YT5LlMs,2097,312,225,848,https://www.twitch.tv/videos/2754238864
5c7beefaa54444e3b0443d7abd93c1f7,36700,4245699,0,0,0,,0,0,0,,0,0,0,,4424,565,347,1147,https://www.twitch.tv/videos/2756696334
84d68bef71304aa089c10d2c33c9a107,36600,3526012,1675,756,7601,https://www.youtube.com/watch?v=sidAiJm4aTI,1463,644,3605,https://www.youtube.com/watch?v=krcaNq2sZGk,4760,2089,7601,https://www.youtube.com/watch?v=sidAiJm4aTI,0,0,0,0,
dad6fb7439d744739755a9a7c6c18d20,36200,3241225,2192,1039,6734,https://www.youtube.com/watch?v=mQHVTqadc0U,1396,851,4136,https://www.youtube.com/watch?v=voo4uRHUl8w,5351,2190,6734,https://www.youtube.com/watch?v=mQHVTqadc0U,2822,670,428,1693,https://www.twitch.tv/videos/2754247926
f928118054aa4e11aa4ec88504d8b886,36200,2106760,754,225,1353,https://www.youtube.com/watch?v=e0hU-FCJPK4,754,225,1353,https://www.youtube.com/watch?v=e0hU-FCJPK4,0,0,0,,2331,328,268,328,https://www.twitch.tv/videos/2753461674
6baf9b6a84a44ab3a6979d98bff7ee21,35700,1566087,1711,587,17114,https://www.youtube.com/watch?v=U8SxZ16wzgw,1598,557,3595,https://www.youtube.com/watch?v=4lOK8QMzdJM,11385,8272,17114,https://www.youtube.com/watch?v=U8SxZ16wzgw,0,0,0,0,
b08047f2566246ac995e03a5db727cfe,35100,88242,1664,258,2525,https://www.youtube.com/watch?v=8oCp_FSBI7c,804,125,804,https://www.youtube.com/watch?v=gahG4sRMd4A,2525,390,2525,https://www.youtube.com/watch?v=8oCp_FSBI7c,7238,0,0,0,
683c47ffba3246cb8574a6f2667208d1,34900,1170305,2382,992,17596,https://www.youtube.com/watch?v=c5OK94le8dQ,1339,747,2404,https://www.youtube.com/watch?v=xKSjTA9QT_4,6204,2389,17596,https://www.youtube.com/watch?v=c5OK94le8dQ,11252,10856,4878,21195,https://www.twitch.tv/videos/2736118208
8267ea37c12a471a8a038f501832e099,34600,2416302,1495,281,2078,https://www.youtube.com/watch?v=m3D_LZB3rxk,1855,326,2078,https://www.youtube.com/watch?v=m3D_LZB3rxk,1133,281,1495,https://www.youtube.com/watch?v=3WrBwDjkKzQ,0,0,0,0,
84a911e2b05f4919a32e0c1618e32a7d,34300,1070616,532,301,1117,https://www.youtube.com/watch?v=zEr7avpf8Mc,532,301,1117,https://www.youtube.com/watch?v=zEr7avpf8Mc,0,0,0,,0,0,0,0,
6af8929143294c72b25a7108e79e2faf,34100,2220951,1100,617,3155,https://www.youtube.com/watch?v=smkm9KGvjm0,1064,564,3155,https://www.youtube.com/watch?v=smkm9KGvjm0,1729,1353,1729,https://www.youtube.com/watch?v=TkA-l9buWsI,0,0,0,0,
55be1972142c44799f83ce3db4f14fbd,34100,2781975,2460,893,10504,https://www.youtube.com/watch?v=iObxoKonXEY,889,556,3617,https://www.youtube.com/watch?v=pOjBqbY0gpg,3802,1461,10504,https://www.youtube.com/watch?v=iObxoKonXEY,0,0,0,0,
6929e06cd9ed49739cadaa35115847c7,33900,2265391,1202,463,3921,https://www.youtube.com/watch?v=jA_b6FqvyLs,1090,476,3921,https://www.youtube.com/watch?v=jA_b6FqvyLs,3375,53,3375,https://www.youtube.com/watch?v=6enRZOBGpS0,0,0,0,0,
d6c4708f6eb94ac6ad7668363b132248,33800,1085865,372,221,2375,https://www.youtube.com/watch?v=rtxJVSG1VSg,367,221,2175,https://www.youtube.com/watch?v=er7wmAhoKRA,981,414,2375,https://www.youtube.com/watch?v=rtxJVSG1VSg,0,0,0,0,
32b5b05c6e0f4747a8c0932d06f97f8c,33400,2052855,1903,911,4597,https://www.youtube.com/watch?v=aXfmNGJEaKE,1816,858,4135,https://www.youtube.com/watch?v=uvqD5rEO8qs,3917,1956,4597,https://www.youtube.com/watch?v=aXfmNGJEaKE,4702,0,0,0,
93bad1d4b0c54c8781e3775d13a62c38,33200,1090144,136,60,924,https://www.youtube.com/watch?v=jwaBl5K_SQo,134,59,163,https://www.youtube.com/watch?v=cPFB3mo2eDA,924,68,924,https://www.youtube.com/watch?v=jwaBl5K_SQo,676,0,0,0,
9ca368e73d514656ade48dc946f55956,32600,4190337,0,0,0,,0,0,0,,0,0,0,,9171,872,426,1963,https://www.twitch.tv/videos/2752654233
b0f523194beb4abca2b433e9e41d912c,32000,1749122,1124,513,3549,https://www.youtube.com/watch?v=MlJR_FxqHWo,1051,475,1874,https://www.youtube.com/watch?v=b4FSGWODOzQ,2016,671,3549,https://www.youtube.com/watch?v=MlJR_FxqHWo,11992,0,0,0,
334133534368487780dfa99b7c9f5949,32000,17829714,0,0,0,,0,0,0,,0,0,0,,0,0,0,0,
13a4e83f2bbc4d18bb27520a4dceef72,31900,7898116,6866,1953,9221,https://www.youtube.com/watch?v=nrqvEFnpOWI,4512,688,4512,https://www.youtube.com/watch?v=VQ8Pf1bfyVE,9221,3218,9221,https://www.youtube.com/watch?v=nrqvEFnpOWI,57650,34980,20050,71635,https://www.twitch.tv/videos/2734435056
1edf4940878546569e52dd06c95b8581,31600,2264773,411,269,1806,https://www.youtube.com/watch?v=VCQYOROSnck,409,230,873,https://www.youtube.com/watch?v=T9nGChiI-wk,1530,674,1806,https://www.youtube.com/watch?v=VCQYOROSnck,0,0,0,0,
e150e350532b4327b26989dd43cd3bad,31400,1996036,869,367,875,https://www.youtube.com/watch?v=fLRXnkD0it8,869,367,875,https://www.youtube.com/watch?v=fLRXnkD0it8,0,0,0,,1065,0,0,0,
b42416c629e64c948f75aff4ff5c9a8a,31300,1229264,760,449,1966,https://www.youtube.com/watch?v=3DwMnraelSM,855,148,855,https://www.youtube.com/watch?v=CQ7sm4xNCjA,665,569,1966,https://www.youtube.com/watch?v=3DwMnraelSM,3724,0,0,0,
ad56a56e509c4b6fa0cf11ca959e3c72,31300,84533,632,361,1019,https://www.youtube.com/watch?v=Mm-gX7QH_Ao,632,361,1019,https://www.youtube.com/watch?v=Mm-gX7QH_Ao,0,0,0,,134,0,0,0,
9f649d90164140bdb0e38f7e835c183b,31100,1874034,962,419,2902,https://www.youtube.com/watch?v=u_2oiY_6_ds,962,419,2902,https://www.youtube.com/watch?v=u_2oiY_6_ds,0,0,0,,0,0,0,0,
e1b2266a00c04e81bd868ae2fbff7848,31100,1641016,1033,281,2989,https://www.youtube.com/watch?v=t-s4gf6KGdQ,1091,721,2989,https://www.youtube.com/watch?v=t-s4gf6KGdQ,248,138,1766,https://www.youtube.com/watch?v=oBLHWLfjnQA,0,0,0,0,
31f17632340f4e7fbd0ced07193dd81b,31000,565182,425,241,4200,https://www.youtube.com/watch?v=Gjhh5mtrB2M,387,163,1103,https://www.youtube.com/watch?v=mFJq3Q5zUOY,2911,1220,4200,https://www.youtube.com/watch?v=Gjhh5mtrB2M,0,0,0,0,
59f5e287671149398135c5c08b5ed2f7,30900,651018,2321,1172,7775,https://www.youtube.com/watch?v=FLf9MssJ5TE,0,0,0,,2321,1172,7775,https://www.youtube.com/watch?v=FLf9MssJ5TE,195,0,0,0,
d81d1032a43642eca36e82ba9a3c39c5,30800,1191397,0,0,0,,0,0,0,,0,0,0,,11261,597,411,838,https://www.twitch.tv/videos/2751885348
099a5fd0d27d4fc892f684793ac18c99,30600,3925089,1559,538,4609,https://www.youtube.com/watch?v=R-yvDmKs7iI,668,470,791,https://www.youtube.com/watch?v=4pttxNwLa2g,2648,779,4609,https://www.youtube.com/watch?v=R-yvDmKs7iI,0,0,0,0,
5b996b6eca90491cb8e1a43de23b2388,30100,825555,1546,916,4457,https://www.youtube.com/watch?v=cTB3F88nxhA,1554,938,4457,https://www.youtube.com/watch?v=cTB3F88nxhA,817,94,817,https://www.youtube.com/watch?v=E_YCe49QroE,0,0,0,0,
b6f68e0e323f45458752f3a7ec6a08f2,29500,2358756,2058,860,10265,https://www.youtube.com/watch?v=ZYnDlXukAEg,1292,194,2089,https://www.youtube.com/watch?v=8J6pp4DGzvI,4033,2337,10265,https://www.youtube.com/watch?v=ZYnDlXukAEg,3757,880,395,2222,https://www.twitch.tv/videos/2743608783
9af7c10c618844f08a327d38753124bd,29400,1404435,1766,268,1766,https://www.youtube.com/watch?v=Gbmcqb0RVgw,0,0,0,,1766,268,1766,https://www.youtube.com/watch?v=Gbmcqb0RVgw,17958,1945,1155,4011,https://www.twitch.tv/videos/2741217653
02d67d58d59644be9cdf0b1179419637,29300,1923301,477,187,9809,https://www.youtube.com/watch?v=r8oYACoBYBM,272,99,590,https://www.youtube.com/watch?v=wkZsplgRXbI,3964,687,9809,https://www.youtube.com/watch?v=r8oYACoBYBM,2588,468,399,720,https://www.twitch.tv/videos/2751028694
bc0b8c437eda4361b2a10003013f49cf,29200,342304,0,0,0,,0,0,0,,0,0,0,,0,0,0,0,
d35707348d554507a98f97eb59230efc,29000,2029188,766,386,64715,https://www.youtube.com/watch?v=ckRb58RNvM4,721,249,1242,https://www.youtube.com/watch?v=pRC9hIOtmks,3116,1713,64715,https://www.youtube.com/watch?v=ckRb58RNvM4,4470,694,470,1092,https://www.twitch.tv/videos/2746709336
bac1f0b8e8d149d4a48cfd30d7d7ad74,28900,2133566,603,154,816,https://www.youtube.com/watch?v=tXe57paUT7E,603,154,816,https://www.youtube.com/watch?v=tXe57paUT7E,0,0,0,,0,0,0,0,
4fd17e8877024633876c5d85bc81e56b,28900,4157394,821,439,26256,https://www.youtube.com/watch?v=3rv7uDk8Ljg,750,376,1337,https://www.youtube.com/watch?v=UzknHbyO6yY,5482,2554,26256,https://www.youtube.com/watch?v=3rv7uDk8Ljg,0,0,0,0,
fe569b0c059e406daf57eb2acd11cc21,28600,1687016,818,272,5452,https://www.youtube.com/watch?v=Hy_-ahkr3hs,712,263,5452,https://www.youtube.com/watch?v=Hy_-ahkr3hs,1538,370,1538,https://www.youtube.com/watch?v=SkVzUfJLoWE,0,0,0,0,
6f9d63518a69442a88ac602a3b37bf18,28500,1561097,486,231,1966,https://www.youtube.com/watch?v=U2X5R-mkcAc,356,201,1625,https://www.youtube.com/watch?v=vH_W721_guM,1634,837,1966,https://www.youtube.com/watch?v=U2X5R-mkcAc,0,0,0,0,
3be86a2a9cb447f393d235132e157789,28400,2580130,1955,550,3601,https://www.youtube.com/watch?v=ePKUkNDCnZI,1955,550,3601,https://www.youtube.com/watch?v=ePKUkNDCnZI,0,0,0,,0,0,0,0,
19234cc590224c45912a14487f756dc5,28300,2171185,1974,915,8478,https://www.youtube.com/watch?v=ClWaGyjXgUE,0,0,0,,1974,915,8478,https://www.youtube.com/watch?v=ClWaGyjXgUE,12608,2997,1124,10338,https://www.twitch.tv/videos/2752598917
5ba11a0bf35147d499259ad5608a7de1,28300,2086350,1302,479,9431,https://www.youtube.com/watch?v=ydPcaqFsB8s,697,316,5145,https://www.youtube.com/watch?v=eW2939wUPPM,1387,548,9431,https://www.youtube.com/watch?v=ydPcaqFsB8s,4363,0,0,0,
73ae80b091f542358d7a5bf8905c28f3,28200,2754213,3782,1886,83918,https://www.youtube.com/watch?v=wX-8m-VYP1o,2027,924,3023,https://www.youtube.com/watch?v=oCJ54Vtphic,6805,3244,83918,https://www.youtube.com/watch?v=wX-8m-VYP1o,6790,1437,715,3138,https://www.twitch.tv/videos/2738378381
f7c48554816643cdb8d343e6e9e6d313,28200,1565389,1876,822,2239,https://www.youtube.com/watch?v=IlQgN9zUIRA,1876,822,2239,https://www.youtube.com/watch?v=IlQgN9zUIRA,0,0,0,,12854,1405,757,3172,https://www.twitch.tv/videos/2742545699
d1dd83b6e8a24df4b61f766cff45113c,28100,15845663,416,151,4227,https://www.youtube.com/watch?v=kODLHwRlSuU,201,109,2756,https://www.youtube.com/watch?v=WhgApJrB_0U,1959,902,4227,https://www.youtube.com/watch?v=kODLHwRlSuU,555,0,0,0,
59110c6bf6e64ce6bdf86b40246dc106,28100,1431101,749,278,2867,https://www.youtube.com/watch?v=R3yeaUEqFQU,749,278,2867,https://www.youtube.com/watch?v=R3yeaUEqFQU,0,0,0,,0,0,0,0,
14d83faa414c415097d577d2da9636ce,27800,972779,292,109,4082,https://www.youtube.com/watch?v=KXMux9DWHMI,241,88,330,https://www.youtube.com/watch?v=hNvkyxHCKS0,4082,1946,4082,https://www.youtube.com/watch?v=KXMux9DWHMI,0,0,0,0,
3197e5649c65405cbbe6e5f1a44cf8e1,27800,1461834,452,195,1090,https://www.youtube.com/watch?v=f3ySvzbYvUA,452,195,1090,https://www.youtube.com/watch?v=f3ySvzbYvUA,0,0,0,,0,0,0,0,
9e05802075c343a3bf2778550d5157da,26800,1360496,2444,695,5920,https://www.youtube.com/watch?v=rS621Dg067A,100,40,109,https://www.youtube.com/watch?v=aKvw6mUiS2w,2894,1162,5920,https://www.youtube.com/watch?v=rS621Dg067A,0,0,0,0,
491a6000ce4b472c9b4f8c1dcfdb772c,26300,6198678,1757,755,40196,https://www.youtube.com/watch?v=5WW5stKblyA,235,36,235,https://www.youtube.com/watch?v=v8IAzmup12Y,1809,757,40196,https://www.youtube.com/watch?v=5WW5stKblyA,1077,0,0,0,
5d00575c06d74f588238857d7dec1b02,26000,3160593,1438,526,21159,https://www.youtube.com/watch?v=a68NFmBIZoo,993,506,2276,https://www.youtube.com/watch?v=ymaC4DBZIWU,12327,8022,21159,https://www.youtube.com/watch?v=a68NFmBIZoo,0,0,0,0,
8a0b024373544f31b54e5a6cadb124dc,25900,1537472,964,476,10414,https://www.youtube.com/watch?v=sF4nWLher5E,705,302,5939,https://www.youtube.com/watch?v=fSE-b4lHePI,8731,4143,10414,https://www.youtube.com/watch?v=sF4nWLher5E,1771,839,500,944,https://www.twitch.tv/videos/2746080883
f2a403cb46354371837550730a397bd1,25600,1454536,410,170,839,https://www.youtube.com/watch?v=iTFJoK1Qr5Q,375,219,410,https://www.youtube.com/watch?v=kPxpPGLUYlw,839,14,839,https://www.youtube.com/watch?v=iTFJoK1Qr5Q,0,0,0,0,
aa1ff405338c41b98ff7197eb4d90349,25500,1213554,808,294,2691,https://www.youtube.com/watch?v=6XvY0NV__-4,394,170,1015,https://www.youtube.com/watch?v=fEWVnLGvA0s,1490,973,2691,https://www.youtube.com/watch?v=6XvY0NV__-4,0,0,0,0,
691e8a5f258c4c17b70b6b489b0ad04d,25500,1681054,1146,425,4434,https://www.youtube.com/watch?v=W36v7aS60os,1030,411,1785,https://www.youtube.com/watch?v=uE8niDiSw_o,3780,2009,4434,https://www.youtube.com/watch?v=W36v7aS60os,0,0,0,0,
22c8ee785f7446e5978bab336fda92cb,25300,2143281,983,569,3328,https://www.youtube.com/watch?v=j_vUKk8h_fQ,983,569,3328,https://www.youtube.com/watch?v=j_vUKk8h_fQ,0,0,0,,0,0,0,0,
f0a395b14fa34e64ba1aaedb906c7dd3,24900,321355,0,0,0,,0,0,0,,0,0,0,,0,0,0,0,
03c018f2d3064da6ac4899bef1d600c5,24500,1054793,7554,1881,7554,https://www.youtube.com/watch?v=hUBagJKm6d4,0,0,0,,7554,1881,7554,https://www.youtube.com/watch?v=hUBagJKm6d4,36823,15285,11511,29283,https://www.twitch.tv/videos/2752678302
8dbec1de49be44d897f1c894427f3165,24500,725572,371,214,621,https://www.youtube.com/watch?v=es6rGxB_s1Y,371,214,621,https://www.youtube.com/watch?v=es6rGxB_s1Y,0,0,0,,3795,437,369,523,https://www.twitch.tv/videos/2756627295
824c0c36956f4a73bb3ec479dd8e4da8,24200,1051686,696,292,1113,https://www.youtube.com/watch?v=i7FDCAAusk4,280,64,280,https://www.youtube.com/watch?v=KimXh1nolKc,1113,520,1113,https://www.youtube.com/watch?v=i7FDCAAusk4,2431,0,0,0,
25388daec64e40f38ca0e5a3a88fedb7,23900,966122,374,229,4086,https://www.youtube.com/watch?v=oUGfzfvK6kE,334,207,993,https://www.youtube.com/watch?v=N3jYwIOt8cw,1502,1272,4086,https://www.youtube.com/watch?v=oUGfzfvK6kE,3372,0,0,0,
f0b85b56d1d84085aca5ab7f592bd7da,23800,2061602,186,125,15168,https://www.youtube.com/watch?v=ee6_4BT23D0,185,117,538,https://www.youtube.com/watch?v=21BZOVs3Xlc,1353,1062,15168,https://www.youtube.com/watch?v=ee6_4BT23D0,0,0,0,0,
bf3356cfb2754286af9b6bb1665f56bd,23700,856191,1694,679,122872,https://www.youtube.com/watch?v=pPRHsDgAxXE,0,0,0,,1694,679,122872,https://www.youtube.com/watch?v=pPRHsDgAxXE,129,0,0,0,
a060cd640cf44c2bb8d78d8ff2411e68,23700,1065196,585,199,3298,https://www.youtube.com/watch?v=vi__-uYZJA8,424,185,1066,https://www.youtube.com/watch?v=kFBfR2lBNxg,2850,1837,3298,https://www.youtube.com/watch?v=vi__-uYZJA8,0,0,0,0,
a667c79cb8284de29d5843dc3eafcc57,23600,462546,792,269,5054,https://www.youtube.com/watch?v=lrVnQ7oa3Ug,602,163,4425,https://www.youtube.com/watch?v=chci4qskEME,3382,1090,5054,https://www.youtube.com/watch?v=lrVnQ7oa3Ug,0,0,0,0,
67d348e6690c43729cce031e70a26645,23300,1082041,13688,5454,17902,https://www.youtube.com/watch?v=d5pyQZ_bYEs,0,0,0,,13688,5454,17902,https://www.youtube.com/watch?v=d5pyQZ_bYEs,30278,6180,3744,15764,https://www.twitch.tv/videos/2753383065
28a930938667442288010b333937e2ab,23300,1852767,2406,1327,3436,https://www.youtube.com/watch?v=fLbGcGumVSo,0,0,0,,2406,1327,3436,https://www.youtube.com/watch?v=fLbGcGumVSo,10527,1492,784,2236,https://www.twitch.tv/videos/2734494408
f13832094d8b40fbb95d07732aa3c3c7,23200,411809,734,254,1966,https://www.youtube.com/watch?v=DSoRx3D5bdQ,670,249,1231,https://www.youtube.com/watch?v=nNNrc1nrZU0,1540,654,1966,https://www.youtube.com/watch?v=DSoRx3D5bdQ,0,0,0,0,
ae4eaef845fc4daaa8106a51a590e145,23200,1251639,590,297,4169,https://www.youtube.com/watch?v=IHQS4QXO3Gc,561,290,2102,https://www.youtube.com/watch?v=alCHFmN_uIc,3469,2393,4169,https://www.youtube.com/watch?v=IHQS4QXO3Gc,0,0,0,0,
7c00b7dc73a240dc84d68be389732a0c,23200,1097656,236,146,438,https://www.youtube.com/watch?v=h5A65jbSNGM,230,137,259,https://www.youtube.com/watch?v=qfEMVvWzEeQ,438,223,438,https://www.youtube.com/watch?v=h5A65jbSNGM,0,0,0,0,
dcebd098c3ea479ba2b0e32a2696a5ec,23100,865572,646,224,4546,https://www.youtube.com/watch?v=oevRSJswqXU,628,201,705,https://www.youtube.com/watch?v=c31EzWVotFg,4546,3098,4546,https://www.youtube.com/watch?v=oevRSJswqXU,0,0,0,0,
2be709cdd22f4a63a95504731ba79afd,23000,974729,642,205,3257,https://www.youtube.com/watch?v=VGlbvwn7_og,605,203,934,https://www.youtube.com/watch?v=Lh_YYMzqXgQ,3257,1905,3257,https://www.youtube.com/watch?v=VGlbvwn7_og,0,0,0,0,
951dd0b605d04163b38de18262e9a438,22800,627546,0,0,0,,0,0,0,,0,0,0,,1478,117,99,181,https://www.twitch.tv/videos/2757363644
da4a58b114b94469a0a93f6b8ee7512d,22500,821415,598,325,1429,https://www.youtube.com/watch?v=umJbt1-DEGs,562,325,1208,https://www.youtube.com/watch?v=zIWfZFZ-510,1179,795,1429,https://www.youtube.com/watch?v=umJbt1-DEGs,12398,335,225,693,https://www.twitch.tv/videos/2743675436
18bd2d37e2e64f0cab20ec6a2b2f2474,22400,1037367,570,233,3382,https://www.youtube.com/watch?v=OmQiyV-hFWA,486,216,741,https://www.youtube.com/watch?v=S_VGHubIv-w,2387,1133,3382,https://www.youtube.com/watch?v=OmQiyV-hFWA,3009,485,324,629,https://www.twitch.tv/videos/2747065219
6dfe72bb90994dceb7b753908876307d,22300,1449116,727,312,17360,https://www.youtube.com/watch?v=Tfb7ulqpCdQ,654,299,1428,https://www.youtube.com/watch?v=J4hJnOm6UdU,5966,2056,17360,https://www.youtube.com/watch?v=Tfb7ulqpCdQ,0,0,0,0,
05317bcbe5f243abb85618d2669bd0d7,22200,402443,72,46,299,https://www.youtube.com/watch?v=8DElqkq7aHQ,71,45,206,https://www.youtube.com/watch?v=Wpy-wuYMY0Q,191,105,299,https://www.youtube.com/watch?v=8DElqkq7aHQ,0,0,0,0,
75ddc749133b4c498eb35ceac1e2a0b2,22200,2670661,456,227,1863,https://www.youtube.com/watch?v=Z5WXNquTwtk,455,221,846,https://www.youtube.com/watch?v=v6fizsAZZsk,1863,1082,1863,https://www.youtube.com/watch?v=Z5WXNquTwtk,0,0,0,0,
c0c35f0471774be2b33163ae20f2d6bb,22200,1312434,457,234,3016,https://www.youtube.com/watch?v=WUU_lhN2a3k,454,228,2260,https://www.youtube.com/watch?v=wtUcVjU81D0,2783,1582,3016,https://www.youtube.com/watch?v=WUU_lhN2a3k,0,0,0,0,
3809ec8a42634d11aa1b7b8f99755c6a,22100,1841567,5686,2447,5686,https://www.youtube.com/watch?v=Va4Y4RQyT5Y,0,0,0,,5686,2447,5686,https://www.youtube.com/watch?v=Va4Y4RQyT5Y,67340,3591,1104,11639,https://www.twitch.tv/videos/2741841004
3e6a09fe4ef744f987e27ae0f06cdf09,21900,664330,394,213,1429,https://www.youtube.com/watch?v=ZzPK0Ic4JP0,386,191,662,https://www.youtube.com/watch?v=jA4SDCQ_8Mo,1235,730,1429,https://www.youtube.com/watch?v=ZzPK0Ic4JP0,0,0,0,0,
7754dca48f524b938314a2b346772e4e,21600,1657056,1063,538,9572,https://www.youtube.com/watch?v=gwWPdpSxGeE,878,301,1170,https://www.youtube.com/watch?v=MAvwHfrxdvM,8486,4696,9572,https://www.youtube.com/watch?v=gwWPdpSxGeE,0,0,0,0,
60716febdfe949248e8f67d85634bec5,21600,8277408,466,195,1820,https://www.youtube.com/watch?v=yAm7VwP6iGc,0,0,0,,466,195,1820,https://www.youtube.com/watch?v=yAm7VwP6iGc,0,0,0,0,
532b143e82d6452fac9a18d1d025a2af,21500,430482,304,173,2254,https://www.youtube.com/watch?v=nBANNj05H_o,278,156,941,https://www.youtube.com/watch?v=KjZe_B5FBX4,1103,324,2254,https://www.youtube.com/watch?v=nBANNj05H_o,0,0,0,0,
ffe3f2e400ab4237ac873ae9d5a0eda4,21300,850745,1581,519,5377,https://www.youtube.com/watch?v=rGa7yanhY1U,879,365,2155,https://www.youtube.com/watch?v=VSPhGz7HckU,2318,1034,5377,https://www.youtube.com/watch?v=rGa7yanhY1U,0,0,0,0,
ec4bc8d279af43eaba4679b762bbbc59,21300,822688,0,0,0,,0,0,0,,0,0,0,,0,0,0,0,
0f2ad43c618943d19d5101f2d3c49ac9,20800,977113,234,157,1804,https://www.youtube.com/watch?v=POIHOusUcfQ,0,0,0,,234,157,1804,https://www.youtube.com/watch?v=POIHOusUcfQ,178,0,0,0,
b63a5ee44acf4498827a3fd984ab23e0,20700,1439721,786,262,1112,https://www.youtube.com/watch?v=FqLsXlWEy-Y,786,262,1112,https://www.youtube.com/watch?v=FqLsXlWEy-Y,0,0,0,,0,0,0,0,
53c811a3e7814de2b76dd4e0c241a9e5,20700,648059,114,84,727,https://www.youtube.com/watch?v=VIEjht70dXQ,114,84,727,https://www.youtube.com/watch?v=VIEjht70dXQ,0,0,0,,618,0,0,0,
2ba32c49f08849f9a109b7e485c9c5a5,20700,925511,1497,537,13670,https://www.youtube.com/watch?v=dG5V9kYWb_U,724,346,1925,https://www.youtube.com/watch?v=_FB7YCtWrjY,3624,1824,13670,https://www.youtube.com/watch?v=dG5V9kYWb_U,0,0,0,0,
38fcf8bc7f3f45d68bab44577c019c84,20600,738039,321,176,12399,https://www.youtube.com/watch?v=hTkv5nTr8K8,286,112,354,https://www.youtube.com/watch?v=7NVxElGUeKI,1020,286,12399,https://www.youtube.com/watch?v=hTkv5nTr8K8,0,0,0,0,
365db081229a4efeb4630f19587a96b2,20600,1245886,675,317,7021,https://www.youtube.com/watch?v=5WnlNeOlpeA,520,246,7021,https://www.youtube.com/watch?v=5WnlNeOlpeA,1993,1166,6475,https://www.youtube.com/watch?v=hspUE3HH8Yg,0,0,0,0,
accbad7e89df4174a13b68edcae74068,20600,794578,492,184,10524,https://www.youtube.com/watch?v=mkz53j2dhvo,444,184,1011,https://www.youtube.com/watch?v=IxCj4f6uPW4,1402,509,10524,https://www.youtube.com/watch?v=mkz53j2dhvo,739,0,0,0,
67d6807619064938a78832b4106de5c0,20500,894100,106,56,170,https://www.youtube.com/watch?v=8GPg2SxViWg,106,56,170,https://www.youtube.com/watch?v=8GPg2SxViWg,0,0,0,,3247,160,105,224,https://www.twitch.tv/videos/2747034970
cd88de8b4bc84a71975df9afb42192b8,20500,485615,1961,844,16205,https://www.youtube.com/watch?v=lx8kD_fYAqQ,1811,712,16205,https://www.youtube.com/watch?v=lx8kD_fYAqQ,7617,2172,7617,https://www.youtube.com/watch?v=pmmYyNCMdBM,4120,0,0,0,
7cecb437e7a54e07a29c3a164565957d,20500,1206714,764,392,2619,https://www.youtube.com/watch?v=8rbtTezR7Xk,492,334,2377,https://www.youtube.com/watch?v=MnLPdsoLBrs,1724,672,2619,https://www.youtube.com/watch?v=8rbtTezR7Xk,0,0,0,0,
9d0fb5c59ea745f09934f3cfd932c393,20400,2873182,3057,986,16532,https://www.youtube.com/watch?v=11OVNzzz83U,518,303,618,https://www.youtube.com/watch?v=7BctUsyeKME,6643,2774,16532,https://www.youtube.com/watch?v=11OVNzzz83U,0,0,0,0,
e9a9d88bf69e4c83842fe05b3ae1601b,20400,1104516,536,351,566,https://www.youtube.com/watch?v=H92UKVsx6uI,506,333,506,https://www.youtube.com/watch?v=MIUNxGbCjAg,566,368,566,https://www.youtube.com/watch?v=H92UKVsx6uI,13310,1099,474,2321,https://www.twitch.tv/videos/2737948609
f7c8264349654390a5e39810dc012a38,20400,1425510,1298,469,1660,https://www.youtube.com/watch?v=dDd83hp-FzY,0,0,0,,1298,469,1660,https://www.youtube.com/watch?v=dDd83hp-FzY,0,0,0,0,
adc9d30b5940427e96ae92238f0f8b83,20200,568654,334,152,9080,https://www.youtube.com/watch?v=oMAFg3rEido,257,117,2758,https://www.youtube.com/watch?v=RjPsE7PU_Eo,1773,573,9080,https://www.youtube.com/watch?v=oMAFg3rEido,868,0,0,0,
3e19e054b479401da231ebc3d3fab628,20000,628863,2273,1905,2926,https://www.youtube.com/watch?v=O1tkprNkYYE,0,0,0,,2273,1905,2926,https://www.youtube.com/watch?v=O1tkprNkYYE,0,0,0,0,
c9ece3513c804b3db003cd8fca683857,19900,778935,0,0,0,,0,0,0,,0,0,0,,8601,0,0,0,
36a96262405a4d4683db73d8403bf8b7,19800,1255270,695,425,2697,https://www.youtube.com/watch?v=_ZZp_YOekvI,590,425,695,https://www.youtube.com/watch?v=6dr-4ugm53U,2087,593,2697,https://www.youtube.com/watch?v=_ZZp_YOekvI,571,191,172,294,https://www.twitch.tv/videos/2755714861
88f782b3b6c6492c926f70e4a13390c9,19700,806992,338,148,1464,https://www.youtube.com/watch?v=-nA4QXUgnzE,323,119,599,https://www.youtube.com/watch?v=RF5HQzYKoHI,843,432,1464,https://www.youtube.com/watch?v=-nA4QXUgnzE,834,193,142,275,https://www.twitch.tv/videos/2750624428
c540124532e14ceb8e9ffc654a0ec4c9,19500,28733810,507,228,52660,https://www.youtube.com/watch?v=iFbinc2gYy4,297,106,2017,https://www.youtube.com/watch?v=bT3co3mHcr8,14676,5124,52660,https://www.youtube.com/watch?v=iFbinc2gYy4,1592,39,24,58,https://www.twitch.tv/videos/2747731452
7b58646f89cb4b7cbcdce819499c475f,19500,381773,0,0,0,,0,0,0,,0,0,0,,0,0,0,0,
de266b34e79c49b48fa566e9fb1a24af,19200,1316562,780,281,1315,https://www.youtube.com/watch?v=50dM2YpHfPs,780,281,1315,https://www.youtube.com/watch?v=50dM2YpHfPs,0,0,0,,624,0,0,0,
05e831b267914fc5b4d9b28de1f648dc,19200,948326,0,0,0,,0,0,0,,0,0,0,,0,0,0,0,
6548fd18ecf84bd88112cd5babfa2a66,19100,669211,448,235,14174,https://www.youtube.com/watch?v=Zf7T4b437_0,394,189,2560,https://www.youtube.com/watch?v=v6Y1YZ8MJ80,2149,669,14174,https://www.youtube.com/watch?v=Zf7T4b437_0,2521,0,0,0,
cdb5c89f61c94949a989457cf549b7e4,18800,1286400,591,329,2469,https://www.youtube.com/watch?v=pxQ4T1GhUS0,573,311,798,https://www.youtube.com/watch?v=w_DwWb-fRNg,743,431,2469,https://www.youtube.com/watch?v=pxQ4T1GhUS0,0,0,0,0,
ef67b676c0334ef182151f473469c1f1,18800,1114969,1047,416,2684,https://www.youtube.com/watch?v=Q60109uvkUQ,585,266,1663,https://www.youtube.com/watch?v=bRrtVJdD3SE,1722,710,2684,https://www.youtube.com/watch?v=Q60109uvkUQ,0,0,0,0,
2c05340bb152419ebe0bd3fb6a78da80,18600,1838723,734,377,7312,https://www.youtube.com/watch?v=L1Moj-ndH9c,658,336,2506,https://www.youtube.com/watch?v=vj4o77wkUjA,1233,829,7312,https://www.youtube.com/watch?v=L1Moj-ndH9c,0,0,0,0,
6c0758764e674c6db2f985710fcfbd7b,18500,1252679,820,526,4915,https://www.youtube.com/watch?v=aQUHHlXOQX0,643,359,1093,https://www.youtube.com/watch?v=uQlOyfM0Lao,2355,1088,4915,https://www.youtube.com/watch?v=aQUHHlXOQX0,0,0,0,0,
ebc44e2ba78f4790b832d02c31410262,18100,676793,237,136,3457,https://www.youtube.com/watch?v=jMzYscoKhVY,197,92,385,https://www.youtube.com/watch?v=EcYsocWv_S8,1679,699,3457,https://www.youtube.com/watch?v=jMzYscoKhVY,524,283,241,732,https://www.twitch.tv/videos/2756661788
05be4fb717614738a87daac46157ddb1,18000,1234056,358,185,1463,https://www.youtube.com/watch?v=yEvoY1T-AV0,311,200,643,https://www.youtube.com/watch?v=xQbg11TDeUM,1463,170,1463,https://www.youtube.com/watch?v=yEvoY1T-AV0,0,0,0,0,
0bfd032de03c48a4bd7d1f4505335a7d,17900,812926,307,178,565,https://www.youtube.com/watch?v=JII0tO3N8tY,307,178,565,https://www.youtube.com/watch?v=JII0tO3N8tY,0,0,0,,0,0,0,0,
aaa45dc386714427ba862f691d4471ac,17800,1699994,1316,361,6493,https://www.youtube.com/watch?v=6tAlIoZHsi8,519,255,1531,https://www.youtube.com/watch?v=tKlr1LRAKT8,1977,875,6493,https://www.youtube.com/watch?v=6tAlIoZHsi8,1508,0,0,0,
ed3f69b9de7c43f3a32b4e7dfdb5bfd0,17700,652579,203,113,6333,https://www.youtube.com/watch?v=J6ij2zd0WBU,179,101,336,https://www.youtube.com/watch?v=n1BDMrHK25I,1694,1014,6333,https://www.youtube.com/watch?v=J6ij2zd0WBU,0,0,0,0,
090be1be8d29429183e190e22fc4be22,17600,1080928,1289,346,3298,https://www.youtube.com/watch?v=lU2xPBLMdbg,449,225,3298,https://www.youtube.com/watch?v=lU2xPBLMdbg,2187,471,2468,https://www.youtube.com/watch?v=6l1a-zFaoR0,3871,429,292,547,https://www.twitch.tv/videos/2755133404
6c7a8b443aa942a89a83485c98d10559,17400,1530927,264,93,450,https://www.youtube.com/watch?v=u9cE-i5LXps,263,116,450,https://www.youtube.com/watch?v=u9cE-i5LXps,363,66,363,https://www.youtube.com/watch?v=HOeQM_kJ0AA,0,0,0,0,
936b23e5e87144108c5d3f09f194c8b8,17300,1352452,251,118,415,https://www.youtube.com/watch?v=TIOwrqTPRJw,251,118,415,https://www.youtube.com/watch?v=TIOwrqTPRJw,0,0,0,,6855,0,0,0,
49eca1ea30a8425a8967677070c95627,17000,745268,542,307,2546,https://www.youtube.com/watch?v=l6IE0UpHGVE,514,227,704,https://www.youtube.com/watch?v=7K1qlJxn1rs,1881,403,2546,https://www.youtube.com/watch?v=l6IE0UpHGVE,0,0,0,0,
139f3f1818a2420aa35d5471adaf1a73,16900,606896,292,140,1032,https://www.youtube.com/watch?v=vuwNGq62flI,296,157,1032,https://www.youtube.com/watch?v=vuwNGq62flI,100,98,100,https://www.youtube.com/watch?v=0G5c2mY_guU,0,0,0,0,
bf58297d50a741e5b1808ec4c445f216,16800,3893627,1392,588,82239,https://www.youtube.com/watch?v=1-uqubxYB1I,352,212,509,https://www.youtube.com/watch?v=saoNeJ_TyDA,4688,1543,82239,https://www.youtube.com/watch?v=1-uqubxYB1I,0,0,0,0,
470d1cb40a5e460e8cdc1414c5fd1a34,16800,359916,789,267,2657,https://www.youtube.com/watch?v=3Vzbku6GnJo,789,267,2657,https://www.youtube.com/watch?v=3Vzbku6GnJo,0,0,0,,1295,0,0,0,
f6fe970a79964cca9dcec4741f0f679b,16700,1571219,2257,1532,33537,https://www.youtube.com/watch?v=huFK1-Vufr8,0,0,0,,2257,1532,33537,https://www.youtube.com/watch?v=huFK1-Vufr8,85348,34270,17500,117248,https://www.twitch.tv/videos/2755716754
7870ac4364ca4c97a4dfe7474251bf5b,16700,707170,795,466,41011,https://www.youtube.com/watch?v=e4TIXfBv-wA,765,454,1667,https://www.youtube.com/watch?v=KzEZR8FMGv8,21481,15007,41011,https://www.youtube.com/watch?v=e4TIXfBv-wA,0,0,0,0,
2ada3b89962b479bb8dbd2a63bca5da1,16700,1225869,379,144,1508,https://www.youtube.com/watch?v=bi7140Xw9Lo,379,144,1508,https://www.youtube.com/watch?v=bi7140Xw9Lo,0,0,0,,0,0,0,0,
fbb142bcb07a4808b0164c41ab1877ea,16600,1495566,286,194,2263,https://www.youtube.com/watch?v=Z3-FR8lfhbc,260,172,693,https://www.youtube.com/watch?v=BAUuXxCSLmY,1820,709,2263,https://www.youtube.com/watch?v=Z3-FR8lfhbc,0,0,0,0,
8796ee6fb25b4b40a8ad9a188059951a,16500,590452,262,121,476,https://www.youtube.com/watch?v=CrzAEeoez18,262,121,476,https://www.youtube.com/watch?v=CrzAEeoez18,0,0,0,,0,0,0,0,
0b63fa89b80e4649b0297d156ed1c791,16300,1392077,1133,631,2149,https://www.youtube.com/watch?v=F-r1VyFF5j0,780,610,1478,https://www.youtube.com/watch?v=ZXUODtzEqkI,1456,781,2149,https://www.youtube.com/watch?v=F-r1VyFF5j0,0,0,0,0,
3b1860c399f445469efdda27cf8d9156,16300,586604,209,75,481,https://www.youtube.com/watch?v=fniruDS4idk,209,75,481,https://www.youtube.com/watch?v=fniruDS4idk,0,0,0,,1093,31,17,84,https://www.twitch.tv/videos/2747081755
57903e09a68f4997b7c4bc356cd5e64d,16300,757206,830,482,5472,https://www.youtube.com/watch?v=3U0160zOKsU,691,370,1017,https://www.youtube.com/watch?v=ZWZYtkpQBiI,5259,1325,5472,https://www.youtube.com/watch?v=3U0160zOKsU,0,0,0,0,
c61d5dd825d5423fac8fd1bc0596d1ff,16300,421188,438,221,5620,https://www.youtube.com/watch?v=ra7rCVk5RPI,387,179,804,https://www.youtube.com/watch?v=6VMpY9eBPfA,3145,863,5620,https://www.youtube.com/watch?v=ra7rCVk5RPI,0,0,0,0,
1ac97b8deb08470dafc128557532dd52,16300,1187290,489,307,24379,https://www.youtube.com/watch?v=-2wumBTm-hY,322,132,530,https://www.youtube.com/watch?v=nUo5qHrSFZA,2463,1237,24379,https://www.youtube.com/watch?v=-2wumBTm-hY,418,0,0,0,
c379e3f4f1eb41869ec465481b182e50,16200,677976,741,376,2772,https://www.youtube.com/watch?v=GxRL3MjKC0E,617,356,2772,https://www.youtube.com/watch?v=GxRL3MjKC0E,1560,598,2279,https://www.youtube.com/watch?v=yy7TnpuVKo0,0,0,0,0,
2885972c2d0943e6b697bdc5e72c1d4a,16000,284660,318,216,423,https://www.youtube.com/watch?v=xlrJy06CMM0,318,216,423,https://www.youtube.com/watch?v=xlrJy06CMM0,0,0,0,,0,0,0,0,
ec30041838214022aeb622c0851e46db,15800,806753,379,355,10725,https://www.youtube.com/watch?v=Xb5ubUuJuWA,114,12,141,https://www.youtube.com/watch?v=KQvvBD5Ik2w,5445,3121,10725,https://www.youtube.com/watch?v=Xb5ubUuJuWA,4864,423,255,745,https://www.twitch.tv/videos/2756470093
76d68171666847cc913328359037139c,15800,711741,410,136,19240,https://www.youtube.com/watch?v=IEaiJvkRRKU,345,111,905,https://www.youtube.com/watch?v=DkY59bBJxs8,2175,1411,19240,https://www.youtube.com/watch?v=IEaiJvkRRKU,1637,0,0,0,
221563b6b46245379c6dc6328c9d0447,15700,1122369,129,11,129,https://www.youtube.com/watch?v=Zzml16IaGOM,0,0,0,,129,11,129,https://www.youtube.com/watch?v=Zzml16IaGOM,0,0,0,0,
5db725f32b5e4e1380ad64110b88c91d,15700,4936966,72,60,184,https://www.youtube.com/watch?v=7ju4DZg26Ks,72,60,184,https://www.youtube.com/watch?v=7ju4DZg26Ks,0,0,0,,1048,0,0,0,
b174714646ea40e28ce32affabe3e93e,15600,619416,864,517,3442,https://www.youtube.com/watch?v=ESMLxmhF7-w,771,485,2020,https://www.youtube.com/watch?v=L0QKRVbfQBQ,2381,1421,3442,https://www.youtube.com/watch?v=ESMLxmhF7-w,649,0,0,0,
71e1a399885b48e79c9a98e973e6b5e3,15600,5719688,2224,1273,17615,https://www.youtube.com/watch?v=PVGXtFrYbKE,0,0,0,,2224,1273,17615,https://www.youtube.com/watch?v=PVGXtFrYbKE,679,0,0,0,
656455380d524045b9f75d6082563f94,15600,1436331,204,100,1745,https://www.youtube.com/watch?v=W5v-EDEhMBE,184,83,245,https://www.youtube.com/watch?v=TJ8pgD9afvs,1558,1145,1745,https://www.youtube.com/watch?v=W5v-EDEhMBE,660,0,0,0,
77533b0fb2324e33bff67fbbf4daf13f,15400,3905950,604,393,1321,https://www.youtube.com/watch?v=pWJgNk4uJYU,1171,539,1321,https://www.youtube.com/watch?v=pWJgNk4uJYU,519,331,604,https://www.youtube.com/watch?v=d5j6ZT6jC-0,1464,10,9,10,https://www.twitch.tv/videos/2755897405
e93182ff3a954e0e92567136dc3659ed,15200,411983,240,100,1850,https://www.youtube.com/watch?v=WlYgP1RHkbE,214,97,385,https://www.youtube.com/watch?v=lzemCpOSPfY,1567,214,1850,https://www.youtube.com/watch?v=WlYgP1RHkbE,0,0,0,0,
fd7a69505569429fb845ac056825f3a9,15200,1561373,147,72,286,https://www.youtube.com/watch?v=mDQM3Ta7tT4,148,62,286,https://www.youtube.com/watch?v=mDQM3Ta7tT4,112,95,112,https://www.youtube.com/watch?v=kPMsIWOpEPg,0,0,0,0,
0f595c5e48be4f29befb358388a61f8b,15200,1222242,0,0,0,,0,0,0,,0,0,0,,385,0,0,0,
03762df738044b09a1e216949158c8a4,14700,249881,218,212,218,https://www.youtube.com/watch?v=dvnwK_-rp98,218,212,218,https://www.youtube.com/watch?v=dvnwK_-rp98,0,0,0,,2425,605,461,942,https://www.twitch.tv/videos/2755071439
5f8930a469f94b5cad116810f68a2614,14600,397911,1198,902,3904,https://www.youtube.com/watch?v=AUngejQemCM,1198,902,3904,https://www.youtube.com/watch?v=AUngejQemCM,1123,571,1943,https://www.youtube.com/watch?v=5ELHcBILVNw,0,0,0,0,
0ba1bc3725a9456aa0f66ec951ad47eb,14600,744344,705,575,4264,https://www.youtube.com/watch?v=gycuQ5LYmQY,342,172,798,https://www.youtube.com/watch?v=zQJIRoHscUg,2162,1149,4264,https://www.youtube.com/watch?v=gycuQ5LYmQY,6107,595,198,1163,https://www.twitch.tv/videos/2735508956
6a30fc9ee6f24d839198497406c63cc1,14600,2016592,240,72,1652,https://www.youtube.com/watch?v=nxitlYAHHoY,94,41,129,https://www.youtube.com/watch?v=MkgsazjS6rw,265,99,1652,https://www.youtube.com/watch?v=nxitlYAHHoY,524,0,0,0,
ac1ce1eeaffa4e58a8155c20d8f85ff3,14500,573763,439,211,1404,https://www.youtube.com/watch?v=AjEAB7yziA0,433,201,983,https://www.youtube.com/watch?v=A0Qd7qmynJ0,1230,750,1404,https://www.youtube.com/watch?v=AjEAB7yziA0,5235,0,0,0,
d5c19a6328af48ba88bf41b2dd757f14,14500,690092,235,141,2695,https://www.youtube.com/watch?v=mApWlic5-1M,187,107,235,https://www.youtube.com/watch?v=TkRvdIMhb_s,1899,883,2695,https://www.youtube.com/watch?v=mApWlic5-1M,0,0,0,0,
15e4450f63904e50907dc93fee446fd2,14400,893513,945,434,2447,https://www.youtube.com/watch?v=qL9qVL9TPzQ,665,261,1391,https://www.youtube.com/watch?v=rdMP0Fm-tac,1978,908,2447,https://www.youtube.com/watch?v=qL9qVL9TPzQ,0,0,0,0,
1a1942f52ea74121923497e7e0cfd6a5,14300,671779,189,86,245,https://www.youtube.com/watch?v=x2I7oKWdnTg,189,86,245,https://www.youtube.com/watch?v=x2I7oKWdnTg,0,0,0,,0,0,0,0,
bf197e3d2cd6400db5f7e397427965e5,14300,410505,109,57,176,https://www.youtube.com/watch?v=MNoSdjiH2E0,109,57,176,https://www.youtube.com/watch?v=MNoSdjiH2E0,0,0,0,,272,0,0,0,
031e5c207b634c6ab08dbc0a361ba52e,14300,416183,333,135,1867,https://www.youtube.com/watch?v=Eygr91ZGaU0,333,135,1867,https://www.youtube.com/watch?v=Eygr91ZGaU0,0,0,0,,458,0,0,0,
8eec9fd38e7440f09bf1bc864e4d6e38,14200,497327,848,276,3241,https://www.youtube.com/watch?v=exi2rGrr-aI,719,220,1732,https://www.youtube.com/watch?v=oA7LKIGthBI,2159,843,3241,https://www.youtube.com/watch?v=exi2rGrr-aI,2835,2391,2210,6548,https://www.twitch.tv/videos/2753506790
ec183b10574a449f91e43ab216976a60,14200,1090086,1247,773,4954,https://www.youtube.com/watch?v=ztlZ7ZQZtgo,984,470,2907,https://www.youtube.com/watch?v=OzqRUy2zaBA,4154,1823,4954,https://www.youtube.com/watch?v=ztlZ7ZQZtgo,1234,0,0,0,
b5561ece0c9b4f4a8fccdd3b36ee3260,14100,823214,641,266,8996,https://www.youtube.com/watch?v=a_9yV5Xb0F0,240,206,304,https://www.youtube.com/watch?v=vIiOqpywayk,3628,1626,8996,https://www.youtube.com/watch?v=a_9yV5Xb0F0,0,0,0,0,
2d57d202ef8e46a5871302b944309bc2,14100,1258460,62,31,64,https://www.youtube.com/watch?v=Y6b7wAIspiI,62,31,64,https://www.youtube.com/watch?v=Y6b7wAIspiI,0,0,0,,0,0,0,0,
c4bc52355d334a98bdaa1e57c05673ad,14000,1097741,404,202,899,https://www.youtube.com/watch?v=D6a8DfmfBek,404,202,899,https://www.youtube.com/watch?v=D6a8DfmfBek,0,0,0,,0,0,0,0,
09600daf1956476190642d1be738e945,14000,1123512,825,409,15933,https://www.youtube.com/watch?v=2gTgFM45Y44,812,377,1356,https://www.youtube.com/watch?v=KT5jUD1NoqQ,6909,2402,15933,https://www.youtube.com/watch?v=2gTgFM45Y44,0,0,0,0,
7c5232b16a1d44498677ed33e72bd8c6,13900,519349,424,223,3904,https://www.youtube.com/watch?v=KJaxl2GUHWA,348,204,2461,https://www.youtube.com/watch?v=_gb3bzGQG4k,2506,1090,3904,https://www.youtube.com/watch?v=KJaxl2GUHWA,0,0,0,0,
0471d5082a2e419786e141d6424c9150,13900,1387458,779,383,16365,https://www.youtube.com/watch?v=QuEWMVrmTPo,300,165,618,https://www.youtube.com/watch?v=qtXOU4pxAZM,2202,1219,16365,https://www.youtube.com/watch?v=QuEWMVrmTPo,7794,935,566,95901,https://www.twitch.tv/videos/2757278155
44af52f7f6aa487e850b3d261947205b,13800,1927917,298,183,3591,https://www.youtube.com/watch?v=FYzjx5Kx-X4,261,146,1638,https://www.youtube.com/watch?v=azVQKps6S74,2772,879,3591,https://www.youtube.com/watch?v=FYzjx5Kx-X4,114,100,61,175,https://www.twitch.tv/videos/2757355186
abc7acc71b474ebebecfde51ad5f88e1,13800,541451,187,80,201,https://www.youtube.com/watch?v=YsDxQN9VkI8,187,80,201,https://www.youtube.com/watch?v=YsDxQN9VkI8,0,0,0,,1641,0,0,0,
7ef2dc851df94f5aa7f632c736b4307e,13700,471807,252,63,262,https://www.youtube.com/watch?v=AKEVy6-x8pI,255,150,262,https://www.youtube.com/watch?v=AKEVy6-x8pI,57,24,62,https://www.youtube.com/watch?v=vsCW2-J-7i4,646,0,0,0,
4d8babea181e44df9855f3aafc06eb2c,13700,779871,505,202,7217,https://www.youtube.com/watch?v=bPoPWAH9R5M,293,149,1204,https://www.youtube.com/watch?v=hYiyM-eo-8Q,2129,815,7217,https://www.youtube.com/watch?v=bPoPWAH9R5M,0,0,0,0,
ad2a1148ff4747229694f9aa2c3645d9,13700,1020185,587,168,1823,https://www.youtube.com/watch?v=4fdSHUJeSn4,200,102,587,https://www.youtube.com/watch?v=tXsHKLsEAqQ,1491,700,1823,https://www.youtube.com/watch?v=4fdSHUJeSn4,0,0,0,0,
7587608de08740aeb1a8dbe40006b90d,13500,1069967,2363,757,2999,https://www.youtube.com/watch?v=7lvNAu2wlBo,0,0,0,,2363,757,2999,https://www.youtube.com/watch?v=7lvNAu2wlBo,2438,767,236,1245,https://www.twitch.tv/videos/2756625031
4571c7a211b945f3b608c0066f7e73e4,13400,3259333,315,67,1548,https://www.youtube.com/watch?v=szomRkwQdkA,306,71,465,https://www.youtube.com/watch?v=FaAIBn6AJ3o,1548,9,1548,https://www.youtube.com/watch?v=szomRkwQdkA,821,94,80,94,https://www.twitch.tv/videos/2754283722
a51be890a1f443ea87bee45c9d8acf13,13300,912335,2369,1247,4096,https://www.youtube.com/watch?v=yor-N5QBlEY,0,0,0,,2369,1247,4096,https://www.youtube.com/watch?v=yor-N5QBlEY,17943,3509,1002,7339,https://www.twitch.tv/videos/2752488899
0448e6929687421c9e0435832765b9fe,13300,318908,291,99,333,https://www.youtube.com/watch?v=7zMIQsbkgq8,291,99,333,https://www.youtube.com/watch?v=7zMIQsbkgq8,0,0,0,,2669,432,367,812,https://www.twitch.tv/videos/2749312083
5d2231ea88fd474d8a11e5a759899216,13300,3379976,624,199,3539,https://www.youtube.com/watch?v=M2FVRwixWpk,595,199,953,https://www.youtube.com/watch?v=_kpqJht11uY,2200,763,3539,https://www.youtube.com/watch?v=M2FVRwixWpk,212,0,0,0,
1a520f3d2665454f985490e42467ae27,13200,475954,373,210,1461,https://www.youtube.com/watch?v=2FmiyOhiWhg,317,198,1247,https://www.youtube.com/watch?v=85JBRZBG4cU,1177,662,1461,https://www.youtube.com/watch?v=2FmiyOhiWhg,0,0,0,0,
70b86c53cafa43b49e2782fe4e4bbd6c,13100,791640,473,219,1159,https://www.youtube.com/watch?v=LrGR2DCJ5a0,442,210,672,https://www.youtube.com/watch?v=l2zcjy3IrfU,581,401,1159,https://www.youtube.com/watch?v=LrGR2DCJ5a0,0,0,0,0,
390346240f4748bd9d81e472411c20c2,13100,319497,1183,526,1183,https://www.youtube.com/watch?v=FuWZF77v6Eo,1183,526,1183,https://www.youtube.com/watch?v=FuWZF77v6Eo,0,0,0,,3651,0,0,0,
3d46fb16bc2c48fb8f12a647cf5ec702,13000,1077893,936,333,4839,https://www.youtube.com/watch?v=x0AzrIMr_-g,823,301,4839,https://www.youtube.com/watch?v=x0AzrIMr_-g,1709,739,3126,https://www.youtube.com/watch?v=lcSQSEl9L0w,0,0,0,0,
f73be498fddd4e718f18f8203af00f33,13000,450206,233,99,420,https://www.youtube.com/watch?v=uA-yy3PDiOE,233,99,420,https://www.youtube.com/watch?v=uA-yy3PDiOE,0,0,0,,515,0,0,0,
1eec022f916a46b58f5124936afdabe3,13000,320807,315,189,2154,https://www.youtube.com/watch?v=3kK0yDU7cXw,242,172,386,https://www.youtube.com/watch?v=CoTuPV_86Hw,1101,437,2154,https://www.youtube.com/watch?v=3kK0yDU7cXw,0,0,0,0,
cad7f93653b54779932a6809a5f3a769,13000,344407,306,176,521,https://www.youtube.com/watch?v=YVtd8BtFyKg,306,176,521,https://www.youtube.com/watch?v=YVtd8BtFyKg,0,0,0,,1253,603,475,668,https://www.twitch.tv/videos/2754194827
788611c913b04d999011628637657bee,12900,1438301,982,454,6622,https://www.youtube.com/watch?v=_5lRTqPjqEM,713,382,2273,https://www.youtube.com/watch?v=jrwce7aZ6Rk,2335,1278,6622,https://www.youtube.com/watch?v=_5lRTqPjqEM,2299,354,258,1155,https://www.twitch.tv/videos/2754001649
0ab147ded84b484eac14de7a46c9cf4e,12900,659175,329,165,4783,https://www.youtube.com/watch?v=CR2CFBNdqIo,314,123,727,https://www.youtube.com/watch?v=oTOFIl7dEuo,1194,694,4783,https://www.youtube.com/watch?v=CR2CFBNdqIo,0,0,0,0,
5ee3c46f62cf4b34accc313fb437581b,12800,163400,322,181,691,https://www.youtube.com/watch?v=AJgCfX1Y6h4,322,181,691,https://www.youtube.com/watch?v=AJgCfX1Y6h4,0,0,0,,0,0,0,0,
a168211aa3dd451cb33e09b80df0ea0a,12800,371136,95,53,350,https://www.youtube.com/watch?v=PgO2hZwcKpI,94,54,350,https://www.youtube.com/watch?v=PgO2hZwcKpI,143,16,143,https://www.youtube.com/watch?v=TGVtbnbe44k,547,0,0,0,
fbced2373c5a48f6abee998296f20617,12800,184545,167,91,220,https://www.youtube.com/watch?v=k2PVnNsEhtA,167,91,220,https://www.youtube.com/watch?v=k2PVnNsEhtA,0,0,0,,0,0,0,0,
2ee2acc29fac42c5b130558543cbdf00,12800,820991,264,143,3720,https://www.youtube.com/watch?v=Ql8fAVUBQ0k,241,128,490,https://www.youtube.com/watch?v=NYBO8UW0dpg,1714,898,3720,https://www.youtube.com/watch?v=Ql8fAVUBQ0k,851,25,21,44,https://www.twitch.tv/videos/2746274480
68820304b6164959806479d6c9dad127,12700,511008,816,437,14917,https://www.youtube.com/watch?v=U-a0-IjwPVU,812,400,2430,https://www.youtube.com/watch?v=wZlsvpEZqCE,8560,2024,14917,https://www.youtube.com/watch?v=U-a0-IjwPVU,0,0,0,0,
20aa88e16d77400b9bc4e72df1b2a588,12700,404501,526,232,2021,https://www.youtube.com/watch?v=C3Gp2pDV05c,410,194,613,https://www.youtube.com/watch?v=dxBTuibIbq4,1570,574,2021,https://www.youtube.com/watch?v=C3Gp2pDV05c,0,0,0,0,
15cbed02d2f74630b04b73515909c1f4,12700,450123,190,80,204,https://www.youtube.com/watch?v=cnotfzmicec,190,80,204,https://www.youtube.com/watch?v=cnotfzmicec,0,0,0,,2459,0,0,0,
3005ff0c09064d7f924c506e1e9c18ba,12600,500666,1673,139,1673,https://www.youtube.com/watch?v=ZHxQqjcUWx8,0,0,0,,1673,139,1673,https://www.youtube.com/watch?v=ZHxQqjcUWx8,22513,2696,1218,6345,https://www.twitch.tv/videos/2733883165
5fbcb045887b4a87878773dbf5f63e26,12600,355928,294,170,2300,https://www.youtube.com/watch?v=Xbm70NAohjY,281,161,1018,https://www.youtube.com/watch?v=5b2Ro2w9x8Y,1952,1729,2300,https://www.youtube.com/watch?v=Xbm70NAohjY,1328,507,327,555,https://www.twitch.tv/videos/2747043249
633c7350aca946428e98228660ee73e2,12300,510281,442,192,3286,https://www.youtube.com/watch?v=WIGmlv6-2zI,436,192,922,https://www.youtube.com/watch?v=xnLyFa0KGVA,623,399,3286,https://www.youtube.com/watch?v=WIGmlv6-2zI,0,0,0,0,
2a3824dd5c0a46f597b27dd183283aea,12200,5463151,371,196,17216,https://www.youtube.com/watch?v=vm0JZpOaAKo,204,97,1177,https://www.youtube.com/watch?v=8Xr2mZBXp5c,7170,3582,17216,https://www.youtube.com/watch?v=vm0JZpOaAKo,0,0,0,0,
7cbd1f537c3d4e67b38b9f9e31cb93d6,12100,283048,406,206,616,https://www.youtube.com/watch?v=YJrY4zboafI,406,206,616,https://www.youtube.com/watch?v=YJrY4zboafI,0,0,0,,3210,766,257,25222,https://www.twitch.tv/videos/2746214596
126103200de947a7a3c2ac3971eef633,12100,241118,0,0,0,,0,0,0,,0,0,0,,0,0,0,0,
3a8f78d98fd344cb9d32358e5c96eace,12100,590735,1573,662,14626,https://www.youtube.com/watch?v=Ab-Yg8v6eBQ,1005,516,1912,https://www.youtube.com/watch?v=jnPahQaCYiw,2739,1499,14626,https://www.youtube.com/watch?v=Ab-Yg8v6eBQ,3579,0,0,0,
316dd044dc644c4cac9e140dcba5d210,12000,923277,84,75,1310,https://www.youtube.com/watch?v=kBRR3yTsAnU,0,0,0,,84,75,1310,https://www.youtube.com/watch?v=kBRR3yTsAnU,1197,226,162,483,https://www.twitch.tv/videos/2756625360
976e0cf401784d3f874dc85b2b2c5839,12000,1149926,415,262,1895,https://www.youtube.com/watch?v=eNppJf5T8i0,408,259,712,https://www.youtube.com/watch?v=LrW0XsxSAuE,1755,1026,1895,https://www.youtube.com/watch?v=eNppJf5T8i0,3006,609,419,609,https://www.twitch.tv/videos/2750266610
6e51f06f6a02439d82b213b623cda4e8,12000,457187,207,116,2135,https://www.youtube.com/watch?v=O22YfkpW3Og,204,108,1997,https://www.youtube.com/watch?v=u3Hk5NqbZ_U,2135,622,2135,https://www.youtube.com/watch?v=O22YfkpW3Og,0,0,0,0,
8195d69546e3466c95f9d35ccb7c6c35,12000,1292821,590,302,1371,https://www.youtube.com/watch?v=UMePjCMSBCo,551,275,1125,https://www.youtube.com/watch?v=7iYNj_OCidg,1167,559,1371,https://www.youtube.com/watch?v=UMePjCMSBCo,0,0,0,0,
60ae2b3fd2254689bb65c216a0a09605,12000,52699,0,0,0,,0,0,0,,0,0,0,,0,0,0,0,
b1939ca67a3c43cf8a6a0a9a88137419,12000,237950,484,179,2416,https://www.youtube.com/watch?v=FlfEpK4S_zE,263,157,484,https://www.youtube.com/watch?v=L-Sohr6RT1o,1731,487,2416,https://www.youtube.com/watch?v=FlfEpK4S_zE,0,0,0,0,
b57162e62056494d85f1743abdbad648,12000,646347,691,25,691,https://www.youtube.com/watch?v=QohUUZi21b4,691,25,691,https://www.youtube.com/watch?v=QohUUZi21b4,0,0,0,,309,0,0,0,
d2c76258b7ff45ee88e3585c4c9ed0c1,12000,386927,0,0,0,,0,0,0,,0,0,0,,3806,0,0,0,
774342c826924ecfb8b13a2bc27e3b81,11900,2583781,176,138,2574,https://www.youtube.com/watch?v=AOsqQeknDPU,123,50,223,https://www.youtube.com/watch?v=bw2KyzaEj_w,1890,659,2574,https://www.youtube.com/watch?v=AOsqQeknDPU,0,0,0,0,
93a4d479e67242d58d3ff80307d3bc84,11900,388159,477,198,1349,https://www.youtube.com/watch?v=U9WONOWHJnU,302,116,477,https://www.youtube.com/watch?v=7a35Wt-qI-8,1071,533,1349,https://www.youtube.com/watch?v=U9WONOWHJnU,187,110,79,124,https://www.twitch.tv/videos/2748631511
6559d42f66684b8f80b4cd4589addd85,11900,748475,237,81,708,https://www.youtube.com/watch?v=tHyz4y9rFs8,238,82,708,https://www.youtube.com/watch?v=tHyz4y9rFs8,163,30,163,https://www.youtube.com/watch?v=e-2mD4Iq_6M,3671,145,101,208,https://www.twitch.tv/videos/2746345633
703ae2c7ccc9431382a5b0f2c35e6ec1,11800,745489,447,92,493,https://www.youtube.com/watch?v=fTOl2AO4nHw,447,92,493,https://www.youtube.com/watch?v=fTOl2AO4nHw,0,0,0,,0,0,0,0,
341ca5efce084743977d3b74315a30ab,11800,593190,716,488,3193,https://www.youtube.com/watch?v=bXexM30EVAE,697,334,1217,https://www.youtube.com/watch?v=Zwlvmu6mAKY,2496,1786,3193,https://www.youtube.com/watch?v=bXexM30EVAE,1474,440,328,696,https://www.twitch.tv/videos/2753489018
675071ddbd4844119d341bbfd6a0ee2a,11800,354743,447,195,19712,https://www.youtube.com/watch?v=CUrE64opgUI,419,181,1977,https://www.youtube.com/watch?v=YK7AOGcR_18,6736,3024,19712,https://www.youtube.com/watch?v=CUrE64opgUI,0,0,0,0,
4558095012964943921cd8a376a192fd,11700,440320,0,0,0,,0,0,0,,0,0,0,,6353,637,282,1071,https://www.twitch.tv/videos/2734722943
8faff7aecb9d4e12917ea0144696e2de,11700,493049,283,113,753,https://www.youtube.com/watch?v=G0q1TVvS0pk,283,113,753,https://www.youtube.com/watch?v=G0q1TVvS0pk,0,0,0,,855,285,233,1151,https://www.twitch.tv/videos/2745962968
82e63a8d4ae14beab89e13b43b35fce3,11600,328313,161,115,529,https://www.youtube.com/watch?v=YBWE4zCd3FM,161,115,529,https://www.youtube.com/watch?v=YBWE4zCd3FM,0,0,0,,0,0,0,0,
5f0afd7885894861925e7030c096297e,11600,551710,368,232,1350,https://www.youtube.com/watch?v=EAb2Ea-UmCk,368,232,1350,https://www.youtube.com/watch?v=EAb2Ea-UmCk,0,0,0,,0,0,0,0,
78c188fcd01a4ba382fb153ec86a7367,11500,1157441,633,281,2304,https://www.youtube.com/watch?v=7j85ughQZqg,618,261,2129,https://www.youtube.com/watch?v=IhmpiUY82Tc,2072,889,2304,https://www.youtube.com/watch?v=7j85ughQZqg,0,0,0,0,
512e1f38a37942cc8b7cb8aed597a810,11400,509021,257,150,1747,https://www.youtube.com/watch?v=BhAi51ZgYuU,247,107,489,https://www.youtube.com/watch?v=ehCkafP2Hgc,1684,745,1747,https://www.youtube.com/watch?v=BhAi51ZgYuU,0,0,0,0,
9012b1827e8141bd9d56d1a04b2f7ad1,11400,721840,598,239,2277,https://www.youtube.com/watch?v=oNmLLBm4imo,574,204,1472,https://www.youtube.com/watch?v=QfcZqe6QNQk,1458,997,2277,https://www.youtube.com/watch?v=oNmLLBm4imo,0,0,0,0,
696e947cd8624e609553d6786d21f11c,11400,409413,346,149,606,https://www.youtube.com/watch?v=JDiqwGHPdI8,345,158,549,https://www.youtube.com/watch?v=nkU42FRdO1E,606,89,606,https://www.youtube.com/watch?v=JDiqwGHPdI8,0,0,0,0,
72cc5bf1729245618e1f10da0b796d53,11300,464263,216,130,420,https://www.youtube.com/watch?v=V_pYd4Vveuw,175,117,295,https://www.youtube.com/watch?v=7IVdMZTgzBs,420,303,420,https://www.youtube.com/watch?v=V_pYd4Vveuw,1516,0,0,0,
5fc94cdcf7594a3ba5ce001ba405d3be,11300,727494,504,278,965,https://www.youtube.com/watch?v=o5xBNYIZpqI,504,278,965,https://www.youtube.com/watch?v=o5xBNYIZpqI,0,0,0,,1771,0,0,0,
a2e67b720e754c16bd739bcf9a95e396,11300,816839,520,323,6106,https://www.youtube.com/watch?v=hF65EKn9edY,314,183,520,https://www.youtube.com/watch?v=1EIYY_YpjoY,3222,1229,6106,https://www.youtube.com/watch?v=hF65EKn9edY,0,0,0,0,
ab5709b7d3074c6db2a57995d5b1c328,11300,1118924,339,116,489,https://www.youtube.com/watch?v=obaxgk6tDt4,347,120,489,https://www.youtube.com/watch?v=obaxgk6tDt4,292,41,292,https://www.youtube.com/watch?v=89GQyExwbRo,0,0,0,0,
51cd04cab0de47d4b2b5a156bbe2dfb0,11200,424794,255,143,389,https://www.youtube.com/watch?v=IoWAEKvo0As,255,143,389,https://www.youtube.com/watch?v=IoWAEKvo0As,0,0,0,,0,0,0,0,
a5f7302f9f1a4fcdb2471c4bc52a05fb,11200,825513,763,266,12154,https://www.youtube.com/watch?v=HjHNKlYMkpo,757,301,4053,https://www.youtube.com/watch?v=EzKmLGTXe84,3334,141,12154,https://www.youtube.com/watch?v=HjHNKlYMkpo,0,0,0,0,
914f6caed3ff4348824d966f76662bc2,11100,1024381,798,267,1326,https://www.youtube.com/watch?v=Y3ttxu7UHuU,809,364,1010,https://www.youtube.com/watch?v=xYOLsimwHlw,592,128,1326,https://www.youtube.com/watch?v=Y3ttxu7UHuU,0,0,0,0,
43864254e678407fae3dc899f7155912,11100,494052,228,153,627,https://www.youtube.com/watch?v=Xq4Fgd2cqXM,142,100,209,https://www.youtube.com/watch?v=2E1KuLo4u-s,353,259,627,https://www.youtube.com/watch?v=Xq4Fgd2cqXM,0,0,0,0,
99e291fd358849b8877df76fba0a672e,11100,689787,0,0,0,,0,0,0,,0,0,0,,0,0,0,0,
84944da407dc4de9896c7b763132908c,11000,658540,189,108,1301,https://www.youtube.com/watch?v=Vk2HKodiRhE,166,81,500,https://www.youtube.com/watch?v=qXE6WLhWk4E,751,356,1301,https://www.youtube.com/watch?v=Vk2HKodiRhE,0,0,0,0,
824bd7df6923453292dec9ff3e3f664a,11000,490126,219,118,3075,https://www.youtube.com/watch?v=JyrnJmsGFgE,96,49,245,https://www.youtube.com/watch?v=yHY2JLHZzAU,1581,615,3075,https://www.youtube.com/watch?v=JyrnJmsGFgE,631,0,0,0,
836f66b079c4466db64a8b3bc9295450,11000,348337,1159,606,1875,https://www.youtube.com/watch?v=99iYxP0DjVM,0,0,0,,1159,606,1875,https://www.youtube.com/watch?v=99iYxP0DjVM,0,0,0,0,
17933ba43ccf4e3c85961523b77bd901,11000,308657,1413,655,2986,https://www.youtube.com/watch?v=t5wPMkwTMfU,1413,655,2986,https://www.youtube.com/watch?v=t5wPMkwTMfU,0,0,0,,1084,615,432,852,https://www.twitch.tv/videos/2750965703
a1608f0690584f07bf7aaf84ed9e4d8f,11000,259855,867,388,20896,https://www.youtube.com/watch?v=qEsRD4vAYos,816,370,1115,https://www.youtube.com/watch?v=2aH3BOLDksA,20896,5262,20896,https://www.youtube.com/watch?v=qEsRD4vAYos,0,0,0,0,
b165ca888a7d4f61b754ac53ca374f11,11000,710290,0,0,0,,0,0,0,,0,0,0,,0,0,0,0,
ed28c754bb704dbf8a296f7008c2b5e4,10900,113983,52,14,72,https://www.youtube.com/watch?v=yXN8PrbvUXA,72,20,72,https://www.youtube.com/watch?v=yXN8PrbvUXA,33,8,33,https://www.youtube.com/watch?v=qWPocfDo_0Q,1001,0,0,0,
e11a32eec71e4b49aba5525ba012a02a,10900,469871,235,110,396,https://www.youtube.com/watch?v=gfj3kHla_Y4,235,110,396,https://www.youtube.com/watch?v=gfj3kHla_Y4,0,0,0,,237,0,0,0,
75d0bd5fa58a4a5fb479e3b2ebae82a7,10800,434019,160,87,263,https://www.youtube.com/watch?v=ZUhKp6OgnRQ,160,87,263,https://www.youtube.com/watch?v=ZUhKp6OgnRQ,0,0,0,,0,0,0,0,
c518b228a5a849179ab26f28d230036e,10800,134009,0,0,0,,0,0,0,,0,0,0,,0,0,0,0,
0c09a69445864b44adbba11b487f9b1a,10800,619536,5063,1345,5272,https://www.youtube.com/watch?v=bBWXMm2RlGc,0,0,0,,5063,1345,5272,https://www.youtube.com/watch?v=bBWXMm2RlGc,813,0,0,0,
209a528363cd411886ec9e5d086ff1bc,10800,1264796,1058,512,3963,https://www.youtube.com/watch?v=khJ51f8XkIU,1058,512,3963,https://www.youtube.com/watch?v=khJ51f8XkIU,0,0,0,,768,0,0,0,
c163cb7f683c453fa8a994ebbb09ede8,10700,441574,1163,518,2350,https://www.youtube.com/watch?v=SjTfcmHZcg0,116,21,139,https://www.youtube.com/watch?v=vSh1TBh-lY0,1390,742,2350,https://www.youtube.com/watch?v=SjTfcmHZcg0,3250,0,0,0,
00d3ddb7b65247eaa16473cfd1376723,10600,870497,1568,580,12213,https://www.youtube.com/watch?v=zL9DvdKyQv0,740,321,2177,https://www.youtube.com/watch?v=K2v7cZ3AIB4,2020,1233,12213,https://www.youtube.com/watch?v=zL9DvdKyQv0,898,0,0,0,
63a55bc5320e4f148ed0abd7991b0e01,10600,931891,1980,1140,4605,https://www.youtube.com/watch?v=56P6Ehm1wG4,0,0,0,,1980,1140,4605,https://www.youtube.com/watch?v=56P6Ehm1wG4,7635,692,321,2412,https://www.twitch.tv/videos/2749984821
96fc771ccb55485bb770997ec43e1ce1,10500,240298,0,0,0,,0,0,0,,0,0,0,,0,0,0,0,
27c0252056e84aa28da6dcebb8e86e85,10500,703120,275,108,490,https://www.youtube.com/watch?v=nCj0meqJ990,275,108,490,https://www.youtube.com/watch?v=nCj0meqJ990,0,0,0,,7793,0,0,0,
4b53aa789e544bd9aaecc9fbc79e4bbe,10500,834180,353,153,575,https://www.youtube.com/watch?v=qcfIl3EA8as,353,153,575,https://www.youtube.com/watch?v=qcfIl3EA8as,0,0,0,,0,0,0,0,
e04cb802f3c949bc8300c4125078f738,10500,374318,420,218,1637,https://www.youtube.com/watch?v=bKD5qUQG6U0,388,175,611,https://www.youtube.com/watch?v=_YDnne9mNBY,1112,563,1637,https://www.youtube.com/watch?v=bKD5qUQG6U0,0,0,0,0,
645fc774332a469ebd03f1a822ebe2be,10400,917395,507,324,1265,https://www.youtube.com/watch?v=OjJDvGGq-94,507,324,1265,https://www.youtube.com/watch?v=OjJDvGGq-94,0,0,0,,0,0,0,0,
b4bf821f6a6a440996f4fd9cddaf250b,10400,469535,328,114,999,https://www.youtube.com/watch?v=7QvzWJjXwZQ,163,50,205,https://www.youtube.com/watch?v=UdWJR1YU0x4,546,339,999,https://www.youtube.com/watch?v=7QvzWJjXwZQ,145,0,0,0,
0715c3b900ad423fa1b981cf4fc15c8f,10400,399871,117,73,225,https://www.youtube.com/watch?v=A2VhGCjv2B4,117,73,225,https://www.youtube.com/watch?v=A2VhGCjv2B4,0,0,0,,0,0,0,0,
95e5788cabf340e397e2726def426229,10400,488794,332,176,549,https://www.youtube.com/watch?v=GRZ8K_9wSyU,325,197,549,https://www.youtube.com/watch?v=GRZ8K_9wSyU,453,108,539,https://www.youtube.com/watch?v=XDO5RQo3X5M,0,0,0,0,
d9e5219a4cd84ac59bc35faa94729f01,10400,643149,150,90,2131,https://www.youtube.com/watch?v=E4T4S8Y3bBo,135,67,304,https://www.youtube.com/watch?v=sem6c7GOz54,830,236,2131,https://www.youtube.com/watch?v=E4T4S8Y3bBo,8918,365,281,999,https://www.twitch.tv/videos/2752699001
8dd4a8b4598e483e9112b2b1a9466013,10400,2814007,112,66,737,https://www.youtube.com/watch?v=DRoyaE-JY6M,99,58,139,https://www.youtube.com/watch?v=_Ryv1Fe2VAU,614,358,737,https://www.youtube.com/watch?v=DRoyaE-JY6M,265,0,0,0,
93785f5e8b614be98bf8e096f5b1f997,10400,408658,104,60,2994,https://www.youtube.com/watch?v=LQ6Y3CMYZHk,103,56,124,https://www.youtube.com/watch?v=t06x2EuUw0Y,2575,1362,2994,https://www.youtube.com/watch?v=LQ6Y3CMYZHk,0,0,0,0,
e949052e4ee24ecd8b352a68f6bf51e1,10300,348841,581,257,2902,https://www.youtube.com/watch?v=-UzrspKzGlA,460,130,687,https://www.youtube.com/watch?v=a4RVmZjHYLY,1895,795,2902,https://www.youtube.com/watch?v=-UzrspKzGlA,1874,545,431,748,https://www.twitch.tv/videos/2746180643
a31f3ab4cad841018b196b4de8186823,10300,647734,515,275,1571,https://www.youtube.com/watch?v=BrUyTbge-Vk,359,200,580,https://www.youtube.com/watch?v=nIkPGQMvhOI,1004,418,1571,https://www.youtube.com/watch?v=BrUyTbge-Vk,0,0,0,0,
b7f222493f4d4bd1be65f1c08300b45e,10300,449741,150,83,206,https://www.youtube.com/watch?v=emHNiPmzXlA,150,83,206,https://www.youtube.com/watch?v=emHNiPmzXlA,0,0,0,,0,0,0,0,
6885bffce2184355bed557901e079522,10200,436657,766,351,10558,https://www.youtube.com/watch?v=mQXUI9InvMQ,688,255,946,https://www.youtube.com/watch?v=mingxbQrK44,2063,1248,10558,https://www.youtube.com/watch?v=mQXUI9InvMQ,517,0,0,0,
6eec62ae2c9849de8ca895cef44ec952,10200,549722,254,93,1967,https://www.youtube.com/watch?v=OdJqPb3oD2s,192,48,439,https://www.youtube.com/watch?v=b3pNXDadiYo,953,672,1967,https://www.youtube.com/watch?v=OdJqPb3oD2s,1101,0,0,0,
3e269031fb4b45aaa0906ca424190ce2,10200,501412,3539,1617,4490,https://www.youtube.com/watch?v=wmSqRgZu7hg,0,0,0,,3539,1617,4490,https://www.youtube.com/watch?v=wmSqRgZu7hg,11070,2187,548,3302,https://www.twitch.tv/videos/2748441374
fefbcad20d8344c79c74a103d0ea45b2,10200,316509,0,0,0,,0,0,0,,0,0,0,,0,0,0,0,
175cfc69dbb34f1a8987f24a935db17f,10200,529718,431,307,7705,https://www.youtube.com/watch?v=aCqvnTkCmRc,397,260,925,https://www.youtube.com/watch?v=cJcH5-nxQ9Q,3876,1709,7705,https://www.youtube.com/watch?v=aCqvnTkCmRc,0,0,0,0,
e0cd8e719dc64b5f9c171736bbaff6f7,10200,1297480,762,370,1844,https://www.youtube.com/watch?v=1ioaX-ZFbZI,674,370,1844,https://www.youtube.com/watch?v=1ioaX-ZFbZI,930,359,1098,https://www.youtube.com/watch?v=t6CZnaMUOJg,0,0,0,0,
1d5ee3e2653b4ae5b1050533f8d1ae31,10100,4759,0,0,0,,0,0,0,,0,0,0,,0,0,0,0,
59c0d89447d54786966ba8ecd5649d63,10100,232754,1269,22,1269,https://www.youtube.com/watch?v=rjggnTKQJG4,1269,22,1269,https://www.youtube.com/watch?v=rjggnTKQJG4,0,0,0,,1756,0,0,0,
42844ee6e0cc47938829b43a3101b9bb,10100,133852,0,0,0,,0,0,0,,0,0,0,,5082,1392,1325,1392,https://www.twitch.tv/videos/2756660172
4bfaeda5b1f242959a992d6ad8b8a036,10000,310038,245,91,770,https://www.youtube.com/watch?v=gGAxcSkIh5U,177,83,380,https://www.youtube.com/watch?v=Qmb10xBBUOI,545,100,770,https://www.youtube.com/watch?v=gGAxcSkIh5U,469,0,0,0,
310862830fb648b78cca7e581e2622a7,9990,553019,1225,183,1225,https://www.youtube.com/watch?v=ufKDOSjbjnw,0,0,0,,1225,183,1225,https://www.youtube.com/watch?v=ufKDOSjbjnw,21101,2461,1211,4813,https://www.twitch.tv/videos/2739670644
f2dc08b1c55843d9a3d1e0461ebf57c1,9950,461459,1868,724,24240,https://www.youtube.com/watch?v=vkOm4zCyjFw,444,136,444,https://www.youtube.com/watch?v=KCBbDMtub0U,13054,7892,24240,https://www.youtube.com/watch?v=vkOm4zCyjFw,0,0,0,0,
cd542f88cc8b47d087301d567b7cebca,9940,368474,419,75,9041,https://www.youtube.com/watch?v=NJYVxNLicX0,419,75,874,https://www.youtube.com/watch?v=Yn0qnZO70qc,1152,373,9041,https://www.youtube.com/watch?v=NJYVxNLicX0,1809,473,367,1219,https://www.twitch.tv/videos/2748504690
1434ae451f81469da327f32c387b9df0,9840,276806,82,44,96,https://www.youtube.com/watch?v=uhTQziUhSN8,82,44,96,https://www.youtube.com/watch?v=uhTQziUhSN8,0,0,0,,0,0,0,0,
f42c6f5877f14a38aef3f3b515769149,9770,1782649,549,128,24453,https://www.youtube.com/watch?v=t0DlNUg57O4,213,109,691,https://www.youtube.com/watch?v=i35XSFvfF4k,1833,917,24453,https://www.youtube.com/watch?v=t0DlNUg57O4,0,0,0,0,
9b33b75521bd43bca3346790ac65559c,9740,3232535,1410,371,4344,https://www.youtube.com/watch?v=eZGdZ6HRrtU,135,72,371,https://www.youtube.com/watch?v=zUwbCuVwNx4,1742,930,4344,https://www.youtube.com/watch?v=eZGdZ6HRrtU,8851,418,180,901,https://www.twitch.tv/videos/2751840948
a39733d216994010b34bf5033be01589,9590,941605,655,301,10642,https://www.youtube.com/watch?v=5-Q2oX-trsY,539,261,1140,https://www.youtube.com/watch?v=6mr1ZAgAEqo,1995,1034,10642,https://www.youtube.com/watch?v=5-Q2oX-trsY,277,0,0,0,
335ebb05456849c2964629dc7157860e,9570,251356,299,166,2442,https://www.youtube.com/watch?v=sh8nm3n-i28,266,122,586,https://www.youtube.com/watch?v=e5krbJfNLrc,1982,1196,2442,https://www.youtube.com/watch?v=sh8nm3n-i28,365,356,347,356,https://www.twitch.tv/videos/2757358931
80d6517a96e74265a4d24f86b9c295c5,9480,448579,343,166,4313,https://www.youtube.com/watch?v=LDtX7AVN68k,262,103,490,https://www.youtube.com/watch?v=hkTiW-oJpAY,1616,953,4313,https://www.youtube.com/watch?v=LDtX7AVN68k,0,0,0,0,
3cf4da41775b4e608f4dde5859cdda74,9460,1672487,933,329,4711,https://www.youtube.com/watch?v=XXCuLJt3N7c,108,45,113,https://www.youtube.com/watch?v=Uq32XwVDRMg,2759,1269,4711,https://www.youtube.com/watch?v=XXCuLJt3N7c,0,0,0,0,
13c69e2cf2ff4dc1907bbae9a87a8c0f,9380,459779,0,0,0,,0,0,0,,0,0,0,,4159,2896,2200,11081,https://www.twitch.tv/videos/2746948561
f53807443055490f87b85ded6caee0aa,9370,492276,233,120,1646,https://www.youtube.com/watch?v=b2k07zzAQD8,209,115,510,https://www.youtube.com/watch?v=aTZqvPBbae0,534,428,1646,https://www.youtube.com/watch?v=b2k07zzAQD8,450,0,0,0,
191998e9f0ec4d67a19da194af311636,9340,132111,108,71,12309,https://www.youtube.com/watch?v=WA1_D_qvtrM,99,58,579,https://www.youtube.com/watch?v=dSfWeqgrizo,1675,1104,12309,https://www.youtube.com/watch?v=WA1_D_qvtrM,0,0,0,0,
ecd7e504a0b64480a4127a25678e4b4a,9300,118759,0,0,0,,0,0,0,,0,0,0,,0,0,0,0,
c4470a1419984fb8aec0851f225b177a,9290,687520,211,32,259,https://www.youtube.com/watch?v=3Eom_JUnO4Q,211,32,259,https://www.youtube.com/watch?v=3Eom_JUnO4Q,0,0,0,,0,0,0,0,
83cb016f535f4275bba29ad276b2084f,9280,579701,406,258,2542,https://www.youtube.com/watch?v=dFZqgzIRcnQ,389,253,853,https://www.youtube.com/watch?v=ovZ5jGWIGlI,1624,451,2542,https://www.youtube.com/watch?v=dFZqgzIRcnQ,0,0,0,0,
ab19e58312b74ebd9b68e27aeb0adde5,9280,548382,300,128,522,https://www.youtube.com/watch?v=59ccuXPciLo,300,128,522,https://www.youtube.com/watch?v=59ccuXPciLo,0,0,0,,0,0,0,0,
350516d81d0944fd8dde463cbd4fd279,9260,1038854,4563,1336,5329,https://www.youtube.com/watch?v=StFyyXjxUcI,0,0,0,,4563,1336,5329,https://www.youtube.com/watch?v=StFyyXjxUcI,0,0,0,0,
247215e876d24dae9932464b75fc577c,9250,762161,188,71,2793,https://www.youtube.com/watch?v=ZRvbjIxUNsw,122,58,233,https://www.youtube.com/watch?v=D2LGwLKVD9E,1646,920,2793,https://www.youtube.com/watch?v=ZRvbjIxUNsw,0,0,0,0,
423dd7da92be47f4af7273c5f74efb27,9110,395765,0,0,0,,0,0,0,,0,0,0,,37093,1924,977,3123,https://www.twitch.tv/videos/2751693425
319383cd0cd4438990dbb916862cdbfc,9060,525359,480,226,49086,https://www.youtube.com/watch?v=tFMQBoxyYBQ,293,199,1002,https://www.youtube.com/watch?v=tNOI15fDeuc,17393,4193,49086,https://www.youtube.com/watch?v=tFMQBoxyYBQ,0,0,0,0,
74c26216c39a40d1a9f1c5f63fa4d344,9030,395170,178,118,2670,https://www.youtube.com/watch?v=wjdKvTGg9Lk,168,89,246,https://www.youtube.com/watch?v=a9wJGNxewSk,1364,980,2670,https://www.youtube.com/watch?v=wjdKvTGg9Lk,0,0,0,0,
e3e93491f32d459ba2b79033cf75c619,9020,319518,418,250,1995,https://www.youtube.com/watch?v=Fz4_rt4ZTvU,409,250,942,https://www.youtube.com/watch?v=o3NXU8td5IY,1640,543,1995,https://www.youtube.com/watch?v=Fz4_rt4ZTvU,1140,0,0,0,
d407b30c72a841bd82af1f5cc8ec0667,8970,415947,1074,445,11963,https://www.youtube.com/watch?v=84wm8LYdLLE,232,69,232,https://www.youtube.com/watch?v=1Fcbk8KAsBY,6518,836,11963,https://www.youtube.com/watch?v=84wm8LYdLLE,5540,0,0,0,
538d1d2058da4bdea1c7f43f088e995b,8960,282281,379,220,1517,https://www.youtube.com/watch?v=QTyU8Vul4Mg,362,244,795,https://www.youtube.com/watch?v=VK_qvlbOkUM,1229,128,1517,https://www.youtube.com/watch?v=QTyU8Vul4Mg,3226,0,0,0,
c4ffb821927d406682f3f17edfdf3bcd,8880,349039,0,0,0,,0,0,0,,0,0,0,,0,0,0,0,
80dda735a7784d7fb999892874a05f0c,8870,449769,378,203,3189,https://www.youtube.com/watch?v=ZHPqVO4wK4o,321,126,429,https://www.youtube.com/watch?v=PZ6InXoMCWI,1282,877,3189,https://www.youtube.com/watch?v=ZHPqVO4wK4o,4277,0,0,0,
ac2b3c839ed14b12af1acecf322a15bd,8860,452558,260,137,1967,https://www.youtube.com/watch?v=aMrWcTw8uZU,184,90,289,https://www.youtube.com/watch?v=JS5HZMGxwJU,1268,815,1967,https://www.youtube.com/watch?v=aMrWcTw8uZU,0,0,0,0,
65ada733fbe64a3a86aae7737e32fad0,8860,438650,345,186,830,https://www.youtube.com/watch?v=B36o7ovQY-g,342,190,830,https://www.youtube.com/watch?v=B36o7ovQY-g,558,138,558,https://www.youtube.com/watch?v=mAWD_NThlPw,0,0,0,0,
7fdfd0346667458a8657626f03434b59,8820,257419,157,51,1986,https://www.youtube.com/watch?v=UbMOM0awpTw,156,31,286,https://www.youtube.com/watch?v=1PQHXFy99wY,1170,733,1986,https://www.youtube.com/watch?v=UbMOM0awpTw,419,0,0,0,
123c79d3170e451eae2f0cc3543621f3,8800,268415,325,124,379,https://www.youtube.com/watch?v=7sN62iK8ziU,325,124,379,https://www.youtube.com/watch?v=7sN62iK8ziU,0,0,0,,0,0,0,0,
7c0acdc8fe2449deb487cbb827b51723,8790,478038,509,201,2147,https://www.youtube.com/watch?v=Q5GAR7Pl3Ms,400,158,698,https://www.youtube.com/watch?v=WQwq0icIWJo,1360,228,2147,https://www.youtube.com/watch?v=Q5GAR7Pl3Ms,149,0,0,0,
65ab938b60074946af1ea65a002c70df,8780,2664415,1215,157,4122,https://www.youtube.com/watch?v=X885XHFv0G0,198,98,250,https://www.youtube.com/watch?v=PUv5PM7-b5M,1759,842,4122,https://www.youtube.com/watch?v=X885XHFv0G0,580,0,0,0,
f7d0e4ed95e84262b329740d5d27afc9,8770,56945,0,0,0,,0,0,0,,0,0,0,,0,0,0,0,
fa67b0859f2e45589e754f7e528967d6,8730,340863,1798,1076,3034,https://www.youtube.com/watch?v=KzFyZLWcxBE,0,0,0,,1798,1076,3034,https://www.youtube.com/watch?v=KzFyZLWcxBE,9914,991,513,1337,https://www.twitch.tv/videos/2743726130
823311ac8226476e8d1e323f536bf8b1,8700,168863,456,367,456,https://www.youtube.com/watch?v=1v4ki9EkzTU,456,367,456,https://www.youtube.com/watch?v=1v4ki9EkzTU,0,0,0,,1041,0,0,0,
08a612f1ecf84b619a8899a5caed28c1,8680,853052,544,309,2574,https://www.youtube.com/watch?v=uBOqGjHn0n4,362,154,405,https://www.youtube.com/watch?v=A2AD3ib6wE4,1882,593,2574,https://www.youtube.com/watch?v=uBOqGjHn0n4,21384,3916,1345,5825,https://www.twitch.tv/videos/2737852709
558d8602fdeb4f3cb4ce484babb30577,8640,556047,163,94,1968,https://www.youtube.com/watch?v=RN6j4i6ST9w,136,81,199,https://www.youtube.com/watch?v=KOJb1FZ7pAc,1349,1080,1968,https://www.youtube.com/watch?v=RN6j4i6ST9w,0,0,0,0,
d2b0c8386e1341668f6bbc789d1ef1e3,8630,957609,274,105,668,https://www.youtube.com/watch?v=uTp1RZBtASE,274,105,668,https://www.youtube.com/watch?v=uTp1RZBtASE,0,0,0,,0,0,0,0,
446d4bc526a4477eb6a72ae186e9d538,8620,123934,173,124,296,https://www.youtube.com/watch?v=V1WeZSK09FI,173,124,296,https://www.youtube.com/watch?v=V1WeZSK09FI,0,0,0,,0,0,0,0,
d90f173970a742d3ade6f4159c785d1e,8600,387518,615,345,4524,https://www.youtube.com/watch?v=G1Gyk1Xeg08,597,346,4524,https://www.youtube.com/watch?v=G1Gyk1Xeg08,2699,139,2699,https://www.youtube.com/watch?v=XdoBIXOtZbg,1424,1687,987,1687,https://www.twitch.tv/videos/2747823325
eafe564c8d9945c8af2ed66ff4cd773a,8550,586865,1434,816,29501,https://www.youtube.com/watch?v=z-TszdWl7RE,213,175,477,https://www.youtube.com/watch?v=Lw27OBaLF6Y,1913,918,29501,https://www.youtube.com/watch?v=z-TszdWl7RE,0,0,0,0,
1569b00373564846b894f47403376c6b,8510,236966,0,0,0,,0,0,0,,0,0,0,,0,0,0,0,
a052e4ff345b41919ab0f13a5b10ff02,8500,409315,412,220,836,https://www.youtube.com/watch?v=yl-nGGExLPI,373,204,491,https://www.youtube.com/watch?v=jBsxCmt7OpE,750,544,836,https://www.youtube.com/watch?v=yl-nGGExLPI,2067,0,0,0,
f2ad5f187c9141ab8830b8eaf81c3aee,8480,763922,389,169,115859,https://www.youtube.com/watch?v=gDBUIEziiHM,466,136,576,https://www.youtube.com/watch?v=_wlwh7Dgexc,334,186,115859,https://www.youtube.com/watch?v=gDBUIEziiHM,0,0,0,0,
bdc034d3afcd4456b6da2b96a2e460ef,8450,831020,276,103,276,https://www.youtube.com/watch?v=EExRcFL-LPQ,0,0,0,,276,103,276,https://www.youtube.com/watch?v=EExRcFL-LPQ,1593,64,36,70,https://www.twitch.tv/videos/2747102160
ce908f10dcde4e2480c8f97aafd45883,8440,1478886,482,217,2703,https://www.youtube.com/watch?v=4CzylYNrXdY,289,125,2703,https://www.youtube.com/watch?v=4CzylYNrXdY,773,372,2448,https://www.youtube.com/watch?v=1PR7JzGeG_4,1022,246,167,849,https://www.twitch.tv/videos/2756443914
1254f176d93548aca5ac7f4b53313f71,8430,3750202,97,72,987,https://www.youtube.com/watch?v=jw-Pn6RReLs,29,10,244,https://www.youtube.com/watch?v=X9az_uh0M6A,109,83,987,https://www.youtube.com/watch?v=jw-Pn6RReLs,1617,10,7,22,https://www.twitch.tv/videos/2755058659
13992a4fb59649ada3a2adf027b5b35a,8400,88472,113,46,133,https://www.youtube.com/watch?v=Ygxs3bo6YOI,113,46,133,https://www.youtube.com/watch?v=Ygxs3bo6YOI,0,0,0,,3766,41,25,54,https://www.twitch.tv/videos/2757508956
1dd6fdbb4f764fc3a18747c8adbf0692,8400,311017,242,152,727,https://www.youtube.com/watch?v=Tm648kc5JQs,242,152,727,https://www.youtube.com/watch?v=Tm648kc5JQs,0,0,0,,0,0,0,0,
03f5b3fed856438c9a53d30fdfadd9b7,8380,300193,244,119,1483,https://www.youtube.com/watch?v=auYYG5BEEJ0,190,85,369,https://www.youtube.com/watch?v=9YeoqGntuIQ,646,466,1483,https://www.youtube.com/watch?v=auYYG5BEEJ0,0,0,0,0,
7298d2db845840d7ab462c7628967f4e,8340,359275,176,78,237,https://www.youtube.com/watch?v=JN2zXpE6WzI,177,112,237,https://www.youtube.com/watch?v=JN2zXpE6WzI,68,46,83,https://www.youtube.com/watch?v=JTFJFzviqmU,0,0,0,0,
2d6886120def4c148c70514433d77e1e,8340,568377,461,181,609,https://www.youtube.com/watch?v=BSE4uszliuM,461,181,609,https://www.youtube.com/watch?v=BSE4uszliuM,0,0,0,,0,0,0,0,
058021ae015448cda91651a6bd41cdc6,8330,494322,146,39,201,https://www.youtube.com/watch?v=R3OPaokrN2Q,146,39,201,https://www.youtube.com/watch?v=R3OPaokrN2Q,0,0,0,,2641,0,0,0,
0249265256814f61978f6d492fe1c15d,8320,244741,0,0,0,,0,0,0,,0,0,0,,0,0,0,0,
6fa1245c717d4af68589205df5ab6427,8320,705456,235,117,555,https://www.youtube.com/watch?v=WJRVqimBC4Q,235,117,555,https://www.youtube.com/watch?v=WJRVqimBC4Q,0,0,0,,767,0,0,0,
7ebc0dc9fdf3442688ecd63bbdc30c51,8240,306392,296,110,1559,https://www.youtube.com/watch?v=EpO5slgZsmc,296,110,1559,https://www.youtube.com/watch?v=EpO5slgZsmc,0,0,0,,0,0,0,0,
2a897c484c05483f9a46467e8f448314,8230,238158,677,362,2056,https://www.youtube.com/watch?v=N5DdHN3AwEI,592,223,1467,https://www.youtube.com/watch?v=74z4EWMyyAU,1346,489,2056,https://www.youtube.com/watch?v=N5DdHN3AwEI,4466,587,495,3974,https://www.twitch.tv/videos/2754963430
fe1d3152398b44e39d69f7ef78e73a8c,8220,558608,155,56,1480,https://www.youtube.com/watch?v=dmqB5WTBkPk,121,55,285,https://www.youtube.com/watch?v=Rw9ZkXexo0U,1229,456,1480,https://www.youtube.com/watch?v=dmqB5WTBkPk,592,0,0,0,
f7472d5310ce42819d17459c4f3fd7c1,8220,383504,516,256,10211,https://www.youtube.com/watch?v=iziXbYkOjpI,379,143,1784,https://www.youtube.com/watch?v=JZssPU6ScQU,2245,1321,10211,https://www.youtube.com/watch?v=iziXbYkOjpI,391,35,25,95,https://www.twitch.tv/videos/2747759261
4482e4f0cea64f92aa78b2513c7ed897,8200,656872,641,210,2210,https://www.youtube.com/watch?v=-1PcP93dT44,550,210,721,https://www.youtube.com/watch?v=lvDaLJl5zCc,1160,680,2210,https://www.youtube.com/watch?v=-1PcP93dT44,0,0,0,0,
df0c2ce19ccf4e26ac1a18065f85dacc,8140,473660,121,89,134,https://www.youtube.com/watch?v=hmwULXcUVYw,121,89,134,https://www.youtube.com/watch?v=hmwULXcUVYw,0,0,0,,0,0,0,0,
41a8958a1a4a4cc8b404d04da033400e,8120,387891,345,31,345,https://www.youtube.com/watch?v=_-R-5YTzNCk,345,31,345,https://www.youtube.com/watch?v=_-R-5YTzNCk,0,0,0,,508,0,0,0,
2f0a0ee6478c45ae8af28953b4c370be,8060,1301116,320,172,756,https://www.youtube.com/watch?v=4FtXrZFKK5U,320,172,756,https://www.youtube.com/watch?v=4FtXrZFKK5U,0,0,0,,0,0,0,0,
990b7e28df934de1bdab364d72c79f90,8020,119851,135,82,334,https://www.youtube.com/watch?v=CRLrw1IX7fk,135,82,334,https://www.youtube.com/watch?v=CRLrw1IX7fk,0,0,0,,0,0,0,0,
9604bd9896fc421ba131a9a6e11d50b0,8000,936237,744,254,8554,https://www.youtube.com/watch?v=-G2VX5ZqmU4,632,246,1071,https://www.youtube.com/watch?v=Ob4NFOPuHJU,4383,1607,8554,https://www.youtube.com/watch?v=-G2VX5ZqmU4,0,0,0,0,
ee20f58e3fb74fae83a42239a83bcc4a,8000,242277,1122,802,1329,https://www.youtube.com/watch?v=mWk_xSAfD2A,1122,802,1329,https://www.youtube.com/watch?v=mWk_xSAfD2A,0,0,0,,0,0,0,0,
420208d1dcb74abfa325fc1f6a27e17b,7970,389274,550,241,1171,https://www.youtube.com/watch?v=LcvHo43GrUo,550,241,1171,https://www.youtube.com/watch?v=LcvHo43GrUo,0,0,0,,1397,151,104,151,https://www.twitch.tv/videos/2750370223
5ed5801d24c7412fa3fa65a82124aad0,7870,538521,1111,549,6728,https://www.youtube.com/watch?v=B0YyL0xE4ws,979,472,4096,https://www.youtube.com/watch?v=oHp0XHUvdzo,2021,637,6728,https://www.youtube.com/watch?v=B0YyL0xE4ws,2116,530,487,1128,https://www.twitch.tv/videos/2751720038
1f54eafd17434cd9bd175d27b72c2228,7860,205653,0,0,0,,0,0,0,,0,0,0,,0,0,0,0,
fe698ded3a6148808ca857c73ac7ee15,7860,406779,436,214,1794,https://www.youtube.com/watch?v=wuLX26GLZjE,425,214,1604,https://www.youtube.com/watch?v=5kcMlnRMnYU,967,218,1794,https://www.youtube.com/watch?v=wuLX26GLZjE,324,0,0,0,
56abcaadabbe44dbbd18ab0ecfe1037f,7830,307833,0,0,0,,0,0,0,,0,0,0,,0,0,0,0,
c72226925ba94855b9fcc88fc2a25acc,7800,752102,444,164,2186,https://www.youtube.com/watch?v=9bLME8kJVAw,517,296,2186,https://www.youtube.com/watch?v=9bLME8kJVAw,297,83,393,https://www.youtube.com/watch?v=xt9YuDqX00Q,0,0,0,0,
b10149a2a1ee4ffcbf1dacb1b1722f9f,7790,187093,152,69,1928,https://www.youtube.com/watch?v=BdSsxCI3p-A,144,52,315,https://www.youtube.com/watch?v=If1o-HMY6w8,1427,746,1928,https://www.youtube.com/watch?v=BdSsxCI3p-A,860,52,44,52,https://www.twitch.tv/videos/2754256844
556c69847bc14bc7be03b3e40e52ac98,7720,194338,505,400,505,https://www.youtube.com/watch?v=tdthWdkPOAw,505,400,505,https://www.youtube.com/watch?v=tdthWdkPOAw,0,0,0,,1787,0,0,0,
d2a7b2d142ea4076afcfc7263b9e09fd,7690,560188,354,154,826,https://www.youtube.com/watch?v=SORfzX2ntqg,347,127,581,https://www.youtube.com/watch?v=iH4BbQXwIqA,826,647,826,https://www.youtube.com/watch?v=SORfzX2ntqg,775,0,0,0,
a9faef4b712b4649ba60c7e8e262175a,7540,55249,1057,183,3949,https://www.youtube.com/watch?v=Z3zZp7UGrAk,0,0,0,,1057,183,3949,https://www.youtube.com/watch?v=Z3zZp7UGrAk,0,0,0,0,
b92c6e4c3bea4b938077a8f152f78083,7540,57129,0,0,0,,0,0,0,,0,0,0,,0,0,0,0,
8309d31b418642db83f0cf56b38fc9ad,7530,876577,566,241,2376,https://www.youtube.com/watch?v=yi4-6sI1gss,555,224,864,https://www.youtube.com/watch?v=lIxoatHlAuQ,2346,1643,2376,https://www.youtube.com/watch?v=yi4-6sI1gss,163,0,0,0,
7af8f321e84542dc9ccda160152fbf0b,7530,250840,85,38,731,https://www.youtube.com/watch?v=hSQw6T4zh5I,109,40,731,https://www.youtube.com/watch?v=hSQw6T4zh5I,70,31,96,https://www.youtube.com/watch?v=SNsyRgWn0xI,0,0,0,0,
cedd78c374b54898a647a3cb3a5263fc,7530,310261,585,255,1783,https://www.youtube.com/watch?v=s50E6QMs8Oc,585,255,1783,https://www.youtube.com/watch?v=s50E6QMs8Oc,0,0,0,,0,0,0,0,
eafb808b078844fdab1d8ed561dbd462,7520,416142,267,166,578,https://www.youtube.com/watch?v=wqdkcU5UyAA,282,173,578,https://www.youtube.com/watch?v=wqdkcU5UyAA,245,159,277,https://www.youtube.com/watch?v=csi-3d3lUJ8,0,0,0,0,
03b825a2908749099e40cd4a4d1169aa,7500,192470,170,20,170,https://www.youtube.com/watch?v=CQbjTho5TvI,170,20,170,https://www.youtube.com/watch?v=CQbjTho5TvI,0,0,0,,0,0,0,0,
d13fdb8fdd3049e5bf80b5ab0fa8a1a6,7490,567453,526,190,1789,https://www.youtube.com/watch?v=HrURlOR5_48,260,152,590,https://www.youtube.com/watch?v=fIQorJuLucc,953,285,1789,https://www.youtube.com/watch?v=HrURlOR5_48,0,0,0,0,
a188f157d0384e0db5ae73605240d68b,7490,614697,318,144,1951,https://www.youtube.com/watch?v=UKrSdsuappM,294,110,449,https://www.youtube.com/watch?v=a02K-zaT2tY,1131,248,1951,https://www.youtube.com/watch?v=UKrSdsuappM,1167,0,0,0,
28e0e0a574fe4deca3d5ded0aa5d64ef,7470,467718,513,240,5221,https://www.youtube.com/watch?v=n09LlBv1dCQ,481,193,684,https://www.youtube.com/watch?v=jzEOApPtGrs,2130,1148,5221,https://www.youtube.com/watch?v=n09LlBv1dCQ,511,222,169,264,https://www.twitch.tv/videos/2751035796
d797701ab1564b62906f91a341134a9e,7460,289794,904,440,3039,https://www.youtube.com/watch?v=gb798wafSlg,669,247,973,https://www.youtube.com/watch?v=C3CyR_qwxNE,1558,693,3039,https://www.youtube.com/watch?v=gb798wafSlg,4910,365,262,365,https://www.twitch.tv/videos/2751069706
00c158176a504c9bb865b32276e79eb1,7430,181342,129,80,5119,https://www.youtube.com/watch?v=bj8Q8itQKdo,119,54,177,https://www.youtube.com/watch?v=cT4kxfjxXhI,2857,828,5119,https://www.youtube.com/watch?v=bj8Q8itQKdo,0,0,0,0,
b90a42d3e9a5465ba4ef8a333c8148e5,7390,786020,195,112,1672,https://www.youtube.com/watch?v=e0--7ZAk6gI,165,62,975,https://www.youtube.com/watch?v=oWKYniII1pc,755,578,1672,https://www.youtube.com/watch?v=e0--7ZAk6gI,0,0,0,0,
89742766181f469b807f397325a2a6bf,7380,208688,102,44,183,https://www.youtube.com/watch?v=1qOCG61zabA,102,44,183,https://www.youtube.com/watch?v=1qOCG61zabA,0,0,0,,370,0,0,0,
9d864d1af4e749f5a58171b06c070565,7360,624114,824,336,1969,https://www.youtube.com/watch?v=QxIDg-iuzY8,129,42,279,https://www.youtube.com/watch?v=cDpV2YKHTi0,1134,540,1969,https://www.youtube.com/watch?v=QxIDg-iuzY8,3686,393,296,1359,https://www.twitch.tv/videos/2749657597
94595065e7aa498d93067274eb755301,7360,1212595,211,102,589,https://www.youtube.com/watch?v=je4WMedPQYg,211,102,589,https://www.youtube.com/watch?v=je4WMedPQYg,0,0,0,,0,0,0,0,
9e3edec3eec54f49a065f1970471d473,7340,273698,495,296,794,https://www.youtube.com/watch?v=DFxLEekZGP8,495,296,794,https://www.youtube.com/watch?v=DFxLEekZGP8,0,0,0,,882,933,563,1005,https://www.twitch.tv/videos/2748631306
7f72433f23da4bf8bfbf7ee3904eb7ca,7330,295488,0,0,0,,0,0,0,,0,0,0,,860,0,0,0,
77e980ab542a4db6a34b5ac9c8f3948b,7280,377110,432,195,1008,https://www.youtube.com/watch?v=R5GhNLd8yIQ,432,195,1008,https://www.youtube.com/watch?v=R5GhNLd8yIQ,0,0,0,,724,0,0,0,
c897f2f0ae414985aa623bfe2dfe8f1c,7270,180062,122,86,1248,https://www.youtube.com/watch?v=nezC0T37fKo,119,82,990,https://www.youtube.com/watch?v=4kGUV1bwiR4,1248,682,1248,https://www.youtube.com/watch?v=nezC0T37fKo,611,0,0,0,
d80f5bc1e3ce4c35aa3eced40cc3bddc,7260,323067,553,287,2364,https://www.youtube.com/watch?v=YTvhzUJoTHY,457,195,861,https://www.youtube.com/watch?v=hjL7w27K-5U,1824,932,2364,https://www.youtube.com/watch?v=YTvhzUJoTHY,537,155,121,173,https://www.twitch.tv/videos/2755041349
5cdf289b83524643af7ab2f2c8788adf,7230,323965,178,94,425,https://www.youtube.com/watch?v=oe9acKjFV5s,178,94,425,https://www.youtube.com/watch?v=oe9acKjFV5s,0,0,0,,0,0,0,0,
0ab16bd60230422d97f73e6810be221c,7220,346447,120,61,429,https://www.youtube.com/watch?v=jxKMctkxPGw,120,61,429,https://www.youtube.com/watch?v=jxKMctkxPGw,0,0,0,,0,0,0,0,
f40b8e8debf14680b5cc88bae98918f7,7190,225808,0,0,0,,0,0,0,,0,0,0,,0,0,0,0,
715cc1261d7e42c18135d47bd1cf2500,7160,175644,553,74,553,https://www.youtube.com/watch?v=GlJ-i37zGS8,553,74,553,https://www.youtube.com/watch?v=GlJ-i37zGS8,0,0,0,,6281,309,200,492,https://www.twitch.tv/videos/2751016367
c06f5173a01c4c0db7a761957c02186d,7120,485252,1142,251,5872,https://www.youtube.com/watch?v=nURzrZ28NQE,445,216,2007,https://www.youtube.com/watch?v=mjX_y8FmTgU,1395,475,5872,https://www.youtube.com/watch?v=nURzrZ28NQE,450,0,0,0,
5fa2dee0fba64112aa476441cd6ff982,7110,330414,635,315,1017,https://www.youtube.com/watch?v=aGF0LqBHoYw,635,315,1017,https://www.youtube.com/watch?v=aGF0LqBHoYw,0,0,0,,0,0,0,0,
38f11eca620e4c83a3e4211cbf463cce,7080,957252,860,521,2560,https://www.youtube.com/watch?v=Du6GZhsMNbk,545,353,860,https://www.youtube.com/watch?v=J5Mq5H6WMmw,2560,1581,2560,https://www.youtube.com/watch?v=Du6GZhsMNbk,0,0,0,0,
9b2c7b20d02241b3b82492a5e78a71c0,7060,316213,446,215,1457,https://www.youtube.com/watch?v=OLu1Lw6f-64,151,96,192,https://www.youtube.com/watch?v=BVu4ERy57kU,630,420,1457,https://www.youtube.com/watch?v=OLu1Lw6f-64,0,0,0,0,
d33940525b7f4b9db9ce85e08b4c175e,7050,328720,255,157,5988,https://www.youtube.com/watch?v=pGmpV3Ax0wY,221,139,271,https://www.youtube.com/watch?v=84ASfx8hjEs,3149,667,5988,https://www.youtube.com/watch?v=pGmpV3Ax0wY,7878,184,170,715,https://www.twitch.tv/videos/2757350710
8c6bc741e4614154a63e987f930a468d,7010,352014,271,173,826,https://www.youtube.com/watch?v=KeE97dFKUJs,271,173,826,https://www.youtube.com/watch?v=KeE97dFKUJs,0,0,0,,0,0,0,0,
97a56c6914ab431d9b670456d11b22ed,7010,242205,200,69,1115,https://www.youtube.com/watch?v=D5IEj-AzX_U,185,71,482,https://www.youtube.com/watch?v=06kQG-bSJg4,1115,17,1115,https://www.youtube.com/watch?v=D5IEj-AzX_U,0,0,0,0,
a28e29c9e8ec4791a700cd2e30904534,7000,202359,178,32,358,https://www.youtube.com/watch?v=79vqpQyIYhU,178,32,358,https://www.youtube.com/watch?v=79vqpQyIYhU,0,0,0,,2929,271,182,372,https://www.twitch.tv/videos/2749893605
e7e219a17a7644cd9d28a2ab871f5f7c,6970,257516,523,436,680,https://www.youtube.com/watch?v=I6qBdvzpahc,0,0,0,,523,436,680,https://www.youtube.com/watch?v=I6qBdvzpahc,2755,707,604,765,https://www.twitch.tv/videos/2752777985
6fb9853185d844de80d4f3e0f3f2726d,6940,0,0,0,0,,0,0,0,,0,0,0,,0,0,0,0,
c430f1e7cfee4440b2b537c80a2a667d,6940,233862,300,153,594,https://www.youtube.com/watch?v=rj9m_ID5arM,300,153,594,https://www.youtube.com/watch?v=rj9m_ID5arM,0,0,0,,0,0,0,0,
1937fa889b474d339713d1117f435018,6930,814375,119,45,232,https://www.youtube.com/watch?v=wJSHXBOzF5M,119,45,232,https://www.youtube.com/watch?v=wJSHXBOzF5M,0,0,0,,7276,645,220,4360,https://www.twitch.tv/videos/2745045013
3c1783f6914f414b830c836829d1afa2,6850,255060,274,141,1295,https://www.youtube.com/watch?v=mX4sSSr6W-Q,268,128,1295,https://www.youtube.com/watch?v=mX4sSSr6W-Q,1006,585,1211,https://www.youtube.com/watch?v=P-A0JIf3WJs,273,0,0,0,
679aef46b6f448e493fdedae7df5b288,6830,1358855,1026,243,1580,https://www.youtube.com/watch?v=6HU0Vw8GZeg,0,0,0,,1026,243,1580,https://www.youtube.com/watch?v=6HU0Vw8GZeg,450,0,0,0,
09b6598d6d604e9397eebff166c69e92,6820,95504,87,46,1701,https://www.youtube.com/watch?v=yHE3LxUFO0c,84,46,271,https://www.youtube.com/watch?v=w2GgSVXhHj0,1701,1217,1701,https://www.youtube.com/watch?v=yHE3LxUFO0c,163,71,50,190,https://www.twitch.tv/videos/2751093563
60ab80cc26bc4e4aaa526ce1952f9e42,6800,429399,114,57,6767,https://www.youtube.com/watch?v=e9lvAPbnNcs,110,46,351,https://www.youtube.com/watch?v=p-ZuJxmuSfg,960,305,6767,https://www.youtube.com/watch?v=e9lvAPbnNcs,376,52,37,134,https://www.twitch.tv/videos/2756739255
a3c6cbf76630432c83fa5277388be97c,6790,67048,941,733,4502,https://www.youtube.com/watch?v=POnysu2y6I4,941,733,4502,https://www.youtube.com/watch?v=POnysu2y6I4,0,0,0,,0,0,0,0,
dc3e05e0c12b4e0a93dc230f30925ee0,6780,194853,266,202,333,https://www.youtube.com/watch?v=RfnQUw4DE68,0,0,0,,266,202,333,https://www.youtube.com/watch?v=RfnQUw4DE68,6772,672,557,1265,https://www.twitch.tv/videos/2755607410
f7b1eada802e4ed89c306c6641d243b3,6760,284373,152,81,1129,https://www.youtube.com/watch?v=MlF-UCAeXX0,151,79,1129,https://www.youtube.com/watch?v=MlF-UCAeXX0,705,413,705,https://www.youtube.com/watch?v=0t4RTIUrFbM,440,0,0,0,
80f4d6e50af64a48be812258498e86c0,6730,354875,0,0,0,,0,0,0,,0,0,0,,160,0,0,0,
757f1b20f7bd459ebd8949da907dceea,6690,382110,135,73,266,https://www.youtube.com/watch?v=G5EljRDLWcU,135,73,266,https://www.youtube.com/watch?v=G5EljRDLWcU,0,0,0,,0,0,0,0,
4865c3feac234584909168181b7dc2be,6680,172077,294,166,464,https://www.youtube.com/watch?v=HFcogX0AvWA,285,163,464,https://www.youtube.com/watch?v=HFcogX0AvWA,442,346,442,https://www.youtube.com/watch?v=SlhTyJgqDkY,260,0,0,0,
5dbed684176349d28353d5293085cd9c,6670,267852,352,267,352,https://www.youtube.com/watch?v=G3bTjvAbSS8,352,267,352,https://www.youtube.com/watch?v=G3bTjvAbSS8,0,0,0,,0,0,0,0,
7a88afc5eb644d76b35ed4ca968259bb,6630,501512,1815,891,2864,https://www.youtube.com/watch?v=Lghvn_M4M7U,0,0,0,,1815,891,2864,https://www.youtube.com/watch?v=Lghvn_M4M7U,20084,2855,1356,4149,https://www.twitch.tv/videos/2737265969
c321746bebe740cb98625ca4cf6fb9a7,6610,86010,250,164,433,https://www.youtube.com/watch?v=JwM22El0a3U,226,123,250,https://www.youtube.com/watch?v=u5GYI8WWluE,433,324,433,https://www.youtube.com/watch?v=JwM22El0a3U,0,0,0,0,
ab64eaef68c94ab4afb3a89007c81e9c,6590,838924,3481,2699,111732,https://www.youtube.com/watch?v=nZjTJY61LuQ,0,0,0,,3481,2699,111732,https://www.youtube.com/watch?v=nZjTJY61LuQ,6392,1705,1557,12109,https://www.twitch.tv/videos/2742181582
6603f7e70b684a07a3dac687460bacc5,6540,251078,173,57,235,https://www.youtube.com/watch?v=7AnqI3tA_dw,173,57,235,https://www.youtube.com/watch?v=7AnqI3tA_dw,0,0,0,,1408,107,103,138,https://www.twitch.tv/videos/2757411241
468c9630d37b4c41bb6b0305dc1143cf,6530,426133,273,103,765,https://www.youtube.com/watch?v=PPvWliutS0c,273,103,765,https://www.youtube.com/watch?v=PPvWliutS0c,0,0,0,,465,0,0,0,
e0debb323c5d49268c92c5d660cdb664,6520,334007,96,26,886,https://www.youtube.com/watch?v=M5dFTQeehoY,96,26,886,https://www.youtube.com/watch?v=M5dFTQeehoY,0,0,0,,0,0,0,0,
f6c34086d07a4322b9d4ebc538bada96,6520,127654,0,0,0,,0,0,0,,0,0,0,,0,0,0,0,
f58318cdd690482c9d19fb68bca374a4,6510,411537,124,75,3624,https://www.youtube.com/watch?v=3VbcTxtmYPo,107,59,179,https://www.youtube.com/watch?v=t2WBHBcUCXI,1963,967,3624,https://www.youtube.com/watch?v=3VbcTxtmYPo,228,0,0,0,
08be94e874d448f8a2794a44c61e8d8f,6500,456978,149,74,274,https://www.youtube.com/watch?v=WlDEKUN24BI,149,74,274,https://www.youtube.com/watch?v=WlDEKUN24BI,0,0,0,,0,0,0,0,
b54e216619d14031a317b820113e4084,6470,299436,194,79,313,https://www.youtube.com/watch?v=4xG4buSjIJY,248,92,313,https://www.youtube.com/watch?v=4xG4buSjIJY,149,68,169,https://www.youtube.com/watch?v=CveeN8EfF_c,0,0,0,0,
fffd31d236a2479c9070bcc171bdc13d,6470,176809,0,0,0,,0,0,0,,0,0,0,,0,0,0,0,
7f9d223a684e44e8b8d30bedcc07f1fa,6440,231487,108,58,292,https://www.youtube.com/watch?v=sFtZEbKDHV4,108,58,292,https://www.youtube.com/watch?v=sFtZEbKDHV4,0,0,0,,0,0,0,0,
e8c89b4aec4d45fbbb76533eb3db0428,6430,143031,146,38,201,https://www.youtube.com/watch?v=-R6LhY4rN40,92,65,92,https://www.youtube.com/watch?v=4F6gLl7D74M,201,10,201,https://www.youtube.com/watch?v=-R6LhY4rN40,0,0,0,0,
49196eec11454f589d4d6e52f1b1bbe8,6420,537605,196,87,1543,https://www.youtube.com/watch?v=0OmqvxGs1xc,165,86,280,https://www.youtube.com/watch?v=9_Ria8GaZr0,635,178,1543,https://www.youtube.com/watch?v=0OmqvxGs1xc,0,0,0,0,
281c7713c21e41bcb6e81365f328ab8c,6400,238435,0,0,0,,0,0,0,,0,0,0,,0,0,0,0,
da3a3993bd8946da824d66d5a5d456e2,6390,328325,0,0,0,,0,0,0,,0,0,0,,0,0,0,0,
f81d4ef6f2f54e0c8c6d12a09e1fa5c7,6370,137844,191,95,1067,https://www.youtube.com/watch?v=Y-pwO0GX8y8,173,80,493,https://www.youtube.com/watch?v=iV1Jw4E68BQ,969,467,1067,https://www.youtube.com/watch?v=Y-pwO0GX8y8,0,0,0,0,
01edfa8163ad42cd85f56ef4dce2609e,6330,324459,158,75,1172,https://www.youtube.com/watch?v=zBPPC4rruC4,169,77,220,https://www.youtube.com/watch?v=_mMP9Rqsn1s,147,31,1172,https://www.youtube.com/watch?v=zBPPC4rruC4,0,0,0,0,
5cb1c062f5f94b44a41ae658f4a53f0c,6310,136152,0,0,0,,0,0,0,,0,0,0,,13887,804,313,16560,https://www.twitch.tv/videos/2745223131
3b0031a4b57f46719f06cbf7c5cc42b6,6300,311217,273,140,2543,https://www.youtube.com/watch?v=xo4wtmovJFg,258,116,1451,https://www.youtube.com/watch?v=bxEqLLC-At0,2221,1218,2543,https://www.youtube.com/watch?v=xo4wtmovJFg,141,0,0,0,
bf48aafcc9464111b358a4595cc7311c,6300,166026,0,0,0,,0,0,0,,0,0,0,,0,0,0,0,
02e7729df0424fbbb21b77ccd543b0be,6290,1568897,183,44,1860,https://www.youtube.com/watch?v=HpuHEFc1t34,43,18,64,https://www.youtube.com/watch?v=YZA0Kh37RFg,207,86,1860,https://www.youtube.com/watch?v=HpuHEFc1t34,0,0,0,0,
6ddea98137e2429eb0e9c4025ad9294f,6280,220402,621,251,1808,https://www.youtube.com/watch?v=ewB0zvml7V4,340,170,887,https://www.youtube.com/watch?v=TbbzfaGfr6w,1384,687,1808,https://www.youtube.com/watch?v=ewB0zvml7V4,0,0,0,0,
0851296bdf4c4516b2506b8cce5151da,6280,613064,150,67,232,https://www.youtube.com/watch?v=D7e_bfFc1sU,195,100,232,https://www.youtube.com/watch?v=D7e_bfFc1sU,81,33,81,https://www.youtube.com/watch?v=Y0GDGgu4Z8A,0,0,0,0,
038ee6280ef742bcad8450ad52049944,6270,419987,248,140,2456,https://www.youtube.com/watch?v=EZZCxkWiQXw,248,140,1073,https://www.youtube.com/watch?v=bqCZJ3G3GQ8,1258,518,2456,https://www.youtube.com/watch?v=EZZCxkWiQXw,0,0,0,0,
cc882664d9794fb88b06a5a0aa1591ae,6240,315067,385,261,8639,https://www.youtube.com/watch?v=xmA73ELZi2c,385,261,8639,https://www.youtube.com/watch?v=xmA73ELZi2c,0,0,0,,0,0,0,0,
94c7cb6122bd4dcab2d8660ddc5f5508,6230,219098,206,107,280,https://www.youtube.com/watch?v=OT4yADc8EeI,206,107,280,https://www.youtube.com/watch?v=OT4yADc8EeI,0,0,0,,421,56,36,60,https://www.twitch.tv/videos/2746030784
5d903f62e014487e9ab21a48c19fc6ac,6210,363151,299,294,9364,https://www.youtube.com/watch?v=zZQurWJtulQ,161,31,183,https://www.youtube.com/watch?v=G3LIn-jNZVs,885,419,9364,https://www.youtube.com/watch?v=zZQurWJtulQ,872,166,129,187,https://www.twitch.tv/videos/2754281307
328a6a5742504b9d977f40660c118239,6210,1069131,145,64,1085,https://www.youtube.com/watch?v=qSy5-rW1aGU,145,64,1085,https://www.youtube.com/watch?v=qSy5-rW1aGU,105,74,526,https://www.youtube.com/watch?v=qQwUr2bthns,0,0,0,0,
160f90709224412f9cfc2aaa88e89a57,6150,564121,1543,730,14993,https://www.youtube.com/watch?v=rUNr9RZEEbE,1454,730,5560,https://www.youtube.com/watch?v=DyouGXa6m8Y,2659,1206,14993,https://www.youtube.com/watch?v=rUNr9RZEEbE,0,0,0,0,
a83b6d485350402b90238deb371ae654,6090,110244,0,0,0,,0,0,0,,0,0,0,,4061,298,263,298,https://www.twitch.tv/videos/2755042162
c2362f5ca48445a89fd081c4b2bc74d4,6080,221297,244,221,244,https://www.youtube.com/watch?v=7yj5TCBzVUM,244,221,244,https://www.youtube.com/watch?v=7yj5TCBzVUM,0,0,0,,136,0,0,0,
1a3a0feb188e499ab4972c971d639f58,6080,272000,305,78,305,https://www.youtube.com/watch?v=IXNp7mJPUSE,305,78,305,https://www.youtube.com/watch?v=IXNp7mJPUSE,0,0,0,,0,0,0,0,
4576d781ddae45d59fc83c8d25385983,6070,162543,720,266,3732,https://www.youtube.com/watch?v=0S5zzkAkubw,460,219,2004,https://www.youtube.com/watch?v=sksczcqrNXQ,2040,718,3732,https://www.youtube.com/watch?v=0S5zzkAkubw,250,0,0,0,
4eecf80e6ecc4644a7ff08314e6e0c82,6050,414490,423,317,1492,https://www.youtube.com/watch?v=k_GmP1YRKVs,315,286,679,https://www.youtube.com/watch?v=8IJny_CpzsI,1454,625,1492,https://www.youtube.com/watch?v=k_GmP1YRKVs,325,67,64,67,https://www.twitch.tv/videos/2756929149
16c4a9b7211a44f6b98d8e1aebf4ea70,6040,218823,0,0,0,,0,0,0,,0,0,0,,640,0,0,0,
75b388425b774a9f99a4483e295a13f0,6020,797415,370,259,1305,https://www.youtube.com/watch?v=iDODRLCOCyk,280,249,322,https://www.youtube.com/watch?v=3GKv64nVzGE,627,427,1305,https://www.youtube.com/watch?v=iDODRLCOCyk,415,0,0,0,
b6a105f12b904256ba356935ae46657f,6010,163739,0,0,0,,0,0,0,,0,0,0,,8620,467,306,17416,https://www.twitch.tv/videos/2742903997
2978ff3ab5f54898947af41ca4d47c4c,5950,95017,113,61,441,https://www.youtube.com/watch?v=zG-miWtNObo,111,59,261,https://www.youtube.com/watch?v=Z66Bn9YwvOQ,441,316,441,https://www.youtube.com/watch?v=zG-miWtNObo,528,0,0,0,
4cd21df2b76148b182903cc0aebe2bfa,5920,222707,161,81,245,https://www.youtube.com/watch?v=5EJQCh6v_ow,161,81,245,https://www.youtube.com/watch?v=5EJQCh6v_ow,0,0,0,,0,0,0,0,
325c292889f542688512641841b4ed8a,5870,255296,286,235,326,https://www.youtube.com/watch?v=pDfaOznJZd0,306,249,326,https://www.youtube.com/watch?v=pDfaOznJZd0,246,185,246,https://www.youtube.com/watch?v=6D4AiL_MbPA,0,0,0,0,
34edb431f7da4a43b2a6a9d79d2858d1,5860,321986,336,177,1047,https://www.youtube.com/watch?v=MuqkqFIeLgs,332,188,1047,https://www.youtube.com/watch?v=MuqkqFIeLgs,336,17,336,https://www.youtube.com/watch?v=iFwWhfoSrLk,564,284,215,341,https://www.twitch.tv/videos/2754228829
1ae72d56be5547b1825cdc0fdc0cce2e,5860,77817,110,101,110,https://www.youtube.com/watch?v=kDeNTh0mGes,110,101,110,https://www.youtube.com/watch?v=kDeNTh0mGes,0,0,0,,0,0,0,0,
86154ca2dc964847b37297138aa65b9f,5840,240286,90,10,334,https://www.youtube.com/watch?v=uz6t6zeWzOk,90,10,334,https://www.youtube.com/watch?v=uz6t6zeWzOk,0,0,0,,1058,0,0,0,
bd99f3c8cd6e4fffb75bf0e5b1b5b4fa,5840,199618,1357,989,4763,https://www.youtube.com/watch?v=SGMJoLEgioQ,2379,989,4763,https://www.youtube.com/watch?v=SGMJoLEgioQ,1292,1084,1357,https://www.youtube.com/watch?v=9Xf6r96wTgE,0,0,0,0,
fceadce7c37f4cc08bc747aa79c3cf9e,5840,202890,150,71,1447,https://www.youtube.com/watch?v=lEngL16DgKM,128,62,318,https://www.youtube.com/watch?v=cGzKWgCOMFE,1176,473,1447,https://www.youtube.com/watch?v=lEngL16DgKM,0,0,0,0,
c34e43b57f9f448582094f712a0b2c1a,5820,352288,218,85,1764,https://www.youtube.com/watch?v=57A6Iop5V68,215,84,374,https://www.youtube.com/watch?v=TuWhw78jUVs,1764,1032,1764,https://www.youtube.com/watch?v=57A6Iop5V68,0,0,0,0,
9f975d473431409190e397bdc946d5b0,5810,263889,259,181,822,https://www.youtube.com/watch?v=dTBkQwHg5FM,259,181,822,https://www.youtube.com/watch?v=dTBkQwHg5FM,0,0,0,,241,0,0,0,
8fae79a84cd049fd8a2ea50528a75e2b,5810,192517,5815,3252,40150,https://www.youtube.com/watch?v=53CjjCMLMAw,0,0,0,,5815,3252,40150,https://www.youtube.com/watch?v=53CjjCMLMAw,2373,364,271,364,https://www.twitch.tv/videos/2751797435
4d0cbf91a5cb4524862207c5d406d98c,5770,119032,13784,12201,55473,https://www.youtube.com/watch?v=skPufMbEyVY,0,0,0,,13784,12201,55473,https://www.youtube.com/watch?v=skPufMbEyVY,0,0,0,0,
2ff93e20894245d49004276e3b51e64f,5770,262009,710,397,2863,https://www.youtube.com/watch?v=T93nhwkiW1M,531,160,710,https://www.youtube.com/watch?v=Rm9mF2zi-GI,1899,744,2863,https://www.youtube.com/watch?v=T93nhwkiW1M,0,0,0,0,
33717d815310491da465eb6258a70b1c,5750,274232,252,96,295,https://www.youtube.com/watch?v=j9WbXFVmT9E,252,96,295,https://www.youtube.com/watch?v=j9WbXFVmT9E,0,0,0,,0,0,0,0,
58c4453bedb9463ab1dcb522d4d50faf,5740,1049779,66,36,191,https://www.youtube.com/watch?v=zU5gLMsWpEk,66,36,191,https://www.youtube.com/watch?v=zU5gLMsWpEk,0,0,0,,0,0,0,0,
a800589948934dd68ac2c728cc05fbaf,5670,97723,0,0,0,,0,0,0,,0,0,0,,0,0,0,0,
e17f42aa104040deae2ee3f3b1e85ed8,5650,317225,0,0,0,,0,0,0,,0,0,0,,39747,2147,771,2690,https://www.twitch.tv/videos/2740560823
9e213402f2f54c42866d4f62545921b4,5650,145324,0,0,0,,0,0,0,,0,0,0,,454,0,0,0,
925d91a363914edfb035fe6c08946be9,5630,175121,206,156,227,https://www.youtube.com/watch?v=WnPHVkWOh5E,206,156,227,https://www.youtube.com/watch?v=WnPHVkWOh5E,0,0,0,,0,0,0,0,
b1cb513e2511484cabbac00140b4a95c,5630,227384,417,223,50546,https://www.youtube.com/watch?v=EaLfWor3jno,416,167,732,https://www.youtube.com/watch?v=959dWHV3ZMw,26674,16730,50546,https://www.youtube.com/watch?v=EaLfWor3jno,451,219,113,333,https://www.twitch.tv/videos/2751035159
1307131312c54a11ab326e62474efc8a,5590,202947,3912,1795,3912,https://www.youtube.com/watch?v=Jp7yNFRBIcE,3912,1795,3912,https://www.youtube.com/watch?v=Jp7yNFRBIcE,0,0,0,,0,0,0,0,
35f3bb64e69c432180b98dde239f3bdd,5570,442413,471,159,1169,https://www.youtube.com/watch?v=uUuH1b2LuMw,441,128,720,https://www.youtube.com/watch?v=XHHINrSZTc4,552,190,1169,https://www.youtube.com/watch?v=uUuH1b2LuMw,802,58,37,86,https://www.twitch.tv/videos/2746270735
208d8aa3792641d6ae4e0de5a10a4a6f,5560,277833,207,82,3561,https://www.youtube.com/watch?v=bh0CQk6-Ems,95,63,446,https://www.youtube.com/watch?v=WLhM6gAfCE4,1046,290,3561,https://www.youtube.com/watch?v=bh0CQk6-Ems,1347,96,69,145,https://www.twitch.tv/videos/2755690126
9b11be3138284ff3904d3292d6aaa284,5530,283401,471,239,853,https://www.youtube.com/watch?v=NGP-A-xubfY,0,0,0,,471,239,853,https://www.youtube.com/watch?v=NGP-A-xubfY,0,0,0,0,
dcbe7946e39e48bcb0b725de64a445c8,5530,491781,407,158,1722,https://www.youtube.com/watch?v=ITQTouRUGvU,407,177,703,https://www.youtube.com/watch?v=lIhOCjV2ym4,990,34,1722,https://www.youtube.com/watch?v=ITQTouRUGvU,0,0,0,0,
58304450990a433b88acd02b889b74e6,5510,152898,148,89,1586,https://www.youtube.com/watch?v=ZR6p679QcKw,135,54,176,https://www.youtube.com/watch?v=Uy8a37nMIZ4,1157,711,1586,https://www.youtube.com/watch?v=ZR6p679QcKw,271,0,0,0,
dbfaa5f3d01142df8a05c4946a0a22dc,5500,449101,258,102,5483,https://www.youtube.com/watch?v=hi5_-EAJgfg,240,87,585,https://www.youtube.com/watch?v=n9Elfx6hFPE,2789,1057,5483,https://www.youtube.com/watch?v=hi5_-EAJgfg,0,0,0,0,
2d84a02e592d4a92893b7cc36af95a26,5500,206743,457,222,6322,https://www.youtube.com/watch?v=fH6Uxr3fDH0,437,222,580,https://www.youtube.com/watch?v=X2bAsQUU6rc,4823,1866,6322,https://www.youtube.com/watch?v=fH6Uxr3fDH0,565,435,303,573,https://www.twitch.tv/videos/2746354500
40c846b91c4a44a980eddf20f0f789c0,5490,808648,464,167,9124,https://www.youtube.com/watch?v=mN8KVLpL75w,222,122,579,https://www.youtube.com/watch?v=iyUEuRxmsYI,2416,875,9124,https://www.youtube.com/watch?v=mN8KVLpL75w,6097,876,640,1940,https://www.twitch.tv/videos/2746932541
887b37336c9c4730809ace8b5e38df17,5490,62549,61,20,118,https://www.youtube.com/watch?v=iMjBFshCndY,61,20,118,https://www.youtube.com/watch?v=iMjBFshCndY,0,0,0,,53685,3400,1702,4887,https://www.twitch.tv/videos/2750546728
a0e2f9b9f851401bbd1736189d4b69b1,5450,135383,67,22,67,https://www.youtube.com/watch?v=KODyOL8oXuk,67,22,67,https://www.youtube.com/watch?v=KODyOL8oXuk,0,0,0,,0,0,0,0,
70adcdf6f8a146089a4e724b14146efd,5450,394526,394,191,25863,https://www.youtube.com/watch?v=dpJ19r7VP7o,348,123,636,https://www.youtube.com/watch?v=P6XCWMeKwWc,3877,1052,25863,https://www.youtube.com/watch?v=dpJ19r7VP7o,512,392,328,392,https://www.twitch.tv/videos/2754051045
ea7d228d8fb2462f95aef21fc5bd4fb8,5440,1012748,829,336,1788,https://www.youtube.com/watch?v=JoC7TgNDI5Y,829,336,1788,https://www.youtube.com/watch?v=JoC7TgNDI5Y,0,0,0,,0,0,0,0,
4d856c2abee448b8941c27799bb8cb03,5390,85214,13402,6949,48938,https://www.youtube.com/watch?v=XKoqG2Z4yiw,0,0,0,,13402,6949,48938,https://www.youtube.com/watch?v=XKoqG2Z4yiw,0,0,0,0,
490a48eedc944f9cb74501e6eefeb04d,5390,311376,463,182,2031,https://www.youtube.com/watch?v=0awsLOJwaWg,403,129,572,https://www.youtube.com/watch?v=Obc_Sxes3-w,1834,231,2031,https://www.youtube.com/watch?v=0awsLOJwaWg,2894,333,183,333,https://www.twitch.tv/videos/2747046891
428251b7832a48219276fb6e5f644e86,5380,822736,1542,166,8639,https://www.youtube.com/watch?v=yh8SJiy74jY,1128,111,2199,https://www.youtube.com/watch?v=NBCXwf-h7RU,1542,484,8639,https://www.youtube.com/watch?v=yh8SJiy74jY,262,0,0,0,
7ae1c13d53fb44f49f386eef43c63ee4,5370,256977,126,55,1638,https://www.youtube.com/watch?v=RnGSBkj4zE0,104,51,201,https://www.youtube.com/watch?v=Hs6l6SJGpUw,973,285,1638,https://www.youtube.com/watch?v=RnGSBkj4zE0,66,0,0,0,
8f0b41303e8a481689fe4309a565ecd3,5350,315458,217,108,301,https://www.youtube.com/watch?v=_2ApNb2XZxI,217,108,301,https://www.youtube.com/watch?v=_2ApNb2XZxI,0,0,0,,1459,285,153,285,https://www.twitch.tv/videos/2746849083
529328632b0b4701a469ebc14413f855,5340,191490,336,114,444,https://www.youtube.com/watch?v=XA5fhFSeMZU,200,107,444,https://www.youtube.com/watch?v=XA5fhFSeMZU,411,173,422,https://www.youtube.com/watch?v=Srafz-3FoMI,0,0,0,0,
fec8644970684cffbbae8dd37a52d59c,5320,274492,133,58,1658,https://www.youtube.com/watch?v=2Bwdm4zJPs4,116,56,895,https://www.youtube.com/watch?v=6Rd6UxJgeDQ,422,386,1658,https://www.youtube.com/watch?v=2Bwdm4zJPs4,1065,292,221,1874,https://www.twitch.tv/videos/2750670421
b473dffe721745f6beb34b5a49e9aeda,5300,392133,0,0,0,,0,0,0,,0,0,0,,0,0,0,0,
38ecb20931514383b2d93885136c6b68,5290,225477,182,94,494,https://www.youtube.com/watch?v=kn6ScKVctu8,182,94,494,https://www.youtube.com/watch?v=kn6ScKVctu8,0,0,0,,0,0,0,0,
c8858f1d4a2b41a4bbf738530023d6f9,5280,205224,169,104,329,https://www.youtube.com/watch?v=Qm09NmlbZeQ,169,104,329,https://www.youtube.com/watch?v=Qm09NmlbZeQ,0,0,0,,304,134,78,194,https://www.twitch.tv/videos/2756690940
443ba741722742d5b7d5f76c3e7b445b,5280,490557,229,166,1903,https://www.youtube.com/watch?v=hpTLlFmXbFo,229,166,689,https://www.youtube.com/watch?v=4EGuBLgcOVk,262,217,1903,https://www.youtube.com/watch?v=hpTLlFmXbFo,0,0,0,0,
7e088cf828bf4e02ae65bb8a1f6a8b89,5270,194250,84,31,128,https://www.youtube.com/watch?v=V0NvRheCdN0,84,31,128,https://www.youtube.com/watch?v=V0NvRheCdN0,0,0,0,,209,0,0,0,
d889f67fe7b84a38a9742ab2a47f346a,5240,680546,942,208,1664,https://www.youtube.com/watch?v=kiQdYMM9N2E,103,34,107,https://www.youtube.com/watch?v=INq3EZ_nXQI,1300,622,1664,https://www.youtube.com/watch?v=kiQdYMM9N2E,3362,315,178,413,https://www.twitch.tv/videos/2750250219
2c42a2d77b4c481bae57dc00a66c2f16,5220,562913,564,274,1044,https://www.youtube.com/watch?v=3NGrj7n9uoU,584,274,1044,https://www.youtube.com/watch?v=3NGrj7n9uoU,318,257,482,https://www.youtube.com/watch?v=TJygTpquj_s,0,0,0,0,
b6f8117355b24e9c8a8a4c813a72aec9,5220,653965,221,86,1293,https://www.youtube.com/watch?v=ghnERPDhHo0,0,0,0,,221,86,1293,https://www.youtube.com/watch?v=ghnERPDhHo0,1350,257,202,550,https://www.twitch.tv/videos/2754998775
1f2b5204983b4d5ebe0a9352de3a66f6,5210,116606,222,176,285,https://www.youtube.com/watch?v=u8SNh25jKo0,222,176,285,https://www.youtube.com/watch?v=u8SNh25jKo0,0,0,0,,0,0,0,0,
afb80b53c4a543e28eb165f036bc8e4f,5200,274768,0,0,0,,0,0,0,,0,0,0,,0,0,0,0,
63108f8ea91a4a699f345bb259750745,5190,98602,248,126,548,https://www.youtube.com/watch?v=RwLMWHmxcSk,274,138,548,https://www.youtube.com/watch?v=RwLMWHmxcSk,137,20,137,https://www.youtube.com/watch?v=J9Y7o7DYEvc,0,0,0,0,
7f4f30df30ec405bb0968c585b243fa5,5170,365286,2601,1057,12287,https://www.youtube.com/watch?v=WOZWpqMiXD0,434,190,453,https://www.youtube.com/watch?v=g7GO3MNV3Jo,2765,1168,12287,https://www.youtube.com/watch?v=WOZWpqMiXD0,785,188,169,212,https://www.twitch.tv/videos/2755101604
effe96469a7348c786d01ccea8cf71cb,5170,180761,0,0,0,,0,0,0,,0,0,0,,0,0,0,0,
cc2a13ac075e4640b19020a51dcf9d88,5160,138960,752,114,752,https://www.youtube.com/watch?v=4VY0bHnMJ4M,752,114,752,https://www.youtube.com/watch?v=4VY0bHnMJ4M,0,0,0,,563,0,0,0,
dabf31fbee9b4214958603268d48b780,5130,67031,11142,7101,27524,https://www.youtube.com/watch?v=pAUtRIYlr2M,0,0,0,,11142,7101,27524,https://www.youtube.com/watch?v=pAUtRIYlr2M,0,0,0,0,
510bdce263cc479ca12d1fad64bfc65e,5120,342245,439,240,953,https://www.youtube.com/watch?v=59jbV1_S1hQ,439,240,953,https://www.youtube.com/watch?v=59jbV1_S1hQ,0,0,0,,0,0,0,0,
bdaa84ad3c7841d6a9ec8774ed9d40a9,5090,171229,487,186,1645,https://www.youtube.com/watch?v=e6ZrnSGZEPo,464,186,677,https://www.youtube.com/watch?v=BwJz_lHz9dQ,1519,435,1645,https://www.youtube.com/watch?v=e6ZrnSGZEPo,0,0,0,0,
25027be34ca844c885f40d5c26507898,5060,265363,1947,541,2525,https://www.youtube.com/watch?v=pxR995bwc8Y,0,0,0,,1947,541,2525,https://www.youtube.com/watch?v=pxR995bwc8Y,0,0,0,0,
c21d4186912d4652a7fb5a1b3ef382b6,5010,187140,246,93,696,https://www.youtube.com/watch?v=aV-AaYfARVw,246,93,696,https://www.youtube.com/watch?v=aV-AaYfARVw,0,0,0,,2892,375,267,678,https://www.twitch.tv/videos/2756059554
c3bec3f382754230b178f8278eb550fb,5000,220073,247,92,1399,https://www.youtube.com/watch?v=uKP1AgBYC60,145,71,621,https://www.youtube.com/watch?v=mWr7RmbJUhE,424,200,1399,https://www.youtube.com/watch?v=uKP1AgBYC60,0,0,0,0,
94082eb7d950471b934592394ad3e4c8,4960,293040,0,0,0,,0,0,0,,0,0,0,,0,0,0,0,
def76c5c31fe4466b5ae6e6940ae6e58,4950,586498,495,255,3445,https://www.youtube.com/watch?v=Jl-zJNlW9Fk,433,238,724,https://www.youtube.com/watch?v=07kussYItsw,1084,430,3445,https://www.youtube.com/watch?v=Jl-zJNlW9Fk,0,0,0,0,
36f4fa8dbd7740c3ae5ac02b890fa502,4950,307619,87,40,124,https://www.youtube.com/watch?v=6LBVjLSgecA,87,40,124,https://www.youtube.com/watch?v=6LBVjLSgecA,0,0,0,,1077,0,0,0,
8fd3526ba2074df896bbcb47e713565b,4930,117710,139,47,195,https://www.youtube.com/watch?v=aJK3NkpiR4U,139,47,195,https://www.youtube.com/watch?v=aJK3NkpiR4U,0,0,0,,0,0,0,0,
3589be2c85dc460aa8de768c7a228730,4930,214112,145,95,409,https://www.youtube.com/watch?v=k9i9xn1oDrs,145,95,409,https://www.youtube.com/watch?v=k9i9xn1oDrs,0,0,0,,0,0,0,0,
19c3bdcc95134ef38ad98df3f92f3ccb,4920,315869,154,78,229,https://www.youtube.com/watch?v=Q_OspdTRDM0,154,78,229,https://www.youtube.com/watch?v=Q_OspdTRDM0,0,0,0,,838,59,42,73,https://www.twitch.tv/videos/2747844700
17610c1e36214c0f8002456d8b0bcf36,4910,185279,349,6,349,https://www.youtube.com/watch?v=nB4nwrqWrA4,0,0,0,,349,6,349,https://www.youtube.com/watch?v=nB4nwrqWrA4,0,0,0,0,
d0b68b633fba4c02a627751778973f36,4900,111353,176,110,210,https://www.youtube.com/watch?v=e30AxAE7w_8,176,110,210,https://www.youtube.com/watch?v=e30AxAE7w_8,0,0,0,,0,0,0,0,
f9c9c29a9fb143539ade06564b99b233,4880,3457,89,30,147,https://www.youtube.com/watch?v=AW0goBuAxls,89,30,147,https://www.youtube.com/watch?v=AW0goBuAxls,0,0,0,,0,0,0,0,
e4e33334b43945b6837ec43826f3727f,4880,200165,351,166,3934,https://www.youtube.com/watch?v=RT7d7ypuomI,277,119,455,https://www.youtube.com/watch?v=nR8Lbc9vd1E,1523,468,3934,https://www.youtube.com/watch?v=RT7d7ypuomI,0,0,0,0,
a1bc1c5451e64266a0f21f0847dd8d2f,4880,162310,94,31,210,https://www.youtube.com/watch?v=KTAJVDF1MHM,95,42,210,https://www.youtube.com/watch?v=KTAJVDF1MHM,85,18,85,https://www.youtube.com/watch?v=KvJdmxUPAJ0,440,220,150,220,https://www.twitch.tv/videos/2750184641
c8ef4e3182b74ecd994c837a75624390,4880,414410,921,399,9677,https://www.youtube.com/watch?v=BRQzQnrtop8,180,73,381,https://www.youtube.com/watch?v=l3UPIpK6Y4c,1154,659,9677,https://www.youtube.com/watch?v=BRQzQnrtop8,0,0,0,0,
fe8ee7b57ae74a1388127b81b136c7ea,4870,124012,189,47,432,https://www.youtube.com/watch?v=alJ71Ua4WZs,111,44,432,https://www.youtube.com/watch?v=alJ71Ua4WZs,329,94,329,https://www.youtube.com/watch?v=cqL80SSRni4,632,0,0,0,
42b8bd7bed2a4ddd930cfd223657e9ca,4850,188432,411,156,1299,https://www.youtube.com/watch?v=o7BjiMj5BlM,289,253,773,https://www.youtube.com/watch?v=U71pIflRSlk,617,136,1299,https://www.youtube.com/watch?v=o7BjiMj5BlM,1321,352,284,663,https://www.twitch.tv/videos/2750986175
2e266a71aa3d4a67bb8d9a2a0b573319,4840,278495,0,0,0,,0,0,0,,0,0,0,,41884,3267,1459,6270,https://www.twitch.tv/videos/2757220418
32b83b466c11418bb380623a95944302,4830,384199,964,561,964,https://www.youtube.com/watch?v=ywiSNHAIYUw,0,0,0,,964,561,964,https://www.youtube.com/watch?v=ywiSNHAIYUw,3375,308,271,731,https://www.twitch.tv/videos/2756618294
e0f419006f244a51804050ede1d1a5aa,4820,1304775,93,47,1890,https://www.youtube.com/watch?v=MRSlybTQprA,81,38,93,https://www.youtube.com/watch?v=8MeLB9gMdaQ,1890,422,1890,https://www.youtube.com/watch?v=MRSlybTQprA,0,0,0,0,
432458f2f15549919dc6e3706ccbd417,4820,317588,0,0,0,,0,0,0,,0,0,0,,0,0,0,0,
1357f282a9f04f6cbe3e215a0bd20482,4810,121882,465,127,2468,https://www.youtube.com/watch?v=f2xLWigYMqA,0,0,0,,465,127,2468,https://www.youtube.com/watch?v=f2xLWigYMqA,1822,0,0,0,
fad69c2a625446829ef410d9ef277c8f,4790,151454,200,142,574,https://www.youtube.com/watch?v=cBD8agOdyMc,200,142,574,https://www.youtube.com/watch?v=cBD8agOdyMc,0,0,0,,0,0,0,0,
de81b740d66c439685aa37491d27efc4,4780,456552,0,0,0,,0,0,0,,0,0,0,,4335,268,193,342,https://www.twitch.tv/videos/2750190927
a9f1edc233804d4b90a9996219a3b14b,4780,242848,99,45,329,https://www.youtube.com/watch?v=241YZ6xPt2g,99,45,329,https://www.youtube.com/watch?v=241YZ6xPt2g,0,0,0,,0,0,0,0,
29294f0665864cee8bb2b48697b9e84f,4770,254126,470,216,1666,https://www.youtube.com/watch?v=PEk7FHexrDk,428,196,1271,https://www.youtube.com/watch?v=cntI4F-zpzE,1425,631,1666,https://www.youtube.com/watch?v=PEk7FHexrDk,307,0,0,0,
9de74d9cd68f481396a3dbd76d529a24,4760,206309,159,60,316,https://www.youtube.com/watch?v=7ATBAV0Zxqo,159,60,316,https://www.youtube.com/watch?v=7ATBAV0Zxqo,0,0,0,,0,0,0,0,
1e71d9b4bbb1411b84e1aa428a79c9bc,4750,66723,0,0,0,,0,0,0,,0,0,0,,0,0,0,0,
b2313ef4c37542c89796ae94dfb8228d,4730,179567,233,92,310,https://www.youtube.com/watch?v=ALXvoWDjNyY,233,92,310,https://www.youtube.com/watch?v=ALXvoWDjNyY,0,0,0,,326,167,109,240,https://www.twitch.tv/videos/2746301324
bcbde4d998e341418ebdf3e26884811d,4720,152871,279,147,546,https://www.youtube.com/watch?v=gEaq_sZ7Tkk,279,147,546,https://www.youtube.com/watch?v=gEaq_sZ7Tkk,0,0,0,,0,0,0,0,
e1b2337b79d1449e9ae6a754ec74050d,4720,607399,234,89,747,https://www.youtube.com/watch?v=RngA36ygNYg,234,89,747,https://www.youtube.com/watch?v=RngA36ygNYg,0,0,0,,0,0,0,0,
4c8efd1d28d04eeabd21a3c337f154b9,4700,86426,124,71,282,https://www.youtube.com/watch?v=6Aqh5-0oc9c,124,71,282,https://www.youtube.com/watch?v=6Aqh5-0oc9c,0,0,0,,0,0,0,0,
256dd6464e974e118dc8103d5e9eb0b3,4690,103020,1286,1152,4037,https://www.youtube.com/watch?v=eRHljEblBxE,0,0,0,,1286,1152,4037,https://www.youtube.com/watch?v=eRHljEblBxE,3321,607,435,902,https://www.twitch.tv/videos/2751883224
988d1a83ff6c4f82af6be42946987c36,4690,314314,212,107,1649,https://www.youtube.com/watch?v=Ab6AEZTHAyc,115,53,212,https://www.youtube.com/watch?v=JVK8Fe7ZIS4,1139,472,1649,https://www.youtube.com/watch?v=Ab6AEZTHAyc,0,0,0,0,
4cc400969073471f9d2808a807e95f7d,4680,377097,541,178,1833,https://www.youtube.com/watch?v=VEjPeWqO7dk,245,152,947,https://www.youtube.com/watch?v=myubW1rvk9Y,545,179,1833,https://www.youtube.com/watch?v=VEjPeWqO7dk,0,0,0,0,
98181ce64b3d45a9aa295c446e1bae9e,4650,117462,0,0,0,,0,0,0,,0,0,0,,573,0,0,0,
b3c1a09b09a54b9a8078d3310d151efe,4650,123356,0,0,0,,0,0,0,,0,0,0,,0,0,0,0,
c6dab598fcee4b6b9bff76d2e8ffc8e6,4640,328725,286,96,2134,https://www.youtube.com/watch?v=lUmmPb4du8s,140,51,301,https://www.youtube.com/watch?v=p_6Gxz2ukfE,837,310,2134,https://www.youtube.com/watch?v=lUmmPb4du8s,813,0,0,0,
a99bc695c89d41e391a5abf6e781c911,4630,343012,0,0,0,,0,0,0,,0,0,0,,0,0,0,0,
4762b7be8b764f19a33a7cf167c2ea64,4620,66637,56,21,68,https://www.youtube.com/watch?v=nyMCe2sGRDU,56,21,68,https://www.youtube.com/watch?v=nyMCe2sGRDU,0,0,0,,0,0,0,0,
6073eb006b764614915e90b5c54ce7e6,4620,297495,902,577,1547,https://www.youtube.com/watch?v=9SX9lYznouw,0,0,0,,902,577,1547,https://www.youtube.com/watch?v=9SX9lYznouw,3284,367,333,621,https://www.twitch.tv/videos/2746957952
33e0b518387b4479a76910366cd2a413,4600,245407,127,77,4001,https://www.youtube.com/watch?v=mDhDvhGTAnI,66,39,140,https://www.youtube.com/watch?v=7EPQ-68Ibas,3222,1865,4001,https://www.youtube.com/watch?v=mDhDvhGTAnI,367,25,17,41,https://www.twitch.tv/videos/2751999998
20327c35cc9d4deba93299b790d7d721,4560,247375,191,118,1858,https://www.youtube.com/watch?v=pXvtLmpW_vc,120,67,143,https://www.youtube.com/watch?v=S8QKjaHfmQg,333,268,1858,https://www.youtube.com/watch?v=pXvtLmpW_vc,0,0,0,0,
2d9ef8be75c34daf9ce9d17ecbbe0f7a,4560,673791,126,69,341,https://www.youtube.com/watch?v=zBBm-L-kbms,126,69,341,https://www.youtube.com/watch?v=zBBm-L-kbms,0,0,0,,714,43,30,62,https://www.twitch.tv/videos/2755830605
d41f0a9dfdec46929f6f9534f8d79167,4530,64271,0,0,0,,0,0,0,,0,0,0,,0,0,0,0,
3dd8c72cab6d494dbd6fbf0a0e3dc41a,4520,310477,255,130,3297,https://www.youtube.com/watch?v=bxiYusMog78,237,123,3297,https://www.youtube.com/watch?v=bxiYusMog78,1270,740,1370,https://www.youtube.com/watch?v=3tiRwOzUB7o,1278,208,163,760,https://www.twitch.tv/videos/2746071102
0fa88d7be0ba4850abea150aa73fe440,4470,261428,0,0,0,,0,0,0,,0,0,0,,0,0,0,0,
3a43445829024217b728d04d5398b61c,4460,217784,225,107,566,https://www.youtube.com/watch?v=bUi707BPd90,225,107,566,https://www.youtube.com/watch?v=bUi707BPd90,0,0,0,,0,0,0,0,
b9569d6e438b473ba61d88c0230899f5,4430,262352,116,46,296,https://www.youtube.com/watch?v=HtEpN9SR_8w,108,46,273,https://www.youtube.com/watch?v=6RXXokwa8mg,296,45,296,https://www.youtube.com/watch?v=HtEpN9SR_8w,0,0,0,0,
c90914afde364f5e982414615662f5a7,4420,376142,198,84,1455,https://www.youtube.com/watch?v=d3NMp4NwYVw,201,84,1455,https://www.youtube.com/watch?v=d3NMp4NwYVw,136,84,136,https://www.youtube.com/watch?v=vQ8WIGXsfjQ,1988,0,0,0,
52b5fa7ff03945368644f52035a5e798,4410,323218,100,32,543,https://www.youtube.com/watch?v=CfTkal81o5I,100,32,543,https://www.youtube.com/watch?v=CfTkal81o5I,0,0,0,,0,0,0,0,
5fd252ad134343a59705e00390c6d9ef,4380,117735,0,0,0,,0,0,0,,0,0,0,,1434,257,73,1248,https://www.twitch.tv/videos/2755612778
98187e2cc8c34f5d8e0853bffc1a30c9,4380,147551,2126,1163,2126,https://www.youtube.com/watch?v=NGn6Z9groFI,0,0,0,,2126,1163,2126,https://www.youtube.com/watch?v=NGn6Z9groFI,0,0,0,0,
caf08c74dd7b4919bca49eef394d5475,4380,667524,1253,204,4016,https://www.youtube.com/watch?v=4ccFeJz7_wE,152,101,323,https://www.youtube.com/watch?v=C-7TTspfFOM,1655,705,4016,https://www.youtube.com/watch?v=4ccFeJz7_wE,3642,829,416,2050,https://www.twitch.tv/videos/2741927135
bd7d712e0946448aa29a1d213d1c1beb,4380,135779,222,147,12829,https://www.youtube.com/watch?v=DREDNLFyr1M,164,83,241,https://www.youtube.com/watch?v=5tfVuQggo7o,1835,1157,12829,https://www.youtube.com/watch?v=DREDNLFyr1M,347,265,175,455,https://www.twitch.tv/videos/2751922201
627d42f52e604f3e8eadc7f04ef74d2a,4380,214418,0,0,0,,0,0,0,,0,0,0,,3513,366,294,980,https://www.twitch.tv/videos/2746757806
3f36658defc1428b8d4628478ef59256,4370,348801,666,332,2430,https://www.youtube.com/watch?v=uJ3px5gcY7Q,666,369,2430,https://www.youtube.com/watch?v=uJ3px5gcY7Q,869,298,1863,https://www.youtube.com/watch?v=_fS1JUnA4fs,0,0,0,0,
a2c7c34474174cd2bffcc17a32aeec21,4370,298198,299,265,1288,https://www.youtube.com/watch?v=6zxvd7FFMSg,83,42,128,https://www.youtube.com/watch?v=WlUCsF0ZlN8,1123,685,1288,https://www.youtube.com/watch?v=6zxvd7FFMSg,924,56,47,56,https://www.twitch.tv/videos/2754252699
ccc1420185ad46d49d40b6b774db9b11,4360,242387,117,44,170,https://www.youtube.com/watch?v=rOHzLSnsOwU,152,50,170,https://www.youtube.com/watch?v=rOHzLSnsOwU,96,40,115,https://www.youtube.com/watch?v=Lbmwu5_0DbQ,773,83,81,195,https://www.twitch.tv/videos/2752691079
f658ebdc79bf4cef928a87d3a35855a5,4350,76553,41,29,43,https://www.youtube.com/watch?v=UZxOOrU3qqM,41,29,43,https://www.youtube.com/watch?v=UZxOOrU3qqM,0,0,0,,0,0,0,0,
9ceaafbe1a9a41bb9526b113354e03cc,4340,328538,190,102,1791,https://www.youtube.com/watch?v=Rt4G2pW0e6k,172,53,221,https://www.youtube.com/watch?v=1qhhKy7gvQA,1466,543,1791,https://www.youtube.com/watch?v=Rt4G2pW0e6k,0,0,0,0,
f4fc9f87ed4b4f05a339b1f1a1d621b6,4320,92081,0,0,0,,0,0,0,,0,0,0,,0,0,0,0,
db1c4d81f03f4b04aca36b8b5b2b9c62,4310,93787,144,80,217,https://www.youtube.com/watch?v=8_1uAu9eXIc,144,80,217,https://www.youtube.com/watch?v=8_1uAu9eXIc,0,0,0,,438,0,0,0,
81387cdce77a4a9b9338145b28ae9ff6,4300,0,0,0,0,,0,0,0,,0,0,0,,0,0,0,0,
de071f4fc90344748afac14099022672,4290,109328,1692,215,1861,https://www.youtube.com/watch?v=s1wvCBn2yUs,0,0,0,,1692,215,1861,https://www.youtube.com/watch?v=s1wvCBn2yUs,8007,3648,2026,13510,https://www.twitch.tv/videos/2747304753
0ede84dfc1ff426cb42643d7390d2937,4260,708087,292,141,5250,https://www.youtube.com/watch?v=xmkECPorjdI,188,107,5250,https://www.youtube.com/watch?v=xmkECPorjdI,3094,728,3692,https://www.youtube.com/watch?v=NDSEWrv_kxM,1687,226,208,226,https://www.twitch.tv/videos/2755882509
caebfeea12c840f0ae0f0e2beb57b4e2,4250,223740,913,136,913,https://www.youtube.com/watch?v=VcQ41Wpfn9g,0,0,0,,913,136,913,https://www.youtube.com/watch?v=VcQ41Wpfn9g,0,0,0,0,
ba41581d315943fdaebe0dc981020d1c,4240,228698,111,31,175,https://www.youtube.com/watch?v=D7O8FgGYvW8,143,61,175,https://www.youtube.com/watch?v=D7O8FgGYvW8,98,31,149,https://www.youtube.com/watch?v=g89StP53Yn4,0,0,0,0,
c17ad3ef81904c26982024c9af1f0f3a,4230,177845,2532,582,3464,https://www.youtube.com/watch?v=GU38Fw_PAic,0,0,0,,2532,582,3464,https://www.youtube.com/watch?v=GU38Fw_PAic,3435,195,134,311,https://www.twitch.tv/videos/2748042509
872627e5c7a248bfb41a055dee03029a,4220,129027,189,97,2304,https://www.youtube.com/watch?v=VafuJP6sRmA,21,11,66,https://www.youtube.com/watch?v=wjJAwuarKIo,274,138,2304,https://www.youtube.com/watch?v=VafuJP6sRmA,759,0,0,0,
58bb51ba1bba485a98cbf859fb5687f4,4210,459373,539,156,2264,https://www.youtube.com/watch?v=luhnJJwSM_U,125,90,364,https://www.youtube.com/watch?v=7uD4gJ4S25o,1320,549,2264,https://www.youtube.com/watch?v=luhnJJwSM_U,1831,0,0,0,
3e340f9122814acc84ff51a0aec8ae13,4210,128984,0,0,0,,0,0,0,,0,0,0,,0,0,0,0,
2683fa864bd24112b6f7d04afb096a4e,4210,223937,337,152,2318,https://www.youtube.com/watch?v=edgg6d3kZLY,200,74,378,https://www.youtube.com/watch?v=TVfRrRiZZgk,1560,693,2318,https://www.youtube.com/watch?v=edgg6d3kZLY,362,0,0,0,
58e377df63f745fc8473368b20afe2ae,4210,227738,60,27,118,https://www.youtube.com/watch?v=fMHwm0PmYdg,60,27,118,https://www.youtube.com/watch?v=fMHwm0PmYdg,0,0,0,,304,5,4,7,https://www.twitch.tv/videos/2752794959
6fb8c6dea7404638a9d78d4b0d84f64c,4200,30756,716,356,1211,https://www.youtube.com/watch?v=vtPQaw2EOfU,716,356,1211,https://www.youtube.com/watch?v=vtPQaw2EOfU,0,0,0,,2853,0,0,0,
ad6cf3322d204c79afa7d14d4d36473c,4180,312633,1942,751,5033,https://www.youtube.com/watch?v=ndpMhAWgV1E,0,0,0,,1942,751,5033,https://www.youtube.com/watch?v=ndpMhAWgV1E,0,0,0,0,
50433c34f368460c9cda947f292a62b4,4180,327345,517,199,812,https://www.youtube.com/watch?v=pfD3ku1JRRE,532,209,812,https://www.youtube.com/watch?v=pfD3ku1JRRE,422,63,422,https://www.youtube.com/watch?v=iClOHkcUTPE,0,0,0,0,
01bebf0363a94b16b2313053c90a1c8a,4170,118847,81,61,142,https://www.youtube.com/watch?v=MXrEaox2HSw,81,61,142,https://www.youtube.com/watch?v=MXrEaox2HSw,0,0,0,,423,0,0,0,
7f049d05ff3a4946998b9ddd7df409fd,4150,137391,128,69,1621,https://www.youtube.com/watch?v=A41AEY16tqg,104,66,473,https://www.youtube.com/watch?v=VWbzBOA50aA,1364,1010,1621,https://www.youtube.com/watch?v=A41AEY16tqg,2305,128,93,311,https://www.twitch.tv/videos/2753485838
16b8db1818764f81addb322d109b5da3,4140,244090,622,97,1470,https://www.youtube.com/watch?v=ViV1tEGJTUw,475,85,622,https://www.youtube.com/watch?v=g6vy8h0PLI8,1416,582,1470,https://www.youtube.com/watch?v=ViV1tEGJTUw,0,0,0,0,
ffb8b8f15321474a98628cb638631bf1,4130,814260,0,0,0,,0,0,0,,0,0,0,,0,0,0,0,
d66fb507852f4d889e426c8ea0f9f246,4120,172512,450,179,2036,https://www.youtube.com/watch?v=xKbxaV95uYY,450,179,2036,https://www.youtube.com/watch?v=xKbxaV95uYY,0,0,0,,505,0,0,0,
1ea5aa0a7a7d401b897630667cf4b44e,4110,218072,98,42,216,https://www.youtube.com/watch?v=uWOacVOW_xI,98,42,216,https://www.youtube.com/watch?v=uWOacVOW_xI,0,0,0,,1236,284,175,404,https://www.twitch.tv/videos/2752756463
90446c6f1b704ff6b0fbbf017f0a68c5,4110,148265,462,151,656,https://www.youtube.com/watch?v=9EDvVdyCFRs,371,170,656,https://www.youtube.com/watch?v=9EDvVdyCFRs,554,133,554,https://www.youtube.com/watch?v=DE91YFYAtq4,0,0,0,0,
637b3a1eb03443248ebd1caba56e6b5a,4100,179920,414,143,1076,https://www.youtube.com/watch?v=vWrg6LWrYdI,414,143,1076,https://www.youtube.com/watch?v=vWrg6LWrYdI,0,0,0,,0,0,0,0,
9d74c909706a450ea35c1777cac79e77,4080,442156,228,106,902,https://www.youtube.com/watch?v=qS2jEMvY6r0,220,106,755,https://www.youtube.com/watch?v=2v_w7ajo40M,848,218,902,https://www.youtube.com/watch?v=qS2jEMvY6r0,866,110,78,110,https://www.twitch.tv/videos/2751021654
8b027d3a3f374c9c8398b6dd751e5018,4080,1264,0,0,0,,0,0,0,,0,0,0,,37388,4973,1667,12072,https://www.twitch.tv/videos/2742905961
d177ac8568a14720b35bcc1a829aff51,4060,160950,136,33,232,https://www.youtube.com/watch?v=VDtb3mxCyfQ,136,33,232,https://www.youtube.com/watch?v=VDtb3mxCyfQ,0,0,0,,0,0,0,0,
eda6bf91049349e08f0f269fb4f8c0f9,4050,143938,96,38,1718,https://www.youtube.com/watch?v=GuC-iof1tf8,76,37,133,https://www.youtube.com/watch?v=3dus3umOF8g,1042,295,1718,https://www.youtube.com/watch?v=GuC-iof1tf8,194,0,0,0,
f03fa714465e44ef8d339474bd0f4a02,4050,131912,275,90,2048,https://www.youtube.com/watch?v=rSk1C9YLpxg,252,58,298,https://www.youtube.com/watch?v=Tjbxh_9T6Yo,711,368,2048,https://www.youtube.com/watch?v=rSk1C9YLpxg,0,0,0,0,
b516b71a9e8d43b8a377dabe1f9057dd,4040,116488,96,41,162,https://www.youtube.com/watch?v=TIg0G9raY_I,90,35,144,https://www.youtube.com/watch?v=mcZ9TnmY2EQ,141,58,162,https://www.youtube.com/watch?v=TIg0G9raY_I,529,53,36,73,https://www.twitch.tv/videos/2755806884
cd44db2c12a54568963299704aa8d4a6,4020,106253,0,0,0,,0,0,0,,0,0,0,,320,0,0,0,
2bf038f2a9514434aefa4ef7b2140f56,4020,155765,478,278,2485,https://www.youtube.com/watch?v=urV-M5Ca6Cs,433,258,689,https://www.youtube.com/watch?v=zgjjHqReTT0,1611,509,2485,https://www.youtube.com/watch?v=urV-M5Ca6Cs,510,588,536,1092,https://www.twitch.tv/videos/2752576956
4a44ee7065ae41ad8d70469297599df8,4020,1124529,44,33,50,https://www.youtube.com/watch?v=_3xMNbGVWQs,44,33,50,https://www.youtube.com/watch?v=_3xMNbGVWQs,0,0,0,,0,0,0,0,
c9ac78b9004c4c26ba4107ccefe399ec,4010,170164,78,29,288,https://www.youtube.com/watch?v=eUG4XJKU9RY,78,29,288,https://www.youtube.com/watch?v=eUG4XJKU9RY,0,0,0,,0,0,0,0,
9db6beb02e774aa7a97ba8674a5a8f9d,3950,82241,0,0,0,,0,0,0,,0,0,0,,197,0,0,0,
ec12bbfb27d24091aa6a7d64ff9429ea,3950,101852,418,261,418,https://www.youtube.com/watch?v=GZ8Cjbmf-mc,0,0,0,,418,261,418,https://www.youtube.com/watch?v=GZ8Cjbmf-mc,5289,469,219,956,https://www.twitch.tv/videos/2744647551
00d9cb7b0bcd451999f4fd33dd84be6c,3930,715750,176,103,1898,https://www.youtube.com/watch?v=GN1dYAmU3f0,124,90,378,https://www.youtube.com/watch?v=A7OmoNKh07s,660,267,1898,https://www.youtube.com/watch?v=GN1dYAmU3f0,4876,320,216,2691,https://www.twitch.tv/videos/2734615645
780f8a72bb1543a79feb5730b42130c6,3910,240266,1149,681,2124,https://www.youtube.com/watch?v=mQGiB-aZDx4,336,176,370,https://www.youtube.com/watch?v=OldyLhVKIuk,1327,874,2124,https://www.youtube.com/watch?v=mQGiB-aZDx4,0,0,0,0,
0490d9546bce4068a0f52b39046bdf91,3880,105209,692,401,2599,https://www.youtube.com/watch?v=CdlpRUNvIrE,142,78,191,https://www.youtube.com/watch?v=pEGaX8Cf07c,745,560,2599,https://www.youtube.com/watch?v=CdlpRUNvIrE,4279,545,393,1006,https://www.twitch.tv/videos/2757562920
5cff30a1695346368e3ea7a7c7af4286,3880,401079,54,12,54,https://www.youtube.com/watch?v=7qIZw3OMXFM,0,0,0,,54,12,54,https://www.youtube.com/watch?v=7qIZw3OMXFM,761,0,0,0,
6bf5f37da9e74d539963689b6b0256a5,3880,489975,371,135,1369,https://www.youtube.com/watch?v=k4ygl29pWyg,155,64,371,https://www.youtube.com/watch?v=GVoa3OAhQbg,1168,622,1369,https://www.youtube.com/watch?v=k4ygl29pWyg,0,0,0,0,
4b8f55c74e594978bb461a27b3924336,3880,105153,185,62,318,https://www.youtube.com/watch?v=PHCgV7P3c6c,185,62,318,https://www.youtube.com/watch?v=PHCgV7P3c6c,0,0,0,,836,0,0,0,
7b2d1d71057b4ac2a16109b980a99e28,3860,190109,201,129,5702,https://www.youtube.com/watch?v=bnKlcQyKwbk,146,80,234,https://www.youtube.com/watch?v=KYjCBYWZFNU,1419,598,5702,https://www.youtube.com/watch?v=bnKlcQyKwbk,0,0,0,0,
9c1450789da443f491a66e6f121482fc,3860,312900,431,171,1407,https://www.youtube.com/watch?v=jJCHpaW0mp8,345,165,722,https://www.youtube.com/watch?v=wp_yO7RQ3yE,801,208,1407,https://www.youtube.com/watch?v=jJCHpaW0mp8,384,0,0,0,
3727892a417b429aa063c7300e132966,3860,226438,0,0,0,,0,0,0,,0,0,0,,0,0,0,0,
b0f00fccf8a14655911360748c4699cd,3850,148192,429,248,2068,https://www.youtube.com/watch?v=H38O2tH6PfU,94,49,108,https://www.youtube.com/watch?v=mRLpX4QTSso,1178,433,2068,https://www.youtube.com/watch?v=H38O2tH6PfU,0,0,0,0,
a03628db891e4e8c9a54bc5161f1f2f4,3850,193302,0,0,0,,0,0,0,,0,0,0,,618,125,88,1177,https://www.twitch.tv/videos/2746092120
edbd401267284e8886c1fd27d08283d4,3830,71214,0,0,0,,0,0,0,,0,0,0,,1031,0,0,0,
20f361a84fb3439999c550c10fcf5642,3830,89181,0,0,0,,0,0,0,,0,0,0,,1650,0,0,0,
f18910b4b83a48558f16836f4c1488eb,3830,120398,0,0,0,,0,0,0,,0,0,0,,0,0,0,0,
c371d4c7f516451bac8ae3a9a13dc7f2,3800,122648,105,56,175,https://www.youtube.com/watch?v=DQ5Et9J1lxg,105,56,175,https://www.youtube.com/watch?v=DQ5Et9J1lxg,0,0,0,,1476,96,77,149,https://www.twitch.tv/videos/2749394816
73827056b15849549388f720dde25c01,3800,181067,550,210,1127,https://www.youtube.com/watch?v=w8d6Ede1ICk,512,204,672,https://www.youtube.com/watch?v=KqakBIK8uoU,996,491,1127,https://www.youtube.com/watch?v=w8d6Ede1ICk,0,0,0,0,
7ddebf4d8f6d4c63a4fc7268d8113c10,3790,473766,225,175,1266,https://www.youtube.com/watch?v=74g_IQDGW8c,0,0,0,,225,175,1266,https://www.youtube.com/watch?v=74g_IQDGW8c,6424,922,602,6778,https://www.twitch.tv/videos/2745366096
3a4fe2f4720747ceabc87b3327ab2b17,3780,104540,180,29,180,https://www.youtube.com/watch?v=B5pcYC4PSQU,180,29,180,https://www.youtube.com/watch?v=B5pcYC4PSQU,0,0,0,,0,0,0,0,
342b158ba02d4103a1407d62fe786f5e,3780,180079,0,0,0,,0,0,0,,0,0,0,,1638,0,0,0,
db4fd03c50654057bd32b9201666b345,3770,187019,0,0,0,,0,0,0,,0,0,0,,2314,0,0,0,
ba5ed25718a7421cb15cd0ec62df723e,3770,150069,200,133,433,https://www.youtube.com/watch?v=FrFmDA5IxBE,200,133,433,https://www.youtube.com/watch?v=FrFmDA5IxBE,0,0,0,,483,0,0,0,
c01af5d5f9b74ac29b51dcae0dc55a2d,3750,290636,200,45,623,https://www.youtube.com/watch?v=x9aqO15_Bn4,623,108,623,https://www.youtube.com/watch?v=x9aqO15_Bn4,187,45,244,https://www.youtube.com/watch?v=gbiDmdKMUok,0,0,0,0,
601b56797a3246f49cead93e9e190a49,3730,149529,0,0,0,,0,0,0,,0,0,0,,0,0,0,0,
2f80e2f83d254bbdbf48b9c8b3fca995,3730,152505,198,89,492,https://www.youtube.com/watch?v=cZ8rese3sqo,196,94,492,https://www.youtube.com/watch?v=cZ8rese3sqo,272,68,272,https://www.youtube.com/watch?v=CLCc_aMjGBc,0,0,0,0,
42e2bc7c16734352b2e18a82e48844ec,3730,537102,387,140,2045,https://www.youtube.com/watch?v=EwpiejHMpTg,387,140,2045,https://www.youtube.com/watch?v=EwpiejHMpTg,0,0,0,,0,0,0,0,
ed4666af39034d54913aba64cfea6f47,3700,339712,404,203,898,https://www.youtube.com/watch?v=wdoRshTGX0g,404,203,898,https://www.youtube.com/watch?v=wdoRshTGX0g,0,0,0,,941,0,0,0,
907d39ec8a394cdcb645bd4b2e6351e7,3680,101142,157,144,206,https://www.youtube.com/watch?v=J_luDhyGf0A,157,144,206,https://www.youtube.com/watch?v=J_luDhyGf0A,0,0,0,,0,0,0,0,
a246e7561e5f40799a48eeca69951b7b,3680,182853,135,81,167,https://www.youtube.com/watch?v=Q17z31XL7J4,135,81,167,https://www.youtube.com/watch?v=Q17z31XL7J4,0,0,0,,129,0,0,0,
dadb89bee9044261848ad444625d94f7,3660,59169,135,65,2074,https://www.youtube.com/watch?v=KAUeoA_gxtQ,96,58,145,https://www.youtube.com/watch?v=SkH82X4AWrU,614,335,2074,https://www.youtube.com/watch?v=KAUeoA_gxtQ,0,0,0,0,
bc70de85cb744f13bffae8a81ebd6bb4,3640,92791,0,0,0,,0,0,0,,0,0,0,,0,0,0,0,
3506a4f43442492e83c6fbe4cdb09aba,3610,61018,0,0,0,,0,0,0,,0,0,0,,0,0,0,0,
286c24a67720434bbb4290d49fb42a54,3610,198601,111,48,2513,https://www.youtube.com/watch?v=x3jDC1HdBO4,92,41,235,https://www.youtube.com/watch?v=lV2AHEXbeK8,1848,1319,2513,https://www.youtube.com/watch?v=x3jDC1HdBO4,0,0,0,0,
e76a030f33bc48a58257b261f95ee3af,3610,145142,138,75,206,https://www.youtube.com/watch?v=F3w52NHE29A,138,75,206,https://www.youtube.com/watch?v=F3w52NHE29A,0,0,0,,0,0,0,0,
b95eb39c5bb74de687696afbc31fb836,3600,100892,161,19,201,https://www.youtube.com/watch?v=leJCJI4cIF8,161,19,201,https://www.youtube.com/watch?v=leJCJI4cIF8,0,0,0,,402,203,61,253,https://www.twitch.tv/videos/2755684718
c2bbc6bca92c4825b72d635634197e2b,3600,223089,0,0,0,,0,0,0,,0,0,0,,0,0,0,0,
e93734c51e5141419d44dc147f1c5420,3590,57486,0,0,0,,0,0,0,,0,0,0,,0,0,0,0,
0df008566e92461eb808c5b3ba9c7f0f,3590,121505,47,15,79,https://www.youtube.com/watch?v=dkX3ccFDG0o,47,15,79,https://www.youtube.com/watch?v=dkX3ccFDG0o,0,0,0,,0,0,0,0,
644ed2200e8a446bae2920103d1015e3,3590,128702,90,44,468,https://www.youtube.com/watch?v=NSi6G48kmDk,78,44,142,https://www.youtube.com/watch?v=mD5UWCsSRM0,225,97,468,https://www.youtube.com/watch?v=NSi6G48kmDk,0,0,0,0,
b1c9458ca89b44bab0f09883ef40c45c,3590,115651,127,55,659,https://www.youtube.com/watch?v=TIbvsjVbqXc,127,55,659,https://www.youtube.com/watch?v=TIbvsjVbqXc,0,0,0,,0,0,0,0,
4d9730dc400443e6b8edb719febd5f46,3580,74489,119,56,164,https://www.youtube.com/watch?v=tO4X1HRThjE,119,56,164,https://www.youtube.com/watch?v=tO4X1HRThjE,0,0,0,,770,43,22,76,https://www.twitch.tv/videos/2750401773
5f9767b104b54292bf6dd29863c0c6b1,3570,355116,860,509,1883,https://www.youtube.com/watch?v=7uXsXF3Ev5c,83,61,100,https://www.youtube.com/watch?v=11X0WWX-TQI,1015,566,1883,https://www.youtube.com/watch?v=7uXsXF3Ev5c,0,0,0,0,
7caa52181a744f68be9e3995c7adec24,3570,41822,152,53,211,https://www.youtube.com/watch?v=5AJFopuXmP8,152,53,211,https://www.youtube.com/watch?v=5AJFopuXmP8,0,0,0,,0,0,0,0,
c16daca9d8b84b18a38ab97cdcd7577a,3570,371155,276,88,1528,https://www.youtube.com/watch?v=GLG8LtAtla4,278,87,1314,https://www.youtube.com/watch?v=F0JqoAvR0iw,148,89,1528,https://www.youtube.com/watch?v=GLG8LtAtla4,0,0,0,0,
041976bda8b8410a99af25fc4cb87970,3560,124309,0,0,0,,0,0,0,,0,0,0,,133,0,0,0,
8b69d6c508194b93b14fc056038160ab,3560,82034,0,0,0,,0,0,0,,0,0,0,,1965,190,160,260,https://www.twitch.tv/videos/2749281189
d78d72ce0aac4c9d9c5c16604209ced3,3550,176780,507,213,1565,https://www.youtube.com/watch?v=LKz5S68VxW8,507,213,1565,https://www.youtube.com/watch?v=LKz5S68VxW8,0,0,0,,0,0,0,0,
8961bc96eec34a99ad58505bae3f58f1,3540,157085,96,14,97,https://www.youtube.com/watch?v=7BbvNTn9aLk,96,14,97,https://www.youtube.com/watch?v=7BbvNTn9aLk,0,0,0,,0,0,0,0,
64bba754590e41c5b58df1c536d4e865,3540,131126,107,52,201,https://www.youtube.com/watch?v=LqmyllRRQh0,107,52,201,https://www.youtube.com/watch?v=LqmyllRRQh0,0,0,0,,729,291,239,1160,https://www.twitch.tv/videos/2748912738
54b0131ceb734643b23b1eefee31cca0,3520,264219,184,56,256,https://www.youtube.com/watch?v=LO-Hhil1hj4,0,0,0,,184,56,256,https://www.youtube.com/watch?v=LO-Hhil1hj4,747,0,0,0,
a60e76fb18f44818980d7d5b07cf82c9,3500,161764,1006,307,2056,https://www.youtube.com/watch?v=NkZfxia08WQ,715,277,1242,https://www.youtube.com/watch?v=fPXGAVq3n14,1312,539,2056,https://www.youtube.com/watch?v=NkZfxia08WQ,472,747,525,1556,https://www.twitch.tv/videos/2748678908
07b9e0f7118446be96cc2d12f5d8ad02,3500,132408,0,0,0,,0,0,0,,0,0,0,,12215,624,302,624,https://www.twitch.tv/videos/2745349228
edf9e466820347828b0d2d10e5e9bb72,3500,230415,37,21,1441,https://www.youtube.com/watch?v=6hjmFo6UMdg,37,21,76,https://www.youtube.com/watch?v=swhM18bwAAg,177,44,1441,https://www.youtube.com/watch?v=6hjmFo6UMdg,485,0,0,0,
f45249f9d8094f9d85f6d02aec4af029,3490,772953,242,81,1497,https://www.youtube.com/watch?v=CKPciEaMGUQ,184,73,242,https://www.youtube.com/watch?v=LCE0k3KnJBs,1497,713,1497,https://www.youtube.com/watch?v=CKPciEaMGUQ,0,0,0,0,
de362d2d371446d898953e74e27abd2a,3490,388273,195,119,2508,https://www.youtube.com/watch?v=f_iY5_sRV0o,110,36,747,https://www.youtube.com/watch?v=thWy9qbOdV4,256,175,2508,https://www.youtube.com/watch?v=f_iY5_sRV0o,0,0,0,0,
4f5a88e0193a4c948f7e84c56303db82,3480,91561,144,98,293,https://www.youtube.com/watch?v=w4ArNwDySQU,144,98,293,https://www.youtube.com/watch?v=w4ArNwDySQU,0,0,0,,0,0,0,0,
8c25e14dcc3a4f71895d58924c69dc0a,3480,182090,106,103,106,https://www.youtube.com/watch?v=ZZ24ziSXXYY,106,103,106,https://www.youtube.com/watch?v=ZZ24ziSXXYY,0,0,0,,0,0,0,0,
01ba034aab854ec680fe6f1ddc7008e2,3470,165376,98,51,139,https://www.youtube.com/watch?v=CeKAU02vGRE,98,51,139,https://www.youtube.com/watch?v=CeKAU02vGRE,0,0,0,,0,0,0,0,
4c34c44a98974b709f7dbc7618847fd6,3470,263083,616,251,1268,https://www.youtube.com/watch?v=tLxE71NIeIs,0,0,0,,616,251,1268,https://www.youtube.com/watch?v=tLxE71NIeIs,11566,1045,418,1431,https://www.twitch.tv/videos/2736335296
9881cf3008684e55aea70a2499e84163,3460,403769,230,118,2109,https://www.youtube.com/watch?v=sj_pWIOEjU4,222,89,480,https://www.youtube.com/watch?v=mJkyv2sU1no,894,318,2109,https://www.youtube.com/watch?v=sj_pWIOEjU4,166,0,0,0,
7bf1f37dccbe4c72860c81a2772b91e1,3430,1551579,25,14,256,https://www.youtube.com/watch?v=jpeOIUil91g,23,14,119,https://www.youtube.com/watch?v=MCXTOppNvhI,88,22,256,https://www.youtube.com/watch?v=jpeOIUil91g,65,0,0,0,
4d347ba9ca0c41c59cda553ebe4af5b1,3430,137642,80,49,91,https://www.youtube.com/watch?v=Y--Uk-AbcZA,80,49,91,https://www.youtube.com/watch?v=Y--Uk-AbcZA,0,0,0,,1243,0,0,0,
7748d3ab76f34e06abb9d116bb432de2,3420,62434,0,0,0,,0,0,0,,0,0,0,,1652,0,0,0,
9379ed7f979440218e22b8db58dd0dd1,3410,207495,347,101,438,https://www.youtube.com/watch?v=zL0mBIm5bx4,347,101,438,https://www.youtube.com/watch?v=zL0mBIm5bx4,0,0,0,,572,0,0,0,
4d01ec47d0804a47a9fef6d9d01d9c29,3390,88595,0,0,0,,0,0,0,,0,0,0,,2173,142,101,426,https://www.twitch.tv/videos/2753987338
70a7428607b845fc959fb7d4859d018b,3380,343922,0,0,0,,0,0,0,,0,0,0,,18639,0,0,0,
46145dc9eaab4a84898468905a4759b0,3370,76290,80,40,99,https://www.youtube.com/watch?v=YgGXH5W7NXs,0,0,0,,80,40,99,https://www.youtube.com/watch?v=YgGXH5W7NXs,0,0,0,0,
53d808d5b57f452a96d67861f3da1f8c,3370,123333,533,237,5500,https://www.youtube.com/watch?v=xxrwamvea2I,445,255,876,https://www.youtube.com/watch?v=FBPkD1OtRiQ,1772,154,5500,https://www.youtube.com/watch?v=xxrwamvea2I,222,0,0,0,
9ad37d3249e24861bc8cb84368883258,3360,206748,75,32,3776,https://www.youtube.com/watch?v=ATAkX38BMYA,71,32,152,https://www.youtube.com/watch?v=p9TeU3-99wQ,1940,1045,3776,https://www.youtube.com/watch?v=ATAkX38BMYA,0,0,0,0,
2ceecb98e47845eab5e3d8d33bd53895,3360,103688,156,75,202,https://www.youtube.com/watch?v=-7gJHuCWkAE,156,75,202,https://www.youtube.com/watch?v=-7gJHuCWkAE,0,0,0,,0,0,0,0,
c485c46db92a4cda909347804da07153,3350,79498,73,40,84,https://www.youtube.com/watch?v=3acUgGVlggg,73,40,84,https://www.youtube.com/watch?v=3acUgGVlggg,0,0,0,,390,135,73,258,https://www.twitch.tv/videos/2754162903
8e249f04f6cb48bda24f1513a472f4d8,3350,269220,0,0,0,,0,0,0,,0,0,0,,0,0,0,0,
0e8150c7419f4c1d94d8ccfb41a04280,3340,327511,0,0,0,,0,0,0,,0,0,0,,0,0,0,0,
c7a3d726bb4243cabb70dfd1e9545cd0,3340,160421,96,46,200,https://www.youtube.com/watch?v=P-QV7BLm8GQ,96,46,200,https://www.youtube.com/watch?v=P-QV7BLm8GQ,0,0,0,,0,0,0,0,
8125f51f9526408790a77c1c7b4a053b,3320,101334,93,7,161,https://www.youtube.com/watch?v=bwQ01n8wZr8,0,0,0,,93,7,161,https://www.youtube.com/watch?v=bwQ01n8wZr8,3273,0,0,0,
dd0401d23f5444c69b9d10db3b22d444,3320,131874,140,50,1795,https://www.youtube.com/watch?v=Xmg8dkXs-Do,134,44,208,https://www.youtube.com/watch?v=374SwHXK06o,1795,1229,1795,https://www.youtube.com/watch?v=Xmg8dkXs-Do,24,0,0,0,
de7f8ba1753d4e4cb95e6ac99007eacc,3310,92030,236,112,924,https://www.youtube.com/watch?v=oIlAG2Oh90U,234,101,484,https://www.youtube.com/watch?v=zfMHfdEwQqk,924,610,924,https://www.youtube.com/watch?v=oIlAG2Oh90U,0,0,0,0,
288f2fba52bf4d6b9e0ba66e03439837,3300,52522,0,0,0,,0,0,0,,0,0,0,,2333,0,0,0,
f5a683eeac6b4936b44d547c1e4edbc2,3280,68328,165,115,1522,https://www.youtube.com/watch?v=-eu37ccGMPs,156,115,298,https://www.youtube.com/watch?v=vgbLvVuDqdY,858,743,1522,https://www.youtube.com/watch?v=-eu37ccGMPs,118,32,28,48,https://www.twitch.tv/videos/2752556545
cb5ff5f1898a45b1bc27a32057a1fa91,3260,71827,0,0,0,,0,0,0,,0,0,0,,2177,0,0,0,
0ac7e05c8a3842e7bd1401652ce2bf4f,3250,131367,83,34,103,https://www.youtube.com/watch?v=1tpNyJi-Feo,83,34,103,https://www.youtube.com/watch?v=1tpNyJi-Feo,0,0,0,,0,0,0,0,
0f9d996c066a406dbe04161776c17461,3240,177088,134,94,516,https://www.youtube.com/watch?v=aJ6MfNFhinw,129,94,334,https://www.youtube.com/watch?v=ziW1UmTwtBw,487,88,516,https://www.youtube.com/watch?v=aJ6MfNFhinw,0,0,0,0,
5bbfc7c1b6584cef8c75f2f9044387d2,3240,293299,97,55,936,https://www.youtube.com/watch?v=_41kUnRy6xI,93,48,227,https://www.youtube.com/watch?v=uHWQBpr0vAA,608,341,936,https://www.youtube.com/watch?v=_41kUnRy6xI,0,0,0,0,
e810dcd23c334fd184d254718517764e,3230,213016,51,24,93,https://www.youtube.com/watch?v=G1lRMrilAPA,51,24,93,https://www.youtube.com/watch?v=G1lRMrilAPA,0,0,0,,0,0,0,0,
74ef34317983453ab86223490eba4f6e,3220,111640,461,157,625,https://www.youtube.com/watch?v=eAWuiQDkTX8,461,157,625,https://www.youtube.com/watch?v=eAWuiQDkTX8,0,0,0,,172,0,0,0,
30f59fd702d5417c9225bc729bf7ec32,3220,266475,174,38,342,https://www.youtube.com/watch?v=ODgLpdGdqiI,132,39,342,https://www.youtube.com/watch?v=ODgLpdGdqiI,216,28,216,https://www.youtube.com/watch?v=4b3Na3opVc0,0,0,0,0,
886f64b4a0504b9fbe5e4687b92f6584,3210,184362,70,32,15320,https://www.youtube.com/watch?v=BvtV8x5cbK8,285,167,444,https://www.youtube.com/watch?v=N4fLzrvOBhQ,38,25,15320,https://www.youtube.com/watch?v=BvtV8x5cbK8,152,43,34,92,https://www.twitch.tv/videos/2751719753
5b85294949544a5f8855715acadf66a5,3210,109387,211,92,433,https://www.youtube.com/watch?v=YeaXgUdnAvs,211,92,433,https://www.youtube.com/watch?v=YeaXgUdnAvs,0,0,0,,1939,401,366,468,https://www.twitch.tv/videos/2752632808
8282a91b3aae44d3a075d08507665f4e,3200,58830,55,39,57,https://www.youtube.com/watch?v=1euzCMDFIbc,55,39,57,https://www.youtube.com/watch?v=1euzCMDFIbc,0,0,0,,0,0,0,0,
72edc688855047cbbbe495e3f2af9fda,3200,121999,211,127,2758,https://www.youtube.com/watch?v=ikVlqBhpQFs,156,90,280,https://www.youtube.com/watch?v=AYGMhI5AVs0,1558,765,2758,https://www.youtube.com/watch?v=ikVlqBhpQFs,0,0,0,0,
96be1e561acd4a75817c6424d9d4f9f0,3200,135706,0,0,0,,0,0,0,,0,0,0,,4175,250,190,333,https://www.twitch.tv/videos/2752650659
8a86c4d0f4ce462a92c6bf09c027e432,3190,2896722,0,0,0,,0,0,0,,0,0,0,,161,0,0,0,
63f727e673b9460abd6f7079bcbb1865,3190,208834,202,129,1512,https://www.youtube.com/watch?v=W_ViksuVfQM,202,129,594,https://www.youtube.com/watch?v=q3RyCjrd7Ok,175,144,1512,https://www.youtube.com/watch?v=W_ViksuVfQM,0,0,0,0,
a55a6a4b6453413cb8b1dc69423b67d5,3180,388310,285,101,2346,https://www.youtube.com/watch?v=SGA5JfSmYF0,285,99,1474,https://www.youtube.com/watch?v=qXHIZybRWFo,1310,264,2346,https://www.youtube.com/watch?v=SGA5JfSmYF0,0,0,0,0,
1140618a96154395909d53257bffe0e6,3180,150908,103,38,201,https://www.youtube.com/watch?v=BcUMSafOYIc,103,38,201,https://www.youtube.com/watch?v=BcUMSafOYIc,0,0,0,,254,313,213,513,https://www.twitch.tv/videos/2750092903
dba1db65ba874e18a33d8465d52d8f2e,3180,112246,56,16,81,https://www.youtube.com/watch?v=R1SKcGQA6x8,56,16,81,https://www.youtube.com/watch?v=R1SKcGQA6x8,0,0,0,,0,0,0,0,
bcbf00e1e98b4d5e8af20f29adbb0645,3170,200534,57,34,79,https://www.youtube.com/watch?v=TvhZhtMDD9Y,57,34,79,https://www.youtube.com/watch?v=TvhZhtMDD9Y,0,0,0,,0,0,0,0,
38391974f5af4fbbb6224e3d6f2f7fb3,3160,191894,0,0,0,,0,0,0,,0,0,0,,6385,412,328,527,https://www.twitch.tv/videos/2756664312
bddcd7d262a2434f9b6d77150fbbc72c,3160,44156,0,0,0,,0,0,0,,0,0,0,,0,0,0,0,
eb159df5d55b4730ab2955c5e2638e3f,3160,104002,136,120,136,https://www.youtube.com/watch?v=SKuo4L-GitI,136,120,136,https://www.youtube.com/watch?v=SKuo4L-GitI,0,0,0,,0,0,0,0,
63f45366143549d8a2d26406445e0077,3150,150848,0,0,0,,0,0,0,,0,0,0,,0,0,0,0,
3430201d0e1f4672a58faf16ee0f2761,3150,107732,181,153,209,https://www.youtube.com/watch?v=NQLwk6JjJDA,181,153,209,https://www.youtube.com/watch?v=NQLwk6JjJDA,0,0,0,,1356,116,68,121,https://www.twitch.tv/videos/2753491559
7c6d1a181c90471887696ff9637aed03,3140,145249,241,1,241,https://www.youtube.com/watch?v=8EuyS8njD7o,241,1,241,https://www.youtube.com/watch?v=8EuyS8njD7o,0,0,0,,0,0,0,0,
1756e5a7f5a04ff6a7b5f482201b5cfc,3140,71333,0,0,0,,0,0,0,,0,0,0,,24616,2746,1163,8578,https://www.twitch.tv/videos/2738480305
5da1b6db7796434f9180d2f5e210ea6c,3130,215541,125,60,2579,https://www.youtube.com/watch?v=3LSTfYKHjF4,100,53,2579,https://www.youtube.com/watch?v=3LSTfYKHjF4,250,220,2381,https://www.youtube.com/watch?v=C971mt3YLFE,0,0,0,0,
f466201465ac40ef9f3aefc9b08a39d1,3130,212898,390,209,1324,https://www.youtube.com/watch?v=fhC6CZaS6x8,387,200,626,https://www.youtube.com/watch?v=Kx1b4iMYvkU,1324,365,1324,https://www.youtube.com/watch?v=fhC6CZaS6x8,2277,914,448,1425,https://www.twitch.tv/videos/2743436206
d2f9e9b19102408bbef636a6458934e6,3130,544176,501,191,1006,https://www.youtube.com/watch?v=TWsrJ8O_p7c,501,191,1006,https://www.youtube.com/watch?v=TWsrJ8O_p7c,0,0,0,,173,0,0,0,
f9444f6d790344a4a51a301110665229,3120,145101,105,37,154,https://www.youtube.com/watch?v=II5kurOe8fc,105,37,154,https://www.youtube.com/watch?v=II5kurOe8fc,0,0,0,,0,0,0,0,
7e8fe40622974698a75d14d78006e009,3110,200522,1758,756,2632,https://www.youtube.com/watch?v=c-ZPPvK3yaE,199,151,264,https://www.youtube.com/watch?v=45xEDqdCRk0,2198,874,2632,https://www.youtube.com/watch?v=c-ZPPvK3yaE,2290,433,267,608,https://www.twitch.tv/videos/2752464635
b3f711673fea4ec5b6f87c023353594d,3110,217013,69,21,1129,https://www.youtube.com/watch?v=YaFCYeVPLw4,65,8,127,https://www.youtube.com/watch?v=43k3_T4hxe0,1129,999,1129,https://www.youtube.com/watch?v=YaFCYeVPLw4,0,0,0,0,
67ba07d1ace445328c13bfb9d612d564,3100,108299,276,160,1691,https://www.youtube.com/watch?v=dzEVZYmN2Xk,269,158,1691,https://www.youtube.com/watch?v=dzEVZYmN2Xk,1058,337,1384,https://www.youtube.com/watch?v=5BFQcf46Y-s,0,0,0,0,
9af612c3f872434cad1ba2e5dcbfaec8,3100,1124741,161,64,2258,https://www.youtube.com/watch?v=BJnuS0vfp28,161,64,2258,https://www.youtube.com/watch?v=BJnuS0vfp28,0,0,0,,0,0,0,0,
da189f9d282e4c31a4a8024d11fe368d,3090,134339,119,82,432,https://www.youtube.com/watch?v=GHQJfZ3LrFA,114,85,255,https://www.youtube.com/watch?v=dPuTkTDsANE,432,0,432,https://www.youtube.com/watch?v=GHQJfZ3LrFA,0,0,0,0,
ea62d2e6bc854e7a81b01a2362be310f,3090,201359,0,0,0,,0,0,0,,0,0,0,,336,0,0,0,
c28d59f83d9345de91d208cf7732bac5,3080,90008,0,0,0,,0,0,0,,0,0,0,,0,0,0,0,
f3085e3337f34b178380b52e3ca429af,3060,141164,342,198,2796,https://www.youtube.com/watch?v=sGUrw9AvqUs,342,198,2796,https://www.youtube.com/watch?v=sGUrw9AvqUs,0,0,0,,1004,0,0,0,
06e9953eb191486d979e6b92b6601d9a,3060,1167948,0,0,0,,0,0,0,,0,0,0,,2238,0,0,0,
cbba76fd34d74307a9f826e03b8e4db5,3050,126232,348,146,1374,https://www.youtube.com/watch?v=cq33bHE7-Sg,332,154,649,https://www.youtube.com/watch?v=S2i3mnV6SEM,575,141,1374,https://www.youtube.com/watch?v=cq33bHE7-Sg,390,100,66,188,https://www.twitch.tv/videos/2749678699
3d23ff5303d54cc58e5a69aa53b1db50,3040,369161,211,65,2020,https://www.youtube.com/watch?v=6M64C2md79Q,211,65,2020,https://www.youtube.com/watch?v=6M64C2md79Q,0,0,0,,0,0,0,0,
9643c650b1804107b85de1f08010aa9d,3010,313713,234,97,551,https://www.youtube.com/watch?v=e_ocTqUNqNI,254,108,551,https://www.youtube.com/watch?v=e_ocTqUNqNI,185,28,185,https://www.youtube.com/watch?v=_dUnCCzLlP4,786,207,190,652,https://www.twitch.tv/videos/2756691386
4e4721deba7c4681b1172714a29e6f19,3000,233009,4279,1522,7525,https://www.youtube.com/watch?v=DgPvV_auHAE,0,0,0,,4279,1522,7525,https://www.youtube.com/watch?v=DgPvV_auHAE,0,0,0,0,
73675987096b486287784fc466b881be,3000,98164,317,164,2311,https://www.youtube.com/watch?v=C38DV1Mpot4,294,114,583,https://www.youtube.com/watch?v=BIsdr7WFHAU,1772,645,2311,https://www.youtube.com/watch?v=C38DV1Mpot4,0,0,0,0,
89036aadc62d496aa73c0a0076d67f41,2990,103530,71,28,186,https://www.youtube.com/watch?v=odzckxEBuEU,71,28,186,https://www.youtube.com/watch?v=odzckxEBuEU,0,0,0,,2975,162,112,214,https://www.twitch.tv/videos/2747094931
99d1a2e0c8c047d2ad998e02d4dd9621,2960,103779,0,0,0,,0,0,0,,0,0,0,,0,0,0,0,
20b40bdf50604e2198a3c964dd86d31c,2930,45145,0,0,0,,0,0,0,,0,0,0,,488,0,0,0,
3ffbac2f7ae8478ca7b33d400d6e657e,2930,33703,0,0,0,,0,0,0,,0,0,0,,0,0,0,0,
b1bfaed0ed7f4ca9ae96c017159efe77,2930,311681,66,42,475,https://www.youtube.com/watch?v=JqqqvE2WdeY,65,32,475,https://www.youtube.com/watch?v=JqqqvE2WdeY,304,79,346,https://www.youtube.com/watch?v=uPmOErGM_Dc,113,0,0,0,
6443d56896a848dd820e339b5f81e292,2930,93979,0,0,0,,0,0,0,,0,0,0,,4544,260,134,395,https://www.twitch.tv/videos/2756608420
9c64ee54cc094bf7931398eaf0c072d6,2920,192949,0,0,0,,0,0,0,,0,0,0,,2267,428,343,546,https://www.twitch.tv/videos/2755824453
1901cef25e9940e7b3da42d3c189cada,2920,64784,0,0,0,,0,0,0,,0,0,0,,0,0,0,0,
451ce18d28ff493e8238df85858dfb02,2920,259241,3080,1495,7453,https://www.youtube.com/watch?v=7TZMkOh38Do,0,0,0,,3080,1495,7453,https://www.youtube.com/watch?v=7TZMkOh38Do,2149,339,244,572,https://www.twitch.tv/videos/2753494671
fd81a8861669442ca49c50bc4cfd4b5e,2910,181258,190,65,317,https://www.youtube.com/watch?v=ipj-MdtW8nM,190,65,317,https://www.youtube.com/watch?v=ipj-MdtW8nM,0,0,0,,0,0,0,0,
4f917f1ccdd74d34a3746c379282b6fe,2900,244396,492,416,1546,https://www.youtube.com/watch?v=LfPRmtTbafI,0,0,0,,492,416,1546,https://www.youtube.com/watch?v=LfPRmtTbafI,2030,368,319,1388,https://www.twitch.tv/videos/2755442163
60ff50e95399472b96a6fbe83d75e806,2900,131224,349,179,2187,https://www.youtube.com/watch?v=Gppvwr3v9rA,324,176,847,https://www.youtube.com/watch?v=BSYQjmTHfI0,382,235,2187,https://www.youtube.com/watch?v=Gppvwr3v9rA,403,500,391,892,https://www.twitch.tv/videos/2747094969
d539588cfa344f67965bb1dea41b9140,2890,242721,244,119,2921,https://www.youtube.com/watch?v=kD8zyGXFrLE,229,107,567,https://www.youtube.com/watch?v=JTCSMzXsbYo,2047,1016,2921,https://www.youtube.com/watch?v=kD8zyGXFrLE,0,0,0,0,
7da08de1840847b99c6fe9a44a1ca0ac,2890,71728,0,0,0,,0,0,0,,0,0,0,,0,0,0,0,
4e48e10b3c2f439c934b1db25679b972,2890,312946,648,275,958,https://www.youtube.com/watch?v=3f6OjR0-n1E,648,275,958,https://www.youtube.com/watch?v=3f6OjR0-n1E,0,0,0,,0,0,0,0,
f94ba8ea1a5441c4852d53e8f528ee20,2880,215901,403,151,4083,https://www.youtube.com/watch?v=STLIgVsRrmA,385,107,655,https://www.youtube.com/watch?v=RQwyxCedEfY,2773,2136,4083,https://www.youtube.com/watch?v=STLIgVsRrmA,582,0,0,0,
677ae7ec361d4d3c9981bca8fbb974c8,2860,82796,316,1,316,https://www.youtube.com/watch?v=gtkdBO3HN8Y,316,1,316,https://www.youtube.com/watch?v=gtkdBO3HN8Y,0,0,0,,389,0,0,0,
6417469030e943748dfdba4ee26a08e4,2860,0,0,0,0,,0,0,0,,0,0,0,,1087,0,0,0,
91919c2ad07a4db88e0b4cfbc1739940,2840,23381,0,0,0,,0,0,0,,0,0,0,,2706,553,454,3729,https://www.twitch.tv/videos/2750251745
445a732fc0f64712b3213b4cd98fbdd3,2830,83079,212,127,1296,https://www.youtube.com/watch?v=DHbiIwmpc7E,197,107,1296,https://www.youtube.com/watch?v=DHbiIwmpc7E,1175,939,1176,https://www.youtube.com/watch?v=6QtoQ_Jha18,795,665,487,1099,https://www.twitch.tv/videos/2752735347
b79ac08a857c4553921c04c3b14b89ea,2830,191261,238,87,406,https://www.youtube.com/watch?v=aK0hfR0jqoI,0,0,0,,238,87,406,https://www.youtube.com/watch?v=aK0hfR0jqoI,500,0,0,0,
11dd1f817a6b4c80a066aedd8e0fa419,2830,86414,0,0,0,,0,0,0,,0,0,0,,0,0,0,0,
8402646577b24bd5918bda8690e790b4,2820,350802,0,0,0,,0,0,0,,0,0,0,,1831,415,228,562,https://www.twitch.tv/videos/2751764153
cd4c94db2aed435794cc7e55999016e7,2820,120151,67,33,69,https://www.youtube.com/watch?v=rO7HklqdySk,67,33,69,https://www.youtube.com/watch?v=rO7HklqdySk,0,0,0,,346,36,23,80,https://www.twitch.tv/videos/2748531153
275aaf8046a144198dee96d20bce8b1a,2820,67120,294,87,399,https://www.youtube.com/watch?v=MiN13BPQwlo,294,87,399,https://www.youtube.com/watch?v=MiN13BPQwlo,0,0,0,,0,0,0,0,
b606cde735d84b45ab96489d7a9997dd,2820,183124,51,19,183,https://www.youtube.com/watch?v=Q5bf1VG1Ktc,51,19,183,https://www.youtube.com/watch?v=Q5bf1VG1Ktc,0,0,0,,225,0,0,0,
32a08f858ffb4d6aba0624647cf8cf2d,2810,118335,97,53,456,https://www.youtube.com/watch?v=5h7jgo0xNWo,93,52,342,https://www.youtube.com/watch?v=5BAp_eI9PGU,355,301,456,https://www.youtube.com/watch?v=5h7jgo0xNWo,0,0,0,0,
d9205a7681c74bacae6e0c413aff1ab1,2800,83817,0,0,0,,0,0,0,,0,0,0,,0,0,0,0,
70f1d3ae590e4f2184f695fd2140010c,2800,693395,0,0,0,,0,0,0,,0,0,0,,0,0,0,0,
118c05e7f751446abee5fc827fda0215,2800,832150,83,42,588,https://www.youtube.com/watch?v=ztCY0qikJxM,83,42,588,https://www.youtube.com/watch?v=ztCY0qikJxM,0,0,0,,0,0,0,0,
44f1d1ad14034bd3949ad6f84624f0e4,2790,225528,142,52,1621,https://www.youtube.com/watch?v=c30_4-T-gjs,70,32,443,https://www.youtube.com/watch?v=5d8MqLywL1U,1225,371,1621,https://www.youtube.com/watch?v=c30_4-T-gjs,2719,0,0,0,
339b4a73ce92470c97b1626405d5eb5b,2790,90283,0,0,0,,0,0,0,,0,0,0,,424,0,0,0,
76165d25983b463eaa1da66c86a32b7c,2790,38789,0,0,0,,0,0,0,,0,0,0,,758,24,18,141,https://www.twitch.tv/videos/2751083986
d210d8dfc0ec4a97907b9cebb5413ae3,2780,125532,0,0,0,,0,0,0,,0,0,0,,0,0,0,0,
15b52ca3f3b5410cb2bb305d2bb737c4,2780,190680,40,20,1468,https://www.youtube.com/watch?v=GpAd8BKWRoQ,32,10,45,https://www.youtube.com/watch?v=1WDhzAZEvbA,1248,473,1468,https://www.youtube.com/watch?v=GpAd8BKWRoQ,1192,256,203,294,https://www.twitch.tv/videos/2751856101
40aa59fe29c64def89ab5fdce90b89ae,2780,1926048,52,10,94,https://www.youtube.com/watch?v=5yGQqYjncFY,49,9,94,https://www.youtube.com/watch?v=5yGQqYjncFY,59,11,68,https://www.youtube.com/watch?v=6HySqlf6RXA,0,0,0,0,
2875db54b5d74d01b301d63d36dd6fbf,2780,65003,151,76,167,https://www.youtube.com/watch?v=KP81Va7pplo,151,76,167,https://www.youtube.com/watch?v=KP81Va7pplo,0,0,0,,0,0,0,0,
bbd618a3874d4ae2ba5af36a23bc1914,2780,68976,0,0,0,,0,0,0,,0,0,0,,13323,2095,1038,5592,https://www.twitch.tv/videos/2737859040
e9c48535f2af4f638e5a4c54ffa7862c,2770,148423,30,4,34,https://www.youtube.com/watch?v=WzDfhDn0T7Q,30,4,34,https://www.youtube.com/watch?v=WzDfhDn0T7Q,0,0,0,,0,0,0,0,
accb26f2db2746e898b68ab07dd3c5bc,2770,181060,73,36,122,https://www.youtube.com/watch?v=cH9eZXBidyk,73,36,122,https://www.youtube.com/watch?v=cH9eZXBidyk,0,0,0,,859,37,25,65,https://www.twitch.tv/videos/2756562444
fe5e2d95569c47f29e863a8212ed7c60,2750,82991,0,0,0,,0,0,0,,0,0,0,,4720,1427,1144,1934,https://www.twitch.tv/videos/2751230281
aa9fa329d639488dbb860b8f8b3235f8,2750,149901,1188,724,1693,https://www.youtube.com/watch?v=f1jh43K3GTQ,1188,724,1693,https://www.youtube.com/watch?v=f1jh43K3GTQ,0,0,0,,4583,1298,781,1731,https://www.twitch.tv/videos/2743048029
d55860f26114410c97af27ba1269e3ed,2750,144049,173,85,308,https://www.youtube.com/watch?v=fkWWb-OYq_4,173,85,308,https://www.youtube.com/watch?v=fkWWb-OYq_4,0,0,0,,1570,306,177,339,https://www.twitch.tv/videos/2751769971
2463286fd3154219afa631c73d178147,2740,351867,181,80,382,https://www.youtube.com/watch?v=MizpY9Ap6L4,187,84,382,https://www.youtube.com/watch?v=MizpY9Ap6L4,107,15,107,https://www.youtube.com/watch?v=OV7eZw6Iprc,0,0,0,0,
fc90561b03104438b6e8f657a28574ce,2740,122296,360,142,753,https://www.youtube.com/watch?v=g0Lwc62ZrDA,450,159,753,https://www.youtube.com/watch?v=g0Lwc62ZrDA,234,74,234,https://www.youtube.com/watch?v=PRzZWyF3e2k,0,0,0,0,
d2b1ba87da034210bbe54bfa1c01bc41,2730,60386,72,16,72,https://www.youtube.com/watch?v=Z9eaDTcjPX4,0,0,0,,72,16,72,https://www.youtube.com/watch?v=Z9eaDTcjPX4,8776,187,89,261,https://www.twitch.tv/videos/2753268644
c377cbfa47984f0ba9242b1f6e3dfc75,2720,25762,0,0,0,,0,0,0,,0,0,0,,2714,0,0,0,
652d06b0251940bea32cd69dec3057e6,2720,1452,130,52,130,https://www.youtube.com/watch?v=7AxDv1VPW28,130,52,130,https://www.youtube.com/watch?v=7AxDv1VPW28,0,0,0,,411,0,0,0,
2f607aefde1d4264814d4e9282dd5cb0,2710,136400,129,93,1720,https://www.youtube.com/watch?v=FzBc4aOKtxM,128,85,148,https://www.youtube.com/watch?v=K5rSRxMnjYs,1720,193,1720,https://www.youtube.com/watch?v=FzBc4aOKtxM,263,0,0,0,
0a20931c68dc49c8bd08eda1486193d8,2700,67935,0,0,0,,0,0,0,,0,0,0,,1420,0,0,0,
965bb7d47d0243839535d38bc1bc66cc,2700,62074,0,0,0,,0,0,0,,0,0,0,,0,0,0,0,
e4bea3dcc8934426a57516d4d6b373f4,2700,133620,1049,878,1475,https://www.youtube.com/watch?v=hwrWF8BV69I,0,0,0,,1049,878,1475,https://www.youtube.com/watch?v=hwrWF8BV69I,5919,564,302,2094,https://www.twitch.tv/videos/2757494264
7b40a7a144da4408b8de712c740e60dc,2690,131310,115,51,2267,https://www.youtube.com/watch?v=i5Gx4lltrTw,0,0,0,,115,51,2267,https://www.youtube.com/watch?v=i5Gx4lltrTw,0,0,0,0,
c2f77009b4264e3fa09aa054c89bb40c,2680,86959,150,65,184,https://www.youtube.com/watch?v=enV0xKmBrGI,150,65,184,https://www.youtube.com/watch?v=enV0xKmBrGI,0,0,0,,127,0,0,0,
662341d52a8e413d8fe661c8da9470f0,2680,42863,0,0,0,,0,0,0,,0,0,0,,0,0,0,0,
1fdc000815cc476dbc9d19aa431305b5,2680,72995,78,48,406,https://www.youtube.com/watch?v=_BsJvYQC0pM,78,48,406,https://www.youtube.com/watch?v=_BsJvYQC0pM,0,0,0,,0,0,0,0,
4bbc9414c3184dfa9aeab5fcdfd87089,2670,4357,0,0,0,,0,0,0,,0,0,0,,0,0,0,0,
4dd71b1079284bdb8ba90198317e524d,2670,164240,278,47,352,https://www.youtube.com/watch?v=GhfDPTKoN8M,315,24,352,https://www.youtube.com/watch?v=GhfDPTKoN8M,113,103,113,https://www.youtube.com/watch?v=ATYHVK0Sgxw,0,0,0,0,
75e0561f549f4775b90601a9d308340a,2670,67814,54,34,74,https://www.youtube.com/watch?v=pc6UmoxDWlw,54,34,74,https://www.youtube.com/watch?v=pc6UmoxDWlw,0,0,0,,0,0,0,0,
b256a399ae7a49e18208455d29c2eb12,2660,411008,44,22,104,https://www.youtube.com/watch?v=RxeAPsOkKiA,44,22,104,https://www.youtube.com/watch?v=RxeAPsOkKiA,0,0,0,,1218,59,35,93,https://www.twitch.tv/videos/2749460966
9f7bf6b3d935460e83896a0fe28012e9,2650,107413,1011,453,3100,https://www.youtube.com/watch?v=_7C7zS82r7U,163,72,367,https://www.youtube.com/watch?v=Q7ouTG9gYb8,1308,661,3100,https://www.youtube.com/watch?v=_7C7zS82r7U,1687,337,296,448,https://www.twitch.tv/videos/2752592668
62f37fa0a2f44083945f03db36e50dff,2650,52460,168,56,1851,https://www.youtube.com/watch?v=o1I_95Vmb2Q,168,56,1851,https://www.youtube.com/watch?v=o1I_95Vmb2Q,0,0,0,,0,0,0,0,
0bef54320f364c5a9289fceac64c5411,2640,78636,0,0,0,,0,0,0,,0,0,0,,155,17,10,382,https://www.twitch.tv/videos/2755864237
4a64836a88024358a7401530fed8e0f8,2640,351120,59,41,143,https://www.youtube.com/watch?v=cKiOjC8ilKo,59,41,143,https://www.youtube.com/watch?v=cKiOjC8ilKo,0,0,0,,6170,446,269,711,https://www.twitch.tv/videos/2735491221
a577528125314beab91d127043218bb2,2630,118982,0,0,0,,0,0,0,,0,0,0,,0,0,0,0,
85ec3eac9fef49dcb3aeee87520a5b85,2630,112631,219,148,1573,https://www.youtube.com/watch?v=Y-jjcbxQwuo,239,153,449,https://www.youtube.com/watch?v=tCug833EKj8,117,105,1573,https://www.youtube.com/watch?v=Y-jjcbxQwuo,0,0,0,0,
6c4992a47ccc4c3bb997d3c49ddc2ec8,2630,70071,0,0,0,,0,0,0,,0,0,0,,757,28,26,29,https://www.twitch.tv/videos/2754269451
6b43c568bdf044e4a4ae0bae0cb9fff2,2620,64939,670,499,18026,https://www.youtube.com/watch?v=pYMAG1AKMkw,460,113,490,https://www.youtube.com/watch?v=jIc53XOwB4c,849,591,18026,https://www.youtube.com/watch?v=pYMAG1AKMkw,0,0,0,0,
53335d77cc69488c8b49ec97548c3297,2620,24808,457,328,748,https://www.youtube.com/watch?v=34WmpPXp0gw,457,328,748,https://www.youtube.com/watch?v=34WmpPXp0gw,0,0,0,,0,0,0,0,
d95e3d9eed1a4e87a736a882a1fb9288,2600,244065,82,30,82,https://www.youtube.com/watch?v=tcSHs6Iek7o,82,30,82,https://www.youtube.com/watch?v=tcSHs6Iek7o,0,0,0,,76,0,0,0,
f4da0eee989545d2ade906b022a50e8c,2600,192879,39,11,42,https://www.youtube.com/watch?v=0ZYNlOJt3eA,39,11,42,https://www.youtube.com/watch?v=0ZYNlOJt3eA,0,0,0,,3885,360,263,366,https://www.twitch.tv/videos/2751084554
0a178f2c7b994a4ea8eb845ebd489a5a,2590,144498,81,36,2433,https://www.youtube.com/watch?v=MnI6iva-WWc,78,33,117,https://www.youtube.com/watch?v=OMTaUG3Fdjw,2433,1673,2433,https://www.youtube.com/watch?v=MnI6iva-WWc,204,0,0,0,
853be9569c0e446eaa5c5059642ea63b,2590,139916,247,87,1592,https://www.youtube.com/watch?v=8ptno4fIZiE,222,72,704,https://www.youtube.com/watch?v=NidT08QG9PI,1584,535,1592,https://www.youtube.com/watch?v=8ptno4fIZiE,89,0,0,0,
f96c65701df94732853d86ffd893081e,2590,74188,186,60,267,https://www.youtube.com/watch?v=P7mdp_g9YYE,226,94,267,https://www.youtube.com/watch?v=P7mdp_g9YYE,31,15,31,https://www.youtube.com/watch?v=NVXxe-K7Rsg,0,0,0,0,
bac6a676ace94e759d9faaaed94ce1b1,2590,128746,185,68,304,https://www.youtube.com/watch?v=2FahbMofp4E,155,71,304,https://www.youtube.com/watch?v=2FahbMofp4E,185,47,185,https://www.youtube.com/watch?v=VCowNtHLEtM,0,0,0,0,
60234dcffd2b42f097a78aaf121d410f,2590,61623,101,70,101,https://www.youtube.com/watch?v=k-4u8h5hW2g,101,70,101,https://www.youtube.com/watch?v=k-4u8h5hW2g,0,0,0,,220,0,0,0,
407d2bd02ef04b9ea28e5189383942be,2590,119896,85,40,287,https://www.youtube.com/watch?v=2wd8-5X2fDY,77,36,287,https://www.youtube.com/watch?v=2wd8-5X2fDY,87,78,87,https://www.youtube.com/watch?v=BYjRdW_mo3g,444,200,172,517,https://www.twitch.tv/videos/2756200068
d576c2396a004f3c8dd91baf14254898,2580,83254,37,13,94,https://www.youtube.com/watch?v=42zHkspKzJQ,37,13,94,https://www.youtube.com/watch?v=42zHkspKzJQ,0,0,0,,2860,148,96,190,https://www.twitch.tv/videos/2753439512
b8c13d7702844995a0b4a66eda4d31bc,2580,94542,6,4,14,https://www.youtube.com/watch?v=imyd7G2Q-Dg,0,0,0,,6,4,14,https://www.youtube.com/watch?v=imyd7G2Q-Dg,1531,144,105,262,https://www.twitch.tv/videos/2748587123
3896e47ba9f64b7082eee3980734ab14,2570,285250,133,96,151,https://www.youtube.com/watch?v=f1zSk5sZylc,133,96,151,https://www.youtube.com/watch?v=f1zSk5sZylc,0,0,0,,0,0,0,0,
02168475e7ca4234b57d53f495bf3bbc,2570,151267,58,31,102,https://www.youtube.com/watch?v=oi3wqCbRYDE,58,31,102,https://www.youtube.com/watch?v=oi3wqCbRYDE,0,0,0,,0,0,0,0,
c396dafdab3547259c0447ff82f278c2,2560,141697,474,227,3527,https://www.youtube.com/watch?v=kdnshB7HJRw,392,163,1571,https://www.youtube.com/watch?v=s2d0tR9WXEI,1684,886,3527,https://www.youtube.com/watch?v=kdnshB7HJRw,206,63,51,90,https://www.twitch.tv/videos/2756674091
5b40a93fac8646f48fca66add3d3642c,2560,212707,248,103,1254,https://www.youtube.com/watch?v=c1MuyfQbRFw,175,103,305,https://www.youtube.com/watch?v=mflPy2_6cdE,1064,197,1254,https://www.youtube.com/watch?v=c1MuyfQbRFw,0,0,0,0,
7c147c43030b44b9ae244d82c387c82a,2560,74530,46,27,449,https://www.youtube.com/watch?v=zInH_69saMs,42,23,66,https://www.youtube.com/watch?v=PcKQ4YsJ1oI,449,420,449,https://www.youtube.com/watch?v=zInH_69saMs,0,0,0,0,
a429c3010da544bab919814a3ea472a4,2550,86121,0,0,0,,0,0,0,,0,0,0,,2872,171,142,246,https://www.twitch.tv/videos/2756687468
c40a8ff66b3348dc8459766b74846feb,2540,1439,0,0,0,,0,0,0,,0,0,0,,1934,0,0,0,
96ff628d2280470b833174c32200a749,2540,52872,250,98,578,https://www.youtube.com/watch?v=96NuZpuW1zE,250,98,578,https://www.youtube.com/watch?v=96NuZpuW1zE,0,0,0,,0,0,0,0,
7653119a278b4ea59d2af5e2ba7d30e0,2530,116416,136,45,138,https://www.youtube.com/watch?v=ZKr65QPci6s,136,45,138,https://www.youtube.com/watch?v=ZKr65QPci6s,0,0,0,,0,0,0,0,
a960b283b1124f44bc4bf2a16199977a,2530,107252,0,0,0,,0,0,0,,0,0,0,,4806,0,0,0,
75a90497bfc2480f954c276b70f7b1c3,2520,188216,53,10,53,https://www.youtube.com/watch?v=9IrJbwxeDFg,53,10,53,https://www.youtube.com/watch?v=9IrJbwxeDFg,0,0,0,,7013,0,0,0,
83e0f3520699474ba7f017e5e4388a5f,2520,50921,67,4,67,https://www.youtube.com/watch?v=uP5F0iYJQOc,67,4,67,https://www.youtube.com/watch?v=uP5F0iYJQOc,0,0,0,,0,0,0,0,
e68bb26e386a4d49a2f521f8abc83376,2520,0,0,0,0,,0,0,0,,0,0,0,,3526,0,0,0,
c0ea5a6a7ede42fca6f3c6c87fc9d72e,2510,120966,258,144,801,https://www.youtube.com/watch?v=hw5h9sKNvQ8,258,144,801,https://www.youtube.com/watch?v=hw5h9sKNvQ8,0,0,0,,0,0,0,0,
284024f40bb34b429debb78e7dbf3391,2490,60894,0,0,0,,0,0,0,,0,0,0,,0,0,0,0,
7a93714b53274fbaad48bef3b409d458,2490,200366,232,85,509,https://www.youtube.com/watch?v=qdkOWZnQ_Ik,232,85,509,https://www.youtube.com/watch?v=qdkOWZnQ_Ik,0,0,0,,0,0,0,0,
87968861d5794c01bfce46d51c8abfc7,2490,24876,0,0,0,,0,0,0,,0,0,0,,0,0,0,0,
891c39f050e048aebafaafc90a1c4cbd,2480,54165,232,142,495,https://www.youtube.com/watch?v=df8b-5EYMOw,232,143,300,https://www.youtube.com/watch?v=n09QO_FuKkg,315,107,495,https://www.youtube.com/watch?v=df8b-5EYMOw,0,0,0,0,
b19d58b07131413a92b4bd16e37e8e38,2470,11605,0,0,0,,0,0,0,,0,0,0,,0,0,0,0,
9767904fedef42febaa98e9162973356,2460,560302,197,49,2995,https://www.youtube.com/watch?v=AIQwXQpDqro,175,48,516,https://www.youtube.com/watch?v=XBwsZ0uoJto,484,342,2995,https://www.youtube.com/watch?v=AIQwXQpDqro,0,0,0,0,
889bc532fb85455bae33baf0aa7ec003,2460,201636,78,31,245,https://www.youtube.com/watch?v=BCxESnyNZXw,78,31,245,https://www.youtube.com/watch?v=BCxESnyNZXw,0,0,0,,0,0,0,0,
a0c76cedf0e346a18586077a38f302d8,2450,107603,0,0,0,,0,0,0,,0,0,0,,173,0,0,0,
c8c0ab1d59fb4608ab1e460e946fa88a,2450,113714,109,52,1464,https://www.youtube.com/watch?v=JwiZmMjM74Y,83,52,179,https://www.youtube.com/watch?v=zXY2lNFcBA0,833,280,1464,https://www.youtube.com/watch?v=JwiZmMjM74Y,0,0,0,0,
db6b14a0319e4f639bfcf8d4309c064d,2440,336295,290,126,527,https://www.youtube.com/watch?v=IPEkF5jbjJo,0,0,0,,290,126,527,https://www.youtube.com/watch?v=IPEkF5jbjJo,3272,364,290,946,https://www.twitch.tv/videos/2756201436
86957fa57641453e9fcb73550e58b64f,2430,71691,80,41,2080,https://www.youtube.com/watch?v=dOXGtE_IsUY,64,36,164,https://www.youtube.com/watch?v=vTcEj0kKe0o,2080,991,2080,https://www.youtube.com/watch?v=dOXGtE_IsUY,502,28,21,73,https://www.twitch.tv/videos/2746116736
9c913230c732455c9604dae9ebcfa64e,2430,115865,26,2,1200,https://www.youtube.com/watch?v=oh0YM45P970,40,5,53,https://www.youtube.com/watch?v=Ldo2WMOTW7g,19,2,1200,https://www.youtube.com/watch?v=oh0YM45P970,1261,342,210,342,https://www.twitch.tv/videos/2748555896
352894d7c4eb4c9f87e248eae450183a,2420,297804,188,84,1695,https://www.youtube.com/watch?v=JgHuQ5avXp0,198,99,441,https://www.youtube.com/watch?v=ATBzfjn-Y14,123,67,1695,https://www.youtube.com/watch?v=JgHuQ5avXp0,0,0,0,0,
a7874e2ea7a44640a4ad427680a1dc9a,2420,76903,0,0,0,,0,0,0,,0,0,0,,300,448,419,696,https://www.twitch.tv/videos/2757537793
faa4994019724702a9da315a8c3641bc,2410,151502,199,157,452,https://www.youtube.com/watch?v=xp3-qUnx1lQ,199,157,452,https://www.youtube.com/watch?v=xp3-qUnx1lQ,0,0,0,,0,0,0,0,
27bbe711f5e848a9bc8accc73fc79471,2410,24173,0,0,0,,0,0,0,,0,0,0,,0,0,0,0,
6e1845e76035452287436153470e8656,2400,109056,88,61,189,https://www.youtube.com/watch?v=oI5a9JHu57g,88,61,189,https://www.youtube.com/watch?v=oI5a9JHu57g,0,0,0,,462,0,0,0,
0b0f8cd64c904508910707412b2c307f,2400,79625,219,85,473,https://www.youtube.com/watch?v=5c_0dS9UyZ0,219,85,473,https://www.youtube.com/watch?v=5c_0dS9UyZ0,0,0,0,,0,0,0,0,
72a83f60773546dba886008320809d70,2400,481561,31,8,47,https://www.youtube.com/watch?v=3W8NO1Kfev0,31,8,47,https://www.youtube.com/watch?v=3W8NO1Kfev0,0,0,0,,10163,684,125,684,https://www.twitch.tv/videos/2737933514
fa2a2255fa7d4aa7b5b54dea5dd2b1c4,2400,70318,142,49,184,https://www.youtube.com/watch?v=IxsZMGStq-8,143,51,184,https://www.youtube.com/watch?v=IxsZMGStq-8,94,33,94,https://www.youtube.com/watch?v=HwOMjRckuww,0,0,0,0,
932fd42911c74016bc7da418abd29f0f,2400,63876,58,28,122,https://www.youtube.com/watch?v=xjhlT2JYgok,58,28,122,https://www.youtube.com/watch?v=xjhlT2JYgok,0,0,0,,88,0,0,0,
f656e3210df449889b6ad9e72acd7a72,2390,187181,235,106,2768,https://www.youtube.com/watch?v=7GVsFuvlSok,222,102,413,https://www.youtube.com/watch?v=ZEeuUBs8vbI,1554,865,2768,https://www.youtube.com/watch?v=7GVsFuvlSok,0,0,0,0,
67b37e4e1f2f49d88a047d650b70be91,2380,51001,104,69,1741,https://www.youtube.com/watch?v=6F39BDYB8VE,102,54,319,https://www.youtube.com/watch?v=ox0sAtIjecU,510,300,1741,https://www.youtube.com/watch?v=6F39BDYB8VE,772,125,92,343,https://www.twitch.tv/videos/2749133038
969122fc1adf4d8798a043b4754c893e,2380,20400,0,0,0,,0,0,0,,0,0,0,,0,0,0,0,
bd9c7d2e96094ce7b8ca032228bb13c7,2380,47987,0,0,0,,0,0,0,,0,0,0,,0,0,0,0,
e6a9746af2a84387b6ed5a7d3a4434da,2370,223768,133,65,3115,https://www.youtube.com/watch?v=iZbBQlSk3Ys,106,48,540,https://www.youtube.com/watch?v=DDqXMbgWw5w,1569,606,3115,https://www.youtube.com/watch?v=iZbBQlSk3Ys,0,0,0,0,
80c426d23cdb4dcda1d1a0a1bd7e0245,2360,27168,0,0,0,,0,0,0,,0,0,0,,6184,0,0,0,
6c812a2f61ac470f8e3b30a92dca9d81,2360,75747,154,91,154,https://www.youtube.com/watch?v=nZiE0aIShHU,154,91,154,https://www.youtube.com/watch?v=nZiE0aIShHU,0,0,0,,0,0,0,0,
95f3f004ed9641139567827519f6b35e,2360,159083,0,0,0,,0,0,0,,0,0,0,,251,0,0,0,
b322780e7b80404193373149bfa8e86d,2360,49545,66,51,111,https://www.youtube.com/watch?v=YrEDmae9Gto,66,51,111,https://www.youtube.com/watch?v=YrEDmae9Gto,0,0,0,,0,0,0,0,
b7fa120fd2264ecca8f9f02ece2850a9,2350,79453,60,44,60,https://www.youtube.com/watch?v=vCJKj8kF7Jo,0,0,0,,60,44,60,https://www.youtube.com/watch?v=vCJKj8kF7Jo,159,0,0,0,
c79b5a5a5c8b4d8f917afdfc16c01961,2350,100508,0,0,0,,0,0,0,,0,0,0,,3846,628,449,1572,https://www.twitch.tv/videos/2743903352
65a52797bec24b9bb2df5201068873a4,2340,25873,0,0,0,,0,0,0,,0,0,0,,0,0,0,0,
d3a3eab7a3e34ea98784c44e3691c726,2340,90317,0,0,0,,0,0,0,,0,0,0,,0,0,0,0,
b115a7f57f664800a9f71a25eaf73b92,2340,74633,93,61,131,https://www.youtube.com/watch?v=_2IyEcjaMqs,131,79,131,https://www.youtube.com/watch?v=_2IyEcjaMqs,55,43,55,https://www.youtube.com/watch?v=b8yvLPToHRM,0,0,0,0,
084c49d869114256af18c13cc4b56414,2330,51031,0,0,0,,0,0,0,,0,0,0,,0,0,0,0,
4a1e39ee23e6423fbfd3a15b1e28c8f3,2330,58845,0,0,0,,0,0,0,,0,0,0,,0,0,0,0,
e8be1d48c5a249cebcef72b17653ef34,2320,11236,0,0,0,,0,0,0,,0,0,0,,0,0,0,0,
c805a5c2c4fb4a068a65267452aa4da5,2320,86320,26,10,55,https://www.youtube.com/watch?v=bJWv5ih1UmM,26,10,55,https://www.youtube.com/watch?v=bJWv5ih1UmM,0,0,0,,0,0,0,0,
395eade6d67445e1831010cac52ab444,2320,94385,544,286,1119,https://www.youtube.com/watch?v=VBYYHY9i_U4,275,208,275,https://www.youtube.com/watch?v=abEyvOWrnHw,560,304,1119,https://www.youtube.com/watch?v=VBYYHY9i_U4,789,0,0,0,
572c03fa49b54d4b95935321b4722b68,2320,443765,98,82,1765,https://www.youtube.com/watch?v=lS_IRTHohF4,0,0,0,,98,82,1765,https://www.youtube.com/watch?v=lS_IRTHohF4,1856,737,516,1514,https://www.twitch.tv/videos/2746121664
d6666443c70f478eb3008d28a33e0f61,2310,159284,211,103,1377,https://www.youtube.com/watch?v=LNzsxozIyto,208,84,362,https://www.youtube.com/watch?v=YL4g2fkYn-Q,1257,1048,1377,https://www.youtube.com/watch?v=LNzsxozIyto,0,0,0,0,
b975eb70ed174bbda87e181be25bd1c5,2300,86291,0,0,0,,0,0,0,,0,0,0,,0,0,0,0,
9fb51e14ba1c499eb6383a7a166a4d52,2300,81966,51,27,2305,https://www.youtube.com/watch?v=S8qWYIJ0Lv0,50,22,125,https://www.youtube.com/watch?v=r6kdMjKBnWg,1865,343,2305,https://www.youtube.com/watch?v=S8qWYIJ0Lv0,0,0,0,0,
4ac7e88bd2234040a1da03644b06a501,2300,0,0,0,0,,0,0,0,,0,0,0,,0,0,0,0,
7ce04ee5bb63467f8b70a69136049218,2290,26802,0,0,0,,0,0,0,,0,0,0,,1768,371,304,581,https://www.twitch.tv/videos/2747746554
70d5f64a7e324d7584d7e5116d6dc5a2,2280,74055,183,166,183,https://www.youtube.com/watch?v=FmzuhbZBFRA,183,166,183,https://www.youtube.com/watch?v=FmzuhbZBFRA,0,0,0,,0,0,0,0,
eb38f509e8464ba19ba8579e0b99e262,2280,98763,136,77,254,https://www.youtube.com/watch?v=yYPbl4jAtr4,136,77,254,https://www.youtube.com/watch?v=yYPbl4jAtr4,0,0,0,,0,0,0,0,
fe0305c914c549879b315b6dc3204748,2270,44566,1098,460,1574,https://www.youtube.com/watch?v=NqKD1NeQ-Vc,0,0,0,,1098,460,1574,https://www.youtube.com/watch?v=NqKD1NeQ-Vc,0,0,0,0,
43e557d175ce462b97c4c406954d8c04,2270,453424,51,16,152,https://www.youtube.com/watch?v=TlijjCP7KQo,51,18,152,https://www.youtube.com/watch?v=TlijjCP7KQo,50,15,50,https://www.youtube.com/watch?v=d9_cqHGSxMk,501,36,23,61,https://www.twitch.tv/videos/2753405563
87568c720cae40a99264816eb1875347,2270,136622,171,68,1426,https://www.youtube.com/watch?v=At2xU8QM9X8,171,71,485,https://www.youtube.com/watch?v=sb8WHad-cXg,737,14,1426,https://www.youtube.com/watch?v=At2xU8QM9X8,0,0,0,0,
f146e7f1a1164dbfab960ea34873afb5,2260,86484,0,0,0,,0,0,0,,0,0,0,,105,0,0,0,
2af83bdd7db644d88ffdaf123c38619b,2250,71978,89,36,153,https://www.youtube.com/watch?v=FPFuJAO8e5I,89,36,153,https://www.youtube.com/watch?v=FPFuJAO8e5I,0,0,0,,0,0,0,0,
ad43fda31b7842dc8e7854840b974614,2250,99399,36,16,70,https://www.youtube.com/watch?v=RvLSkEcPM3k,36,16,70,https://www.youtube.com/watch?v=RvLSkEcPM3k,0,0,0,,1118,0,0,0,
25904d8b82c84d74a8abffb804647e21,2250,113804,0,0,0,,0,0,0,,0,0,0,,396,0,0,0,
364f94fc7493453e9f53787ade8e35c6,2250,366562,0,0,0,,0,0,0,,0,0,0,,11,0,0,0,
6cd8cdc530d14e2d9d0a9cd20cb6b05c,2240,84771,190,124,216,https://www.youtube.com/watch?v=JTyz5c-ndrw,190,124,216,https://www.youtube.com/watch?v=JTyz5c-ndrw,0,0,0,,0,0,0,0,
345b2eb5c8bf4d7d9fa72176f67de440,2240,41933,0,0,0,,0,0,0,,0,0,0,,879,301,197,301,https://www.twitch.tv/videos/2749447768
6510332f58be4d86b0007c77a622c959,2240,308855,270,114,1486,https://www.youtube.com/watch?v=EWqpUtaW9kk,270,114,1486,https://www.youtube.com/watch?v=EWqpUtaW9kk,0,0,0,,3182,275,184,525,https://www.twitch.tv/videos/2752738629
c1aa10208a06439481231599b25845b0,2240,171602,653,396,748,https://www.youtube.com/watch?v=6-zqxCb294k,101,7,101,https://www.youtube.com/watch?v=tnr7MuQ_B0g,700,400,748,https://www.youtube.com/watch?v=6-zqxCb294k,2103,194,132,455,https://www.twitch.tv/videos/2747746359
101cdaf175c643c888d0d33bdab5da15,2240,116263,386,190,2923,https://www.youtube.com/watch?v=7QzZA6Idwa4,405,207,2923,https://www.youtube.com/watch?v=7QzZA6Idwa4,199,31,199,https://www.youtube.com/watch?v=B6WNZ19reh8,161,182,137,487,https://www.twitch.tv/videos/2746930050
de610557c5c041df85e41e7f2f5490f5,2230,12417,0,0,0,,0,0,0,,0,0,0,,4149,0,0,0,
9b8fe3ac0f30473f87290d314dfda74e,2230,2374,0,0,0,,0,0,0,,0,0,0,,0,0,0,0,
6f382359f4d0436e9e1d4f87e4696e76,2230,68114,0,0,0,,0,0,0,,0,0,0,,0,0,0,0,
ab069c9401bc4bd09eea8f5ece525d54,2220,345640,0,0,0,,0,0,0,,0,0,0,,0,0,0,0,
751596501f4f420a8a5c5c9d839efb22,2220,115967,0,0,0,,0,0,0,,0,0,0,,273,0,0,0,
4d44c28a73394954a4d1bf2a1b2c162c,2220,143095,104,40,320,https://www.youtube.com/watch?v=ftqH9pJRKMM,104,40,320,https://www.youtube.com/watch?v=ftqH9pJRKMM,0,0,0,,0,0,0,0,
c52b95b6a42d48f0ae888720492a5a46,2210,144007,103,33,252,https://www.youtube.com/watch?v=Mw1lDhJbz6I,103,33,252,https://www.youtube.com/watch?v=Mw1lDhJbz6I,0,0,0,,0,0,0,0,
a64ba9e0b7dd4de58ffbdf9ca043a90b,2210,95626,0,0,0,,0,0,0,,0,0,0,,66,0,0,0,
1ead15220cb842a79c3922d08d618e31,2210,4575,0,0,0,,0,0,0,,0,0,0,,0,0,0,0,
a60c8fc0a1324bf8b65053231ee22373,2200,519579,36,18,87,https://www.youtube.com/watch?v=PLFfYV7W1BA,35,17,76,https://www.youtube.com/watch?v=XhbjhigcLTU,87,45,87,https://www.youtube.com/watch?v=PLFfYV7W1BA,163,13,10,30,https://www.twitch.tv/videos/2751059189
4766ec1a407f4271bca77fb81487e81a,2200,63432,87,46,215,https://www.youtube.com/watch?v=SsVJc3JbqrU,87,46,215,https://www.youtube.com/watch?v=SsVJc3JbqrU,0,0,0,,4431,462,242,40742,https://www.twitch.tv/videos/2739539387
cfc335d4b3e3411ca5b39ccb41a81958,2200,140864,1366,807,2768,https://www.youtube.com/watch?v=zlN7RjwvxDk,1366,807,2768,https://www.youtube.com/watch?v=zlN7RjwvxDk,0,0,0,,0,0,0,0,
d418b8a185f449b3a15c1656ba654780,2200,160274,152,125,152,https://www.youtube.com/watch?v=vjrwpEbBVO4,152,125,152,https://www.youtube.com/watch?v=vjrwpEbBVO4,0,0,0,,0,0,0,0,
65c0e7f6562d419e944caea644836c1f,2190,86652,166,100,228,https://www.youtube.com/watch?v=kVo-H-U_BzA,166,100,228,https://www.youtube.com/watch?v=kVo-H-U_BzA,0,0,0,,293,14,12,36,https://www.twitch.tv/videos/2755083123
b5c9831f97f4427a88a96d7c4ee40539,2180,199647,18,3,19,https://www.youtube.com/watch?v=s-5rx2c02I4,18,3,19,https://www.youtube.com/watch?v=s-5rx2c02I4,0,0,0,,1696,180,159,721,https://www.twitch.tv/videos/2750915742
6873f5b9a88c42ba980878bbffb5682a,2180,164002,191,76,2265,https://www.youtube.com/watch?v=JZ2tWMR2z9E,228,94,340,https://www.youtube.com/watch?v=z_NFy0Z4KCg,178,76,2265,https://www.youtube.com/watch?v=JZ2tWMR2z9E,0,0,0,0,
75f110ca5e9a4b7db3c57912baf5ca27,2180,176413,0,0,0,,0,0,0,,0,0,0,,3461,2003,1648,18825,https://www.twitch.tv/videos/2747059173
cc1bad00639b4149b277f0d2e99c2abe,2180,93897,57,31,177,https://www.youtube.com/watch?v=PNYRMl4iqoM,57,31,177,https://www.youtube.com/watch?v=PNYRMl4iqoM,0,0,0,,0,0,0,0,
60602526ae1d48688c23a74b3cb527e8,2170,98496,70,28,80,https://www.youtube.com/watch?v=uBrbE8wBp38,70,28,80,https://www.youtube.com/watch?v=uBrbE8wBp38,0,0,0,,0,0,0,0,
9ef5ec69554f46e887a9ac0fe54b4f41,2170,84808,168,26,168,https://www.youtube.com/watch?v=dg-mj9_6TXA,168,26,168,https://www.youtube.com/watch?v=dg-mj9_6TXA,0,0,0,,0,0,0,0,
1c8887da9e96471ca28b97d80e390698,2160,118134,119,70,1907,https://www.youtube.com/watch?v=kOOmu9zKhVk,104,51,170,https://www.youtube.com/watch?v=cWlp96lRsLY,360,104,1907,https://www.youtube.com/watch?v=kOOmu9zKhVk,0,0,0,0,
27f5926236d04e34a08fdb7ab83940bc,2160,65157,272,102,391,https://www.youtube.com/watch?v=VphsQ85CdR4,272,133,391,https://www.youtube.com/watch?v=VphsQ85CdR4,94,64,94,https://www.youtube.com/watch?v=u23xp4rRZ_k,0,0,0,0,
220353f9b2634c84953cc7d243fbc6a0,2160,194509,583,210,1198,https://www.youtube.com/watch?v=lSyagHqcSIo,583,210,1198,https://www.youtube.com/watch?v=lSyagHqcSIo,0,0,0,,89,0,0,0,
d45c287a84b6485e8ff3400cf50f5db7,2160,169394,0,0,0,,0,0,0,,0,0,0,,4297,608,159,657,https://www.twitch.tv/videos/2734760602
5da8c6fb027049cc8bc2030c56e8c489,2150,30023,0,0,0,,0,0,0,,0,0,0,,136,0,0,0,
326e254f0da14bc6bfc5d379164cf5c6,2140,45429,0,0,0,,0,0,0,,0,0,0,,0,0,0,0,
19a2801d800547e58c6560aa1accf3e4,2140,94762,67,28,141,https://www.youtube.com/watch?v=_yk_ReyeXUE,67,28,141,https://www.youtube.com/watch?v=_yk_ReyeXUE,0,0,0,,440,0,0,0,
8be6ce1a26af47a4985205da119eab5a,2120,359460,268,139,1313,https://www.youtube.com/watch?v=sMHJZBrYNu0,268,139,1313,https://www.youtube.com/watch?v=sMHJZBrYNu0,327,255,605,https://www.youtube.com/watch?v=SY72ZyP3RPY,0,0,0,0,
c41a24bf9c8f48ee9454119057088688,2120,86252,0,0,0,,0,0,0,,0,0,0,,0,0,0,0,
4f93fe928d264a299c6589e09fbda21e,2120,163221,0,0,0,,0,0,0,,0,0,0,,0,0,0,0,
163841e490b14b2583a799b3795021ad,2110,61866,171,86,1807,https://www.youtube.com/watch?v=Tw_mspWkwbo,94,58,185,https://www.youtube.com/watch?v=OL4yaAeu8-4,945,288,1807,https://www.youtube.com/watch?v=Tw_mspWkwbo,409,328,268,975,https://www.twitch.tv/videos/2756446038
6d2945d11f504edb9962f742b54f6553,2110,35758,65,0,65,https://www.youtube.com/watch?v=Zk5Fja2uJWM,65,0,65,https://www.youtube.com/watch?v=Zk5Fja2uJWM,0,0,0,,1096,0,0,0,
6b36f446b10e4ea99d5d80d60beeee21,2100,50423,0,0,0,,0,0,0,,0,0,0,,8206,162,119,252,https://www.twitch.tv/videos/2746047981
1310ffb60dcf40eaaf6a08890e632234,2100,101325,111,63,156,https://www.youtube.com/watch?v=y4iIns3C0fo,111,63,156,https://www.youtube.com/watch?v=y4iIns3C0fo,0,0,0,,0,0,0,0,
6274e7f2acaf4d48b5fa569168f9468e,2100,123657,113,60,133,https://www.youtube.com/watch?v=5AqYuEHmvJM,95,46,133,https://www.youtube.com/watch?v=5AqYuEHmvJM,113,60,113,https://www.youtube.com/watch?v=7uUUPyvPnnQ,0,0,0,0,
8890acc220cd4f969ec2e23a28c1eda2,2100,7506,0,0,0,,0,0,0,,0,0,0,,0,0,0,0,
07553f6f3df84c3396508456ccbe7df2,2100,69221,327,187,2084,https://www.youtube.com/watch?v=lBnBLVFPVoc,195,130,886,https://www.youtube.com/watch?v=_oNiJcximmE,1459,363,2084,https://www.youtube.com/watch?v=lBnBLVFPVoc,1034,527,421,720,https://www.twitch.tv/videos/2751006842
14b8fa0f43664c31a5d634b20f9112d9,2090,175394,79,49,182,https://www.youtube.com/watch?v=JnRNKy4q5dE,77,48,139,https://www.youtube.com/watch?v=-byJoWEfhGE,182,116,182,https://www.youtube.com/watch?v=JnRNKy4q5dE,0,0,0,0,
2c92fe49ca9f4b8faf8f4521378857d2,2090,278298,804,635,804,https://www.youtube.com/watch?v=09FFEjFaY1w,0,0,0,,804,635,804,https://www.youtube.com/watch?v=09FFEjFaY1w,648,15,11,41,https://www.twitch.tv/videos/2746276137
e9047e02eb6340ff940114f754c76875,2090,57123,84,30,123,https://www.youtube.com/watch?v=J7t2_Pui15s,84,30,123,https://www.youtube.com/watch?v=J7t2_Pui15s,0,0,0,,0,0,0,0,
80ea9b92d31c48b8b2cf2ca5bacc2a08,2090,66426,276,231,418,https://www.youtube.com/watch?v=piwFi7nnzb4,276,231,418,https://www.youtube.com/watch?v=piwFi7nnzb4,0,0,0,,0,0,0,0,
ab540a5b73bb4dfa85cebffb70fad5db,2090,58118,1029,186,1029,https://www.youtube.com/watch?v=9_YpyCc0SVg,0,0,0,,1029,186,1029,https://www.youtube.com/watch?v=9_YpyCc0SVg,1241,0,0,0,
1551bebc6c26453e9893f342c68002bd,2090,45816,193,107,454,https://www.youtube.com/watch?v=IrJ8snHKlEg,193,107,454,https://www.youtube.com/watch?v=IrJ8snHKlEg,0,0,0,,321,0,0,0,
9870111c23124c19a12de7bbdeb8abc1,2090,71415,75,27,91,https://www.youtube.com/watch?v=-pSdiW9OjyU,75,27,91,https://www.youtube.com/watch?v=-pSdiW9OjyU,0,0,0,,0,0,0,0,
9efea510313f4733b4d0b5e3cfb6988b,2080,506645,113,42,143,https://www.youtube.com/watch?v=OKFoB7Z_mpA,0,0,0,,113,42,143,https://www.youtube.com/watch?v=OKFoB7Z_mpA,0,0,0,0,
247eca886f5c43188a3d6d3945e40636,2080,126392,157,106,405,https://www.youtube.com/watch?v=qMBUmJbxiKY,157,110,405,https://www.youtube.com/watch?v=qMBUmJbxiKY,74,57,74,https://www.youtube.com/watch?v=IZMg4fjchlM,0,0,0,0,
40082e2bb0b546d3bd3ebb75a3192092,2080,1596081,220,94,2192,https://www.youtube.com/watch?v=h7sHss1llcU,0,0,0,,220,94,2192,https://www.youtube.com/watch?v=h7sHss1llcU,0,0,0,0,
ef03340f293242f89fe15f2f828dbf7f,2080,46454,44,20,70,https://www.youtube.com/watch?v=qzA22ebm6MA,45,19,70,https://www.youtube.com/watch?v=qzA22ebm6MA,31,20,31,https://www.youtube.com/watch?v=_F0Q0GZ_iAQ,644,36,28,58,https://www.twitch.tv/videos/2748634592
33918eea49984fb499619652ce58a4fa,2070,35570,58,17,61,https://www.youtube.com/watch?v=_L3gS2keYoE,58,17,61,https://www.youtube.com/watch?v=_L3gS2keYoE,0,0,0,,0,0,0,0,
1225d23bc1814140bc0093c1407f06b3,2070,159500,98,44,2823,https://www.youtube.com/watch?v=Tf1qvKu86sQ,65,33,156,https://www.youtube.com/watch?v=Nj8eIbxS0OU,1377,590,2823,https://www.youtube.com/watch?v=Tf1qvKu86sQ,99,29,25,29,https://www.twitch.tv/videos/2755097649
8e84dbdebec446bab8c82b3f0467f398,2070,172742,95,56,4820,https://www.youtube.com/watch?v=KONQep3OyYw,81,44,241,https://www.youtube.com/watch?v=IueuPYiTmPs,1458,698,4820,https://www.youtube.com/watch?v=KONQep3OyYw,0,0,0,0,
1b863baf309a4ff587385012bb5bde51,2070,81101,0,0,0,,0,0,0,,0,0,0,,343,0,0,0,
b8d723ac79eb47229a23adc4029a5bd5,2070,0,0,0,0,,0,0,0,,0,0,0,,0,0,0,0,
e66d389ebb604096bfa99178e1a13c27,2070,227817,463,302,3322,https://www.youtube.com/watch?v=BJ321gy4xCo,419,244,3322,https://www.youtube.com/watch?v=BJ321gy4xCo,2036,1704,2243,https://www.youtube.com/watch?v=xTqtC8msF3E,3725,210,155,444,https://www.twitch.tv/videos/2746146783
226eb1e34c924ae2914d960039905d08,2070,225234,53,27,1452,https://www.youtube.com/watch?v=QE0Ck3tis_0,53,27,144,https://www.youtube.com/watch?v=iasXUfQXvPw,479,376,1452,https://www.youtube.com/watch?v=QE0Ck3tis_0,0,0,0,0,
93e7079bd21c499f9004e79d18489d28,2060,486850,0,0,0,,0,0,0,,0,0,0,,86,0,0,0,
73a96bba42b444df98487ed22f97c240,2060,207826,617,253,7329,https://www.youtube.com/watch?v=lWPgWOVoiyc,0,0,0,,617,253,7329,https://www.youtube.com/watch?v=lWPgWOVoiyc,771,353,145,1268,https://www.twitch.tv/videos/2733714948
44b22851b9df4612bec834e2cfde9489,2060,515717,58,28,79,https://www.youtube.com/watch?v=LU4zg2AE3_Y,58,28,79,https://www.youtube.com/watch?v=LU4zg2AE3_Y,50,29,60,https://www.youtube.com/watch?v=QxdG5SV0Yh8,0,0,0,0,
cb52afa541704e6e8f1098a20679135c,2050,119637,68,12,72,https://www.youtube.com/watch?v=xEi4jfhyK-c,68,12,72,https://www.youtube.com/watch?v=xEi4jfhyK-c,0,0,0,,306,51,44,74,https://www.twitch.tv/videos/2753504331
5c7278d46cd24b8eb5f49c446acc759d,2040,67213,0,0,0,,0,0,0,,0,0,0,,63,0,0,0,
e32a7d950f5a4b53ab2f47d225aec4fd,2040,54582,108,20,108,https://www.youtube.com/watch?v=ZpJvTGoS_5w,108,20,108,https://www.youtube.com/watch?v=ZpJvTGoS_5w,0,0,0,,0,0,0,0,
a76c19e10aa4463f92f0d2e0f30ab84a,2040,134953,102,43,1760,https://www.youtube.com/watch?v=dAS72p8HLNw,100,40,179,https://www.youtube.com/watch?v=F6X2t-VtaKo,1659,1056,1760,https://www.youtube.com/watch?v=dAS72p8HLNw,0,0,0,0,
62b58adde13f4a73ab406f857d730e20,2040,83974,72,25,163,https://www.youtube.com/watch?v=QwOBx-Yoc8Q,72,25,163,https://www.youtube.com/watch?v=QwOBx-Yoc8Q,0,0,0,,0,0,0,0,
6eefc3826f4f49a0b28a5288c5e0d83e,2030,11837,0,0,0,,0,0,0,,0,0,0,,2402,0,0,0,
6eeed5b0702a45df8470a617ee2c5243,2020,24064,74,8,74,https://www.youtube.com/watch?v=Ua20n5JlnnE,74,8,74,https://www.youtube.com/watch?v=Ua20n5JlnnE,0,0,0,,0,0,0,0,
92e03a33b1e640f6aa94211011de5d24,2020,67056,50,14,4177,https://www.youtube.com/watch?v=cQfHNOkGfLI,45,13,132,https://www.youtube.com/watch?v=AU9lENizwLs,2359,1567,4177,https://www.youtube.com/watch?v=cQfHNOkGfLI,255,105,89,244,https://www.twitch.tv/videos/2747691867
9087489bcb234de9bb2a8942a1562a61,2020,75638,0,0,0,,0,0,0,,0,0,0,,0,0,0,0,
78dea7b59be448329ec287a403f95a13,2020,29148,3,2,6,https://www.youtube.com/watch?v=-c8NHOjRQhU,0,0,0,,3,2,6,https://www.youtube.com/watch?v=-c8NHOjRQhU,2057,0,0,0,
83a59a0d6537461fb429af7e3af1d152,2020,256948,0,0,0,,0,0,0,,0,0,0,,0,0,0,0,
c0ce3bfbf1434af3a2a7bd7b2c38e7e7,2010,135135,376,212,809,https://www.youtube.com/watch?v=a4kxYnhPlCk,376,212,809,https://www.youtube.com/watch?v=a4kxYnhPlCk,0,0,0,,0,0,0,0,
4ed0862cff5b47bcbf4b6a30e431e0fa,2010,10926,2086,1568,2132,https://www.youtube.com/watch?v=r9nSLZBKLas,0,0,0,,2086,1568,2132,https://www.youtube.com/watch?v=r9nSLZBKLas,0,0,0,0,
0414bb8fc082472a9434bd4a463a9865,2010,10265,0,0,0,,0,0,0,,0,0,0,,186,0,0,0,
a66441bdef584fe0806c4be0fd2cf53a,2010,104368,0,0,0,,0,0,0,,0,0,0,,0,0,0,0,
b84f2dfff8ce4ca1af82bfc44405f1e7,2010,89123,48,17,123,https://www.youtube.com/watch?v=5VgdNQaLmaA,48,17,123,https://www.youtube.com/watch?v=5VgdNQaLmaA,0,0,0,,0,0,0,0,
749161d9934f41bf97e7210afd6b3bb1,2010,41083,0,0,0,,0,0,0,,0,0,0,,107,0,0,0,
2a20316d245d406193331300bb44fdec,2010,25718,0,0,0,,0,0,0,,0,0,0,,5328,690,279,1641,https://www.twitch.tv/videos/2737768215
95f8bb8a92c1450b8b5993f740b39338,2000,762292,27,7,27,https://www.youtube.com/watch?v=FNvsccV4ejU,27,7,27,https://www.youtube.com/watch?v=FNvsccV4ejU,0,0,0,,298,0,0,0,
14d334ad35f146ecbb047d1c20652fe1,2000,343538,0,0,0,,0,0,0,,0,0,0,,0,0,0,0,
712d031e7f004ed99aa1dfdb176cff32,2000,116581,100,38,140,https://www.youtube.com/watch?v=oEtRxn5GHJg,0,0,0,,100,38,140,https://www.youtube.com/watch?v=oEtRxn5GHJg,322,0,0,0,
504678b9fa2f4506879ba42b27a13dff,1990,204323,107,50,2044,https://www.youtube.com/watch?v=0NBc1UPxO8U,88,48,252,https://www.youtube.com/watch?v=djLD7wKOHGE,594,246,2044,https://www.youtube.com/watch?v=0NBc1UPxO8U,0,0,0,0,
a9e5491563fd4b05896ef9a8cb2ee7d7,1990,124830,39,21,119,https://www.youtube.com/watch?v=c2TTwpjN528,39,21,119,https://www.youtube.com/watch?v=c2TTwpjN528,0,0,0,,0,0,0,0,
83eff3b0de694818876092eaabd35b4a,1980,91807,45,26,140,https://www.youtube.com/watch?v=Ci-DSSIgPUE,45,26,140,https://www.youtube.com/watch?v=Ci-DSSIgPUE,0,0,0,,0,0,0,0,
7bd1bc8b491d47e0b7cf0a573c36120e,1980,101288,33,14,33,https://www.youtube.com/watch?v=3x8_fWRi4JY,0,0,0,,33,14,33,https://www.youtube.com/watch?v=3x8_fWRi4JY,0,0,0,0,
6bddfe8d54104f4192c56e4935a871de,1970,600563,1331,314,1819,https://www.youtube.com/watch?v=Ro9XRYWrkXg,45,2,45,https://www.youtube.com/watch?v=4JHDW-3UJac,1575,316,1819,https://www.youtube.com/watch?v=Ro9XRYWrkXg,1025,237,172,773,https://www.twitch.tv/videos/2751793863
4b7c733a13d247ec84844698ecc7ba0c,1970,43394,0,0,0,,0,0,0,,0,0,0,,2759,348,184,357,https://www.twitch.tv/videos/2745943018
29574cafecff435b90d34431e2153f02,1960,252070,77,59,13552,https://www.youtube.com/watch?v=LlBwcfkGYeA,39,23,77,https://www.youtube.com/watch?v=MYd_EwLg-k0,1769,676,13552,https://www.youtube.com/watch?v=LlBwcfkGYeA,163,44,39,50,https://www.twitch.tv/videos/2756612306
4de89158f20a4d0e8023f15db8a9526e,1960,133398,0,0,0,,0,0,0,,0,0,0,,0,0,0,0,
8b810380ed254a5e8a85b65552ba4e61,1950,114728,503,209,2107,https://www.youtube.com/watch?v=8rNXoyVyxFg,0,0,0,,503,209,2107,https://www.youtube.com/watch?v=8rNXoyVyxFg,10542,2185,973,5544,https://www.twitch.tv/videos/2749294856
c0ae01f224734769a38c39b97fb6dbb7,1940,52291,0,0,0,,0,0,0,,0,0,0,,397,37,36,59,https://www.twitch.tv/videos/2757443009
7d2aa4176f60423bb1532ac37ed55e28,1940,149555,95,47,958,https://www.youtube.com/watch?v=3EgWMX9oFfg,96,53,958,https://www.youtube.com/watch?v=3EgWMX9oFfg,44,1,44,https://www.youtube.com/watch?v=RAAQjzYGpUY,0,0,0,0,
734477be3c5d42afbdde5356c6a6e8ee,1940,81698,0,0,0,,0,0,0,,0,0,0,,0,0,0,0,
9031798ec1884b52b17df470b6c379b2,1940,54258,205,132,226,https://www.youtube.com/watch?v=6NhD3zXsOlw,205,132,226,https://www.youtube.com/watch?v=6NhD3zXsOlw,0,0,0,,0,0,0,0,
0563e1d0ff394d1ab0d6a09d89870fba,1930,140536,133,56,2163,https://www.youtube.com/watch?v=H6eM7cTOQYI,133,70,164,https://www.youtube.com/watch?v=1lpCJwQn8O8,174,40,2163,https://www.youtube.com/watch?v=H6eM7cTOQYI,99,35,24,60,https://www.twitch.tv/videos/2751765119
70c982c2dffc4cd08c90431abcc8be97,1930,53494,58,21,138,https://www.youtube.com/watch?v=IiUoSx-GWAU,58,21,138,https://www.youtube.com/watch?v=IiUoSx-GWAU,0,0,0,,185,31,23,90,https://www.twitch.tv/videos/2749401510
17b1d3fb1e1944dabd5e6a45f94e2f6b,1930,67696,158,73,4030,https://www.youtube.com/watch?v=w32iAEg5JLU,147,73,184,https://www.youtube.com/watch?v=JJHRNuyHy5U,4030,1135,4030,https://www.youtube.com/watch?v=w32iAEg5JLU,0,0,0,0,
2c6d5a00eabf47e2affcc8fa6ec64f9c,1930,173280,32,19,1936,https://www.youtube.com/watch?v=7EsJVy6-lD8,32,13,67,https://www.youtube.com/watch?v=78V3ehpNuis,374,65,1936,https://www.youtube.com/watch?v=7EsJVy6-lD8,116,15,14,32,https://www.twitch.tv/videos/2746091620
1025a2d1ea674c649b1e7934895bd419,1930,55261,83,57,88,https://www.youtube.com/watch?v=jnFU2JpVBkE,83,57,88,https://www.youtube.com/watch?v=jnFU2JpVBkE,0,0,0,,0,0,0,0,
8564954960ba466fa7f17bc0e0ea5e8e,1920,38888,0,0,0,,0,0,0,,0,0,0,,356,0,0,0,
bb1cda940e0a44b3a25f3e368c19c490,1920,60483,162,50,184,https://www.youtube.com/watch?v=_5fVEpTO1eI,162,50,184,https://www.youtube.com/watch?v=_5fVEpTO1eI,0,0,0,,0,0,0,0,
e58a5a6f40e040d79bbcd139824d6fc7,1910,242436,1241,265,2602,https://www.youtube.com/watch?v=OoLl_DbHWAU,138,67,138,https://www.youtube.com/watch?v=mEKE7ZQXB0s,1595,279,2602,https://www.youtube.com/watch?v=OoLl_DbHWAU,10021,2297,756,18955,https://www.twitch.tv/videos/2745292315
bf124655587e4f5b937d695be814d25d,1910,150576,130,53,142,https://www.youtube.com/watch?v=hktKRi43O1c,130,53,142,https://www.youtube.com/watch?v=hktKRi43O1c,0,0,0,,0,0,0,0,
58d43efc5b4046148d02de0e65ef9120,1900,159204,238,94,5545,https://www.youtube.com/watch?v=gGpkVrJLVzo,132,83,250,https://www.youtube.com/watch?v=h7TeOlOggbo,1293,660,5545,https://www.youtube.com/watch?v=gGpkVrJLVzo,512,72,60,180,https://www.twitch.tv/videos/2749279309
e897180feafa4f748c41f13306b6f379,1890,419512,433,269,3050,https://www.youtube.com/watch?v=oxZnFjF195w,348,215,440,https://www.youtube.com/watch?v=d4Y-l0_LHQI,1547,505,3050,https://www.youtube.com/watch?v=oxZnFjF195w,13,0,0,0,
7c18bc597298484c8f2925759fc1ac4a,1890,12471,82,50,151,https://www.youtube.com/watch?v=8Ko-Y7BlXSY,82,50,151,https://www.youtube.com/watch?v=8Ko-Y7BlXSY,0,0,0,,783,0,0,0,
7eec0f9233fa49ed92c4f60fb8a82694,1890,37911,6,2,14,https://www.youtube.com/watch?v=tHcY38Qg0ts,0,0,0,,6,2,14,https://www.youtube.com/watch?v=tHcY38Qg0ts,1012,87,65,129,https://www.twitch.tv/videos/2750248989
4f20b9493001401f81b7a451bf856fba,1890,146671,270,171,2447,https://www.youtube.com/watch?v=y7UeqKiR7XM,212,127,392,https://www.youtube.com/watch?v=_FGWsFD4EWM,1373,641,2447,https://www.youtube.com/watch?v=y7UeqKiR7XM,1524,540,457,540,https://www.twitch.tv/videos/2754174926
2c2bf7ce933a4f34ac25c2dfa72fe565,1880,137758,509,258,2750,https://www.youtube.com/watch?v=L_YO1-aArm8,433,143,707,https://www.youtube.com/watch?v=VuOPqmIbVeI,2064,917,2750,https://www.youtube.com/watch?v=L_YO1-aArm8,684,210,160,680,https://www.twitch.tv/videos/2750924147
1eb556018c7847feb170b09b8622590c,1880,112214,59,23,134,https://www.youtube.com/watch?v=3WGY1tFcc20,59,17,134,https://www.youtube.com/watch?v=3WGY1tFcc20,56,45,80,https://www.youtube.com/watch?v=sKoeOGmBYM4,0,0,0,0,
9be037b96ffa41c9a080edf332650649,1870,100002,11,2,113,https://www.youtube.com/watch?v=3PkjB37RTtk,74,52,93,https://www.youtube.com/watch?v=BVXoSX4qcV0,6,1,113,https://www.youtube.com/watch?v=3PkjB37RTtk,0,0,0,0,
0bf305da1ec14c5c8447b9a007bc81f6,1870,186297,202,72,1254,https://www.youtube.com/watch?v=DlnUzbBvTCU,135,59,1148,https://www.youtube.com/watch?v=QAlubhuhyAk,668,124,1254,https://www.youtube.com/watch?v=DlnUzbBvTCU,970,126,76,511,https://www.twitch.tv/videos/2751574089
63175a6880c5427891463ff07fd0bf7e,1870,49699,0,0,0,,0,0,0,,0,0,0,,0,0,0,0,
d564ef4ee383435787e18dee18247631,1860,57049,82,25,120,https://www.youtube.com/watch?v=AwYqFh6vsbA,56,25,93,https://www.youtube.com/watch?v=cimFO-0JzH8,108,37,120,https://www.youtube.com/watch?v=AwYqFh6vsbA,376,22,14,22,https://www.twitch.tv/videos/2749382770
a5681ed32f994c57a107a0b9248fb228,1850,72988,84,54,443,https://www.youtube.com/watch?v=VzogFc10UrI,84,47,150,https://www.youtube.com/watch?v=YH_FCuShmqs,443,139,443,https://www.youtube.com/watch?v=VzogFc10UrI,0,0,0,0,
14561bf5e63844f58b60deb87f443507,1850,0,0,0,0,,0,0,0,,0,0,0,,1101,265,72,341,https://www.twitch.tv/videos/2735725215
bee432690bb44e03940ab4a86bbbbdfd,1850,19384,0,0,0,,0,0,0,,0,0,0,,0,0,0,0,
a6a789d93f3a4352b251a51b43f98d2c,1840,45196,280,232,280,https://www.youtube.com/watch?v=trT6rfIi2gM,280,232,280,https://www.youtube.com/watch?v=trT6rfIi2gM,0,0,0,,0,0,0,0,
48b978b1705a4f61a760b05280000b34,1840,8782,0,0,0,,0,0,0,,0,0,0,,1266,0,0,0,
0fbdfcc1b9cf41fdb840cf2f546d9324,1840,136257,56,18,959,https://www.youtube.com/watch?v=oh_NcRC_lsA,57,19,959,https://www.youtube.com/watch?v=oh_NcRC_lsA,12,5,12,https://www.youtube.com/watch?v=ViYSZk8JkS4,671,0,0,0,
5ff20156ebbf4390a3573d6a94aed8df,1840,89173,119,55,447,https://www.youtube.com/watch?v=Ct854egPTrE,119,55,447,https://www.youtube.com/watch?v=Ct854egPTrE,0,0,0,,0,0,0,0,
f3b487c00ef5466eaa529f3a2e8d6753,1830,34565,170,145,208,https://www.youtube.com/watch?v=hmCIxPI1zpQ,170,145,208,https://www.youtube.com/watch?v=hmCIxPI1zpQ,0,0,0,,0,0,0,0,
361d3dd97ee9430f85d57b61ea8f0b85,1830,155295,123,52,239,https://www.youtube.com/watch?v=JyaoRDfVBrM,123,52,239,https://www.youtube.com/watch?v=JyaoRDfVBrM,0,0,0,,0,0,0,0,
70874043d50b4e3a873742127251caa5,1830,80907,216,10,216,https://www.youtube.com/watch?v=DNoLj_UoCao,216,10,216,https://www.youtube.com/watch?v=DNoLj_UoCao,0,0,0,,0,0,0,0,
9c0184b0f01a4af4a4c2c56139682fb9,1830,41644,128,119,157,https://www.youtube.com/watch?v=ThjNPrOzKKQ,157,147,157,https://www.youtube.com/watch?v=ThjNPrOzKKQ,99,91,99,https://www.youtube.com/watch?v=GDrd4m011q0,108,0,0,0,
342f808864164047acc8ddffe88c9618,1830,132904,113,55,113,https://www.youtube.com/watch?v=pggCHYwQgKs,113,55,113,https://www.youtube.com/watch?v=pggCHYwQgKs,0,0,0,,2154,423,317,740,https://www.twitch.tv/videos/2753349115
fe5a0ac164a940c79e430eab9995da2e,1830,181490,0,0,0,,0,0,0,,0,0,0,,111,0,0,0,
8b732f3260e0427f9cf795b93ada310a,1820,57531,456,434,456,https://www.youtube.com/watch?v=il-Nt1mtuxE,0,0,0,,456,434,456,https://www.youtube.com/watch?v=il-Nt1mtuxE,2983,570,542,570,https://www.twitch.tv/videos/2756670180
e72542ff8bb14e47929b037c626c320a,1820,36752,0,0,0,,0,0,0,,0,0,0,,0,0,0,0,
a823412858b749f7bd2bff3739ec55b7,1820,93082,122,52,384,https://www.youtube.com/watch?v=t2unN3SEBZ4,122,52,384,https://www.youtube.com/watch?v=t2unN3SEBZ4,0,0,0,,431,49,33,49,https://www.twitch.tv/videos/2750201714
08158657738a4949bce0cbbc36c4e701,1820,76897,0,0,0,,0,0,0,,0,0,0,,0,0,0,0,
0c1efcf431bc4ffbb208775a9738e348,1810,66518,0,0,0,,0,0,0,,0,0,0,,160,0,0,0,
db2f279f9960492082f3ae6ad20aca91,1810,47038,0,0,0,,0,0,0,,0,0,0,,504,0,0,0,
3bbbe40f23e344fa8889d410b7315383,1810,2081,0,0,0,,0,0,0,,0,0,0,,0,0,0,0,
b023ec32c6b5474e95c7faf252925b8e,1800,50770,19,0,19,https://www.youtube.com/watch?v=A-gm56fb-2M,0,0,0,,19,0,19,https://www.youtube.com/watch?v=A-gm56fb-2M,404,30,24,31,https://www.twitch.tv/videos/2755817985
49c4f54141434226960845b2a46c432b,1800,60992,40,37,64,https://www.youtube.com/watch?v=7qf0gLExxHg,40,37,64,https://www.youtube.com/watch?v=7qf0gLExxHg,0,0,0,,0,0,0,0,
bff58c28269748eb99103a257886309a,1800,58985,134,49,218,https://www.youtube.com/watch?v=uFFnq66_bxY,134,49,218,https://www.youtube.com/watch?v=uFFnq66_bxY,0,0,0,,0,0,0,0,
8ad9544f4e4f42a09ec1ecb6b514729f,1800,95249,40,19,114,https://www.youtube.com/watch?v=rJf-RGmu-IU,40,19,114,https://www.youtube.com/watch?v=rJf-RGmu-IU,0,0,0,,0,0,0,0,
0da343539de64a169fe51ad653e5c73d,1800,40790,36,29,93,https://www.youtube.com/watch?v=g6o880LU1GY,36,29,93,https://www.youtube.com/watch?v=g6o880LU1GY,0,0,0,,0,0,0,0,
5efdd7a401eb430ba20cb6f391fbbce3,1790,34924,0,0,0,,0,0,0,,0,0,0,,0,0,0,0,
372962c805114682a4d16b75c13c80ed,1790,265,0,0,0,,0,0,0,,0,0,0,,0,0,0,0,
be84d60f2d0e452ab7d66eaeb957477f,1790,82611,4,3,6,https://www.youtube.com/watch?v=hZG-fnPbIz8,0,0,0,,4,3,6,https://www.youtube.com/watch?v=hZG-fnPbIz8,0,0,0,0,
31c7fada1ab24cbd83ab4ae698955a29,1790,78733,33,17,774,https://www.youtube.com/watch?v=ByDqQX8TN5c,28,10,98,https://www.youtube.com/watch?v=tLF4UPS0KRQ,348,343,774,https://www.youtube.com/watch?v=ByDqQX8TN5c,0,0,0,0,
e39607950249427da8b60fa012115e44,1780,104193,465,123,878,https://www.youtube.com/watch?v=WeQRxgtsAuE,0,0,0,,465,123,878,https://www.youtube.com/watch?v=WeQRxgtsAuE,0,0,0,0,
c489b78388904133a8b93cd4d0470aad,1780,3974,0,0,0,,0,0,0,,0,0,0,,628,0,0,0,
29d3dea4a1684bec9592e2ccc3685c57,1780,64003,0,0,0,,0,0,0,,0,0,0,,0,0,0,0,
ced6b5d82fc848a5a0f45a1b3da4cfae,1780,81150,111,57,128,https://www.youtube.com/watch?v=7SJ4NP6G9Oo,111,57,128,https://www.youtube.com/watch?v=7SJ4NP6G9Oo,0,0,0,,216,10,5,28,https://www.twitch.tv/videos/2751917536
3bc6afb820df4f59b2c6ff1c25d1eed3,1770,142260,64,44,451,https://www.youtube.com/watch?v=WtxmRbsTKnE,59,36,451,https://www.youtube.com/watch?v=WtxmRbsTKnE,161,97,435,https://www.youtube.com/watch?v=m0Xiw1mOdFc,0,0,0,0,
5612ac8b150e45e5a7381a2c07e9671a,1770,75734,71,40,289,https://www.youtube.com/watch?v=utcvOuN50HA,71,40,289,https://www.youtube.com/watch?v=utcvOuN50HA,0,0,0,,0,0,0,0,
ce59f11c200841dab2e8a5e30655a827,1770,251239,0,0,0,,0,0,0,,0,0,0,,27,0,0,0,
b49c2970f97b4fd4a6762b3e9ba94f8e,1770,7696,0,0,0,,0,0,0,,0,0,0,,10040,1104,494,2134,https://www.twitch.tv/videos/2743723465
6cb91cbf63cd46d49566ade06d3b3418,1770,19816,49,30,1166,https://www.youtube.com/watch?v=3G5nufXAHEs,41,8,247,https://www.youtube.com/watch?v=F-GrgemoFqI,90,52,1166,https://www.youtube.com/watch?v=3G5nufXAHEs,0,0,0,0,
8020c505099f474ca81da3023926485f,1760,103994,107,56,2286,https://www.youtube.com/watch?v=AEmQLoJL5d8,107,55,185,https://www.youtube.com/watch?v=X71GPvMiRVQ,2286,296,2286,https://www.youtube.com/watch?v=AEmQLoJL5d8,0,0,0,0,
d748a977fcd24752ad9e038468713bf2,1760,37980,68,39,98,https://www.youtube.com/watch?v=T9GJunEA8pk,68,39,98,https://www.youtube.com/watch?v=T9GJunEA8pk,0,0,0,,0,0,0,0,
2e8c364f691740dd81c0fa61727a9790,1750,596337,0,0,0,,0,0,0,,0,0,0,,3788,0,0,0,
3584322d47f14c7aa8f6e98511d3c54a,1750,1126,0,0,0,,0,0,0,,0,0,0,,1045,0,0,0,
d0c2bb3e9091413e8d245bdc217e9420,1750,54697,62,12,107,https://www.youtube.com/watch?v=n7dJGMv0yxA,62,12,107,https://www.youtube.com/watch?v=n7dJGMv0yxA,0,0,0,,0,0,0,0,
637a5867616a436ba0f7cdd36057f55a,1750,137490,100,67,1481,https://www.youtube.com/watch?v=MuWgW0e8v6E,99,62,788,https://www.youtube.com/watch?v=8rs3tr0sbe4,188,72,1481,https://www.youtube.com/watch?v=MuWgW0e8v6E,95,0,0,0,
0f7d7faa487642d0a8ff6d5fc8dbc394,1750,150879,7,7,7,https://www.youtube.com/watch?v=M4MaHSOL8cc,0,0,0,,7,7,7,https://www.youtube.com/watch?v=M4MaHSOL8cc,1676,471,119,1863,https://www.twitch.tv/videos/2756654631
66830cad0b9949689741b0dc5ef39d29,1750,49254,0,0,0,,0,0,0,,0,0,0,,0,0,0,0,
8483ae3c14ca488394d427d271854d88,1750,35698,0,0,0,,0,0,0,,0,0,0,,43,0,0,0,
3a8fe50b02d04b45af3974ed979c52eb,1750,82758,234,85,1471,https://www.youtube.com/watch?v=Pj50wnX82lo,224,66,320,https://www.youtube.com/watch?v=Nv1Z3i9BCd4,1389,610,1471,https://www.youtube.com/watch?v=Pj50wnX82lo,0,0,0,0,
018244f1ad404c9eaa4ddf747c3bafa0,1740,220403,172,91,346,https://www.youtube.com/watch?v=DKb1hnAEkIo,183,95,346,https://www.youtube.com/watch?v=DKb1hnAEkIo,100,34,135,https://www.youtube.com/watch?v=4fftNOPa6Q8,0,0,0,0,
7cc197b36bc64bf38aaf98a17eaf8d31,1740,171922,762,472,1657,https://www.youtube.com/watch?v=fkCRHrlgOMI,129,127,159,https://www.youtube.com/watch?v=HdKHP3npHGE,1425,1118,1657,https://www.youtube.com/watch?v=fkCRHrlgOMI,0,0,0,0,
673abaca34d047b49b11d50214a9a463,1740,78561,142,76,248,https://www.youtube.com/watch?v=8c0uE5l4SYg,160,70,248,https://www.youtube.com/watch?v=8c0uE5l4SYg,100,98,100,https://www.youtube.com/watch?v=i7dQC6W3L-M,86,0,0,0,
6fa5098cd1c644c5871a47a7e56803dc,1730,49313,324,191,500,https://www.youtube.com/watch?v=AFlRT_HhNsE,324,191,500,https://www.youtube.com/watch?v=AFlRT_HhNsE,0,0,0,,257,0,0,0,
f3fa92d46e744da29b61f9468c76b9a5,1730,38893,85,19,85,https://www.youtube.com/watch?v=X9Xelr_zEH4,85,19,85,https://www.youtube.com/watch?v=X9Xelr_zEH4,0,0,0,,0,0,0,0,
8f7fdc3104f541539132c122eeab6801,1730,36069,107,68,1441,https://www.youtube.com/watch?v=u_RXqZ4HO7k,106,64,200,https://www.youtube.com/watch?v=_O3X3XG7i3E,167,80,1441,https://www.youtube.com/watch?v=u_RXqZ4HO7k,0,0,0,0,
2e58c53f72f144dbad853ca8630dab19,1730,50428,266,122,1341,https://www.youtube.com/watch?v=82EGocUIb_Y,266,122,1341,https://www.youtube.com/watch?v=82EGocUIb_Y,0,0,0,,141,0,0,0,
a0ac84f84b914c21acf669844a163436,1730,39492,157,19,157,https://www.youtube.com/watch?v=noi1a_NfLA4,157,19,157,https://www.youtube.com/watch?v=noi1a_NfLA4,0,0,0,,407,217,176,328,https://www.twitch.tv/videos/2751134430
dc8226bfc9c64cf5bc768f387a41c48d,1730,25252,0,0,0,,0,0,0,,0,0,0,,0,0,0,0,
84cccbea595d4bc69426d5c75f1ac3a4,1720,89372,0,0,0,,0,0,0,,0,0,0,,0,0,0,0,
b0e88b4d4e5d41c4b5edd07540dc3637,1720,138209,72,25,102,https://www.youtube.com/watch?v=YXaJ1QERo1o,72,25,102,https://www.youtube.com/watch?v=YXaJ1QERo1o,0,0,0,,0,0,0,0,
8c171b8f4b854cbfade4ee2babc19e0f,1710,37691,114,52,1293,https://www.youtube.com/watch?v=luafOySUMF8,108,49,235,https://www.youtube.com/watch?v=cPYcQMBXGGY,834,283,1293,https://www.youtube.com/watch?v=luafOySUMF8,0,0,0,0,
e9fa90c6824c47abbfd114e9cd9b4125,1710,108746,57,25,4016,https://www.youtube.com/watch?v=yVdnS5Enpf0,56,25,73,https://www.youtube.com/watch?v=rcV8HYRgB94,2749,1384,4016,https://www.youtube.com/watch?v=yVdnS5Enpf0,0,0,0,0,
f3914ae7ae6541198b6b5f4d63febe48,1710,49209,0,0,0,,0,0,0,,0,0,0,,0,0,0,0,
1e0ca2c7a8d7493baa62b792d78e7b07,1700,131318,130,56,251,https://www.youtube.com/watch?v=D9N_k9-lySc,130,56,251,https://www.youtube.com/watch?v=D9N_k9-lySc,0,0,0,,0,0,0,0,
dbe3f9880dec4a03bcc1943343455a6c,1700,77088,98,79,141,https://www.youtube.com/watch?v=opuhCghdMGk,98,79,141,https://www.youtube.com/watch?v=opuhCghdMGk,0,0,0,,0,0,0,0,
8f1a38101d324afcbfc7df27d5d1e0a9,1700,194806,30,19,247,https://www.youtube.com/watch?v=hGX1GvHUh9c,29,14,247,https://www.youtube.com/watch?v=hGX1GvHUh9c,64,59,64,https://www.youtube.com/watch?v=kZW9jLTCScA,0,0,0,0,
7d3b310a867942cab270e48f7a397e0d,1690,40837,44,21,1870,https://www.youtube.com/watch?v=5eHeKUjY9rQ,43,17,102,https://www.youtube.com/watch?v=IQqRdAWnAHY,715,223,1870,https://www.youtube.com/watch?v=5eHeKUjY9rQ,888,0,0,0,
351e16ae67e14d5e8c7294284c2ded4d,1690,25127,0,0,0,,0,0,0,,0,0,0,,699,0,0,0,
608b617ad99c4f18b97d10560e254b4b,1680,53077,107,38,397,https://www.youtube.com/watch?v=h12w_MqYgaY,104,37,397,https://www.youtube.com/watch?v=h12w_MqYgaY,282,105,325,https://www.youtube.com/watch?v=pu3wmeGKK1M,0,0,0,0,
1c304e8690e2400d9482f1173f59ad70,1680,89593,305,49,1428,https://www.youtube.com/watch?v=pS9MQkhJvMA,305,48,659,https://www.youtube.com/watch?v=FYUoEWwVURA,789,201,1428,https://www.youtube.com/watch?v=pS9MQkhJvMA,209,96,57,147,https://www.twitch.tv/videos/2747756523
df7bcc29e3204005877b25cdad9206b7,1680,81034,0,0,0,,0,0,0,,0,0,0,,0,0,0,0,
44ae1f339250472c82d1fc4ffb3610ad,1680,73614,452,225,648,https://www.youtube.com/watch?v=t0tEi7o5Tw8,452,225,648,https://www.youtube.com/watch?v=t0tEi7o5Tw8,0,0,0,,2688,1086,591,1698,https://www.twitch.tv/videos/2744270988
9deb096c2fb943a7ae7487bf25e28026,1680,118707,149,61,703,https://www.youtube.com/watch?v=hlV42I-SuFY,145,71,167,https://www.youtube.com/watch?v=MXAy4dD_Tl8,646,18,703,https://www.youtube.com/watch?v=hlV42I-SuFY,1367,212,147,301,https://www.twitch.tv/videos/2750283615
7eb39f4278b04ed485060a084cd07876,1670,62007,0,0,0,,0,0,0,,0,0,0,,0,0,0,0,
60a400d6a5d841f78b352675c383dbef,1670,47696,0,0,0,,0,0,0,,0,0,0,,0,0,0,0,
d18dd7d3e19f469b9e3faaa6c1fe2b0d,1670,36029,90,35,226,https://www.youtube.com/watch?v=VMXlb_PTgao,90,35,226,https://www.youtube.com/watch?v=VMXlb_PTgao,0,0,0,,227,0,0,0,
af9a2d0fab684be9b9da09e251f6bae6,1670,79045,161,83,3805,https://www.youtube.com/watch?v=rlm_EFx_NeM,141,63,219,https://www.youtube.com/watch?v=t04Y6CLp2cQ,1763,554,3805,https://www.youtube.com/watch?v=rlm_EFx_NeM,417,288,228,371,https://www.twitch.tv/videos/2754924380
eb54f557a3734bfda57ecddd8df07681,1670,43347,0,0,0,,0,0,0,,0,0,0,,539,135,92,135,https://www.twitch.tv/videos/2750239168
1f445fb1ee7447c2add6738b86570b2e,1670,70264,0,0,0,,0,0,0,,0,0,0,,0,0,0,0,
3e41189706dd483db4e407c295b058ce,1660,98994,58,29,1023,https://www.youtube.com/watch?v=LifFU4RvjxI,58,29,133,https://www.youtube.com/watch?v=svqtDz83Zrc,527,251,1023,https://www.youtube.com/watch?v=LifFU4RvjxI,4761,438,245,150602,https://www.twitch.tv/videos/2750160567
ecbeda5532474bdb8d08d4e15ce98d89,1660,15209,0,0,0,,0,0,0,,0,0,0,,3009,225,208,225,https://www.twitch.tv/videos/2755984271
21a819efced54f6991abd3fc0b43091f,1660,123510,365,84,1666,https://www.youtube.com/watch?v=Meo-CYwptG4,101,58,225,https://www.youtube.com/watch?v=9Yz6lX9d4C4,1317,429,1666,https://www.youtube.com/watch?v=Meo-CYwptG4,816,138,115,160,https://www.twitch.tv/videos/2751048331
1257fb7258eb49ad8cf58ed64b800056,1660,47445,0,0,0,,0,0,0,,0,0,0,,789,175,58,592,https://www.twitch.tv/videos/2739254277
10c8c9b647e7464f9d95c7c1a865da01,1650,117757,66,22,1982,https://www.youtube.com/watch?v=r-ZYdSBtNmk,30,14,85,https://www.youtube.com/watch?v=oKVojeS1pzA,623,430,1982,https://www.youtube.com/watch?v=r-ZYdSBtNmk,2102,233,144,264,https://www.twitch.tv/videos/2746949303
e3451dd6f3c0444c888eb6f67704613a,1650,61847,165,78,406,https://www.youtube.com/watch?v=yBcLPTFpD_Q,165,78,406,https://www.youtube.com/watch?v=yBcLPTFpD_Q,0,0,0,,0,0,0,0,
7259f7e619e943018e64fb24d4d20e34,1650,34158,142,121,160,https://www.youtube.com/watch?v=HCI2OvBTFko,142,121,160,https://www.youtube.com/watch?v=HCI2OvBTFko,0,0,0,,0,0,0,0,
cfa15a7e93824927ad4b84a519b0ab68,1650,604364,2293,1252,4798,https://www.youtube.com/watch?v=fCfQBPZkQmM,0,0,0,,2293,1252,4798,https://www.youtube.com/watch?v=fCfQBPZkQmM,0,0,0,0,
c192b6e25df841ad85cbc8bbf0bd8bfe,1640,109902,0,0,0,,0,0,0,,0,0,0,,0,0,0,0,
7d6a4fa5389c461bb553b8190c5e951f,1640,105176,0,0,0,,0,0,0,,0,0,0,,0,0,0,0,
f7bfeaf6288f4afe80b62dab32698a0c,1640,521517,53,23,105,https://www.youtube.com/watch?v=deBQALnoAQA,65,34,105,https://www.youtube.com/watch?v=deBQALnoAQA,30,15,95,https://www.youtube.com/watch?v=LNF96ICWrUI,335,0,0,0,
7e50374d02184a429cfc6dfba9b52e2f,1640,9671,0,0,0,,0,0,0,,0,0,0,,392,62,38,75,https://www.twitch.tv/videos/2748641085
607d6173383c4118a32171fbcfc98e60,1640,42314,2,2,18,https://www.youtube.com/watch?v=vOnoC6uNYcU,0,0,0,,2,2,18,https://www.youtube.com/watch?v=vOnoC6uNYcU,16609,4140,3393,4140,https://www.twitch.tv/videos/2753485050
bdcf0d95e6544ebaaddbfba94839cd6b,1630,91290,50,14,101,https://www.youtube.com/watch?v=NwDyrUs5T-4,51,18,66,https://www.youtube.com/watch?v=trGc21r6uWM,22,11,101,https://www.youtube.com/watch?v=NwDyrUs5T-4,0,0,0,0,
da503b835e2a41d58433ebf6960db356,1630,59978,164,13,190,https://www.youtube.com/watch?v=e1QUmzq8QLk,190,8,190,https://www.youtube.com/watch?v=e1QUmzq8QLk,139,17,139,https://www.youtube.com/watch?v=WVsLSG7tFQw,783,0,0,0,
b9086ee5f7b54353a5ba85c973b2e2af,1630,64987,66,42,66,https://www.youtube.com/watch?v=aNtpX5-GisI,66,42,66,https://www.youtube.com/watch?v=aNtpX5-GisI,0,0,0,,0,0,0,0,
bc7d14416ba24cc8819f0753e1f595f5,1630,309040,124,89,784,https://www.youtube.com/watch?v=2-iHp5q_Mbw,124,89,784,https://www.youtube.com/watch?v=2-iHp5q_Mbw,0,0,0,,0,0,0,0,
4077520d348749e49598cd5fa1058b6a,1630,60048,18,11,93,https://www.youtube.com/watch?v=jlFa_YsIGrU,18,11,93,https://www.youtube.com/watch?v=jlFa_YsIGrU,0,0,0,,263,0,0,0,
7e26ddf485a84c0cb6d781a3bf432c55,1630,38955,0,0,0,,0,0,0,,0,0,0,,3963,0,0,0,
c45e260cafa14b3fab4030fb339ed1ab,1630,76585,47,30,204,https://www.youtube.com/watch?v=ImLlFiBk8_0,47,33,69,https://www.youtube.com/watch?v=6qFN8nbSBeI,204,11,204,https://www.youtube.com/watch?v=ImLlFiBk8_0,28,0,0,0,
e8ec42e35b774df8a21ae98a0d01fdc0,1630,1202558,100,63,4337,https://www.youtube.com/watch?v=csbJ8eHDF6s,40,18,104,https://www.youtube.com/watch?v=v9Toaaop7jA,887,131,4337,https://www.youtube.com/watch?v=csbJ8eHDF6s,0,0,0,0,
306117a48f3445baad1d6a919ed340bb,1630,69171,166,76,1095,https://www.youtube.com/watch?v=bo-M60tCcEQ,155,72,324,https://www.youtube.com/watch?v=ou_yKyeaIWE,610,503,1095,https://www.youtube.com/watch?v=bo-M60tCcEQ,151,0,0,0,
5dc565de88a948ecb092cce178aafe60,1620,477522,0,0,0,,0,0,0,,0,0,0,,414,0,0,0,
7425576151124e11a94609fd1b8687bc,1620,62218,0,0,0,,0,0,0,,0,0,0,,2035,0,0,0,
80e2f3365bfd4479a3594c3278311103,1620,0,0,0,0,,0,0,0,,0,0,0,,2261,0,0,0,
d3b1e8a5a2c74d2395dc33869caadb50,1620,7162,0,0,0,,0,0,0,,0,0,0,,0,0,0,0,
46e494bf06c640da95ad1b0b81631d98,1620,262689,45,31,2087,https://www.youtube.com/watch?v=Lwq8TKOCaZ4,37,30,99,https://www.youtube.com/watch?v=x8kvM6JAEfE,1062,542,2087,https://www.youtube.com/watch?v=Lwq8TKOCaZ4,925,28,22,47,https://www.twitch.tv/videos/2751719734
bee9506c5d714205bfc69573280852c2,1610,121127,452,131,1896,https://www.youtube.com/watch?v=ImBpujiwTBE,89,27,252,https://www.youtube.com/watch?v=OWXar5btfPM,1385,354,1896,https://www.youtube.com/watch?v=ImBpujiwTBE,2135,82,47,91,https://www.twitch.tv/videos/2746262059
a1915cccb8584d57b9b22975263c7af4,1610,268785,82,36,107,https://www.youtube.com/watch?v=3f0zz9Q6OW0,67,21,104,https://www.youtube.com/watch?v=p3w4NBQn_nU,107,76,107,https://www.youtube.com/watch?v=3f0zz9Q6OW0,0,0,0,0,
c4651b162abb45c3a85640e3d456fa71,1610,57866,21,15,42,https://www.youtube.com/watch?v=t55YpXndvxo,21,15,42,https://www.youtube.com/watch?v=t55YpXndvxo,0,0,0,,320,0,0,0,
9e5e58a212584007b1ab1f22f5c59438,1610,135494,133,75,509,https://www.youtube.com/watch?v=muMCo_56fHU,133,75,509,https://www.youtube.com/watch?v=muMCo_56fHU,0,0,0,,0,0,0,0,
67674d86fce54eceb37e0dc4ea802132,1600,121506,74,38,481,https://www.youtube.com/watch?v=wfJfAJqJyO8,73,40,299,https://www.youtube.com/watch?v=V7wKpm4r5Jo,79,20,481,https://www.youtube.com/watch?v=wfJfAJqJyO8,92,5,4,16,https://www.twitch.tv/videos/2754312148
00c2bd1279064d88b05ad2d17d790e37,1600,6625,868,285,1774,https://www.youtube.com/watch?v=2aWz_PYw1Ic,0,0,0,,868,285,1774,https://www.youtube.com/watch?v=2aWz_PYw1Ic,193,0,0,0,
954590604f0e49e88fadc8ce6dafba1b,1600,93800,66,37,198,https://www.youtube.com/watch?v=__p03p1yQeg,66,37,198,https://www.youtube.com/watch?v=__p03p1yQeg,0,0,0,,0,0,0,0,
7e9fc4a1ccc7445182bb3c5264d99187,1590,63045,141,46,1441,https://www.youtube.com/watch?v=L6UqS10-gvw,93,39,273,https://www.youtube.com/watch?v=tXDJnvlduhU,707,360,1441,https://www.youtube.com/watch?v=L6UqS10-gvw,0,0,0,0,
53cd965ca91e495887b89aabd6314402,1590,31942,53,30,81,https://www.youtube.com/watch?v=VEHg2-4uTNk,53,30,81,https://www.youtube.com/watch?v=VEHg2-4uTNk,0,0,0,,16,0,0,0,
8cace62dbfc34c2a9a2a348e479cdbb1,1590,193720,968,521,1131,https://www.youtube.com/watch?v=sNvk6S5-duw,17,5,17,https://www.youtube.com/watch?v=JT8ozyVamQA,1076,567,1131,https://www.youtube.com/watch?v=sNvk6S5-duw,0,0,0,0,
a725f6babc5f44779d7389886c6cd7b7,1590,58042,88,40,741,https://www.youtube.com/watch?v=31AfikBYcS0,88,40,741,https://www.youtube.com/watch?v=31AfikBYcS0,0,0,0,,0,0,0,0,
86e86bf2d8e54e9083613e7398e1e7ac,1590,37078,0,0,0,,0,0,0,,0,0,0,,1817,518,382,1943,https://www.twitch.tv/videos/2750942481
a73b969a7fe24a9aaeb9bc1c63ca6450,1590,86372,0,0,0,,0,0,0,,0,0,0,,4883,378,51,1209,https://www.twitch.tv/videos/2756385682
2913f17e61014f7691e016fae8468404,1590,72885,136,20,505,https://www.youtube.com/watch?v=D3HHBW-ggAE,66,12,206,https://www.youtube.com/watch?v=ThNNOQLFN_w,505,259,505,https://www.youtube.com/watch?v=D3HHBW-ggAE,265,0,0,0,
e214241ed6574d939e398051ae25921d,1590,65,0,0,0,,0,0,0,,0,0,0,,0,0,0,0,
89f4c9a5a9374700ae9f3725cd8a3f0f,1580,145752,265,129,3555,https://www.youtube.com/watch?v=6FUeOjatJyM,84,42,153,https://www.youtube.com/watch?v=zDzEpTN8_Zs,1246,558,3555,https://www.youtube.com/watch?v=6FUeOjatJyM,178,110,93,149,https://www.twitch.tv/videos/2755847548
055f10f2da424da8bfbfe9d01b15fb11,1580,44080,81,47,147,https://www.youtube.com/watch?v=n6YjqFlMmQw,81,47,147,https://www.youtube.com/watch?v=n6YjqFlMmQw,0,0,0,,38,0,0,0,
b0a7d70ae76549f5b4418e56ee4ad43f,1580,44169,76,45,1225,https://www.youtube.com/watch?v=_viZWdOyaB8,76,44,159,https://www.youtube.com/watch?v=xdHK5Fy8JhA,719,293,1225,https://www.youtube.com/watch?v=_viZWdOyaB8,1020,326,264,540,https://www.twitch.tv/videos/2754110074
9a7b7c9c31da44aca5a68395a2e69488,1580,705742,37,18,254,https://www.youtube.com/watch?v=eAoVXKGAx3Y,34,16,254,https://www.youtube.com/watch?v=eAoVXKGAx3Y,86,30,127,https://www.youtube.com/watch?v=pfbP1AZoDrg,114,0,0,0,
95fa8eef249d4edca59594271fedc487,1570,52475,0,0,0,,0,0,0,,0,0,0,,0,0,0,0,
c4fafcb15c694ad5ab88d1948d401e54,1570,82967,92,36,390,https://www.youtube.com/watch?v=fIRToniAHgU,92,36,390,https://www.youtube.com/watch?v=fIRToniAHgU,0,0,0,,172,0,0,0,
905304e606344aba8c84b83717453f5e,1570,69531,105,47,391,https://www.youtube.com/watch?v=WNMi5rm7G-c,105,47,391,https://www.youtube.com/watch?v=WNMi5rm7G-c,0,0,0,,0,0,0,0,
a112fc34dd9944a5a15f50c1c078aa3e,1560,126703,91,73,113,https://www.youtube.com/watch?v=sY8Zt5HDl1w,91,73,113,https://www.youtube.com/watch?v=sY8Zt5HDl1w,0,0,0,,0,0,0,0,
94f9966aa28a45e1ab4b94507037d1d7,1560,144040,148,56,273,https://www.youtube.com/watch?v=DxmIivs_Mv4,148,56,273,https://www.youtube.com/watch?v=DxmIivs_Mv4,0,0,0,,0,0,0,0,
5b1bd72acc95440cb3aa381c89cfca3c,1560,90331,374,120,442,https://www.youtube.com/watch?v=vg2grTcaea4,0,0,0,,374,120,442,https://www.youtube.com/watch?v=vg2grTcaea4,0,0,0,0,
95eabea4e8014fedb5d34ea27137a4ca,1550,129513,93,74,1422,https://www.youtube.com/watch?v=68qDDfVzbm0,91,72,171,https://www.youtube.com/watch?v=ObAgdAJlQCs,1284,552,1422,https://www.youtube.com/watch?v=68qDDfVzbm0,0,0,0,0,
e312462015a2454087c9fe83dd939994,1550,29863,83,50,133,https://www.youtube.com/watch?v=nma4xHGL4cw,83,50,133,https://www.youtube.com/watch?v=nma4xHGL4cw,0,0,0,,0,0,0,0,
904f58005872497b82964fff25490152,1550,22045,0,0,0,,0,0,0,,0,0,0,,190,0,0,0,
1cdbceb7ad414bb59b3a9563a93fe840,1550,64821,226,126,226,https://www.youtube.com/watch?v=lGB9oUQ6k28,226,126,226,https://www.youtube.com/watch?v=lGB9oUQ6k28,0,0,0,,0,0,0,0,
bf03fd8b5b55481590ea63338c5cdd20,1550,29266,0,0,0,,0,0,0,,0,0,0,,4036,0,0,0,
1be625b10e2f4e65bab5b19d10a4d0b1,1540,18462,0,0,0,,0,0,0,,0,0,0,,0,0,0,0,
1eef416d7ad94b6aa728e10d6da10304,1540,69203,40,25,80,https://www.youtube.com/watch?v=0nSDdsvUEFs,0,0,0,,40,25,80,https://www.youtube.com/watch?v=0nSDdsvUEFs,2036,663,412,663,https://www.twitch.tv/videos/2748666052
cbd9ed35dc0045aa9c57bb9ee14b02e0,1540,693609,12,3,323,https://www.youtube.com/watch?v=03XaoO7-EOU,0,0,0,,12,3,323,https://www.youtube.com/watch?v=03XaoO7-EOU,0,0,0,0,
e210fb08b0744535a907823fa9f062cc,1530,52812,0,0,0,,0,0,0,,0,0,0,,1208,319,110,582,https://www.twitch.tv/videos/2754001693
ee7cfe445bc84d6fa7fff5df6fbf0d32,1530,45635,72,29,72,https://www.youtube.com/watch?v=NdDeYEd1F7Y,72,29,72,https://www.youtube.com/watch?v=NdDeYEd1F7Y,0,0,0,,733,0,0,0,
d57b7459ef5949ef96672a96fb33d8a2,1520,62970,104,90,104,https://www.youtube.com/watch?v=Hi61rxSbToo,104,90,104,https://www.youtube.com/watch?v=Hi61rxSbToo,0,0,0,,1100,274,193,403,https://www.twitch.tv/videos/2750966249
260f0fb7a8b1421394c38114230479bb,1520,65244,48,27,154,https://www.youtube.com/watch?v=1q_YWST60ak,48,27,154,https://www.youtube.com/watch?v=1q_YWST60ak,0,0,0,,141,21,17,30,https://www.twitch.tv/videos/2753486612
b88e19a358b843068cd5bd7ec103d521,1510,133824,143,87,1244,https://www.youtube.com/watch?v=19zf10dlmtI,140,78,171,https://www.youtube.com/watch?v=lRJbqrTwxeo,1244,890,1244,https://www.youtube.com/watch?v=19zf10dlmtI,0,0,0,0,
c6ce333916b446d48d27be05df1a218e,1510,30830,60,36,84,https://www.youtube.com/watch?v=vg5XQ8tPkoE,60,36,84,https://www.youtube.com/watch?v=vg5XQ8tPkoE,0,0,0,,551,28,20,33,https://www.twitch.tv/videos/2753367211
c506f1ab266f47e2be683220533a4790,1510,43177,38,21,187,https://www.youtube.com/watch?v=Xf_D35NPgWc,25,19,51,https://www.youtube.com/watch?v=0nxYTHkrhXM,130,41,187,https://www.youtube.com/watch?v=Xf_D35NPgWc,0,0,0,0,
d70830a282b9446f89bc9d82c88b8db3,1510,133181,0,0,0,,0,0,0,,0,0,0,,265,0,0,0,
eaa1d55ba99c40ce82413701233efdbd,1510,60383,41,26,71,https://www.youtube.com/watch?v=bQjp8YrGELs,41,26,71,https://www.youtube.com/watch?v=bQjp8YrGELs,0,0,0,,0,0,0,0,
5ce810e28ea54f5bacd55573589f4e4e,1500,99257,44,33,79,https://www.youtube.com/watch?v=uU9S4Df6S94,44,33,79,https://www.youtube.com/watch?v=uU9S4Df6S94,0,0,0,,0,0,0,0,
dcc5b43448044231a3a8710d144b2602,1500,130035,150,68,226,https://www.youtube.com/watch?v=cZRsT0gMJPk,150,68,226,https://www.youtube.com/watch?v=cZRsT0gMJPk,0,0,0,,0,0,0,0,
02dadd7977b8412b99f101241de4cb3f,1500,77957,34,12,77,https://www.youtube.com/watch?v=5HVPv0fo7XU,34,12,77,https://www.youtube.com/watch?v=5HVPv0fo7XU,0,0,0,,1072,89,61,182,https://www.twitch.tv/videos/2746116167
2ead897ab38c4530aeeb69a2f02da623,1500,69100,96,55,529,https://www.youtube.com/watch?v=KmfBz3--0bk,96,55,401,https://www.youtube.com/watch?v=-4Ak9u3REOo,301,98,529,https://www.youtube.com/watch?v=KmfBz3--0bk,0,0,0,0,
4c466d73397a4899b4ca26f90aaf57ad,1490,159046,1134,462,1505,https://www.youtube.com/watch?v=PNj-Rs2FkUQ,0,0,0,,1134,462,1505,https://www.youtube.com/watch?v=PNj-Rs2FkUQ,167,22,12,36,https://www.twitch.tv/videos/2746987568
6db0d51e6ac9410f84f79e57448b8a60,1490,148214,161,90,248,https://www.youtube.com/watch?v=YS6WuXEZv-o,161,90,248,https://www.youtube.com/watch?v=YS6WuXEZv-o,0,0,0,,0,0,0,0,
a881100803aa4abc84dc3cc814dca0e7,1490,53856,70,10,2764,https://www.youtube.com/watch?v=wJ4klUjQQsI,58,5,70,https://www.youtube.com/watch?v=UMjsR70-ciI,2764,1709,2764,https://www.youtube.com/watch?v=wJ4klUjQQsI,0,0,0,0,
489752f0b42c49b785d43f1207429983,1490,44159,53,21,60,https://www.youtube.com/watch?v=YmAC_V1sWt4,53,21,60,https://www.youtube.com/watch?v=YmAC_V1sWt4,0,0,0,,0,0,0,0,
12f51c457b27425fa98fe89c24ccb61c,1490,29170,0,0,0,,0,0,0,,0,0,0,,0,0,0,0,
076c16fcd0c843c0b70748712d15f233,1490,30266,138,76,1073,https://www.youtube.com/watch?v=SulYGe4tHP0,138,59,1073,https://www.youtube.com/watch?v=SulYGe4tHP0,130,119,173,https://www.youtube.com/watch?v=_3ngDg6ZWOE,0,0,0,0,
91025114208d41b2bff535d6e277017e,1490,65755,49,32,63,https://www.youtube.com/watch?v=IVdm6LIM_18,49,32,63,https://www.youtube.com/watch?v=IVdm6LIM_18,0,0,0,,0,0,0,0,
6d61885259b744a28c7b92c0785e8fe9,1490,0,0,0,0,,0,0,0,,0,0,0,,854,0,0,0,
b8ce93818de34a93901147e5d9857170,1490,85824,0,0,0,,0,0,0,,0,0,0,,0,0,0,0,
77829b31e6e246efbf1f648a353ff823,1480,256344,185,103,1534,https://www.youtube.com/watch?v=J0T-J7iz9Bo,161,51,1060,https://www.youtube.com/watch?v=d_m516Yjpiw,1190,140,1534,https://www.youtube.com/watch?v=J0T-J7iz9Bo,0,0,0,0,
3cf7289a95834ae1a25d4cb2909a1a9e,1480,50672,0,0,0,,0,0,0,,0,0,0,,0,0,0,0,
d62ad85ae5434754bc4f9f366815064a,1480,44888,0,0,0,,0,0,0,,0,0,0,,0,0,0,0,
2131a63328214b7f9a1022dae6890d66,1470,79155,58,34,196,https://www.youtube.com/watch?v=CL3BujKMoaQ,58,34,196,https://www.youtube.com/watch?v=CL3BujKMoaQ,0,0,0,,358,0,0,0,
356186a5552f499baab4ac520b7d4235,1470,89631,129,78,1877,https://www.youtube.com/watch?v=H_EGCsM6pL4,118,67,167,https://www.youtube.com/watch?v=5K_MHNLbVII,658,427,1877,https://www.youtube.com/watch?v=H_EGCsM6pL4,0,0,0,0,
1be04e1564c34845bee20467cdb8cfd1,1470,121182,0,0,0,,0,0,0,,0,0,0,,0,0,0,0,
091ac99f10804fe3b417a0f285731b4e,1460,203,100,38,143,https://www.youtube.com/watch?v=HQNjD8uJxSo,100,38,143,https://www.youtube.com/watch?v=HQNjD8uJxSo,0,0,0,,468,0,0,0,
2cc874f341184fb799b01c399477c0b4,1460,64371,120,79,120,https://www.youtube.com/watch?v=UkNLSYQIGeI,120,79,120,https://www.youtube.com/watch?v=UkNLSYQIGeI,0,0,0,,152,0,0,0,
fcb4d9b8cd4a49dba6b421d97c179065,1450,66256,0,0,0,,0,0,0,,0,0,0,,1204,244,168,254,https://www.twitch.tv/videos/2749655042
a2188c1a225e4f93a64e3385fa02d779,1450,83063,0,0,0,,0,0,0,,0,0,0,,0,0,0,0,
6e6fd1311d2f42228faa8b1ccb0fa589,1450,76302,73,39,78,https://www.youtube.com/watch?v=x6y6PqPfQPE,73,39,78,https://www.youtube.com/watch?v=x6y6PqPfQPE,0,0,0,,0,0,0,0,
687568c1c9254c8ab34e7b6efbdd6dbc,1450,200338,69,38,74,https://www.youtube.com/watch?v=yWP3tbicvMA,69,38,74,https://www.youtube.com/watch?v=yWP3tbicvMA,0,0,0,,0,0,0,0,
8044e4d538ab4e16b1952c8e42dee12e,1450,139525,59,27,175,https://www.youtube.com/watch?v=-gNp5cQA95E,52,26,175,https://www.youtube.com/watch?v=-gNp5cQA95E,84,76,84,https://www.youtube.com/watch?v=KjPpiN9yHes,0,0,0,0,
889bb42644a14ae4af2b3594c51d057b,1440,78777,58,21,180,https://www.youtube.com/watch?v=d-v1YueUqqE,57,21,180,https://www.youtube.com/watch?v=d-v1YueUqqE,102,42,102,https://www.youtube.com/watch?v=orsNzM5Oeb4,0,0,0,0,
0ec3bf23ccba41659f6d91e424fb2b4a,1440,56603,0,0,0,,0,0,0,,0,0,0,,0,0,0,0,
0dbf3f6f6521460782992a963122aed0,1430,251856,129,50,1246,https://www.youtube.com/watch?v=ANjbRLwOv9E,129,43,211,https://www.youtube.com/watch?v=5QQEoilCovU,310,52,1246,https://www.youtube.com/watch?v=ANjbRLwOv9E,334,91,64,100,https://www.twitch.tv/videos/2751036059
46ca57774cd7476d86727882d07bd918,1430,68695,102,63,2534,https://www.youtube.com/watch?v=esJROkcEQaU,78,35,102,https://www.youtube.com/watch?v=v0rHh1hdoGk,1641,909,2534,https://www.youtube.com/watch?v=esJROkcEQaU,145,199,169,199,https://www.twitch.tv/videos/2754271159
747fb5e9d30240a1ac42fbf37e86b55d,1430,111551,51,27,251,https://www.youtube.com/watch?v=z108Cqj8qOM,50,16,157,https://www.youtube.com/watch?v=mwwBbvkmqi8,251,214,251,https://www.youtube.com/watch?v=z108Cqj8qOM,415,14,10,21,https://www.twitch.tv/videos/2755039679
5bc1ba6d941e4eca868a5b33425c3262,1430,0,0,0,0,,0,0,0,,0,0,0,,1193,0,0,0,
564b411dc4874310be6f8ee9bb7a0312,1420,99509,0,0,0,,0,0,0,,0,0,0,,0,0,0,0,
2ea398a50afd48c3a9e3a819186a4375,1410,61300,225,114,743,https://www.youtube.com/watch?v=knnit670AyY,225,114,743,https://www.youtube.com/watch?v=knnit670AyY,0,0,0,,150,0,0,0,
58588863643843439cebc85ef72654bb,1410,102140,52,30,265,https://www.youtube.com/watch?v=qX-1KdvK_Vo,52,26,74,https://www.youtube.com/watch?v=3EQROTCDlm4,265,197,265,https://www.youtube.com/watch?v=qX-1KdvK_Vo,0,0,0,0,
aabaf7767fa5449b86f58160496d0d4c,1400,74579,89,36,187,https://www.youtube.com/watch?v=B8TK89Dlk8M,89,36,187,https://www.youtube.com/watch?v=B8TK89Dlk8M,0,0,0,,0,0,0,0,
6adad1ae67dc495dae88cefa06446593,1400,106770,0,0,0,,0,0,0,,0,0,0,,0,0,0,0,
bf425f4bc9154c00918ed885bdced632,1400,82459,122,13,181,https://www.youtube.com/watch?v=z0zhCevbuns,122,13,181,https://www.youtube.com/watch?v=z0zhCevbuns,0,0,0,,0,0,0,0,
a7410ae72f2d4648bcf192c21abd7c32,1400,52462,0,0,0,,0,0,0,,0,0,0,,173,0,0,0,
5a901d793927414493afa87af0c4baec,1390,28539,0,0,0,,0,0,0,,0,0,0,,1440,0,0,0,
1b6e28ac923f4134a3627badc2fa8ef6,1390,68672,0,0,0,,0,0,0,,0,0,0,,490,0,0,0,
c6a8cee6b8e042518ef58659113b3f34,1390,69207,139,52,168,https://www.youtube.com/watch?v=0sluICKj5nQ,139,52,168,https://www.youtube.com/watch?v=0sluICKj5nQ,0,0,0,,0,0,0,0,
303c4cd8cf334f01805afdd8df5adc7f,1380,57422,65,32,86,https://www.youtube.com/watch?v=NjgKJL_pi4k,65,32,86,https://www.youtube.com/watch?v=NjgKJL_pi4k,0,0,0,,0,0,0,0,
30f58f5fd3994b9a8751b3f44e543c17,1380,105881,52,49,52,https://www.youtube.com/watch?v=JgmDPSZGnks,52,49,52,https://www.youtube.com/watch?v=JgmDPSZGnks,0,0,0,,0,0,0,0,
188bbf1349f1482cbd24d06ba720cf17,1380,18383,0,0,0,,0,0,0,,0,0,0,,885,72,46,145,https://www.twitch.tv/videos/2747028080
5356357f112b46db862b472a4aafcee8,1380,44873,163,69,2064,https://www.youtube.com/watch?v=GlfNiwNdgog,152,72,177,https://www.youtube.com/watch?v=Evs4gZy9lL0,205,66,2064,https://www.youtube.com/watch?v=GlfNiwNdgog,1290,30,29,38,https://www.twitch.tv/videos/2757517637
e63047f70b0b4a7eba70e7d8cbd507ec,1380,31133,0,0,0,,0,0,0,,0,0,0,,0,0,0,0,
43056077596a49349ee4bea028f670f6,1380,80546,180,117,182,https://www.youtube.com/watch?v=S5eM8ytnfjg,180,117,182,https://www.youtube.com/watch?v=S5eM8ytnfjg,0,0,0,,305,264,259,264,https://www.twitch.tv/videos/2757433598
ea8cc7c4366d48c797a88bfbcf584301,1380,35748,0,0,0,,0,0,0,,0,0,0,,155,0,0,0,
de1fec02e4ab43aa948a415621abc524,1370,88117,0,0,0,,0,0,0,,0,0,0,,0,0,0,0,
aa0d8c2604694532a20aaf0f0ced8a5e,1370,0,0,0,0,,0,0,0,,0,0,0,,2525,0,0,0,
bc77dc55cf9b4be88c878ac4b5c07438,1370,25868,0,0,0,,0,0,0,,0,0,0,,791,234,176,375,https://www.twitch.tv/videos/2749205396
9948190bc88442f4a0757eed54fb24f0,1360,30974,212,133,2087,https://www.youtube.com/watch?v=BKidm7HEvTQ,0,0,0,,212,133,2087,https://www.youtube.com/watch?v=BKidm7HEvTQ,224,864,613,3421,https://www.twitch.tv/videos/2755722480
4d98ebdc4eb8448da8d2ab8f64df8383,1360,1491,1491,974,1491,https://www.youtube.com/watch?v=G6bCefPw-cY,0,0,0,,1491,974,1491,https://www.youtube.com/watch?v=G6bCefPw-cY,155,0,0,0,
6861903583ee45d191ddc03faf6cd0d8,1360,21393,0,0,0,,0,0,0,,0,0,0,,1296,88,72,125,https://www.twitch.tv/videos/2747890558
7327248ff3f04589bca9e61665448ae8,1360,47326,0,0,0,,0,0,0,,0,0,0,,312,0,0,0,
6f68d3f50edf4814b59a4a018090b180,1360,29582,90,31,120,https://www.youtube.com/watch?v=pZA_gCA4ASg,90,31,120,https://www.youtube.com/watch?v=pZA_gCA4ASg,0,0,0,,0,0,0,0,
25b1a8ceab1d439491fb4e98013cd0fc,1350,21967,0,0,0,,0,0,0,,0,0,0,,582,352,76,638,https://www.twitch.tv/videos/2738930048
a974047cb6bb412da7fca2ec9d91d882,1350,62408,140,61,6149,https://www.youtube.com/watch?v=aae1cPnMm1o,98,50,140,https://www.youtube.com/watch?v=6xi8ruJZIE8,6149,2610,6149,https://www.youtube.com/watch?v=aae1cPnMm1o,214,176,157,248,https://www.twitch.tv/videos/2754235749
61e81c6f534247b486b8125bd34fa960,1350,67378,0,0,0,,0,0,0,,0,0,0,,20178,1530,571,4456,https://www.twitch.tv/videos/2744510572
18d1c00e0bde4ddbb8be5eafe0967dfe,1350,76219,0,0,0,,0,0,0,,0,0,0,,0,0,0,0,
e3157ce546a640029cfcccb9107f8154,1350,78374,3,0,8,https://www.youtube.com/watch?v=w9BbqPQk15k,0,0,0,,3,0,8,https://www.youtube.com/watch?v=w9BbqPQk15k,0,0,0,0,
5903a0f7274043058d817894a9b39e75,1340,31225,7,3,14,https://www.youtube.com/watch?v=t7G1Ik24vi4,0,0,0,,7,3,14,https://www.youtube.com/watch?v=t7G1Ik24vi4,0,0,0,0,
6ff6adcddc934a3b94e45448e1912539,1330,203376,0,0,0,,0,0,0,,0,0,0,,1878,0,0,0,
e15cd068f6fd4a05be985c22133f5428,1330,92312,257,71,259,https://www.youtube.com/watch?v=0Qk_kyT7cd4,257,71,259,https://www.youtube.com/watch?v=0Qk_kyT7cd4,0,0,0,,0,0,0,0,
87606e72f653472f9eafb06e8f49c39c,1330,156214,1823,1495,1823,https://www.youtube.com/watch?v=J5Pr7Bz9Ydg,0,0,0,,1823,1495,1823,https://www.youtube.com/watch?v=J5Pr7Bz9Ydg,0,0,0,0,
e36d8852a3ed4cb58eb4e863b93ccb4e,1330,364,0,0,0,,0,0,0,,0,0,0,,101,0,0,0,
4082168d753e42b7aca1d25e759d09a7,1330,47799,0,0,0,,0,0,0,,0,0,0,,652,0,0,0,
e2df9d4aea8b4cb4b8e38c31cbf73036,1320,50099,0,0,0,,0,0,0,,0,0,0,,0,0,0,0,
b572cb7de27446e3bcda5135f6a23d8a,1320,42035,83,37,1858,https://www.youtube.com/watch?v=_uO0pPPQqxQ,73,31,87,https://www.youtube.com/watch?v=f_YU7tbNr4k,1034,217,1858,https://www.youtube.com/watch?v=_uO0pPPQqxQ,0,0,0,0,
eec1f137ea78444185a4268f72f59611,1320,48611,0,0,0,,0,0,0,,0,0,0,,0,0,0,0,
f4eae5dde65b41969336f3f52c6df2d8,1320,111535,114,60,1469,https://www.youtube.com/watch?v=1S0hWLUfw5A,87,38,168,https://www.youtube.com/watch?v=0oAHA6Tc4IA,1421,740,1469,https://www.youtube.com/watch?v=1S0hWLUfw5A,187,0,0,0,
4267c862353e410388f1eaa5a5d85017,1320,35842,65,35,142,https://www.youtube.com/watch?v=bSS917MzzUo,65,35,142,https://www.youtube.com/watch?v=bSS917MzzUo,0,0,0,,0,0,0,0,
8968a24fb6bf4f08b1611e694c98eb40,1320,88728,46,21,1375,https://www.youtube.com/watch?v=qULNc-ajCKA,44,21,112,https://www.youtube.com/watch?v=g99sQEkjCOI,1375,686,1375,https://www.youtube.com/watch?v=qULNc-ajCKA,0,0,0,0,
9de536d111214c379ec6969a52d92442,1320,74021,46,4,48,https://www.youtube.com/watch?v=5HuGKdz079s,46,4,48,https://www.youtube.com/watch?v=5HuGKdz079s,0,0,0,,0,0,0,0,
e9a30300d33f4c2e9b1c3bd1d64148cc,1310,28270,0,0,0,,0,0,0,,0,0,0,,0,0,0,0,
773a7694afcf4666960b05a4faf1a1fa,1310,72431,111,26,126,https://www.youtube.com/watch?v=k9dW8W7p2MY,111,26,126,https://www.youtube.com/watch?v=k9dW8W7p2MY,0,0,0,,0,0,0,0,
506d9c6fdbd34c8aa5fda64d90d96ac2,1310,97694,51,24,197,https://www.youtube.com/watch?v=dyeO05coGPo,51,24,197,https://www.youtube.com/watch?v=dyeO05coGPo,0,0,0,,0,0,0,0,
515f61904a1a45688ea0d7bc1e7d499e,1310,307432,919,398,1506,https://www.youtube.com/watch?v=R3-E3sGMBVw,0,0,0,,919,398,1506,https://www.youtube.com/watch?v=R3-E3sGMBVw,6,0,0,0,
1e06211caf4f4afa98125699a4c66b5d,1310,0,0,0,0,,0,0,0,,0,0,0,,0,0,0,0,
521efecabae94dd6b1d21bc5e8543fcb,1310,68260,108,0,108,https://www.youtube.com/watch?v=8DV2rJOY_ok,108,0,108,https://www.youtube.com/watch?v=8DV2rJOY_ok,0,0,0,,375,0,0,0,
22a83c82e1914eb68b12e76b4ccb277c,1300,47037,62,29,1673,https://www.youtube.com/watch?v=-DLouEd0Ukg,57,29,94,https://www.youtube.com/watch?v=9RN7PkFbVBk,1425,696,1673,https://www.youtube.com/watch?v=-DLouEd0Ukg,0,0,0,0,
ffe6a7983e434702a68fe18c169e3164,1300,52601,71,22,175,https://www.youtube.com/watch?v=X5C5bCrNNHY,71,31,175,https://www.youtube.com/watch?v=X5C5bCrNNHY,18,8,18,https://www.youtube.com/watch?v=4hoMvhkZE0w,398,11,9,16,https://www.twitch.tv/videos/2751916304
cd9733cb91b6400aae0bc23e3f25d7eb,1300,36228,0,0,0,,0,0,0,,0,0,0,,0,0,0,0,
f479e1403f614727a5f2a2be339bad74,1290,21299,0,0,0,,0,0,0,,0,0,0,,3583,703,81,703,https://www.twitch.tv/videos/2736279456
0c3b5ae85d2940b8b73a92d72dc0d313,1290,77702,71,29,1421,https://www.youtube.com/watch?v=WlBq_P1abTA,72,31,93,https://www.youtube.com/watch?v=Z3Y12QRqQrc,23,9,1421,https://www.youtube.com/watch?v=WlBq_P1abTA,473,71,66,76,https://www.twitch.tv/videos/2756664756
a5e5533ac342488a94003dc77869ddf9,1290,65414,62,21,102,https://www.youtube.com/watch?v=QoZLlbAelag,62,23,102,https://www.youtube.com/watch?v=QoZLlbAelag,30,7,30,https://www.youtube.com/watch?v=Ew81gC0GZac,0,0,0,0,
849624dcb99b4abf814b0b748669b6ff,1290,5933,212,22,431,https://www.youtube.com/watch?v=ulh0v43M4L0,212,22,431,https://www.youtube.com/watch?v=ulh0v43M4L0,0,0,0,,0,0,0,0,
355d53b23acb4f4697b858ca06b25fb7,1280,400617,27,7,50,https://www.youtube.com/watch?v=o6AWvcABI98,27,7,50,https://www.youtube.com/watch?v=o6AWvcABI98,0,0,0,,0,0,0,0,
2efe1ad069184a7e94b0583b452ffac4,1280,122368,0,0,0,,0,0,0,,0,0,0,,0,0,0,0,
8fbd23f4e2ad442bb230aea8f433cd49,1280,118920,55,30,3199,https://www.youtube.com/watch?v=oAejAbxRF2I,43,22,86,https://www.youtube.com/watch?v=vGIFbS1RzXI,1291,483,3199,https://www.youtube.com/watch?v=oAejAbxRF2I,99,15,13,17,https://www.twitch.tv/videos/2752706203
787da9082edb4e9e9024a52cb12449e8,1280,31878,174,86,462,https://www.youtube.com/watch?v=SPkuyoNxA1Q,174,86,462,https://www.youtube.com/watch?v=SPkuyoNxA1Q,0,0,0,,0,0,0,0,
6ab090baa4624f1c8fca28312799e826,1280,42899,0,0,0,,0,0,0,,0,0,0,,776,82,55,97,https://www.twitch.tv/videos/2750250842
30a4362c1143491ea0ed5383c4882251,1280,69680,161,80,293,https://www.youtube.com/watch?v=1vZuD25NwT4,161,80,293,https://www.youtube.com/watch?v=1vZuD25NwT4,0,0,0,,0,0,0,0,
bb28421da8a749ffb1ca8582b6278c24,1280,50586,47,19,188,https://www.youtube.com/watch?v=1tk4-n4880M,0,0,0,,47,19,188,https://www.youtube.com/watch?v=1tk4-n4880M,683,204,143,354,https://www.twitch.tv/videos/2749429416
74f214b764314c5aa446eb9981c94935,1270,41956,0,0,0,,0,0,0,,0,0,0,,0,0,0,0,
e5433e4a21eb49e2bcd508e3b12fba6d,1270,10581,0,0,0,,0,0,0,,0,0,0,,187,22,13,22,https://www.twitch.tv/videos/2748630674
403697f0f5ba49ef873673236c07e2d3,1270,74429,61,28,2283,https://www.youtube.com/watch?v=9z8InzyLfEQ,60,19,136,https://www.youtube.com/watch?v=P4qvVOaQmiY,2283,414,2283,https://www.youtube.com/watch?v=9z8InzyLfEQ,136,44,27,126,https://www.twitch.tv/videos/2753551836
9cd7391045604ccda8be89f7946233e2,1270,1781,0,0,0,,0,0,0,,0,0,0,,81,41,38,98,https://www.twitch.tv/videos/2746209969
e6794eac6ea541c5a9e5570a041ac3b9,1260,41560,0,0,0,,0,0,0,,0,0,0,,1217,0,0,0,
de49994d9fd14067bf9ea5b4fbac7229,1260,32689,267,79,399,https://www.youtube.com/watch?v=0qNkkAwfcQw,267,79,399,https://www.youtube.com/watch?v=0qNkkAwfcQw,0,0,0,,419,0,0,0,
3daee44c0bab401386813cff327a10a2,1260,126275,202,109,2874,https://www.youtube.com/watch?v=72GvOPbYNwg,174,54,733,https://www.youtube.com/watch?v=EFQxuD1A8qc,1204,199,2874,https://www.youtube.com/watch?v=72GvOPbYNwg,0,0,0,0,
948d1078ceaf4b39b3bef86fdab85482,1250,13476,0,0,0,,0,0,0,,0,0,0,,0,0,0,0,
afe78c5051094e86bf9fdfe6cb2a4222,1250,58385,0,0,0,,0,0,0,,0,0,0,,0,0,0,0,
5d73e7f013034d06b58decaf4b2b385c,1250,27870,0,0,0,,0,0,0,,0,0,0,,0,0,0,0,
9133438057714eb196366f5ecbed6a4a,1250,384292,1034,477,6349,https://www.youtube.com/watch?v=cRcF0HfW9fY,0,0,0,,1034,477,6349,https://www.youtube.com/watch?v=cRcF0HfW9fY,0,0,0,0,
7f7e1579979c49249dc65783d457e890,1240,33359,47,5,47,https://www.youtube.com/watch?v=JydX3lKt49g,47,5,47,https://www.youtube.com/watch?v=JydX3lKt49g,0,0,0,,440,0,0,0,
648d77b2067849838a8ad3fdc0afb85a,1240,5682,0,0,0,,0,0,0,,0,0,0,,1399,288,194,569,https://www.twitch.tv/videos/2755663877
c2012638512742e2801d0ced54f61711,1230,60227,0,0,0,,0,0,0,,0,0,0,,0,0,0,0,
d4b4a16e0ccc4bb49ff82c8584e6ed79,1230,42668,0,0,0,,0,0,0,,0,0,0,,0,0,0,0,
6df15d678de844d1a7f08226c02d6183,1230,8546,0,0,0,,0,0,0,,0,0,0,,0,0,0,0,
aa72818fdcaf460b9b3f90e92d702e57,1230,25125,1790,1613,2712,https://www.youtube.com/watch?v=qKy8ONLHrC8,0,0,0,,1790,1613,2712,https://www.youtube.com/watch?v=qKy8ONLHrC8,7136,4769,2454,9045,https://www.twitch.tv/videos/2747873193
a45c0a929a504afa9afee5c56bc9b959,1230,42421,196,90,3082,https://www.youtube.com/watch?v=mXn6i39vzxc,171,82,474,https://www.youtube.com/watch?v=OIf5GZhbWPA,2068,722,3082,https://www.youtube.com/watch?v=mXn6i39vzxc,0,0,0,0,
7a9b7ab0d5bd411195d77800ff778a90,1230,249529,294,156,130971,https://www.youtube.com/watch?v=qy1D5TcxB9M,0,0,0,,294,156,130971,https://www.youtube.com/watch?v=qy1D5TcxB9M,66,0,0,0,
e290f49c193149708cd72747639d5ced,1230,70513,214,55,585,https://www.youtube.com/watch?v=Gl9LiebYQMw,214,55,585,https://www.youtube.com/watch?v=Gl9LiebYQMw,0,0,0,,0,0,0,0,
a8b244b0fb1f42f8b4bb3d3c2277de3b,1220,115789,0,0,0,,0,0,0,,0,0,0,,4597,528,200,1545,https://www.twitch.tv/videos/2747677440
be56f6cf87ab4da7b132b9d62c74bc2e,1220,37539,0,0,0,,0,0,0,,0,0,0,,0,0,0,0,
9b424d3a99ef4fc3b17bc7fef92fefd3,1220,79215,32,12,2996,https://www.youtube.com/watch?v=LADm6BycZFg,18,8,53,https://www.youtube.com/watch?v=mPd8TgwUGVc,1588,266,2996,https://www.youtube.com/watch?v=LADm6BycZFg,379,0,0,0,
0b8d1c0fa1b14df6821e85def645425e,1220,98339,94,26,250,https://www.youtube.com/watch?v=4Xyx7qtb3Ig,92,26,118,https://www.youtube.com/watch?v=DB3DboY8vcc,250,185,250,https://www.youtube.com/watch?v=4Xyx7qtb3Ig,165,0,0,0,
2f966e51210f49ba9dce2ac90e3ada18,1220,21586,0,0,0,,0,0,0,,0,0,0,,865,0,0,0,
d3e4f9bdbb6c42fc97b60148cefdb6e0,1220,32555,0,0,0,,0,0,0,,0,0,0,,5488,2774,1152,5054,https://www.twitch.tv/videos/2750309150
21c774c9133043baaf8d283705cd9093,1220,32750,225,117,1021,https://www.youtube.com/watch?v=5V1OvcMnfuM,211,96,535,https://www.youtube.com/watch?v=Fl343r58Evw,521,313,1021,https://www.youtube.com/watch?v=5V1OvcMnfuM,0,0,0,0,
d4bea738b4d548b788ddb590b62cc2bd,1220,140286,202,60,1643,https://www.youtube.com/watch?v=4sSukNsQg4o,71,26,906,https://www.youtube.com/watch?v=2S06S3OHE3Y,1603,245,1643,https://www.youtube.com/watch?v=4sSukNsQg4o,0,0,0,0,
b80c21b76e7849f0a0fa94194fe2ad4b,1210,19895,0,0,0,,0,0,0,,0,0,0,,1134,0,0,0,
0f74555e05794780adc4eb0b9096f727,1210,15092,51,25,98,https://www.youtube.com/watch?v=yMULOG5DCTY,51,25,98,https://www.youtube.com/watch?v=yMULOG5DCTY,0,0,0,,110,0,0,0,
d23dbc9d1db64c42821697d1bac8fb66,1210,104598,447,106,2972,https://www.youtube.com/watch?v=q4w5zP7RxWc,121,76,188,https://www.youtube.com/watch?v=7mZc21MlzDM,1267,600,2972,https://www.youtube.com/watch?v=q4w5zP7RxWc,0,0,0,0,
a4d4a2a3d7b648be9aa4d652ae592a4b,1210,101394,1644,425,4012,https://www.youtube.com/watch?v=UAVd7Mw9Yq4,4012,62,4012,https://www.youtube.com/watch?v=UAVd7Mw9Yq4,1580,462,2539,https://www.youtube.com/watch?v=w3ou-2PYF28,116,0,0,0,
af34d62a8f4e4ca180c11f11c2832893,1210,39648,0,0,0,,0,0,0,,0,0,0,,0,0,0,0,
3430389926a942cbacde9b444b3a6653,1210,50827,0,0,0,,0,0,0,,0,0,0,,1034,0,0,0,
82d5f7612b7645f3a77dd954a0e30b24,1200,34097,0,0,0,,0,0,0,,0,0,0,,0,0,0,0,
03c9d83a4c534b65a5743b381eb2ce33,1200,35930,32,25,35,https://www.youtube.com/watch?v=bevU7ZUwMaE,32,25,35,https://www.youtube.com/watch?v=bevU7ZUwMaE,0,0,0,,691,0,0,0,
8a68997a04594f3495ff2cb00a7da6d8,1200,79953,708,36,708,https://www.youtube.com/watch?v=jYq-l9d6SWg,0,0,0,,708,36,708,https://www.youtube.com/watch?v=jYq-l9d6SWg,1934,1139,1007,2017,https://www.twitch.tv/videos/2756489809
4071b27c63424e1f9882ebe04a884586,1200,43641,2032,1589,2032,https://www.youtube.com/watch?v=K1RXSwTb-ok,0,0,0,,2032,1589,2032,https://www.youtube.com/watch?v=K1RXSwTb-ok,5884,1413,676,1607,https://www.twitch.tv/videos/2738508135
ccf93d7646f249dfa3454f5a60f466c8,1200,42304,0,0,0,,0,0,0,,0,0,0,,117,0,0,0,
c587658ad4fe44b09137591c094ab297,1200,114466,154,71,485,https://www.youtube.com/watch?v=MpOptILZib8,154,66,372,https://www.youtube.com/watch?v=IkTYMxUIqN8,485,75,485,https://www.youtube.com/watch?v=MpOptILZib8,32,0,0,0,
7b46621c7baf437da117a6c10c856292,1190,20561,73,36,116,https://www.youtube.com/watch?v=yLMcjHKYAHE,73,36,116,https://www.youtube.com/watch?v=yLMcjHKYAHE,0,0,0,,0,0,0,0,
0446516df6074a4ba8a0f3639b17de46,1190,58137,1569,1131,1569,https://www.youtube.com/watch?v=0qDkc7Q9jS0,0,0,0,,1569,1131,1569,https://www.youtube.com/watch?v=0qDkc7Q9jS0,0,0,0,0,
921b0b3a8dd64a5494720801af95ba06,1190,79862,42,14,1319,https://www.youtube.com/watch?v=wtAbsTOgwYI,41,13,74,https://www.youtube.com/watch?v=lb2BOtFaIk0,1319,20,1319,https://www.youtube.com/watch?v=wtAbsTOgwYI,0,0,0,0,
f2ca2659644f4d02abc851e7bee3255b,1180,16341,0,0,0,,0,0,0,,0,0,0,,2113,669,424,860,https://www.twitch.tv/videos/2750755757
6e845fd52d044ab598cc4ca35ba91f88,1180,7760,0,0,0,,0,0,0,,0,0,0,,0,0,0,0,
3b9a06751f3c415993d424480d4d5060,1180,138960,62,30,69,https://www.youtube.com/watch?v=FqrBnponsF4,62,30,69,https://www.youtube.com/watch?v=FqrBnponsF4,0,0,0,,0,0,0,0,
9cdf183fa1ee43c2906cca70884a6278,1180,24489,0,0,0,,0,0,0,,0,0,0,,0,0,0,0,
74c75f221fbb4cffa67de26881bae17d,1170,81185,0,0,0,,0,0,0,,0,0,0,,0,0,0,0,
870430bfaf9942f487819fcb4630fabb,1170,696,362,95,362,https://www.youtube.com/watch?v=gVt5z4dCu3s,362,95,362,https://www.youtube.com/watch?v=gVt5z4dCu3s,0,0,0,,1241,232,216,1313,https://www.twitch.tv/videos/2746482821
fe555b322c784b5b9c2297c585bc9352,1170,37410,89,67,89,https://www.youtube.com/watch?v=vJp8vDa5tIY,89,67,89,https://www.youtube.com/watch?v=vJp8vDa5tIY,0,0,0,,0,0,0,0,
07c204505d544b28bb52426d0665a59c,1170,54821,198,102,2179,https://www.youtube.com/watch?v=NHLKU01Xu9s,198,104,597,https://www.youtube.com/watch?v=ZTxn1gY79SQ,168,60,2179,https://www.youtube.com/watch?v=NHLKU01Xu9s,0,0,0,0,
ac5176c53ad7447b8d63f82f65ba7200,1170,56406,0,0,0,,0,0,0,,0,0,0,,2557,0,0,0,
507d48eff3d44b6cba7b707e321e01e7,1160,62304,0,0,0,,0,0,0,,0,0,0,,630,0,0,0,
20bfe5495db6453eaadbc55322c856f9,1160,38628,0,0,0,,0,0,0,,0,0,0,,0,0,0,0,
99e9616a2f73426d8c0a672dd20d9ad3,1160,219391,62,17,62,https://www.youtube.com/watch?v=t16wRq1J6gk,62,17,62,https://www.youtube.com/watch?v=t16wRq1J6gk,0,0,0,,62,0,0,0,
4c4ebb91c8a346b2876d1ccd1a32dead,1160,58260,81,32,231,https://www.youtube.com/watch?v=9eB5VT-sKEo,77,33,231,https://www.youtube.com/watch?v=9eB5VT-sKEo,130,20,130,https://www.youtube.com/watch?v=A0fbScqun6A,438,22,13,22,https://www.twitch.tv/videos/2748648283
d4c077fa180a460cabadc4e2838d1855,1150,58795,0,0,0,,0,0,0,,0,0,0,,0,0,0,0,
492582e14bd0480eb5c847e6240f020b,1150,74962,53,31,557,https://www.youtube.com/watch?v=DYH3qzysoQI,57,37,557,https://www.youtube.com/watch?v=DYH3qzysoQI,38,9,38,https://www.youtube.com/watch?v=UzIUIkoly14,0,0,0,0,
f227226fd52e4fbe801b4c89acfe4887,1150,33598,65,27,99,https://www.youtube.com/watch?v=15C8EFZT5nU,65,27,99,https://www.youtube.com/watch?v=15C8EFZT5nU,0,0,0,,618,0,0,0,
7e1072448d24495f8cac5163c0290989,1150,37910,57,22,57,https://www.youtube.com/watch?v=xEvSRFuwg2g,57,22,57,https://www.youtube.com/watch?v=xEvSRFuwg2g,0,0,0,,200,0,0,0,
90405cb21f7743639684632f6bc57a46,1150,6637,0,0,0,,0,0,0,,0,0,0,,0,0,0,0,
01871d8239314affaf7032899ce6502f,1150,295177,0,0,0,,0,0,0,,0,0,0,,0,0,0,0,
956591dc2e40411688b8f8e3079bc5e3,1140,119027,272,60,497,https://www.youtube.com/watch?v=lpZDhKD7qlI,272,60,497,https://www.youtube.com/watch?v=lpZDhKD7qlI,0,0,0,,0,0,0,0,
c964cb46cc9d411aaca372f9e459d2dc,1140,53615,0,0,0,,0,0,0,,0,0,0,,237,0,0,0,
d7e9a44c2bbe439b9f062d64dc1b96f3,1140,67146,82,48,151,https://www.youtube.com/watch?v=ZZDxL-qUGO0,82,48,151,https://www.youtube.com/watch?v=ZZDxL-qUGO0,0,0,0,,121,0,0,0,
1f378a6e115046ffa1a17f9079285d4a,1140,34346,69,29,107,https://www.youtube.com/watch?v=3Fqver50pWQ,69,29,107,https://www.youtube.com/watch?v=3Fqver50pWQ,0,0,0,,87,0,0,0,
4e7110080135486ba1d83d3e5cdbf0ca,1140,14893,0,0,0,,0,0,0,,0,0,0,,429,0,0,0,
aab094af87d74f3cbcb332bdac03fa23,1140,23655,0,0,0,,0,0,0,,0,0,0,,0,0,0,0,
c15d8ca6249341d88086f2a9a2359812,1130,253169,1442,879,128493,https://www.youtube.com/watch?v=277Ij74qu2g,0,0,0,,1442,879,128493,https://www.youtube.com/watch?v=277Ij74qu2g,0,0,0,0,
3d33f15ad27c406abfd68d6c16e0b53d,1130,68221,0,0,0,,0,0,0,,0,0,0,,0,0,0,0,
0b0668c6206c4500bdcbc281ee58680c,1130,39405,44,34,87,https://www.youtube.com/watch?v=XXDUReDnoeo,44,34,87,https://www.youtube.com/watch?v=XXDUReDnoeo,0,0,0,,2918,346,181,346,https://www.twitch.tv/videos/2746361490
5f9ded46df28474bbd1470d761700f30,1130,653511,0,0,0,,0,0,0,,0,0,0,,834,0,0,0,
853afd5eb42e4f61bb0f9478aa8c1661,1130,0,0,0,0,,0,0,0,,0,0,0,,0,0,0,0,
902740b39aed4b3cb381701c96a73f3a,1130,53332,95,31,392,https://www.youtube.com/watch?v=J1tYAxCRuks,97,32,392,https://www.youtube.com/watch?v=J1tYAxCRuks,41,8,41,https://www.youtube.com/watch?v=1F-hOT1UHxY,217,20,16,96,https://www.twitch.tv/videos/2750052380
15bc73fc2acf4a7695bab31fdea450f0,1130,39404,67,13,67,https://www.youtube.com/watch?v=NwafhF7P-1A,67,13,67,https://www.youtube.com/watch?v=NwafhF7P-1A,0,0,0,,0,0,0,0,
01fc7842da284adaad67d3774a4b2a6c,1130,17725,59,35,66,https://www.youtube.com/watch?v=fgVbpMQfGEM,59,35,66,https://www.youtube.com/watch?v=fgVbpMQfGEM,0,0,0,,0,0,0,0,
4bdf9ee9f53f4785b37a9d9dbd2a0da8,1130,64932,11,4,61,https://www.youtube.com/watch?v=AuKPcZjOJ-s,0,0,0,,11,4,61,https://www.youtube.com/watch?v=AuKPcZjOJ-s,0,0,0,0,
a5c12a1268af408c9a3ed6adbb72c53c,1130,69728,72,16,72,https://www.youtube.com/watch?v=R3k_q9EIchU,0,0,0,,72,16,72,https://www.youtube.com/watch?v=R3k_q9EIchU,0,0,0,0,
f97745a8003c480fa728cf34d61afc6c,1130,66744,925,426,1619,https://www.youtube.com/watch?v=BMtf6z4C6wg,0,0,0,,925,426,1619,https://www.youtube.com/watch?v=BMtf6z4C6wg,0,0,0,0,
fff74fa431cd4468b177675010504ee1,1130,17126,222,77,222,https://www.youtube.com/watch?v=aNXud_i2WRQ,0,0,0,,222,77,222,https://www.youtube.com/watch?v=aNXud_i2WRQ,373,37,31,77,https://www.twitch.tv/videos/2750210081
99f95450781349058c1c4098d6fe9f41,1120,72878,0,0,0,,0,0,0,,0,0,0,,0,0,0,0,
702c28baa35c4b7588ad4fa70ddc2304,1120,30812,2522,1758,10275,https://www.youtube.com/watch?v=9sYJkRb4XH4,0,0,0,,2522,1758,10275,https://www.youtube.com/watch?v=9sYJkRb4XH4,0,0,0,0,
5226367de740445789ec9b65a84d65c5,1120,178433,46,26,389,https://www.youtube.com/watch?v=nim3JeNCNrw,33,14,47,https://www.youtube.com/watch?v=UILnNQepCj8,361,215,389,https://www.youtube.com/watch?v=nim3JeNCNrw,279,0,0,0,
b0b9e352f71d4a03ace9972ddec4ec56,1120,41456,74,30,74,https://www.youtube.com/watch?v=N4CkT8JRLLA,74,30,74,https://www.youtube.com/watch?v=N4CkT8JRLLA,0,0,0,,0,0,0,0,
12f8dc82bc0d4f89bfbd7ede76ab1faf,1110,23406,1799,1231,7479,https://www.youtube.com/watch?v=yNcANpcr-6U,282,273,282,https://www.youtube.com/watch?v=D29IKPYIJjA,2075,1619,7479,https://www.youtube.com/watch?v=yNcANpcr-6U,0,0,0,0,
49f14b84269f458099232c2a21b2ba74,1110,31845,0,0,0,,0,0,0,,0,0,0,,0,0,0,0,
c2b9638d8dd54888a91caa8a67366907,1110,20573,0,0,0,,0,0,0,,0,0,0,,2564,179,111,612,https://www.twitch.tv/videos/2757397201
46a8009adbca4aa083af580b50b69306,1110,24444,18,12,27,https://www.youtube.com/watch?v=ZLPI4XWjdm0,18,12,27,https://www.youtube.com/watch?v=ZLPI4XWjdm0,0,0,0,,495,12,8,15,https://www.twitch.tv/videos/2751778608
381bb87f90794f2a909775a87c192dc5,1110,108819,0,0,0,,0,0,0,,0,0,0,,10442,341,134,38935,https://www.twitch.tv/videos/2739743365
5d02c4219e484617979165267cbd8d7f,1100,7419,0,0,0,,0,0,0,,0,0,0,,8,0,0,0,
d475848a566848dc9f6ad02707d87e2a,1100,140042,78,42,178,https://www.youtube.com/watch?v=t2kTURmdiVQ,76,40,178,https://www.youtube.com/watch?v=t2kTURmdiVQ,83,53,83,https://www.youtube.com/watch?v=WOHx0xTPpus,0,0,0,0,
62080edda26345efbf8bc2bab0ab4136,1100,31105,0,0,0,,0,0,0,,0,0,0,,0,0,0,0,
b4b4fcedc8264cb5b90584935aebf110,1100,41866,173,59,267,https://www.youtube.com/watch?v=JcbwHIqI_3I,173,59,267,https://www.youtube.com/watch?v=JcbwHIqI_3I,0,0,0,,262,0,0,0,
3410ce8f1b78487f8025485a6c09b1b8,1100,34008,0,0,0,,0,0,0,,0,0,0,,0,0,0,0,
6abc6d7010ed4b7a88b2566b171c9005,1100,31095,95,51,423,https://www.youtube.com/watch?v=xtwvqpKypVs,95,51,423,https://www.youtube.com/watch?v=xtwvqpKypVs,0,0,0,,0,0,0,0,
869d9d9067b64dd78418cc258cb6607b,1100,69390,113,55,615,https://www.youtube.com/watch?v=UBItF7MeFEA,120,58,615,https://www.youtube.com/watch?v=UBItF7MeFEA,70,11,70,https://www.youtube.com/watch?v=FCiQ7YxC86w,873,304,218,393,https://www.twitch.tv/videos/2755021021
43acb25e255340d09b50283f0308d1ff,1100,523778,36,23,47,https://www.youtube.com/watch?v=nzjfnGPRmPg,36,23,47,https://www.youtube.com/watch?v=nzjfnGPRmPg,0,0,0,,0,0,0,0,
66d986eaa59347b0b18c5ed103cb173e,1100,54797,77,49,225,https://www.youtube.com/watch?v=dhrqDgiIVwc,77,49,225,https://www.youtube.com/watch?v=dhrqDgiIVwc,0,0,0,,0,0,0,0,
9bf758b113b048bc9331f244b619e4b2,1100,80881,250,155,1920,https://www.youtube.com/watch?v=hq1SQnx54K0,39,11,71,https://www.youtube.com/watch?v=DBVi55Aj6co,371,224,1920,https://www.youtube.com/watch?v=hq1SQnx54K0,271,0,0,0,
ec9a791b8152478b95858b199b866ef9,1100,44603,0,0,0,,0,0,0,,0,0,0,,380,0,0,0,
e212d468e3e64ad5b8f22f61bc4e06f7,1100,34145,0,0,0,,0,0,0,,0,0,0,,0,0,0,0,
971c91b32e9b4e1abfdafe711cb9e440,1100,49357,0,0,0,,0,0,0,,0,0,0,,0,0,0,0,
4b9b64309ea0491bbde3b86b6c34bdd0,1090,70188,150,56,162,https://www.youtube.com/watch?v=FVSIYLS5ktE,150,56,162,https://www.youtube.com/watch?v=FVSIYLS5ktE,0,0,0,,0,0,0,0,
fb7ced3cc6c247928ce1bb3b2715d98c,1090,335349,0,0,0,,0,0,0,,0,0,0,,0,0,0,0,
7aca9b05fe654223a3702531383002a8,1090,7264,0,0,0,,0,0,0,,0,0,0,,2852,331,255,847,https://www.twitch.tv/videos/2753076171
8489d002b1704612bd0dd23f9a14ed51,1090,55542,54,13,78,https://www.youtube.com/watch?v=FCfAMBL56YA,54,13,78,https://www.youtube.com/watch?v=FCfAMBL56YA,0,0,0,,175,0,0,0,
a1ef171711404951a987f4c9bc5e64f0,1090,79604,165,81,1288,https://www.youtube.com/watch?v=9_6FI88IgeQ,93,71,165,https://www.youtube.com/watch?v=UOMyKORRMXQ,1136,849,1288,https://www.youtube.com/watch?v=9_6FI88IgeQ,0,0,0,0,
70af0f70b6284690a524eb87aaa1d296,1090,71828,0,0,0,,0,0,0,,0,0,0,,4816,4986,1715,9141,https://www.twitch.tv/videos/2737944917
238b751368474f798a737e7cf1f4a87b,1090,45727,31,9,71,https://www.youtube.com/watch?v=hT9KJqy8sK0,31,9,71,https://www.youtube.com/watch?v=hT9KJqy8sK0,0,0,0,,2088,111,64,116,https://www.twitch.tv/videos/2747026459
46388caf23e34f09b145fff0fa25b897,1090,33077,0,0,0,,0,0,0,,0,0,0,,886,281,210,468,https://www.twitch.tv/videos/2752690546
ffaf6da580a44e11bba9715e3c854958,1090,60951,60,25,172,https://www.youtube.com/watch?v=YofgP_-TMm4,60,25,172,https://www.youtube.com/watch?v=YofgP_-TMm4,0,0,0,,196,0,0,0,
aa1bb853e814428eb663082b28309309,1090,33286,98,55,752,https://www.youtube.com/watch?v=2TeB8YYjWfE,93,52,185,https://www.youtube.com/watch?v=XVyK4Wc0wns,572,166,752,https://www.youtube.com/watch?v=2TeB8YYjWfE,0,0,0,0,
fa83a68ebfff419983124d69373ede6f,1090,190262,804,430,2027,https://www.youtube.com/watch?v=LaXS1E7TlRw,127,103,154,https://www.youtube.com/watch?v=3vHDREcvztg,1167,629,2027,https://www.youtube.com/watch?v=LaXS1E7TlRw,2017,235,174,623,https://www.twitch.tv/videos/2746961059
8d67810b612540a0ad928179c1f9a4ee,1090,18582,0,0,0,,0,0,0,,0,0,0,,481,193,159,368,https://www.twitch.tv/videos/2756790122
26eba1f0fabf425aa5769e01e855ea28,1080,100726,69,9,69,https://www.youtube.com/watch?v=SsD-6NdBOSw,69,9,69,https://www.youtube.com/watch?v=SsD-6NdBOSw,0,0,0,,0,0,0,0,
d6d4ed41815a4603a028d321d9d14a56,1080,8867,89,48,1552,https://www.youtube.com/watch?v=Wis5NHy2vd8,89,48,1552,https://www.youtube.com/watch?v=Wis5NHy2vd8,0,0,0,,10,0,0,0,
83ec4919298a4ad5984e3da31109a4c8,1080,29863,0,0,0,,0,0,0,,0,0,0,,10275,3454,2099,9255,https://www.twitch.tv/videos/2753510323
5f413dce55614542940c58900ef1c82c,1080,25628,0,0,0,,0,0,0,,0,0,0,,812,0,0,0,
0d7502e74c394a7f82a07c31fee877ff,1080,34528,0,0,0,,0,0,0,,0,0,0,,0,0,0,0,
0a9ce04e6eee4c6d8dde6eb5a0f56c20,1080,18583,0,0,0,,0,0,0,,0,0,0,,0,0,0,0,
278f93ad57b14f01a71f1e89598ee503,1080,10280,0,0,0,,0,0,0,,0,0,0,,0,0,0,0,
db86eecb7c7047a984098e23de131e29,1080,127550,108,35,267,https://www.youtube.com/watch?v=et7qy56oL_0,108,35,267,https://www.youtube.com/watch?v=et7qy56oL_0,0,0,0,,165,34,25,63,https://www.twitch.tv/videos/2752700146
5396c3113555413f8b8d722d44b413d3,1070,4375,78,5,78,https://www.youtube.com/watch?v=51a0g-cobcI,78,5,78,https://www.youtube.com/watch?v=51a0g-cobcI,0,0,0,,0,0,0,0,
a9396c8dd95e43b29c694b14afa07ac4,1070,25290,0,0,0,,0,0,0,,0,0,0,,3555,562,328,2411,https://www.twitch.tv/videos/2751121242
1eef7c0894a547a2bff186f6a735145a,1070,23982,78,43,94,https://www.youtube.com/watch?v=CNXklFo3mVE,78,43,94,https://www.youtube.com/watch?v=CNXklFo3mVE,0,0,0,,0,0,0,0,
3a963b6901c7467da3d9c8bd74df9da6,1070,50116,80,20,80,https://www.youtube.com/watch?v=weQJE_w6vqY,80,20,80,https://www.youtube.com/watch?v=weQJE_w6vqY,0,0,0,,0,0,0,0,
b5d3dfb81219492cb11a34291aab8cc8,1070,31912,0,0,0,,0,0,0,,0,0,0,,0,0,0,0,
85aa19ec73ce4db08ba1bf3d0f1807ce,1070,51945,85,2,85,https://www.youtube.com/watch?v=gGJK520lsbc,85,2,85,https://www.youtube.com/watch?v=gGJK520lsbc,0,0,0,,0,0,0,0,
683db9d9b58f4dd883966c82581a7b60,1060,40029,33,12,55,https://www.youtube.com/watch?v=9A6RDHdkBsU,33,12,55,https://www.youtube.com/watch?v=9A6RDHdkBsU,0,0,0,,0,0,0,0,
7754a4ea82814b7fbbecfcf459382001,1060,228858,0,0,0,,0,0,0,,0,0,0,,2421,101,70,818,https://www.twitch.tv/videos/2751891282
32a5b834b2bf4912bcd54ac00ae13285,1060,2955,0,0,0,,0,0,0,,0,0,0,,2476,1310,1020,1712,https://www.twitch.tv/videos/2746636151
e0535f2d38f04d26aca33772bccb33b8,1060,69741,0,0,0,,0,0,0,,0,0,0,,2427,454,209,712,https://www.twitch.tv/videos/2741319721
b9eb00549c554290a7dbc5cd05910239,1060,100144,70,37,77,https://www.youtube.com/watch?v=nusG57At6eA,70,37,77,https://www.youtube.com/watch?v=nusG57At6eA,0,0,0,,0,0,0,0,
fe70a0055df1453a82bea6582d3072fa,1060,45617,87,27,112,https://www.youtube.com/watch?v=0ljJPIQ4nCc,87,27,112,https://www.youtube.com/watch?v=0ljJPIQ4nCc,0,0,0,,0,0,0,0,
45baafce0f294208a063a496814b7986,1060,46775,68,29,98,https://www.youtube.com/watch?v=LCH2ziN6tmg,68,29,98,https://www.youtube.com/watch?v=LCH2ziN6tmg,0,0,0,,0,0,0,0,
8d8b1382b7154504819e1db08ecbe8ee,1060,21338,0,0,0,,0,0,0,,0,0,0,,0,0,0,0,
c6af4f23c6ce4adab5301d79b0bd343a,1050,160454,53,38,80,https://www.youtube.com/watch?v=tUr7SwWfCrc,53,38,80,https://www.youtube.com/watch?v=tUr7SwWfCrc,0,0,0,,3552,701,476,12335,https://www.twitch.tv/videos/2742003875
b4de9155a5f34284a41224c38e70c67e,1050,53797,0,0,0,,0,0,0,,0,0,0,,44,0,0,0,
f560e7811b454fe489044165c53dba83,1040,58756,38,19,84,https://www.youtube.com/watch?v=ru4yT8j55mI,38,19,84,https://www.youtube.com/watch?v=ru4yT8j55mI,0,0,0,,0,0,0,0,
4d4410bdde7d4107809dc6e1e2ce0e0e,1040,51623,67,25,630,https://www.youtube.com/watch?v=_3nIvV_k-ag,60,23,165,https://www.youtube.com/watch?v=cWGNmSfNWVQ,630,155,630,https://www.youtube.com/watch?v=_3nIvV_k-ag,0,0,0,0,
5a1eb09579134895adfa9516611bd925,1040,32515,20,4,35,https://www.youtube.com/watch?v=PYmxALnL_10,20,4,35,https://www.youtube.com/watch?v=PYmxALnL_10,0,0,0,,700,89,78,136,https://www.twitch.tv/videos/2748553621
4b214cdeac0649989f03f39e497816cf,1040,4489059,66,30,6178,https://www.youtube.com/watch?v=oFsT76dbCb8,45,20,136,https://www.youtube.com/watch?v=6IJx-PrJqYE,1016,536,6178,https://www.youtube.com/watch?v=oFsT76dbCb8,673,131,111,195,https://www.twitch.tv/videos/2751815149
01a20c96c500469fab898ebd03b0c019,1030,77189,126,121,139,https://www.youtube.com/watch?v=RHNPRXZQrEM,126,121,139,https://www.youtube.com/watch?v=RHNPRXZQrEM,0,0,0,,0,0,0,0,
ca8d038d311e4cccb2deded15cee89cd,1030,52481,89,31,346,https://www.youtube.com/watch?v=pQ1v0ZgAyOw,100,31,346,https://www.youtube.com/watch?v=pQ1v0ZgAyOw,26,24,47,https://www.youtube.com/watch?v=vSVqD419Ehw,111,0,0,0,
34e2da1086ea4670b7b3d1fec34d8403,1030,52495,313,225,542,https://www.youtube.com/watch?v=uZQLnxFla9I,85,65,85,https://www.youtube.com/watch?v=O9nWDLfqDcw,542,385,542,https://www.youtube.com/watch?v=uZQLnxFla9I,0,0,0,0,
c91c52df005e4a7c988704e474b54dbc,1030,103181,919,538,1537,https://www.youtube.com/watch?v=rlKabOoRR08,161,53,186,https://www.youtube.com/watch?v=1VJ4gMM5aRI,1121,791,1537,https://www.youtube.com/watch?v=rlKabOoRR08,0,0,0,0,
647a4992105c4f18b92239156e0064fb,1030,26044,0,0,0,,0,0,0,,0,0,0,,144,0,0,0,
3588ee10f67c4911b544e48223c57c7d,1030,22425,0,0,0,,0,0,0,,0,0,0,,0,0,0,0,
00a208caab334f6daf286ebb92cfd9da,1030,17996,31,29,31,https://www.youtube.com/watch?v=2mkvB28LIVc,31,29,31,https://www.youtube.com/watch?v=2mkvB28LIVc,0,0,0,,412,0,0,0,
483a76d7ad1d464aa290606959ddddec,1030,67667,97,36,203,https://www.youtube.com/watch?v=Rd4AFgvDHHs,105,38,203,https://www.youtube.com/watch?v=Rd4AFgvDHHs,49,8,49,https://www.youtube.com/watch?v=WcgUE1mMnaE,831,406,345,521,https://www.twitch.tv/videos/2756454199
d792696470b54bd4947a59b10759a636,1030,49278,105,34,148,https://www.youtube.com/watch?v=CA1SNVNlj_U,105,34,148,https://www.youtube.com/watch?v=CA1SNVNlj_U,0,0,0,,0,0,0,0,
7ca8ec94cb4640ccb27719cbfc8a8df0,1020,55996,97,8,110,https://www.youtube.com/watch?v=wOZ1u_Daykk,97,8,110,https://www.youtube.com/watch?v=wOZ1u_Daykk,0,0,0,,0,0,0,0,
800b7770ac1d4e4eb62318639ff71b7a,1020,69626,80,4,80,https://www.youtube.com/watch?v=A4e4xiMhPs4,0,0,0,,80,4,80,https://www.youtube.com/watch?v=A4e4xiMhPs4,0,0,0,0,
0d080db8809848e2ba918799b2f7885b,1020,54161,64,27,582,https://www.youtube.com/watch?v=oJh47ken84I,64,27,582,https://www.youtube.com/watch?v=oJh47ken84I,0,0,0,,0,0,0,0,
4ba065758aa94ce18cfe227cc37b1afe,1020,34071,1059,241,1593,https://www.youtube.com/watch?v=l9jqglVsJOg,0,0,0,,1059,241,1593,https://www.youtube.com/watch?v=l9jqglVsJOg,3418,298,186,892,https://www.twitch.tv/videos/2743728006
bdd0c04996154ef0be37c1f65b3b8866,1020,36855,0,0,0,,0,0,0,,0,0,0,,0,0,0,0,
51a882d77c24494d92605b5b75424603,1020,102761,207,65,769,https://www.youtube.com/watch?v=6h5zin-h8cM,181,64,740,https://www.youtube.com/watch?v=Zd_eDsBglZs,684,201,769,https://www.youtube.com/watch?v=6h5zin-h8cM,56,90,40,90,https://www.twitch.tv/videos/2744509536
b5b0001ea8594cd68567ef344ca0bb2e,1020,168134,53,51,109,https://www.youtube.com/watch?v=fE1TcfZ7k1I,53,51,109,https://www.youtube.com/watch?v=fE1TcfZ7k1I,0,0,0,,0,0,0,0,
684aeef535fb4dd2a483746cdaab5065,1020,71260,0,0,0,,0,0,0,,0,0,0,,178,0,0,0,
45d38ce14fb644c0890823d444a33276,1010,1981,0,0,0,,0,0,0,,0,0,0,,0,0,0,0,
f4ff6f40be3a4294ac1fe3e475421377,1010,79214,101,55,1678,https://www.youtube.com/watch?v=R6iUr4mDoFA,94,41,143,https://www.youtube.com/watch?v=ELMzLKIb4ec,1678,858,1678,https://www.youtube.com/watch?v=R6iUr4mDoFA,47,0,0,0,
e63fe9e27be44403b222fb0319c027b6,1010,31745,718,80,840,https://www.youtube.com/watch?v=zN9HcYpLUMU,106,58,106,https://www.youtube.com/watch?v=mlleM5dHuqI,780,103,840,https://www.youtube.com/watch?v=zN9HcYpLUMU,4425,777,306,148778,https://www.twitch.tv/videos/2757448611
302e5b74253e412faf131a3039933786,1010,75287,0,0,0,,0,0,0,,0,0,0,,0,0,0,0,
7df81b926eec4a998d5ffcd67b59ff5e,1000,33177,0,0,0,,0,0,0,,0,0,0,,0,0,0,0,
ee1be8631b3e4abdbcc12dbe96d5268f,1000,39823,0,0,0,,0,0,0,,0,0,0,,0,0,0,0,
c7344bac508b46f2a20c4bb6861f33ab,1000,13810,0,0,0,,0,0,0,,0,0,0,,0,0,0,0,
78d441a2d6584d078a6ce202238d36b9,1000,26317,0,0,0,,0,0,0,,0,0,0,,0,0,0,0,
e46d27918a77488ca5b4144eb1b978df,1000,60881,0,0,0,,0,0,0,,0,0,0,,0,0,0,0,
22a1949143784185ae001c31a717b5bc,995,83502,152,66,2025,https://www.youtube.com/watch?v=JVUxHXXkK5g,89,67,308,https://www.youtube.com/watch?v=kUFCz5GdBOI,190,65,2025,https://www.youtube.com/watch?v=JVUxHXXkK5g,0,0,0,0,
7a0eb6cbe5a94663888ef35a63ab3b5a,995,26695,0,0,0,,0,0,0,,0,0,0,,1398,211,157,242,https://www.twitch.tv/videos/2746148617
9b2edcfdc76748f59576b77524402804,993,60213,0,0,0,,0,0,0,,0,0,0,,0,0,0,0,
d23e5f9f3abf4b36b79c04f5265a8efc,992,55733,69,29,934,https://www.youtube.com/watch?v=hAkl1J34fU8,54,12,106,https://www.youtube.com/watch?v=GRytcYqCVHc,197,84,934,https://www.youtube.com/watch?v=hAkl1J34fU8,156,0,0,0,
838f883ea01f431f97bfe9dbf3064422,990,37076,0,0,0,,0,0,0,,0,0,0,,106,0,0,0,
a0f657e0538e4269af88094fa1c3dacb,986,22902,499,252,512,https://www.youtube.com/watch?v=CrelzArtzts,0,0,0,,499,252,512,https://www.youtube.com/watch?v=CrelzArtzts,0,0,0,0,
1e59cd43a10a44edb1407fb8ba8529a8,985,49620,112,47,184,https://www.youtube.com/watch?v=rx1w7l-MzKc,112,47,184,https://www.youtube.com/watch?v=rx1w7l-MzKc,0,0,0,,0,0,0,0,
62b7ee328a7b42b0a1da0ab3bc22d1db,983,157437,29,16,1318,https://www.youtube.com/watch?v=wTy71l8IQ7o,25,15,85,https://www.youtube.com/watch?v=j6lkvbCbe9k,1093,534,1318,https://www.youtube.com/watch?v=wTy71l8IQ7o,1179,62,52,215,https://www.twitch.tv/videos/2756646086
95694a64c0fe4b5c987344f1edcec826,981,48621,17,13,325,https://www.youtube.com/watch?v=ntUKhTSnA_E,18,14,68,https://www.youtube.com/watch?v=p1tFXyTzFRo,10,3,325,https://www.youtube.com/watch?v=ntUKhTSnA_E,1558,122,96,196,https://www.twitch.tv/videos/2746214510
e2049fd03bea4bf6bfee472e4674021c,981,149910,49,22,87,https://www.youtube.com/watch?v=-tiKIhIVYsI,49,22,87,https://www.youtube.com/watch?v=-tiKIhIVYsI,0,0,0,,75,2,1,5,https://www.twitch.tv/videos/2751934667
5de329cf8bc5410fb40ef38d117be94d,977,48201,96,48,2393,https://www.youtube.com/watch?v=P9KC5bZF3ec,64,33,150,https://www.youtube.com/watch?v=OiMDpHIzOvQ,1317,810,2393,https://www.youtube.com/watch?v=P9KC5bZF3ec,484,130,119,236,https://www.twitch.tv/videos/2752675119
566e5b6f438a4cacb3e4036eb9ffe9b8,976,62399,38,19,127,https://www.youtube.com/watch?v=e4H_73SanGQ,38,19,127,https://www.youtube.com/watch?v=e4H_73SanGQ,0,0,0,,0,0,0,0,
19f507cc460a426cb02013fb203bd0a7,969,34387,356,214,1491,https://www.youtube.com/watch?v=vY_Z9vM2ocg,354,197,951,https://www.youtube.com/watch?v=kpXUXzxp9FA,1491,321,1491,https://www.youtube.com/watch?v=vY_Z9vM2ocg,422,56,35,153,https://www.twitch.tv/videos/2756502110
c060912477dd414ea79d74adddfb4661,969,61945,13,7,77,https://www.youtube.com/watch?v=o9F1_Xgj7U8,22,20,77,https://www.youtube.com/watch?v=o9F1_Xgj7U8,5,2,8,https://www.youtube.com/watch?v=kfTmqp_ay6Q,0,0,0,0,
6c3a22611ac24eb19cec3bd7c78a8705,967,243609,96,49,189,https://www.youtube.com/watch?v=De6qNErzQMo,96,49,189,https://www.youtube.com/watch?v=De6qNErzQMo,0,0,0,,0,0,0,0,
302b50b5cf4844d58868013404b1ec3f,967,19057,66,26,135,https://www.youtube.com/watch?v=OPJfZhnZNmk,66,26,135,https://www.youtube.com/watch?v=OPJfZhnZNmk,0,0,0,,0,0,0,0,
b1ba066a7bc44c93a4ca264f2144f5bd,965,37051,40,18,111,https://www.youtube.com/watch?v=qGdJAeZ7qRk,42,21,111,https://www.youtube.com/watch?v=qGdJAeZ7qRk,19,6,28,https://www.youtube.com/watch?v=HZ9UMUnsx5c,1105,57,51,103,https://www.twitch.tv/videos/2749873082
bf195265fa5944d894dc53baf7143645,964,36928,0,0,0,,0,0,0,,0,0,0,,0,0,0,0,
bb56715066e548c297232372a16ab083,963,106096,78,34,1272,https://www.youtube.com/watch?v=hUT0DEeiB8M,0,0,0,,78,34,1272,https://www.youtube.com/watch?v=hUT0DEeiB8M,1906,0,0,0,
7003e3e3a24244ffb5ebfbbdc20c97f8,961,26393,56,7,64,https://www.youtube.com/watch?v=nro9xmWXRiM,56,7,64,https://www.youtube.com/watch?v=nro9xmWXRiM,0,0,0,,0,0,0,0,
179eb3fd3fb34ffe93859dd945b1b3a6,959,4393,0,0,0,,0,0,0,,0,0,0,,0,0,0,0,
8460a099a32044a5aa602f780dec94f2,959,292207,329,190,2414,https://www.youtube.com/watch?v=fR3woWdz610,0,0,0,,329,190,2414,https://www.youtube.com/watch?v=fR3woWdz610,18,0,0,0,
2a0de6059bd74c298a80f45a8052790e,953,170239,1363,845,2257,https://www.youtube.com/watch?v=gwDFst1uwDg,0,0,0,,1363,845,2257,https://www.youtube.com/watch?v=gwDFst1uwDg,1153,341,277,677,https://www.twitch.tv/videos/2754776636
a5647aba47dc4bb48eaa0cde6de7c6bd,953,41124,0,0,0,,0,0,0,,0,0,0,,0,0,0,0,
995bff308e7f4df3aa33305fc0ddde8e,951,39713,0,0,0,,0,0,0,,0,0,0,,0,0,0,0,
b5ff000d6dd74683b17965294f1c4bf7,950,31500,0,0,0,,0,0,0,,0,0,0,,771,0,0,0,
fb23227395a04a26abe441d1ac7978de,950,95990,45,18,131,https://www.youtube.com/watch?v=LLod1Wh1_Nc,45,18,131,https://www.youtube.com/watch?v=LLod1Wh1_Nc,0,0,0,,209,70,63,177,https://www.twitch.tv/videos/2755788737
ab2e7fbd11784f96aa9cf599786f8bf1,949,73841,1269,337,1745,https://www.youtube.com/watch?v=m_QYrcXNZcs,237,76,237,https://www.youtube.com/watch?v=SshsUzvk_WA,1318,361,1745,https://www.youtube.com/watch?v=m_QYrcXNZcs,0,0,0,0,
026bdd139df44cec930dd7fc76345184,948,42612,206,95,1094,https://www.youtube.com/watch?v=zYsyOn5PJME,185,94,333,https://www.youtube.com/watch?v=N9yiqxOIDa8,519,246,1094,https://www.youtube.com/watch?v=zYsyOn5PJME,0,0,0,0,
8a5468bc4c7d44989e5ee4864a9b941a,946,86211,58,15,217,https://www.youtube.com/watch?v=DF5FXnmYybE,58,15,93,https://www.youtube.com/watch?v=qFKA4Z0TrkI,122,81,217,https://www.youtube.com/watch?v=DF5FXnmYybE,0,0,0,0,
06a61409f4334b0eb8a5f647b819c78b,941,70440,19,8,50,https://www.youtube.com/watch?v=Q37CNounpG4,29,12,50,https://www.youtube.com/watch?v=Q37CNounpG4,8,5,15,https://www.youtube.com/watch?v=EXsN_sMfnTM,0,0,0,0,
0a000a22ebd84abf860bcd5ef0a5ed60,940,39669,7,1,160,https://www.youtube.com/watch?v=HKRoj4Urgv8,0,0,0,,7,1,160,https://www.youtube.com/watch?v=HKRoj4Urgv8,2173,256,171,496,https://www.twitch.tv/videos/2746219628
a00240316f524d218d889d00a8b42721,940,89357,72,29,91,https://www.youtube.com/watch?v=CyEy9V8GRAA,72,29,91,https://www.youtube.com/watch?v=CyEy9V8GRAA,0,0,0,,0,0,0,0,
2656bc44436c45cca3e94e43a9a49c2d,939,125893,257,95,1198,https://www.youtube.com/watch?v=VxPA-Xt8Yx8,257,95,1198,https://www.youtube.com/watch?v=VxPA-Xt8Yx8,0,0,0,,0,0,0,0,
ecbe9a46c7ec4f3d8fe217012c39d490,939,395211,0,0,0,,0,0,0,,0,0,0,,0,0,0,0,
7ca610bac41843a28abba9e947aa9ded,936,51937,0,0,0,,0,0,0,,0,0,0,,3016,445,248,445,https://www.twitch.tv/videos/2747224150
5d29544fdded43d1937166548487394a,936,5498,0,0,0,,0,0,0,,0,0,0,,1846,179,118,206,https://www.twitch.tv/videos/2747955730
1ee3a662da8a439887a931727cb07317,934,95637,0,0,0,,0,0,0,,0,0,0,,0,0,0,0,
0e9aeecbe8f04a62ab781cf2e520eba0,934,37347,0,0,0,,0,0,0,,0,0,0,,7179,773,270,14501,https://www.twitch.tv/videos/2747043796
54e70d7cc2fb4c6da0d833519331c770,930,127273,648,320,1249,https://www.youtube.com/watch?v=2kkoH5h6Frw,0,0,0,,648,320,1249,https://www.youtube.com/watch?v=2kkoH5h6Frw,2549,429,285,563,https://www.twitch.tv/videos/2747794500
7aeffe1ba0c443d5aa4721247b801593,929,123664,0,0,0,,0,0,0,,0,0,0,,0,0,0,0,
743ceb55869042b9bee1f48fe0be13fb,928,33406,0,0,0,,0,0,0,,0,0,0,,1502,0,0,0,
44332b31031149f5bd411f415cbb531e,927,26100,0,0,0,,0,0,0,,0,0,0,,221,0,0,0,
becdcbab308f4fa18540982596eebbd5,926,7536,0,0,0,,0,0,0,,0,0,0,,7390,840,648,2676,https://www.twitch.tv/videos/2748544356
453cbd84364b42d8ac11cef8d3d63bd1,924,28365,53,25,68,https://www.youtube.com/watch?v=2l2fZ0Mh0VE,53,25,68,https://www.youtube.com/watch?v=2l2fZ0Mh0VE,0,0,0,,0,0,0,0,
37f190c8282b4d42ba9ee8c4b61d24a4,923,4795,0,0,0,,0,0,0,,0,0,0,,0,0,0,0,
7f43dbf571c44e04a7a471b9e7296a8a,923,38276,0,0,0,,0,0,0,,0,0,0,,0,0,0,0,
96f44559b15e4bad9de2eb8a0a2a92da,922,18734,1175,841,15224,https://www.youtube.com/watch?v=55ieK5m9xM8,0,0,0,,1175,841,15224,https://www.youtube.com/watch?v=55ieK5m9xM8,0,0,0,0,
b2e19555d1f441a8a0e3f53b6507863e,919,50386,34,17,38,https://www.youtube.com/watch?v=_KlOm1ODty0,34,17,38,https://www.youtube.com/watch?v=_KlOm1ODty0,0,0,0,,113,0,0,0,
4aee4e4c619a4e2aa8bbc2edce38ccfa,917,110952,108,53,1865,https://www.youtube.com/watch?v=Z0MQDUr_6WM,99,53,165,https://www.youtube.com/watch?v=q7yML4lrrDU,944,145,1865,https://www.youtube.com/watch?v=Z0MQDUr_6WM,0,0,0,0,
08268c9de16e423381e351aeef8f7ffb,916,28510,99,47,179,https://www.youtube.com/watch?v=GQ7FvG4ZvjQ,99,47,179,https://www.youtube.com/watch?v=GQ7FvG4ZvjQ,0,0,0,,0,0,0,0,
db67d9cacbcf4797ba2d41a6d115e2ff,914,49420,85,51,599,https://www.youtube.com/watch?v=ItMJjhJmaoY,74,28,85,https://www.youtube.com/watch?v=H_A5GyA7NuY,430,253,599,https://www.youtube.com/watch?v=ItMJjhJmaoY,0,0,0,0,
d26893447610406da66ee14abfbd5868,906,27994,75,24,75,https://www.youtube.com/watch?v=jK7unZAdaNk,75,24,75,https://www.youtube.com/watch?v=jK7unZAdaNk,0,0,0,,0,0,0,0,
d8b0b4e36c614d328620461a295572a1,905,51255,25,15,75,https://www.youtube.com/watch?v=OSsA29R6n3c,25,15,75,https://www.youtube.com/watch?v=OSsA29R6n3c,0,0,0,,139,0,0,0,
843d99233b474827a2f0bc417ffd3852,905,43520,17,15,1016,https://www.youtube.com/watch?v=qHPAV9jSfcw,16,13,66,https://www.youtube.com/watch?v=kFFti9LhOe8,1016,895,1016,https://www.youtube.com/watch?v=qHPAV9jSfcw,8226,2372,1617,6021,https://www.twitch.tv/videos/2756564133
b93b5ffedc3f4310af888462d65e4082,905,46439,58,26,164,https://www.youtube.com/watch?v=qe4W4F1aJOg,58,26,164,https://www.youtube.com/watch?v=qe4W4F1aJOg,0,0,0,,207,20,14,22,https://www.twitch.tv/videos/2755777703
c94bc4ff4689403aac751731d33150e6,904,16852,458,247,1744,https://www.youtube.com/watch?v=8_WQPfWMIn0,223,151,624,https://www.youtube.com/watch?v=DRgr24gVDWM,878,655,1744,https://www.youtube.com/watch?v=8_WQPfWMIn0,296,197,140,213,https://www.twitch.tv/videos/2749479714
b9b727200b664a98bc1a8fd76d3cdb9c,903,22595,0,0,0,,0,0,0,,0,0,0,,0,0,0,0,
8e2559d9a7714ecd9cb0448b4d28f8d2,903,25951,0,0,0,,0,0,0,,0,0,0,,4998,255,93,432,https://www.twitch.tv/videos/2756571567
58374cba861d4267a84ad689bb6ce91a,901,39808,22,4,47,https://www.youtube.com/watch?v=oWZPisRKpyM,23,7,47,https://www.youtube.com/watch?v=oWZPisRKpyM,5,0,8,https://www.youtube.com/watch?v=fGiWDtGdSEs,0,0,0,0,
23af2b94549e42c282ec0d6eecf01102,901,31581,16,5,74,https://www.youtube.com/watch?v=IgdEj9Luc5I,74,18,74,https://www.youtube.com/watch?v=IgdEj9Luc5I,14,2,21,https://www.youtube.com/watch?v=US6nUrejAHs,2457,0,0,0,
9fb9fe13bf124da3a1affb24c5bba5e2,900,29757,0,0,0,,0,0,0,,0,0,0,,0,0,0,0,
834afd07257a43ac9f61085f79449be1,900,42689,198,144,1538,https://www.youtube.com/watch?v=YPT2nYNdiO0,189,130,509,https://www.youtube.com/watch?v=lbwXHDg4d5Y,1330,456,1538,https://www.youtube.com/watch?v=YPT2nYNdiO0,0,0,0,0,
107ad23090e649b8935850f3d78ded99,899,35170,154,70,258,https://www.youtube.com/watch?v=EGrtdkvuw44,154,70,258,https://www.youtube.com/watch?v=EGrtdkvuw44,0,0,0,,129,0,0,0,
5c5880d994854afbbea0a35716bce186,897,30809,11,4,40,https://www.youtube.com/watch?v=gXrdRvqjxu0,11,4,40,https://www.youtube.com/watch?v=gXrdRvqjxu0,0,0,0,,2027,0,0,0,
837cc45c90974caa9f07699c3899fa7b,895,45449,32,21,917,https://www.youtube.com/watch?v=9lZsF8NAjfo,28,20,917,https://www.youtube.com/watch?v=9lZsF8NAjfo,205,189,205,https://www.youtube.com/watch?v=vm5oSquPBXI,463,0,0,0,
607a7be9721741c48e2901609c294ada,895,74877,0,0,0,,0,0,0,,0,0,0,,1508,0,0,0,
4ba98a2155ad4b4392d8c5d7a51f4964,894,194025,555,262,2318,https://www.youtube.com/watch?v=ztecH8lzAyE,515,234,2318,https://www.youtube.com/watch?v=ztecH8lzAyE,975,555,1013,https://www.youtube.com/watch?v=bXAZmvxe8Ho,0,0,0,0,
f461b26ba47b4e37a90d2ca4fa5fa329,892,25922,0,0,0,,0,0,0,,0,0,0,,0,0,0,0,
872b7ddfc20f433f9575e2a762e83c06,891,48074,126,36,273,https://www.youtube.com/watch?v=D2XeymgOrwE,126,36,273,https://www.youtube.com/watch?v=D2XeymgOrwE,0,0,0,,0,0,0,0,
8c0ff863d66348898311ee83d16257b5,888,28889,35,14,63,https://www.youtube.com/watch?v=PwNC-UZtF5s,31,13,63,https://www.youtube.com/watch?v=oUitg2ShAyM,63,16,63,https://www.youtube.com/watch?v=PwNC-UZtF5s,204,42,32,45,https://www.twitch.tv/videos/2756704386
0a67a8d822094ca3a59963f0fac8798a,887,35503,68,57,68,https://www.youtube.com/watch?v=RY6DohA7q5o,68,57,68,https://www.youtube.com/watch?v=RY6DohA7q5o,0,0,0,,0,0,0,0,
7a160bd129144664804dd3fc08fceeb1,887,20935,0,0,0,,0,0,0,,0,0,0,,7785,2333,864,5596,https://www.twitch.tv/videos/2757146062
acc708b79f1c4e388466b407387e7cb5,879,125137,57,28,1509,https://www.youtube.com/watch?v=I5mTt_nVt2g,42,19,217,https://www.youtube.com/watch?v=waQKr0VNzpw,1070,384,1509,https://www.youtube.com/watch?v=I5mTt_nVt2g,0,0,0,0,
a2ee4a74f9ca40f5b6218de51736b9c8,878,50896,51,19,337,https://www.youtube.com/watch?v=f_SYYLeawXs,51,19,337,https://www.youtube.com/watch?v=f_SYYLeawXs,0,0,0,,0,0,0,0,
6c3eeb48b7764f11804ff8110d5d990b,878,97397,0,0,0,,0,0,0,,0,0,0,,0,0,0,0,
490d50310ffe4de4aac9c6368b49a0aa,877,36249,382,128,1628,https://www.youtube.com/watch?v=8xRnk_BebLk,0,0,0,,382,128,1628,https://www.youtube.com/watch?v=8xRnk_BebLk,0,0,0,0,
b399afc661d04f47acc9d0681be343b4,877,107124,93,51,2362,https://www.youtube.com/watch?v=poMuINfVWVQ,84,43,132,https://www.youtube.com/watch?v=a4l9WGHK5WY,686,200,2362,https://www.youtube.com/watch?v=poMuINfVWVQ,405,175,128,426,https://www.twitch.tv/videos/2747070428
8a63cc5d44b44e2c88122e98c533d20a,876,294171,0,0,0,,0,0,0,,0,0,0,,0,0,0,0,
521477be11a44c43b063b394757b2342,875,55947,38,21,70,https://www.youtube.com/watch?v=h3l-i5Z7sKQ,38,21,70,https://www.youtube.com/watch?v=h3l-i5Z7sKQ,0,0,0,,0,0,0,0,
76f2fa6f1aa44f0a816a01a1b277430a,872,32959,24,15,30,https://www.youtube.com/watch?v=1YkUG4qi2Vw,24,15,30,https://www.youtube.com/watch?v=1YkUG4qi2Vw,0,0,0,,42,0,0,0,
e3021481a8d247a5a9a5bf0a29399673,868,130050,150,88,150,https://www.youtube.com/watch?v=rRsXsjNJHb4,150,88,150,https://www.youtube.com/watch?v=rRsXsjNJHb4,0,0,0,,0,0,0,0,
b3fb28fe6a0e4fcfb8014e7a4070ca09,864,54869,29,17,83,https://www.youtube.com/watch?v=IKlwJs76oBY,29,17,83,https://www.youtube.com/watch?v=IKlwJs76oBY,0,0,0,,0,0,0,0,
0b183e5c128246c0ad5cd5491e8b8c83,858,210094,683,104,5670,https://www.youtube.com/watch?v=vZRyZv_Noeo,71,25,90,https://www.youtube.com/watch?v=owfh6al1CUk,1116,246,5670,https://www.youtube.com/watch?v=vZRyZv_Noeo,0,0,0,0,
45e104a6eabe4967a6cb84e720dd8e74,858,41698,5,2,88,https://www.youtube.com/watch?v=uwbCAWhJejc,0,0,0,,5,2,88,https://www.youtube.com/watch?v=uwbCAWhJejc,1869,234,73,541,https://www.twitch.tv/videos/2733624935
fcf611e0ddc5474b9836eb8aa2fe1d24,857,75350,24,12,78,https://www.youtube.com/watch?v=iew7q-2vytM,24,12,78,https://www.youtube.com/watch?v=iew7q-2vytM,0,0,0,,0,0,0,0,
9cfe61128e134f8dad9bb6ebf568cd71,854,20091,3,1,6,https://www.youtube.com/watch?v=rCiyeubmnt4,0,0,0,,3,1,6,https://www.youtube.com/watch?v=rCiyeubmnt4,1263,155,121,371,https://www.twitch.tv/videos/2752593151
5862e8e7c5fd4261af093cec20b40300,853,36765,138,60,215,https://www.youtube.com/watch?v=9FH9h6fxnwc,138,60,215,https://www.youtube.com/watch?v=9FH9h6fxnwc,0,0,0,,0,0,0,0,
5964947a5624455cba648007ec04a0b9,848,14969,0,0,0,,0,0,0,,0,0,0,,0,0,0,0,
415ca337b1104450acbed1eb046c0a58,846,87297,15,6,23,https://www.youtube.com/watch?v=GKXveabQctk,15,6,23,https://www.youtube.com/watch?v=GKXveabQctk,0,0,0,,271,0,0,0,
c747687c19704747b4cae2d4d5715aa0,845,32476,1262,803,10842,https://www.youtube.com/watch?v=3Lgftlh_tI4,0,0,0,,1262,803,10842,https://www.youtube.com/watch?v=3Lgftlh_tI4,4145,174,138,353,https://www.twitch.tv/videos/2746106883
370f66a57c0341b0adef5bcbad64ff90,844,46069,3,1,26,https://www.youtube.com/watch?v=R_1sMon1aEs,19,12,26,https://www.youtube.com/watch?v=R_1sMon1aEs,2,1,17,https://www.youtube.com/watch?v=uv-bMPogsJo,0,0,0,0,
27b10e5896e34e8d841f1605792b96c9,839,35807,0,0,0,,0,0,0,,0,0,0,,424,0,0,0,
f36c774fbf4847e1afdf66a1e4806ea3,838,19763,1018,550,1018,https://www.youtube.com/watch?v=C1V5-7ZcgjY,0,0,0,,1018,550,1018,https://www.youtube.com/watch?v=C1V5-7ZcgjY,2399,819,804,942,https://www.twitch.tv/videos/2756638480
399a496d028447a58924b2660d0fc187,838,198,0,0,0,,0,0,0,,0,0,0,,0,0,0,0,
3f3abaed158f420e84f9d1d5f4492b1d,838,61544,28,12,107,https://www.youtube.com/watch?v=0Buz01F8h84,28,12,107,https://www.youtube.com/watch?v=0Buz01F8h84,0,0,0,,640,40,27,136,https://www.twitch.tv/videos/2752602426
a753be70dd194989835b604e4b249363,838,31099,0,0,0,,0,0,0,,0,0,0,,655,0,0,0,
7b3809e085754d52aee99d1fcc980eaf,838,36804,155,65,1607,https://www.youtube.com/watch?v=gYlIa4Kkhp4,73,37,155,https://www.youtube.com/watch?v=1GlhLNU0kho,597,265,1607,https://www.youtube.com/watch?v=gYlIa4Kkhp4,0,0,0,0,
61c75f9fbf044b54872197eec7c9bafa,835,272057,208,61,953,https://www.youtube.com/watch?v=EGDza7NkBlg,78,44,103,https://www.youtube.com/watch?v=UYKkA6E_8EM,528,315,953,https://www.youtube.com/watch?v=EGDza7NkBlg,0,0,0,0,
9ed7a28dd35e4e1c9400af811f6a284c,835,16644,0,0,0,,0,0,0,,0,0,0,,830,0,0,0,
899e5f40cf7f49a8808969866758779e,834,37957,145,68,882,https://www.youtube.com/watch?v=c6tp74FXXQs,129,60,162,https://www.youtube.com/watch?v=y6k6Qdduzeg,882,743,882,https://www.youtube.com/watch?v=c6tp74FXXQs,241,75,52,97,https://www.twitch.tv/videos/2751015924
f4c357c0b7ae4891859ecd205d903dff,833,36992,333,65,2114,https://www.youtube.com/watch?v=wq6yVpcPtQw,57,35,66,https://www.youtube.com/watch?v=VxckFEsQ66k,355,97,2114,https://www.youtube.com/watch?v=wq6yVpcPtQw,82,0,0,0,
f5a37da60cb74069a7dc13867404521f,832,63575,358,291,666,https://www.youtube.com/watch?v=3Hzp3oZ8Y1w,0,0,0,,358,291,666,https://www.youtube.com/watch?v=3Hzp3oZ8Y1w,0,0,0,0,
d3ac18bfe0984394a6fe19319a36b412,830,62687,80,23,80,https://www.youtube.com/watch?v=5z93v0wvT_8,80,23,80,https://www.youtube.com/watch?v=5z93v0wvT_8,0,0,0,,0,0,0,0,
77f4700c452c4200a4e62effa2884b4a,829,33195,0,0,0,,0,0,0,,0,0,0,,716,0,0,0,
aef2ed42d49343f28394b6335695b5ac,827,370258,0,0,9,https://www.youtube.com/watch?v=FMBh2xdjnzc,0,0,0,,0,0,9,https://www.youtube.com/watch?v=FMBh2xdjnzc,3049,64,58,129,https://www.twitch.tv/videos/2746080148
23dda65e497d4888b87db304533b8138,827,13684,0,0,0,,0,0,0,,0,0,0,,5374,763,449,1144,https://www.twitch.tv/videos/2735698400
c26ea894da5741df9e1bc62044f6bce7,825,4077,0,0,0,,0,0,0,,0,0,0,,262,0,0,0,
6d144d78d2284fbcafa2428a5d132733,824,26876,0,0,0,,0,0,0,,0,0,0,,701,55,45,62,https://www.twitch.tv/videos/2753394063
899208f999aa4121ae2b67abb3190674,823,13521,0,0,0,,0,0,0,,0,0,0,,4207,195,127,367,https://www.twitch.tv/videos/2747020404
686fa700c1ee4d179ed277d5b101f8a4,818,27767,0,0,0,,0,0,0,,0,0,0,,0,0,0,0,
0aa8c41f04bf4f12b9a8281353ea448a,817,35684,0,0,0,,0,0,0,,0,0,0,,4781,0,0,0,
6c5d547cdebf4daf813ac8b66c9fb873,814,32988,0,0,0,,0,0,0,,0,0,0,,0,0,0,0,
e099cf09b8674b988f17828aab2f7d86,811,21820,116,95,116,https://www.youtube.com/watch?v=5GkgnBCFWqQ,116,95,116,https://www.youtube.com/watch?v=5GkgnBCFWqQ,0,0,0,,639,183,101,183,https://www.twitch.tv/videos/2747054527
a26891359b444900956f04bc1b8f5faa,809,24288,81,32,870,https://www.youtube.com/watch?v=BcRjolCAoow,73,26,110,https://www.youtube.com/watch?v=itaRjt97E3Y,406,70,870,https://www.youtube.com/watch?v=BcRjolCAoow,275,70,50,109,https://www.twitch.tv/videos/2755042832
0a55a882e4ae4a1e9c1e77ea001aa91b,807,99073,0,0,0,,0,0,0,,0,0,0,,1504,38,19,41,https://www.twitch.tv/videos/2751029495
23354f18e2a94c9187fd0560fd874eeb,804,27349,0,0,0,,0,0,0,,0,0,0,,1663,220,158,336,https://www.twitch.tv/videos/2750186525
a0dbf7095446402ea77b11d8cced5a4b,804,45480,0,0,0,,0,0,0,,0,0,0,,0,0,0,0,
13a3d049cda44b9e8da24006e642dd78,800,24818,0,0,0,,0,0,0,,0,0,0,,2783,0,0,0,
e80414fcc37b4d818ccf9dddb23cb452,800,16650,0,0,0,,0,0,0,,0,0,0,,4012,1626,689,2486,https://www.twitch.tv/videos/2742206280
5f8e197a06bc453e8d9e0a1c6cb92f1c,800,34873,3,1,21,https://www.youtube.com/watch?v=uaRs5_Jxffw,0,0,0,,3,1,21,https://www.youtube.com/watch?v=uaRs5_Jxffw,1626,95,63,204,https://www.twitch.tv/videos/2755858332
30bc516401f24514aaecce081979ab50,799,14544,0,0,0,,0,0,0,,0,0,0,,0,0,0,0,
3e4c23394dde46f58f89cba536b208d5,797,22424,49,29,61,https://www.youtube.com/watch?v=AAzs_Qq1b_E,49,29,61,https://www.youtube.com/watch?v=AAzs_Qq1b_E,0,0,0,,0,0,0,0,
a1c3335026d44b99b9abb8c6aaba3968,797,18000,0,0,0,,0,0,0,,0,0,0,,636,0,0,0,
29a3d514ca274f6fb966f9d70bed4b52,796,77558,0,0,0,,0,0,0,,0,0,0,,809,300,194,517,https://www.twitch.tv/videos/2752568019
7a0c5fe0fe2f4427afe500c85ec958cb,794,54164,0,0,0,,0,0,0,,0,0,0,,0,0,0,0,
3034b51ec8ad439fa7033773a72a5c4a,793,20613,0,0,0,,0,0,0,,0,0,0,,3312,0,0,0,
1594067d444e4a53abb95bc1aa40e6db,790,26019,0,0,0,,0,0,0,,0,0,0,,499,34,28,63,https://www.twitch.tv/videos/2752667375
29e2c3ae8e4d48f29fb3b89c463abb1c,790,69945,43,6,91,https://www.youtube.com/watch?v=fWDSQK--l4A,43,6,43,https://www.youtube.com/watch?v=dPvd__PytIE,45,6,91,https://www.youtube.com/watch?v=fWDSQK--l4A,2801,731,294,3080,https://www.twitch.tv/videos/2733917379
e2ddcd13e70643238d46f50fba8261b2,785,85091,828,647,971,https://www.youtube.com/watch?v=fdV8Nq6VNDc,0,0,0,,828,647,971,https://www.youtube.com/watch?v=fdV8Nq6VNDc,2937,899,146,2334,https://www.twitch.tv/videos/2748578592
5f6dcf3b9b71405498aa07a2b80cb5ec,785,136207,359,171,359,https://www.youtube.com/watch?v=Uomw6WR6ps8,0,0,0,,359,171,359,https://www.youtube.com/watch?v=Uomw6WR6ps8,1241,131,85,255,https://www.twitch.tv/videos/2754300949
cf38ee666e104dce949c195f5ac58da2,784,301534,40,22,84,https://www.youtube.com/watch?v=nFFTd3dPMj4,43,23,84,https://www.youtube.com/watch?v=nFFTd3dPMj4,5,1,5,https://www.youtube.com/watch?v=kg9GKPjMHU4,0,0,0,0,
d44dc8542b4f4dacab8f54b7e3483728,784,36002,71,23,149,https://www.youtube.com/watch?v=WhroQjeix5g,71,23,149,https://www.youtube.com/watch?v=WhroQjeix5g,0,0,0,,0,0,0,0,
80ae039e7c3e4e90b6b3994ead599307,783,53706,129,79,210,https://www.youtube.com/watch?v=MkMNhDOjiu0,129,79,210,https://www.youtube.com/watch?v=MkMNhDOjiu0,0,0,0,,0,0,0,0,
f0afa83a8d2d4cc6bb9eb80655bbe40d,783,12641,0,0,0,,0,0,0,,0,0,0,,0,0,0,0,
d2c5b1c430fa45c8b9be0b8be65d8a6b,782,4645,0,0,0,,0,0,0,,0,0,0,,304,0,0,0,
d1d879cfccf7411296dcc765ca40e39c,781,123449,942,785,2846,https://www.youtube.com/watch?v=4Uw4i0WfsbI,0,0,0,,942,785,2846,https://www.youtube.com/watch?v=4Uw4i0WfsbI,1431,169,144,687,https://www.twitch.tv/videos/2746084075
943129b96d2341bcb7b25a66c9da2354,779,32907,0,0,0,,0,0,0,,0,0,0,,16513,0,0,0,
c3e1a96f96334696af38e93fa8178085,778,46315,5,0,5,https://www.youtube.com/watch?v=PpUmXV1PhR8,0,0,0,,5,0,5,https://www.youtube.com/watch?v=PpUmXV1PhR8,1239,29,25,44,https://www.twitch.tv/videos/2755082167
968f0b8c521942d6939234c70f49747a,776,23607,0,0,0,,0,0,0,,0,0,0,,1957,437,357,437,https://www.twitch.tv/videos/2753445861
4caaacdde06c4a0a9662e0d1e07114e0,774,15566,0,0,0,,0,0,0,,0,0,0,,0,0,0,0,
2971554445614cfaaccddd9cde93c599,773,25213,55,37,55,https://www.youtube.com/watch?v=0e8mwTvQkoo,0,0,0,,55,37,55,https://www.youtube.com/watch?v=0e8mwTvQkoo,1118,88,80,88,https://www.twitch.tv/videos/2755715049
405cf0a502a6496bacfe7e49647e7e28,773,37783,23,11,49,https://www.youtube.com/watch?v=DcmNM3L1r6g,23,12,49,https://www.youtube.com/watch?v=DcmNM3L1r6g,6,0,6,https://www.youtube.com/watch?v=oT1CQdx7gS4,2173,763,481,1160,https://www.twitch.tv/videos/2751144855
8c59e356f1564e068e1c81ac7de1a4e3,773,34205,0,0,0,,0,0,0,,0,0,0,,0,0,0,0,
7342482fda6d40f98e078505a24825d4,771,40507,87,47,126,https://www.youtube.com/watch?v=iyYMUFO54Ys,87,47,126,https://www.youtube.com/watch?v=iyYMUFO54Ys,0,0,0,,0,0,0,0,
a22035a68721415e830d1d7b8ffd172d,770,11344,0,0,0,,0,0,0,,0,0,0,,1846,0,0,0,
4de233ea7dfc4a7da1738ab627babd48,770,42112,87,35,1574,https://www.youtube.com/watch?v=SDdJmcB7Xm4,81,35,254,https://www.youtube.com/watch?v=BDMlHLgXEGs,1574,913,1574,https://www.youtube.com/watch?v=SDdJmcB7Xm4,0,0,0,0,
2a2b7990365f4a1bb1d8acf1ae0f2f32,769,289771,54,24,22434,https://www.youtube.com/watch?v=opZbxAY9E9g,29,13,115,https://www.youtube.com/watch?v=qohiZmnPNPQ,1894,958,22434,https://www.youtube.com/watch?v=opZbxAY9E9g,141,4,3,9,https://www.twitch.tv/videos/2755866419
de6ab52e6aca42d2ab88274244e772fc,769,25997,0,0,0,,0,0,0,,0,0,0,,0,0,0,0,
e83a22c584774763a3b91d557141604d,769,9965,0,0,0,,0,0,0,,0,0,0,,2048,921,506,921,https://www.twitch.tv/videos/2747009244
5cdecbd7413e4c9e9cb56373a186ccec,767,17747,0,0,0,,0,0,0,,0,0,0,,402,38,26,88,https://www.twitch.tv/videos/2749441623
3922688ae4b64592b8301430e19fd2ca,767,68808,107,58,1477,https://www.youtube.com/watch?v=s8xhEKpJ1Wc,97,39,144,https://www.youtube.com/watch?v=zNI1-GhvP2c,533,276,1477,https://www.youtube.com/watch?v=s8xhEKpJ1Wc,183,234,203,413,https://www.twitch.tv/videos/2746097333
17946118c2d641819c847aba0c491e13,766,4015,0,0,0,,0,0,0,,0,0,0,,5053,0,0,0,
e888326df83d41f680960f24bb55c670,766,16020,0,0,0,,0,0,0,,0,0,0,,0,0,0,0,
1d1e155c827e4ed2a0596c256983c22d,764,19523,7,3,32,https://www.youtube.com/watch?v=zDIZB1xnBkg,0,0,0,,7,3,32,https://www.youtube.com/watch?v=zDIZB1xnBkg,2237,283,200,1643,https://www.twitch.tv/videos/2751306559
80b6efc8007f4f6d84ce2f93862ae319,764,106934,218,124,301,https://www.youtube.com/watch?v=tIW2ltMaf_M,218,124,301,https://www.youtube.com/watch?v=tIW2ltMaf_M,0,0,0,,0,0,0,0,
40bb881e52be4d8b9c66a60be89e0504,762,50492,54,28,60,https://www.youtube.com/watch?v=UyDm0gTXKEk,54,28,60,https://www.youtube.com/watch?v=UyDm0gTXKEk,0,0,0,,0,0,0,0,
945e26a69e2145219406bf2ca0d59554,761,21528,0,0,0,,0,0,0,,0,0,0,,728,0,0,0,
3a932cc8813343b6bb5d822cb2f53558,761,42009,0,0,0,,0,0,0,,0,0,0,,3187,0,0,0,
3204abe8247b45f08481bef65884ebc3,760,2983,0,0,0,,0,0,0,,0,0,0,,1339,34,31,51,https://www.twitch.tv/videos/2755924576
9539cc114b7648efb72bafc3a7358ae6,757,0,0,0,0,,0,0,0,,0,0,0,,1936,0,0,0,
dc0868efeac540bfac9b383bd65a82e6,757,22432,63,31,74,https://www.youtube.com/watch?v=A4qIzjByIT0,63,31,74,https://www.youtube.com/watch?v=A4qIzjByIT0,0,0,0,,0,0,0,0,
f7c5ff874d1d4528a36c0a54d27017a3,756,59651,35,7,56,https://www.youtube.com/watch?v=yXQ_wf_K0dY,35,7,56,https://www.youtube.com/watch?v=yXQ_wf_K0dY,0,0,0,,0,0,0,0,
66ab3e28c90a428bb98100cd9119a4e9,751,28221,72,39,154,https://www.youtube.com/watch?v=PhFHikDooiA,72,39,154,https://www.youtube.com/watch?v=PhFHikDooiA,0,0,0,,0,0,0,0,
a666cf6707d14cdbbe6581a8964aabd0,751,20774,0,0,0,,0,0,0,,0,0,0,,859,34,19,49,https://www.twitch.tv/videos/2746126461
c639c0dba4504221bfec50cf787f395d,748,29183,628,50,3039,https://www.youtube.com/watch?v=i1BC1IHmpWg,72,45,83,https://www.youtube.com/watch?v=sSz_NO_WLlA,1163,210,3039,https://www.youtube.com/watch?v=i1BC1IHmpWg,1025,228,170,340,https://www.twitch.tv/videos/2747715804
cec266a3203a4d1599494b42f35b4012,745,625,0,0,0,,0,0,0,,0,0,0,,498,39,32,86,https://www.twitch.tv/videos/2746093364
b96e4730713c48899004d4af5975fe21,744,5145,0,0,0,,0,0,0,,0,0,0,,250,0,0,0,
7531ceacd52e43b4a29ba4dc18a3f56c,744,35907,1660,1250,1660,https://www.youtube.com/watch?v=w3N-6CDKg0s,0,0,0,,1660,1250,1660,https://www.youtube.com/watch?v=w3N-6CDKg0s,1877,272,194,358,https://www.twitch.tv/videos/2746903924
6ac39c9c814e4dfe9c2294345a2a3e9c,740,54823,110,30,430,https://www.youtube.com/watch?v=xng6IrWrUXw,80,33,430,https://www.youtube.com/watch?v=xng6IrWrUXw,136,23,136,https://www.youtube.com/watch?v=Blw9gdIssM0,1459,0,0,0,
0f97f20ec79649e687590a4dc7328a21,740,19663,0,0,0,,0,0,0,,0,0,0,,349,0,0,0,
4f20e15637644c409c850ced48bb33dd,737,34701,111,53,153,https://www.youtube.com/watch?v=IyxHl0CiAJ0,124,40,153,https://www.youtube.com/watch?v=IyxHl0CiAJ0,104,74,104,https://www.youtube.com/watch?v=PJW2oFDo50Q,0,0,0,0,
ab7fb3b59bef4d869388be703ffa8c01,737,12361,0,0,0,,0,0,0,,0,0,0,,0,0,0,0,
a1880ae475fe44fc92760277c3f850ed,736,6500,0,0,0,,0,0,0,,0,0,0,,587,0,0,0,
eef7776c596141afb7efb9c1790bcb64,736,34342,0,0,0,,0,0,0,,0,0,0,,1523,0,0,0,
c6286d22a9344325bb1609918d442b93,736,69854,0,0,0,,0,0,0,,0,0,0,,76,0,0,0,
f5260b1a196a43f8b4aff1cc742a67f4,735,22084,127,76,1232,https://www.youtube.com/watch?v=rCxJFMsZW7w,108,72,551,https://www.youtube.com/watch?v=VIh63YT4Wp0,1041,649,1232,https://www.youtube.com/watch?v=rCxJFMsZW7w,117,34,32,70,https://www.twitch.tv/videos/2751776428
c2b2f9bf0228445289b8791110b340ec,732,363206,47,25,86,https://www.youtube.com/watch?v=xxXaDGhIfwU,47,25,86,https://www.youtube.com/watch?v=xxXaDGhIfwU,0,0,0,,93,0,0,0,
8774553046cb47a9b5165c15feb01e84,731,32776,21,15,145,https://www.youtube.com/watch?v=jG_M_4hbKNU,21,15,145,https://www.youtube.com/watch?v=jG_M_4hbKNU,0,0,0,,475,68,64,68,https://www.twitch.tv/videos/2756542430
8f4142c5ead94656b4744b425d800fb8,727,98653,48,21,117,https://www.youtube.com/watch?v=ZvAMkSEGhZE,48,21,117,https://www.youtube.com/watch?v=ZvAMkSEGhZE,0,0,0,,0,0,0,0,
9124a5ccacc44fb68b5b1d5697e3fb90,726,17917,94,34,166,https://www.youtube.com/watch?v=EzeW2vkG1ds,94,34,166,https://www.youtube.com/watch?v=EzeW2vkG1ds,0,0,0,,0,0,0,0,
00de1290ff0a4edda4db0385a6ba3300,726,14721,0,0,0,,0,0,0,,0,0,0,,1761,98,76,153,https://www.twitch.tv/videos/2755118134
a2f9fd3568f3467aa35e411dbde1ab45,726,39671,53,6,54,https://www.youtube.com/watch?v=YdtjBO1YliE,0,0,0,,53,6,54,https://www.youtube.com/watch?v=YdtjBO1YliE,0,0,0,0,
c22cb6790eaf4fcc8ac47633e0ab6c49,725,23453,100,41,1043,https://www.youtube.com/watch?v=dmKxoBHIEcs,47,19,135,https://www.youtube.com/watch?v=NF_Cg9IG02U,605,384,1043,https://www.youtube.com/watch?v=dmKxoBHIEcs,301,110,86,110,https://www.twitch.tv/videos/2752734255
6826120624a244d4ab9522b5845db071,723,38332,0,0,0,,0,0,0,,0,0,0,,3657,221,132,703,https://www.twitch.tv/videos/2750744508
027dc46502ee4350ba597000191659ae,715,18774,116,86,1351,https://www.youtube.com/watch?v=wbL9Oxn0yIc,104,67,319,https://www.youtube.com/watch?v=HnrBKz4tYdE,485,279,1351,https://www.youtube.com/watch?v=wbL9Oxn0yIc,52,0,0,0,
082df6a588424bc9aaa378c53b34315c,715,23483,0,0,0,,0,0,0,,0,0,0,,179,36,34,36,https://www.twitch.tv/videos/2756543155
ea31f43c943742be847e205495fc64ad,715,62126,1791,1597,2232,https://www.youtube.com/watch?v=KVdigRlA5CY,0,0,0,,1791,1597,2232,https://www.youtube.com/watch?v=KVdigRlA5CY,3438,1500,775,4535,https://www.twitch.tv/videos/2754353635
ffe0cef3d8c34c52bb605a23a3e61e95,714,20621,258,49,1635,https://www.youtube.com/watch?v=sQVPShLOTpw,258,49,332,https://www.youtube.com/watch?v=j2Yk4BGrx_Y,852,367,1635,https://www.youtube.com/watch?v=sQVPShLOTpw,0,0,0,0,
bb775b8f85574398af290f5be009d40e,714,948,0,0,0,,0,0,0,,0,0,0,,0,0,0,0,
acc6cc72bdb74a74a719cc41baf0aade,711,26777,59,31,109,https://www.youtube.com/watch?v=VFz40UPBDuo,59,31,109,https://www.youtube.com/watch?v=VFz40UPBDuo,0,0,0,,0,0,0,0,
fb72bfcead034da2abef22637e7b2b3c,709,36305,971,273,1405,https://www.youtube.com/watch?v=LCPLljeKhvI,0,0,0,,971,273,1405,https://www.youtube.com/watch?v=LCPLljeKhvI,1507,116,91,277,https://www.twitch.tv/videos/2753249395
8bd1aad0ee834101b6042c08495a31be,709,17072,0,0,0,,0,0,0,,0,0,0,,250,22,15,25,https://www.twitch.tv/videos/2747846895
a4e31a26718d42d692f6613fafb810f5,708,17768,0,0,0,,0,0,0,,0,0,0,,0,0,0,0,
6bff712e91fe4fc19332873f9db07c2a,706,28032,0,0,0,,0,0,0,,0,0,0,,0,0,0,0,
667d1f10770d4512a5350b74bcb3efc0,706,28126,65,52,73,https://www.youtube.com/watch?v=y5nzFKePEbI,65,52,73,https://www.youtube.com/watch?v=y5nzFKePEbI,0,0,0,,0,0,0,0,
40a4357f990e4fd8ad2ac18c26603925,705,17942,23,9,52,https://www.youtube.com/watch?v=j_Yx5sl8aJE,20,3,29,https://www.youtube.com/watch?v=rF4WusjUPik,52,21,52,https://www.youtube.com/watch?v=j_Yx5sl8aJE,1658,47,36,103,https://www.twitch.tv/videos/2753464579
d460f1ea172d49f9a23f3277a391ce30,705,5822,0,0,0,,0,0,0,,0,0,0,,526,33,32,72,https://www.twitch.tv/videos/2747043977
5ee9f1126dcf463e8d6afc8ef113d084,703,21917,56,28,120,https://www.youtube.com/watch?v=Kc81yab4c90,56,28,120,https://www.youtube.com/watch?v=Kc81yab4c90,0,0,0,,0,0,0,0,
c72045d5b8714411af64d5c9d29cea97,701,28380,0,0,0,,0,0,0,,0,0,0,,0,0,0,0,
8999cce711d64abfb6d451ca6172dd3e,701,45877,1786,1322,18428,https://www.youtube.com/watch?v=GDYCpZr7fvE,0,0,0,,1786,1322,18428,https://www.youtube.com/watch?v=GDYCpZr7fvE,0,0,0,0,
b3628981441b4b1aa2a3c91af81c7084,700,4387,0,0,0,,0,0,0,,0,0,0,,0,0,0,0,
4297ecbe09d04698a65f1778f5c16dc4,700,30563,60,34,1885,https://www.youtube.com/watch?v=PxvkgWvOfVk,51,25,99,https://www.youtube.com/watch?v=IVQafYaXHJo,641,476,1885,https://www.youtube.com/watch?v=PxvkgWvOfVk,201,20,15,28,https://www.twitch.tv/videos/2748680829
2047c8ae25624470b90251b1fd9502d5,697,27772,0,0,0,,0,0,0,,0,0,0,,0,0,0,0,
bd16ea1e11d9475eb53a108ba90ea6a3,697,58505,27,10,82,https://www.youtube.com/watch?v=mwYaTKPQ6Hw,27,10,82,https://www.youtube.com/watch?v=mwYaTKPQ6Hw,0,0,0,,0,0,0,0,
8881d23b0a3c426590c8a2509e363ec1,696,86380,0,0,0,,0,0,0,,0,0,0,,2005,152,105,476,https://www.twitch.tv/videos/2746117357
9b64082043fc451f9dd5edc793fa8605,696,8699,5,2,14,https://www.youtube.com/watch?v=fKwLO1rhSF4,0,0,0,,5,2,14,https://www.youtube.com/watch?v=fKwLO1rhSF4,1148,238,201,299,https://www.twitch.tv/videos/2756493049
60da3bb357d64f998006b8ca3043fd00,695,28732,50,30,155,https://www.youtube.com/watch?v=nl0x4ALdN7k,50,30,155,https://www.youtube.com/watch?v=nl0x4ALdN7k,0,0,0,,0,0,0,0,
0800162a149e420ea0386c9506e710b7,693,29587,0,0,0,,0,0,0,,0,0,0,,0,0,0,0,
28e5717b1964475ca59ce02d81cb2796,692,14286,0,0,0,,0,0,0,,0,0,0,,3265,680,280,1398,https://www.twitch.tv/videos/2756253174
a0467c81a3014fbf83029acffe5b1d3f,688,12289,0,0,0,,0,0,0,,0,0,0,,1159,28,22,33,https://www.twitch.tv/videos/2751654569
5896bb30994d4416ad7e252642135194,684,49341,59,37,66,https://www.youtube.com/watch?v=8WZYDTkcOr4,59,37,66,https://www.youtube.com/watch?v=8WZYDTkcOr4,0,0,0,,0,0,0,0,
bff3b878d9864ff893bd79d1f2a7a849,683,44023,22,10,55,https://www.youtube.com/watch?v=YfZ7AOvdReY,22,9,55,https://www.youtube.com/watch?v=YfZ7AOvdReY,18,13,18,https://www.youtube.com/watch?v=m6Il3g6lKxE,129,10,5,24,https://www.twitch.tv/videos/2747080988
29d8d144d6a24ff28476d25306286836,682,133308,2186,801,4364,https://www.youtube.com/watch?v=oBAZ1kSNpXI,0,0,0,,2186,801,4364,https://www.youtube.com/watch?v=oBAZ1kSNpXI,1174,361,246,2125,https://www.twitch.tv/videos/2750957496
1058d6e9f351455389e8a7a716ea26ff,681,52602,34,14,94,https://www.youtube.com/watch?v=7T5amoiJHKQ,28,14,94,https://www.youtube.com/watch?v=7T5amoiJHKQ,44,11,65,https://www.youtube.com/watch?v=y1ZKcvT5aPQ,3387,177,142,466,https://www.twitch.tv/videos/2751034502
15e82a696cfc4d42929e29b0d90955d1,681,45716,182,74,936,https://www.youtube.com/watch?v=u73BDr4WJ4k,146,77,936,https://www.youtube.com/watch?v=u73BDr4WJ4k,280,73,463,https://www.youtube.com/watch?v=T_PdOICsRjw,0,0,0,0,
15ec206bfc374aaaa594bc12e9887a69,681,9389,0,0,0,,0,0,0,,0,0,0,,1624,0,0,0,
2608bc34d1f8497da55ab0cf4d0d7f0e,679,14042,1110,489,1110,https://www.youtube.com/watch?v=_U8AbHHXaLU,0,0,0,,1110,489,1110,https://www.youtube.com/watch?v=_U8AbHHXaLU,2972,1167,839,1769,https://www.twitch.tv/videos/2750716938
0528d5a963af400884b2db8484a0d152,678,531,0,0,0,,0,0,0,,0,0,0,,411,0,0,0,
2c83b5b4c0644e9d94c4221ba9543cc5,677,19113,0,0,0,,0,0,0,,0,0,0,,271,0,0,0,
0591345aa6634a73ac41f08af6d4e06e,676,33281,42,26,1189,https://www.youtube.com/watch?v=heD6IR2yrrI,39,25,117,https://www.youtube.com/watch?v=lKXIICej48Q,1189,1137,1189,https://www.youtube.com/watch?v=heD6IR2yrrI,0,0,0,0,
94b3f738cde248e3bf6061f1692d6337,675,167476,0,0,0,,0,0,0,,0,0,0,,0,0,0,0,
e44a37ed06c749da9aeea8e16b309a84,675,28944,0,0,0,,0,0,0,,0,0,0,,27,0,0,0,
6159040406fc4e6cb73dbf9734717703,673,98244,0,0,0,,0,0,0,,0,0,0,,2146,0,0,0,
263db06cfe814d4397e6fc8bc593e70e,673,42536,0,0,0,,0,0,0,,0,0,0,,0,0,0,0,
c265c71f4d2744919a319f0f38c008f9,670,25932,0,0,0,,0,0,0,,0,0,0,,5607,0,0,0,
1a39f2817a8d4b2d941677c2a07e896a,670,78578,75,36,1888,https://www.youtube.com/watch?v=QJcfuS9b3QI,56,21,1296,https://www.youtube.com/watch?v=LZlPVx-PqtQ,288,71,1888,https://www.youtube.com/watch?v=QJcfuS9b3QI,0,0,0,0,
8ae0f370cf124faa953a09089a427fd9,667,27330,88,45,559,https://www.youtube.com/watch?v=aHS8geOU6yE,88,45,559,https://www.youtube.com/watch?v=aHS8geOU6yE,0,0,0,,291,41,29,88,https://www.twitch.tv/videos/2757440998
26b00f5ff5bf4b5a8dcb6c5c34e1b4f6,665,4896,0,0,0,,0,0,0,,0,0,0,,5941,1095,551,3401,https://www.twitch.tv/videos/2733797091
d15b3fadead04e7399faaeb47fdf37f9,664,33586,0,0,0,,0,0,0,,0,0,0,,0,0,0,0,
a59b5e9b4b3f423faa754bb0c1c5e9f7,664,20043,0,0,0,,0,0,0,,0,0,0,,13,0,0,0,
63d931b5a0374b3fbeef2c565a8db8df,663,95148,2292,344,2292,https://www.youtube.com/watch?v=8sthokxi8lM,0,0,0,,2292,344,2292,https://www.youtube.com/watch?v=8sthokxi8lM,6378,634,458,634,https://www.twitch.tv/videos/2751172147
dfc411c6b5d24d97b944f527ddfd2f0b,663,34108,72,33,176,https://www.youtube.com/watch?v=C5wt33nQFJk,79,32,176,https://www.youtube.com/watch?v=C5wt33nQFJk,39,34,39,https://www.youtube.com/watch?v=fb_v45aJfoM,0,0,0,0,
728094029eab434ca60a99e4d1a139c7,663,111222,733,290,24098,https://www.youtube.com/watch?v=9pZf8c6UhP0,153,57,220,https://www.youtube.com/watch?v=yhjtlpECNhw,1814,840,24098,https://www.youtube.com/watch?v=9pZf8c6UhP0,5,0,0,0,
f3a1ec7e996e4897ba4e34376f7c0be2,663,8350,178,27,266,https://www.youtube.com/watch?v=ef_wyFHLzeY,0,0,0,,178,27,266,https://www.youtube.com/watch?v=ef_wyFHLzeY,1022,212,153,317,https://www.twitch.tv/videos/2752602863
5bbd1c2531594775a4b74928e630dd59,662,45475,0,0,0,,0,0,0,,0,0,0,,4109,308,163,1538,https://www.twitch.tv/videos/2751674738
3a30426a65fe450bbef138fd8ba35f1e,661,51424,79,49,179,https://www.youtube.com/watch?v=LJnwwKNDXTU,79,49,179,https://www.youtube.com/watch?v=LJnwwKNDXTU,0,0,0,,0,0,0,0,
4b305df8ba4546b48c8ec1cda5efb7e2,660,181101,15,10,15,https://www.youtube.com/watch?v=95hpsBZv6-A,15,10,15,https://www.youtube.com/watch?v=95hpsBZv6-A,0,0,0,,0,0,0,0,
23d18a6678794320b2d3f9d468b9b3a4,659,42941,15,7,120,https://www.youtube.com/watch?v=Bg0u2-i-wfE,15,7,23,https://www.youtube.com/watch?v=1ityZ19Z0Cs,120,10,120,https://www.youtube.com/watch?v=Bg0u2-i-wfE,1262,155,129,578,https://www.twitch.tv/videos/2747066830
7342e2aefa41449880565dfd15a35cad,658,20481,40,10,51,https://www.youtube.com/watch?v=9tHyJeftAEI,40,10,51,https://www.youtube.com/watch?v=9tHyJeftAEI,0,0,0,,0,0,0,0,
fc6a8de6e0e14e05a11b1d35dfce1d71,658,36236,42,34,56,https://www.youtube.com/watch?v=kTVtNWylXuo,42,31,42,https://www.youtube.com/watch?v=x21H4SmHEyM,56,42,56,https://www.youtube.com/watch?v=kTVtNWylXuo,0,0,0,0,
a324be13dcdb4acbbe722638fc2dbfa4,658,36917,63,56,2819,https://www.youtube.com/watch?v=tu3A6fqZvQE,46,12,63,https://www.youtube.com/watch?v=kTpTvo8ry-0,1825,1242,2819,https://www.youtube.com/watch?v=tu3A6fqZvQE,115,15,11,16,https://www.twitch.tv/videos/2755041311
49d38057272d4c4992cdbcb792c94d00,656,25944,32,9,51,https://www.youtube.com/watch?v=f64gLKgEbO8,32,9,51,https://www.youtube.com/watch?v=f64gLKgEbO8,0,0,0,,284,37,9,96,https://www.twitch.tv/videos/2738656833
c03997835cc943fe81a441c571d733d0,655,53578,23,8,123,https://www.youtube.com/watch?v=JYDkK-i6Ad0,23,8,73,https://www.youtube.com/watch?v=R8I8vw-apoI,123,34,123,https://www.youtube.com/watch?v=JYDkK-i6Ad0,207,0,0,0,
b96f58f4373a4b65977afe5f2829e9e4,652,164624,52,10,147,https://www.youtube.com/watch?v=_HSAirVLFXU,39,10,66,https://www.youtube.com/watch?v=y74G_e1MyP4,104,50,147,https://www.youtube.com/watch?v=_HSAirVLFXU,512,121,83,170,https://www.twitch.tv/videos/2751143649
4d4db7afb4b84af7b4d54889a5f93947,651,19337,28,26,28,https://www.youtube.com/watch?v=PYBIvVKocis,0,0,0,,28,26,28,https://www.youtube.com/watch?v=PYBIvVKocis,0,0,0,0,
9bd9d680d6cf48d1a7171430f286fcb1,651,92065,39,19,1281,https://www.youtube.com/watch?v=Gov4W0ci3gs,34,15,68,https://www.youtube.com/watch?v=L1zz_GALQvQ,401,128,1281,https://www.youtube.com/watch?v=Gov4W0ci3gs,0,0,0,0,
14d68e1fc65f4206b0c45d65970c0215,651,42759,61,28,85,https://www.youtube.com/watch?v=0SBV7WJEQKA,61,28,85,https://www.youtube.com/watch?v=0SBV7WJEQKA,0,0,0,,0,0,0,0,
0f11420beab0442eae0208ac63d4474c,650,3911,0,0,0,,0,0,0,,0,0,0,,0,0,0,0,
f7185f45c8a44e69bf829405206996b9,650,30622,108,31,174,https://www.youtube.com/watch?v=GQJGo5xOHG0,108,31,174,https://www.youtube.com/watch?v=GQJGo5xOHG0,0,0,0,,54,0,0,0,
2c6b5ad20b4e4bdc85310b791d02b364,649,7016,0,0,0,,0,0,0,,0,0,0,,2344,0,0,0,
948c874aac8c4c7fa088b380e79b2154,649,20679,103,74,103,https://www.youtube.com/watch?v=mX-TDfR26p0,103,74,103,https://www.youtube.com/watch?v=mX-TDfR26p0,0,0,0,,0,0,0,0,
3e079110e939428085c1f1040ec756f9,648,8640,0,0,0,,0,0,0,,0,0,0,,0,0,0,0,
e911a56d410b4949aee1d3a8dc84f4ad,647,39761,37,17,69,https://www.youtube.com/watch?v=QA3Ow9z1mPI,37,17,69,https://www.youtube.com/watch?v=QA3Ow9z1mPI,37,1,37,https://www.youtube.com/watch?v=-PY11RAkqPU,0,0,0,0,
677a773535814b5fa2d557da2f80bb89,647,17364,0,0,0,,0,0,0,,0,0,0,,423,0,0,0,
87e1b5eec62040118b6bd49efbe5d61c,645,50842,118,52,1334,https://www.youtube.com/watch?v=rrITgJS6L18,81,37,219,https://www.youtube.com/watch?v=k0KtSHOiNHA,546,335,1334,https://www.youtube.com/watch?v=rrITgJS6L18,424,198,142,724,https://www.twitch.tv/videos/2750766730
adb7f358e8134f30ac0919a74c9d171b,638,13841,3,2,3,https://www.youtube.com/watch?v=skeYWpR9kiM,0,0,0,,3,2,3,https://www.youtube.com/watch?v=skeYWpR9kiM,2210,339,218,708,https://www.twitch.tv/videos/2750120777
9f585f607da24e26b05ccb7e06e1d4f1,638,87496,122,45,1428,https://www.youtube.com/watch?v=hA-NEMfFZUM,62,27,227,https://www.youtube.com/watch?v=2ReGbIlG_wk,939,306,1428,https://www.youtube.com/watch?v=hA-NEMfFZUM,527,0,0,0,
031da54f73f94adf8159ef0d3bfeb52b,636,67497,34,12,116,https://www.youtube.com/watch?v=Fr_bjsAIAq0,33,13,72,https://www.youtube.com/watch?v=5_W9oRA9ES8,116,2,116,https://www.youtube.com/watch?v=Fr_bjsAIAq0,0,0,0,0,
f1bcb26adebc4b95abd8fb779dfc4f6f,635,30811,122,43,1778,https://www.youtube.com/watch?v=q-_DA2no4fg,114,45,148,https://www.youtube.com/watch?v=1DhxKSehUVo,1778,26,1778,https://www.youtube.com/watch?v=q-_DA2no4fg,0,0,0,0,
6bb99d03979041aa909d87375acaf92d,635,108610,592,94,592,https://www.youtube.com/watch?v=w4PgibFmpF4,592,94,592,https://www.youtube.com/watch?v=w4PgibFmpF4,0,0,0,,0,0,0,0,
4c127c01ba31487599018fc81ff1a3dd,635,35996,0,0,0,,0,0,0,,0,0,0,,0,0,0,0,
e7f01ae0c78b4daeaaf8f3fe39946e8d,633,33378,37,9,73,https://www.youtube.com/watch?v=5k3TtIw48gU,37,9,73,https://www.youtube.com/watch?v=5k3TtIw48gU,0,0,0,,0,0,0,0,
ec332c6e824044698204e6dba3e5fbfc,633,12000,0,0,0,,0,0,0,,0,0,0,,567,0,0,0,
004e635d5d494045a810b2d026e769c7,631,61955,186,146,1142,https://www.youtube.com/watch?v=qQ1ddQVFs8k,186,146,262,https://www.youtube.com/watch?v=2zGYAC3iqlU,590,301,1142,https://www.youtube.com/watch?v=qQ1ddQVFs8k,0,0,0,0,
424043d4c55449cd9317bc0923c13299,631,264935,64,30,1221,https://www.youtube.com/watch?v=-J7i7TCloQI,37,12,77,https://www.youtube.com/watch?v=2j0m3PAI2LA,445,54,1221,https://www.youtube.com/watch?v=-J7i7TCloQI,279,0,0,0,
1f455594561b421da20dde10d1540981,630,44369,0,0,0,,0,0,0,,0,0,0,,6176,484,253,1434,https://www.twitch.tv/videos/2755879235
dc9cd2bc942d427d8cc73370d1194f9e,630,45534,115,75,341,https://www.youtube.com/watch?v=tXVbQrocWGM,115,75,341,https://www.youtube.com/watch?v=tXVbQrocWGM,0,0,0,,0,0,0,0,
5298121274154e4b9154e8ac47d98beb,630,36816,32,19,134,https://www.youtube.com/watch?v=3f-GnyF08_Q,32,19,134,https://www.youtube.com/watch?v=3f-GnyF08_Q,0,0,0,,0,0,0,0,
e55e67f2f7f64a6da7ae604df1652f5e,630,252233,94,67,109,https://www.youtube.com/watch?v=G-xWaqvQYG8,79,28,79,https://www.youtube.com/watch?v=UtMFRj_W-Ew,109,107,109,https://www.youtube.com/watch?v=G-xWaqvQYG8,0,0,0,0,
87e486b2a37549cbaccc95bbf7d3f253,629,40935,28,18,1185,https://www.youtube.com/watch?v=VgczWFbnB78,27,17,132,https://www.youtube.com/watch?v=SbPTbc-uhec,1185,848,1185,https://www.youtube.com/watch?v=VgczWFbnB78,2437,118,92,177,https://www.twitch.tv/videos/2751102828
e50da8792cd94b009eaa8dd4be738d59,627,2038,0,0,0,,0,0,0,,0,0,0,,1076,32,23,67,https://www.twitch.tv/videos/2755211916
fdb0805c65e24f13b7f23e50e0db8ae2,626,45793,793,600,1152,https://www.youtube.com/watch?v=aWUsrr3QOhw,0,0,0,,793,600,1152,https://www.youtube.com/watch?v=aWUsrr3QOhw,8710,893,700,1069,https://www.twitch.tv/videos/2753426273
54b80ca15e0c40f6abdebd37e0aa4ca1,624,14253,0,0,0,,0,0,0,,0,0,0,,670,206,149,253,https://www.twitch.tv/videos/2751837348
326a721a7a904cb9b5ed0dad4899d7c2,623,21444,425,405,839,https://www.youtube.com/watch?v=yExXFMYZ7IQ,0,0,0,,425,405,839,https://www.youtube.com/watch?v=yExXFMYZ7IQ,789,225,192,430,https://www.twitch.tv/videos/2750232742
6c2b07e387644ff1898d8c536747dcb0,623,20852,961,401,1417,https://www.youtube.com/watch?v=RU_KhMaK_IY,0,0,0,,961,401,1417,https://www.youtube.com/watch?v=RU_KhMaK_IY,308,0,0,0,
b16b9643e24d404a8de6d66551451b85,622,8865,36,7,71,https://www.youtube.com/watch?v=TcYBJapPL_I,36,7,71,https://www.youtube.com/watch?v=TcYBJapPL_I,0,0,0,,3310,0,0,0,
3e6f13f775fa4ef09ff9b26ce062eb52,622,1582,0,0,0,,0,0,0,,0,0,0,,306,0,0,0,
5e931b583dfe4fdc98d10e4dceaf2c93,621,23283,6,1,95,https://www.youtube.com/watch?v=Eez7IzygwcU,0,0,0,,6,1,95,https://www.youtube.com/watch?v=Eez7IzygwcU,1523,0,0,0,
b8ccfa7aec6a419ca8ad1a91d9fafdf6,621,0,0,0,0,,0,0,0,,0,0,0,,2333,128,91,176,https://www.twitch.tv/videos/2753831290
c1ca3c2282084d0ebbdeb3896801aec9,621,18997,0,0,0,,0,0,0,,0,0,0,,259,0,0,0,
0ad03ee6159c4d37a4feccbc49ba3dcf,620,56661,33,20,488,https://www.youtube.com/watch?v=zFlMJV26D4E,33,20,488,https://www.youtube.com/watch?v=zFlMJV26D4E,5,2,5,https://www.youtube.com/watch?v=ZQAMDGAKUNo,168,0,0,0,
dec8ff1f1ef243ccb8fa65edb7a813bd,620,872,0,0,0,,0,0,0,,0,0,0,,328,0,0,0,
e0823adb7a574647b6e395e70038509d,620,28056,991,310,1480,https://www.youtube.com/watch?v=XNMxYKlM21M,0,0,0,,991,310,1480,https://www.youtube.com/watch?v=XNMxYKlM21M,0,0,0,0,
c3945429509246f79c5f0a18594f696d,618,30111,37,35,37,https://www.youtube.com/watch?v=Kr1lBfHTm50,0,0,0,,37,35,37,https://www.youtube.com/watch?v=Kr1lBfHTm50,12839,3128,1166,5520,https://www.twitch.tv/videos/2755765659
e07cd7e29645414481d441fcfd4fd456,617,29099,4,2,5,https://www.youtube.com/watch?v=oBtS2Rl_wRU,0,0,0,,4,2,5,https://www.youtube.com/watch?v=oBtS2Rl_wRU,0,0,0,0,
12d506583827419e9eb3b64ec551a94d,617,32650,67,33,91,https://www.youtube.com/watch?v=rJEBJElcB9I,67,33,91,https://www.youtube.com/watch?v=rJEBJElcB9I,0,0,0,,24,0,0,0,
f5a99c6ea78e4023b1bc84c1502f432d,616,30959,18,6,313,https://www.youtube.com/watch?v=JVWx7yxZbpI,18,6,46,https://www.youtube.com/watch?v=qfqB6XeN4hA,188,169,313,https://www.youtube.com/watch?v=JVWx7yxZbpI,793,66,31,141,https://www.twitch.tv/videos/2733849036
66345fc8147b45e99d6eba1b0df6ba7c,616,31729,0,0,0,,0,0,0,,0,0,0,,0,0,0,0,
2ffa876173cb42bc8a1de004fe10e391,612,11672,0,0,0,,0,0,0,,0,0,0,,0,0,0,0,
17143fd7a2eb41aab006783b2584dda7,611,14710,0,0,0,,0,0,0,,0,0,0,,1030,0,0,0,
809ddec4aec2402ea41adeba2f8520ec,607,59291,272,42,796,https://www.youtube.com/watch?v=AxowdVcOiZE,0,0,0,,272,42,796,https://www.youtube.com/watch?v=AxowdVcOiZE,1211,198,165,269,https://www.twitch.tv/videos/2752664219
5507154831064d69906acc64c76b1c99,606,23191,0,0,0,,0,0,0,,0,0,0,,3162,481,146,890,https://www.twitch.tv/videos/2752794265
d02adf3818df4c9fa03ed90bf1df5b41,605,15464,15,11,28,https://www.youtube.com/watch?v=4GtNv3K6K1I,27,22,28,https://www.youtube.com/watch?v=4GtNv3K6K1I,3,2,3,https://www.youtube.com/watch?v=qaLIRXtQ0ro,0,0,0,0,
9760ffdb528f40a7bd010589f2ce06c4,605,29561,0,0,0,,0,0,0,,0,0,0,,785,72,51,72,https://www.twitch.tv/videos/2750898422
5d1f5182f62642a8a2e3ae5d3ead1014,601,51110,102,11,301,https://www.youtube.com/watch?v=YmD_jz6vZKc,99,28,181,https://www.youtube.com/watch?v=r68FUn9NdXE,127,8,301,https://www.youtube.com/watch?v=YmD_jz6vZKc,0,0,0,0,
7c781489389447e682388caccae7fb1c,600,21096,17,12,23,https://www.youtube.com/watch?v=cz4j1rBqxo0,0,0,0,,17,12,23,https://www.youtube.com/watch?v=cz4j1rBqxo0,1043,42,27,49,https://www.twitch.tv/videos/2749430727
8b0dbadf9faa4815923944437f1c1abb,600,72231,8,3,1278,https://www.youtube.com/watch?v=FQ-D-Vv67Qg,0,0,0,,8,3,1278,https://www.youtube.com/watch?v=FQ-D-Vv67Qg,0,0,0,0,
6142bdfa61cd4f3092263bfe477e8e0b,599,147139,66,45,73,https://www.youtube.com/watch?v=bxFqbu3FzLo,66,45,73,https://www.youtube.com/watch?v=bxFqbu3FzLo,0,0,0,,0,0,0,0,
20b9316c0979495fbff724be3442d4a4,599,141939,43,20,1845,https://www.youtube.com/watch?v=3btuJlJ44c8,28,16,93,https://www.youtube.com/watch?v=na_cX2Ycvfc,246,129,1845,https://www.youtube.com/watch?v=3btuJlJ44c8,17,0,0,0,
04ca68439fd14d088c77eb0069e6414f,598,55489,25,17,61,https://www.youtube.com/watch?v=7NiwgyyrD2Y,25,17,61,https://www.youtube.com/watch?v=7NiwgyyrD2Y,0,0,0,,348,66,49,113,https://www.twitch.tv/videos/2748511123
3f74c9c84fac427ea0e3d147c6027e82,596,17683,5,0,5,https://www.youtube.com/watch?v=rUhZ8B6dOf0,0,0,0,,5,0,5,https://www.youtube.com/watch?v=rUhZ8B6dOf0,0,0,0,0,
e4a78a4115b7463eb3e42f1cbbd59aa0,594,38487,0,0,0,,0,0,0,,0,0,0,,0,0,0,0,
da2113ffb3d74a6394685e68feaa7b60,592,144425,243,93,1697,https://www.youtube.com/watch?v=vUX4BSd2Iqk,30,10,40,https://www.youtube.com/watch?v=37txmpI2Nvw,266,107,1697,https://www.youtube.com/watch?v=vUX4BSd2Iqk,0,0,0,0,
3849edba2b2e411f8564e9c1d1aaaa51,592,72578,0,0,0,,0,0,0,,0,0,0,,0,0,0,0,
2fbd2ed36dc7493b8d3e95a19c2c9847,589,47464,53,26,295,https://www.youtube.com/watch?v=-GurZoN0Sgw,53,26,295,https://www.youtube.com/watch?v=-GurZoN0Sgw,0,0,0,,0,0,0,0,
defbc693cb874182807b768593439616,588,19095,0,0,0,,0,0,0,,0,0,0,,1605,180,53,228,https://www.twitch.tv/videos/2741246628
4cc07f3cbfed434090bba391bc15fd6d,587,39554,0,0,0,,0,0,0,,0,0,0,,1640,129,74,163,https://www.twitch.tv/videos/2747829374
1204e14e13fb4e1e9dcbd47e1a8dc7b2,585,15637,0,0,0,,0,0,0,,0,0,0,,711,0,0,0,
8c4d0ef0e1ee405e93be5d03974307ce,585,31029,66,35,76,https://www.youtube.com/watch?v=lJwv2XiSVR4,66,35,76,https://www.youtube.com/watch?v=lJwv2XiSVR4,0,0,0,,31,0,0,0,
7dc8617f6004470c8a65a67a9abdf661,584,19280,20,10,20,https://www.youtube.com/watch?v=QMLQqfmWr7M,20,10,20,https://www.youtube.com/watch?v=QMLQqfmWr7M,0,0,0,,248,0,0,0,
6f5a8075e60244cb8e74c6aa35daaa2a,582,29442,0,0,0,,0,0,0,,0,0,0,,0,0,0,0,
3de1f749e7fe4b219a2a10611311297f,582,22753,46,17,104,https://www.youtube.com/watch?v=OJ0l_gtBGNM,46,17,104,https://www.youtube.com/watch?v=OJ0l_gtBGNM,0,0,0,,353,0,0,0,
fcf160e0e39147b4b4037d1e4d18f076,580,69014,51,21,67,https://www.youtube.com/watch?v=gRI9NCvmTgo,51,21,67,https://www.youtube.com/watch?v=gRI9NCvmTgo,0,0,0,,0,0,0,0,
903278eb21a342669dc6f7eea7dbe618,576,18973,162,95,1036,https://www.youtube.com/watch?v=dqbwAuhlSiM,150,93,408,https://www.youtube.com/watch?v=fhnpo73QSN0,1036,923,1036,https://www.youtube.com/watch?v=dqbwAuhlSiM,0,0,0,0,
ff88906b47654805b8370426415f1183,575,20513,0,0,0,,0,0,0,,0,0,0,,3209,731,442,3412,https://www.twitch.tv/videos/2745253476
fad52a34935b402a819aa4bb504453da,574,29986,0,0,0,,0,0,0,,0,0,0,,0,0,0,0,
f9247dd02dd24e209eba623edcd8354b,574,55867,195,122,260,https://www.youtube.com/watch?v=RU-nrof7J54,0,0,0,,195,122,260,https://www.youtube.com/watch?v=RU-nrof7J54,518,0,0,0,
aa673b95b03540288c87dbaa59477ef9,573,37868,193,107,193,https://www.youtube.com/watch?v=xp0V8KJUMkY,193,107,193,https://www.youtube.com/watch?v=xp0V8KJUMkY,0,0,0,,0,0,0,0,
4859b57db8e043f1965e56324f137097,571,92507,899,702,899,https://www.youtube.com/watch?v=jXPVlwJeSVQ,0,0,0,,899,702,899,https://www.youtube.com/watch?v=jXPVlwJeSVQ,1949,506,335,699,https://www.twitch.tv/videos/2756548296
bedd14283dd34a639c5f77a95856ecad,570,20763,101,50,152,https://www.youtube.com/watch?v=BYkNj8-Z_bQ,101,50,152,https://www.youtube.com/watch?v=BYkNj8-Z_bQ,0,0,0,,0,0,0,0,
a05afa97381b4f96b02a1af859426f9c,568,54508,192,85,1844,https://www.youtube.com/watch?v=ZMWWggz90lQ,111,54,359,https://www.youtube.com/watch?v=Ud-kHR0o83c,966,270,1844,https://www.youtube.com/watch?v=ZMWWggz90lQ,0,0,0,0,
7179f903569e4fa9842b5c5ea3f7a645,567,34204,46,2,60,https://www.youtube.com/watch?v=HPpY3bGdN58,46,2,60,https://www.youtube.com/watch?v=HPpY3bGdN58,0,0,0,,637,0,0,0,
993f7baff5d24cf69d077e30f7fd1a9d,566,26266,0,0,0,,0,0,0,,0,0,0,,0,0,0,0,
32ce3b3861fe4b5a98d5adc9a704bbf1,566,25728,738,450,5909,https://www.youtube.com/watch?v=iDo-1k4ZF5U,481,468,499,https://www.youtube.com/watch?v=kae_GFLmyRU,3232,379,5909,https://www.youtube.com/watch?v=iDo-1k4ZF5U,28,0,0,0,
c4ad3b6c4fe94f9a8142895fd869dfb9,566,4544,12,7,13,https://www.youtube.com/watch?v=PIqXGdqpN7E,0,0,0,,12,7,13,https://www.youtube.com/watch?v=PIqXGdqpN7E,1477,397,318,483,https://www.twitch.tv/videos/2750846433
3e7ef261eb21464eacd7d26a1e6c2fcc,564,26009,85,52,134,https://www.youtube.com/watch?v=Vw4LWZDZ8Qc,85,52,134,https://www.youtube.com/watch?v=Vw4LWZDZ8Qc,0,0,0,,0,0,0,0,
3353f8693d7b4caa82abeb2de3d89815,564,19473,25,13,51,https://www.youtube.com/watch?v=Zi6pJqTFR8U,25,14,51,https://www.youtube.com/watch?v=Zi6pJqTFR8U,9,2,14,https://www.youtube.com/watch?v=Dc7CEkbTcoA,1624,313,250,634,https://www.twitch.tv/videos/2749536507
df6e2520044744f0957a83db74b386bb,562,15579,0,0,0,,0,0,0,,0,0,0,,0,0,0,0,
5e259658ed814cc894dfe408d10ecc6e,562,31073,119,20,133,https://www.youtube.com/watch?v=LmweZDgnhBA,119,20,133,https://www.youtube.com/watch?v=LmweZDgnhBA,0,0,0,,0,0,0,0,
ab24c13e4bff4ff8909a7650260f8b19,561,30784,55,35,1818,https://www.youtube.com/watch?v=_BXK1fEIqNE,53,26,103,https://www.youtube.com/watch?v=e2ChJIDeaqI,1476,557,1818,https://www.youtube.com/watch?v=_BXK1fEIqNE,0,0,0,0,
ee5418c900a7400fa44c821eaaca0218,561,9882,33,7,46,https://www.youtube.com/watch?v=fjDO983iWlc,0,0,0,,33,7,46,https://www.youtube.com/watch?v=fjDO983iWlc,620,20,12,38,https://www.twitch.tv/videos/2747036977
318268a48a3c47b7a56609c204d02b03,560,15093,0,0,0,,0,0,0,,0,0,0,,3281,148,122,618,https://www.twitch.tv/videos/2747633821
ba795eb1ea0f4fea888b1bfff3d5be86,559,68950,51,10,100,https://www.youtube.com/watch?v=J5R3IaF39qQ,0,0,0,,51,10,100,https://www.youtube.com/watch?v=J5R3IaF39qQ,3429,0,0,0,
6542ad533b67427ab99e5b2277ace17d,559,15581,0,0,0,,0,0,0,,0,0,0,,0,0,0,0,
22b0dfc3703e477d9ce6880cdbfafd91,558,23633,0,0,0,,0,0,0,,0,0,0,,2341,265,170,842,https://www.twitch.tv/videos/2757352234
52ff14aabd804801a6e589681fc2fb4d,557,70797,21,2,43,https://www.youtube.com/watch?v=fDZ7GXcQico,0,0,0,,21,2,43,https://www.youtube.com/watch?v=fDZ7GXcQico,1620,0,0,0,
8a19d25c92fe4b3194f1211d503d6d4d,556,53240,1454,23,1454,https://www.youtube.com/watch?v=JW_5hB-ThVg,0,0,0,,1454,23,1454,https://www.youtube.com/watch?v=JW_5hB-ThVg,0,0,0,0,
5908563b5c944c7b919b08e5233a8a5a,556,134201,11,7,28,https://www.youtube.com/watch?v=dmiLLLhPoAM,0,0,0,,11,7,28,https://www.youtube.com/watch?v=dmiLLLhPoAM,963,60,46,112,https://www.twitch.tv/videos/2753499402
21c8f34b3284456792c28b2ce7290589,555,23912,0,0,0,,0,0,0,,0,0,0,,0,0,0,0,
21f5355738614770afb34b761a4c45af,550,4357,0,0,0,,0,0,0,,0,0,0,,0,0,0,0,
f5493e350f514aae860e4fbc529adf4c,550,336,0,0,0,,0,0,0,,0,0,0,,0,0,0,0,
b76eb671dc62463fb845025be34526b7,548,3936,238,113,425,https://www.youtube.com/watch?v=ynO-ONDlz50,0,0,0,,238,113,425,https://www.youtube.com/watch?v=ynO-ONDlz50,0,0,0,0,
9fba4ecf861140acb418c343a475f99c,548,49189,101,31,167,https://www.youtube.com/watch?v=g9Pstgb1cs0,101,31,167,https://www.youtube.com/watch?v=g9Pstgb1cs0,0,0,0,,102,0,0,0,
1760601b33854f2ab58b6217bd2cfedf,547,34125,71,22,100,https://www.youtube.com/watch?v=08JqpB8zdwA,71,22,100,https://www.youtube.com/watch?v=08JqpB8zdwA,0,0,0,,0,0,0,0,
82d775c8bb1740c0a6db1037d3bf5fe0,546,14418,46,14,87,https://www.youtube.com/watch?v=bvjB1L48B1o,46,14,87,https://www.youtube.com/watch?v=bvjB1L48B1o,0,0,0,,0,0,0,0,
6503172c78774a0fa639255ac2e7e85a,545,20691,23,9,45,https://www.youtube.com/watch?v=QlwR8a3q7_E,31,17,45,https://www.youtube.com/watch?v=QlwR8a3q7_E,16,5,20,https://www.youtube.com/watch?v=HREXe9gCk90,0,0,0,0,
d613059b356d4cc9b1c3e998f32d1a5a,545,20880,0,0,0,,0,0,0,,0,0,0,,6489,1294,657,1828,https://www.twitch.tv/videos/2742020284
746abd9861714105823ebfb2a18f6fdc,544,43278,35,13,104,https://www.youtube.com/watch?v=PEMEK7Ble5Y,35,13,104,https://www.youtube.com/watch?v=PEMEK7Ble5Y,0,0,0,,0,0,0,0,
25262970b019418badba15bc46f9c048,540,116117,42,18,159,https://www.youtube.com/watch?v=83r0eK4V2po,42,18,159,https://www.youtube.com/watch?v=83r0eK4V2po,0,0,0,,456,204,70,312,https://www.twitch.tv/videos/2742638461
7c6c40e2c7b64a6997fb2173f446860f,539,37314,130,50,1366,https://www.youtube.com/watch?v=Y81oQxIDth4,130,50,1366,https://www.youtube.com/watch?v=Y81oQxIDth4,0,0,0,,8,0,0,0,
433b2802b62441a39c721400926d59eb,537,20828,97,44,716,https://www.youtube.com/watch?v=yJ6vTGwI3HI,97,44,716,https://www.youtube.com/watch?v=yJ6vTGwI3HI,0,0,0,,0,0,0,0,
0e136a936a574815a311e6e801ce3ca6,536,21101,5,2,6,https://www.youtube.com/watch?v=Mg6yDbsgWzM,0,0,0,,5,2,6,https://www.youtube.com/watch?v=Mg6yDbsgWzM,33,0,0,0,
b359f595b54b4edc8969423a8b5658ff,532,30648,0,0,0,,0,0,0,,0,0,0,,0,0,0,0,
36ad63809a2441c9b85f7ee628136ce3,531,78279,85,35,1582,https://www.youtube.com/watch?v=g3qoCVPo1XM,58,23,129,https://www.youtube.com/watch?v=05N12bIw664,382,183,1582,https://www.youtube.com/watch?v=g3qoCVPo1XM,22,0,0,0,
7344fd4a1019434792afd863eddb4250,530,35689,0,0,0,,0,0,0,,0,0,0,,1559,273,216,487,https://www.twitch.tv/videos/2757495477
c6704a4edfef443ba46ba7f0db0c4ff9,530,13791,0,0,0,,0,0,0,,0,0,0,,0,0,0,0,
f072e780d0c84ca08c27020e1f2de365,529,15135,6,3,13,https://www.youtube.com/watch?v=sKBLansLXbQ,0,0,0,,6,3,13,https://www.youtube.com/watch?v=sKBLansLXbQ,695,26,15,41,https://www.twitch.tv/videos/2747134186
7dd6c13c71ee452e9a85dec903f2ee15,528,30253,104,58,1748,https://www.youtube.com/watch?v=kw9CrbhV2Bg,83,58,104,https://www.youtube.com/watch?v=99zyinqCt90,1622,53,1748,https://www.youtube.com/watch?v=kw9CrbhV2Bg,0,0,0,0,
1e131b3460564fd49ca9675ead6ad9c6,528,29046,202,73,1875,https://www.youtube.com/watch?v=175SGJZmS_s,128,42,416,https://www.youtube.com/watch?v=c4Q0cRdDnM0,1473,239,1875,https://www.youtube.com/watch?v=175SGJZmS_s,0,0,0,0,
07f20f05bef0432e8644e1bee798ef46,527,20836,172,116,703,https://www.youtube.com/watch?v=wR7FcKc82eI,148,47,229,https://www.youtube.com/watch?v=KnzsGreoHIM,439,323,703,https://www.youtube.com/watch?v=wR7FcKc82eI,0,0,0,0,
54c49dea17ad4eb5aeb7ce1698dc01be,526,31975,72,31,1216,https://www.youtube.com/watch?v=g2pGDcL06ng,56,11,127,https://www.youtube.com/watch?v=XqtQc4Gav3g,1177,731,1216,https://www.youtube.com/watch?v=g2pGDcL06ng,117,0,0,0,
bd7947d2357941039893b911b18f3b4c,525,42716,124,37,291,https://www.youtube.com/watch?v=TX66v9RNEGs,124,37,291,https://www.youtube.com/watch?v=TX66v9RNEGs,0,0,0,,650,69,53,110,https://www.twitch.tv/videos/2751703486
01d150623c984f3d8d7de4b1859afadd,525,10849,2,0,4,https://www.youtube.com/watch?v=2VBpu18ysvg,0,0,0,,2,0,4,https://www.youtube.com/watch?v=2VBpu18ysvg,0,0,0,0,
586377912f314b4d8c3be33760526ae0,525,20716,0,0,0,,0,0,0,,0,0,0,,0,0,0,0,
1e4f8348a36e4ab3abda426f1810513a,525,13353,0,0,0,,0,0,0,,0,0,0,,0,0,0,0,
d6afb902dbe04e35ab52f961f538f9bd,524,22902,0,0,0,,0,0,0,,0,0,0,,121,0,0,0,
14392ae1c106403ab690e8a6dea7c534,523,36105,118,51,219,https://www.youtube.com/watch?v=Mx4fF-v-NFg,118,51,219,https://www.youtube.com/watch?v=Mx4fF-v-NFg,0,0,0,,0,0,0,0,
aa182728aa6d44c4ae37caa7cdb8ed29,521,21615,0,0,0,,0,0,0,,0,0,0,,222,0,0,0,
b7b1cb60f1c24c0ea4fb1f506d3e247a,521,14184,5,3,5,https://www.youtube.com/watch?v=7UGnRUHrDZI,0,0,0,,5,3,5,https://www.youtube.com/watch?v=7UGnRUHrDZI,1544,361,266,383,https://www.twitch.tv/videos/2754172231
a6b0f8c8343041f0b1ea96c46ee4e582,518,17389,50,27,77,https://www.youtube.com/watch?v=8dZ25PTHxfc,53,28,77,https://www.youtube.com/watch?v=8dZ25PTHxfc,33,23,33,https://www.youtube.com/watch?v=opcbPqBNxHc,207,20,16,42,https://www.twitch.tv/videos/2755865049
3750eae778e9453eaeee75956a8dabc6,518,8638,0,0,0,,0,0,0,,0,0,0,,2516,212,160,212,https://www.twitch.tv/videos/2751965396
100af980504b4bd38c8b2192d1e71b29,517,31296,48,28,175,https://www.youtube.com/watch?v=QrIYzq4pOME,48,28,175,https://www.youtube.com/watch?v=QrIYzq4pOME,0,0,0,,0,0,0,0,
d6827fe530ca4db4b748651c72e81ead,516,13373,43,22,369,https://www.youtube.com/watch?v=zxg8gqxquaI,43,19,100,https://www.youtube.com/watch?v=oKvu7Zlj8YM,369,157,369,https://www.youtube.com/watch?v=zxg8gqxquaI,240,36,25,68,https://www.twitch.tv/videos/2755856265
3f2e41bdee4145f59fa97830ba3f5edb,516,16313,0,0,0,,0,0,0,,0,0,0,,2483,426,284,530,https://www.twitch.tv/videos/2747909111
7731172cfcaa4e668762473a7b9d509a,515,14770,352,284,352,https://www.youtube.com/watch?v=IrQWSYXDZRE,0,0,0,,352,284,352,https://www.youtube.com/watch?v=IrQWSYXDZRE,745,0,0,0,
2bffdc20e3cb48de9bf46600f62d248e,514,26847,0,0,0,,0,0,0,,0,0,0,,286,0,0,0,
41ad2f1c78f0406ab5460f38115002d7,514,21544,35,15,52,https://www.youtube.com/watch?v=57PUQfo7qfI,35,15,52,https://www.youtube.com/watch?v=57PUQfo7qfI,0,0,0,,0,0,0,0,
ffdc53dc3c764656a2f76031ee262b60,513,7284,0,0,0,,0,0,0,,0,0,0,,231,0,0,0,
4dc4dc5b3dc24cb193ec2a127059c194,511,44847,109,42,1299,https://www.youtube.com/watch?v=5YJspOkO-8g,87,38,205,https://www.youtube.com/watch?v=cO7XHyVSLRY,346,158,1299,https://www.youtube.com/watch?v=5YJspOkO-8g,0,0,0,0,
37e88453b9cb48b1863bc455328b34c1,510,7911,0,0,0,,0,0,0,,0,0,0,,1485,276,182,403,https://www.twitch.tv/videos/2747096237
52136fb3529d4f5eb5225ade4209b8b3,509,12083,0,0,0,,0,0,0,,0,0,0,,0,0,0,0,
ce013f56157740e59c7735bd51356260,507,23160,0,0,0,,0,0,0,,0,0,0,,365,0,0,0,
17a340801a7d4697be53c472c621993d,506,25676,0,0,0,,0,0,0,,0,0,0,,788,196,142,289,https://www.twitch.tv/videos/2753647710
9099b86c3fe84a138b0bc1f258bca138,505,21424,38,14,38,https://www.youtube.com/watch?v=BTtDhapKOg0,38,14,38,https://www.youtube.com/watch?v=BTtDhapKOg0,0,0,0,,0,0,0,0,
619f48c4546c481bbc52aadc12c3e48f,505,6592,66,2,66,https://www.youtube.com/watch?v=sMU9KPfvQrs,0,0,0,,66,2,66,https://www.youtube.com/watch?v=sMU9KPfvQrs,2382,593,368,739,https://www.twitch.tv/videos/2754949308
7a570b5273ae4e359a6491aba1313011,503,13810,0,0,0,,0,0,0,,0,0,0,,4237,294,265,2356,https://www.twitch.tv/videos/2745366023
a1f8a0af53c34922b0c66ebdf4b3381d,502,8215,86,35,86,https://www.youtube.com/watch?v=d7CD-5gnIfg,86,35,86,https://www.youtube.com/watch?v=d7CD-5gnIfg,0,0,0,,62,0,0,0,
cd1224f4756340c594f3c36245e9b4d4,501,140210,470,214,1240,https://www.youtube.com/watch?v=SQD2LaGR_FQ,0,0,0,,470,214,1240,https://www.youtube.com/watch?v=SQD2LaGR_FQ,2047,0,0,0,
780ca962f78b49d580c8a078b0525d25,497,14413,2913,881,4614,https://www.youtube.com/watch?v=hPxmva3se2Y,0,0,0,,2913,881,4614,https://www.youtube.com/watch?v=hPxmva3se2Y,0,0,0,0,
09c9c71c41e24e7d9498ce41a78dae1c,496,13343,0,0,0,,0,0,0,,0,0,0,,465,0,0,0,
b0df22881775422093e3e64a63b01a5a,496,55901,18,10,18,https://www.youtube.com/watch?v=UTZ8U3WqZCk,18,10,18,https://www.youtube.com/watch?v=UTZ8U3WqZCk,0,0,0,,155,0,0,0,
8db6aab32c8e45c8a70d0850bfcd3e5c,495,27156,55,35,59,https://www.youtube.com/watch?v=XctcEDylwqw,55,35,59,https://www.youtube.com/watch?v=XctcEDylwqw,0,0,0,,154,14,8,21,https://www.twitch.tv/videos/2749444197
1a95847597f04ae39d6f0d9caba04a5f,495,18703,0,0,0,,0,0,0,,0,0,0,,1520,413,292,870,https://www.twitch.tv/videos/2756525483
442edbdb59fe4979a2be3e5183258cf8,495,22309,38,9,56,https://www.youtube.com/watch?v=fSe1q7TZY_8,38,9,56,https://www.youtube.com/watch?v=fSe1q7TZY_8,0,0,0,,0,0,0,0,
323c21f9e49f47d48609f698a3f81fd5,492,5971,30,7,47,https://www.youtube.com/watch?v=C7BojIoOXFw,30,7,47,https://www.youtube.com/watch?v=C7BojIoOXFw,0,0,0,,0,0,0,0,
87df5b92303e4410884b8c52ff2c4e0d,491,33948,121,22,2926,https://www.youtube.com/watch?v=laGknklRs1s,0,0,0,,121,22,2926,https://www.youtube.com/watch?v=laGknklRs1s,1110,376,341,482,https://www.twitch.tv/videos/2757413012
e53ab7560fbc44fcba0dc3b7dceff697,491,9773,83,26,83,https://www.youtube.com/watch?v=NXT4hoBgt0M,83,26,83,https://www.youtube.com/watch?v=NXT4hoBgt0M,0,0,0,,0,0,0,0,
e306270e80094416818cfddb33153419,489,18408,0,0,0,,0,0,0,,0,0,0,,0,0,0,0,
54355102572e408183af55831cb98e3a,488,27971,57,18,61,https://www.youtube.com/watch?v=imzAeDVQb6I,57,18,61,https://www.youtube.com/watch?v=imzAeDVQb6I,0,0,0,,179,0,0,0,
cbee87914d63402b825bf74d25333236,487,16507,114,38,137,https://www.youtube.com/watch?v=u8CXqbGbGVo,114,38,137,https://www.youtube.com/watch?v=u8CXqbGbGVo,0,0,0,,0,0,0,0,
6cc5ac707eed4f9e9b5bc7b2f970fe1b,484,18263,128,54,1455,https://www.youtube.com/watch?v=erccaU9Efsw,72,52,88,https://www.youtube.com/watch?v=yFBAlgaigC4,268,83,1455,https://www.youtube.com/watch?v=erccaU9Efsw,0,0,0,0,
2103bcf7923d4f74b2d043bffef71cc1,484,28111,280,195,286,https://www.youtube.com/watch?v=O6FKIY9SaGE,0,0,0,,280,195,286,https://www.youtube.com/watch?v=O6FKIY9SaGE,0,0,0,0,
84111bbae2be41ea96c8b2f6c755f00c,484,16224,90,19,1609,https://www.youtube.com/watch?v=GW3zTazLWJQ,90,19,125,https://www.youtube.com/watch?v=NMw6QNret58,1609,450,1609,https://www.youtube.com/watch?v=GW3zTazLWJQ,1506,202,135,355,https://www.twitch.tv/videos/2747844390
c699beab8e8a4064849c977b67058447,484,21589,36,9,36,https://www.youtube.com/watch?v=GWkjMhPAGwY,36,9,36,https://www.youtube.com/watch?v=GWkjMhPAGwY,0,0,0,,1162,0,0,0,
21507f58118d406b87fd42a39c87855a,483,15078,67,35,164,https://www.youtube.com/watch?v=jbxHF1nx4vk,67,35,164,https://www.youtube.com/watch?v=jbxHF1nx4vk,0,0,0,,0,0,0,0,
994fcc5db40840ae990cf1ce43728548,483,8729,39,28,39,https://www.youtube.com/watch?v=aKmU0gx-qq0,39,28,39,https://www.youtube.com/watch?v=aKmU0gx-qq0,0,0,0,,0,0,0,0,
0c2cb722c6ab4e3890139c922c80d4d8,483,4046,0,0,0,,0,0,0,,0,0,0,,194,0,0,0,
b511c9a0eba7474fbb8ac8d02ff357b7,482,60669,52,23,91,https://www.youtube.com/watch?v=_AcMPNN708c,45,18,91,https://www.youtube.com/watch?v=_AcMPNN708c,57,50,57,https://www.youtube.com/watch?v=ZKtf-azm15M,0,0,0,0,
91f5b04be2e74f64b03e0774cc275748,482,21015,0,0,0,,0,0,0,,0,0,0,,0,0,0,0,
acb95c574d8444cd80102796e0d56edd,482,65911,108,6,173,https://www.youtube.com/watch?v=5o8zL_vpdX8,108,6,173,https://www.youtube.com/watch?v=5o8zL_vpdX8,0,0,0,,221,0,0,0,
7677c9c71c0a4decad1472b7ecc604bb,480,5991,0,0,0,,0,0,0,,0,0,0,,491,0,0,0,
9959d43cae9b49dbbcd666f742322b4a,480,26747,0,0,0,,0,0,0,,0,0,0,,624,36,23,73,https://www.twitch.tv/videos/2746230253
533e7b1b50ba448292c09c5845d68eb6,478,8931,80,19,85,https://www.youtube.com/watch?v=A5n26Bkb9DE,80,19,85,https://www.youtube.com/watch?v=A5n26Bkb9DE,0,0,0,,260,98,67,98,https://www.twitch.tv/videos/2750190767
423ee3a5dbd549f19893a1823856b8dc,476,66923,301,100,1779,https://www.youtube.com/watch?v=3KjbFtPPPKw,36,18,46,https://www.youtube.com/watch?v=IyouWX5FCbc,373,153,1779,https://www.youtube.com/watch?v=3KjbFtPPPKw,488,43,26,71,https://www.twitch.tv/videos/2751568705
b88a2e77cd7b4758925642f63b58051a,475,25528,108,57,860,https://www.youtube.com/watch?v=ad3EQlZNKN8,103,47,148,https://www.youtube.com/watch?v=iiwcBxUDZuA,860,774,860,https://www.youtube.com/watch?v=ad3EQlZNKN8,0,0,0,0,
6695a7e8f824489881f2c321501a36a6,473,24504,12,8,31,https://www.youtube.com/watch?v=x5fO-IeMIk0,12,8,31,https://www.youtube.com/watch?v=x5fO-IeMIk0,0,0,0,,0,0,0,0,
95df3846ff6644429227e9e058994ad8,473,23797,65,21,109,https://www.youtube.com/watch?v=OzhE2L6y358,65,21,109,https://www.youtube.com/watch?v=OzhE2L6y358,0,0,0,,0,0,0,0,
83f96fd6cab64f4da581c50cd2a31b82,471,5778,0,0,0,,0,0,0,,0,0,0,,4054,839,444,2214,https://www.twitch.tv/videos/2752288098
59e3094256344f8c83a3f4355b8b667b,471,3520,0,0,0,,0,0,0,,0,0,0,,2632,210,140,361,https://www.twitch.tv/videos/2747824869
6d1b01658ae74a7f91c7f60b5abe1cb2,471,44171,52,25,129,https://www.youtube.com/watch?v=vGOi5Rv5fhw,55,27,129,https://www.youtube.com/watch?v=vGOi5Rv5fhw,21,0,21,https://www.youtube.com/watch?v=ETKrSog-0Nw,0,0,0,0,
d2da40bb201e49ddbd6a8780bfaf8b63,471,13992,73,70,76,https://www.youtube.com/watch?v=2-0bx3XzzqY,76,73,76,https://www.youtube.com/watch?v=2-0bx3XzzqY,71,66,71,https://www.youtube.com/watch?v=I8t2xdK9WME,1313,90,85,226,https://www.twitch.tv/videos/2755848526
7652b3bd3da6418cbf02c85057077b54,471,11229,26,9,61,https://www.youtube.com/watch?v=WdGJ6bOo0B0,26,9,61,https://www.youtube.com/watch?v=WdGJ6bOo0B0,0,0,0,,280,0,0,0,
085ed0ddc3294678b9570fdbcf581c64,470,140,0,0,0,,0,0,0,,0,0,0,,31201,704,351,1620,https://www.twitch.tv/videos/2741883911
2ccdc43de33c478192767afae6309f06,470,69015,29,16,1893,https://www.youtube.com/watch?v=EM5agGRjCD4,29,16,46,https://www.youtube.com/watch?v=yN5UTlMxVsc,282,91,1893,https://www.youtube.com/watch?v=EM5agGRjCD4,279,87,71,179,https://www.twitch.tv/videos/2755864443
294b1c29030244c784387782c0cb6aee,468,13400,0,0,0,,0,0,0,,0,0,0,,0,0,0,0,
23335565d59c404080e9c06f437b011b,467,71557,8,3,18,https://www.youtube.com/watch?v=y8IXyq1EfeA,8,3,18,https://www.youtube.com/watch?v=y8IXyq1EfeA,0,0,0,,1137,207,149,284,https://www.twitch.tv/videos/2757397761
3513b73ded994bc3a92a70c9632c9856,467,7917,0,0,0,,0,0,0,,0,0,0,,7019,422,127,692,https://www.twitch.tv/videos/2737294173
fb17cff93fa94c8ea8b052f497f27fb4,465,21755,0,0,0,,0,0,0,,0,0,0,,17,0,0,0,
4abb927b8dc049768d63b4a8e229e8cc,464,0,0,0,0,,0,0,0,,0,0,0,,0,0,0,0,
451162e7f4c041edb3447732eba1937a,464,3131,0,0,0,,0,0,0,,0,0,0,,111,69,35,69,https://www.twitch.tv/videos/2746221135
e41bf48a09d64e4aa3d96064a9a63b08,464,75926,0,0,0,,0,0,0,,0,0,0,,71,0,0,0,
2dc29f6b05584c718c60034af9883496,463,101911,0,0,0,,0,0,0,,0,0,0,,0,0,0,0,
037bc9366d5949b0877707007b4b1ed5,463,19049,0,0,0,,0,0,0,,0,0,0,,357,132,122,506,https://www.twitch.tv/videos/2756724954
2df2e0bc14fa4450a0d17d294b5a0bc0,462,31759,0,0,0,,0,0,0,,0,0,0,,0,0,0,0,
6f0d9d64bb6a4a81af1e84a72d30f5b8,461,19473,125,60,1163,https://www.youtube.com/watch?v=p2Z2r33KIP0,92,60,416,https://www.youtube.com/watch?v=uT_zpaVaTCM,766,143,1163,https://www.youtube.com/watch?v=p2Z2r33KIP0,130,45,31,124,https://www.twitch.tv/videos/2749306982
7d53d75ac36b4faea2450918f84dada3,461,13082,117,54,1301,https://www.youtube.com/watch?v=310W7Ih3xOg,113,42,149,https://www.youtube.com/watch?v=ol7b9GAM1eU,1301,887,1301,https://www.youtube.com/watch?v=310W7Ih3xOg,0,0,0,0,
c822d7ffe24248fdbca2f3b1bdfd1139,461,86335,0,0,0,,0,0,0,,0,0,0,,3038,0,0,0,
9189101a4bb740de969b772dde92125a,459,5840,0,0,0,,0,0,0,,0,0,0,,1154,0,0,0,
5e5a5e77c39148ef8f31ccc1c63fdcd4,458,7938,0,0,0,,0,0,0,,0,0,0,,48,0,0,0,
3981c01691a44d708da1191e9546eaad,457,31010,32,22,140,https://www.youtube.com/watch?v=BhS7TO_PXH8,32,22,140,https://www.youtube.com/watch?v=BhS7TO_PXH8,0,0,0,,0,0,0,0,
62ca936be6c645a7bf2222b67086800a,457,38144,0,0,0,,0,0,0,,0,0,0,,1119,0,0,0,
33546b9ad5a8408589405f9467063dd7,456,8171,935,848,935,https://www.youtube.com/watch?v=jBcRHOEanVQ,0,0,0,,935,848,935,https://www.youtube.com/watch?v=jBcRHOEanVQ,3577,249,125,1186,https://www.twitch.tv/videos/2748681762
156c4271fe17425bb02fd7b24f5a2a7a,456,6678,0,0,0,,0,0,0,,0,0,0,,0,0,0,0,
af41302aa9184c2dbc25d2ed16e878fc,455,84085,31,22,251,https://www.youtube.com/watch?v=53Hdgldt6WE,29,21,53,https://www.youtube.com/watch?v=uPSz3CDy28k,251,245,251,https://www.youtube.com/watch?v=53Hdgldt6WE,226,0,0,0,
238b4a68bcde4f3bbf18b0b01f66ec43,454,27798,67,10,67,https://www.youtube.com/watch?v=Cj4MqD96w5Y,67,10,67,https://www.youtube.com/watch?v=Cj4MqD96w5Y,0,0,0,,0,0,0,0,
6926325d2c1c4c4e87f7be69ab675d53,454,100182,57,34,1003,https://www.youtube.com/watch?v=RwTXsER1Tj8,54,27,146,https://www.youtube.com/watch?v=XDHl4nmqUxo,574,139,1003,https://www.youtube.com/watch?v=RwTXsER1Tj8,0,0,0,0,
09945e9139af4f3a96e6adfd73139d35,454,16252,0,0,0,,0,0,0,,0,0,0,,1579,168,126,187,https://www.twitch.tv/videos/2751897597
9e3222bedec44f1a8fecdc237c020cbd,452,135406,60,44,100,https://www.youtube.com/watch?v=nsmWbZdpLaI,0,0,0,,60,44,100,https://www.youtube.com/watch?v=nsmWbZdpLaI,329,0,0,0,
88917b370d0041d8be65372342c92523,451,24229,5,3,80,https://www.youtube.com/watch?v=hQMDR6CfQeg,0,0,0,,5,3,80,https://www.youtube.com/watch?v=hQMDR6CfQeg,1507,322,231,358,https://www.twitch.tv/videos/2755780895
6c9b67b00b3c4940a6af6a6604b0b1fd,451,12118,0,0,0,,0,0,0,,0,0,0,,0,0,0,0,
1bf9786ba55042b9ae3294dadfc7b40d,450,16603,51,30,1694,https://www.youtube.com/watch?v=txyFC36jTi4,49,26,130,https://www.youtube.com/watch?v=VQDawIvMp4k,812,392,1694,https://www.youtube.com/watch?v=txyFC36jTi4,0,0,0,0,
da165e838dfe49aea3f91457f3825657,450,10390,25,12,32,https://www.youtube.com/watch?v=hpwwm4uhZZY,0,0,0,,25,12,32,https://www.youtube.com/watch?v=hpwwm4uhZZY,0,0,0,0,
7b578956fab14341919193c03ca3ab32,450,11031,29,14,48,https://www.youtube.com/watch?v=hCwVP_OaKB0,29,14,48,https://www.youtube.com/watch?v=hCwVP_OaKB0,0,0,0,,0,0,0,0,
c6e955ae1fce48678120bc086a436073,450,21188,97,16,97,https://www.youtube.com/watch?v=soqaMlZiAUM,97,16,97,https://www.youtube.com/watch?v=soqaMlZiAUM,0,0,0,,0,0,0,0,
3434e3ca02904364b763c86e75fa6d4a,448,71374,0,0,0,,0,0,0,,0,0,0,,1457,0,0,0,
c232b3088a6e49b997b325d5de9a3013,447,16015,62,34,491,https://www.youtube.com/watch?v=NaKZP7mxHws,57,32,134,https://www.youtube.com/watch?v=z0dqITI0K4c,491,257,491,https://www.youtube.com/watch?v=NaKZP7mxHws,144,0,0,0,
d017bd7855e547298906060f0e9b442e,445,13053,2774,317,2774,https://www.youtube.com/watch?v=3jHA7Bnxhx4,0,0,0,,2774,317,2774,https://www.youtube.com/watch?v=3jHA7Bnxhx4,1465,60,39,81,https://www.twitch.tv/videos/2747790071
42ff41f7d6884ae8b93ed46415376d83,443,12706,113,53,113,https://www.youtube.com/watch?v=7HtxtXVC0ZQ,113,53,113,https://www.youtube.com/watch?v=7HtxtXVC0ZQ,0,0,0,,0,0,0,0,
51f3508054da4987b4e8f659e4d28d1d,443,2791,1431,879,1431,https://www.youtube.com/watch?v=Pry75HlCrrM,0,0,0,,1431,879,1431,https://www.youtube.com/watch?v=Pry75HlCrrM,4857,625,201,2131,https://www.twitch.tv/videos/2734605725
c92baa46ff4e41c9918ad2427c0853d6,441,24254,0,0,0,,0,0,0,,0,0,0,,4548,308,125,447,https://www.twitch.tv/videos/2756774843
6ec876adec524585af913c1585e8df1f,441,8919,0,0,0,,0,0,0,,0,0,0,,1570,0,0,0,
ffffcd6d454a4e77a215927a82c460bc,440,100031,905,419,4508,https://www.youtube.com/watch?v=Lh-zhWVnXNI,0,0,0,,905,419,4508,https://www.youtube.com/watch?v=Lh-zhWVnXNI,986,141,104,181,https://www.twitch.tv/videos/2748599367
e802007cbda74a0bb3a41f4ebcae7f47,440,9439,1445,1050,3258,https://www.youtube.com/watch?v=cjCYKvzPuhc,0,0,0,,1445,1050,3258,https://www.youtube.com/watch?v=cjCYKvzPuhc,0,0,0,0,
e5eb10612f5c4b069928fc1a71ad8e7d,440,50470,71,28,1729,https://www.youtube.com/watch?v=5Io-TVoMzrA,49,27,258,https://www.youtube.com/watch?v=ofKUUL5c6f0,859,154,1729,https://www.youtube.com/watch?v=5Io-TVoMzrA,0,0,0,0,
10550198223845c9a95ff1993088b464,439,6609,0,0,0,,0,0,0,,0,0,0,,0,0,0,0,
64d9adbc552c487db0cdf42ac3845e18,436,37731,0,0,0,,0,0,0,,0,0,0,,70,0,0,0,
c5ac07b79a304f37b039266446fd4f3b,436,24667,151,121,151,https://www.youtube.com/watch?v=mXGHG0enY3Q,151,121,151,https://www.youtube.com/watch?v=mXGHG0enY3Q,0,0,0,,0,0,0,0,
73abc31606db493f971f679dfde4f7e5,435,49440,63,22,1909,https://www.youtube.com/watch?v=d3SRKplsJ1M,51,18,90,https://www.youtube.com/watch?v=oouStdLEp9U,782,177,1909,https://www.youtube.com/watch?v=d3SRKplsJ1M,79,0,0,0,
f2b0bc3e82024bd3ae1c7cb5fe926829,432,11659,20,8,47,https://www.youtube.com/watch?v=kZJobv04rN8,20,8,47,https://www.youtube.com/watch?v=kZJobv04rN8,0,0,0,,0,0,0,0,
40f76b568f384790a1a089bb6619ddb2,432,8666,57,25,82,https://www.youtube.com/watch?v=vrf5mWfXf7E,57,25,82,https://www.youtube.com/watch?v=vrf5mWfXf7E,0,0,0,,1139,94,56,220,https://www.twitch.tv/videos/2741999961
ae7dbe93a8cc4651b5ddb7b539e85d6b,430,27991,0,0,0,,0,0,0,,0,0,0,,0,0,0,0,
a56567301c734548bad86e8ace7d9140,430,52209,0,0,0,,0,0,0,,0,0,0,,0,0,0,0,
c7400e2934c646e49f7df1816de41360,428,18962,47,34,63,https://www.youtube.com/watch?v=1ng9SKEfQCQ,47,34,63,https://www.youtube.com/watch?v=1ng9SKEfQCQ,0,0,0,,25,0,0,0,
5fbf4f6751f24d03a5723670cd500aca,427,11081,0,0,0,,0,0,0,,0,0,0,,768,0,0,0,
c79c2ac57f9048eebdc1b9329209e19f,426,68,0,0,0,,0,0,0,,0,0,0,,299,0,0,0,
f5ef8ac02db547dd92da5e87717a8dca,426,7866,175,89,642,https://www.youtube.com/watch?v=PquWH_XYTyY,175,89,642,https://www.youtube.com/watch?v=PquWH_XYTyY,0,0,0,,0,0,0,0,
f3fe9fb6de2a477fae878a39924c15bd,425,11837,0,0,0,,0,0,0,,0,0,0,,3050,2504,1265,4158,https://www.twitch.tv/videos/2747117660
5dd38c1bf796414399e7c80092c1d984,424,293421,459,193,37079,https://www.youtube.com/watch?v=BYEGw56k45A,10,2,31,https://www.youtube.com/watch?v=0TLrQzl1F5M,1921,257,37079,https://www.youtube.com/watch?v=BYEGw56k45A,39,0,0,0,
28c152a7489b4402960bd4bd36b7229b,423,41448,13,3,38,https://www.youtube.com/watch?v=FpI1ErUgIyE,0,0,0,,13,3,38,https://www.youtube.com/watch?v=FpI1ErUgIyE,189,51,38,51,https://www.twitch.tv/videos/2751781841
f0f6694a60de4fb799b3f315abbaf7b6,422,19174,0,0,0,,0,0,0,,0,0,0,,0,0,0,0,
4a2df649332047d3b733c88209925f4c,421,8310,0,0,0,,0,0,0,,0,0,0,,1248,0,0,0,
8c494e45ce5b462aa744d46bbdc54021,419,85485,61,34,169,https://www.youtube.com/watch?v=NCK6zn-gxUw,61,34,169,https://www.youtube.com/watch?v=NCK6zn-gxUw,0,0,0,,270,25,19,31,https://www.twitch.tv/videos/2756459636
bd119628dae64d45b71b44e0f158f23a,418,4687,0,0,0,,0,0,0,,0,0,0,,3772,0,0,0,
a2ca2eb4da5b4df3aa59637e1dbc260b,416,3282,0,0,0,,0,0,0,,0,0,0,,719,0,0,0,
7d11ed1b02104cf58efd2df6cbc1ef69,416,20604,8,2,8,https://www.youtube.com/watch?v=InriEtBbdIs,0,0,0,,8,2,8,https://www.youtube.com/watch?v=InriEtBbdIs,1202,75,66,129,https://www.twitch.tv/videos/2755121234
7d0d99e77f624bdc934b17212a39a894,416,1974,0,0,0,,0,0,0,,0,0,0,,4185,643,524,740,https://www.twitch.tv/videos/2753654854
aedfb89bad4545379af018f5933bddb7,416,23682,83,32,180,https://www.youtube.com/watch?v=jTpKp2ze9Cs,71,28,125,https://www.youtube.com/watch?v=e1-5rrwOw78,161,93,180,https://www.youtube.com/watch?v=jTpKp2ze9Cs,22,0,0,0,
5c70a4710fca4b86ac63d56b0e894284,415,30735,0,0,0,,0,0,0,,0,0,0,,0,0,0,0,
7168995b95ab439aa7cf1f3099d7bd88,415,60528,833,165,1595,https://www.youtube.com/watch?v=7aOdfL6m5Gw,0,0,0,,833,165,1595,https://www.youtube.com/watch?v=7aOdfL6m5Gw,3676,0,0,0,
7051e693d03645bda16b3591f06ebd3f,414,20511,0,0,0,,0,0,0,,0,0,0,,0,0,0,0,
698aa5547b7c4cf793b1411322d1b423,413,24004,0,0,0,,0,0,0,,0,0,0,,1905,599,453,904,https://www.twitch.tv/videos/2753291832
6717d34e87574888848bc45c86bd80e6,412,27913,1083,539,2688,https://www.youtube.com/watch?v=tP_L92zAn40,0,0,0,,1083,539,2688,https://www.youtube.com/watch?v=tP_L92zAn40,1004,425,297,958,https://www.twitch.tv/videos/2747703415
1cddca10dd334373b8f51b3b0ed2efe4,411,23942,2,0,73,https://www.youtube.com/watch?v=3uuVRJqlF90,0,0,0,,2,0,73,https://www.youtube.com/watch?v=3uuVRJqlF90,0,0,0,0,
5000b613025542c498cd6ab2287865c6,411,2708,0,0,0,,0,0,0,,0,0,0,,3638,617,464,838,https://www.twitch.tv/videos/2747728444
ea7f97145fd44a51a95e5b97a6b8366c,411,121589,398,35,398,https://www.youtube.com/watch?v=UDwL6r2nAcQ,0,0,0,,398,35,398,https://www.youtube.com/watch?v=UDwL6r2nAcQ,0,0,0,0,
f771e51357eb44d2820afd47aba3b546,410,9830,0,0,0,,0,0,0,,0,0,0,,345,24,21,25,https://www.twitch.tv/videos/2754310832
d11123a75b874ad2bb120bb237e94c8d,408,2839,0,0,0,,0,0,0,,0,0,0,,4774,2492,2026,2492,https://www.twitch.tv/videos/2753383449
00ddd14a74df4e2488319ea2ce25770c,406,219,0,0,0,,0,0,0,,0,0,0,,1225,0,0,0,
cc85e4120c0746b7925c898a963f0747,404,22211,22,1,40,https://www.youtube.com/watch?v=DNvS7mRetCo,22,1,40,https://www.youtube.com/watch?v=DNvS7mRetCo,0,0,0,,0,0,0,0,
30e2594ce7cf4bc3a7e536639b15ff30,403,9148,38,14,84,https://www.youtube.com/watch?v=nXhDXfxcKog,38,14,84,https://www.youtube.com/watch?v=nXhDXfxcKog,0,0,0,,197,56,45,87,https://www.twitch.tv/videos/2746246591
4e35059a74df41189368fad5263a1f3f,403,39288,55,33,293,https://www.youtube.com/watch?v=gjTVkWXg7NI,53,33,102,https://www.youtube.com/watch?v=B8QEpP4HS3Q,77,35,293,https://www.youtube.com/watch?v=gjTVkWXg7NI,65,0,0,0,
6c166d9128e74147a5c0b1dbf89c885c,402,6034,0,0,0,,0,0,0,,0,0,0,,0,0,0,0,
4e1dd2ab9e4b4c71bced0c5987cf9be7,401,16525,0,0,0,,0,0,0,,0,0,0,,2879,183,129,274,https://www.twitch.tv/videos/2750189623
52d7a40d46034062ad2fc29b4a2a9198,396,43625,216,32,216,https://www.youtube.com/watch?v=AMn2-jlFjfk,0,0,0,,216,32,216,https://www.youtube.com/watch?v=AMn2-jlFjfk,3317,1036,440,1468,https://www.twitch.tv/videos/2754121013
45d566a561914da0a15a5a21574eb30a,396,4706,34,16,209,https://www.youtube.com/watch?v=IbvbK8Xesuw,34,16,209,https://www.youtube.com/watch?v=IbvbK8Xesuw,0,0,0,,0,0,0,0,
74beedbc5f694a2c94fe73545ba4037d,395,23172,116,33,141,https://www.youtube.com/watch?v=mlRWKMXK5wY,98,31,135,https://www.youtube.com/watch?v=zhMElEMeHSM,141,49,141,https://www.youtube.com/watch?v=mlRWKMXK5wY,210,88,63,88,https://www.twitch.tv/videos/2751034970
7232734df59c4e099205c7685007d8d4,395,81610,2,1,2,https://www.youtube.com/watch?v=iuJu7MG6ak0,0,0,0,,2,1,2,https://www.youtube.com/watch?v=iuJu7MG6ak0,949,33,20,43,https://www.twitch.tv/videos/2749416102
836015916a40475bb608e8c6a69b6a09,394,30562,17,2,17,https://www.youtube.com/watch?v=tYuC2h-DxFM,17,2,17,https://www.youtube.com/watch?v=tYuC2h-DxFM,0,0,0,,0,0,0,0,
ec198b33036c436591c01ee93976b6a3,394,534,0,0,0,,0,0,0,,0,0,0,,0,0,0,0,
d3b5f619038a4c488d36aeaeddc0f790,394,7204,0,0,0,,0,0,0,,0,0,0,,0,0,0,0,
22aaa78ca5fa444bb70649727131c0f2,393,16812,92,39,134,https://www.youtube.com/watch?v=XWxwAvC4f5k,92,39,134,https://www.youtube.com/watch?v=XWxwAvC4f5k,0,0,0,,0,0,0,0,
be45601754a44c568c9f60f7d2847ccb,392,13449,29,14,59,https://www.youtube.com/watch?v=K6dPMkXoWNQ,29,14,59,https://www.youtube.com/watch?v=K6dPMkXoWNQ,0,0,0,,0,0,0,0,
da3d722ffea34b5b87fbb62c6026cba2,392,12870,0,0,0,,0,0,0,,0,0,0,,140,0,0,0,
e802bcea6eb04ce6aa9041aa5e06ceae,392,12056,1255,168,1255,https://www.youtube.com/watch?v=t0ra6myAYcE,0,0,0,,1255,168,1255,https://www.youtube.com/watch?v=t0ra6myAYcE,0,0,0,0,
3d5a0befb7b042f697f70d5fb3d6ab94,392,11032,0,0,0,,0,0,0,,0,0,0,,0,0,0,0,
b0ec0f1ffbd8426982e7ca40d4b1064b,392,8959,0,0,0,,0,0,0,,0,0,0,,0,0,0,0,
05055e62d34241888df31217ac25e671,391,20764,0,0,0,,0,0,0,,0,0,0,,1505,99,78,361,https://www.twitch.tv/videos/2747630458
93bf43bc175742cd8c7af6b80687cd84,391,42740,0,0,0,,0,0,0,,0,0,0,,1681,267,151,363,https://www.twitch.tv/videos/2746948689
26ae367c497f410399b769ded171d29f,388,7420,0,0,0,,0,0,0,,0,0,0,,0,0,0,0,
508ebe96e7a94e94893609e616086dff,387,65966,79,48,1780,https://www.youtube.com/watch?v=y8T6D3zRGK8,0,0,0,,79,48,1780,https://www.youtube.com/watch?v=y8T6D3zRGK8,492,58,47,91,https://www.twitch.tv/videos/2748624807
0a5bbdc460184f279cb8c7965a1d6098,386,63400,885,273,885,https://www.youtube.com/watch?v=kUdVXgjKd68,0,0,0,,885,273,885,https://www.youtube.com/watch?v=kUdVXgjKd68,226,34,25,53,https://www.twitch.tv/videos/2748616007
577fdbca86fa4414a153b5ebdcab90d4,386,2082,0,0,0,,0,0,0,,0,0,0,,1970,17,10,17,https://www.twitch.tv/videos/2748986470
21fcf23549a74111bbe31c949245e2cd,385,12258,0,0,0,,0,0,0,,0,0,0,,0,0,0,0,
b3b24f0ebecc45118f88f12042bd59c8,384,62887,0,0,0,,0,0,0,,0,0,0,,0,0,0,0,
2f7da7d6dbe84301b4ef52240cc05e9b,384,25538,0,0,0,,0,0,0,,0,0,0,,1204,0,0,0,
cce33288177341058833d8b4a093b03f,383,28241,3,2,3,https://www.youtube.com/watch?v=Zj69Hc1Jifg,0,0,0,,3,2,3,https://www.youtube.com/watch?v=Zj69Hc1Jifg,0,0,0,0,
6eac5ce6527b4513bcff4b38d277b5cc,383,30420,298,154,311,https://www.youtube.com/watch?v=fAFdqt0QTXc,23,3,23,https://www.youtube.com/watch?v=zMk9SAOlV48,300,190,311,https://www.youtube.com/watch?v=fAFdqt0QTXc,190,0,0,0,
b386124230514f5fa128ad046e85f12f,383,5596,0,0,0,,0,0,0,,0,0,0,,431,0,0,0,
9ee3c9b53c0048329175370a5868300b,383,36142,0,0,0,,0,0,0,,0,0,0,,0,0,0,0,
502d093ba13d45de84602b54a1dc6e6c,381,18592,85,44,88,https://www.youtube.com/watch?v=ri9vjsxlKDw,85,44,88,https://www.youtube.com/watch?v=ri9vjsxlKDw,0,0,0,,118,0,0,0,
c5e956bdce614dddbeddfaf6ada4200d,381,19553,32,18,66,https://www.youtube.com/watch?v=lHmbWM6gCpU,32,18,66,https://www.youtube.com/watch?v=lHmbWM6gCpU,0,0,0,,0,0,0,0,
d50d9b85f098470c8220cd99de802b17,380,20287,54,13,77,https://www.youtube.com/watch?v=K1vyk7p8l1g,54,13,77,https://www.youtube.com/watch?v=K1vyk7p8l1g,0,0,0,,0,0,0,0,
dbf7b5a346e645f7be7d0d19d2193bc5,380,136932,1111,416,1525,https://www.youtube.com/watch?v=fvNgh8p9yNo,0,0,0,,1111,416,1525,https://www.youtube.com/watch?v=fvNgh8p9yNo,0,0,0,0,
c11749c10e1941a9adb2a231eee2f2ea,379,7596,18,4,18,https://www.youtube.com/watch?v=Cgn63dAsge0,18,4,18,https://www.youtube.com/watch?v=Cgn63dAsge0,0,0,0,,306,0,0,0,
f0987ff6444945558cd159a508cd823f,379,6084,0,0,0,,0,0,0,,0,0,0,,2165,0,0,0,
7f3411a01ffc45bab4f25f088131bb50,377,3257,46,18,222,https://www.youtube.com/watch?v=m5B0sfuS4xo,46,18,222,https://www.youtube.com/watch?v=m5B0sfuS4xo,0,0,0,,0,0,0,0,
a2ceea65ce58431085b1366a0cfe9c61,376,0,0,0,0,,0,0,0,,0,0,0,,0,0,0,0,
b932ddb915af47ec948b56d4bf901dab,376,6302,93,69,93,https://www.youtube.com/watch?v=vFtRGEcGCRM,93,69,93,https://www.youtube.com/watch?v=vFtRGEcGCRM,0,0,0,,0,0,0,0,
64e20992295c4be984e9af0a470d6440,376,4491,0,0,0,,0,0,0,,0,0,0,,5399,194,138,250,https://www.twitch.tv/videos/2747046592
68f424a416ad426faa8b01b78f47b3e3,376,25493,4667,3667,4667,https://www.youtube.com/watch?v=zW69fYnIe24,0,0,0,,4667,3667,4667,https://www.youtube.com/watch?v=zW69fYnIe24,0,0,0,0,
4819621890c0408aaa7e81aa2dd3386b,375,18414,0,0,0,,0,0,0,,0,0,0,,0,0,0,0,
9434be74cca5450789bf73aa4359b542,372,4950,4,0,4,https://www.youtube.com/watch?v=ifYVcp5o5sI,4,0,4,https://www.youtube.com/watch?v=ifYVcp5o5sI,0,0,0,,0,0,0,0,
c97b665a89c34600be01f83eb1f77063,372,11634,0,0,0,,0,0,0,,0,0,0,,0,0,0,0,
670df075e5f9402bbcb6369685838b02,371,12446,18,8,64,https://www.youtube.com/watch?v=hFANfYTSuIM,18,8,64,https://www.youtube.com/watch?v=hFANfYTSuIM,0,0,0,,0,0,0,0,
4e78d5ae75144358a0384df9822c60bc,369,8703,0,0,0,,0,0,0,,0,0,0,,600,494,252,1071,https://www.twitch.tv/videos/2756532932
a8e0ec03cb0a4e0292228e1a6ed35e6a,365,8361,0,0,0,,0,0,0,,0,0,0,,850,25,21,54,https://www.twitch.tv/videos/2746119624
161544bf51864b2bad46cdd769bee278,364,15263,67,22,136,https://www.youtube.com/watch?v=bgchsDUG5aA,67,22,136,https://www.youtube.com/watch?v=bgchsDUG5aA,0,0,0,,121,32,26,52,https://www.twitch.tv/videos/2747035374
a5fe6adcf3bd42b79475803c56a11832,364,20004,54,15,65,https://www.youtube.com/watch?v=jh3cNahg44M,54,15,65,https://www.youtube.com/watch?v=jh3cNahg44M,0,0,0,,45,0,0,0,
8013fa67a08945a5b4b976156b6f610f,363,6555,0,0,0,,0,0,0,,0,0,0,,387,60,41,60,https://www.twitch.tv/videos/2750185485
df7b08cd72224681a63e6e85e0753132,363,49117,0,0,0,,0,0,0,,0,0,0,,188,0,0,0,
e1bc34a2b6ac4d86ad6758cef724e7dc,362,10133,0,0,0,,0,0,0,,0,0,0,,325,526,342,1471,https://www.twitch.tv/videos/2747743798
fd5a1e004f224586aa65f9c5b374cc4a,362,7289,0,0,0,,0,0,0,,0,0,0,,4851,490,245,820,https://www.twitch.tv/videos/2751874123
1c096a5610c0459b84c74213c3b30f85,360,28191,0,0,0,,0,0,0,,0,0,0,,213,0,0,0,
652b28416c394eed93337f121c0dcbf5,360,16165,54,45,54,https://www.youtube.com/watch?v=wRYnymOLd3s,54,45,54,https://www.youtube.com/watch?v=wRYnymOLd3s,0,0,0,,0,0,0,0,
60a64aca51ed4528895fe35b08231670,360,13106,0,0,1,https://www.youtube.com/watch?v=9QVS8gANrDM,0,0,0,,0,0,1,https://www.youtube.com/watch?v=9QVS8gANrDM,409,25,19,74,https://www.twitch.tv/videos/2748694678
a42c38cc7c0b4812b9bc79ab5f2d84f3,360,19571,148,52,994,https://www.youtube.com/watch?v=wpeLqCC8VOY,20,14,148,https://www.youtube.com/watch?v=k8TzyJEBop4,355,97,994,https://www.youtube.com/watch?v=wpeLqCC8VOY,0,0,0,0,
e443b9e0c3524137ba2774625c6c78cd,360,8338,0,0,0,,0,0,0,,0,0,0,,701,87,64,374,https://www.twitch.tv/videos/2750174377
ce4d344e37cd403cbb5325010144d393,359,25745,687,71,2956,https://www.youtube.com/watch?v=i5HF0TG4fHk,95,63,629,https://www.youtube.com/watch?v=VjFrfVmR4IQ,1366,545,2956,https://www.youtube.com/watch?v=i5HF0TG4fHk,1190,308,241,407,https://www.twitch.tv/videos/2748647730
27a484e8f53a433396e73bea886fa2cb,359,20023,0,0,0,,0,0,0,,0,0,0,,0,0,0,0,
9be839573d1a4944a93740ca42fa65d4,359,19834,0,0,0,,0,0,0,,0,0,0,,1481,97,50,97,https://www.twitch.tv/videos/2746252945
f2f74f42d7e44c2b8c71807abd0967f3,358,94003,0,0,0,,0,0,0,,0,0,0,,3042,508,247,1499,https://www.twitch.tv/videos/2734391690
ef0319d27b10495795a5b994bc2249d5,358,35658,101,53,2039,https://www.youtube.com/watch?v=p9PCPUc1kAQ,89,45,173,https://www.youtube.com/watch?v=t7PDP31Wnrc,1669,534,2039,https://www.youtube.com/watch?v=p9PCPUc1kAQ,0,0,0,0,
a27f33f32dd2414c8c6843f8783a32f0,356,10477,146,73,1719,https://www.youtube.com/watch?v=fRmSCC1_pFk,131,82,171,https://www.youtube.com/watch?v=mGwSv4NYEDk,1606,54,1719,https://www.youtube.com/watch?v=fRmSCC1_pFk,0,0,0,0,
07930a961f0b4078a14f0a57f0a93965,354,27388,34,11,71,https://www.youtube.com/watch?v=zbUrfTUHWoo,34,11,71,https://www.youtube.com/watch?v=zbUrfTUHWoo,0,0,0,,0,0,0,0,
7ee1b473a5584a1a85973acfa45e0e1d,354,9616,44,17,71,https://www.youtube.com/watch?v=jksTcdVMVJo,44,17,71,https://www.youtube.com/watch?v=jksTcdVMVJo,0,0,0,,0,0,0,0,
4fc02db3aab84e6cb526c02405d18c6e,354,17569,0,0,0,,0,0,0,,0,0,0,,148,0,0,0,
6166fbac685941a6acf389460de44943,352,29148,68,31,181,https://www.youtube.com/watch?v=OPmvmGxE4VA,68,31,181,https://www.youtube.com/watch?v=OPmvmGxE4VA,0,0,0,,0,0,0,0,
682e400513134d0bacfa85513958c64d,351,6731,0,0,0,,0,0,0,,0,0,0,,930,302,227,987,https://www.twitch.tv/videos/2756462691
f46e5ebb899548cab53d24f1901315b0,350,14410,39,26,39,https://www.youtube.com/watch?v=auKo_iaYQrY,39,26,39,https://www.youtube.com/watch?v=auKo_iaYQrY,0,0,0,,139,0,0,0,
6e56882f3f8e4911b8b67316f1265808,350,83824,0,0,0,,0,0,0,,0,0,0,,168,0,0,0,
735a3d989210437f9e5b8e7a7ba6d88a,348,13613,58,42,102,https://www.youtube.com/watch?v=Wr47XmSY2a0,58,42,102,https://www.youtube.com/watch?v=Wr47XmSY2a0,0,0,0,,123,0,0,0,
f24626ac0ce34975a3b3fd6d8455f4f7,347,7976,0,0,0,,0,0,0,,0,0,0,,180,0,0,0,
513c300c8af04b8a84d18f665b66481f,345,40079,0,0,0,,0,0,0,,0,0,0,,0,0,0,0,
2efb6dc7796c4ce792c196d27af0df87,344,37002,51,24,1224,https://www.youtube.com/watch?v=ouZcRAXnA7c,38,15,77,https://www.youtube.com/watch?v=2q8YtA0C6zk,242,72,1224,https://www.youtube.com/watch?v=ouZcRAXnA7c,0,0,0,0,
e63fd2ead17a4b57b256fcd55fe83b0e,343,26673,62,34,146,https://www.youtube.com/watch?v=g0dnt5hqU3E,62,34,146,https://www.youtube.com/watch?v=g0dnt5hqU3E,0,0,0,,307,191,164,322,https://www.twitch.tv/videos/2755773168
db3a6f094c3146c2ab6f2f267337f132,342,10277,318,164,318,https://www.youtube.com/watch?v=2qhfh5lk3sg,0,0,0,,318,164,318,https://www.youtube.com/watch?v=2qhfh5lk3sg,1302,247,193,451,https://www.twitch.tv/videos/2750185088
3a13b2827ef048859006a3acb74c175a,340,8603,66,52,66,https://www.youtube.com/watch?v=zki5eAQixRY,0,0,0,,66,52,66,https://www.youtube.com/watch?v=zki5eAQixRY,3830,486,401,2420,https://www.twitch.tv/videos/2752582809
73755322c8e74479864369766f924be1,339,19121,0,0,0,,0,0,0,,0,0,0,,4908,0,0,0,
aac7be72efc74efe9e77148fd4af7151,338,15700,26,11,52,https://www.youtube.com/watch?v=-2ktDgg60yg,26,11,52,https://www.youtube.com/watch?v=-2ktDgg60yg,0,0,0,,0,0,0,0,
d8520b0d7b424141bf19b3254d264960,337,8710,0,0,0,,0,0,0,,0,0,0,,0,0,0,0,
b423123a68df4ac88b2a376ae5fd3b89,336,11480,103,58,1741,https://www.youtube.com/watch?v=x82eQ7H0JLs,67,45,331,https://www.youtube.com/watch?v=LCZltSZEwxY,517,331,1741,https://www.youtube.com/watch?v=x82eQ7H0JLs,0,0,0,0,
2e05bf5968cf4b3789a1316f5b05d857,335,66464,0,0,0,,0,0,0,,0,0,0,,0,0,0,0,
4f8936d4899d4e2c83bf949bc61b2bd2,335,9400,48,9,51,https://www.youtube.com/watch?v=eof_BLQ2Atg,48,9,51,https://www.youtube.com/watch?v=eof_BLQ2Atg,0,0,0,,167,0,0,0,
389bd53524c74c44a32d72279b288b17,335,2891,0,0,0,,0,0,0,,0,0,0,,0,0,0,0,
9a13461ec0e644ceb6e86381ca41d33a,333,37764,1192,613,1192,https://www.youtube.com/watch?v=F3vJjiJ0Lo4,0,0,0,,1192,613,1192,https://www.youtube.com/watch?v=F3vJjiJ0Lo4,1369,0,0,0,
876c11fba4af4235857127b9af87093e,332,17184,0,0,0,,0,0,0,,0,0,0,,0,0,0,0,
3083d2b8192843958b2852553cb3bc70,331,2757,0,0,0,,0,0,0,,0,0,0,,424,70,58,82,https://www.twitch.tv/videos/2755847984
5ae7e41f9b9a420d9217a0b2c6755f52,331,3654,0,0,0,,0,0,0,,0,0,0,,0,0,0,0,
5c3ea93753724a63b32071a7a580af7b,330,34463,1,0,35,https://www.youtube.com/watch?v=un-D6X6R7sc,0,0,0,,1,0,35,https://www.youtube.com/watch?v=un-D6X6R7sc,1782,8,5,32,https://www.twitch.tv/videos/2753363441
46e65e217ca84bbf8d43b67c3e5a9d90,326,23447,4,0,578,https://www.youtube.com/watch?v=c60SnOQRy6E,0,0,0,,4,0,578,https://www.youtube.com/watch?v=c60SnOQRy6E,212,23,21,23,https://www.twitch.tv/videos/2756520183
6d83214d4d964bc9a236f4cbdd8d99e4,325,15892,97,51,990,https://www.youtube.com/watch?v=b2xtaBEssCY,85,48,207,https://www.youtube.com/watch?v=0TEe2SWo0uI,990,440,990,https://www.youtube.com/watch?v=b2xtaBEssCY,46,0,0,0,
8a8a1d0901c04d568be19e2d8bbc9ca1,324,33282,0,0,0,,0,0,0,,0,0,0,,0,0,0,0,
2af109d54b1c49968b572aa2b59664ab,323,12450,0,0,0,,0,0,0,,0,0,0,,0,0,0,0,
0f5e3935971449daa91b654886313110,323,0,0,0,0,,0,0,0,,0,0,0,,2262,0,0,0,
e32b6351f1684034955171b93b1c5e63,321,0,0,0,0,,0,0,0,,0,0,0,,1820,0,0,0,
1db7ec043f284eaea0bd2213ecce2bad,320,17624,72,34,1416,https://www.youtube.com/watch?v=pC4Mq5-Cnuk,59,16,243,https://www.youtube.com/watch?v=nwYZoy606j4,1360,398,1416,https://www.youtube.com/watch?v=pC4Mq5-Cnuk,0,0,0,0,
c4268d9874b14b3282613fa11102ce4b,319,22358,45,12,131,https://www.youtube.com/watch?v=4XWtM1tt2mg,45,12,131,https://www.youtube.com/watch?v=4XWtM1tt2mg,0,0,0,,324,75,46,90,https://www.twitch.tv/videos/2756715263
e94e1e38a611403192e4db197c2d9d91,319,6997,0,0,0,,0,0,0,,0,0,0,,0,0,0,0,
ca161c4e0ef54cd4a311705625caf164,318,11329,0,0,0,,0,0,0,,0,0,0,,2238,0,0,0,
76a17ecab93c4c3db069c9a5d8d0ecf5,318,43056,0,0,0,,0,0,0,,0,0,0,,1810,186,94,290,https://www.twitch.tv/videos/2752604963
d88c3cbdb65940e69a3feb152dc93d6d,317,1029,0,0,0,,0,0,0,,0,0,0,,458,0,0,0,
d859857097fe4e9d90a2d840c0e7fca1,316,20299,21,4,171,https://www.youtube.com/watch?v=rLiLvGEmXf8,0,0,0,,21,4,171,https://www.youtube.com/watch?v=rLiLvGEmXf8,245,0,0,0,
a24116ba22c84747818b7be8cd8eb733,314,12642,22,18,107,https://www.youtube.com/watch?v=EVXu8HkNVAE,22,18,107,https://www.youtube.com/watch?v=EVXu8HkNVAE,0,0,0,,349,29,22,42,https://www.twitch.tv/videos/2757284359
3df5dcf41cdb46c7b7de73e502ce4ae1,313,10555,0,0,0,,0,0,0,,0,0,0,,658,0,0,0,
9abd60c00f0f412b978a2398b13ac4e8,313,38932,0,0,0,,0,0,0,,0,0,0,,0,0,0,0,
cbb0ea239d8e4f65a46ada52dfb778e3,312,8617,0,0,0,,0,0,0,,0,0,0,,424,0,0,0,
71f86178cf8545658c5c836c868a3646,308,6869,0,0,0,,0,0,0,,0,0,0,,1336,518,476,518,https://www.twitch.tv/videos/2755841299
890c5d306c5f4a218f861c8a98a1e74a,308,5609,0,0,0,,0,0,0,,0,0,0,,68,0,0,0,
4e4cbcbc0acf410ea5a50e4a6bbafd01,306,3988,8,1,17,https://www.youtube.com/watch?v=t3bFNLGITIc,0,0,0,,8,1,17,https://www.youtube.com/watch?v=t3bFNLGITIc,2477,829,550,1043,https://www.twitch.tv/videos/2746383771
bf7122f997f04401b0a6938abaded38c,306,18003,29,7,34,https://www.youtube.com/watch?v=hVB6HI_BjEI,29,7,34,https://www.youtube.com/watch?v=hVB6HI_BjEI,0,0,0,,0,0,0,0,
2f32fa150b4b4572bb6dd1a8e8c94ff1,304,11653,103,29,406,https://www.youtube.com/watch?v=MRykXFyfRPU,0,0,0,,103,29,406,https://www.youtube.com/watch?v=MRykXFyfRPU,3799,1375,603,3161,https://www.twitch.tv/videos/2740736132
b6cc2e3d23f34ba8bbeba181d19a714c,303,6292,0,0,0,,0,0,0,,0,0,0,,4285,1289,752,16614,https://www.twitch.tv/videos/2746375308
dfa5fefa546a40d5a677ddfff02ff3e1,303,18359,5,0,5,https://www.youtube.com/watch?v=roBcZKOLOlk,0,0,0,,5,0,5,https://www.youtube.com/watch?v=roBcZKOLOlk,800,40,32,46,https://www.twitch.tv/videos/2751790944
f3757b8d656f48749cada897ce597abc,303,7739,0,0,0,,0,0,0,,0,0,0,,0,0,0,0,
803435ca691f43a4b02360926fee23d1,302,12902,97,51,133,https://www.youtube.com/watch?v=zoQiWgFKzX8,97,51,133,https://www.youtube.com/watch?v=zoQiWgFKzX8,0,0,0,,1503,97,79,133,https://www.twitch.tv/videos/2752573758
d09b9f800b7940deb1f8a2b58a302f07,302,4246,0,0,0,,0,0,0,,0,0,0,,4242,333,276,569,https://www.twitch.tv/videos/2753647865
72ee59fb29644f8b88a4dd3d7e91fe39,301,10282,0,0,0,,0,0,0,,0,0,0,,0,0,0,0,
85340d14d5654ac3b28b39b007a7dea7,301,15531,52,13,112,https://www.youtube.com/watch?v=Fwios0HhBAo,52,13,112,https://www.youtube.com/watch?v=Fwios0HhBAo,0,0,0,,0,0,0,0,
a13421f0201540ecaccd5c207b15c425,300,16700,0,0,0,,0,0,0,,0,0,0,,0,0,0,0,
a4a9cd639c7546538ee9635b9a14989d,299,16068,35,7,38,https://www.youtube.com/watch?v=6CphDjCWeSI,35,7,38,https://www.youtube.com/watch?v=6CphDjCWeSI,0,0,0,,0,0,0,0,
2b1ef81172474b6b8409100be2f30da7,299,4548,4,1,6,https://www.youtube.com/watch?v=IeKCeK6oA_Y,0,0,0,,4,1,6,https://www.youtube.com/watch?v=IeKCeK6oA_Y,2627,232,166,232,https://www.twitch.tv/videos/2751004113
8ae87582ab1e4b31bfd38310afda77bd,298,3724,0,0,0,,0,0,0,,0,0,0,,1344,0,0,0,
f4935cf7bbb94ae88202ee7ab6d6b92b,297,0,0,0,0,,0,0,0,,0,0,0,,52,0,0,0,
095d5621db8b44ed914d81f9e1183673,296,10413,66,29,177,https://www.youtube.com/watch?v=KA-a20CcaOM,66,29,88,https://www.youtube.com/watch?v=KTBxz5keQQE,101,24,177,https://www.youtube.com/watch?v=KA-a20CcaOM,24,0,0,0,
2d2dc667f7a9488092e67b0475dc3774,296,2811,0,0,0,,0,0,0,,0,0,0,,206,0,0,0,
2e7fa2f9a4ba4ca6a0ea1397839aafca,296,11054,21,7,30,https://www.youtube.com/watch?v=1tNSThxgb_M,21,7,30,https://www.youtube.com/watch?v=1tNSThxgb_M,0,0,0,,0,0,0,0,
79f4c64bde584997bf6ad38afd44b51d,295,21281,24,14,28,https://www.youtube.com/watch?v=xED3nl5t9kQ,24,14,28,https://www.youtube.com/watch?v=xED3nl5t9kQ,0,0,0,,153,50,41,59,https://www.twitch.tv/videos/2757386872
d39563dd7adf452989791068eaf4524e,295,4588,72,37,88,https://www.youtube.com/watch?v=LdyIohlcmaA,72,37,88,https://www.youtube.com/watch?v=LdyIohlcmaA,0,0,0,,0,0,0,0,
92b3889a0c304d8fb9eed110bb82c60c,295,16879,0,0,0,,0,0,0,,0,0,0,,0,0,0,0,
b09373e11cc74ed4b58440b9d7368172,294,23152,26,14,36,https://www.youtube.com/watch?v=tvOBCPCnr5o,26,14,36,https://www.youtube.com/watch?v=tvOBCPCnr5o,0,0,0,,0,0,0,0,
1895ef1f232d454aa6c18ca7812c794c,293,3715,90,62,90,https://www.youtube.com/watch?v=pP07qzimYqA,90,62,90,https://www.youtube.com/watch?v=pP07qzimYqA,0,0,0,,17,0,0,0,
8fe313c8e0704a29a7a387b47c4f938b,292,10253,96,62,370,https://www.youtube.com/watch?v=EzIW4HU9bKc,71,44,167,https://www.youtube.com/watch?v=dgrFtwBxj9s,126,66,370,https://www.youtube.com/watch?v=EzIW4HU9bKc,0,0,0,0,
c572dfdd998b439fb17f01f4633cfb31,292,14875,0,0,0,,0,0,0,,0,0,0,,0,0,0,0,
d3a0a421fd184f9fa51856096d01e85b,292,16962,35,10,35,https://www.youtube.com/watch?v=TFihpXEC3sw,35,10,35,https://www.youtube.com/watch?v=TFihpXEC3sw,0,0,0,,0,0,0,0,
e6373c7f689c44f8971ca0f83c817789,292,1630,0,0,0,,0,0,0,,0,0,0,,223,10,5,16,https://www.twitch.tv/videos/2746325945
df6443487ffb4142aea2b053b4aa8db7,291,34040,74,38,1298,https://www.youtube.com/watch?v=0nyZYMl-9sg,0,0,0,,74,38,1298,https://www.youtube.com/watch?v=0nyZYMl-9sg,1654,234,169,539,https://www.twitch.tv/videos/2754836579
be1bfb3aafb34118808fd5a5c059ffaf,290,28288,0,0,0,,0,0,0,,0,0,0,,492,0,0,0,
479b23215fd84e0387e4f95c8bdfb127,290,116762,220,102,2568,https://www.youtube.com/watch?v=BGXDilYHpKc,29,17,52,https://www.youtube.com/watch?v=0peC7S1IGWA,1000,179,2568,https://www.youtube.com/watch?v=BGXDilYHpKc,0,0,0,0,
d148768158984ce8b3a8214b1fb3dafc,289,2953,43,37,43,https://www.youtube.com/watch?v=lG3fDYao9aw,43,37,43,https://www.youtube.com/watch?v=lG3fDYao9aw,0,0,0,,156,28,15,54,https://www.twitch.tv/videos/2747963978
e773129f910c4bd182f3b702c9ec1b55,289,9823,21,10,24,https://www.youtube.com/watch?v=4zrQUmY2CMA,21,10,24,https://www.youtube.com/watch?v=4zrQUmY2CMA,0,0,0,,0,0,0,0,
ca4210c7562b479cb3af76082fb70fcd,289,2866,0,0,0,,0,0,0,,0,0,0,,3469,725,375,1033,https://www.twitch.tv/videos/2747005770
82af75b290f44cd8b9a97bc5addaaf58,288,7623,33,25,42,https://www.youtube.com/watch?v=IH49TVgjaPY,33,25,42,https://www.youtube.com/watch?v=IH49TVgjaPY,0,0,0,,136,0,0,0,
d2e2645a97a14ce4b58a7884c0e6ec56,287,27332,0,0,0,,0,0,0,,0,0,0,,1289,52,30,61,https://www.twitch.tv/videos/2756915571
c40a4498540d462a89c2391a41aa9f0e,287,12176,90,86,840,https://www.youtube.com/watch?v=kuP5TEv34fM,70,50,90,https://www.youtube.com/watch?v=YXAugYhfN20,716,560,840,https://www.youtube.com/watch?v=kuP5TEv34fM,2357,73,67,73,https://www.twitch.tv/videos/2755817827
5f68c9b585ad40c0ada7697c9b7f5055,284,0,0,0,0,,0,0,0,,0,0,0,,7427,889,362,1933,https://www.twitch.tv/videos/2735398005
703cea871ebf4ab6a8b2704f7611197b,284,8403,0,0,0,,0,0,0,,0,0,0,,0,0,0,0,
d334f3b3ba8b4e43bd7b5a237a7b4476,283,42271,64,26,282,https://www.youtube.com/watch?v=2Q1WbUWJCCI,64,26,282,https://www.youtube.com/watch?v=2Q1WbUWJCCI,0,0,0,,39,0,0,0,
1618171723d84cbe8b57cd69fa6f477f,283,38340,0,0,0,,0,0,0,,0,0,0,,759,32,21,42,https://www.twitch.tv/videos/2755061765
b3a1f0922f7440f3bb1adbfa7a04bd09,281,8952,0,0,0,,0,0,0,,0,0,0,,1017,0,0,0,
964a0dde279c45ea85ffc6ad5d266206,281,10157,110,47,1932,https://www.youtube.com/watch?v=9Rn6f3O66u4,57,32,128,https://www.youtube.com/watch?v=rjrZ9jLGPmI,1395,721,1932,https://www.youtube.com/watch?v=9Rn6f3O66u4,1076,188,122,202,https://www.twitch.tv/videos/2755609797
6391e2693fa6464d83fdf5d136596bb0,280,14453,68,20,201,https://www.youtube.com/watch?v=1n1Cv6RXYuY,68,18,201,https://www.youtube.com/watch?v=1n1Cv6RXYuY,78,58,187,https://www.youtube.com/watch?v=HP_sGEOs9Tc,0,0,0,0,
279a45d6a8f9445389b9b8cdbcb72ae8,280,25931,0,0,0,,0,0,0,,0,0,0,,273,0,0,0,
7badd33c853240e280db61899f381ff2,280,10937,0,0,0,,0,0,0,,0,0,0,,419,0,0,0,
c9f9ff24ef184b29a58c616412f1dbbc,280,5707,0,0,0,,0,0,0,,0,0,0,,0,0,0,0,
f40e7d4c2b8b4ea89a6cd017303ca5c0,279,1576,0,0,0,,0,0,0,,0,0,0,,528,288,188,288,https://www.twitch.tv/videos/2749448606
6fa20242354646ad8e8feea8d52e514e,278,6728,0,0,0,,0,0,0,,0,0,0,,0,0,0,0,
94ca3090942d4ca38a71b8f1b65c7343,278,17691,0,0,0,,0,0,0,,0,0,0,,171,0,0,0,
4cebb92683d548089e998ec18a484930,277,13191,30,16,34,https://www.youtube.com/watch?v=mkqUnzBnW-E,30,16,34,https://www.youtube.com/watch?v=mkqUnzBnW-E,0,0,0,,0,0,0,0,
b7155dea3cdc452e9f77df41ccca17bd,276,1228,0,0,0,,0,0,0,,0,0,0,,492,0,0,0,
25619abc5e0d4f79839e48d83234eaf8,274,6055,8,3,14,https://www.youtube.com/watch?v=EBI7uSSrGXY,8,3,14,https://www.youtube.com/watch?v=EBI7uSSrGXY,0,0,0,,734,46,40,62,https://www.twitch.tv/videos/2749389260
c543b53edfbd4b3c92f4801cb8d3346c,273,15862,0,0,0,,0,0,0,,0,0,0,,0,0,0,0,
985e64cecc24401290c08cb7e2f4ef50,272,7423,35,14,41,https://www.youtube.com/watch?v=z2d22ZXrCgA,35,14,41,https://www.youtube.com/watch?v=z2d22ZXrCgA,0,0,0,,2006,260,216,400,https://www.twitch.tv/videos/2746871370
3e7f5f5e829e4d4baca2a8a5916d60e4,272,3253,992,491,1315,https://www.youtube.com/watch?v=LEkylWrn4uU,0,0,0,,992,491,1315,https://www.youtube.com/watch?v=LEkylWrn4uU,2184,501,394,1085,https://www.twitch.tv/videos/2750786704
a16471805f7f44f88237b42c79b9f3a2,272,10563,0,0,0,,0,0,0,,0,0,0,,0,0,0,0,
192be77802a54229bb67b40c00978520,272,2181,0,0,0,,0,0,0,,0,0,0,,1032,0,0,0,
de5f8aaf92814bb79eb91adb0efc8f1d,272,13579,12,5,31,https://www.youtube.com/watch?v=Ix9FzXGxj3k,12,5,31,https://www.youtube.com/watch?v=Ix9FzXGxj3k,0,0,0,,0,0,0,0,
a6a155230538488e8488f01160598837,271,16970,0,0,0,,0,0,0,,0,0,0,,0,0,0,0,
67b3f32472774d3191ecfea12f60a990,268,9409,0,0,0,,0,0,0,,0,0,0,,116,0,0,0,
03e9bea117bd4b5ba189b48f1617d9bb,268,7790,0,0,0,,0,0,0,,0,0,0,,0,0,0,0,
05d19eac5d22427f916e6fa59bf17b3b,268,78787,4,2,915,https://www.youtube.com/watch?v=eRhsuCCe974,0,0,0,,4,2,915,https://www.youtube.com/watch?v=eRhsuCCe974,2475,304,253,516,https://www.twitch.tv/videos/2748602994
22a21c1a529f4817b8790629d8b4590f,264,35524,229,63,399,https://www.youtube.com/watch?v=byKNQhDHw10,0,0,0,,229,63,399,https://www.youtube.com/watch?v=byKNQhDHw10,106,0,0,0,
33f8f83054e3473d9c8c5e1a3c8e1008,264,8785,32,22,82,https://www.youtube.com/watch?v=Yh5v4CpWcog,33,23,82,https://www.youtube.com/watch?v=Yh5v4CpWcog,4,2,4,https://www.youtube.com/watch?v=IzftBmxRwGE,0,0,0,0,
a76d4171e74448fd9d1a6eaf183be3ff,263,15162,0,0,0,,0,0,0,,0,0,0,,852,189,117,189,https://www.twitch.tv/videos/2748615258
fbd0d260a09c47b1a9dcc73fd41e7eca,263,3848,0,0,0,,0,0,0,,0,0,0,,6449,0,0,0,
0d07fb89672446c3b4a1682131f96f7b,260,21874,27,13,42,https://www.youtube.com/watch?v=B_j0vDsvTL4,27,13,42,https://www.youtube.com/watch?v=B_j0vDsvTL4,0,0,0,,0,0,0,0,
105f7890339346329ab408f423f617c3,260,15808,0,0,0,,0,0,0,,0,0,0,,4372,2153,374,2643,https://www.twitch.tv/videos/2738019450
1af1c5f8526a4396820151df1bff37b7,259,25184,117,45,1806,https://www.youtube.com/watch?v=RWNAf0QVGps,98,45,165,https://www.youtube.com/watch?v=YNomkBgIuCM,1290,182,1806,https://www.youtube.com/watch?v=RWNAf0QVGps,0,0,0,0,
f7758d944fd8438a86bfe1235c7bcd17,258,15313,5,4,182,https://www.youtube.com/watch?v=qrEQoAtkmL0,0,0,0,,5,4,182,https://www.youtube.com/watch?v=qrEQoAtkmL0,602,0,0,0,
04e61f47cdf542c7b5a3b3ae569fc021,258,2970,0,0,0,,0,0,0,,0,0,0,,884,0,0,0,
0c05eca1975b40b3a0b54d3dfd61055d,258,37183,0,0,0,,0,0,0,,0,0,0,,2633,110,73,152,https://www.twitch.tv/videos/2747066113
2ff6c25f8e5943d2ac0a6a006f5784c3,255,2380,0,0,0,,0,0,0,,0,0,0,,1595,293,248,378,https://www.twitch.tv/videos/2757315016
7c96bbca1c184d70a39ef2a65a0d788c,255,164350,0,0,0,,0,0,0,,0,0,0,,594,0,0,0,
3a44da0674144e61bff60415cc09a678,255,7265,10,1,12,https://www.youtube.com/watch?v=XuT7uCNw5Qs,10,1,12,https://www.youtube.com/watch?v=XuT7uCNw5Qs,0,0,0,,0,0,0,0,
cd0b2f63c88e4b4abd5b83296a5d7866,253,3718,0,0,0,,0,0,0,,0,0,0,,3610,0,0,0,
75eb49d99170441ab784d7bec7378d21,252,10684,0,0,0,,0,0,0,,0,0,0,,1409,42,29,131,https://www.twitch.tv/videos/2757408441
5f044942071146cb9ec4b760458a662e,250,10871,0,0,0,,0,0,0,,0,0,0,,805,261,171,263,https://www.twitch.tv/videos/2749375355
8c1fe8acf675446ebb2fd046e6396983,248,24504,28,8,44,https://www.youtube.com/watch?v=wNUeu4toLO0,28,8,44,https://www.youtube.com/watch?v=wNUeu4toLO0,0,0,0,,259,18,15,36,https://www.twitch.tv/videos/2751857181
cabc3ddcf7ad46ef9acb4b0951f9b2ba,246,20882,1,0,1129,https://www.youtube.com/watch?v=EHjJtpJh3cU,0,0,0,,1,0,1129,https://www.youtube.com/watch?v=EHjJtpJh3cU,1227,215,137,381,https://www.twitch.tv/videos/2751770917
90a8ac8d7653460298ba85cb7e4d3bc9,246,3262,0,0,0,,0,0,0,,0,0,0,,55,0,0,0,
a3452262e11348c88afea4031b0323a8,244,21502,4,1,18,https://www.youtube.com/watch?v=QSWnGxD06eE,0,0,0,,4,1,18,https://www.youtube.com/watch?v=QSWnGxD06eE,474,0,0,0,
1ccf3d7852d34137b9cc70343dcc41bf,243,108752,266,15,266,https://www.youtube.com/watch?v=cN37FCUPFgo,0,0,0,,266,15,266,https://www.youtube.com/watch?v=cN37FCUPFgo,113,0,0,0,
47cd428eee8640cb80afaa4ef9bb55e0,242,17012,53,43,80,https://www.youtube.com/watch?v=x5XhigJh_Xc,53,43,80,https://www.youtube.com/watch?v=x5XhigJh_Xc,0,0,0,,1652,95,72,136,https://www.twitch.tv/videos/2748643657
0e516fd1e97a4c58bad3afb6469748d4,241,3103,8,0,867,https://www.youtube.com/watch?v=-gGJf87f-20,225,173,768,https://www.youtube.com/watch?v=_6e38JrmhQA,7,0,867,https://www.youtube.com/watch?v=-gGJf87f-20,558,44,31,56,https://www.twitch.tv/videos/2746968665
e7ac18c2e713426692cfd0ef7fe2b897,241,38,0,0,0,,0,0,0,,0,0,0,,149,6,5,16,https://www.twitch.tv/videos/2751889590
c91577ba12cd45deb9c8e5c666c290be,241,87427,44,17,1344,https://www.youtube.com/watch?v=IVFdS2GrdCU,39,17,172,https://www.youtube.com/watch?v=Wn20g93-o24,103,42,1344,https://www.youtube.com/watch?v=IVFdS2GrdCU,0,0,0,0,
777608b04fa74a42975497f6273ed6f9,240,12401,2,1,3,https://www.youtube.com/watch?v=0ro8iT1y-co,0,0,0,,2,1,3,https://www.youtube.com/watch?v=0ro8iT1y-co,2950,461,255,624,https://www.twitch.tv/videos/2753486433
3e86fddd8145474691e77ba761a6b2a5,239,37370,0,0,0,,0,0,0,,0,0,0,,1049,152,144,152,https://www.twitch.tv/videos/2756650150
67252692b4f64f509af6eacffdeafdf9,239,25083,57,26,345,https://www.youtube.com/watch?v=UFIIH90h6Vw,53,22,63,https://www.youtube.com/watch?v=2A8bXNKBT1o,345,29,345,https://www.youtube.com/watch?v=UFIIH90h6Vw,0,0,0,0,
33cabb57d2454dfdbdf7453c54429940,236,90789,1499,660,1501,https://www.youtube.com/watch?v=vuis9eefuNg,0,0,0,,1499,660,1501,https://www.youtube.com/watch?v=vuis9eefuNg,651,359,245,1448,https://www.twitch.tv/videos/2751004407
dbbb8592c30840c8b00ae8091a684e5c,234,9109,0,0,0,,0,0,0,,0,0,0,,1275,0,0,0,
c274c90379ca4e57a79251976cda3e54,232,8847,0,0,0,,0,0,0,,0,0,0,,322,0,0,0,
d198a42f93d84e9ca061a72243d142cc,232,117955,0,0,0,,0,0,0,,0,0,0,,525,51,38,200,https://www.twitch.tv/videos/2749243213
4693c4a0f4284a429f353419a3fc547c,232,51371,1322,559,11717,https://www.youtube.com/watch?v=pHDOJd4NLsQ,0,0,0,,1322,559,11717,https://www.youtube.com/watch?v=pHDOJd4NLsQ,0,0,0,0,
f72fb9eab9a84db5ba139131d59bdd02,232,36137,839,154,1057,https://www.youtube.com/watch?v=-pIMijzAS98,0,0,0,,839,154,1057,https://www.youtube.com/watch?v=-pIMijzAS98,380,67,46,113,https://www.twitch.tv/videos/2751882800
af89613e72874e219c00ab0c89b6c641,231,52802,24,12,41,https://www.youtube.com/watch?v=fH7GyJcCLto,24,18,41,https://www.youtube.com/watch?v=fH7GyJcCLto,5,0,5,https://www.youtube.com/watch?v=49zlPC0rbnI,11,0,0,0,
d8b5835bc6aa46119cc7ddd4447e780f,231,35950,0,0,0,,0,0,0,,0,0,0,,2000,549,390,549,https://www.twitch.tv/videos/2750925900
25b5885afcdc4430be0d822464ccff91,230,3543,8,5,25,https://www.youtube.com/watch?v=f-P4ttzXAzI,11,5,25,https://www.youtube.com/watch?v=f-P4ttzXAzI,5,1,5,https://www.youtube.com/watch?v=AF32voEGyE0,329,19,12,45,https://www.twitch.tv/videos/2753437671
a7bb915cc1a0474080d7dbf6d245daf4,230,13383,0,0,0,,0,0,0,,0,0,0,,44,0,0,0,
a3afce163c9341c992f526816d9d5440,229,3640,13,12,156,https://www.youtube.com/watch?v=6WZvGxfKNFU,16,14,156,https://www.youtube.com/watch?v=6WZvGxfKNFU,2,1,2,https://www.youtube.com/watch?v=cfQCJ79-M14,101,0,0,0,
e9569c3f60c541ab83899c09079feaa2,229,10450,570,340,969,https://www.youtube.com/watch?v=tIHRv-tu96E,0,0,0,,570,340,969,https://www.youtube.com/watch?v=tIHRv-tu96E,2936,1790,1052,1790,https://www.twitch.tv/videos/2747879687
42d2b255295b468dafe439394130ae11,229,12314,13,8,17,https://www.youtube.com/watch?v=uGna5yXBP4o,0,0,0,,13,8,17,https://www.youtube.com/watch?v=uGna5yXBP4o,967,216,148,216,https://www.twitch.tv/videos/2750185438
d4bd6ed12ee746a8978434ee5b14dd27,229,60216,333,38,1224,https://www.youtube.com/watch?v=mFGVd6cuack,0,0,0,,333,38,1224,https://www.youtube.com/watch?v=mFGVd6cuack,540,91,76,375,https://www.twitch.tv/videos/2747844387
5d23e69300534fe6aa678d75573381ea,228,1979,0,0,0,,0,0,0,,0,0,0,,0,0,0,0,
bf6401d2159c40a8a616defa8c2c4a66,228,25504,0,0,0,,0,0,0,,0,0,0,,823,0,0,0,
156aba6fe34b4d648a3fd210550963c7,227,1040,0,0,0,,0,0,0,,0,0,0,,93,0,0,0,
dc27d7819dac471f907e0ace5131580f,226,5311,0,0,0,,0,0,0,,0,0,0,,1449,244,125,468,https://www.twitch.tv/videos/2745884079
af82ee4712aa4d6c9c4100591a8a3163,225,3184,0,0,0,,0,0,0,,0,0,0,,584,195,174,250,https://www.twitch.tv/videos/2757329742
27a22366e885420e8a3c78ee7ac7c075,224,15323,45,21,74,https://www.youtube.com/watch?v=NlKpjeNBFj0,45,21,74,https://www.youtube.com/watch?v=NlKpjeNBFj0,0,0,0,,35,17,14,35,https://www.twitch.tv/videos/2757511067
71da2daf84a546c39399adf6ca44aac1,223,16347,26,11,81,https://www.youtube.com/watch?v=Dn_rd5VXLG8,28,12,81,https://www.youtube.com/watch?v=Dn_rd5VXLG8,11,3,11,https://www.youtube.com/watch?v=48X1kHIKMQ0,303,0,0,0,
ccf55e42124c46ab828b188fc8c4f947,221,47342,927,347,1464,https://www.youtube.com/watch?v=8OPzQWCX__0,0,0,0,,927,347,1464,https://www.youtube.com/watch?v=8OPzQWCX__0,703,331,211,630,https://www.twitch.tv/videos/2749520791
98619914a2eb4b07bd6bc0a02066e455,221,5608,0,0,0,,0,0,0,,0,0,0,,1320,224,169,278,https://www.twitch.tv/videos/2757558802
52d8a731a7634e529ba986ae40ce6526,220,16826,0,0,0,,0,0,0,,0,0,0,,849,406,286,759,https://www.twitch.tv/videos/2755627216
c56801a52568414ca54724a3c24c3417,219,19841,0,0,0,,0,0,0,,0,0,0,,2208,200,102,200,https://www.twitch.tv/videos/2746095447
25ac52ef552244a997045ca561b5636f,219,3652,0,0,0,,0,0,0,,0,0,0,,0,0,0,0,
c269bafe425f470e957731c454b8925c,218,18012,0,0,0,,0,0,0,,0,0,0,,445,0,0,0,
1fa9ddce23964bab8edddf7f18dad2f3,218,10595,0,0,0,,0,0,0,,0,0,0,,1575,69,51,79,https://www.twitch.tv/videos/2749518084
3986345f7cae4fc5ba3b7fd3a8dceba0,218,1007,0,0,0,,0,0,0,,0,0,0,,1118,0,0,0,
d564dc69725f4258b8b08d8d5df285a8,217,9289,15,8,65,https://www.youtube.com/watch?v=mwE7nG8u2e0,14,6,65,https://www.youtube.com/watch?v=mwE7nG8u2e0,44,37,44,https://www.youtube.com/watch?v=qhwCNlnjqfE,70,11,9,21,https://www.twitch.tv/videos/2754298918
15c82034235748649547ada64817a6d1,217,15819,337,145,1413,https://www.youtube.com/watch?v=FbFwVtNxdO0,0,0,0,,337,145,1413,https://www.youtube.com/watch?v=FbFwVtNxdO0,3610,275,164,1132,https://www.twitch.tv/videos/2753552382
0554e298ab8041c19ce07bf0b2c315a0,216,18690,51,35,1266,https://www.youtube.com/watch?v=fAIZl1bxCg8,41,17,52,https://www.youtube.com/watch?v=NkygGElcLcw,671,243,1266,https://www.youtube.com/watch?v=fAIZl1bxCg8,0,0,0,0,
8e65ff08f84f46148a79346978db81c8,216,57216,53,34,17988,https://www.youtube.com/watch?v=VXNF7h2SY6s,44,26,120,https://www.youtube.com/watch?v=QQch8WZypSI,487,359,17988,https://www.youtube.com/watch?v=VXNF7h2SY6s,0,0,0,0,
d8fa0fb407c043cb9b65ab66c2221e8d,216,69987,3,1,17,https://www.youtube.com/watch?v=wcK3Zb6MngQ,0,0,0,,3,1,17,https://www.youtube.com/watch?v=wcK3Zb6MngQ,2236,31,23,63,https://www.twitch.tv/videos/2755850919
cfe0c2386d794c229d71c5a6a7e28333,214,15575,11,9,11,https://www.youtube.com/watch?v=0pItBV7x1vc,0,0,0,,11,9,11,https://www.youtube.com/watch?v=0pItBV7x1vc,0,0,0,0,
31888d1a66654eee82d4dd22017db978,214,37530,411,104,1409,https://www.youtube.com/watch?v=oJ-2LZNIn_w,0,0,0,,411,104,1409,https://www.youtube.com/watch?v=oJ-2LZNIn_w,0,0,0,0,
8814a6eccdd04fa6bf2f8201f12bf8ae,213,3770,0,0,0,,0,0,0,,0,0,0,,339,34,28,50,https://www.twitch.tv/videos/2756652696
463e3994840145618264d41fa3eaf344,212,12281,47,25,54,https://www.youtube.com/watch?v=bQk9-1qB2lo,47,25,54,https://www.youtube.com/watch?v=bQk9-1qB2lo,0,0,0,,0,0,0,0,
3dc59c2e8b424c9e812fb48048ebdef8,211,6235,4,3,9,https://www.youtube.com/watch?v=Oga8tAPMr3o,0,0,0,,4,3,9,https://www.youtube.com/watch?v=Oga8tAPMr3o,1522,118,70,276,https://www.twitch.tv/videos/2752751480
54ea240f1bf1471981684464081645e7,211,4067,0,0,0,,0,0,0,,0,0,0,,349,8,5,11,https://www.twitch.tv/videos/2749953363
12479712313d4ddda715483e1f93ee9d,211,4322,13,12,13,https://www.youtube.com/watch?v=EUlgtMQeYsw,0,0,0,,13,12,13,https://www.youtube.com/watch?v=EUlgtMQeYsw,0,0,0,0,
47d591738d2449a496e7ce140b539662,210,1246,0,0,0,,0,0,0,,0,0,0,,2114,247,201,267,https://www.twitch.tv/videos/2757144474
f1d9ff59d3d74b0ebb4268de53698dbf,208,6344,0,0,0,,0,0,0,,0,0,0,,735,0,0,0,
5949eae32b844c9e873474efb19f4e6d,206,6057,30,27,30,https://www.youtube.com/watch?v=pVQcM0b6j5M,30,27,30,https://www.youtube.com/watch?v=pVQcM0b6j5M,0,0,0,,0,0,0,0,
de8c5ca15afd4534a822e5a1a9c2784e,206,1935,0,0,0,,0,0,0,,0,0,0,,2180,227,197,433,https://www.twitch.tv/videos/2747181502
14b644d58ff14ef1b491ef3d451e9e06,206,0,0,0,0,,0,0,0,,0,0,0,,3367,0,0,0,
7bebabbe96a34368aa03da163e3da313,206,27425,35,5,38,https://www.youtube.com/watch?v=xFDSuN8IvV0,35,5,38,https://www.youtube.com/watch?v=xFDSuN8IvV0,0,0,0,,0,0,0,0,
1d9db35aa47c4d2d8bea3fb94afbd1b9,206,7676,44,21,372,https://www.youtube.com/watch?v=7vzZ5EcyssQ,44,20,105,https://www.youtube.com/watch?v=L3PZutmR6Qo,372,33,372,https://www.youtube.com/watch?v=7vzZ5EcyssQ,0,0,0,0,
3082cc9c2e124fb3bf77cc799590042e,205,16136,65,14,77,https://www.youtube.com/watch?v=lm2oyZBm6do,65,14,77,https://www.youtube.com/watch?v=lm2oyZBm6do,0,0,0,,0,0,0,0,
3c9899af7c104ea08eb0baa4ee565076,203,2413,0,0,0,,0,0,0,,0,0,0,,676,58,35,58,https://www.twitch.tv/videos/2748600332
a5ced44a2bb74575a9cf9ea48f9ec890,199,8680,0,0,0,,0,0,0,,0,0,0,,0,0,0,0,
fdbcdd7db6b04ed4b2336b1b3da66564,198,18690,526,126,526,https://www.youtube.com/watch?v=iW2TPlq_QmQ,0,0,0,,526,126,526,https://www.youtube.com/watch?v=iW2TPlq_QmQ,223,287,205,396,https://www.twitch.tv/videos/2753510065
05970b8580b4433d9afb8769568d2276,197,5019,0,0,0,,0,0,0,,0,0,0,,9,0,0,0,
1d0201167f5445e8b410a8f311e54133,197,20854,0,0,0,,0,0,0,,0,0,0,,145,0,0,0,
3802b3f13284406cb4bc3f775690add5,197,6911,68,33,105,https://www.youtube.com/watch?v=ts7bTdDhLIQ,68,33,105,https://www.youtube.com/watch?v=ts7bTdDhLIQ,0,0,0,,91,127,71,229,https://www.twitch.tv/videos/2757494484
49150fef0c1f4c0e9e18567224a7bf5c,197,2417,2420,2113,2420,https://www.youtube.com/watch?v=SKjbf60UGiQ,0,0,0,,2420,2113,2420,https://www.youtube.com/watch?v=SKjbf60UGiQ,0,0,0,0,
48e968abd77d434db31de0f0bb8d92a1,196,10783,4,1,7,https://www.youtube.com/watch?v=WRW-A9P2QSM,0,0,0,,4,1,7,https://www.youtube.com/watch?v=WRW-A9P2QSM,530,32,22,46,https://www.twitch.tv/videos/2755847521
936b7b3d4250469d94b53ebc7e4936f6,193,241270,0,0,0,,0,0,0,,0,0,0,,1186,211,83,280,https://www.twitch.tv/videos/2757125674
26e2e1583d404f48b879375ef74ae33a,192,8954,0,0,0,,0,0,0,,0,0,0,,0,0,0,0,
021eaf7cecfa4416b759fcc310f7b15a,192,8110,60,1,60,https://www.youtube.com/watch?v=BUMh9RpRoL0,0,0,0,,60,1,60,https://www.youtube.com/watch?v=BUMh9RpRoL0,223,44,40,44,https://www.twitch.tv/videos/2755840009
f30f6a2e994641b5af169b97f2aad13b,192,6950,0,0,0,,0,0,0,,0,0,0,,552,0,0,0,
698d1cca0e1f417892c954dabe0aacf8,191,769,0,0,0,,0,0,0,,0,0,0,,2304,0,0,0,
6cdaf0b035d04e3794a5accd5ed8b08f,188,1689,0,0,0,,0,0,0,,0,0,0,,0,0,0,0,
aad41e66df77481baac0825033d81487,188,43692,903,218,1154,https://www.youtube.com/watch?v=pphaG2mqBko,0,0,0,,903,218,1154,https://www.youtube.com/watch?v=pphaG2mqBko,0,0,0,0,
6d76e6b27f164061a216ec2831bd8dd3,188,0,0,0,0,,0,0,0,,0,0,0,,1216,0,0,0,
865ef104e1784d878871c819452a63dd,187,1918,67,19,87,https://www.youtube.com/watch?v=d3iAVK2Q3Ys,67,19,87,https://www.youtube.com/watch?v=d3iAVK2Q3Ys,0,0,0,,0,0,0,0,
202d7c3df0a0489288ace48e1e81ac9f,187,4635,0,0,0,,0,0,0,,0,0,0,,76,0,0,0,
699b0baa82d0413aa073155683edcd56,186,5322,0,0,0,,0,0,0,,0,0,0,,2198,85,78,98,https://www.twitch.tv/videos/2755838506
cf5fc0cd849841679951b3769979b3a0,185,3773,79,35,211,https://www.youtube.com/watch?v=3uB1JzEHVaU,79,35,211,https://www.youtube.com/watch?v=3uB1JzEHVaU,0,0,0,,39,25,19,44,https://www.twitch.tv/videos/2747112537
7a7e366c81d54d03a07cb2c6cb382884,184,6218,0,0,0,,0,0,0,,0,0,0,,0,0,0,0,
a0fd4ae0fdc540c7b0c63d292372412a,182,2479,0,0,0,,0,0,0,,0,0,0,,186,0,0,0,
d46a06f4c654403e8b6376f7eda6f6ba,181,9472,75,17,1714,https://www.youtube.com/watch?v=9Zc7tJkYRJ8,69,13,92,https://www.youtube.com/watch?v=Om8d9YVFn1I,1714,300,1714,https://www.youtube.com/watch?v=9Zc7tJkYRJ8,0,0,0,0,
25f3eb5a85784e0e9f59f45ae775badd,180,10498,0,0,0,,0,0,0,,0,0,0,,0,0,0,0,
e73e2554e6754cadb0b836bb1fcfdaf7,180,18176,97,58,716,https://www.youtube.com/watch?v=M_P9ZM98734,90,53,250,https://www.youtube.com/watch?v=5LeiuXCLPEc,557,117,716,https://www.youtube.com/watch?v=M_P9ZM98734,34,48,39,75,https://www.twitch.tv/videos/2757382558
98c577d538f84d75a3c34e0f9d13c8a3,177,10776,0,0,0,,0,0,0,,0,0,0,,255,0,0,0,
a0b5f8b54a534dfcb66154002e97e4cc,176,0,0,0,0,,0,0,0,,0,0,0,,155,0,0,0,
7ee7164af0d645a18422350715a1eef0,176,399,0,0,0,,0,0,0,,0,0,0,,359,0,0,0,
74a8b2325c0c4b158dd12377bff187c8,176,9019,118,18,726,https://www.youtube.com/watch?v=9aZevKYxXlQ,0,0,0,,118,18,726,https://www.youtube.com/watch?v=9aZevKYxXlQ,0,0,0,0,
9b9409f309a54c54bf6225f43eae1167,174,5918,0,0,0,,0,0,0,,0,0,0,,1931,363,265,492,https://www.twitch.tv/videos/2753423689
b2ec8ce2ab124618ae1b1af2cd85ce23,173,2747,0,0,0,,0,0,0,,0,0,0,,270,0,0,0,
9add5efb4665440e8e021a9c3ced6095,173,9963,65,19,413,https://www.youtube.com/watch?v=FH9nqQmfHNo,63,19,413,https://www.youtube.com/watch?v=FH9nqQmfHNo,241,153,241,https://www.youtube.com/watch?v=88ttK-KWVZ8,0,0,0,0,
844adbe9800c4c52863267075afd2c7f,173,8763,0,0,0,,0,0,0,,0,0,0,,259,0,0,0,
56e0088d20b04a059da9932476fc9a5b,172,21222,0,0,0,,0,0,0,,0,0,0,,2563,0,0,0,
a3bbe09809e141e5b0658a79ba63f977,172,13649,4,1,14,https://www.youtube.com/watch?v=8pa5mvhGwBs,0,0,0,,4,1,14,https://www.youtube.com/watch?v=8pa5mvhGwBs,404,12,10,22,https://www.twitch.tv/videos/2757497707
513641895d9a4fbca3b19aeb63d28915,172,7332,0,0,0,,0,0,0,,0,0,0,,1295,503,162,600,https://www.twitch.tv/videos/2738895823
b850c220033a4b6d83c9b9b70b04647b,172,3752,0,0,0,,0,0,0,,0,0,0,,203,0,0,0,
67dc6d443cff47a4bc6a31a56e8b72f5,171,17640,61,50,81,https://www.youtube.com/watch?v=djwZf9-9kpA,64,51,81,https://www.youtube.com/watch?v=djwZf9-9kpA,6,2,6,https://www.youtube.com/watch?v=yzZJ7FNNNXY,0,0,0,0,
a91c83dff0c94387aa2c11e597424517,171,10928,0,0,0,,0,0,0,,0,0,0,,260,80,44,80,https://www.twitch.tv/videos/2747038087
bb21226dc1db41e294f545133948115b,171,12872,0,0,0,,0,0,0,,0,0,0,,858,0,0,0,
6cdc57bc89cc4b7f9c9d848fd5b0d031,171,23706,0,0,0,,0,0,0,,0,0,0,,0,0,0,0,
ad94d8048eb443248e4f2161201a938d,170,4907,283,154,1122,https://www.youtube.com/watch?v=gVt35I-ANfc,0,0,0,,283,154,1122,https://www.youtube.com/watch?v=gVt35I-ANfc,12,0,0,0,
2479e2782c0b4a7880004832c84a336b,169,2563,1508,841,1508,https://www.youtube.com/watch?v=jqWuv8FXNDk,0,0,0,,1508,841,1508,https://www.youtube.com/watch?v=jqWuv8FXNDk,284,0,0,0,
868a7d0a1ef94befa5205a21fb65d7d5,169,2805,0,0,0,,0,0,0,,0,0,0,,4629,160,125,194,https://www.twitch.tv/videos/2754990635
c29627e1a48a4ea8b21c858aba1836d0,168,6456,0,0,0,,0,0,0,,0,0,0,,416,94,81,157,https://www.twitch.tv/videos/2748591503
cd38e82545b04cb8a3e047fe41f2ba40,167,1258,0,0,0,,0,0,0,,0,0,0,,1015,276,123,967,https://www.twitch.tv/videos/2740853501
0c97b425059d4ac893cae0f804f4ccbc,167,10991,0,0,0,,0,0,0,,0,0,0,,0,0,0,0,
288ba70f1a044c72a65ed9cf3b425d13,167,16990,0,0,0,,0,0,0,,0,0,0,,0,0,0,0,
591654ee39c147ffaa77a531a81a6eda,167,13080,24,15,144,https://www.youtube.com/watch?v=bKKVzQgiVdI,24,15,144,https://www.youtube.com/watch?v=bKKVzQgiVdI,0,0,0,,672,45,24,45,https://www.twitch.tv/videos/2747035629
58f233e089ca45c8bc1969b471183766,166,24618,16,4,63,https://www.youtube.com/watch?v=6v8tFqWvC14,16,4,63,https://www.youtube.com/watch?v=6v8tFqWvC14,0,0,0,,0,0,0,0,
604dc5a26bb54f3d8a69c9df659d23d7,165,4989,0,0,0,,0,0,0,,0,0,0,,802,30,24,47,https://www.twitch.tv/videos/2747011224
64677f13935847cca3e2e6670a89d9a8,164,1082,21,9,32,https://www.youtube.com/watch?v=47ecIXRkmuw,21,9,32,https://www.youtube.com/watch?v=47ecIXRkmuw,0,0,0,,428,42,37,42,https://www.twitch.tv/videos/2755044693
c08ae8d7412d407c8b233f6e445d081c,164,3345,1,0,87,https://www.youtube.com/watch?v=rWf6pDaG6MM,0,0,0,,1,0,87,https://www.youtube.com/watch?v=rWf6pDaG6MM,719,37,34,77,https://www.twitch.tv/videos/2746097002
1e62a729ec51448aa89d22adde18b214,163,35013,54,34,583,https://www.youtube.com/watch?v=RrKuYAjvujc,50,41,162,https://www.youtube.com/watch?v=sc30jGWeyAI,76,34,583,https://www.youtube.com/watch?v=RrKuYAjvujc,0,0,0,0,
8ad7e8cd45e040f797cf2f1fa9d68976,163,5669,40,15,159,https://www.youtube.com/watch?v=thn3JSkJgJs,40,15,159,https://www.youtube.com/watch?v=thn3JSkJgJs,0,0,0,,0,0,0,0,
ad6455da071543ab88cd4855a11cf39b,161,6155,27,11,37,https://www.youtube.com/watch?v=1WDEkymJ_5Y,27,11,37,https://www.youtube.com/watch?v=1WDEkymJ_5Y,0,0,0,,0,0,0,0,
3475b2087d9a4d799c10bd3ac5f45437,160,887,27,5,27,https://www.youtube.com/watch?v=bRGs-Zgon7o,0,0,0,,27,5,27,https://www.youtube.com/watch?v=bRGs-Zgon7o,1153,0,0,0,
949f184abcc84a82b8e9f333b41a2109,159,9384,5,2,28,https://www.youtube.com/watch?v=E34A-1Gfw9s,0,0,0,,5,2,28,https://www.youtube.com/watch?v=E34A-1Gfw9s,2451,948,374,1537,https://www.twitch.tv/videos/2738905371
d93ec185504e45e2894865980da489a9,159,2665,9,4,40,https://www.youtube.com/watch?v=tCuBFRYRQ5I,0,0,0,,9,4,40,https://www.youtube.com/watch?v=tCuBFRYRQ5I,1717,241,194,386,https://www.twitch.tv/videos/2747945211
6481e646412745d3b2fa38255cef0da4,159,7819,238,73,292,https://www.youtube.com/watch?v=_JzAWJHYa68,0,0,0,,238,73,292,https://www.youtube.com/watch?v=_JzAWJHYa68,558,80,61,127,https://www.twitch.tv/videos/2754310370
5aca9ae61bba473b96998fee811d155e,157,29030,378,171,700,https://www.youtube.com/watch?v=_lmpb4ildQg,20,11,20,https://www.youtube.com/watch?v=fmYxpF77XC4,495,172,700,https://www.youtube.com/watch?v=_lmpb4ildQg,0,0,0,0,
bad9c0bc10404089a32d6b4b8346fc0e,156,86204,16,9,26,https://www.youtube.com/watch?v=LBrFWlOssbA,16,9,26,https://www.youtube.com/watch?v=LBrFWlOssbA,0,0,0,,0,0,0,0,
290bbaa329eb45b1a267bfd7e35c3b14,156,9074,0,0,0,,0,0,0,,0,0,0,,460,21,16,30,https://www.twitch.tv/videos/2750253447
fe1731a49d43440391f571347747604c,155,2561,1,0,1,https://www.youtube.com/watch?v=7vEFC1ejXO4,0,0,0,,1,0,1,https://www.youtube.com/watch?v=7vEFC1ejXO4,1276,117,106,127,https://www.twitch.tv/videos/2755108353
46821555a7af41e4aa70fe0fabd8a4f6,155,7303,0,0,0,,0,0,0,,0,0,0,,669,90,73,297,https://www.twitch.tv/videos/2746934173
dc97af965a4942d281cc7365805233f1,154,3213,0,0,0,,0,0,0,,0,0,0,,68,17,14,17,https://www.twitch.tv/videos/2756520444
3442df03030941b0933077faf6a75c6a,154,9780,0,0,0,,0,0,0,,0,0,0,,629,75,53,120,https://www.twitch.tv/videos/2747886560
4d96aeef13f949e19026682e337db138,153,3234,0,0,0,,0,0,0,,0,0,0,,2646,166,146,229,https://www.twitch.tv/videos/2757403440
67c533576c474a0d9897f62964cef71c,153,4521,0,0,0,,0,0,0,,0,0,0,,303,82,59,153,https://www.twitch.tv/videos/2756532630
a8bee4c680a54cf29b34d90bf7230ab1,153,2794,0,0,0,,0,0,0,,0,0,0,,1902,202,126,264,https://www.twitch.tv/videos/2750146574
edfed5b0978a4fb98f94319bfc639d98,153,1198,0,0,0,,0,0,0,,0,0,0,,1050,359,292,1170,https://www.twitch.tv/videos/2750006809
f958b1a87ecd4bfab42ba0d1443bfa61,152,9906,5,1,11,https://www.youtube.com/watch?v=ymbmwSFTUWw,6,2,11,https://www.youtube.com/watch?v=ymbmwSFTUWw,2,0,11,https://www.youtube.com/watch?v=eSQAHsQwOF4,525,97,56,97,https://www.twitch.tv/videos/2747802426
6a915915ad2a4d29b524ebd50f2dbbe4,152,1514,0,0,0,,0,0,0,,0,0,0,,1594,0,0,0,
fced951d6a344a27b59e422984ead36d,150,27014,35,22,153,https://www.youtube.com/watch?v=3PkXrGaLe00,53,32,53,https://www.youtube.com/watch?v=LHou4mVZg9s,18,11,153,https://www.youtube.com/watch?v=3PkXrGaLe00,0,0,0,0,
68fd874932e3457989d88d4f7f474260,149,7711,33,21,1203,https://www.youtube.com/watch?v=6ksiGhil-1M,29,18,124,https://www.youtube.com/watch?v=_CFb4PSXvmg,532,314,1203,https://www.youtube.com/watch?v=6ksiGhil-1M,72,36,27,175,https://www.twitch.tv/videos/2750914541
68671ee09add4d87b8038acebc5b48a4,149,1040,3,1,21,https://www.youtube.com/watch?v=_LzT-_fK9-4,0,0,0,,3,1,21,https://www.youtube.com/watch?v=_LzT-_fK9-4,954,117,79,198,https://www.twitch.tv/videos/2750310354
eabec2cff9fb48cdb79965d77a56f47d,149,8845,69,22,737,https://www.youtube.com/watch?v=6q3tR7ZWXsM,63,22,175,https://www.youtube.com/watch?v=HhD3NCze8y0,117,64,737,https://www.youtube.com/watch?v=6q3tR7ZWXsM,0,0,0,0,
41e1aa0eab8d4ec5a4010833581f5b92,149,2747,0,0,0,,0,0,0,,0,0,0,,87,0,0,0,
98fd913e544f4725afdd28ad05f3e737,145,12225,0,0,0,,0,0,0,,0,0,0,,0,0,0,0,
46a16e41f2af4523adeb4556f2e0b0d5,145,3271,0,0,0,,0,0,0,,0,0,0,,8437,0,0,0,
521d3e3d5e6e410aababfb8f290749b6,145,2476,1,0,1,https://www.youtube.com/watch?v=MDW_Iu83lhw,0,0,0,,1,0,1,https://www.youtube.com/watch?v=MDW_Iu83lhw,369,0,0,0,
06f1c7339e1c47ecb69ea7385f4635a1,144,32778,701,363,1623,https://www.youtube.com/watch?v=jlvCcLpYMTw,0,0,0,,701,363,1623,https://www.youtube.com/watch?v=jlvCcLpYMTw,363,193,113,274,https://www.twitch.tv/videos/2748599926
e6d7ea2833a1477aab8dfa3d4f4936fb,144,4447,0,0,0,,0,0,0,,0,0,0,,1438,199,167,373,https://www.twitch.tv/videos/2750991758
2d3deb7610dd4329ba77597dfdd13043,143,19609,1052,32,1895,https://www.youtube.com/watch?v=KHRR-oevWPE,0,0,0,,1052,32,1895,https://www.youtube.com/watch?v=KHRR-oevWPE,1888,192,96,607,https://www.twitch.tv/videos/2741242805
240c765d12ae40ab85e53fb39eb22b03,143,2601,0,0,0,,0,0,0,,0,0,0,,4421,42,29,549,https://www.twitch.tv/videos/2757344343
8b1758159f754a3a8d7f26dcf12c008f,143,7026,0,0,0,,0,0,0,,0,0,0,,0,0,0,0,
7ccac8385e2d41f69aab04b7f2b23cac,143,5209,0,0,0,,0,0,0,,0,0,0,,1362,0,0,0,
4ec87ced65c74722927e8fd3f219a653,143,3192,0,0,0,,0,0,0,,0,0,0,,222,0,0,0,
a84b1b6deabc462b9cf994fd02304b5b,143,863,0,0,0,,0,0,0,,0,0,0,,1691,82,43,136,https://www.twitch.tv/videos/2746002976
2f2a88438aee4a5e842f186bcdc05128,142,12104,515,151,2040,https://www.youtube.com/watch?v=ySBV2-LUBKM,0,0,0,,515,151,2040,https://www.youtube.com/watch?v=ySBV2-LUBKM,71,0,0,0,
c8672ebbfe37442788c48d9a8399fc7b,142,24943,0,0,0,,0,0,0,,0,0,0,,861,214,165,345,https://www.twitch.tv/videos/2753520275
eac3578c689d48b493103c11e2b16c5e,141,15883,0,0,0,,0,0,0,,0,0,0,,909,316,218,427,https://www.twitch.tv/videos/2747003254
f55b426f2ceb419d964d1d1bcd3860e9,141,7039,0,0,0,,0,0,0,,0,0,0,,0,0,0,0,
1ea0189fc3ce47fb9461b6cab10d78fe,140,2881,0,0,0,,0,0,0,,0,0,0,,147,0,0,0,
3040b4d9d4374815a4e0af0c887a42fc,139,16807,0,0,0,,0,0,0,,0,0,0,,1247,1577,1078,1577,https://www.twitch.tv/videos/2750162335
061fa27713ec453ebf41c21eb58b7719,138,2110,0,0,0,,0,0,0,,0,0,0,,0,0,0,0,
135224fe261040639a802804b52f22db,137,0,0,0,0,,0,0,0,,0,0,0,,632,0,0,0,
a1a4762aa1eb4d95be1c0c7a528a8336,136,9881,1,0,833,https://www.youtube.com/watch?v=t8ER8BEeY5I,0,0,0,,1,0,833,https://www.youtube.com/watch?v=t8ER8BEeY5I,1855,189,143,189,https://www.twitch.tv/videos/2752015884
e739323b76994f8abcca757db52a440d,134,7965,57,19,76,https://www.youtube.com/watch?v=dG4Ku6zgQIw,57,19,76,https://www.youtube.com/watch?v=dG4Ku6zgQIw,0,0,0,,0,0,0,0,
fd638ba6820241d1b3367afab0c6ab3e,133,9902,0,0,0,,0,0,0,,0,0,0,,0,0,0,0,
fe1bd62313574733ab86c1a56b7143ab,133,0,0,0,0,,0,0,0,,0,0,0,,1555,0,0,0,
5fdd1d15cf404c918b0f697baff04218,133,29602,1371,478,3280,https://www.youtube.com/watch?v=ggQ0bOFIsKw,0,0,0,,1371,478,3280,https://www.youtube.com/watch?v=ggQ0bOFIsKw,2554,552,484,1124,https://www.twitch.tv/videos/2751075059
c9e933e250e747f88f8cbf4857ec7f3b,131,131,0,0,0,,0,0,0,,0,0,0,,2945,721,534,1821,https://www.twitch.tv/videos/2751664008
f42472ba115a480ab309612af9ae29cf,131,4602,23,4,39,https://www.youtube.com/watch?v=Bw453vJAxws,23,4,39,https://www.youtube.com/watch?v=Bw453vJAxws,0,0,0,,0,0,0,0,
b18dea7632bc49db974a22d6eb6660fb,130,3651,6,4,10,https://www.youtube.com/watch?v=CiOYzLYNvIs,0,0,0,,6,4,10,https://www.youtube.com/watch?v=CiOYzLYNvIs,404,43,31,43,https://www.twitch.tv/videos/2752696491
afb9c6f2f93040d0a0227405b9d17bde,130,220920,673,169,1804,https://www.youtube.com/watch?v=sAUP5mH9xTE,0,0,0,,673,169,1804,https://www.youtube.com/watch?v=sAUP5mH9xTE,424,82,70,182,https://www.twitch.tv/videos/2749287867
2928a7d5624e4af8b1331eabae6bda17,129,2670,2,0,3,https://www.youtube.com/watch?v=k2wFfHf7VNY,0,0,0,,2,0,3,https://www.youtube.com/watch?v=k2wFfHf7VNY,729,15,11,43,https://www.twitch.tv/videos/2749477145
c85822960da341bb8f5323219b233bd1,129,8972,0,0,0,,0,0,0,,0,0,0,,0,0,0,0,
453db6575b094b388ba2ae38e7ff2c51,128,15442,0,0,0,,0,0,0,,0,0,0,,674,95,82,123,https://www.twitch.tv/videos/2756856649
74d00f89697a43e6801463c71fb37172,125,18298,116,64,2397,https://www.youtube.com/watch?v=C4bHFlsQBbM,84,21,96,https://www.youtube.com/watch?v=TQyu34u_rWE,544,157,2397,https://www.youtube.com/watch?v=C4bHFlsQBbM,33,54,39,54,https://www.twitch.tv/videos/2751641065
3b7dac5e2bdb4c08a139e18ef7f6f7e5,125,7188,0,0,0,,0,0,0,,0,0,0,,644,21,17,40,https://www.twitch.tv/videos/2752523529
f09a7c3155a047c98f155434b2634ecf,125,3893,0,0,0,,0,0,0,,0,0,0,,392,0,0,0,
a1d3d37caa68474288b903f309db32a1,124,8940,5,2,10,https://www.youtube.com/watch?v=aZtp5wgC_Pk,5,2,10,https://www.youtube.com/watch?v=aZtp5wgC_Pk,0,0,0,,0,0,0,0,
9b6ebeb957fe4fed84a5472b6b3bd13c,123,16967,0,0,0,,0,0,0,,0,0,0,,1181,160,120,160,https://www.twitch.tv/videos/2751916263
09b00ccde152498b808efe7317bd52f0,122,1431,0,0,0,,0,0,0,,0,0,0,,2860,0,0,0,
350b440f9436415c8499526d4c6f3dfd,121,3977,0,0,0,,0,0,0,,0,0,0,,1724,167,109,238,https://www.twitch.tv/videos/2748712270
577251897dc7463393b68c5b6f96559b,121,6659,4,3,7,https://www.youtube.com/watch?v=n1bkbR9Cun0,0,0,0,,4,3,7,https://www.youtube.com/watch?v=n1bkbR9Cun0,680,206,156,634,https://www.twitch.tv/videos/2748607603
fef1577c0352446c8e371b9fd9e7cc73,120,8623,0,0,2,https://www.youtube.com/watch?v=UdXQNqE7fP8,0,0,0,,0,0,2,https://www.youtube.com/watch?v=UdXQNqE7fP8,121,9,8,19,https://www.twitch.tv/videos/2750247818
8b5d6e9353ba46789fa6a2cfd94f69b2,119,4233,3,0,11,https://www.youtube.com/watch?v=qjtlEf2xCkI,0,0,0,,3,0,11,https://www.youtube.com/watch?v=qjtlEf2xCkI,130,14,10,18,https://www.twitch.tv/videos/2754805886
8064b5c85fc64d10ae3e9d3a4c0dfd8f,119,1172,0,0,0,,0,0,0,,0,0,0,,2757,0,0,0,
16e0b967de004b45b5c10302382ad43e,118,1891,0,0,0,,0,0,0,,0,0,0,,531,36,35,62,https://www.twitch.tv/videos/2755711487
5a60a41d2a604bc68368158cd0b1cc12,118,9545,0,0,2,https://www.youtube.com/watch?v=hJohYzgCKW8,0,0,0,,0,0,2,https://www.youtube.com/watch?v=hJohYzgCKW8,636,69,53,116,https://www.twitch.tv/videos/2751897463
6c66740fc44a4a489e7a67ac93dd274e,118,1433,0,0,0,,0,0,0,,0,0,0,,414,0,0,0,
9a7b047b85ae4227af74a0e200c3abc9,118,16419,851,509,1229,https://www.youtube.com/watch?v=qPIP53B0pG4,0,0,0,,851,509,1229,https://www.youtube.com/watch?v=qPIP53B0pG4,759,45,32,64,https://www.twitch.tv/videos/2746226179
e93b2dd2339a422f8ab3d21c9d95161c,116,2468,0,0,0,,0,0,0,,0,0,0,,503,31,26,65,https://www.twitch.tv/videos/2753279695
063fe3c0ae714b4ea4edaf79bda5dda0,115,493,0,0,0,,0,0,0,,0,0,0,,2094,272,223,457,https://www.twitch.tv/videos/2750188516
a2847bd09f954df794fb9289d6a96dae,115,4080,176,93,326,https://www.youtube.com/watch?v=EOg0fxV27YA,0,0,0,,176,93,326,https://www.youtube.com/watch?v=EOg0fxV27YA,636,98,59,193,https://www.twitch.tv/videos/2748568679
b9a09f50375248aebc3d6afdb7f5adf6,114,2011,0,0,0,,0,0,0,,0,0,0,,833,0,0,0,
1daf23905a3d4aa9a59273e563e33382,113,6582,0,0,0,,0,0,0,,0,0,0,,1825,0,0,0,
822b9b7a9eca49df9bfd617a19b274b0,113,2718,30,11,53,https://www.youtube.com/watch?v=aVqLiQVn4BI,30,11,53,https://www.youtube.com/watch?v=aVqLiQVn4BI,0,0,0,,0,0,0,0,
12286b61ae55499b8c60101a4625b089,113,6633,0,0,0,,0,0,0,,0,0,0,,314,0,0,0,
4ead521cd6a04a5aa1b2739f252ac9d1,111,1738,0,0,0,,0,0,0,,0,0,0,,260,49,33,134,https://www.twitch.tv/videos/2751856395
6358ea21f673491fab72d62494b2225f,110,3815,530,281,947,https://www.youtube.com/watch?v=lnW52cKubzY,0,0,0,,530,281,947,https://www.youtube.com/watch?v=lnW52cKubzY,521,248,188,633,https://www.twitch.tv/videos/2756543980
dd9bf471b0304627877f38daaec5407b,109,598,0,0,0,,0,0,0,,0,0,0,,940,67,65,134,https://www.twitch.tv/videos/2746119935
77364942d7f24440bbde8efa71c724df,109,6818,0,0,0,,0,0,0,,0,0,0,,634,37,25,90,https://www.twitch.tv/videos/2747039311
821713a01e5a4f1787926fb48dbf7302,109,7505,31,23,75,https://www.youtube.com/watch?v=yt9XFCxsm5E,31,23,75,https://www.youtube.com/watch?v=yt9XFCxsm5E,0,0,0,,0,0,0,0,
965ff8a77ab845aaac693d9c7a56f82d,108,7494,0,0,0,,0,0,0,,0,0,0,,674,129,83,192,https://www.twitch.tv/videos/2750955557
8868dd9b4d75481397fd841b8ef6c55d,107,2284,0,0,0,,0,0,0,,0,0,0,,13,0,0,0,
a127ff7335ae467d961641bcf84f1e2f,107,9331,0,0,0,,0,0,0,,0,0,0,,2156,203,167,227,https://www.twitch.tv/videos/2755795405
f10dc84fab2a41d385c2553b0f1d788b,106,4289,0,0,0,,0,0,0,,0,0,0,,619,79,59,175,https://www.twitch.tv/videos/2748614062
1af37b5945cf40019107583a3c6537ea,105,635,0,0,0,,0,0,0,,0,0,0,,2661,441,311,599,https://www.twitch.tv/videos/2755833909
fede6fee793048f1a576cab38a6bd414,103,6245,0,0,0,,0,0,0,,0,0,0,,2290,57,23,98,https://www.twitch.tv/videos/2749413469
0a9f3befc55d447fbc9fa1e54ba0dd8e,103,0,0,0,0,,0,0,0,,0,0,0,,134,0,0,0,
a2e9afb364e84d48acbdc77441ad17a7,103,7708,1112,461,1569,https://www.youtube.com/watch?v=iGkS46pveVc,0,0,0,,1112,461,1569,https://www.youtube.com/watch?v=iGkS46pveVc,545,35,31,36,https://www.twitch.tv/videos/2754333851
2d25a18a83af462a8d4062e162017a1a,102,5102,7,3,7,https://www.youtube.com/watch?v=s75SuCI_V0o,0,0,0,,7,3,7,https://www.youtube.com/watch?v=s75SuCI_V0o,495,20,10,20,https://www.twitch.tv/videos/2746363132
1406aeb0ef48430bab0b939a29609394,102,360,1052,1011,1337,https://www.youtube.com/watch?v=OxgY_g5_U2U,0,0,0,,1052,1011,1337,https://www.youtube.com/watch?v=OxgY_g5_U2U,0,0,0,0,
ca65749ceff346fd971c24b0461f18d9,102,8277,0,0,0,,0,0,0,,0,0,0,,618,0,0,0,
25ebd185190b42d993d961d7c795b444,100,2679,0,0,0,,0,0,0,,0,0,0,,2356,0,0,0,
53b98a4bbf49419fb4516525846d4d35,100,483,0,0,0,,0,0,0,,0,0,0,,1818,0,0,0,
06d173cf0b3f4369bcfb4b4270bd59e3,100,293,0,0,0,,0,0,0,,0,0,0,,220,110,86,378,https://www.twitch.tv/videos/2749286426
7f7b426bf3fb463388a1dd8ddb02a0be,99,1964,0,0,0,,0,0,0,,0,0,0,,92,0,0,0,
f35a552c958c4e798cac3bff3f5fff2b,99,676,0,0,0,,0,0,0,,0,0,0,,677,0,0,0,
ba27c499a50f4cac87e6e5b94da18292,98,1981,0,0,0,,0,0,0,,0,0,0,,1314,521,329,893,https://www.twitch.tv/videos/2757583365
7d5666a446d14da29b95ba8ecf3fc4b6,96,11753,0,0,0,,0,0,0,,0,0,0,,0,0,0,0,
67784d7c61af482780ab0558083fcd1e,95,3035,0,0,0,,0,0,0,,0,0,0,,360,10,7,14,https://www.twitch.tv/videos/2750183699
6b21f41580a64cc7ab15d219a612723b,94,0,0,0,0,,0,0,0,,0,0,0,,4513,0,0,0,
ef36201df30f43ba9efbd573f9a6d9b7,94,13640,0,0,0,,0,0,0,,0,0,0,,413,149,99,310,https://www.twitch.tv/videos/2751067180
33ce96c886d341879ce66c4f7892c421,93,57623,171,99,1344,https://www.youtube.com/watch?v=dIRTqt2SJEU,0,0,0,,171,99,1344,https://www.youtube.com/watch?v=dIRTqt2SJEU,669,177,159,354,https://www.twitch.tv/videos/2751711446
ede21f904daf4a9b978efe15b0d9a31f,92,10053,0,0,0,,0,0,0,,0,0,0,,1927,244,192,244,https://www.twitch.tv/videos/2752769196
2bb0e68d998d4b2bbfc79557a233fb33,90,10134,24,12,207,https://www.youtube.com/watch?v=PNUw5Xihh-c,24,12,207,https://www.youtube.com/watch?v=PNUw5Xihh-c,0,0,0,,104,15,12,47,https://www.twitch.tv/videos/2747037209
34e73d1959694451b938ff53d98f9cec,86,717,30,18,30,https://www.youtube.com/watch?v=VYz6b_hFbdc,0,0,0,,30,18,30,https://www.youtube.com/watch?v=VYz6b_hFbdc,368,67,53,84,https://www.twitch.tv/videos/2755758185
32ae564b306c42cab2e1a4a8a9d6adfe,85,1053,0,0,0,,0,0,0,,0,0,0,,1283,0,0,0,
904e3c91b4e1427f9b2d69f69aa3b13c,84,13849,33,17,39,https://www.youtube.com/watch?v=0qmt0ReMEyM,33,17,39,https://www.youtube.com/watch?v=0qmt0ReMEyM,0,0,0,,0,0,0,0,
9523dedfc79a4f99b18461ff40586307,84,21997,0,0,0,,0,0,0,,0,0,0,,0,0,0,0,
cf100db6a3dc4010b32802b75f5abc14,84,1037,12,5,151,https://www.youtube.com/watch?v=KHpbRFK8oL4,20,13,75,https://www.youtube.com/watch?v=Jr7RgMHq9ho,4,2,151,https://www.youtube.com/watch?v=KHpbRFK8oL4,0,0,0,0,
9f9bfcbf980b43bcb00c03261439d18d,83,1319,0,0,0,,0,0,0,,0,0,0,,42,0,0,0,
e4348f08ee98429eb6143ecbac088f1a,80,2421,20,17,79,https://www.youtube.com/watch?v=aqJNTW1a4Ho,15,14,28,https://www.youtube.com/watch?v=4lzna1e9UMM,24,21,79,https://www.youtube.com/watch?v=aqJNTW1a4Ho,0,0,0,0,
6bf231719d5e485fa0cdee99905858d4,79,1642,0,0,0,,0,0,0,,0,0,0,,710,155,92,409,https://www.twitch.tv/videos/2756555920
c6d0078f1d5e4fd08a459c7eecd85464,79,19574,173,92,785,https://www.youtube.com/watch?v=lKFK7tsj9hI,39,15,91,https://www.youtube.com/watch?v=_szex1aJz5k,376,170,785,https://www.youtube.com/watch?v=lKFK7tsj9hI,0,0,0,0,
4c3e3e5338ae44feae581bbdffa8b811,79,11109,0,0,0,,0,0,0,,0,0,0,,217,0,0,0,
12ece01ae7004e9195e79309f0cdae40,78,284,0,0,0,,0,0,0,,0,0,0,,2553,0,0,0,
39ff9dd2c91841b6b8c719d71b7bdb11,77,6970,0,0,0,,0,0,0,,0,0,0,,293,159,146,390,https://www.twitch.tv/videos/2754230247
a7c42dc3d080425b9e979100a59d955c,77,4367,0,0,0,,0,0,0,,0,0,0,,309,0,0,0,
08d8f03223a54fb3807d49fb7c30b434,76,2361,62,35,611,https://www.youtube.com/watch?v=QpQB1hZAziA,60,34,227,https://www.youtube.com/watch?v=iHt5SrFv2Ss,435,323,611,https://www.youtube.com/watch?v=QpQB1hZAziA,23,142,139,142,https://www.twitch.tv/videos/2757493801
188108fa6e2e41afb060e4038e49d4ab,75,2554,0,0,0,,0,0,0,,0,0,0,,711,0,0,0,
3fd5cac9e94144ad9a298e46c5472792,75,1544,61,39,61,https://www.youtube.com/watch?v=oi2bDdv3uMo,0,0,0,,61,39,61,https://www.youtube.com/watch?v=oi2bDdv3uMo,0,0,0,0,
105bfceb9747425eb58622b6ebccf920,75,1032,0,0,0,,0,0,0,,0,0,0,,369,0,0,0,
1ef73c1e25b04bce98a9a5e475826d57,73,0,0,0,0,,0,0,0,,0,0,0,,0,0,0,0,
ee77ed51da394f02b72c33756b155eac,73,4714,7,3,28,https://www.youtube.com/watch?v=3bwa4sOgwB8,0,0,0,,7,3,28,https://www.youtube.com/watch?v=3bwa4sOgwB8,756,58,40,71,https://www.twitch.tv/videos/2755818639
28e6f7c12a3b45899e7508058f926af9,73,12364,0,0,0,,0,0,0,,0,0,0,,1618,93,15,125,https://www.twitch.tv/videos/2736364700
eff26caff6bd4720957cefaf8f6fc87a,73,5720,0,0,0,,0,0,0,,0,0,0,,1257,246,170,677,https://www.twitch.tv/videos/2746636759
ce1d3cace1cf4ec799c8846c8c2a6d48,71,236,0,0,0,,0,0,0,,0,0,0,,2296,740,304,1682,https://www.twitch.tv/videos/2740518654
a5be52423e2f46b8bbad4a56c7f1d5e5,70,1416,3,1,4,https://www.youtube.com/watch?v=x25DZH_aU60,0,0,0,,3,1,4,https://www.youtube.com/watch?v=x25DZH_aU60,1284,246,161,319,https://www.twitch.tv/videos/2747039988
70ab761191014a39b7d090541f785cd2,67,2933,34,16,1294,https://www.youtube.com/watch?v=JfWgqbgp4Wo,0,0,0,,34,16,1294,https://www.youtube.com/watch?v=JfWgqbgp4Wo,91,59,34,59,https://www.twitch.tv/videos/2747876261
2c2db11a23aa43298ab96e60a20692d7,67,1599,0,0,0,,0,0,0,,0,0,0,,1482,0,0,0,
1645f4035c9b42019c61d630fc75d5e0,66,853,0,0,0,,0,0,0,,0,0,0,,92,0,0,0,
4eb87102a0f44516a6ed011faeeff00d,66,0,0,0,0,,0,0,0,,0,0,0,,1518,0,0,0,
43d785b8082f43138988dacd0236bb67,66,0,0,0,0,,0,0,0,,0,0,0,,437,0,0,0,
4d8e2a0b44bc475da5d9688b668c782d,65,196,0,0,0,,0,0,0,,0,0,0,,279,0,0,0,
061fb9c63b7e45bb85ea7e6bd4fe3745,65,4271,26,22,26,https://www.youtube.com/watch?v=MPvkRKgA0yA,0,0,0,,26,22,26,https://www.youtube.com/watch?v=MPvkRKgA0yA,218,36,24,51,https://www.twitch.tv/videos/2751584865
94bda3c948ac4e74ad5c3592c1d284ac,65,782,1,0,3,https://www.youtube.com/watch?v=UNxgnLb-z-I,0,0,0,,1,0,3,https://www.youtube.com/watch?v=UNxgnLb-z-I,130,0,0,0,
51fc95cfca444f03abe9a50acf8f85e6,65,3535,0,0,0,,0,0,0,,0,0,0,,1324,221,154,2761,https://www.twitch.tv/videos/2757105401
b2d32948347e4c6c9afa8f813e626aae,65,5725,16,4,1949,https://www.youtube.com/watch?v=1kjYiREnpS8,13,3,16,https://www.youtube.com/watch?v=hqDsXDapVss,1949,1670,1949,https://www.youtube.com/watch?v=1kjYiREnpS8,0,0,0,0,
ff170a57c74545c7977b64a6d82981af,64,9083,29,13,418,https://www.youtube.com/watch?v=C03NL1-Nd1M,21,9,43,https://www.youtube.com/watch?v=eSsYu3A9jsI,111,46,418,https://www.youtube.com/watch?v=C03NL1-Nd1M,0,0,0,0,
c7f53f2fbdbe4db488629ab4d738a16a,64,4334,0,0,0,,0,0,0,,0,0,0,,696,105,75,376,https://www.twitch.tv/videos/2757301095
f9d27b07ff84433b8397b0587f339e27,63,9352,0,0,0,,0,0,0,,0,0,0,,192,25,14,56,https://www.twitch.tv/videos/2746255411
d6a769b7bf6b49f08adf3e1136d86c7e,63,16531,0,0,0,,0,0,0,,0,0,0,,900,0,0,0,
22f16847ee064b1bafd9bbe15bd31284,62,2659,1127,853,1533,https://www.youtube.com/watch?v=xl6g7qHJtUY,0,0,0,,1127,853,1533,https://www.youtube.com/watch?v=xl6g7qHJtUY,684,82,54,273,https://www.twitch.tv/videos/2752551991
889b220891694985b7373aa2732a0263,61,423,0,0,0,,0,0,0,,0,0,0,,538,94,61,167,https://www.twitch.tv/videos/2751142104
e2448cc1f0df41b08247cb7a51119a67,61,675,127,77,127,https://www.youtube.com/watch?v=Zt40ikC7Y68,0,0,0,,127,77,127,https://www.youtube.com/watch?v=Zt40ikC7Y68,698,0,0,0,
a9ada11d61114319885597db6a0725fb,61,316,0,0,0,,0,0,0,,0,0,0,,650,38,30,38,https://www.twitch.tv/videos/2753353810
5718a7998f6249eeba0bf087da51c1c0,59,18575,1597,1419,1597,https://www.youtube.com/watch?v=ZvKESWfLg9w,0,0,0,,1597,1419,1597,https://www.youtube.com/watch?v=ZvKESWfLg9w,575,114,86,482,https://www.twitch.tv/videos/2752471331
dda9d5733f5f49f4aa77f147640040c3,59,438,0,0,0,,0,0,0,,0,0,0,,948,0,0,0,
a73103b226f34098bb5d4cd00b86d2f6,59,2144,0,0,0,,0,0,0,,0,0,0,,251,0,0,0,
8723ccecdfd84d92b1de24f9d6a86bcc,59,2834,1286,1253,1286,https://www.youtube.com/watch?v=81u8rZMiT3w,0,0,0,,1286,1253,1286,https://www.youtube.com/watch?v=81u8rZMiT3w,3414,496,351,1173,https://www.twitch.tv/videos/2754924643
359bb9450c49401da7b002980d4f97df,57,217,0,0,0,,0,0,0,,0,0,0,,986,0,0,0,
e4488c7dece84f7580bc0ab130222e08,56,7219,0,0,0,,0,0,0,,0,0,0,,913,80,50,80,https://www.twitch.tv/videos/2749022231
ef13ede8525d49339887c3bf54b08acc,56,1203,38,17,65,https://www.youtube.com/watch?v=hPQX2f9HWac,38,17,65,https://www.youtube.com/watch?v=hPQX2f9HWac,0,0,0,,46,10,5,10,https://www.twitch.tv/videos/2746228863
5d27ac4b9342450990a299e95818bbb0,55,2079,0,0,0,,0,0,0,,0,0,0,,0,0,0,0,
6bb236447ed9412a98c9b2d7c9069e10,55,13133,0,0,0,,0,0,0,,0,0,0,,1978,268,188,427,https://www.twitch.tv/videos/2752503113
130a4d6105464e518a8a3eed336b4101,54,674,0,0,0,,0,0,0,,0,0,0,,1000,0,0,0,
f8e4654549304ea9933e02c2dcf48aae,53,0,0,0,0,,0,0,0,,0,0,0,,575,0,0,0,
e3b9c06f64d84a0dabb3e97c0caacaca,53,14933,488,70,945,https://www.youtube.com/watch?v=B0flPuy7lR0,0,0,0,,488,70,945,https://www.youtube.com/watch?v=B0flPuy7lR0,0,0,0,0,
b3e0bc9dd06f4774b492e6d50dd92be2,52,83,0,0,0,,0,0,0,,0,0,0,,252,34,23,34,https://www.twitch.tv/videos/2750206535
c06b6f1eb79d41ecb17aaaf80e035daa,52,0,0,0,0,,0,0,0,,0,0,0,,2055,503,367,966,https://www.twitch.tv/videos/2753506192
2a25c205cc374cbeb8c8ccfe988ec9cc,51,792,0,0,0,,0,0,0,,0,0,0,,1468,156,121,324,https://www.twitch.tv/videos/2755729373
591a7323f0134cf2929e75d959f21f68,51,92,4,0,4,https://www.youtube.com/watch?v=E9XmUEJlaxM,4,0,4,https://www.youtube.com/watch?v=E9XmUEJlaxM,0,0,0,,1249,419,411,513,https://www.twitch.tv/videos/2757437463
74acc3b3c4db41d2a13cce887ad2a856,50,3225,0,0,0,,0,0,0,,0,0,0,,1483,0,0,0,
80692e12416048be8396526bdb9c3040,49,1712,0,0,0,,0,0,0,,0,0,0,,526,0,0,0,
f5f22d1a091143798bfc7fac1211183c,49,662,285,45,506,https://www.youtube.com/watch?v=YqQnRvY9lBA,0,0,0,,285,45,506,https://www.youtube.com/watch?v=YqQnRvY9lBA,124,34,22,63,https://www.twitch.tv/videos/2746279701
889b2fb6c9ea47a99834061b47251a4b,49,1863,7,1,223,https://www.youtube.com/watch?v=DwoiUuixWzA,0,0,0,,7,1,223,https://www.youtube.com/watch?v=DwoiUuixWzA,370,53,47,63,https://www.twitch.tv/videos/2755040762
f86ec6a459f64e7d8431c69b1d7ec28b,48,642,31,17,133,https://www.youtube.com/watch?v=XnW5Fdw4Rlo,31,17,133,https://www.youtube.com/watch?v=XnW5Fdw4Rlo,0,0,0,,36,31,29,43,https://www.twitch.tv/videos/2754283605
0ddb6eca94604d4da0665e90fbbe366f,48,1187,0,0,0,,0,0,0,,0,0,0,,154,27,20,53,https://www.twitch.tv/videos/2747847986
255a5e79f9d14e6492d741b95f78cb7c,48,1062,24,13,25,https://www.youtube.com/watch?v=8xH4OhE0wy4,24,13,25,https://www.youtube.com/watch?v=8xH4OhE0wy4,0,0,0,,2262,83,58,99,https://www.twitch.tv/videos/2749072266
3691abedd6a7487d9995943b3df5c843,47,0,0,0,0,,0,0,0,,0,0,0,,251,0,0,0,
d9f302ca07b54664a88124d64442abac,47,7980,8,4,8,https://www.youtube.com/watch?v=Q-qLOFn8X6Y,0,0,0,,8,4,8,https://www.youtube.com/watch?v=Q-qLOFn8X6Y,131,14,6,18,https://www.twitch.tv/videos/2751899981
3098e045fa844093a3731b19665e9462,47,425,0,0,0,,0,0,0,,0,0,0,,754,0,0,0,
df02d1a89bc74c928c825773996bbb7b,46,2020,0,0,0,,0,0,0,,0,0,0,,1430,346,204,381,https://www.twitch.tv/videos/2746118640
68c50e424b2148478c74effaacfdeae3,46,593,0,0,0,,0,0,0,,0,0,0,,232,70,55,297,https://www.twitch.tv/videos/2755753727
cb470bbb5a8f468a8a15b08757309d74,46,2284,0,0,0,,0,0,0,,0,0,0,,484,141,115,275,https://www.twitch.tv/videos/2756476633
359d60ab5abb445a8477a50781acc050,46,2286,1935,651,1935,https://www.youtube.com/watch?v=vOteZsskVI4,0,0,0,,1935,651,1935,https://www.youtube.com/watch?v=vOteZsskVI4,0,0,0,0,
676db89cb8a9483486442231b615b46f,45,8208,0,0,0,,0,0,0,,0,0,0,,126,0,0,0,
40fca873cd074b01baa8f9b006f50d00,44,12501,0,0,0,,0,0,0,,0,0,0,,0,0,0,0,
a0e7c7e7702b4e81a5fecc4090814236,44,16872,14,6,152,https://www.youtube.com/watch?v=snlxv4FufsE,0,0,0,,14,6,152,https://www.youtube.com/watch?v=snlxv4FufsE,145,142,97,222,https://www.twitch.tv/videos/2748691700
9e121751e3774a15bdf9ccfab7eb7faf,43,472,0,0,0,,0,0,0,,0,0,0,,1054,168,112,295,https://www.twitch.tv/videos/2757400342
07b6c0dad3114eca9e903fd5725cc4e8,43,269,0,0,0,,0,0,0,,0,0,0,,172,42,24,51,https://www.twitch.tv/videos/2750155075
4e5a8a6380764f9b9f28732968e4aac8,43,313,0,0,0,,0,0,0,,0,0,0,,515,68,64,152,https://www.twitch.tv/videos/2751636928
c8be9c7ed05442dcb2b278dc5a6bc1de,40,10813,0,0,0,,0,0,0,,0,0,0,,184,50,40,101,https://www.twitch.tv/videos/2747063036
54f2f567fdac423c80dad4b29a4372db,39,5634,0,0,0,,0,0,0,,0,0,0,,95,42,36,76,https://www.twitch.tv/videos/2757296823
2e2a6c392c024bb2a68b681bc210c187,39,5586,3,1,249,https://www.youtube.com/watch?v=YWFGhn0iVyk,0,0,0,,3,1,249,https://www.youtube.com/watch?v=YWFGhn0iVyk,282,69,49,69,https://www.twitch.tv/videos/2751036002
78b333b99eb242ad96a8ee82275a0e98,38,4580,18,9,1637,https://www.youtube.com/watch?v=9QJMJlnZ6Kk,15,1,18,https://www.youtube.com/watch?v=2GRSI08_cPU,58,29,1637,https://www.youtube.com/watch?v=9QJMJlnZ6Kk,0,0,0,0,
e04b970f339243258cb0dc0c5735274a,38,1043,0,0,0,,0,0,0,,0,0,0,,0,0,0,0,
7360e8cae69b4d4fbe91510c776b1c5e,37,3137,0,0,4,https://www.youtube.com/watch?v=7crdEVHVDeY,0,0,0,,0,0,4,https://www.youtube.com/watch?v=7crdEVHVDeY,225,47,34,94,https://www.twitch.tv/videos/2752664177
9ff652451cbd4ad098bf20dd9748ce12,37,4,0,0,0,,0,0,0,,0,0,0,,2157,24,17,60,https://www.twitch.tv/videos/2756169979
b9d51a073b4542ac800bd7c9e38d0902,37,1243,0,0,0,,0,0,0,,0,0,0,,229,0,0,0,
6bcb75418dd24274b2fe4b8e60a94999,37,3895,0,0,0,,0,0,0,,0,0,0,,385,0,0,0,
73273454c7b4453a834a74701826e0b8,37,576,0,0,0,,0,0,0,,0,0,0,,850,0,0,0,
0eba942738504c8182c861668195c39e,36,0,0,0,0,,0,0,0,,0,0,0,,477,0,0,0,
285655d636d54fb6b3d23c92401545cf,36,4865,0,0,0,,0,0,0,,0,0,0,,0,0,0,0,
d95abd62958c4081a999660b995d72ce,36,0,0,0,0,,0,0,0,,0,0,0,,0,0,0,0,
c68bc0ba32f14d9b8669b0594435b68b,36,349,2,0,3,https://www.youtube.com/watch?v=fK6XA6hAtW4,0,0,0,,2,0,3,https://www.youtube.com/watch?v=fK6XA6hAtW4,203,23,19,25,https://www.twitch.tv/videos/2756762182
0b53549edaf5490ca350ef17aee7b8b9,36,197,0,0,0,,0,0,0,,0,0,0,,536,31,20,48,https://www.twitch.tv/videos/2746175233
6d6b6d6e7b4b464bb093c9d34cee9754,33,591,0,0,0,,0,0,0,,0,0,0,,343,0,0,0,
0cb217f7775543eb9c5aac3b9df75a86,32,18233,0,0,0,,0,0,0,,0,0,0,,736,88,68,114,https://www.twitch.tv/videos/2746944315
b8495fc4bb174140acf0ebd7d64fe044,30,2751,0,0,0,,0,0,0,,0,0,0,,2878,288,214,288,https://www.twitch.tv/videos/2751758773
9f976a39c1fa4e6dae3ed11b771ef918,29,663,9,4,46,https://www.youtube.com/watch?v=92LzO7iyLrM,9,4,46,https://www.youtube.com/watch?v=92LzO7iyLrM,3,1,10,https://www.youtube.com/watch?v=ANxWeFgoIPs,55,29,21,99,https://www.twitch.tv/videos/2755777595
e3ee9544e190459d9bc2bdf3c1ccde7b,29,3883,1,0,15,https://www.youtube.com/watch?v=2kMjvrACm7M,0,0,0,,1,0,15,https://www.youtube.com/watch?v=2kMjvrACm7M,775,117,83,144,https://www.twitch.tv/videos/2749400671
6c52137d373a45d58eafc0d52253dcf8,28,0,0,0,0,,0,0,0,,0,0,0,,1120,414,353,823,https://www.twitch.tv/videos/2746144235
0b165d46f9164557b16678383820ee04,27,0,0,0,0,,0,0,0,,0,0,0,,707,0,0,0,
1ee3effc49074de1ba98b10a13df2d10,27,679,0,0,0,,0,0,0,,0,0,0,,266,0,0,0,
50c9dbd2624f41408f2b6a9ccf61e447,26,501,0,0,0,,0,0,0,,0,0,0,,289,0,0,0,
d4cd6eee95774ca389aebf3e783a8cd8,25,258,0,0,0,,0,0,0,,0,0,0,,480,58,38,109,https://www.twitch.tv/videos/2754154665
59216a033f2b47128d190a5ed1add217,25,11,0,0,0,,0,0,0,,0,0,0,,257,6,4,8,https://www.twitch.tv/videos/2752008004
bf2a683536dd447c83b75340e3db3b0a,23,1865,0,0,0,,0,0,0,,0,0,0,,149,0,0,0,
5454ccf6c8ee496296e7084081863575,22,343,9,3,20,https://www.youtube.com/watch?v=QzXACClWR0Y,13,1,20,https://www.youtube.com/watch?v=QzXACClWR0Y,9,4,16,https://www.youtube.com/watch?v=LYSNdz6guiw,4,0,0,0,
5a59b23a201f4b2d8729b0f4b33c9e6b,22,1907,0,0,0,,0,0,0,,0,0,0,,127,26,21,34,https://www.twitch.tv/videos/2755805186
173423093026403dbd1443e56c47b3db,21,816,0,0,42,https://www.youtube.com/watch?v=5mvGLT1xTB0,0,0,0,,0,0,42,https://www.youtube.com/watch?v=5mvGLT1xTB0,368,27,21,56,https://www.twitch.tv/videos/2750202716
a6815e229f914db2a936ad70c285cea2,17,1279,0,0,0,,0,0,0,,0,0,0,,458,17,15,17,https://www.twitch.tv/videos/2755870170
0886366d9cb8424e90fd8b3e12dcc0af,16,1343,0,0,0,,0,0,0,,0,0,0,,1458,462,371,920,https://www.twitch.tv/videos/2748333024
fae9210539d44a39a2a275b8d53cae37,15,3248,13,4,1487,https://www.youtube.com/watch?v=zXxY--_EcYE,49,15,59,https://www.youtube.com/watch?v=VoRdH5tAHfk,6,3,1487,https://www.youtube.com/watch?v=zXxY--_EcYE,11,46,42,67,https://www.twitch.tv/videos/2757493948
1e90b55b0e0b483d971e0c1fe02c750c,14,115,0,0,0,,0,0,0,,0,0,0,,0,0,0,0,
65a64befb1d84a1a85fe6ffe0abb09b4,13,0,0,0,0,,0,0,0,,0,0,0,,8,0,0,0,
43436bf839424d238cc24ec8d90eb83c,13,1342,6,0,6,https://www.youtube.com/watch?v=gKlmc2T8yLk,0,0,0,,6,0,6,https://www.youtube.com/watch?v=gKlmc2T8yLk,13,0,0,0,
ead3db33c54e411baa75a4bad3b48aee,13,80,0,0,0,,0,0,0,,0,0,0,,1614,48,34,65,https://www.twitch.tv/videos/2748647545
156fb169c746493bb50c813f20c4d1a8,13,118,3,2,3,https://www.youtube.com/watch?v=D6Ns0OJ-P7g,3,2,3,https://www.youtube.com/watch?v=D6Ns0OJ-P7g,0,0,0,,45,14,13,19,https://www.twitch.tv/videos/2757567600
83cdbb34376a45a086a9dac3bc5ccb9a,12,0,0,0,0,,0,0,0,,0,0,0,,17,14,12,14,https://www.twitch.tv/videos/2755913866
fd183b51115b4fefaf8ff3388d40acb3,12,30,0,0,0,,0,0,0,,0,0,0,,470,0,0,0,
0a07165e6a2f45ab9b6c96debba1f079,10,0,0,0,0,,0,0,0,,0,0,0,,188,129,115,566,https://www.twitch.tv/videos/2755717234
e3b45528947e48a4b68964369bb69e00,9,1576,12,7,23,https://www.youtube.com/watch?v=oTfp_u32mZ8,23,13,23,https://www.youtube.com/watch?v=oTfp_u32mZ8,2,1,2,https://www.youtube.com/watch?v=dotHFpTM-lc,252,33,26,52,https://www.twitch.tv/videos/2752518182
b46cdde6e23343d5b5a9cfd115286e26,9,79,0,0,0,,0,0,0,,0,0,0,,114,56,40,73,https://www.twitch.tv/videos/2747005096
e2c0d3ba19244f75888e5dbe1881d22f,5,7,0,0,0,,0,0,0,,0,0,0,,1269,207,122,209,https://www.twitch.tv/videos/2747882933
19fdf3885dcf4d45bdf768a6f3fd99b4,4,85,0,0,0,,0,0,0,,0,0,0,,585,0,0,0,
326e21d5b6e7446698969bbd8be1b564,0,0,0,0,0,,0,0,0,,0,0,0,,2398,120,85,120,https://www.twitch.tv/videos/2750926649
1addf96267ac494bb73c9e6f6e1793b8,0,0,0,0,0,,0,0,0,,0,0,0,,2692,0,0,0,
091175f48e6c4ead84a2811cb3f22560,0,0,0,0,0,,0,0,0,,0,0,0,,108,0,0,0,
ad2aef5af5074f14af7f6ddf7899743a,0,0,0,0,0,,0,0,0,,0,0,0,,2035,0,0,0,
8cbfffe3cac54065be4149b03b680d87,0,0,0,0,0,,0,0,0,,0,0,0,,579,0,0,0,
2996488b9f454fb3a42c17ab292ac63c,0,0,0,0,0,,0,0,0,,0,0,0,,502,140,99,189,https://www.twitch.tv/videos/2752825855
d804bcd787db4333bca9dccd268ed32a,0,0,0,0,0,,0,0,0,,0,0,0,,3620,836,559,1659,https://www.twitch.tv/videos/2755719684
59152798bfa74acb8bad10346fd10d69,0,0,0,0,0,,0,0,0,,0,0,0,,1044,433,373,866,https://www.twitch.tv/videos/2751684382
e94cfb3c71d94965bfc98f135bfd2f14,0,0,0,0,0,,0,0,0,,0,0,0,,761,395,249,1204,https://www.twitch.tv/videos/2746121912
3cfc2b54a543469b92a95ff1e3f1da54,0,0,0,0,0,,0,0,0,,0,0,0,,1626,0,0,0,
f0bc26cfe4a8451d863a8d8cbd6313ed,0,0,0,0,0,,0,0,0,,0,0,0,,6,0,0,0,
88526add0348499c95bd5838a5f35989,0,0,0,0,0,,0,0,0,,0,0,0,,1786,216,167,313,https://www.twitch.tv/videos/2747106839
cda9668f324445a7bd507094ad6946b8,0,0,0,0,0,,0,0,0,,0,0,0,,419,40,23,40,https://www.twitch.tv/videos/2747825327
e34f7c6a99ea4780b2351de111e222e6,0,0,0,0,0,,0,0,0,,0,0,0,,276,174,121,217,https://www.twitch.tv/videos/2751103432
2af6cb0e15ce4839ba711b47608d4f4d,0,0,0,0,0,,0,0,0,,0,0,0,,4022,492,391,535,https://www.twitch.tv/videos/2750260998
d30a2d88bd2146a8870209e98004e0f0,0,0,0,0,0,,0,0,0,,0,0,0,,1971,776,273,1092,https://www.twitch.tv/videos/2733649780
8c2f8700978045ec86bf1ade1b3e650b,0,0,0,0,0,,0,0,0,,0,0,0,,775,48,38,223,https://www.twitch.tv/videos/2756147296
228427b15b964f1396b5a7b5eb224a21,0,0,0,0,0,,0,0,0,,0,0,0,,55,0,0,0,
e353f482c5be4887838ea9fdf802ad91,0,0,0,0,0,,0,0,0,,0,0,0,,3568,344,213,553,https://www.twitch.tv/videos/2747490958
9e64bba43928414884503de36f805c48,0,0,0,0,0,,0,0,0,,0,0,0,,34267,7893,3571,11747,https://www.twitch.tv/videos/2737063230
107fac8e77f74af8ba95491ae9492642,0,0,0,0,0,,0,0,0,,0,0,0,,478,0,0,0,
4c42b9f574e7438d8aea8b099e451505,0,0,0,0,0,,0,0,0,,0,0,0,,1152,102,77,143,https://www.twitch.tv/videos/2746311473
c099b7e8d46c418d8e17097d496f3b83,0,0,0,0,0,,0,0,0,,0,0,0,,3468,722,300,1485,https://www.twitch.tv/videos/2749285440
e18c43e19e9b4fc8af0cdc24c33ae476,0,0,0,0,0,,0,0,0,,0,0,0,,2502,0,0,0,
fe62d50e41af4aa29c3e2b0cfc62fb3d,0,0,0,0,0,,0,0,0,,0,0,0,,984,233,208,504,https://www.twitch.tv/videos/2750942883
6a963053004f4deaa0dbdf875db41879,0,0,0,0,0,,0,0,0,,0,0,0,,674,30,25,58,https://www.twitch.tv/videos/2746963817
c8c9028316b44ae9a1ac302337862085,0,0,0,0,0,,0,0,0,,0,0,0,,436,70,45,76,https://www.twitch.tv/videos/2750968954
cfc7bcf869514c70a5091672d3acb031,0,0,0,0,0,,0,0,0,,0,0,0,,399,103,79,103,https://www.twitch.tv/videos/2752524975
8024d67e25454783a698e5ecf2c4dc67,0,0,0,0,0,,0,0,0,,0,0,0,,576,120,76,167,https://www.twitch.tv/videos/2749558731
9ca05592c52f42649191751f18cb70e6,0,0,0,0,0,,0,0,0,,0,0,0,,2649,138,124,201,https://www.twitch.tv/videos/2756681441
5b62816b7dee4c13856f3c21629be3c4,0,0,0,0,0,,0,0,0,,0,0,0,,24547,2768,963,4471,https://www.twitch.tv/videos/2736179884
305290c734e94a74881ae46c49ea18c4,0,0,0,0,0,,0,0,0,,0,0,0,,7035,2400,748,3487,https://www.twitch.tv/videos/2734818966
32aabdc7b41144a8b1bd28954cd3278c,0,0,0,0,0,,0,0,0,,0,0,0,,1546,0,0,0,
dbabd28a98cf447189088251a5b973d4,0,0,0,0,0,,0,0,0,,0,0,0,,253,0,0,0,
555fe6a78fdb4d8b9fa8a286377972e8,0,0,0,0,0,,0,0,0,,0,0,0,,1129,708,597,1526,https://www.twitch.tv/videos/2755857161
89e97a0dc5844cf88fe30a25f347aac0,0,0,0,0,0,,0,0,0,,0,0,0,,210,197,148,359,https://www.twitch.tv/videos/2751801090
a5b71bba2a2347a080ae3443d5ef47d5,0,0,0,0,0,,0,0,0,,0,0,0,,851,0,0,0,
6c7336d4605540c6871de5f96874129c,0,0,0,0,0,,0,0,0,,0,0,0,,24174,2485,1645,52869,https://www.twitch.tv/videos/2750812191
d3f5c739727041bbb2151e96d9368bae,0,0,0,0,0,,0,0,0,,0,0,0,,407,163,128,425,https://www.twitch.tv/videos/2748314583
0495c29470d143fa99819123878186b7,0,0,0,0,0,,0,0,0,,0,0,0,,5508,0,0,0,
2ffed40199d64b8f83668479fb6fd8ed,0,0,0,0,0,,0,0,0,,0,0,0,,245,0,0,0,
057faa70622247bd933959412bbeb667,0,0,0,0,0,,0,0,0,,0,0,0,,1083,0,0,0,
bf277797951346fe991c27c79a6c5081,0,0,0,0,0,,0,0,0,,0,0,0,,9497,735,286,1115,https://www.twitch.tv/videos/2736240350
a3a1caa89669445db63f22b9a3af88b0,0,0,0,0,0,,0,0,0,,0,0,0,,1206,0,0,0,
daa0d327175a43dc9bb627bc6db7de56,0,0,0,0,0,,0,0,0,,0,0,0,,1335,89,63,425,https://www.twitch.tv/videos/2747851821
a17fcdf32a124beba3fba16299aed2b3,0,0,0,0,0,,0,0,0,,0,0,0,,8559,775,309,1281,https://www.twitch.tv/videos/2738796753
b053612876e04de488a32893a19f4b08,0,0,0,0,0,,0,0,0,,0,0,0,,339,74,60,203,https://www.twitch.tv/videos/2746906342
b6519fbc0d6941d4b43ce1742a14b0b2,0,0,0,0,0,,0,0,0,,0,0,0,,718,0,0,0,
7cd55e03d87c4c77843a437ec0703670,0,0,0,0,0,,0,0,0,,0,0,0,,3029,0,0,0,
e53606f1bf0c4059b1226b6c2e037fd0,0,0,0,0,0,,0,0,0,,0,0,0,,883,55,30,75,https://www.twitch.tv/videos/2747135253
31a4ca5b5d554c13902eff32302e5eb9,0,0,0,0,0,,0,0,0,,0,0,0,,1954,307,213,852,https://www.twitch.tv/videos/2756375217
3de6bc82438b451abf5ebe76a366be24,0,0,0,0,0,,0,0,0,,0,0,0,,3696,0,0,0,
e32a4d49fba7459fbdf9e242288fa18c,0,0,0,0,0,,0,0,0,,0,0,0,,4968,304,244,452,https://www.twitch.tv/videos/2749271828
b1f8da62ceca4089a4e7115624be25bc,0,0,0,0,0,,0,0,0,,0,0,0,,1884,1975,1533,4812,https://www.twitch.tv/videos/2754752675
4cb08241fbce4905a83ed02de6a1af9c,0,0,0,0,0,,0,0,0,,0,0,0,,7522,1953,667,5444,https://www.twitch.tv/videos/2756056767
f84598913e654789a80556fd38388dfb,0,0,0,0,0,,0,0,0,,0,0,0,,1520,112,87,112,https://www.twitch.tv/videos/2752649963
4f1ccc5966a847308552b2c7b05e18dc,0,0,0,0,0,,0,0,0,,0,0,0,,27,6,5,6,https://www.twitch.tv/videos/2753888477
a5773880b0f040a9abbecacf3eb0eb29,0,0,0,0,0,,0,0,0,,0,0,0,,2438,0,0,0,
4fcbdf1b0a384ee58733b1e852edefa5,0,0,0,0,0,,0,0,0,,0,0,0,,990,0,0,0,
22eea06367f4430d816e38dfb68a26cf,0,0,0,0,0,,0,0,0,,0,0,0,,995,0,0,0,
ec045a49833c4c2fa7b7012ca7544e18,0,0,0,0,0,,0,0,0,,0,0,0,,1696,0,0,0,
c2777df3c8d341f4a1f0bb9cda8d9365,0,0,0,0,0,,0,0,0,,0,0,0,,1683,0,0,0,
eeefa43ecaf74f7b822dde3f0e7683d4,0,0,0,0,0,,0,0,0,,0,0,0,,2118,128,60,291,https://www.twitch.tv/videos/2734615265
55e9448a0a9040f99dc8ea1cf86cbad5,0,0,0,0,0,,0,0,0,,0,0,0,,1369,0,0,0,
4fadb90960a844daab26191bb158d3a3,0,0,0,0,0,,0,0,0,,0,0,0,,3290,0,0,0,
06337167c1a14d82b6a7f7cc71eac813,0,0,0,0,0,,0,0,0,,0,0,0,,847,0,0,0,
288d3972d3164ee595228b8a5959ac00,0,0,0,0,0,,0,0,0,,0,0,0,,3011,0,0,0,
be1a18aa8599409ba250e5345e62fed6,0,0,0,0,0,,0,0,0,,0,0,0,,2128,215,27,312,https://www.twitch.tv/videos/2737957333
02fa128da7cc4f3aab0f1c5ee356f342,0,0,0,0,0,,0,0,0,,0,0,0,,506,112,95,229,https://www.twitch.tv/videos/2756602108
d91ffcc2823f4121a2caa347a8c2a507,0,0,0,0,0,,0,0,0,,0,0,0,,874,36,29,42,https://www.twitch.tv/videos/2756795338
ed051ffc6cd643c287a678fea774e644,0,0,0,0,0,,0,0,0,,0,0,0,,2719,0,0,0,
6ec708afd89043b682eb82dacc36c3c9,0,0,0,0,0,,0,0,0,,0,0,0,,1071,0,0,0,
cad8c81461ac41c887bdf3617ccdaee6,0,0,0,0,0,,0,0,0,,0,0,0,,1125,0,0,0,
9c85aee2166449c395c18b0bc06f89e2,0,0,0,0,0,,0,0,0,,0,0,0,,350,0,0,0,
f8ade397837d42f7a9167e0d4f20fc56,0,0,0,0,0,,0,0,0,,0,0,0,,2698,0,0,0,
59904dcbea754d238b0710e75262d119,0,0,0,0,0,,0,0,0,,0,0,0,,624,28,15,28,https://www.twitch.tv/videos/2746915800
4dd7cfc58ae54c1fa6211ba9b1c607ec,0,0,0,0,0,,0,0,0,,0,0,0,,1730,454,294,694,https://www.twitch.tv/videos/2749159617
6908430ccb204a1b9d95ee7a1711cae3,0,0,0,0,0,,0,0,0,,0,0,0,,2581,0,0,0,
66c8fc624de94d8e8af4325e41ce7c34,0,0,0,0,0,,0,0,0,,0,0,0,,1372,360,161,1064,https://www.twitch.tv/videos/2739633987
76489786a22c4162970f9c288157db6b,0,0,0,0,0,,0,0,0,,0,0,0,,1847,166,109,257,https://www.twitch.tv/videos/2757212048
242326a56b0d4ca7a37c08a8fc2be138,0,0,0,0,0,,0,0,0,,0,0,0,,793,155,100,358,https://www.twitch.tv/videos/2754129953
c29bc8bf78dd417980491f19333c8fa2,0,0,0,0,0,,0,0,0,,0,0,0,,12956,0,0,0,
fc7fa0c5a7604cc8a420ee89472fcac3,0,0,0,0,0,,0,0,0,,0,0,0,,1118,57,35,84,https://www.twitch.tv/videos/2748653039
16896dffcb474d7aa21540c944a2f7de,0,0,0,0,0,,0,0,0,,0,0,0,,3300,1962,1066,81743,https://www.twitch.tv/videos/2742131606
a0ba9fee8a7747cab74e98ed61fb4a68,0,0,0,0,0,,0,0,0,,0,0,0,,1203,173,141,216,https://www.twitch.tv/videos/2753329496
256252fdd3d1437995088c56e674fcf0,0,0,0,0,0,,0,0,0,,0,0,0,,1081,71,48,71,https://www.twitch.tv/videos/2750232107
99c240d0c1a047b4a4e017d764a54c62,0,0,0,0,0,,0,0,0,,0,0,0,,442,142,88,196,https://www.twitch.tv/videos/2749217212
1a95bb88e451498ca3491b69af964588,0,0,0,0,0,,0,0,0,,0,0,0,,36891,4156,1223,11271,https://www.twitch.tv/videos/2750875975
880137f60dc842b98862f5b86ba8d94d,0,0,0,0,0,,0,0,0,,0,0,0,,711,61,43,61,https://www.twitch.tv/videos/2750870482
60cc7f18c0fe438280af5a81b31eb923,0,0,0,0,0,,0,0,0,,0,0,0,,3829,420,223,40226,https://www.twitch.tv/videos/2756653980
644e669aa31443fe9a61a14e75ebd21e,0,0,0,0,0,,0,0,0,,0,0,0,,7479,496,283,1124,https://www.twitch.tv/videos/2737703851
828ab4c66f5f43f298d237374a266b7e,0,0,0,0,0,,0,0,0,,0,0,0,,2954,350,216,717,https://www.twitch.tv/videos/2738771401
7dd086a606284ba6b7b584f8b00dc190,0,0,0,0,0,,0,0,0,,0,0,0,,401,30,26,47,https://www.twitch.tv/videos/2751035267
921d25072caf403ea797c3d5f61f84cf,0,0,0,0,0,,0,0,0,,0,0,0,,1822,0,0,0,
f5034a946bf249c780a864c19efda669,0,0,0,0,0,,0,0,0,,0,0,0,,414,20,13,33,https://www.twitch.tv/videos/2748596425
480aca28939a4eb5bf558a710e21709c,0,0,0,0,0,,0,0,0,,0,0,0,,2910,133,94,410,https://www.twitch.tv/videos/2751618511
fa59e2edc64c432ebaeeb66b2a53ab2d,0,0,0,0,0,,0,0,0,,0,0,0,,4645,1481,669,4398,https://www.twitch.tv/videos/2748464574
3a2199639669433faff0591468bcfa10,0,0,0,0,0,,0,0,0,,0,0,0,,1144,0,0,0,
389c752acb964aeda95f36098fd37ef0,0,0,0,0,0,,0,0,0,,0,0,0,,1591,101,55,101,https://www.twitch.tv/videos/2747011576
36beb36f581f44d393dcf0af2b194789,0,0,0,0,0,,0,0,0,,0,0,0,,6373,439,239,1507,https://www.twitch.tv/videos/2750757135
fdb4872691864af8825511a6d0c72895,0,0,0,0,0,,0,0,0,,0,0,0,,422,172,142,401,https://www.twitch.tv/videos/2751914192
3840a44ffffd48098bdfc16c4ee537bb,0,0,0,0,0,,0,0,0,,0,0,0,,2905,0,0,0,
31f4c00be9eb41a1a6be0356614048fd,0,0,0,0,0,,0,0,0,,0,0,0,,3622,100,33,288,https://www.twitch.tv/videos/2734644028
afa3e309e41044c5bffe17466607d481,0,0,0,0,0,,0,0,0,,0,0,0,,32442,18384,10655,30069,https://www.twitch.tv/videos/2740551799
ba562aad440d483e988d3ce7e7217c94,0,0,0,0,0,,0,0,0,,0,0,0,,36637,9610,5252,18007,https://www.twitch.tv/videos/2752567774
0572bddb85b24166820f34f39164f99c,0,0,0,0,0,,0,0,0,,0,0,0,,795,153,150,153,https://www.twitch.tv/videos/2757493002
6a6547a3f19d4870a6f11b88c60a5296,0,0,0,0,0,,0,0,0,,0,0,0,,3585,220,98,278,https://www.twitch.tv/videos/2742064127
4e5f0c7c5f1f49c2b1d249b10225cabb,0,0,0,0,0,,0,0,0,,0,0,0,,43121,3126,1871,5435,https://www.twitch.tv/videos/2746992015
e4421bd8d15848c09fa4ad4df162c858,0,0,0,0,0,,0,0,0,,0,0,0,,362,0,0,0,
e698befe9649448885d93094cd4dc6a9,0,0,0,0,0,,0,0,0,,0,0,0,,3919,581,484,980,https://www.twitch.tv/videos/2754245114
ed1b68a3184d466bb17b3c3363fad948,0,0,0,0,0,,0,0,0,,0,0,0,,812,15,11,27,https://www.twitch.tv/videos/2751777908
